# https://github.com/mikedh/trimesh
v 0.06828370 0.02795835 -0.01480383
v 0.06829751 0.02792071 -0.01488234
v 0.06828526 0.02792938 -0.01488667
v 0.06607208 0.02777056 -0.00599151
v 0.06607204 0.02777067 -0.00598961
v 0.06607702 0.02777125 -0.00598981
v 0.06607100 0.02777133 -0.00598995
v 0.06602667 0.02804591 -0.00390645
v 0.06585833 0.02759322 0.00294903
v 0.06585830 0.02759313 0.00295031
v 0.06785855 0.02753791 0.00293889
v 0.06585717 0.02759372 0.00295001
v 0.06582443 0.02832352 0.00481727
v 0.05992190 0.02595913 -0.00080668
v 0.05992175 0.02595660 -0.00080191
v 0.05992276 0.02596050 -0.00080375
v 0.05010953 0.02094640 -0.01188135
v 0.05010937 0.02094587 -0.01187484
v 0.05012179 0.02094865 -0.01187595
v 0.07169364 0.02827980 0.00936718
v 0.07171835 0.02827151 0.00937154
v 0.07171900 0.02826690 0.00934136
v 0.05824463 0.01387770 -0.02166517
v 0.05824464 0.01387910 -0.02166495
v 0.06022077 0.01293437 -0.02118316
v 0.05624119 0.01402511 -0.02146403
v 0.05200200 0.02082684 -0.00736988
v 0.05200158 0.02082260 -0.00735458
v 0.05202290 0.02083170 -0.00735854
v 0.02813820 0.01249417 -0.02151810
v 0.02821103 0.01251925 -0.02152879
v 0.02821069 0.01248429 -0.02153506
v -0.05806431 0.02230564 -0.00544389
v -0.05804634 0.02228476 -0.00548690
v -0.05806304 0.02230630 -0.00549742
v 0.05976978 0.02405462 0.00450093
v 0.05976879 0.02404210 0.00453527
v 0.05977678 0.02406553 0.00452426
v 0.05389438 0.02071015 -0.00285236
v 0.05389402 0.02070808 -0.00283844
v 0.05391292 0.02071490 -0.00284137
v 0.03019449 0.00979385 -0.02241419
v 0.03019454 0.00980374 -0.02241027
v 0.03027952 0.00979921 -0.02241529
v 0.01608339 0.00819153 -0.02189177
v 0.01615494 0.00821435 -0.02190141
v 0.01615442 0.00818830 -0.02189480
v -0.00791148 0.01370927 -0.01621337
v -0.00791365 0.01376431 -0.01608914
v -0.00789643 0.01376735 -0.01609029
v -0.03198080 0.01315789 -0.01399081
v -0.03196401 0.01315630 -0.01399327
v -0.03198071 0.01315815 -0.01399443
v -0.03199047 0.01315667 -0.01399389
v -0.05613043 0.02045116 -0.00458266
v -0.05611030 0.02043606 -0.00457514
v -0.05610919 0.02043028 -0.00462548
v -0.06030742 0.02300029 0.00522455
v -0.06028803 0.02299380 0.00521191
v -0.06030696 0.02300354 0.00520696
v -0.06619779 0.02315928 0.00058359
v -0.06619838 0.02315466 0.00060560
v -0.06616581 0.02316651 0.00060052
v -0.07185894 0.01380028 -0.01940574
v -0.07185888 0.01380827 -0.01940368
v -0.07184943 0.01380586 -0.01940823
v 0.06816506 0.00659095 -0.02246214
v 0.06814328 0.00660335 -0.02246840
v 0.06816525 0.00660632 -0.02246097
v 0.02564806 0.01654926 0.00087442
v 0.02573713 0.01655353 0.00088814
v 0.02573753 0.01655599 0.00087273
v -0.05011165 0.01418373 -0.00813219
v -0.05010583 0.01417860 -0.00814267
v -0.05011139 0.01418169 -0.00814424
v -0.04997735 0.01340888 -0.01441891
v -0.04997402 0.01340639 -0.01441768
v -0.04997378 0.01340381 -0.01442940
v -0.06186173 0.00747441 -0.02288161
v -0.06186141 0.00749506 -0.02288283
v -0.06180135 0.00747689 -0.02287318
v -0.06189735 0.00747824 -0.02287545
v -0.06584615 0.01016799 -0.02200644
v -0.06584557 0.01020364 -0.02201017
v -0.06580608 0.01019797 -0.02202001
v 0.07401083 0.00461887 -0.01700921
v 0.07401095 0.00463639 -0.01700415
v 0.07401779 0.00462396 -0.01699813
v -0.05198187 0.00553248 -0.02178218
v -0.05191040 0.00556380 -0.02179586
v -0.05191094 0.00552363 -0.02179704
v 0.07136768 0.02269304 0.02090128
v 0.07136676 0.02263365 0.02090511
v 0.07138560 0.02268334 0.02088181
v 0.02156268 0.01470951 0.00610935
v 0.02158630 0.01471128 0.00611432
v 0.02158645 0.01471240 0.00610838
v -0.00623479 0.01346941 -0.00264141
v -0.00623502 0.01346966 -0.00263187
v -0.00620203 0.01347270 -0.00263275
v -0.06053866 0.02195850 0.01234422
v -0.06049048 0.02195065 0.01234877
v -0.06049013 0.02195316 0.01233554
v 0.04940307 0.01594526 0.01485324
v 0.04940766 0.01594565 0.01485431
v 0.04940770 0.01594620 0.01485287
v 0.01351322 0.01387215 0.00858128
v 0.01351309 0.01387135 0.00858608
v 0.01362069 0.01387235 0.00858743
v 0.00738089 0.01301134 0.01110571
v 0.00743906 0.01301396 0.01111432
v 0.00743932 0.01301582 0.01110457
v -0.00045079 0.01320749 0.00643983
v -0.00045106 0.01320631 0.00645059
v -0.00036093 0.01321019 0.00645028
v 0.02324270 0.01269863 0.01595301
v 0.02332612 0.01270211 0.01596478
v 0.02332654 0.01270745 0.01595024
v -0.01061261 0.01145691 0.01153950
v -0.01059966 0.01145771 0.01154188
v -0.01059959 0.01145817 0.01153913
v -0.02845502 0.01093042 0.00482017
v -0.02845565 0.01092642 0.00484469
v -0.02835741 0.01093781 0.00484093
v 0.07189075 -0.01048779 -0.02092360
v 0.07188348 -0.01047754 -0.02092860
v 0.07189082 -0.01047240 -0.02091740
v 0.05789515 -0.01032620 -0.02123784
v 0.05787218 -0.01028107 -0.02125968
v 0.05789657 -0.01028938 -0.02127587
v 0.01920598 0.00999952 0.01938134
v 0.01920588 0.00999685 0.01938383
v 0.01923923 0.00999953 0.01938312
v 0.07112722 0.00485658 0.02049360
v 0.07110511 0.00480060 0.02051984
v 0.07112622 0.00478859 0.02049569
v 0.04974294 -0.01034769 -0.01250675
v 0.04968503 -0.01033211 -0.01247702
v 0.04968604 -0.01032801 -0.01251708
v -0.05691718 0.00919694 0.02290242
v -0.05693941 0.00917064 0.02291454
v -0.05691764 0.00916446 0.02290268
v -0.07016257 -0.00858573 -0.01980799
v -0.07016245 -0.00857275 -0.01980548
v -0.07015673 -0.00857619 -0.01981242
v 0.06909587 0.00568832 0.02228195
v 0.06909574 0.00567984 0.02228254
v 0.06910119 0.00568692 0.02227927
v -0.07223928 -0.00955397 -0.01716810
v -0.07223817 -0.00948545 -0.01717465
v -0.07222771 -0.00949568 -0.01719562
v -0.07483660 0.00684695 0.01707133
v -0.07482016 0.00680667 0.01709076
v -0.07481927 0.00685013 0.01707895
v 0.07559520 -0.01165870 -0.00923015
v 0.07559906 -0.01167724 -0.00922127
v 0.07560045 -0.01168473 -0.00928466
v 0.06705105 0.00390963 0.02309125
v 0.06705101 0.00390643 0.02309098
v 0.06705608 0.00390886 0.02308991
v 0.06972487 -0.02119216 -0.02028741
v 0.06969028 -0.02119685 -0.02029912
v 0.06972671 -0.02113181 -0.02032942
v 0.05353157 -0.01229863 -0.00708539
v 0.05353039 -0.01229782 -0.00708580
v 0.05353162 -0.01229868 -0.00708753
v 0.04101521 0.00246922 0.02333761
v 0.04101511 0.00246047 0.02333678
v 0.04105645 0.00246671 0.02333452
v 0.03699757 0.00252362 0.02323861
v 0.03701674 0.00252125 0.02324006
v 0.03701677 0.00252393 0.02324029
v 0.07529111 -0.00926040 0.00512798
v 0.07529321 -0.00928672 0.00514053
v 0.07529440 -0.00927517 0.00509706
v 0.05548513 -0.01413619 -0.00617863
v 0.05548087 -0.01413191 -0.00618074
v 0.05548539 -0.01413622 -0.00618958
v -0.06825486 -0.01845612 -0.02172733
v -0.06825392 -0.01839422 -0.02173041
v -0.06823081 -0.01840475 -0.02175135
v 0.06568044 -0.02296802 -0.01952507
v 0.06568122 -0.02295446 -0.01954986
v 0.06572909 -0.02294802 -0.01953375
v 0.06563216 -0.02294666 -0.01953604
v 0.05537812 -0.01423039 -0.00170608
v 0.05536726 -0.01422060 -0.00171092
v 0.05537866 -0.01422914 -0.00172828
v 0.05128768 -0.01160002 0.00361834
v 0.05126062 -0.01158838 0.00361235
v 0.05128831 -0.01159848 0.00359256
v -0.01120545 -0.00307889 0.02286972
v -0.01107161 -0.00309460 0.02287946
v -0.01107143 -0.00307616 0.02288260
v -0.04862854 -0.01458981 -0.00329948
v -0.04862729 -0.01458949 -0.00335210
v -0.04859738 -0.01456957 -0.00330857
v -0.06712161 -0.00057842 0.02516200
v -0.06711160 -0.00058548 0.02516553
v -0.06711145 -0.00057771 0.02516404
v -0.07110494 -0.00138078 0.02326111
v -0.07108065 -0.00143553 0.02328755
v -0.07107950 -0.00137497 0.02327470
v 0.05686859 -0.00755655 0.02172371
v 0.05691854 -0.00756673 0.02172940
v 0.05691864 -0.00755349 0.02173282
v -0.05912954 -0.00335141 0.02441150
v -0.05912997 -0.00337803 0.02441379
v -0.05910072 -0.00335583 0.02440373
v 0.06133026 -0.02410576 -0.00355446
v 0.06128502 -0.02408809 -0.00351966
v 0.06128623 -0.02408133 -0.00356682
v 0.01301228 -0.01218280 0.01432007
v 0.01301237 -0.01218271 0.01431613
v 0.01304347 -0.01218163 0.01432005
v 0.01089012 -0.00870736 0.02151988
v 0.01089005 -0.00873729 0.02150513
v 0.01096920 -0.00871970 0.02149811
v 0.07128165 -0.02425347 -0.00331543
v 0.07128208 -0.02425133 -0.00333200
v 0.07130069 -0.02424556 -0.00331887
v -0.01508410 -0.01188161 0.01812985
v -0.01508384 -0.01188186 0.01811880
v -0.01506390 -0.01187781 0.01812839
v 0.05882790 -0.01737176 0.01977901
v 0.05882799 -0.01739779 0.01975987
v 0.05888052 -0.01738631 0.01978682
v 0.07303619 -0.02361374 0.00748413
v 0.07303756 -0.02361549 0.00742517
v 0.07306001 -0.02359262 0.00747449
v -0.07077123 -0.02855097 -0.00589672
v -0.07078386 -0.02853169 -0.00590609
v -0.07077004 -0.02855193 -0.00594795
v -0.06900086 -0.03142828 0.00214562
v -0.06903965 -0.03140169 0.00213233
v -0.06899944 -0.03142377 0.00208799
v -0.06538390 -0.02999875 0.01926801
v -0.06538366 -0.03000995 0.01925096
v -0.06537928 -0.03000749 0.01924986
v -0.06380160 0.01607881 -0.02035234
v -0.06182583 0.01719343 -0.01863395
v -0.06181457 0.01556702 -0.02007531
v -0.06379256 0.01483693 -0.02147197
v -0.06381268 0.01771248 -0.01891443
v -0.05983332 0.01689830 -0.01845984
v -0.06579492 0.01634176 -0.02051116
v -0.06040524 0.01545213 -0.01999678
v -0.05981977 0.01550126 -0.01986224
v -0.06180759 0.01520886 -0.02058347
v -0.05784235 0.01654247 -0.01825690
v -0.06179673 0.01420172 -0.02164070
v -0.05783892 0.01598882 -0.01873052
v -0.05981914 0.01538789 -0.01995630
v -0.05981217 0.01359190 -0.02131711
v -0.05701674 0.01626283 -0.01810995
v -0.05586821 0.01759221 -0.01650771
v -0.05586156 0.01657420 -0.01739304
v -0.06579324 0.01490516 -0.02143466
v -0.05783890 0.01460687 -0.01955139
v -0.05783119 0.01284016 -0.02092611
v -0.06579648 0.01807986 -0.01941385
v -0.06534883 0.01818639 -0.01916580
v -0.06579845 0.01827395 -0.01921505
v -0.06382018 0.01948725 -0.01754355
v -0.06381197 0.01846476 -0.01849807
v -0.06779060 0.01796423 -0.01976327
v -0.06779263 0.01850270 -0.01935763
v -0.06182243 0.01940029 -0.01746832
v -0.06181830 0.01859299 -0.01812215
v -0.05982656 0.01923822 -0.01735742
v -0.05982516 0.01873622 -0.01771469
v -0.05793683 0.01894067 -0.01718390
v -0.05783477 0.01891509 -0.01717000
v -0.05981224 0.01220621 -0.02213617
v -0.06180315 0.01200052 -0.02267502
v -0.05782953 0.01264160 -0.02111419
v -0.05586143 0.01578870 -0.01786493
v -0.05586042 0.01375660 -0.01911359
v -0.05762814 0.01274824 -0.02087897
v -0.05585872 0.01341048 -0.01939074
v -0.05539925 0.01357521 -0.01901952
v -0.05388117 0.01293633 -0.01869003
v -0.05585777 0.01178904 -0.02039291
v -0.05387421 0.01113990 -0.02005064
v -0.05189694 0.01231356 -0.01836029
v -0.05316291 0.01087890 -0.01991449
v -0.05189108 0.01113515 -0.01930743
v -0.05015459 0.01169494 -0.01803663
v -0.05387494 0.01073184 -0.02026194
v -0.05586096 0.01038925 -0.02108875
v -0.05387905 0.00887583 -0.02118911
v -0.05188705 0.01063297 -0.01977592
v -0.04991410 0.01163563 -0.01800435
v -0.05191283 0.01375626 -0.01683168
v -0.05389372 0.01434234 -0.01732449
v -0.05389498 0.01446164 -0.01720066
v -0.05376541 0.01441051 -0.01717415
v -0.05390837 0.01600345 -0.01571913
v -0.04993524 0.01287035 -0.01637694
v -0.05747246 0.01008112 -0.02182309
v -0.05783595 0.01898944 -0.01707586
v -0.05188062 0.00881578 -0.02112666
v -0.04989106 0.01047606 -0.01966747
v -0.04988750 0.00854474 -0.02096399
v -0.04790083 0.01009108 -0.01945067
v -0.05981652 0.01134730 -0.02246483
v -0.05784167 0.01035300 -0.02195862
v -0.05188406 0.00785445 -0.02155122
v -0.04988568 0.00785061 -0.02145310
v -0.04991769 0.01183183 -0.01773584
v -0.04788799 0.00852715 -0.02092171
v -0.04788587 0.00780680 -0.02143904
v -0.04589090 0.00841405 -0.02083406
v -0.04589137 0.00791179 -0.02111201
v -0.04589025 0.00636765 -0.02207591
v -0.04788051 0.00675128 -0.02229206
v -0.04590142 0.01006955 -0.01940652
v -0.04390254 0.01002705 -0.01935241
v -0.04389197 0.00837319 -0.02078073
v -0.05984408 0.02061639 -0.01579813
v -0.06184042 0.02075968 -0.01590012
v -0.05785811 0.02006272 -0.01550122
v -0.06383620 0.02092522 -0.01601268
v -0.06185692 0.02217822 -0.01436003
v -0.05986531 0.02184772 -0.01416912
v -0.06581757 0.01958881 -0.01762572
v -0.06583199 0.02109011 -0.01612492
v -0.06781120 0.01983957 -0.01777876
v -0.04388990 0.00782133 -0.02119608
v -0.06385563 0.02222761 -0.01441742
v -0.04388056 0.00675323 -0.02222514
v -0.04188232 0.00668538 -0.02215898
v -0.04792588 0.01117076 -0.01774961
v -0.04914094 0.01253894 -0.01620591
v -0.04795879 0.01193933 -0.01590079
v -0.05511653 0.01709440 -0.01625829
v -0.05789061 0.02084756 -0.01366012
v -0.04188592 0.00766068 -0.02142777
v -0.05280692 0.01525528 -0.01534474
v -0.05194215 0.01466719 -0.01505048
v -0.06585501 0.02225019 -0.01446207
v -0.05737017 0.01979094 -0.01536373
v -0.04592874 0.01105946 -0.01766282
v -0.06981462 0.01970202 -0.01774735
v -0.06783332 0.02103530 -0.01613282
v -0.06983451 0.02098662 -0.01614362
v -0.04189583 0.01029445 -0.01944550
v -0.04392885 0.01105686 -0.01762766
v -0.03987401 0.00701621 -0.02228220
v -0.03987904 0.00741875 -0.02183044
v -0.03787604 0.00693752 -0.02221090
v -0.03788023 0.00740280 -0.02175777
v -0.03587451 0.00700002 -0.02220666
v -0.03587660 0.00725198 -0.02196882
v -0.03387265 0.00707576 -0.02220871
v -0.03387295 0.00710047 -0.02218128
v -0.03787827 0.00892143 -0.02093937
v -0.03988062 0.00882663 -0.02092826
v -0.03789305 0.01040846 -0.01943180
v -0.03589024 0.01052155 -0.01945160
v -0.03989854 0.01018881 -0.01936140
v -0.04188197 0.00877125 -0.02093588
v -0.03386719 0.00936393 -0.02108170
v -0.03587162 0.00918680 -0.02103149
v -0.03388863 0.01058689 -0.01944871
v -0.06780225 0.01520677 -0.02090648
v -0.06780223 0.01605046 -0.02040672
v -0.03186136 0.00959683 -0.02115840
v -0.03185310 0.00785195 -0.02254348
v -0.02985904 0.00969048 -0.02116896
v -0.02984909 0.00801240 -0.02258576
v -0.02785790 0.00766523 -0.02238693
v -0.02964391 0.00969092 -0.02116552
v -0.02785803 0.00961882 -0.02122238
v -0.02785763 0.00974823 -0.02116247
v -0.02985925 0.00970212 -0.02115337
v -0.02987358 0.01118699 -0.01966590
v -0.02786881 0.01137780 -0.01972261
v -0.02587146 0.01127458 -0.01963966
v -0.03186871 0.01001642 -0.02059849
v -0.03187872 0.01098127 -0.01960211
v -0.02584783 0.00806624 -0.02254349
v -0.02585017 0.00934937 -0.02168294
v -0.02383936 0.00840344 -0.02266973
v -0.02384873 0.00925986 -0.02176500
v -0.02183941 0.00840323 -0.02263571
v -0.02384912 0.01008908 -0.02125652
v -0.02184884 0.01010191 -0.02122869
v -0.02184723 0.00916853 -0.02185090
v -0.01984728 0.01016578 -0.02122510
v -0.01984671 0.00910476 -0.02187882
v -0.01983936 0.00840716 -0.02260365
v -0.01785092 0.01002319 -0.02112345
v -0.01785226 0.00921121 -0.02154871
v -0.01786133 0.01168321 -0.01969805
v -0.01586288 0.01162340 -0.01963572
v -0.02584817 0.01012470 -0.02130737
v -0.01584799 0.01014128 -0.02114561
v -0.01584845 0.00905544 -0.02177014
v -0.01385045 0.01004538 -0.02106613
v -0.01385159 0.00909407 -0.02158270
v -0.01185306 0.00994386 -0.02098399
v -0.01185369 0.00910378 -0.02145607
v -0.00984977 0.01007600 -0.02101283
v -0.00985038 0.00896188 -0.02164832
v -0.00785542 0.00985435 -0.02087362
v -0.00785462 0.00903158 -0.02139552
v -0.01186166 0.01167546 -0.01959260
v -0.00986125 0.01169355 -0.01956727
v -0.00786449 0.01156716 -0.01947331
v -0.00584725 0.01017983 -0.02099430
v -0.00584938 0.00883544 -0.02170188
v -0.00383930 0.01049630 -0.02111069
v -0.00384342 0.00861945 -0.02204999
v -0.00183711 0.01058509 -0.02111895
v -0.00184600 0.00864249 -0.02189531
v -0.00184425 0.00823014 -0.02221423
v 0.00015409 0.00816610 -0.02214989
v 0.00015254 0.00863415 -0.02180665
v 0.00016236 0.01056567 -0.02107579
v 0.00215921 0.00837054 -0.02221307
v 0.00215904 0.00840298 -0.02218668
v 0.00216986 0.01086476 -0.02118394
v -0.00585853 0.01180505 -0.01955238
v -0.00385609 0.01190368 -0.01956530
v -0.01584250 0.00828651 -0.02247849
v -0.01384252 0.00828761 -0.02244508
v -0.01784388 0.00823008 -0.02248561
v 0.00284387 0.01104211 -0.02125682
v -0.00384113 0.00835180 -0.02230595
v -0.00584414 0.00823079 -0.02228240
v -0.00984395 0.00823455 -0.02235203
v -0.01184513 0.00818589 -0.02236284
v -0.00784416 0.00822800 -0.02231499
v -0.01386521 0.01153327 -0.01955898
v -0.01986286 0.01162053 -0.01970221
v -0.02186515 0.01152808 -0.01969222
v -0.06870153 0.01823340 -0.01924502
v -0.00185584 0.01191507 -0.01953679
v 0.00418396 0.01073926 -0.02182317
v -0.00043704 0.01194632 -0.01952758
v 0.00014665 0.01188318 -0.01962949
v 0.00014656 0.01201228 -0.01954903
v -0.00185881 0.01208563 -0.01930988
v -0.00186990 0.01343046 -0.01804269
v 0.00013380 0.01357910 -0.01807936
v -0.00386028 0.01217594 -0.01922611
v -0.00387047 0.01340611 -0.01806504
v -0.00586586 0.01238137 -0.01890022
v -0.00587232 0.01333084 -0.01806321
v 0.00213827 0.01375782 -0.01813033
v 0.00216093 0.01258318 -0.01978629
v -0.00788088 0.01285156 -0.01801745
v -0.00788162 0.01296079 -0.01792137
v -0.00873754 0.01292093 -0.01791694
v 0.00216697 0.01126468 -0.02082422
v 0.00418760 0.01156916 -0.02148460
v -0.00988363 0.01287941 -0.01791664
v -0.03367779 0.01060569 -0.01945407
v -0.03388999 0.01066205 -0.01934669
v -0.06981413 0.01867287 -0.01837895
v -0.02386852 0.01139292 -0.01966194
v -0.03390580 0.01197910 -0.01789610
v -0.03591082 0.01129490 -0.01812178
v -0.00189059 0.01468298 -0.01642373
v 0.00011181 0.01478008 -0.01643593
v 0.00211604 0.01494959 -0.01648252
v -0.03189838 0.01227476 -0.01800261
v -0.02990040 0.01219665 -0.01793158
v -0.06874623 0.01556909 -0.02019388
v 0.00416597 0.01278469 -0.01984808
v 0.00414457 0.01400911 -0.01821577
v 0.00617163 0.01301053 -0.01992143
v 0.00614535 0.01404177 -0.01819735
v -0.05586956 0.00924997 -0.02140075
v -0.05784396 0.00996186 -0.02209391
v 0.00412121 0.01515594 -0.01654661
v 0.00611752 0.01501193 -0.01644428
v -0.06982492 0.01589135 -0.01957277
v -0.06785908 0.02208723 -0.01441859
v -0.03791870 0.01146434 -0.01771944
v -0.03662616 0.01150525 -0.01771696
v -0.03591648 0.01155428 -0.01772823
v -0.06981727 0.01752496 -0.01892713
v -0.07153963 0.01646647 -0.01845311
v -0.07184776 0.01658069 -0.01822903
v -0.07184887 0.01627130 -0.01836557
v -0.01188754 0.01272263 -0.01787610
v -0.00389663 0.01444206 -0.01634322
v -0.04192439 0.01123553 -0.01767860
v -0.02589825 0.01228570 -0.01790603
v -0.02389674 0.01234723 -0.01790133
v -0.02789717 0.01232636 -0.01795927
v -0.07076013 0.01912047 -0.01748690
v -0.07184674 0.01842786 -0.01717605
v -0.03992603 0.01117230 -0.01761465
v -0.02189503 0.01241664 -0.01790038
v -0.06388443 0.02315912 -0.01264598
v -0.06188634 0.02308523 -0.01257696
v -0.00191906 0.01562749 -0.01465848
v 0.00008145 0.01564980 -0.01463516
v -0.07185625 0.02012337 -0.01576750
v -0.06588473 0.02314532 -0.01267335
v -0.03695021 0.01236801 -0.01591785
v -0.01389584 0.01239190 -0.01775292
v -0.07185612 0.01989890 -0.01590636
v -0.05989844 0.02260779 -0.01231625
v -0.06789128 0.02288412 -0.01258321
v -0.07374047 0.01469059 -0.01764615
v -0.06191979 0.02383240 -0.01071798
v -0.06986805 0.02173009 -0.01428287
v -0.07188056 0.02123272 -0.01408055
v -0.07198024 0.01999580 -0.01570896
v -0.07309632 0.01734651 -0.01668314
v -0.07389319 0.01481900 -0.01738394
v 0.06228655 0.02383060 -0.01746934
v 0.06253450 0.02447835 -0.01777309
v 0.06227440 0.02219870 -0.01792361
v 0.06229554 0.02469015 -0.01733990
v 0.06275891 0.02181028 -0.01871559
v 0.06295864 0.02627914 -0.01862204
v 0.06232582 0.02692542 -0.01729508
v 0.06211171 0.02714923 -0.01683528
v 0.06300473 0.02361355 -0.01956874
v 0.06328867 0.02094464 -0.02050984
v 0.06303424 0.01914147 -0.01965688
v 0.06372471 0.01827357 -0.02144734
v 0.06401363 0.02007626 -0.02229948
v 0.06386023 0.02274334 -0.02135529
v 0.06378501 0.02540935 -0.02040927
v 0.06431875 0.01782253 -0.02236534
v 0.06427768 0.01588956 -0.02177432
v 0.06391134 0.01646423 -0.02058396
v 0.06427567 0.01511298 -0.02215015
v 0.06383268 0.01380040 -0.02153363
v 0.06426403 0.01318822 -0.02279951
v 0.06424726 0.01191536 -0.02284517
v 0.06115830 0.02535587 -0.01599883
v 0.06196436 0.02800951 -0.01503199
v 0.06258370 0.01467613 -0.01975637
v 0.06278702 0.01200834 -0.02069937
v 0.06349381 0.01114022 -0.02248943
v 0.06232484 0.02741972 -0.01696026
v 0.06438146 0.02344751 -0.02168123
v 0.06439206 0.02501977 -0.02119717
v 0.06435378 0.01992473 -0.02260042
v 0.06044058 0.02622414 -0.01420903
v 0.06227436 0.02127556 -0.01846959
v 0.06437178 0.02250432 -0.02183132
v 0.06439525 0.02606596 -0.02071110
v 0.06438186 0.02760804 -0.01922969
v 0.06435835 0.02045992 -0.02247604
v 0.06226127 0.01948269 -0.01897961
v 0.06025002 0.02445416 -0.01558555
v 0.06023684 0.02600432 -0.01410797
v 0.06025423 0.02281305 -0.01673761
v 0.06480656 0.01559347 -0.02236958
v 0.05823489 0.02444835 -0.01340218
v 0.06220326 0.01017049 -0.02205028
v 0.06218201 0.01140096 -0.02042087
v 0.06220815 0.00863547 -0.02316829
v 0.06630807 0.01639807 -0.02272664
v 0.06632341 0.01764288 -0.02263700
v -0.05162119 -0.01497868 0.01898250
v -0.05318967 -0.01609822 0.01948815
v -0.05317802 -0.01756014 0.01812770
v -0.05412505 -0.01675030 0.01978230
v -0.05311639 -0.01762265 0.01799936
v -0.05317715 -0.01767448 0.01802297
v -0.05522327 -0.01932671 0.01896247
v -0.05513693 -0.01940104 0.01881058
v -0.05522818 -0.01762570 0.02017978
v -0.05645392 -0.01852436 0.02058623
v -0.05304432 -0.01410051 0.02075564
v -0.05115371 -0.01467204 0.01884464
v -0.05116269 -0.01295560 0.02024323
v -0.04911981 -0.01332744 0.01823988
v -0.05522804 -0.01610909 0.02107360
v -0.05522813 -0.01555128 0.02140833
v -0.05319384 -0.01419143 0.02079632
v -0.05726613 -0.01807624 0.02148648
v -0.05001446 -0.01233626 0.01996826
v -0.04912364 -0.01301455 0.01858762
v -0.04888946 -0.01321025 0.01818807
v -0.05522319 -0.01950014 0.01885623
v -0.05675693 -0.02118506 0.01963127
v -0.05728122 -0.02073750 0.02054564
v -0.05521512 -0.02125262 0.01747476
v -0.05727623 -0.01953083 0.02105078
v -0.05800966 -0.02030928 0.02140844
v -0.05119409 -0.01584288 0.01718582
v -0.05112969 -0.01579297 0.01716318
v -0.05315332 -0.01880291 0.01634508
v -0.05447107 -0.02026859 0.01701955
v -0.05288863 -0.01848406 0.01619798
v -0.05577678 -0.02205702 0.01784767
v -0.04909021 -0.01422698 0.01645326
v -0.04913857 -0.01199843 0.01982250
v -0.04709971 -0.01252927 0.01789468
v -0.04883255 -0.01406926 0.01638265
v -0.05931811 -0.01965432 0.02271776
v -0.04706615 -0.01327227 0.01603371
v -0.04712341 -0.01139610 0.01957032
v -0.04511160 -0.01092628 0.01938109
v -0.04508327 -0.01187627 0.01761843
v -0.04355548 -0.01062010 0.01926191
v -0.05116099 -0.01191858 0.02078666
v -0.05116083 -0.01080992 0.02143793
v -0.04913669 -0.00985169 0.02101670
v -0.05273958 -0.01143984 0.02171063
v -0.05319395 -0.01402965 0.02089686
v -0.05318379 -0.01172091 0.02183673
v -0.05521872 -0.01328640 0.02235400
v -0.05578125 -0.01586886 0.02154993
v -0.05725417 -0.01532753 0.02261129
v -0.05726300 -0.01693463 0.02203149
v -0.05521719 -0.01304582 0.02243214
v -0.05550548 -0.01320779 0.02250425
v -0.05724807 -0.01427090 0.02298012
v -0.05816461 -0.01497723 0.02330038
v -0.05927972 -0.01456241 0.02411441
v -0.05809702 -0.01764311 0.02235417
v -0.05723598 -0.01275348 0.02336871
v -0.05317987 -0.01134016 0.02189709
v -0.05929974 -0.01708513 0.02346495
v -0.05929214 -0.01601843 0.02377627
v -0.06046667 -0.01675167 0.02410495
v -0.06131883 -0.01650092 0.02458755
v -0.05519525 -0.01086014 0.02280053
v -0.05315932 -0.00883215 0.02251560
v -0.05114768 -0.00920763 0.02183202
v -0.04913476 -0.00961891 0.02107315
v -0.05113566 -0.00774041 0.02219382
v -0.04911700 -0.00703272 0.02185615
v -0.06134440 -0.01886824 0.02426499
v -0.05994209 -0.01942397 0.02316955
v -0.06135693 -0.02065858 0.02373251
v -0.05931427 -0.01896720 0.02296303
v -0.06206460 -0.02120094 0.02397836
v -0.06136168 -0.02146793 0.02345363
v -0.06338108 -0.02087505 0.02459446
v -0.06340553 -0.02327384 0.02420567
v -0.06284612 -0.01852504 0.02490769
v -0.06133207 -0.01760202 0.02449455
v -0.06340090 -0.02240211 0.02452676
v -0.06129262 -0.01415164 0.02487223
v -0.05315731 -0.00859990 0.02256815
v -0.05353542 -0.00876374 0.02263963
v -0.05518487 -0.00969361 0.02305374
v -0.05694279 -0.01052269 0.02341808
v -0.05720753 -0.01046684 0.02352160
v -0.05721137 -0.01074481 0.02351913
v -0.05517121 -0.00844972 0.02321379
v -0.05313532 -0.00642091 0.02293060
v -0.05718273 -0.00807783 0.02388980
v -0.05922033 -0.01005883 0.02427359
v -0.05924876 -0.01234605 0.02411949
v -0.05924560 -0.01210250 0.02413010
v -0.06126182 -0.01193092 0.02488646
v -0.05956855 -0.01229261 0.02421501
v -0.06336069 -0.01873732 0.02499989
v -0.05514238 -0.00617395 0.02334383
v -0.06332860 -0.01617810 0.02516036
v -0.06128602 -0.01370540 0.02485756
v -0.06335680 -0.01847178 0.02499268
v -0.05112588 -0.00673457 0.02237706
v -0.04921955 -0.00701754 0.02188265
v -0.04911652 -0.00698059 0.02186683
v -0.04909206 -0.00464758 0.02221619
v -0.06187980 -0.01406692 0.02501936
v -0.06488716 -0.02296808 0.02477063
v -0.06544047 -0.02532952 0.02443238
v -0.06542260 -0.02326372 0.02490210
v -0.05109689 -0.00446319 0.02249783
v -0.06331038 -0.01467231 0.02528291
v -0.06123066 -0.00972009 0.02487986
v -0.05919150 -0.00788751 0.02434188
v -0.05909001 -0.00782765 0.02431514
v -0.05919055 -0.00780952 0.02434795
v -0.06120222 -0.00743331 0.02503305
v -0.06122032 -0.00903098 0.02485110
v -0.05716237 -0.00673205 0.02382696
v -0.05715194 -0.00585673 0.02390485
v -0.05916434 -0.00546012 0.02463288
v -0.05613637 -0.00606234 0.02352597
v -0.05513283 -0.00556007 0.02330420
v -0.05511292 -0.00391555 0.02343731
v -0.06117325 -0.00516114 0.02515554
v -0.05310482 -0.00444877 0.02281026
v -0.05712128 -0.00363195 0.02392762
v -0.05310228 -0.00426305 0.02281259
v -0.06323578 -0.00952756 0.02517863
v -0.06320954 -0.00717893 0.02546190
v -0.05281074 -0.00430224 0.02274558
v -0.05108477 -0.00365245 0.02246593
v -0.06330007 -0.01389352 0.02530894
v -0.06326993 -0.01165426 0.02536218
v -0.05508040 -0.00174287 0.02335051
v -0.05307188 -0.00203085 0.02285097
v -0.05106529 -0.00226490 0.02246488
v -0.05303911 0.00013467 0.02274912
v -0.04906181 -0.00274128 0.02206705
v -0.06541624 -0.02292446 0.02483434
v -0.06117066 -0.00499164 0.02514633
v -0.06114275 -0.00293214 0.02518716
v -0.06111107 -0.00073592 0.02514987
v -0.05909912 -0.00112002 0.02444818
v -0.05708743 -0.00149692 0.02376161
v -0.06315271 -0.00260369 0.02577182
v -0.06317696 -0.00500815 0.02537112
v -0.05709460 -0.00197520 0.02378137
v -0.05906624 0.00104259 0.02434019
v -0.05705604 0.00070752 0.02374162
v -0.05504750 0.00041881 0.02324055
v -0.05647983 -0.00158585 0.02360669
v -0.05506632 -0.00085334 0.02328242
v -0.05342454 0.00017804 0.02281992
v -0.05303499 0.00038980 0.02272585
v -0.05949440 0.00112136 0.02448326
v -0.06110383 -0.00027235 0.02511857
v -0.06169609 -0.00065449 0.02529020
v -0.06312014 -0.00043258 0.02568171
v -0.06107872 0.00144128 0.02507258
v -0.06313734 -0.00160164 0.02571606
v -0.06309060 0.00182347 0.02577026
v -0.05905864 0.00151961 0.02430131
v -0.05903444 0.00323506 0.02429503
v -0.05731580 0.00289753 0.02367578
v -0.05701879 0.00309986 0.02358463
v -0.05699050 0.00503866 0.02353810
v -0.05501401 0.00467199 0.02287120
v -0.05900173 0.00540241 0.02419698
v -0.06104539 0.00359130 0.02493814
v -0.06005379 0.00560087 0.02455888
v -0.06102846 0.00478516 0.02493016
v -0.06253560 0.00382893 0.02535921
v -0.06305524 0.00391637 0.02551567
v -0.06101377 0.00578912 0.02490417
v -0.06302422 0.00613123 0.02551755
v -0.05300607 0.00229253 0.02263114
v -0.05702274 0.00285802 0.02360817
v -0.05501408 0.00256631 0.02310081
v -0.05497897 0.00466633 0.02286115
v -0.06269641 -0.00958380 0.02508889
v -0.06324064 -0.00983789 0.02520045
v -0.05100826 0.00145012 0.02225613
v -0.05099918 0.00205045 0.02222818
v -0.05020387 0.00193960 0.02203706
v -0.05898241 0.00661111 0.02409676
v -0.05896893 0.00756726 0.02409373
v -0.06098226 0.00799004 0.02487679
v -0.06298935 0.00823772 0.02529154
v -0.05893637 0.00973854 0.02400398
v -0.05103292 -0.00008803 0.02238688
v -0.04905824 -0.00251157 0.02205224
v -0.04902634 -0.00032150 0.02200203
v -0.04899190 0.00179706 0.02180141
v -0.06095372 0.00981782 0.02475354
v -0.06068211 0.01008133 0.02463286
v -0.06298331 0.00864404 0.02527715
v -0.06295717 0.01041976 0.02522443
v -0.06538611 -0.02068499 0.02488803
v -0.05816668 0.00738113 0.02374451
v -0.06094858 0.01012997 0.02472109
v -0.06292535 0.01261199 0.02517872
v -0.06091533 0.01228213 0.02459110
v -0.06521481 -0.00698194 0.02577005
v -0.05896533 0.01186399 0.02381446
v -0.06318374 -0.00551166 0.02535941
v -0.06520689 -0.00643058 0.02576197
v -0.06518362 -0.00477214 0.02576134
v -0.06515439 -0.00250748 0.02586799
v -0.06179900 -0.00512473 0.02519894
v -0.05695452 0.00711401 0.02324658
v -0.06306596 0.00329817 0.02560255
v -0.06492930 0.01277203 0.02540913
v -0.06496024 0.01055520 0.02540311
v -0.06523972 -0.00936792 0.02540820
v -0.06525353 -0.01035025 0.02540990
v -0.06526999 -0.01160357 0.02536259
v -0.05296938 0.00434821 0.02229823
v -0.04702271 -0.00047254 0.02179052
v -0.04698728 0.00161850 0.02153203
v -0.06536894 -0.01906579 0.02512198
v -0.05890162 0.01184879 0.02378584
v -0.06498862 0.00843207 0.02534391
v -0.06499023 0.00831153 0.02534059
v -0.05096094 0.00406259 0.02180366
v -0.05688536 0.01134386 0.02282999
v -0.04895158 0.00375102 0.02125452
v -0.05533665 0.01095491 0.02209344
v -0.06502522 0.00620833 0.02557353
v -0.06505740 0.00402606 0.02564018
v -0.06535775 -0.01839598 0.02504591
v -0.06532629 -0.01619346 0.02502185
v -0.06509135 0.00189375 0.02581188
v -0.06507724 0.00284943 0.02578178
v -0.04895701 0.00348203 0.02132490
v -0.06738613 -0.02063525 0.02488645
v -0.06741604 -0.02288097 0.02481960
v -0.05486789 0.01080490 0.02180255
v -0.05490170 0.00866844 0.02196556
v -0.05493620 0.00655158 0.02216978
v -0.05322054 0.00826029 0.02119565
v -0.05497520 0.00482830 0.02279754
v -0.05446479 0.00647101 0.02202521
v -0.04871938 0.00372552 0.02121317
v -0.05292750 0.00625849 0.02165951
v -0.06744265 -0.02521907 0.02455851
v -0.06529899 -0.01387472 0.02524229
v -0.06530662 -0.01452533 0.02517917
v -0.05889854 0.01200558 0.02374828
v -0.04694618 0.00355055 0.02093906
v -0.06742131 -0.02321460 0.02484484
v -0.06514088 -0.00174370 0.02574961
v -0.06511826 -0.00043616 0.02556798
v -0.05484477 0.01206696 0.02157309
v -0.05886101 0.01379443 0.02322147
v -0.05820825 0.01366011 0.02297338
v -0.06736465 -0.01889783 0.02500828
v -0.06288355 0.01452464 0.02454498
v -0.06087349 0.01419347 0.02395460
v -0.05684551 0.01331078 0.02231038
v -0.05482914 0.01280285 0.02134823
v -0.05288622 0.00818557 0.02105612
v -0.05091678 0.00590883 0.02103026
v -0.06735598 -0.01839636 0.02493891
v -0.06732043 -0.01630876 0.02467313
v -0.06938240 -0.02069073 0.02466356
v -0.06935005 -0.01851327 0.02458680
v -0.06825806 -0.02292081 0.02469097
v -0.06940741 -0.02266582 0.02455025
v -0.06941093 -0.02297496 0.02451570
v -0.06729116 -0.01404498 0.02477795
v -0.06544408 -0.02618670 0.02407661
v -0.06745457 -0.02660407 0.02424094
v -0.06283871 0.01635187 0.02373156
v -0.06082895 0.01602913 0.02315891
v -0.05881659 0.01563359 0.02243315
v -0.06488309 0.01456080 0.02451482
v -0.06943673 -0.02533585 0.02420667
v -0.06944583 -0.02625980 0.02404348
v -0.06714815 -0.00263311 0.02549753
v -0.06717725 -0.00490151 0.02538303
v -0.06705222 0.00393018 0.02533231
v -0.06701726 0.00603429 0.02510124
v -0.06705767 0.00362270 0.02538054
v -0.06723326 -0.00949979 0.02502464
v -0.06723477 -0.00960885 0.02502381
v -0.06720506 -0.00720602 0.02519252
v -0.06838863 -0.01844733 0.02477673
v -0.06698362 0.00817556 0.02494839
v -0.06697242 0.00907177 0.02500613
v -0.06695333 0.01041050 0.02499255
v -0.06726331 -0.01174152 0.02496622
v -0.06931428 -0.01643186 0.02430800
v -0.06934193 -0.01799962 0.02454771
v -0.06928128 -0.01427263 0.02419292
v -0.06728770 -0.01377759 0.02479007
v -0.06669562 -0.01399940 0.02490557
v -0.06718784 -0.00567766 0.02537041
v -0.06708219 0.00168614 0.02526899
v -0.06691918 0.01253744 0.02480951
v -0.05305933 0.01006476 0.02034049
v -0.05810554 0.01546539 0.02211684
v -0.07140268 -0.02315702 0.02402657
v -0.07142809 -0.02552897 0.02369426
v -0.07142865 -0.02558089 0.02368708
v -0.06945610 -0.02787694 0.02351856
v -0.05467700 0.01275238 0.02125006
v -0.04892311 0.00482508 0.02068695
v -0.04890472 0.00552183 0.02032244
v -0.04898914 0.00553602 0.02034783
v -0.05679966 0.01510985 0.02143775
v -0.05478265 0.01458396 0.02043779
v -0.06078089 0.01776621 0.02215588
v -0.06278924 0.01804927 0.02264506
v -0.06910231 -0.00078471 0.02462244
v -0.04689725 0.00526316 0.01988458
v -0.06745465 -0.02796692 0.02343551
v -0.06745608 -0.02873589 0.02303965
v -0.06946110 -0.02893685 0.02310118
v -0.07144466 -0.02814857 0.02284102
v -0.05876708 0.01732988 0.02134433
v -0.04976165 0.00735357 0.01947061
v -0.05086832 0.00763474 0.02000372
v -0.05284020 0.00997975 0.02017317
v -0.05281763 0.01186810 0.01948723
v -0.05472021 0.01455971 0.02039008
v -0.06483286 0.01623688 0.02338349
v -0.04494568 0.00348743 0.02091251
v -0.05859648 0.01727900 0.02124627
v -0.04489476 0.00514439 0.01974096
v -0.04885259 0.00714474 0.01907927
v -0.07144520 -0.02830888 0.02276897
v -0.04684454 0.00686991 0.01860741
v -0.06945314 -0.03069380 0.02172183
v -0.05067720 0.00917315 0.01859001
v -0.04484173 0.00674207 0.01844473
v -0.04294959 0.00354779 0.02114567
v -0.04289857 0.00520184 0.01996801
v -0.04095046 0.00352293 0.02119957
v -0.04089771 0.00512872 0.01992041
v -0.03894918 0.00343798 0.02112711
v -0.03889724 0.00506621 0.01989514
v -0.06478309 0.01792599 0.02227955
v -0.07144697 -0.03045112 0.02157264
v -0.07343264 -0.02988532 0.02126995
v -0.07343114 -0.02847833 0.02204121
v -0.06272903 0.01944568 0.02092547
v -0.06072646 0.01932468 0.02077716
v -0.07407407 0.01803782 -0.00595446
v -0.07286935 0.02068587 -0.00497819
v -0.07344224 0.01983569 -0.00679849
v -0.07405220 0.01927562 -0.00801000
v -0.07411624 0.01798626 -0.00606525
v -0.07412098 0.01792439 -0.00590132
v -0.07402448 0.01967457 -0.00894656
v -0.07377046 0.01889178 -0.00414051
v -0.07352485 0.01974655 -0.00232794
v -0.07416360 0.01830810 -0.00386968
v -0.07213913 0.02162415 -0.00762667
v -0.07320839 0.02078093 -0.00945871
v -0.07203757 0.02190025 -0.00704001
v -0.07202311 0.02180287 -0.00770967
v -0.07197108 0.02179143 -0.00991814
v -0.07397572 0.01953362 -0.01109350
v -0.07371427 0.01992981 -0.01127743
v -0.07250833 0.02171963 -0.01210790
v -0.07447752 0.01899199 -0.00862973
v -0.07185955 0.02247845 -0.00581330
v -0.07516962 0.01814348 -0.01045285
v -0.07603305 0.01634886 -0.00961428
v -0.07540376 0.01719825 -0.00779265
v -0.07212905 0.02138027 -0.00347694
v -0.07213938 0.02134169 -0.00306281
v -0.07264221 0.02059238 -0.00050032
v -0.07416931 0.01880708 0.00032256
v -0.07219569 0.02118334 -0.00077370
v -0.07206412 0.02225064 -0.00570846
v -0.07315764 0.01965111 0.00215323
v -0.07425998 0.01863508 0.00040279
v -0.07425262 0.01872478 0.00014488
v -0.07419694 0.01905969 -0.00201279
v -0.07500541 0.01796059 -0.00150396
v -0.07515180 0.01701413 0.00115831
v -0.07458447 0.01786439 0.00297849
v -0.07630146 0.01522352 0.00199011
v -0.07563125 0.01607234 0.00381272
v -0.07432206 0.01824811 0.00280050
v -0.07434203 0.01814646 0.00358522
v -0.07560339 0.01616225 -0.00065913
v -0.07547365 0.01692834 0.00562321
v -0.07357702 0.01870847 0.00480906
v -0.07437884 0.01807129 0.00509839
v -0.07546116 0.01728936 -0.01226650
v -0.07634905 0.01510498 0.00204566
v -0.07640639 0.01490582 0.00435416
v -0.07686196 0.01428286 0.00464261
v -0.07393825 0.01894562 -0.01302810
v -0.07384735 0.01907347 -0.01308734
v -0.07644218 0.01556056 0.00625706
v -0.07675451 0.01513957 0.00645191
v -0.07647405 0.01572774 0.00770509
v -0.07732831 0.01419911 0.00910409
v -0.07640451 0.01599287 0.00826695
v -0.07648938 0.01576282 0.00837489
v -0.07524019 0.01778328 0.00743549
v -0.07485803 0.01863613 0.00925129
v -0.07618130 0.01684795 0.01007900
v -0.07552886 0.01769701 0.01190117
v -0.07648280 0.01590367 0.01273759
v -0.07712642 0.01505449 0.01091563
v -0.07653578 0.01599734 0.01047739
v -0.07658362 0.01571461 0.01233420
v -0.07536717 0.01710745 -0.00331928
v -0.07614934 0.01531169 -0.00247880
v -0.07624379 0.01513011 -0.00239407
v -0.07630819 0.01465114 0.00004734
v -0.07646870 0.01436765 0.00017939
v -0.07633902 0.01502736 0.00157515
v -0.07622993 0.01505384 -0.00302593
v -0.07619691 0.01491481 -0.00450570
v -0.07545982 0.01625054 -0.00512824
v -0.07644125 0.01445757 -0.00429246
v -0.07615488 0.01450763 -0.00652620
v -0.07692497 0.01351584 -0.00163816
v -0.07714947 0.01266077 -0.00345023
v -0.07714289 0.01410620 0.01358096
v -0.07659893 0.01556802 0.01289520
v -0.07601413 0.01593845 -0.01163363
v -0.07605263 0.01625265 -0.00981789
v -0.07625147 0.01549371 -0.01142621
v -0.07586948 0.01539806 -0.00694469
v -0.07605849 0.01625338 -0.00956932
v -0.07612063 0.01507459 -0.00763903
v -0.07648322 0.01359994 -0.00610023
v -0.07655095 0.01454941 -0.00876756
v -0.07693005 0.01342560 0.00283423
v -0.07713776 0.01257030 0.00102255
v -0.07740030 0.01334190 0.00729562
v -0.07745746 0.01248449 0.00548750
v -0.07712769 0.01180225 -0.00525649
v -0.07672218 0.01369360 -0.01057837
v -0.07391430 0.01782244 -0.01470849
v -0.07222098 0.02087264 0.00011209
v -0.07226263 0.02060407 0.00171535
v -0.07698169 0.01170990 -0.00078053
v -0.07360697 0.01821188 -0.01488843
v -0.07229590 0.02085844 -0.01390965
v -0.07664903 0.01446379 0.01436004
v -0.07526219 0.01642836 -0.01406857
v -0.07584847 0.01462985 -0.01322346
v -0.07230545 0.02015600 0.00326146
v -0.07233477 0.01981878 0.00430226
v -0.07600997 0.01505724 -0.01233227
v -0.07238814 0.01938971 0.00630642
v -0.07193334 0.02206305 -0.01135434
v -0.07002389 0.02384598 -0.00643232
v -0.07190815 0.02221209 -0.01233185
v -0.07442379 0.01836280 0.00717383
v -0.07180924 0.02152922 -0.00314637
v -0.07019069 0.02331326 -0.00396709
v -0.07008741 0.02340198 -0.00400752
v -0.07447701 0.01884557 0.00971246
v -0.07452211 0.01861286 0.01148283
v -0.07389819 0.01638802 -0.01624105
v -0.07239829 0.01937478 0.00672706
v -0.06999041 0.02309997 -0.00829186
v -0.07462293 0.01556118 -0.01586024
v -0.07446367 0.01885555 0.00915367
v -0.07551014 0.01376689 -0.01502224
v -0.07009112 0.02335188 -0.00388049
v -0.07308704 0.01946951 0.01109990
v -0.07244265 0.01968977 0.00879134
v -0.07249309 0.01976402 0.01096996
v -0.07250774 0.01965759 0.01152664
v -0.07256498 0.01898885 0.01355207
v -0.07306304 0.01852066 0.01376621
v -0.07015328 0.02201010 -0.00204596
v -0.07018197 0.02172885 -0.00099889
v -0.07188435 0.01954295 0.00665582
v -0.06806775 0.02418265 -0.00434442
v -0.06870944 0.02234397 -0.00126635
v -0.06982122 0.02141104 0.00137311
v -0.06822292 0.02218065 0.00103433
v -0.07023732 0.02128142 0.00107812
v -0.07024690 0.02122893 0.00145247
v -0.06825922 0.02184617 0.00237220
v -0.06734386 0.02223452 0.00323842
v -0.06828759 0.02169126 0.00348069
v -0.06625688 0.02290954 0.00293593
v -0.06629057 0.02267562 0.00422303
v -0.06631911 0.02251660 0.00533648
v -0.06822036 0.02129830 0.00588344
v -0.06834779 0.02124445 0.00576328
v -0.06998741 0.02046487 0.00403491
v -0.07032306 0.02028440 0.00411502
v -0.06835165 0.02122575 0.00591570
v -0.07038051 0.02008105 0.00642551
v -0.07031392 0.02034446 0.00376406
v -0.06637562 0.02197522 0.00740657
v -0.06841481 0.02079625 0.00833361
v -0.06638764 0.02187441 0.00785541
v -0.06645387 0.02132317 0.01033114
v -0.06670586 0.02118676 0.01039172
v -0.06442698 0.02238991 0.00985836
v -0.06448437 0.02189009 0.01199048
v -0.06646114 0.02128802 0.01061791
v -0.06651496 0.02097552 0.01271018
v -0.06783538 0.02025409 0.01303077
v -0.06655159 0.02073923 0.01412036
v -0.06847916 0.02031957 0.01077392
v -0.06843634 0.02064222 0.00915334
v -0.06854121 0.01993386 0.01317104
v -0.06852460 0.02003186 0.01252629
v -0.06657887 0.02051604 0.01514233
v -0.06817230 0.02249391 -0.00092213
v -0.06815676 0.02272923 -0.00144015
v -0.06612483 0.02399552 -0.00200771
v -0.06611878 0.02402880 -0.00224427
v -0.06941990 0.02036661 0.00852083
v -0.07041036 0.01996313 0.00761875
v -0.07043809 0.01987247 0.00873848
v -0.06449340 0.02183125 0.01233764
v -0.06439754 0.02254031 0.00870136
v -0.06577814 0.02212227 0.00774791
v -0.06436409 0.02280914 0.00744534
v -0.06463712 0.02305478 0.00510914
v -0.06859896 0.01971853 0.01548722
v -0.06455819 0.02133696 0.01478632
v -0.06518940 0.02107520 0.01490006
v -0.06457096 0.02123293 0.01526498
v -0.06462374 0.02081299 0.01724910
v -0.06615459 0.02014021 0.01754299
v -0.06663587 0.02001712 0.01725827
v -0.06664586 0.01993467 0.01763238
v -0.06430214 0.02319083 0.00505014
v -0.06430879 0.02313696 0.00529960
v -0.06866564 0.01914966 0.01797133
v -0.07049530 0.01967820 0.01104465
v -0.06575557 0.02410928 -0.00205553
v -0.06417247 0.02418286 0.00015113
v -0.06421757 0.02366438 0.00175221
v -0.06424239 0.02348538 0.00269633
v -0.06605872 0.02454231 -0.00448133
v -0.06413602 0.02446299 -0.00122480
v -0.06410714 0.02469830 -0.00230760
v -0.06465382 0.02047104 0.01831924
v -0.06861928 0.01960131 0.01627745
v -0.06962510 0.01838216 0.01831995
v -0.07067473 0.01812055 0.01771340
v -0.06469971 0.01987563 0.01990824
v -0.06635403 0.01919450 0.02020400
v -0.06671435 0.01913265 0.02005463
v -0.06994691 0.02239419 -0.01055163
v -0.06995449 0.02245052 -0.01019729
v -0.06966835 0.02253802 -0.01023403
v -0.06990502 0.02233772 -0.01235760
v -0.06793245 0.02332538 -0.01057892
v -0.06891046 0.02338561 -0.00840935
v -0.06797642 0.02365590 -0.00852201
v -0.06231862 0.02397078 0.00249819
v -0.06223081 0.02398623 0.00253539
v -0.06222950 0.02399773 0.00248689
v -0.06801603 0.02428242 -0.00647379
v -0.06824201 0.02423445 -0.00658678
v -0.06810357 0.02365179 -0.00314346
v -0.06254610 0.02181780 0.01459185
v -0.06249769 0.02221409 0.01277818
v -0.06367288 0.02200245 0.01227016
v -0.06248115 0.02231838 0.01214018
v -0.06229970 0.02328915 0.00503737
v -0.06258071 0.02145687 0.01584222
v -0.06801311 0.02427470 -0.00660204
v -0.07051069 0.01969112 0.01170339
v -0.07054371 0.01983300 0.01318502
v -0.07060507 0.01947480 0.01556907
v -0.06240687 0.02275286 0.00925464
v -0.06241891 0.02271155 0.00973951
v -0.06472702 0.01943873 0.02080464
v -0.07061088 0.01941518 0.01577976
v -0.06261571 0.02113269 0.01713117
v -0.06592288 0.02370648 -0.01072602
v -0.06596999 0.02391264 -0.00861003
v -0.06396224 0.02422142 -0.00872278
v -0.06401482 0.02421066 -0.00650377
v -0.06235845 0.02303423 0.00737235
v -0.06231222 0.02318399 0.00550474
v -0.06216666 0.02441478 0.00007490
v -0.06213895 0.02449578 -0.00104963
v -0.06601797 0.02408394 -0.00647750
v -0.06265959 0.02058374 0.01866248
v -0.06445409 0.02418133 -0.00649728
v -0.06600893 0.02403409 -0.00688991
v -0.06401747 0.02422426 -0.00638369
v -0.06749504 0.02422397 -0.00656913
v -0.06406188 0.02441886 -0.00438876
v -0.06196280 0.02420074 -0.00867903
v -0.06269579 0.02003290 0.01986746
v -0.06210896 0.02462803 -0.00224029
v -0.06201465 0.02409610 -0.00654706
v -0.06327940 0.02416486 -0.00646952
v -0.06201787 0.02409186 -0.00641341
v -0.06392206 0.02374056 -0.01070828
v -0.06206481 0.02430469 -0.00430061
v -0.06065846 0.02050289 0.01859863
v -0.06062038 0.02094946 0.01725213
v -0.06057601 0.02127604 0.01556808
v -0.06070009 0.01986464 0.01998131
v 0.07398709 0.00220012 -0.01743997
v 0.07360385 0.00196483 -0.01795570
v 0.07257491 0.00378598 -0.01883898
v 0.07291367 0.00644617 -0.01788318
v 0.07207563 0.00593569 -0.01900241
v 0.07206299 0.00462362 -0.01924590
v 0.07150805 0.00560767 -0.01972316
v 0.07205176 0.00352075 -0.01942518
v 0.07209991 0.00815832 -0.01871099
v 0.07204278 0.00826510 -0.01876272
v 0.07049732 0.00742856 -0.02060600
v 0.07094178 0.01008726 -0.01964771
v 0.07212308 0.01077395 -0.01813927
v 0.07488632 0.00280505 -0.01611864
v 0.07457129 0.00014453 -0.01707387
v 0.07397395 0.00109861 -0.01753760
v 0.07396111 -0.00015577 -0.01773850
v 0.07299719 -0.00069162 -0.01891784
v 0.07382513 -0.00250994 -0.01803932
v 0.07224864 -0.00334605 -0.01988334
v 0.07331081 -0.00516767 -0.01899927
v 0.07197189 -0.00349279 -0.02020697
v 0.07194857 -0.00592316 -0.02066219
v 0.07278822 -0.00782528 -0.01995941
v 0.07179153 -0.00600458 -0.02084193
v 0.07074004 -0.00418311 -0.02172574
v 0.07115669 -0.00152402 -0.02076810
v 0.07003406 -0.00210207 -0.02204470
v 0.07005316 0.00008791 -0.02155318
v 0.07001013 -0.00451518 -0.02246365
v 0.06998213 -0.00681458 -0.02264337
v 0.07078002 0.00295293 -0.02068817
v 0.07013984 0.00726947 -0.02095992
v 0.07016285 0.00970846 -0.02048658
v 0.07014675 0.00793941 -0.02085482
v 0.07018495 0.01152491 -0.02034404
v 0.06999697 0.01190724 -0.02052900
v 0.06937098 0.00925108 -0.02149158
v 0.07199756 -0.00112812 -0.01988994
v 0.07171630 0.00113308 -0.01980708
v 0.07008625 0.00260328 -0.02146117
v 0.07005648 0.00035373 -0.02153604
v 0.07197544 -0.00298852 -0.02005795
v 0.07202179 0.00127675 -0.01948838
v 0.07201351 0.00059136 -0.01954449
v 0.07121494 -0.00866144 -0.02180337
v 0.07192275 -0.00828347 -0.02097004
v 0.06819751 0.00878634 -0.02253236
v 0.07194273 -0.00635655 -0.02067203
v 0.07011014 0.00501785 -0.02103918
v 0.07002214 -0.00321303 -0.02219912
v 0.06989252 0.00030044 -0.02165694
v 0.07009621 0.00386546 -0.02113361
v 0.06951105 0.00477745 -0.02157712
v 0.07018973 0.01203897 -0.02024145
v 0.07172583 0.01274121 -0.01868138
v 0.07021740 0.01434753 -0.02004245
v 0.06899801 0.01372798 -0.02141157
v 0.06975002 0.01638236 -0.02044600
v 0.07023290 0.01549647 -0.02001663
v 0.07024428 0.01667821 -0.01979690
v 0.07087668 0.01455985 -0.01956041
v 0.07145432 0.01721668 -0.01859895
v 0.07218034 0.01533719 -0.01785462
v 0.07027256 0.01896965 -0.01963391
v 0.06853744 0.01820609 -0.02133362
v 0.06928412 0.02086057 -0.02036817
v 0.07027532 0.01924907 -0.01958520
v 0.07218385 0.01562773 -0.01783114
v 0.07230581 0.01539803 -0.01771987
v 0.07220616 0.01769726 -0.01754725
v 0.06833070 0.02047316 -0.02123446
v 0.07351603 -0.00964221 -0.01908325
v 0.06889971 0.00212108 -0.02253937
v 0.06811648 0.00180533 -0.02324575
v 0.07221769 0.01904005 -0.01723809
v 0.07276450 0.01805652 -0.01676122
v 0.07170767 0.01987807 -0.01764516
v 0.06814020 0.00422454 -0.02281401
v 0.06821761 0.01074462 -0.02222122
v 0.06822164 0.01119398 -0.02212497
v 0.06825062 0.01346565 -0.02200356
v 0.06827685 0.01581446 -0.02171988
v 0.06826719 0.01478051 -0.02192437
v 0.06830441 0.01812611 -0.02151439
v 0.06830850 0.01848919 -0.02147210
v 0.07334961 -0.01230482 -0.02003499
v 0.07213831 0.01175132 -0.01820376
v 0.07245814 0.01092421 -0.01780511
v 0.07046122 0.01903733 -0.01948138
v 0.07295211 0.01358224 -0.01684563
v 0.06808402 -0.00036890 -0.02316220
v 0.06891810 -0.00235084 -0.02262776
v 0.06834294 0.02192548 -0.02089042
v 0.07058259 0.02170058 -0.01853072
v 0.07215078 0.01308153 -0.01794234
v 0.06998071 -0.00692620 -0.02264928
v 0.06995629 -0.00917415 -0.02294966
v 0.07028960 0.02157586 -0.01880886
v 0.07029212 0.02198666 -0.01867165
v 0.06904754 0.02352882 -0.01942595
v 0.07305484 0.00910912 -0.01693204
v 0.07210083 0.00831342 -0.01865790
v 0.06812508 0.00293488 -0.02293941
v 0.07187227 -0.01303670 -0.02165431
v 0.07315291 -0.01496701 -0.02098744
v 0.07187013 -0.01337678 -0.02176523
v 0.07184813 -0.01544398 -0.02206093
v 0.07164757 -0.01313917 -0.02188198
v 0.07379684 -0.01627778 -0.02035334
v 0.07381137 -0.01446294 -0.01989123
v 0.07378914 -0.01692378 -0.02041053
v 0.07405792 -0.01678643 -0.02010709
v 0.07382166 -0.01322247 -0.01959071
v 0.07383116 -0.01193359 -0.01922785
v 0.07384532 -0.01021327 -0.01880616
v 0.07449114 -0.01146261 -0.01820124
v 0.07426914 -0.01412445 -0.01915429
v 0.07532263 -0.01328100 -0.01732262
v 0.07222382 0.02028634 -0.01675820
v 0.06989782 -0.01370342 -0.02316288
v 0.06992020 -0.01124677 -0.02265239
v 0.06991803 -0.01148130 -0.02269951
v 0.07452725 -0.01859972 -0.01923703
v 0.06635423 0.01986300 -0.02262406
v 0.06686069 0.02003634 -0.02223221
v 0.06636039 0.02054266 -0.02248142
v 0.06637515 0.02236075 -0.02202709
v 0.06735056 0.02269440 -0.02127282
v 0.07500798 -0.00166831 -0.01620459
v 0.07393192 -0.00242158 -0.01784761
v 0.07392667 -0.00284665 -0.01787751
v 0.07390342 -0.00470673 -0.01799736
v 0.07458236 -0.00432729 -0.01716246
v 0.07222801 0.02152130 -0.01620280
v 0.07147851 0.02254623 -0.01670279
v 0.06834489 0.02315952 -0.02024077
v 0.06835082 0.02430998 -0.01980916
v 0.06732977 0.02535964 -0.02032551
v 0.07332429 0.01624196 -0.01588903
v 0.07270529 0.02072229 -0.01581483
v 0.07372718 -0.00698024 -0.01813047
v 0.06639167 0.02498152 -0.02117142
v 0.06638366 0.02353671 -0.02168967
v 0.07029515 0.02417886 -0.01749906
v 0.07018965 0.02437102 -0.01759221
v 0.07375031 -0.01891971 -0.01995197
v 0.07474136 -0.01593780 -0.01828417
v 0.06639699 0.02613665 -0.02071075
v 0.06728641 0.01555869 -0.02231098
v 0.06629674 0.01530612 -0.02289532
v 0.06805275 -0.00257646 -0.02314872
v 0.06806717 -0.00143124 -0.02307940
v 0.07181066 -0.01747772 -0.02168187
v 0.07327012 0.01177104 -0.01597914
v 0.07384571 -0.00925725 -0.01825528
v 0.07431205 -0.00879516 -0.01725768
v 0.07385890 -0.00760298 -0.01783216
v 0.07386733 -0.00677937 -0.01770013
v 0.07463714 -0.00613478 -0.01630220
v 0.06834568 0.02617840 -0.01848277
v 0.07470108 -0.02040890 -0.01837395
v 0.07400763 0.00657679 -0.01571194
v 0.07361423 0.00729456 -0.01605986
v 0.07454253 0.00547481 -0.01517896
v 0.07029324 0.02455786 -0.01719334
v 0.07088299 0.02521951 -0.01576905
v 0.07206645 0.02339620 -0.01488212
v 0.07221467 0.02306477 -0.01472204
v 0.06831571 0.02620403 -0.01849546
v 0.06623792 0.01078693 -0.02308735
v 0.06626549 0.01309799 -0.02288310
v 0.06762194 0.01108234 -0.02239188
v 0.06625453 0.01220500 -0.02294882
v 0.07370425 -0.02071264 -0.01906640
v 0.07028088 0.02568558 -0.01600084
v 0.06847263 0.02706004 -0.01668497
v 0.06637568 0.02736493 -0.01908029
v 0.06833978 0.02638668 -0.01810965
v 0.06831839 0.02716969 -0.01673972
v 0.07176358 -0.01924242 -0.02073697
v 0.07073682 -0.01940478 -0.02113336
v 0.07390429 -0.02220444 -0.01753382
v 0.07171660 -0.02100977 -0.01979757
v 0.06978080 -0.01967568 -0.02175448
v 0.06323409 -0.01568614 -0.02302857
v 0.06382038 -0.01755368 -0.02226647
v 0.06377054 -0.01750039 -0.02215693
v 0.06387615 -0.01603268 -0.02372400
v 0.06584128 -0.01818844 -0.02349541
v 0.06180737 -0.01713989 -0.02150232
v 0.06176087 -0.01892062 -0.02059113
v 0.06335728 -0.01930131 -0.02130773
v 0.06372707 -0.02110648 -0.02042580
v 0.06373059 -0.02098359 -0.02050160
v 0.06171025 -0.02058588 -0.01943700
v 0.06010860 -0.01839755 -0.01957774
v 0.06044836 -0.02020905 -0.01871074
v 0.06165896 -0.02223224 -0.01824317
v 0.06367388 -0.02269964 -0.01912007
v 0.05968986 -0.01996511 -0.01823748
v 0.05974039 -0.01829750 -0.01938666
v 0.06374824 -0.02111353 -0.02043952
v 0.06574790 -0.02173949 -0.02165107
v 0.06041053 -0.01659507 -0.02042956
v 0.05978296 -0.01640655 -0.02006605
v 0.06378203 -0.01956281 -0.02183568
v 0.06580197 -0.02017068 -0.02300805
v 0.06110488 -0.02202497 -0.01783626
v 0.05798631 -0.01750958 -0.01782112
v 0.05815858 -0.01570528 -0.01867601
v 0.06184656 -0.01515410 -0.02198223
v 0.06123097 -0.01479984 -0.02126914
v 0.06162857 -0.02295414 -0.01738563
v 0.05981731 -0.01428537 -0.02026116
v 0.05893943 -0.01390950 -0.01951652
v 0.06138278 -0.01299524 -0.02212453
v 0.05986648 -0.01257929 -0.02132943
v 0.06156320 -0.01119104 -0.02297923
v 0.05866783 -0.01209896 -0.02038191
v 0.05991421 -0.01083314 -0.02231340
v 0.05778713 -0.01339025 -0.01848462
v 0.05783851 -0.01174635 -0.01968366
v 0.05651044 -0.01121049 -0.01862611
v 0.06188835 -0.01324152 -0.02261616
v 0.06193061 -0.01134196 -0.02327742
v 0.05775018 -0.01543851 -0.01813610
v 0.05700281 -0.01302413 -0.01775551
v 0.06390020 -0.01362269 -0.02331169
v 0.06194145 -0.01056092 -0.02327239
v 0.06196679 -0.00927191 -0.02358010
v 0.05668914 -0.01482646 -0.01690395
v 0.05770485 -0.01725208 -0.01729397
v 0.06387670 -0.01519612 -0.02325064
v 0.06394146 -0.01169518 -0.02391418
v 0.05795255 -0.00877450 -0.02274628
v 0.05584204 -0.01035981 -0.01904189
v 0.05995732 -0.00895713 -0.02302422
v 0.06000112 -0.00710086 -0.02377654
v 0.05672516 -0.00845826 -0.02214575
v 0.05716385 -0.00665769 -0.02299435
v 0.05593613 -0.00826493 -0.02178066
v 0.05799233 -0.00680532 -0.02326113
v 0.05587576 -0.00965698 -0.02005190
v 0.06397954 -0.00967838 -0.02432887
v 0.05801521 -0.00557069 -0.02349670
v 0.06004196 -0.00516136 -0.02435381
v 0.05865790 -0.00487191 -0.02381801
v 0.05598330 -0.00650303 -0.02273150
v 0.05575057 -0.01231649 -0.01633230
v 0.05581306 -0.01098373 -0.01818579
v 0.05962361 -0.02119235 -0.01616210
v 0.05572525 -0.01291359 -0.01561496
v 0.05521569 -0.01214086 -0.01599098
v 0.05373113 -0.01172250 -0.01518911
v 0.05603588 -0.01395909 -0.01511263
v 0.05860929 -0.01932505 -0.01694743
v 0.06303181 -0.00940491 -0.02380350
v 0.05379876 -0.01053392 -0.01734587
v 0.05377129 -0.01109155 -0.01651435
v 0.05708907 -0.01663878 -0.01603554
v 0.05956106 -0.02114511 -0.01606597
v 0.05568678 -0.01361246 -0.01440144
v 0.05369423 -0.01207205 -0.01383472
v 0.05961942 -0.02124636 -0.01601685
v 0.06360739 -0.02392014 -0.01703049
v 0.05765270 -0.01785780 -0.01544643
v 0.05795776 -0.01845770 -0.01515604
v 0.05565068 -0.01379532 -0.01298224
v 0.05625495 -0.01491066 -0.01244172
v 0.05559863 -0.01422612 -0.01103546
v 0.05363270 -0.01243712 -0.01144740
v 0.05686419 -0.01577742 -0.01423410
v 0.05758316 -0.01759424 -0.01335814
v 0.05498496 -0.01308614 -0.01333070
v 0.05712436 -0.01672959 -0.01156221
v 0.05755083 -0.01774828 -0.01107066
v 0.05760583 -0.01764221 -0.01333495
v 0.05848784 -0.01941364 -0.01247780
v 0.05791051 -0.01854733 -0.01068467
v 0.05946662 -0.02123409 -0.01159570
v 0.05878903 -0.02036638 -0.00980495
v 0.05944876 -0.02178970 -0.00911707
v 0.05942966 -0.02192467 -0.00838891
v 0.05887804 -0.02131613 -0.00713710
v 0.05951290 -0.02132105 -0.01155358
v 0.05951732 -0.02129733 -0.01172615
v 0.05917950 -0.02028155 -0.01426821
v 0.05957331 -0.02100063 -0.01391966
v 0.05840752 -0.01950281 -0.00800718
v 0.05773532 -0.01768666 -0.00888203
v 0.05751196 -0.01721603 -0.00910957
v 0.05558703 -0.01424400 -0.01055521
v 0.05675851 -0.01586624 -0.00976408
v 0.05747677 -0.01702796 -0.00750905
v 0.05760977 -0.01767133 -0.01351903
v 0.05746592 -0.01696760 -0.00701369
v 0.05739492 -0.01682368 -0.00708332
v 0.05742062 -0.01668979 -0.00493175
v 0.05819468 -0.01864162 -0.00620545
v 0.05831658 -0.02045005 -0.00534361
v 0.05926115 -0.02227003 -0.00446232
v 0.05627904 -0.01500131 -0.00796865
v 0.05792512 -0.01777962 -0.00440505
v 0.05737197 -0.01654442 -0.00278689
v 0.05695004 -0.01595922 -0.00528706
v 0.05809546 -0.01958874 -0.00354206
v 0.05834247 -0.02139894 -0.00267726
v 0.05759586 -0.01691679 -0.00260606
v 0.05735174 -0.01660768 -0.00196827
v 0.05730524 -0.01711557 -0.00030169
v 0.05758978 -0.01786522 0.00005953
v 0.05685001 -0.01604812 -0.00081691
v 0.05727011 -0.01740390 0.00101375
v 0.05723661 -0.01776196 0.00221922
v 0.05696637 -0.01699827 0.00185156
v 0.05760733 -0.01881399 0.00272568
v 0.05592406 -0.01517693 0.00096797
v 0.05718160 -0.01786858 0.00448378
v 0.05641340 -0.01613230 0.00364527
v 0.05717649 -0.01786401 0.00470275
v 0.05681460 -0.01708644 0.00632049
v 0.05712874 -0.01789024 0.00670796
v 0.05722233 -0.01795037 0.00452336
v 0.05759293 -0.01890408 0.00719785
v 0.05796871 -0.02062577 0.00359318
v 0.05835438 -0.02148939 0.00179553
v 0.05787221 -0.01976620 0.00539768
v 0.05846676 -0.02158127 0.00627069
v 0.05798067 -0.02071624 0.00806597
v 0.05857138 -0.02253126 0.00893890
v 0.05890404 -0.02244562 0.00447425
v 0.05734809 -0.01804243 0.00899883
v 0.05774220 -0.01985468 0.00986711
v 0.05752078 -0.01899337 0.01166863
v 0.05703385 -0.01750465 0.01095260
v 0.05697067 -0.01826348 0.01317600
v 0.05693987 -0.01717850 0.01079594
v 0.05695945 -0.01837950 0.01358206
v 0.05746411 -0.01994109 0.01433304
v 0.05689305 -0.01812635 0.01346058
v 0.05793152 -0.02080586 0.01253731
v 0.05705199 -0.01745871 0.01021197
v 0.05655726 -0.01631492 0.01259368
v 0.05824976 -0.02166853 0.01073807
v 0.05691202 -0.01818604 0.01570406
v 0.05665483 -0.01726480 0.01526172
v 0.05647960 -0.01622353 0.00811934
v 0.05708499 -0.01755084 0.00876065
v 0.05781224 -0.01872655 -0.00174198
v 0.05724375 -0.01907979 0.01613460
v 0.05838231 -0.02176069 0.01521371
v 0.05777937 -0.01967461 0.00092298
v 0.05875386 -0.02235321 -0.00000180
v 0.05641120 -0.01545465 0.01439699
v 0.05687129 -0.01772707 0.01769995
v 0.05599191 -0.01535849 0.00991458
v 0.05546679 -0.01449291 0.01170895
v 0.05579836 -0.01526546 0.00543751
v 0.05533061 -0.01440069 0.00723322
v 0.05780625 -0.02053320 -0.00088315
v 0.05526743 -0.01447078 0.00283590
v 0.05521589 -0.01444000 0.00503518
v 0.05528652 -0.01363217 0.01351146
v 0.05516941 -0.01420898 0.00713935
v 0.05511853 -0.01415199 0.00932616
v 0.05507125 -0.01395254 0.01144533
v 0.05511409 -0.01457825 0.01617311
v 0.05590009 -0.01639600 0.01705065
v 0.05496084 -0.01418176 0.01598201
v 0.05585836 -0.01553720 0.01885643
v 0.05501939 -0.01341192 0.01396094
v 0.05553909 -0.01407089 -0.00842355
v 0.05629474 -0.01509182 -0.00349577
v 0.05543828 -0.01391988 -0.00406747
v 0.05527664 -0.01445374 0.00245606
v 0.05532279 -0.01434988 0.00056456
v 0.05494728 -0.01447492 0.01638178
v 0.05515699 -0.01418446 0.00767921
v 0.05503275 -0.01340538 0.01339933
v 0.05841500 -0.02090294 0.01702125
v 0.05512360 -0.01430749 0.00275583
v 0.05295077 -0.01251020 0.01736799
v 0.05388848 -0.01370286 0.01795092
v 0.05540530 -0.01404053 -0.01065502
v 0.05739350 -0.01822368 0.01794491
v 0.05292084 -0.01162357 0.01916074
v 0.05451634 -0.01353106 0.00902074
v 0.05379802 -0.01266277 0.01081055
v 0.05306909 -0.01196790 0.01268261
v 0.05382588 -0.01275347 0.01528371
v 0.05489904 -0.01455745 0.01837436
v 0.05459223 -0.01317092 -0.00886748
v 0.05298486 -0.01239487 0.01599397
v 0.05348065 -0.01224315 -0.00489784
v 0.05473163 -0.01326318 -0.00439167
v 0.05350420 -0.01238776 -0.00261390
v 0.05342629 -0.01232442 -0.00264534
v 0.05433131 -0.01334787 0.00007136
v 0.05332403 -0.01264884 0.00148946
v 0.05412531 -0.01343527 0.00453901
v 0.05320940 -0.01262668 0.00635383
v 0.05331307 -0.01266450 0.00194400
v 0.05358059 -0.01242890 -0.00923742
v 0.05325830 -0.01276198 0.00420420
v 0.05321388 -0.01264550 0.00615325
v 0.05316152 -0.01245121 0.00848437
v 0.05336859 -0.01253765 -0.00033017
v 0.05342298 -0.01233801 -0.00251348
v 0.05311489 -0.01222599 0.01059130
v 0.05685971 -0.01611353 0.01914742
v 0.05202907 -0.01187007 0.01704802
v 0.05191053 -0.01101019 0.01885199
v 0.05488600 -0.01300187 0.01984936
v 0.05468041 -0.01285575 0.01977640
v 0.05882579 -0.01952741 0.01858904
v 0.05684926 -0.01445526 0.02057365
v 0.05684769 -0.01481687 0.02042552
v 0.07309391 -0.02339947 0.00516844
v 0.07174178 -0.02443236 0.00563657
v 0.07305279 -0.02350221 0.00300181
v 0.07111579 -0.02460671 0.00349406
v 0.07117059 -0.02450825 0.00123340
v 0.07107762 -0.02468909 0.00506078
v 0.07106153 -0.02468386 0.00574460
v 0.07100605 -0.02480947 0.00801817
v 0.07298568 -0.02354240 0.00966414
v 0.07168171 -0.02452181 0.01010766
v 0.07257309 -0.02367610 0.01193549
v 0.07097190 -0.02481030 0.00946259
v 0.07162176 -0.02434036 0.00116123
v 0.07320605 -0.02310217 0.00059944
v 0.07294493 -0.02341041 -0.00147325
v 0.07122324 -0.02449507 -0.00098677
v 0.07118192 -0.02452835 0.00074209
v 0.07332151 -0.02267277 -0.00403234
v 0.07269624 -0.02331662 -0.00595161
v 0.07133941 -0.02403785 -0.00563174
v 0.07138421 -0.02402982 -0.00752282
v 0.07139266 -0.02400087 -0.00786321
v 0.07111111 -0.02415261 -0.00779584
v 0.06926121 -0.02506509 -0.00296384
v 0.06937298 -0.02478206 -0.00752607
v 0.06943403 -0.02443609 -0.00990431
v 0.07145409 -0.02363965 -0.01024869
v 0.07342426 -0.02274721 -0.00842477
v 0.07344397 -0.02266998 -0.00921315
v 0.07239660 -0.02322212 -0.01043121
v 0.07147839 -0.02358537 -0.01124477
v 0.07151324 -0.02336899 -0.01259114
v 0.07332851 -0.02228667 -0.01307491
v 0.07156932 -0.02321987 -0.01487588
v 0.07337645 -0.02256883 -0.00629560
v 0.07333338 -0.02265438 -0.00452355
v 0.06949374 -0.02414324 -0.01225730
v 0.06955061 -0.02396266 -0.01455698
v 0.06984588 -0.02404456 -0.01229824
v 0.06950003 -0.02414260 -0.01252302
v 0.06940673 -0.02461191 -0.00885337
v 0.06930268 -0.02477951 -0.00454915
v 0.06932372 -0.02466116 -0.00536959
v 0.06915462 -0.02514278 0.00150087
v 0.07095485 -0.02476518 0.01021103
v 0.07090875 -0.02451904 0.01230802
v 0.07157664 -0.02325486 -0.01520634
v 0.06959665 -0.02376652 -0.01638875
v 0.06920204 -0.02504305 -0.00044671
v 0.06920970 -0.02503317 -0.00076510
v 0.06961099 -0.02364312 -0.01692266
v 0.06910242 -0.02513842 0.00371270
v 0.06904839 -0.02520632 0.00595884
v 0.06909554 -0.02514207 0.00400179
v 0.06899364 -0.02530264 0.00821850
v 0.06899118 -0.02530124 0.00832375
v 0.07191559 -0.02312507 -0.01491508
v 0.07358840 -0.02246203 -0.01520193
v 0.06894322 -0.02522773 0.01039682
v 0.07163903 -0.02253085 -0.01741706
v 0.06748430 -0.02451881 -0.01211283
v 0.06751228 -0.02443688 -0.01324821
v 0.06754183 -0.02431215 -0.01442490
v 0.06742592 -0.02475939 -0.00978466
v 0.06760238 -0.02398608 -0.01679368
v 0.06793951 -0.02392753 -0.01681580
v 0.06760594 -0.02397794 -0.01693966
v 0.06736450 -0.02511989 -0.00739953
v 0.06741574 -0.02481508 -0.00938693
v 0.06731486 -0.02501401 -0.00523591
v 0.06731309 -0.02502225 -0.00516595
v 0.06725595 -0.02527526 -0.00289793
v 0.07364629 -0.02224112 -0.01752076
v 0.07534638 -0.02136645 -0.01569298
v 0.06889794 -0.02494932 0.01247847
v 0.06709783 -0.02532200 0.00376598
v 0.06801410 -0.02523830 0.00374172
v 0.06710351 -0.02531628 0.00352916
v 0.06715000 -0.02532780 0.00155483
v 0.06704432 -0.02536919 0.00600228
v 0.06855715 -0.02533621 0.00822706
v 0.06699801 -0.02544350 0.00791833
v 0.06698953 -0.02546747 0.00826287
v 0.06559855 -0.02413955 -0.01675471
v 0.06693888 -0.02540164 0.01044550
v 0.06689017 -0.02525895 0.01259162
v 0.06720621 -0.02511067 -0.00069516
v 0.06720791 -0.02510597 -0.00076445
v 0.06967030 -0.02274688 -0.01890084
v 0.06561031 -0.02405114 -0.01719983
v 0.07364806 -0.02222188 -0.01758416
v 0.06885841 -0.02444285 0.01445179
v 0.06818620 -0.02456309 0.01449755
v 0.06687585 -0.02510394 0.01328929
v 0.07087077 -0.02395144 0.01425229
v 0.06685038 -0.02476273 0.01456980
v 0.07165346 -0.02232403 -0.01790521
v 0.07289839 -0.02285544 0.01376562
v 0.07290291 -0.02292584 0.01353252
v 0.06767586 -0.02285356 -0.01923142
v 0.07084179 -0.02302694 0.01602707
v 0.06882932 -0.02352293 0.01622874
v 0.07285502 -0.02196363 0.01555569
v 0.06737339 -0.02369348 0.01628512
v 0.07287450 -0.02212944 0.01520763
v 0.06769263 -0.02248330 -0.01972139
v 0.06682361 -0.02375081 0.01630305
v 0.06774211 -0.02162636 -0.02130691
v 0.06681904 -0.02351162 0.01663852
v 0.06534509 -0.02280683 0.01804396
v 0.06479236 -0.02291846 0.01808766
v 0.06680327 -0.02248431 0.01791537
v 0.06118330 -0.02401423 0.00082911
v 0.06321612 -0.02478441 -0.00098504
v 0.06319793 -0.02478043 -0.00021294
v 0.06123331 -0.02410551 -0.00134144
v 0.06326636 -0.02486646 -0.00315996
v 0.06163106 -0.02420027 0.00092516
v 0.06316538 -0.02472204 0.00119924
v 0.06117168 -0.02399555 0.00133175
v 0.06330865 -0.02479959 -0.00491000
v 0.06113502 -0.02385441 0.00296710
v 0.06311761 -0.02454230 0.00332777
v 0.06108466 -0.02377707 0.00514425
v 0.06307978 -0.02455306 0.00492208
v 0.06239944 -0.02430136 0.00541581
v 0.06105492 -0.02380698 0.00638515
v 0.06103288 -0.02375591 0.00734810
v 0.06306488 -0.02455871 0.00554945
v 0.06027473 -0.02341335 0.00717238
v 0.05900130 -0.02293626 0.00913874
v 0.05902413 -0.02289497 0.00819725
v 0.06300886 -0.02470528 0.00783298
v 0.06509488 -0.02502535 0.00403488
v 0.06510623 -0.02499093 0.00357479
v 0.06499536 -0.02523839 0.00812013
v 0.06504890 -0.02518982 0.00588315
v 0.06499234 -0.02523540 0.00824983
v 0.06297758 -0.02477268 0.00911690
v 0.06097518 -0.02396919 0.00966331
v 0.06193179 -0.02438510 0.00987727
v 0.06295440 -0.02479027 0.01008725
v 0.06095005 -0.02395185 0.01073721
v 0.06092760 -0.02378156 0.01178808
v 0.06290423 -0.02470551 0.01226089
v 0.06488975 -0.02527735 0.01256643
v 0.06494378 -0.02520945 0.01032028
v 0.06286003 -0.02438408 0.01432210
v 0.06087886 -0.02364008 0.01393477
v 0.06035003 -0.02350471 0.01164667
v 0.06083553 -0.02328417 0.01597962
v 0.05911271 -0.02266777 0.00458340
v 0.05906384 -0.02253149 0.00673258
v 0.06023576 -0.02332250 0.00269896
v 0.05983415 -0.02322657 -0.00178305
v 0.05916647 -0.02262991 0.01342546
v 0.05912577 -0.02265952 0.00403571
v 0.05921468 -0.02277318 0.00020569
v 0.05924252 -0.02284759 -0.00101664
v 0.05916659 -0.02260563 0.00234000
v 0.05886295 -0.02220004 0.01543073
v 0.05895916 -0.02253351 0.01116134
v 0.06332119 -0.02476695 -0.00542112
v 0.06134159 -0.02396057 -0.00583807
v 0.06338187 -0.02443556 -0.00779243
v 0.06237643 -0.02403014 -0.00800224
v 0.06138279 -0.02374417 -0.00745301
v 0.06340407 -0.02438989 -0.00870500
v 0.06140266 -0.02361405 -0.00821658
v 0.06343499 -0.02440350 -0.01002156
v 0.06146089 -0.02337967 -0.01054181
v 0.06349408 -0.02413506 -0.01236296
v 0.06298811 -0.02394840 -0.01246028
v 0.06147865 -0.02334672 -0.01127382
v 0.06350609 -0.02416505 -0.01288885
v 0.06151899 -0.02315033 -0.01286463
v 0.06354984 -0.02399873 -0.01464162
v 0.06156804 -0.02327971 -0.01501709
v 0.06360311 -0.02396090 -0.01687349
v 0.06334505 -0.02386311 -0.01692436
v 0.06158572 -0.02326358 -0.01575570
v 0.06541453 -0.02473216 -0.00931872
v 0.06536902 -0.02494282 -0.00751757
v 0.06531763 -0.02490626 -0.00532102
v 0.06636127 -0.02521512 0.00370267
v 0.06515821 -0.02500439 0.00136729
v 0.06520363 -0.02498934 -0.00054615
v 0.06521079 -0.02499362 -0.00085174
v 0.06542746 -0.02470002 -0.00984679
v 0.06548546 -0.02447468 -0.01216772
v 0.06551206 -0.02438146 -0.01323784
v 0.06545135 -0.02529266 0.00815367
v 0.06526102 -0.02507621 -0.00302641
v 0.06554458 -0.02420511 -0.01450967
v 0.06531128 -0.02492238 -0.00506208
v 0.06487915 -0.02514714 0.01309222
v 0.06351382 -0.02449758 0.01438715
v 0.06284468 -0.02413192 0.01512140
v 0.06215606 -0.02362033 0.01616184
v 0.06282297 -0.02377999 0.01624906
v 0.06485173 -0.02471111 0.01451136
v 0.06026302 -0.02314229 -0.00624540
v 0.05891143 -0.02235193 0.01328898
v 0.05932969 -0.02236178 -0.00441753
v 0.05927082 -0.02262148 -0.00208028
v 0.05938466 -0.02225637 -0.00668149
v 0.06279177 -0.02294367 0.01806571
v 0.05981476 -0.02218748 -0.00892174
v 0.06113296 -0.02306418 -0.01069736
v 0.06223903 -0.02276328 0.01797057
v 0.06080893 -0.02226551 0.01770966
v 0.05889385 -0.02232775 0.01404709
v 0.05933476 -0.02234890 -0.00462444
v 0.06126541 -0.02297574 -0.01516673
v 0.06481949 -0.02391579 0.01634749
v 0.06061193 -0.02210836 -0.01337540
v 0.05883437 -0.02125968 0.01719796
v -0.00860792 -0.01166420 -0.00179674
v -0.01061388 -0.01190211 -0.00171766
v -0.01056310 -0.01196267 -0.00390278
v -0.00865732 -0.01154883 0.00036237
v -0.00855634 -0.01169305 -0.00399692
v -0.00665342 -0.01139224 0.00032191
v -0.01256232 -0.01193380 -0.00395042
v -0.01261367 -0.01189550 -0.00175473
v -0.01455852 -0.01178520 -0.00405493
v -0.00666676 -0.01143197 0.00086286
v -0.01461384 -0.01190425 -0.00178449
v -0.01253496 -0.01189441 -0.00508517
v -0.00660316 -0.01147381 -0.00185325
v -0.01264214 -0.01197444 -0.00059677
v -0.01464053 -0.01197041 -0.00069449
v -0.01661356 -0.01189473 -0.00182294
v -0.01655728 -0.01173765 -0.00411144
v -0.01064657 -0.01189951 -0.00033296
v -0.01663858 -0.01197576 -0.00081194
v -0.01861604 -0.01199481 -0.00180933
v -0.01863341 -0.01207161 -0.00111976
v -0.01867498 -0.01225741 0.00052932
v -0.02067933 -0.01243134 0.00057801
v -0.02063005 -0.01211652 -0.00132043
v -0.02268350 -0.01259850 0.00062348
v -0.01872920 -0.01233300 0.00277912
v -0.00467263 -0.01131654 0.00121187
v -0.00671498 -0.01175859 0.00270983
v -0.00872016 -0.01196577 0.00277431
v -0.00675893 -0.01193267 0.00446647
v -0.00875466 -0.01200328 0.00421175
v -0.01072260 -0.01206426 0.00278717
v -0.01075072 -0.01206442 0.00397695
v -0.01077623 -0.01211637 0.00502582
v -0.01272421 -0.01212989 0.00278442
v -0.01278231 -0.01235878 0.00510704
v -0.01083012 -0.01217864 0.00726929
v -0.01283515 -0.01237963 0.00733083
v -0.01478294 -0.01238571 0.00508591
v -0.01483744 -0.01247215 0.00734085
v -0.01284750 -0.01238697 0.00784906
v -0.00882787 -0.01208791 0.00726011
v -0.00886164 -0.01208880 0.00868862
v -0.01678345 -0.01240782 0.00506248
v -0.01683735 -0.01247050 0.00730614
v -0.01878347 -0.01241044 0.00502980
v -0.01851697 -0.01250701 0.00729501
v -0.01474252 -0.01219602 0.00348772
v -0.01883774 -0.01251296 0.00726544
v -0.02078559 -0.01249601 0.00503652
v -0.02083160 -0.01263578 0.00690090
v -0.02279073 -0.01270160 0.00510025
v -0.02282408 -0.01279736 0.00645483
v -0.02284806 -0.01290026 0.00740850
v -0.02479551 -0.01289276 0.00515712
v -0.02273656 -0.01262794 0.00285136
v -0.02485301 -0.01309828 0.00746863
v -0.01066698 -0.01193306 0.00051095
v -0.01085744 -0.01215749 0.00843795
v -0.00686584 -0.01202029 0.00893894
v -0.00888070 -0.01210812 0.00948362
v -0.00687855 -0.01202110 0.00947621
v -0.00486743 -0.01202503 0.00903517
v -0.00682792 -0.01208794 0.00729405
v -0.00692965 -0.01197327 0.01166739
v -0.00893303 -0.01210881 0.01169785
v -0.00697895 -0.01185384 0.01382456
v -0.00492919 -0.01195316 0.01169177
v -0.02084248 -0.01267734 0.00733654
v -0.00476587 -0.01178741 0.00487821
v -0.00677291 -0.01198124 0.00502948
v -0.00471050 -0.01157946 0.00265867
v -0.01274413 -0.01219991 0.00358575
v -0.02073243 -0.01246249 0.00280670
v -0.02473967 -0.01275323 0.00287695
v -0.02262563 -0.01219126 -0.00158383
v -0.02481613 -0.01297112 0.00598315
v -0.00736733 -0.01189544 0.01383775
v -0.00698239 -0.01183786 0.01397944
v -0.00611244 -0.01191304 0.01386740
v -0.00702633 -0.01165820 0.01594553
v -0.00897185 -0.01208416 0.01335517
v -0.01093702 -0.01226886 0.01173995
v -0.01096195 -0.01231248 0.01276872
v -0.01293762 -0.01229444 0.01171817
v -0.01098995 -0.01229295 0.01396529
v -0.01298553 -0.01211979 0.01384911
v -0.01103272 -0.01191515 0.01599973
v -0.01303081 -0.01184130 0.01593073
v -0.01498539 -0.01211610 0.01381343
v -0.01503695 -0.01208624 0.01601315
v -0.01699578 -0.01252947 0.01397586
v -0.01307760 -0.01162233 0.01804062
v -0.01496031 -0.01226004 0.01266662
v -0.01704616 -0.01245310 0.01615348
v -0.01900284 -0.01281118 0.01407574
v -0.01894927 -0.01276146 0.01183823
v -0.01310631 -0.01130121 0.01944633
v -0.01239689 -0.01105700 0.01999817
v -0.01111100 -0.01087156 0.01993183
v -0.01694987 -0.01250349 0.01204835
v -0.01311883 -0.01118351 0.02004607
v -0.00903026 -0.01181593 0.01598653
v -0.01107619 -0.01156484 0.01804723
v -0.01296506 -0.01217614 0.01294929
v -0.02095943 -0.01316566 0.01199630
v -0.01894015 -0.01272667 0.01147272
v -0.00498247 -0.01199129 0.01392378
v -0.02101211 -0.01318010 0.01421705
v -0.00502947 -0.01178090 0.01603774
v -0.00507241 -0.01140938 0.01807517
v -0.00707036 -0.01133030 0.01800368
v -0.00307290 -0.01142704 0.01811748
v -0.00310338 -0.01056209 0.01992053
v -0.00510266 -0.01053569 0.01987406
v -0.00303413 -0.01196358 0.01615844
v -0.01673843 -0.01226128 0.00324425
v -0.02296691 -0.01346352 0.01210385
v -0.00854584 -0.01168782 -0.00443823
v -0.02061750 -0.01205470 -0.00181481
v -0.00110526 -0.01063480 0.01998899
v -0.01466941 -0.01203293 0.00049054
v -0.02290655 -0.01314484 0.00973859
v -0.02450082 -0.01337163 0.00981936
v -0.02291821 -0.01324327 0.01017370
v -0.02491340 -0.01341805 0.00983443
v -0.01053771 -0.01186647 -0.00492020
v -0.01986831 -0.01239776 0.00279058
v -0.01830977 -0.01269051 0.01624492
v -0.02301535 -0.01331008 0.01424487
v -0.02103657 -0.01305918 0.01532385
v -0.02303293 -0.01311207 0.01510639
v -0.01667157 -0.01212067 0.00049829
v -0.02462462 -0.01234015 -0.00174707
v -0.02468631 -0.01271174 0.00064334
v -0.02668515 -0.01266775 0.00058852
v -0.02471475 -0.01272848 0.00183675
v -0.02671520 -0.01266654 0.00186083
v -0.02868390 -0.01261976 0.00053180
v -0.02871140 -0.01272390 0.00163398
v -0.02662312 -0.01216337 -0.00173759
v -0.02874078 -0.01280092 0.00283175
v -0.02382004 -0.01225205 -0.00177531
v -0.02462002 -0.01229947 -0.00191765
v -0.02456714 -0.01213548 -0.00405817
v -0.02862097 -0.01217443 -0.00186705
v -0.03074128 -0.01282226 0.00280796
v -0.03071122 -0.01267979 0.00162055
v -0.02879764 -0.01298104 0.00513121
v -0.03273934 -0.01274738 0.00273847
v -0.03271303 -0.01257991 0.00172442
v -0.03473678 -0.01264765 0.00265717
v -0.03267278 -0.01218312 0.00025655
v -0.02501581 -0.01333010 0.01422046
v -0.02502547 -0.01327198 0.01466384
v -0.02638080 -0.01343556 0.01424744
v -0.02506249 -0.01310721 0.01632848
v -0.03079684 -0.01295101 0.00508302
v -0.01904602 -0.01284334 0.01588405
v -0.02661926 -0.01212992 -0.00188085
v -0.02655742 -0.01175236 -0.00427408
v -0.02855578 -0.01168931 -0.00433796
v -0.02651553 -0.01216545 -0.00629176
v -0.02452037 -0.01235529 -0.00616766
v -0.02257003 -0.01224831 -0.00397066
v -0.02251681 -0.01215705 -0.00616862
v -0.02052716 -0.01191619 -0.00555579
v -0.02851428 -0.01211756 -0.00634843
v -0.01684085 -0.01247491 0.00745167
v -0.02305781 -0.01291996 0.01627346
v -0.03471372 -0.01251131 0.00176250
v -0.03672704 -0.01226404 0.00244103
v -0.03479182 -0.01275579 0.00492244
v -0.03677894 -0.01224736 0.00464701
v -0.03876443 -0.01167465 0.00434105
v -0.03882523 -0.01201080 0.00671460
v -0.03481108 -0.01286664 0.00567189
v -0.03280830 -0.01299382 0.00551058
v -0.03485183 -0.01306081 0.00728121
v -0.03285091 -0.01302228 0.00729683
v -0.03290356 -0.01303566 0.00951710
v -0.03090415 -0.01305725 0.00956128
v -0.03091682 -0.01308563 0.01008047
v -0.03447774 -0.01323173 0.00958361
v -0.03081040 -0.01298419 0.00563703
v -0.03085130 -0.01303599 0.00733727
v -0.03291617 -0.01305447 0.01003980
v -0.03684271 -0.01270134 0.00707654
v -0.03690197 -0.01297625 0.00942103
v -0.03682150 -0.01252549 0.00628325
v -0.03887532 -0.01192258 0.00888661
v -0.02891536 -0.01317564 0.00999735
v -0.03095915 -0.01316379 0.01182578
v -0.02896297 -0.01331319 0.01193067
v -0.03101037 -0.01312020 0.01401898
v -0.02691275 -0.01329792 0.00984635
v -0.02901677 -0.01341749 0.01414538
v -0.02701604 -0.01348717 0.01410502
v -0.02917809 -0.01339633 0.01418134
v -0.03102370 -0.01317397 0.01455139
v -0.03301035 -0.01312150 0.01398567
v -0.03302260 -0.01315577 0.01448346
v -0.03306584 -0.01324719 0.01625927
v -0.03490668 -0.01245780 0.01585274
v -0.03106783 -0.01332432 0.01632983
v -0.01484217 -0.01248701 0.00753243
v -0.00476818 -0.01179189 0.00497347
v -0.00898426 -0.01206577 0.01389130
v -0.04076259 -0.01160349 0.00427332
v -0.04081621 -0.01165508 0.00651171
v -0.04276827 -0.01183041 0.00434718
v -0.04074200 -0.01157142 0.00342083
v -0.04281876 -0.01175822 0.00652678
v -0.04478064 -0.01232213 0.00454682
v -0.04085542 -0.01147664 0.00827696
v -0.04284645 -0.01167890 0.00774533
v -0.04433876 -0.01214495 0.00668486
v -0.04472575 -0.01222005 0.00228444
v -0.04674749 -0.01308315 0.00266048
v -0.04640356 -0.01297420 0.00482931
v -0.04669475 -0.01306607 0.00043847
v -0.04471515 -0.01222542 0.00183283
v -0.04629320 -0.01288545 0.00035941
v -0.04467616 -0.01232794 0.00012179
v -0.04287013 -0.01172060 0.00872282
v -0.04086409 -0.01147977 0.00864235
v -0.04092090 -0.01165753 0.01094069
v -0.04292682 -0.01189384 0.01101901
v -0.04488801 -0.01243077 0.00902622
v -0.04428334 -0.01223603 0.01115868
v -0.04492736 -0.01244606 0.01068228
v -0.04494152 -0.01247802 0.01126256
v -0.04095308 -0.01182357 0.01220401
v -0.03895242 -0.01189100 0.01216839
v -0.04098158 -0.01198903 0.01331205
v -0.04298822 -0.01225408 0.01340402
v -0.03898260 -0.01202776 0.01336437
v -0.03769336 -0.01232843 0.01131440
v -0.03694821 -0.01273597 0.01152079
v -0.03691835 -0.01289524 0.01016231
v -0.03699438 -0.01249252 0.01361905
v -0.03703251 -0.01193055 0.01556602
v -0.03500827 -0.01304078 0.01391340
v -0.03496035 -0.01321487 0.01178219
v -0.04102823 -0.01176473 0.01541940
v -0.04303166 -0.01190259 0.01545096
v -0.04500039 -0.01273795 0.01359993
v -0.04476613 -0.01231955 0.01561977
v -0.04106508 -0.01115210 0.01734230
v -0.04307026 -0.01135919 0.01740674
v -0.03906367 -0.01109458 0.01734891
v -0.04109504 -0.01026666 0.01913562
v -0.00702350 -0.01153906 -0.00404413
v -0.00850379 -0.01168365 -0.00621529
v -0.00655137 -0.01149436 -0.00405738
v -0.00650264 -0.01163661 -0.00620371
v -0.00845209 -0.01170815 -0.00841756
v -0.01045278 -0.01173720 -0.00843769
v -0.00645048 -0.01164235 -0.00841489
v -0.00843483 -0.01171504 -0.00915226
v -0.01043364 -0.01169918 -0.00922511
v -0.01039763 -0.01162507 -0.01070485
v -0.01245655 -0.01188867 -0.00839966
v -0.00839862 -0.01166252 -0.01065313
v -0.01034071 -0.01144234 -0.01300553
v -0.01234353 -0.01155610 -0.01298542
v -0.00834130 -0.01146394 -0.01296135
v -0.00639772 -0.01162467 -0.01063719
v -0.00633950 -0.01139072 -0.01296220
v -0.00633838 -0.01138328 -0.01300498
v -0.00439410 -0.01147955 -0.01067219
v -0.00434523 -0.01124060 -0.01259867
v -0.00234960 -0.01116724 -0.01233817
v -0.00238951 -0.01129589 -0.01072550
v -0.00244310 -0.01134648 -0.00848758
v -0.00044013 -0.01122717 -0.00851032
v -0.00444536 -0.01143784 -0.00847811
v -0.00038725 -0.01120463 -0.01073493
v -0.01242677 -0.01184262 -0.00963302
v -0.00035304 -0.01111989 -0.01213236
v -0.00046036 -0.01119612 -0.00763597
v 0.00156540 -0.01100616 -0.00858138
v 0.00161340 -0.01117694 -0.01071416
v -0.01033412 -0.01140424 -0.01326147
v -0.01232922 -0.01149239 -0.01355310
v -0.01434098 -0.01145681 -0.01306651
v -0.01228203 -0.01119238 -0.01537210
v -0.01028113 -0.01115462 -0.01535611
v -0.00433390 -0.01116735 -0.01303437
v -0.00449968 -0.01151720 -0.00622650
v -0.01445353 -0.01177069 -0.00848963
v -0.01442616 -0.01181047 -0.00967161
v -0.01440222 -0.01181061 -0.01068456
v -0.01644943 -0.01160998 -0.00859989
v -0.01450479 -0.01172894 -0.00629555
v -0.01650330 -0.01167179 -0.00635662
v -0.01844956 -0.01161697 -0.00863050
v -0.01850479 -0.01173248 -0.00636172
v -0.02045718 -0.01192086 -0.00852008
v -0.01842973 -0.01161215 -0.00946687
v -0.01643098 -0.01162612 -0.00939005
v -0.01653867 -0.01169187 -0.00487156
v -0.02050810 -0.01186561 -0.00633241
v -0.02246126 -0.01208438 -0.00847633
v 0.00356623 -0.01097158 -0.00856388
v 0.00361906 -0.01095091 -0.01078759
v 0.00363599 -0.01091069 -0.01147992
v 0.00562875 -0.01075708 -0.01105061
v 0.00367414 -0.01084144 -0.01305348
v 0.00567808 -0.01068369 -0.01309448
v 0.00712022 -0.01069857 -0.01084817
v 0.00373319 -0.01057453 -0.01539417
v 0.00573226 -0.01060977 -0.01534351
v 0.00768294 -0.01048907 -0.01315300
v 0.00772636 -0.01045788 -0.01497186
v 0.00972019 -0.01033406 -0.01460522
v 0.00968594 -0.01036848 -0.01317636
v 0.00962997 -0.01051318 -0.01089374
v 0.01163126 -0.01046035 -0.01088491
v 0.01168720 -0.01031681 -0.01316698
v 0.01363459 -0.01032683 -0.01091440
v 0.01368918 -0.01023650 -0.01317120
v 0.01371435 -0.01026873 -0.01425538
v 0.01563632 -0.01025640 -0.01091393
v 0.01560074 -0.01021786 -0.00938543
v 0.01759509 -0.01010880 -0.00904982
v 0.01763846 -0.01016971 -0.01092118
v 0.01161608 -0.01054950 -0.01029540
v 0.00961890 -0.01057938 -0.01046446
v 0.00957156 -0.01075478 -0.00856508
v 0.01157329 -0.01068464 -0.00856447
v 0.01151783 -0.01080895 -0.00629152
v 0.01352279 -0.01061074 -0.00635174
v 0.01350594 -0.01059577 -0.00562977
v 0.00756879 -0.01086628 -0.00854604
v 0.00952146 -0.01093231 -0.00655006
v 0.01357669 -0.01054787 -0.00859551
v 0.01552869 -0.01037513 -0.00642973
v 0.00762429 -0.01068124 -0.01078490
v 0.01571232 -0.01026116 -0.01413326
v 0.00752180 -0.01089275 -0.00657304
v 0.01171772 -0.01031408 -0.01445698
v 0.01360916 -0.01040463 -0.00988447
v 0.01837289 -0.00999814 -0.00877551
v 0.01959433 -0.00984360 -0.00882826
v 0.01964333 -0.00997507 -0.01097972
v 0.02159799 -0.00969690 -0.00886402
v 0.02164870 -0.00976051 -0.01104770
v 0.02359763 -0.00970919 -0.00882426
v 0.02357447 -0.00967827 -0.00782564
v 0.02557479 -0.00973649 -0.00784190
v 0.01768983 -0.01020727 -0.01311723
v 0.00751564 -0.01089942 -0.00631640
v 0.00951446 -0.01094432 -0.00626114
v 0.00946256 -0.01092818 -0.00405491
v 0.01146630 -0.01077785 -0.00409239
v 0.00745893 -0.01107382 -0.00401966
v 0.00941144 -0.01093284 -0.00189439
v 0.00741823 -0.01107393 -0.00229735
v 0.00545695 -0.01115373 -0.00401562
v 0.00542241 -0.01114202 -0.00254676
v 0.00959771 -0.01091391 -0.00184463
v 0.00345742 -0.01113697 -0.00405751
v 0.00351261 -0.01102311 -0.00632549
v 0.00151228 -0.01103817 -0.00635226
v 0.00342794 -0.01124778 -0.00287542
v 0.00145782 -0.01112300 -0.00409807
v 0.00339976 -0.01134889 -0.00174296
v 0.01141554 -0.01071638 -0.00190770
v 0.00740681 -0.01106589 -0.00180953
v 0.01558447 -0.01023782 -0.00870886
v 0.01969457 -0.01001742 -0.01317348
v 0.00140310 -0.01121832 -0.00183891
v 0.00172811 -0.01077768 -0.01533160
v 0.01374020 -0.01028789 -0.01536070
v 0.01574147 -0.01023568 -0.01535157
v 0.01580195 -0.00968902 -0.01758662
v 0.01780024 -0.00969025 -0.01748299
v 0.01380257 -0.00965720 -0.01762590
v 0.01774252 -0.01019236 -0.01533823
v 0.00556698 -0.01094001 -0.00854495
v 0.01568811 -0.01027723 -0.01311792
v 0.00773609 -0.01045625 -0.01538250
v 0.02559647 -0.00975326 -0.00876940
v 0.02757358 -0.00975175 -0.00776779
v 0.02554498 -0.00972062 -0.00657099
v 0.02754376 -0.00976746 -0.00651482
v 0.02749394 -0.00966852 -0.00434792
v 0.02549410 -0.00966416 -0.00438391
v 0.02949224 -0.00973403 -0.00428288
v 0.02946075 -0.00972249 -0.00294330
v 0.03146087 -0.00977519 -0.00294794
v 0.02944020 -0.00972320 -0.00207413
v 0.03149150 -0.00976158 -0.00423586
v 0.03345780 -0.00973809 -0.00276371
v 0.02744246 -0.00963549 -0.00214972
v 0.02954399 -0.00975630 -0.00648620
v 0.02938893 -0.00968177 0.00012010
v 0.03138740 -0.00974047 0.00018191
v 0.03135076 -0.00977321 0.00171300
v 0.02745928 -0.00963218 -0.00285955
v 0.03143880 -0.00977681 -0.00201474
v 0.02738947 -0.00966211 0.00007684
v 0.00334873 -0.01129814 0.00044684
v 0.00535266 -0.01114043 0.00040586
v 0.00531446 -0.01120043 0.00198710
v 0.00730952 -0.01111139 0.00228060
v 0.00529673 -0.01128389 0.00268790
v 0.00729961 -0.01116792 0.00266674
v 0.00930627 -0.01106927 0.00247539
v 0.00329478 -0.01136296 0.00269153
v 0.00524302 -0.01133918 0.00492806
v 0.00930123 -0.01110181 0.00266926
v 0.00323988 -0.01146529 0.00495403
v 0.00521406 -0.01147066 0.00607547
v 0.00321643 -0.01148781 0.00593320
v 0.00318531 -0.01155468 0.00721038
v 0.00124212 -0.01137836 0.00487882
v 0.00121408 -0.01137286 0.00606878
v -0.00075691 -0.01134171 0.00482748
v -0.00078485 -0.01135371 0.00600285
v 0.00721174 -0.01145469 0.00621527
v 0.00518384 -0.01161107 0.00727109
v -0.00275954 -0.01144790 0.00484400
v -0.00277696 -0.01152562 0.00553506
v -0.00270304 -0.01128191 0.00255125
v -0.00281855 -0.01171297 0.00718379
v -0.00069859 -0.01110405 0.00250070
v -0.00081240 -0.01146764 0.00710119
v 0.00724452 -0.01127770 0.00493278
v 0.00331954 -0.01129367 0.00168478
v 0.01130755 -0.01115426 0.00240283
v 0.00166977 -0.01101639 -0.01300430
v 0.03349196 -0.00974137 -0.00421154
v 0.00352852 -0.01098272 -0.00697471
v 0.00735541 -0.01102974 0.00038720
v 0.01958223 -0.00979747 -0.00828878
v 0.02365120 -0.00965966 -0.01106168
v -0.02041852 -0.01187712 -0.01013041
v -0.01853566 -0.01172722 -0.00505211
v -0.00454567 -0.01126695 -0.00413147
v 0.02354617 -0.00967538 -0.00662641
v -0.01240096 -0.01175876 -0.01067527
v -0.00643935 -0.01163739 -0.00888273
v 0.01549930 -0.01045893 -0.00523574
v -0.00444810 -0.01144140 -0.00836429
v -0.03874148 -0.01163519 0.00339292
v -0.03067731 -0.01236059 0.00037477
v -0.03892541 -0.01183466 0.01105875
v -0.01024545 -0.01080538 -0.01665861
v -0.01224452 -0.01078226 -0.01671619
v -0.01220787 -0.01032693 -0.01799708
v -0.01021054 -0.01043090 -0.01791377
v -0.01016833 -0.00988300 -0.01937529
v -0.01217065 -0.00976861 -0.01924089
v -0.01420502 -0.01021570 -0.01808384
v -0.04294503 -0.01199985 0.01172702
v 0.02759709 -0.00972719 -0.00874786
v -0.03490652 -0.01327590 0.00946785
v -0.02450953 -0.01231200 -0.00660073
v -0.00824833 -0.01077405 -0.01648652
v -0.03467438 -0.01224846 0.00025366
v 0.00551121 -0.01107688 -0.00626603
v -0.03672165 -0.01224006 0.00222685
v 0.01102018 -0.01084354 -0.00628351
v 0.02934909 -0.00967708 0.00180900
v -0.04273163 -0.01181276 0.00280701
v -0.04310205 -0.01054637 0.01923455
v -0.02496810 -0.01351249 0.01209319
v -0.03909108 -0.01010808 0.01909422
v -0.01428043 -0.01113080 -0.01543527
v 0.01979541 -0.00960411 -0.01719562
v 0.01974782 -0.00998032 -0.01540501
v 0.02178927 -0.00948125 -0.01683099
v 0.01981776 -0.00928232 -0.01795047
v 0.02157264 -0.00957795 -0.00772083
v -0.02559510 -0.01222716 -0.00181725
v 0.00373387 -0.01057006 -0.01542021
v 0.00173990 -0.01069000 -0.01577869
v 0.00180007 -0.00999950 -0.01791513
v 0.00380272 -0.00989270 -0.01793194
v 0.00381363 -0.00972132 -0.01829179
v 0.00181675 -0.00975980 -0.01847892
v -0.00020518 -0.01020945 -0.01784933
v -0.01706284 -0.01242122 0.01687812
v -0.04664621 -0.01321566 -0.00170438
v -0.04462671 -0.01244133 -0.00203826
v -0.04266546 -0.01190244 -0.00004640
v -0.04659532 -0.01327196 -0.00389153
v -0.04459716 -0.01244844 -0.00329302
v -0.04549750 -0.01280631 -0.00409429
v -0.04457612 -0.01250983 -0.00421961
v -0.04654449 -0.01333091 -0.00607743
v -0.04452636 -0.01261099 -0.00638546
v -0.04649888 -0.01359639 -0.00816523
v -0.04256782 -0.01217894 -0.00434286
v -0.04448417 -0.01301209 -0.00840885
v -0.04644958 -0.01371577 -0.01032242
v -0.04251885 -0.01231165 -0.00649372
v -0.04261600 -0.01201530 -0.00220670
v -0.04066100 -0.01172370 -0.00009738
v -0.04062100 -0.01187862 -0.00188209
v -0.03862745 -0.01174690 -0.00149883
v -0.04061348 -0.01191388 -0.00222095
v -0.03860894 -0.01173194 -0.00227345
v -0.03662535 -0.01185500 -0.00162000
v -0.04226702 -0.01199339 -0.00221120
v -0.02092908 -0.01298767 0.01081752
v -0.02491049 -0.01341041 0.00971593
v -0.03884031 -0.01194912 0.00738936
v -0.00817166 -0.00983875 -0.01917602
v -0.04446505 -0.01306707 -0.00925099
v -0.04597918 -0.01356748 -0.01038495
v -0.04644085 -0.01369604 -0.01068014
v -0.04639673 -0.01369451 -0.01254641
v -0.04443454 -0.01311809 -0.01057240
v 0.01129868 -0.01120091 0.00275026
v 0.01330371 -0.01109583 0.00263194
v 0.01136153 -0.01078361 0.00033814
v 0.01336265 -0.01073732 0.00035008
v 0.01360760 -0.01106042 0.00272263
v 0.01530882 -0.01079583 0.00262570
v 0.01529464 -0.01089098 0.00316901
v 0.01728270 -0.01060553 0.00387564
v 0.01524739 -0.01115664 0.00501098
v 0.01725819 -0.01072712 0.00484088
v 0.01864230 -0.01027280 0.00464837
v 0.01719669 -0.01109083 0.00722753
v 0.01926396 -0.01012937 0.00498338
v 0.01731766 -0.01044383 0.00249242
v 0.01921101 -0.01052195 0.00699124
v 0.01673181 -0.01119453 0.00726895
v 0.01520399 -0.01143419 0.00668321
v 0.01518580 -0.01152416 0.00739944
v 0.01318205 -0.01167474 0.00743704
v 0.01324235 -0.01135836 0.00507287
v 0.01320955 -0.01154091 0.00635253
v 0.01512749 -0.01176159 0.00972612
v 0.01312268 -0.01195391 0.00978355
v 0.01713513 -0.01145737 0.00961555
v 0.01709781 -0.01159169 0.01111489
v 0.01878512 -0.01131362 0.01178998
v 0.01908788 -0.01125471 0.01176711
v 0.01510805 -0.01182928 0.01050895
v 0.01339671 -0.01061843 -0.00102065
v 0.01719124 -0.01112598 0.00743768
v 0.01914467 -0.01107762 0.00946909
v 0.01538949 -0.01046510 -0.00059195
v 0.02109000 -0.01116887 0.01176026
v 0.02107944 -0.01117508 0.01220359
v 0.02307506 -0.01110138 0.01246480
v 0.02103795 -0.01115857 0.01396926
v 0.01903085 -0.01144181 0.01406988
v 0.02098652 -0.01112357 0.01616654
v 0.01898043 -0.01136650 0.01624800
v 0.02094940 -0.01052163 0.01809452
v 0.02295386 -0.01034332 0.01804375
v 0.02293015 -0.00921038 0.01971950
v 0.02092937 -0.00924278 0.01970096
v 0.01892858 -0.00927593 0.01968278
v 0.02299286 -0.01087056 0.01608028
v 0.01894186 -0.01035396 0.01848128
v 0.01702172 -0.01180512 0.01420853
v 0.01863277 -0.01140179 0.01625889
v 0.01693459 -0.01010105 0.01890704
v 0.01894594 -0.01066042 0.01812652
v 0.02493030 -0.00920247 0.01974967
v 0.01897250 -0.01121264 0.01667516
v 0.01697548 -0.01156435 0.01630806
v 0.01694285 -0.01078480 0.01815167
v 0.02033171 -0.01056740 0.01810580
v 0.01699104 -0.01168311 0.01557939
v 0.01492595 -0.00980966 0.01941373
v 0.02115014 -0.01085890 0.00939913
v 0.01494106 -0.01085753 0.01815229
v 0.01707692 -0.01169067 0.01194026
v 0.01416350 -0.00962270 0.01976682
v 0.02182261 -0.00908826 -0.01800872
v 0.02175286 -0.00977886 -0.01546679
v 0.02186187 -0.00843196 -0.01928070
v 0.03335126 -0.00983640 0.00168630
v 0.02117301 -0.01071348 0.00851775
v -0.04656577 -0.01327880 -0.00514579
v -0.04365763 -0.01147688 0.01745273
v 0.02378781 -0.00948952 -0.01674219
v 0.03133340 -0.00980748 0.00242763
v -0.03902764 -0.01173947 0.01544133
v 0.02386210 -0.00848764 -0.01929161
v -0.00866047 -0.01155890 0.00048967
v 0.02309267 -0.01106136 0.01174312
v 0.02170125 -0.00975122 -0.01326601
v 0.01291578 -0.00978868 0.01982456
v 0.01293560 -0.01107577 0.01822203
v 0.01296891 -0.01182848 0.01636567
v 0.01096745 -0.01188797 0.01636000
v 0.01101252 -0.01217514 0.01428251
v 0.01092705 -0.01141634 0.01834988
v 0.00901098 -0.01223771 0.01427831
v 0.01101373 -0.01217166 0.01423318
v 0.02317151 -0.01072049 0.00860919
v 0.02121428 -0.01039050 0.00696273
v 0.02321609 -0.01031689 0.00696169
v 0.02516707 -0.01064533 0.00887350
v 0.02325443 -0.00996048 0.00555102
v 0.02522146 -0.01010238 0.00689372
v 0.00901699 -0.01221376 0.01403842
v 0.00906602 -0.01213005 0.01201326
v 0.01106599 -0.01212932 0.01204684
v 0.01111898 -0.01203729 0.00985901
v 0.00911891 -0.01198612 0.00986044
v 0.00912212 -0.01198009 0.00972814
v 0.00712431 -0.01189516 0.00965387
v 0.00711837 -0.01192182 0.00988947
v 0.01112068 -0.01203500 0.00978814
v 0.00918131 -0.01170762 0.00738480
v 0.00706455 -0.01219013 0.01200788
v -0.02276103 -0.01217661 -0.00622277
v 0.02370373 -0.00965091 -0.01327973
v 0.03545540 -0.00972021 -0.00261989
v 0.01492192 -0.00954335 0.01974196
v 0.02524786 -0.00982561 0.00594090
v 0.02716457 -0.01062433 0.00902387
v 0.02515306 -0.01073973 0.00941037
v 0.02715501 -0.01066075 0.00940678
v 0.02837234 -0.01049954 0.00935079
v 0.02915559 -0.01042197 0.00955572
v 0.02910339 -0.01063131 0.01164062
v 0.03115380 -0.01042108 0.00966378
v 0.03110450 -0.01058550 0.01165279
v 0.02916174 -0.01039239 0.00931324
v 0.03315193 -0.01041770 0.00977711
v 0.03310414 -0.01059775 0.01169253
v 0.03515241 -0.01048034 0.00975155
v 0.03510540 -0.01054598 0.01170186
v 0.03505489 -0.01047472 0.01388192
v 0.03705713 -0.01038396 0.01387273
v 0.03703625 -0.01035797 0.01477191
v 0.03504165 -0.01045998 0.01445114
v 0.03902960 -0.01022063 0.01516700
v 0.03700817 -0.01025129 0.01602361
v 0.03905920 -0.01030048 0.01386700
v 0.03901082 -0.01014453 0.01600682
v 0.03897219 -0.00960230 0.01796317
v 0.04097324 -0.00955909 0.01797656
v 0.04101331 -0.01004404 0.01599302
v 0.04297625 -0.00943791 0.01795293
v 0.04301531 -0.00996278 0.01598834
v 0.04497755 -0.00938461 0.01796154
v 0.03710747 -0.01046220 0.01169600
v 0.03697218 -0.00960467 0.01793036
v 0.03894640 -0.00855174 0.01967805
v 0.03694705 -0.00852800 0.01963285
v 0.03497163 -0.00962815 0.01790759
v 0.03494536 -0.00859670 0.01963155
v 0.03296800 -0.00977392 0.01794291
v 0.03300671 -0.01031276 0.01598496
v 0.03100579 -0.01035125 0.01596932
v 0.03096332 -0.00996120 0.01799794
v 0.02900367 -0.01043690 0.01597607
v 0.03304701 -0.01056104 0.01413237
v 0.03293294 -0.00909038 0.01983212
v 0.04295116 -0.00835955 0.01965461
v 0.02896298 -0.00997655 0.01797131
v 0.02699909 -0.01062020 0.01602922
v 0.02696132 -0.01004413 0.01796948
v 0.02499569 -0.01075668 0.01606012
v 0.02504122 -0.01102552 0.01397392
v 0.02704610 -0.01083017 0.01391505
v 0.04501322 -0.01004392 0.01606081
v 0.04501909 -0.01007355 0.01579496
v 0.04702037 -0.01015859 0.01572230
v 0.03104620 -0.01048927 0.01417712
v 0.02893166 -0.00914501 0.01979022
v 0.02693202 -0.00913235 0.01975028
v 0.03500685 -0.01030534 0.01601536
v 0.04495389 -0.00824983 0.01963642
v 0.04505991 -0.01026664 0.01395270
v 0.04705752 -0.01035965 0.01403081
v 0.04903088 -0.01050232 0.01510550
v 0.04511383 -0.01020297 0.01170856
v 0.04311556 -0.01013634 0.01164299
v 0.04513300 -0.01018224 0.01090958
v 0.04313126 -0.01008424 0.01100951
v 0.04711052 -0.01033229 0.01180391
v 0.04317269 -0.00994554 0.00933846
v 0.04516897 -0.01009117 0.00944156
v 0.04322660 -0.00988255 0.00709463
v 0.04122610 -0.00990397 0.00707088
v 0.04323348 -0.00986520 0.00681347
v 0.04306182 -0.01019298 0.01388379
v 0.04713695 -0.01034201 0.01067973
v 0.04522243 -0.01004555 0.00720598
v 0.04116955 -0.01007182 0.00936452
v 0.04697553 -0.00946302 0.01803271
v 0.04094724 -0.00851667 0.01969531
v 0.04523785 -0.01003688 0.00655858
v 0.04123546 -0.00987149 0.00669404
v 0.04128164 -0.00977627 0.00479634
v 0.03928032 -0.00983029 0.00478807
v 0.03933468 -0.00974913 0.00253562
v 0.04133589 -0.00969954 0.00254599
v 0.03733437 -0.00976323 0.00250839
v 0.03727816 -0.00991778 0.00479570
v 0.03533248 -0.00984010 0.00251098
v 0.03734495 -0.00975775 0.00206414
v 0.03527580 -0.01001321 0.00480711
v 0.03724572 -0.01006056 0.00608395
v 0.03524496 -0.00999006 0.00612604
v 0.03327495 -0.01004857 0.00478998
v 0.03324587 -0.00996650 0.00606937
v 0.03127634 -0.00999539 0.00473079
v 0.03124976 -0.01002653 0.00583692
v 0.02927821 -0.00992309 0.00466252
v 0.03122022 -0.01014596 0.00701620
v 0.02925294 -0.01006647 0.00564670
v 0.02728380 -0.00970340 0.00452424
v 0.02734012 -0.00954495 0.00223508
v 0.02534007 -0.00954869 0.00220293
v 0.02528440 -0.00968175 0.00448003
v 0.02333833 -0.00961940 0.00220260
v 0.02534793 -0.00954618 0.00187191
v 0.03522322 -0.01002374 0.00702600
v 0.02335188 -0.00960780 0.00163610
v 0.03934242 -0.00973614 0.00221579
v 0.03322393 -0.00999747 0.00697959
v 0.03923802 -0.00989395 0.00654059
v 0.02338969 -0.00965730 0.00000670
v 0.02539080 -0.00961158 0.00001891
v 0.02344708 -0.00945631 -0.00230268
v 0.02921650 -0.01029551 0.00705331
v 0.02138867 -0.00969946 -0.00000720
v 0.02135704 -0.00970326 0.00132912
v 0.01938139 -0.00998967 0.00009673
v 0.01943607 -0.00989606 -0.00216165
v 0.01742800 -0.01021731 -0.00204298
v 0.01747896 -0.01027115 -0.00423129
v 0.01547219 -0.01054089 -0.00413710
v 0.01947517 -0.00988075 -0.00380720
v 0.02146142 -0.00954464 -0.00299404
v 0.01948874 -0.00988193 -0.00438225
v 0.01542383 -0.01038428 -0.00199760
v 0.01782338 -0.01017103 0.00015652
v 0.01737924 -0.01022718 0.00001471
v 0.02149590 -0.00959632 -0.00448399
v 0.02345690 -0.00946703 -0.00272458
v 0.01840124 -0.01008882 -0.00430233
v 0.01936964 -0.01000715 0.00058371
v 0.02144420 -0.00957192 -0.00228169
v 0.03305231 -0.01057868 0.01389737
v 0.04102258 -0.01007323 0.01558322
v 0.03534880 -0.00981650 0.00183436
v 0.04905285 -0.01054260 0.01415163
v 0.03538617 -0.00978559 0.00027119
v 0.02133502 -0.00975256 0.00223192
v 0.04701164 -0.01010462 0.01612357
v 0.02709875 -0.01081707 0.01169493
v -0.03866312 -0.01180610 -0.00002431
v 0.02027596 -0.00993452 -0.01320304
v 0.03549275 -0.00970829 -0.00419333
v 0.03354394 -0.00975456 -0.00641917
v -0.03504483 -0.01241691 0.01583096
v -0.00833523 -0.01142232 -0.01319331
v 0.01781244 -0.00949479 -0.01788347
v 0.03333113 -0.00989549 0.00250337
v 0.03554436 -0.00973597 -0.00639408
v 0.03556778 -0.00978574 -0.00741447
v 0.03756142 -0.00965668 -0.00703681
v 0.03754683 -0.00963635 -0.00640747
v 0.03955608 -0.00955614 -0.00671913
v 0.03954839 -0.00957293 -0.00640367
v 0.04155216 -0.00949539 -0.00648514
v 0.03949699 -0.00953666 -0.00420700
v 0.03960307 -0.00947921 -0.00866210
v 0.04160311 -0.00947584 -0.00862977
v 0.03965504 -0.00949284 -0.01086952
v 0.03765276 -0.00958490 -0.01085972
v 0.03966322 -0.00947497 -0.01120515
v 0.03766744 -0.00954413 -0.01145684
v 0.03565079 -0.00966483 -0.01085567
v 0.03567130 -0.00960301 -0.01168689
v 0.03570878 -0.00944004 -0.01317634
v 0.03370991 -0.00939701 -0.01323070
v 0.03376617 -0.00924077 -0.01551883
v 0.03367120 -0.00955110 -0.01168390
v 0.03176478 -0.00929745 -0.01552583
v 0.03576308 -0.00909145 -0.01526766
v 0.03775817 -0.00900286 -0.01497513
v 0.03170982 -0.00940234 -0.01326210
v 0.03365124 -0.00964895 -0.01089714
v 0.03436172 -0.00918351 -0.01553595
v 0.03771117 -0.00934357 -0.01318824
v 0.04355384 -0.00959186 -0.00658185
v 0.04165696 -0.00941482 -0.01087265
v 0.04360025 -0.00958736 -0.00854287
v 0.04165919 -0.00941126 -0.01096494
v 0.00598567 -0.01059236 -0.01534749
v 0.00700715 -0.01239154 0.01431745
v 0.03759765 -0.00969571 -0.00859318
v -0.04503647 -0.01247192 0.01528462
v 0.03749518 -0.00961007 -0.00420606
v -0.04261428 -0.01201756 -0.00228053
v 0.04149756 -0.00951239 -0.00418460
v -0.03660922 -0.01174126 -0.00223509
v -0.03855377 -0.01161889 -0.00454103
v -0.03654980 -0.01145991 -0.00458262
v -0.03461221 -0.01185792 -0.00214575
v -0.03455551 -0.01168401 -0.00444225
v -0.03451258 -0.01198070 -0.00643492
v -0.03378831 -0.01202198 -0.00648334
v -0.03261045 -0.01178649 -0.00214576
v -0.03255680 -0.01173355 -0.00438479
v -0.03061303 -0.01188678 -0.00206420
v -0.03251302 -0.01207161 -0.00643811
v -0.03652281 -0.01164480 -0.00583461
v 0.04144531 -0.00958497 -0.00201681
v 0.04344778 -0.00970336 -0.00215963
v 0.04144327 -0.00959049 -0.00193362
v 0.03356863 -0.00976049 -0.00746757
v 0.03359617 -0.00975784 -0.00863152
v 0.03159728 -0.00971582 -0.00868541
v 0.03156968 -0.00974070 -0.00753215
v 0.04349312 -0.00968631 -0.00406806
v 0.04545448 -0.00994012 -0.00255143
v 0.04548816 -0.00988089 -0.00394171
v 0.04354765 -0.00959836 -0.00632374
v 0.04553911 -0.00993483 -0.00612999
v 0.04748228 -0.01011181 -0.00379810
v 0.04753217 -0.01020813 -0.00596625
v 0.04947472 -0.01040968 -0.00362269
v 0.04952329 -0.01055775 -0.00576625
v 0.04957581 -0.01054964 -0.00798401
v 0.04901957 -0.01042786 -0.00805135
v 0.04958295 -0.01055523 -0.00828956
v 0.05155201 -0.01132158 -0.00979828
v 0.04962776 -0.01056404 -0.01019107
v 0.05150737 -0.01118683 -0.00543352
v 0.04946792 -0.01041527 -0.00333843
v 0.02959807 -0.00968645 -0.00873328
v 0.02965096 -0.00966342 -0.01095812
v 0.02765109 -0.00966007 -0.01099364
v 0.02967650 -0.00960147 -0.01200225
v 0.02768011 -0.00965344 -0.01221776
v 0.02770504 -0.00959552 -0.01323818
v 0.02970765 -0.00949018 -0.01325429
v 0.02570451 -0.00961820 -0.01326134
v 0.02568169 -0.00964853 -0.01231365
v 0.02775659 -0.00962566 -0.01543778
v 0.02575654 -0.00962934 -0.01546996
v 0.00762601 -0.01067206 -0.01085220
v 0.04757075 -0.01016395 -0.00757275
v 0.04745924 -0.01012276 -0.00282939
v -0.03462441 -0.01193053 -0.00167266
v 0.03577140 -0.00903171 -0.01558420
v 0.05160938 -0.01134508 -0.00984471
v 0.05166434 -0.01118574 -0.01207573
v 0.04764014 -0.01007552 -0.01045705
v 0.04767399 -0.00997338 -0.01182868
v 0.04769624 -0.00992574 -0.01274208
v 0.04570168 -0.00971214 -0.01287746
v 0.04575989 -0.00947849 -0.01520236
v 0.04376305 -0.00935515 -0.01529487
v 0.04370474 -0.00959268 -0.01296813
v 0.04564714 -0.00980027 -0.01062172
v 0.04170822 -0.00945666 -0.01306667
v 0.04775249 -0.00976959 -0.01503016
v 0.04777189 -0.00963325 -0.01577005
v 0.04977842 -0.00986544 -0.01615222
v 0.04974113 -0.01021796 -0.01478326
v 0.05178642 -0.01013897 -0.01662136
v 0.04981253 -0.00946203 -0.01735622
v 0.05172436 -0.01088037 -0.01443469
v 0.05179955 -0.00997411 -0.01707906
v 0.05185639 -0.00901585 -0.01891577
v 0.04985266 -0.00886219 -0.01869877
v 0.05236457 -0.01124267 -0.01425158
v 0.05170708 -0.01099912 -0.01377379
v 0.04576650 -0.00943313 -0.01545533
v 0.04566800 -0.00975636 -0.01147841
v 0.05324647 -0.01220355 -0.01156500
v 0.04782241 -0.00907225 -0.01757529
v 0.05256222 -0.01029692 -0.01691265
v 0.05364574 -0.01241321 -0.01198517
v 0.04343117 -0.00931067 -0.01532164
v 0.04176066 -0.00917099 -0.01511635
v 0.04176978 -0.00909049 -0.01545451
v 0.03977358 -0.00894177 -0.01555907
v 0.04183993 -0.00830876 -0.01795954
v 0.04383861 -0.00843451 -0.01794607
v 0.04292293 -0.00835503 -0.01799939
v 0.03983827 -0.00821309 -0.01786450
v 0.04344018 -0.00971094 -0.00184248
v -0.03451109 -0.01199675 -0.00650760
v 0.00581142 -0.00970856 -0.01815875
v 0.01330099 -0.01110764 0.00273988
v 0.03944394 -0.00956564 -0.00197934
v 0.04138728 -0.00973605 0.00034944
v 0.03938838 -0.00969441 0.00029573
v 0.03743985 -0.00972959 -0.00193540
v 0.04184315 -0.00825632 -0.01806464
v 0.03984753 -0.00808486 -0.01818000
v 0.04984284 -0.01052969 -0.00355939
v 0.04941815 -0.01057810 -0.00132880
v 0.03376936 -0.00921814 -0.01564036
v 0.00580472 -0.00981164 -0.01793652
v 0.05145390 -0.01123264 -0.00319786
v 0.05139823 -0.01136547 -0.00092088
v 0.04936569 -0.01058402 0.00088792
v 0.05139079 -0.01138673 -0.00061880
v 0.05165540 -0.01150363 -0.00085083
v 0.05134297 -0.01148227 0.00134851
v 0.05301820 -0.01247124 0.00184711
v 0.04931092 -0.01068125 0.00314800
v 0.04926353 -0.01085491 0.00505035
v 0.04936381 -0.01058127 0.00096918
v 0.04732145 -0.01026606 0.00291686
v 0.04925400 -0.01086389 0.00544865
v 0.04860479 -0.01069293 0.00535636
v 0.04721423 -0.01036868 0.00739339
v 0.04735301 -0.01022941 0.00160307
v 0.04737416 -0.01025035 0.00069550
v 0.04538075 -0.00999093 0.00053835
v 0.04726740 -0.01033478 0.00516340
v 0.04920226 -0.01084082 0.00765158
v 0.04534205 -0.00987320 0.00224612
v 0.04915260 -0.01073589 0.00981565
v 0.05118645 -0.01146556 0.00798226
v -0.00615494 -0.01137064 -0.01296862
v 0.00941012 -0.01093281 -0.00183882
v -0.02685344 -0.01311712 0.00744366
v -0.02681420 -0.01297589 0.00586691
v -0.02885290 -0.01309747 0.00740040
v 0.04155023 -0.00949822 -0.00640523
v -0.00820623 -0.01025835 -0.01796181
v 0.04338588 -0.00978978 0.00040888
v 0.05160803 -0.01134385 -0.00978674
v 0.02168877 -0.00974846 -0.01273625
v 0.04943938 -0.01061434 0.00090359
v -0.01883842 -0.01251474 0.00729323
v -0.02679650 -0.01293379 0.00514269
v -0.01889376 -0.01263452 0.00956403
v 0.03777532 -0.00887459 -0.01562491
v 0.03177223 -0.00924942 -0.01581234
v 0.03183533 -0.00857510 -0.01808284
v 0.02982967 -0.00880126 -0.01800934
v 0.03184977 -0.00833877 -0.01855368
v 0.02985478 -0.00842992 -0.01885160
v 0.02782439 -0.00901211 -0.01794311
v 0.03384652 -0.00829679 -0.01835917
v 0.02785882 -0.00849394 -0.01909245
v 0.02977524 -0.00928478 -0.01599293
v 0.02582199 -0.00910936 -0.01793085
v 0.02586067 -0.00849657 -0.01920419
v 0.01501434 -0.01209925 0.01431431
v 0.01500559 -0.01204173 0.01471887
v -0.01512346 -0.01136874 0.02010013
v 0.01306551 -0.01214663 0.01208899
v -0.02241179 -0.01201653 -0.01052985
v -0.02240680 -0.01199925 -0.01073066
v 0.02546033 -0.00961250 -0.00292436
v -0.02440571 -0.01195791 -0.01078423
v 0.01969996 -0.01001289 -0.01339865
v 0.03507216 -0.00824495 -0.01818489
v 0.03584152 -0.00820579 -0.01806155
v 0.03584674 -0.00811979 -0.01823126
v -0.02434724 -0.01171397 -0.01311399
v -0.02234903 -0.01178315 -0.01304720
v -0.02231247 -0.01171622 -0.01455492
v -0.02031250 -0.01176453 -0.01455033
v -0.02229443 -0.01169254 -0.01530415
v -0.02429543 -0.01173415 -0.01531831
v -0.02422814 -0.01114088 -0.01781401
v -0.02222830 -0.01114537 -0.01777795
v -0.02629594 -0.01175607 -0.01534182
v -0.02534374 -0.01101128 -0.01789455
v -0.02622616 -0.01095268 -0.01781808
v -0.02829444 -0.01169856 -0.01540306
v -0.02822775 -0.01085904 -0.01772732
v -0.03029365 -0.01166896 -0.01545105
v -0.02630814 -0.01173910 -0.01481546
v -0.02422344 -0.01107805 -0.01797556
v -0.02830793 -0.01169589 -0.01483076
v -0.03022629 -0.01085079 -0.01781617
v -0.03222267 -0.01093133 -0.01804925
v -0.03229784 -0.01183666 -0.01540532
v -0.03422464 -0.01101119 -0.01804524
v -0.03265991 -0.01185721 -0.01540169
v -0.03429541 -0.01189935 -0.01557733
v -0.03430042 -0.01194084 -0.01538976
v -0.03630372 -0.01207350 -0.01536067
v -0.03629127 -0.01196623 -0.01582421
v -0.03830597 -0.01216430 -0.01535146
v -0.03828821 -0.01200276 -0.01600725
v -0.04031401 -0.01248451 -0.01523329
v -0.04028228 -0.01211978 -0.01635959
v -0.04231719 -0.01261233 -0.01520650
v -0.04036798 -0.01255008 -0.01298824
v -0.04227571 -0.01225476 -0.01674970
v -0.04236911 -0.01259686 -0.01299994
v -0.04037758 -0.01253279 -0.01257156
v -0.03837550 -0.01264025 -0.01269140
v -0.04041649 -0.01239966 -0.01084580
v -0.03841782 -0.01245037 -0.01078779
v -0.03638322 -0.01247309 -0.01223359
v -0.03641966 -0.01252128 -0.01072018
v -0.03646652 -0.01230555 -0.00860875
v -0.03446756 -0.01234468 -0.00855624
v -0.03441960 -0.01251740 -0.01068809
v -0.03246654 -0.01230258 -0.00854231
v -0.03241478 -0.01232449 -0.01074580
v -0.03239549 -0.01222751 -0.01150463
v -0.03039809 -0.01220388 -0.01134872
v -0.03235488 -0.01202398 -0.01310243
v -0.03034949 -0.01180867 -0.01317078
v -0.02840203 -0.01214265 -0.01111372
v -0.03041419 -0.01229921 -0.01072388
v -0.03438798 -0.01238869 -0.01194986
v -0.03846303 -0.01216884 -0.00870761
v -0.04242160 -0.01260382 -0.01078275
v -0.04432696 -0.01300121 -0.01505571
v -0.04023593 -0.01146396 -0.01793195
v -0.04426920 -0.01278550 -0.01737207
v -0.04273319 -0.01266447 -0.01297398
v -0.03837042 -0.01264497 -0.01290924
v -0.04435785 -0.01298736 -0.01374010
v -0.04587418 -0.01347864 -0.01485497
v -0.04634306 -0.01364070 -0.01478588
v -0.04224219 -0.01171368 -0.01784726
v -0.04633499 -0.01357893 -0.01509060
v -0.03823105 -0.01126874 -0.01799076
v -0.04237337 -0.01260153 -0.01282235
v -0.02222464 -0.01109382 -0.01790253
v -0.02034908 -0.01178318 -0.01301326
v -0.02029510 -0.01171710 -0.01525856
v -0.02431020 -0.01173046 -0.01469106
v -0.02441106 -0.01198788 -0.01057579
v -0.02611262 -0.01203931 -0.01077448
v -0.03229909 -0.01184526 -0.01535735
v 0.03911233 -0.01026796 0.01163766
v 0.03914224 -0.01029351 0.01035694
v -0.02640804 -0.01205196 -0.01077348
v -0.01689228 -0.01257420 0.00956931
v -0.02640716 -0.01204792 -0.01080827
v 0.02328113 -0.00981305 0.00450848
v -0.03208553 -0.01091675 -0.01805385
v 0.03167264 -0.00954224 -0.01177147
v -0.03295758 -0.01310320 0.01176308
v 0.02734626 -0.00954866 0.00197289
v -0.02040298 -0.01184610 -0.01076949
v 0.01311487 -0.01197143 0.01010375
v 0.01497188 -0.01170883 0.01634276
v 0.03343928 -0.00975599 -0.00199071
v 0.03543952 -0.00974472 -0.00196213
v 0.03738710 -0.00974687 0.00028673
v 0.02303929 -0.01110369 0.01397712
v -0.03222200 -0.01092181 -0.01807177
v -0.03421998 -0.01092943 -0.01819399
v -0.01453892 -0.01173423 -0.00485446
v -0.01489204 -0.01256276 0.00959780
v -0.02890650 -0.01314866 0.00963863
v -0.02691021 -0.01329363 0.00974141
v 0.04742776 -0.01019952 -0.00154255
v 0.04900361 -0.01042102 0.01630778
v 0.03715260 -0.01053476 0.00974328
v 0.03316266 -0.01035192 0.00936186
v 0.02933642 -0.00968942 0.00233763
v 0.05207233 -0.01141916 -0.00531348
v -0.00482533 -0.01198359 0.00727841
v 0.02349602 -0.00958996 -0.00445308
v 0.03383928 -0.00841681 -0.01812410
v 0.02314965 -0.01087671 0.00944151
v 0.01753527 -0.01011278 -0.00652042
v -0.02841199 -0.01221032 -0.01073218
v 0.03338733 -0.00974153 0.00021634
v 0.03154421 -0.00974577 -0.00645727
v -0.03046612 -0.01228408 -0.00851717
v 0.04328101 -0.00979937 0.00484123
v 0.04527620 -0.00998816 0.00496483
v -0.02310523 -0.01272611 0.01839528
v -0.02110690 -0.01279029 0.01845970
v -0.02114087 -0.01206375 0.02032849
v -0.01913339 -0.01176572 0.02022085
v -0.01910528 -0.01272428 0.01846227
v -0.01712575 -0.01146133 0.02011019
v -0.02313771 -0.01194044 0.02023599
v -0.02510458 -0.01270222 0.01835001
v -0.02056583 -0.01207998 -0.00401669
v 0.01932627 -0.01010078 0.00236340
v 0.00973950 -0.01031915 -0.01541370
v 0.01927409 -0.01009532 0.00457470
v 0.02495763 -0.01019224 0.01800591
v 0.02724968 -0.00992584 0.00583628
v 0.04106292 -0.01015100 0.01382992
v 0.03971096 -0.00934989 -0.01315131
v -0.03062737 -0.01194575 -0.00149226
v -0.00027445 -0.01088085 -0.01531652
v 0.04333460 -0.00974874 0.00260329
v -0.00655463 -0.01149055 -0.00391708
v -0.00877392 -0.01202294 0.00501536
v -0.00245362 -0.01133592 -0.00803622
v 0.01347036 -0.01061548 -0.00413559
v 0.01173988 -0.01030220 -0.01538783
v 0.04376493 -0.00933983 -0.01536529
v -0.00254134 -0.01109337 -0.00418000
v -0.00257674 -0.01096919 -0.00260806
v -0.00057687 -0.01101473 -0.00259764
v -0.01672714 -0.01224952 0.00277339
v -0.00054063 -0.01106360 -0.00416021
v -0.00259052 -0.01096919 -0.00202509
v -0.00459659 -0.01121183 -0.00194377
v -0.00264665 -0.01112065 0.00026076
v -0.00064589 -0.01108869 0.00027950
v -0.00059174 -0.01101596 -0.00196896
v -0.02272074 -0.01260958 0.00219305
v 0.02976293 -0.00937260 -0.01552406
v -0.03279740 -0.01297497 0.00506047
v -0.00456062 -0.01175419 0.00495906
v 0.02957114 -0.00973236 -0.00762080
v 0.02544370 -0.00958834 -0.00220604
v 0.01536681 -0.01057083 0.00030492
v -0.00497873 -0.01198948 0.01376672
v -0.02901796 -0.01341894 0.01419480
v -0.02701966 -0.01348476 0.01425999
v -0.00464956 -0.01123777 0.00028246
v -0.00487879 -0.01202867 0.00951373
v -0.02906591 -0.01324609 0.01632660
v -0.02910175 -0.01259369 0.01823061
v -0.02710399 -0.01268058 0.01830580
v 0.02565057 -0.00968268 -0.01101682
v 0.05123693 -0.01153816 0.00580286
v -0.00627559 -0.01093160 -0.01539419
v 0.04111457 -0.01017745 0.01162859
v -0.03030593 -0.01170272 -0.01495134
v 0.00935952 -0.01086518 0.00034296
v -0.01288853 -0.01242200 0.00956487
v -0.02834622 -0.01167717 -0.01319932
v -0.02105939 -0.01298067 0.01633622
v -0.00017745 -0.00987315 -0.01882356
v -0.00220603 -0.01024467 -0.01786653
v -0.00217549 -0.00987873 -0.01894149
v -0.00420409 -0.01016971 -0.01793606
v -0.00417467 -0.00985259 -0.01899272
v -0.00620427 -0.01017866 -0.01796574
v -0.00425352 -0.01072676 -0.01617463
v -0.00225891 -0.01062501 -0.01585442
v 0.03559498 -0.00980337 -0.00857597
v 0.03944622 -0.00956121 -0.00207306
v -0.01873423 -0.01232991 0.00299369
v 0.05117088 -0.01139135 0.00868498
v 0.05167114 -0.01168444 0.00809454
v 0.04938478 -0.01079417 0.00984730
v 0.05113904 -0.01127114 0.01010382
v 0.05109005 -0.01113951 0.01225520
v 0.05308154 -0.01202058 0.01212445
v 0.05267333 -0.01178879 0.01259074
v 0.05104684 -0.01099884 0.01416734
v 0.05104168 -0.01098320 0.01439485
v 0.05301288 -0.01212220 0.01496980
v 0.05098478 -0.01116504 0.01669512
v 0.05095047 -0.01045174 0.01857020
v 0.00718335 -0.01162862 0.00731335
v 0.04716285 -0.01033182 0.00958979
v -0.00033230 -0.01110029 -0.01299838
v -0.00226988 -0.01070157 -0.01543560
v -0.00827784 -0.01102264 -0.01538487
v 0.04556345 -0.00991029 -0.00714542
v 0.04559395 -0.00983499 -0.00839132
v -0.04310153 -0.01274961 -0.00851018
v 0.01180399 -0.00964788 -0.01771249
v 0.00980685 -0.00967904 -0.01788425
v 0.00980860 -0.00965418 -0.01794346
v 0.00872192 -0.00968220 -0.01794857
v -0.02881119 -0.01301108 0.00568668
v 0.02905298 -0.01055575 0.01381863
v 0.02875751 -0.01059524 0.01383239
v 0.00512278 -0.01195747 0.00964954
v -0.01424350 -0.01076185 -0.01677945
v -0.01628105 -0.01115703 -0.01545674
v -0.01624164 -0.01076478 -0.01689182
v -0.01828862 -0.01145878 -0.01534733
v -0.01633400 -0.01118215 -0.01323090
v -0.01823886 -0.01079336 -0.01705815
v -0.04247473 -0.01263632 -0.00855341
v -0.01620156 -0.01008049 -0.01818199
v -0.01694323 -0.01252028 0.01175760
v -0.01267026 -0.01206506 0.00053973
v -0.00233304 -0.01113137 -0.01301754
v 0.03721925 -0.01017889 0.00713362
v -0.01639877 -0.01167582 -0.01078252
v 0.03745279 -0.00969618 -0.00246316
v 0.02706153 -0.01082054 0.01326794
v -0.03109917 -0.01249332 0.01814900
v 0.00702197 -0.01230408 0.01374224
v 0.00500543 -0.01246128 0.01431665
v 0.00695684 -0.01231224 0.01649368
v 0.00502416 -0.01231645 0.01361001
v 0.00495385 -0.01243236 0.01651681
v 0.00691448 -0.01191781 0.01852022
v 0.00892010 -0.01169314 0.01844743
v 0.00889193 -0.01073711 0.02020722
v 0.00688597 -0.01097474 0.02028616
v 0.00300332 -0.01254681 0.01432335
v 0.00295391 -0.01243195 0.01648269
v 0.00100376 -0.01253135 0.01428208
v 0.00095844 -0.01225435 0.01636440
v 0.00291690 -0.01182574 0.01840864
v 0.00092213 -0.01162028 0.01827712
v 0.00288389 -0.01106098 0.02025928
v -0.00099286 -0.01239903 0.01418530
v 0.00488363 -0.01106930 0.02029716
v -0.00103714 -0.01208101 0.01624814
v 0.00103076 -0.01240311 0.01321532
v -0.00096945 -0.01234786 0.01322533
v -0.00093663 -0.01224411 0.01189782
v 0.00106341 -0.01224083 0.01193019
v 0.00112021 -0.01182601 0.00977239
v 0.00312030 -0.01187780 0.00976965
v 0.00306420 -0.01220739 0.01194823
v -0.00087662 -0.01186583 0.00958242
v -0.00287560 -0.01190071 0.00948688
v -0.00198301 -0.01188063 0.00949247
v 0.00089110 -0.01077711 0.02009051
v 0.00112756 -0.01177186 0.00949353
v 0.00302783 -0.01237018 0.01339080
v 0.00491193 -0.01202081 0.01853522
v 0.00540468 -0.01115224 -0.00180244
v -0.00293285 -0.01209620 0.01179364
v 0.04333911 -0.00974163 0.00241665
v 0.01181191 -0.00952116 -0.01797272
v 0.03784881 -0.00803590 -0.01823718
v 0.03991008 -0.00714163 -0.02026757
v 0.03790930 -0.00707075 -0.02022469
v 0.04190463 -0.00703803 -0.01994347
v -0.02022910 -0.01101797 -0.01763679
v 0.00924132 -0.01140255 0.00502601
v 0.04897001 -0.00967964 0.01816953
v -0.00298754 -0.01219035 0.01405226
v 0.04758655 -0.01012607 -0.00821914
v -0.00049088 -0.01116492 -0.00632598
v 0.02126030 -0.01007597 0.00520190
v 0.00129556 -0.01133391 0.00264381
v 0.00118910 -0.01140633 0.00710599
v -0.01709762 -0.01241908 0.01835122
v 0.02778236 -0.00943509 -0.01641530
v 0.04910303 -0.01062731 0.01197798
v 0.02905021 -0.01055262 0.01393766
v -0.04046510 -0.01225271 -0.00870170
v 0.00506351 -0.01223293 0.01199429
v -0.04483338 -0.01233902 0.00676873
v 0.04533116 -0.00988314 0.00270105
v 0.00164369 -0.01107732 -0.01193662
v 0.05155710 -0.01128899 -0.00759890
v -0.03871305 -0.01171159 0.00214470
v -0.04020969 -0.01107028 -0.01880886
v -0.03622885 -0.01117973 -0.01799911
v -0.00087441 -0.01185150 0.00949743
v 0.01151511 -0.01080362 -0.00617317
v -0.00710219 -0.01051885 0.01983214
v -0.04070975 -0.01158280 0.00204959
v 0.04365188 -0.00961432 -0.01074397
v 0.03715784 -0.01053918 0.00951866
v -0.02696554 -0.01341320 0.01201210
v 0.02381986 -0.00919546 -0.01792387
v 0.05149257 -0.01115523 -0.00478864
v -0.01839861 -0.01167101 -0.01081873
v 0.01140197 -0.01071663 -0.00133341
v -0.02262028 -0.01216675 -0.00179551
v -0.03621672 -0.01097147 -0.01838862
v 0.05310016 -0.01256269 0.00632155
v 0.02375609 -0.00964926 -0.01549442
v -0.04404911 -0.01205870 0.00221921
v -0.03538269 -0.01321904 0.00956223
v 0.03922538 -0.00993452 0.00705147
v -0.00107585 -0.01154195 0.01820599
v -0.02446373 -0.01218399 -0.00846294
v 0.04543306 -0.00999133 -0.00167537
v 0.03105440 -0.01049784 0.01382505
v 0.04784781 -0.00867710 -0.01841566
v -0.02673846 -0.01270705 0.00282109
v -0.02634592 -0.01166340 -0.01317193
v -0.03667093 -0.01211348 0.00015562
v -0.03850510 -0.01176326 -0.00668636
v -0.03967468 -0.01193945 -0.00662243
v -0.04050248 -0.01211615 -0.00703844
v -0.04051304 -0.01207963 -0.00657001
v -0.01250792 -0.01185107 -0.00620361
v 0.01123936 -0.01147850 0.00509601
v 0.04301735 -0.00997572 0.01589453
v -0.04437998 -0.01302918 -0.01282852
v -0.00068536 -0.01105802 0.00196803
v -0.01088255 -0.01218337 0.00948544
v 0.00562353 -0.01077208 -0.01083861
v -0.00025654 -0.01074047 -0.01599106
v 0.00135057 -0.01122709 0.00037917
v -0.00287371 -0.01189821 0.00940813
v -0.00487748 -0.01147885 -0.00846594
v 0.01117932 -0.01178464 0.00745532
v 0.04583043 -0.00875666 -0.01775912
v -0.03636419 -0.01239655 -0.01299331
v 0.01917875 -0.01082517 0.00817662
v -0.03821416 -0.01099415 -0.01854252
v -0.00617364 -0.00983243 -0.01905651
v 0.04724782 -0.01036534 0.00597389
v -0.00456648 -0.01120745 -0.00321543
v 0.00780751 -0.00969938 -0.01795591
v 0.03093068 -0.00918189 0.01984167
v -0.01050510 -0.01173765 -0.00622357
v 0.04695239 -0.00830736 0.01969767
v -0.03051233 -0.01204214 -0.00641819
v -0.03142153 -0.01205517 -0.00642741
v -0.03051510 -0.01200833 -0.00628061
v -0.02941059 -0.01208337 -0.00637990
v -0.02851281 -0.01212166 -0.00641279
v 0.01908427 -0.01126117 0.01191630
v 0.03165130 -0.00964842 -0.01093132
v -0.00625128 -0.01074035 -0.01630941
v -0.02706539 -0.01322402 0.01635004
v -0.04248451 -0.01257060 -0.00810051
v 0.01090268 -0.01030919 0.02003788
v -0.01433030 -0.01141314 -0.01349261
v 0.00552818 -0.01102234 -0.00695183
v -0.00897970 -0.01160192 0.00038214
v 0.05073644 -0.01090342 0.01435174
v -0.00427421 -0.01087526 -0.01538703
v -0.01652623 -0.01122521 -0.01321368
v -0.01633615 -0.01119985 -0.01315017
v -0.01832052 -0.01158897 -0.01407485
v -0.03435910 -0.01219282 -0.01305616
v 0.00573330 -0.01060323 -0.01538378
v -0.00249519 -0.01133746 -0.00627795
v -0.02646707 -0.01231806 -0.00843318
v -0.04504461 -0.01241744 0.01566159
v -0.00907297 -0.01143536 0.01801966
v -0.01834492 -0.01161646 -0.01305852
v -0.03851904 -0.01170132 -0.00605968
v -0.03704780 -0.01215687 0.00238464
v -0.02846724 -0.01232670 -0.00846300
v 0.01770944 -0.01022955 -0.01396056
v 0.00153135 -0.01101300 -0.00714460
v -0.04056236 -0.01196107 -0.00441242
v -0.02072805 -0.01245395 0.00262659
v -0.01472493 -0.01215992 0.00276475
v -0.03650688 -0.01183188 -0.00661984
v 0.00142704 -0.01117341 -0.00282520
v -0.04362922 -0.01256161 -0.01746766
v 0.00512167 -0.01196535 0.00969171
v 0.00896329 -0.01205479 0.01640532
v -0.00910483 -0.01062512 0.01984869
v -0.01494077 -0.01242093 0.01174433
v 0.03116211 -0.01037559 0.00933918
v 0.04894936 -0.00842528 0.01978761
v 0.02578553 -0.00947470 -0.01660480
v -0.04628255 -0.01331618 -0.01715392
v -0.04830115 -0.01405478 -0.01683702
v -0.04624945 -0.01289232 -0.01830314
v -0.04823268 -0.01331330 -0.01929482
v 0.04366435 -0.00960498 -0.01126620
v -0.01855831 -0.01178047 -0.00412503
v 0.01506855 -0.01202433 0.01206483
v -0.02089779 -0.01279601 0.00960682
v 0.02127616 -0.01001180 0.00456896
v -0.01905604 -0.01284607 0.01630622
v -0.00268019 -0.01115379 0.00166040
v -0.04271547 -0.01181110 0.00212411
v -0.03805901 -0.01223300 0.00683324
v -0.02251538 -0.01215574 -0.00622852
v 0.00312601 -0.01183131 0.00955569
v -0.01598161 -0.01123285 -0.01320081
v 0.04113537 -0.01015037 0.01076422
v 0.05093774 -0.00888380 0.02003933
v -0.04482205 -0.01231347 0.00630439
v 0.03916373 -0.01030424 0.00944099
v 0.02509517 -0.01096040 0.01172909
v 0.01954430 -0.00975306 -0.00665736
v -0.03507023 -0.01135078 0.01753845
v 0.01341948 -0.01055852 -0.00194876
v 0.01121516 -0.01164890 0.00601918
v -0.02131029 -0.01106784 -0.01779924
v -0.00297419 -0.01216600 0.01350164
v 0.02506976 -0.01100222 0.01277959
v 0.03515983 -0.01046228 0.00944821
v 0.03783882 -0.00817917 -0.01789937
v -0.04425964 -0.01265594 -0.01769974
v 0.02368413 -0.00966772 -0.01246022
v -0.03262874 -0.01185832 -0.00141457
v -0.03706434 -0.01111926 0.01739455
v 0.00780874 -0.00968269 -0.01799812
v 0.01748951 -0.01023349 -0.00465535
v -0.01772239 -0.01260846 0.01178630
v 0.00921366 -0.01155777 0.00610465
v 0.02721733 -0.01026416 0.00700449
v 0.04914886 -0.01072514 0.00998008
v 0.04133935 -0.00969921 0.00239966
v 0.02154926 -0.00955512 -0.00671746
v -0.02603716 -0.01335008 0.00978306
v 0.00131988 -0.01125401 0.00166199
v -0.03490962 -0.01327759 0.00959809
v 0.01758776 -0.01010589 -0.00873760
v 0.03975846 -0.00906021 -0.01498955
v 0.01737518 -0.01023751 0.00018052
v -0.02651285 -0.01216979 -0.00640783
v -0.03055531 -0.01167258 -0.00437983
v -0.02862021 -0.01216934 -0.00189605
v -0.03251085 -0.01207828 -0.00653396
v -0.07425753 -0.00707316 -0.00287827
v -0.07431766 -0.00621411 -0.00107292
v -0.07447997 -0.00440511 -0.00193572
v -0.07414146 -0.00888153 -0.00201655
v -0.07444867 -0.00526377 -0.00374175
v -0.07457787 -0.00535225 0.00072770
v -0.07415902 -0.00973950 -0.00382375
v -0.07407953 -0.01154733 -0.00296291
v -0.07397343 -0.01069060 -0.00115362
v -0.07399056 -0.01335530 -0.00210184
v -0.07390309 -0.01249831 -0.00029299
v -0.07397047 -0.00983243 0.00065322
v -0.07391934 -0.01163987 0.00151339
v -0.07415230 -0.00897167 0.00245569
v -0.07402959 -0.01078011 0.00331755
v -0.07429710 -0.00716292 0.00159330
v -0.07450437 -0.00630180 0.00339516
v -0.07438035 -0.00811026 0.00425706
v -0.07386884 -0.01344731 0.00237355
v -0.07386723 -0.01258912 0.00418036
v -0.07414267 -0.00802330 -0.00020982
v -0.07427318 -0.00793116 -0.00468542
v -0.07452157 -0.00415994 -0.00205299
v -0.07449101 -0.00502178 -0.00385751
v -0.07459721 -0.00508396 0.00059982
v -0.07412207 -0.01421167 -0.00391170
v -0.07403502 -0.01601961 -0.00305068
v -0.07411039 -0.01687677 -0.00485923
v -0.07379331 -0.01868795 -0.00399277
v -0.07375634 -0.01783026 -0.00218512
v -0.07340939 -0.02050005 -0.00312473
v -0.07365637 -0.01954809 -0.00579631
v -0.07396546 -0.01773702 -0.00666258
v -0.07358417 -0.02040731 -0.00760137
v -0.07377012 -0.01859797 -0.00846473
v -0.07411227 -0.01240508 -0.00477044
v -0.07460804 -0.00523785 0.00096693
v -0.07465620 -0.00534831 0.00293927
v -0.07388492 -0.01430529 0.00056640
v -0.07339600 -0.02221667 -0.00673796
v -0.07316176 -0.02307816 -0.00853919
v -0.07274097 -0.02403258 -0.00586352
v -0.07270621 -0.02412355 -0.00605318
v -0.07333546 -0.02135931 -0.00492976
v -0.07494175 -0.00345013 -0.00461236
v -0.07449791 -0.00612129 -0.00554969
v -0.07336813 -0.01964242 -0.00131699
v -0.07405795 -0.01592900 -0.00752373
v -0.07382183 -0.01679052 -0.00932492
v -0.07385331 -0.01412514 -0.00837787
v -0.07350084 -0.01945996 -0.01026513
v -0.07364103 -0.01498633 -0.01017962
v -0.07375731 -0.01231977 -0.00923456
v -0.07352664 -0.01318122 -0.01103588
v -0.07337333 -0.01584829 -0.01198005
v -0.07342139 -0.01404090 -0.01284015
v -0.07357540 -0.01137380 -0.01189600
v -0.07334063 -0.01223530 -0.01369721
v -0.07297381 -0.01490539 -0.01463635
v -0.07267619 -0.01310283 -0.01548829
v -0.07330907 -0.01042902 -0.01455543
v -0.07372940 -0.00956492 -0.01275860
v -0.07260646 -0.01129709 -0.01634560
v -0.07323528 -0.00862333 -0.01541265
v -0.07234602 -0.01571463 -0.01630663
v -0.07320367 -0.01670889 -0.01378282
v -0.07377814 -0.01051274 -0.01009402
v -0.07400884 -0.01326474 -0.00657476
v -0.07227281 -0.01159858 -0.01696259
v -0.07337518 -0.01765499 -0.01112113
v -0.07357556 -0.02126564 -0.00940793
v -0.07495996 -0.00259166 -0.00280603
v -0.07332618 -0.02230795 -0.00226380
v -0.07299707 -0.00681994 -0.01626599
v -0.07372582 -0.00595151 -0.01447645
v -0.07372316 -0.01697251 -0.00037758
v -0.07353385 -0.01878189 0.00048585
v -0.07377533 -0.01525535 0.00323473
v -0.07376726 -0.01439725 0.00504169
v -0.07409902 -0.01172766 0.00598164
v -0.07387030 -0.01353760 0.00684601
v -0.07429477 -0.01086670 0.00778379
v -0.07465261 -0.00905495 0.00691637
v -0.07465897 -0.00819665 0.00872299
v -0.07480569 -0.00712525 0.00821113
v -0.07477129 -0.00783481 0.00633427
v -0.07483189 -0.00724571 0.00605317
v -0.07492091 -0.00638625 0.00785783
v -0.07506289 -0.00457754 0.00699551
v -0.07519422 -0.00371749 0.00879918
v -0.07491751 -0.00543779 0.00519218
v -0.07524074 -0.00276831 0.00613234
v -0.07505348 -0.00362915 0.00433000
v -0.07548535 -0.00190667 0.00793333
v -0.07539966 -0.00095937 0.00526962
v -0.07529427 -0.00181906 0.00346534
v -0.07496866 -0.00552737 0.00966347
v -0.07412231 -0.01267585 0.00864684
v -0.07388591 -0.01534410 0.00770461
v -0.07403312 -0.01448382 0.00950791
v -0.07384844 -0.01715135 0.00856446
v -0.07429480 -0.01181522 0.01044953
v -0.07415849 -0.01362385 0.01131171
v -0.07445637 -0.01095474 0.01225248
v -0.07380440 -0.01801018 0.00675874
v -0.07388559 -0.01629261 0.01037036
v -0.07428296 -0.01276389 0.01311554
v -0.07470103 -0.00914457 0.01138773
v -0.07481743 -0.01009146 0.01405072
v -0.07381984 -0.01620323 0.00589941
v -0.07588097 0.00085411 0.00439928
v -0.07352050 -0.01982089 0.00762442
v -0.07484414 -0.00657627 0.01016426
v -0.07552091 -0.00285469 0.01059823
v -0.07562654 -0.00000767 0.00259853
v -0.07470507 -0.01189976 0.01491233
v -0.07412460 -0.01457283 0.01397825
v -0.07505576 -0.01119391 0.01637969
v -0.07507235 -0.01147145 0.01691726
v -0.07487052 -0.01284595 0.01757416
v -0.07513993 -0.01103545 0.01670883
v -0.07509237 -0.00268011 0.00166334
v -0.07626315 0.00171768 0.00619702
v -0.07499595 -0.00978612 0.01468405
v -0.07330028 -0.02068219 0.00582286
v -0.07536569 -0.00466359 0.01146086
v -0.07540566 -0.00086899 0.00079697
v -0.07588281 0.00180266 0.00173350
v -0.07564608 0.00094112 -0.00006768
v -0.07637577 0.00361629 0.00086289
v -0.07589249 0.00275130 -0.00093247
v -0.07516342 -0.00173059 -0.00100407
v -0.07608958 0.00456079 -0.00179610
v -0.07547480 0.00008051 -0.00187040
v -0.07652506 0.00352809 0.00533186
v -0.07602392 -0.00198943 0.01239311
v -0.07587299 -0.00379826 0.01325564
v -0.07637813 -0.00112625 0.01419151
v -0.07624405 -0.00293485 0.01505364
v -0.07573437 -0.00560693 0.01411788
v -0.07647855 0.00068189 0.01333016
v -0.07626010 -0.00026969 0.01600106
v -0.07612932 -0.00207824 0.01686312
v -0.07646953 0.00153998 0.01513714
v -0.07627964 -0.00474107 0.01591176
v -0.07447517 -0.01000595 0.00958630
v -0.07542471 0.00057681 0.01782757
v -0.07513738 -0.00647352 0.01232522
v -0.07306366 -0.02163402 0.00849418
v -0.07612025 -0.00018134 0.01153186
v -0.07300434 -0.02193595 0.00786171
v -0.07644629 0.00438520 0.00714049
v -0.07620625 0.00257509 0.00800513
v -0.07638013 0.00524248 0.00894882
v -0.07622535 0.00343357 0.00981145
v -0.07603883 0.00076602 0.00886806
v -0.07635181 0.00610030 0.01075626
v -0.07639859 0.00429422 0.01161412
v -0.07661612 0.00696222 0.01255678
v -0.07639963 0.00515244 0.01342087
v -0.07670244 0.00732337 0.01238361
v -0.07662867 0.00782060 0.01436325
v -0.07605864 0.00600588 0.01523569
v -0.07548015 0.00866271 0.01619715
v -0.07673073 0.01034741 0.01537498
v -0.07477920 0.00881094 0.01654648
v -0.07660429 0.00499457 0.00684810
v -0.07658353 0.00374497 0.00522776
v -0.07685783 0.00533948 0.00446503
v -0.07684311 0.00619749 0.00627215
v -0.07726292 0.00801010 0.00540326
v -0.07708780 0.00714943 0.00360063
v -0.07734475 0.00981797 0.00454236
v -0.07729277 0.00886873 0.00720932
v -0.07681674 0.00705533 0.00807954
v -0.07713393 0.00895680 0.00274057
v -0.07704985 0.00629069 0.00179476
v -0.07717278 0.00809914 0.00093289
v -0.07675836 0.00542839 -0.00000512
v -0.07673248 0.00723475 -0.00086348
v -0.07713907 0.00990539 0.00007472
v -0.07681565 0.00904264 -0.00172441
v -0.07718673 0.01085456 -0.00259214
v -0.07725479 0.01076522 0.00187875
v -0.07686027 0.00818505 -0.00353224
v -0.07655128 0.00637399 -0.00266597
v -0.07627445 0.00162754 0.01066926
v -0.07664863 0.00738278 0.01014150
v -0.07623873 0.00266586 0.00353186
v -0.07488702 -0.00828375 0.01319010
v -0.07537702 -0.00922540 0.01584426
v -0.07715461 0.00999589 -0.00439816
v -0.07454642 -0.01370871 0.01577505
v -0.07750522 0.01067844 0.00634534
v -0.07732721 0.00972743 0.00901528
v -0.07668225 0.00447880 0.00266241
v -0.07507740 -0.01058747 0.01765526
v -0.07399740 -0.01145819 -0.00743346
v -0.07508650 -0.00430631 -0.00642256
v -0.07481854 -0.00516828 -0.00822299
v -0.07266375 -0.02429536 -0.00795205
v -0.07525602 -0.00078077 -0.00367199
v -0.07231588 -0.01347539 -0.01625348
v -0.07297602 -0.02215903 0.00653049
v -0.07606610 0.00419925 0.01609448
v -0.07302104 -0.02187025 0.00860721
v -0.07306183 -0.02141362 0.01060420
v -0.07319945 -0.02077391 0.01029773
v -0.07309225 -0.02054671 0.01240633
v -0.07280166 -0.02258621 0.01116609
v -0.07320490 -0.01991562 0.01210438
v -0.07354807 -0.01810408 0.01123730
v -0.07314588 -0.02105308 0.01437544
v -0.07322287 -0.02086387 0.01476969
v -0.07343625 -0.01905416 0.01390568
v -0.07393774 -0.01818892 0.01570060
v -0.07341421 -0.02000297 0.01657193
v -0.07417716 -0.01732735 0.01750171
v -0.07316401 -0.02131695 0.01498609
v -0.07350510 -0.01914349 0.01837655
v -0.07381603 -0.01647420 0.01931701
v -0.07457723 -0.01465680 0.01844006
v -0.07353343 -0.01381322 0.02027149
v -0.07319996 -0.01445223 0.02058095
v -0.07321507 -0.01603019 0.02028371
v -0.07319114 -0.01361672 0.02070337
v -0.07316436 -0.01128329 0.02095466
v -0.07378748 -0.01724251 0.01303842
v -0.07287067 -0.02172702 0.01297124
v -0.07276444 -0.02344494 0.00936021
v -0.07446633 -0.01199340 0.01939048
v -0.07220529 -0.00732291 -0.01728280
v -0.07263861 -0.00501824 -0.01711649
v -0.07216785 -0.00528811 -0.01765963
v -0.07097178 -0.00589982 -0.01888388
v -0.07162490 -0.00769739 -0.01804035
v -0.07322667 -0.01758221 0.01985379
v -0.07354109 -0.00414737 -0.01533106
v -0.07474561 -0.00354318 -0.00013523
v -0.07323964 -0.02016828 0.01886827
v -0.07445083 -0.00655997 -0.00647071
v -0.07443284 -0.00686189 -0.00741126
v -0.07452157 -0.00603066 -0.01002274
v -0.07499226 -0.00335911 -0.00908607
v -0.07471314 -0.00422124 -0.01088624
v -0.07522778 -0.00154908 -0.00995060
v -0.07489745 -0.00241192 -0.01174956
v -0.07544176 0.00026065 -0.01081462
v -0.07573572 0.00112298 -0.00901481
v -0.07491756 -0.00060492 -0.01260900
v -0.07510836 0.00206270 -0.01166571
v -0.07444428 0.00119517 -0.01345679
v -0.07419288 -0.00145357 -0.01435714
v -0.07485266 0.00386584 -0.01251863
v -0.07414403 0.00299769 -0.01430866
v -0.07553979 0.00473368 -0.01072811
v -0.07493286 0.00567368 -0.01337949
v -0.07410677 0.00480388 -0.01516674
v -0.07489479 0.00747988 -0.01423756
v -0.07566820 0.00834894 -0.01244908
v -0.07420082 -0.00181557 -0.01423606
v -0.07563730 0.00292832 -0.00987145
v -0.07431214 -0.00327835 -0.01354251
v -0.07543157 -0.00068801 -0.00814865
v -0.07572891 0.00654305 -0.01159154
v -0.07568882 0.01015595 -0.01330853
v -0.07467746 0.00928356 -0.01509139
v -0.07562430 0.01196177 -0.01416597
v -0.07607195 0.01062617 -0.01233896
v -0.07602669 0.01244179 -0.01317679
v -0.07636312 0.01283035 -0.01237665
v -0.07404632 0.00677474 -0.01567698
v -0.07400467 0.00869161 -0.01630186
v -0.07601248 0.01393158 -0.01289426
v -0.07471027 0.01109075 -0.01595113
v -0.07416507 0.00085098 -0.01416656
v -0.07637876 0.01102384 -0.01151806
v -0.07510593 -0.00123438 0.01869407
v -0.07493618 0.00087471 0.01848069
v -0.07497382 -0.00115441 0.01886945
v -0.07299834 -0.00051638 0.02031765
v -0.07298606 0.00023718 0.02024518
v -0.07265983 -0.00041047 0.02055863
v -0.07296612 0.00166452 0.02024816
v -0.07154379 0.00223882 0.02153281
v -0.07292552 0.00361070 0.01968491
v -0.07123889 0.00042782 0.02239898
v -0.07100359 0.00266559 0.02246000
v -0.07096524 0.00467471 0.02202915
v -0.06993394 0.00307446 0.02337762
v -0.06929769 0.00125882 0.02425162
v -0.06902743 0.00328447 0.02386794
v -0.07042497 0.00488808 0.02250705
v -0.06899313 0.00540712 0.02367586
v -0.07093372 0.00645656 0.02175272
v -0.06906593 0.00127962 0.02430772
v -0.07232057 -0.00222195 0.02142561
v -0.07376517 0.00141175 0.01967355
v -0.07437405 -0.00660520 -0.00974709
v -0.07433805 -0.00663676 -0.01128899
v -0.07427176 -0.00689238 -0.01182362
v -0.07414755 -0.00784263 -0.00915494
v -0.07309148 -0.02154333 0.00402102
v -0.07293090 -0.02244421 0.00445205
v -0.07276555 -0.02335463 0.00488769
v -0.07252858 -0.02421617 0.00308651
v -0.07231567 -0.02602587 0.00395050
v -0.07262264 -0.02516335 0.00575003
v -0.07194846 -0.02688923 0.00215242
v -0.07116618 -0.02870693 0.00302988
v -0.07159433 -0.02775241 0.00035402
v -0.07239778 -0.02507621 0.00128284
v -0.07165689 -0.02784184 0.00482504
v -0.07097301 -0.02903127 0.00235733
v -0.07093949 -0.02899927 0.00095792
v -0.07097694 -0.02861928 -0.00143817
v -0.07059407 -0.02957317 0.00123663
v -0.06956199 -0.03044586 -0.00054576
v -0.07288293 -0.02261602 0.00231974
v -0.07013160 -0.03052817 0.00391329
v -0.07099326 -0.02905687 0.00319918
v -0.07290649 -0.01562874 0.02114527
v -0.06905783 -0.03161278 0.00444716
v -0.07182470 0.00404949 0.02066720
v -0.07408115 0.00499677 -0.01525801
v -0.07367287 0.00841126 -0.01687442
v -0.07316509 -0.02145199 -0.00045323
v -0.07523351 -0.00163930 -0.00547823
v -0.07241687 -0.02489533 -0.00766262
v -0.07218094 -0.02575686 -0.00946382
v -0.06910262 -0.03161596 0.00634048
v -0.07214460 -0.00373137 -0.01771992
v -0.06893805 -0.03101230 -0.00026588
v -0.06890804 -0.03090145 -0.00147014
v -0.07430665 -0.00600773 -0.01224479
v -0.07647218 0.00401120 0.00067350
v -0.07673671 0.00803833 0.01425791
v -0.07103809 0.00054842 0.02266354
v -0.06923629 -0.03148923 0.00660017
v -0.07070890 -0.02966186 0.00570641
v -0.07020402 -0.03061744 0.00838408
v -0.06916383 -0.03166692 0.00890067
v -0.06910977 -0.03159776 0.00665391
v -0.06920205 -0.03191318 0.01037209
v -0.06981777 -0.03157138 0.01105894
v -0.07095965 -0.02974863 0.01017299
v -0.07115746 -0.02934450 0.00997750
v -0.07117668 -0.02949110 0.01070364
v -0.07177914 -0.02793043 0.00929467
v -0.07173870 -0.02887950 0.01196135
v -0.07229325 -0.02706501 0.01108929
v -0.07133985 -0.02879480 0.00749828
v -0.07251269 -0.02611341 0.00841837
v -0.07262668 -0.02620212 0.01288817
v -0.07234552 -0.02801278 0.01375377
v -0.07138638 -0.03069117 0.01282865
v -0.07222188 -0.02982125 0.01461566
v -0.07130664 -0.03110922 0.01524352
v -0.07286642 -0.02714726 0.01554824
v -0.07277060 -0.02534189 0.01469154
v -0.07312548 -0.02895036 0.01640109
v -0.07124687 -0.03081352 0.01288918
v -0.07092876 0.00673628 0.02170865
v -0.07110204 -0.02922146 0.00770516
v -0.07234778 -0.01592383 -0.01635632
v -0.07321372 -0.02121359 0.01715089
v -0.07128549 -0.02757615 -0.00858369
v -0.07093194 -0.02843932 -0.01038210
v -0.07184677 -0.02671006 -0.00679018
v -0.07222333 -0.02584657 -0.00499231
v -0.07071737 -0.02848956 -0.00813979
v -0.07067260 -0.02878829 -0.01021180
v -0.06931559 -0.03026871 -0.00948494
v -0.06869762 -0.03063073 -0.01021425
v -0.06872141 -0.03071993 -0.00926035
v -0.06877705 -0.03085181 -0.00698380
v -0.07175572 -0.02662103 -0.01126054
v -0.07224851 -0.02480740 -0.01213115
v -0.07011364 -0.02939931 -0.00769703
v -0.06865906 -0.03032257 -0.01166298
v -0.07127937 -0.02748592 -0.01305604
v -0.07358247 0.01021672 -0.01773125
v -0.07261395 -0.02439499 -0.01011863
v -0.07447035 -0.00627564 -0.00547584
v -0.07088123 -0.02876345 -0.00136800
v -0.07225603 0.00753318 -0.01864772
v -0.07264436 0.00573190 -0.01779793
v -0.07199928 0.00540729 -0.01844703
v -0.07203664 0.00337025 -0.01807491
v -0.07296188 0.00392961 -0.01694646
v -0.07207610 0.00139238 -0.01757835
v -0.07321686 0.00212647 -0.01609353
v -0.07209015 0.00049757 -0.01751478
v -0.07240719 -0.00054982 -0.01702219
v -0.07210952 -0.00075509 -0.01743852
v -0.07213714 -0.00306477 -0.01763988
v -0.07097588 -0.00142810 -0.01879513
v -0.07192177 -0.00322156 -0.01795852
v -0.07293055 -0.02240381 0.00221805
v -0.07124011 -0.03079739 0.01261280
v -0.07192815 0.00898656 -0.01933313
v -0.07192055 0.00936865 -0.01942833
v -0.07335249 0.01202021 -0.01858478
v -0.07139726 0.00304946 -0.01871626
v -0.07186781 0.00124934 -0.01786842
v -0.07485306 0.00471299 0.01724050
v -0.07426490 0.00503221 0.01794380
v -0.07230459 -0.01577299 -0.01642731
v -0.07498427 -0.00176608 0.01894892
v -0.07417178 -0.00147359 -0.01439816
v -0.07236844 -0.01817033 -0.01681516
v -0.07214037 -0.01844022 -0.01737122
v -0.07151185 -0.01664231 -0.01821533
v -0.07098585 -0.01931462 -0.01915072
v -0.07125502 -0.02111758 -0.01829811
v -0.07240028 -0.02036185 -0.01676798
v -0.07035868 -0.02157691 -0.01921749
v -0.07039949 -0.02351727 -0.01864203
v -0.07143621 -0.02292176 -0.01744343
v -0.07044545 -0.02531292 -0.01776217
v -0.07141049 -0.02472886 -0.01658385
v -0.07049865 -0.02690600 -0.01645627
v -0.07121216 -0.02653836 -0.01572020
v -0.07054888 -0.02803226 -0.01499871
v -0.07056237 -0.02820414 -0.01452997
v -0.07030528 -0.02835780 -0.01483980
v -0.07205397 -0.02386162 -0.01479228
v -0.07239708 -0.02205007 -0.01565935
v -0.06993874 -0.02380097 -0.01921481
v -0.06859150 -0.02971844 -0.01416384
v -0.07061747 -0.02867678 -0.01247865
v -0.06861163 -0.02995678 -0.01345345
v -0.07008508 -0.02930940 -0.01216885
v -0.06853739 -0.02895339 -0.01599972
v -0.06964730 -0.02199833 -0.02006689
v -0.07238519 -0.01947805 -0.01688196
v -0.07465391 -0.00304744 0.01956371
v -0.07500977 -0.00323096 0.01915844
v -0.07347703 -0.00487067 0.02045049
v -0.07504067 -0.00544868 0.01915051
v -0.07456544 -0.00752036 0.01947697
v -0.07309904 -0.00694592 0.02076425
v -0.07384539 -0.00933717 0.02035295
v -0.07313356 -0.00906263 0.02096878
v -0.07201806 -0.00850458 0.02220290
v -0.07271383 -0.00668811 0.02132749
v -0.07298145 -0.01115601 0.02123233
v -0.07119686 -0.01042162 0.02287328
v -0.07113877 -0.00588183 0.02310863
v -0.07201122 -0.00403302 0.02229189
v -0.07113500 -0.00566041 0.02308045
v -0.07306913 -0.00470032 0.02083081
v -0.07111438 -0.00348138 0.02350089
v -0.07055433 -0.00319523 0.02413309
v -0.07116677 -0.00818108 0.02292921
v -0.06965727 -0.00767947 0.02406544
v -0.07083420 -0.01032791 0.02308984
v -0.06921756 -0.00989053 0.02409655
v -0.06972877 -0.01215014 0.02397493
v -0.06925017 -0.01206068 0.02418871
v -0.06925544 -0.01250176 0.02415013
v -0.06736151 -0.00951839 0.02497865
v -0.06918982 -0.00758416 0.02429095
v -0.06916351 -0.00523763 0.02456983
v -0.06814282 -0.00503578 0.02504904
v -0.06913549 -0.00293880 0.02474835
v -0.06915262 -0.00428445 0.02467471
v -0.07108454 -0.01479607 0.02299509
v -0.07042141 -0.01661209 0.02386972
v -0.07125832 -0.01486715 0.02283622
v -0.07129124 -0.01702836 0.02294713
v -0.07211574 -0.01744654 0.02202292
v -0.07232779 -0.01925030 0.02287688
v -0.07133519 -0.01888051 0.02370816
v -0.07136885 -0.02102115 0.02386235
v -0.07137471 -0.02137231 0.02390190
v -0.07299721 -0.02371257 0.02277222
v -0.07148239 -0.02554055 0.02366699
v -0.07336776 -0.02408647 0.02196538
v -0.07340900 -0.02601478 0.02256620
v -0.07168967 -0.02820258 0.02271429
v -0.07342028 -0.02732361 0.02226704
v -0.07412651 -0.02636169 0.02179774
v -0.07332213 -0.02343565 0.02042027
v -0.07313974 -0.02276207 0.02010312
v -0.07329002 -0.02423592 0.01858650
v -0.07314309 -0.02362024 0.01829628
v -0.07328612 -0.02615382 0.01728360
v -0.07309045 -0.02095604 0.01924532
v -0.07365954 -0.02541971 0.01914304
v -0.07301172 -0.02190565 0.02191292
v -0.07156887 -0.02106767 0.02375378
v -0.07295095 -0.02009978 0.02105539
v -0.07123215 -0.01251660 0.02312353
v -0.07125366 -0.01450499 0.02285383
v -0.07331508 -0.02628276 0.01734441
v -0.07388085 -0.02808156 0.01819001
v -0.07467468 -0.02721221 0.01997802
v -0.07460092 -0.02987819 0.01903196
v -0.07341616 -0.03075301 0.01725319
v -0.07340208 -0.03074704 0.01946537
v -0.07335136 -0.03081010 0.01728143
v -0.07333436 -0.03013677 0.01696160
v -0.07543688 -0.00570140 0.01859741
v -0.07307531 -0.00537025 0.02069482
v -0.07505168 -0.00650835 0.01898759
v -0.07118704 -0.00979397 0.02283000
v -0.07105481 -0.00585316 0.02317346
v -0.06919672 -0.00810356 0.02427487
v -0.07395880 0.01048998 -0.01717596
v -0.07328712 -0.02634658 0.01721153
v -0.07284747 0.00759110 0.01874368
v -0.07284020 0.00808689 0.01873049
v -0.07270491 0.00767528 0.01892848
v -0.07228167 0.00586262 0.01979744
v -0.07127489 0.00851344 0.02076903
v -0.07147445 0.01032297 0.01990535
v -0.07085443 0.01082096 0.02098670
v -0.07081087 0.01268435 0.02024933
v -0.07175298 0.01213360 0.01903980
v -0.07277309 0.01167454 0.01801913
v -0.07273807 0.01377693 0.01778448
v -0.07226921 0.01394757 0.01816864
v -0.07269523 0.01566050 0.01708957
v -0.07471864 0.01328174 0.01663671
v -0.07408357 0.01130807 0.01717796
v -0.07473735 0.01215903 0.01676230
v -0.07621824 0.01314473 0.01626855
v -0.07670339 0.01290340 0.01573470
v -0.07474796 0.01101935 0.01653481
v -0.07717840 0.01229997 0.01443909
v -0.07567214 0.01494380 0.01542249
v -0.07678578 0.01048774 0.01530733
v -0.07239723 0.01575609 0.01730664
v -0.07467375 0.01510756 0.01582032
v -0.07072206 0.01636324 0.01867389
v -0.07755363 0.01144703 0.01262346
v -0.07737934 0.01325131 0.01176862
v -0.07750459 0.01058813 0.01081785
v -0.07746215 0.01239426 0.00995989
v -0.07076443 0.01446678 0.01934169
v -0.07038512 0.01116591 0.02173786
v -0.07023995 0.00935714 0.02260026
v -0.06915192 0.01200683 0.02357376
v -0.06891429 0.01137234 0.02387944
v -0.06893598 0.00997335 0.02396686
v -0.06813264 0.01018580 0.02445681
v -0.06914668 0.01381348 0.02271491
v -0.06885735 0.01393782 0.02299205
v -0.07200754 0.01755735 0.01645689
v -0.06896320 0.00765242 0.02374183
v -0.06831664 0.00571673 0.02436363
v -0.06897580 0.00686402 0.02380700
v -0.07018681 0.01658331 0.01916564
v -0.06869674 0.01868835 0.01901390
v -0.06875274 0.01717390 0.02048521
v -0.06778312 0.01740781 0.02102920
v -0.06672312 0.01894685 0.02031548
v -0.06845087 0.01561045 0.02187239
v -0.06880393 0.01552468 0.02167306
v -0.06890123 0.01208347 0.02374842
v -0.06677202 0.01766503 0.02162445
v -0.07089721 0.00893615 0.02167903
v -0.07075781 0.01934655 0.01562745
v -0.07258345 0.01869553 0.01415985
v -0.07462530 0.01659754 0.01465402
v -0.07462097 0.01671231 0.01453895
v -0.07455503 0.01673486 0.01458992
v -0.06882242 0.01501161 0.02215079
v -0.07281189 0.00967814 0.01847672
v -0.07455800 0.01803136 0.01265667
v -0.07313309 -0.00234637 -0.01618038
v -0.07438610 -0.00991691 0.00511589
v -0.07427992 -0.00518205 -0.01288600
v -0.07346030 -0.01973143 0.00315334
v -0.07166179 -0.01216855 -0.01813005
v -0.07475174 -0.00737860 0.00577767
v -0.07276701 -0.02525164 0.01021912
v -0.07576238 0.00198157 -0.00720866
v -0.07543727 0.00017028 -0.00634201
v -0.07570920 0.00283904 -0.00540064
v -0.07502861 -0.01017879 0.01851822
v -0.07625696 0.00465344 -0.00627255
v -0.07579505 0.00369845 -0.00359590
v -0.07633718 0.00521423 -0.00432573
v -0.07638089 0.00555501 -0.00227371
v -0.07630812 0.00490927 -0.00573668
v -0.07629505 0.00481071 -0.00634796
v -0.07659535 0.00646491 -0.00713951
v -0.07622391 0.00563323 -0.00887068
v -0.07629873 0.00740926 -0.00979823
v -0.07621815 0.00578460 -0.00902445
v -0.07666255 0.00827257 -0.00800006
v -0.07689536 0.00913405 -0.00619879
v -0.07690332 0.01094090 -0.00705795
v -0.07668079 0.01007956 -0.00885946
v -0.07630487 0.00921608 -0.01065734
v -0.07447598 -0.00585525 -0.00498842
v -0.07413105 0.00298160 -0.01434184
v -0.07382272 0.00660664 -0.01601900
v -0.07403708 -0.01543227 0.01217355
v -0.07390255 -0.01516326 -0.00124079
v -0.07391571 0.01236633 -0.01788605
v -0.07382728 -0.01611284 0.00142674
v -0.07678923 0.01274602 -0.00791422
v -0.07309661 -0.01851712 -0.01292132
v -0.07290365 -0.02249448 0.00669119
v -0.07328755 -0.02059207 0.00135064
v -0.07414130 -0.01637934 0.01483682
v -0.07494316 -0.00818175 0.01340185
v -0.07492964 -0.00789093 0.01300262
v -0.07365741 -0.01896076 0.00942794
v -0.07441138 -0.00698072 -0.00735440
v -0.07182122 -0.02567160 -0.01392781
v -0.07315370 -0.01054751 0.02094011
v -0.07065003 -0.02883144 -0.01119263
v -0.07209877 -0.02697743 0.00662138
v -0.07647589 0.00248857 0.01247126
v -0.07649157 0.00388276 0.00141772
v -0.07417147 -0.01506919 -0.00571964
v -0.07588582 -0.00009434 0.00706490
v -0.06888025 -0.03079517 -0.00258291
v -0.07487333 -0.00705483 0.01111542
v -0.07365767 -0.01887045 0.00495544
v -0.07585224 0.00238954 0.01695850
v -0.07399278 -0.00965151 -0.00829232
v -0.07414858 -0.01059785 -0.00563026
v -0.07453605 -0.00417166 -0.00144721
v -0.07282630 -0.02412169 -0.00139302
v -0.07284257 -0.02308973 0.00033087
v -0.07282318 -0.02392937 -0.00098797
v -0.07281717 -0.02415562 -0.00137673
v -0.07281417 -0.02418187 -0.00151907
v -0.07264442 -0.02498246 -0.00319550
v -0.07277363 -0.02450344 -0.00342542
v -0.07570731 -0.00104535 0.00973485
v -0.07616874 0.00717098 -0.01029297
v -0.07228985 -0.02593594 -0.00052137
v -0.07115355 -0.01036895 -0.01897701
v -0.07561756 0.00188924 -0.00273274
v -0.07523444 -0.00249750 -0.00728503
v -0.07620593 0.00560124 -0.00893707
v -0.07025205 0.00036848 -0.01963700
v -0.07285917 -0.02292057 0.00113391
v -0.07746909 0.01153614 0.00815296
v -0.07188484 -0.01397214 -0.01727636
v -0.07285714 -0.01757196 -0.01558140
v -0.07255583 -0.02024112 -0.01652207
v -0.07642048 0.00497438 -0.00094297
v -0.07014153 0.01477595 0.02002568
v -0.07303770 -0.00249717 0.02080808
v -0.07469577 -0.00586315 0.00430848
v -0.07259251 -0.02422627 -0.01092600
v -0.07253346 -0.02327873 -0.01286276
v -0.07257474 -0.02299611 -0.01299782
v -0.07300756 -0.02267362 0.01563374
v -0.07022395 -0.01301699 -0.01983983
v -0.07022703 -0.01321111 -0.01982483
v -0.07137673 -0.02766517 -0.00411334
v -0.07082603 -0.02864932 -0.00363611
v -0.06953075 -0.03035598 -0.00501752
v -0.07027557 -0.02948733 -0.00322836
v -0.06879610 -0.03095452 -0.00623857
v -0.06883079 -0.03090801 -0.00474320
v -0.07314743 -0.02032313 -0.01206356
v -0.07283671 -0.02118570 -0.01386298
v -0.07084263 -0.01484496 -0.01905849
v -0.07271202 -0.02413508 -0.00581430
v -0.07455636 -0.01551530 0.01663378
v -0.06935207 0.00753796 0.02348020
v -0.07465704 0.01289672 -0.01680884
v -0.07389510 0.01443823 -0.01752879
v -0.07543783 0.00102850 -0.00453526
v -0.07369728 -0.01706316 0.00409554
v -0.07477972 -0.00733674 0.01052690
v -0.07322819 -0.01874628 0.01922750
v -0.07334869 -0.03078905 0.01718090
v -0.07568413 -0.00836289 0.01764377
v -0.07590966 -0.00388805 0.01772727
v -0.07733794 0.01162460 0.00368355
v -0.07662594 0.00620922 0.00848504
v -0.07304956 -0.02213124 -0.01120227
v -0.07389415 -0.00775588 -0.01362146
v -0.07272561 -0.02394250 -0.01033566
v -0.07396064 -0.00870347 -0.01095730
v -0.07311523 -0.02181390 0.01743797
v -0.07702293 0.00877465 0.01168820
v -0.07405313 0.00322252 0.01880777
v -0.07641234 0.00551383 -0.00446945
v -0.07408528 0.00478270 -0.01521020
v -0.07434827 -0.00508457 -0.01268439
v -0.06907093 0.00102363 0.02436728
v -0.07312659 -0.02316896 -0.00406586
v -0.07294865 -0.01937740 -0.01472459
v -0.07676444 0.01188746 -0.00972040
v -0.07555533 -0.00741617 0.01498108
v -0.07423446 -0.00337223 -0.01373602
v -0.07239772 -0.01297093 0.02210510
v -0.07279471 -0.02353482 0.01383201
v -0.07613052 0.00379346 -0.00807633
v -0.07194382 -0.02679901 -0.00231998
v -0.07677589 0.00791297 0.00988727
v -0.07252242 -0.02310677 -0.01322802
v -0.07104599 -0.02907349 0.00542096
v -0.07364019 -0.01792218 0.00229012
v -0.07331105 -0.02876010 0.01679178
v -0.07035084 0.01297216 0.02087970
v -0.07481941 -0.00449065 0.00252875
v -0.07028779 -0.01739572 -0.01973639
v -0.07651353 0.00334732 0.01427714
v -0.07386695 -0.02455859 0.02094490
v -0.07281586 -0.02326362 0.00041400
v -0.07276280 -0.02439349 0.01202598
v -0.07245357 -0.02195238 -0.01545670
v -0.07267255 -0.02430444 0.00755562
v -0.07087252 -0.02876355 -0.00173635
v -0.07243955 -0.02163126 -0.01585919
v -0.07264500 0.01733667 0.01595840
v -0.07653152 0.00373271 0.00301968
v -0.06687481 0.01437803 0.02402419
v -0.07665970 0.00732403 -0.00533426
v -0.07427001 -0.00878941 -0.00649210
v -0.07505322 -0.02901363 0.02082804
v -0.07612202 0.00894557 -0.01121712
v -0.07338211 0.00949151 0.01805350
v -0.07506469 -0.00785965 0.01873614
v -0.07107769 -0.02918142 0.00669827
v -0.07605483 -0.00655095 0.01677604
v -0.07361331 0.00032531 -0.01524393
v -0.07726600 0.00963627 0.01348923
v -0.07489496 0.00280344 0.01788075
v -0.07288447 0.00554431 0.01909528
v -0.07296128 -0.01829290 0.02019617
v -0.06682250 0.01599590 0.02277042
v -0.07508707 -0.00998230 0.01842381
v -0.07295188 -0.02448113 0.01649403
v -0.07672820 0.01051492 0.01536761
v -0.07096510 0.00670237 0.02163532
v -0.06730725 0.00389584 0.02524646
v 0.06010149 0.02397067 0.00900444
v 0.06035048 0.02491570 0.00634459
v 0.05969581 0.02322330 0.00713810
v 0.06096673 0.02576527 0.00816592
v 0.06116803 0.02671096 0.00550494
v 0.06175880 0.02739707 0.00698078
v 0.06174586 0.02727988 0.00745905
v 0.06182129 0.02819546 0.00481025
v 0.06165188 0.02661387 0.00998887
v 0.06183501 0.02834525 0.00431841
v 0.06127074 0.02765803 0.00284164
v 0.06049354 0.02586221 0.00368223
v 0.05987208 0.02501271 0.00186078
v 0.06039295 0.02681212 0.00101413
v 0.06117589 0.02860787 0.00017366
v 0.06191058 0.02931131 0.00169363
v 0.06189662 0.02910708 0.00216333
v 0.06196705 0.02982477 -0.00039147
v 0.06199901 0.02991683 -0.00168952
v 0.06160821 0.02955033 -0.00248186
v 0.06203391 0.03040118 -0.00287916
v 0.06208631 0.03055408 -0.00500588
v 0.05964791 0.02311882 0.00718696
v 0.05892481 0.02227074 0.00536310
v 0.05864794 0.02132611 0.00802229
v 0.05768842 0.02085650 0.00601450
v 0.05948979 0.02217252 0.00984895
v 0.05767138 0.02069358 0.00663875
v 0.05761633 0.02007334 0.00860040
v 0.05775116 0.02126972 0.00360432
v 0.05850909 0.02037955 0.01068474
v 0.05790936 0.02142677 0.00353234
v 0.05911698 0.02321657 0.00270190
v 0.05824034 0.02237065 0.00087442
v 0.05930277 0.02416248 0.00004056
v 0.05984744 0.02496198 0.00175268
v 0.05781606 0.02176798 0.00115375
v 0.05784258 0.02206354 0.00020674
v 0.05675793 0.02153322 -0.00096738
v 0.05658129 0.02058718 0.00169419
v 0.05584508 0.02084363 -0.00065501
v 0.05587646 0.02116312 -0.00179338
v 0.05579787 0.02028174 0.00100952
v 0.05842091 0.02331663 -0.00178705
v 0.05788867 0.02257199 -0.00144205
v 0.05914222 0.02511323 -0.00262897
v 0.05824145 0.02426765 -0.00445702
v 0.05796755 0.02362427 -0.00415578
v 0.05577248 0.02004003 0.00194060
v 0.05997970 0.02690822 -0.00346814
v 0.05984354 0.02493058 0.00189934
v 0.05924577 0.02606030 -0.00529225
v 0.06005878 0.02724008 -0.00583936
v 0.06008654 0.02751285 -0.00685218
v 0.06037318 0.02785122 -0.00612458
v 0.06012841 0.02792575 -0.00837895
v 0.06072966 0.02879473 -0.00878189
v 0.06090258 0.02870201 -0.00430531
v 0.06168190 0.02963959 -0.00695262
v 0.06218869 0.03031554 -0.00948017
v 0.06213613 0.03030584 -0.00726167
v 0.06222574 0.02971084 -0.01140685
v 0.05953398 0.02700478 -0.00795118
v 0.06027692 0.02794286 -0.01059937
v 0.06223159 0.02956654 -0.01173983
v 0.06219123 0.02886455 -0.01321986
v 0.06023040 0.02708530 -0.01240722
v 0.06229493 0.02830717 -0.01516790
v 0.05591582 0.02157362 -0.00321565
v 0.05587614 0.01964855 0.00434326
v 0.05799422 0.02398137 -0.00507285
v 0.05803797 0.02434175 -0.00671048
v 0.05775994 0.02129572 0.00324851
v 0.05729533 0.02048686 0.00618356
v 0.05571354 0.01956130 0.00415093
v 0.05999693 0.02694041 -0.00339945
v 0.05735487 0.02342187 -0.00628474
v 0.05570724 0.01952822 0.00439761
v 0.05999932 0.02695678 -0.00349090
v 0.05969083 0.02318322 0.00732482
v 0.06205549 0.03049256 -0.00513703
v 0.06021116 0.02705939 -0.01239523
v 0.05848680 0.02521273 -0.00711695
v 0.06225850 0.02893641 -0.01325289
v 0.06075063 0.02481978 0.01082654
v 0.06156812 0.02566653 0.01265263
v 0.06011653 0.02302194 0.01167052
v 0.06167792 0.02666081 0.00996699
v 0.05836386 0.02530476 -0.01159237
v 0.05819695 0.02442244 -0.01339051
v 0.05816204 0.02511169 -0.01150400
v 0.05615792 0.02287455 -0.01268919
v 0.05649339 0.02352425 -0.01077759
v 0.05619689 0.02234600 -0.01465202
v 0.05614094 0.02300246 -0.01189483
v 0.05611427 0.02321768 -0.01063827
v 0.06167586 0.02663769 0.01004027
v 0.06160218 0.02573306 0.01262158
v 0.06159927 0.02570032 0.01272542
v 0.06225468 0.02651512 0.01447563
v 0.06154878 0.02568992 0.01485597
v 0.06289480 0.02745466 0.01182501
v 0.06360818 0.02804452 0.01377146
v 0.06335261 0.02735794 0.01630834
v 0.06087675 0.02472771 0.01530203
v 0.06017715 0.02778413 -0.01052559
v 0.05822372 0.02341038 -0.01512368
v 0.06150583 0.02606104 0.01689359
v 0.06331342 0.02640997 0.01897314
v 0.06148227 0.02589535 0.01779242
v 0.06143825 0.02545634 0.01939471
v 0.06346561 0.02654197 0.01891296
v 0.06353414 0.02747655 0.01656770
v 0.06354601 0.02765427 0.01617073
v 0.05697556 0.01954284 0.00884174
v 0.05564495 0.01913288 0.00679929
v 0.05712038 0.02247665 -0.00362455
v 0.06074613 0.02387133 0.01349218
v 0.05962510 0.02249465 0.00969810
v 0.05598035 0.02205753 -0.00565940
v 0.05603928 0.02276774 -0.00773179
v 0.05605440 0.02291851 -0.00828228
v 0.05807548 0.02478817 -0.00803262
v 0.05810788 0.02503844 -0.00925532
v 0.05759306 0.01980460 0.00942563
v 0.05949799 0.02122390 0.01251487
v 0.05830528 0.01943389 0.01334565
v 0.05904342 0.02028176 0.01516987
v 0.05953916 0.02126605 0.01260580
v 0.05954324 0.02132442 0.01246785
v 0.05947950 0.02087171 0.01489679
v 0.05865338 0.02114544 0.01696742
v 0.05946270 0.02227850 0.01644247
v 0.05922067 0.02380243 0.01792863
v 0.05946186 0.02343252 0.01716269
v 0.05777084 0.02201603 0.01875334
v 0.05917107 0.02285461 0.02059318
v 0.05828866 0.02106025 0.02143130
v 0.05739304 0.02158953 0.01894970
v 0.05944236 0.02397919 0.01831255
v 0.05740326 0.01992216 0.01752780
v 0.05937865 0.02309370 0.02048303
v 0.06062437 0.02464095 0.01976856
v 0.05945541 0.02406197 0.01780922
v 0.05976610 0.02293657 0.01613475
v 0.05747194 0.01849833 0.01377631
v 0.05751436 0.01892634 0.01223509
v 0.05754283 0.01923396 0.01121300
v 0.06103892 0.02558365 0.01711263
v 0.05753667 0.02436783 -0.00894618
v 0.05595987 0.02190945 -0.00488034
v 0.05961212 0.02230527 0.01013493
v 0.05897019 0.02615447 -0.00977128
v 0.05653995 0.02022656 0.01958322
v 0.05689563 0.01936336 0.01778486
v 0.05549608 0.01757625 0.01861076
v 0.05553700 0.01671747 0.01680496
v 0.05537210 0.01661397 0.01685136
v 0.05537792 0.01663166 0.01661585
v 0.05543723 0.01712145 0.01439640
v 0.05623081 0.01765626 0.01415560
v 0.05533875 0.01736520 0.01870843
v 0.05334175 0.01541003 0.01738931
v 0.05739736 0.01849812 0.01598994
v 0.05792285 0.02289783 -0.00269521
v 0.06006612 0.02207415 0.01433507
v 0.06209023 0.03055987 -0.00516843
v 0.06039168 0.02776065 -0.00165164
v 0.05742011 0.01851759 0.01598107
v -0.05274052 0.01335411 0.01795718
v -0.05319913 0.01368017 0.01861925
v -0.05279712 0.01185637 0.01946363
v -0.05194890 0.01280443 0.01684202
v -0.05127724 0.01098829 0.01771686
v -0.05087588 0.01193117 0.01506060
v -0.05290254 0.01462453 0.01596052
v -0.05201508 0.01375387 0.01417472
v -0.05074397 0.01287784 0.01239799
v -0.05237685 0.01470746 0.01150044
v -0.05130436 0.01383421 0.00971902
v -0.05081482 0.00921917 0.01867959
v -0.05256384 0.01490780 0.01140202
v -0.05268714 0.01416804 0.01618121
v -0.05080378 0.00954993 0.01840872
v -0.05250305 0.01524348 0.00902868
v -0.05061145 0.01277140 0.01218095
v -0.05061872 0.01273562 0.01246773
v -0.05257397 0.01485414 0.01179876
v -0.05051218 0.01307327 0.00815913
v -0.05050570 0.01306828 0.00788192
v -0.05039505 0.01296324 0.00793373
v -0.05248053 0.01531930 0.00812044
v -0.05198875 0.01479231 0.00703711
v -0.05244860 0.01532832 0.00677448
v -0.05352011 0.01662052 0.00614196
v -0.05252031 0.01574828 0.00435882
v -0.05095906 0.01391966 0.00525468
v -0.05395076 0.01757507 0.00346605
v -0.05302530 0.01670388 0.00168115
v -0.05419976 0.01852707 0.00079443
v -0.05432449 0.01817014 0.00317679
v -0.05345986 0.01765848 -0.00099486
v -0.05228576 0.01602873 0.00029908
v -0.05233345 0.01574496 0.00214878
v -0.05426058 0.01862938 0.00074476
v -0.05420218 0.01887076 -0.00158380
v -0.05484320 0.01948460 -0.00188651
v -0.05594132 0.02035821 -0.00010568
v -0.05622519 0.02059726 0.00038249
v -0.05620889 0.02067508 -0.00026087
v -0.05626837 0.02039115 0.00208789
v -0.05427334 0.01861840 -0.00367981
v -0.05724590 0.02123471 0.00167026
v -0.05632113 0.02020231 0.00420850
v -0.05278455 0.01679080 -0.00278567
v -0.05204480 0.01583192 -0.00010245
v -0.05438184 0.01797078 0.00548539
v -0.05444078 0.01770818 0.00782402
v -0.05482345 0.01844552 0.00525219
v -0.05588338 0.01931859 0.00703392
v -0.05641745 0.01981773 0.00805635
v -0.05644365 0.01966479 0.00907461
v -0.05692034 0.02019134 0.00881618
v -0.05839191 0.02171252 0.00806801
v -0.05650245 0.01940782 0.01141055
v -0.05532307 0.01836222 0.00971289
v -0.05813423 0.02106657 0.01059426
v -0.05445311 0.01768403 0.00833136
v -0.05638483 0.01992267 0.00673821
v -0.05845227 0.02139374 0.01043332
v -0.05056077 0.01295905 0.01014771
v -0.05283503 0.01566239 0.00882389
v -0.05543814 0.01940265 0.00257194
v -0.05416714 0.01550047 0.01773741
v -0.05427397 0.01645048 0.01506915
v -0.05468769 0.01621680 0.01738802
v -0.05344270 0.01558061 0.01328202
v -0.05461860 0.01688127 0.01485850
v -0.05463924 0.01673264 0.01564375
v -0.05477915 0.01466633 0.02033839
v -0.05161521 0.01487738 0.00257343
v -0.05039584 0.01400207 0.00079548
v -0.05107648 0.01496013 -0.00188634
v -0.05032284 0.01393466 0.00065745
v -0.05027100 0.01407612 -0.00145240
v -0.05022675 0.01432575 -0.00317671
v -0.05221867 0.01614727 -0.00247011
v -0.04824831 0.01290452 -0.00307586
v -0.04978825 0.01408385 -0.00366267
v -0.04828056 0.01270051 -0.00183222
v -0.05039022 0.01349796 0.00325003
v -0.04909994 0.01312569 -0.00098067
v -0.05075951 0.01075302 0.01724908
v -0.05021093 0.01438316 -0.00381214
v -0.04913338 0.01208734 0.00615678
v -0.05435634 0.01805603 0.00445705
v -0.05471624 0.01580665 0.01835282
v -0.05642238 0.02027466 0.00435545
v -0.05811733 0.02210515 0.00345643
v -0.05761134 0.02114955 0.00613412
v -0.05827294 0.02228072 0.00337032
v -0.05828224 0.02224549 0.00374313
v -0.04661185 0.01223259 -0.00272864
v -0.04626169 0.01212266 -0.00294146
v -0.05238071 0.01560574 0.00406615
v -0.04620972 0.01236284 -0.00499855
v -0.04425515 0.01189016 -0.00332428
v -0.04626904 0.01208537 -0.00265284
v -0.05415913 0.01850382 -0.00362340
v -0.04869781 0.01113272 0.00883281
v -0.05068828 0.01184080 0.01488032
v -0.04819434 0.01297001 -0.00532088
v -0.04615911 0.01233161 -0.00715871
v -0.05635335 0.01923488 0.01149531
v -0.05460002 0.01740356 0.01239571
v -0.05593607 0.01828051 0.01417091
v -0.05656402 0.01904129 0.01379857
v -0.05659940 0.01874915 0.01512227
v -0.05858127 0.02042861 0.01531956
v -0.05855391 0.02060753 0.01426815
v -0.05730873 0.01915797 0.01594525
v -0.05864213 0.01999603 0.01763872
v -0.05773962 0.02011253 0.01326933
v -0.05851650 0.02092180 0.01287140
v -0.06055577 0.02143657 0.01480686
v -0.05876523 0.02003660 0.01771760
v -0.05864496 0.01997794 0.01774753
v -0.05969767 0.02099820 0.01502983
v -0.05871199 0.01886985 0.01992669
v -0.05972033 0.01910149 0.02036075
v -0.05875547 0.01767269 0.02105641
v -0.05674574 0.01668275 0.02008937
v -0.05692870 0.01820413 0.01861996
v -0.05668498 0.01806363 0.01833712
v -0.05227297 0.01606857 -0.00021883
v -0.04415950 0.01229323 -0.00713324
v -0.04615813 0.01233388 -0.00719868
v -0.04855120 0.01103378 0.00863230
v -0.04849513 0.01141675 0.00648642
v -0.04846165 0.01160802 0.00518337
v -0.04653569 0.01054984 0.00772061
v -0.04711164 0.01120078 0.00439778
v -0.04645534 0.01092214 0.00454139
v -0.04644182 0.01100291 0.00401683
v -0.04444186 0.01095489 0.00402202
v -0.04445466 0.01095117 0.00456153
v -0.04451074 0.01080182 0.00684637
v -0.04250661 0.01096722 0.00680173
v -0.04254609 0.01074294 0.00833918
v -0.04295891 0.01114255 0.00449591
v -0.04440185 0.01097061 0.00233839
v -0.04244850 0.01119677 0.00447879
v -0.04239406 0.01128128 0.00222475
v -0.04234931 0.01139594 0.00039917
v -0.04434451 0.01131056 0.00011338
v -0.04035608 0.01153657 0.00080117
v -0.04039172 0.01137566 0.00221385
v -0.03836182 0.01164815 0.00114208
v -0.03838964 0.01145995 0.00220774
v -0.03845060 0.01111727 0.00458440
v -0.03645123 0.01109420 0.00462929
v -0.04033249 0.01164968 -0.00013021
v -0.03636609 0.01171881 0.00139689
v -0.03638863 0.01150192 0.00222172
v -0.03832593 0.01191140 -0.00022060
v -0.04434018 0.01134126 -0.00005157
v -0.04633285 0.01162998 -0.00022263
v -0.04634898 0.01148500 0.00037409
v -0.04044972 0.01115050 0.00453469
v -0.03645345 0.01108312 0.00471655
v -0.04233752 0.01144855 -0.00006860
v -0.04454128 0.01065733 0.00805291
v -0.04457285 0.01041372 0.00924461
v -0.04657226 0.01043523 0.00920047
v -0.04662679 0.01034757 0.01145600
v -0.04462512 0.00992304 0.01116518
v -0.04262323 0.00982087 0.01105647
v -0.04463884 0.00987221 0.01171573
v -0.04264417 0.00966293 0.01184906
v -0.04062328 0.00977320 0.01106242
v -0.04064500 0.00963200 0.01189767
v -0.03862436 0.00975425 0.01112876
v -0.04057625 0.01028298 0.00937456
v -0.03858220 0.01004903 0.00951961
v -0.03662685 0.00977501 0.01127863
v -0.03658466 0.00995336 0.00959898
v -0.03653871 0.01038859 0.00791246
v -0.03462477 0.00966737 0.01115843
v -0.03458457 0.00995869 0.00963038
v -0.03263006 0.00976670 0.01147357
v -0.03258069 0.01011444 0.00959032
v -0.03254344 0.01042303 0.00819730
v -0.03114463 0.00993808 0.01191331
v -0.03063553 0.01001600 0.01188490
v -0.03063976 0.00998933 0.01204805
v -0.03454140 0.01041494 0.00807407
v -0.03464574 0.00960794 0.01201088
v -0.03057840 0.01020688 0.00958034
v -0.03853982 0.01046895 0.00797528
v -0.02862841 0.01029989 0.01178398
v -0.03054446 0.01040224 0.00825978
v -0.04071011 0.00912479 0.01435250
v -0.02857557 0.01032065 0.00956022
v -0.02662209 0.01055219 0.01169806
v -0.02665666 0.01036454 0.01304966
v -0.02466326 0.01050037 0.01344156
v -0.02668677 0.01006224 0.01414469
v -0.02869091 0.00989635 0.01418956
v -0.02673602 0.00950482 0.01589810
v -0.02474230 0.00963149 0.01627074
v -0.02676374 0.00908565 0.01682245
v -0.02873296 0.00946811 0.01571469
v -0.02475554 0.00941225 0.01670125
v -0.02481013 0.00844866 0.01843958
v -0.02274991 0.00979565 0.01672223
v -0.02281643 0.00857599 0.01881360
v -0.02082055 0.00864247 0.01905963
v -0.02285695 0.00746924 0.01987201
v -0.02453204 0.00699981 0.02006677
v -0.02075781 0.00996791 0.01719077
v -0.02876997 0.00883711 0.01690658
v -0.03069791 0.00961738 0.01428814
v -0.03072548 0.00930780 0.01527129
v -0.03270831 0.00920371 0.01445071
v -0.03271661 0.00910833 0.01474552
v -0.03471016 0.00912853 0.01445250
v -0.01882211 0.00863708 0.01915449
v -0.01875822 0.00993036 0.01721798
v -0.01682534 0.00867843 0.01934767
v -0.02073401 0.01026891 0.01636219
v -0.01873479 0.01023991 0.01640989
v -0.01868052 0.01083660 0.01446739
v -0.01668634 0.01095055 0.01481327
v -0.01884274 0.00803581 0.01967074
v -0.01676087 0.00995528 0.01737662
v -0.02068147 0.01091230 0.01452041
v -0.02066185 0.01105512 0.01377485
v -0.02486812 0.00698995 0.02002815
v -0.03278626 0.00797639 0.01702139
v -0.02287257 0.00706542 0.02029310
v -0.03186124 0.00805110 0.01722784
v -0.02467983 0.01033888 0.01404721
v -0.02087481 0.00707917 0.02042822
v -0.02266591 0.01089235 0.01381824
v -0.02260802 0.01111306 0.01149950
v -0.02060629 0.01118343 0.01150000
v -0.02057750 0.01108245 0.01022154
v -0.02257594 0.01108785 0.01012669
v -0.02255507 0.01113848 0.00927353
v -0.02055620 0.01109543 0.00932790
v -0.02249684 0.01137255 0.00694845
v -0.02450585 0.01101400 0.00708483
v -0.02247980 0.01147757 0.00628966
v -0.02049430 0.01147504 0.00693369
v -0.01856065 0.01092108 0.00944464
v -0.01849406 0.01148639 0.00696222
v -0.02456459 0.01075943 0.00941965
v -0.02446718 0.01117287 0.00554256
v -0.02650892 0.01089066 0.00710950
v -0.02456260 0.01076310 0.00933742
v -0.02655636 0.01063749 0.00896702
v -0.02851423 0.01067822 0.00717648
v -0.03045604 0.01090918 0.00481895
v -0.02444552 0.01133142 0.00472016
v -0.02644826 0.01122103 0.00473867
v -0.03051749 0.01054723 0.00720477
v -0.02243278 0.01183794 0.00451349
v -0.02438450 0.01167643 0.00234238
v -0.02239146 0.01208561 0.00291186
v -0.01848570 0.01154459 0.00664302
v -0.01654917 0.01137747 0.00926179
v -0.01649081 0.01161697 0.00693412
v -0.01454433 0.01157103 0.00920377
v -0.01449687 0.01175931 0.00730707
v -0.01250348 0.01189529 0.00769930
v -0.01448508 0.01184591 0.00685931
v -0.01247878 0.01209732 0.00677381
v -0.01442199 0.01227261 0.00444272
v -0.01241863 0.01240782 0.00441242
v -0.01047072 0.01241852 0.00665516
v -0.01041747 0.01251957 0.00446186
v -0.01082193 0.01249865 0.00439633
v -0.01459426 0.01140466 0.01121787
v -0.01259401 0.01134847 0.01120589
v -0.01636877 0.01162792 0.00693099
v -0.01254162 0.01168025 0.00918581
v -0.03245432 0.01097566 0.00475345
v -0.01460129 0.01138712 0.01150503
v -0.02039764 0.01220959 0.00327882
v -0.02646282 0.01109980 0.00528266
v -0.02638283 0.01174059 0.00227798
v -0.02048407 0.01154807 0.00654415
v -0.00842264 0.01261524 0.00476928
v -0.00846590 0.01261113 0.00659760
v -0.00643228 0.01283631 0.00534050
v -0.00841244 0.01265662 0.00436210
v -0.00640510 0.01294901 0.00425714
v -0.00835069 0.01303012 0.00197078
v -0.00634563 0.01323270 0.00190849
v -0.00440018 0.01314597 0.00419751
v -0.01035631 0.01280583 0.00204340
v -0.00833093 0.01312896 0.00119305
v -0.01032494 0.01301012 0.00083688
v -0.01029412 0.01319693 -0.00035627
v -0.00828989 0.01336651 -0.00040290
v -0.01023703 0.01338625 -0.00266010
v -0.01223810 0.01334216 -0.00267308
v -0.01236183 0.01258534 0.00211420
v -0.01022737 0.01335980 -0.00308437
v -0.00823631 0.01341647 -0.00264053
v -0.00628315 0.01363542 -0.00049670
v -0.01229978 0.01297103 -0.00028290
v -0.01222440 0.01332546 -0.00326281
v -0.01218332 0.01343958 -0.00493327
v -0.00428665 0.01349826 -0.00039763
v -0.01418667 0.01330518 -0.00490335
v -0.01413208 0.01339546 -0.00716012
v -0.01421686 0.01316335 -0.00370998
v -0.01212807 0.01355594 -0.00720242
v -0.01613502 0.01327704 -0.00713779
v -0.00852074 0.01228058 0.00872212
v -0.00433940 0.01326799 0.00169788
v -0.00312128 0.01333920 0.00191255
v -0.01411604 0.01342168 -0.00782338
v -0.01610980 0.01329611 -0.00819371
v -0.01608002 0.01338348 -0.00940226
v -0.01813991 0.01308143 -0.00707881
v -0.01407547 0.01356532 -0.00945470
v -0.01602413 0.01352513 -0.01168344
v -0.01402159 0.01362744 -0.01169811
v -0.01206895 0.01382567 -0.00954444
v -0.01803443 0.01311541 -0.01152274
v -0.01202039 0.01377583 -0.01162901
v -0.01003099 0.01402383 -0.01100117
v -0.01006198 0.01410342 -0.00964245
v -0.01012323 0.01374945 -0.00726041
v -0.00804153 0.01426999 -0.01037720
v -0.01123575 0.01363358 -0.00722420
v -0.01013010 0.01371741 -0.00698896
v -0.00805846 0.01424477 -0.00967566
v -0.00652952 0.01451609 -0.00977872
v -0.00812070 0.01385173 -0.00727507
v -0.01401053 0.01354858 -0.01221321
v -0.01600117 0.01333555 -0.01276748
v -0.01598086 0.01316680 -0.01372714
v -0.01772146 0.01295659 -0.01365673
v -0.01794279 0.01260092 -0.01570616
v -0.01594008 0.01270991 -0.01572400
v -0.01789710 0.01233829 -0.01779531
v -0.01589701 0.01234362 -0.01776392
v -0.01989699 0.01234086 -0.01783046
v -0.01393667 0.01284699 -0.01575519
v -0.01810064 0.01308866 -0.00873626
v -0.01397665 0.01333528 -0.01377324
v -0.01192773 0.01320278 -0.01589027
v -0.01994013 0.01270433 -0.01578920
v -0.01659002 0.01133518 0.01096552
v -0.01018196 0.01349523 -0.00492577
v -0.01260316 0.01131468 0.01157336
v -0.01265869 0.01118735 0.01384774
v -0.01465885 0.01117931 0.01381763
v -0.01269061 0.01097178 0.01507034
v -0.01069427 0.01102526 0.01528903
v -0.01272780 0.01052231 0.01637752
v -0.01072440 0.01065861 0.01634670
v -0.00869159 0.01090100 0.01513386
v -0.00873074 0.01040923 0.01649908
v -0.00669567 0.01096624 0.01537730
v -0.00672774 0.01052995 0.01647567
v -0.00865819 0.01121088 0.01390442
v -0.00665312 0.01141369 0.01384201
v -0.00676917 0.00994220 0.01788012
v -0.00470122 0.01107258 0.01570718
v -0.00661285 0.01172899 0.01232489
v -0.00860653 0.01160102 0.01194951
v -0.00461910 0.01185499 0.01269612
v -0.00477305 0.01000171 0.01811149
v -0.00859407 0.01167862 0.01146834
v -0.01468921 0.01098183 0.01498527
v -0.01666041 0.01111556 0.01381399
v -0.01065640 0.01127994 0.01383768
v -0.00658818 0.01191381 0.01139055
v -0.01076878 0.01002963 0.01785162
v -0.01276497 0.00997186 0.01762390
v -0.01282426 0.00877368 0.01942203
v -0.01082716 0.00866057 0.01950968
v -0.00882857 0.00857206 0.01954875
v -0.00682455 0.00876761 0.01952669
v -0.00481666 0.00908172 0.01941141
v -0.00277593 0.01003321 0.01828397
v -0.00483538 0.00866466 0.01995594
v -0.00683171 0.00861087 0.01973660
v -0.00489053 0.00712627 0.02137693
v -0.00688781 0.00709933 0.02121404
v -0.01472748 0.01053283 0.01633860
v -0.01053445 0.01196634 0.00908385
v -0.00289234 0.00712797 0.02148671
v -0.01452835 0.00866628 0.01944418
v -0.00888326 0.00702105 0.02094321
v -0.00883191 0.00847421 0.01963213
v -0.00281621 0.00910166 0.01943586
v -0.00876478 0.00986821 0.01761828
v -0.00646127 0.01279654 0.00654346
v -0.00652225 0.01245324 0.00892042
v -0.00451917 0.01257698 0.00889557
v -0.00453171 0.01248991 0.00937483
v -0.00253487 0.01252922 0.00956372
v -0.00251769 0.01263737 0.00890081
v -0.00053998 0.01262338 0.00986797
v -0.00051372 0.01279633 0.00885923
v 0.00145351 0.01275668 0.01025455
v 0.00149141 0.01300162 0.00879564
v -0.00057932 0.01227036 0.01132296
v -0.00258129 0.01219016 0.01132714
v -0.00245513 0.01304339 0.00649405
v 0.00345054 0.01279050 0.01043188
v 0.00349444 0.01312338 0.00877174
v 0.00544380 0.01293022 0.01083197
v 0.00343071 0.01267125 0.01120039
v 0.00549982 0.01333820 0.00870362
v 0.00553163 0.01355262 0.00748438
v 0.00543615 0.01288842 0.01113116
v 0.00752569 0.01366991 0.00783730
v 0.00750512 0.01354991 0.00863698
v 0.00952066 0.01376181 0.00813680
v 0.00556200 0.01372900 0.00630409
v 0.00355690 0.01352539 0.00636688
v 0.00361260 0.01365930 0.00408938
v 0.00160663 0.01342100 0.00416864
v 0.00562012 0.01395907 0.00398091
v 0.00155138 0.01330485 0.00643771
v -0.00424310 0.01365294 -0.00214918
v -0.00224859 0.01375775 -0.00182252
v -0.00228423 0.01359615 -0.00041020
v -0.01619109 0.01312807 -0.00485315
v 0.00363558 0.01377268 0.00318426
v 0.00164508 0.01355538 0.00262098
v 0.00166478 0.01365217 0.00184494
v -0.00033863 0.01351546 0.00187595
v -0.00027670 0.01389609 -0.00051875
v 0.00173000 0.01416364 -0.00061190
v -0.00034966 0.01345733 0.00230856
v 0.00173297 0.01417613 -0.00073010
v 0.00220580 0.01421302 -0.00062731
v 0.00372530 0.01434190 -0.00027523
v 0.00373723 0.01445163 -0.00071478
v 0.00571565 0.01456329 0.00029666
v 0.00142718 0.01252952 0.01123379
v -0.00422652 0.01380808 -0.00275869
v -0.00992251 0.01341159 -0.01595553
v -0.00996573 0.01377156 -0.01391262
v -0.00795849 0.01406026 -0.01401583
v -0.03045319 0.01092835 0.00470963
v -0.00077605 0.00998761 0.01829425
v -0.00734235 0.01235957 0.00895104
v -0.00445878 0.01289669 0.00652981
v -0.01001186 0.01401674 -0.01181518
v -0.00434526 0.01324906 0.00193464
v -0.00831857 0.00857921 0.01959092
v -0.01798688 0.01292634 -0.01364685
v -0.00633815 0.01328224 0.00162167
v -0.01082867 0.00862423 0.01955230
v 0.00562583 0.01399660 0.00376144
v -0.00039521 0.01334650 0.00417011
v -0.02237130 0.01220114 0.00212707
v -0.02036597 0.01241403 0.00205988
v -0.00222184 0.01399512 -0.00281361
v -0.00416562 0.01414818 -0.00513415
v -0.00617349 0.01383451 -0.00501908
v -0.00415183 0.01417902 -0.00569939
v -0.00215905 0.01433214 -0.00527112
v -0.00410390 0.01452076 -0.00752501
v -0.00209126 0.01502334 -0.00772981
v -0.00216129 0.01432167 -0.00518263
v -0.00614064 0.01391461 -0.00636175
v -0.00817741 0.01367736 -0.00497836
v -0.02387764 0.01182350 0.00228106
v -0.00283642 0.00864467 0.02002010
v -0.00271885 0.01088588 0.01637445
v -0.02437597 0.01079169 0.00940752
v -0.00800477 0.01429945 -0.01191553
v 0.00353812 0.01341996 0.00709914
v 0.00950853 0.01368682 0.00860588
v 0.00944420 0.01321121 0.01104569
v 0.01144750 0.01334363 0.01101671
v 0.01150940 0.01372309 0.00862257
v 0.01142857 0.01320957 0.01173818
v 0.01342515 0.01325633 0.01194273
v 0.01137980 0.01273402 0.01352018
v 0.00937849 0.01268050 0.01351168
v 0.01338115 0.01278957 0.01352772
v 0.01542284 0.01327207 0.01208204
v 0.01344999 0.01344415 0.01100290
v 0.01134702 0.01241123 0.01471573
v 0.00935046 0.01236397 0.01451011
v 0.00930461 0.01182608 0.01613141
v 0.01130462 0.01182847 0.01616420
v 0.00729914 0.01160752 0.01620130
v 0.00735596 0.01225897 0.01418306
v 0.00529564 0.01146713 0.01623406
v 0.00535910 0.01222017 0.01399525
v 0.00727929 0.01132376 0.01687272
v 0.00336326 0.01207154 0.01369916
v 0.00329121 0.01128970 0.01628441
v 0.00135665 0.01180810 0.01379036
v 0.00927454 0.01140767 0.01715542
v 0.01537990 0.01274157 0.01358444
v 0.01534473 0.01237722 0.01485660
v 0.01742047 0.01328927 0.01222443
v 0.01738536 0.01295975 0.01351473
v 0.01941561 0.01337614 0.01251335
v 0.01745237 0.01354216 0.01102419
v 0.01938922 0.01311448 0.01347516
v 0.01945624 0.01369711 0.01098451
v 0.01950412 0.01397955 0.00912581
v 0.01750779 0.01392585 0.00890664
v 0.02149680 0.01413550 0.00956003
v 0.02141071 0.01346431 0.01280501
v 0.01751554 0.01397201 0.00860612
v 0.01551363 0.01389446 0.00860903
v 0.00943295 0.01313599 0.01147720
v 0.01551110 0.01388226 0.00870876
v 0.01733986 0.01246452 0.01514644
v 0.01951801 0.01407156 0.00859276
v 0.00528270 0.01127732 0.01666884
v -0.02084600 0.00790495 0.01969897
v -0.00207749 0.01513044 -0.00824874
v -0.00406436 0.01481165 -0.00902547
v -0.00404127 0.01492935 -0.00993299
v -0.00202783 0.01546345 -0.01015276
v -0.00398466 0.01509959 -0.01222775
v -0.00198383 0.01558940 -0.01194013
v -0.00000308 0.01607961 -0.01080284
v -0.00197091 0.01564590 -0.01245332
v -0.00274040 0.01541148 -0.01235492
v -0.00001269 0.01606492 -0.01040453
v -0.00007572 0.01564051 -0.00798904
v 0.00194048 0.01628397 -0.00826075
v 0.00198105 0.01647541 -0.00986412
v 0.00189433 0.01582174 -0.00658227
v -0.00009168 0.01547884 -0.00740971
v -0.00014793 0.01485234 -0.00540077
v 0.00186815 0.01549131 -0.00567036
v 0.00181783 0.01488180 -0.00390257
v 0.00380936 0.01507005 -0.00340042
v -0.00017136 0.01462819 -0.00454223
v 0.00388362 0.01607281 -0.00594798
v -0.00122678 0.01529995 -0.00784665
v 0.00004124 0.01612920 -0.01264896
v 0.00398013 0.01645201 -0.00980713
v 0.00199893 0.01652716 -0.01059017
v -0.01839929 0.01220660 0.00337876
v -0.01836720 0.01236719 0.00211605
v -0.01640270 0.01225306 0.00358268
v -0.01636700 0.01237675 0.00214543
v -0.01440653 0.01231127 0.00381132
v -0.01436515 0.01245192 0.00214365
v -0.01842972 0.01196298 0.00452195
v -0.01830692 0.01268278 -0.00024775
v -0.01431419 0.01280723 0.00019771
v -0.01631073 0.01275945 -0.00000898
v -0.02030951 0.01257827 -0.00023204
v 0.01334594 0.01239233 0.01478217
v -0.01241177 0.01240891 0.00412290
v -0.02014066 0.01304991 -0.00709776
v -0.02009987 0.01311601 -0.00878494
v -0.02008608 0.01313951 -0.00935422
v -0.02214385 0.01292158 -0.00707073
v -0.02019803 0.01284964 -0.00478875
v -0.02064679 0.01281702 -0.00478085
v -0.02020023 0.01284473 -0.00469879
v -0.02219452 0.01273387 -0.00503817
v -0.02414853 0.01273466 -0.00701587
v -0.02208462 0.01319555 -0.00941476
v -0.00081300 0.00923072 0.01940849
v 0.00121985 0.01005321 0.01853844
v 0.00119309 0.00947365 0.01932702
v 0.00115590 0.00876168 0.02047862
v 0.00315267 0.00880286 0.02067144
v 0.00320440 0.00992361 0.01914721
v 0.00321429 0.01015984 0.01886892
v 0.00309690 0.00728192 0.02212914
v 0.00109930 0.00726384 0.02198490
v 0.00509691 0.00723243 0.02213123
v 0.00515074 0.00880783 0.02078812
v -0.02274381 0.00987890 0.01651351
v 0.00756570 0.01387755 0.00626746
v -0.02203132 0.01323495 -0.01164738
v -0.02003397 0.01313177 -0.01156444
v -0.02198668 0.01293082 -0.01371683
v 0.00574714 0.01484626 -0.00086830
v 0.00380390 0.01502032 -0.00319880
v 0.00579813 0.01533553 -0.00273580
v 0.00779053 0.01549942 -0.00228488
v 0.00581831 0.01559302 -0.00343691
v 0.00775391 0.01511606 -0.00096253
v 0.00978721 0.01554335 -0.00208628
v 0.00975835 0.01529373 -0.00101300
v 0.01178523 0.01554970 -0.00196670
v 0.00982910 0.01602389 -0.00357372
v 0.01182814 0.01598782 -0.00352266
v 0.01186349 0.01644026 -0.00475026
v 0.01386265 0.01641459 -0.00469807
v 0.01382847 0.01600277 -0.00349584
v 0.01586180 0.01638924 -0.00464518
v 0.01583212 0.01614903 -0.00353139
v 0.01577293 0.01579595 -0.00123635
v 0.01377956 0.01565952 -0.00162952
v 0.01190038 0.01677702 -0.00611144
v 0.00986337 0.01649280 -0.00474597
v 0.00179680 0.01473728 -0.00309828
v -0.00072271 0.01073474 0.01648017
v -0.02403211 0.01320159 -0.01166546
v 0.01785794 0.01644836 -0.00441463
v 0.01783583 0.01629791 -0.00356818
v -0.03870758 0.00922687 0.01433793
v -0.02461660 0.01077136 0.01162789
v -0.02209874 0.01313360 -0.00885414
v -0.01808647 0.01312609 -0.00931392
v 0.00204123 0.01613058 -0.01261569
v 0.00208270 0.01570085 -0.01462548
v 0.00408136 0.01564976 -0.01456729
v 0.00608533 0.01580886 -0.01460894
v 0.00604440 0.01625984 -0.01260924
v 0.00808231 0.01569112 -0.01451908
v 0.00812262 0.01521561 -0.01650710
v 0.01008687 0.01587351 -0.01457179
v 0.01004634 0.01634040 -0.01257966
v 0.01205577 0.01671564 -0.01272397
v 0.01201124 0.01702398 -0.01065653
v 0.01208893 0.01595710 -0.01457757
v 0.01211164 0.01565347 -0.01571873
v 0.01347412 0.01699086 -0.01283075
v 0.01000135 0.01663060 -0.01050360
v 0.01402101 0.01741267 -0.01080723
v 0.01396797 0.01738389 -0.00857966
v 0.01596759 0.01737095 -0.00853959
v 0.01602558 0.01759581 -0.01086030
v 0.01796419 0.01723796 -0.00844250
v 0.01802506 0.01757696 -0.01081742
v 0.01803691 0.01760044 -0.01130491
v 0.01604113 0.01753121 -0.01155674
v 0.00804036 0.01610161 -0.01250015
v 0.02003662 0.01755945 -0.01128494
v 0.01011836 0.01551423 -0.01611781
v 0.01328848 0.01613524 -0.01464192
v 0.01196353 0.01720623 -0.00852920
v 0.01996465 0.01725807 -0.00841812
v 0.01594483 0.01714633 -0.00770950
v 0.01794516 0.01708773 -0.00772655
v -0.02220119 0.01272258 -0.00476232
v 0.00252672 0.01118237 0.01632247
v 0.00129234 0.01110563 0.01609531
v -0.00064982 0.01154982 0.01387912
v -0.02418663 0.01256212 -0.00550563
v -0.02614836 0.01273955 -0.00705211
v 0.00403351 0.01582645 -0.01243731
v 0.00970830 0.01467091 0.00073543
v 0.01169967 0.01486353 0.00124678
v -0.03664244 0.00973692 0.01191569
v -0.01212318 0.01357284 -0.00739924
v 0.01557834 0.01438564 0.00616182
v 0.01808253 0.01778116 -0.01312831
v -0.00025813 0.01397593 -0.00125739
v -0.02618483 0.01256063 -0.00561495
v -0.02814644 0.01281364 -0.00712124
v -0.02818592 0.01264058 -0.00555300
v -0.03014334 0.01293446 -0.00721255
v -0.03008884 0.01302126 -0.00946768
v -0.03018786 0.01274402 -0.00544162
v -0.03214044 0.01304749 -0.00730016
v -0.03218807 0.01279915 -0.00543187
v -0.03220002 0.01275969 -0.00494957
v -0.02809025 0.01304314 -0.00936303
v -0.02609272 0.01306314 -0.00921476
v -0.03020137 0.01270831 -0.00489124
v -0.03414518 0.01285803 -0.00724410
v -0.03418381 0.01272887 -0.00568591
v -0.03614887 0.01270995 -0.00720768
v -0.03609708 0.01268942 -0.00941183
v -0.03810114 0.01252661 -0.00936842
v -0.03815518 0.01245834 -0.00712210
v -0.04010548 0.01235275 -0.00931976
v -0.04005478 0.01228914 -0.01150345
v -0.04016006 0.01226301 -0.00706324
v -0.04210716 0.01228449 -0.00932127
v -0.03806048 0.01245462 -0.01113192
v -0.04215920 0.01229539 -0.00711254
v -0.03617736 0.01259734 -0.00606876
v -0.03970853 0.01231639 -0.01151053
v -0.04205668 0.01221199 -0.01150073
v -0.04410898 0.01221047 -0.00932003
v -0.03606767 0.01260689 -0.01070543
v -0.03208916 0.01300683 -0.00949475
v -0.03420206 0.01267714 -0.00494429
v -0.03871313 0.00915833 0.01453208
v -0.01866454 0.01095004 0.01385869
v 0.00771166 0.01462591 0.00053456
v 0.01390005 0.01676573 -0.00607215
v -0.02620564 0.01254263 -0.00474469
v 0.00990127 0.01681058 -0.00616131
v -0.03279976 0.00765359 0.01740091
v -0.03079391 0.00814159 0.01747508
v -0.03264275 0.00972820 0.01198768
v -0.02398543 0.01297858 -0.01377344
v -0.00234122 0.01341101 0.00189164
v 0.00968613 0.01450532 0.00157540
v 0.01151860 0.01377052 0.00826132
v 0.01777486 0.01595514 -0.00119146
v 0.01978098 0.01619919 -0.00127346
v 0.01984053 0.01648584 -0.00362352
v -0.00605406 0.01457212 -0.00963551
v 0.01620101 0.01582351 -0.00115558
v 0.01976045 0.01604753 -0.00049478
v 0.02175135 0.01625344 0.00004453
v 0.01971167 0.01552614 0.00126014
v 0.01770381 0.01521311 0.00137490
v 0.01968013 0.01521451 0.00240984
v 0.02167097 0.01542222 0.00295294
v 0.01964501 0.01495776 0.00374401
v 0.01764238 0.01485166 0.00376049
v 0.01768747 0.01505815 0.00197476
v 0.02165253 0.01525753 0.00363555
v 0.02359131 0.01490672 0.00605001
v 0.02358074 0.01481796 0.00644492
v 0.01959285 0.01457676 0.00572517
v 0.01759610 0.01453476 0.00553062
v 0.02344001 0.01563170 0.00348798
v 0.02366073 0.01566005 0.00355937
v 0.02557140 0.01503058 0.00699834
v 0.02172416 0.01602279 0.00105815
v 0.00782800 0.01597848 -0.00358608
v -0.03671421 0.00913949 0.01459865
v -0.01682903 0.00858078 0.01944580
v -0.01688290 0.00720755 0.02091065
v -0.01488643 0.00725714 0.02112117
v -0.01482765 0.00863731 0.01945288
v 0.02008295 0.01779952 -0.01310311
v 0.01812309 0.01731547 -0.01512102
v 0.01611072 0.01682370 -0.01492136
v 0.02149131 0.01773666 -0.01083454
v 0.02203132 0.01782850 -0.01086905
v 0.02208825 0.01801160 -0.01316992
v 0.02403764 0.01808084 -0.01095499
v 0.02401619 0.01803377 -0.01007485
v 0.02409205 0.01816381 -0.01320830
v 0.02603984 0.01816955 -0.01096320
v 0.02609363 0.01822829 -0.01320500
v 0.02804452 0.01835683 -0.01101823
v 0.02809506 0.01828670 -0.01319881
v 0.03004961 0.01856036 -0.01108098
v 0.02999581 0.01845727 -0.00886545
v 0.03009898 0.01844378 -0.01323950
v 0.03010922 0.01836269 -0.01372115
v 0.03205580 0.01880736 -0.01116438
v 0.03156561 0.01854391 -0.01326223
v 0.03018537 0.01847296 -0.00882234
v 0.03199917 0.01863626 -0.00886921
v 0.02812486 0.01797364 -0.01464567
v 0.02999460 0.01845364 -0.00881639
v 0.02213341 0.01772809 -0.01524916
v 0.02800499 0.01824910 -0.00940952
v 0.02202603 0.01780695 -0.01065814
v -0.03284525 0.00654564 0.01866879
v -0.04270801 0.00920615 0.01427993
v -0.03678336 0.00799334 0.01684464
v -0.03878178 0.00799828 0.01674883
v -0.03881067 0.00721555 0.01750720
v -0.03680502 0.00744135 0.01743387
v -0.03684138 0.00653555 0.01843514
v -0.03883860 0.00650676 0.01826839
v -0.03689669 0.00500160 0.01986545
v -0.04084023 0.00660167 0.01836181
v -0.03489613 0.00493673 0.01983520
v -0.04284204 0.00670153 0.01846565
v -0.04280101 0.00759488 0.01725917
v -0.04479442 0.00785374 0.01710228
v -0.04604594 0.00824999 0.01689266
v -0.04478175 0.00814495 0.01673871
v -0.04678600 0.00831334 0.01698669
v -0.04278020 0.00805225 0.01664993
v -0.03484296 0.00653074 0.01853123
v -0.04080542 0.00742204 0.01737519
v 0.00426863 0.01513261 -0.00324430
v 0.01169409 0.01482229 0.00145876
v 0.01291294 0.01492110 0.00143246
v 0.01369415 0.01496925 0.00157534
v 0.01363566 0.01458180 0.00382082
v 0.01569158 0.01499193 0.00172927
v 0.01369873 0.01500808 0.00140444
v 0.01163023 0.01436508 0.00388983
v 0.03014215 0.01808161 -0.01528138
v 0.03210241 0.01858162 -0.01327105
v 0.02178755 0.01646143 -0.00136410
v 0.01985241 0.01655404 -0.00408613
v -0.03085404 0.00674291 0.01918993
v -0.02885964 0.00685059 0.01952262
v -0.02880095 0.00828987 0.01789317
v -0.02686407 0.00692556 0.01978652
v 0.02012693 0.01746933 -0.01516018
v -0.04639413 0.01127461 0.00216007
v -0.03039053 0.01143188 0.00235677
v -0.03238695 0.01157182 0.00225637
v -0.03036892 0.01165040 0.00157163
v -0.02836983 0.01162675 0.00162808
v -0.04581856 0.01014383 0.01156658
v -0.03236946 0.01171487 0.00160103
v 0.02413162 0.01788239 -0.01505002
v 0.02337712 0.01780051 -0.01526250
v 0.02413629 0.01784397 -0.01527028
v 0.02416812 0.01703254 -0.01709874
v 0.02251194 0.01695443 -0.01708970
v 0.02613530 0.01780658 -0.01521859
v 0.02616947 0.01708781 -0.01709107
v 0.03214709 0.01827906 -0.01534125
v -0.04245200 0.01119004 0.00462283
v -0.03032470 0.01196732 -0.00011146
v -0.02832483 0.01196422 -0.00007606
v -0.02827864 0.01215508 -0.00191743
v -0.02628041 0.01215554 -0.00181025
v -0.02826515 0.01225589 -0.00242851
v -0.02632255 0.01205610 -0.00008578
v -0.02428780 0.01231344 -0.00137193
v -0.02626553 0.01224259 -0.00238826
v -0.03027915 0.01221852 -0.00189020
v 0.03410944 0.01886159 -0.01337011
v 0.03408317 0.01899447 -0.01217988
v -0.04016180 0.01225961 -0.00699155
v -0.02933697 0.01302918 -0.00945869
v -0.03471400 0.00908432 0.01458883
v -0.03232269 0.01204516 -0.00018236
v -0.02637691 0.01177604 0.00204831
v -0.01282916 0.00868700 0.01957812
v 0.03017773 0.01741883 -0.01718045
v 0.02817841 0.01744385 -0.01722626
v 0.01357574 0.01428065 0.00617776
v 0.03218510 0.01771236 -0.01728595
v -0.04257059 0.01050505 0.00923515
v 0.02216586 0.01694107 -0.01708922
v 0.03607451 0.01918808 -0.01166644
v 0.03611572 0.01911228 -0.01345526
v 0.03406139 0.01903048 -0.01123644
v 0.03735287 0.01932098 -0.01131871
v 0.03807024 0.01938504 -0.01133700
v 0.03806585 0.01938158 -0.01115322
v 0.03812258 0.01938606 -0.01355138
v 0.04005672 0.01958850 -0.01061179
v 0.03615886 0.01874909 -0.01549666
v 0.03801327 0.01920039 -0.00903539
v 0.04001793 0.01938684 -0.00909003
v 0.04204983 0.01973240 -0.01020292
v 0.04202168 0.01953714 -0.00912750
v 0.04404337 0.01986428 -0.00981933
v 0.04402623 0.01971927 -0.00918008
v 0.04603909 0.01993494 -0.00956450
v 0.04602943 0.01984809 -0.00920735
v 0.04718523 0.02004132 -0.00927961
v 0.04609465 0.02035912 -0.01166399
v 0.04395968 0.01915535 -0.00669834
v 0.04208259 0.01987773 -0.01150318
v 0.04803010 0.02013763 -0.00903195
v 0.04797643 0.01982271 -0.00694748
v 0.05001351 0.02055346 -0.00805110
v 0.04196325 0.01907484 -0.00692925
v 0.04998830 0.02029463 -0.00713772
v 0.04993166 0.01976353 -0.00505586
v 0.05082588 0.01989997 -0.00472108
v 0.05193425 0.02022776 -0.00485812
v 0.05191803 0.02009624 -0.00424983
v 0.04794214 0.01951886 -0.00567669
v 0.04790991 0.01925979 -0.00446618
v 0.04589945 0.01884369 -0.00430246
v 0.04785850 0.01877907 -0.00257596
v 0.04915489 0.01897488 -0.00209483
v 0.04985503 0.01916007 -0.00217100
v 0.04984601 0.01908015 -0.00183649
v 0.04784153 0.01862360 -0.00195010
v 0.04978649 0.01851751 0.00034812
v 0.04777611 0.01810416 0.00051054
v 0.04976353 0.01830766 0.00119544
v 0.04595232 0.01928287 -0.00627927
v 0.04586884 0.01853843 -0.00318832
v 0.05175152 0.01859504 0.00190613
v 0.04972074 0.01798516 0.00281488
v 0.04771510 0.01775976 0.00288802
v 0.04967106 0.01781537 0.00481671
v 0.05180043 0.01907150 0.00011890
v 0.05288090 0.01883234 0.00246572
v 0.04767774 0.01767736 0.00442024
v 0.04571035 0.01756986 0.00294430
v 0.04568509 0.01752043 0.00398395
v 0.04565545 0.01746753 0.00520681
v 0.04365089 0.01728501 0.00525958
v 0.04369285 0.01735220 0.00352389
v 0.04164692 0.01712576 0.00530129
v 0.04359520 0.01700490 0.00745016
v 0.04169923 0.01722245 0.00314478
v 0.04160361 0.01681842 0.00695170
v 0.04426526 0.01705612 0.00759360
v 0.04577042 0.01787706 0.00058448
v 0.04559665 0.01721058 0.00754275
v 0.03969998 0.01715348 0.00304030
v 0.04765961 0.01763396 0.00516167
v 0.04359065 0.01697086 0.00762270
v 0.04376161 0.01752626 0.00071719
v 0.05056515 0.01791630 0.00507673
v 0.05368354 0.01976960 -0.00018105
v 0.03964438 0.01702326 0.00531606
v 0.05167096 0.01808722 0.00501423
v 0.05166154 0.01803290 0.00538046
v 0.05375061 0.01917201 0.00231898
v 0.05373355 0.01904942 0.00296806
v 0.05381687 0.01979826 -0.00011362
v 0.04578064 0.01792651 0.00018133
v 0.04379059 0.01769688 -0.00040786
v 0.05173186 0.01842762 0.00263864
v 0.04175750 0.01736164 0.00076146
v 0.04382461 0.01794940 -0.00169770
v 0.04738440 0.01805119 0.00052907
v 0.03996847 0.01897767 -0.00723985
v 0.04370494 0.01735375 0.00301302
v 0.04408839 0.02010928 -0.01157924
v 0.04090200 0.01719358 0.00304163
v 0.04158180 0.01661871 0.00775604
v 0.04179697 0.01756712 -0.00078700
v 0.03816482 0.01898696 -0.01557572
v 0.04013122 0.01972982 -0.01368074
v 0.04017354 0.01933416 -0.01570672
v 0.03820121 0.01835622 -0.01749001
v 0.03619360 0.01805305 -0.01737993
v 0.04019312 0.01884945 -0.01682304
v 0.03999153 0.01851606 -0.01753563
v 0.04020589 0.01854336 -0.01754497
v 0.04966375 0.01779992 0.00511677
v 0.00065497 0.01622208 -0.01046792
v 0.04388977 0.01845861 -0.00415348
v 0.04181974 0.01775485 -0.00163922
v 0.04992027 0.01967209 -0.00462810
v 0.03975440 0.01723723 0.00078662
v -0.02864858 0.01018733 0.01257071
v -0.04677810 0.00849868 0.01676201
v -0.04672339 0.00964244 0.01512553
v 0.03415205 0.01847725 -0.01540146
v 0.04596557 0.01939048 -0.00677610
v 0.04375842 0.01914086 -0.00669486
v 0.03980160 0.01748640 -0.00106298
v 0.03775516 0.01726538 0.00073933
v 0.03780402 0.01746774 -0.00120845
v 0.03575722 0.01734514 0.00066752
v 0.03580499 0.01748991 -0.00126801
v 0.03581505 0.01756347 -0.00165009
v 0.03381387 0.01751491 -0.00166095
v 0.03770590 0.01713383 0.00274597
v 0.03387877 0.01801340 -0.00411163
v 0.03587871 0.01801295 -0.00407749
v 0.03589303 0.01810635 -0.00462816
v 0.03389454 0.01811323 -0.00471990
v 0.03375379 0.01720745 0.00069899
v 0.03570771 0.01713223 0.00263639
v 0.03788588 0.01825751 -0.00420402
v 0.03788459 0.01824788 -0.00415516
v -0.04651455 0.01064930 0.00688488
v 0.03380794 0.01745645 -0.00144460
v -0.04817646 0.01286711 -0.00613857
v 0.04007674 0.01964413 -0.01142614
v 0.05396056 0.02127146 -0.00531995
v 0.03606532 0.01918822 -0.01127744
v -0.02025034 0.01284979 -0.00257491
v 0.03187676 0.01793196 -0.00410687
v -0.02225385 0.01270901 -0.00254196
v 0.03594335 0.01850129 -0.00652336
v 0.03794753 0.01866883 -0.00656902
v -0.04421531 0.01214310 -0.00486024
v 0.02353118 0.01459701 0.00841102
v 0.02553656 0.01481197 0.00834283
v 0.02548059 0.01449151 0.01052127
v 0.02348941 0.01429346 0.00999848
v 0.02346590 0.01408341 0.01086887
v 0.02630227 0.01455275 0.01069385
v 0.02748108 0.01468851 0.01064930
v 0.02754428 0.01511965 0.00823062
v 0.02948821 0.01497259 0.01054829
v 0.02955086 0.01550776 0.00821444
v 0.02919450 0.01546072 0.00809645
v 0.02955501 0.01554648 0.00806180
v 0.02761203 0.01573104 0.00572631
v 0.02962096 0.01608644 0.00559142
v 0.02963596 0.01620679 0.00502799
v 0.02764442 0.01601874 0.00452625
v 0.02767992 0.01634785 0.00321942
v 0.02567211 0.01603670 0.00333329
v 0.02772964 0.01671447 0.00133287
v 0.03156191 0.01582148 0.00796510
v 0.03162709 0.01640611 0.00555343
v 0.03362139 0.01651667 0.00589220
v 0.02972398 0.01682386 0.00166916
v 0.02373377 0.01640535 0.00091036
v 0.03356679 0.01601676 0.00790626
v 0.03561832 0.01655365 0.00607618
v 0.02968591 0.01658715 0.00313968
v 0.02774441 0.01683049 0.00077627
v 0.02974803 0.01697567 0.00074124
v 0.02780508 0.01716120 -0.00159472
v 0.02579800 0.01687915 -0.00149467
v 0.02782039 0.01725487 -0.00218720
v 0.02583059 0.01701809 -0.00279145
v 0.02379299 0.01667859 -0.00143332
v 0.02384182 0.01675253 -0.00345622
v 0.02585838 0.01719860 -0.00386030
v 0.02786964 0.01764654 -0.00403915
v 0.02790678 0.01791780 -0.00544958
v 0.02591514 0.01773268 -0.00594517
v 0.02391985 0.01755954 -0.00627958
v 0.02592616 0.01781125 -0.00636522
v 0.02990146 0.01801749 -0.00513369
v 0.02987588 0.01789530 -0.00412338
v 0.02981451 0.01753648 -0.00173905
v 0.02793157 0.01802746 -0.00643399
v 0.02981000 0.01749690 -0.00157193
v 0.03116334 0.01742043 -0.00166099
v 0.03556906 0.01610853 0.00789660
v 0.03761255 0.01666612 0.00641896
v 0.03563607 0.01669072 0.00540616
v 0.03757417 0.01631265 0.00783357
v 0.03752908 0.01592142 0.00950932
v 0.03764110 0.01689166 0.00534464
v 0.03952592 0.01596091 0.00969861
v 0.03750644 0.01570203 0.01033751
v 0.03950924 0.01581472 0.01031791
v 0.03550023 0.01545443 0.01042119
v 0.03744810 0.01510703 0.01245316
v 0.03545294 0.01502075 0.01216547
v 0.03349841 0.01538023 0.01042251
v 0.03345592 0.01498634 0.01198688
v 0.03149623 0.01529233 0.01043034
v 0.03145875 0.01495602 0.01181691
v 0.03142616 0.01458866 0.01297848
v 0.02942099 0.01438223 0.01304261
v 0.03138041 0.01406767 0.01460511
v 0.02938378 0.01402240 0.01440369
v 0.02741577 0.01417378 0.01310770
v 0.02738938 0.01391472 0.01407100
v 0.02734478 0.01343389 0.01567303
v 0.02533595 0.01308235 0.01580609
v 0.02539753 0.01373547 0.01358777
v 0.02731190 0.01300226 0.01680852
v 0.02339891 0.01350228 0.01335881
v 0.02424828 0.01363304 0.01331105
v 0.02531910 0.01284971 0.01638145
v 0.02540682 0.01381722 0.01324314
v 0.02930839 0.01305133 0.01701793
v 0.02724989 0.01174734 0.01868805
v 0.02710016 0.01169603 0.01870991
v 0.02925378 0.01190309 0.01864799
v 0.03130656 0.01305349 0.01712868
v 0.04152179 0.01602742 0.00994470
v 0.04151204 0.01592767 0.01029818
v 0.02924540 0.01173279 0.01890132
v 0.03124162 0.01178962 0.01912705
v 0.03117717 0.01051180 0.02109608
v 0.03317448 0.01053829 0.02125800
v 0.03323475 0.01193311 0.01953507
v 0.02918118 0.01044885 0.02085748
v 0.03517241 0.01054698 0.02138249
v 0.03523076 0.01199568 0.01977289
v 0.03717219 0.01050402 0.02139832
v 0.03723178 0.01191797 0.01971563
v 0.03327006 0.01255195 0.01840764
v 0.03527885 0.01290189 0.01827534
v 0.03917285 0.01043639 0.02136229
v 0.03923309 0.01183193 0.01964087
v 0.04117201 0.01041082 0.02141471
v 0.04122853 0.01191052 0.01991237
v 0.03927587 0.01278736 0.01839760
v 0.04127928 0.01292418 0.01836653
v 0.04129216 0.01321116 0.01799135
v 0.04328993 0.01322465 0.01812592
v 0.04136003 0.01439306 0.01582056
v 0.03936470 0.01431131 0.01554239
v 0.04335524 0.01447819 0.01610582
v 0.03936765 0.01435078 0.01544106
v 0.04328204 0.01303539 0.01834763
v 0.04534921 0.01459802 0.01646408
v 0.04338118 0.01489037 0.01525261
v 0.04538732 0.01513537 0.01517016
v 0.04542487 0.01556148 0.01383384
v 0.04741644 0.01574860 0.01433363
v 0.04546000 0.01594224 0.01257301
v 0.04344920 0.01551245 0.01274324
v 0.04746855 0.01628270 0.01244522
v 0.04749809 0.01654417 0.01135023
v 0.04739687 0.01551537 0.01502358
v 0.04949130 0.01668532 0.01175333
v 0.04753658 0.01690525 0.00993561
v 0.04552993 0.01664007 0.01002764
v 0.04758089 0.01730758 0.00829919
v 0.04954388 0.01719620 0.00983133
v 0.04957477 0.01742997 0.00866284
v 0.05100157 0.01687137 0.01222528
v 0.04550487 0.01640334 0.01094782
v 0.04343294 0.01538459 0.01335558
v 0.04734311 0.01471971 0.01682624
v 0.02340529 0.01356702 0.01312724
v 0.03126016 0.01215801 0.01856083
v 0.03363433 0.01661980 0.00540592
v 0.02384786 0.01677984 -0.00369532
v 0.03337583 0.01414696 0.01487809
v 0.02932130 0.01744626 -0.00170452
v 0.03553601 0.01577662 0.00909856
v 0.03154342 0.01566704 0.00865566
v 0.03929348 0.01322358 0.01791126
v 0.03342899 0.01470263 0.01295827
v 0.04410237 0.01326436 0.01825269
v 0.03944509 0.01514224 0.01263342
v 0.04322734 0.01189494 0.01998580
v 0.02747315 0.01465083 0.01096257
v 0.04947539 0.01655538 0.01234962
v 0.02935110 0.01368586 0.01558727
v 0.02423391 0.01760789 -0.00629724
v 0.02756138 0.01526199 0.00759128
v -0.02030173 0.01260561 -0.00054498
v -0.02229603 0.01249494 -0.00088395
v -0.06023801 0.02366228 0.00268016
v -0.01041565 0.01252768 0.00438942
v 0.04803806 0.02019167 -0.00933663
v 0.00377192 0.01211343 0.01368617
v 0.05148614 0.01698293 0.01218046
v 0.05155145 0.01749800 0.00972190
v 0.05349547 0.01735433 0.01203797
v 0.05355598 0.01785831 0.00977620
v 0.05554114 0.01822495 0.01065360
v 0.05347170 0.01713644 0.01291460
v 0.05550946 0.01791053 0.01180770
v 0.05661526 0.01859938 0.01149896
v 0.05305944 0.01779103 0.00960817
v 0.05557811 0.01855735 0.00928657
v 0.03394019 0.01837417 -0.00649690
v 0.04254081 0.01613179 0.01021859
v -0.03245340 0.01098345 0.00471931
v 0.03835681 0.01429343 0.01545118
v -0.06204558 0.02396695 0.00250464
v -0.03487717 0.01102923 0.00468688
v -0.03445281 0.01101590 0.00468137
v 0.03970333 0.01715677 0.00290042
v -0.05262747 0.01445946 0.01382887
v -0.05455162 0.01736085 0.01230837
v 0.05562442 0.01897508 0.00757462
v 0.04777338 0.01808065 0.00061176
v 0.05362310 0.01826544 0.00717740
v 0.05183353 0.01938063 -0.00109825
v 0.05471416 0.01871634 0.00698154
v -0.05833119 0.02204544 0.00569598
v 0.05546086 0.01739098 0.01355621
v 0.05356145 0.01789580 0.00956688
v -0.01201786 0.01377723 -0.01173533
v 0.03209903 0.01859918 -0.01311753
v 0.03781501 0.01756394 -0.00161639
v -0.05426565 0.01859822 0.00094072
v 0.04036927 0.01936897 -0.01571994
v 0.04218401 0.01975073 -0.01587066
v 0.04221801 0.01902543 -0.01774003
v 0.04419335 0.02012240 -0.01601328
v 0.04414531 0.02029178 -0.01387982
v 0.04352848 0.02018289 -0.01383852
v 0.04615234 0.02057196 -0.01397898
v 0.04619932 0.02036068 -0.01609253
v 0.04815978 0.02086863 -0.01408597
v 0.04820212 0.02047367 -0.01611228
v 0.04623318 0.01962967 -0.01795919
v 0.05016748 0.02117557 -0.01419785
v 0.05020846 0.02072639 -0.01619840
v 0.05217584 0.02150849 -0.01432206
v 0.05221451 0.02096814 -0.01627930
v 0.04811742 0.02077450 -0.01234913
v 0.05418171 0.02174294 -0.01439949
v 0.05414020 0.02217090 -0.01238888
v 0.05561570 0.02267834 -0.01260510
v 0.05455144 0.02183505 -0.01443702
v 0.05408852 0.02219577 -0.01018679
v 0.05547928 0.02258995 -0.00813583
v 0.05406617 0.02206340 -0.00931947
v 0.05402548 0.02177111 -0.00777119
v 0.05492390 0.02164924 -0.00548322
v 0.05307144 0.02176551 -0.00999949
v 0.05419873 0.02143212 -0.01530405
v 0.04423055 0.01952366 -0.01794277
v -0.05032715 0.01392398 0.00083377
v -0.04846464 0.01216825 0.00170008
v -0.04985574 0.01304597 0.00347398
v -0.05041502 0.01343420 0.00426157
v -0.04836943 0.01210727 0.00157676
v -0.01820440 0.01291243 -0.00445017
v -0.04855803 0.01099740 0.00889951
v 0.02946563 0.01481247 0.01140876
v -0.04415919 0.01229406 -0.00714584
v -0.05651133 0.01936485 0.01176054
v 0.02724802 0.01170864 0.01874431
v 0.04413897 0.02026872 -0.01362536
v -0.01642510 0.01214758 0.00446819
v 0.02139346 0.01328444 0.01342836
v 0.02146072 0.01387646 0.01093325
v -0.05044597 0.01336181 0.00552860
v 0.04583251 0.01826440 -0.00181340
v -0.00396461 0.01509972 -0.01307632
v 0.03988668 0.01818597 -0.00424830
v 0.03988162 0.01813188 -0.00406613
v 0.04084544 0.01823318 -0.00409794
v 0.04188128 0.01828826 -0.00392693
v 0.04188694 0.01834468 -0.00413328
v -0.05455436 0.01735363 0.01242022
v 0.03736487 0.01423859 0.01546043
v 0.03736783 0.01427282 0.01535523
v 0.01789868 0.01671539 -0.00598039
v 0.01990251 0.01686871 -0.00601929
v -0.04814621 0.01280437 -0.00745609
v 0.05381974 0.01983826 -0.00021138
v 0.02197304 0.01759235 -0.00854298
v 0.00721138 0.01014309 0.01904609
v -0.00393190 0.01511736 -0.01445010
v 0.03535830 0.01397681 0.01555085
v 0.04213728 0.01997199 -0.01376185
v -0.06022380 0.02374057 0.00212488
v -0.06017886 0.02393342 0.00033747
v -0.06012968 0.02380907 -0.00181736
v -0.06070633 0.02403848 -0.00193622
v -0.05816619 0.02236488 -0.00109745
v -0.05817753 0.02239478 -0.00059961
v -0.05798886 0.02219365 -0.00101303
v -0.05811498 0.02232113 -0.00329057
v -0.05963509 0.02316525 -0.00371767
v -0.06008734 0.02341410 -0.00384365
v -0.06010986 0.02363125 -0.00276184
v -0.05698423 0.02132135 -0.00279606
v -0.06002870 0.02366446 -0.00617647
v -0.05801326 0.02220601 -0.00766368
v -0.05953810 0.02325419 -0.00818788
v -0.05881951 0.02238590 -0.00997768
v -0.05796684 0.02197249 -0.00976667
v -0.05807171 0.02151720 -0.01176677
v -0.05993964 0.02304792 -0.01031143
v -0.05791853 0.02130382 -0.01220786
v -0.05763873 0.02065292 -0.01356331
v -0.05593111 0.01924518 -0.01286506
v -0.05668592 0.02054926 -0.00906830
v -0.05604821 0.01968210 -0.01085999
v -0.05998043 0.02350423 -0.00831426
v -0.05601785 0.01995369 -0.00877382
v -0.05597388 0.01962319 -0.01083072
v -0.05409136 0.01784793 -0.00995478
v -0.05484990 0.01871678 -0.00816594
v -0.05406712 0.01800399 -0.00781379
v -0.05401281 0.01767985 -0.01030446
v -0.05398118 0.01726383 -0.01189000
v -0.05368440 0.01698401 -0.01175193
v -0.05303010 0.01611662 -0.01354324
v -0.05202555 0.01550814 -0.01102212
v -0.05411071 0.01834937 -0.00576393
v -0.05544933 0.01958340 -0.00637333
v -0.05393931 0.01684999 -0.01390732
v -0.05298914 0.01688396 -0.00726301
v -0.05501525 0.01795120 -0.01444912
v -0.05589282 0.01868962 -0.01481507
v -0.05554399 0.01881682 -0.01265484
v -0.05605874 0.02040623 -0.00677486
v -0.05217029 0.01601427 -0.00905042
v -0.05211662 0.01604494 -0.00684932
v -0.05206775 0.01590849 -0.00899839
v -0.05205828 0.01582112 -0.00945110
v -0.05007037 0.01373446 -0.01014570
v -0.04929639 0.01330904 -0.00993032
v -0.04820494 0.01243552 -0.01171129
v -0.05002045 0.01363963 -0.01231455
v -0.05792784 0.02144514 -0.01173007
v -0.05360024 0.01775074 -0.00547067
v -0.04804640 0.01230599 -0.01197556
v -0.04805261 0.01236758 -0.01167641
v -0.04800606 0.01213916 -0.01378182
v -0.04603927 0.01205678 -0.01239354
v -0.05074108 0.01427780 -0.01263018
v -0.05216436 0.01622601 -0.00472141
v -0.05161402 0.01514826 -0.01084404
v -0.05901240 0.02306621 0.00076955
v 0.00957018 0.01405678 0.00621625
v 0.01563965 0.01474186 0.00377871
v 0.02152459 0.01433407 0.00850199
v 0.02525436 0.01158005 0.01836763
v -0.05615354 0.02079529 -0.00253187
v 0.03135450 0.01637894 0.00548176
v -0.04470148 0.00946304 0.01412398
v -0.04271037 0.00917910 0.01436336
v 0.04960528 0.01755618 0.00744645
v -0.06036821 0.02264956 0.00758899
v -0.06039849 0.02246858 0.00876290
v -0.05910830 0.02202875 0.00790552
v 0.02718483 0.01039546 0.02063896
v 0.02912911 0.00882411 0.02209680
v 0.02713124 0.00881358 0.02196845
v 0.02519104 0.01027064 0.02027023
v 0.01757932 0.01442609 0.00617653
v 0.03543157 0.01480668 0.01294277
v -0.04809590 0.01272500 -0.00963228
v -0.00852804 0.01222181 0.00899643
v -0.00244513 0.01309797 0.00610326
v 0.03171917 0.01690937 0.00195522
v 0.03175032 0.01706810 0.00073126
v 0.03169014 0.01675654 0.00309315
v 0.00536977 0.01233123 0.01360973
v 0.04351283 0.01622940 0.01047574
v -0.04946157 0.01200164 0.01062153
v 0.03189830 0.01805694 -0.00494450
v 0.00367476 0.01404928 0.00169024
v -0.00555812 0.01459277 -0.01422828
v -0.00590452 0.01412790 -0.01622792
v -0.00593847 0.01441634 -0.01461992
v 0.01157197 0.01412964 0.00621557
v 0.01161148 0.01425145 0.00461610
v 0.00961844 0.01410540 0.00420271
v -0.05389691 0.01653549 0.01060556
v 0.03797331 0.01889122 -0.00752789
v -0.06042728 0.02238170 0.00993011
v -0.02431958 0.01217578 -0.00010871
v -0.03480234 0.00754944 0.01741645
v -0.03026217 0.01237186 -0.00251752
v 0.01776750 0.01589919 -0.00091299
v 0.02398227 0.01795975 -0.00868357
v -0.04071016 0.00912422 0.01435414
v 0.02002358 0.01752000 -0.01075644
v -0.05085859 0.01504737 -0.00635370
v 0.05005807 0.02098593 -0.00967997
v 0.00962432 0.01412909 0.00396800
v -0.05183040 0.01591921 -0.00456989
v -0.05554791 0.01732656 0.01684582
v 0.00762122 0.01400466 0.00399318
v 0.00328629 0.01122606 0.01645483
v 0.01570043 0.01507710 0.00140558
v -0.01231794 0.01286316 0.00042156
v 0.04094763 0.01520561 0.01284668
v 0.03943814 0.01507066 0.01288523
v -0.03804979 0.01248857 -0.01156425
v -0.04000260 0.01228377 -0.01371480
v -0.03799830 0.01245594 -0.01376266
v -0.03995954 0.01191714 -0.01575454
v -0.03795151 0.01223693 -0.01587252
v -0.03595579 0.01255540 -0.01547048
v -0.03594410 0.01253231 -0.01597890
v -0.03396659 0.01280877 -0.01483135
v -0.03393929 0.01272462 -0.01603632
v -0.03193325 0.01296600 -0.01611705
v -0.03398819 0.01286011 -0.01388679
v -0.02993506 0.01289611 -0.01604993
v -0.04196099 0.01185768 -0.01576023
v -0.03599342 0.01265096 -0.01382137
v -0.03203703 0.01299940 -0.01170512
v -0.02998549 0.01297074 -0.01387149
v -0.03003426 0.01311084 -0.01172413
v -0.02803360 0.01313894 -0.01170355
v -0.02798699 0.01291294 -0.01381011
v -0.02603144 0.01322626 -0.01171110
v -0.02608737 0.01308302 -0.00942916
v -0.02797308 0.01284315 -0.01444041
v -0.02597790 0.01292917 -0.01415328
v -0.02793727 0.01281016 -0.01597517
v -0.02593751 0.01280261 -0.01593766
v -0.02397898 0.01291042 -0.01408651
v -0.02394140 0.01265031 -0.01583139
v -0.00823090 0.01340955 -0.00287352
v -0.04866324 0.01108985 0.01340700
v -0.04865930 0.01113028 0.01326419
v -0.04848356 0.01103941 0.01331037
v -0.04873361 0.00997806 0.01572525
v 0.04144003 0.01523487 0.01293446
v -0.04471368 0.00932127 0.01455619
v 0.03537368 0.01415795 0.01500742
v 0.03369504 0.01695244 0.00303402
v 0.01545245 0.01354324 0.01098975
v 0.00154510 0.01327345 0.00668478
v 0.03957816 0.01647276 0.00779144
v 0.03743578 0.01497536 0.01289658
v -0.01824824 0.01293464 -0.00258129
v 0.02184456 0.01664733 -0.00366630
v 0.02184694 0.01665837 -0.00376048
v 0.01176230 0.01545189 -0.00105420
v -0.03289886 0.00496415 0.01999909
v 0.02547496 0.01444415 0.01073145
v -0.01621051 0.01303454 -0.00408713
v 0.05141626 0.01628734 0.01472475
v 0.05140162 0.01606561 0.01521283
v 0.05339456 0.01621441 0.01563201
v 0.05133305 0.01490352 0.01742526
v 0.05190398 0.01496169 0.01757807
v 0.05132634 0.01479756 0.01764630
v 0.04932532 0.01475534 0.01763243
v 0.04933464 0.01490807 0.01732862
v 0.04731027 0.01415722 0.01788261
v 0.04927111 0.01360471 0.01924394
v 0.04727729 0.01348051 0.01887649
v 0.05126853 0.01362768 0.01939845
v 0.00920982 0.01013767 0.01914089
v -0.05402028 0.01778702 -0.00992462
v 0.04760222 0.01743308 0.00747099
v -0.01424239 0.01317011 -0.00262528
v 0.04195585 0.01900193 -0.00665939
v 0.01360488 0.01438709 0.00500761
v -0.03407442 0.01274692 -0.01030469
v 0.03371295 0.01703464 0.00232492
v -0.05662909 0.01853595 0.01625250
v -0.05449888 0.01747903 0.01014677
v 0.02560159 0.01531584 0.00588960
v 0.05156753 0.01758361 0.00909221
v 0.05148069 0.01693365 0.01238186
v -0.03632039 0.01213275 -0.00029182
v -0.03826901 0.01209363 -0.00252106
v -0.03627602 0.01227847 -0.00208271
v -0.03428051 0.01235510 -0.00181532
v -0.03626262 0.01234880 -0.00260834
v -0.03425919 0.01248629 -0.00263972
v -0.03811387 0.01211343 -0.00252784
v -0.04227828 0.01172300 -0.00241286
v -0.04427738 0.01175654 -0.00246272
v 0.00520385 0.00990340 0.01919074
v 0.00714945 0.00879479 0.02086689
v -0.03409370 0.01282514 -0.00944237
v 0.03995189 0.01884318 -0.00661791
v -0.00443874 0.01296807 0.00572384
v 0.04387785 0.01833525 -0.00372189
v 0.00394806 0.01658605 -0.00837032
v -0.03008760 0.01301795 -0.00952221
v -0.00464943 0.01156161 0.01380567
v -0.00262193 0.01188518 0.01286582
v -0.00264721 0.01165128 0.01379700
v -0.01814724 0.01269168 -0.00024927
v -0.01630403 0.01279896 -0.00026901
v -0.02426000 0.01246366 -0.00245935
v -0.01197071 0.01357263 -0.01385206
v -0.00472117 0.01079192 0.01638516
v 0.05212319 0.02149502 -0.01210176
v 0.00388237 0.01605659 -0.00590494
v 0.00995514 0.01687212 -0.00840442
v 0.00795276 0.01677612 -0.00839275
v 0.00996308 0.01678229 -0.00879383
v 0.00797911 0.01638219 -0.00974158
v 0.00595043 0.01668185 -0.00838190
v 0.01194926 0.01712053 -0.00797617
v 0.01589737 0.01666171 -0.00598882
v -0.03438631 0.01159532 0.00221129
v -0.04027368 0.01190680 -0.00246624
v -0.03816952 0.01242659 -0.00653413
v -0.04021451 0.01217839 -0.00480916
v -0.04221572 0.01212861 -0.00481944
v -0.03851442 0.01066180 0.00701465
v -0.04051342 0.01069925 0.00696294
v 0.04558819 0.01715225 0.00786629
v 0.05206816 0.02138752 -0.00983680
v 0.03569808 0.01707486 0.00300980
v 0.02565311 0.01582452 0.00401153
v 0.05397831 0.02144162 -0.00597058
v 0.00336554 0.01208894 0.01361301
v -0.03821162 0.01229499 -0.00483062
v -0.00062205 0.01183936 0.01287564
v -0.02820319 0.01263803 -0.00482393
v 0.02798837 0.01820490 -0.00873217
v 0.01329880 0.01159968 0.01630680
v 0.01327774 0.01121978 0.01697264
v 0.01527507 0.01124555 0.01713303
v 0.01521041 0.00997357 0.01911435
v 0.01321103 0.01000533 0.01907495
v 0.01319651 0.00962000 0.01946106
v 0.01119963 0.00974202 0.01936917
v 0.01315342 0.00853618 0.02064155
v 0.01720775 0.00999909 0.01927424
v 0.01115228 0.00861706 0.02070546
v 0.00920937 0.01012566 0.01915302
v 0.00915008 0.00872812 0.02083285
v 0.01109991 0.00700106 0.02196319
v 0.00909742 0.00711981 0.02210676
v 0.01726923 0.01135994 0.01747984
v 0.01720188 0.00983641 0.01942611
v 0.01914886 0.00851625 0.02091824
v 0.02120377 0.01001215 0.01951412
v 0.02121049 0.01018125 0.01933017
v 0.02319799 0.01012519 0.01985808
v 0.02322635 0.01081122 0.01906486
v 0.02314049 0.00865251 0.02141725
v 0.02325587 0.01158694 0.01827593
v 0.02126084 0.01149670 0.01797992
v 0.01715130 0.00849727 0.02077210
v 0.02114585 0.00855158 0.02109876
v 0.01926498 0.01142979 0.01773297
v 0.01730935 0.01202130 0.01617438
v 0.01931489 0.01224242 0.01610328
v 0.01515361 0.00848145 0.02063264
v 0.01310031 0.00694066 0.02194236
v 0.01519433 0.00953568 0.01953503
v 0.02374231 0.01645758 0.00058013
v 0.03600890 0.01902569 -0.00898634
v 0.03353803 0.01576908 0.00897650
v -0.03404228 0.01278961 -0.01163939
v 0.01530193 0.01172530 0.01628106
v 0.00709615 0.00720472 0.02217915
v 0.04137408 0.01460716 0.01535321
v 0.01045515 0.01694288 -0.00842958
v -0.05632586 0.02018636 0.00439907
v -0.01830631 0.01268472 -0.00027237
v 0.05186915 0.01972125 -0.00240363
v -0.00458163 0.01217508 0.01130037
v -0.01887633 0.00707240 0.02052019
v -0.01892969 0.00548412 0.02183619
v -0.04405961 0.01209401 -0.01147861
v -0.02409716 0.01313852 -0.00895000
v 0.03198938 0.01858829 -0.00848367
v -0.03228070 0.01231123 -0.00180139
v -0.05724765 0.02141535 -0.00727479
v 0.00598340 0.01631103 -0.00999747
v 0.00789786 0.01667365 -0.00613019
v 0.00589060 0.01638414 -0.00602660
v 0.05364589 0.01842253 0.00630620
v -0.04005273 0.01228654 -0.01159166
v 0.02190705 0.01705056 -0.00607174
v -0.02808827 0.01304549 -0.00944526
v -0.05837556 0.02177683 0.00741411
v 0.01933569 0.01253217 0.01539493
v 0.04529551 0.01357101 0.01812714
v 0.01405695 0.01713712 -0.01249185
v 0.00568461 0.01444148 0.00153787
v 0.03398462 0.01867263 -0.00820007
v 0.02613114 0.01784668 -0.01501892
v 0.01127515 0.01134150 0.01712245
v 0.03181034 0.01737343 -0.00162767
v 0.05342667 0.01670144 0.01456198
v -0.04204648 0.01216070 -0.01196255
v 0.04612857 0.02051115 -0.01300926
v -0.04403688 0.01194074 -0.01253143
v -0.04401391 0.01183183 -0.01356798
v 0.01607456 0.01746350 -0.01301135
v 0.01394469 0.01719950 -0.00770387
v -0.04605754 0.01217401 -0.01155054
v 0.04810313 0.02069683 -0.01179047
v 0.02813677 0.01786683 -0.01521329
v -0.03251578 0.01061332 0.00713945
v 0.03135134 0.01369726 0.01561578
v 0.03729573 0.01320958 0.01777562
v -0.01051355 0.01212828 0.00829557
v -0.05428292 0.01748942 0.00793070
v -0.03651609 0.01059750 0.00707912
v -0.02194125 0.01265808 -0.01580116
v 0.03981691 0.01764089 -0.00161901
v -0.04078110 0.00802845 0.01670609
v 0.01212781 0.01542500 -0.01653871
v -0.00594823 0.01446850 -0.01417582
v -0.04026161 0.01197289 -0.00293787
v -0.04858568 0.01320877 -0.00544103
v 0.03418775 0.01781945 -0.01730289
v 0.05421819 0.02111563 -0.01631543
v -0.01476394 0.00999228 0.01756063
v -0.05669939 0.01782349 0.01880481
v -0.03845257 0.01110769 0.00466203
v -0.01624582 0.01303254 -0.00259386
v 0.02366329 0.01568541 0.00346623
v 0.05276979 0.02100182 -0.01628589
v 0.03162941 0.01642295 0.00546550
v -0.02839025 0.01144492 0.00238450
v 0.04144278 0.01525645 0.01283091
v -0.01860816 0.01111133 0.01156818
v -0.05266775 0.01439843 0.01549701
v -0.04831146 0.01247517 -0.00065802
v 0.02513524 0.00875047 0.02172949
v 0.00937115 0.01533196 -0.01654124
v -0.00611569 0.01405182 -0.00733619
v -0.02598550 0.01297376 -0.01380507
v 0.01012682 0.01538384 -0.01655309
v -0.01693450 0.00556975 0.02212252
v 0.00786719 0.01643490 -0.00497395
v -0.04879550 0.00862859 0.01754358
v 0.04395887 0.01914831 -0.00666851
v -0.03604619 0.01263292 -0.01159889
v -0.02042952 0.01196902 0.00448515
v 0.03400275 0.01878027 -0.00890369
v -0.01857286 0.01090318 0.00995068
v -0.01482658 0.00866376 0.01942302
v 0.00737214 0.01242709 0.01359812
v -0.01819555 0.01294965 -0.00480233
v 0.04170164 0.01722117 0.00304208
v 0.00768499 0.01445844 0.00156374
v 0.01994218 0.01712217 -0.00754791
v -0.02197848 0.01284698 -0.01411376
v 0.01577063 0.01578557 -0.00114484
v -0.01243254 0.01374065 -0.01172498
v -0.02854892 0.01047807 0.00852548
v -0.00813465 0.01379577 -0.00671792
v -0.02680462 0.00834336 0.01811189
v -0.00239460 0.01336882 0.00412558
v -0.05197950 0.01525991 -0.01311811
v 0.02015895 0.01666557 -0.01699228
v 0.00762340 0.01401569 0.00390781
v -0.03078244 0.00834109 0.01710827
v 0.00799278 0.01628911 -0.01037532
v -0.02408414 0.01321287 -0.00945692
v 0.04215510 0.01986594 -0.01457877
v -0.01660196 0.01135879 0.01148456
v 0.01406528 0.01709424 -0.01286988
v -0.04200710 0.01210341 -0.01366306
v -0.00089717 0.00721406 0.02177398
v -0.04663678 0.01029902 0.01184979
v -0.01673128 0.01038053 0.01637702
v -0.05238989 0.01558145 0.00444035
v -0.02997462 0.01293559 -0.01435219
v -0.02267590 0.01080559 0.01418975
v 0.03529692 0.01322529 0.01770244
v -0.00604968 0.01459453 -0.00980787
v 0.03597777 0.01881548 -0.00779339
v 0.05332258 0.01514759 0.01804485
v 0.05325376 0.01399258 0.02027219
v -0.00070089 0.01096513 0.01569357
v 0.03727542 0.01276784 0.01837294
v -0.04843401 0.01176532 0.00410695
v 0.02523428 0.01112725 0.01894867
v 0.00401957 0.01608460 -0.00591593
v 0.04528444 0.01332919 0.01845201
v 0.04522523 0.01190468 0.02011251
v 0.04722091 0.01197660 0.02036998
v -0.02420508 0.01256657 -0.00472214
v -0.02231362 0.01241376 -0.00018782
v 0.00399658 0.01643598 -0.01051293
v -0.04601025 0.01197494 -0.01366989
v -0.00084028 0.00870362 0.02025030
v 0.00587553 0.01625027 -0.00546849
v -0.03208477 0.01298794 -0.00969155
v -0.04396599 0.01165811 -0.01569936
v -0.05218252 0.01621917 -0.00395711
v 0.00128427 0.01101320 0.01638182
v 0.03330132 0.01315111 0.01744022
v -0.03864326 0.00970271 0.01189801
v -0.01998743 0.01290307 -0.01366972
v -0.01649016 0.01162033 0.00690855
v 0.01559904 0.01450153 0.00535452
v 0.01958169 0.01452194 0.00616493
v -0.04837351 0.01208974 0.00173896
v -0.00652749 0.01242070 0.00912305
v -0.05596834 0.01956660 -0.01109892
v 0.00137198 0.01195749 0.01323032
v -0.02437743 0.01174162 0.00208211
v 0.01409647 0.01625733 -0.01468626
v 0.05209170 0.02139685 -0.01082767
v 0.02245975 0.01668425 -0.00367342
v 0.00521373 0.01012653 0.01890505
v -0.05846901 0.02131203 0.01109321
v -0.04045197 0.01113993 0.00462364
v -0.05821811 0.02238030 0.00110912
v -0.00270274 0.01106608 0.01579970
v 0.02993558 0.01818814 -0.00647639
v -0.01088222 0.00704109 0.02087914
v 0.04352227 0.01633446 0.01013888
v -0.05069771 0.01167913 0.01518345
v -0.04915987 0.01010038 0.01596012
v -0.05999910 0.02361122 -0.00746074
v -0.05015809 0.01440425 -0.00603606
v -0.04860341 0.01127188 0.01098303
v 0.00599254 0.01627786 -0.01040390
v -0.01288700 0.00722405 0.02115777
v -0.03478468 0.00798136 0.01692564
v -0.04054056 0.01053875 0.00801589
v -0.00021222 0.01437798 -0.00296154
v -0.00195622 0.01436167 -0.00519817
v -0.00234593 0.01340196 0.00208589
v -0.01798353 0.01289039 -0.01381003
v -0.05588270 0.01638274 0.01950364
v -0.01998040 0.01285163 -0.01399776
v -0.01430215 0.01287514 -0.00027127
v -0.02656954 0.01056149 0.00947975
v 0.03234365 0.01740388 -0.00163310
v 0.01376715 0.01564598 -0.00111246
v -0.02349472 0.01068903 0.01390084
v 0.02598574 0.01809894 -0.00871576
v 0.00832872 0.01403686 0.00398987
v 0.02133114 0.01261053 0.01566595
v 0.02132062 0.01247144 0.01602842
v -0.00599656 0.01462631 -0.01203687
v 0.05161050 0.01776470 0.00738132
v -0.03620612 0.01251463 -0.00490102
v -0.04596282 0.01178174 -0.01579201
v -0.03670822 0.00920344 0.01438299
v 0.03335743 0.01394057 0.01553413
v 0.02392220 0.01758374 -0.00636464
v -0.05415172 0.01848907 -0.00394561
v -0.03225921 0.01248726 -0.00260626
v 0.03181235 0.01738191 -0.00170759
v -0.04874866 0.00966263 0.01617521
v 0.03769907 0.01711559 0.00302437
v -0.03436947 0.01176435 0.00159889
v -0.04225614 0.01186872 -0.00326318
v -0.04216116 0.01229076 -0.00703224
v -0.02343878 0.00973973 0.01656789
v -0.04668568 0.01008727 0.01379354
v 0.03960710 0.01676966 0.00674295
v 0.02193450 0.01728839 -0.00709208
v 0.03193784 0.01827930 -0.00648576
v -0.03431953 0.01216858 -0.00027491
v -0.03451499 0.01064279 0.00709153
v 0.02601182 0.01810702 -0.00981458
v -0.04610617 0.01232003 -0.00940600
v 0.05368692 0.01872146 0.00474689
v -0.03445337 0.01101154 0.00470248
v -0.03826779 0.01209690 -0.00257082
v -0.01006883 0.00860375 0.01954956
v 0.01121141 0.01004387 0.01904980
v 0.00720770 0.01005782 0.01915132
v -0.05620045 -0.02616154 -0.00014119
v -0.05651089 -0.02701540 -0.00195530
v -0.05508058 -0.02437052 -0.00097370
v -0.05548367 -0.02522308 -0.00279000
v -0.05488384 -0.02351506 0.00083772
v -0.05475839 -0.02388304 -0.00341479
v -0.05600838 -0.02607394 -0.00460917
v -0.05507310 -0.02428031 -0.00544604
v -0.05639169 -0.02692677 -0.00642498
v -0.05674416 -0.02746586 -0.00617466
v -0.05555660 -0.02513174 -0.00726422
v -0.05464301 -0.02345734 -0.00804478
v -0.05470145 -0.02370003 -0.00571562
v -0.05616249 -0.02598147 -0.00908531
v -0.05667897 -0.02695557 -0.00863096
v -0.05662896 -0.02668204 -0.01058500
v -0.05661809 -0.02661630 -0.01100601
v -0.05582097 -0.02503774 -0.01174298
v -0.05400630 -0.02248855 -0.00627979
v -0.05684956 -0.02749639 -0.00173237
v -0.05689854 -0.02736406 0.00041868
v -0.05657404 -0.02710481 0.00251571
v -0.05481246 -0.02395250 -0.00116788
v -0.05679471 -0.02739573 -0.00399409
v -0.05677700 -0.02683106 -0.01090660
v -0.05723819 -0.02795371 0.00069325
v -0.05775133 -0.02880473 -0.00112565
v -0.05889262 -0.02973724 0.00151313
v -0.05890783 -0.02980636 -0.00066907
v -0.05779486 -0.02889442 0.00334583
v -0.05535073 -0.02418612 -0.00992510
v -0.05453145 -0.02342970 -0.00362647
v -0.05353499 -0.02163694 -0.00446189
v -0.05294851 -0.02069666 -0.00711376
v -0.05264164 -0.02025714 -0.00617215
v -0.05260997 -0.02007446 -0.00740383
v -0.05255328 -0.01964943 -0.00955069
v -0.05199581 -0.01890328 -0.00795022
v -0.05238305 -0.01984638 -0.00529363
v -0.05254589 -0.01960846 -0.00983907
v -0.05138707 -0.01796330 -0.01060156
v -0.05248610 -0.01931246 -0.01219358
v -0.05214505 -0.01881089 -0.01242625
v -0.05246085 -0.01915594 -0.01316945
v -0.05242339 -0.01890037 -0.01460322
v -0.05290178 -0.01965849 -0.01425090
v -0.05071126 -0.01702427 -0.01325134
v -0.05043968 -0.01671455 -0.01258485
v -0.05047475 -0.01678857 -0.01114459
v -0.04997888 -0.01617632 -0.01142725
v -0.05329553 -0.02060149 -0.01159447
v -0.05168259 -0.01786886 -0.01508106
v -0.05072913 -0.01711432 -0.00877926
v -0.04912632 -0.01533007 -0.00960035
v -0.04842818 -0.01494216 -0.01198770
v -0.04885625 -0.01524356 -0.01406647
v -0.04839650 -0.01488996 -0.01329760
v -0.05042160 -0.01675568 -0.01337412
v -0.05317512 -0.02078377 -0.00264661
v -0.05656479 -0.02657721 -0.01323847
v -0.05581566 -0.02530872 0.00167467
v -0.05473455 -0.02377176 -0.00435739
v -0.04754498 -0.01440373 -0.01222871
v -0.05671643 -0.02731461 -0.00725875
v -0.05885622 -0.02983428 -0.00286970
v -0.04847693 -0.01480110 -0.00984082
v -0.05692775 -0.02755990 0.00153882
v -0.06088255 -0.03087884 -0.00240747
v -0.06083023 -0.03087883 -0.00462136
v -0.04837221 -0.01479734 -0.01427040
v -0.06027966 -0.03057601 -0.00032643
v -0.06091513 -0.03089923 -0.00104066
v -0.06093661 -0.03094821 -0.00016062
v -0.06290003 -0.03157298 -0.00211168
v -0.06295508 -0.03168170 0.00015387
v -0.06099012 -0.03099525 0.00207564
v -0.06491290 -0.03208463 -0.00190257
v -0.06289006 -0.03155279 -0.00252155
v -0.06259713 -0.03149203 0.00228456
v -0.06299808 -0.03160942 0.00201611
v -0.06102338 -0.03094927 0.00351085
v -0.06041034 -0.03066448 0.00414300
v -0.06104029 -0.03091070 0.00424937
v -0.05901731 -0.02999861 0.00385006
v -0.05905869 -0.03000901 0.00559476
v -0.06496717 -0.03216240 0.00034827
v -0.06284577 -0.03149605 -0.00436210
v -0.06279081 -0.03139107 -0.00662588
v -0.06080779 -0.03082375 -0.00553869
v -0.06252160 -0.03131248 -0.00665868
v -0.06077156 -0.03062678 -0.00695499
v -0.06078591 -0.03038831 -0.00928339
v -0.06273219 -0.03114141 -0.00895836
v -0.06269085 -0.03096780 -0.01060463
v -0.06278627 -0.03137761 -0.00680985
v -0.06015994 -0.03048738 -0.00479609
v -0.05457538 -0.02333878 -0.00810000
v -0.06487068 -0.03204684 -0.00366693
v -0.06485882 -0.03201495 -0.00414955
v -0.06685284 -0.03177984 -0.00429515
v -0.06687604 -0.03184743 -0.00335369
v -0.06811416 -0.03132437 -0.00231832
v -0.06679639 -0.03161608 -0.00658685
v -0.06241418 -0.03140429 -0.00218363
v -0.05861419 -0.02965084 -0.00295281
v -0.04851007 -0.01479081 -0.00843232
v -0.04804532 -0.01448701 -0.00776804
v -0.06071422 -0.03036202 -0.00922423
v -0.06267295 -0.03086710 -0.01130255
v -0.06468008 -0.03115138 -0.01120144
v -0.06461822 -0.03077327 -0.01359495
v -0.06260848 -0.03038575 -0.01374510
v -0.06065092 -0.02999256 -0.01168403
v -0.06062332 -0.02982586 -0.01275325
v -0.05951235 -0.02945765 -0.01191903
v -0.05865740 -0.02891971 -0.01074107
v -0.05867664 -0.02893740 -0.00993742
v -0.06228947 -0.03027693 -0.01379142
v -0.05862286 -0.02887912 -0.01217899
v -0.05863553 -0.02852143 -0.01456405
v -0.06058736 -0.02954706 -0.01410955
v -0.05856276 -0.02848825 -0.01449034
v -0.05831258 -0.02861627 -0.01008392
v -0.06661183 -0.03052183 -0.01374831
v -0.06459188 -0.03060853 -0.01461190
v -0.06659581 -0.03044912 -0.01438281
v -0.06653793 -0.02966698 -0.01636826
v -0.06454913 -0.03010855 -0.01612459
v -0.06727988 -0.02925843 -0.01657508
v -0.06451343 -0.02972322 -0.01740656
v -0.06252187 -0.02953596 -0.01690647
v -0.06253934 -0.02971918 -0.01627562
v -0.06667878 -0.03110184 -0.01125890
v -0.06766698 -0.03020153 -0.01391849
v -0.06445396 -0.02830597 -0.01908230
v -0.06245675 -0.02827711 -0.01891540
v -0.05906954 -0.02999531 0.00606238
v -0.06109358 -0.03094908 0.00648149
v -0.05912040 -0.02993748 0.00824882
v -0.05780747 -0.02898455 0.00781804
v -0.06071617 -0.03075048 0.00860827
v -0.06113359 -0.03094469 0.00817721
v -0.06114597 -0.03095202 0.00869680
v -0.06311018 -0.03160840 0.00676074
v -0.06047181 -0.02790395 -0.01802431
v -0.06041684 -0.02636061 -0.01943483
v -0.05842906 -0.02606726 -0.01871159
v -0.06036864 -0.02462755 -0.02044633
v -0.06212566 -0.02657547 -0.01997798
v -0.06208337 -0.02476933 -0.02083595
v -0.06236130 -0.02478421 -0.02088206
v -0.06240640 -0.02660415 -0.02005328
v -0.06232300 -0.02277358 -0.02130971
v -0.05838031 -0.02434982 -0.01975596
v -0.05760416 -0.02578066 -0.01806438
v -0.05847702 -0.02724701 -0.01738205
v -0.05690657 -0.02673894 -0.01538217
v -0.05650177 -0.02615335 -0.01565371
v -0.05645885 -0.02528151 -0.01695266
v -0.05640220 -0.02378524 -0.01846223
v -0.05848857 -0.02748358 -0.01703390
v -0.05591609 -0.02494612 -0.01621772
v -0.05653050 -0.02635746 -0.01455906
v -0.05700769 -0.02398229 -0.01890926
v -0.06032891 -0.02265720 -0.02095871
v -0.05880478 -0.02757054 -0.01723379
v -0.05895663 -0.02978528 0.00140860
v -0.06316539 -0.03172326 0.00902921
v -0.06119548 -0.03084132 0.01085811
v -0.06321149 -0.03147716 0.01112621
v -0.06124009 -0.03053597 0.01292697
v -0.06517752 -0.03220557 0.00922438
v -0.06375430 -0.03165640 0.01120222
v -0.06519621 -0.03217534 0.01003308
v -0.06523047 -0.03223069 0.01145021
v -0.06723545 -0.03242989 0.01151091
v -0.06528039 -0.03213609 0.01361918
v -0.06325910 -0.03129089 0.01325163
v -0.06330138 -0.03089336 0.01527669
v -0.06128273 -0.03015278 0.01495884
v -0.06131505 -0.02936085 0.01679659
v -0.06333487 -0.03014763 0.01713638
v -0.06335847 -0.02901050 0.01881015
v -0.06494828 -0.03087175 0.01745328
v -0.06200388 -0.02824809 0.01847065
v -0.06292108 -0.02737702 0.02025575
v -0.06133274 -0.02798921 0.01835896
v -0.06337742 -0.02768888 0.02039627
v -0.06540642 -0.02883922 0.02090876
v -0.06542486 -0.02749747 0.02248533
v -0.06449053 -0.02649680 0.02202543
v -0.06461293 -0.02563687 0.02382931
v -0.06338846 -0.02605392 0.02183357
v -0.06341232 -0.02492693 0.02351215
v -0.06338108 -0.02704321 0.02093405
v -0.06244035 -0.02386060 0.02302167
v -0.06126716 -0.03028499 0.01422161
v -0.06098363 -0.02997883 0.01488122
v -0.06660808 -0.02827384 0.02283436
v -0.06532138 -0.03168732 0.01561990
v -0.06087509 -0.02912213 0.01669056
v -0.06535742 -0.03104264 0.01752758
v -0.06134944 -0.02657873 0.01990288
v -0.05930109 -0.02673388 0.01779660
v -0.05928358 -0.02811242 0.01623751
v -0.05896361 -0.02648399 0.01768352
v -0.05843287 -0.02734964 0.01588930
v -0.05723085 -0.02602208 0.01527853
v -0.05719838 -0.02680797 0.01343792
v -0.05849133 -0.02820704 0.01408114
v -0.05676569 -0.02556630 0.01506973
v -0.05690915 -0.02470608 0.01687311
v -0.05544755 -0.02291985 0.01604868
v -0.05527091 -0.02378054 0.01424608
v -0.05519399 -0.02248784 0.01584759
v -0.05727391 -0.02402630 0.01828484
v -0.05727781 -0.02373772 0.01862126
v -0.05739611 -0.02384104 0.01866837
v -0.05727922 -0.02172125 0.01987733
v -0.05432434 -0.02112886 0.01521625
v -0.05312922 -0.01933890 0.01438552
v -0.05427505 -0.02198776 0.01341064
v -0.05966807 -0.02561590 0.01947365
v -0.05516995 -0.02360776 0.01416565
v -0.05325771 -0.02019531 0.01257572
v -0.05456826 -0.02284187 0.01159694
v -0.05369341 -0.02104742 0.01075865
v -0.05301821 -0.01966770 0.01011415
v -0.05299590 -0.01958029 0.00922180
v -0.05280174 -0.01925320 0.00992075
v -0.05226420 -0.01840252 0.01174023
v -0.05141531 -0.01746590 0.00909454
v -0.05202899 -0.01831550 0.00727328
v -0.05089577 -0.01688797 0.00661382
v -0.05087347 -0.01689272 0.00566742
v -0.05121234 -0.01737844 0.00462684
v -0.05084384 -0.01690308 0.00440710
v -0.05078942 -0.01681982 0.00215365
v -0.05098869 -0.01674741 0.01062983
v -0.05099575 -0.01670410 0.01095427
v -0.05091353 -0.01661472 0.01091317
v -0.05202672 -0.01754763 0.01355261
v -0.05104032 -0.01639720 0.01302240
v -0.05145925 -0.01669738 0.01537279
v -0.05109120 -0.01634038 0.01520930
v -0.05035366 -0.01576436 0.01273317
v -0.05252914 -0.01916670 0.00545469
v -0.05291575 -0.01975332 0.00572703
v -0.05186529 -0.01822750 0.00280465
v -0.05094926 -0.01693458 0.00884984
v -0.05287921 -0.01976681 0.00417270
v -0.05060712 -0.01652871 0.00644791
v -0.05296383 -0.01958561 0.00786127
v -0.04980375 -0.01559147 0.00380116
v -0.05365852 -0.02095760 0.00628698
v -0.05489589 -0.02369548 0.00978244
v -0.05507801 -0.02411047 0.00997665
v -0.06718774 -0.03236349 0.00953113
v -0.06922160 -0.03188325 0.01121733
v -0.05716222 -0.02744771 0.01152790
v -0.05417987 -0.02189881 0.00894039
v -0.05450338 -0.02275248 0.00712598
v -0.05502142 -0.02394105 0.00768227
v -0.05301759 -0.02001807 0.00363638
v -0.05398569 -0.02181123 0.00447248
v -0.05446983 -0.02266266 0.00265426
v -0.05354503 -0.02086889 0.00181714
v -0.05280878 -0.01966088 0.00125531
v -0.05277047 -0.01973021 -0.00040707
v -0.05242410 -0.01907788 0.00098466
v -0.05287990 -0.01992970 -0.00083287
v -0.05386596 -0.02172260 0.00000280
v -0.05483373 -0.02360606 0.00531141
v -0.06927592 -0.03196275 0.01346899
v -0.06930929 -0.03199165 0.01486381
v -0.06730654 -0.03211791 0.01470444
v -0.06932498 -0.03183378 0.01562162
v -0.06732693 -0.03190920 0.01569137
v -0.06552578 -0.03172187 0.01563286
v -0.06736973 -0.03153208 0.01772614
v -0.06937115 -0.03159026 0.01771985
v -0.07136524 -0.03135802 0.01757561
v -0.06941659 -0.03131817 0.01980451
v -0.07141508 -0.03125991 0.01974291
v -0.06743898 -0.03013082 0.02148834
v -0.07132832 -0.03140918 0.01598274
v -0.05725771 -0.02501367 0.01701343
v -0.06740326 -0.03078812 0.01958666
v -0.06718071 -0.03233378 0.00925136
v -0.05505461 -0.02405362 0.00902002
v -0.07046180 -0.03165266 0.01551622
v -0.06206476 -0.03082188 0.01304891
v -0.05734658 -0.02813280 0.00963570
v -0.06305605 -0.03153680 0.00451285
v -0.06260308 -0.03034396 -0.01394920
v -0.06242300 -0.02718279 -0.01969428
v -0.05938310 -0.02991096 0.01044654
v -0.05275893 -0.01975821 -0.00091234
v -0.05165151 -0.01814020 -0.00166280
v -0.05122150 -0.01728803 0.00015412
v -0.05068201 -0.01670959 -0.00232651
v -0.05073215 -0.01662335 -0.00015358
v -0.05066036 -0.01669764 -0.00323578
v -0.04980185 -0.01550120 -0.00067131
v -0.05098903 -0.01720097 -0.00431289
v -0.05198919 -0.01899368 -0.00347755
v -0.05307566 -0.01987109 0.01242467
v -0.04852868 -0.01477871 -0.00763756
v -0.05866869 -0.02906276 0.01227019
v -0.05497024 -0.02398599 0.00548972
v -0.06512683 -0.03227011 0.00704113
v -0.05921393 -0.02949802 0.01246787
v -0.05040367 -0.01635097 -0.00249229
v -0.05683069 -0.02642361 0.01326142
v -0.05707689 -0.02821240 0.00746333
v -0.05702463 -0.02821444 0.00525039
v -0.05630789 -0.02719885 0.00699451
v -0.05607146 -0.02634395 0.00880686
v -0.05688743 -0.02804894 0.00517404
v -0.05701556 -0.02818279 0.00488542
v -0.05544973 -0.02540414 0.00615581
v -0.05590993 -0.02625591 0.00433816
v -0.05711967 -0.02783452 0.00949774
v -0.06300547 -0.03160511 0.00233140
v -0.05895373 -0.02296098 0.02043833
v -0.06668166 -0.03112705 -0.01115199
v -0.06673649 -0.03131545 -0.00894355
v -0.06677731 -0.03153044 -0.00734373
v -0.06477406 -0.03167067 -0.00753249
v -0.06235726 -0.02457878 -0.02093119
v -0.05931172 -0.02600131 0.01868118
v -0.06071224 -0.03034920 -0.00930074
v -0.06468202 -0.03116630 -0.01112834
v -0.05311619 -0.01929286 0.01448314
v -0.05389868 -0.02145124 -0.01341549
v -0.05428943 -0.02230397 -0.01523148
v -0.05336150 -0.02051026 -0.01606852
v -0.05430609 -0.02135523 -0.01789762
v -0.05269110 -0.01871293 -0.01691165
v -0.05433810 -0.02239360 -0.01076013
v -0.05451507 -0.02253375 -0.01291129
v -0.05438552 -0.02154666 -0.01780796
v -0.05437924 -0.02139390 -0.01798292
v -0.05432512 -0.01982692 -0.01934374
v -0.05630688 -0.02028878 -0.02042141
v -0.05626639 -0.01833975 -0.02097860
v -0.05427866 -0.01804487 -0.02025216
v -0.05622577 -0.01639403 -0.02154282
v -0.05423740 -0.01611746 -0.02085488
v -0.05618408 -0.01447851 -0.02217050
v -0.05324530 -0.01775666 -0.01959048
v -0.05817362 -0.01472256 -0.02279004
v -0.05813546 -0.01270810 -0.02320965
v -0.05614190 -0.01257682 -0.02282732
v -0.05419593 -0.01419578 -0.02146963
v -0.05678226 -0.02037200 -0.02062186
v -0.05761626 -0.01855358 -0.02150053
v -0.05821502 -0.01664624 -0.02217952
v -0.05825429 -0.01862973 -0.02169475
v -0.05829525 -0.02056570 -0.02111007
v -0.06024535 -0.01883113 -0.02222458
v -0.06028620 -0.02077024 -0.02164650
v -0.06020562 -0.01686061 -0.02273663
v -0.06219843 -0.01701280 -0.02316293
v -0.06223969 -0.01894052 -0.02256086
v -0.05680154 -0.02217845 -0.01976335
v -0.05455307 -0.02269014 -0.01139584
v -0.05457429 -0.02280722 -0.01056749
v -0.05444954 -0.02250767 -0.01566883
v -0.05446416 -0.02258935 -0.01509877
v -0.05009972 -0.01626493 -0.00695762
v -0.04939745 -0.01541656 -0.00513424
v -0.05058062 -0.01683799 -0.00669333
v -0.06302071 -0.03157638 0.00674704
v -0.04857762 -0.01464503 -0.00548714
v -0.05054448 -0.01686121 -0.00823659
v -0.05262627 -0.01975265 -0.00977188
v -0.05882836 -0.02982845 0.00598714
v -0.04900166 -0.01474451 0.00562689
v -0.04878328 -0.01450272 0.00330085
v -0.04883788 -0.01459331 0.00555778
v -0.04680236 -0.01318423 0.00492239
v -0.04679034 -0.01315294 0.00443246
v -0.04686068 -0.01342228 0.00724935
v -0.04874321 -0.01442457 0.00165154
v -0.04897412 -0.01465459 0.00115503
v -0.04872939 -0.01444006 0.00105719
v -0.04867723 -0.01444609 -0.00115385
v -0.04668256 -0.01308960 -0.00009107
v -0.04751773 -0.01372650 -0.00147630
v -0.04789761 -0.01381147 0.00298723
v -0.04884680 -0.01460544 0.00592788
v -0.05052064 -0.01643964 0.00197746
v -0.05266911 -0.02034488 -0.00506148
v -0.04900703 -0.01483472 0.01009926
v -0.04895049 -0.01478323 0.01021067
v -0.04894752 -0.01479173 0.01007982
v -0.04889491 -0.01478005 0.00786037
v -0.04691274 -0.01341227 0.00945851
v -0.04689076 -0.01342261 0.00852202
v -0.04628947 -0.01306611 0.00930451
v -0.04696769 -0.01351648 0.01172191
v -0.04610287 -0.01315902 0.01378142
v -0.04699555 -0.01356958 0.01286964
v -0.04702287 -0.01363022 0.01398983
v -0.04791774 -0.01399179 0.01193176
v -0.05330247 -0.02010438 0.00810216
v -0.05286322 -0.01974505 0.00350920
v -0.05527083 -0.02454844 0.00796681
v -0.05052865 -0.01685161 -0.00890075
v -0.04704766 -0.01364278 -0.00593769
v -0.05536095 -0.02409568 -0.01439783
v -0.04982015 -0.01568154 0.00827327
v -0.05744304 -0.02767993 -0.01272910
v -0.05369470 -0.02154441 -0.00893815
v -0.05150458 -0.01805196 -0.00613185
v -0.05490502 -0.02347473 0.00303296
v -0.05495448 -0.02377587 0.00494751
v -0.05485590 -0.02345488 0.00096591
v -0.06436535 -0.02462132 -0.02064565
v -0.06431926 -0.02282911 -0.02153272
v -0.06427443 -0.02100172 -0.02234580
v -0.04770724 -0.01390445 0.00746423
v -0.05710586 -0.02786527 -0.00377613
v -0.05494235 -0.02324334 -0.01258118
v -0.04904942 -0.01468382 0.01445637
v -0.04907350 -0.01441992 0.01563161
v -0.06479956 -0.03173973 -0.00649419
v -0.05271609 -0.02013354 -0.00294796
v -0.06805984 -0.03123482 -0.00678954
v -0.06497723 -0.03214440 0.00078463
v -0.06696229 -0.03197093 0.00022340
v -0.06698069 -0.03199826 0.00098581
v -0.06701494 -0.03198392 0.00244348
v -0.06706987 -0.03208751 0.00470658
v -0.06506759 -0.03199548 0.00469679
v -0.06708465 -0.03216868 0.00528410
v -0.06508973 -0.03207555 0.00558618
v -0.05415184 -0.01234727 -0.02223828
v -0.05610379 -0.01056100 -0.02324408
v -0.05412772 -0.01133511 -0.02265843
v -0.05467566 -0.01050969 -0.02306015
v -0.05397880 -0.01232620 -0.02218471
v -0.05410775 -0.01049917 -0.02300783
v -0.05378516 -0.01413564 -0.02132117
v -0.05407011 -0.02257795 -0.00180879
v -0.05916897 -0.02978912 0.01039225
v -0.05543788 -0.02463641 0.01243536
v -0.05216014 -0.01216385 -0.02174627
v -0.05507854 -0.02315112 -0.01705690
v -0.06690733 -0.03186590 -0.00204039
v -0.05463749 -0.02340824 -0.00824954
v -0.04943751 -0.01491899 0.01456159
v -0.05730284 -0.02777221 -0.00825329
v -0.05211447 -0.01035992 -0.02260873
v -0.05406983 -0.00847786 -0.02341301
v -0.05207655 -0.00833854 -0.02301377
v -0.05012665 -0.01006776 -0.02188800
v -0.05008762 -0.00807745 -0.02235841
v -0.04850424 -0.00973801 -0.02110755
v -0.04831109 -0.01154745 -0.02024401
v -0.04881313 -0.00792695 -0.02197381
v -0.05007125 -0.00702237 -0.02242522
v -0.05017186 -0.01188452 -0.02105253
v -0.05363799 -0.01955787 -0.01874080
v -0.05537977 -0.02445662 0.00349173
v -0.05035865 -0.01633421 -0.01578821
v -0.05013938 -0.01608378 -0.01590355
v -0.05034816 -0.01619548 -0.01614981
v -0.04860333 -0.01429859 -0.01672623
v -0.05027954 -0.01503475 -0.01836514
v -0.05026891 -0.01485161 -0.01870634
v -0.05049203 -0.01513031 -0.01857762
v -0.05702274 -0.02727912 0.01145012
v -0.05220783 -0.01391142 -0.02076529
v -0.04831244 -0.01416186 -0.01642293
v -0.05237678 -0.01842818 -0.01629546
v -0.05311396 -0.01931582 0.01437481
v -0.06501575 -0.03201425 0.00249181
v -0.05932021 -0.02267954 0.02101136
v -0.05932351 -0.02140537 0.02190726
v -0.06021212 -0.02208513 0.02221536
v -0.06016722 -0.01485289 -0.02317038
v -0.05896372 -0.01672796 -0.02239134
v -0.06017614 -0.01533073 -0.02307619
v -0.05696029 -0.02773800 0.00281020
v -0.05833700 -0.02247956 -0.02047888
v -0.05235146 -0.01812332 -0.01718620
v -0.06712871 -0.03234635 0.00704342
v -0.05823422 -0.01762928 -0.02195045
v -0.05895995 -0.02979859 0.00154115
v -0.05931844 -0.02327676 0.02058227
v -0.06136462 -0.02303542 0.02264761
v -0.06135224 -0.02461735 0.02118512
v -0.06728313 -0.03224627 0.01363758
v -0.05884601 -0.02980176 -0.00328286
v -0.05879478 -0.02947250 -0.00525544
v -0.05005095 -0.00602134 -0.02269038
v -0.06532727 -0.03158596 0.01592952
v -0.04899755 -0.01470118 0.01225071
v -0.06267144 -0.02476108 -0.02084985
v -0.06322589 -0.03139265 0.01178557
v -0.05161608 -0.01692129 -0.01774521
v -0.06146549 -0.02933996 -0.01643769
v -0.05225488 -0.01567664 -0.01982148
v -0.06228032 -0.02088588 -0.02199594
v -0.05931866 -0.02535762 0.01935678
v -0.05076933 -0.01672736 0.00135851
v -0.05620377 -0.02589058 -0.01355878
v -0.06474130 -0.03150421 -0.00881996
v -0.04837925 -0.01335322 -0.01938666
v -0.06310840 -0.03160139 0.00668973
v -0.05790426 -0.02871229 -0.00560176
v -0.05874911 -0.02943334 -0.00716467
v -0.05512896 -0.02405631 0.01216481
v -0.05682104 -0.02746665 -0.00292177
v -0.05332085 -0.01594886 -0.02045124
v -0.06053831 -0.02912417 -0.01593412
v -0.06591395 -0.02914178 0.02104400
v -0.05230686 -0.01730370 -0.01858701
v -0.06135232 -0.02481439 0.02107152
v -0.06132247 -0.02873501 0.01748179
v -0.04818647 -0.01152441 -0.02018889
v -0.06051705 -0.02883434 -0.01666199
v -0.06152030 -0.02473171 0.02123665
v -0.05917837 -0.02973866 0.01082016
v -0.05925082 -0.02888712 0.01439158
v -0.05874007 -0.02937757 -0.00751444
v -0.05856035 -0.02847550 -0.01458462
v -0.05021933 -0.01363804 -0.02008408
v -0.05573790 -0.02549041 0.01062151
v -0.05894779 -0.02955587 -0.00743319
v -0.05714560 -0.02762224 0.01072123
v -0.05063128 -0.01677252 -0.00451052
v -0.05485233 -0.02345979 0.00081198
v -0.05635367 -0.02206157 -0.01949349
v -0.06423469 -0.01903143 -0.02285830
v 0.07414862 -0.02143996 -0.01124878
v 0.07378714 -0.02238340 -0.00859158
v 0.07348947 -0.02223648 -0.01088127
v 0.07458308 -0.02058783 -0.00943174
v 0.07489424 -0.01973398 -0.00761761
v 0.07418546 -0.02153077 -0.00677539
v 0.07546369 -0.01793524 -0.00846312
v 0.07525106 -0.01879047 -0.01027492
v 0.07353410 -0.02211187 -0.01269599
v 0.07349952 -0.02246968 -0.00412587
v 0.07447091 -0.02067656 -0.00496189
v 0.07521517 -0.01888027 -0.00580327
v 0.07354630 -0.02205760 -0.01318012
v 0.07477586 -0.02050023 -0.01389968
v 0.07522068 -0.01869975 -0.01474813
v 0.07510942 -0.01955641 -0.01655754
v 0.07555392 -0.01689769 -0.01559923
v 0.07492745 -0.01774712 -0.01742081
v 0.07562950 -0.01509203 -0.01645640
v 0.07571425 -0.01487413 -0.01599315
v 0.07573020 -0.01269895 -0.01537766
v 0.07568931 -0.01242794 -0.01550720
v 0.07476083 -0.01060818 -0.01638811
v 0.07472637 -0.00974949 -0.01458216
v 0.07463897 -0.00794153 -0.01544319
v 0.07568182 -0.01156962 -0.01370061
v 0.07482196 -0.00889261 -0.01277312
v 0.07532572 -0.01070641 -0.01190224
v 0.07564480 -0.01193762 -0.01131148
v 0.07480763 -0.00708568 -0.01363242
v 0.07517495 -0.00803935 -0.01095802
v 0.07530025 -0.00984784 -0.01009609
v 0.07548038 -0.00899216 -0.00828506
v 0.07549448 -0.01079908 -0.00742576
v 0.07546142 -0.00813367 -0.00647873
v 0.07537230 -0.00993915 -0.00562187
v 0.07537573 -0.01174591 -0.00476283
v 0.07550774 -0.01217035 -0.00564935
v 0.07523939 -0.01088579 -0.00295928
v 0.07551244 -0.00921805 -0.00409631
v 0.07551848 -0.00865242 -0.00401636
v 0.07529244 -0.00718278 -0.00914847
v 0.07547551 -0.01242679 -0.00443743
v 0.07563755 -0.01260780 -0.00656342
v 0.07589302 -0.01423752 -0.01464342
v 0.07582194 -0.01604324 -0.01378614
v 0.07593703 -0.01337992 -0.01283561
v 0.07543888 -0.00727514 -0.00467250
v 0.07591217 -0.01518629 -0.01197724
v 0.07568084 -0.01698978 -0.01112373
v 0.07560691 -0.01758259 -0.01305793
v 0.07559311 -0.01764689 -0.01251178
v 0.07550291 -0.00926906 -0.00372345
v 0.07545352 -0.00822387 -0.00200643
v 0.07543848 -0.01022925 -0.00156652
v 0.07574012 -0.01251895 -0.01103349
v 0.07555223 -0.01146006 -0.00711054
v 0.07581397 -0.01432670 -0.01017278
v 0.07546753 -0.00859841 -0.00182812
v 0.07560758 -0.01355590 -0.00389838
v 0.07577110 -0.01441641 -0.00570129
v 0.07565713 -0.01622153 -0.00484502
v 0.07570827 -0.01536403 -0.00303704
v 0.07552508 -0.01269653 -0.00209356
v 0.07577050 -0.01450669 -0.00122880
v 0.07546782 -0.01716738 -0.00218375
v 0.07551120 -0.01183813 -0.00028713
v 0.07574783 -0.01631310 -0.00037037
v 0.07553025 -0.01811677 0.00048346
v 0.07588492 -0.01545681 0.00143963
v 0.07533309 -0.01806801 -0.00175786
v 0.07538546 -0.01806570 -0.00397286
v 0.07516480 -0.01896986 -0.00133195
v 0.07574000 -0.01726151 0.00229517
v 0.07588732 -0.01459863 0.00324646
v 0.07576220 -0.01279015 0.00238454
v 0.07573115 -0.01193150 0.00419057
v 0.07535923 -0.01906290 0.00314514
v 0.07525015 -0.01928130 0.00103235
v 0.07521867 -0.01948871 0.00224123
v 0.07579563 -0.01373913 0.00505106
v 0.07541299 -0.01106882 0.00598982
v 0.07502888 -0.01991648 0.00133058
v 0.07458233 -0.02085873 0.00398575
v 0.07545729 -0.01012094 0.00332514
v 0.07554954 -0.01287747 0.00685202
v 0.07522106 -0.01201465 0.00865101
v 0.07571676 -0.01468654 0.00771494
v 0.07544207 -0.01382448 0.00951520
v 0.07569234 -0.01649293 0.00857333
v 0.07569498 -0.01563476 0.01038015
v 0.07577900 -0.01735236 0.00676861
v 0.07544466 -0.01829617 0.00942644
v 0.07548696 -0.01743856 0.01123420
v 0.07551386 -0.01477400 0.01218265
v 0.07542898 -0.01657953 0.01303960
v 0.07505176 -0.01390931 0.01397850
v 0.07506893 -0.01923942 0.01208329
v 0.07523674 -0.01915147 0.00761476
v 0.07497678 -0.01579334 0.01467070
v 0.07520459 -0.01296293 0.01131637
v 0.07418949 -0.02171143 0.00216971
v 0.07358801 -0.02256121 0.00034873
v 0.07314644 -0.02339090 0.00295048
v 0.07446084 -0.02076673 -0.00048961
v 0.07397186 -0.02161809 -0.00230794
v 0.07326291 -0.02292207 -0.00170002
v 0.07367102 -0.02265267 0.00482318
v 0.07574840 -0.01527431 -0.00750860
v 0.07323839 -0.02307616 -0.00075398
v 0.07495742 -0.01833482 0.01398180
v 0.07492246 -0.01571421 0.01483440
v 0.07443840 -0.01751415 0.01568193
v 0.07579890 -0.01364888 0.00057863
v 0.07434846 -0.01484795 0.01662761
v 0.07354153 -0.01664336 0.01746751
v 0.07463440 -0.01304524 0.01577540
v 0.07383035 -0.01217576 0.01756317
v 0.07415424 -0.01037356 0.01671185
v 0.07462026 -0.01123831 0.01491610
v 0.07496025 -0.01210129 0.01311736
v 0.07468921 -0.00943255 0.01405876
v 0.07501655 -0.01382390 0.01415644
v 0.07477085 -0.01029191 0.01225392
v 0.07489176 -0.01115182 0.01045001
v 0.07471661 -0.00762621 0.01320044
v 0.07488202 -0.00848674 0.01139758
v 0.07346755 -0.00950572 0.01850240
v 0.07388224 -0.00770481 0.01765323
v 0.07296368 -0.00920915 0.01909999
v 0.07507929 -0.01249847 0.01228753
v 0.07437561 -0.00856994 0.01585812
v 0.07293533 -0.01149855 0.01894131
v 0.07290830 -0.01382501 0.01870462
v 0.07253010 -0.01129931 0.01933922
v 0.07130163 -0.01308880 0.02016915
v 0.07085466 -0.01535623 0.02003447
v 0.07596525 -0.01554823 0.00591404
v 0.07317226 -0.01397325 0.01840658
v 0.07195279 -0.01576287 0.01923674
v 0.07530079 -0.01870613 -0.00076950
v 0.07299537 -0.00701316 0.01906221
v 0.07268218 -0.00682977 0.01943164
v 0.07158750 -0.00862115 0.02026474
v 0.07294589 -0.01061300 0.01901998
v 0.07340160 -0.01930635 0.01651640
v 0.07286747 -0.01884843 0.01745206
v 0.07286734 -0.01994095 0.01680905
v 0.07120932 -0.02108234 0.01732357
v 0.07083308 -0.02091952 0.01764635
v 0.07219183 -0.01843117 0.01829459
v 0.07401236 -0.02017313 0.01472407
v 0.07334856 -0.00503239 0.01858842
v 0.07287123 -0.01771488 0.01796556
v 0.07556752 -0.01707849 -0.00665391
v 0.07093611 -0.00838723 0.02072259
v 0.07091943 -0.00959094 0.02071448
v 0.07096381 -0.00607944 0.02091996
v 0.07302694 -0.00481394 0.01903121
v 0.07185537 -0.00415324 0.02035991
v 0.07262361 -0.00235729 0.01951910
v 0.07306121 -0.00269055 0.01884076
v 0.07361674 -0.00322943 0.01773579
v 0.07368028 -0.00142359 0.01687833
v 0.07427029 -0.00409681 0.01594447
v 0.07428259 -0.00229024 0.01508579
v 0.07462678 -0.00496002 0.01414613
v 0.07387552 0.00038039 0.01602398
v 0.07438745 -0.00048500 0.01422931
v 0.07465685 -0.00315371 0.01328786
v 0.07309998 -0.00069304 0.01838548
v 0.07404284 0.00218477 0.01516896
v 0.07434983 0.00132226 0.01336945
v 0.07407528 0.00399105 0.01431076
v 0.07427125 0.00313009 0.01250862
v 0.07450844 0.00046182 0.01156643
v 0.07446749 0.00226913 0.01070649
v 0.07430199 0.00493639 0.01165038
v 0.07451185 0.00407523 0.00984857
v 0.07468897 0.00140781 0.00890496
v 0.07469704 0.00321442 0.00804618
v 0.07462956 0.00588031 0.00899239
v 0.07468589 0.00502131 0.00718695
v 0.07453204 0.00768840 0.00813112
v 0.07445915 0.00854764 0.00993616
v 0.07484495 0.00054741 0.00710187
v 0.07483123 -0.00125913 0.00796052
v 0.07490381 -0.00211836 0.00615547
v 0.07482327 -0.00031050 0.00529459
v 0.07507159 -0.00297893 0.00435265
v 0.07510018 -0.00478606 0.00521230
v 0.07525617 -0.00564646 0.00340922
v 0.07528228 -0.00745354 0.00426880
v 0.07491803 -0.00117004 0.00349006
v 0.07525045 -0.00383965 0.00255012
v 0.07492856 -0.00392544 0.00701502
v 0.07459119 0.00682936 0.00632575
v 0.07465037 0.00416359 0.00537934
v 0.07520363 -0.00831065 0.00246018
v 0.07478384 0.00149678 0.00443469
v 0.07444602 0.01035455 0.00907689
v 0.07441456 0.01121320 0.01088291
v 0.07434622 0.00940743 0.01174026
v 0.07418302 0.01207466 0.01268421
v 0.07448211 0.00949583 0.00727097
v 0.07471602 -0.00039930 0.00976457
v 0.07474262 0.00235557 0.00624049
v 0.07440980 0.01301999 0.01002384
v 0.07407930 0.01026939 0.01354072
v 0.07419456 0.00760283 0.01259564
v 0.07390209 0.00846515 0.01439550
v 0.07372280 0.01113260 0.01533907
v 0.07354184 0.00932841 0.01619376
v 0.07378335 0.00666009 0.01525166
v 0.07327850 0.00752538 0.01704650
v 0.07347121 0.00485774 0.01610325
v 0.07402298 0.00579851 0.01345056
v 0.07480197 0.00063831 0.00262835
v 0.07473103 0.00330425 0.00357448
v 0.07477448 0.00244542 0.00176873
v 0.07466187 0.00511194 0.00271388
v 0.07470368 0.00425314 0.00090809
v 0.07478924 0.00158701 -0.00003768
v 0.07460152 0.00691952 0.00185349
v 0.07454980 0.00606202 0.00004549
v 0.07444663 0.00872840 0.00099087
v 0.07449850 0.00777917 0.00365782
v 0.07439207 0.00958738 0.00279634
v 0.07440988 0.00787070 -0.00081678
v 0.07457895 0.00520341 -0.00176058
v 0.07445345 0.01053504 0.00013206
v 0.07432711 0.00967860 -0.00167771
v 0.07448020 0.01234140 -0.00072628
v 0.07433661 0.01148519 -0.00253645
v 0.07465892 0.00339556 -0.00089973
v 0.07435456 0.00882001 -0.00348382
v 0.07485385 -0.00022063 0.00082281
v 0.07424336 0.01062829 -0.00434541
v 0.07432703 0.01329205 -0.00339564
v 0.07425738 0.01243482 -0.00520405
v 0.07428537 0.00976949 -0.00615119
v 0.07420882 0.01157729 -0.00701196
v 0.07407189 0.00891427 -0.00796300
v 0.07438979 0.01509789 -0.00425312
v 0.07408727 0.01072078 -0.00882160
v 0.07404703 0.01338627 -0.00787475
v 0.07452160 0.01595426 -0.00244323
v 0.07418142 0.01776576 -0.00331023
v 0.07416424 0.01690778 -0.00511742
v 0.07404131 0.01957446 -0.00417252
v 0.07402385 0.01871648 -0.00597971
v 0.07404138 0.01605129 -0.00692708
v 0.07429617 0.01862236 -0.00150075
v 0.07393626 0.02032768 -0.00453240
v 0.07398289 0.02010245 -0.00663933
v 0.07420061 0.00710574 -0.00710099
v 0.07409276 0.00624903 -0.00891032
v 0.07388043 0.00827339 -0.00932240
v 0.07450828 0.00443647 -0.00804153
v 0.07474085 0.00357500 -0.00984279
v 0.07500860 0.00176453 -0.00897750
v 0.07510718 0.00090494 -0.01078194
v 0.07513333 -0.00090216 -0.00992236
v 0.07515517 -0.00176068 -0.01172862
v 0.07517697 0.00004574 -0.01258707
v 0.07450866 0.00538499 -0.01070725
v 0.07521117 -0.00356819 -0.01086833
v 0.07387849 0.00767802 -0.00959333
v 0.07476702 0.00262613 -0.00717645
v 0.07525201 0.00270962 -0.01163748
v 0.07526983 -0.00271080 -0.00906016
v 0.07504774 -0.00442411 -0.01267896
v 0.07393920 0.01279432 -0.00912669
v 0.07393803 0.01210898 -0.00948412
v 0.07389826 0.01253015 -0.00968503
v 0.07394965 0.01464146 -0.00847315
v 0.07409185 0.01785732 -0.00778486
v 0.07454395 0.00529419 -0.00623391
v 0.07416833 0.02043089 -0.00236275
v 0.07511058 -0.00004363 -0.00811613
v 0.07452504 0.01319898 0.00108155
v 0.07442373 0.00701230 -0.00262321
v 0.07446039 0.01414840 -0.00158571
v 0.07502795 -0.00261711 -0.01353839
v 0.07426825 0.01388018 0.01182726
v 0.07436705 0.00674220 0.01079295
v 0.07457203 0.00597142 0.00451853
v 0.07396264 0.02052407 -0.00684012
v 0.07374298 0.02138536 -0.00503853
v 0.07397723 0.01293576 0.01448611
v 0.07327819 0.00973231 0.01703006
v 0.07097086 -0.00548155 0.02097642
v 0.07084369 -0.01673537 0.01968027
v 0.07519065 -0.01956594 0.00338144
v 0.07331389 0.01181571 0.01675546
v 0.07286897 -0.02194846 0.01554872
v 0.07322156 0.02319939 -0.00590981
v 0.07288326 0.02406235 -0.00411104
v 0.07351092 0.02233712 -0.00770975
v 0.07083709 -0.01794789 0.01924004
v 0.07319896 0.01199815 0.01713345
v 0.07289462 0.01019570 0.01798522
v 0.07332942 0.01286763 0.01672229
v 0.07242991 0.01286716 0.01892205
v 0.07214728 0.01106439 0.01977434
v 0.07147144 0.01373881 0.02070617
v 0.07237373 0.00839627 0.01883188
v 0.07199869 0.01553814 0.01985967
v 0.07124179 0.01388550 0.02100279
v 0.07127095 0.01615230 0.02111396
v 0.07085383 0.01641241 0.02163938
v 0.06949809 0.01462469 0.02246631
v 0.06918144 0.01254200 0.02272748
v 0.07082549 0.01194114 0.02154988
v 0.06915422 0.01022095 0.02250221
v 0.06938982 0.01015454 0.02237492
v 0.07129887 0.01787242 0.02095280
v 0.07120901 0.01172024 0.02110521
v 0.07137834 0.01821177 0.02079281
v 0.07118071 0.00942927 0.02094320
v 0.07276212 0.01466922 0.01807094
v 0.07418494 0.01424255 -0.00606472
v 0.07099487 -0.00386595 0.02091898
v 0.07090589 -0.01062423 0.02067413
v 0.07238522 0.02501785 -0.00678854
v 0.07391714 0.01032868 -0.00965612
v 0.07549043 -0.01003110 -0.00114659
v 0.07566753 -0.01664881 -0.01506922
v 0.07394575 0.01966610 -0.00864728
v 0.07518704 -0.01142010 0.00836777
v 0.07522899 -0.01052597 0.00712291
v 0.07509864 -0.01020621 0.00778916
v 0.07516637 -0.01185497 0.00898428
v 0.07543243 -0.01206088 -0.00239734
v 0.07373910 0.02224363 -0.00323186
v 0.07324514 0.00757442 0.01714798
v 0.07271623 0.02492290 -0.00230822
v 0.07374504 0.02310176 -0.00142495
v 0.07553277 -0.00908319 -0.00381131
v 0.07197778 0.02611469 -0.00288735
v 0.07193375 0.02644261 -0.00082922
v 0.07138890 0.02674824 -0.00319855
v 0.07194654 0.02588221 -0.00499214
v 0.07034060 0.02771146 -0.00588906
v 0.07135363 0.02683905 -0.00767189
v 0.07202992 0.02572071 -0.00532772
v 0.07207211 0.02570685 -0.00712143
v 0.07158841 0.02597754 -0.00947312
v 0.07211128 0.02518607 -0.00908796
v 0.07178946 0.02511651 -0.01127513
v 0.07214300 0.02437030 -0.01091436
v 0.07264315 0.02329780 -0.01039599
v 0.07264625 0.02243955 -0.01220268
v 0.07217113 0.02341263 -0.01267337
v 0.07337519 0.02062260 -0.01132649
v 0.07340214 0.01976401 -0.01313262
v 0.07277489 0.02157953 -0.01400641
v 0.07182185 0.02425784 -0.01308113
v 0.07361709 0.01795428 -0.01226858
v 0.07351893 0.01709744 -0.01407768
v 0.07366484 0.01528867 -0.01321526
v 0.07378011 0.01614527 -0.01140576
v 0.07352435 0.01443243 -0.01502534
v 0.07377243 0.01881031 -0.01045814
v 0.07029373 0.02780241 -0.01036267
v 0.07354521 0.01262540 -0.01416588
v 0.07346367 0.00996160 -0.01511560
v 0.07360991 0.01081776 -0.01330538
v 0.07369527 0.00815164 -0.01425117
v 0.07361012 0.00901104 -0.01244641
v 0.07383769 0.01167278 -0.01149324
v 0.07390376 0.00720020 -0.01158051
v 0.07399920 0.01347724 -0.01234839
v 0.07087816 -0.01293113 0.02047859
v 0.07300886 -0.00604644 0.01906476
v 0.07237088 0.02578596 -0.00050961
v 0.07350797 0.02396330 0.00037622
v 0.07313015 0.02482681 0.00217406
v 0.07187994 0.02638345 0.00141278
v 0.07381021 0.02362314 0.00275785
v 0.07183752 0.02677549 0.00344046
v 0.07122791 0.01298928 0.02105839
v 0.07388935 0.02261370 -0.00119046
v 0.07480428 -0.00220727 0.01062562
v 0.07570390 -0.01166880 -0.01365308
v 0.07280360 0.02568960 0.00397311
v 0.07179556 0.02718549 0.00545961
v 0.07391969 0.00717321 -0.01163648
v 0.07500223 -0.01459597 0.01430412
v 0.07377386 0.02425567 0.00467130
v 0.07384960 0.02311150 0.00078698
v 0.07495738 -0.01844486 0.01391843
v 0.07235376 0.02655412 0.00576925
v 0.07176708 0.02812958 0.00722507
v 0.07390963 0.01519493 -0.00873696
v 0.07234036 0.02741252 0.00757570
v 0.07357410 0.02558850 0.00846382
v 0.07373049 0.02481171 0.00683680
v 0.07369727 0.02536638 0.00857151
v 0.07365914 0.02592812 0.01051857
v 0.07439660 0.02377023 0.00934223
v 0.07425909 0.02463036 0.01114574
v 0.07360376 0.02527948 0.01247748
v 0.07468425 0.02195947 0.01020799
v 0.07459239 0.02281897 0.01201258
v 0.07452011 0.02015505 0.01106307
v 0.07445734 0.02101414 0.01286835
v 0.07432810 0.01835102 0.01191750
v 0.07438290 0.01749204 0.01011203
v 0.07416041 0.01921158 0.01372030
v 0.07410200 0.02187734 0.01466673
v 0.07424626 0.01654544 0.01277454
v 0.07362677 0.02007728 0.01551447
v 0.07449057 0.01929725 0.00925561
v 0.07357932 0.02483857 0.01325002
v 0.07392550 0.01740815 0.01457372
v 0.07366305 0.02274171 0.01646313
v 0.07401975 0.02368521 0.01380583
v 0.07344783 0.02039754 0.01617919
v 0.07342887 0.01887892 0.01608084
v 0.07311598 0.02094265 0.01730917
v 0.07345393 0.02194392 0.01683887
v 0.07331625 0.02645032 0.01026449
v 0.07333526 0.01827464 0.01636655
v 0.07273641 0.01914125 0.01815916
v 0.07244957 0.02181021 0.01910019
v 0.07190691 0.02001109 0.01994633
v 0.07307825 0.01647151 0.01721944
v 0.07338190 0.01607742 0.01640591
v 0.07157704 0.02448738 0.02002736
v 0.07133788 0.02044440 0.02082832
v 0.07053298 0.02088857 0.02172063
v 0.06930706 0.02135728 0.02264223
v 0.06927446 0.01918696 0.02273403
v 0.06956381 0.01909542 0.02255670
v 0.06926779 0.01871145 0.02273422
v 0.06924291 0.01698727 0.02276401
v 0.07484214 0.00072805 -0.00184320
v 0.07442515 0.01681382 -0.00063874
v 0.06914876 0.00985224 0.02251455
v 0.07374398 0.02472790 0.00666107
v 0.07534554 -0.00928618 0.00292637
v 0.07525727 -0.00916961 0.00065468
v 0.07538008 -0.00999000 0.00104679
v 0.07486809 -0.00107904 -0.00098362
v 0.07460732 0.02110233 0.00839940
v 0.07189785 0.02633816 0.00062777
v 0.07064400 0.02693929 -0.01216116
v 0.07395335 0.01548173 -0.00813085
v 0.07443276 0.01663313 0.00830644
v 0.07444426 0.01482624 0.00916568
v 0.07455983 0.01396640 0.00736164
v 0.07453479 0.01577348 0.00650208
v 0.07456725 0.01310809 0.00555505
v 0.07458814 0.01491452 0.00469658
v 0.07450640 0.01225073 0.00374684
v 0.07466837 0.01757834 0.00564627
v 0.07470701 0.01671958 0.00384042
v 0.07470137 0.01405472 0.00289248
v 0.07450747 0.01130219 0.00641261
v 0.07473598 0.01938410 0.00478891
v 0.07463835 0.02024369 0.00659337
v 0.07458266 0.01852804 0.00297852
v 0.07457679 0.02205128 0.00573295
v 0.07457693 0.02119306 0.00392618
v 0.07445578 0.01216113 0.00821815
v 0.07484243 0.00253477 -0.00270216
v 0.07502899 -0.00013278 -0.00364555
v 0.07494886 0.00167507 -0.00450641
v 0.07515691 -0.00099279 -0.00544931
v 0.07518228 -0.00279988 -0.00458974
v 0.07521384 -0.00365853 -0.00639575
v 0.06934818 0.02328897 0.02204854
v 0.06939828 0.02496877 0.02092503
v 0.07499286 -0.00202930 0.00168506
v 0.07141108 0.02456068 0.02017286
v 0.07519836 -0.00185158 -0.00725509
v 0.07075773 0.02607948 -0.01396524
v 0.07022128 0.02746936 -0.01242034
v 0.07510062 -0.00194051 -0.00278489
v 0.07497958 -0.00288733 -0.00012202
v 0.07492663 -0.01964414 -0.01208936
v 0.07496308 -0.00934609 0.00959273
v 0.07490707 -0.00668038 0.01053921
v 0.07504259 -0.00754049 0.00873565
v 0.07490070 -0.00487355 0.00968009
v 0.07496477 -0.00573266 0.00787484
v 0.07487218 -0.00401494 0.01148618
v 0.07517272 -0.00840053 0.00693194
v 0.07509670 -0.00650243 0.00159869
v 0.07488163 -0.00306657 0.00882068
v 0.07264346 0.02415601 -0.00858922
v 0.07346193 0.01380119 0.01628070
v 0.07202119 0.02576216 -0.00493380
v 0.07452765 0.01586388 0.00202941
v 0.07450599 0.00863728 0.00546477
v 0.07503077 -0.01968203 0.01007829
v 0.07500171 -0.01957598 0.01137117
v 0.07483733 -0.02009438 0.01027105
v 0.07419148 -0.02103386 0.01292152
v 0.07395121 -0.02188870 0.01110909
v 0.07293907 -0.02282302 0.01375090
v 0.07293942 -0.02330252 0.01176409
v 0.07499656 -0.00080994 -0.01439810
v 0.07511157 -0.00347649 -0.01534318
v 0.07501774 0.00099648 -0.01525656
v 0.07532336 0.00365714 -0.01430154
v 0.07444367 0.00633442 -0.01337452
v 0.07427978 0.01568676 0.01096856
v 0.07472831 0.00434310 -0.00356382
v 0.07448461 0.01767120 0.00116943
v 0.07515976 -0.00460629 -0.00373131
v 0.07548860 -0.01780176 -0.00818080
v 0.07549924 -0.01770313 -0.00857287
v 0.07544194 -0.01790076 -0.00626511
v 0.07555099 -0.01772549 -0.01077616
v 0.07590510 -0.01640560 0.00410585
v 0.07395187 0.01700107 -0.00959493
v 0.07517864 -0.00659388 0.00607311
v 0.07018184 0.02797911 -0.01044858
v 0.07447347 0.01139298 0.00193930
v 0.07314676 0.00107974 0.01745755
v 0.07446522 0.01044457 0.00460484
v 0.07459110 -0.00134607 0.01242735
v 0.07518246 -0.00736185 -0.00020605
v 0.07391497 0.02155638 -0.00290213
v 0.07489466 -0.01982429 -0.00314511
v 0.07290274 0.02361058 0.01825193
v 0.07400722 0.01899389 -0.00832665
v 0.07510390 -0.00374729 -0.00192585
v 0.07515248 -0.00555470 -0.00106573
v 0.07515671 -0.00641298 -0.00287241
v 0.07373696 0.00986747 -0.01063666
v 0.07516094 -0.00469661 0.00074124
v 0.07459196 0.02033464 0.00211977
v 0.07457689 0.00615194 -0.00442636
v 0.07293823 -0.00055497 0.01866756
v 0.07136634 0.00032528 0.02043718
v 0.07189874 0.00212454 0.01959080
v 0.07106063 0.00045882 0.02070206
v 0.07104788 -0.00035850 0.02075687
v 0.07109408 0.00260544 0.02056046
v 0.07224481 0.00392641 0.01874001
v 0.07166116 0.00659954 0.01967401
v 0.07270600 0.00572668 0.01789194
v 0.07316216 0.00305533 0.01695492
v 0.07319003 0.00320207 0.01688563
v 0.07013263 0.00300751 0.02135583
v 0.06903956 0.00109862 0.02194160
v 0.07115656 0.00702222 0.02053704
v 0.07048381 0.00747426 0.02145297
v 0.07324506 0.01890799 -0.01494311
v 0.07370828 0.01560446 0.01542755
v 0.07391756 0.00715372 -0.01155818
v 0.07474368 0.00348467 -0.00537023
v 0.07502372 -0.02000670 0.00580296
v 0.07513298 -0.01977779 0.00569598
v 0.07511632 -0.01970423 0.00644466
v 0.07442192 -0.02094677 0.00845447
v 0.07411835 -0.02180073 0.00664053
v 0.07334697 0.01397255 0.01663533
v 0.07481982 -0.00582094 0.01234392
v 0.07314018 -0.02340760 0.00320564
v 0.07341764 0.01815984 0.01612925
v 0.07400018 0.01725307 -0.00906183
v 0.07417324 0.02214724 0.00125091
v 0.07237802 0.01733954 0.01900967
v 0.07249518 0.02542301 0.01738334
v 0.07339618 0.02455217 0.01559786
v 0.07256539 0.02637054 0.01471926
v 0.07153129 0.02707848 0.01657993
v 0.07153800 0.02717162 0.01635114
v 0.07147160 0.02594870 0.01843565
v 0.07143760 0.02724457 0.01649938
v 0.07359533 -0.02274192 0.00929391
v 0.07531116 -0.00632483 -0.00734126
v 0.07520556 -0.00537484 -0.01000949
v 0.07398559 0.02386630 0.00486001
v 0.07589085 -0.01346957 -0.00836420
v 0.07346498 0.02300095 0.01699838
v 0.07422019 0.02128837 -0.00055475
v 0.07447956 0.01500634 0.00022151
v 0.07448926 0.02291072 0.00753765
v 0.07512463 -0.00546400 -0.00553889
v 0.07318709 0.00303341 0.01691009
v 0.07321935 0.00521328 0.01683838
v 0.07411356 0.02300629 0.00305626
v 0.07439896 0.00796117 -0.00528954
v 0.07102531 -0.00163513 0.02095449
v 0.07334359 0.02550142 0.01293088
v 0.07146345 0.00926725 0.02061715
v 0.07539368 -0.01802456 -0.00399228
v 0.07542144 -0.00975181 -0.00056228
v 0.07293686 0.00125177 0.01780856
v 0.07410315 0.01474071 0.01363013
v 0.07548944 -0.00857347 -0.00274054
v 0.07446118 -0.00676441 0.01500117
v 0.07373402 0.02474968 0.00665055
v 0.07550728 -0.01097986 0.00151955
v 0.07397915 0.00752122 -0.01394664
v 0.07451846 0.01843865 0.00744950
v 0.07418184 -0.00590228 0.01680134
v 0.07511222 -0.01231137 0.01100503
v 0.07502950 0.00451948 -0.01250171
v 0.07288442 -0.01623951 0.01828280
v 0.07498266 -0.01951578 0.01221321
v 0.07482964 -0.00527926 -0.01449087
v 0.07566088 -0.01820891 0.00495905
v 0.07508546 -0.01958810 0.00781978
v 0.06912382 0.00798908 0.02246450
v 0.07324334 0.00738577 0.01711228
v 0.07554117 -0.01784604 -0.01293380
v 0.07392584 0.01433649 -0.01054335
v 0.07503114 -0.01345077 0.01376015
v 0.07383006 0.00805944 -0.00977549
v 0.07500512 0.00081606 -0.00631186
v 0.07350161 0.02383240 0.01594184
v 0.07441093 0.01947896 0.00030872
v 0.07538157 0.00184959 -0.01344120
v 0.07290288 -0.01438895 0.01859965
v 0.07017246 0.02794289 -0.01007337
v 0.07351024 0.02147892 -0.00951653
v 0.07352542 0.02439097 0.01526537
v 0.07117076 0.00865348 0.02090399
v 0.07528535 -0.00451774 -0.00820083
v 0.07508632 -0.00623138 -0.01181908
v 0.07191944 0.02732812 0.01203826
v 0.07497885 -0.01837994 0.01388793
v 0.07142047 0.02476103 0.01989461
v 0.07538810 -0.01806908 -0.00408629
v 0.07566521 -0.01613135 -0.00931732
v 0.07130558 0.01826565 0.02090238
v 0.05617708 0.01842492 0.02043362
v 0.05625279 0.01661714 0.02129437
v 0.05729762 0.01883277 0.02135181
v 0.05734055 0.02071373 0.02065139
v 0.05725907 0.01682937 0.02179465
v 0.05924096 0.01728767 0.02286484
v 0.05925411 0.01816041 0.02282634
v 0.05669365 0.01480423 0.02216375
v 0.05721785 0.01490062 0.02239454
v 0.05720211 0.01402674 0.02254202
v 0.05812980 0.01297737 0.02305665
v 0.05718351 0.01277900 0.02258873
v 0.05916678 0.01319891 0.02357817
v 0.05528282 0.01621296 0.02039190
v 0.05914797 0.01188381 0.02359383
v 0.05920317 0.01526299 0.02326294
v 0.05988827 0.01742437 0.02318703
v 0.05927514 0.01941365 0.02267983
v 0.06122141 0.01778641 0.02402008
v 0.06125401 0.01995667 0.02392821
v 0.05931813 0.02129289 0.02197578
v 0.06130003 0.02175095 0.02304545
v 0.05937039 0.02291232 0.02072527
v 0.06135265 0.02336028 0.02177371
v 0.06140821 0.02488698 0.02032816
v 0.06293115 0.02004663 0.02420674
v 0.06263323 0.02185755 0.02334073
v 0.06329301 0.02189871 0.02346245
v 0.06324443 0.01985296 0.02430413
v 0.06346096 0.02644345 0.01905146
v 0.06339760 0.02513516 0.02095639
v 0.06539552 0.02514434 0.02108190
v 0.06534472 0.02348401 0.02224637
v 0.06734298 0.02348367 0.02235186
v 0.06739533 0.02510050 0.02109590
v 0.06729362 0.02178325 0.02343201
v 0.06530583 0.02228695 0.02318191
v 0.06713841 0.02179438 0.02344718
v 0.06545037 0.02669105 0.01967847
v 0.06529206 0.02187604 0.02352097
v 0.06725995 0.01964294 0.02358691
v 0.06527645 0.02112321 0.02373469
v 0.06321317 0.01796824 0.02450873
v 0.06334366 0.02356302 0.02230634
v 0.05523657 0.01442517 0.02128828
v 0.06723108 0.01736783 0.02345827
v 0.06749803 0.01731767 0.02336684
v 0.06722889 0.01716896 0.02343298
v 0.06720183 0.01510381 0.02335294
v 0.06519239 0.01541758 0.02390672
v 0.06717126 0.01287641 0.02332466
v 0.06520857 0.01636216 0.02378228
v 0.06921453 0.01469856 0.02260676
v 0.06920712 0.01423601 0.02264616
v 0.06324860 0.02005910 0.02424986
v 0.06515928 0.01326135 0.02402813
v 0.06314533 0.01370154 0.02484781
v 0.06311824 0.01137689 0.02461497
v 0.06513513 0.01138079 0.02393454
v 0.06468123 0.01107878 0.02407043
v 0.06512910 0.01102347 0.02397779
v 0.06310677 0.01025576 0.02443500
v 0.06309121 0.00905040 0.02437824
v 0.06522405 0.01761406 0.02386997
v 0.06424526 0.01555655 0.02414895
v 0.06111729 0.01145258 0.02466796
v 0.06110432 0.01015688 0.02444805
v 0.06716936 0.01273842 0.02332359
v 0.05913625 0.01097051 0.02354778
v 0.05714894 0.01066382 0.02279650
v 0.05910372 0.00879803 0.02363501
v 0.05711319 0.00858197 0.02307434
v 0.05908747 0.00741519 0.02350252
v 0.05515789 0.01046220 0.02226621
v 0.05625993 0.00853192 0.02292363
v 0.05513571 0.00932270 0.02252861
v 0.05511925 0.00846116 0.02271404
v 0.05316382 0.01034534 0.02191421
v 0.05311927 0.00850976 0.02271006
v 0.05508027 0.00646973 0.02318211
v 0.05307926 0.00654726 0.02323897
v 0.05504727 0.00431068 0.02329758
v 0.05304656 0.00437970 0.02333655
v 0.05108123 0.00654102 0.02311964
v 0.05104944 0.00434809 0.02316387
v 0.04908358 0.00652443 0.02297855
v 0.04912282 0.00850872 0.02249546
v 0.04712492 0.00849904 0.02236890
v 0.04716790 0.01037852 0.02166538
v 0.04708384 0.00656623 0.02296026
v 0.04512584 0.00852242 0.02231188
v 0.04508228 0.00665919 0.02304959
v 0.04312612 0.00856362 0.02229232
v 0.04317055 0.01040254 0.02150350
v 0.04112593 0.00861812 0.02230075
v 0.03912614 0.00866136 0.02228551
v 0.04108025 0.00681445 0.02316375
v 0.03712349 0.00878486 0.02243906
v 0.03512393 0.00882177 0.02241050
v 0.03312458 0.00885283 0.02236962
v 0.03507932 0.00698790 0.02320996
v 0.03311676 0.00855173 0.02252164
v 0.03367009 0.00704193 0.02324882
v 0.03197592 0.00706569 0.02320879
v 0.03108015 0.00706312 0.02315577
v 0.03307653 0.00695830 0.02327851
v 0.03708126 0.00688449 0.02309866
v 0.03112718 0.00882890 0.02221307
v 0.03304427 0.00493541 0.02344339
v 0.03307812 0.00707092 0.02327839
v 0.04308125 0.00673723 0.02310753
v 0.04704757 0.00449878 0.02326841
v 0.04916567 0.01039174 0.02179940
v 0.04921582 0.01207033 0.02067333
v 0.05121448 0.01205857 0.02075480
v 0.05320812 0.01218773 0.02113268
v 0.04517124 0.01033385 0.02146523
v 0.04905147 0.00434040 0.02304149
v 0.05303199 0.00314023 0.02321745
v 0.05502833 0.00299676 0.02331952
v 0.05116479 0.01036729 0.02185417
v 0.05707910 0.00645329 0.02325372
v 0.05367153 0.01037494 0.02200351
v 0.05704804 0.00423975 0.02325459
v 0.06107234 0.00681777 0.02382022
v 0.05907602 0.00649048 0.02343817
v 0.05710547 0.00812656 0.02313070
v 0.06106983 0.00661487 0.02380600
v 0.06307054 0.00674837 0.02388711
v 0.06306859 0.00660032 0.02388161
v 0.06304089 0.00429285 0.02368490
v 0.06504414 0.00415262 0.02349614
v 0.06503298 0.00319023 0.02339725
v 0.06507216 0.00645108 0.02367390
v 0.06708052 0.00616764 0.02318392
v 0.06710485 0.00811098 0.02330772
v 0.06756699 0.00837338 0.02319081
v 0.06710869 0.00846210 0.02335324
v 0.06302472 0.00286135 0.02351954
v 0.06301436 0.00195226 0.02341851
v 0.06101649 0.00194177 0.02329023
v 0.06501632 0.00184825 0.02330594
v 0.06499064 -0.00051613 0.02298954
v 0.06102891 0.00302540 0.02340770
v 0.06298783 -0.00038815 0.02315254
v 0.06702424 0.00157721 0.02284205
v 0.06701093 0.00024647 0.02261555
v 0.05901764 0.00195866 0.02321956
v 0.06857519 0.00122263 0.02217799
v 0.06699839 -0.00078240 0.02253569
v 0.06904892 0.00175325 0.02193375
v 0.06900949 -0.00114258 0.02188431
v 0.07042205 -0.00146821 0.02127384
v 0.06899015 -0.00264681 0.02180989
v 0.06897971 -0.00339203 0.02180960
v 0.06766655 -0.00323629 0.02206769
v 0.06694247 -0.00538314 0.02217212
v 0.06895033 -0.00565255 0.02171166
v 0.06691352 -0.00765568 0.02204889
v 0.06892931 -0.00712913 0.02172509
v 0.07050392 -0.00594101 0.02118694
v 0.06891946 -0.00787131 0.02170155
v 0.06493571 -0.00514461 0.02256764
v 0.06696801 -0.00352573 0.02219345
v 0.06494343 -0.00450108 0.02262282
v 0.06293336 -0.00502940 0.02270376
v 0.06293628 -0.00478616 0.02272430
v 0.06093488 -0.00502286 0.02261131
v 0.06093920 -0.00467249 0.02263639
v 0.06096137 -0.00268120 0.02287993
v 0.05896253 -0.00266463 0.02280858
v 0.05894388 -0.00448893 0.02251527
v 0.06098423 -0.00081653 0.02301870
v 0.05898582 -0.00075550 0.02295578
v 0.05899036 -0.00036067 0.02299792
v 0.06298017 -0.00097551 0.02312814
v 0.05698836 -0.00025548 0.02311299
v 0.05698284 -0.00087525 0.02297874
v 0.05499142 -0.00029213 0.02292968
v 0.05501653 0.00208812 0.02327944
v 0.05498769 -0.00068509 0.02285449
v 0.05299368 -0.00030611 0.02279408
v 0.05496475 -0.00262858 0.02267200
v 0.05296610 -0.00261735 0.02258941
v 0.05494835 -0.00431546 0.02236502
v 0.05294878 -0.00430022 0.02232386
v 0.05294259 -0.00504239 0.02214542
v 0.05494173 -0.00506724 0.02219935
v 0.05492699 -0.00723377 0.02153732
v 0.05293239 -0.00702174 0.02140267
v 0.05292878 -0.00773923 0.02112973
v 0.05492410 -0.00765721 0.02140845
v 0.05490237 -0.01013231 0.02085918
v 0.05689533 -0.00998397 0.02127740
v 0.05688040 -0.01114949 0.02121731
v 0.05489872 -0.01042593 0.02083969
v 0.05488597 -0.01275642 0.01999643
v 0.05686761 -0.01229113 0.02108132
v 0.05736772 -0.01470015 0.02069887
v 0.05883195 -0.01442485 0.02135628
v 0.05886083 -0.01215025 0.02148384
v 0.06082599 -0.01430706 0.02171024
v 0.06082175 -0.01554111 0.02115727
v 0.06281296 -0.01588746 0.02135571
v 0.06282262 -0.01426172 0.02191182
v 0.06081515 -0.01708716 0.02051944
v 0.06280767 -0.01692676 0.02096301
v 0.06279981 -0.01848079 0.02037364
v 0.06081250 -0.01797977 0.02010173
v 0.06480022 -0.01846247 0.02039887
v 0.06480762 -0.01697437 0.02096910
v 0.06680765 -0.01816637 0.02029215
v 0.06681247 -0.01715954 0.02068581
v 0.06882101 -0.01763533 0.02007383
v 0.06882193 -0.01747386 0.02013088
v 0.06884151 -0.01493867 0.02080655
v 0.07087363 -0.01347712 0.02034651
v 0.06886331 -0.01246561 0.02135155
v 0.06884497 -0.01461410 0.02085265
v 0.07019203 -0.01040832 0.02109074
v 0.06887517 -0.01134585 0.02151413
v 0.06889069 -0.01014904 0.02156741
v 0.06688313 -0.00988810 0.02201008
v 0.06685773 -0.01203853 0.02180923
v 0.06485321 -0.01208413 0.02194153
v 0.06609857 -0.01215764 0.02185297
v 0.06484759 -0.01244205 0.02196697
v 0.06284928 -0.01192502 0.02217000
v 0.06287539 -0.00957279 0.02246087
v 0.06087582 -0.00953565 0.02243279
v 0.06288090 -0.00905210 0.02253672
v 0.06488799 -0.00876933 0.02243633
v 0.06088026 -0.00907929 0.02251571
v 0.06090572 -0.00728962 0.02250023
v 0.05890894 -0.00733060 0.02230784
v 0.05889502 -0.00849634 0.02220489
v 0.05693895 -0.00503864 0.02236571
v 0.05888365 -0.00970582 0.02196866
v 0.06482177 -0.01428698 0.02196489
v 0.06487742 -0.00967869 0.02234433
v 0.06881220 -0.02005661 0.01901003
v 0.06679819 -0.01984325 0.01969773
v 0.06685585 -0.01220735 0.02178857
v 0.07083088 -0.01931468 0.01869154
v 0.06881265 -0.02029780 0.01884786
v 0.07083457 -0.02124107 0.01739268
v 0.06682311 -0.01548205 0.02123100
v 0.06479305 -0.01965014 0.01999771
v 0.06845141 -0.02018545 0.01906517
v 0.06906800 -0.01752916 0.02002754
v 0.06080713 -0.01994631 0.01916234
v 0.06481263 -0.01589882 0.02139504
v 0.06283772 -0.01283470 0.02211956
v 0.05886460 -0.01177358 0.02154767
v 0.05883586 -0.01498431 0.02085887
v 0.05437118 -0.01018648 0.02071690
v 0.05093383 -0.00783165 0.02082913
v 0.05093731 -0.00682877 0.02127709
v 0.04894623 -0.00813009 0.02009520
v 0.04894019 -0.00671647 0.02118982
v 0.04894434 -0.00499297 0.02203696
v 0.04694188 -0.00487490 0.02217911
v 0.04693945 -0.00674775 0.02117075
v 0.04894888 -0.00430016 0.02225598
v 0.04694580 -0.00442404 0.02228089
v 0.04696477 -0.00243254 0.02265953
v 0.04496363 -0.00235122 0.02272437
v 0.04494276 -0.00454621 0.02230500
v 0.04296207 -0.00225853 0.02281314
v 0.04498387 -0.00084544 0.02276103
v 0.04298318 -0.00087480 0.02274104
v 0.04096223 -0.00221389 0.02280082
v 0.04098095 -0.00096476 0.02274985
v 0.03896200 -0.00215803 0.02281210
v 0.03897718 -0.00111597 0.02278775
v 0.03696149 -0.00209466 0.02283920
v 0.03894461 -0.00447851 0.02217107
v 0.04074549 -0.00466554 0.02229053
v 0.03894306 -0.00471139 0.02209820
v 0.03694799 -0.00434637 0.02207437
v 0.03496265 -0.00207809 0.02276783
v 0.03494783 -0.00435467 0.02204439
v 0.03294217 -0.00453890 0.02214240
v 0.03323029 -0.00456016 0.02211295
v 0.03294156 -0.00460455 0.02212916
v 0.03094016 -0.00443350 0.02225789
v 0.03093744 -0.00476979 0.02217372
v 0.03292861 -0.00718977 0.02114324
v 0.03092547 -0.00710553 0.02129437
v 0.02892398 -0.00701471 0.02137921
v 0.03260089 -0.00721628 0.02115028
v 0.03292870 -0.00724541 0.02110636
v 0.02893896 -0.00471135 0.02211204
v 0.02692666 -0.00704071 0.02121831
v 0.02693875 -0.00472154 0.02208295
v 0.02694105 -0.00435992 0.02220024
v 0.02493860 -0.00424207 0.02234192
v 0.02696178 -0.00185709 0.02280787
v 0.02525843 -0.00178345 0.02287238
v 0.02696462 -0.00162457 0.02282578
v 0.02896804 -0.00148716 0.02279444
v 0.02896260 -0.00192907 0.02276267
v 0.03097636 -0.00115581 0.02267097
v 0.02899201 0.00033048 0.02285861
v 0.03099382 0.00023074 0.02275503
v 0.03298122 -0.00096174 0.02261272
v 0.02699151 0.00039371 0.02288541
v 0.02493448 -0.00489236 0.02213017
v 0.02293803 -0.00417690 0.02237281
v 0.02293187 -0.00499758 0.02214622
v 0.02292626 -0.00693107 0.02123651
v 0.02092609 -0.00687712 0.02124379
v 0.02093735 -0.00478238 0.02201008
v 0.01892605 -0.00682698 0.02124306
v 0.02092447 -0.00736492 0.02102288
v 0.01892389 -0.00738955 0.02100065
v 0.01692426 -0.00672750 0.02134610
v 0.01692085 -0.00751200 0.02102489
v 0.01491950 -0.00654513 0.02162348
v 0.01491261 -0.00784023 0.02114687
v 0.01291602 -0.00639826 0.02182619
v 0.01493136 -0.00502520 0.02202364
v 0.01292348 -0.00533934 0.02213893
v 0.01293462 -0.00383550 0.02255988
v 0.01093129 -0.00369306 0.02275327
v 0.01294926 -0.00224579 0.02288338
v 0.01496174 -0.00174981 0.02268172
v 0.01295715 -0.00138312 0.02306138
v 0.01496314 -0.00160012 0.02271116
v 0.01570256 -0.00164946 0.02264658
v 0.01095361 -0.00123470 0.02326736
v 0.01298500 0.00092027 0.02324952
v 0.01498881 0.00076445 0.02302799
v 0.01500680 0.00210728 0.02306352
v 0.01701447 0.00241321 0.02295212
v 0.01501837 0.00301992 0.02311530
v 0.01301678 0.00311376 0.02320646
v 0.01305365 0.00516428 0.02286273
v 0.01105166 0.00526923 0.02297728
v 0.00905058 0.00534873 0.02303830
v 0.00705090 0.00538896 0.02301671
v 0.00504911 0.00548809 0.02311900
v 0.00305383 0.00540514 0.02283833
v 0.00105702 0.00536494 0.02264757
v 0.00301453 0.00342253 0.02332489
v 0.00101665 0.00341222 0.02319700
v 0.00298319 0.00121694 0.02334251
v 0.00497859 0.00129658 0.02361622
v 0.00496623 0.00049130 0.02366148
v -0.00094093 0.00535650 0.02252360
v 0.00696556 0.00046648 0.02370719
v 0.00098285 0.00127559 0.02335968
v 0.00494693 -0.00090010 0.02365252
v 0.00694698 -0.00095049 0.02365274
v 0.00692694 -0.00313562 0.02320427
v 0.00492442 -0.00323694 0.02321848
v 0.00492343 -0.00332538 0.02320802
v 0.00292430 -0.00330067 0.02315380
v 0.00292585 -0.00318252 0.02315870
v 0.00092533 -0.00328019 0.02309066
v 0.00290265 -0.00577771 0.02260042
v 0.00090431 -0.00577524 0.02249941
v -0.00107241 -0.00329436 0.02295466
v -0.00109382 -0.00577822 0.02238693
v 0.00090179 -0.00620925 0.02234858
v -0.00109580 -0.00611567 0.02227020
v -0.00309192 -0.00578231 0.02227213
v -0.00110752 -0.00847828 0.02136450
v -0.00310701 -0.00844357 0.02133130
v -0.00110851 -0.00869126 0.02127971
v 0.00088762 -0.00884291 0.02138567
v 0.00288279 -0.00903216 0.02150949
v 0.00488089 -0.00910594 0.02157846
v 0.00288720 -0.00842876 0.02168105
v 0.00688271 -0.00903194 0.02157723
v 0.00888188 -0.00906272 0.02162578
v 0.00688567 -0.00848431 0.02177664
v 0.01291247 -0.00938270 0.02020559
v 0.00488551 -0.00843059 0.02178342
v 0.00888417 -0.00849136 0.02186801
v -0.00310786 -0.00866730 0.02123440
v 0.00089000 -0.00845818 0.02151298
v -0.00306977 -0.00331919 0.02279623
v 0.00092723 -0.00312941 0.02309955
v 0.00095038 -0.00089827 0.02344396
v -0.00104994 -0.00084011 0.02346010
v 0.00097923 0.00100227 0.02335092
v -0.00101893 0.00107352 0.02328315
v -0.00301135 0.00121132 0.02301207
v -0.00151476 0.00125689 0.02318756
v -0.00304727 -0.00086590 0.02329964
v -0.00501027 0.00123042 0.02294604
v -0.00504562 -0.00086284 0.02319988
v -0.00306342 -0.00276298 0.02285764
v -0.00507025 -0.00303536 0.02295310
v -0.00704388 -0.00086264 0.02309409
v -0.00707045 -0.00304511 0.02292381
v -0.00707209 -0.00315592 0.02292724
v -0.00907102 -0.00313675 0.02286135
v -0.00709320 -0.00564821 0.02234179
v -0.00909351 -0.00559045 0.02235707
v -0.00709716 -0.00617517 0.02219669
v -0.00909945 -0.00626748 0.02220662
v -0.00910983 -0.00821695 0.02148935
v -0.01111303 -0.00807801 0.02167539
v -0.00911264 -0.00886236 0.02122528
v -0.00710946 -0.00873441 0.02119843
v -0.00510922 -0.00872315 0.02122701
v -0.01110207 -0.00637327 0.02222294
v -0.01311419 -0.00799635 0.02174095
v -0.01310076 -0.00632318 0.02216522
v -0.01309322 -0.00550008 0.02233475
v -0.01509154 -0.00549796 0.02223300
v -0.01509816 -0.00622220 0.02208333
v -0.01709146 -0.00545128 0.02222498
v -0.01706715 -0.00304845 0.02262227
v -0.01906492 -0.00306193 0.02248770
v -0.01909020 -0.00543725 0.02214828
v -0.01706352 -0.00277976 0.02262814
v -0.01506336 -0.00277142 0.02265810
v -0.01703957 -0.00073739 0.02282652
v -0.01504113 -0.00074301 0.02292091
v -0.01903607 -0.00078649 0.02261704
v -0.01306535 -0.00284851 0.02272864
v -0.01304271 -0.00074791 0.02301679
v -0.01500786 0.00140848 0.02278954
v -0.01300756 0.00135112 0.02277511
v -0.01299435 0.00203631 0.02262227
v -0.01098973 0.00222108 0.02256843
v -0.01297177 0.00343203 0.02249525
v -0.01100452 0.00121658 0.02259832
v -0.00898677 0.00233987 0.02254593
v -0.01104259 -0.00080043 0.02301254
v -0.01497579 0.00359391 0.02272953
v -0.00900684 0.00123240 0.02273781
v -0.00697555 0.00278643 0.02236774
v -0.00897084 0.00330750 0.02244571
v -0.00696807 0.00318087 0.02228557
v -0.00498899 0.00225578 0.02265372
v -0.00497092 0.00321152 0.02245625
v -0.00693324 0.00528860 0.02206218
v -0.00493535 0.00529842 0.02218904
v -0.00293894 0.00535003 0.02240380
v -0.00297441 0.00326022 0.02266490
v -0.00893391 0.00535663 0.02209906
v -0.01493418 0.00551167 0.02210657
v -0.01900546 0.00143960 0.02264260
v -0.02100166 0.00138223 0.02241572
v -0.01899937 0.00183167 0.02261770
v -0.01700656 0.00154880 0.02278598
v -0.01897458 0.00365812 0.02265218
v -0.02098297 0.00247940 0.02227610
v -0.02299949 0.00137053 0.02228492
v -0.01697756 0.00369267 0.02283106
v -0.01097431 0.00345403 0.02264773
v -0.02096900 0.00355089 0.02232044
v -0.02103060 -0.00089050 0.02229207
v -0.02296311 0.00326432 0.02186934
v -0.02495843 0.00335313 0.02169206
v -0.02499584 0.00131758 0.02206733
v -0.02695331 0.00325881 0.02138746
v -0.02698883 0.00117038 0.02165150
v -0.02691159 0.00517355 0.02075815
v -0.02492643 0.00471554 0.02114609
v -0.02538281 0.00520501 0.02090564
v -0.02491529 0.00522805 0.02097898
v -0.02488754 0.00625594 0.02041440
v -0.02291875 0.00527571 0.02118542
v -0.02890556 0.00505373 0.02039990
v -0.03090255 0.00501847 0.02021954
v -0.03094587 0.00314867 0.02094339
v -0.03294464 0.00316319 0.02086773
v -0.01700789 0.00145873 0.02278904
v -0.02345179 0.00337122 0.02181023
v -0.03098606 0.00119088 0.02148221
v -0.03298618 0.00124354 0.02148677
v -0.02898604 0.00114119 0.02148391
v -0.02902258 -0.00091880 0.02180773
v -0.02702275 -0.00096296 0.02182103
v -0.02702905 -0.00142352 0.02181430
v -0.02503526 -0.00166754 0.02196413
v -0.02705440 -0.00316002 0.02185656
v -0.02905772 -0.00301787 0.02204935
v -0.02908029 -0.00546933 0.02154978
v -0.02707136 -0.00517172 0.02138080
v -0.02882805 -0.00549673 0.02150552
v -0.02908065 -0.00554145 0.02152250
v -0.02707541 -0.00565513 0.02126519
v -0.03105837 -0.00295049 0.02208489
v -0.02507269 -0.00522238 0.02143879
v -0.02909605 -0.00811160 0.02064890
v -0.02903492 -0.00165790 0.02189170
v -0.03108228 -0.00536424 0.02166463
v -0.03494457 0.00321045 0.02086094
v -0.02894879 0.00318117 0.02111796
v -0.02502630 -0.00091274 0.02203288
v -0.01306864 -0.00310515 0.02271542
v -0.02106053 -0.00313578 0.02222617
v -0.02108509 -0.00553142 0.02184401
v -0.02305802 -0.00315690 0.02207554
v -0.02104630 -0.00210125 0.02223799
v -0.02234650 -0.00558761 0.02165867
v -0.02307917 -0.00547714 0.02159373
v -0.02308043 -0.00561289 0.02156643
v -0.01909576 -0.00613083 0.02197208
v -0.01709827 -0.00622834 0.02205232
v -0.01506741 -0.00309036 0.02264031
v -0.02108767 -0.00581222 0.02178681
v -0.01111939 -0.00913155 0.02131922
v -0.01511322 -0.00797458 0.02168054
v -0.01109399 -0.00552789 0.02238245
v -0.00509283 -0.00570771 0.02232283
v -0.00710790 -0.00832032 0.02137813
v -0.00700775 0.00120893 0.02279463
v -0.00906869 -0.00297724 0.02285764
v -0.00101565 0.00128270 0.02326842
v -0.03109502 -0.00809130 0.02058539
v -0.02507670 -0.00566808 0.02134415
v -0.02909674 -0.00825107 0.02059566
v -0.03109513 -0.00818892 0.02053222
v -0.03309671 -0.00799463 0.02068251
v -0.03309635 -0.00823908 0.02052212
v -0.03509788 -0.00791265 0.02074874
v -0.03308760 -0.00582041 0.02158715
v -0.03509055 -0.00593891 0.02160951
v -0.03709932 -0.00782333 0.02083041
v -0.03709512 -0.00612196 0.02166254
v -0.03708877 -0.00503493 0.02203868
v -0.03910239 -0.00768812 0.02100862
v -0.03709792 -0.00830491 0.02048554
v -0.03909728 -0.00620928 0.02167009
v -0.04110861 -0.00746447 0.02137282
v -0.03508623 -0.00515513 0.02189206
v -0.04110241 -0.00641436 0.02173358
v -0.04109024 -0.00489536 0.02211982
v -0.04308986 -0.00485675 0.02209484
v -0.04310381 -0.00647149 0.02172679
v -0.04305772 -0.00267358 0.02203010
v -0.04505558 -0.00268443 0.02190107
v -0.04305392 -0.00242344 0.02201785
v -0.04105634 -0.00251708 0.02209626
v -0.04302894 -0.00039612 0.02216369
v -0.04102899 -0.00044400 0.02216917
v -0.04299243 0.00166437 0.02184092
v -0.04099322 0.00163736 0.02189031
v -0.03902773 -0.00052855 0.02209754
v -0.03898966 0.00148863 0.02168368
v -0.03702641 -0.00061455 0.02202285
v -0.03705613 -0.00250527 0.02215850
v -0.03698762 0.00138219 0.02156600
v -0.03905973 -0.00264953 0.02219310
v -0.03504906 -0.00222319 0.02205844
v -0.04502447 -0.00047235 0.02189714
v -0.04498729 0.00156971 0.02153562
v -0.04504698 -0.00215035 0.02185421
v -0.04508817 -0.00485506 0.02199219
v -0.03908958 -0.00496293 0.02208392
v -0.03910180 -0.00846066 0.02052559
v -0.03509739 -0.00828226 0.02050870
v -0.04311001 -0.00737612 0.02145244
v -0.03309551 -0.01027797 0.01927669
v -0.03110510 -0.01065611 0.01949023
v -0.02710040 -0.00839405 0.02069751
v -0.02911264 -0.01073051 0.01979708
v -0.02711539 -0.01070250 0.01996221
v -0.02711942 -0.01121969 0.01982578
v -0.02911449 -0.01102628 0.01969999
v -0.02512048 -0.01125972 0.01987872
v -0.02511013 -0.00877752 0.02091358
v -0.02511739 -0.01069564 0.02008285
v -0.02505468 -0.00320120 0.02187616
v -0.02110909 -0.00794271 0.02142895
v -0.00309341 -0.00602279 0.02219216
v -0.00507236 -0.00319752 0.02294593
v -0.03108410 -0.00567975 0.02155426
v -0.00106828 -0.00295335 0.02298199
v 0.00490584 -0.00591640 0.02241490
v 0.00893693 -0.00273785 0.02304926
v 0.00895005 -0.00108580 0.02347434
v 0.00501164 0.00345444 0.02349821
v 0.00294978 -0.00093055 0.02348228
v 0.00897541 0.00085834 0.02355498
v 0.00901162 0.00335657 0.02350477
v 0.01101330 0.00326035 0.02340859
v 0.01702091 0.00289954 0.02296829
v 0.01901562 0.00246025 0.02296371
v 0.01902062 0.00285842 0.02298801
v 0.02102044 0.00265315 0.02290600
v 0.01898921 0.00065496 0.02301010
v 0.02099011 0.00058058 0.02295984
v 0.02096854 -0.00147490 0.02265291
v 0.01896756 -0.00151537 0.02263821
v 0.02248424 -0.00174455 0.02280682
v 0.02096427 -0.00177939 0.02265270
v 0.02296022 -0.00180240 0.02284240
v 0.02296084 -0.00173231 0.02285791
v 0.02184893 0.00273603 0.02288065
v 0.01896449 -0.00173632 0.02263707
v 0.02302298 0.00269415 0.02285489
v 0.02302680 0.00290706 0.02281932
v 0.02102181 0.00277612 0.02292109
v 0.01705778 0.00495029 0.02262504
v 0.02502269 0.00274609 0.02292971
v 0.02502160 0.00268351 0.02293871
v 0.02499114 0.00045342 0.02290478
v 0.01698920 0.00070434 0.02300775
v 0.01098229 0.00104538 0.02340647
v 0.01094229 -0.00252392 0.02298157
v 0.01505634 0.00503961 0.02270671
v 0.01091893 -0.00552136 0.02219146
v 0.01493972 -0.00402766 0.02226189
v 0.01091323 -0.00627101 0.02198765
v 0.00890806 -0.00607678 0.02228997
v 0.00890987 -0.00588211 0.02232889
v 0.01290638 -0.00808891 0.02123107
v 0.01692628 -0.00936890 0.01969302
v 0.01894011 -0.00467495 0.02192512
v 0.02292573 -0.00731290 0.02103209
v 0.02492704 -0.00700223 0.02119304
v 0.02892348 -0.00739681 0.02117373
v 0.03096468 -0.00203670 0.02264249
v 0.02894113 -0.00441136 0.02219825
v 0.03092496 -0.00733619 0.02117886
v 0.02577865 0.00268093 0.02297351
v 0.02505105 0.00494211 0.02303266
v 0.02701998 0.00267971 0.02303692
v 0.02704601 0.00503438 0.02333293
v 0.02901869 0.00266684 0.02311606
v 0.02904357 0.00505335 0.02347905
v 0.02708516 0.00702103 0.02285483
v 0.02908294 0.00703415 0.02298863
v 0.02508881 0.00696774 0.02263654
v 0.02701950 0.00262151 0.02302281
v 0.03493809 -0.00681248 0.02099795
v 0.01905612 0.00494746 0.02272528
v 0.03697119 -0.00135503 0.02286738
v 0.04099286 0.00001174 0.02282540
v 0.03694647 -0.00475784 0.02189429
v 0.04294176 -0.00458747 0.02229067
v 0.03899224 0.00007826 0.02285911
v 0.03901332 0.00238776 0.02333739
v 0.03901484 0.00252879 0.02335670
v 0.04301812 0.00233870 0.02316930
v 0.04302584 0.00288716 0.02316803
v 0.04502858 0.00299747 0.02314956
v 0.04501901 0.00226454 0.02311951
v 0.04499333 -0.00009963 0.02280357
v 0.04699582 -0.00021862 0.02265949
v 0.04701945 0.00220302 0.02309631
v 0.04899576 -0.00026613 0.02266575
v 0.04899337 -0.00046539 0.02264835
v 0.05099198 -0.00051879 0.02270764
v 0.05099444 -0.00027835 0.02274627
v 0.04901967 0.00214773 0.02308622
v 0.04294051 -0.00473811 0.02225442
v 0.04299339 -0.00005236 0.02279680
v 0.04896584 -0.00251148 0.02259970
v 0.04699159 -0.00053777 0.02264881
v 0.04125580 -0.00467269 0.02230259
v 0.04293687 -0.00685340 0.02115309
v 0.04493746 -0.00682838 0.02117513
v 0.04294676 -0.00799735 0.02005578
v 0.04094068 -0.00777782 0.02041134
v 0.04093557 -0.00690685 0.02114455
v 0.03894093 -0.00773556 0.02039400
v 0.03694336 -0.00775451 0.02024795
v 0.04495381 -0.00824413 0.01964291
v 0.04695162 -0.00823199 0.01977466
v 0.04494065 -0.00479116 0.02224904
v 0.04093952 -0.00466126 0.02230984
v 0.05094486 -0.00505682 0.02200886
v 0.05694457 -0.00446346 0.02246925
v 0.05701690 0.00202858 0.02326042
v 0.05299107 -0.00055304 0.02275784
v 0.06290576 -0.00734001 0.02250045
v 0.05893728 -0.00504092 0.02246713
v 0.06295998 -0.00269145 0.02296458
v 0.06012972 -0.02006877 0.01886853
v 0.05883426 -0.02065755 0.01756015
v -0.02709807 -0.00810401 0.02077107
v 0.06080313 -0.02042308 0.01904840
v 0.02305398 0.00490921 0.02285725
v 0.02299007 0.00053240 0.02296470
v 0.05291664 -0.00971779 0.02046940
v -0.01082400 -0.00308424 0.02287874
v 0.05903590 0.00330055 0.02324307
v 0.06104242 0.00429904 0.02359172
v 0.06697279 -0.00314888 0.02221485
v 0.06906725 0.00340643 0.02213905
v 0.06516237 -0.00053625 0.02295632
v 0.06747429 -0.00770526 0.02197432
v 0.06508593 0.00735978 0.02363062
v 0.06881926 -0.02184911 0.01764757
v 0.03893791 -0.00681583 0.02106739
v -0.03706027 -0.00274972 0.02218857
v 0.05321080 0.01218813 0.02113365
v 0.06098968 -0.00039068 0.02304101
v -0.00509574 -0.00611698 0.02220298
v 0.06525420 0.01985316 0.02392290
v 0.05696318 -0.00263363 0.02276758
v 0.05101917 0.00211259 0.02311851
v -0.03509085 -0.01009547 0.01915608
v 0.02094180 -0.00423363 0.02214727
v 0.05992550 -0.01207108 0.02170711
v 0.03497385 -0.00125151 0.02278428
v 0.03499359 0.00013883 0.02277411
v 0.04304779 0.00459097 0.02324991
v 0.00692444 -0.00340293 0.02315110
v 0.00690771 -0.00596952 0.02233649
v 0.00649338 -0.00599199 0.02234014
v 0.03699034 0.00018068 0.02296834
v -0.04110771 -0.00869655 0.02060371
v -0.03694687 0.00332414 0.02099386
v -0.03708887 -0.01001877 0.01908572
v 0.06018655 0.01114180 0.02396422
v -0.01711090 -0.00799024 0.02154138
v -0.01512378 -0.00930910 0.02133571
v -0.01712106 -0.00920306 0.02125141
v -0.01712385 -0.01071120 0.02047493
v -0.01512402 -0.01075561 0.02048773
v -0.01312026 -0.01091019 0.02026879
v -0.01912654 -0.01058685 0.02063029
v -0.01912100 -0.00920265 0.02121729
v -0.02112747 -0.01051162 0.02068231
v -0.02112059 -0.00918829 0.02117655
v -0.02312555 -0.01051632 0.02056624
v -0.00904339 -0.00082716 0.02306251
v 0.03908050 0.00685657 0.02314614
v 0.03704297 0.00487376 0.02352612
v -0.03410985 -0.01161076 0.01767834
v -0.03308869 -0.01208014 0.01791882
v -0.04510049 -0.00634186 0.02163129
v -0.04708956 -0.00476680 0.02207163
v -0.04710773 -0.00663054 0.02173449
v -0.04711262 -0.00720467 0.02160067
v -0.04712579 -0.00941802 0.02084463
v -0.04851687 -0.00969232 0.02095145
v -0.04712558 -0.00992541 0.02053468
v -0.03025148 -0.01080665 0.01957628
v 0.06094554 0.01560282 0.02407098
v -0.03102317 -0.00085284 0.02184026
v -0.03498523 0.00126615 0.02142812
v 0.06114815 0.01367173 0.02467890
v 0.00298126 0.00108469 0.02334569
v 0.00490452 -0.00609741 0.02236331
v -0.01911050 -0.00795242 0.02151473
v 0.05301901 0.00206795 0.02313083
v 0.06679763 -0.02063571 0.01925118
v -0.04511264 -0.01033714 0.01977486
v -0.04105888 -0.00269027 0.02210120
v 0.01694175 -0.00461184 0.02186122
v 0.00289953 -0.00629725 0.02242431
v 0.02692637 -0.00728389 0.02108616
v -0.02092635 0.00543972 0.02163660
v -0.02311668 -0.00903525 0.02106993
v 0.01710198 0.00679557 0.02184958
v 0.01910083 0.00677864 0.02192018
v 0.02109788 0.00681193 0.02209641
v 0.03494147 -0.00765252 0.02035626
v -0.04704567 -0.00210027 0.02179650
v -0.04852922 -0.00255555 0.02198778
v 0.05519596 0.01247937 0.02185231
v -0.04510920 -0.00734955 0.02140213
v 0.06118709 0.01566435 0.02421335
v 0.03296504 -0.00209584 0.02262430
v -0.03505988 -0.00280964 0.02216873
v 0.02105581 0.00490721 0.02274683
v 0.06690934 -0.00792210 0.02206782
v 0.01696788 -0.00150469 0.02259921
v 0.06315739 0.01433281 0.02471230
v -0.03305746 -0.00292679 0.02202853
v 0.06279441 -0.01963910 0.01991472
v -0.04311115 -0.00883446 0.02063530
v -0.01905796 -0.00256111 0.02249035
v -0.03308399 -0.00526729 0.02176234
v 0.03501936 0.00250064 0.02308509
v -0.03308797 -0.01132359 0.01833722
v 0.06744988 0.02665575 0.01971043
v 0.06945687 0.02641058 0.01930095
v 0.06994304 0.02631701 0.01912979
v 0.06946892 0.02667826 0.01895000
v 0.06749991 0.02790409 0.01833380
v 0.06951513 0.02786184 0.01769672
v 0.06750818 0.02810568 0.01810340
v 0.00690740 -0.00600907 0.02232618
v -0.03104004 -0.00186257 0.02195499
v 0.01018620 0.00109282 0.02346404
v -0.00098021 0.00337351 0.02300938
v 0.06682937 -0.01454923 0.02151947
v 0.05904752 0.00420530 0.02328833
v 0.06478564 -0.02111234 0.01944365
v 0.00697765 0.00127398 0.02367489
v -0.00299486 0.00202491 0.02279731
v -0.02296137 0.00338619 0.02186781
v 0.00701125 0.00341613 0.02352384
v 0.02496014 -0.00180397 0.02287707
v 0.01299751 0.00173764 0.02320517
v 0.01098528 0.00125138 0.02340222
v -0.01093493 0.00543432 0.02215628
v 0.05703225 0.00315409 0.02327871
v 0.06548933 0.02748321 0.01849980
v -0.01293559 0.00550186 0.02219213
v -0.03502387 -0.00073504 0.02187562
v 0.03494595 -0.00469400 0.02192238
v 0.05291800 -0.01052112 0.01993516
v -0.03906044 -0.00269569 0.02219601
v 0.01510214 0.00684023 0.02183732
v 0.02492651 -0.00728032 0.02105054
v 0.06117219 0.01491740 0.02440069
v -0.01312386 -0.00931040 0.02137025
v -0.04705474 -0.00265875 0.02184888
v -0.04511508 -0.00899203 0.02067621
v 0.01694536 -0.00423497 0.02193204
v 0.06479110 -0.02267934 0.01828292
v 0.06279088 -0.02262423 0.01829263
v -0.03303989 -0.00185851 0.02191914
v 0.00897984 0.00116327 0.02354824
v 0.05103649 0.00331636 0.02309986
v 0.02309307 0.00689778 0.02238319
v -0.03302337 -0.00079822 0.02184893
v -0.03110296 -0.01095265 0.01922364
v 0.05094930 -0.00428165 0.02228111
v 0.05112111 0.00850735 0.02259879
v 0.05865769 0.01924834 0.02229899
v 0.06498956 -0.00060174 0.02298452
v 0.05427731 0.01578662 0.01944092
v 0.05325807 0.01399419 0.02027580
v 0.04093939 -0.00468323 0.02230223
v 0.06834588 -0.01485409 0.02095827
v 0.06084729 -0.01245757 0.02190649
v -0.01500331 0.00167955 0.02275780
v -0.00510794 -0.00836835 0.02138330
v 0.03694187 -0.00666090 0.02095987
v 0.06733878 0.01284824 0.02327426
v 0.06713795 0.01072599 0.02345829
v 0.06279007 -0.02093867 0.01932723
v 0.01696529 -0.00170942 0.02258745
v 0.06318126 0.01577857 0.02455981
v -0.02302889 -0.00088940 0.02218818
v 0.06331154 0.02251131 0.02304142
v 0.05096688 -0.00258994 0.02254087
v 0.01894408 -0.00424835 0.02201011
v 0.06085256 -0.01196770 0.02197401
v 0.02496048 -0.00177128 0.02288215
v 0.06490825 -0.00745894 0.02235650
v 0.06496264 -0.00281527 0.02281034
v 0.00892894 -0.00357815 0.02288877
v 0.04904013 0.00345884 0.02299826
v -0.02304286 -0.00196659 0.02214011
v -0.02310559 -0.00799166 0.02121979
v 0.06359101 0.02003738 0.02422233
v -0.02510232 -0.00803407 0.02102438
v 0.03104392 0.00499443 0.02346132
v 0.03102123 0.00269363 0.02305640
v 0.03302345 0.00278341 0.02304768
v 0.03021141 0.00261877 0.02307825
v 0.02901761 0.00254860 0.02309137
v 0.03502217 0.00273437 0.02310490
v 0.03302018 0.00252669 0.02303368
v 0.03504300 0.00492209 0.02352157
v 0.03299495 0.00014977 0.02269092
v 0.03101967 0.00259020 0.02306106
v 0.03904271 0.00483176 0.02354397
v 0.04104348 0.00476109 0.02350153
v 0.04504642 0.00458020 0.02333347
v 0.04703232 0.00314772 0.02311211
v 0.06109045 0.00912090 0.02442032
v 0.06510128 0.00871900 0.02378739
v -0.06984485 -0.02560902 -0.01835362
v -0.06842570 -0.02591582 -0.01892408
v -0.06847723 -0.02755537 -0.01771593
v -0.06646741 -0.02787977 -0.01829206
v -0.06652362 -0.02938848 -0.01680868
v -0.06850306 -0.02828748 -0.01705745
v -0.06641667 -0.02621801 -0.01945349
v -0.06837651 -0.02421044 -0.01999381
v -0.06913409 -0.02742571 -0.01747786
v -0.06636854 -0.02448296 -0.02046082
v -0.06833218 -0.02236892 -0.02077719
v -0.06632325 -0.02266830 -0.02130067
v -0.06829200 -0.02041083 -0.02131534
v -0.06627885 -0.02082855 -0.02208777
v -0.06623896 -0.01886263 -0.02260944
v -0.06901786 -0.02020043 -0.02091098
v -0.07031890 -0.01960788 -0.01973266
v -0.07007728 -0.01752065 -0.01998821
v -0.07029449 -0.01795541 -0.01978520
v -0.06917850 -0.01572651 -0.02082594
v -0.06822180 -0.01621046 -0.02179394
v -0.06820716 -0.01449465 -0.02139513
v -0.06819801 -0.01379307 -0.02136600
v -0.06766023 -0.01394109 -0.02164903
v -0.06617940 -0.01436397 -0.02246061
v -0.07025691 -0.01517712 -0.01972663
v -0.07016525 -0.01304774 -0.01990145
v -0.06724700 -0.01661181 -0.02258707
v -0.06619104 -0.01592642 -0.02289501
v -0.06417338 -0.01522495 -0.02319429
v -0.06416847 -0.01471947 -0.02310215
v -0.06413859 -0.01247286 -0.02303347
v -0.06213375 -0.01265774 -0.02331613
v -0.06210987 -0.01063536 -0.02312651
v -0.06412315 -0.01116309 -0.02290976
v -0.06010970 -0.01062661 -0.02309674
v -0.06210610 -0.01034857 -0.02311587
v -0.06010643 -0.01038860 -0.02309387
v -0.05870448 -0.01045320 -0.02315535
v -0.05809798 -0.01016055 -0.02328419
v -0.05810437 -0.01049551 -0.02321254
v -0.05609425 -0.01001104 -0.02332128
v -0.05606813 -0.00847620 -0.02351572
v -0.05604199 -0.00612506 -0.02322717
v -0.05404572 -0.00606968 -0.02300449
v -0.05804018 -0.00612654 -0.02333649
v -0.05603879 -0.00574207 -0.02313513
v -0.05803679 -0.00566456 -0.02320587
v -0.05933064 -0.00597275 -0.02308130
v -0.06004567 -0.00592342 -0.02301546
v -0.06004862 -0.00613495 -0.02301636
v -0.06204864 -0.00579104 -0.02284321
v -0.06202043 -0.00349784 -0.02267653
v -0.06001691 -0.00364542 -0.02288073
v -0.05999762 -0.00204285 -0.02274622
v -0.06405299 -0.00561998 -0.02258962
v -0.06328016 -0.00325243 -0.02222683
v -0.06403354 -0.00346931 -0.02213650
v -0.06606712 -0.00517476 -0.02175936
v -0.06605511 -0.00432540 -0.02176379
v -0.06692649 -0.00500803 -0.02145403
v -0.06807855 -0.00480525 -0.02108834
v -0.06810884 -0.00704048 -0.02113309
v -0.06809200 -0.00578858 -0.02110270
v -0.06603488 -0.00299428 -0.02182975
v -0.06804823 -0.00257105 -0.02104576
v -0.06600445 -0.00076330 -0.02179393
v -0.06885444 -0.00231606 -0.02055178
v -0.06803050 -0.00128049 -0.02103014
v -0.07007251 -0.00184157 -0.01961758
v -0.06801801 -0.00033396 -0.02099707
v -0.07003863 0.00029297 -0.01978462
v -0.06799028 0.00197271 -0.02080204
v -0.06876709 0.00215438 -0.02046087
v -0.06797669 0.00292351 -0.02081313
v -0.06659222 0.00393061 -0.02126845
v -0.06594585 0.00376231 -0.02158843
v -0.06593325 0.00464581 -0.02159729
v -0.06406303 0.00570188 -0.02206765
v -0.06390574 0.00567300 -0.02212008
v -0.06390185 0.00589162 -0.02215513
v -0.06189400 0.00529492 -0.02280913
v -0.06192760 0.00315246 -0.02265875
v -0.05989048 0.00514708 -0.02301388
v -0.06386567 0.00763384 -0.02265248
v -0.06182511 0.00953195 -0.02321057
v -0.06383131 0.00975491 -0.02284782
v -0.06180426 0.01183117 -0.02272859
v -0.06587487 0.00794107 -0.02211245
v -0.06764134 0.00841699 -0.02120441
v -0.06789149 0.00845607 -0.02113543
v -0.06789676 0.00816175 -0.02108740
v -0.06994014 0.00678449 -0.02010082
v -0.06913793 0.00663124 -0.02038081
v -0.06996290 0.00553978 -0.01987589
v -0.06997639 0.00471663 -0.01979355
v -0.07196129 0.00742656 -0.01885652
v -0.07034530 0.00484145 -0.01955037
v -0.06990484 0.00887929 -0.02035145
v -0.06785565 0.01053546 -0.02141843
v -0.06782565 0.01277862 -0.02135700
v -0.06581470 0.01242244 -0.02199997
v -0.06579928 0.01409668 -0.02165866
v -0.06379556 0.01424613 -0.02169573
v -0.06781968 0.01328699 -0.02130798
v -0.06832754 0.01289826 -0.02113179
v -0.06381022 0.01224791 -0.02226087
v -0.06792323 0.00626142 -0.02109483
v -0.05983142 0.00965968 -0.02283571
v -0.05986467 0.00750748 -0.02270586
v -0.05787032 0.00761671 -0.02236990
v -0.05788619 0.00651712 -0.02235046
v -0.05589805 0.00604931 -0.02209433
v -0.05789623 0.00525901 -0.02267226
v -0.05588034 0.00784849 -0.02177616
v -0.05388445 0.00791447 -0.02153117
v -0.05391271 0.00562264 -0.02169498
v -0.04989249 0.00627490 -0.02209971
v -0.04990510 0.00531102 -0.02213803
v -0.04789849 0.00507649 -0.02252514
v -0.04590566 0.00522814 -0.02209996
v -0.04593039 0.00283733 -0.02247196
v -0.04393007 0.00277939 -0.02248763
v -0.04393123 0.00267403 -0.02250143
v -0.04193117 0.00267808 -0.02246943
v -0.04394830 0.00020604 -0.02324354
v -0.04594799 0.00024671 -0.02326421
v -0.04194828 0.00015632 -0.02324192
v -0.04161422 0.00272216 -0.02248501
v -0.03991887 0.00236699 -0.02314264
v -0.03994806 0.00010123 -0.02325159
v -0.03794788 0.00004699 -0.02325948
v -0.03791517 0.00221420 -0.02335780
v -0.03790184 0.00384338 -0.02295509
v -0.03590244 0.00382167 -0.02291086
v -0.03591542 0.00217186 -0.02334066
v -0.03789229 0.00465677 -0.02287694
v -0.03589299 0.00462742 -0.02283247
v -0.03389773 0.00401006 -0.02296642
v -0.03389118 0.00452741 -0.02293663
v -0.03189154 0.00425718 -0.02304987
v -0.03378262 0.00708402 -0.02221111
v -0.03186364 0.00679052 -0.02272702
v -0.03188961 0.00443427 -0.02302633
v -0.03391370 0.00207470 -0.02343881
v -0.03996740 -0.00082728 -0.02298436
v -0.03989332 0.00473495 -0.02281870
v -0.03796235 -0.00062553 -0.02304627
v -0.03595556 -0.00035476 -0.02314095
v -0.03798136 -0.00209865 -0.02311582
v -0.03597744 -0.00225785 -0.02334447
v -0.03511159 -0.00003396 -0.02327916
v -0.03601478 -0.00429536 -0.02297334
v -0.03401528 -0.00433033 -0.02294069
v -0.03397291 -0.00243380 -0.02360835
v -0.03405735 -0.00623531 -0.02229081
v -0.03205786 -0.00627014 -0.02225787
v -0.03210798 -0.00794939 -0.02113320
v -0.03410554 -0.00796858 -0.02127977
v -0.03216275 -0.00949832 -0.01973442
v -0.03016123 -0.00959014 -0.01982134
v -0.03021506 -0.01062799 -0.01815941
v -0.02821248 -0.01052412 -0.01817482
v -0.02622018 -0.01082740 -0.01799684
v -0.02616294 -0.00964070 -0.01971527
v -0.03416119 -0.00949300 -0.01982943
v -0.02416175 -0.00972320 -0.01978259
v -0.02216528 -0.00967337 -0.01957158
v -0.02410614 -0.00819769 -0.02123065
v -0.02211167 -0.00809187 -0.02090187
v -0.02610432 -0.00819966 -0.02134101
v -0.02016941 -0.00960670 -0.01932515
v -0.02022043 -0.01083164 -0.01789305
v -0.01820017 -0.01002732 -0.01824117
v -0.01617537 -0.00953816 -0.01896859
v -0.01417302 -0.00965322 -0.01910438
v -0.01611843 -0.00804979 -0.02049474
v -0.01812018 -0.00795184 -0.02039492
v -0.01806925 -0.00629521 -0.02156717
v -0.01606740 -0.00639606 -0.02167309
v -0.02006554 -0.00635001 -0.02178865
v -0.02001663 -0.00463681 -0.02284191
v -0.02201342 -0.00467750 -0.02303370
v -0.02196992 -0.00281269 -0.02376808
v -0.02396963 -0.00277159 -0.02378783
v -0.02206071 -0.00643615 -0.02207603
v -0.01997235 -0.00279367 -0.02362187
v -0.02193649 -0.00066569 -0.02390887
v -0.01993792 -0.00067460 -0.02382140
v -0.01992573 0.00084174 -0.02343789
v -0.02192900 0.00071005 -0.02340926
v -0.02191225 0.00173903 -0.02350763
v -0.02391109 0.00175550 -0.02357919
v -0.02393470 0.00048257 -0.02333513
v -0.02590782 0.00171313 -0.02377452
v -0.02591914 0.00109705 -0.02366094
v -0.02593563 -0.00059155 -0.02396534
v -0.02588892 0.00426745 -0.02305859
v -0.02793424 -0.00058114 -0.02404965
v -0.02596895 -0.00274148 -0.02383070
v -0.02796757 -0.00273091 -0.02391468
v -0.02994353 -0.00027170 -0.02350499
v -0.02996810 -0.00266713 -0.02388671
v -0.02799341 -0.00391894 -0.02352616
v -0.03000510 -0.00438359 -0.02333938
v -0.02598592 -0.00362046 -0.02363401
v -0.02790806 0.00176913 -0.02376293
v -0.03194736 -0.00011504 -0.02328167
v -0.03197025 -0.00255773 -0.02376282
v -0.01797315 -0.00282046 -0.02357201
v -0.02994271 0.00015998 -0.02328368
v -0.02261574 -0.00468083 -0.02307272
v -0.02405022 -0.00616558 -0.02239116
v -0.02400937 -0.00474179 -0.02327512
v -0.01991044 0.00163899 -0.02361184
v -0.02188090 0.00394443 -0.02352562
v -0.01987261 0.00366289 -0.02401159
v -0.01985660 0.00565194 -0.02350883
v -0.02187144 0.00506259 -0.02326281
v -0.02185446 0.00628724 -0.02325458
v -0.01985162 0.00615859 -0.02341897
v -0.01785323 0.00615449 -0.02332139
v -0.01585627 0.00619050 -0.02313945
v -0.01588069 0.00470145 -0.02298950
v -0.01387185 0.00505359 -0.02312284
v -0.01385417 0.00608242 -0.02326057
v -0.01187019 0.00512127 -0.02312106
v -0.01388448 0.00384799 -0.02330365
v -0.01185610 0.00608755 -0.02314358
v -0.01187882 0.00364034 -0.02363420
v -0.01191248 0.00149967 -0.02348007
v -0.00991294 0.00146319 -0.02345060
v -0.00987562 0.00350150 -0.02382005
v -0.00791476 0.00146512 -0.02334033
v -0.00787406 0.00340847 -0.02390952
v -0.00591485 0.00141855 -0.02333210
v -0.00591891 0.00112452 -0.02333473
v -0.00421276 0.00133952 -0.02340801
v -0.00390923 0.00150998 -0.02348390
v -0.00593158 -0.00119648 -0.02417569
v -0.00387844 0.00343287 -0.02364578
v -0.00793187 -0.00113935 -0.02416173
v -0.00191433 0.00130980 -0.02335489
v -0.00187900 0.00339929 -0.02361020
v -0.00186894 0.00517991 -0.02297929
v -0.00386376 0.00538307 -0.02310971
v -0.00385577 0.00588157 -0.02315202
v -0.00585665 0.00595522 -0.02310331
v -0.00785719 0.00601970 -0.02307389
v -0.00985803 0.00609222 -0.02302756
v -0.00586702 0.00525208 -0.02308142
v 0.00013038 0.00515474 -0.02293340
v 0.00012178 0.00332832 -0.02365329
v 0.00212417 0.00491052 -0.02278348
v 0.00013885 0.00593394 -0.02282945
v 0.00213620 0.00595908 -0.02267038
v 0.00211880 0.00336286 -0.02347442
v 0.00210057 0.00190363 -0.02356911
v 0.00410741 0.00217636 -0.02366473
v 0.00209694 0.00089142 -0.02401603
v 0.00009278 0.00105717 -0.02377359
v 0.00206795 -0.00137994 -0.02413676
v 0.00006792 -0.00133013 -0.02413818
v 0.00206359 -0.00163350 -0.02410286
v 0.00309604 -0.00142791 -0.02418309
v 0.00407474 -0.00118985 -0.02427967
v 0.00407124 -0.00152145 -0.02432819
v 0.00607899 -0.00101965 -0.02432659
v 0.00607406 -0.00164965 -0.02449164
v 0.00807573 -0.00114697 -0.02423218
v 0.00807233 -0.00165037 -0.02438695
v 0.00603753 -0.00370991 -0.02416841
v 0.00404540 -0.00388112 -0.02463473
v 0.00610101 0.00067910 -0.02425019
v 0.00809902 0.00068556 -0.02413041
v 0.00810666 0.00215041 -0.02358455
v 0.01010760 0.00218916 -0.02356903
v 0.01009932 0.00062808 -0.02414511
v 0.01210823 0.00221629 -0.02354799
v 0.01209870 0.00059640 -0.02410554
v 0.01012046 0.00311944 -0.02356161
v 0.01211907 0.00310922 -0.02347691
v 0.01211677 0.00462662 -0.02247900
v 0.01012250 0.00485192 -0.02261994
v 0.01411129 0.00441150 -0.02234289
v 0.01411416 0.00319793 -0.02318411
v 0.01610674 0.00423304 -0.02222420
v 0.01611423 0.00314671 -0.02318564
v 0.01608753 0.00140002 -0.02309242
v 0.01788220 0.00102971 -0.02288592
v 0.01807798 0.00102948 -0.02287600
v 0.01811314 0.00312814 -0.02311848
v 0.02007710 0.00100498 -0.02282132
v 0.02011957 0.00289870 -0.02349489
v 0.02211911 0.00286231 -0.02346522
v 0.02214136 0.00532280 -0.02294667
v 0.02411707 0.00287028 -0.02334225
v 0.02414934 0.00504997 -0.02341433
v 0.02611799 0.00279551 -0.02339332
v 0.02615217 0.00492160 -0.02357813
v 0.02616311 0.00647502 -0.02311951
v 0.02815490 0.00615152 -0.02293192
v 0.02617744 0.00729731 -0.02323787
v 0.02817537 0.00730601 -0.02311335
v 0.03016924 0.00672168 -0.02316882
v 0.03017751 0.00719686 -0.02323673
v 0.03216932 0.00672651 -0.02313719
v 0.03217661 0.00717307 -0.02318058
v 0.03417115 0.00680087 -0.02313858
v 0.03215469 0.00470330 -0.02371867
v 0.03415579 0.00462345 -0.02378042
v 0.03411750 0.00261250 -0.02335345
v 0.03611565 0.00261532 -0.02324131
v 0.03211504 0.00273052 -0.02321141
v 0.03615450 0.00461034 -0.02370180
v 0.03811486 0.00258817 -0.02319220
v 0.03810580 0.00214364 -0.02307245
v 0.04009977 0.00190678 -0.02292602
v 0.03807980 0.00048689 -0.02295522
v 0.03815646 0.00450627 -0.02381449
v 0.03817150 0.00681847 -0.02307909
v 0.04017078 0.00679169 -0.02303245
v 0.04007733 0.00050687 -0.02280698
v 0.04210108 0.00196036 -0.02291754
v 0.04208063 0.00036514 -0.02299890
v 0.04410121 0.00196734 -0.02288693
v 0.04204616 -0.00175272 -0.02279676
v 0.04404607 -0.00179928 -0.02278849
v 0.04400683 -0.00378356 -0.02230542
v 0.04604580 -0.00184105 -0.02277014
v 0.04200460 -0.00367180 -0.02217656
v 0.04601034 -0.00370216 -0.02237389
v 0.04533945 -0.00382695 -0.02232594
v 0.04600752 -0.00385206 -0.02234330
v 0.04396053 -0.00556982 -0.02140584
v 0.04211232 0.00256113 -0.02303667
v 0.04411201 0.00252047 -0.02301599
v 0.04213822 0.00491913 -0.02273369
v 0.04414207 0.00476202 -0.02295795
v 0.04611107 0.00249769 -0.02295770
v 0.04415400 0.00613052 -0.02265054
v 0.04615791 0.00628757 -0.02269121
v 0.04610131 0.00197319 -0.02285579
v 0.04214981 0.00596296 -0.02260488
v 0.04217191 0.00705888 -0.02288973
v 0.04017492 0.00702380 -0.02306973
v 0.04020342 0.00930902 -0.02291982
v 0.04219042 0.00962410 -0.02215088
v 0.04219056 0.00964923 -0.02214194
v 0.04420092 0.01006150 -0.02230384
v 0.04419918 0.00932949 -0.02266435
v 0.04568285 0.00958322 -0.02205132
v 0.04618248 0.00933264 -0.02192371
v 0.04618726 0.00961428 -0.02195913
v 0.04817322 0.00896805 -0.02171660
v 0.04818423 0.00964995 -0.02177789
v 0.04622018 0.01177554 -0.02206998
v 0.04821508 0.01186954 -0.02176606
v 0.05021814 0.01173441 -0.02194409
v 0.05019555 0.00985415 -0.02210357
v 0.05126865 0.00950490 -0.02191933
v 0.05218424 0.00955150 -0.02177256
v 0.05218144 0.00929720 -0.02180510
v 0.05221556 0.01175768 -0.02178894
v 0.05417932 0.00964030 -0.02147958
v 0.05223012 0.01329757 -0.02149138
v 0.05421611 0.01169321 -0.02181832
v 0.05616965 0.00986212 -0.02090681
v 0.05615395 0.00821196 -0.02122176
v 0.05817479 0.00903914 -0.02158075
v 0.05818140 0.00722884 -0.02293476
v 0.05616647 0.00686719 -0.02254950
v 0.05672858 0.00676340 -0.02273813
v 0.05616653 0.00663785 -0.02268797
v 0.05817959 0.00645022 -0.02332035
v 0.05816610 0.00455060 -0.02387650
v 0.05416421 0.00697974 -0.02241897
v 0.05818073 0.00950229 -0.02155747
v 0.05990342 0.00938383 -0.02171530
v 0.06018583 0.00947851 -0.02175552
v 0.06019244 0.00912510 -0.02224463
v 0.06220988 0.00836066 -0.02340453
v 0.06420990 0.00836318 -0.02337180
v 0.06219186 0.00600815 -0.02403777
v 0.06019202 0.00605287 -0.02404991
v 0.06218657 0.00536512 -0.02419555
v 0.06418396 0.00618023 -0.02356962
v 0.06620269 0.00807948 -0.02320312
v 0.06617754 0.00631117 -0.02318799
v 0.06620912 0.00851003 -0.02321974
v 0.06414905 0.00407486 -0.02334126
v 0.06421111 0.00850329 -0.02334012
v 0.06614737 0.00407282 -0.02323934
v 0.06372356 0.00400039 -0.02352065
v 0.06021052 0.01170227 -0.02148067
v 0.06020471 0.00815396 -0.02334027
v 0.05621552 0.01166056 -0.02178080
v 0.05423278 0.01340494 -0.02150846
v 0.04822841 0.01322631 -0.02152539
v 0.04623393 0.01344298 -0.02166223
v 0.04623811 0.01435726 -0.02129643
v 0.04423562 0.01447602 -0.02115283
v 0.04423063 0.01331052 -0.02163323
v 0.04223331 0.01459004 -0.02101922
v 0.04223070 0.01331150 -0.02166763
v 0.04424696 0.01602950 -0.02071085
v 0.04224098 0.01579063 -0.02063131
v 0.04023019 0.01472653 -0.02083832
v 0.04223722 0.01756448 -0.01941960
v 0.04424328 0.01734541 -0.01977419
v 0.04425024 0.01823157 -0.01954292
v 0.04624932 0.01819698 -0.01949257
v 0.04823360 0.01964848 -0.01793420
v 0.05023606 0.01974767 -0.01794739
v 0.04824260 0.01793282 -0.01933316
v 0.05224161 0.01996945 -0.01801881
v 0.05424181 0.01997904 -0.01798944
v 0.05225464 0.01841303 -0.01949341
v 0.05426477 0.01881633 -0.01965106
v 0.05627011 0.01902986 -0.01971856
v 0.05627524 0.01716049 -0.02104452
v 0.05425699 0.01671541 -0.02056828
v 0.05224940 0.01697725 -0.02012375
v 0.05600453 0.02009825 -0.01801622
v 0.05624719 0.02002483 -0.01815789
v 0.05624594 0.02014465 -0.01803418
v 0.05827150 0.01908653 -0.01971155
v 0.05499583 0.01658924 -0.02079463
v 0.05626787 0.01636113 -0.02120726
v 0.05422594 0.02066945 -0.01690823
v 0.04625047 0.01617051 -0.02074390
v 0.04136723 0.01763855 -0.01930989
v 0.04023232 0.01751820 -0.01927192
v 0.04020911 0.01840148 -0.01776529
v 0.04823792 0.01431344 -0.02128239
v 0.04223921 0.01779292 -0.01936849
v 0.03822530 0.01723806 -0.01917278
v 0.03622062 0.01705113 -0.01911791
v 0.03421700 0.01690562 -0.01908273
v 0.03423221 0.01543589 -0.02059851
v 0.03823544 0.01556745 -0.02059315
v 0.03223772 0.01565229 -0.02073523
v 0.03223939 0.01466534 -0.02139185
v 0.03519881 0.01506011 -0.02040346
v 0.03422805 0.01493407 -0.02072040
v 0.03421622 0.01273044 -0.02152733
v 0.03223627 0.01352280 -0.02193762
v 0.03221758 0.01219272 -0.02193593
v 0.03022039 0.01216299 -0.02210467
v 0.03023719 0.01355725 -0.02198791
v 0.03220151 0.01007383 -0.02251325
v 0.03419452 0.00979868 -0.02234863
v 0.03420982 0.01236113 -0.02147549
v 0.03221642 0.01688110 -0.01910500
v 0.03023991 0.01470006 -0.02142503
v 0.04953095 0.00952927 -0.02196039
v 0.05826907 0.02106259 -0.01843627
v 0.05824694 0.02225805 -0.01679023
v 0.05023006 0.01329331 -0.02152329
v 0.06025668 0.02264587 -0.01694052
v 0.06027706 0.02138067 -0.01855344
v 0.06059008 0.02269890 -0.01696008
v 0.05870005 0.02358362 -0.01519796
v 0.06026724 0.01936443 -0.01933455
v 0.06226077 0.01866526 -0.01944360
v 0.06224002 0.01699426 -0.01955693
v 0.06221050 0.01473772 -0.01964654
v 0.06025702 0.01656707 -0.02056169
v 0.06220690 0.01445932 -0.01965969
v 0.04616948 0.00702873 -0.02274074
v 0.04422085 0.01180615 -0.02211180
v 0.03819670 0.00954632 -0.02252689
v 0.04022088 0.01084819 -0.02274537
v 0.04613884 0.00480352 -0.02276445
v 0.04801239 -0.00361940 -0.02237928
v 0.04800737 -0.00389708 -0.02233179
v 0.05002424 -0.00314796 -0.02256928
v 0.05000816 -0.00396837 -0.02237554
v 0.05190401 -0.00211228 -0.02302979
v 0.05205059 -0.00212268 -0.02304391
v 0.05004858 -0.00201730 -0.02292846
v 0.05201420 -0.00418675 -0.02272866
v 0.05196923 -0.00601043 -0.02190779
v 0.05397704 -0.00627850 -0.02236542
v 0.05392669 -0.00795134 -0.02122728
v 0.05387722 -0.00896813 -0.01973686
v 0.05455224 -0.00937631 -0.01953135
v 0.05386325 -0.00925732 -0.01931748
v 0.05190398 -0.00790996 -0.02027341
v 0.05402042 -0.00441033 -0.02309273
v 0.05602728 -0.00465166 -0.02349413
v 0.05803090 -0.00480245 -0.02370510
v 0.05606479 -0.00261913 -0.02387571
v 0.05807054 -0.00282939 -0.02421175
v 0.05609512 -0.00038516 -0.02383362
v 0.05810412 -0.00068634 -0.02436091
v 0.06007476 -0.00299672 -0.02445751
v 0.05812066 0.00067862 -0.02425121
v 0.05609637 -0.00028537 -0.02382723
v 0.05593087 -0.00036201 -0.02379361
v 0.05409114 -0.00022431 -0.02360150
v 0.05407155 -0.00127059 -0.02339318
v 0.05208813 -0.00009094 -0.02342717
v 0.05211748 0.00217071 -0.02332684
v 0.05412914 0.00179456 -0.02401184
v 0.05414371 0.00366005 -0.02352134
v 0.05534821 0.00411783 -0.02371855
v 0.05615936 0.00398259 -0.02396015
v 0.05415027 0.00428630 -0.02342755
v 0.05214465 0.00449302 -0.02309894
v 0.05008263 0.00011258 -0.02310531
v 0.05083954 0.00237432 -0.02296612
v 0.05010531 0.00213548 -0.02286502
v 0.04807925 0.00025625 -0.02290932
v 0.05212345 0.00285582 -0.02317326
v 0.05613144 0.00168090 -0.02414470
v 0.06013420 0.00121677 -0.02447290
v 0.04996323 -0.00579303 -0.02155672
v 0.04596360 -0.00570506 -0.02158409
v 0.03608678 0.00034047 -0.02336940
v 0.03805055 -0.00177741 -0.02306111
v 0.04014942 0.00465449 -0.02339654
v 0.03411649 0.00256364 -0.02333980
v 0.03817544 0.00705829 -0.02310338
v 0.04004696 -0.00172604 -0.02284684
v 0.03617518 0.00696216 -0.02318127
v 0.03605126 -0.00174817 -0.02310581
v 0.03408287 0.00049902 -0.02314212
v 0.03800846 -0.00368163 -0.02240965
v 0.03600778 -0.00361362 -0.02237279
v 0.03796246 -0.00547657 -0.02152831
v 0.03996277 -0.00553434 -0.02154361
v 0.03596064 -0.00537627 -0.02142355
v 0.03405075 -0.00168473 -0.02307856
v 0.03207974 0.00063600 -0.02296020
v 0.03205077 -0.00163616 -0.02308262
v 0.03008167 0.00063111 -0.02307670
v 0.03005184 -0.00161701 -0.02314853
v 0.02807737 0.00080065 -0.02282628
v 0.02805422 -0.00163445 -0.02329142
v 0.02608308 0.00068980 -0.02316564
v 0.03000930 -0.00350856 -0.02247043
v 0.02605509 -0.00160964 -0.02334545
v 0.02408842 0.00058939 -0.02348305
v 0.02405673 -0.00160638 -0.02344478
v 0.02208347 0.00077715 -0.02319433
v 0.02205554 -0.00152394 -0.02337760
v 0.02401494 -0.00351933 -0.02281170
v 0.02337808 -0.00351901 -0.02284488
v 0.02199233 -0.00443761 -0.02243166
v 0.02196976 -0.00528789 -0.02198107
v 0.02396914 -0.00531969 -0.02194176
v 0.02391937 -0.00700871 -0.02083763
v 0.02591922 -0.00705361 -0.02082587
v 0.02791957 -0.00711264 -0.02084384
v 0.02991508 -0.00703582 -0.02057604
v 0.03191292 -0.00702454 -0.02044611
v 0.02796714 -0.00536176 -0.02181785
v 0.03390921 -0.00696976 -0.02022469
v 0.03196193 -0.00531408 -0.02150514
v 0.02192106 -0.00700686 -0.02093995
v 0.02996361 -0.00531204 -0.02160706
v 0.03396031 -0.00531782 -0.02140680
v 0.02201765 -0.00354587 -0.02297372
v 0.02596863 -0.00535438 -0.02190852
v 0.02082773 -0.00348325 -0.02290514
v 0.02001620 -0.00345617 -0.02289126
v 0.02005409 -0.00143420 -0.02329503
v 0.02029098 0.00099594 -0.02282900
v 0.03009529 0.00172007 -0.02300696
v 0.03200747 -0.00350661 -0.02236012
v 0.02808709 0.00139362 -0.02288582
v 0.03209408 0.00167417 -0.02295123
v 0.03015374 0.00477929 -0.02366505
v 0.03611160 0.00237171 -0.02321471
v 0.06010728 -0.00082427 -0.02454483
v 0.02818520 0.00942388 -0.02227238
v 0.02618367 0.00936158 -0.02227671
v 0.02618676 0.01011998 -0.02195750
v 0.02418736 0.01015245 -0.02199540
v 0.02620456 0.01226115 -0.02144011
v 0.02420337 0.01221214 -0.02145076
v 0.02218502 0.01026719 -0.02186026
v 0.02220053 0.01209801 -0.02143047
v 0.02017106 0.01070750 -0.02104034
v 0.02218415 0.00937680 -0.02235179
v 0.02017417 0.01105187 -0.02096748
v 0.01817780 0.01056770 -0.02144060
v 0.01818070 0.01130899 -0.02112354
v 0.01817734 0.01324778 -0.01983057
v 0.01618446 0.01145608 -0.02122734
v 0.01617796 0.01327061 -0.01987534
v 0.01616436 0.01407774 -0.01882067
v 0.01415801 0.01430475 -0.01844938
v 0.01417518 0.01108651 -0.02108571
v 0.01417233 0.01081944 -0.02112350
v 0.01365958 0.01089045 -0.02100125
v 0.01214777 0.00847298 -0.02150843
v 0.01216185 0.01055658 -0.02086792
v 0.01017586 0.01081891 -0.02133702
v 0.01083162 0.01093011 -0.02106807
v 0.01415002 0.00836069 -0.02163840
v 0.01015288 0.00837889 -0.02181253
v 0.01214678 0.00788735 -0.02181393
v 0.00818468 0.01062073 -0.02186007
v 0.00944412 0.00828463 -0.02204865
v 0.01017623 0.01112437 -0.02117155
v 0.00818899 0.01162789 -0.02144465
v 0.00618848 0.01056353 -0.02208660
v 0.00619684 0.01193703 -0.02162541
v 0.00816847 0.01288751 -0.01982907
v 0.00814670 0.01409713 -0.01818973
v 0.01014638 0.01408639 -0.01815070
v 0.01012939 0.01520512 -0.01676798
v 0.01213567 0.01497990 -0.01713549
v 0.01215017 0.01423823 -0.01818890
v 0.00618150 0.00925716 -0.02256637
v 0.00417952 0.00917717 -0.02256230
v 0.00416642 0.00814695 -0.02261901
v 0.00616656 0.00809391 -0.02262437
v 0.00613523 0.00588781 -0.02260787
v 0.00813108 0.00595506 -0.02236021
v 0.00811914 0.00471692 -0.02258974
v 0.00816218 0.00816731 -0.02236376
v 0.00612652 0.00500743 -0.02276166
v 0.00612174 0.00318193 -0.02364258
v 0.00413574 0.00592292 -0.02264023
v 0.01216516 0.01106946 -0.02070381
v 0.00817061 0.00882794 -0.02232856
v 0.01015240 0.00810814 -0.02195273
v 0.01414869 0.00796482 -0.02181680
v 0.01817236 0.01380414 -0.01928995
v 0.01816894 0.01498736 -0.01844296
v 0.02018557 0.01357589 -0.01995249
v 0.02018105 0.01546882 -0.01863772
v 0.02218845 0.01576397 -0.01874400
v 0.02419493 0.01602240 -0.01883282
v 0.02418344 0.01643010 -0.01810471
v 0.02618262 0.01640400 -0.01805342
v 0.02820937 0.01659815 -0.01903845
v 0.02661616 0.01603867 -0.01879949
v 0.02822682 0.01521720 -0.02059641
v 0.03020948 0.01660404 -0.01900732
v 0.02220105 0.01419064 -0.02021057
v 0.02619348 0.01596674 -0.01877246
v 0.02800095 0.01516104 -0.02057354
v 0.01615785 0.01454643 -0.01826744
v 0.01417510 0.01315542 -0.01985455
v 0.01617820 0.01060587 -0.02146652
v 0.01970899 0.01347058 -0.01991051
v 0.02017457 0.00899562 -0.02220466
v 0.02420288 0.01280140 -0.02108046
v 0.02620472 0.01270053 -0.02118644
v 0.02219829 0.01297911 -0.02081287
v 0.02418551 0.00943280 -0.02234447
v 0.02416370 0.00649648 -0.02316362
v 0.02410357 0.00204264 -0.02326195
v 0.02007640 0.00096275 -0.02281686
v 0.02012573 0.00498895 -0.02251540
v 0.01811099 0.00440328 -0.02227114
v 0.01412459 0.00598947 -0.02196922
v 0.01409117 0.00154220 -0.02319387
v 0.01608293 0.00094004 -0.02317033
v 0.02192801 0.00544465 -0.02270148
v 0.01206396 -0.00151414 -0.02388800
v 0.01046184 -0.00153119 -0.02400904
v 0.01406183 -0.00150346 -0.02375934
v 0.00811868 0.00321852 -0.02345940
v 0.00204180 -0.00373107 -0.02442532
v 0.00599627 -0.00563746 -0.02356599
v 0.00799396 -0.00562190 -0.02342705
v 0.00793436 -0.00703533 -0.02174327
v 0.00993565 -0.00712066 -0.02181653
v 0.00998974 -0.00555277 -0.02317545
v 0.01193219 -0.00707297 -0.02161002
v 0.01198678 -0.00551883 -0.02299785
v 0.01003572 -0.00375732 -0.02405571
v 0.01203162 -0.00369161 -0.02381129
v 0.01006726 -0.00155745 -0.02408531
v 0.00991300 -0.00759104 -0.02113734
v 0.01191864 -0.00736597 -0.02121032
v 0.01187254 -0.00848512 -0.01992354
v 0.00987550 -0.00851885 -0.02010069
v 0.00787653 -0.00849856 -0.02016422
v 0.00587950 -0.00853279 -0.02034242
v 0.01386861 -0.00842406 -0.01968890
v 0.01381394 -0.00943895 -0.01797784
v 0.01586823 -0.00846258 -0.01966373
v 0.01581244 -0.00949683 -0.01791642
v 0.01786682 -0.00847238 -0.01957812
v 0.01986368 -0.00843348 -0.01939010
v 0.01792452 -0.00700559 -0.02114969
v 0.00388200 -0.00855359 -0.02049237
v 0.00188484 -0.00871377 -0.02073974
v 0.00224179 -0.00864282 -0.02076742
v -0.00011828 -0.00883941 -0.02071399
v -0.00211505 -0.00871307 -0.02080793
v -0.00010922 -0.00870128 -0.02101543
v -0.00210989 -0.00863330 -0.02097864
v -0.00412062 -0.00893578 -0.02073606
v -0.00410579 -0.00869921 -0.02122349
v -0.00611963 -0.00889823 -0.02078782
v -0.00811382 -0.00866986 -0.02093023
v -0.01011128 -0.00857133 -0.02101095
v -0.00810737 -0.00855667 -0.02113608
v -0.01010744 -0.00850556 -0.02113478
v -0.01005435 -0.00690938 -0.02243419
v -0.00805029 -0.00707238 -0.02267082
v -0.01000781 -0.00512971 -0.02334763
v -0.00800415 -0.00528162 -0.02356095
v -0.00996759 -0.00317299 -0.02388870
v -0.00604424 -0.00729099 -0.02302444
v -0.00796452 -0.00330812 -0.02406672
v -0.00795472 -0.00236773 -0.02392373
v -0.00995764 -0.00248552 -0.02390170
v -0.01101320 -0.00303679 -0.02365752
v -0.01197280 -0.00297770 -0.02358412
v -0.00993031 -0.00113391 -0.02425648
v -0.01201451 -0.00489270 -0.02295532
v -0.00599965 -0.00545688 -0.02382339
v -0.01129343 -0.00664631 -0.02194621
v -0.00610486 -0.00867616 -0.02128121
v -0.01039432 -0.00846565 -0.02106600
v -0.00204552 -0.00735344 -0.02294339
v -0.00004585 -0.00739338 -0.02292120
v -0.00200327 -0.00545376 -0.02360441
v -0.00400081 -0.00547339 -0.02375191
v -0.00396530 -0.00338455 -0.02401507
v -0.00196270 -0.00350680 -0.02416599
v -0.00194251 -0.00187867 -0.02405426
v -0.00393925 -0.00175151 -0.02414858
v -0.00000087 -0.00557007 -0.02374285
v -0.00392957 -0.00130208 -0.02429160
v -0.00193117 -0.00130652 -0.02419472
v 0.00390262 -0.00800779 -0.02104116
v 0.01392617 -0.00695328 -0.02125208
v 0.00188786 -0.00866856 -0.02084042
v 0.00593886 -0.00711229 -0.02201134
v 0.01398176 -0.00542755 -0.02269965
v 0.00610816 0.00220789 -0.02364578
v 0.00803798 -0.00377162 -0.02419199
v 0.00005841 -0.00184060 -0.02403841
v 0.01404261 -0.00245363 -0.02350975
v 0.01006851 -0.00143130 -0.02406320
v 0.01602808 -0.00302715 -0.02320340
v 0.01605854 -0.00146049 -0.02356274
v 0.01205621 -0.00191663 -0.02379875
v 0.01724112 -0.00343296 -0.02298989
v 0.01801680 -0.00342382 -0.02292941
v 0.01799667 -0.00426938 -0.02257942
v 0.01890613 -0.00526303 -0.02209158
v -0.00191435 0.00130621 -0.02335598
v 0.00792062 -0.00729096 -0.02131380
v 0.00410261 0.00068331 -0.02434755
v 0.00412169 0.00323262 -0.02364216
v 0.01797350 -0.00529432 -0.02220701
v 0.01795705 -0.00583907 -0.02183382
v 0.01602149 -0.00350612 -0.02320874
v -0.00185892 0.00592072 -0.02296346
v 0.00009706 0.00176286 -0.02353616
v -0.00594661 -0.00204469 -0.02404325
v -0.00391110 0.00126417 -0.02355060
v 0.01649575 -0.00703596 -0.02128957
v 0.01592800 -0.00705381 -0.02135731
v -0.00792019 0.00107214 -0.02334378
v -0.01391187 0.00153153 -0.02351926
v -0.01191727 0.00118408 -0.02346480
v -0.01391808 0.00114998 -0.02348253
v -0.01393478 -0.00091035 -0.02399867
v -0.01593694 -0.00080053 -0.02387387
v -0.01591306 0.00161407 -0.02345186
v -0.01592649 0.00081503 -0.02335735
v -0.01397338 -0.00291239 -0.02355296
v -0.01597355 -0.00285851 -0.02354583
v -0.01401899 -0.00471814 -0.02269437
v -0.01601708 -0.00472247 -0.02280968
v -0.01406843 -0.00641642 -0.02160972
v -0.01206471 -0.00656984 -0.02182621
v -0.01266725 -0.00482032 -0.02283764
v -0.01588875 0.00401698 -0.02305441
v -0.00986829 0.00519814 -0.02312365
v -0.02385531 0.00636037 -0.02320696
v -0.01785785 0.00560430 -0.02345228
v -0.02388401 0.00408053 -0.02334555
v -0.02394150 -0.00047595 -0.02361599
v -0.01801744 -0.00466311 -0.02279102
v -0.02429159 -0.00646406 -0.02225335
v -0.02605429 -0.00651770 -0.02245998
v -0.02600380 -0.00484885 -0.02360653
v -0.02608134 -0.00739977 -0.02183885
v -0.02772309 -0.00641594 -0.02233443
v -0.02804651 -0.00602209 -0.02252717
v -0.02805663 -0.00640298 -0.02232488
v -0.03001831 -0.00490707 -0.02309073
v -0.03005676 -0.00635021 -0.02232008
v -0.03013941 -0.00457533 -0.02325050
v -0.01411706 -0.00813753 -0.02057309
v -0.01792680 0.00080101 -0.02338462
v -0.03194766 -0.00003804 -0.02322354
v -0.03000927 -0.00459704 -0.02328928
v -0.01817506 -0.00949764 -0.01898956
v 0.05205188 -0.00205123 -0.02305630
v 0.04489783 -0.00562748 -0.02147741
v 0.04590881 -0.00725342 -0.02018411
v 0.04390636 -0.00713569 -0.02004268
v 0.04584414 -0.00852496 -0.01820187
v 0.04384109 -0.00839046 -0.01802517
v 0.04791069 -0.00735535 -0.02029230
v 0.04991317 -0.00747408 -0.02043583
v 0.04794642 -0.00623226 -0.02113817
v 0.04992672 -0.00701107 -0.02073431
v 0.04804623 -0.00190212 -0.02279239
v 0.04607667 0.00037782 -0.02275982
v 0.06006164 -0.00372974 -0.02433722
v 0.05405498 -0.00229491 -0.02329995
v 0.04407777 0.00039609 -0.02282760
v 0.04196020 -0.00551145 -0.02138926
v 0.01016341 0.01268890 -0.01970080
v -0.03010467 -0.00809128 -0.02132545
v -0.03605675 -0.00620294 -0.02232893
v -0.03394189 -0.00021929 -0.02360714
v -0.03201331 -0.00443474 -0.02305411
v 0.01992111 -0.00695913 -0.02094575
v 0.01592401 -0.00714947 -0.02124531
v -0.03998076 -0.00206649 -0.02315437
v -0.04198527 -0.00189089 -0.02289123
v -0.04001353 -0.00423182 -0.02305210
v -0.04201498 -0.00414222 -0.02296985
v -0.04397949 -0.00200370 -0.02323471
v -0.04401515 -0.00408806 -0.02296215
v -0.04205649 -0.00606286 -0.02235291
v -0.04405518 -0.00605024 -0.02243258
v -0.04210300 -0.00784329 -0.02144106
v -0.04410102 -0.00784964 -0.02156062
v -0.04605321 -0.00605645 -0.02255184
v -0.04215291 -0.00952840 -0.02032870
v -0.04415238 -0.00949411 -0.02036279
v -0.04220799 -0.01106862 -0.01891158
v -0.04015305 -0.00957368 -0.02031775
v -0.04420341 -0.01114792 -0.01918458
v -0.04614689 -0.00959874 -0.02068906
v -0.04619413 -0.01135873 -0.01973419
v -0.04597888 -0.00197169 -0.02327358
v -0.04601351 -0.00408509 -0.02306210
v -0.04005631 -0.00611694 -0.02236046
v -0.04609866 -0.00786658 -0.02170245
v 0.03590803 -0.00698594 -0.02015251
v -0.03991052 0.00349797 -0.02282495
v -0.04396936 -0.00090866 -0.02301356
v -0.04593280 0.00261003 -0.02250496
v -0.04389857 0.00498041 -0.02251483
v -0.04993010 0.00292758 -0.02249454
v -0.05192931 0.00295453 -0.02254406
v -0.04993309 0.00259457 -0.02256546
v -0.05193327 0.00258570 -0.02259518
v -0.05194908 0.00042473 -0.02320838
v -0.05393021 0.00302910 -0.02249342
v -0.05394956 0.00193876 -0.02232181
v -0.05592674 0.00298103 -0.02270072
v -0.05593704 0.00243256 -0.02259028
v -0.05595658 0.00073331 -0.02277172
v -0.05795246 0.00066688 -0.02301767
v -0.05792510 0.00290391 -0.02284810
v -0.05992188 0.00294318 -0.02299275
v -0.05995501 0.00078755 -0.02287005
v -0.05798752 -0.00143449 -0.02278087
v -0.05998783 -0.00137657 -0.02276526
v -0.06196644 0.00115707 -0.02219902
v -0.05598790 -0.00147288 -0.02275543
v -0.05844783 0.00295820 -0.02288278
v -0.05792411 0.00295644 -0.02285865
v -0.05395937 0.00076231 -0.02260452
v -0.04994743 0.00032933 -0.02330283
v -0.04998972 -0.00156937 -0.02263976
v -0.04798852 -0.00165227 -0.02270794
v -0.04798975 -0.00172008 -0.02269598
v -0.04779928 -0.00166278 -0.02272000
v -0.04999995 -0.00212591 -0.02253714
v -0.05001620 -0.00391121 -0.02290876
v -0.04793734 0.00242803 -0.02245243
v -0.05201502 -0.00389524 -0.02298139
v -0.05199888 -0.00208536 -0.02259033
v -0.05401451 -0.00386021 -0.02301390
v -0.05400133 -0.00218426 -0.02257727
v -0.05601295 -0.00385485 -0.02310883
v -0.05204855 -0.00603942 -0.02283462
v -0.03191661 0.00210692 -0.02326484
v 0.03417631 0.00713218 -0.02316037
v -0.00587892 0.00349547 -0.02362032
v 0.01212353 0.00606833 -0.02190957
v 0.05615943 0.00428454 -0.02378405
v 0.03819888 0.00997516 -0.02236461
v 0.03764763 0.00969589 -0.02224119
v 0.03821689 0.01206466 -0.02188667
v -0.00991697 0.00119757 -0.02343728
v 0.04022887 0.01323706 -0.02166619
v 0.03822846 0.01482414 -0.02073922
v 0.03822570 0.01310966 -0.02163960
v 0.03632194 0.01237942 -0.02132472
v 0.03620649 0.01240509 -0.02127682
v 0.03684400 0.01503704 -0.02036459
v 0.03621869 0.01490213 -0.02031105
v 0.03620658 0.01235043 -0.02131289
v -0.05391444 0.00540213 -0.02175299
v -0.06199481 -0.00113183 -0.02235669
v -0.06396597 0.00119302 -0.02222960
v -0.06399668 -0.00103030 -0.02224934
v -0.06195927 0.00154675 -0.02227130
v -0.06396069 0.00148874 -0.02227768
v -0.06423980 0.00123268 -0.02216067
v -0.03815428 -0.00958823 -0.02024214
v -0.03615904 -0.00950409 -0.01995895
v -0.03810225 -0.00796263 -0.02147966
v -0.06027711 0.00298385 -0.02292600
v 0.02814925 0.00495417 -0.02340342
v 0.02202208 -0.00325943 -0.02299129
v 0.03618563 0.00990583 -0.02187691
v 0.04595072 -0.00606398 -0.02125203
v -0.03801576 -0.00421871 -0.02291832
v -0.04190017 0.00497605 -0.02241779
v 0.02421273 0.01465535 -0.02039739
v -0.05590331 0.00540819 -0.02225227
v -0.06393145 0.00330953 -0.02243459
v -0.06591062 0.00585894 -0.02183520
v -0.07010292 -0.00407310 -0.01965457
v -0.07010527 -0.00424376 -0.01965652
v -0.07013501 -0.00625762 -0.01959267
v -0.07003211 -0.00410627 -0.01972064
v -0.06700974 -0.00053520 -0.02136716
v -0.07002940 0.00083352 -0.01985431
v 0.04810388 0.00207698 -0.02287116
v -0.03594811 0.00000405 -0.02324359
v -0.06598520 0.00051574 -0.02184943
v 0.01597633 -0.00532440 -0.02237649
v 0.06423425 0.01093891 -0.02287388
v -0.04794861 0.00031321 -0.02323054
v 0.04023799 0.01567064 -0.02060824
v 0.04825507 0.01635432 -0.02079729
v -0.06609321 -0.00752772 -0.02205174
v -0.06407895 -0.00734013 -0.02251176
v -0.06462855 -0.00770519 -0.02234752
v -0.06610266 -0.00828125 -0.02209865
v -0.06612001 -0.00986032 -0.02230130
v -0.06408471 -0.00781506 -0.02254993
v -0.06782227 -0.00946713 -0.02156402
v -0.06816476 -0.01164103 -0.02149622
v -0.06615229 -0.01203985 -0.02222889
v -0.06813922 -0.00973124 -0.02144383
v -0.06200882 -0.00248817 -0.02256862
v -0.05799626 -0.00198710 -0.02273878
v -0.06403018 -0.00317517 -0.02210404
v -0.06007027 -0.00831805 -0.02339548
v -0.05806743 -0.00844685 -0.02356019
v -0.06013392 -0.01270202 -0.02330306
v -0.06207770 -0.00806060 -0.02296019
v -0.06216125 -0.01474270 -0.02338943
v -0.06546437 -0.01216515 -0.02245611
v -0.06411049 -0.01017637 -0.02285987
v -0.06156827 -0.01488472 -0.02331185
v -0.06216383 -0.01489867 -0.02337287
v 0.04023013 0.01164433 -0.02266457
v -0.06419791 -0.01697841 -0.02319682
v -0.06248872 -0.01487181 -0.02333360
v 0.03621746 0.01518160 -0.02009355
v -0.00404424 -0.00734015 -0.02302165
v -0.01211266 -0.00831003 -0.02082971
v 0.02214070 0.00558381 -0.02276403
v -0.02989027 0.00440351 -0.02298481
v -0.02986363 0.00674108 -0.02272480
v -0.02789040 0.00435803 -0.02297428
v -0.02789126 0.00427173 -0.02298893
v -0.02786696 0.00678501 -0.02252621
v -0.02586036 0.00655101 -0.02291219
v -0.02588463 0.00453632 -0.02308069
v 0.05025400 0.01631377 -0.02074410
v 0.04824420 0.01722113 -0.01982317
v -0.02792183 0.00098868 -0.02364339
v -0.06813489 -0.00939413 -0.02142695
v -0.06440872 -0.02649008 -0.01991955
v -0.06328444 -0.02655922 -0.02000536
v 0.01415593 0.01446850 -0.01826435
v 0.01613792 0.01582883 -0.01666268
v 0.01412838 0.01544924 -0.01651630
v 0.01997041 -0.00525681 -0.02202191
v 0.06018493 0.00529835 -0.02419776
v 0.01815162 0.01637332 -0.01688739
v -0.07181261 0.00933369 -0.01949621
v -0.07033336 0.01111966 -0.02032022
v -0.07188359 0.01141684 -0.01977699
v 0.01373593 0.01441255 -0.01824487
v 0.01311866 -0.00698861 -0.02136937
v -0.04805181 -0.00604646 -0.02263703
v 0.05827117 0.01700131 -0.02093498
v 0.00394369 -0.00719863 -0.02229916
v -0.02810503 -0.00813056 -0.02130186
v 0.05826844 0.01938012 -0.01940776
v -0.03610419 -0.00795745 -0.02136256
v -0.01193242 -0.00102547 -0.02413460
v -0.02405802 -0.00646230 -0.02223724
v -0.06616036 -0.01263875 -0.02224275
v -0.06987175 0.01103581 -0.02047221
v -0.00786345 0.00539168 -0.02318165
v -0.07000501 0.00243477 -0.01993635
v 0.05024278 0.01794154 -0.01930338
v 0.05048551 -0.00751256 -0.02048641
v -0.02800782 -0.00468697 -0.02337222
v -0.06984191 0.01328349 -0.02040127
v 0.04796298 -0.00573694 -0.02154495
v 0.04810990 0.00248135 -0.02288586
v 0.04814009 0.00471911 -0.02283579
v -0.02684369 0.00432178 -0.02299496
v 0.06216694 0.00362265 -0.02439862
v 0.06213381 0.00120296 -0.02443242
v 0.06210683 -0.00086064 -0.02451513
v 0.06410139 -0.00007917 -0.02378948
v 0.06409576 -0.00059973 -0.02386012
v 0.06542907 -0.00049519 -0.02356917
v 0.06412296 0.00172192 -0.02363360
v 0.06608929 -0.00046755 -0.02347590
v 0.06612410 0.00164097 -0.02369766
v 0.06608711 -0.00064304 -0.02348771
v 0.06606358 -0.00283102 -0.02379038
v 0.06802110 -0.00477355 -0.02311328
v 0.06602601 -0.00486196 -0.02340546
v 0.06799992 -0.00616694 -0.02304385
v 0.06972680 -0.00683384 -0.02269750
v 0.06798993 -0.00698396 -0.02310585
v 0.06599863 -0.00717868 -0.02362161
v 0.06796283 -0.00930834 -0.02333812
v 0.06792175 -0.01124097 -0.02274640
v 0.06791930 -0.01143267 -0.02275654
v 0.06790244 -0.01378370 -0.02343795
v 0.06589757 -0.01359815 -0.02315387
v 0.06787592 -0.01522334 -0.02316986
v 0.06854992 -0.01576068 -0.02290296
v 0.06787062 -0.01597603 -0.02339243
v 0.06586861 -0.01587041 -0.02327648
v 0.06984127 -0.01659383 -0.02248495
v 0.06982580 -0.01785293 -0.02257730
v 0.06783868 -0.01816488 -0.02333964
v 0.07084278 -0.01759955 -0.02198982
v 0.06587131 -0.01540757 -0.02311627
v 0.06985890 -0.01569678 -0.02269886
v 0.06591699 -0.01152591 -0.02274617
v 0.06542216 -0.01124515 -0.02288805
v 0.06480262 -0.00942974 -0.02376165
v 0.06399106 -0.00859395 -0.02417278
v 0.06401007 -0.00744997 -0.02429845
v 0.06592210 -0.01120164 -0.02276988
v 0.06601606 -0.00552948 -0.02338057
v 0.06404189 -0.00525790 -0.02434446
v 0.06514565 -0.00496288 -0.02366471
v 0.06405563 -0.00396388 -0.02415815
v 0.06204583 -0.00531908 -0.02457936
v 0.06407169 -0.00300905 -0.02427104
v 0.06213659 0.00138910 -0.02443984
v 0.06201189 0.01468415 -0.01976988
v 0.06613986 0.00351843 -0.02325052
v -0.05801743 -0.00368025 -0.02284779
v 0.02801257 -0.00355101 -0.02266592
v 0.05223936 0.01417461 -0.02136200
v 0.05424018 0.01410239 -0.02140769
v -0.02011745 -0.00797913 -0.02055852
v 0.03618115 0.00927094 -0.02206403
v 0.05010960 0.00244058 -0.02286542
v 0.05425709 0.01643989 -0.02073616
v 0.05019347 0.00934203 -0.02231936
v 0.05216572 0.00698657 -0.02251080
v 0.05016623 0.00702131 -0.02254394
v 0.05215791 0.00629283 -0.02259193
v 0.05015217 0.00606351 -0.02251694
v 0.06025551 0.01638275 -0.02060724
v 0.05939941 0.01652750 -0.02069058
v 0.06023523 0.01409381 -0.02110713
v 0.00195120 -0.00735986 -0.02274448
v 0.00200217 -0.00570452 -0.02391945
v -0.06382109 0.01116248 -0.02244489
v 0.02417905 0.00730120 -0.02333588
v 0.06205718 -0.00390439 -0.02422034
v -0.04010173 -0.00792788 -0.02151278
v 0.01807764 0.00100984 -0.02287315
v -0.04814136 -0.00970472 -0.02101818
v 0.04816059 0.00639559 -0.02270860
v 0.05024388 0.01718107 -0.01980123
v -0.05198926 -0.00153320 -0.02266989
v 0.01394082 -0.00648559 -0.02159457
v -0.04793185 0.00292760 -0.02238829
v 0.05417112 0.00889010 -0.02157780
v 0.02209803 0.00182130 -0.02319075
v -0.02400018 -0.00418339 -0.02333270
v -0.01793959 -0.00067721 -0.02372068
v 0.04624410 0.01727314 -0.01981998
v 0.01216922 0.01292055 -0.01977691
v 0.04000610 -0.00366491 -0.02226827
v 0.04416825 0.00711237 -0.02267102
v -0.06882462 -0.00678814 -0.02063991
v 0.05013790 0.00473135 -0.02270384
v 0.02018550 0.01338678 -0.02006160
v -0.04193046 0.00274098 -0.02246221
v 0.05023798 0.01426241 -0.02128352
v 0.05816360 0.00381460 -0.02420730
v 0.01533320 -0.00701966 -0.02131704
v 0.06596627 -0.00935563 -0.02354379
v 0.05622846 0.02152412 -0.01647554
v -0.05599341 -0.00187246 -0.02275931
v -0.04596975 -0.00092590 -0.02303929
v -0.06206488 -0.00678111 -0.02274336
v 0.06013766 0.00140823 -0.02450581
v 0.06200730 -0.00732335 -0.02413832
v 0.00399851 -0.00565115 -0.02370100
v 0.03023647 0.01560098 -0.02074478
v 0.06779468 -0.02001549 -0.02257543
v 0.02811658 0.00278583 -0.02330747
v 0.01612551 0.00591453 -0.02202064
v -0.01791088 0.00160230 -0.02358282
v 0.01408772 0.00085493 -0.02345555
v 0.02601442 -0.00355382 -0.02277804
v 0.00591226 -0.00762415 -0.02118946
v -0.02387458 0.00493609 -0.02323665
v 0.01402538 -0.00356584 -0.02344055
v 0.01817570 0.00903865 -0.02225902
v -0.04197756 -0.00123150 -0.02282628
v 0.02217345 0.00750730 -0.02300857
v 0.03011547 0.00276781 -0.02323918
v -0.03805728 -0.00613895 -0.02230055
v 0.05813480 0.00153777 -0.02433955
v -0.02991182 0.00192371 -0.02354400
v -0.06795716 0.00412839 -0.02092462
v 0.01805380 -0.00137684 -0.02328059
v 0.06017014 0.00358188 -0.02459057
v 0.04011373 0.00257071 -0.02312272
v -0.06986445 0.01151169 -0.02049864
v -0.06938827 -0.01125191 -0.02074205
v -0.06983248 0.01485039 -0.01987061
v 0.02013310 0.00560358 -0.02246227
v 0.03400718 -0.00354757 -0.02234007
v -0.07018898 -0.01091299 -0.02007109
v -0.05986969 0.00716906 -0.02269406
v -0.02989172 0.00425155 -0.02301327
v 0.06207259 -0.00298522 -0.02432712
v 0.02016186 0.00788140 -0.02232792
v 0.04816771 0.00702912 -0.02263372
v -0.02816423 -0.00955520 -0.01964164
v -0.05504449 0.00557542 -0.02185455
v 0.01812929 0.00575935 -0.02224084
v 0.01815739 0.00805577 -0.02206736
v -0.01787301 0.00362475 -0.02398562
v 0.05821848 0.01152823 -0.02195294
v 0.02610108 0.00194567 -0.02318197
v -0.04809554 -0.00790471 -0.02188885
v 0.04222293 0.01179691 -0.02223744
v -0.04801108 -0.00410398 -0.02320804
v -0.05399074 -0.00144262 -0.02258557
v -0.06620232 -0.01680566 -0.02293965
v 0.03572927 0.01238773 -0.02133873
v 0.06026901 0.01898994 -0.01963174
v 0.05623549 0.01351379 -0.02152624
v 0.06164989 0.01202428 -0.02072624
v 0.02822660 0.01512235 -0.02064300
v 0.05415876 0.00632845 -0.02257493
v 0.05191665 -0.00762086 -0.02063836
v 0.00003823 -0.00358201 -0.02421798
v 0.05225281 0.01626848 -0.02068866
v -0.06597200 0.00141127 -0.02187675
v 0.00412741 0.00504084 -0.02281145
v -0.03393937 0.00028828 -0.02341247
v 0.06414211 0.00360591 -0.02332600
v 0.01012819 0.00598693 -0.02218697
v 0.06219284 0.01214867 -0.02043551
v -0.00596102 -0.00345554 -0.02427059
v 0.03617686 0.00706756 -0.02319010
v 0.02621754 0.01484763 -0.02045479
v 0.05826499 0.01639288 -0.02103428
v 0.03437753 0.00974174 -0.02231846
v 0.03419485 0.00969668 -0.02242303
v 0.03219746 0.00967259 -0.02257991
v 0.02818818 0.01003111 -0.02203823
v -0.05991921 0.00313547 -0.02299202
v -0.05404487 -0.00598112 -0.02298766
v -0.05368578 -0.00605190 -0.02294792
v -0.05205259 -0.00628511 -0.02280934
v 0.00225509 0.00838543 -0.02221852
v -0.01199765 -0.00407221 -0.02318195
v -0.01203209 -0.00543631 -0.02253401
v 0.06367091 0.02845723 0.01136153
v 0.06371078 0.02869371 0.00981429
v 0.06333826 0.02839695 0.00916975
v 0.06572078 0.02836454 0.00922814
v 0.06567205 0.02850444 0.01137303
v 0.06561883 0.02813786 0.01340810
v 0.06362483 0.02801887 0.01305161
v 0.06771845 0.02838067 0.00936826
v 0.06768162 0.02888539 0.01122600
v 0.06969958 0.02886029 0.01048329
v 0.06763571 0.02913869 0.01331959
v 0.06963195 0.02899170 0.01342333
v 0.06959029 0.02883933 0.01509596
v 0.06758970 0.02890507 0.01512803
v 0.06757896 0.02896299 0.01561694
v 0.07049190 0.02820635 0.01381130
v 0.07159270 0.02743908 0.01419475
v 0.06561177 0.02818882 0.01373685
v 0.07163655 0.02749355 0.01237150
v 0.06957686 0.02888173 0.01568947
v 0.06968199 0.02890170 0.01125218
v 0.06373750 0.02902279 0.00887898
v 0.06772160 0.02839645 0.00924434
v 0.06974191 0.02920305 0.00889513
v 0.06778583 0.02886869 0.00680614
v 0.06978406 0.02880042 0.00687249
v 0.06981649 0.02801286 0.00503269
v 0.06985660 0.02752948 0.00304839
v 0.06785676 0.02753400 0.00301232
v 0.06782029 0.02816152 0.00492815
v 0.06578867 0.02897916 0.00671975
v 0.07156979 0.02665540 0.00127823
v 0.06991866 0.02791541 0.00065118
v 0.06995422 0.02789150 -0.00086794
v 0.06792181 0.02803827 0.00055890
v 0.06795937 0.02779644 -0.00117410
v 0.06596365 0.02762171 -0.00149106
v 0.07048438 0.02761914 -0.00141315
v 0.06997481 0.02806739 -0.00163491
v 0.06592091 0.02800102 0.00054266
v 0.06583032 0.02768440 -0.00152313
v 0.06489643 0.02855570 0.00026157
v 0.06683939 0.02767025 -0.00149928
v 0.06596673 0.02763915 -0.00161114
v 0.07002281 0.02789668 -0.00376772
v 0.06803122 0.02822787 -0.00395896
v 0.07006535 0.02786085 -0.00558919
v 0.06805668 0.02815320 -0.00508047
v 0.06808660 0.02834916 -0.00623047
v 0.06613004 0.02799599 -0.00831054
v 0.06814074 0.02842146 -0.00847871
v 0.06815736 0.02841537 -0.00918576
v 0.07013294 0.02811447 -0.00829897
v 0.06820628 0.02894545 -0.01094152
v 0.06619148 0.02835746 -0.01069615
v 0.06624611 0.02844904 -0.01295354
v 0.06425476 0.02878985 -0.01314934
v 0.06626771 0.02845581 -0.01386371
v 0.06425761 0.02878800 -0.01327118
v 0.06431171 0.02897361 -0.01545053
v 0.06435562 0.02864058 -0.01750624
v 0.06634290 0.02813871 -0.01723393
v 0.07025014 0.02654038 -0.01419297
v 0.06630140 0.02856713 -0.01522353
v 0.06421652 0.02934722 -0.01120021
v 0.06417678 0.02984529 -0.00922288
v 0.06825115 0.02865079 -0.01301544
v 0.07007695 0.02796878 -0.00601587
v 0.06312098 0.02885151 -0.01319789
v 0.06411306 0.02939366 -0.00679446
v 0.06412532 0.02941179 -0.00730234
v 0.06520828 0.02873193 -0.00867606
v 0.06323003 0.02961788 -0.00691604
v 0.06406032 0.02937671 -0.00457251
v 0.06218000 0.03049082 -0.00513408
v 0.06617159 0.02806568 -0.01002751
v 0.06797019 0.02788266 -0.00158109
v 0.07165162 0.02770053 0.01185666
v 0.06556733 0.02850084 0.01580254
v 0.06551624 0.02792896 0.01762549
v 0.06197860 0.02755781 0.00733086
v 0.06377227 0.02933938 0.00651428
v 0.06217145 0.02850361 0.00466969
v 0.06386393 0.02988659 0.00404089
v 0.06379899 0.02938625 0.00649245
v 0.06547652 0.02845727 0.00474778
v 0.06425581 0.02942290 0.00205320
v 0.06389344 0.02974236 0.00270649
v 0.06391730 0.02992825 0.00180720
v 0.06302850 0.02944011 0.00202420
v 0.06389810 0.02933761 0.00651725
v 0.06600996 0.02826920 0.01370539
v 0.06402767 0.02906455 -0.00337598
v 0.06457746 0.02865049 -0.00421847
v 0.06287332 0.02953259 -0.00245197
v 0.06572086 0.02836562 0.00922506
v 0.06400200 0.02913903 -0.00224572
v 0.06397852 0.03028089 -0.00057420
v 0.06379687 0.02936507 0.00656968
v 0.06985710 0.02752961 0.00302764
f 1 2 3
f 1347 1350 3
f 1347 3 2
f 1349 1350 1347
f 1 3 9098
f 1 9098 9092
f 9096 3 1350
f 9098 3 9096
f 1350 1349 1340
f 1348 1350 1340
f 9096 1350 1348
f 1309 1319 1348
f 1309 1348 1340
f 1313 1319 1309
f 9092 9098 9094
f 9092 9094 9093
f 9095 9098 9096
f 9094 9098 9095
f 551 9096 1348
f 9095 9096 551
f 550 1348 1319
f 551 1348 550
f 1319 1313 545
f 1319 545 550
f 4012 9103 4031
f 4031 9103 9093
f 9094 4031 9093
f 4015 4031 9094
f 543 9094 9095
f 4015 9094 543
f 551 521 522
f 543 551 522
f 9095 551 543
f 521 551 550
f 521 550 530
f 530 550 545
f 4013 4012 4031
f 4013 4031 4015
f 4013 4015 539
f 539 4015 543
f 539 543 523
f 523 543 522
f 6971 6715 6870
f 6798 6829 6870
f 6798 6870 6715
f 6828 9097 6829
f 6828 6829 6798
f 1337 1346 9097
f 1337 9097 6828
f 1336 1346 1337
f 6971 6870 9088
f 6971 9088 9086
f 9101 6870 6829
f 9088 6870 9101
f 1 9101 2
f 9101 9097 2
f 9101 6829 9097
f 2 9097 1347
f 1347 9097 1346
f 1316 1331 1349
f 1316 1349 1347
f 1336 1316 1347
f 1346 1336 1347
f 1271 1308 1331
f 1271 1331 1316
f 1307 1308 1271
f 9086 9088 9089
f 9086 9089 9110
f 9090 9088 9101
f 9089 9088 9090
f 9092 9090 1
f 1 9090 9101
f 1331 1340 1349
f 1340 1331 1309
f 1309 1331 1308
f 1299 1314 1313
f 1299 1313 1309
f 1307 1299 1309
f 1308 1307 1309
f 1298 1314 1299
f 9105 9106 9100
f 9100 9106 9110
f 9089 9100 9110
f 9099 9100 9089
f 9091 9089 9090
f 9099 9089 9091
f 9093 9091 9092
f 9092 9091 9090
f 544 545 1314
f 1314 545 1313
f 1314 1298 549
f 1314 549 544
f 3969 9109 4114
f 9107 4008 4114
f 9107 4114 9109
f 4008 9107 9105
f 9100 4008 9105
f 4007 4008 9100
f 4009 9100 9099
f 4007 9100 4009
f 4012 4009 9103
f 4009 9091 9103
f 4009 9099 9091
f 9103 9091 9093
f 517 519 521
f 521 519 522
f 524 521 530
f 524 517 521
f 530 545 544
f 529 530 544
f 524 530 529
f 529 544 549
f 4028 3969 4114
f 4028 4114 4008
f 4028 4008 4006
f 4006 4008 4007
f 4006 4007 4004
f 4004 4007 4009
f 4004 4009 4011
f 4011 4009 4012
f 4013 4011 4012
f 4014 4011 4013
f 547 4013 539
f 547 4014 4013
f 538 539 523
f 538 547 539
f 523 522 519
f 523 519 538
f 9081 6694 9102
f 6695 9087 9102
f 6695 9102 6694
f 6715 6971 9087
f 6695 6715 9087
f 6698 6715 6695
f 6715 6700 6798
f 6698 6700 6715
f 6798 6708 6828
f 6700 6708 6798
f 6828 1338 1337
f 6708 1338 6828
f 1306 1315 1336
f 1337 1306 1336
f 1338 1306 1337
f 1265 1270 1315
f 1265 1315 1306
f 1269 1270 1265
f 9081 9102 9083
f 9081 9083 9082
f 9085 9102 9087
f 9083 9102 9085
f 9086 9085 6971
f 6971 9085 9087
f 1315 1316 1336
f 1316 1315 1271
f 1271 1315 1270
f 1237 1264 1307
f 1237 1307 1271
f 1269 1237 1271
f 1270 1269 1271
f 1242 1264 1237
f 6 9082 9083
f 9084 4 6
f 9083 9084 6
f 9085 9084 9083
f 9110 9084 9086
f 9086 9084 9085
f 1264 1299 1307
f 1296 1297 1298
f 1296 1298 1299
f 1242 1296 1299
f 1264 1242 1299
f 1295 1297 1296
f 9127 9128 9108
f 7 9104 9108
f 7 9108 9128
f 9104 7 4
f 9104 4 9084
f 9105 9104 9084
f 9106 9105 9084
f 9106 9084 9110
f 552 549 1297
f 1297 549 1298
f 1297 1295 546
f 1297 546 552
f 3966 9129 3968
f 3968 9129 9127
f 3968 9127 9108
f 3969 3968 9108
f 9109 3969 9108
f 9109 9108 9107
f 9107 9108 9104
f 9107 9104 9105
f 516 519 517
f 516 517 518
f 517 520 518
f 517 524 520
f 525 524 529
f 525 520 524
f 529 549 552
f 528 529 552
f 525 529 528
f 528 552 546
f 3967 3966 3968
f 3967 3968 3969
f 4028 3967 3969
f 4005 3967 4028
f 4002 4028 4006
f 4002 4005 4028
f 4001 4002 4003
f 4002 4004 4003
f 4002 4006 4004
f 4011 4053 4004
f 4004 4053 4003
f 4014 4029 4011
f 4011 4029 4053
f 547 555 4014
f 4014 555 4029
f 538 554 547
f 547 554 555
f 556 554 538
f 556 538 519
f 8312 556 519
f 516 8312 519
f 8312 516 518
f 4010 4001 4003
f 4010 4003 4053
f 4010 4053 4100
f 4100 4053 4029
f 4100 4029 4036
f 4036 4029 555
f 4036 555 558
f 558 555 554
f 558 554 8313
f 8313 554 556
f 6696 6675 6697
f 6842 6699 6697
f 6842 6697 6675
f 6702 6701 6699
f 6702 6699 6842
f 6703 6704 6701
f 6703 6701 6702
f 6707 1339 6704
f 6707 6704 6703
f 1311 1305 1339
f 1311 1339 6707
f 1290 1305 1311
f 9068 9072 9073
f 6692 9079 9073
f 6692 9073 9072
f 6694 9081 9079
f 6692 6694 9079
f 6693 6694 6692
f 6697 6695 6696
f 6695 6693 6696
f 6695 6694 6693
f 6695 6697 6698
f 6698 6697 6699
f 6698 6699 6700
f 6700 6699 6701
f 6700 6701 6708
f 6708 6701 6704
f 6708 6704 1338
f 1338 6704 1339
f 1338 1339 1306
f 1306 1339 1305
f 1290 1248 1305
f 1248 1306 1305
f 1248 1265 1306
f 1260 1238 1269
f 1265 1260 1269
f 1248 1260 1265
f 1235 1238 1260
f 9068 9073 9111
f 9068 9111 9070
f 9080 9073 9079
f 9111 9073 9080
f 9082 9080 9081
f 9081 9080 9079
f 1238 1237 1269
f 1236 1256 1242
f 1236 1242 1237
f 1235 1236 1237
f 1238 1235 1237
f 1255 1256 1236
f 9077 9070 9111
f 8 9078 9077
f 9111 8 9077
f 9080 8 9111
f 6 5 9082
f 5 9080 9082
f 5 8 9080
f 4 5 6
f 1256 1296 1242
f 1295 1296 1256
f 1255 1295 1256
f 563 1295 1255
f 9122 9121 9123
f 9076 9132 9123
f 9076 9123 9121
f 9075 9131 9132
f 9075 9132 9076
f 9131 9075 9078
f 9131 9078 8
f 9127 9131 8
f 9128 9127 8
f 9128 8 7
f 7 8 5
f 7 5 4
f 563 546 1295
f 531 546 563
f 9124 9122 9123
f 3965 3963 9124
f 9123 3965 9124
f 9132 3965 9123
f 3966 3965 9129
f 3965 9131 9129
f 3965 9132 9131
f 9129 9131 9127
f 548 518 520
f 548 520 553
f 520 526 553
f 520 525 526
f 527 525 528
f 527 526 525
f 528 546 531
f 528 531 527
f 3962 3963 3965
f 3962 3965 3966
f 3967 3962 3966
f 4115 3962 3967
f 4023 4115 4026
f 4115 4005 4026
f 4115 3967 4005
f 4002 4000 4005
f 4005 4000 4026
f 4001 4000 4002
f 8310 556 8312
f 518 548 8312
f 548 8310 8312
f 548 8311 8310
f 548 553 8314
f 548 8314 8311
f 3997 4023 4026
f 3997 4026 4000
f 3997 4000 3999
f 3999 4000 4001
f 4010 3999 4001
f 4030 3999 4010
f 4070 4030 4071
f 4030 4100 4071
f 4030 4010 4100
f 4036 4038 4100
f 4100 4038 4071
f 558 4037 4036
f 4036 4037 4038
f 8313 4054 558
f 558 4054 4037
f 556 8310 8313
f 8310 4054 8313
f 8310 8308 4054
f 8307 8310 8311
f 8308 8310 8307
f 8311 8314 8846
f 8311 8846 8307
f 4097 4070 4071
f 4097 4071 4038
f 4097 4038 4040
f 4039 4042 4040
f 4038 4039 4040
f 4037 4039 4038
f 4041 4037 4054
f 4039 4037 4041
f 8954 4054 8308
f 4041 4054 8954
f 8276 8308 8307
f 8954 8308 8276
f 8307 8846 8275
f 8307 8275 8276
f 5284 4042 4039
f 5284 4039 4041
f 5284 4041 5285
f 5660 5292 5285
f 4041 5660 5285
f 8954 5660 4041
f 8276 8274 8280
f 5660 8276 8280
f 8954 8276 5660
f 8274 8276 8275
f 5666 5292 5660
f 5666 5660 8280
f 6797 6726 6691
f 6687 6690 6691
f 6687 6691 6726
f 6648 6844 6690
f 6648 6690 6687
f 6675 6696 6844
f 6648 6675 6844
f 6647 6675 6648
f 6675 6649 6842
f 6647 6649 6675
f 6842 6972 6702
f 6649 6972 6842
f 6702 6705 6703
f 6972 6705 6702
f 6703 6706 6707
f 6705 6706 6703
f 6707 6902 1311
f 6706 6902 6707
f 1247 1246 1290
f 1311 1247 1290
f 6902 1247 1311
f 1241 1246 1247
f 9134 9066 9067
f 9067 9066 6797
f 9067 6797 6691
f 9068 9067 6691
f 9072 9068 6691
f 9072 6691 6692
f 6692 6691 6690
f 6692 6690 6693
f 6693 6690 6844
f 6693 6844 6696
f 1246 1248 1290
f 1241 1233 1246
f 1233 1248 1246
f 1233 1260 1248
f 1235 1260 1233
f 1235 1233 1231
f 9134 9067 9069
f 9134 9069 11
f 9070 9069 9068
f 9068 9069 9067
f 1231 1229 1235
f 1235 1229 1236
f 1255 1236 1229
f 1255 1229 1253
f 11 9069 9074
f 11 9074 9
f 9077 9071 9070
f 9071 9069 9070
f 9071 9074 9069
f 9078 9071 9077
f 562 563 1320
f 563 1253 1320
f 563 1255 1253
f 1321 562 1320
f 9133 9125 9119
f 9120 9118 9119
f 9120 9119 9125
f 9121 9122 9118
f 9120 9121 9118
f 12 9121 9120
f 9074 9076 9
f 9076 12 9
f 9076 9121 12
f 9076 9074 9075
f 9075 9074 9071
f 9075 9071 9078
f 557 532 562
f 532 563 562
f 532 531 563
f 557 562 1321
f 9116 9133 9119
f 9116 9119 9118
f 9116 9118 9117
f 3957 9117 3964
f 3964 9117 9124
f 9117 9118 9124
f 9118 9122 9124
f 3963 3964 9124
f 8315 553 526
f 8315 526 8316
f 526 533 8316
f 526 527 533
f 527 531 532
f 527 532 533
f 3958 3957 3964
f 3958 3964 3963
f 3962 3958 3963
f 3961 3958 3962
f 16 3962 4115
f 16 3961 3962
f 4115 4023 16
f 16 4023 14
f 9006 8314 8315
f 8315 8314 553
f 8315 8316 8318
f 8315 8318 9006
f 3993 14 4023
f 3993 4023 3997
f 3994 3997 3999
f 3994 3993 3997
f 4018 3994 4019
f 3994 4030 4019
f 3994 3999 4030
f 4070 4019 4030
f 8277 8846 9006
f 9006 8846 8314
f 9006 8318 8923
f 8843 9006 8923
f 8277 9006 8843
f 9023 8843 8923
f 4024 4018 4019
f 4068 4024 4069
f 4069 4024 4097
f 4024 4019 4097
f 4019 4070 4097
f 4040 4043 4097
f 4097 4043 4069
f 4042 4043 4040
f 8270 8275 8277
f 8277 8275 8846
f 8271 8277 8843
f 8270 8277 8271
f 8843 9023 8279
f 8843 8279 8271
f 5287 4068 4069
f 5286 5288 5287
f 4069 5286 5287
f 4043 5286 4069
f 5284 5283 4042
f 5283 4043 4042
f 5283 5286 4043
f 5285 5282 5284
f 5284 5282 5283
f 5292 5282 5285
f 8267 8280 8274
f 8275 8270 8274
f 8270 8267 8274
f 8270 8269 8267
f 8271 8278 8272
f 8269 8271 8272
f 8270 8271 8269
f 8278 8271 8279
f 5291 5288 5286
f 5543 5750 5291
f 5286 5543 5291
f 5283 5543 5286
f 5279 5283 5282
f 5543 5283 5279
f 5666 5280 5292
f 5280 5282 5292
f 5280 5279 5282
f 8280 8267 5666
f 8267 5280 5666
f 8267 8266 5280
f 8268 8267 8269
f 8266 8267 8268
f 8269 8272 8273
f 8269 8273 8268
f 19 5750 5543
f 5277 17 19
f 5543 5277 19
f 5279 5277 5543
f 5278 5279 5280
f 5277 5279 5278
f 8264 5280 8266
f 5278 5280 8264
f 8854 8266 8268
f 8264 8266 8854
f 8268 8273 8934
f 8268 8934 8854
f 17 5277 5274
f 17 5274 5281
f 5275 5277 5278
f 5274 5277 5275
f 8263 5278 8264
f 5275 5278 8263
f 8265 8264 8854
f 8263 8264 8265
f 8854 8934 8826
f 8854 8826 8265
f 5281 5274 5272
f 5281 5272 5638
f 5273 5274 5275
f 5272 5274 5273
f 5276 5275 8263
f 5273 5275 5276
f 8262 8263 8265
f 5276 8263 8262
f 8265 8826 8942
f 8265 8942 8262
f 5638 5272 5270
f 5638 5270 5305
f 5269 5272 5273
f 5270 5272 5269
f 5293 5273 5276
f 5269 5273 5293
f 8261 5276 8262
f 5293 5276 8261
f 8262 8942 8260
f 8262 8260 8261
f 5271 5305 5270
f 5267 5705 5271
f 5270 5267 5271
f 5269 5267 5270
f 5268 5269 5293
f 5267 5269 5268
f 8286 5293 8261
f 5268 5293 8286
f 8261 8260 8259
f 8261 8259 8286
f 5266 5705 5267
f 5040 5038 5266
f 5267 5040 5266
f 5268 5040 5267
f 8286 8282 8284
f 5040 8286 8284
f 5268 8286 5040
f 8282 8286 8259
f 5039 5038 5040
f 5039 5040 8284
f 22 6746 6744
f 6743 6737 6744
f 6743 6744 6746
f 6736 6731 6737
f 6736 6737 6743
f 6728 6729 6731
f 6728 6731 6736
f 6726 6797 6729
f 6728 6726 6729
f 6727 6726 6728
f 6726 6688 6687
f 6727 6688 6726
f 6687 6685 6648
f 6688 6685 6687
f 6648 6639 6647
f 6685 6639 6648
f 6647 6638 6649
f 6639 6638 6647
f 6649 6679 6972
f 6638 6679 6649
f 6972 6714 6705
f 6679 6714 6972
f 6705 6709 6706
f 6714 6709 6705
f 6706 6710 6902
f 6709 6710 6706
f 6902 1310 1247
f 6710 1310 6902
f 1240 1239 1241
f 1247 1240 1241
f 1310 1240 1247
f 1234 1239 1240
f 9044 20 9058
f 9058 20 22
f 6744 9058 22
f 9060 9058 6744
f 9061 6744 6737
f 9060 6744 9061
f 9062 6737 6731
f 9061 6737 9062
f 9134 9062 9066
f 9062 6729 9066
f 9062 6731 6729
f 9066 6729 6797
f 1239 1233 1241
f 1232 1230 1231
f 1232 1231 1233
f 1234 1232 1233
f 1239 1234 1233
f 1227 1230 1232
f 9044 9058 9057
f 9044 9057 9042
f 9059 9058 9060
f 9057 9058 9059
f 9064 9060 9061
f 9059 9060 9064
f 9063 9061 9062
f 9064 9061 9063
f 11 9063 9134
f 9134 9063 9062
f 1230 1229 1231
f 1228 1254 1253
f 1228 1253 1229
f 1227 1228 1229
f 1230 1227 1229
f 1252 1254 1228
f 9042 9057 9130
f 9042 9130 9038
f 9065 9057 9059
f 9130 9057 9065
f 13 9059 9064
f 9065 9059 13
f 10 9064 9063
f 13 9064 10
f 9 10 11
f 11 10 9063
f 1254 1320 1253
f 1321 1320 1254
f 1252 1321 1254
f 1342 1321 1252
f 9038 9130 9056
f 9038 9056 9036
f 9133 9056 9125
f 9056 9065 9125
f 9056 9130 9065
f 9125 9065 9120
f 9120 9065 13
f 9120 13 12
f 12 13 10
f 12 10 9
f 534 532 557
f 536 534 557
f 1321 536 557
f 1342 536 1321
f 9037 9036 9056
f 9037 9056 9133
f 9116 9037 9133
f 9115 9037 9116
f 3953 9115 3955
f 9115 9117 3955
f 9115 9116 9117
f 3957 3955 9117
f 540 8317 533
f 533 8317 8316
f 533 532 534
f 535 533 534
f 540 533 535
f 535 534 536
f 3952 3953 3955
f 3952 3955 3957
f 3958 3952 3957
f 3959 3952 3958
f 3960 3958 3961
f 3960 3959 3958
f 3983 3960 15
f 3960 16 15
f 3960 3961 16
f 14 15 16
f 8922 8318 8907
f 8318 8317 8907
f 8318 8316 8317
f 8924 8922 8907
f 3982 3983 15
f 3982 15 14
f 3993 3982 14
f 3991 3982 3993
f 4112 3991 3995
f 3991 3994 3995
f 3991 3993 3994
f 4018 3995 3994
f 8922 8923 8318
f 9023 8923 8922
f 8924 9023 8922
f 24 9023 8924
f 4064 4112 3995
f 4098 4064 4067
f 4067 4064 4024
f 4064 3995 4024
f 3995 4018 4024
f 4068 4067 4024
f 24 8279 9023
f 26 8279 24
f 5290 4098 4067
f 5563 5290 5289
f 5289 5290 5287
f 5290 4067 5287
f 4067 4068 5287
f 5288 5289 5287
f 8916 8272 8278
f 8912 8916 8278
f 8279 8912 8278
f 26 8912 8279
f 29 5563 5289
f 27 29 5560
f 5560 29 5291
f 29 5289 5291
f 5289 5288 5291
f 5750 5560 5291
f 9013 8273 8916
f 8916 8273 8272
f 8916 8912 8911
f 8916 8911 9013
f 27 5560 5436
f 27 5436 4970
f 19 18 5750
f 18 5560 5750
f 18 5436 5560
f 17 18 19
f 8825 8934 9013
f 9013 8934 8273
f 9013 8911 8950
f 9013 8950 8825
f 4970 5436 5232
f 4970 5232 4968
f 5644 5436 18
f 5232 5436 5644
f 5281 5644 17
f 17 5644 18
f 8788 8826 8825
f 8825 8826 8934
f 8825 8950 8285
f 8825 8285 8788
f 4964 4968 5232
f 4965 4962 4964
f 5232 4965 4964
f 5644 4965 5232
f 5638 4965 5281
f 5281 4965 5644
f 8281 8942 8788
f 8788 8942 8826
f 8788 8285 8251
f 8788 8251 8281
f 4962 4965 5029
f 4962 5029 4960
f 5305 5029 5638
f 5638 5029 4965
f 8256 8260 8281
f 8281 8260 8942
f 8281 8251 8252
f 8281 8252 8256
f 4960 5029 4967
f 4960 4967 4958
f 5271 5328 5305
f 5328 5029 5305
f 5328 4967 5029
f 5705 5328 5271
f 8257 8259 8256
f 8256 8259 8260
f 8256 8252 8254
f 8256 8254 8257
f 4958 4967 5072
f 4958 5072 4954
f 5034 4967 5328
f 5072 4967 5034
f 5266 5035 5705
f 5035 5328 5705
f 5035 5034 5328
f 5038 5035 5266
f 8283 8284 8282
f 8259 8257 8282
f 8257 8283 8282
f 8257 8787 8283
f 8257 8254 8258
f 8257 8258 8787
f 4954 5072 4951
f 4954 4951 4952
f 4953 5072 5034
f 4951 5072 4953
f 5033 5034 5035
f 4953 5034 5033
f 5039 5036 5038
f 5036 5035 5038
f 5036 5033 5035
f 8284 8283 5039
f 8283 5036 5039
f 8283 8287 5036
f 8291 8283 8787
f 8287 8283 8291
f 8787 8258 8747
f 8787 8747 8291
f 4950 4952 4951
f 4948 4947 4950
f 4951 4948 4950
f 4953 4948 4951
f 4955 4953 5033
f 4948 4953 4955
f 5037 5033 5036
f 4955 5033 5037
f 8288 5036 8287
f 5037 5036 8288
f 8291 8751 8814
f 8288 8291 8814
f 8287 8291 8288
f 8751 8291 8747
f 4947 4948 4933
f 4947 4933 4934
f 5050 4948 4955
f 4933 4948 5050
f 5659 4955 5037
f 5050 4955 5659
f 8289 5037 8288
f 5659 5037 8289
f 8288 8814 8294
f 8290 8288 8294
f 8289 8288 8290
f 8295 8290 8294
f 4934 4933 4900
f 4934 4900 5263
f 4922 4933 5050
f 4900 4933 4922
f 4944 5050 5659
f 4922 5050 4944
f 8304 5659 8289
f 4944 5659 8304
f 8292 8289 8290
f 8304 8289 8292
f 8290 8295 8293
f 8290 8293 8292
f 4863 5263 4900
f 4899 4861 4863
f 4900 4899 4863
f 4922 4899 4900
f 4941 4922 4944
f 4899 4922 4941
f 8493 4944 8304
f 4941 4944 8493
f 8961 8304 8292
f 8493 8304 8961
f 8292 8293 8305
f 8292 8305 8961
f 4861 4899 5645
f 4861 5645 4866
f 4942 4899 4941
f 5645 4899 4942
f 8490 4941 8493
f 4942 4941 8490
f 8492 8493 8961
f 8490 8493 8492
f 8961 8305 9009
f 8961 9009 8492
f 4866 5645 4920
f 4866 4920 5633
f 4921 5645 4942
f 4920 5645 4921
f 8490 8491 8489
f 4921 8490 8489
f 4942 8490 4921
f 8491 8490 8492
f 8491 8492 8496
f 8496 8492 9009
f 5633 4920 4917
f 5633 4917 4915
f 4918 4920 4921
f 4917 4920 4918
f 4921 8489 8488
f 4921 8488 4918
f 4916 4915 4917
f 4916 4917 4918
f 4916 4918 4919
f 4919 4918 8488
f 5348 5349 337
f 342 322 337
f 342 337 5349
f 301 322 342
f 5762 5343 5353
f 5344 5347 5353
f 5344 5353 5343
f 5346 507 5347
f 5346 5347 5344
f 507 5346 5348
f 337 507 5348
f 325 507 337
f 320 337 322
f 325 337 320
f 322 301 272
f 270 322 272
f 320 322 270
f 271 270 272
f 5762 5353 1159
f 5762 1159 1162
f 510 5353 5347
f 1159 5353 510
f 499 5347 507
f 510 5347 499
f 324 507 325
f 499 507 324
f 321 325 320
f 324 325 321
f 268 320 270
f 321 320 268
f 270 271 269
f 270 269 268
f 1156 1163 1147
f 1147 1163 1162
f 1159 1147 1162
f 1146 1147 1159
f 1165 1159 510
f 1146 1159 1165
f 498 510 499
f 1165 510 498
f 330 499 324
f 498 499 330
f 323 324 321
f 330 324 323
f 264 321 268
f 323 321 264
f 268 269 265
f 268 265 264
f 1154 1156 1147
f 1145 1155 1154
f 1147 1145 1154
f 1146 1145 1147
f 1144 1146 1165
f 1145 1146 1144
f 503 1165 498
f 1144 1165 503
f 341 498 330
f 503 498 341
f 327 330 323
f 341 330 327
f 326 323 264
f 327 323 326
f 264 265 262
f 263 264 262
f 326 264 263
f 261 263 262
f 1126 1157 1135
f 1135 1157 1155
f 1145 1135 1155
f 1122 1135 1145
f 1120 1145 1144
f 1122 1145 1120
f 508 1144 503
f 1120 1144 508
f 480 503 341
f 508 503 480
f 345 341 327
f 480 341 345
f 328 327 326
f 345 327 328
f 267 326 263
f 328 326 267
f 263 261 266
f 263 266 267
f 1127 1126 1135
f 1127 1135 1122
f 1127 1122 1121
f 1121 1122 1120
f 1121 1120 1118
f 1119 1116 1118
f 1120 1119 1118
f 508 1119 1120
f 511 508 480
f 1119 508 511
f 346 480 345
f 511 480 346
f 344 345 328
f 346 345 344
f 267 438 461
f 344 267 461
f 328 267 344
f 438 267 266
f 1116 1119 1020
f 1116 1020 1018
f 512 1119 511
f 1020 1119 512
f 502 511 346
f 512 511 502
f 344 494 506
f 502 344 506
f 346 344 502
f 494 344 461
f 929 1018 1020
f 929 1020 512
f 929 512 1010
f 1010 512 502
f 1010 502 513
f 513 502 506
f 6748 6791 6948
f 6928 6740 6948
f 6928 6948 6791
f 6937 6730 6740
f 6937 6740 6928
f 6916 6741 6730
f 6916 6730 6937
f 6931 6733 6741
f 6931 6741 6916
f 6629 6876 6733
f 6629 6733 6931
f 6600 6604 6876
f 6600 6876 6629
f 6601 6605 6604
f 6601 6604 6600
f 6627 6879 6605
f 6627 6605 6601
f 6915 6879 6627
f 9053 6977 9112
f 6773 21 9112
f 6773 9112 6977
f 6746 22 21
f 6773 6746 21
f 6747 6746 6773
f 6948 6743 6748
f 6743 6747 6748
f 6743 6746 6747
f 6743 6948 6736
f 6736 6948 6740
f 6736 6740 6728
f 6728 6740 6730
f 6728 6730 6727
f 6727 6730 6741
f 6727 6741 6688
f 6688 6741 6733
f 6688 6733 6685
f 6685 6733 6876
f 6685 6876 6639
f 6639 6876 6604
f 6639 6604 6638
f 6638 6604 6605
f 6638 6605 6679
f 6679 6605 6879
f 6915 6868 6879
f 6868 6679 6879
f 6868 6714 6679
f 6714 6712 6709
f 6868 6712 6714
f 6709 6711 6710
f 6712 6711 6709
f 6710 6713 1310
f 6711 6713 6710
f 1310 1261 1240
f 6713 1261 1310
f 1234 1240 1261
f 1234 1261 1266
f 9047 9050 9046
f 9046 9050 9053
f 9112 9046 9053
f 9055 9046 9112
f 9044 9055 20
f 9055 21 20
f 9055 9112 21
f 20 21 22
f 1266 1226 1234
f 1234 1226 1232
f 1227 1232 1226
f 1227 1226 1225
f 9047 9046 9045
f 9047 9045 9048
f 9043 9046 9055
f 9045 9046 9043
f 9042 9043 9044
f 9044 9043 9055
f 1225 1207 1227
f 1227 1207 1228
f 1252 1228 1207
f 1252 1207 1251
f 9126 9048 9045
f 9039 9040 9126
f 9045 9039 9126
f 9043 9039 9045
f 9038 9039 9042
f 9042 9039 9043
f 1344 1342 1343
f 1342 1251 1343
f 1342 1252 1251
f 1341 1344 1343
f 9040 9039 9035
f 9040 9035 9041
f 9036 9035 9038
f 9038 9035 9039
f 537 536 1344
f 1344 536 1342
f 1344 1341 8785
f 1344 8785 537
f 4049 9041 9035
f 4044 4049 4035
f 4035 4049 9037
f 4049 9035 9037
f 9035 9036 9037
f 9115 3954 9037
f 9037 3954 4035
f 3953 3954 9115
f 8319 8317 540
f 8319 540 9019
f 540 541 9019
f 540 535 541
f 535 536 537
f 542 535 537
f 541 535 542
f 542 537 8785
f 3956 4044 4035
f 3956 4035 3954
f 3956 3954 3951
f 3951 3954 3953
f 3952 3951 3953
f 3949 3951 3952
f 38 3952 3959
f 38 3949 3952
f 36 38 3998
f 38 3960 3998
f 38 3959 3960
f 3983 3998 3960
f 8319 8907 8317
f 9008 25 8924
f 9008 8924 8907
f 9019 9008 8907
f 8319 9019 8907
f 8245 25 9008
f 3980 36 3998
f 3980 3998 3983
f 3982 3980 3983
f 3981 3980 3982
f 3985 3981 3992
f 3981 3991 3992
f 3981 3982 3991
f 4112 3992 3991
f 23 24 25
f 25 24 8924
f 25 8245 8998
f 25 8998 23
f 3986 3985 3992
f 3989 3986 4016
f 4016 3986 4064
f 3986 3992 4064
f 3992 4112 4064
f 4098 4016 4064
f 9007 26 23
f 23 26 24
f 23 8998 8247
f 23 8247 9007
f 41 3989 4016
f 39 41 5073
f 5073 41 5290
f 41 4016 5290
f 4016 4098 5290
f 5563 5073 5290
f 8248 8912 9007
f 9007 8912 26
f 9007 8247 8217
f 9007 8217 8248
f 39 5073 4975
f 39 4975 4976
f 29 28 5563
f 28 5073 5563
f 28 4975 5073
f 27 28 29
f 8216 8911 8248
f 8248 8911 8912
f 8248 8217 8214
f 8248 8214 8216
f 4974 4976 4975
f 4972 4973 4974
f 4975 4972 4974
f 28 4972 4975
f 4970 4972 27
f 27 4972 28
f 8309 8950 8216
f 8216 8950 8911
f 8216 8214 8209
f 8216 8209 8309
f 4973 4972 4969
f 4973 4969 4977
f 4968 4969 4970
f 4970 4969 4972
f 8249 8285 8309
f 8309 8285 8950
f 8309 8209 8208
f 8309 8208 8249
f 4977 4969 5051
f 4977 5051 4988
f 4964 4963 4968
f 4963 4969 4968
f 4963 5051 4969
f 4962 4963 4964
f 8250 8251 8249
f 8249 8251 8285
f 8249 8208 8207
f 8249 8207 8250
f 4988 5051 4966
f 4988 4966 5681
f 4961 5051 4963
f 4966 5051 4961
f 4960 4961 4962
f 4962 4961 4963
f 8253 8252 8250
f 8250 8252 8251
f 8250 8207 8321
f 8250 8321 8253
f 5052 5681 4966
f 4959 4971 5052
f 4966 4959 5052
f 4961 4959 4966
f 4958 4959 4960
f 4960 4959 4961
f 8255 8254 8253
f 8253 8254 8252
f 8253 8321 9001
f 8253 9001 8255
f 4971 4959 4957
f 4971 4957 5027
f 4954 4957 4958
f 4958 4957 4959
f 8746 8258 8255
f 8255 8258 8254
f 8255 9001 8811
f 8255 8811 8746
f 5027 4957 4956
f 5027 4956 5426
f 4952 4956 4954
f 4954 4956 4957
f 8748 8747 8746
f 8746 8747 8258
f 8746 8811 8744
f 8746 8744 8748
f 5426 4956 5602
f 5426 5602 5717
f 4950 5074 4952
f 5074 4956 4952
f 5074 5602 4956
f 4947 5074 4950
f 8752 8814 8751
f 8750 8752 8751
f 8750 8751 8747
f 8749 8750 8747
f 8748 8749 8747
f 8749 8748 8744
f 5717 5602 5684
f 5717 5684 5632
f 4949 5602 5074
f 5684 5602 4949
f 4934 4949 4947
f 4947 4949 5074
f 8752 8294 8814
f 9005 8296 8295
f 9005 8295 8294
f 8750 9005 8294
f 8752 8750 8294
f 8303 8296 9005
f 5632 5684 4865
f 5632 4865 5617
f 4862 5684 4949
f 4865 5684 4862
f 5263 4862 4934
f 4934 4862 4949
f 8297 8293 8296
f 8296 8293 8295
f 8296 8303 8298
f 8296 8298 8297
f 4864 5617 4865
f 4858 4859 4864
f 4865 4858 4864
f 4862 4858 4865
f 4863 4860 5263
f 4860 4862 5263
f 4860 4858 4862
f 4861 4860 4863
f 8300 8305 8297
f 8297 8305 8293
f 8297 8298 8299
f 8297 8299 8300
f 4859 4858 4856
f 4859 4856 4869
f 4857 4858 4860
f 4856 4858 4857
f 4866 4857 4861
f 4861 4857 4860
f 31 9009 8300
f 8300 9009 8305
f 8300 8299 32
f 8300 32 31
f 4869 4856 4854
f 4869 4854 5806
f 4855 4856 4857
f 4854 4856 4855
f 5633 4855 4866
f 4866 4855 4857
f 8495 8489 8491
f 8496 9022 8491
f 8491 9022 8495
f 8503 9022 8496
f 8503 8496 9009
f 30 8503 9009
f 31 30 9009
f 30 31 32
f 5806 4854 4851
f 5806 4851 4852
f 4853 4854 4855
f 4851 4854 4853
f 4915 4853 5633
f 5633 4853 4855
f 8487 8488 8495
f 8495 8488 8489
f 8771 8495 9022
f 8487 8495 8771
f 9022 8503 8502
f 9022 8502 8771
f 4852 4851 4849
f 4852 4849 4870
f 4850 4851 4853
f 4849 4851 4850
f 4916 4868 4915
f 4868 4853 4915
f 4868 4850 4853
f 4919 4946 4916
f 4916 4946 4868
f 8488 8487 4919
f 8487 4946 4919
f 8487 8486 4946
f 8494 8487 8771
f 8486 8487 8494
f 8771 8502 8504
f 8771 8504 8494
f 4848 4870 4849
f 4845 4751 4848
f 4849 4845 4848
f 4850 4845 4849
f 4907 4850 4868
f 4845 4850 4907
f 5700 4868 4946
f 4907 4868 5700
f 8485 4946 8486
f 5700 4946 8485
f 8484 8486 8494
f 8485 8486 8484
f 8494 8504 8948
f 8494 8948 8484
f 4751 4845 4770
f 4751 4770 4748
f 4846 4845 4907
f 4770 4845 4846
f 8836 4907 5700
f 4846 4907 8836
f 8483 5700 8485
f 8836 5700 8483
f 8484 8500 8482
f 8483 8484 8482
f 8485 8484 8483
f 8500 8484 8948
f 4748 4770 5641
f 4748 5641 4749
f 4847 4770 4846
f 5641 4770 4847
f 8832 4846 8836
f 4847 4846 8832
f 8497 8836 8483
f 8832 8836 8497
f 8483 8482 8443
f 8483 8443 8497
f 4749 5641 5707
f 4749 5707 5630
f 5749 5641 4847
f 5707 5641 5749
f 8833 4847 8832
f 5749 4847 8833
f 8831 8832 8497
f 8833 8832 8831
f 8497 8443 8444
f 8497 8444 8831
f 4740 5630 5707
f 4740 5707 5749
f 4740 5749 4753
f 5655 4739 4753
f 5749 5655 4753
f 8833 5655 5749
f 8831 8840 8465
f 5655 8831 8465
f 8833 8831 5655
f 8840 8831 8444
f 4739 5655 5677
f 4739 5677 4752
f 5655 8465 8464
f 5655 8464 5677
f 5674 4752 5677
f 5674 5677 8464
f 5746 5370 5350
f 5368 5369 5350
f 5368 5350 5370
f 336 256 5369
f 336 5369 5368
f 257 256 336
f 33 34 35
f 5619 5342 35
f 5619 35 34
f 5351 5345 5342
f 5351 5342 5619
f 5352 5380 5345
f 5352 5345 5351
f 5380 5352 5746
f 5380 5746 5350
f 5348 5380 5350
f 5349 5348 5350
f 5349 5350 342
f 342 5350 5369
f 342 5369 301
f 5369 273 301
f 5369 256 273
f 256 257 255
f 250 256 255
f 273 256 250
f 252 250 255
f 5339 5337 5338
f 5338 5337 33
f 35 5338 33
f 5341 5338 35
f 5762 5341 5343
f 5341 5342 5343
f 5341 35 5342
f 5343 5342 5344
f 5344 5342 5345
f 5344 5345 5346
f 5346 5345 5380
f 5346 5380 5348
f 273 272 301
f 272 273 271
f 273 245 271
f 273 250 245
f 250 252 248
f 250 248 245
f 1151 5332 1161
f 1161 5332 5339
f 5338 1161 5339
f 1166 1161 5338
f 1164 5338 5341
f 1166 5338 1164
f 1162 1164 5762
f 5762 1164 5341
f 241 269 245
f 245 269 271
f 245 248 247
f 242 245 247
f 241 245 242
f 249 242 247
f 1151 1161 1108
f 1151 1108 1107
f 1158 1161 1166
f 1108 1161 1158
f 1156 1158 1163
f 1158 1164 1163
f 1158 1166 1164
f 1163 1164 1162
f 244 265 241
f 241 265 269
f 240 241 242
f 244 241 240
f 242 249 243
f 242 243 240
f 1102 1107 1108
f 1106 1081 1102
f 1108 1106 1102
f 1158 1106 1108
f 1154 1152 1156
f 1152 1158 1156
f 1152 1106 1158
f 1155 1152 1154
f 244 262 265
f 262 244 261
f 244 246 261
f 244 240 246
f 240 243 258
f 240 258 246
f 1081 1106 1043
f 1081 1043 1128
f 1126 1043 1157
f 1043 1152 1157
f 1043 1106 1152
f 1157 1152 1155
f 367 266 246
f 246 266 261
f 246 258 366
f 246 366 367
f 1128 1043 1024
f 1128 1024 1033
f 1127 1019 1126
f 1019 1043 1126
f 1019 1024 1043
f 1121 1029 1127
f 1127 1029 1019
f 1118 1117 1121
f 1121 1117 1029
f 1116 1117 1118
f 484 461 438
f 479 484 438
f 479 438 266
f 470 479 266
f 367 470 266
f 470 367 366
f 1023 1033 1024
f 1023 1024 1019
f 1023 1019 931
f 925 924 931
f 1019 925 931
f 1029 925 1019
f 926 1029 1117
f 925 1029 926
f 1018 926 1116
f 1116 926 1117
f 495 506 494
f 486 495 494
f 486 494 461
f 485 486 461
f 484 485 461
f 485 484 479
f 922 924 925
f 922 925 926
f 922 926 923
f 923 926 1018
f 929 923 1018
f 928 923 929
f 961 929 1010
f 961 928 929
f 1009 1010 513
f 1009 961 1010
f 513 506 495
f 514 513 495
f 1009 513 514
f 514 495 486
f 6753 6752 6750
f 6751 6749 6750
f 6751 6750 6752
f 6791 6748 6749
f 6751 6791 6749
f 6933 6791 6751
f 6791 6814 6928
f 6933 6814 6791
f 6928 6815 6937
f 6814 6815 6928
f 6937 6885 6916
f 6815 6885 6937
f 6916 6968 6931
f 6885 6968 6916
f 6931 6603 6629
f 6968 6603 6931
f 6629 6598 6600
f 6603 6598 6629
f 6600 6599 6601
f 6598 6599 6600
f 6601 6602 6627
f 6599 6602 6601
f 6915 6627 6602
f 6915 6602 6799
f 6922 6920 9051
f 6977 9053 9051
f 6920 6977 9051
f 6940 6977 6920
f 6750 6773 6753
f 6773 6940 6753
f 6773 6977 6940
f 6773 6750 6747
f 6747 6750 6749
f 6747 6749 6748
f 6799 6745 6915
f 6915 6745 6868
f 6868 6963 6712
f 6745 6963 6868
f 6712 6723 6711
f 6963 6723 6712
f 6711 6716 6713
f 6723 6716 6711
f 6713 1325 1261
f 6716 1325 6713
f 1259 1258 1266
f 1261 1259 1266
f 1325 1259 1261
f 1183 1258 1259
f 7765 6924 9054
f 9054 6924 6922
f 9054 6922 9051
f 9047 9054 9051
f 9050 9047 9051
f 9050 9051 9053
f 1258 1226 1266
f 1182 1206 1225
f 1182 1225 1226
f 1183 1182 1226
f 1258 1183 1226
f 1204 1206 1182
f 7765 9054 9049
f 7765 9049 7766
f 9048 9049 9047
f 9047 9049 9054
f 1206 1207 1225
f 1208 1250 1251
f 1208 1251 1207
f 1204 1208 1207
f 1206 1204 1207
f 1218 1250 1208
f 7766 9049 9113
f 7766 9113 9114
f 9126 9052 9048
f 9052 9049 9048
f 9052 9113 9049
f 9040 9052 9126
f 1250 1343 1251
f 1341 1343 1250
f 1218 1341 1250
f 8240 1341 1218
f 9114 9113 4061
f 9114 4061 4060
f 4050 9113 9052
f 4061 9113 4050
f 9041 4050 9040
f 9040 4050 9052
f 8240 8785 1341
f 8242 8785 8240
f 4051 4060 4061
f 4051 4061 4050
f 4051 4050 4047
f 4046 4047 4045
f 4045 4047 4049
f 4047 4050 4049
f 4050 9041 4049
f 4044 4045 4049
f 560 9019 541
f 542 559 541
f 541 559 560
f 561 559 542
f 8785 561 542
f 8242 561 8785
f 4033 4046 4045
f 4033 4045 4044
f 3956 4033 4044
f 4032 4033 3956
f 3948 3956 3951
f 3948 4032 3956
f 4027 3948 3950
f 3948 3949 3950
f 3948 3951 3949
f 38 37 3949
f 3949 37 3950
f 36 37 38
f 560 9008 9019
f 9008 560 8245
f 560 8230 8245
f 560 559 8230
f 559 561 8231
f 559 8231 8230
f 3970 4027 3950
f 3970 3950 37
f 3970 37 3971
f 3971 37 36
f 3980 3971 36
f 3979 3971 3980
f 4020 3979 3984
f 3979 3981 3984
f 3979 3980 3981
f 3985 3984 3981
f 8229 8228 8230
f 8228 8245 8230
f 8228 8998 8245
f 8229 8230 8231
f 3987 4020 3984
f 3990 3987 3988
f 3988 3987 3986
f 3987 3984 3986
f 3984 3985 3986
f 3989 3988 3986
f 8228 8247 8998
f 8218 8247 8228
f 3990 3988 5323
f 3990 5323 5020
f 41 40 3989
f 40 3988 3989
f 40 5323 3988
f 39 40 41
f 8218 8217 8247
f 8215 8217 8218
f 5014 5020 5323
f 5611 5257 5014
f 5323 5611 5014
f 40 5611 5323
f 4976 5611 39
f 39 5611 40
f 8215 8214 8217
f 8212 8214 8215
f 5257 5611 4982
f 5257 4982 4983
f 4974 5045 4976
f 5045 5611 4976
f 5045 4982 5611
f 4973 5045 4974
f 8210 8209 8211
f 8209 8212 8211
f 8209 8214 8212
f 8917 8210 8211
f 4981 4983 4982
f 4978 4980 4981
f 4982 4978 4981
f 5045 4978 4982
f 4977 4978 4973
f 4973 4978 5045
f 8306 8206 8210
f 8206 8209 8210
f 8206 8208 8209
f 8306 8210 8917
f 4980 4978 4979
f 4980 4979 4989
f 4988 4979 4977
f 4977 4979 4978
f 8206 8207 8208
f 8204 8207 8206
f 4989 4979 5043
f 4989 5043 5532
f 5681 5043 4988
f 4988 5043 4979
f 8200 8321 8202
f 8321 8204 8202
f 8321 8207 8204
f 8201 8200 8202
f 5532 5043 5316
f 5532 5316 5315
f 5052 5509 5681
f 5509 5043 5681
f 5509 5316 5043
f 4971 5509 5052
f 8199 9001 8200
f 8200 9001 8321
f 8200 8201 8198
f 8200 8198 8199
f 5314 5315 5316
f 5530 5312 5314
f 5316 5530 5314
f 5509 5530 5316
f 5027 5530 4971
f 4971 5530 5509
f 8323 8811 8199
f 8199 8811 9001
f 8199 8198 8197
f 8199 8197 8323
f 5312 5530 5079
f 5312 5079 5067
f 5426 5079 5027
f 5027 5079 5530
f 8742 8744 8323
f 8323 8744 8811
f 8323 8197 8322
f 8323 8322 8742
f 5067 5079 5078
f 5067 5078 5063
f 5717 5078 5426
f 5426 5078 5079
f 8753 8750 8749
f 8767 8753 8749
f 8767 8749 8744
f 8743 8767 8744
f 8742 8743 8744
f 8743 8742 8322
f 5063 5078 5244
f 5063 5244 5064
f 5632 5244 5717
f 5717 5244 5078
f 8753 9005 8750
f 9024 8302 8303
f 9024 8303 9005
f 8767 9024 9005
f 8753 8767 9005
f 9025 8302 9024
f 5064 5244 5803
f 5064 5803 5417
f 5617 5803 5632
f 5632 5803 5244
f 8301 8298 8302
f 8302 8298 8303
f 8302 9025 9026
f 8302 9026 8301
f 5417 5803 5757
f 5417 5757 5122
f 4864 4867 5617
f 4867 5803 5617
f 4867 5757 5803
f 4859 4867 4864
f 44 43 8301
f 43 8298 8301
f 43 8299 8298
f 44 8301 9026
f 5122 5757 5125
f 5122 5125 5118
f 5568 5757 4867
f 5125 5757 5568
f 4869 5568 4859
f 4859 5568 4867
f 43 32 8299
f 9027 32 43
f 5118 5125 5121
f 5118 5121 5119
f 5780 5125 5568
f 5121 5125 5780
f 5806 5780 4869
f 4869 5780 5568
f 8431 8503 30
f 8429 8431 30
f 32 8429 30
f 9027 8429 32
f 5226 5119 5121
f 5432 5790 5226
f 5121 5432 5226
f 5780 5432 5121
f 4852 5432 5806
f 5806 5432 5780
f 8432 8502 8431
f 8431 8502 8503
f 8431 8429 8430
f 8431 8430 8432
f 5790 5432 5324
f 5790 5324 5802
f 4870 5324 4852
f 4852 5324 5432
f 8434 8504 8432
f 8432 8504 8502
f 8432 8430 8433
f 8432 8433 8434
f 5802 5324 4755
f 5802 4755 5691
f 4848 5434 4870
f 5434 5324 4870
f 5434 4755 5324
f 4751 5434 4848
f 8437 8948 8434
f 8434 8948 8504
f 8434 8433 8435
f 8434 8435 8437
f 5691 4755 4746
f 5691 4746 4757
f 4747 4755 5434
f 4746 4755 4747
f 4748 4747 4751
f 4751 4747 5434
f 8440 8482 8500
f 8948 8437 8500
f 8437 8440 8500
f 8437 8439 8440
f 8437 8435 8438
f 8437 8438 8439
f 4757 4746 4744
f 4757 4744 4756
f 4745 4746 4747
f 4744 4746 4745
f 4749 4745 4748
f 4748 4745 4747
f 8442 8443 8440
f 8440 8443 8482
f 8441 8440 8439
f 8442 8440 8441
f 8439 8438 8499
f 8439 8499 8441
f 4756 4744 4743
f 4756 4743 5642
f 4742 4744 4745
f 4743 4744 4742
f 5630 4742 4749
f 4749 4742 4745
f 8498 8444 8442
f 8442 8444 8443
f 8445 8442 8441
f 8498 8442 8445
f 8441 8499 8446
f 8441 8446 8445
f 5642 4743 4754
f 5642 4754 5550
f 4737 4743 4742
f 4754 4743 4737
f 4740 4736 5630
f 4736 4742 5630
f 4736 4737 4742
f 4753 4738 4740
f 4740 4738 4736
f 4739 4738 4753
f 8466 8465 8840
f 8444 8498 8840
f 8498 8466 8840
f 8498 8943 8466
f 8445 8447 8478
f 8943 8445 8478
f 8498 8445 8943
f 8447 8445 8446
f 5608 5550 4754
f 4741 5547 5608
f 4754 4741 5608
f 4737 4741 4754
f 4735 4737 4736
f 4741 4737 4735
f 4734 4736 4738
f 4735 4736 4734
f 4752 4734 4739
f 4739 4734 4738
f 8463 8464 8466
f 8466 8464 8465
f 8668 8466 8943
f 8463 8466 8668
f 8943 8478 8451
f 8457 8943 8451
f 8668 8943 8457
f 8450 8457 8451
f 5547 4741 5703
f 5547 5703 5548
f 4750 4741 4735
f 5703 4741 4750
f 4732 4735 4734
f 4750 4735 4732
f 5674 4733 4752
f 4733 4734 4752
f 4733 4732 4734
f 8464 8463 5674
f 8463 4733 5674
f 8463 8462 4733
f 8461 8463 8668
f 8462 8463 8461
f 8458 8668 8457
f 8461 8668 8458
f 8457 8450 8455
f 8457 8455 8458
f 5548 5703 5765
f 5548 5765 5620
f 4731 5703 4750
f 5765 5703 4731
f 4730 4750 4732
f 4731 4750 4730
f 478 4732 4733
f 4730 4732 478
f 474 4733 8462
f 478 4733 474
f 473 8462 8461
f 474 8462 473
f 8460 8461 8458
f 473 8461 8460
f 8458 8455 8459
f 8458 8459 8460
f 5620 5765 5730
f 5620 5730 4657
f 4764 5765 4731
f 5730 5765 4764
f 4729 4731 4730
f 4764 4731 4729
f 477 4730 478
f 4729 4730 477
f 472 478 474
f 477 478 472
f 471 474 473
f 472 474 471
f 457 473 8460
f 471 473 457
f 8460 8459 440
f 8460 440 457
f 4657 5730 4658
f 4657 4658 4646
f 4727 5730 4764
f 4658 5730 4727
f 4728 4764 4729
f 4727 4764 4728
f 467 4729 477
f 4728 4729 467
f 451 477 472
f 467 477 451
f 452 472 471
f 451 472 452
f 457 429 456
f 452 457 456
f 471 457 452
f 429 457 440
f 5042 4646 4658
f 4656 4640 5042
f 4658 4656 5042
f 4727 4656 4658
f 501 4727 4728
f 4656 4727 501
f 466 4728 467
f 501 4728 466
f 446 467 451
f 466 467 446
f 443 451 452
f 446 451 443
f 452 456 442
f 452 442 443
f 4640 4656 4641
f 4640 4641 4639
f 500 4656 501
f 4641 4656 500
f 465 501 466
f 500 501 465
f 445 466 446
f 465 466 445
f 443 441 444
f 445 443 444
f 446 443 445
f 441 443 442
f 4642 4639 4641
f 5326 5311 4642
f 4641 5326 4642
f 500 5326 4641
f 489 500 465
f 5326 500 489
f 448 465 445
f 489 465 448
f 445 444 447
f 445 447 448
f 5419 5311 5326
f 5420 5421 5419
f 5326 5420 5419
f 489 5420 5326
f 450 489 448
f 5420 489 450
f 448 447 449
f 448 449 450
f 50 5421 5420
f 454 48 50
f 5420 454 50
f 450 454 5420
f 450 449 453
f 450 453 454
f 455 48 454
f 455 454 453
f 5359 5361 5360
f 5362 5366 5360
f 5362 5360 5361
f 339 298 5366
f 339 5366 5362
f 297 296 298
f 297 298 339
f 295 296 297
f 57 5365 5371
f 5357 5354 5371
f 5357 5371 5365
f 5356 5355 5354
f 5356 5354 5357
f 5355 5356 5359
f 5355 5359 5360
f 5746 5355 5360
f 5370 5746 5360
f 5370 5360 5368
f 5368 5360 5366
f 5368 5366 336
f 336 5366 298
f 336 298 257
f 298 277 257
f 298 296 277
f 296 295 281
f 278 296 281
f 277 296 278
f 280 278 281
f 5334 5335 5333
f 5340 5336 5333
f 5340 5333 5335
f 34 33 5336
f 5340 34 5336
f 55 34 5340
f 5371 5619 57
f 5619 55 57
f 5619 34 55
f 5619 5371 5351
f 5351 5371 5354
f 5351 5354 5352
f 5352 5354 5355
f 5352 5355 5746
f 277 255 257
f 255 277 252
f 277 259 252
f 277 278 259
f 278 280 279
f 260 278 279
f 259 278 260
f 276 260 279
f 5329 5389 5330
f 5330 5389 5334
f 5333 5330 5334
f 5331 5330 5333
f 5339 5331 5337
f 5331 5336 5337
f 5331 5333 5336
f 5337 5336 33
f 253 248 259
f 259 248 252
f 254 259 260
f 253 259 254
f 260 276 274
f 260 274 254
f 1124 5248 1125
f 1125 5248 5329
f 5330 1125 5329
f 1150 1125 5330
f 1151 1150 5332
f 1150 5331 5332
f 1150 5330 5331
f 5332 5331 5339
f 253 247 248
f 247 253 249
f 253 251 249
f 253 254 251
f 254 274 275
f 254 275 251
f 1123 1124 1125
f 1103 1104 1123
f 1125 1103 1123
f 1150 1103 1125
f 1107 1103 1151
f 1151 1103 1150
f 7954 243 251
f 251 243 249
f 251 275 7957
f 251 7957 7954
f 63 1104 1103
f 61 63 1080
f 1080 63 1102
f 63 1103 1102
f 1103 1107 1102
f 1081 1080 1102
f 7953 258 7954
f 7954 258 243
f 7954 7957 7952
f 7954 7952 7953
f 61 1080 1079
f 61 1079 1078
f 1128 1079 1081
f 1081 1079 1080
f 7955 366 7953
f 7953 366 258
f 7953 7952 7951
f 7953 7951 7955
f 1044 1078 1079
f 1079 1128 1044
f 1128 1040 1044
f 1128 1033 1040
f 8984 479 470
f 8857 8984 470
f 8857 470 366
f 7956 8857 366
f 7955 7956 366
f 7956 7955 7951
f 1022 1040 1033
f 1022 1033 1023
f 935 1022 940
f 1022 931 940
f 1022 1023 931
f 924 940 931
f 487 486 485
f 65 487 485
f 65 485 479
f 66 65 479
f 8984 66 479
f 66 8984 8857
f 913 935 940
f 913 940 924
f 922 913 924
f 914 913 922
f 915 914 918
f 914 923 918
f 914 922 923
f 928 927 923
f 923 927 918
f 961 960 928
f 928 960 927
f 1009 1005 961
f 961 1005 960
f 514 1027 1009
f 1009 1027 1005
f 515 1027 514
f 515 514 486
f 509 515 486
f 487 509 486
f 509 487 65
f 930 915 918
f 930 918 927
f 930 927 932
f 932 927 960
f 932 960 956
f 956 960 1005
f 956 1005 1012
f 1012 1005 1027
f 1012 1027 1030
f 1030 1027 515
f 6973 6768 6765
f 6752 6753 6765
f 6768 6752 6765
f 6755 6752 6768
f 6752 6754 6751
f 6755 6754 6752
f 6751 6796 6933
f 6754 6796 6751
f 6933 6812 6814
f 6796 6812 6933
f 6814 6811 6815
f 6812 6811 6814
f 6815 6813 6885
f 6811 6813 6815
f 6885 6861 6968
f 6813 6861 6885
f 6968 6789 6603
f 6861 6789 6968
f 6603 6597 6598
f 6789 6597 6603
f 6598 6594 6599
f 6597 6594 6598
f 6599 6672 6602
f 6594 6672 6599
f 6596 6626 6799
f 6602 6596 6799
f 6672 6596 6602
f 6623 6626 6596
f 6923 6918 6921
f 6920 6922 6921
f 6918 6920 6921
f 6919 6920 6918
f 6765 6940 6973
f 6940 6919 6973
f 6940 6920 6919
f 6940 6765 6753
f 6626 6745 6799
f 6623 6625 6626
f 6625 6745 6626
f 6625 6963 6745
f 6963 6721 6723
f 6625 6721 6963
f 6723 6718 6716
f 6721 6718 6723
f 6716 6717 1325
f 6718 6717 6716
f 1325 1272 1259
f 6717 1272 1325
f 1183 1259 1272
f 1183 1272 1273
f 7761 7762 7763
f 7763 7762 6923
f 7763 6923 6921
f 7765 7763 6921
f 6924 7765 6921
f 6924 6921 6922
f 1273 1180 1183
f 1183 1180 1182
f 1181 1205 1204
f 1182 1181 1204
f 1180 1181 1182
f 1203 1205 1181
f 7761 7763 7764
f 7761 7764 7760
f 7766 7764 7765
f 7765 7764 7763
f 1205 1208 1204
f 1218 1208 1205
f 1203 1218 1205
f 69 1218 1203
f 7760 7764 7783
f 7760 7783 7021
f 9114 7783 7766
f 7766 7783 7764
f 8238 8240 68
f 8240 69 68
f 8240 1218 69
f 8239 8238 68
f 7021 7783 4059
f 7021 4059 7012
f 4060 4059 9114
f 9114 4059 7783
f 8233 8242 8238
f 8238 8242 8240
f 8238 8239 8237
f 8238 8237 8233
f 4056 7012 4059
f 4057 4056 4055
f 4055 4056 4051
f 4056 4059 4051
f 4059 4060 4051
f 4047 4048 4051
f 4051 4048 4055
f 4046 4048 4047
f 8232 561 8233
f 8233 561 8242
f 8233 8237 8234
f 8233 8234 8232
f 4096 4057 4055
f 4096 4055 4048
f 4096 4048 4052
f 4052 4048 4046
f 4033 4052 4046
f 4065 4052 4033
f 4034 4033 4032
f 4034 4065 4033
f 4099 4034 4066
f 4034 3948 4066
f 4034 4032 3948
f 4027 4066 3948
f 8246 8231 8232
f 8232 8231 561
f 8232 8234 8235
f 8232 8235 8246
f 3974 4099 4066
f 3974 4066 4027
f 3970 3974 4027
f 3972 3974 3970
f 3975 3972 3973
f 3972 3971 3973
f 3972 3970 3971
f 3979 3977 3971
f 3971 3977 3973
f 4020 3977 3979
f 8220 8228 8229
f 8231 8246 8229
f 8246 8220 8229
f 8246 8221 8220
f 8246 8235 8225
f 8246 8225 8221
f 4021 3975 3973
f 4021 3973 3977
f 4021 3977 4017
f 4022 4017 3996
f 3996 4017 3987
f 4017 3977 3987
f 3977 4020 3987
f 3990 3996 3987
f 8219 8218 8220
f 8220 8218 8228
f 8221 8223 8222
f 8219 8221 8222
f 8220 8221 8219
f 8223 8221 8225
f 4022 3996 5018
f 4022 5018 5019
f 5020 5018 3990
f 3990 5018 3996
f 8938 8215 8219
f 8219 8215 8218
f 8219 8222 8227
f 8219 8227 8938
f 4995 5019 5018
f 4990 4995 4994
f 4994 4995 5014
f 4995 5018 5014
f 5018 5020 5014
f 5257 4994 5014
f 8213 8212 8938
f 8938 8212 8215
f 8938 8227 8918
f 8938 8918 8213
f 4990 4994 4985
f 4990 4985 4987
f 4983 4985 5257
f 5257 4985 4994
f 8213 8211 8212
f 8917 8211 8213
f 8918 8917 8213
f 8919 8917 8918
f 4987 4985 4986
f 4987 4986 5255
f 4981 4984 4983
f 4984 4985 4983
f 4984 4986 4985
f 4980 4984 4981
f 8205 8206 8306
f 8992 8205 8306
f 8917 8992 8306
f 8919 8992 8917
f 5026 5255 4986
f 5310 5021 5026
f 4986 5310 5026
f 4984 5310 4986
f 4989 5310 4980
f 4980 5310 4984
f 8203 8204 8205
f 8205 8204 8206
f 8205 8992 8320
f 8205 8320 8203
f 5021 5310 5025
f 5021 5025 5022
f 5532 5025 4989
f 4989 5025 5310
f 8203 8202 8204
f 8201 8202 8203
f 8320 8201 8203
f 8945 8201 8320
f 5022 5025 5044
f 5022 5044 5032
f 5315 5044 5532
f 5532 5044 5025
f 8945 8198 8201
f 8195 8198 8945
f 5032 5044 5653
f 5032 5653 5053
f 5314 5313 5315
f 5313 5044 5315
f 5313 5653 5044
f 5312 5313 5314
f 8195 8197 8198
f 8196 8197 8195
f 5053 5653 5264
f 5053 5264 5055
f 5068 5653 5313
f 5264 5653 5068
f 5067 5068 5312
f 5312 5068 5313
f 8196 8322 8197
f 8374 8322 8196
f 5055 5264 5058
f 5055 5058 5057
f 5062 5264 5068
f 5058 5264 5062
f 5063 5062 5067
f 5067 5062 5068
f 8914 8767 8743
f 9021 8914 8743
f 8322 9021 8743
f 8374 9021 8322
f 5057 5058 5059
f 5057 5059 5070
f 5061 5058 5062
f 5059 5058 5061
f 5064 5061 5063
f 5063 5061 5062
f 8914 9024 8767
f 9025 9024 8914
f 9021 9025 8914
f 8738 9025 9021
f 5777 5070 5059
f 5076 5793 5777
f 5059 5076 5777
f 5061 5076 5059
f 5417 5076 5064
f 5064 5076 5061
f 8738 9026 9025
f 8158 9026 8738
f 5126 5127 5124
f 5124 5127 5793
f 5076 5124 5793
f 5123 5124 5076
f 5122 5123 5417
f 5417 5123 5076
f 42 43 44
f 8156 42 44
f 9026 8156 44
f 8158 8156 9026
f 5215 5126 5124
f 5117 5112 5215
f 5124 5117 5215
f 5123 5117 5124
f 5118 5117 5122
f 5122 5117 5123
f 8427 9027 42
f 42 9027 43
f 42 8156 8154
f 42 8154 8427
f 5112 5117 5116
f 5112 5116 5113
f 5119 5116 5118
f 5118 5116 5117
f 8428 8429 8427
f 8427 8429 9027
f 8427 8154 8153
f 8427 8153 8428
f 5113 5116 5213
f 5113 5213 5115
f 5226 5120 5119
f 5120 5116 5119
f 5120 5213 5116
f 5790 5120 5226
f 8505 8430 8428
f 8428 8430 8429
f 8428 8153 8928
f 8428 8928 8505
f 5751 5115 5213
f 5625 5488 5751
f 5213 5625 5751
f 5120 5625 5213
f 5802 5625 5790
f 5790 5625 5120
f 8436 8433 8505
f 8505 8433 8430
f 8505 8928 8973
f 8505 8973 8436
f 5488 5625 5321
f 5488 5321 4902
f 5691 5321 5802
f 5802 5321 5625
f 8501 8435 8436
f 8436 8435 8433
f 8436 8973 8991
f 8436 8991 8501
f 4902 5321 5320
f 4902 5320 4721
f 4757 5320 5691
f 5691 5320 5321
f 8971 8438 8501
f 8501 8438 8435
f 8501 8991 8996
f 8501 8996 8971
f 4721 5320 5551
f 4721 5551 4712
f 4756 5551 4757
f 4757 5551 5320
f 46 8499 8971
f 8971 8499 8438
f 8971 8996 47
f 8971 47 46
f 4712 5551 4806
f 4712 4806 4710
f 5642 4806 4756
f 4756 4806 5551
f 45 8452 46
f 8452 8499 46
f 8452 8446 8499
f 45 46 47
f 4710 4806 4716
f 4710 4716 4709
f 5550 4716 5642
f 5642 4716 4806
f 8449 8478 8447
f 8448 8449 8447
f 8446 8448 8447
f 8452 8448 8446
f 4709 4716 4808
f 4709 4808 4717
f 5608 5545 5550
f 5545 4716 5550
f 5545 4808 4716
f 5547 5545 5608
f 8449 8451 8478
f 8450 8451 8449
f 8448 8450 8449
f 8453 8450 8448
f 4717 4808 5621
f 4717 5621 5679
f 5546 4808 5545
f 5621 4808 5546
f 5548 5546 5547
f 5547 5546 5545
f 8479 8455 8456
f 8455 8453 8456
f 8455 8450 8453
f 8474 8479 8456
f 5679 5621 5622
f 5679 5622 5733
f 5549 5621 5546
f 5622 5621 5549
f 5620 5549 5548
f 5548 5549 5546
f 8467 8459 8479
f 8479 8459 8455
f 8479 8474 8470
f 8479 8470 8467
f 5724 5733 5622
f 5533 4654 5724
f 5622 5533 5724
f 5549 5533 5622
f 4657 5533 5620
f 5620 5533 5549
f 8468 440 8467
f 8467 440 8459
f 8467 8470 8469
f 8467 8469 8468
f 4654 5533 4645
f 4654 4645 4647
f 4646 4645 4657
f 4657 4645 5533
f 423 456 429
f 422 423 429
f 422 429 440
f 9032 422 440
f 8468 9032 440
f 9032 8468 8469
f 4647 4645 4644
f 4647 4644 4648
f 5042 4643 4646
f 4643 4645 4646
f 4643 4644 4645
f 4640 4643 5042
f 420 442 423
f 423 442 456
f 423 422 419
f 423 419 420
f 4655 4648 4644
f 4637 4634 4655
f 4644 4637 4655
f 4643 4637 4644
f 4639 4637 4640
f 4640 4637 4643
f 439 444 441
f 442 420 441
f 420 439 441
f 420 415 439
f 420 419 416
f 420 416 415
f 4634 4637 4636
f 4634 4636 4635
f 4642 4638 4639
f 4638 4637 4639
f 4638 4636 4637
f 5311 4638 4642
f 425 447 439
f 439 447 444
f 413 439 415
f 425 439 413
f 415 416 414
f 415 414 413
f 4635 4636 5716
f 4635 5716 4819
f 5784 4636 4638
f 5716 4636 5784
f 5419 5656 5311
f 5656 4638 5311
f 5656 5784 4638
f 5421 5656 5419
f 424 449 425
f 425 449 447
f 411 425 413
f 424 425 411
f 413 414 412
f 413 412 411
f 4448 4819 5716
f 4588 4444 4448
f 5716 4588 4448
f 5784 4588 5716
f 4559 5784 5656
f 4588 5784 4559
f 50 49 5421
f 49 5656 5421
f 49 4559 5656
f 48 49 50
f 410 453 424
f 424 453 449
f 406 424 411
f 410 424 406
f 411 412 407
f 411 407 406
f 4444 4588 4564
f 4444 4564 4441
f 4558 4588 4559
f 4564 4588 4558
f 4557 4559 49
f 4558 4559 4557
f 455 458 48
f 458 49 48
f 458 4557 49
f 453 410 455
f 410 458 455
f 410 409 458
f 404 410 406
f 409 410 404
f 406 407 405
f 406 405 404
f 4441 4564 5262
f 4441 5262 4440
f 5541 4564 4558
f 5262 4564 5541
f 4462 4558 4557
f 5541 4558 4462
f 488 4557 458
f 4462 4557 488
f 408 458 409
f 488 458 408
f 402 409 404
f 408 409 402
f 404 405 403
f 404 403 402
f 5694 4440 5262
f 4461 4450 5694
f 5262 4461 5694
f 5541 4461 5262
f 4459 5541 4462
f 4461 5541 4459
f 505 4462 488
f 4459 4462 505
f 435 488 408
f 505 488 435
f 400 408 402
f 435 408 400
f 402 403 401
f 402 401 400
f 4450 4461 4452
f 4450 4452 4451
f 4455 4461 4459
f 4452 4461 4455
f 4457 4459 505
f 4455 4459 4457
f 396 505 435
f 4457 505 396
f 398 435 400
f 396 435 398
f 400 401 399
f 400 399 398
f 4453 4451 4452
f 4454 5772 4453
f 4452 4454 4453
f 4455 4454 4452
f 4456 4455 4457
f 4454 4455 4456
f 395 4457 396
f 4456 4457 395
f 393 396 398
f 395 396 393
f 398 399 394
f 398 394 393
f 5772 4454 4463
f 5772 4463 5774
f 4458 4454 4456
f 4463 4454 4458
f 436 4456 395
f 4458 4456 436
f 390 395 393
f 436 395 390
f 393 394 391
f 393 391 390
f 5774 4463 5652
f 5774 5652 5692
f 497 4463 4458
f 5652 4463 497
f 437 4458 436
f 497 4458 437
f 388 436 390
f 437 436 388
f 390 391 389
f 390 389 388
f 5692 5652 5472
f 5692 5472 5471
f 492 5652 497
f 5472 5652 492
f 462 497 437
f 492 497 462
f 387 437 388
f 462 437 387
f 388 389 385
f 388 385 387
f 5471 5472 5470
f 5471 5470 5468
f 491 5472 492
f 5470 5472 491
f 379 492 462
f 491 492 379
f 397 462 387
f 379 462 397
f 387 385 383
f 387 383 397
f 5468 5470 5469
f 5468 5469 5467
f 493 5470 491
f 5469 5470 493
f 378 491 379
f 493 491 378
f 375 379 397
f 378 379 375
f 397 383 374
f 397 374 375
f 5467 5469 5457
f 5467 5457 5713
f 469 5469 493
f 5457 5469 469
f 377 493 378
f 469 493 377
f 375 373 376
f 377 375 376
f 378 375 377
f 373 375 374
f 51 52 53
f 53 52 5713
f 5457 53 5713
f 5455 53 5457
f 468 5457 469
f 5455 5457 468
f 381 469 377
f 468 469 381
f 377 376 380
f 377 380 381
f 54 51 53
f 5454 5453 54
f 53 5454 54
f 5455 5454 53
f 463 5455 468
f 5454 5455 463
f 381 459 460
f 463 381 460
f 468 381 463
f 459 381 380
f 5453 5454 5452
f 5453 5452 5451
f 483 5454 463
f 5452 5454 483
f 463 460 464
f 463 464 483
f 504 5451 5452
f 504 5452 483
f 504 483 482
f 482 483 464
f 78 334 299
f 310 299 334
f 5375 5388 5363
f 5386 5699 5363
f 5386 5363 5388
f 76 340 5699
f 76 5699 5386
f 340 76 78
f 299 340 78
f 294 340 299
f 299 310 288
f 285 299 288
f 294 299 285
f 287 285 288
f 5791 5381 5364
f 5367 5358 5364
f 5367 5364 5381
f 5372 5506 5358
f 5372 5358 5367
f 5506 5372 5375
f 5506 5375 5363
f 5359 5506 5363
f 5361 5359 5363
f 5361 5363 5362
f 5362 5363 5699
f 5362 5699 339
f 339 5699 340
f 339 340 297
f 297 340 294
f 297 294 295
f 294 282 295
f 294 285 282
f 285 287 286
f 284 285 286
f 282 285 284
f 289 284 286
f 4156 4155 4157
f 4154 5394 4157
f 4154 4157 4155
f 4159 56 5394
f 4159 5394 4154
f 56 4159 5791
f 56 5791 5364
f 57 56 5364
f 5365 57 5364
f 5365 5364 5357
f 5357 5364 5358
f 5357 5358 5356
f 5356 5358 5506
f 5356 5506 5359
f 282 281 295
f 281 282 280
f 282 283 280
f 282 284 283
f 284 289 290
f 284 290 283
f 4209 4206 4208
f 4160 5755 4208
f 4160 4208 4206
f 5755 4160 4156
f 5755 4156 4157
f 5334 5755 4157
f 5335 5334 4157
f 5335 4157 5340
f 5340 4157 5394
f 5340 5394 55
f 55 5394 56
f 55 56 57
f 283 279 280
f 300 307 276
f 300 276 279
f 290 300 279
f 283 290 279
f 476 307 300
f 58 59 60
f 60 59 4209
f 4208 60 4209
f 5230 60 4208
f 5329 5230 5389
f 5230 5755 5389
f 5230 4208 5755
f 5389 5755 5334
f 306 274 307
f 307 274 276
f 307 476 7959
f 307 7959 306
f 58 60 1133
f 58 1133 1149
f 1124 1133 5248
f 1133 5230 5248
f 1133 60 5230
f 5248 5230 5329
f 7938 275 306
f 306 275 274
f 306 7959 7936
f 306 7936 7938
f 1149 1133 1098
f 1149 1098 1099
f 1123 1105 1124
f 1105 1133 1124
f 1105 1098 1133
f 1104 1105 1123
f 8927 7957 7938
f 7938 7957 275
f 7938 7936 7937
f 7938 7937 8927
f 1089 1099 1098
f 1052 1053 1089
f 1098 1052 1089
f 1105 1052 1098
f 63 62 1104
f 62 1105 1104
f 62 1052 1105
f 61 62 63
f 85 84 8927
f 84 7957 8927
f 84 7952 7957
f 85 8927 7937
f 1050 1053 1052
f 1046 1049 1050
f 1052 1046 1050
f 62 1046 1052
f 1078 1046 61
f 61 1046 62
f 84 7951 7952
f 7950 7951 84
f 1045 1049 1046
f 1047 1045 1041
f 1041 1045 1044
f 1045 1046 1044
f 1046 1078 1044
f 1040 1041 1044
f 8982 8857 7956
f 8851 8982 7956
f 7951 8851 7956
f 7950 8851 7951
f 1047 1041 939
f 1047 939 1006
f 1022 936 1040
f 936 1041 1040
f 936 939 1041
f 935 936 1022
f 64 65 66
f 8839 64 66
f 8839 66 8857
f 8838 8839 8857
f 8982 8838 8857
f 8838 8982 8851
f 937 1006 939
f 937 939 936
f 937 936 920
f 920 936 935
f 913 920 935
f 919 920 913
f 912 913 914
f 912 919 913
f 914 915 912
f 912 915 916
f 3880 515 509
f 3811 3880 509
f 3811 509 65
f 3611 3811 65
f 64 3611 65
f 3611 64 8839
f 934 916 915
f 934 915 930
f 933 930 932
f 933 934 930
f 992 933 991
f 933 956 991
f 933 932 956
f 991 956 1016
f 956 1013 1016
f 956 1012 1013
f 1032 1012 1030
f 1032 1013 1012
f 1030 515 3880
f 3879 1030 3880
f 1032 1030 3879
f 3879 3880 3811
f 993 992 991
f 993 991 1016
f 6930 6767 6967
f 6768 6973 6967
f 6767 6768 6967
f 6761 6768 6767
f 6768 6757 6755
f 6761 6757 6768
f 6755 6756 6754
f 6757 6756 6755
f 6754 6764 6796
f 6756 6764 6754
f 6796 6951 6812
f 6764 6951 6796
f 6812 6807 6811
f 6951 6807 6812
f 6811 6808 6813
f 6807 6808 6811
f 6813 6845 6861
f 6808 6845 6813
f 6861 6932 6789
f 6845 6932 6861
f 6789 6633 6597
f 6932 6633 6789
f 6597 6589 6594
f 6633 6589 6597
f 6594 6590 6672
f 6589 6590 6594
f 6672 6592 6596
f 6590 6592 6672
f 6595 6624 6623
f 6596 6595 6623
f 6592 6595 6596
f 6676 6624 6595
f 6826 6780 6979
f 6918 6923 6979
f 6780 6918 6979
f 6878 6918 6780
f 6967 6919 6930
f 6919 6878 6930
f 6919 6918 6878
f 6919 6967 6973
f 6624 6625 6623
f 6676 6883 6624
f 6883 6625 6624
f 6883 6721 6625
f 6721 6720 6718
f 6883 6720 6721
f 6718 6719 6717
f 6720 6719 6718
f 6717 1334 1272
f 6719 1334 6717
f 1174 1179 1273
f 1272 1174 1273
f 1334 1174 1272
f 1175 1179 1174
f 6826 6979 7762
f 7761 6826 7762
f 6824 6826 7761
f 7762 6979 6923
f 1179 1180 1273
f 1175 1177 1179
f 1177 1180 1179
f 1177 1181 1180
f 1203 1181 1177
f 1203 1177 1220
f 7760 6824 7761
f 7760 7017 6824
f 67 69 1224
f 69 1220 1224
f 69 1203 1220
f 1249 67 1224
f 7021 7017 7760
f 7021 7014 7017
f 67 68 69
f 8239 68 67
f 1249 8239 67
f 8243 8239 1249
f 7012 7014 7021
f 7012 7013 7014
f 8243 8237 8239
f 8241 8237 8243
f 7012 4056 4058
f 7007 7012 4058
f 7013 7012 7007
f 4057 4058 4056
f 8236 8234 8244
f 8234 8241 8244
f 8234 8237 8241
f 8862 8236 8244
f 4090 7007 4058
f 4087 4090 4091
f 4091 4090 4096
f 4090 4058 4096
f 4058 4057 4096
f 4091 4096 4082
f 4096 4092 4082
f 4096 4052 4092
f 4113 4052 4065
f 4113 4092 4052
f 4076 4113 4077
f 4113 4034 4077
f 4113 4065 4034
f 4099 4077 4034
f 8835 8235 8236
f 8236 8235 8234
f 8236 8862 8980
f 8236 8980 8835
f 4081 4087 4091
f 4081 4091 4082
f 4073 4076 4077
f 4073 4077 4099
f 3974 4073 4099
f 3978 4073 3974
f 4072 3978 3976
f 3978 3972 3976
f 3978 3974 3972
f 3975 3976 3972
f 8226 8225 8835
f 8835 8225 8235
f 8835 8980 8951
f 8835 8951 8226
f 4062 4072 3976
f 5254 4062 4063
f 4063 4062 4021
f 4062 3976 4021
f 3976 3975 4021
f 4017 4025 4021
f 4021 4025 4063
f 4022 4025 4017
f 8224 8222 8223
f 8225 8226 8223
f 8226 8224 8223
f 8226 8741 8224
f 8226 8951 8358
f 8226 8358 8741
f 5258 5254 4063
f 5808 5623 5258
f 4063 5808 5258
f 4025 5808 4063
f 5019 5808 4022
f 4022 5808 4025
f 9010 8227 8224
f 8224 8227 8222
f 8741 8357 8359
f 9010 8741 8359
f 8224 8741 9010
f 8357 8741 8358
f 5623 5808 5016
f 5623 5016 5017
f 4995 5023 5019
f 5023 5808 5019
f 5023 5016 5808
f 4990 5023 4995
f 8920 8918 9010
f 9010 8918 8227
f 9010 8359 8360
f 9010 8360 8920
f 5013 5017 5016
f 4991 4993 5013
f 5016 4991 5013
f 5023 4991 5016
f 4987 4991 4990
f 4990 4991 5023
f 8921 8919 8920
f 8920 8919 8918
f 8920 8360 8947
f 8920 8947 8921
f 4993 4991 4992
f 4993 4992 4996
f 5255 4992 4987
f 4987 4992 4991
f 8933 8992 8921
f 8921 8992 8919
f 8921 8947 8860
f 8921 8860 8933
f 4996 4992 4997
f 4996 4997 4998
f 5026 5007 5255
f 5007 4992 5255
f 5007 4997 4992
f 5021 5007 5026
f 8192 8320 8933
f 8933 8320 8992
f 8933 8860 8324
f 8933 8324 8192
f 4998 4997 5028
f 4998 5028 5001
f 5012 4997 5007
f 5028 4997 5012
f 5022 5012 5021
f 5021 5012 5007
f 8191 8945 8192
f 8192 8945 8320
f 8192 8324 8189
f 8192 8189 8191
f 5001 5028 5689
f 5001 5689 5004
f 5024 5028 5012
f 5689 5028 5024
f 5032 5024 5022
f 5022 5024 5012
f 8194 8195 8191
f 8191 8195 8945
f 8191 8189 8188
f 8191 8188 8194
f 5030 5004 5689
f 5046 5251 5030
f 5689 5046 5030
f 5024 5046 5689
f 5053 5046 5032
f 5032 5046 5024
f 8172 8196 8194
f 8194 8196 8195
f 8194 8188 8372
f 8194 8372 8172
f 5251 5046 5054
f 5251 5054 5060
f 5055 5054 5053
f 5053 5054 5046
f 8171 8374 8172
f 8172 8374 8196
f 8172 8372 8170
f 8172 8170 8171
f 5060 5054 5056
f 5060 5056 5066
f 5057 5056 5055
f 5055 5056 5054
f 8376 9021 8171
f 8171 9021 8374
f 8171 8170 8165
f 8171 8165 8376
f 5066 5056 5065
f 5066 5065 5512
f 5070 5065 5057
f 5057 5065 5056
f 8159 8738 8376
f 8376 8738 9021
f 8376 8165 8161
f 8376 8161 8159
f 5512 5065 5412
f 5512 5412 5411
f 5777 5635 5070
f 5635 5065 5070
f 5635 5412 5065
f 5793 5635 5777
f 8157 8158 8159
f 8159 8158 8738
f 8159 8161 8160
f 8159 8160 8157
f 5411 5412 5109
f 5411 5109 5103
f 5126 5109 5127
f 5109 5635 5127
f 5109 5412 5635
f 5127 5635 5793
f 8155 8156 8157
f 8157 8156 8158
f 8157 8160 8424
f 8157 8424 8155
f 5103 5109 5108
f 5103 5108 5099
f 5215 5110 5126
f 5110 5109 5126
f 5110 5108 5109
f 5112 5110 5215
f 8152 8154 8155
f 8155 8154 8156
f 8155 8424 8765
f 8155 8765 8152
f 5099 5108 72
f 5099 72 71
f 5111 5108 5110
f 72 5108 5111
f 5113 5111 5112
f 5112 5111 5110
f 8151 8153 8152
f 8152 8153 8154
f 8152 8765 8150
f 8152 8150 8151
f 70 71 72
f 5114 5601 70
f 72 5114 70
f 5111 5114 72
f 5115 5114 5113
f 5113 5114 5111
f 8506 8928 8151
f 8151 8928 8153
f 8151 8150 8148
f 8151 8148 8506
f 5601 5114 4901
f 5601 4901 4822
f 5751 5487 5115
f 5487 5114 5115
f 5487 4901 5114
f 5488 5487 5751
f 8817 8973 8506
f 8506 8973 8928
f 8506 8148 8146
f 8506 8146 8817
f 4822 4901 4817
f 4822 4817 4821
f 4818 4901 5487
f 4817 4901 4818
f 4902 4818 5488
f 5488 4818 5487
f 8514 8985 8817
f 8985 8973 8817
f 8985 8991 8973
f 8514 8817 8146
f 4821 4817 4816
f 4821 4816 5431
f 4722 4817 4818
f 4816 4817 4722
f 4721 4722 4902
f 4902 4722 4818
f 8985 8996 8991
f 8995 8996 8985
f 4820 5431 4816
f 4713 4714 4820
f 4816 4713 4820
f 4722 4713 4816
f 4712 4713 4721
f 4721 4713 4722
f 8995 47 8996
f 8964 47 8995
f 4714 4713 4711
f 4714 4711 4715
f 4710 4711 4712
f 4712 4711 4713
f 8481 8452 45
f 8511 8481 45
f 47 8511 45
f 8964 8511 47
f 4715 4711 4708
f 4715 4708 4706
f 4709 4708 4710
f 4710 4708 4711
f 8454 8448 8481
f 8481 8448 8452
f 8481 8511 8740
f 8481 8740 8454
f 4706 4708 4707
f 4706 4707 4704
f 4717 4707 4709
f 4709 4707 4708
f 8480 8453 8454
f 8454 8453 8448
f 8454 8740 9018
f 8454 9018 8480
f 4704 4707 4839
f 4704 4839 4701
f 5679 4839 4717
f 4717 4839 4707
f 8480 8456 8453
f 8474 8456 8480
f 9018 8474 8480
f 8472 8474 9018
f 4701 4839 4702
f 4701 4702 4700
f 5733 4702 5679
f 5679 4702 4839
f 8472 8470 8474
f 8471 8470 8472
f 4891 4700 4702
f 4652 4891 5544
f 5544 4891 5724
f 4891 4702 5724
f 4702 5733 5724
f 4654 5544 5724
f 8471 8469 8470
f 8477 8469 8471
f 4652 5544 4650
f 4652 4650 4651
f 4647 4650 4654
f 4654 4650 5544
f 421 422 9032
f 8106 421 9032
f 8469 8106 9032
f 8477 8106 8469
f 4651 4650 4649
f 4651 4649 4653
f 4648 4649 4647
f 4647 4649 4650
f 418 419 421
f 421 419 422
f 421 8106 8105
f 421 8105 418
f 5770 4653 4649
f 4578 5770 4580
f 4580 5770 4655
f 5770 4649 4655
f 4649 4648 4655
f 4634 4580 4655
f 417 416 418
f 418 416 419
f 418 8105 8609
f 418 8609 417
f 4578 4580 4579
f 4578 4579 4577
f 4635 4579 4634
f 4634 4579 4580
f 430 414 417
f 417 414 416
f 417 8609 8097
f 417 8097 430
f 4577 4579 5675
f 4577 5675 4582
f 4819 5675 4635
f 4635 5675 4579
f 431 412 430
f 430 412 414
f 430 8097 8098
f 430 8098 431
f 4582 5675 4449
f 4582 4449 5696
f 4448 4447 4819
f 4447 5675 4819
f 4447 4449 5675
f 4444 4447 4448
f 434 407 431
f 431 407 412
f 431 8098 8099
f 431 8099 434
f 5696 4449 4443
f 5696 4443 4446
f 4442 4449 4447
f 4443 4449 4442
f 4441 4442 4444
f 4444 4442 4447
f 432 405 434
f 434 405 407
f 434 8099 8100
f 434 8100 432
f 4445 4446 4443
f 4438 4768 4445
f 4443 4438 4445
f 4442 4438 4443
f 4440 4438 4441
f 4441 4438 4442
f 433 403 432
f 432 403 405
f 432 8100 8079
f 432 8079 433
f 4768 4438 4435
f 4768 4435 4431
f 5694 4437 4440
f 4437 4438 4440
f 4437 4435 4438
f 4450 4437 5694
f 427 401 433
f 433 401 403
f 433 8079 8076
f 433 8076 427
f 4431 4435 4433
f 4431 4433 4432
f 4436 4435 4437
f 4433 4435 4436
f 4451 4436 4450
f 4450 4436 4437
f 426 399 427
f 427 399 401
f 427 8076 8073
f 427 8073 426
f 4432 4433 4726
f 4432 4726 4460
f 4439 4433 4436
f 4726 4433 4439
f 4453 4567 4451
f 4567 4436 4451
f 4567 4439 4436
f 5772 4567 4453
f 428 394 426
f 426 394 399
f 426 8073 8072
f 426 8072 428
f 4460 4726 4674
f 4460 4674 4673
f 4696 4726 4439
f 4674 4726 4696
f 5740 4439 4567
f 4696 4439 5740
f 5774 5740 5772
f 5772 5740 4567
f 392 391 428
f 428 391 394
f 428 8072 8071
f 428 8071 392
f 4673 4674 4681
f 4673 4681 4725
f 4695 4674 4696
f 4681 4674 4695
f 4697 4696 5740
f 4695 4696 4697
f 5692 4697 5774
f 5774 4697 5740
f 386 389 392
f 392 389 391
f 392 8071 8070
f 392 8070 386
f 4725 4681 5704
f 4725 5704 5616
f 4720 4681 4695
f 5704 4681 4720
f 4812 4695 4697
f 4720 4695 4812
f 5471 4812 5692
f 5692 4812 4697
f 384 385 386
f 386 385 389
f 386 8070 8632
f 386 8632 384
f 5616 5704 5466
f 5616 5466 4782
f 5465 5704 4720
f 5466 5704 5465
f 5676 4720 4812
f 5465 4720 5676
f 5468 5676 5471
f 5471 5676 4812
f 382 383 384
f 384 383 385
f 384 8632 8823
f 384 8823 382
f 4782 5466 5626
f 4782 5626 4781
f 5463 5466 5465
f 5626 5466 5463
f 5464 5465 5676
f 5463 5465 5464
f 5467 5464 5468
f 5468 5464 5676
f 372 374 382
f 382 374 383
f 382 8823 8822
f 382 8822 372
f 4936 4781 5626
f 5462 5534 4936
f 5626 5462 4936
f 5463 5462 5626
f 5461 5463 5464
f 5462 5463 5461
f 5713 5461 5467
f 5467 5461 5464
f 370 376 373
f 374 372 373
f 372 370 373
f 372 371 370
f 372 8822 8819
f 372 8819 371
f 5534 5462 5460
f 5534 5460 5734
f 51 5460 52
f 5460 5461 52
f 5460 5462 5461
f 52 5461 5713
f 368 380 370
f 370 380 376
f 369 370 371
f 368 370 369
f 371 8819 7993
f 371 7993 369
f 5734 5460 5604
f 5734 5604 5511
f 54 5456 51
f 5456 5460 51
f 5456 5604 5460
f 5453 5456 54
f 365 460 459
f 380 368 459
f 368 365 459
f 368 363 365
f 369 7992 356
f 363 369 356
f 368 369 363
f 7992 369 7993
f 5511 5604 5682
f 5511 5682 4800
f 5459 5604 5456
f 5682 5604 5459
f 5451 5459 5453
f 5453 5459 5456
f 360 464 365
f 365 464 460
f 364 365 363
f 360 365 364
f 363 356 354
f 363 354 364
f 4800 5682 5446
f 4800 5446 4794
f 5448 5682 5459
f 5446 5682 5448
f 504 5450 5451
f 5450 5459 5451
f 5450 5448 5459
f 482 481 504
f 504 481 5450
f 464 360 482
f 360 481 482
f 360 359 481
f 357 360 364
f 359 360 357
f 364 354 352
f 364 352 357
f 4797 4794 5446
f 5447 5624 4797
f 5446 5447 4797
f 5448 5447 5446
f 5449 5448 5450
f 5447 5448 5449
f 496 5450 481
f 5449 5450 496
f 361 481 359
f 496 481 361
f 358 359 357
f 361 359 358
f 357 352 350
f 357 350 358
f 5624 5447 5708
f 5624 5708 5637
f 5458 5447 5449
f 5708 5447 5458
f 490 5449 496
f 5458 5449 490
f 347 496 361
f 490 496 347
f 362 361 358
f 347 361 362
f 358 350 338
f 358 338 362
f 5637 5708 5640
f 5637 5640 5639
f 5735 5708 5458
f 5640 5708 5735
f 348 5458 490
f 5735 5458 348
f 318 490 347
f 348 490 318
f 319 347 362
f 318 347 319
f 362 338 329
f 362 329 319
f 5639 5640 5731
f 5639 5731 5385
f 5787 5640 5735
f 5731 5640 5787
f 343 5735 348
f 5787 5735 343
f 317 348 318
f 343 348 317
f 313 318 319
f 317 318 313
f 319 329 314
f 319 314 313
f 5385 5731 5384
f 5385 5384 5382
f 335 5731 5787
f 5384 5731 335
f 333 5787 343
f 335 5787 333
f 305 343 317
f 333 343 305
f 311 317 313
f 305 317 311
f 313 314 312
f 313 312 311
f 73 74 75
f 5377 5376 75
f 5377 75 74
f 5378 5379 5376
f 5378 5376 5377
f 5379 5378 5382
f 5384 5379 5382
f 77 5379 5384
f 78 77 334
f 77 335 334
f 77 5384 335
f 334 335 310
f 335 293 310
f 335 333 293
f 303 333 305
f 293 333 303
f 304 305 311
f 303 305 304
f 311 312 309
f 311 309 304
f 5736 5438 5387
f 5435 5373 5387
f 5435 5387 5438
f 5373 5435 73
f 75 5373 73
f 5374 5373 75
f 5375 5374 5388
f 5374 5376 5388
f 5374 75 5376
f 5388 5376 5386
f 5386 5376 5379
f 5386 5379 76
f 76 5379 77
f 76 77 78
f 293 288 310
f 288 293 287
f 293 292 287
f 293 303 292
f 302 303 304
f 292 303 302
f 304 309 308
f 304 308 302
f 5265 4147 4152
f 4149 4153 4152
f 4149 4152 4147
f 4162 4216 4153
f 4162 4153 4149
f 4216 4162 5736
f 4216 5736 5387
f 5791 4216 5387
f 5381 5791 5387
f 5381 5387 5367
f 5367 5387 5373
f 5367 5373 5372
f 5372 5373 5374
f 5372 5374 5375
f 292 286 287
f 286 292 289
f 292 291 289
f 292 302 291
f 302 308 7966
f 302 7966 291
f 4161 4180 4158
f 4158 4180 5265
f 4158 5265 4152
f 4156 4158 4152
f 4155 4156 4152
f 4155 4152 4154
f 4154 4152 4153
f 4154 4153 4159
f 4159 4153 4216
f 4159 4216 5791
f 475 290 291
f 291 290 289
f 291 7966 7965
f 291 7965 475
f 5627 4207 5259
f 4206 4209 5259
f 4207 4206 5259
f 4205 4206 4207
f 4158 4160 4161
f 4160 4205 4161
f 4160 4206 4205
f 4160 4158 4156
f 475 300 290
f 476 300 475
f 7965 476 475
f 7961 476 7965
f 5400 5401 5399
f 5399 5401 5627
f 5399 5627 5259
f 58 5399 5259
f 59 58 5259
f 59 5259 4209
f 7961 7959 476
f 7960 7959 7961
f 5400 5399 1148
f 5400 1148 1139
f 1149 1148 58
f 58 1148 5399
f 80 7936 81
f 7936 7960 81
f 7936 7959 7960
f 79 80 81
f 1139 1148 1088
f 1139 1088 1086
f 1099 1088 1149
f 1149 1088 1148
f 82 7935 80
f 7935 7936 80
f 7935 7937 7936
f 82 80 79
f 1087 1086 1088
f 1062 1087 1054
f 1054 1087 1089
f 1087 1088 1089
f 1088 1099 1089
f 1053 1054 1089
f 83 84 85
f 7939 83 85
f 7937 7939 85
f 7935 7939 7937
f 1055 1062 1054
f 1056 1055 1051
f 1051 1055 1050
f 1055 1054 1050
f 1054 1053 1050
f 1049 1051 1050
f 7940 7941 83
f 7941 84 83
f 7941 7950 84
f 7940 83 7939
f 1057 1056 1051
f 1061 1057 1048
f 1048 1057 1045
f 1057 1051 1045
f 1051 1049 1045
f 1047 1048 1045
f 7941 8851 7950
f 7949 8851 7941
f 1061 1048 1007
f 1061 1007 1014
f 1006 1007 1047
f 1047 1007 1048
f 8837 3610 8838
f 8838 3610 8839
f 8838 8851 7949
f 8838 7949 8837
f 941 1014 1007
f 941 1007 1006
f 937 941 1006
f 938 941 937
f 943 938 944
f 938 920 944
f 938 937 920
f 919 921 920
f 920 921 944
f 912 917 919
f 919 917 921
f 916 917 912
f 3590 3718 3611
f 3611 3718 3811
f 3611 8839 3610
f 3611 3610 3590
f 945 943 944
f 945 944 921
f 945 921 976
f 976 921 917
f 976 917 984
f 984 917 916
f 934 984 916
f 994 984 934
f 996 994 995
f 994 933 995
f 994 934 933
f 992 995 933
f 3482 1016 1013
f 3482 1013 3478
f 1013 3476 3478
f 1013 1032 3476
f 3483 1032 3879
f 3483 3476 1032
f 3879 3811 3718
f 3879 3718 3483
f 998 996 995
f 998 995 992
f 993 998 992
f 1004 998 993
f 993 1016 3482
f 3479 993 3482
f 1004 993 3479
f 3479 3482 3478
f 6930 6772 6767
f 6767 6772 6769
f 6763 6767 6769
f 6761 6767 6763
f 6761 6760 6757
f 6763 6760 6761
f 6757 6758 6756
f 6760 6758 6757
f 6756 6759 6764
f 6758 6759 6756
f 6764 6800 6951
f 6759 6800 6764
f 6951 6803 6807
f 6800 6803 6951
f 6807 6805 6808
f 6803 6805 6807
f 6808 6809 6845
f 6805 6809 6808
f 6845 6631 6932
f 6809 6631 6845
f 6932 6583 6633
f 6631 6583 6932
f 6633 6584 6589
f 6583 6584 6633
f 6589 6588 6590
f 6584 6588 6589
f 6590 6591 6592
f 6588 6591 6590
f 6592 6593 6595
f 6591 6593 6592
f 6676 6595 6593
f 6676 6593 6608
f 6738 6858 6950
f 1335 1333 6950
f 1335 6950 6858
f 88 87 1333
f 88 1333 1335
f 86 87 88
f 92 94 6780
f 92 6780 6826
f 6780 6776 6878
f 94 6776 6780
f 6930 6878 6772
f 6878 6771 6772
f 6878 6776 6771
f 6772 6771 6769
f 6608 6965 6676
f 6676 6965 6883
f 6883 6722 6720
f 6965 6722 6883
f 6950 6719 6738
f 6719 6722 6738
f 6719 6720 6722
f 6719 6950 1334
f 1334 6950 1333
f 1334 1333 1174
f 1174 1333 87
f 1173 1176 1175
f 1173 1175 1174
f 86 1173 1174
f 87 86 1174
f 1178 1176 1173
f 6824 92 6826
f 6824 6823 92
f 1176 1177 1175
f 1202 1223 1220
f 1202 1220 1177
f 1178 1202 1177
f 1176 1178 1177
f 1211 1223 1202
f 7017 6823 6824
f 7017 7016 6823
f 1223 1224 1220
f 1244 1274 1249
f 1244 1249 1224
f 1211 1244 1224
f 1223 1211 1224
f 1245 1274 1244
f 7014 7016 7017
f 7014 7015 7016
f 8908 8243 1274
f 1274 8243 1249
f 1274 1245 8870
f 1274 8870 8908
f 7013 7015 7014
f 7013 7026 7015
f 9017 8241 8908
f 8908 8241 8243
f 8908 8870 8868
f 8908 8868 9017
f 7007 7026 7013
f 7007 7006 7026
f 9017 8244 8241
f 8862 8244 9017
f 8868 8862 9017
f 8906 8862 8868
f 7007 4090 4089
f 7005 7007 4089
f 7006 7007 7005
f 4087 4089 4090
f 4080 4082 4092
f 4113 4078 4092
f 4092 4078 4080
f 4076 4078 4113
f 8906 8980 8862
f 8958 8980 8906
f 4084 7005 4089
f 4084 4089 4087
f 4081 4084 4087
f 4083 4084 4081
f 4081 4082 4080
f 4079 4081 4080
f 4083 4081 4079
f 4079 4080 4078
f 4079 4078 4075
f 4075 4078 4076
f 4073 4075 4076
f 4074 4075 4073
f 4094 4074 4095
f 4074 3978 4095
f 4074 4073 3978
f 4072 4095 3978
f 8958 8951 8980
f 8976 8951 8958
f 5241 4094 4095
f 5238 5241 5243
f 5243 5241 4062
f 5241 4095 4062
f 4095 4072 4062
f 5254 5243 4062
f 8976 8358 8951
f 8366 8358 8976
f 5238 5243 5261
f 5238 5261 5237
f 5258 5256 5254
f 5256 5243 5254
f 5256 5261 5243
f 5623 5256 5258
f 8356 8359 8357
f 8355 8356 8357
f 8358 8355 8357
f 8366 8355 8358
f 5242 5237 5261
f 5785 5516 5242
f 5261 5785 5242
f 5256 5785 5261
f 5017 5785 5623
f 5623 5785 5256
f 8365 8360 8356
f 8356 8360 8359
f 8356 8355 8354
f 8356 8354 8365
f 5516 5785 5398
f 5516 5398 5205
f 5013 5041 5017
f 5041 5785 5017
f 5041 5398 5785
f 4993 5041 5013
f 8362 8915 8365
f 8915 8360 8365
f 8915 8947 8360
f 8362 8365 8354
f 5205 5398 5507
f 5205 5507 5203
f 5010 5398 5041
f 5507 5398 5010
f 4996 5010 4993
f 4993 5010 5041
f 8915 8860 8947
f 8859 8860 8915
f 5203 5507 5008
f 5203 5008 5559
f 4999 5507 5010
f 5008 5507 4999
f 4998 4999 4996
f 4996 4999 5010
f 8859 8324 8860
f 8190 8324 8859
f 5006 5559 5008
f 5000 5003 5006
f 5008 5000 5006
f 4999 5000 5008
f 5001 5000 4998
f 4998 5000 4999
f 8190 8189 8324
f 8187 8189 8190
f 5003 5000 5002
f 5003 5002 5005
f 5004 5002 5001
f 5001 5002 5000
f 8187 8188 8189
f 8186 8188 8187
f 5005 5002 5015
f 5005 5015 5801
f 5030 5009 5004
f 5009 5002 5004
f 5009 5015 5002
f 5251 5009 5030
f 8186 8372 8188
f 8981 8372 8186
f 5801 5015 5133
f 5801 5133 5129
f 5795 5015 5009
f 5133 5015 5795
f 5060 5795 5251
f 5251 5795 5009
f 8981 8170 8372
f 8166 8170 8981
f 5129 5133 5130
f 5129 5130 5106
f 5561 5133 5795
f 5130 5133 5561
f 5066 5561 5060
f 5060 5561 5795
f 8166 8165 8170
f 8163 8165 8166
f 5106 5130 5212
f 5106 5212 5102
f 5481 5130 5561
f 5212 5130 5481
f 5512 5481 5066
f 5066 5481 5561
f 8163 8161 8165
f 8162 8161 8163
f 5102 5212 5667
f 5102 5667 5101
f 5413 5212 5481
f 5667 5212 5413
f 5411 5413 5512
f 5512 5413 5481
f 8162 8160 8161
f 8164 8160 8162
f 5395 5101 5667
f 5107 5095 5395
f 5667 5107 5395
f 5413 5107 5667
f 5103 5107 5411
f 5411 5107 5413
f 8164 8424 8160
f 8974 8424 8164
f 5095 5107 5097
f 5095 5097 5096
f 5099 5097 5103
f 5103 5097 5107
f 8974 8765 8424
f 8963 8765 8974
f 5096 5097 5098
f 5096 5098 5562
f 71 5098 5099
f 5099 5098 5097
f 8963 8150 8765
f 8149 8150 8963
f 5562 5098 5665
f 5562 5665 4836
f 70 5104 71
f 5104 5098 71
f 5104 5665 5098
f 5601 5104 70
f 8149 8148 8150
f 8147 8148 8149
f 4835 4836 5665
f 4838 4826 4835
f 5665 4838 4835
f 5104 4838 5665
f 4822 4838 5601
f 5601 4838 5104
f 8147 8146 8148
f 8145 8146 8147
f 4826 4838 4823
f 4826 4823 4825
f 4821 4823 4822
f 4822 4823 4838
f 8509 8985 8514
f 8144 8509 8514
f 8146 8144 8514
f 8145 8144 8146
f 4825 4823 4824
f 4825 4824 4829
f 5431 4824 4821
f 4821 4824 4823
f 8510 8995 8509
f 8509 8995 8985
f 8509 8144 8142
f 8509 8142 8510
f 4829 4824 5442
f 4829 5442 4896
f 4820 5693 5431
f 5693 4824 5431
f 5693 5442 4824
f 4714 5693 4820
f 8137 8964 8510
f 8510 8964 8995
f 8510 8142 8138
f 8510 8138 8137
f 4896 5442 4897
f 4896 4897 4894
f 5778 5442 5693
f 4897 5442 5778
f 4715 5778 4714
f 4714 5778 5693
f 8135 8511 8137
f 8137 8511 8964
f 8137 8138 8136
f 8137 8136 8135
f 4893 4894 4897
f 5489 4766 4893
f 4897 5489 4893
f 5778 5489 4897
f 4706 5489 4715
f 4715 5489 5778
f 8133 8740 8135
f 8135 8740 8511
f 8135 8136 8132
f 8135 8132 8133
f 4766 5489 4705
f 4766 4705 4765
f 4704 4705 4706
f 4706 4705 5489
f 8134 9018 8133
f 8133 9018 8740
f 8133 8132 8131
f 8133 8131 8134
f 4765 4705 4703
f 4765 4703 4805
f 4701 4703 4704
f 4704 4703 4705
f 8473 8472 8134
f 8134 8472 9018
f 8134 8131 8518
f 8134 8518 8473
f 4805 4703 4698
f 4805 4698 4554
f 4700 4698 4701
f 4701 4698 4703
f 8475 8471 8473
f 8473 8471 8472
f 8473 8518 8476
f 8473 8476 8475
f 4554 4698 4553
f 4554 4553 4552
f 4891 4699 4700
f 4699 4698 4700
f 4699 4553 4698
f 4652 4699 4891
f 9015 8477 8475
f 8475 8477 8471
f 8475 8476 8605
f 8475 8605 9015
f 4551 4552 4553
f 4718 4550 4551
f 4553 4718 4551
f 4699 4718 4553
f 4651 4718 4652
f 4652 4718 4699
f 8104 8106 9015
f 9015 8106 8477
f 9015 8605 8107
f 9015 8107 8104
f 4550 4718 5769
f 4550 5769 4771
f 4653 5769 4651
f 4651 5769 4718
f 8102 8105 8104
f 8104 8105 8106
f 8104 8107 8103
f 8104 8103 8102
f 4771 5769 4574
f 4771 4574 4540
f 5770 4581 4653
f 4581 5769 4653
f 4581 4574 5769
f 4578 4581 5770
f 8095 8609 8102
f 8102 8609 8105
f 8102 8103 8094
f 8102 8094 8095
f 4540 4574 4556
f 4540 4556 4539
f 4575 4574 4581
f 4556 4574 4575
f 4577 4575 4578
f 4578 4575 4581
f 8096 8097 8095
f 8095 8097 8609
f 8095 8094 8091
f 8095 8091 8096
f 100 4539 4556
f 4576 98 100
f 4556 4576 100
f 4575 4576 4556
f 4582 4576 4577
f 4577 4576 4575
f 8101 8098 8096
f 8096 8098 8097
f 8096 8091 8739
f 8096 8739 8101
f 98 4576 4583
f 98 4583 5473
f 5696 4583 4582
f 4582 4583 4576
f 8852 8099 8101
f 8101 8099 8098
f 8101 8739 8085
f 8101 8085 8852
f 5473 4583 4465
f 5473 4465 4416
f 4446 4465 5696
f 5696 4465 4583
f 8631 8100 8852
f 8852 8100 8099
f 8852 8085 8083
f 8852 8083 8631
f 4416 4465 4421
f 4416 4421 4420
f 4445 4426 4446
f 4426 4465 4446
f 4426 4421 4465
f 4768 4426 4445
f 8077 8079 8631
f 8631 8079 8100
f 8631 8083 8080
f 8631 8080 8077
f 4420 4421 4423
f 4420 4423 4425
f 4424 4421 4426
f 4423 4421 4424
f 4431 4424 4768
f 4768 4424 4426
f 8075 8076 8077
f 8077 8076 8079
f 8077 8080 8078
f 8077 8078 8075
f 4425 4423 4542
f 4425 4542 5492
f 4427 4423 4424
f 4542 4423 4427
f 4432 4427 4431
f 4431 4427 4424
f 8074 8073 8075
f 8075 8073 8076
f 8075 8078 8630
f 8075 8630 8074
f 5492 4542 5688
f 5492 5688 5299
f 4434 4542 4427
f 5688 4542 4434
f 4460 4434 4432
f 4432 4434 4427
f 8633 8072 8074
f 8074 8072 8073
f 8074 8630 8997
f 8074 8997 8633
f 5299 5688 4676
f 5299 4676 4678
f 4672 5688 4434
f 4676 5688 4672
f 4673 4672 4460
f 4460 4672 4434
f 8068 8071 8633
f 8633 8071 8072
f 8633 8997 8067
f 8633 8067 8068
f 4677 4678 4676
f 4675 4679 4677
f 4676 4675 4677
f 4672 4675 4676
f 4725 4675 4673
f 4673 4675 4672
f 8069 8070 8068
f 8068 8070 8071
f 8068 8067 8066
f 8068 8066 8069
f 4679 4675 4680
f 4679 4680 4762
f 5616 4680 4725
f 4725 4680 4675
f 8969 8632 8069
f 8069 8632 8070
f 8069 8066 8634
f 8069 8634 8969
f 4762 4680 4763
f 4762 4763 4772
f 4782 4763 5616
f 5616 4763 4680
f 8824 8823 8969
f 8969 8823 8632
f 8969 8634 8048
f 8969 8048 8824
f 4772 4763 4773
f 4772 4773 4774
f 4781 4773 4782
f 4782 4773 4763
f 8861 8820 8824
f 8820 8823 8824
f 8820 8822 8823
f 8861 8824 8048
f 4774 4773 4775
f 4774 4775 4777
f 4936 4776 4781
f 4776 4773 4781
f 4776 4775 4773
f 5534 4776 4936
f 8820 8819 8822
f 8818 8819 8820
f 4777 4775 4778
f 4777 4778 4779
f 4801 4775 4776
f 4778 4775 4801
f 5734 4801 5534
f 5534 4801 4776
f 8818 7993 8819
f 7994 7993 8818
f 4779 4778 4784
f 4779 4784 4785
f 5529 4778 4801
f 4784 4778 5529
f 5511 5529 5734
f 5734 5529 4801
f 355 356 7992
f 7990 355 7992
f 7993 7990 7992
f 7994 7990 7993
f 4785 4784 4786
f 4785 4786 4796
f 4787 4784 5529
f 4786 4784 4787
f 4800 4787 5511
f 5511 4787 5529
f 353 354 355
f 355 354 356
f 355 7990 7988
f 355 7988 353
f 4796 4786 4789
f 4796 4789 5554
f 4788 4786 4787
f 4789 4786 4788
f 4794 4788 4800
f 4800 4788 4787
f 351 352 353
f 353 352 354
f 353 7988 7987
f 353 7987 351
f 5554 4789 4792
f 5554 4792 4935
f 4790 4789 4788
f 4792 4789 4790
f 4797 4791 4794
f 4791 4788 4794
f 4791 4790 4788
f 5624 4791 4797
f 349 350 351
f 351 350 352
f 351 7987 7997
f 351 7997 349
f 4935 4792 4795
f 4935 4795 5798
f 4793 4792 4790
f 4795 4792 4793
f 4798 4790 4791
f 4793 4790 4798
f 5637 4798 5624
f 5624 4798 4791
f 332 338 349
f 349 338 350
f 349 7997 8770
f 349 8770 332
f 5798 4795 5302
f 5798 5302 4243
f 4799 4795 4793
f 5302 4795 4799
f 5615 4793 4798
f 4799 4793 5615
f 5639 5615 5637
f 5637 5615 4798
f 331 329 332
f 332 329 338
f 332 8770 8701
f 332 8701 331
f 4243 5302 4244
f 4243 4244 4220
f 5807 5302 4799
f 4244 5302 5807
f 5643 4799 5615
f 5807 4799 5643
f 5385 5643 5639
f 5639 5643 5615
f 315 314 331
f 331 314 329
f 331 8701 7971
f 331 7971 315
f 4220 4244 5322
f 4220 5322 5071
f 5408 4244 5807
f 5322 4244 5408
f 5383 5807 5643
f 5408 5807 5383
f 5382 5383 5385
f 5385 5383 5643
f 316 312 315
f 315 312 314
f 315 7971 7970
f 315 7970 316
f 4193 4196 4201
f 5658 5763 4201
f 5658 4201 4196
f 5763 5658 5071
f 5763 5071 5322
f 73 5763 5322
f 74 73 5322
f 74 5322 5377
f 5377 5322 5408
f 5377 5408 5378
f 5378 5408 5383
f 5378 5383 5382
f 7968 309 316
f 316 309 312
f 316 7970 7969
f 316 7969 7968
f 4150 4163 4242
f 4190 4194 4242
f 4190 4242 4163
f 4194 4190 4193
f 4194 4193 4201
f 5736 4194 4201
f 5438 5736 4201
f 5438 4201 5435
f 5435 4201 5763
f 5435 5763 73
f 90 308 7968
f 7968 308 309
f 7968 7969 91
f 7968 91 90
f 4203 4145 4148
f 4147 5265 4148
f 4145 4147 4148
f 4146 4147 4145
f 4242 4149 4150
f 4149 4146 4150
f 4149 4147 4146
f 4149 4242 4162
f 4162 4242 4194
f 4162 4194 5736
f 89 7967 90
f 7967 308 90
f 7967 7966 308
f 89 90 91
f 4168 4167 4176
f 4166 5609 4176
f 4166 4176 4167
f 5609 4166 4203
f 5609 4203 4148
f 4161 5609 4148
f 4180 4161 4148
f 4180 4148 5265
f 7963 7965 8994
f 7965 7967 8994
f 7965 7966 7967
f 8772 7963 8994
f 5753 4174 4177
f 4170 4171 4177
f 4170 4177 4174
f 4171 4170 4168
f 4171 4168 4176
f 5627 4171 4176
f 4207 5627 4176
f 4207 4176 4205
f 4205 4176 5609
f 4205 5609 4161
f 7962 7961 7963
f 7963 7961 7965
f 7963 8772 7964
f 7963 7964 7962
f 5753 4177 5427
f 5753 5427 103
f 5400 5427 5401
f 5427 4171 5401
f 5427 4177 4171
f 5401 4171 5627
f 8988 7960 7962
f 7962 7960 7961
f 7962 7964 7934
f 7962 7934 8988
f 1130 101 1132
f 1132 101 103
f 5427 1132 103
f 1140 1132 5427
f 1139 1140 5400
f 5400 1140 5427
f 8988 81 7960
f 79 81 8988
f 7934 79 8988
f 7932 79 7934
f 1131 1130 1132
f 1067 1068 1131
f 1132 1067 1131
f 1140 1067 1132
f 1086 1067 1139
f 1139 1067 1140
f 7931 7935 82
f 7930 7931 82
f 79 7930 82
f 7932 7930 79
f 1068 1067 1065
f 1068 1065 1069
f 1087 1064 1086
f 1064 1067 1086
f 1064 1065 1067
f 1062 1064 1087
f 7929 8774 7931
f 8774 7935 7931
f 8774 7939 7935
f 7929 7931 7930
f 1066 1069 1065
f 1063 1074 1066
f 1065 1063 1066
f 1064 1063 1065
f 1055 1059 1062
f 1059 1064 1062
f 1059 1063 1064
f 1056 1059 1055
f 7942 7941 7940
f 7958 7942 7940
f 7939 7958 7940
f 8774 7958 7939
f 1082 1074 1063
f 1060 1083 1082
f 1063 1060 1082
f 1059 1060 1063
f 1057 1058 1056
f 1058 1059 1056
f 1058 1060 1059
f 1061 1058 1057
f 7944 7943 7942
f 7943 7941 7942
f 7943 7949 7941
f 7944 7942 7958
f 1042 1083 1060
f 1015 1017 1042
f 1060 1015 1042
f 1058 1015 1060
f 1014 1015 1061
f 1061 1015 1058
f 3609 3610 8837
f 7947 3609 8837
f 7949 7947 8837
f 7943 7947 7949
f 954 1017 1015
f 951 954 950
f 950 954 941
f 954 1015 941
f 1015 1014 941
f 938 942 941
f 941 942 950
f 943 942 938
f 3534 3481 3590
f 3590 3481 3718
f 3590 3610 3609
f 3594 3590 3609
f 3534 3590 3594
f 3594 3609 7947
f 947 951 950
f 947 950 942
f 947 942 946
f 946 942 943
f 945 946 943
f 952 946 945
f 977 945 976
f 977 952 945
f 982 977 983
f 977 984 983
f 977 976 984
f 994 986 984
f 984 986 983
f 996 986 994
f 3474 3477 3476
f 3476 3477 3478
f 3475 3476 3483
f 3475 3474 3476
f 3483 3718 3481
f 3483 3481 3475
f 985 982 983
f 985 983 986
f 985 986 997
f 997 986 996
f 998 997 996
f 3813 997 998
f 3903 998 1004
f 3903 3813 998
f 3485 1004 3479
f 3485 3903 1004
f 3479 3478 3477
f 3479 3477 3485
f 6769 6770 6763
f 6763 6770 6914
f 6766 6763 6914
f 6760 6763 6766
f 6760 6762 6758
f 6766 6762 6760
f 6758 6859 6759
f 6762 6859 6758
f 6759 6801 6800
f 6859 6801 6759
f 6800 6802 6803
f 6801 6802 6800
f 6803 6804 6805
f 6802 6804 6803
f 6805 6806 6809
f 6804 6806 6805
f 6809 6871 6631
f 6806 6871 6809
f 6631 6581 6583
f 6871 6581 6631
f 6583 6582 6584
f 6581 6582 6583
f 6584 6586 6588
f 6582 6586 6584
f 6588 6938 6591
f 6586 6938 6588
f 6591 6606 6593
f 6938 6606 6591
f 6607 6618 6608
f 6593 6607 6608
f 6606 6607 6593
f 6616 6904 6618
f 6616 6618 6607
f 6858 6738 6904
f 6616 6858 6904
f 6954 6858 6616
f 6858 6857 1335
f 6954 6857 6858
f 1335 1184 88
f 6857 1184 1335
f 86 88 1184
f 86 1184 1171
f 92 93 94
f 94 93 6781
f 6777 94 6781
f 6776 94 6777
f 6776 6775 6771
f 6777 6775 6776
f 6769 6771 6770
f 6771 6774 6770
f 6771 6775 6774
f 6770 6774 6914
f 6618 6965 6608
f 6965 6618 6722
f 6722 6618 6904
f 6722 6904 6738
f 1171 1172 86
f 86 1172 1173
f 1178 1173 1172
f 1178 1172 1214
f 6783 6782 93
f 92 6783 93
f 6823 6783 92
f 93 6782 6781
f 1214 1210 1178
f 1178 1210 1202
f 1211 1202 1210
f 1211 1210 1212
f 7016 6783 6823
f 7016 7018 6783
f 1212 1222 1211
f 1211 1222 1244
f 1245 1244 1222
f 1245 1222 1262
f 7022 7020 7019
f 7020 7018 7019
f 7018 7015 7019
f 7018 7016 7015
f 1262 8870 1245
f 8869 8870 1262
f 7022 7019 7822
f 7022 7822 7010
f 7026 7822 7015
f 7015 7822 7019
f 8865 8868 8867
f 8868 8869 8867
f 8868 8870 8869
f 8866 8865 8867
f 7009 7010 7822
f 7822 7026 7009
f 7026 7004 7009
f 7026 7006 7004
f 8863 8906 8865
f 8865 8906 8868
f 8865 8866 8864
f 8865 8864 8863
f 7005 7004 7006
f 7005 7003 7004
f 8367 8958 8863
f 8863 8958 8906
f 8863 8864 8426
f 8863 8426 8367
f 4085 7003 7005
f 4085 7005 4084
f 6986 4085 4086
f 4085 4083 4086
f 4085 4084 4083
f 4079 4088 4083
f 4083 4088 4086
f 4075 4116 4079
f 4079 4116 4088
f 4074 4093 4075
f 4075 4093 4116
f 4094 4093 4074
f 8348 8976 8367
f 8367 8976 8958
f 8367 8426 8346
f 8367 8346 8348
f 4101 6986 4086
f 4101 4086 4088
f 4101 4088 4102
f 4102 4088 4116
f 4102 4116 4111
f 4111 4116 4093
f 4111 4093 4108
f 5260 4108 5240
f 5240 4108 5241
f 4108 4093 5241
f 4093 4094 5241
f 5238 5240 5241
f 8349 8366 8348
f 8348 8366 8976
f 8348 8346 8345
f 8348 8345 8349
f 5260 5240 5236
f 5260 5236 5239
f 5237 5236 5238
f 5238 5236 5240
f 8350 8351 8349
f 8351 8366 8349
f 8351 8355 8366
f 8350 8349 8345
f 5239 5236 5234
f 5239 5234 5517
f 5242 5235 5237
f 5235 5236 5237
f 5235 5234 5236
f 5516 5235 5242
f 8351 8354 8355
f 8353 8354 8351
f 5206 5517 5234
f 5204 5200 5206
f 5234 5204 5206
f 5235 5204 5234
f 5205 5204 5516
f 5516 5204 5235
f 8363 8915 8362
f 8361 8363 8362
f 8354 8361 8362
f 8353 8361 8354
f 5200 5204 5201
f 5200 5201 5198
f 5203 5201 5205
f 5205 5201 5204
f 8781 8859 8363
f 8363 8859 8915
f 8363 8361 8364
f 8363 8364 8781
f 5198 5201 5202
f 5198 5202 5207
f 5559 5202 5203
f 5203 5202 5201
f 8193 8190 8781
f 8781 8190 8859
f 8781 8364 8663
f 8781 8663 8193
f 5207 5202 5759
f 5207 5759 5415
f 5006 5011 5559
f 5011 5202 5559
f 5011 5759 5202
f 5003 5011 5006
f 8176 8187 8193
f 8193 8187 8190
f 8193 8663 8666
f 8193 8666 8176
f 5245 5415 5759
f 5031 5163 5245
f 5759 5031 5245
f 5011 5031 5759
f 5005 5031 5003
f 5003 5031 5011
f 8174 8186 8176
f 8176 8186 8187
f 8176 8666 8175
f 8176 8175 8174
f 5163 5031 5484
f 5163 5484 5134
f 5801 5484 5005
f 5005 5484 5031
f 8168 8981 8174
f 8174 8981 8186
f 8174 8175 8173
f 8174 8173 8168
f 5134 5484 5131
f 5134 5131 5132
f 5129 5131 5801
f 5801 5131 5484
f 8167 8166 8168
f 8168 8166 8981
f 8168 8173 8169
f 8168 8169 8167
f 5132 5131 5128
f 5132 5128 5216
f 5106 5128 5129
f 5129 5128 5131
f 8425 8163 8167
f 8167 8163 8166
f 8167 8169 8370
f 8167 8370 8425
f 5216 5128 5105
f 5216 5105 5603
f 5102 5105 5106
f 5106 5105 5128
f 8373 8162 8425
f 8425 8162 8163
f 8425 8370 8378
f 8425 8378 8373
f 5603 5105 5100
f 5603 5100 5217
f 5101 5100 5102
f 5102 5100 5105
f 8423 8164 8373
f 8373 8164 8162
f 8373 8378 8385
f 8373 8385 8423
f 5217 5100 5092
f 5217 5092 5090
f 5395 5094 5101
f 5094 5100 5101
f 5094 5092 5100
f 5095 5094 5395
f 8420 8974 8423
f 8423 8974 8164
f 8423 8385 8387
f 8423 8387 8420
f 5091 5090 5092
f 5093 5227 5091
f 5092 5093 5091
f 5094 5093 5092
f 5096 5093 5095
f 5095 5093 5094
f 8422 8963 8420
f 8420 8963 8974
f 8420 8387 8389
f 8420 8389 8422
f 5227 5093 5515
f 5227 5515 4837
f 5562 5515 5096
f 5096 5515 5093
f 8999 8149 8422
f 8422 8149 8963
f 8422 8389 8391
f 8422 8391 8999
f 4837 5515 4831
f 4837 4831 4832
f 4836 4831 5562
f 5562 4831 5515
f 8507 8147 8999
f 8999 8147 8149
f 8999 8391 8394
f 8999 8394 8507
f 4832 4831 97
f 4832 97 96
f 4835 4830 4836
f 4830 4831 4836
f 4830 97 4831
f 4826 4830 4835
f 8939 8145 8507
f 8507 8145 8147
f 8507 8394 8396
f 8507 8396 8939
f 95 96 97
f 4827 4833 95
f 97 4827 95
f 4830 4827 97
f 4825 4827 4826
f 4826 4827 4830
f 8419 8143 8939
f 8143 8145 8939
f 8143 8144 8145
f 8419 8939 8396
f 4833 4827 4828
f 4833 4828 4834
f 4829 4828 4825
f 4825 4828 4827
f 8143 8142 8144
f 8141 8142 8143
f 4834 4828 5391
f 4834 5391 5742
f 4896 5391 4829
f 4829 5391 4828
f 8139 8138 8140
f 8138 8141 8140
f 8138 8142 8141
f 8513 8139 8140
f 5742 5391 4895
f 5742 4895 5510
f 4894 4895 4896
f 4896 4895 5391
f 8512 8136 8139
f 8139 8136 8138
f 8139 8513 8966
f 8139 8966 8512
f 5510 4895 4898
f 5510 4898 5423
f 4893 4892 4894
f 4892 4895 4894
f 4892 4898 4895
f 4766 4892 4893
f 8129 8132 8512
f 8512 8132 8136
f 8512 8966 8130
f 8512 8130 8129
f 5423 4898 5437
f 5423 5437 5424
f 4814 4898 4892
f 5437 4898 4814
f 4765 4814 4766
f 4766 4814 4892
f 8127 8131 8129
f 8129 8131 8132
f 8129 8130 8128
f 8129 8128 8127
f 5781 5424 5437
f 5690 5701 5781
f 5437 5690 5781
f 4814 5690 5437
f 4805 5690 4765
f 4765 5690 4814
f 8126 8518 8127
f 8127 8518 8131
f 8127 8128 8125
f 8127 8125 8126
f 5701 5690 5631
f 5701 5631 4570
f 4554 5631 4805
f 4805 5631 5690
f 8590 8476 8126
f 8126 8476 8518
f 8126 8125 8124
f 8126 8124 8590
f 4570 5631 5418
f 4570 5418 4543
f 4552 5418 4554
f 4554 5418 5631
f 8109 8605 8590
f 8590 8605 8476
f 8590 8124 8604
f 8590 8604 8109
f 4543 5418 4545
f 4543 4545 4544
f 4551 4548 4552
f 4548 5418 4552
f 4548 4545 5418
f 4550 4548 4551
f 8108 8107 8109
f 8109 8107 8605
f 8109 8604 8110
f 8109 8110 8108
f 4544 4545 4546
f 4544 4546 4549
f 4547 4545 4548
f 4546 4545 4547
f 4771 4547 4550
f 4550 4547 4548
f 8610 8103 8108
f 8108 8103 8107
f 8108 8110 8111
f 8108 8111 8610
f 4549 4546 4813
f 4549 4813 5771
f 4541 4546 4547
f 4813 4546 4541
f 4540 4541 4771
f 4771 4541 4547
f 8093 8094 8610
f 8610 8094 8103
f 8610 8111 8602
f 8610 8602 8093
f 4430 5771 4813
f 4422 4429 4430
f 4813 4422 4430
f 4541 4422 4813
f 4539 4422 4540
f 4540 4422 4541
f 8089 8091 8093
f 8093 8091 8094
f 8093 8602 8612
f 8093 8612 8089
f 4429 4422 4418
f 4429 4418 4568
f 100 99 4539
f 99 4422 4539
f 99 4418 4422
f 98 99 100
f 8088 8086 8089
f 8086 8091 8089
f 8086 8739 8091
f 8088 8089 8612
f 4568 4418 4412
f 4568 4412 4409
f 4417 4418 99
f 4412 4418 4417
f 5473 4417 98
f 98 4417 99
f 8086 8085 8739
f 8084 8085 8086
f 4409 4412 4411
f 4409 4411 4410
f 4413 4412 4417
f 4411 4412 4413
f 4416 4413 5473
f 5473 4413 4417
f 8084 8083 8085
f 8082 8083 8084
f 4410 4411 4419
f 4410 4419 5443
f 4414 4411 4413
f 4419 4411 4414
f 4420 4414 4416
f 4416 4414 4413
f 8082 8080 8083
f 8081 8080 8082
f 5443 4419 5775
f 5443 5775 4667
f 5508 4419 4414
f 5775 4419 5508
f 4425 5508 4420
f 4420 5508 4414
f 8081 8078 8080
f 8616 8078 8081
f 4667 5775 5539
f 4667 5539 4668
f 5664 5775 5508
f 5539 5775 5664
f 5492 5664 4425
f 4425 5664 5508
f 8616 8630 8078
f 8621 8630 8616
f 5538 4668 5539
f 5486 5610 5538
f 5539 5486 5538
f 5664 5486 5539
f 5299 5486 5492
f 5492 5486 5664
f 8621 8997 8630
f 8965 8997 8621
f 5610 5486 5075
f 5610 5075 5228
f 4678 5075 5299
f 5299 5075 5486
f 8965 8067 8997
f 8065 8067 8965
f 5228 5075 5077
f 5228 5077 5229
f 4677 4758 4678
f 4758 5075 4678
f 4758 5077 5075
f 4679 4758 4677
f 8065 8066 8067
f 8042 8066 8065
f 5229 5077 5540
f 5229 5540 4930
f 5728 5077 4758
f 5540 5077 5728
f 4762 5728 4679
f 4679 5728 4758
f 8042 8634 8066
f 8043 8634 8042
f 4930 5540 4931
f 4930 4931 4927
f 4807 5540 5728
f 4931 5540 4807
f 4772 4807 4762
f 4762 4807 5728
f 8043 8048 8634
f 8045 8048 8043
f 4927 4931 4928
f 4927 4928 4926
f 5567 4931 4807
f 4928 4931 5567
f 4774 5567 4772
f 4772 5567 4807
f 8821 8820 8861
f 8057 8821 8861
f 8048 8057 8861
f 8045 8057 8048
f 4926 4928 5430
f 4926 5430 4932
f 4783 4928 5567
f 5430 4928 4783
f 4777 4783 4774
f 4774 4783 5567
f 8989 8818 8821
f 8821 8818 8820
f 8821 8057 8977
f 8821 8977 8989
f 4932 5430 5792
f 4932 5792 5618
f 4780 5430 4783
f 5792 5430 4780
f 4779 4780 4777
f 4777 4780 4783
f 7991 7994 8989
f 8989 7994 8818
f 8989 8977 8737
f 8989 8737 7991
f 5618 5792 5523
f 5618 5523 5521
f 4802 5792 4780
f 5523 5792 4802
f 4785 4802 4779
f 4779 4802 4780
f 7989 7990 7991
f 7991 7990 7994
f 7991 8737 7995
f 7991 7995 7989
f 5521 5523 5522
f 5521 5522 5520
f 5786 5523 4802
f 5522 5523 5786
f 4796 5786 4785
f 4785 5786 4802
f 7985 7988 7989
f 7989 7988 7990
f 7989 7995 7986
f 7989 7986 7985
f 5524 5520 5522
f 5565 5810 5524
f 5522 5565 5524
f 5786 5565 5522
f 5554 5565 4796
f 4796 5565 5786
f 7984 7987 7985
f 7985 7987 7988
f 7985 7986 7983
f 7985 7983 7984
f 5810 5565 5555
f 5810 5555 5657
f 4935 5555 5554
f 5554 5555 5565
f 8698 7997 7984
f 7984 7997 7987
f 7984 7983 7980
f 7984 7980 8698
f 5657 5555 5556
f 5657 5556 5797
f 5798 5556 4935
f 4935 5556 5555
f 7979 8949 8698
f 8949 7997 8698
f 8949 8770 7997
f 7979 8698 7980
f 5797 5556 5080
f 5797 5080 4214
f 4243 5080 5798
f 5798 5080 5556
f 8949 8701 8770
f 7973 8701 8949
f 4214 5080 4213
f 4214 4213 4211
f 4220 4213 4243
f 4243 4213 5080
f 7973 7971 8701
f 7972 7971 7973
f 4197 4210 4195
f 4195 4210 4211
f 4213 4195 4211
f 4219 4195 4213
f 5071 4219 4220
f 4220 4219 4213
f 7972 7970 7971
f 8937 7970 7972
f 4191 4199 4192
f 4192 4199 4197
f 4192 4197 4195
f 4193 4192 4195
f 4196 4193 4195
f 4196 4195 5658
f 5658 4195 4219
f 5658 4219 5071
f 8937 7969 7970
f 8702 7969 8937
f 4212 4188 4151
f 4163 4150 4151
f 4188 4163 4151
f 4189 4163 4188
f 4192 4190 4191
f 4190 4189 4191
f 4190 4163 4189
f 4190 4192 4193
f 8702 91 7969
f 8703 91 8702
f 4175 5650 4165
f 4142 4164 4165
f 4142 4165 5650
f 4145 4203 4164
f 4142 4145 4164
f 4143 4145 4142
f 4151 4146 4212
f 4146 4143 4212
f 4146 4145 4143
f 4146 4151 4150
f 8754 7967 89
f 8707 8754 89
f 91 8707 89
f 8703 8707 91
f 5303 4221 4172
f 4173 4169 4172
f 4173 4172 4221
f 4169 4173 4175
f 4169 4175 4165
f 4168 4169 4165
f 4167 4168 4165
f 4167 4165 4166
f 4166 4165 4164
f 4166 4164 4203
f 8754 8994 7967
f 8772 8994 8754
f 8707 8772 8754
f 8709 8772 8707
f 4227 4230 4231
f 4231 4230 5303
f 4231 5303 4172
f 5753 4231 4172
f 4174 5753 4172
f 4174 4172 4170
f 4170 4172 4169
f 4170 4169 4168
f 8709 7964 8772
f 8721 7964 8709
f 1169 4235 4232
f 4232 4235 4227
f 4231 4232 4227
f 102 4232 4231
f 103 102 5753
f 5753 102 4231
f 9028 7934 8720
f 7934 8721 8720
f 7934 7964 8721
f 8714 9028 8720
f 1169 4232 1129
f 1169 1129 1134
f 1130 1129 101
f 1129 102 101
f 1129 4232 102
f 101 102 103
f 8764 7933 9028
f 7933 7934 9028
f 7933 7932 7934
f 8764 9028 8714
f 1134 1129 1091
f 1134 1091 1093
f 1131 1085 1130
f 1085 1129 1130
f 1085 1091 1129
f 1068 1085 1131
f 7933 7930 7932
f 8773 7930 7933
f 1092 1093 1091
f 1070 1072 1092
f 1091 1070 1092
f 1085 1070 1091
f 1069 1070 1068
f 1068 1070 1085
f 7928 8774 7929
f 7927 7928 7929
f 7930 7927 7929
f 8773 7927 7930
f 1071 1072 1070
f 1076 1071 1073
f 1073 1071 1066
f 1071 1070 1066
f 1070 1069 1066
f 1074 1073 1066
f 7926 8978 7928
f 8978 8774 7928
f 8978 7958 8774
f 7926 7928 7927
f 1076 1073 1101
f 1076 1101 1136
f 1082 1084 1074
f 1084 1073 1074
f 1084 1101 1073
f 1083 1084 1082
f 7945 7943 7944
f 7946 7945 7944
f 7958 7946 7944
f 8978 7946 7958
f 1136 1101 1036
f 1136 1036 1037
f 1035 1101 1084
f 1036 1101 1035
f 1042 1028 1083
f 1028 1084 1083
f 1028 1035 1084
f 1017 1028 1042
f 7948 3596 7945
f 3596 7943 7945
f 3596 7947 7943
f 7948 7945 7946
f 1034 1037 1036
f 1031 1025 1034
f 1036 1031 1034
f 1035 1031 1036
f 1021 1035 1028
f 1031 1035 1021
f 954 955 1017
f 955 1028 1017
f 955 1021 1028
f 951 955 954
f 3808 3480 3534
f 3534 3480 3481
f 3595 3534 3594
f 3595 3808 3534
f 3594 7947 3596
f 3594 3596 3595
f 969 1025 1031
f 969 1031 1021
f 969 1021 968
f 968 1021 955
f 968 955 953
f 953 955 951
f 947 953 951
f 949 953 947
f 948 947 946
f 948 949 947
f 981 948 979
f 948 952 979
f 948 946 952
f 977 978 952
f 952 978 979
f 982 978 977
f 3468 3932 3474
f 3474 3932 3477
f 3467 3474 3475
f 3467 3468 3474
f 3475 3481 3480
f 3475 3480 3467
f 980 981 979
f 980 979 978
f 980 978 987
f 987 978 982
f 985 987 982
f 988 987 985
f 1003 985 997
f 1003 988 985
f 3803 997 3813
f 3803 1003 997
f 3804 3813 3903
f 3804 3803 3813
f 3805 3903 3485
f 3805 3804 3903
f 3485 3477 3932
f 3485 3932 3805
f 6779 6903 6766
f 6779 6766 6914
f 6766 6945 6762
f 6903 6945 6766
f 6762 6635 6859
f 6945 6635 6762
f 6859 6558 6801
f 6635 6558 6859
f 6801 6816 6802
f 6558 6816 6801
f 6802 6810 6804
f 6816 6810 6802
f 6804 6873 6806
f 6810 6873 6804
f 6806 6578 6871
f 6873 6578 6806
f 6871 6576 6581
f 6578 6576 6871
f 6581 6579 6582
f 6576 6579 6581
f 6582 6632 6586
f 6579 6632 6582
f 6586 6886 6938
f 6632 6886 6586
f 6938 6628 6606
f 6886 6628 6938
f 6606 6609 6607
f 6628 6609 6606
f 6607 6610 6616
f 6609 6610 6607
f 6616 6620 6954
f 6610 6620 6616
f 6954 6969 6857
f 6620 6969 6954
f 6857 6856 1184
f 6969 6856 6857
f 1185 1186 1171
f 1184 1185 1171
f 6856 1185 1184
f 1187 1186 1185
f 6982 6669 6777
f 6982 6777 6781
f 6777 6917 6775
f 6669 6917 6777
f 6775 6778 6774
f 6917 6778 6775
f 6914 6774 6779
f 6779 6774 6778
f 1186 1172 1171
f 1188 1215 1214
f 1188 1214 1172
f 1187 1188 1172
f 1186 1187 1172
f 1209 1215 1188
f 6784 6785 6782
f 6784 6782 6783
f 6781 6782 6982
f 6982 6782 6785
f 1215 1210 1214
f 1197 1199 1212
f 1197 1212 1210
f 1209 1197 1210
f 1215 1209 1210
f 1198 1199 1197
f 7018 6784 6783
f 7018 7023 6784
f 1199 1222 1212
f 1263 1323 1262
f 1263 1262 1222
f 1198 1263 1222
f 1199 1198 1222
f 1322 1323 1263
f 7022 7024 7020
f 7024 7681 7020
f 7681 7018 7020
f 7681 7023 7018
f 8871 8869 1323
f 1323 8869 1262
f 1323 1322 8872
f 1323 8872 8871
f 7037 7833 7024
f 7022 7037 7024
f 7010 7037 7022
f 7024 7833 7681
f 8871 8867 8869
f 8866 8867 8871
f 8872 8866 8871
f 8905 8866 8872
f 7008 7037 7010
f 7008 7010 7009
f 7009 7004 7008
f 7008 7004 7002
f 8905 8864 8866
f 8990 8864 8905
f 7003 7002 7004
f 7003 7000 7002
f 8990 8426 8864
f 8347 8426 8990
f 7806 7000 7003
f 7806 7003 4085
f 4085 6986 7806
f 7806 6986 6985
f 8347 8346 8426
f 8344 8346 8347
f 6983 6985 6986
f 6983 6986 4101
f 4103 4101 4102
f 4103 6983 4101
f 4104 4102 4111
f 4104 4103 4102
f 4106 4104 4107
f 4104 4108 4107
f 4104 4111 4108
f 5260 4107 4108
f 8344 8345 8346
f 8343 8345 8344
f 4106 4107 5636
f 4106 5636 5495
f 5239 5636 5260
f 5260 5636 4107
f 8352 8351 8350
f 8665 8352 8350
f 8345 8665 8350
f 8343 8665 8345
f 5495 5636 5493
f 5495 5493 5494
f 5517 5493 5239
f 5239 5493 5636
f 8652 8353 8352
f 8352 8353 8351
f 8352 8665 8330
f 8352 8330 8652
f 5494 5493 106
f 5494 106 105
f 5206 5224 5517
f 5224 5493 5517
f 5224 106 5493
f 5200 5224 5206
f 8329 8331 8652
f 8331 8353 8652
f 8331 8361 8353
f 8329 8652 8330
f 104 105 106
f 5197 5194 104
f 106 5197 104
f 5224 5197 106
f 5198 5197 5200
f 5200 5197 5224
f 8331 8364 8361
f 8662 8364 8331
f 5194 5197 5195
f 5194 5195 5193
f 5207 5195 5198
f 5198 5195 5197
f 8662 8663 8364
f 8180 8663 8662
f 5193 5195 5196
f 5193 5196 5208
f 5415 5196 5207
f 5207 5196 5195
f 8180 8666 8663
f 8178 8666 8180
f 5208 5196 5669
f 5208 5669 5478
f 5245 5164 5415
f 5164 5196 5415
f 5164 5669 5196
f 5163 5164 5245
f 8178 8175 8666
f 8177 8175 8178
f 5444 5478 5669
f 5136 5221 5444
f 5669 5136 5444
f 5164 5136 5669
f 5134 5136 5163
f 5163 5136 5164
f 8177 8173 8175
f 8375 8173 8177
f 5221 5136 5135
f 5221 5135 5138
f 5132 5135 5134
f 5134 5135 5136
f 8375 8169 8173
f 8371 8169 8375
f 5138 5135 5137
f 5138 5137 5139
f 5216 5137 5132
f 5132 5137 5135
f 8371 8370 8169
f 8377 8370 8371
f 5139 5137 5140
f 5139 5140 5141
f 5603 5140 5216
f 5216 5140 5137
f 8377 8378 8370
f 8384 8378 8377
f 5141 5140 5142
f 5141 5142 5143
f 5217 5142 5603
f 5603 5142 5140
f 8384 8385 8378
f 8386 8385 8384
f 5143 5142 5089
f 5143 5089 5301
f 5090 5089 5217
f 5217 5089 5142
f 8386 8387 8385
f 8388 8387 8386
f 5301 5089 5087
f 5301 5087 5223
f 5091 5088 5090
f 5088 5089 5090
f 5088 5087 5089
f 5227 5088 5091
f 8388 8389 8387
f 8390 8389 8388
f 5086 5223 5087
f 5082 5083 5086
f 5087 5082 5086
f 5088 5082 5087
f 4837 5082 5227
f 5227 5082 5088
f 8390 8391 8389
f 8393 8391 8390
f 5083 5082 5081
f 5083 5081 5084
f 4832 5081 4837
f 4837 5081 5082
f 8393 8394 8391
f 8395 8394 8393
f 5084 5081 5392
f 5084 5392 4624
f 96 5392 4832
f 4832 5392 5081
f 8395 8396 8394
f 8397 8396 8395
f 4624 5392 4631
f 4624 4631 4622
f 95 5743 96
f 5743 5392 96
f 5743 4631 5392
f 4833 5743 95
f 8508 8143 8419
f 8418 8508 8419
f 8396 8418 8419
f 8397 8418 8396
f 4622 4631 4626
f 4622 4626 4623
f 5406 4631 5743
f 4626 4631 5406
f 4834 5406 4833
f 4833 5406 5743
f 8931 8141 8508
f 8508 8141 8143
f 8508 8418 8979
f 8508 8979 8931
f 4623 4626 4627
f 4623 4627 4629
f 4769 4626 5406
f 4627 4626 4769
f 5742 4769 4834
f 4834 4769 5406
f 8931 8140 8141
f 8513 8140 8931
f 8979 8513 8931
f 8596 8513 8979
f 109 4629 4627
f 4943 107 109
f 4627 4943 109
f 4769 4943 4627
f 5510 4943 5742
f 5742 4943 4769
f 8596 8966 8513
f 8517 8966 8596
f 107 4943 5422
f 107 5422 4815
f 5423 5422 5510
f 5510 5422 4943
f 8517 8130 8966
f 8515 8130 8517
f 4815 5422 5390
f 4815 5390 4532
f 5424 5390 5423
f 5423 5390 5422
f 8594 8128 8516
f 8128 8515 8516
f 8128 8130 8515
f 8529 8594 8516
f 4532 5390 4694
f 4532 4694 4530
f 5781 5440 5424
f 5440 5390 5424
f 5440 4694 5390
f 5701 5440 5781
f 8120 8125 8594
f 8594 8125 8128
f 8594 8529 8121
f 8594 8121 8120
f 4530 4694 4533
f 4530 4533 4528
f 4537 4694 5440
f 4533 4694 4537
f 4570 4537 5701
f 5701 4537 5440
f 8118 8124 8120
f 8120 8124 8125
f 8120 8121 8119
f 8120 8119 8118
f 4528 4533 4534
f 4528 4534 4589
f 4535 4533 4537
f 4534 4533 4535
f 4543 4535 4570
f 4570 4535 4537
f 8116 8604 8118
f 8118 8604 8124
f 8118 8119 8117
f 8118 8117 8116
f 4589 4534 4538
f 4589 4538 5483
f 4536 4534 4535
f 4538 4534 4536
f 4544 4536 4543
f 4543 4536 4535
f 8115 8112 8116
f 8112 8604 8116
f 8112 8110 8604
f 8115 8116 8117
f 115 5483 4538
f 4571 113 115
f 4538 4571 115
f 4536 4571 4538
f 4549 4571 4544
f 4544 4571 4536
f 8112 8111 8110
f 8113 8111 8112
f 113 4571 5698
f 113 5698 5410
f 5771 5698 4549
f 4549 5698 4571
f 8113 8602 8111
f 8584 8602 8113
f 5410 5698 4407
f 5410 4407 5531
f 4430 4565 5771
f 4565 5698 5771
f 4565 4407 5698
f 4429 4565 4430
f 8584 8612 8602
f 8583 8612 8584
f 5531 4407 4404
f 5531 4404 4402
f 4406 4407 4565
f 4404 4407 4406
f 4568 4406 4429
f 4429 4406 4565
f 8087 8086 8088
f 8090 8087 8088
f 8612 8090 8088
f 8583 8090 8612
f 4402 4404 4403
f 4402 4403 4400
f 4405 4404 4406
f 4403 4404 4405
f 4409 4405 4568
f 4568 4405 4406
f 8615 8084 8087
f 8087 8084 8086
f 8087 8090 8092
f 8087 8092 8615
f 4400 4403 5231
f 4400 5231 4388
f 4408 4403 4405
f 5231 4403 4408
f 4410 4408 4409
f 4409 4408 4405
f 8745 8082 8615
f 8615 8082 8084
f 8615 8092 8568
f 8615 8568 8745
f 4389 4388 5231
f 4415 4671 4389
f 5231 4415 4389
f 4408 4415 5231
f 5443 4415 4410
f 4410 4415 4408
f 8617 8081 8745
f 8745 8081 8082
f 8745 8568 8848
f 8745 8848 8617
f 4671 4415 4664
f 4671 4664 4663
f 4667 4664 5443
f 5443 4664 4415
f 8618 8616 8617
f 8617 8616 8081
f 8617 8848 8619
f 8617 8619 8618
f 4663 4664 4662
f 4663 4662 4661
f 4668 4662 4667
f 4667 4662 4664
f 8622 8621 8618
f 8618 8621 8616
f 8618 8619 8620
f 8618 8620 8622
f 4661 4662 4660
f 4661 4660 4659
f 5538 4666 4668
f 4666 4662 4668
f 4666 4660 4662
f 5610 4666 5538
f 8648 8965 8622
f 8622 8965 8621
f 8622 8620 8941
f 8622 8941 8648
f 4659 4660 4573
f 4659 4573 4396
f 4669 4660 4666
f 4573 4660 4669
f 5228 4669 5610
f 5610 4669 4666
f 8040 8065 8648
f 8648 8065 8965
f 8648 8941 8039
f 8648 8039 8040
f 4396 4573 4572
f 4396 4572 4376
f 5729 4573 4669
f 4572 4573 5729
f 5229 5729 5228
f 5228 5729 4669
f 8041 8042 8040
f 8040 8042 8065
f 8040 8039 8038
f 8040 8038 8041
f 4584 4376 4572
f 5428 5748 4584
f 4572 5428 4584
f 5729 5428 4572
f 4930 5428 5229
f 5229 5428 5729
f 8044 8043 8041
f 8041 8043 8042
f 8041 8038 8635
f 8041 8635 8044
f 5748 5428 4929
f 5748 4929 4939
f 4927 4929 4930
f 4930 4929 5428
f 8046 8045 8044
f 8044 8045 8043
f 8044 8635 8047
f 8044 8047 8046
f 4939 4929 4925
f 4939 4925 4912
f 4926 4925 4927
f 4927 4925 4929
f 8827 8057 8046
f 8046 8057 8045
f 8046 8047 8049
f 8046 8049 8827
f 4912 4925 4924
f 4912 4924 4911
f 4932 4924 4926
f 4926 4924 4925
f 8061 8977 8827
f 8827 8977 8057
f 8827 8049 8052
f 8827 8052 8061
f 4911 4924 4938
f 4911 4938 4914
f 5618 4938 4932
f 4932 4938 4924
f 8649 8737 8061
f 8061 8737 8977
f 8061 8052 8058
f 8061 8058 8649
f 4914 4938 5804
f 4914 5804 5796
f 5521 5804 5618
f 5618 5804 4938
f 9016 7995 8649
f 8649 7995 8737
f 8649 8058 8671
f 8649 8671 9016
f 5796 5804 5518
f 5796 5518 4270
f 5520 5518 5521
f 5521 5518 5804
f 8002 8782 9016
f 8782 7995 9016
f 8782 7986 7995
f 8002 9016 8671
f 4270 5518 4272
f 4270 4272 4265
f 5524 5519 5520
f 5519 5518 5520
f 5519 4272 5518
f 5810 5519 5524
f 8782 7983 7986
f 7982 7983 8782
f 4265 4272 4269
f 4265 4269 4263
f 5553 4272 5519
f 4269 4272 5553
f 5657 5553 5810
f 5810 5553 5519
f 7982 7980 7983
f 7981 7980 7982
f 4263 4269 4278
f 4263 4278 4261
f 5525 4269 5553
f 4278 4269 5525
f 5797 5525 5657
f 5657 5525 5553
f 7975 8949 7979
f 7978 7975 7979
f 7980 7978 7979
f 7981 7978 7980
f 4261 4278 4273
f 4261 4273 4262
f 5526 4278 5525
f 4273 4278 5526
f 4214 5526 5797
f 5797 5526 5525
f 7974 7973 7975
f 7975 7973 8949
f 7975 7978 7976
f 7975 7976 7974
f 4262 4273 4274
f 4262 4274 4275
f 4215 4273 5526
f 4274 4273 4215
f 4211 4215 4214
f 4214 4215 5526
f 8700 7972 7974
f 7974 7972 7973
f 7974 7976 7977
f 7974 7977 8700
f 4275 4274 5672
f 4275 5672 5298
f 4197 5672 4210
f 5672 4215 4210
f 5672 4274 4215
f 4210 4215 4211
f 8730 8937 8700
f 8700 8937 7972
f 8700 7977 8786
f 8700 8786 8730
f 5297 5296 4198
f 5295 5294 4198
f 5295 4198 5296
f 5294 5295 5298
f 5294 5298 5672
f 4191 5294 5672
f 4199 4191 5672
f 4199 5672 4197
f 8704 8702 8730
f 8730 8702 8937
f 8730 8786 8723
f 8730 8723 8704
f 4139 4140 4141
f 4144 5712 4141
f 4144 4141 4140
f 5712 4144 5297
f 5712 5297 4198
f 4212 5712 4198
f 4188 4212 4198
f 4188 4198 4189
f 4189 4198 5294
f 4189 5294 4191
f 8705 8703 8704
f 8704 8703 8702
f 8704 8723 8706
f 8704 8706 8705
f 5253 5425 5514
f 5650 4175 5514
f 5425 5650 5514
f 4179 5650 5425
f 4141 4142 4139
f 4142 4179 4139
f 4142 5650 4179
f 4142 4141 4143
f 4143 4141 5712
f 4143 5712 4212
f 8708 8707 8705
f 8705 8707 8703
f 8705 8706 8722
f 8705 8722 8708
f 4225 4223 4224
f 4221 5303 4224
f 4223 4221 4224
f 4222 4221 4223
f 5514 4173 5253
f 4173 4222 5253
f 4173 4221 4222
f 4173 5514 4175
f 8710 8709 8708
f 8708 8709 8707
f 8708 8722 8711
f 8708 8711 8710
f 4229 4228 4226
f 4226 4228 4225
f 4226 4225 4224
f 4227 4226 4224
f 4230 4227 4224
f 4230 4224 5303
f 8713 8721 8710
f 8710 8721 8709
f 8710 8711 8712
f 8710 8712 8713
f 1167 4233 1168
f 1168 4233 4229
f 1168 4229 4226
f 1169 1168 4226
f 4235 1169 4226
f 4235 4226 4227
f 8713 8720 8721
f 8714 8720 8713
f 8712 8714 8713
f 8715 8714 8712
f 1167 1168 1143
f 1167 1143 1153
f 1134 1143 1169
f 1169 1143 1168
f 8758 7933 8764
f 8718 8758 8764
f 8714 8718 8764
f 8715 8718 8714
f 1153 1143 1094
f 1153 1094 1109
f 1093 1094 1134
f 1134 1094 1143
f 8759 8773 8758
f 8758 8773 7933
f 8758 8718 8756
f 8758 8756 8759
f 1095 1109 1094
f 1096 1095 1077
f 1077 1095 1092
f 1095 1094 1092
f 1094 1093 1092
f 1072 1077 1092
f 8760 9014 8759
f 9014 8773 8759
f 9014 7927 8773
f 8760 8759 8756
f 1096 1077 1090
f 1096 1090 1110
f 1071 1075 1072
f 1075 1077 1072
f 1075 1090 1077
f 1076 1075 1071
f 7925 8978 7926
f 7923 7925 7926
f 7927 7923 7926
f 9014 7923 7927
f 1110 1090 1138
f 1110 1138 1142
f 1137 1090 1075
f 1138 1090 1137
f 1136 1137 1076
f 1076 1137 1075
f 7924 8853 7925
f 8853 8978 7925
f 8853 7946 8978
f 7924 7925 7923
f 3772 1142 1138
f 1038 3773 3772
f 1138 1038 3772
f 1137 1038 1138
f 1037 1038 1136
f 1136 1038 1137
f 3612 3597 7948
f 7948 3597 3596
f 7948 7946 8853
f 7948 8853 3612
f 1039 3773 1038
f 3779 1039 1026
f 1026 1039 1034
f 1039 1038 1034
f 1038 1037 1034
f 1025 1026 1034
f 3533 3480 3808
f 3533 3808 3898
f 3808 3598 3898
f 3808 3595 3598
f 3595 3596 3597
f 3595 3597 3598
f 971 3779 1026
f 971 1026 1025
f 969 971 1025
f 970 971 969
f 966 969 968
f 966 970 969
f 964 966 962
f 966 953 962
f 966 968 953
f 949 958 953
f 953 958 962
f 948 957 949
f 949 957 958
f 981 957 948
f 3473 3845 3468
f 3468 3845 3932
f 3465 3468 3467
f 3465 3473 3468
f 3467 3480 3533
f 3466 3467 3533
f 3465 3467 3466
f 3466 3533 3898
f 963 964 962
f 963 962 958
f 963 958 959
f 959 958 957
f 959 957 999
f 999 957 981
f 980 999 981
f 1000 999 980
f 1008 980 987
f 1008 1000 980
f 3391 987 988
f 3391 1008 987
f 3400 988 1003
f 3400 3391 988
f 3802 1003 3803
f 3802 3400 1003
f 3801 3803 3804
f 3801 3802 3803
f 3799 3804 3805
f 3799 3801 3804
f 3805 3932 3845
f 3805 3845 3799
f 6911 6843 6903
f 6911 6903 6779
f 6903 6640 6945
f 6843 6640 6903
f 6945 6554 6635
f 6640 6554 6945
f 6635 6552 6558
f 6554 6552 6635
f 6558 6551 6816
f 6552 6551 6558
f 6816 6555 6810
f 6551 6555 6816
f 6810 6846 6873
f 6555 6846 6810
f 6873 6577 6578
f 6846 6577 6873
f 6578 6574 6576
f 6577 6574 6578
f 6576 6575 6579
f 6574 6575 6576
f 6579 6580 6632
f 6575 6580 6579
f 6632 6860 6886
f 6580 6860 6632
f 6886 6905 6628
f 6860 6905 6886
f 6628 6619 6609
f 6905 6619 6628
f 6609 6611 6610
f 6619 6611 6609
f 6610 6612 6620
f 6611 6612 6610
f 6620 6615 6969
f 6612 6615 6620
f 6969 6854 6856
f 6615 6854 6969
f 6856 1300 1185
f 6854 1300 6856
f 1187 1185 1300
f 1187 1300 1301
f 6982 6667 6669
f 6669 6667 6660
f 6658 6669 6660
f 6917 6669 6658
f 6917 6671 6778
f 6658 6671 6917
f 6779 6778 6911
f 6911 6778 6671
f 1301 1189 1187
f 1187 1189 1188
f 1190 1213 1209
f 1188 1190 1209
f 1189 1190 1188
f 1192 1213 1190
f 6784 6786 6785
f 6786 6787 6785
f 6785 6787 6982
f 6787 6661 6982
f 6661 6667 6982
f 6667 6661 6660
f 1213 1197 1209
f 1196 1221 1198
f 1196 1198 1197
f 1192 1196 1197
f 1213 1192 1197
f 1200 1221 1196
f 7028 7029 6786
f 6784 7028 6786
f 7023 7028 6784
f 6786 7029 6787
f 1221 1263 1198
f 1322 1263 1221
f 1200 1322 1221
f 8873 1322 1200
f 7681 7028 7023
f 7681 7046 7028
f 8873 8872 1322
f 8874 8872 8873
f 7037 7011 7833
f 7011 7025 7833
f 7025 7681 7833
f 7025 7046 7681
f 8903 8905 8902
f 8905 8874 8902
f 8905 8872 8874
f 8901 8903 8902
f 7008 7011 7037
f 7008 7002 7011
f 7002 7025 7011
f 7002 7001 7025
f 8929 8990 8903
f 8903 8990 8905
f 8903 8901 8904
f 8903 8904 8929
f 7000 6989 6999
f 7001 7000 6999
f 7002 7000 7001
f 6989 6988 6999
f 8664 8347 8929
f 8929 8347 8990
f 8929 8904 1417
f 8929 1417 8664
f 7806 6989 7000
f 7806 6985 6989
f 6985 6988 6989
f 6985 6987 6988
f 1418 8342 8664
f 8342 8347 8664
f 8342 8344 8347
f 1418 8664 1417
f 6984 6987 6985
f 6984 6985 6983
f 6996 6984 4109
f 6984 4103 4109
f 6984 6983 4103
f 4104 4105 4103
f 4103 4105 4109
f 4106 4105 4104
f 8342 8343 8344
f 8341 8343 8342
f 7808 6996 4109
f 4110 5718 7808
f 4109 4110 7808
f 4105 4110 4109
f 5495 4110 4106
f 4106 4110 4105
f 8341 8665 8343
f 8340 8665 8341
f 5497 5718 4110
f 4110 5495 5497
f 5495 5496 5497
f 5495 5494 5496
f 8340 8330 8665
f 8332 8330 8340
f 105 5496 5494
f 105 5500 5496
f 8327 8331 8329
f 8328 8327 8329
f 8330 8328 8329
f 8332 8328 8330
f 105 104 5199
f 5209 105 5199
f 5500 105 5209
f 5194 5199 104
f 8325 8662 8327
f 8327 8662 8331
f 8327 8328 8326
f 8327 8326 8325
f 5209 5199 5192
f 5209 5192 5190
f 5193 5192 5194
f 5194 5192 5199
f 8182 8180 8325
f 8325 8180 8662
f 8325 8326 8184
f 8325 8184 8182
f 5190 5192 5191
f 5190 5191 5187
f 5208 5191 5193
f 5193 5191 5192
f 8183 8179 8182
f 8179 8180 8182
f 8179 8178 8180
f 8183 8182 8184
f 5187 5191 5607
f 5187 5607 5185
f 5478 5607 5208
f 5208 5607 5191
f 8179 8177 8178
f 8181 8177 8179
f 5185 5607 5188
f 5185 5188 5186
f 5444 5445 5478
f 5445 5607 5478
f 5445 5188 5607
f 5221 5445 5444
f 8181 8375 8177
f 8944 8375 8181
f 5247 5186 5188
f 5485 5319 5247
f 5188 5485 5247
f 5445 5485 5188
f 5138 5485 5221
f 5221 5485 5445
f 8944 8371 8375
f 8379 8371 8944
f 5319 5485 5407
f 5319 5407 5480
f 5139 5407 5138
f 5138 5407 5485
f 8379 8377 8371
f 8380 8377 8379
f 5480 5407 5219
f 5480 5219 5214
f 5141 5219 5139
f 5139 5219 5407
f 8380 8384 8377
f 8986 8384 8380
f 5214 5219 5144
f 5214 5144 5146
f 5143 5144 5141
f 5141 5144 5219
f 8986 8386 8384
f 8421 8386 8986
f 5146 5144 5145
f 5146 5145 5147
f 5301 5145 5143
f 5143 5145 5144
f 8421 8388 8386
f 8392 8388 8421
f 5147 5145 5148
f 5147 5148 5149
f 5223 5148 5301
f 5301 5148 5145
f 8392 8390 8388
f 8910 8390 8392
f 5149 5148 5157
f 5149 5157 5152
f 5086 5491 5223
f 5491 5148 5223
f 5491 5157 5148
f 5083 5491 5086
f 8910 8393 8390
f 8967 8393 8910
f 5155 5152 5157
f 5085 5210 5155
f 5157 5085 5155
f 5491 5085 5157
f 5084 5085 5083
f 5083 5085 5491
f 8967 8395 8393
f 8398 8395 8967
f 5210 5085 5308
f 5210 5308 4625
f 4624 5308 5084
f 5084 5308 5085
f 8766 8397 8399
f 8397 8398 8399
f 8397 8395 8398
f 8414 8766 8399
f 4625 5308 4621
f 4625 4621 4618
f 4622 4621 4624
f 4624 4621 5308
f 8416 8417 8766
f 8417 8397 8766
f 8417 8418 8397
f 8416 8766 8414
f 4618 4621 4619
f 4618 4619 4616
f 4623 4619 4622
f 4622 4619 4621
f 8417 8979 8418
f 8599 8979 8417
f 4616 4619 5482
f 4616 5482 4599
f 4629 5482 4623
f 4623 5482 4619
f 8595 8596 8598
f 8596 8599 8598
f 8596 8979 8599
f 8608 8595 8598
f 4599 5482 4600
f 4599 4600 4595
f 109 108 4629
f 108 5482 4629
f 108 4600 5482
f 107 108 109
f 8593 8517 8595
f 8595 8517 8596
f 8595 8608 8970
f 8595 8970 8593
f 4595 4600 4592
f 4595 4592 4594
f 4593 4600 108
f 4592 4600 4593
f 4815 4593 107
f 107 4593 108
f 8597 8515 8593
f 8593 8515 8517
f 8593 8970 8528
f 8593 8528 8597
f 4594 4592 4591
f 4594 4591 4628
f 4590 4592 4593
f 4591 4592 4590
f 4532 4590 4815
f 4815 4590 4593
f 8597 8516 8515
f 8529 8516 8597
f 8528 8529 8597
f 8527 8529 8528
f 4628 4591 112
f 4628 112 111
f 4531 4591 4590
f 112 4591 4531
f 4530 4531 4532
f 4532 4531 4590
f 8527 8121 8529
f 8591 8121 8527
f 110 111 112
f 4527 4525 110
f 112 4527 110
f 4531 4527 112
f 4528 4527 4530
f 4530 4527 4531
f 8591 8119 8121
f 8122 8119 8591
f 4525 4527 4524
f 4525 4524 4523
f 4589 4524 4528
f 4528 4524 4527
f 8122 8117 8119
f 8123 8117 8122
f 4523 4524 4519
f 4523 4519 4518
f 5483 4519 4589
f 4589 4519 4524
f 8114 8112 8115
f 8519 8114 8115
f 8117 8519 8115
f 8123 8519 8117
f 4518 4519 4517
f 4518 4517 4516
f 115 114 5483
f 114 4519 5483
f 114 4517 4519
f 113 114 115
f 8592 8113 8114
f 8114 8113 8112
f 8114 8519 9012
f 8114 9012 8592
f 4516 4517 4515
f 4516 4515 4514
f 4522 4517 114
f 4515 4517 4522
f 5410 4522 113
f 113 4522 114
f 8580 8584 8592
f 8592 8584 8113
f 8592 9012 8579
f 8592 8579 8580
f 4514 4515 4512
f 4514 4512 4513
f 4563 4515 4522
f 4512 4515 4563
f 5531 4563 5410
f 5410 4563 4522
f 8581 8583 8580
f 8580 8583 8584
f 8580 8579 8578
f 8580 8578 8581
f 4513 4512 4511
f 4513 4511 5745
f 4510 4512 4563
f 4511 4512 4510
f 4402 4510 5531
f 5531 4510 4563
f 8611 8090 8581
f 8581 8090 8583
f 8581 8578 9020
f 8581 9020 8611
f 4562 5745 4511
f 4401 4428 4562
f 4511 4401 4562
f 4510 4401 4511
f 4400 4401 4402
f 4402 4401 4510
f 8564 8092 8611
f 8611 8092 8090
f 8611 9020 8563
f 8611 8563 8564
f 4428 4401 4387
f 4428 4387 5649
f 4388 4387 4400
f 4400 4387 4401
f 8565 8568 8564
f 8564 8568 8092
f 8564 8563 8561
f 8564 8561 8565
f 5649 4387 4384
f 5649 4384 4382
f 4389 4386 4388
f 4386 4387 4388
f 4386 4384 4387
f 4671 4386 4389
f 8566 8567 8565
f 8567 8568 8565
f 8567 8848 8568
f 8566 8565 8561
f 4382 4384 4383
f 4382 4383 4381
f 4385 4384 4386
f 4383 4384 4385
f 4663 4385 4671
f 4671 4385 4386
f 8567 8619 8848
f 8623 8619 8567
f 4392 4381 4383
f 5306 5741 4392
f 4383 5306 4392
f 4385 5306 4383
f 4661 5306 4663
f 4663 5306 4385
f 8623 8620 8619
f 8624 8620 8623
f 5741 5306 4665
f 5741 4665 4377
f 4659 4665 4661
f 4661 4665 5306
f 8624 8941 8620
f 8060 8941 8624
f 4377 4665 5683
f 4377 5683 4399
f 4396 5683 4659
f 4659 5683 4665
f 8060 8039 8941
f 8037 8039 8060
f 4399 5683 4374
f 4399 4374 4360
f 4376 4374 4396
f 4396 4374 5683
f 8037 8038 8039
f 8034 8038 8037
f 4360 4374 4371
f 4360 4371 4365
f 4584 4375 4376
f 4375 4374 4376
f 4375 4371 4374
f 5748 4375 4584
f 8034 8635 8038
f 8035 8635 8034
f 4365 4371 4372
f 4365 4372 4397
f 4398 4371 4375
f 4372 4371 4398
f 4939 4398 5748
f 5748 4398 4375
f 8035 8047 8635
f 8050 8047 8035
f 124 4397 4372
f 5668 122 124
f 4372 5668 124
f 4398 5668 4372
f 4912 5668 4939
f 4939 5668 4398
f 8050 8049 8047
f 8051 8049 8050
f 122 5668 4909
f 122 4909 4560
f 4911 4909 4912
f 4912 4909 5668
f 8051 8052 8049
f 8053 8052 8051
f 4560 4909 4910
f 4560 4910 5246
f 4914 4910 4911
f 4911 4910 4909
f 8053 8058 8052
f 8059 8058 8053
f 5246 4910 5552
f 5246 5552 5250
f 5796 5552 4914
f 4914 5552 4910
f 8059 8671 8058
f 8005 8671 8059
f 4277 5249 4268
f 4268 5249 5250
f 5552 4268 5250
f 4271 4268 5552
f 4270 4271 5796
f 5796 4271 5552
f 7999 8782 8002
f 8001 7999 8002
f 8671 8001 8002
f 8005 8001 8671
f 4277 4268 4267
f 4277 4267 5663
f 4266 4268 4271
f 4267 4268 4266
f 4265 4266 4270
f 4270 4266 4271
f 7998 7982 7999
f 7999 7982 8782
f 7999 8001 8000
f 7999 8000 7998
f 5663 4267 4276
f 5663 4276 5754
f 4264 4267 4266
f 4276 4267 4264
f 4263 4264 4265
f 4265 4264 4266
f 7996 7981 7998
f 7998 7981 7982
f 7998 8000 8675
f 7998 8675 7996
f 5754 4276 4259
f 5754 4259 4923
f 4260 4276 4264
f 4259 4276 4260
f 4261 4260 4263
f 4263 4260 4264
f 8972 7978 7996
f 7996 7978 7981
f 7996 8675 8676
f 7996 8676 8972
f 4257 4923 4259
f 4258 4252 4257
f 4259 4258 4257
f 4260 4258 4259
f 4262 4258 4261
f 4261 4258 4260
f 8699 7976 8972
f 8972 7976 7978
f 8972 8676 8679
f 8972 8679 8699
f 4252 4258 4908
f 4252 4908 4251
f 4275 4908 4262
f 4262 4908 4258
f 8956 7977 8699
f 8699 7977 7976
f 8699 8679 8693
f 8699 8693 8956
f 4247 4249 5722
f 5722 4249 4251
f 4908 5722 4251
f 5744 5722 4908
f 5298 5744 4275
f 4275 5744 4908
f 8727 8725 8956
f 8725 7977 8956
f 8725 8786 7977
f 8727 8956 8693
f 4136 4138 4137
f 4202 5309 4137
f 4202 4137 4138
f 5309 4202 4247
f 5309 4247 5722
f 5297 5309 5722
f 5296 5297 5722
f 5296 5722 5295
f 5295 5722 5744
f 5295 5744 5298
f 8725 8723 8786
f 8724 8723 8725
f 4135 4126 4129
f 4127 4132 4129
f 4127 4129 4126
f 4132 4127 4136
f 4132 4136 4137
f 4139 4132 4137
f 4140 4139 4137
f 4140 4137 4144
f 4144 4137 5309
f 4144 5309 5297
f 8724 8706 8723
f 8935 8706 8724
f 4186 4182 4185
f 4184 5317 4185
f 4184 4185 4182
f 5317 4184 4135
f 5317 4135 4129
f 5253 5317 4129
f 5425 5253 4129
f 5425 4129 4179
f 4179 4129 4132
f 4179 4132 4139
f 8935 8722 8706
f 9003 8722 8935
f 4241 5439 5513
f 5513 5439 4186
f 5513 4186 4185
f 4225 5513 4185
f 4223 4225 4185
f 4223 4185 4222
f 4222 4185 5317
f 4222 5317 5253
f 9003 8711 8722
f 8719 8711 9003
f 4236 4240 4234
f 4234 4240 4241
f 4234 4241 5513
f 4229 4234 5513
f 4228 4229 5513
f 4228 5513 4225
f 8719 8712 8711
f 8716 8712 8719
f 911 4237 1170
f 1170 4237 4236
f 1170 4236 4234
f 1167 1170 4234
f 4233 1167 4234
f 4233 4234 4229
f 8716 8715 8712
f 8717 8715 8716
f 911 1170 1160
f 911 1160 910
f 1153 1160 1167
f 1167 1160 1170
f 8717 8718 8715
f 8755 8718 8717
f 910 1160 1113
f 910 1113 1141
f 1109 1113 1153
f 1153 1113 1160
f 8755 8756 8718
f 8757 8756 8755
f 1114 1141 1113
f 1115 1114 1097
f 1097 1114 1095
f 1114 1113 1095
f 1113 1109 1095
f 1096 1097 1095
f 8783 9014 8760
f 7917 8783 8760
f 8756 7917 8760
f 8757 7917 8756
f 1115 1097 1100
f 1115 1100 3763
f 1110 1100 1096
f 1096 1100 1097
f 8779 7921 8783
f 7921 9014 8783
f 7921 7923 9014
f 8779 8783 7917
f 1111 3763 1100
f 1100 1110 1111
f 1110 1112 1111
f 1110 1142 1112
f 8780 8853 7924
f 7922 8780 7924
f 7923 7922 7924
f 7921 7922 7923
f 3758 1112 1142
f 3758 1142 3772
f 3772 3773 3758
f 3758 3773 3926
f 3613 3599 3612
f 3612 3599 3597
f 3612 8853 8780
f 3851 3612 8780
f 3613 3612 3851
f 3851 8780 7922
f 3776 3926 3773
f 3776 3773 1039
f 1039 3779 3776
f 3776 3779 3775
f 3600 3807 3598
f 3598 3807 3898
f 3598 3597 3599
f 3598 3599 3600
f 972 3775 3779
f 972 3779 971
f 975 972 974
f 972 970 974
f 972 971 970
f 966 967 970
f 970 967 974
f 964 967 966
f 3850 3798 3800
f 3845 3473 3800
f 3473 3850 3800
f 3473 3464 3850
f 3462 3473 3465
f 3462 3464 3473
f 3463 3465 3466
f 3463 3462 3465
f 3466 3898 3807
f 3466 3807 3463
f 973 975 974
f 973 974 967
f 973 967 965
f 965 967 964
f 963 965 964
f 1001 965 963
f 1002 963 959
f 1002 1001 963
f 3888 959 999
f 3888 1002 959
f 3392 999 1000
f 3392 3888 999
f 3389 1000 1008
f 3389 3392 1000
f 3390 1008 3391
f 3390 3389 1008
f 3393 3391 3400
f 3393 3390 3391
f 3929 3400 3802
f 3929 3393 3400
f 3797 3802 3801
f 3797 3929 3802
f 3799 3800 3798
f 3797 3799 3798
f 3801 3799 3797
f 3800 3799 3845
f 6911 6653 6843
f 6843 6653 6645
f 6562 6843 6645
f 6640 6843 6562
f 6640 6559 6554
f 6562 6559 6640
f 6554 6553 6552
f 6559 6553 6554
f 6552 6535 6551
f 6553 6535 6552
f 6551 6534 6555
f 6535 6534 6551
f 6555 6547 6846
f 6534 6547 6555
f 6846 6637 6577
f 6547 6637 6846
f 6577 6571 6574
f 6637 6571 6577
f 6574 6572 6575
f 6571 6572 6574
f 6575 6585 6580
f 6572 6585 6575
f 6580 6817 6860
f 6585 6817 6580
f 6860 6819 6905
f 6817 6819 6860
f 6905 6966 6619
f 6819 6966 6905
f 6619 6630 6611
f 6966 6630 6619
f 6611 6613 6612
f 6630 6613 6611
f 6612 6614 6615
f 6613 6614 6612
f 6615 6634 6854
f 6614 6634 6615
f 6854 6855 1300
f 6634 6855 6854
f 1304 1302 1301
f 1300 1304 1301
f 6855 1304 1300
f 1303 1302 1304
f 6659 6656 6658
f 6659 6658 6660
f 6658 6654 6671
f 6656 6654 6658
f 6911 6671 6653
f 6671 6651 6653
f 6671 6654 6651
f 6653 6651 6645
f 1302 1189 1301
f 1303 1191 1302
f 1191 1189 1302
f 1191 1190 1189
f 1192 1190 1191
f 1192 1191 1193
f 7035 6662 6661
f 7035 6661 6787
f 6660 6661 6659
f 6659 6661 6662
f 1193 1195 1192
f 1192 1195 1196
f 1200 1196 1195
f 1200 1195 1201
f 7028 7030 7029
f 7030 7031 7029
f 7031 6787 7029
f 7031 7035 6787
f 8875 8873 8876
f 8873 1201 8876
f 8873 1200 1201
f 8877 8875 8876
f 7046 7034 7030
f 7046 7030 7028
f 7031 7030 7032
f 7032 7030 7034
f 8900 8874 8875
f 8875 8874 8873
f 8875 8877 8878
f 8875 8878 8900
f 7820 7047 7034
f 7046 7820 7034
f 7025 7820 7046
f 7034 7047 7032
f 8900 8902 8874
f 8901 8902 8900
f 8878 8901 8900
f 8898 8901 8878
f 7001 7820 7025
f 7001 7746 7820
f 8898 8904 8901
f 8959 8904 8898
f 7722 7746 7001
f 7722 7001 6999
f 6999 6988 7722
f 7722 6988 6998
f 8959 1417 8904
f 1409 1417 8959
f 6987 6998 6988
f 6987 6991 6998
f 1416 8342 1418
f 1413 1416 1418
f 1417 1413 1418
f 1409 1413 1417
f 6990 6991 6987
f 6990 6987 6984
f 6984 6996 6990
f 6990 6996 7027
f 1411 1419 1416
f 1419 8342 1416
f 1419 8341 8342
f 1411 1416 1413
f 7809 7027 6996
f 7809 6996 7808
f 7808 5718 7809
f 7809 5718 5719
f 1419 8340 8341
f 8334 8340 1419
f 5718 5497 5498
f 5504 5718 5498
f 5719 5718 5504
f 5496 5498 5497
f 8334 8332 8340
f 8333 8332 8334
f 5504 5498 5499
f 5504 5499 5502
f 5500 5499 5496
f 5496 5499 5498
f 8333 8328 8332
f 8368 8328 8333
f 5502 5499 5501
f 5502 5501 5503
f 5209 5501 5500
f 5500 5501 5499
f 8368 8326 8328
f 8858 8326 8368
f 5503 5501 5629
f 5503 5629 5725
f 5190 5629 5209
f 5209 5629 5501
f 8858 8184 8326
f 8369 8184 8858
f 5220 5725 5629
f 5629 5190 5220
f 5190 5184 5220
f 5190 5187 5184
f 8653 8185 8183
f 8183 8185 8179
f 8183 8184 8369
f 8183 8369 8653
f 5185 5184 5187
f 5185 5183 5184
f 8185 8181 8179
f 8667 8181 8185
f 5186 5183 5185
f 5186 5218 5183
f 8667 8944 8181
f 8382 8944 8667
f 5186 5247 5318
f 5648 5186 5318
f 5218 5186 5648
f 5319 5318 5247
f 8382 8379 8944
f 8381 8379 8382
f 5648 5318 5327
f 5648 5327 5715
f 5480 5327 5319
f 5319 5327 5318
f 8381 8380 8379
f 8383 8380 8381
f 5715 5327 5789
f 5715 5789 5738
f 5214 5789 5480
f 5480 5789 5327
f 8383 8986 8380
f 8413 8986 8383
f 5738 5789 5647
f 5738 5647 5162
f 5146 5647 5214
f 5214 5647 5789
f 8413 8421 8986
f 8410 8421 8413
f 5162 5647 5225
f 5162 5225 5158
f 5147 5225 5146
f 5146 5225 5647
f 8410 8392 8421
f 8412 8392 8410
f 5158 5225 5150
f 5158 5150 5153
f 5149 5150 5147
f 5147 5150 5225
f 8412 8910 8392
f 8408 8910 8412
f 5153 5150 5151
f 5153 5151 5156
f 5152 5151 5149
f 5149 5151 5150
f 8408 8967 8910
f 8415 8967 8408
f 5156 5151 118
f 5156 118 117
f 5155 5154 5152
f 5154 5151 5152
f 5154 118 5151
f 5210 5154 5155
f 8415 8398 8967
f 8402 8398 8415
f 116 117 118
f 5307 5782 116
f 118 5307 116
f 5154 5307 118
f 4625 5307 5210
f 5210 5307 5154
f 8399 8398 8400
f 8398 8401 8400
f 8398 8402 8401
f 8400 8414 8399
f 5782 5307 4620
f 5782 4620 5628
f 4618 4620 4625
f 4625 4620 5307
f 8400 8401 8416
f 8401 8417 8416
f 8401 8834 8417
f 8400 8416 8414
f 5628 4620 4617
f 5628 4617 4630
f 4616 4617 4618
f 4618 4617 4620
f 8600 8599 8601
f 8599 8834 8601
f 8599 8417 8834
f 8606 8600 8601
f 4630 4617 4614
f 4630 4614 4615
f 4599 4614 4616
f 4616 4614 4617
f 8600 8598 8599
f 8608 8598 8600
f 8606 8608 8600
f 8784 8608 8606
f 4615 4614 4598
f 4615 4598 4670
f 4595 4598 4599
f 4599 4598 4614
f 8784 8970 8608
f 8589 8970 8784
f 4670 4598 4596
f 4670 4596 4601
f 4594 4596 4595
f 4595 4596 4598
f 8589 8528 8970
f 8526 8528 8589
f 4601 4596 4597
f 4601 4597 4602
f 4628 4597 4594
f 4594 4597 4596
f 8526 8527 8528
f 8524 8527 8526
f 4602 4597 5687
f 4602 5687 4606
f 111 5687 4628
f 4628 5687 4597
f 8524 8591 8527
f 8521 8591 8524
f 4606 5687 5414
f 4606 5414 4608
f 110 4529 111
f 4529 5687 111
f 4529 5414 5687
f 4525 4529 110
f 8521 8122 8591
f 8520 8122 8521
f 5233 4608 5414
f 4526 5564 5233
f 5414 4526 5233
f 4529 4526 5414
f 4523 4526 4525
f 4525 4526 4529
f 8520 8123 8122
f 8960 8123 8520
f 5564 4526 4555
f 5564 4555 5747
f 4518 4555 4523
f 4523 4555 4526
f 8960 8519 8123
f 8926 8519 8960
f 5747 4555 4520
f 5747 4520 5566
f 4516 4520 4518
f 4518 4520 4555
f 8926 9012 8519
f 8582 9012 8926
f 5566 4520 4521
f 5566 4521 5536
f 4514 4521 4516
f 4516 4521 4520
f 8582 8579 9012
f 8576 8579 8582
f 5536 4521 5612
f 5536 5612 4483
f 4513 5612 4514
f 4514 5612 4521
f 8576 8578 8579
f 8577 8578 8576
f 4483 5612 4489
f 4483 4489 4481
f 5745 4489 4513
f 4513 4489 5612
f 8577 9020 8578
f 8570 9020 8577
f 4481 4489 4485
f 4481 4485 4482
f 4562 5409 5745
f 5409 4489 5745
f 5409 4485 4489
f 4428 5409 4562
f 8570 8563 9020
f 8560 8563 8570
f 4482 4485 121
f 4482 121 120
f 4503 4485 5409
f 121 4485 4503
f 5649 4503 4428
f 4428 4503 5409
f 8560 8561 8563
f 8559 8561 8560
f 119 120 121
f 4393 4391 119
f 121 4393 119
f 4503 4393 121
f 4382 4393 5649
f 5649 4393 4503
f 9033 8567 8566
f 8569 9033 8566
f 8561 8569 8566
f 8559 8569 8561
f 4391 4393 4380
f 4391 4380 4390
f 4381 4380 4382
f 4382 4380 4393
f 8629 8625 9033
f 8625 8567 9033
f 8625 8623 8567
f 8629 9033 8569
f 4390 4380 4378
f 4390 4378 4464
f 4392 4379 4381
f 4379 4380 4381
f 4379 4378 4380
f 5741 4379 4392
f 8625 8624 8623
f 8626 8624 8625
f 4464 4378 4362
f 4464 4362 5685
f 4363 4378 4379
f 4362 4378 4363
f 4377 4363 5741
f 5741 4363 4379
f 8626 8060 8624
f 8636 8060 8626
f 5685 4362 4357
f 5685 4357 4354
f 4361 4362 4363
f 4357 4362 4361
f 4399 4361 4377
f 4377 4361 4363
f 8636 8037 8060
f 8032 8037 8636
f 4354 4357 4356
f 4354 4356 4355
f 4358 4357 4361
f 4356 4357 4358
f 4360 4358 4399
f 4399 4358 4361
f 8032 8034 8037
f 8033 8034 8032
f 4587 4355 4356
f 4359 4367 4587
f 4356 4359 4587
f 4358 4359 4356
f 4365 4359 4360
f 4360 4359 4358
f 8940 8035 8062
f 8035 8033 8062
f 8035 8034 8033
f 8064 8940 8062
f 4367 4359 4366
f 4367 4366 4368
f 4397 4366 4365
f 4365 4366 4359
f 8056 8050 8940
f 8940 8050 8035
f 8940 8064 8639
f 8940 8639 8056
f 4368 4366 4369
f 4368 4369 5695
f 124 123 4397
f 123 4366 4397
f 123 4369 4366
f 122 123 124
f 8054 8051 8056
f 8056 8051 8050
f 8056 8639 8856
f 8056 8856 8054
f 5695 4369 4373
f 5695 4373 4308
f 4370 4369 123
f 4373 4369 4370
f 4560 4370 122
f 122 4370 123
f 8055 8053 8054
f 8054 8053 8051
f 8054 8856 8650
f 8054 8650 8055
f 4308 4373 5646
f 4308 5646 4299
f 4394 4373 4370
f 5646 4373 4394
f 5246 4394 4560
f 4560 4394 4370
f 8646 8672 8055
f 8672 8053 8055
f 8672 8059 8053
f 8646 8055 8650
f 4299 5646 5805
f 4299 5805 4303
f 5809 5646 4394
f 5805 5646 5809
f 5250 5809 5246
f 5246 5809 4394
f 8672 8005 8059
f 8004 8005 8672
f 4303 5805 5651
f 4303 5651 4294
f 4277 5651 5249
f 5651 5809 5249
f 5651 5805 5809
f 5249 5809 5250
f 8004 8001 8005
f 8003 8001 8004
f 4294 5651 5557
f 4294 5557 4306
f 5663 5557 4277
f 4277 5557 5651
f 8003 8000 8001
f 8769 8000 8003
f 4306 5557 5558
f 4306 5558 5768
f 5754 5558 5663
f 5663 5558 5557
f 8769 8675 8000
f 8677 8675 8769
f 5768 5558 4255
f 5768 4255 4256
f 4923 4255 5754
f 5754 4255 5558
f 8677 8676 8675
f 8678 8676 8677
f 4256 4255 4254
f 4256 4254 4279
f 4257 4253 4923
f 4253 4255 4923
f 4253 4254 4255
f 4252 4253 4257
f 8678 8679 8676
f 8680 8679 8678
f 4279 4254 5069
f 4279 5069 4248
f 4250 4254 4253
f 5069 4254 4250
f 4251 4250 4252
f 4252 4250 4253
f 8680 8693 8679
f 8694 8693 8680
f 4248 5069 4246
f 4248 4246 4245
f 4247 4246 4249
f 4246 4250 4249
f 4246 5069 4250
f 4249 4250 4251
f 8726 8725 8727
f 9002 8726 8727
f 8693 9002 8727
f 8694 9002 8693
f 4133 5416 4178
f 4138 4136 4178
f 5416 4138 4178
f 4217 4138 5416
f 4246 4202 4245
f 4202 4217 4245
f 4202 4138 4217
f 4202 4246 4247
f 8728 8724 8726
f 8726 8724 8725
f 8726 9002 8729
f 8726 8729 8728
f 5671 4124 5252
f 4126 4135 5252
f 4124 4126 5252
f 4125 4126 4124
f 4178 4127 4133
f 4127 4125 4133
f 4127 4126 4125
f 4127 4178 4136
f 8732 8935 8728
f 8728 8935 8724
f 8728 8729 8731
f 8728 8731 8732
f 4204 4181 4183
f 4182 4186 4183
f 4181 4182 4183
f 4123 4182 4181
f 5252 4184 5671
f 4184 4123 5671
f 4184 4182 4123
f 4184 5252 4135
f 8734 9003 8732
f 8732 9003 8935
f 8732 8731 8733
f 8732 8733 8734
f 4239 5773 5662
f 5662 5773 4204
f 5662 4204 4183
f 4241 5662 4183
f 5439 4241 4183
f 5439 4183 4186
f 8955 8719 8734
f 8734 8719 9003
f 8734 8733 8735
f 8734 8735 8955
f 884 892 4238
f 4238 892 4239
f 4238 4239 5662
f 4236 4238 5662
f 4240 4236 5662
f 4240 5662 4241
f 8800 8716 8955
f 8955 8716 8719
f 8955 8735 8909
f 8955 8909 8800
f 884 4238 4237
f 911 884 4237
f 876 884 911
f 4237 4238 4236
f 7905 8717 8800
f 8800 8717 8716
f 8800 8909 7904
f 8800 7904 7905
f 910 876 911
f 910 877 876
f 8799 8755 7905
f 7905 8755 8717
f 7905 7904 7903
f 7905 7903 8799
f 1141 877 910
f 1141 906 877
f 7907 8801 8799
f 8801 8755 8799
f 8801 8757 8755
f 7907 8799 7903
f 1141 1114 3766
f 3770 1141 3766
f 906 1141 3770
f 1115 3766 1114
f 8801 7917 8757
f 7915 7917 8801
f 3765 3770 3766
f 3766 1115 3765
f 1115 3764 3765
f 1115 3763 3764
f 7919 7921 8779
f 7916 7919 8779
f 7917 7916 8779
f 7915 7916 7917
f 3762 3764 3763
f 3762 3763 1111
f 1111 1112 3762
f 3762 1112 3744
f 7918 7920 7919
f 7920 7921 7919
f 7920 7922 7921
f 7918 7919 7916
f 3742 3744 1112
f 3742 1112 3758
f 3758 3926 3742
f 3742 3926 3732
f 3601 3599 3613
f 3601 3613 3603
f 3613 3605 3603
f 3613 3851 3605
f 3851 7922 7920
f 3851 7920 3605
f 3926 3776 3774
f 3743 3926 3774
f 3732 3926 3743
f 3775 3774 3776
f 3937 3484 3600
f 3600 3484 3807
f 3600 3599 3601
f 3602 3600 3601
f 3937 3600 3602
f 3602 3601 3603
f 3740 3743 3774
f 1011 3740 990
f 990 3740 972
f 3740 3774 972
f 3774 3775 972
f 975 990 972
f 3791 3795 3796
f 3798 3850 3796
f 3850 3791 3796
f 3850 3908 3791
f 3470 3850 3464
f 3470 3908 3850
f 3459 3464 3462
f 3459 3470 3464
f 3460 3462 3463
f 3460 3459 3462
f 3463 3807 3484
f 3463 3484 3460
f 989 1011 990
f 989 990 975
f 973 989 975
f 3746 989 973
f 3748 973 965
f 3748 3746 973
f 3853 965 1001
f 3853 3748 965
f 3402 1001 1002
f 3402 3853 1001
f 3381 1002 3888
f 3381 3402 1002
f 3384 3888 3392
f 3384 3381 3888
f 3386 3392 3389
f 3386 3384 3392
f 3388 3389 3390
f 3388 3386 3389
f 3394 3390 3393
f 3394 3388 3390
f 3897 3393 3929
f 3897 3394 3393
f 3797 3796 3795
f 3897 3797 3795
f 3929 3797 3897
f 3796 3797 3798
f 6641 6563 6562
f 6641 6562 6645
f 6562 6561 6559
f 6563 6561 6562
f 6559 6560 6553
f 6561 6560 6559
f 6553 6636 6535
f 6560 6636 6553
f 6535 6532 6534
f 6636 6532 6535
f 6534 6533 6547
f 6532 6533 6534
f 6547 6548 6637
f 6533 6548 6547
f 6637 6569 6571
f 6548 6569 6637
f 6571 6570 6572
f 6569 6570 6571
f 6572 6573 6585
f 6570 6573 6572
f 6585 6788 6817
f 6573 6788 6585
f 6817 6818 6819
f 6788 6818 6817
f 6819 6820 6966
f 6818 6820 6819
f 6966 6827 6630
f 6820 6827 6966
f 6630 6621 6613
f 6827 6621 6630
f 6613 6617 6614
f 6621 6617 6613
f 6614 6622 6634
f 6617 6622 6614
f 6634 6957 6855
f 6622 6957 6634
f 6855 1330 1304
f 6957 1330 6855
f 1303 1304 1330
f 1303 1330 1329
f 6659 6732 6656
f 6656 6732 6668
f 6655 6656 6668
f 6654 6656 6655
f 6654 6652 6651
f 6655 6652 6654
f 6645 6651 6641
f 6641 6651 6652
f 1329 1312 1303
f 1303 1312 1191
f 1194 1219 1193
f 1191 1194 1193
f 1312 1194 1191
f 1217 1219 1194
f 7035 7036 6662
f 7036 6663 6662
f 6662 6663 6659
f 6663 6664 6659
f 6664 6732 6659
f 6732 6664 6668
f 1219 1195 1193
f 1216 1267 1201
f 1216 1201 1195
f 1217 1216 1195
f 1219 1217 1195
f 1268 1267 1216
f 7033 7816 7036
f 7035 7033 7036
f 7031 7033 7035
f 7036 7816 6663
f 1267 8876 1201
f 8877 8876 1267
f 1268 8877 1267
f 8879 8877 1268
f 7032 7033 7031
f 7032 7038 7033
f 8879 8878 8877
f 8953 8878 8879
f 7820 7752 7047
f 7752 7039 7047
f 7039 7032 7047
f 7039 7038 7032
f 8897 8898 8896
f 8898 8953 8896
f 8898 8878 8953
f 1415 8897 8896
f 7746 7791 7752
f 7746 7752 7820
f 7039 7752 7725
f 7725 7752 7791
f 1428 1401 8897
f 1401 8898 8897
f 1401 8959 8898
f 1428 8897 1415
f 7722 7791 7746
f 7722 6998 7791
f 6998 7725 7791
f 6998 6995 7725
f 1401 1409 8959
f 1408 1409 1401
f 6991 6992 6993
f 6995 6991 6993
f 6998 6991 6995
f 6992 6994 6993
f 1408 1413 1409
f 1406 1413 1408
f 6990 6992 6991
f 6990 7027 6992
f 7027 6994 6992
f 7027 7744 6994
f 1410 1412 1411
f 1411 1412 1419
f 1411 1413 1406
f 1411 1406 1410
f 7678 7744 7027
f 7678 7027 7809
f 7809 5719 7678
f 7678 5719 7098
f 1412 8334 1419
f 8335 8334 1412
f 5504 7098 5719
f 5504 7097 7098
f 8335 8333 8334
f 9011 8333 8335
f 5502 7097 5504
f 5502 7096 7097
f 8855 8659 8661
f 9011 8855 8661
f 8368 9011 8661
f 8333 9011 8368
f 5503 7096 5502
f 5503 5727 7096
f 8661 8659 8660
f 8660 8659 8658
f 8660 8858 8368
f 8660 8368 8661
f 5725 5727 5503
f 5725 5726 5727
f 8660 8658 8768
f 8768 8658 8654
f 8768 8369 8858
f 8768 8858 8660
f 5725 5220 5189
f 5222 5725 5189
f 5726 5725 5222
f 5184 5189 5220
f 8768 8654 8653
f 8654 8185 8653
f 8654 8655 8185
f 8768 8653 8369
f 5222 5189 5182
f 5222 5182 5180
f 5183 5182 5184
f 5184 5182 5189
f 8655 8667 8185
f 3037 8667 8655
f 5180 5182 5181
f 5180 5181 5178
f 5218 5181 5183
f 5183 5181 5182
f 3037 8382 8667
f 3035 8382 3037
f 5178 5181 5721
f 5178 5721 5174
f 5648 5721 5218
f 5218 5721 5181
f 3035 8381 8382
f 3036 8381 3035
f 5174 5721 5176
f 5174 5176 5172
f 5715 5176 5648
f 5648 5176 5721
f 3036 8383 8381
f 8697 8383 3036
f 5172 5176 5175
f 5172 5175 5169
f 5738 5175 5715
f 5715 5175 5176
f 8697 8413 8383
f 8409 8413 8697
f 5169 5175 5211
f 5169 5211 5166
f 5162 5211 5738
f 5738 5211 5175
f 8409 8410 8413
f 8407 8410 8409
f 5166 5211 5161
f 5166 5161 5165
f 5158 5161 5162
f 5162 5161 5211
f 8407 8412 8410
f 8406 8412 8407
f 5165 5161 5159
f 5165 5159 5304
f 5153 5159 5158
f 5158 5159 5161
f 8406 8408 8412
f 8405 8408 8406
f 5160 5304 5159
f 5159 5153 5160
f 5153 5393 5160
f 5153 5156 5393
f 8405 8415 8408
f 8404 8415 8405
f 117 5393 5156
f 117 5591 5393
f 8404 8402 8415
f 8403 8402 8404
f 117 116 5783
f 5592 117 5783
f 5591 117 5592
f 5782 5783 116
f 8403 8401 8402
f 8411 8401 8403
f 5592 5783 5597
f 5592 5597 5595
f 5628 5597 5782
f 5782 5597 5783
f 8411 8834 8401
f 8673 8834 8411
f 5595 5597 5596
f 5595 5596 5583
f 4630 5596 5628
f 5628 5596 5597
f 8601 8834 8607
f 8834 8542 8607
f 8834 8673 8542
f 8607 8606 8601
f 5583 5596 5605
f 5583 5605 5571
f 4615 5605 4630
f 4630 5605 5596
f 8542 8613 8607
f 8606 8607 8613
f 8614 8606 8613
f 8784 8606 8614
f 5571 5605 5569
f 5571 5569 5570
f 4670 5569 4615
f 4615 5569 5605
f 8952 8586 8936
f 8614 8952 8936
f 8589 8614 8936
f 8784 8614 8589
f 5570 5569 4604
f 5570 4604 5634
f 4601 4604 4670
f 4670 4604 5569
f 8586 8841 8936
f 8589 8936 8841
f 8525 8589 8841
f 8526 8589 8525
f 5634 4604 4603
f 5634 4603 4613
f 4602 4603 4601
f 4601 4603 4604
f 8525 8524 8526
f 8523 8524 8525
f 4613 4603 4605
f 4613 4605 4609
f 4606 4605 4602
f 4602 4605 4603
f 8523 8521 8524
f 8522 8521 8523
f 4609 4605 4607
f 4609 4607 4632
f 4608 4607 4606
f 4606 4607 4605
f 8522 8520 8521
f 8588 8520 8522
f 4632 4607 4611
f 4632 4611 5441
f 5233 4610 4608
f 4610 4607 4608
f 4610 4611 4607
f 5564 4610 5233
f 8588 8960 8520
f 8844 8960 8588
f 4759 5441 4611
f 4612 4760 4759
f 4611 4612 4759
f 4610 4612 4611
f 5747 4612 5564
f 5564 4612 4610
f 8844 8926 8960
f 8925 8926 8844
f 4760 4612 4761
f 4760 4761 5720
f 5566 4761 5747
f 5747 4761 4612
f 8925 8582 8926
f 8575 8582 8925
f 5720 4761 5537
f 5720 5537 5756
f 5536 5537 5566
f 5566 5537 4761
f 8575 8576 8582
f 8574 8576 8575
f 5756 5537 5535
f 5756 5535 4480
f 4483 5535 5536
f 5536 5535 5537
f 8574 8577 8576
f 8815 8577 8574
f 4480 5535 4478
f 4480 4478 4475
f 4481 4478 4483
f 4483 4478 5535
f 8815 8570 8577
f 8562 8570 8815
f 4475 4478 4477
f 4475 4477 4473
f 4482 4477 4481
f 4481 4477 4478
f 8562 8560 8570
f 8558 8560 8562
f 4473 4477 4488
f 4473 4488 4470
f 120 4488 4482
f 4482 4488 4477
f 8558 8559 8560
f 8557 8559 8558
f 4470 4488 4467
f 4470 4467 4469
f 119 4466 120
f 4466 4488 120
f 4466 4467 4488
f 4391 4466 119
f 8571 8628 9034
f 8557 8571 9034
f 8569 8557 9034
f 8559 8557 8569
f 4469 4467 4468
f 4469 4468 4486
f 4395 4467 4466
f 4468 4467 4395
f 4390 4395 4391
f 4391 4395 4466
f 9034 8628 8629
f 8628 8625 8629
f 8628 8627 8625
f 9034 8629 8569
f 4486 4468 4487
f 4486 4487 4340
f 5706 4468 4395
f 4487 4468 5706
f 4464 5706 4390
f 4390 5706 4395
f 8627 8626 8625
f 8030 8626 8627
f 4340 4487 4804
f 4340 4804 4339
f 5670 4487 5706
f 4804 4487 5670
f 5685 5670 4464
f 4464 5670 5706
f 8030 8636 8626
f 8029 8636 8030
f 4339 4804 4344
f 4339 4344 4343
f 4353 4804 5670
f 4344 4804 4353
f 4354 4353 5685
f 5685 4353 5670
f 8029 8032 8636
f 8031 8032 8029
f 4343 4344 4351
f 4343 4351 5714
f 4352 4344 4353
f 4351 4344 4352
f 4355 4352 4354
f 4354 4352 4353
f 8031 8033 8032
f 8036 8033 8031
f 5779 5714 4351
f 4724 4313 5779
f 4351 4724 5779
f 4352 4724 4351
f 4587 4364 4355
f 4364 4352 4355
f 4364 4724 4352
f 4367 4364 4587
f 8062 8033 8063
f 8033 8849 8063
f 8033 8036 8849
f 8063 8064 8062
f 4313 4724 4311
f 4313 4311 4312
f 5776 4724 4364
f 4311 4724 5776
f 4368 5776 4367
f 4367 5776 4364
f 8849 8637 8063
f 8064 8063 8637
f 8638 8064 8637
f 8639 8064 8638
f 4312 4311 4307
f 4312 4307 5047
f 4310 4311 5776
f 4307 4311 4310
f 5695 4310 4368
f 4368 4310 5776
f 8641 8643 8642
f 8638 8641 8642
f 8856 8638 8642
f 8639 8638 8856
f 5047 4307 4301
f 5047 4301 4302
f 4305 4307 4310
f 4301 4307 4305
f 4308 4305 5695
f 5695 4305 4310
f 8642 8643 8644
f 8644 8643 8645
f 8644 8650 8856
f 8644 8856 8642
f 4300 4302 4301
f 4298 4297 4300
f 4301 4298 4300
f 4305 4298 4301
f 4299 4298 4308
f 4308 4298 4305
f 8644 8645 8646
f 8645 8672 8646
f 8645 8007 8672
f 8644 8646 8650
f 4297 4298 4296
f 4297 4296 4295
f 4303 4296 4299
f 4299 4296 4298
f 8007 8004 8672
f 8006 8004 8007
f 4295 4296 4293
f 4295 4293 4292
f 4294 4293 4303
f 4303 4293 4296
f 8006 8003 8004
f 8670 8003 8006
f 4292 4293 4291
f 4292 4291 4289
f 4306 4291 4294
f 4294 4291 4293
f 8670 8769 8003
f 8975 8769 8670
f 4289 4291 4290
f 4289 4290 4287
f 5768 4290 4306
f 4306 4290 4291
f 8975 8677 8769
f 8695 8677 8975
f 4287 4290 4945
f 4287 4945 4284
f 4256 4945 5768
f 5768 4945 4290
f 8695 8678 8677
f 8681 8678 8695
f 4284 4945 4280
f 4284 4280 4283
f 4279 4280 4256
f 4256 4280 4945
f 8681 8680 8678
f 8682 8680 8681
f 5710 4913 4282
f 4282 4913 4283
f 4280 4282 4283
f 4281 4282 4280
f 4248 4281 4279
f 4279 4281 4280
f 8682 8694 8680
f 8685 8694 8682
f 5474 5476 5475
f 5475 5476 5710
f 4282 5475 5710
f 5764 5475 4282
f 5300 4282 4281
f 5764 4282 5300
f 4245 5300 4248
f 4248 5300 4281
f 8685 9002 8694
f 8842 9002 8685
f 5474 5475 4134
f 5474 4134 4218
f 4133 4134 5416
f 4134 5764 5416
f 4134 5475 5764
f 5416 5764 4217
f 4217 5764 5300
f 4217 5300 4245
f 8842 8729 9002
f 6311 8729 8842
f 4117 4120 4130
f 4124 5671 4130
f 4120 4124 4130
f 4122 4124 4120
f 4134 4125 4218
f 4125 4122 4218
f 4125 4124 4122
f 4125 4134 4133
f 6311 8731 8729
f 8736 8731 6311
f 875 889 4187
f 4181 4204 4187
f 889 4181 4187
f 4118 4181 889
f 4130 4123 4117
f 4123 4118 4117
f 4123 4181 4118
f 4123 4130 5671
f 9029 8733 9030
f 8733 8736 9030
f 8733 8731 8736
f 7895 9029 9030
f 875 4187 5773
f 4239 875 5773
f 874 875 4239
f 5773 4187 4204
f 7897 8735 9029
f 9029 8735 8733
f 9029 7895 7894
f 9029 7894 7897
f 839 865 892
f 839 892 884
f 4239 892 874
f 874 892 865
f 7898 8909 7897
f 7897 8909 8735
f 7897 7894 7896
f 7897 7896 7898
f 876 839 884
f 876 838 839
f 7899 7900 7898
f 7900 8909 7898
f 7900 7904 8909
f 7899 7898 7896
f 877 838 876
f 877 837 838
f 7900 7903 7904
f 7902 7903 7900
f 906 837 877
f 906 890 837
f 7908 8801 7907
f 7906 7908 7907
f 7903 7906 7907
f 7902 7906 7903
f 3770 890 906
f 3770 3942 890
f 7910 7915 7908
f 7908 7915 8801
f 7908 7906 7909
f 7908 7909 7910
f 3767 3942 3770
f 3767 3770 3765
f 3765 3764 3767
f 3767 3764 3768
f 7911 7912 7910
f 7912 7915 7910
f 7912 7916 7915
f 7911 7910 7909
f 3858 3768 3764
f 3858 3764 3762
f 3762 3744 3858
f 3858 3744 3749
f 8778 8775 7918
f 7918 8775 7920
f 7918 7916 7912
f 7918 7912 8778
f 3731 3749 3744
f 3731 3744 3742
f 3742 3732 3731
f 3731 3732 3730
f 3606 3604 3605
f 3605 3604 3603
f 3605 7920 8775
f 3605 8775 3606
f 3743 3730 3732
f 3743 3733 3730
f 3618 3461 3937
f 3937 3461 3484
f 3780 3937 3602
f 3780 3618 3937
f 3602 3603 3604
f 3602 3604 3780
f 3736 3733 3743
f 3736 3743 3740
f 3740 1011 3736
f 3736 1011 3737
f 3341 3857 3794
f 3793 3792 3794
f 3794 3792 3341
f 3795 3791 3793
f 3791 3792 3793
f 3791 3789 3792
f 3787 3791 3908
f 3787 3789 3791
f 3457 3908 3470
f 3457 3787 3908
f 3456 3470 3459
f 3456 3457 3470
f 3458 3459 3460
f 3458 3456 3459
f 3460 3484 3461
f 3460 3461 3458
f 3739 3737 1011
f 3739 1011 989
f 3745 989 3746
f 3745 3739 989
f 3747 3746 3748
f 3747 3745 3746
f 3403 3748 3853
f 3403 3747 3748
f 3382 3853 3402
f 3382 3403 3853
f 3379 3402 3381
f 3379 3382 3402
f 3380 3381 3384
f 3380 3379 3381
f 3385 3384 3386
f 3385 3380 3384
f 3387 3386 3388
f 3387 3385 3386
f 3394 3794 3857
f 3387 3394 3857
f 3388 3394 3387
f 3794 3394 3897
f 3794 3897 3793
f 3793 3897 3795
f 6686 6565 6563
f 6686 6563 6641
f 6563 6564 6561
f 6565 6564 6563
f 6561 6567 6560
f 6564 6567 6561
f 6560 6528 6636
f 6567 6528 6560
f 6636 6529 6532
f 6528 6529 6636
f 6532 6531 6533
f 6529 6531 6532
f 6533 6557 6548
f 6531 6557 6533
f 6548 6550 6569
f 6557 6550 6548
f 6569 6568 6570
f 6550 6568 6569
f 6570 6587 6573
f 6568 6587 6570
f 6573 6795 6788
f 6587 6795 6573
f 6788 6830 6818
f 6795 6830 6788
f 6818 6821 6820
f 6830 6821 6818
f 6820 6822 6827
f 6821 6822 6820
f 6827 6975 6621
f 6822 6975 6827
f 6621 6927 6617
f 6975 6927 6621
f 6617 6976 6622
f 6927 6976 6617
f 6622 6380 6957
f 6976 6380 6622
f 6957 6375 1330
f 6380 6375 6957
f 1327 1328 1329
f 1330 1327 1329
f 6375 1327 1330
f 1326 1328 1327
f 6670 6941 6655
f 6670 6655 6668
f 6655 6657 6652
f 6941 6657 6655
f 6641 6652 6686
f 6686 6652 6657
f 1328 1312 1329
f 1326 1243 1328
f 1243 1312 1328
f 1243 1194 1312
f 1217 1194 1243
f 1217 1243 127
f 6665 6666 6664
f 6665 6664 6663
f 6668 6664 6670
f 6670 6664 6666
f 127 126 1217
f 1217 126 1216
f 1268 1216 126
f 1268 126 1292
f 7033 7050 7816
f 7050 7817 7816
f 7817 6663 7816
f 7817 6665 6663
f 1292 8879 1268
f 8880 8879 1292
f 7038 7041 7050
f 7038 7050 7033
f 7817 7050 7043
f 7043 7050 7041
f 8880 8953 8879
f 8899 8953 8880
f 7040 7042 7041
f 7038 7040 7041
f 7039 7040 7038
f 7041 7042 7043
f 8899 8895 8953
f 8953 8895 8896
f 1415 8896 8895
f 1415 8895 1405
f 7725 7040 7039
f 7725 7048 7040
f 1400 1401 1428
f 1396 1400 1428
f 1415 1396 1428
f 1405 1396 1415
f 6995 6997 7697
f 7048 6995 7697
f 7725 6995 7048
f 6997 7051 7697
f 1389 1391 1400
f 1391 1401 1400
f 1391 1408 1401
f 1389 1400 1396
f 6993 6997 6995
f 6993 6994 6997
f 6994 7051 6997
f 6994 7052 7051
f 1391 1406 1408
f 130 1406 1391
f 7744 7052 6994
f 7744 7056 7052
f 129 1414 1410
f 1410 1414 1412
f 1410 1406 130
f 1410 130 129
f 7105 7056 7744
f 7105 7744 7678
f 7678 7098 7105
f 7105 7098 7060
f 8337 8338 8336
f 1414 8337 8336
f 8335 1414 8336
f 1412 1414 8335
f 7097 7060 7098
f 7097 7103 7060
f 8336 8338 8339
f 8339 8338 2678
f 8339 9011 8335
f 8339 8335 8336
f 7096 7103 7097
f 7096 7095 7103
f 8339 2678 8855
f 2678 8659 8855
f 2678 2679 8659
f 8339 8855 9011
f 5727 7095 7096
f 5727 7071 7095
f 2679 8658 8659
f 3082 8658 2679
f 5726 7071 5727
f 5726 7099 7071
f 3082 8654 8658
f 8656 8654 3082
f 5222 7099 5726
f 5222 7076 7099
f 8656 8655 8654
f 8657 8655 8656
f 5180 7076 5222
f 5180 5179 7076
f 2694 2692 2704
f 8657 2694 2704
f 3037 8657 2704
f 8655 8657 3037
f 5178 5179 5180
f 5178 5177 5179
f 2704 2692 2705
f 2705 2692 2695
f 2705 3035 3037
f 2705 3037 2704
f 5174 5177 5178
f 5174 5173 5177
f 2705 2695 3034
f 3034 2695 3186
f 3034 3036 3035
f 3034 3035 2705
f 5172 5173 5174
f 5172 5171 5173
f 3034 3186 2769
f 2769 3186 2768
f 2769 8697 3036
f 2769 3036 3034
f 5169 5171 5172
f 5169 5168 5171
f 2768 2767 2769
f 8697 2769 2767
f 2753 8697 2767
f 8409 8697 2753
f 5166 5168 5169
f 5166 5167 5168
f 2753 8407 8409
f 2750 8407 2753
f 5165 5167 5166
f 5165 5170 5167
f 2750 8406 8407
f 2751 8406 2750
f 5304 5170 5165
f 5304 5402 5170
f 2751 8405 8406
f 2754 8405 2751
f 5304 5160 5723
f 5405 5304 5723
f 5402 5304 5405
f 5393 5723 5160
f 2754 8404 8405
f 2757 8404 2754
f 5405 5723 5589
f 5405 5589 5588
f 5591 5589 5393
f 5393 5589 5723
f 2757 8403 8404
f 2393 8403 2757
f 5588 5589 5587
f 5588 5587 5586
f 5592 5587 5591
f 5591 5587 5589
f 2393 8411 8403
f 2385 8411 2393
f 133 5586 5587
f 5587 5592 133
f 5592 131 133
f 5592 5595 131
f 2385 8673 8411
f 8541 8673 2385
f 5583 131 5595
f 5583 5577 131
f 8541 8542 8673
f 8540 8542 8541
f 5571 5577 5583
f 5571 5572 5577
f 8613 8542 8674
f 8542 8538 8674
f 8542 8540 8538
f 8674 8614 8613
f 5570 5572 5571
f 5570 5573 5572
f 8674 8538 8952
f 8538 8586 8952
f 8538 8536 8586
f 8674 8952 8614
f 5634 5573 5570
f 5634 5812 5573
f 8841 8586 8531
f 8586 8532 8531
f 8586 8536 8532
f 8531 8525 8841
f 4613 5812 5634
f 4613 5505 5812
f 8531 8532 8530
f 8530 8532 8533
f 8530 8523 8525
f 8530 8525 8531
f 4609 5505 4613
f 4609 5325 5505
f 8530 8533 8603
f 8603 8533 8534
f 8603 8522 8523
f 8603 8523 8530
f 4632 5325 4609
f 4632 5752 5325
f 8603 8534 8968
f 8968 8534 8535
f 8968 8588 8522
f 8968 8522 8603
f 5441 5752 4632
f 5441 4688 5752
f 8968 8535 8585
f 8585 8535 8543
f 8585 8844 8588
f 8585 8588 8968
f 5441 4759 5737
f 4683 5441 5737
f 4688 5441 4683
f 4760 5737 4759
f 8543 8545 8585
f 8844 8585 8545
f 8587 8844 8545
f 8925 8844 8587
f 4683 5737 4719
f 4683 4719 4561
f 5720 4719 4760
f 4760 4719 5737
f 8587 8575 8925
f 8548 8575 8587
f 4561 4719 4586
f 4561 4586 4497
f 5756 4586 5720
f 5720 4586 4719
f 8548 8574 8575
f 8549 8574 8548
f 4497 4586 5542
f 4497 5542 4484
f 4480 5542 5756
f 5756 5542 4586
f 8549 8815 8574
f 8551 8815 8549
f 4484 5542 4476
f 4484 4476 4479
f 4475 4476 4480
f 4480 4476 5542
f 8551 8562 8815
f 8572 8562 8551
f 4479 4476 4474
f 4479 4474 4509
f 4473 4474 4475
f 4475 4474 4476
f 8572 8558 8562
f 8555 8558 8572
f 4509 4474 4472
f 4509 4472 4490
f 4470 4472 4473
f 4473 4472 4474
f 8555 8557 8558
f 8556 8557 8555
f 4490 4472 4471
f 4490 4471 4491
f 4469 4471 4470
f 4470 4471 4472
f 8573 8816 8571
f 8571 8816 8628
f 8571 8557 8556
f 8571 8556 8573
f 4491 4471 4502
f 4491 4502 5661
f 4486 4502 4469
f 4469 4502 4471
f 8816 8627 8628
f 8647 8627 8816
f 5661 4502 5711
f 5661 5711 4342
f 4340 5711 4486
f 4486 5711 4502
f 8647 8030 8627
f 8027 8030 8647
f 4342 5711 4338
f 4342 4338 4335
f 4339 4338 4340
f 4340 4338 5711
f 8027 8029 8030
f 8028 8029 8027
f 4335 4338 4337
f 4335 4337 4327
f 4343 4337 4339
f 4339 4337 4338
f 8028 8031 8029
f 8913 8031 8028
f 4327 4337 4693
f 4327 4693 4322
f 5714 4693 4343
f 4343 4693 4337
f 8913 8036 8031
f 8020 8036 8913
f 5799 4322 4693
f 4317 5799 4349
f 4349 5799 5779
f 5799 4693 5779
f 4693 5714 5779
f 4313 4349 5779
f 8020 8849 8036
f 8019 8849 8020
f 4317 4349 4314
f 4317 4314 4316
f 4312 4314 4313
f 4313 4314 4349
f 8637 8849 8640
f 8849 8021 8640
f 8849 8019 8021
f 8640 8638 8637
f 4316 4314 4315
f 4316 4315 4319
f 5047 4315 4312
f 4312 4315 4314
f 8640 8021 8641
f 8021 8643 8641
f 8021 8845 8643
f 8640 8641 8638
f 4319 4315 4329
f 4319 4329 4330
f 4302 4329 5047
f 5047 4329 4315
f 8845 8645 8643
f 8669 8645 8845
f 4330 4329 4331
f 4330 4331 4332
f 4300 4811 4302
f 4811 4329 4302
f 4811 4331 4329
f 4297 4811 4300
f 8669 8007 8645
f 8008 8007 8669
f 4332 4331 4333
f 4332 4333 4937
f 4304 4331 4811
f 4333 4331 4304
f 4295 4304 4297
f 4297 4304 4811
f 8008 8006 8007
f 8009 8006 8008
f 4937 4333 5788
f 4937 5788 4840
f 4767 4333 4304
f 5788 4333 4767
f 4292 4767 4295
f 4295 4767 4304
f 8009 8670 8006
f 8847 8670 8009
f 4840 5788 4723
f 4840 4723 4803
f 5739 5788 4767
f 4723 5788 5739
f 4289 5739 4292
f 4292 5739 4767
f 8847 8975 8670
f 8763 8975 8847
f 4803 4723 4309
f 4803 4309 5433
f 4288 4723 5739
f 4309 4723 4288
f 4287 4288 4289
f 4289 4288 5739
f 8763 8695 8975
f 8930 8695 8763
f 5433 4309 4872
f 5433 4872 5397
f 4286 4309 4288
f 4872 4309 4286
f 4284 4286 4287
f 4287 4286 4288
f 8930 8681 8695
f 8683 8681 8930
f 5397 4872 5396
f 5397 5396 5479
f 4285 4872 4286
f 5396 4872 4285
f 4283 4285 4284
f 4284 4285 4286
f 8683 8682 8681
f 8684 8682 8683
f 5479 5396 5800
f 5479 5800 5049
f 5710 5800 4913
f 5800 4285 4913
f 5800 5396 4285
f 4913 4285 4283
f 8684 8685 8682
f 8696 8685 8684
f 5049 5800 5476
f 5474 5049 5476
f 5477 5049 5474
f 5476 5800 5710
f 8696 8842 8685
f 9000 8842 8696
f 4200 5761 5760
f 5761 5477 5760
f 5477 4218 5760
f 5477 5474 4218
f 6276 6311 6275
f 6311 9000 6275
f 6311 8842 9000
f 6272 6276 6275
f 4119 4121 4120
f 4119 4120 4117
f 5760 4122 4200
f 4122 4121 4200
f 4122 4120 4121
f 4122 5760 4218
f 9031 8736 6276
f 6276 8736 6311
f 6276 6272 6270
f 6276 6270 9031
f 824 870 889
f 824 889 875
f 889 888 4118
f 870 888 889
f 4117 4118 4119
f 4119 4118 888
f 9031 9030 8736
f 7895 9030 9031
f 6270 7895 9031
f 6269 7895 6270
f 874 824 875
f 874 823 824
f 6269 7894 7895
f 7893 7894 6269
f 818 819 865
f 818 865 839
f 874 865 823
f 823 865 819
f 7893 7896 7894
f 8803 7896 7893
f 838 818 839
f 838 822 818
f 7901 7900 7899
f 8802 7901 7899
f 7896 8802 7899
f 8803 8802 7896
f 837 822 838
f 837 821 822
f 8957 7902 7901
f 7901 7902 7900
f 7901 8802 8805
f 7901 8805 8957
f 890 821 837
f 890 840 821
f 8790 7906 8957
f 8957 7906 7902
f 8957 8805 8794
f 8957 8794 8790
f 3942 840 890
f 3942 3928 840
f 8791 8789 8790
f 8789 7906 8790
f 8789 7909 7906
f 8791 8790 8794
f 3942 3767 3777
f 3757 3942 3777
f 3928 3942 3757
f 3768 3777 3767
f 7914 7912 7911
f 7913 7914 7911
f 7909 7913 7911
f 8789 7913 7909
f 3756 3757 3777
f 3756 3777 3768
f 3858 3756 3768
f 3915 3756 3858
f 3858 3749 3915
f 3915 3749 3727
f 8776 8775 8778
f 8777 8776 8778
f 8777 8778 7912
f 8946 8777 7912
f 7914 8946 7912
f 8946 7914 7913
f 3728 3727 3749
f 3728 3749 3731
f 3731 3730 3728
f 3728 3730 3729
f 3540 3604 3606
f 3442 3540 3606
f 3442 3606 8775
f 3443 3442 8775
f 8776 3443 8775
f 3443 8776 8777
f 3733 3735 3734
f 3729 3733 3734
f 3730 3733 3729
f 3735 3738 3734
f 3469 3461 3618
f 3469 3618 3905
f 3618 3446 3905
f 3618 3780 3446
f 3780 3604 3540
f 3441 3780 3540
f 3446 3780 3441
f 3441 3540 3442
f 3736 3735 3733
f 3736 3737 3735
f 3737 3738 3735
f 3737 3945 3738
f 3338 3827 3544
f 3857 3341 3544
f 3341 3338 3544
f 3341 3339 3338
f 3848 3341 3792
f 3848 3339 3341
f 3881 3792 3789
f 3881 3848 3792
f 3788 3789 3787
f 3788 3881 3789
f 3472 3787 3457
f 3472 3788 3787
f 3454 3457 3456
f 3454 3472 3457
f 3455 3456 3458
f 3455 3454 3456
f 3458 3461 3469
f 3471 3458 3469
f 3455 3458 3471
f 3471 3469 3905
f 3741 3945 3737
f 3741 3737 3739
f 3938 3739 3745
f 3938 3741 3739
f 3895 3745 3747
f 3895 3938 3745
f 3910 3747 3403
f 3910 3895 3747
f 3383 3403 3382
f 3383 3910 3403
f 3378 3382 3379
f 3378 3383 3382
f 3377 3379 3380
f 3377 3378 3379
f 3404 3380 3385
f 3404 3377 3380
f 3387 3544 3827
f 3404 3387 3827
f 3385 3387 3404
f 3544 3387 3857
f 6686 6961 6565
f 6565 6961 6936
f 6566 6565 6936
f 6564 6565 6566
f 6564 6524 6567
f 6566 6524 6564
f 6567 6525 6528
f 6524 6525 6567
f 6528 6527 6529
f 6525 6527 6528
f 6529 6530 6531
f 6527 6530 6529
f 6531 6536 6557
f 6530 6536 6531
f 6557 6539 6550
f 6536 6539 6557
f 6550 6544 6568
f 6539 6544 6550
f 6568 6825 6587
f 6544 6825 6568
f 6587 6831 6795
f 6825 6831 6587
f 6795 6880 6830
f 6831 6880 6795
f 6830 6862 6821
f 6880 6862 6830
f 6821 6934 6822
f 6862 6934 6821
f 6822 6926 6975
f 6934 6926 6822
f 6975 6392 6927
f 6926 6392 6975
f 6927 6381 6976
f 6392 6381 6927
f 6976 6377 6380
f 6381 6377 6976
f 6380 6374 6375
f 6377 6374 6380
f 6375 6373 1327
f 6374 6373 6375
f 1287 1286 1326
f 1327 1287 1326
f 6373 1287 1327
f 1285 1286 1287
f 6670 6974 6941
f 6941 6974 6900
f 6894 6941 6900
f 6657 6941 6894
f 6686 6657 6961
f 6657 6895 6961
f 6657 6894 6895
f 6961 6895 6936
f 1286 1243 1326
f 1257 125 127
f 1257 127 1243
f 1285 1257 1243
f 1286 1285 1243
f 1275 125 1257
f 6665 6790 6666
f 6790 6960 6666
f 6666 6960 6670
f 6960 6901 6670
f 6901 6974 6670
f 6974 6901 6900
f 125 126 127
f 1279 1293 1292
f 1279 1292 126
f 1275 1279 126
f 125 1275 126
f 1291 1293 1279
f 7120 7119 6790
f 6665 7120 6790
f 7817 7120 6665
f 6790 7119 6960
f 8881 8880 1293
f 1293 8880 1292
f 1293 1291 8882
f 1293 8882 8881
f 7043 7120 7817
f 7043 7850 7120
f 8894 8899 8881
f 8881 8899 8880
f 8881 8882 8883
f 8881 8883 8894
f 7040 7044 7042
f 7044 7045 7042
f 7045 7043 7042
f 7045 7850 7043
f 8894 8895 8899
f 1405 8895 8894
f 8883 1405 8894
f 1399 1405 8883
f 7048 7049 7044
f 7048 7044 7040
f 7045 7044 7849
f 7849 7044 7049
f 1399 1396 1405
f 1395 1396 1399
f 7697 7049 7048
f 7697 7051 7049
f 7051 7849 7049
f 7051 7053 7849
f 1387 1388 1389
f 1389 1388 1391
f 1389 1396 1395
f 1389 1395 1387
f 7052 7053 7051
f 7052 7054 7053
f 1390 1393 128
f 1388 1390 128
f 130 1388 128
f 1391 1388 130
f 7056 7058 7057
f 7054 7056 7057
f 7052 7056 7054
f 7058 7059 7057
f 1394 1421 1407
f 1394 1407 1393
f 1393 1407 128
f 1407 1414 128
f 1414 129 128
f 128 129 130
f 7105 7058 7056
f 7105 7060 7058
f 7060 7059 7058
f 7060 7061 7059
f 1407 1421 8337
f 1421 8338 8337
f 1421 1429 8338
f 1407 8337 1414
f 7103 7061 7060
f 7103 7805 7061
f 2686 2674 2677
f 1429 2686 2677
f 2678 1429 2677
f 8338 1429 2678
f 7095 7805 7103
f 7095 7069 7805
f 2677 2674 2675
f 2675 2674 2672
f 2675 2679 2678
f 2675 2678 2677
f 7071 7069 7095
f 7071 7070 7069
f 2675 2672 2685
f 2685 2672 2671
f 2685 3082 2679
f 2685 2679 2675
f 7099 7070 7071
f 7099 7073 7070
f 2685 2671 3102
f 3102 2671 2682
f 3102 8656 3082
f 3102 3082 2685
f 7076 7073 7099
f 7076 7075 7073
f 3102 2682 2693
f 2693 2682 2907
f 2693 8657 8656
f 2693 8656 3102
f 5179 7075 7076
f 5179 7077 7075
f 2688 2689 2690
f 2688 2690 2907
f 2907 2690 2693
f 2690 2692 2693
f 2692 2694 2693
f 2693 2694 8657
f 5177 7077 5179
f 5177 7078 7077
f 2690 2689 2691
f 2691 2689 3203
f 2691 2695 2692
f 2691 2692 2690
f 5173 7078 5177
f 5173 7080 7078
f 2691 3203 2746
f 2746 3203 2592
f 2746 3186 2695
f 2746 2695 2691
f 5171 7080 5173
f 5171 7081 7080
f 2746 2592 2658
f 2658 2592 2591
f 2658 2768 3186
f 2658 3186 2746
f 5168 7081 5171
f 5168 7082 7081
f 2591 2595 2658
f 2595 2708 2874
f 2595 2874 2767
f 2658 2595 2767
f 2768 2658 2767
f 2874 2753 2767
f 5167 7082 5168
f 5167 7090 7082
f 2874 2708 2748
f 2748 2708 2747
f 2748 2750 2753
f 2748 2753 2874
f 5170 7090 5167
f 5170 5403 7090
f 2748 2747 2749
f 2749 2747 2755
f 2749 2751 2750
f 2749 2750 2748
f 5402 5403 5170
f 5402 5404 5403
f 2749 2755 2752
f 2752 2755 3048
f 2752 2754 2751
f 2752 2751 2749
f 5405 5404 5402
f 5405 5673 5404
f 2752 3048 2756
f 2756 3048 3156
f 2756 2757 2754
f 2756 2754 2752
f 5588 5673 5405
f 5588 5590 5673
f 2756 3156 3067
f 3067 3156 2390
f 3067 2393 2757
f 3067 2757 2756
f 5586 5590 5588
f 5586 5594 5590
f 3067 2390 2383
f 2383 2390 2279
f 2383 2385 2393
f 2383 2393 3067
f 5586 133 132
f 5585 5586 132
f 5594 5586 5585
f 131 132 133
f 2383 2279 2280
f 2280 2279 2277
f 2280 8541 2385
f 2280 2385 2383
f 5585 132 5584
f 5585 5584 5593
f 5577 5584 131
f 131 5584 132
f 2280 2277 2568
f 2568 2277 2183
f 2568 8540 8541
f 2568 8541 2280
f 5593 5584 5600
f 5593 5600 5598
f 5572 5600 5577
f 5577 5600 5584
f 2568 2183 8539
f 8539 2183 2182
f 8539 8538 8540
f 8539 8540 2568
f 5598 5600 5574
f 5598 5574 5576
f 5573 5574 5572
f 5572 5574 5600
f 8539 2182 8537
f 8537 2182 2184
f 8537 8536 8538
f 8537 8538 8539
f 5576 5574 5575
f 5576 5575 5578
f 5812 5575 5573
f 5573 5575 5574
f 8537 2184 3033
f 3033 2184 2973
f 3033 8532 8536
f 3033 8536 8537
f 5578 5575 5579
f 5578 5579 5580
f 5505 5579 5812
f 5812 5579 5575
f 3033 2973 2975
f 2975 2973 2974
f 2975 8533 8532
f 2975 8532 3033
f 5580 5579 5813
f 5580 5813 5528
f 5325 5813 5505
f 5505 5813 5579
f 2974 2976 2975
f 8533 2975 2976
f 3191 8533 2976
f 8534 8533 3191
f 5528 5813 5527
f 5528 5527 4692
f 5752 5527 5325
f 5325 5527 5813
f 3191 8535 8534
f 2698 8535 3191
f 4692 5527 4687
f 4692 4687 4686
f 4688 4687 5752
f 5752 4687 5527
f 2698 8543 8535
f 2287 8543 2698
f 4686 4687 4684
f 4686 4684 4685
f 4683 4684 4688
f 4688 4684 4687
f 8545 8543 8544
f 8543 2288 8544
f 8543 2287 2288
f 8544 8587 8545
f 4685 4684 4682
f 4685 4682 5732
f 4561 4682 4683
f 4683 4682 4684
f 8544 2288 8546
f 8546 2288 2942
f 8546 8548 8587
f 8546 8587 8544
f 5732 4682 4508
f 5732 4508 4585
f 4497 4508 4561
f 4561 4508 4682
f 8546 2942 8547
f 8547 2942 2944
f 8547 8549 8548
f 8547 8548 8546
f 4585 4508 4496
f 4585 4496 4498
f 4484 4496 4497
f 4497 4496 4508
f 8547 2944 8550
f 8550 2944 2946
f 8550 8551 8549
f 8550 8549 8547
f 4498 4496 4495
f 4498 4495 4499
f 4479 4495 4484
f 4484 4495 4496
f 8550 2946 8552
f 8552 2946 3106
f 8552 8572 8551
f 8552 8551 8550
f 4566 4499 4495
f 4495 4479 4566
f 4479 4494 4566
f 4479 4509 4494
f 8552 3106 8553
f 8553 3106 2316
f 8553 8555 8572
f 8553 8572 8552
f 4569 5811 4493
f 5811 4494 4493
f 4494 4490 4493
f 4494 4509 4490
f 8553 2316 8554
f 8554 2316 2259
f 8554 8556 8555
f 8554 8555 8553
f 4569 4493 4492
f 4569 4492 4940
f 4491 4492 4490
f 4490 4492 4493
f 8554 2259 8573
f 2259 8816 8573
f 2259 2260 8816
f 8554 8573 8556
f 4505 4940 4492
f 4492 4491 4505
f 4491 5686 4505
f 4491 5661 5686
f 2260 8647 8816
f 8026 8647 2260
f 4342 5686 5661
f 4342 4336 5686
f 8026 8027 8647
f 8025 8027 8026
f 4335 4336 4342
f 4335 4334 4336
f 8025 8028 8027
f 8651 8028 8025
f 4327 4334 4335
f 4327 4324 4334
f 8651 8913 8028
f 8022 8913 8651
f 4322 4324 4327
f 4322 4323 4324
f 8022 8020 8913
f 8018 8020 8022
f 4322 5799 4320
f 4321 4322 4320
f 4323 4322 4321
f 4317 4320 5799
f 8018 8019 8020
f 8017 8019 8018
f 4321 4320 4318
f 4321 4318 5697
f 4316 4318 4317
f 4317 4318 4320
f 8017 8021 8019
f 8015 8021 8017
f 5697 4318 4328
f 5697 4328 4905
f 4319 4328 4316
f 4316 4328 4318
f 8015 8845 8021
f 8993 8845 8015
f 4905 4328 5702
f 4905 5702 4810
f 4330 5702 4319
f 4319 5702 4328
f 8993 8669 8845
f 8011 8669 8993
f 4348 4810 5702
f 5702 4330 4348
f 4330 4346 4348
f 4330 4332 4346
f 8011 8008 8669
f 8010 8008 8011
f 4937 4346 4332
f 4937 5767 4346
f 8010 8009 8008
f 8016 8009 8010
f 4840 5767 4937
f 4840 4873 5767
f 8016 8847 8009
f 8762 8847 8016
f 4803 4873 4840
f 4803 4874 4873
f 8762 8763 8847
f 8761 8763 8762
f 5433 4874 4803
f 5433 5654 4874
f 8761 8930 8763
f 8689 8930 8761
f 5397 5654 5433
f 5397 4888 5654
f 8689 8683 8930
f 8686 8683 8689
f 5479 4888 5397
f 5479 4886 4888
f 8686 8684 8683
f 8687 8684 8686
f 4887 4885 5048
f 4885 4886 5048
f 4886 5049 5048
f 4886 5479 5049
f 8687 8696 8684
f 8691 8696 8687
f 4887 5048 5794
f 4887 5794 5680
f 5477 5794 5049
f 5049 5794 5048
f 8691 9000 8696
f 8932 9000 8691
f 4128 898 4131
f 4131 898 5680
f 4131 5680 5794
f 4200 4131 5794
f 5761 4200 5794
f 5761 5794 5477
f 8932 6273 9000
f 9000 6273 6275
f 6272 6275 6273
f 6272 6273 6271
f 4128 4131 4121
f 4119 4128 4121
f 887 4128 4119
f 4121 4131 4200
f 6271 6270 6272
f 6268 6270 6271
f 824 817 870
f 870 817 801
f 864 870 801
f 888 870 864
f 4119 888 887
f 887 888 864
f 6268 6269 6270
f 6257 6269 6268
f 789 791 817
f 824 789 817
f 823 789 824
f 817 791 801
f 7892 7893 6255
f 7893 6257 6255
f 7893 6269 6257
f 6253 7892 6255
f 818 812 819
f 812 785 819
f 785 823 819
f 785 789 823
f 7890 8803 7892
f 7892 8803 7893
f 7892 6253 7891
f 7892 7891 7890
f 766 768 812
f 818 766 812
f 822 766 818
f 812 768 785
f 7889 7888 7890
f 7888 8803 7890
f 7888 8802 8803
f 7889 7890 7891
f 821 766 822
f 821 765 766
f 7888 8805 8802
f 7887 8805 7888
f 840 765 821
f 840 776 765
f 7887 8794 8805
f 8808 8794 7887
f 3928 776 840
f 3928 863 776
f 8792 8789 8791
f 8793 8792 8791
f 8794 8793 8791
f 8808 8793 8794
f 3757 863 3928
f 3757 3769 863
f 8795 8828 8792
f 8828 8789 8792
f 8828 7913 8789
f 8795 8792 8793
f 3752 3769 3757
f 3752 3757 3756
f 3750 3756 3915
f 3750 3752 3756
f 3915 3727 3750
f 3750 3727 3726
f 145 144 8946
f 8946 144 8777
f 8946 7913 8828
f 8946 8828 145
f 3725 3726 3727
f 3725 3727 3728
f 3728 3729 3725
f 3725 3729 3778
f 3444 3440 3443
f 3443 3440 3442
f 3443 8777 144
f 3443 144 3444
f 3933 3778 3729
f 3933 3729 3734
f 3734 3738 3933
f 3933 3738 3374
f 3283 3782 3446
f 3446 3782 3905
f 3282 3446 3441
f 3282 3283 3446
f 3441 3442 3440
f 3441 3440 3282
f 3945 3373 3372
f 3374 3945 3372
f 3738 3945 3374
f 3545 3370 3373
f 3373 3370 3372
f 3369 3367 3545
f 3545 3367 3370
f 3396 3365 3369
f 3369 3365 3367
f 3889 3362 3396
f 3396 3362 3365
f 3375 3360 3889
f 3889 3360 3362
f 3376 3343 3375
f 3375 3343 3360
f 3927 3397 3376
f 3376 3397 3343
f 3827 3338 3927
f 3338 3397 3927
f 3338 3336 3397
f 3337 3338 3339
f 3337 3336 3338
f 3342 3339 3848
f 3342 3337 3339
f 3410 3848 3881
f 3410 3342 3848
f 3536 3881 3788
f 3536 3410 3881
f 3849 3788 3472
f 3849 3536 3788
f 3452 3472 3454
f 3452 3849 3472
f 3453 3454 3455
f 3453 3452 3454
f 3899 3455 3471
f 3899 3453 3455
f 3471 3905 3782
f 3471 3782 3899
f 3741 3373 3945
f 3373 3741 3938
f 3373 3938 3545
f 3545 3938 3895
f 3545 3895 3369
f 3369 3895 3910
f 3369 3910 3396
f 3396 3910 3383
f 3396 3383 3889
f 3889 3383 3378
f 3889 3378 3375
f 3375 3378 3377
f 3375 3377 3376
f 3376 3377 3404
f 3376 3404 3927
f 3927 3404 3827
f 6936 6897 6566
f 6566 6897 6935
f 6522 6566 6935
f 6524 6566 6522
f 6524 6523 6525
f 6522 6523 6524
f 6525 6526 6527
f 6523 6526 6525
f 6527 6556 6530
f 6526 6556 6527
f 6530 6537 6536
f 6556 6537 6530
f 6536 6538 6539
f 6537 6538 6536
f 6539 6540 6544
f 6538 6540 6539
f 6544 6545 6825
f 6540 6545 6544
f 6825 6884 6831
f 6545 6884 6825
f 6831 6881 6880
f 6884 6881 6831
f 6880 6882 6862
f 6881 6882 6880
f 6862 6398 6934
f 6882 6398 6862
f 6934 6385 6926
f 6398 6385 6934
f 6926 6383 6392
f 6385 6383 6926
f 6392 6382 6381
f 6383 6382 6392
f 6381 6378 6377
f 6382 6378 6381
f 6377 6376 6374
f 6378 6376 6377
f 6374 6372 6373
f 6376 6372 6374
f 6373 1289 1287
f 6372 1289 6373
f 1288 1284 1285
f 1287 1288 1285
f 1289 1288 1287
f 1281 1284 1288
f 6900 134 6894
f 6894 134 136
f 6893 6894 136
f 6895 6894 6893
f 6936 6895 6897
f 6895 6896 6897
f 6895 6893 6896
f 6897 6896 6935
f 1284 1257 1285
f 1276 1277 1275
f 1276 1275 1257
f 1281 1276 1257
f 1284 1281 1257
f 1278 1277 1276
f 146 148 6901
f 146 6901 6960
f 6900 6901 134
f 6901 135 134
f 6901 148 135
f 134 135 136
f 1277 1279 1275
f 1291 1279 1277
f 1278 1291 1277
f 8893 1291 1278
f 7120 7118 7119
f 7118 7117 7119
f 7117 6960 7119
f 7117 146 6960
f 8884 8882 8885
f 8882 8893 8885
f 8882 1291 8893
f 8886 8884 8885
f 7850 7674 7118
f 7850 7118 7120
f 7117 7118 7116
f 7116 7118 7674
f 8892 8883 8884
f 8884 8883 8882
f 8884 8886 8887
f 8884 8887 8892
f 7045 7111 7674
f 7045 7674 7850
f 7116 7674 7112
f 7112 7674 7111
f 1404 1399 8892
f 8892 1399 8883
f 8892 8887 1359
f 8892 1359 1404
f 7849 7107 7111
f 7849 7111 7045
f 7112 7111 7110
f 7110 7111 7107
f 1356 1382 1404
f 1382 1399 1404
f 1382 1395 1399
f 1356 1404 1359
f 7053 7055 7107
f 7053 7107 7849
f 7110 7107 7108
f 7108 7107 7055
f 1383 1385 1387
f 1387 1385 1388
f 1387 1395 1382
f 1387 1382 1383
f 7054 7109 7055
f 7054 7055 7053
f 7108 7055 7104
f 7104 7055 7109
f 1386 1392 1390
f 1390 1392 1393
f 1390 1388 1385
f 1390 1385 1386
f 7057 7109 7054
f 7057 7059 7109
f 7059 7104 7109
f 7059 7062 7104
f 1398 1420 1394
f 1394 1420 1421
f 1394 1393 1392
f 1394 1392 1398
f 7061 7062 7059
f 7061 7063 7062
f 1424 1425 1430
f 1420 1424 1430
f 1429 1420 1430
f 1421 1420 1429
f 7805 7063 7061
f 7805 7066 7063
f 2680 2681 2676
f 2680 2676 1425
f 1425 2676 1430
f 2676 2674 1430
f 2674 2686 1430
f 1430 2686 1429
f 7069 7066 7805
f 7069 7068 7066
f 137 138 139
f 137 139 2681
f 139 2676 2681
f 139 2673 2676
f 2673 2672 2674
f 2673 2674 2676
f 7070 7068 7069
f 7070 7072 7068
f 139 138 2663
f 2663 138 2662
f 139 2670 2673
f 139 2663 2670
f 2670 2671 2672
f 2670 2672 2673
f 7073 7072 7070
f 7073 7074 7072
f 2663 2662 2664
f 2664 2662 2683
f 2663 2665 2670
f 2663 2664 2665
f 2665 2682 2671
f 2665 2671 2670
f 7075 7074 7073
f 7075 7093 7074
f 2664 2683 2667
f 2667 2683 3161
f 2664 2666 2665
f 2664 2667 2666
f 2666 2907 2682
f 2666 2682 2665
f 7077 7093 7075
f 7077 7079 7093
f 2667 3161 2669
f 2669 3161 2600
f 2669 2689 2688
f 2666 2669 2688
f 2667 2669 2666
f 2666 2688 2907
f 7078 7079 7077
f 7078 7710 7079
f 2669 2600 2898
f 2898 2600 2582
f 2898 3203 2689
f 2898 2689 2669
f 7080 7710 7078
f 7080 7089 7710
f 2898 2582 2596
f 2596 2582 2583
f 2596 2592 3203
f 2596 3203 2898
f 7081 7089 7080
f 7081 7083 7089
f 2596 2583 2586
f 2586 2583 2585
f 2586 2591 2592
f 2586 2592 2596
f 7092 7085 7084
f 7085 7083 7084
f 7083 7082 7084
f 7083 7081 7082
f 2586 2585 2587
f 2587 2585 2589
f 2588 2595 2591
f 2586 2588 2591
f 2587 2588 2586
f 2588 2708 2595
f 7086 7092 7084
f 7084 7082 7086
f 7082 7087 7086
f 7082 7090 7087
f 2587 2589 2593
f 2593 2589 2850
f 2587 2590 2588
f 2587 2593 2590
f 2590 2747 2708
f 2590 2708 2588
f 5403 7087 7090
f 5403 7613 7087
f 2593 2850 2649
f 2649 2850 2646
f 2593 2919 2590
f 2593 2649 2919
f 2919 2755 2747
f 2919 2747 2590
f 5404 7613 5403
f 5404 7612 7613
f 2649 2646 2648
f 2648 2646 2647
f 2649 2652 2919
f 2649 2648 2652
f 2652 3048 2755
f 2652 2755 2919
f 5673 7612 5404
f 5673 7614 7612
f 2648 2647 2650
f 2650 2647 2651
f 2648 2653 2652
f 2648 2650 2653
f 2653 3156 3048
f 2653 3048 2652
f 5590 7614 5673
f 5590 7801 7614
f 2650 2651 2423
f 2423 2651 3188
f 2650 3074 2653
f 2650 2423 3074
f 3074 2390 3156
f 3074 3156 2653
f 5594 7801 5590
f 5594 7740 7801
f 2423 3188 2396
f 2396 3188 2741
f 2423 2384 3074
f 2423 2396 2384
f 2384 2279 2390
f 2384 2390 3074
f 5585 7740 5594
f 5585 7739 7740
f 2741 2563 2396
f 2766 2278 2563
f 2278 2396 2563
f 2278 2384 2396
f 2278 2277 2279
f 2278 2279 2384
f 5593 7739 5585
f 5593 7738 7739
f 2278 2766 2185
f 2185 2766 3142
f 2185 2183 2277
f 2185 2277 2278
f 5598 7738 5593
f 5598 7789 7738
f 2185 3142 2181
f 2181 3142 2145
f 2181 2182 2183
f 2181 2183 2185
f 5576 7789 5598
f 5576 5599 7789
f 2181 2145 2180
f 2180 2145 2128
f 2180 2184 2182
f 2180 2182 2181
f 5578 5599 5576
f 5578 5581 5599
f 2180 2128 2906
f 2906 2128 2147
f 2906 2973 2184
f 2906 2184 2180
f 5580 5581 5578
f 5580 5582 5581
f 2906 2147 2893
f 2893 2147 2121
f 2893 2974 2973
f 2893 2973 2906
f 5528 5582 5580
f 5528 5606 5582
f 2893 2121 2188
f 2188 2121 2120
f 3109 2976 2974
f 2893 3109 2974
f 2188 3109 2893
f 3109 3191 2976
f 4692 5606 5528
f 4692 4691 5606
f 2120 2601 2188
f 3133 2709 2601
f 2709 2188 2601
f 2709 3109 2188
f 2709 2698 3191
f 2709 3191 3109
f 4686 4691 4692
f 4686 4689 4691
f 2709 3133 2286
f 2286 3133 2283
f 2286 2287 2698
f 2286 2698 2709
f 4685 4689 4686
f 4685 4690 4689
f 2286 2283 2285
f 2285 2283 2284
f 2285 2288 2287
f 2285 2287 2286
f 5732 4690 4685
f 5732 5709 4690
f 2285 2284 2289
f 2289 2284 3097
f 2289 2942 2288
f 2289 2288 2285
f 4585 5709 5732
f 4585 4504 5709
f 2289 3097 2943
f 2943 3097 2949
f 2943 2944 2942
f 2943 2942 2289
f 4498 4504 4585
f 4498 4500 4504
f 2943 2949 2945
f 2945 2949 2948
f 2945 2946 2944
f 2945 2944 2943
f 4499 4500 4498
f 4499 4501 4500
f 2945 2948 2947
f 2947 2948 3120
f 2947 3106 2946
f 2947 2946 2945
f 4499 4566 4507
f 4506 4499 4507
f 4501 4499 4506
f 4494 4507 4566
f 2947 3120 2738
f 2738 3120 2266
f 2738 2316 3106
f 2738 3106 2947
f 4506 4507 5811
f 4569 4506 5811
f 5758 4506 4569
f 5811 4507 4494
f 2738 2266 2258
f 2258 2266 2255
f 2258 2259 2316
f 2258 2316 2738
f 4940 5758 4569
f 4940 5766 5758
f 2258 2255 2257
f 2257 2255 2256
f 2257 2260 2259
f 2257 2259 2258
f 4940 4505 4844
f 4843 4940 4844
f 5766 4940 4843
f 5686 4844 4505
f 2257 2256 2261
f 2261 2256 2981
f 2261 8026 2260
f 2261 2260 2257
f 4843 4844 4841
f 4843 4841 4842
f 4336 4841 5686
f 5686 4841 4844
f 2261 2981 2988
f 2988 2981 2983
f 2988 8025 8026
f 2988 8026 2261
f 4842 4841 4341
f 4842 4341 5613
f 4334 4341 4336
f 4336 4341 4841
f 2988 2983 8024
f 8024 2983 2986
f 8024 8651 8025
f 8024 8025 2988
f 5613 4341 4633
f 5613 4633 4350
f 4324 4633 4334
f 4334 4633 4341
f 8024 2986 8023
f 8023 2986 3038
f 8023 8022 8651
f 8023 8651 8024
f 4350 4633 4325
f 4350 4325 4347
f 4323 4325 4324
f 4324 4325 4633
f 3038 3182 8023
f 8022 8023 3182
f 2836 8022 3182
f 8018 8022 2836
f 4326 4347 4325
f 4325 4323 4326
f 4323 4345 4326
f 4323 4321 4345
f 2836 8017 8018
f 2785 8017 2836
f 5697 4345 4321
f 5697 4906 4345
f 2779 2780 8014
f 2785 2779 8014
f 8015 2785 8014
f 8017 2785 8015
f 4905 4906 5697
f 4905 4904 4906
f 8014 2780 8013
f 8013 2780 2782
f 8013 8993 8015
f 8013 8015 8014
f 4810 4904 4905
f 4810 4903 4904
f 8013 2782 8012
f 8012 2782 2787
f 8012 8011 8993
f 8012 8993 8013
f 4810 4348 4809
f 4871 4810 4809
f 4903 4810 4871
f 4346 4809 4348
f 2787 2849 8012
f 8011 8012 2849
f 2860 8011 2849
f 8010 8011 2860
f 4871 4809 5429
f 4871 5429 4889
f 5767 5429 4346
f 4346 5429 4809
f 2860 8016 8010
f 2861 8016 2860
f 4889 5429 4876
f 4889 4876 4877
f 4873 4876 5767
f 5767 4876 5429
f 2861 8762 8016
f 3072 8762 2861
f 4877 4876 4875
f 4877 4875 4878
f 4874 4875 4873
f 4873 4875 4876
f 3072 8761 8762
f 3105 8761 3072
f 4878 4875 4890
f 4878 4890 4880
f 5654 4890 4874
f 4874 4890 4875
f 3105 8689 8761
f 3058 8689 3105
f 4880 4890 4883
f 4880 4883 4882
f 4888 4883 5654
f 5654 4883 4890
f 3058 8686 8689
f 8688 8686 3058
f 4882 4883 4884
f 4882 4884 899
f 4886 4884 4888
f 4888 4884 4883
f 8688 8687 8686
f 8690 8687 8688
f 899 4884 4885
f 4887 899 4885
f 896 899 4887
f 4885 4884 4886
f 8690 8691 8687
f 8692 8691 8690
f 5680 896 4887
f 5680 894 896
f 8692 8932 8691
f 6336 8932 8692
f 886 885 898
f 886 898 4128
f 5680 898 894
f 894 898 885
f 6336 6274 8932
f 8932 6274 6273
f 6271 6273 6274
f 6271 6274 6277
f 887 886 4128
f 887 825 886
f 6277 6268 6271
f 6262 6268 6277
f 802 804 864
f 802 864 801
f 887 864 825
f 825 864 804
f 6254 6257 6256
f 6257 6262 6256
f 6257 6268 6262
f 6252 6254 6256
f 789 140 791
f 140 142 791
f 142 801 791
f 142 802 801
f 6254 6255 6257
f 6253 6255 6254
f 6252 6253 6254
f 6167 6253 6252
f 753 141 140
f 789 753 140
f 785 753 789
f 140 141 142
f 6167 7891 6253
f 6166 7891 6167
f 764 759 768
f 764 768 766
f 785 768 753
f 753 768 759
f 7886 7888 7889
f 8804 7886 7889
f 7891 8804 7889
f 6166 8804 7891
f 765 764 766
f 765 761 764
f 7884 7887 7886
f 7886 7887 7888
f 7886 8804 7883
f 7886 7883 7884
f 776 761 765
f 776 777 761
f 7885 8808 7884
f 7884 8808 7887
f 7884 7883 7882
f 7884 7882 7885
f 863 777 776
f 863 854 777
f 8807 8797 7885
f 8797 8808 7885
f 8797 8793 8808
f 8807 7885 7882
f 3769 3753 3755
f 854 3769 3755
f 863 3769 854
f 3753 3754 3755
f 8798 8828 8795
f 8796 8798 8795
f 8793 8796 8795
f 8797 8796 8793
f 3752 3753 3769
f 3751 3754 3753
f 3752 3751 3753
f 3750 3751 3752
f 3750 3726 3751
f 3751 3726 3771
f 143 144 145
f 8987 143 145
f 8987 145 8828
f 8983 8987 8828
f 8798 8983 8828
f 8983 8798 8796
f 3724 3771 3726
f 3724 3726 3725
f 3721 3722 3778
f 3722 3725 3778
f 3722 3724 3725
f 3721 3720 3722
f 151 150 3444
f 3444 150 3440
f 3444 144 143
f 3847 3444 143
f 151 3444 3847
f 3847 143 8987
f 3933 3721 3778
f 3933 3374 3721
f 3374 3720 3721
f 3374 154 3720
f 3509 3508 3543
f 3782 3283 3543
f 3283 3509 3543
f 3283 3891 3509
f 3272 3283 3282
f 3272 3891 3283
f 3282 3440 150
f 3282 150 3272
f 152 154 3374
f 152 3374 3372
f 3371 3372 3370
f 3371 152 3372
f 3368 3370 3367
f 3368 3371 3370
f 3366 3367 3365
f 3366 3368 3367
f 3363 3365 3362
f 3363 3366 3365
f 3361 3362 3360
f 3361 3363 3362
f 3331 3360 3343
f 3331 3361 3360
f 3319 3343 3397
f 3319 3331 3343
f 3323 3397 3336
f 3323 3319 3397
f 3335 3336 3337
f 3335 3323 3336
f 3340 3337 3342
f 3340 3335 3337
f 3280 3342 3410
f 3280 3340 3342
f 3253 3410 3536
f 3253 3280 3410
f 3407 3536 3849
f 3407 3253 3536
f 3408 3849 3452
f 3408 3407 3849
f 3451 3452 3453
f 3451 3408 3452
f 3899 3543 3508
f 3451 3899 3508
f 3453 3899 3451
f 3543 3899 3782
f 6946 6689 6391
f 6390 6391 6689
f 157 6406 6379
f 6397 6735 6379
f 6397 6379 6406
f 6395 6371 6735
f 6395 6735 6397
f 6370 6371 6395
f 6872 6518 6522
f 6872 6522 6935
f 6522 6519 6523
f 6518 6519 6522
f 6523 6874 6526
f 6519 6874 6523
f 6526 6734 6556
f 6874 6734 6526
f 6556 6841 6537
f 6734 6841 6556
f 6537 6546 6538
f 6841 6546 6537
f 6538 6541 6540
f 6546 6541 6538
f 6540 6542 6545
f 6541 6542 6540
f 6545 6840 6884
f 6542 6840 6545
f 6884 6875 6881
f 6840 6875 6884
f 6881 6404 6882
f 6875 6404 6881
f 6391 6398 6946
f 6398 6404 6946
f 6398 6882 6404
f 6390 6386 6391
f 6386 6398 6391
f 6386 6385 6398
f 6385 6384 6383
f 6386 6384 6385
f 6383 155 6382
f 6384 155 6383
f 6379 6378 157
f 6378 155 157
f 6378 6382 155
f 6378 6379 6376
f 6376 6379 6735
f 6376 6735 6372
f 6372 6735 6371
f 6370 6369 6371
f 6369 6372 6371
f 6369 1289 6372
f 1289 1318 1288
f 6369 1318 1289
f 1283 1280 1281
f 1288 1283 1281
f 1318 1283 1288
f 1282 1280 1283
f 6892 6889 6893
f 6892 6893 136
f 6893 6944 6896
f 6889 6944 6893
f 6935 6896 6872
f 6872 6896 6944
f 1280 1276 1281
f 1278 1276 1280
f 1282 1278 1280
f 1324 1278 1282
f 146 147 148
f 148 147 7671
f 6898 148 7671
f 135 148 6898
f 136 135 6892
f 6892 135 6898
f 8888 8893 8891
f 8893 1324 8891
f 8893 1278 1324
f 8889 8888 8891
f 158 160 147
f 146 158 147
f 7117 158 146
f 147 160 7671
f 8888 8885 8893
f 8886 8885 8888
f 8889 8886 8888
f 8890 8886 8889
f 7116 158 7117
f 7116 7114 158
f 8890 8887 8886
f 1360 8887 8890
f 7112 7114 7116
f 7112 7113 7114
f 1360 1359 8887
f 1357 1359 1360
f 7110 7113 7112
f 7110 7669 7113
f 1358 1361 1356
f 1356 1361 1382
f 1356 1359 1357
f 1356 1357 1358
f 7108 7669 7110
f 7108 7772 7669
f 1375 1376 1383
f 1383 1376 1385
f 1383 1382 1361
f 1383 1361 1375
f 7104 7772 7108
f 7104 7106 7772
f 1381 1397 1386
f 1386 1397 1392
f 1386 1385 1376
f 1386 1376 1381
f 7062 7106 7104
f 7062 7064 7106
f 1426 1433 1423
f 1420 1398 1423
f 1398 1426 1423
f 1398 1402 1426
f 1398 1392 1397
f 1398 1397 1402
f 7063 7064 7062
f 7063 7065 7064
f 1445 2687 1434
f 1445 1434 1433
f 1433 1434 1423
f 1434 1425 1423
f 1425 1424 1423
f 1423 1424 1420
f 7066 7065 7063
f 7066 7067 7065
f 2684 2659 2660
f 2684 2660 2687
f 2687 2660 1434
f 2660 2681 1434
f 2681 2680 1434
f 1434 2680 1425
f 7068 7067 7066
f 7068 7100 7067
f 2639 2638 2640
f 2639 2640 2659
f 2659 2640 2660
f 2640 138 2660
f 138 137 2660
f 2660 137 2681
f 7072 7100 7068
f 7072 7094 7100
f 2637 2655 3042
f 2637 3042 2638
f 3042 2640 2638
f 3042 2661 2640
f 2661 2662 138
f 2661 138 2640
f 7074 7094 7072
f 7074 7847 7094
f 3042 2655 2971
f 2971 2655 2970
f 3042 2668 2661
f 3042 2971 2668
f 2668 2683 2662
f 2668 2662 2661
f 7093 7847 7074
f 7093 7689 7847
f 2971 2970 2599
f 2599 2970 2597
f 2971 3064 2668
f 2971 2599 3064
f 3064 3161 2683
f 3064 2683 2668
f 7079 7689 7093
f 7079 7846 7689
f 2599 2597 2579
f 2579 2597 2576
f 2599 2598 3064
f 2599 2579 2598
f 2598 2600 3161
f 2598 3161 3064
f 7710 7846 7079
f 7710 7845 7846
f 2579 2576 2578
f 2578 2576 2574
f 2579 2580 2598
f 2579 2578 2580
f 2580 2582 2600
f 2580 2600 2598
f 7089 7845 7710
f 7089 7711 7845
f 2578 2574 2603
f 2603 2574 2572
f 2578 2581 2580
f 2578 2603 2581
f 2581 2583 2582
f 2581 2582 2580
f 7083 7711 7089
f 7083 7842 7711
f 2603 2572 2950
f 2950 2572 2571
f 2603 2584 2581
f 2603 2950 2584
f 2584 2585 2583
f 2584 2583 2581
f 7092 7088 7085
f 7088 7091 7085
f 7091 7083 7085
f 7091 7842 7083
f 2950 2571 2624
f 2624 2571 2623
f 2950 2594 2584
f 2950 2624 2594
f 2594 2589 2585
f 2594 2585 2584
f 7086 7088 7092
f 7086 7087 7088
f 7087 7091 7088
f 7087 7835 7091
f 2624 2623 2625
f 2625 2623 2626
f 2624 3119 2594
f 2624 2625 3119
f 3119 2850 2589
f 3119 2589 2594
f 7613 7835 7087
f 7613 7611 7835
f 2625 2626 2643
f 2643 2626 2922
f 2625 2644 3119
f 2625 2643 2644
f 2644 2646 2850
f 2644 2850 3119
f 7612 7611 7613
f 7612 7609 7611
f 2643 2922 2263
f 2263 2922 2190
f 2643 2645 2644
f 2643 2263 2645
f 2645 2647 2646
f 2645 2646 2644
f 7614 7609 7612
f 7614 7607 7609
f 2263 2190 2189
f 2189 2190 2156
f 2263 2933 2645
f 2263 2189 2933
f 2933 2651 2647
f 2933 2647 2645
f 7801 7607 7614
f 7801 7664 7607
f 2189 2156 2154
f 2154 2156 2155
f 2189 2243 2933
f 2189 2154 2243
f 2243 3188 2651
f 2243 2651 2933
f 7740 7664 7801
f 7740 7749 7664
f 2154 2155 2152
f 2152 2155 2281
f 2154 2153 2243
f 2154 2152 2153
f 2153 2741 3188
f 2153 3188 2243
f 7739 7749 7740
f 7739 7617 7749
f 2152 2281 2150
f 2150 2281 2242
f 2152 2151 2153
f 2152 2150 2151
f 2177 2563 2741
f 2153 2177 2741
f 2151 2177 2153
f 2177 2766 2563
f 7738 7617 7739
f 7738 7584 7617
f 2242 2149 2150
f 2131 2132 2149
f 2132 2150 2149
f 2132 2151 2150
f 2151 2157 2177
f 2151 2132 2157
f 2157 3142 2766
f 2157 2766 2177
f 7789 7584 7738
f 7789 7591 7584
f 2132 2131 2129
f 2129 2131 2130
f 2132 2187 2157
f 2132 2129 2187
f 2187 2145 3142
f 2187 3142 2157
f 5599 7591 7789
f 5599 7320 7591
f 2129 2130 2126
f 2126 2130 2148
f 2129 2127 2187
f 2129 2126 2127
f 2127 2128 2145
f 2127 2145 2187
f 5581 7320 5599
f 5581 7321 7320
f 2126 2148 2124
f 2124 2148 2133
f 2126 2125 2127
f 2126 2124 2125
f 2125 2147 2128
f 2125 2128 2127
f 5582 7321 5581
f 5582 7322 7321
f 2124 2133 2123
f 2123 2133 2134
f 2124 2122 2125
f 2124 2123 2122
f 2122 2121 2147
f 2122 2147 2125
f 5606 7322 5582
f 5606 7323 7322
f 2123 2134 2654
f 2654 2134 2144
f 2123 2119 2122
f 2123 2654 2119
f 2119 2120 2121
f 2119 2121 2122
f 4691 7323 5606
f 4691 7324 7323
f 2144 2116 2654
f 2113 2115 2116
f 2115 2654 2116
f 2115 2119 2654
f 2118 2601 2120
f 2119 2118 2120
f 2115 2118 2119
f 2118 3133 2601
f 4689 7324 4691
f 4689 7325 7324
f 2115 2113 2114
f 2114 2113 2112
f 2115 2117 2118
f 2115 2114 2117
f 2117 2283 3133
f 2117 3133 2118
f 4690 7325 4689
f 4690 7326 7325
f 2114 2112 2238
f 2238 2112 3055
f 2114 2179 2117
f 2114 2238 2179
f 2179 2284 2283
f 2179 2283 2117
f 5709 7326 4690
f 5709 7332 7326
f 2238 3055 2967
f 2967 3055 2085
f 2238 2900 2179
f 2238 2967 2900
f 2900 3097 2284
f 2900 2284 2179
f 4504 7332 5709
f 4504 7425 7332
f 2967 2085 2991
f 2991 2085 2078
f 2967 2968 2900
f 2967 2991 2968
f 2968 2949 3097
f 2968 3097 2900
f 4500 7425 4504
f 4500 7424 7425
f 2991 2078 2094
f 2094 2078 2077
f 2991 3128 2968
f 2991 2094 3128
f 3128 2948 2949
f 3128 2949 2968
f 4501 7424 4500
f 4501 7423 7424
f 2077 2732 2094
f 2075 2935 2732
f 2935 2094 2732
f 2935 3128 2094
f 2935 3120 2948
f 2935 2948 3128
f 4506 7423 4501
f 4506 7427 7423
f 2935 2075 2969
f 2969 2075 2567
f 2969 2266 3120
f 2969 3120 2935
f 5758 7427 4506
f 5758 7781 7427
f 2969 2567 2093
f 2093 2567 2089
f 2093 2255 2266
f 2093 2266 2969
f 5766 7781 5758
f 5766 7784 7781
f 2093 2089 2092
f 2092 2089 2090
f 2092 2256 2255
f 2092 2255 2093
f 4843 7784 5766
f 4843 7428 7784
f 2092 2090 2276
f 2276 2090 3124
f 2276 2981 2256
f 2276 2256 2092
f 4842 7428 4843
f 4842 5678 7428
f 3172 3130 2985
f 3172 2985 3124
f 2985 2276 3124
f 2985 2982 2276
f 2982 2983 2981
f 2982 2981 2276
f 5613 5678 4842
f 5613 5614 5678
f 3130 3129 2985
f 3131 2984 3129
f 2984 2985 3129
f 2984 2982 2985
f 2984 2986 2983
f 2984 2983 2982
f 4350 5614 5613
f 4350 7736 5614
f 2984 3131 2838
f 2838 3131 2773
f 2838 3038 2986
f 2838 2986 2984
f 4347 7736 4350
f 4347 7450 7736
f 2838 2773 2774
f 2774 2773 2772
f 2777 3182 3038
f 2838 2777 3038
f 2774 2777 2838
f 2777 2836 3182
f 4347 4326 7449
f 7448 4347 7449
f 7450 4347 7448
f 4345 7449 4326
f 2774 2772 2775
f 2775 2772 2839
f 2774 2776 2777
f 2774 2775 2776
f 2776 2785 2836
f 2776 2836 2777
f 7447 7448 7449
f 7449 4345 7447
f 4345 7445 7447
f 4345 4906 7445
f 2775 2839 2778
f 2778 2839 2784
f 2778 2780 2779
f 2776 2778 2779
f 2775 2778 2776
f 2776 2779 2785
f 4904 7445 4906
f 4904 7451 7445
f 2778 2784 2781
f 2781 2784 2786
f 2781 2782 2780
f 2781 2780 2778
f 4903 7451 4904
f 4903 7452 7451
f 2781 2786 2783
f 2783 2786 2937
f 2783 2787 2782
f 2783 2782 2781
f 4871 7452 4903
f 4871 5490 7452
f 2783 2937 2789
f 2789 2937 2842
f 2788 2849 2787
f 2783 2788 2787
f 2789 2788 2783
f 2788 2860 2849
f 4889 5490 4871
f 4889 4881 5490
f 2842 2791 2789
f 2792 2790 2791
f 2790 2789 2791
f 2790 2788 2789
f 2790 2861 2860
f 2790 2860 2788
f 4877 4881 4889
f 4877 4879 4881
f 2790 2792 3059
f 3059 2792 2795
f 3059 3072 2861
f 3059 2861 2790
f 4878 4879 4877
f 4878 905 4879
f 3059 2795 2834
f 2834 2795 2797
f 2834 3105 3072
f 2834 3072 3059
f 4880 905 4878
f 4880 903 905
f 2834 2797 2825
f 2825 2797 2799
f 2825 3058 3105
f 2825 3105 2834
f 4882 903 4880
f 4882 901 903
f 2825 2799 2832
f 2832 2799 2802
f 2832 8688 3058
f 2832 3058 2825
f 899 901 4882
f 899 893 901
f 2802 3149 2832
f 8688 2832 3149
f 3187 8688 3149
f 8690 8688 3187
f 896 893 899
f 896 879 893
f 3187 8692 8690
f 3159 8692 3187
f 894 879 896
f 894 872 879
f 3159 6336 8692
f 3160 6336 3159
f 826 873 885
f 826 885 886
f 894 885 872
f 872 885 873
f 3160 6324 6336
f 6336 6324 6274
f 6277 6274 6324
f 6277 6324 6343
f 825 826 886
f 825 808 826
f 6343 6262 6277
f 6288 6262 6343
f 803 806 804
f 803 804 802
f 825 804 808
f 808 804 806
f 6288 6258 6262
f 6262 6258 6256
f 6252 6256 6258
f 6252 6258 6168
f 142 803 802
f 142 774 803
f 6168 6167 6252
f 6163 6167 6168
f 750 763 141
f 750 141 753
f 142 141 774
f 774 141 763
f 6163 6166 6167
f 6165 6166 6163
f 764 758 759
f 758 751 759
f 751 753 759
f 751 750 753
f 6165 8804 6166
f 6296 8804 6165
f 761 760 758
f 761 758 764
f 751 758 752
f 752 758 760
f 8806 7883 8809
f 7883 6296 8809
f 7883 8804 6296
f 8810 8806 8809
f 777 786 760
f 777 760 761
f 752 760 787
f 787 760 786
f 8813 7881 8806
f 7881 7883 8806
f 7881 7882 7883
f 8813 8806 8810
f 854 853 786
f 854 786 777
f 787 786 852
f 852 786 853
f 8850 8797 8807
f 7875 8850 8807
f 7882 7875 8807
f 7881 7875 7882
f 3755 853 854
f 3755 3754 853
f 3754 852 853
f 3754 3759 852
f 7874 7873 8850
f 7873 8797 8850
f 7873 8796 8797
f 7874 8850 7875
f 3878 3759 3754
f 3878 3754 3751
f 3751 3771 3878
f 3878 3771 3571
f 7877 3865 8983
f 8983 3865 8987
f 8983 8796 7873
f 8983 7873 7877
f 3946 3571 3771
f 3946 3771 3724
f 3723 3724 3722
f 3723 3946 3724
f 3722 3720 3723
f 3723 3720 3940
f 149 150 151
f 149 151 3277
f 151 3784 3277
f 151 3847 3784
f 3847 8987 3865
f 3847 3865 3784
f 154 153 3615
f 3940 154 3615
f 3720 154 3940
f 153 3614 3615
f 3211 3836 3231
f 3232 3213 3231
f 3231 3213 3211
f 3232 3806 3213
f 3821 3449 3450
f 3507 3510 3450
f 3450 3510 3821
f 3508 3509 3507
f 3509 3510 3507
f 3509 3893 3510
f 3270 3509 3891
f 3270 3893 3509
f 3269 3891 3272
f 3269 3270 3891
f 3272 150 149
f 3271 3272 149
f 3269 3272 3271
f 3271 149 3277
f 152 153 154
f 3413 3614 153
f 152 3413 153
f 3371 3413 152
f 3918 3371 3368
f 3918 3413 3371
f 3826 3368 3366
f 3826 3918 3368
f 3395 3366 3363
f 3395 3826 3366
f 3364 3363 3361
f 3364 3395 3363
f 3829 3361 3331
f 3829 3364 3361
f 3303 3331 3319
f 3303 3829 3331
f 3304 3319 3323
f 3304 3303 3319
f 3330 3323 3335
f 3330 3304 3323
f 3447 3335 3340
f 3447 3330 3335
f 3280 3231 3836
f 3447 3280 3836
f 3340 3280 3447
f 3231 3280 3253
f 3231 3253 3232
f 3254 3806 3232
f 3253 3254 3232
f 3407 3254 3253
f 3408 3450 3449
f 3254 3408 3449
f 3407 3408 3254
f 3450 3408 3451
f 3450 3451 3507
f 3507 3451 3508
f 6943 6677 6409
f 6403 6689 6946
f 6405 6409 6677
f 6403 6390 6689
f 6388 6394 6407
f 6929 156 6407
f 6929 6407 6394
f 6406 157 156
f 6929 6406 156
f 6408 6406 6929
f 6406 6399 6397
f 6408 6399 6406
f 6397 6396 6395
f 6399 6396 6397
f 6370 6395 6396
f 6370 6396 6678
f 6521 6514 6518
f 6521 6518 6872
f 6518 6516 6519
f 6514 6516 6518
f 6519 6520 6874
f 6516 6520 6519
f 6874 6838 6734
f 6520 6838 6874
f 6734 6836 6841
f 6838 6836 6734
f 6841 6837 6546
f 6836 6837 6841
f 6546 6869 6541
f 6837 6869 6546
f 6541 6543 6542
f 6869 6543 6541
f 6542 6549 6840
f 6543 6549 6542
f 6840 6793 6875
f 6549 6793 6840
f 6409 6404 6943
f 6404 6793 6943
f 6404 6875 6793
f 6409 6405 6404
f 6405 6389 6404
f 6403 6946 6404
f 6403 6404 6389
f 6403 6389 6390
f 6389 6386 6390
f 6389 6387 6386
f 6407 6384 6388
f 6384 6387 6388
f 6384 6386 6387
f 6384 6407 155
f 155 6407 156
f 155 156 157
f 6678 6367 6370
f 6370 6367 6369
f 6369 6368 1318
f 6367 6368 6369
f 1318 1294 1283
f 6368 1294 1318
f 1282 1283 1294
f 1282 1294 1317
f 6890 6888 6889
f 6890 6889 6892
f 6889 6887 6944
f 6888 6887 6889
f 6872 6944 6521
f 6521 6944 6887
f 1317 1324 1282
f 1351 1324 1317
f 7671 7133 6898
f 7133 6899 6898
f 6899 6892 6898
f 6899 6890 6892
f 1351 1352 1324
f 1324 1352 8891
f 8889 8891 1352
f 8889 1352 1355
f 158 159 160
f 159 7128 160
f 160 7128 7671
f 7128 7131 7671
f 7131 7133 7671
f 7133 7131 6899
f 1355 8890 8889
f 8962 8890 1355
f 7114 7115 159
f 7114 159 158
f 7128 159 7124
f 7124 159 7115
f 8962 1360 8890
f 1378 1360 8962
f 7113 7121 7115
f 7113 7115 7114
f 7124 7115 7122
f 7122 7115 7121
f 1378 1357 1360
f 1377 1357 1378
f 7669 7126 7121
f 7669 7121 7113
f 7122 7121 7123
f 7123 7121 7126
f 1363 1362 1358
f 1358 1362 1361
f 1358 1357 1377
f 1358 1377 1363
f 7772 7668 7126
f 7772 7126 7669
f 7123 7126 7130
f 7130 7126 7668
f 1367 1372 1375
f 1375 1372 1376
f 1375 1361 1362
f 1375 1362 1367
f 7106 7782 7668
f 7106 7668 7772
f 7130 7668 7655
f 7655 7668 7782
f 1380 1403 1381
f 1381 1403 1397
f 1381 1376 1372
f 1381 1372 1380
f 7064 7102 7782
f 7064 7782 7106
f 7655 7782 7162
f 7162 7782 7102
f 1440 1441 1439
f 1433 1426 1439
f 1426 1440 1439
f 1426 1443 1440
f 1431 1426 1402
f 1431 1443 1426
f 1402 1397 1403
f 1402 1403 1431
f 7065 7101 7102
f 7065 7102 7064
f 7162 7102 7729
f 7729 7102 7101
f 1563 166 1574
f 1442 1555 1574
f 1574 1555 1563
f 1555 1442 1441
f 1441 1442 1439
f 1442 2687 1439
f 2687 1445 1439
f 1439 1445 1433
f 7067 7800 7101
f 7067 7101 7065
f 7729 7101 7683
f 7683 7101 7800
f 2871 3068 2641
f 3056 165 2641
f 2641 165 2871
f 165 3056 166
f 3056 1574 166
f 3056 2740 1574
f 2740 2659 2684
f 1442 2740 2684
f 1574 2740 1442
f 1442 2684 2687
f 7100 7830 7800
f 7100 7800 7067
f 7683 7800 7636
f 7636 7800 7830
f 2706 2642 2634
f 2706 2634 3068
f 2634 2641 3068
f 2634 2635 2641
f 2641 2636 3056
f 2641 2635 2636
f 2636 2638 2639
f 2740 2636 2639
f 3056 2636 2740
f 2740 2639 2659
f 7094 7848 7830
f 7094 7830 7100
f 7636 7830 7631
f 7631 7830 7848
f 2634 2642 2632
f 2632 2642 2656
f 2634 2633 2635
f 2634 2632 2633
f 2633 2655 2637
f 2636 2633 2637
f 2635 2633 2636
f 2636 2637 2638
f 7847 7627 7848
f 7847 7848 7094
f 7631 7848 7628
f 7628 7848 7627
f 2632 2656 2629
f 2629 2656 2628
f 2632 2631 2633
f 2632 2629 2631
f 2631 2970 2655
f 2631 2655 2633
f 7689 7626 7627
f 7689 7627 7847
f 7628 7627 7625
f 7625 7627 7626
f 2629 2628 2627
f 2627 2628 2621
f 2629 2630 2631
f 2629 2627 2630
f 2630 2597 2970
f 2630 2970 2631
f 167 169 7626
f 7689 167 7626
f 7846 167 7689
f 7626 169 7625
f 2627 2621 2607
f 2607 2621 2620
f 2627 2737 2630
f 2627 2607 2737
f 2737 2576 2597
f 2737 2597 2630
f 7845 167 7846
f 7845 7624 167
f 2607 2620 2577
f 2577 2620 2951
f 2607 2575 2737
f 2607 2577 2575
f 2575 2574 2576
f 2575 2576 2737
f 7711 7624 7845
f 7711 172 7624
f 2577 2951 2605
f 2605 2951 2994
f 2577 2573 2575
f 2577 2605 2573
f 2573 2572 2574
f 2573 2574 2575
f 7842 7840 170
f 172 7842 170
f 7711 7842 172
f 7840 7758 170
f 2605 2994 2564
f 2564 2994 2424
f 2605 2570 2573
f 2605 2564 2570
f 2570 2571 2572
f 2570 2572 2573
f 7091 7837 7840
f 7091 7840 7842
f 7758 7840 7841
f 7841 7840 7837
f 2564 2424 2239
f 2239 2424 2200
f 2564 2565 2570
f 2564 2239 2565
f 2565 2623 2571
f 2565 2571 2570
f 7835 7836 7837
f 7835 7837 7091
f 7841 7837 7844
f 7844 7837 7836
f 2239 2200 2199
f 2199 2200 2197
f 2239 2879 2565
f 2239 2199 2879
f 2879 2626 2623
f 2879 2623 2565
f 7610 7838 7836
f 7835 7610 7836
f 7611 7610 7835
f 7836 7838 7844
f 2199 2197 2195
f 2195 2197 2196
f 2199 2202 2879
f 2199 2195 2202
f 2202 2922 2626
f 2202 2626 2879
f 7609 7610 7611
f 7609 7608 7610
f 2195 2196 2193
f 2193 2196 2206
f 2195 2192 2202
f 2195 2193 2192
f 2192 2190 2922
f 2192 2922 2202
f 7607 7585 7606
f 7608 7607 7606
f 7609 7607 7608
f 7585 7586 7606
f 2193 2206 2194
f 2194 2206 2764
f 2193 2191 2192
f 2193 2194 2191
f 2191 2156 2190
f 2191 2190 2192
f 7664 7582 7585
f 7664 7585 7607
f 7586 7585 7581
f 7581 7585 7582
f 2194 2764 2873
f 2873 2764 2550
f 2194 2247 2191
f 2194 2873 2247
f 2247 2155 2156
f 2247 2156 2191
f 7583 7579 7582
f 7664 7583 7582
f 7749 7583 7664
f 7582 7579 7581
f 2873 2550 2549
f 2549 2550 2544
f 2873 3198 2247
f 2873 2549 3198
f 3198 2281 2155
f 3198 2155 2247
f 7617 7583 7749
f 7617 7569 7583
f 2549 2544 2545
f 2545 2544 2543
f 2549 3178 3198
f 2549 2545 3178
f 3178 2242 2281
f 3178 2281 3198
f 7584 7569 7617
f 7584 7567 7569
f 2543 2551 2545
f 3192 2876 2551
f 2876 2545 2551
f 2876 3178 2545
f 3202 2149 2242
f 3178 3202 2242
f 2876 3202 3178
f 3202 2131 2149
f 7591 7567 7584
f 7591 7318 7567
f 2876 3192 2143
f 2143 3192 2250
f 2876 2176 3202
f 2876 2143 2176
f 2176 2130 2131
f 2176 2131 3202
f 7320 7318 7591
f 7320 7319 7318
f 2143 2250 2138
f 2138 2250 2139
f 2143 2142 2176
f 2143 2138 2142
f 2142 2148 2130
f 2142 2130 2176
f 7321 7319 7320
f 7321 7566 7319
f 2138 2139 2137
f 2137 2139 3061
f 2138 2136 2142
f 2138 2137 2136
f 2136 2133 2148
f 2136 2148 2142
f 7322 7566 7321
f 7322 7565 7566
f 3061 2270 2137
f 2141 2135 2270
f 2135 2137 2270
f 2135 2136 2137
f 2135 2134 2133
f 2135 2133 2136
f 7323 7565 7322
f 7323 7777 7565
f 2135 2141 2140
f 2140 2141 2146
f 2140 2144 2134
f 2140 2134 2135
f 7324 7777 7323
f 7324 7562 7777
f 2140 2146 2186
f 2186 2146 3125
f 3096 2116 2144
f 2140 3096 2144
f 2186 3096 2140
f 3096 2113 2116
f 7325 7562 7324
f 7325 7327 7562
f 2186 3125 2110
f 2110 3125 2240
f 2186 2111 3096
f 2186 2110 2111
f 2111 2112 2113
f 2111 2113 3096
f 7326 7327 7325
f 7326 7328 7327
f 2110 2240 2087
f 2087 2240 3143
f 2110 2088 2111
f 2110 2087 2088
f 2088 3055 2112
f 2088 2112 2111
f 7332 7328 7326
f 7332 7770 7328
f 2087 3143 2081
f 2081 3143 2086
f 2087 2083 2088
f 2087 2081 2083
f 2083 2085 3055
f 2083 3055 2088
f 7425 7770 7332
f 7425 7426 7770
f 2081 2086 2080
f 2080 2086 2904
f 2081 2079 2083
f 2081 2080 2079
f 2079 2078 2085
f 2079 2085 2083
f 7424 7426 7425
f 7424 7422 7426
f 2080 2904 2082
f 2082 2904 2251
f 2080 2076 2079
f 2080 2082 2076
f 2076 2077 2078
f 2076 2078 2079
f 7423 7422 7424
f 7423 7420 7422
f 2251 3100 2082
f 2249 2073 3100
f 2073 2082 3100
f 2073 2076 2082
f 2074 2732 2077
f 2076 2074 2077
f 2073 2074 2076
f 2074 2075 2732
f 7427 7420 7423
f 7427 7419 7420
f 2073 2249 2069
f 2069 2249 2065
f 2073 2072 2074
f 2073 2069 2072
f 2072 2567 2075
f 2072 2075 2074
f 7781 7419 7427
f 7781 7437 7419
f 2069 2065 2067
f 2067 2065 2066
f 2069 2070 2072
f 2069 2067 2070
f 2070 2089 2567
f 2070 2567 2072
f 7784 7437 7781
f 7784 7412 7437
f 2067 2066 2248
f 2248 2066 2084
f 2067 2071 2070
f 2067 2248 2071
f 2071 2090 2089
f 2071 2089 2070
f 7428 7412 7784
f 7428 7416 7412
f 2248 2084 2098
f 2098 2084 2097
f 2248 2091 2071
f 2248 2098 2091
f 2091 3124 2090
f 2091 2090 2071
f 5678 7416 7428
f 5678 7436 7416
f 2098 2097 2993
f 2993 2097 2106
f 2993 3130 3172
f 2091 2993 3172
f 2098 2993 2091
f 2091 3172 3124
f 5614 7436 5678
f 5614 7433 7436
f 2993 2106 3069
f 3069 2106 2105
f 3138 3129 3130
f 2993 3138 3130
f 3069 3138 2993
f 3138 3131 3129
f 7736 7433 5614
f 7736 7438 7433
f 3069 2105 2853
f 2853 2105 2244
f 3069 2837 3138
f 3069 2853 2837
f 2837 2773 3131
f 2837 3131 3138
f 7450 7438 7736
f 7450 7776 7438
f 2853 2244 2763
f 2763 2244 2762
f 2853 2771 2837
f 2853 2763 2771
f 2771 2772 2773
f 2771 2773 2837
f 7448 7446 7456
f 7776 7448 7456
f 7450 7448 7776
f 7446 7441 7456
f 2763 2762 2765
f 2765 2762 2840
f 2763 2770 2771
f 2763 2765 2770
f 2770 2839 2772
f 2770 2772 2771
f 7447 7446 7448
f 7447 7445 7446
f 7445 7441 7446
f 7445 7443 7441
f 2840 2841 2765
f 2847 3084 2841
f 3084 2765 2841
f 3084 2770 2765
f 3084 2784 2839
f 3084 2839 2770
f 7451 7443 7445
f 7451 7477 7443
f 3084 2847 2940
f 2940 2847 2819
f 2940 2786 2784
f 2940 2784 3084
f 7452 7477 7451
f 7452 7453 7477
f 2940 2819 2818
f 2818 2819 2816
f 2818 2937 2786
f 2818 2786 2940
f 5490 7453 7452
f 5490 7454 7453
f 2818 2816 2817
f 2817 2816 2815
f 2817 2842 2937
f 2817 2937 2818
f 4881 7454 5490
f 4881 7476 7454
f 2817 2815 3132
f 3132 2815 2821
f 2793 2791 2842
f 2817 2793 2842
f 3132 2793 2817
f 2793 2792 2791
f 4879 7476 4881
f 4879 7695 7476
f 3132 2821 3103
f 3103 2821 2808
f 3132 2794 2793
f 3132 3103 2794
f 2794 2795 2792
f 2794 2792 2793
f 905 7695 4879
f 905 904 7695
f 3103 2808 2828
f 2828 2808 2805
f 3103 2796 2794
f 3103 2828 2796
f 2796 2797 2795
f 2796 2795 2794
f 903 904 905
f 903 902 904
f 2828 2805 2801
f 2801 2805 2804
f 2828 2798 2796
f 2828 2801 2798
f 2798 2799 2797
f 2798 2797 2796
f 901 902 903
f 901 900 902
f 2801 2804 2803
f 2803 2804 2835
f 2801 2800 2798
f 2801 2803 2800
f 2800 2802 2799
f 2800 2799 2798
f 893 900 901
f 893 891 900
f 2835 2827 2803
f 2829 2824 2827
f 2824 2803 2827
f 2824 2800 2803
f 2826 3149 2802
f 2800 2826 2802
f 2824 2826 2800
f 2826 3187 3149
f 879 891 893
f 879 813 891
f 2829 2830 2824
f 2833 3157 2830
f 3157 2824 2830
f 3157 2826 2824
f 3157 3159 3187
f 3157 3187 2826
f 790 807 871
f 807 813 871
f 813 872 871
f 813 879 872
f 3157 2833 3158
f 3158 2833 6289
f 3158 3160 3159
f 3158 3159 3157
f 790 871 873
f 826 790 873
f 788 790 826
f 873 871 872
f 6289 6283 3158
f 6283 6284 6285
f 6283 6285 6324
f 3158 6283 6324
f 3160 3158 6324
f 6285 6343 6324
f 808 788 826
f 808 781 788
f 6284 6286 6285
f 6343 6285 6286
f 6318 6343 6286
f 6288 6343 6318
f 803 805 806
f 805 743 806
f 743 808 806
f 743 781 808
f 6318 6330 6288
f 6288 6330 6258
f 6168 6258 6330
f 6168 6330 6162
f 730 731 805
f 803 730 805
f 774 730 803
f 805 731 743
f 6162 6163 6168
f 6161 6163 6162
f 750 749 763
f 749 732 763
f 732 774 763
f 732 730 774
f 6161 6165 6163
f 6171 6165 6161
f 738 734 749
f 750 738 749
f 751 738 750
f 749 734 732
f 6298 6296 6297
f 6296 6171 6297
f 6296 6165 6171
f 6176 6298 6297
f 752 738 751
f 752 739 738
f 6298 8809 6296
f 8810 8809 6298
f 6176 8810 6298
f 6177 8810 6176
f 787 739 752
f 787 792 739
f 7880 7881 8813
f 8812 7880 8813
f 8810 8812 8813
f 6177 8812 8810
f 852 792 787
f 852 846 792
f 7879 7875 7880
f 7880 7875 7881
f 7880 8812 9004
f 7880 9004 7879
f 3759 3761 3760
f 846 3759 3760
f 852 3759 846
f 3761 3502 3760
f 7872 7873 7874
f 7871 7872 7874
f 7871 7874 7875
f 7878 7871 7875
f 7879 7878 7875
f 7878 7879 9004
f 3878 3761 3759
f 3503 3501 3571
f 3571 3501 3878
f 3501 3502 3878
f 3502 3761 3878
f 3503 3497 3501
f 3866 3865 7877
f 7876 3866 7877
f 7876 7877 7873
f 7870 7876 7873
f 7872 7870 7873
f 7870 7872 7871
f 3946 3503 3571
f 3532 3497 3503
f 3946 3532 3503
f 3723 3532 3946
f 3723 3940 3532
f 3532 3940 3494
f 3854 3411 3784
f 3784 3411 3277
f 3784 3865 3866
f 3875 3784 3866
f 3854 3784 3875
f 3875 3866 7876
f 3896 3494 3940
f 3896 3940 3615
f 3615 3614 3896
f 3896 3614 3939
f 3214 3245 3233
f 3836 3211 3233
f 3211 3214 3233
f 3211 3210 3214
f 3209 3211 3213
f 3209 3210 3211
f 3592 3230 3806
f 3230 3213 3806
f 3230 3209 3213
f 3449 3821 3592
f 3821 3230 3592
f 3821 3930 3230
f 3834 3821 3510
f 3834 3930 3821
f 3275 3510 3893
f 3275 3834 3510
f 3265 3893 3270
f 3265 3275 3893
f 3266 3270 3269
f 3266 3265 3270
f 3268 3269 3271
f 3268 3266 3269
f 3271 3277 3411
f 3271 3411 3268
f 3833 3939 3614
f 3833 3614 3413
f 3352 3413 3918
f 3352 3833 3413
f 3349 3918 3826
f 3349 3352 3918
f 3358 3826 3395
f 3358 3349 3826
f 3844 3395 3364
f 3844 3358 3395
f 3302 3364 3829
f 3302 3844 3364
f 3300 3829 3303
f 3300 3302 3829
f 3301 3303 3304
f 3301 3300 3303
f 3916 3304 3330
f 3916 3301 3304
f 3447 3233 3245
f 3916 3447 3245
f 3330 3447 3916
f 3233 3447 3836
f 3254 3592 3806
f 3592 3254 3449
f 175 6435 6792
f 6949 6794 6792
f 6949 6792 6435
f 6677 6943 6794
f 6949 6677 6794
f 6417 6677 6949
f 6414 6684 6405
f 6677 6414 6405
f 6417 6414 6677
f 6410 6393 6684
f 6410 6684 6414
f 6394 6388 6393
f 6410 6394 6393
f 6411 6394 6410
f 6394 6459 6929
f 6411 6459 6394
f 6929 6981 6408
f 6459 6981 6929
f 6408 6400 6399
f 6981 6400 6408
f 6400 6402 6401
f 6396 6400 6401
f 6399 6400 6396
f 6401 6678 6396
f 6512 6513 6514
f 6512 6514 6521
f 6514 6515 6516
f 6513 6515 6514
f 6516 6517 6520
f 6515 6517 6516
f 6520 6912 6838
f 6517 6912 6520
f 6838 6834 6836
f 6912 6834 6838
f 6836 6835 6837
f 6834 6835 6836
f 6837 6839 6869
f 6835 6839 6837
f 6869 173 6543
f 6839 173 6869
f 6792 6549 175
f 6549 173 175
f 6549 6543 173
f 6549 6792 6793
f 6793 6792 6794
f 6793 6794 6943
f 6684 6389 6405
f 6389 6684 6387
f 6387 6684 6393
f 6387 6393 6388
f 6402 6962 6401
f 6401 6962 6678
f 6962 6367 6678
f 6962 6365 6367
f 6367 6366 6368
f 6365 6366 6367
f 6368 1332 1294
f 6366 1332 6368
f 1317 1294 1332
f 1317 1332 1345
f 6890 6891 6888
f 6888 6891 6939
f 6511 6888 6939
f 6887 6888 6511
f 6521 6887 6512
f 6512 6887 6511
f 1345 1351 1317
f 1354 1351 1345
f 7134 7135 6891
f 6890 7134 6891
f 6899 7134 6890
f 6891 7135 6939
f 1352 1351 163
f 1351 161 163
f 1351 1354 161
f 163 1355 1352
f 7128 7129 7131
f 7129 7132 7131
f 7132 6899 7131
f 7132 7134 6899
f 161 162 163
f 1355 163 162
f 1696 1355 162
f 8962 1355 1696
f 7125 7672 7129
f 7128 7125 7129
f 7124 7125 7128
f 7129 7672 7132
f 1696 1378 8962
f 1374 1378 1696
f 7122 7125 7124
f 7122 7127 7125
f 1373 1364 1365
f 1374 1373 1365
f 1377 1374 1365
f 1378 1374 1377
f 7123 7127 7122
f 7123 7679 7127
f 1365 1364 1363
f 1364 1362 1363
f 1364 1366 1362
f 1365 1363 1377
f 7130 7679 7123
f 7130 7157 7679
f 1368 1371 1367
f 1367 1371 1372
f 1367 1362 1366
f 1367 1366 1368
f 7655 7157 7130
f 7655 7159 7157
f 1438 1466 1437
f 1403 1380 1437
f 1380 1438 1437
f 1380 1427 1438
f 1380 1372 1371
f 1380 1371 1427
f 7162 7159 7655
f 7162 7161 7159
f 1473 178 1543
f 1463 1464 1543
f 1543 1464 1473
f 1441 1440 1463
f 1440 1464 1463
f 1440 1446 1464
f 1444 1440 1443
f 1444 1446 1440
f 1431 1437 1466
f 1444 1431 1466
f 1443 1431 1444
f 1437 1431 1403
f 7729 7161 7162
f 7729 7164 7161
f 1567 1579 1568
f 1565 1566 1568
f 1568 1566 1567
f 164 177 1565
f 1565 177 1566
f 177 164 178
f 178 164 1543
f 164 166 1543
f 166 1563 1543
f 1543 1563 1555
f 1543 1555 1463
f 1463 1555 1441
f 7683 7164 7729
f 7683 7635 7164
f 2714 2713 2711
f 2714 2711 1579
f 2711 1568 1579
f 2711 2710 1568
f 2710 3068 2871
f 1565 2710 2871
f 1568 2710 1565
f 1565 2871 165
f 1565 165 164
f 164 165 166
f 7636 7635 7683
f 7636 7632 7635
f 2742 2719 2712
f 2742 2712 2713
f 2712 2711 2713
f 2712 2707 2711
f 2707 2642 2706
f 2710 2707 2706
f 2711 2707 2710
f 2710 2706 3068
f 7631 7632 7636
f 7631 7630 7632
f 2712 2719 2725
f 2725 2719 2724
f 2712 2866 2707
f 2712 2725 2866
f 2866 2656 2642
f 2866 2642 2707
f 7628 7630 7631
f 7628 7629 7630
f 2725 2724 2726
f 2726 2724 2729
f 2725 3080 2866
f 2725 2726 3080
f 3080 2628 2656
f 3080 2656 2866
f 7625 7629 7628
f 7625 7638 7629
f 2726 2729 2739
f 2739 2729 3032
f 2726 2696 3080
f 2726 2739 2696
f 2696 2621 2628
f 2696 2628 3080
f 167 168 169
f 168 7619 169
f 7619 7625 169
f 7619 7638 7625
f 2739 3032 2701
f 2701 3032 3197
f 2739 2622 2696
f 2739 2701 2622
f 2622 2620 2621
f 2622 2621 2696
f 7624 7623 168
f 7624 168 167
f 7619 168 7622
f 7622 168 7623
f 2701 3197 2702
f 2702 3197 2529
f 2701 2700 2622
f 2701 2702 2700
f 2700 2951 2620
f 2700 2620 2622
f 172 171 7623
f 172 7623 7624
f 7622 7623 7693
f 7693 7623 171
f 2702 2529 2858
f 2858 2529 2510
f 2702 2703 2700
f 2702 2858 2703
f 2703 2994 2951
f 2703 2951 2700
f 170 171 172
f 170 7758 171
f 7758 7693 171
f 7758 7688 7693
f 2858 2510 2558
f 2558 2510 2556
f 2858 2857 2703
f 2858 2558 2857
f 2857 2424 2994
f 2857 2994 2703
f 7841 7688 7758
f 7841 7843 7688
f 2558 2556 2878
f 2878 2556 2386
f 2558 2856 2857
f 2558 2878 2856
f 2856 2200 2424
f 2856 2424 2857
f 7844 7843 7841
f 7844 7287 7843
f 2878 2386 2204
f 2204 2386 2205
f 2878 2207 2856
f 2878 2204 2207
f 2207 2197 2200
f 2207 2200 2856
f 7610 7839 7838
f 7839 7286 7838
f 7286 7844 7838
f 7286 7287 7844
f 2204 2205 2203
f 2203 2205 2271
f 2204 2198 2207
f 2204 2203 2198
f 2198 2196 2197
f 2198 2197 2207
f 7608 7615 7839
f 7608 7839 7610
f 7286 7839 7289
f 7289 7839 7615
f 2203 2271 2208
f 2208 2271 2852
f 2203 2201 2198
f 2203 2208 2201
f 2201 2206 2196
f 2201 2196 2198
f 7606 7615 7608
f 7606 7586 7615
f 7586 7289 7615
f 7586 7587 7289
f 2208 2852 2533
f 2533 2852 2526
f 2208 2923 2201
f 2208 2533 2923
f 2923 2764 2206
f 2923 2206 2201
f 7581 7587 7586
f 7581 7665 7587
f 2533 2526 2532
f 2532 2526 2528
f 2533 2534 2923
f 2533 2532 2534
f 2534 2550 2764
f 2534 2764 2923
f 7583 7570 7579
f 7570 7572 7579
f 7572 7581 7579
f 7572 7665 7581
f 2532 2528 2536
f 2536 2528 2537
f 2532 2553 2534
f 2532 2536 2553
f 2553 2544 2550
f 2553 2550 2534
f 7569 7568 7570
f 7569 7570 7583
f 7572 7570 7571
f 7571 7570 7568
f 2536 2537 2538
f 2538 2537 2552
f 2536 2539 2553
f 2536 2538 2539
f 2539 2543 2544
f 2539 2544 2553
f 7567 7317 7568
f 7567 7568 7569
f 7571 7568 7588
f 7588 7568 7317
f 2552 2547 2538
f 2548 2540 2547
f 2540 2538 2547
f 2540 2539 2538
f 2541 2551 2543
f 2539 2541 2543
f 2540 2541 2539
f 2541 3192 2551
f 7318 7316 7317
f 7318 7317 7567
f 7588 7317 7315
f 7315 7317 7316
f 2540 2548 2546
f 2546 2548 2353
f 2540 2542 2541
f 2540 2546 2542
f 2542 2250 3192
f 2542 3192 2541
f 7319 7779 7316
f 7319 7316 7318
f 7315 7316 7314
f 7314 7316 7779
f 2546 2353 3180
f 3180 2353 2350
f 2546 2905 2542
f 2546 3180 2905
f 2905 2139 2250
f 2905 2250 2542
f 7566 7780 7779
f 7566 7779 7319
f 7314 7779 7589
f 7589 7779 7780
f 3180 2350 2174
f 2174 2350 3070
f 3180 2161 2905
f 3180 2174 2161
f 2161 3061 2139
f 2161 2139 2905
f 7799 7769 7780
f 7566 7799 7780
f 7565 7799 7566
f 7780 7769 7589
f 3070 2167 2174
f 2163 2160 2167
f 2160 2174 2167
f 2160 2161 2174
f 2159 2270 3061
f 2161 2159 3061
f 2160 2159 2161
f 2159 2141 2270
f 7777 7799 7565
f 7777 7774 7799
f 2160 2163 2162
f 2162 2163 2164
f 2160 2158 2159
f 2160 2162 2158
f 2158 2146 2141
f 2158 2141 2159
f 7562 7774 7777
f 7562 7330 7774
f 2162 2164 2165
f 2165 2164 2166
f 2162 2268 2158
f 2162 2165 2268
f 2268 3125 2146
f 2268 2146 2158
f 7327 7330 7562
f 7327 7329 7330
f 2165 2166 2168
f 2168 2166 2171
f 2165 2169 2268
f 2165 2168 2169
f 2169 2240 3125
f 2169 3125 2268
f 7328 7329 7327
f 7328 7334 7329
f 2168 2171 2172
f 2172 2171 3148
f 2168 2170 2169
f 2168 2172 2170
f 2170 3143 2240
f 2170 2240 2169
f 7770 7334 7328
f 7770 7498 7334
f 2172 3148 2912
f 2912 3148 2910
f 2172 3043 2170
f 2172 2912 3043
f 3043 2086 3143
f 3043 3143 2170
f 7426 7775 7372
f 7498 7426 7372
f 7770 7426 7498
f 7775 7371 7372
f 2912 2910 2908
f 2908 2910 2909
f 2912 3134 3043
f 2912 2908 3134
f 3134 2904 2086
f 3134 2086 3043
f 7422 7421 7775
f 7422 7775 7426
f 7371 7775 7374
f 7374 7775 7421
f 2908 2909 2246
f 2246 2909 3108
f 2908 2095 3134
f 2908 2246 2095
f 2095 2251 2904
f 2095 2904 3134
f 7420 7418 7421
f 7420 7421 7422
f 7374 7421 7496
f 7496 7421 7418
f 2246 3108 2060
f 2060 3108 2902
f 2246 2061 2095
f 2246 2060 2061
f 2064 3100 2251
f 2095 2064 2251
f 2061 2064 2095
f 2064 2249 3100
f 7419 7414 7418
f 7419 7418 7420
f 7496 7418 7417
f 7417 7418 7414
f 2902 2058 2060
f 1924 2059 2058
f 2059 2060 2058
f 2059 2061 2060
f 2061 2062 2064
f 2061 2059 2062
f 2062 2065 2249
f 2062 2249 2064
f 7437 7411 7414
f 7437 7414 7419
f 7417 7414 7413
f 7413 7414 7411
f 2059 1924 3111
f 3111 1924 1932
f 2059 2063 2062
f 2059 3111 2063
f 2063 2066 2065
f 2063 2065 2062
f 7412 7410 7411
f 7412 7411 7437
f 7413 7411 7409
f 7409 7411 7410
f 3111 1932 3090
f 3090 1932 1817
f 3111 2068 2063
f 3111 3090 2068
f 2068 2084 2066
f 2068 2066 2063
f 7416 7813 7410
f 7416 7410 7412
f 7409 7410 7408
f 7408 7410 7813
f 3090 1817 2100
f 2100 1817 2862
f 3090 2096 2068
f 3090 2100 2096
f 2096 2097 2084
f 2096 2084 2068
f 7436 7432 7813
f 7436 7813 7416
f 7408 7813 7455
f 7455 7813 7432
f 2100 2862 2101
f 2101 2862 2107
f 2100 2099 2096
f 2100 2101 2099
f 2099 2106 2097
f 2099 2097 2096
f 7433 7431 7432
f 7433 7432 7436
f 7455 7432 7429
f 7429 7432 7431
f 2101 2107 2103
f 2103 2107 2245
f 2101 2102 2099
f 2101 2103 2102
f 2102 2105 2106
f 2102 2106 2099
f 7438 7434 7431
f 7438 7431 7433
f 7429 7431 7430
f 7430 7431 7434
f 2103 2245 2108
f 2108 2245 1972
f 2103 2104 2102
f 2103 2108 2104
f 2104 2244 2105
f 2104 2105 2102
f 7776 7440 7434
f 7776 7434 7438
f 7430 7434 7435
f 7435 7434 7440
f 2108 1972 3170
f 3170 1972 1971
f 2108 2109 2104
f 2108 3170 2109
f 2109 2762 2244
f 2109 2244 2104
f 7456 7440 7776
f 7456 7441 7440
f 7441 7435 7440
f 7441 7442 7435
f 1971 2422 3170
f 2265 3079 2422
f 3079 3170 2422
f 3079 2109 3170
f 3079 2840 2762
f 3079 2762 2109
f 7443 7442 7441
f 7443 7444 7442
f 3079 2265 3135
f 3135 2265 3205
f 2845 2841 2840
f 3079 2845 2840
f 3135 2845 3079
f 2845 2847 2841
f 7477 7444 7443
f 7477 7459 7444
f 3135 3205 3141
f 3141 3205 3117
f 3135 2877 2845
f 3135 3141 2877
f 2877 2819 2847
f 2877 2847 2845
f 7453 7459 7477
f 7453 7457 7459
f 3116 3115 3113
f 3116 3113 3117
f 3113 3141 3117
f 3113 2880 3141
f 3141 2820 2877
f 3141 2880 2820
f 2820 2816 2819
f 2820 2819 2877
f 7454 7457 7453
f 7454 7458 7457
f 3115 3114 3113
f 3208 2813 3114
f 2813 3113 3114
f 2813 2880 3113
f 2880 2814 2820
f 2880 2813 2814
f 2814 2815 2816
f 2814 2816 2820
f 7476 7458 7454
f 7476 7724 7458
f 2614 2613 2697
f 2614 2697 3208
f 2697 2813 3208
f 2697 2811 2813
f 2813 2812 2814
f 2813 2811 2812
f 2812 2821 2815
f 2812 2815 2814
f 7695 7724 7476
f 7695 7532 7724
f 2697 2613 3147
f 3147 2613 2619
f 2697 2810 2811
f 2697 3147 2810
f 2811 2809 2812
f 2811 2810 2809
f 2809 2808 2821
f 2809 2821 2812
f 904 7532 7695
f 904 7529 7532
f 3147 2619 3086
f 3086 2619 3139
f 3147 2822 2810
f 3147 3086 2822
f 2810 2807 2809
f 2810 2822 2807
f 2807 2805 2808
f 2807 2808 2809
f 902 7529 904
f 902 7527 7529
f 3139 3087 3086
f 3088 3051 3087
f 3051 3086 3087
f 3051 2822 3086
f 2822 2806 2807
f 2822 3051 2806
f 2806 2804 2805
f 2806 2805 2807
f 900 7527 902
f 900 7526 7527
f 3051 3088 2987
f 2987 3088 3122
f 3051 2823 2806
f 3051 2987 2823
f 2823 2835 2804
f 2823 2804 2806
f 891 7526 900
f 891 7536 7526
f 3122 2972 2987
f 2317 2321 2972
f 2321 2987 2972
f 2321 2823 2987
f 3093 2827 2835
f 2823 3093 2835
f 2321 3093 2823
f 3093 2829 2827
f 813 7536 891
f 813 783 7536
f 2317 2318 2321
f 2319 2320 2318
f 2320 2321 2318
f 2320 3093 2321
f 2831 2830 2829
f 3093 2831 2829
f 2320 2831 3093
f 2831 2833 2830
f 790 798 807
f 798 757 807
f 757 813 807
f 757 783 813
f 2319 5876 2320
f 5870 5883 5876
f 5883 2320 5876
f 5883 2831 2320
f 5883 6289 2833
f 5883 2833 2831
f 747 748 798
f 790 747 798
f 788 747 790
f 798 748 757
f 5870 5869 5883
f 5883 5869 6289
f 5869 6283 6289
f 5869 6281 6283
f 6284 6283 6281
f 6284 6281 6282
f 781 747 788
f 781 740 747
f 6282 6316 6284
f 6284 6316 6286
f 6318 6286 6316
f 6318 6316 6333
f 743 740 781
f 743 742 740
f 6333 6164 6318
f 6318 6164 6330
f 6162 6330 6164
f 6162 6164 6160
f 730 729 731
f 729 741 731
f 741 743 731
f 741 742 743
f 6160 6161 6162
f 6159 6161 6160
f 727 728 729
f 730 727 729
f 732 727 730
f 729 728 741
f 6303 6171 6170
f 6171 6159 6170
f 6171 6161 6159
f 6172 6303 6170
f 738 735 734
f 735 733 734
f 733 732 734
f 733 727 732
f 6303 6297 6171
f 6176 6297 6303
f 6172 6176 6303
f 6174 6176 6172
f 737 736 735
f 738 737 735
f 739 737 738
f 735 736 733
f 6174 6177 6176
f 6178 6177 6174
f 792 737 739
f 792 793 737
f 6178 8812 6177
f 6350 8812 6178
f 846 793 792
f 846 845 793
f 6350 9004 8812
f 7865 9004 6350
f 3947 845 846
f 3947 846 3760
f 3760 3502 3947
f 3947 3502 3500
f 181 180 7878
f 7878 180 7871
f 7878 9004 7865
f 7878 7865 181
f 3498 3500 3502
f 3498 3502 3501
f 3501 3497 3498
f 3498 3497 3496
f 7868 3917 7870
f 7870 3917 7876
f 7870 7871 180
f 7870 180 7868
f 3493 3496 3497
f 3493 3497 3532
f 3532 3494 3493
f 3493 3494 3492
f 3616 3273 3854
f 3854 3273 3411
f 3621 3854 3875
f 3621 3616 3854
f 3875 7876 3917
f 3875 3917 3621
f 3506 3492 3494
f 3506 3494 3896
f 3896 3939 3506
f 3506 3939 3487
f 3225 3860 3246
f 3245 3214 3246
f 3214 3225 3246
f 3214 3224 3225
f 3229 3214 3210
f 3229 3224 3214
f 3212 3210 3209
f 3212 3229 3210
f 3215 3209 3230
f 3215 3212 3209
f 3835 3230 3930
f 3835 3215 3230
f 3406 3930 3834
f 3406 3835 3930
f 3261 3834 3275
f 3261 3406 3834
f 3262 3275 3265
f 3262 3261 3275
f 3264 3265 3266
f 3264 3262 3265
f 3267 3266 3268
f 3267 3264 3266
f 3268 3411 3273
f 3268 3273 3267
f 3355 3487 3939
f 3355 3939 3833
f 3350 3833 3352
f 3350 3355 3833
f 3346 3352 3349
f 3346 3350 3352
f 3344 3349 3358
f 3344 3346 3349
f 3322 3358 3844
f 3322 3344 3358
f 3298 3844 3302
f 3298 3322 3844
f 3297 3302 3300
f 3297 3298 3302
f 3299 3300 3301
f 3299 3297 3300
f 3916 3246 3860
f 3299 3916 3860
f 3301 3916 3299
f 3246 3916 3245
f 6681 6432 174
f 6435 175 174
f 6432 6435 174
f 6427 6435 6432
f 6435 6426 6949
f 6427 6426 6435
f 6949 6464 6417
f 6426 6464 6949
f 6417 6415 6414
f 6464 6415 6417
f 6414 6413 6410
f 6415 6413 6414
f 6410 6412 6411
f 6413 6412 6410
f 6411 6505 6459
f 6412 6505 6411
f 6505 6863 6864
f 6981 6505 6864
f 6459 6505 6981
f 6866 6400 6981
f 6866 6981 6864
f 6866 6402 6400
f 6509 6503 6513
f 6509 6513 6512
f 6513 6952 6515
f 6503 6952 6513
f 6515 6947 6517
f 6952 6947 6515
f 6517 6476 6912
f 6947 6476 6517
f 6912 6477 6834
f 6476 6477 6912
f 6834 6833 6835
f 6477 6833 6834
f 6835 6682 6839
f 6833 6682 6835
f 174 173 6681
f 173 6682 6681
f 173 6839 6682
f 173 174 175
f 6863 6357 6864
f 6864 6357 6866
f 6866 6357 6358
f 6866 6358 6402
f 6358 6962 6402
f 6358 6832 6962
f 6962 6364 6365
f 6832 6364 6962
f 6365 1662 6366
f 6364 1662 6365
f 6366 1353 1332
f 1662 1353 6366
f 1345 1332 1353
f 1345 1353 1679
f 6673 6510 6511
f 6673 6511 6939
f 6512 6511 6509
f 6509 6511 6510
f 1679 1354 1345
f 1685 1354 1679
f 7134 7136 7135
f 7136 7137 7135
f 7137 6939 7135
f 7137 6673 6939
f 1685 161 1354
f 1677 161 1685
f 7670 7138 7136
f 7134 7670 7136
f 7132 7670 7134
f 7136 7138 7137
f 162 161 1694
f 161 1688 1694
f 161 1677 1688
f 1694 1696 162
f 7125 7807 7672
f 7807 7828 7672
f 7828 7132 7672
f 7828 7670 7132
f 1688 184 1694
f 1696 1694 184
f 183 1696 184
f 1374 1696 183
f 7127 7158 7807
f 7127 7807 7125
f 7828 7807 7659
f 7659 7807 7158
f 185 1370 1373
f 1373 1370 1364
f 1373 1374 183
f 1373 183 185
f 7679 7155 7158
f 7679 7158 7127
f 7659 7158 7152
f 7152 7158 7155
f 1370 1366 1364
f 1369 1366 1370
f 7157 7156 7155
f 7157 7155 7679
f 7152 7155 7153
f 7153 7155 7156
f 1379 1422 1368
f 1368 1422 1371
f 1368 1366 1369
f 1368 1369 1379
f 7159 7160 7156
f 7159 7156 7157
f 7153 7156 7682
f 7682 7156 7160
f 1461 1465 1462
f 1447 1450 1462
f 1462 1450 1461
f 1448 1449 1447
f 1447 1449 1450
f 1466 1438 1448
f 1438 1449 1448
f 1438 1458 1449
f 1432 1438 1427
f 1432 1458 1438
f 1427 1371 1422
f 1427 1422 1432
f 7161 7163 7160
f 7161 7160 7159
f 7682 7160 7165
f 7165 7160 7163
f 1544 188 1545
f 176 1476 1545
f 1545 1476 1544
f 178 1473 176
f 1473 1476 176
f 1473 1468 1476
f 1464 1462 1465
f 1468 1464 1465
f 1473 1464 1468
f 1462 1464 1446
f 1462 1446 1447
f 1447 1446 1444
f 1447 1444 1448
f 1448 1444 1466
f 7164 7656 7163
f 7164 7163 7161
f 7165 7163 7166
f 7166 7163 7656
f 1569 1570 1578
f 1579 1567 1578
f 1567 1569 1578
f 1567 187 1569
f 1566 1545 188
f 187 1566 188
f 1567 1566 187
f 1545 1566 177
f 1545 177 176
f 176 177 178
f 7635 7634 7656
f 7635 7656 7164
f 7166 7656 7823
f 7823 7656 7634
f 2716 191 2715
f 2716 2715 1570
f 1570 2715 1578
f 2715 2713 1578
f 2713 2714 1578
f 1578 2714 1579
f 7632 7633 7634
f 7632 7634 7635
f 7823 7634 7639
f 7639 7634 7633
f 190 2718 2717
f 190 2717 191
f 191 2717 2715
f 2717 2719 2715
f 2719 2742 2715
f 2715 2742 2713
f 7630 7640 7633
f 7630 7633 7632
f 7639 7633 7248
f 7248 7633 7640
f 2722 3107 2727
f 2722 2727 2718
f 2727 2717 2718
f 2727 2720 2717
f 2720 2724 2719
f 2720 2719 2717
f 7629 7252 7640
f 7629 7640 7630
f 7248 7640 7249
f 7249 7640 7252
f 2727 3107 2882
f 2882 3107 2501
f 2727 3054 2720
f 2727 2882 3054
f 3054 2729 2724
f 3054 2724 2720
f 7638 7253 7252
f 7638 7252 7629
f 7249 7252 7251
f 7251 7252 7253
f 2882 2501 2881
f 2881 2501 2494
f 2882 2901 3054
f 2882 2881 2901
f 2901 3032 2729
f 2901 2729 3054
f 7619 7255 7253
f 7619 7253 7638
f 7251 7253 7254
f 7254 7253 7255
f 2881 2494 2503
f 2503 2494 2502
f 2881 2506 2901
f 2881 2503 2506
f 2506 3197 3032
f 2506 3032 2901
f 7622 7257 7255
f 7622 7255 7619
f 7254 7255 7256
f 7256 7255 7257
f 2503 2502 2504
f 2504 2502 2531
f 2503 2505 2506
f 2503 2504 2505
f 2505 2529 3197
f 2505 3197 2506
f 7693 7618 7257
f 7693 7257 7622
f 7256 7257 7258
f 7258 7257 7618
f 2504 2531 2508
f 2508 2531 2512
f 2504 2507 2505
f 2504 2508 2507
f 2507 2510 2529
f 2507 2529 2505
f 7688 7687 7618
f 7688 7618 7693
f 7258 7618 7263
f 7263 7618 7687
f 2508 2512 2511
f 2511 2512 2513
f 2508 2509 2507
f 2508 2511 2509
f 2509 2556 2510
f 2509 2510 2507
f 7843 7288 7687
f 7843 7687 7688
f 7263 7687 7747
f 7747 7687 7288
f 2511 2513 2514
f 2514 2513 2515
f 2511 2569 2509
f 2511 2514 2569
f 2569 2386 2556
f 2569 2556 2509
f 7287 7285 7288
f 7287 7288 7843
f 7747 7288 7603
f 7603 7288 7285
f 2514 2515 2516
f 2516 2515 2517
f 2514 2391 2569
f 2514 2516 2391
f 2391 2205 2386
f 2391 2386 2569
f 7286 7283 7285
f 7286 7285 7287
f 7603 7285 7284
f 7284 7285 7283
f 2516 2517 2518
f 2518 2517 2520
f 2516 2870 2391
f 2516 2518 2870
f 2870 2271 2205
f 2870 2205 2391
f 7289 7282 7283
f 7289 7283 7286
f 7284 7283 7280
f 7280 7283 7282
f 2518 2520 2521
f 2521 2520 2896
f 2518 2522 2870
f 2518 2521 2522
f 2522 2852 2271
f 2522 2271 2870
f 7826 7281 7282
f 7289 7826 7282
f 7587 7826 7289
f 7282 7281 7280
f 2521 2896 2524
f 2524 2896 2426
f 2521 2523 2522
f 2521 2524 2523
f 2523 2526 2852
f 2523 2852 2522
f 7665 7826 7587
f 7665 7578 7826
f 2524 2426 2848
f 2848 2426 2409
f 2524 2525 2523
f 2524 2848 2525
f 2525 2528 2526
f 2525 2526 2523
f 7572 7573 7575
f 7578 7572 7575
f 7665 7572 7578
f 7573 7576 7575
f 2848 2409 3165
f 3165 2409 3044
f 2848 2559 2525
f 2848 3165 2559
f 2559 2537 2528
f 2559 2528 2525
f 7571 7574 7573
f 7571 7573 7572
f 7576 7573 7580
f 7580 7573 7574
f 3165 3044 2894
f 2894 3044 2334
f 3165 2892 2559
f 3165 2894 2892
f 2892 2552 2537
f 2892 2537 2559
f 7588 7751 7574
f 7588 7574 7571
f 7580 7574 7819
f 7819 7574 7751
f 2334 2332 2894
f 2329 2335 2332
f 2335 2894 2332
f 2335 2892 2894
f 3204 2547 2552
f 2892 3204 2552
f 2335 3204 2892
f 3204 2548 2547
f 7311 7312 7751
f 7588 7311 7751
f 7315 7311 7588
f 7751 7312 7819
f 2335 2329 2327
f 2327 2329 2328
f 2335 2924 3204
f 2335 2327 2924
f 2924 2353 2548
f 2924 2548 3204
f 7314 7311 7315
f 7314 7310 7311
f 2328 2326 2327
f 2323 2325 2326
f 2325 2327 2326
f 2325 2924 2327
f 2325 2350 2353
f 2325 2353 2924
f 7589 7310 7314
f 7589 7313 7310
f 2325 2323 2324
f 2324 2323 2237
f 2324 3070 2350
f 2324 2350 2325
f 7799 7564 7769
f 7564 7561 7769
f 7561 7589 7769
f 7561 7313 7589
f 2324 2237 2938
f 2938 2237 2215
f 2733 2167 3070
f 2324 2733 3070
f 2938 2733 2324
f 2733 2163 2167
f 7774 7333 7564
f 7774 7564 7799
f 7561 7564 7336
f 7336 7564 7333
f 2938 2215 2241
f 2241 2215 2212
f 2938 2175 2733
f 2938 2241 2175
f 2175 2164 2163
f 2175 2163 2733
f 7330 7331 7333
f 7330 7333 7774
f 7336 7333 7335
f 7335 7333 7331
f 2241 2212 2210
f 2210 2212 2211
f 2241 3030 2175
f 2241 2210 3030
f 3030 2166 2164
f 3030 2164 2175
f 7329 7726 7331
f 7329 7331 7330
f 7335 7331 7563
f 7563 7331 7726
f 2210 2211 2209
f 2209 2211 2236
f 2210 2173 3030
f 2210 2209 2173
f 2173 2171 2166
f 2173 2166 3030
f 7334 7369 7726
f 7334 7726 7329
f 7563 7726 7367
f 7367 7726 7369
f 2209 2236 3098
f 3098 2236 3200
f 2209 2178 2173
f 2209 3098 2178
f 2178 3148 2171
f 2178 2171 2173
f 7498 7370 7369
f 7498 7369 7334
f 7367 7369 7368
f 7368 7369 7370
f 3098 3200 2916
f 2916 3200 3094
f 3098 2917 2178
f 3098 2916 2917
f 2917 2910 3148
f 2917 3148 2178
f 7372 7370 7498
f 7372 7371 7370
f 7371 7368 7370
f 7371 7373 7368
f 2916 3094 2915
f 2915 3094 3167
f 2916 2913 2917
f 2916 2915 2913
f 2913 2909 2910
f 2913 2910 2917
f 7374 7373 7371
f 7374 7375 7373
f 2915 3167 2928
f 2928 3167 1832
f 2915 2914 2913
f 2915 2928 2914
f 2914 3108 2909
f 2914 2909 2913
f 7496 7375 7374
f 7496 7378 7375
f 2928 1832 1811
f 1811 1832 1815
f 2928 1818 2914
f 2928 1811 1818
f 1818 2902 3108
f 1818 3108 2914
f 7417 7378 7496
f 7417 7709 7378
f 1811 1815 1809
f 1809 1815 2394
f 1811 1806 1818
f 1811 1809 1806
f 1810 2058 2902
f 1818 1810 2902
f 1806 1810 1818
f 1810 1924 2058
f 7413 7709 7417
f 7413 7415 7709
f 2394 3126 1809
f 1823 1807 3126
f 1807 1809 3126
f 1807 1806 1809
f 1806 1808 1810
f 1806 1807 1808
f 1808 1932 1924
f 1808 1924 1810
f 7409 7415 7413
f 7409 7407 7415
f 1807 1823 1813
f 1813 1823 1819
f 1807 1812 1808
f 1807 1813 1812
f 1812 1817 1932
f 1812 1932 1808
f 7408 7407 7409
f 7408 7404 7407
f 1813 1819 1816
f 1816 1819 1820
f 1813 1814 1812
f 1813 1816 1814
f 1814 2862 1817
f 1814 1817 1812
f 7455 7404 7408
f 7455 7403 7404
f 1816 1820 1821
f 1821 1820 1824
f 1816 1822 1814
f 1816 1821 1822
f 1822 2107 2862
f 1822 2862 1814
f 7429 7403 7455
f 7429 7405 7403
f 1821 1824 1825
f 1825 1824 1826
f 1821 3162 1822
f 1821 1825 3162
f 3162 2245 2107
f 3162 2107 1822
f 7430 7405 7429
f 7430 7439 7405
f 1825 1826 1925
f 1925 1826 1829
f 1825 2891 3162
f 1825 1925 2891
f 2891 1972 2245
f 2891 2245 3162
f 7435 7439 7430
f 7435 7821 7439
f 1925 1829 3071
f 3071 1829 1881
f 1925 1970 2891
f 1925 3071 1970
f 1970 1971 1972
f 1970 1972 2891
f 7442 7821 7435
f 7442 7478 7821
f 1881 1948 3071
f 1949 1950 1948
f 1950 3071 1948
f 1950 1970 3071
f 1969 2422 1971
f 1970 1969 1971
f 1950 1969 1970
f 1969 2265 2422
f 7444 7478 7442
f 7444 7461 7478
f 2282 1946 1965
f 2282 1965 1949
f 1965 1950 1949
f 1965 1966 1950
f 1950 1968 1969
f 1950 1966 1968
f 1968 3205 2265
f 1968 2265 1969
f 7459 7461 7444
f 7459 7460 7461
f 1965 1946 3207
f 3207 1946 1951
f 1965 1967 1966
f 1965 3207 1967
f 1966 1973 1968
f 1966 1967 1973
f 1973 3117 3205
f 1973 3205 1968
f 7457 7460 7459
f 7457 7723 7460
f 3207 1951 2617
f 2617 1951 2899
f 3207 3206 1967
f 3207 2617 3206
f 3206 3115 3116
f 1973 3206 3116
f 1967 3206 1973
f 1973 3116 3117
f 7458 7723 7457
f 7458 7802 7723
f 2617 2899 2615
f 2615 2899 3189
f 2617 2616 3206
f 2617 2615 2616
f 2618 3114 3115
f 3206 2618 3115
f 2616 2618 3206
f 2618 3208 3114
f 7724 7802 7458
f 7724 7785 7802
f 2615 3189 2611
f 2611 3189 2657
f 2615 2612 2616
f 2615 2611 2612
f 2612 2613 2614
f 2618 2612 2614
f 2616 2612 2618
f 2618 2614 3208
f 7532 7785 7724
f 7532 7530 7785
f 2611 2657 2608
f 2608 2657 2311
f 2611 2610 2612
f 2611 2608 2610
f 2610 2619 2613
f 2610 2613 2612
f 7529 7530 7532
f 7529 7528 7530
f 2608 2311 2310
f 2310 2311 2308
f 2608 2609 2610
f 2608 2310 2609
f 2609 3139 2619
f 2609 2619 2610
f 7527 7528 7529
f 7527 7525 7528
f 2310 2308 2309
f 2309 2308 2307
f 2310 3144 2609
f 2310 2309 3144
f 3089 3087 3139
f 2609 3089 3139
f 3144 3089 2609
f 3089 3088 3087
f 7526 7525 7527
f 7526 7524 7525
f 2307 2312 2309
f 2606 2301 2312
f 2301 2309 2312
f 2301 3144 2309
f 3144 2304 3089
f 3144 2301 2304
f 2304 3122 3088
f 2304 3088 3089
f 7536 7524 7526
f 7536 7535 7524
f 2301 2606 2297
f 2297 2606 2295
f 2301 2299 2304
f 2301 2297 2299
f 2302 2972 3122
f 2304 2302 3122
f 2299 2302 2304
f 2302 2317 2972
f 783 7535 7536
f 783 782 7535
f 2295 2296 2297
f 2388 2298 2296
f 2298 2297 2296
f 2298 2299 2297
f 2299 2300 2302
f 2299 2298 2300
f 2303 2318 2317
f 2302 2303 2317
f 2300 2303 2302
f 2303 2319 2318
f 757 782 783
f 757 756 782
f 2388 6224 2298
f 2298 6224 2300
f 2300 6224 5920
f 5919 5879 5920
f 5879 2300 5920
f 5879 2303 2300
f 5868 5876 2319
f 2303 5868 2319
f 5879 5868 2303
f 5868 5870 5876
f 747 746 748
f 746 754 748
f 754 757 748
f 754 756 757
f 5919 5867 5879
f 5879 5867 5868
f 5868 5867 5863
f 5863 5861 5871
f 5863 5871 5869
f 5868 5863 5869
f 5870 5868 5869
f 6280 6281 5869
f 6280 5869 5871
f 6280 6282 6281
f 740 718 746
f 740 746 747
f 754 746 701
f 701 746 718
f 5861 5860 5871
f 5871 5860 6280
f 6280 5860 5865
f 5865 6290 6301
f 5865 6301 6316
f 6280 5865 6316
f 6282 6280 6316
f 6301 6333 6316
f 714 717 718
f 740 714 718
f 742 714 740
f 718 717 701
f 6290 6152 6301
f 6301 6152 6333
f 6152 6164 6333
f 6152 6278 6164
f 6160 6164 6278
f 6160 6278 6157
f 741 714 742
f 741 713 714
f 6157 6159 6160
f 6158 6159 6157
f 727 726 728
f 726 712 728
f 712 741 728
f 712 713 741
f 6158 6169 6159
f 6159 6169 6170
f 6172 6170 6169
f 6172 6169 6173
f 723 719 726
f 727 723 726
f 733 723 727
f 726 719 712
f 6173 6174 6172
f 6175 6174 6173
f 737 775 736
f 775 725 736
f 725 733 736
f 725 723 733
f 6175 6178 6174
f 6319 6178 6175
f 793 797 775
f 793 775 737
f 725 775 796
f 796 775 797
f 6319 6350 6178
f 6235 6350 6319
f 845 847 797
f 845 797 793
f 796 797 862
f 862 797 847
f 6235 7865 6350
f 7864 7865 6235
f 3947 847 845
f 3947 3500 847
f 3500 862 847
f 3500 3504 862
f 179 180 181
f 7863 179 181
f 7865 7863 181
f 7864 7863 7865
f 3499 3504 3500
f 3499 3500 3498
f 3498 3496 3499
f 3499 3496 3546
f 7869 3917 7868
f 7867 7869 7868
f 7867 7868 180
f 7866 7867 180
f 179 7866 180
f 7866 179 7863
f 3495 3546 3496
f 3495 3496 3493
f 3490 3491 3492
f 3491 3493 3492
f 3491 3495 3493
f 3490 3489 3491
f 3573 3273 3616
f 3573 3616 3619
f 3616 3620 3619
f 3616 3621 3620
f 3621 3917 7869
f 3622 3621 7869
f 3620 3621 3622
f 3622 7869 7867
f 3506 3490 3492
f 3506 3487 3490
f 3487 3489 3490
f 3487 3488 3489
f 3226 3785 3225
f 3225 3785 3860
f 3222 3225 3224
f 3222 3226 3225
f 3220 3224 3229
f 3220 3222 3224
f 3217 3229 3212
f 3217 3220 3229
f 3216 3212 3215
f 3216 3217 3212
f 3244 3215 3835
f 3244 3216 3215
f 3276 3835 3406
f 3276 3244 3835
f 3258 3406 3261
f 3258 3276 3406
f 3260 3261 3262
f 3260 3258 3261
f 3263 3262 3264
f 3263 3260 3262
f 3274 3264 3267
f 3274 3263 3264
f 3267 3273 3573
f 3855 3267 3573
f 3274 3267 3855
f 3855 3573 3619
f 3486 3488 3487
f 3486 3487 3355
f 3351 3355 3350
f 3351 3486 3355
f 3347 3350 3346
f 3347 3351 3350
f 3345 3346 3344
f 3345 3347 3346
f 3334 3344 3322
f 3334 3345 3344
f 3305 3322 3298
f 3305 3334 3322
f 3296 3298 3297
f 3296 3305 3298
f 3295 3297 3299
f 3295 3296 3297
f 3299 3860 3785
f 3299 3785 3295
f 6683 6437 6680
f 6432 6681 6680
f 6437 6432 6680
f 6436 6432 6437
f 6432 6431 6427
f 6436 6431 6432
f 6427 6425 6426
f 6431 6425 6427
f 6426 6420 6464
f 6425 6420 6426
f 6464 6418 6415
f 6420 6418 6464
f 6415 6416 6413
f 6418 6416 6415
f 6413 6942 6412
f 6416 6942 6413
f 6942 6980 6865
f 6505 6942 6865
f 6412 6942 6505
f 6865 6863 6505
f 6509 6725 6503
f 6503 6725 6492
f 6479 6503 6492
f 6952 6503 6479
f 6952 6482 6947
f 6479 6482 6952
f 6947 6472 6476
f 6482 6472 6947
f 6476 6474 6477
f 6472 6474 6476
f 6477 6475 6833
f 6474 6475 6477
f 6680 6682 6683
f 6682 6475 6683
f 6682 6833 6475
f 6682 6680 6681
f 6980 6362 6865
f 6865 6362 6863
f 6362 6357 6863
f 6362 6355 6357
f 6357 6354 6358
f 6355 6354 6357
f 6358 6351 6832
f 6354 6351 6358
f 6351 6359 6363
f 6364 6351 6363
f 6832 6351 6364
f 1646 1662 6364
f 1646 6364 6363
f 1661 1353 1662
f 1661 1662 1646
f 1661 1679 1353
f 6673 6642 6510
f 6642 6508 6510
f 6510 6508 6509
f 6508 6493 6509
f 6493 6725 6509
f 6725 6493 6492
f 6359 1621 6363
f 6363 1621 1646
f 1646 1621 1645
f 1635 1648 1645
f 1648 1646 1645
f 1648 1661 1646
f 1648 1685 1679
f 1648 1679 1661
f 7140 7143 6642
f 6673 7140 6642
f 7137 7140 6673
f 6642 7143 6508
f 1648 1635 1639
f 1639 1635 1636
f 1639 1677 1685
f 1639 1685 1648
f 7670 7146 7138
f 7146 7139 7138
f 7139 7137 7138
f 7139 7140 7137
f 1636 1654 1639
f 1677 1639 1654
f 1655 1677 1654
f 1688 1677 1655
f 7828 7147 7146
f 7828 7146 7670
f 7139 7146 7145
f 7145 7146 7147
f 184 1688 182
f 1688 1678 182
f 1688 1655 1678
f 182 183 184
f 7659 7149 7147
f 7659 7147 7828
f 7145 7147 7148
f 7148 7147 7149
f 182 1678 185
f 1678 1370 185
f 1678 1436 1370
f 182 185 183
f 7152 7151 7149
f 7152 7149 7659
f 7148 7149 7150
f 7150 7149 7151
f 1768 1769 1384
f 1436 1768 1384
f 1369 1436 1384
f 1370 1436 1369
f 7153 7154 7151
f 7153 7151 7152
f 7150 7151 7658
f 7658 7151 7154
f 1804 1457 1459
f 1435 1802 1459
f 1459 1802 1804
f 1802 1435 1769
f 1769 1435 1384
f 1435 1422 1384
f 1422 1379 1384
f 1384 1379 1369
f 7682 7654 7154
f 7682 7154 7153
f 7658 7154 7219
f 7219 7154 7654
f 1479 1480 1475
f 1469 1474 1475
f 1475 1474 1479
f 1467 1470 1469
f 1469 1470 1474
f 1465 1461 1467
f 1461 1470 1467
f 1461 1460 1470
f 1452 1461 1450
f 1452 1460 1461
f 1451 1450 1449
f 1451 1452 1450
f 1458 1459 1457
f 1451 1458 1457
f 1449 1458 1451
f 1459 1458 1432
f 1459 1432 1435
f 1435 1432 1422
f 7165 7167 7654
f 7165 7654 7682
f 7219 7654 7170
f 7170 7654 7167
f 1488 1546 1547
f 186 1483 1547
f 1547 1483 1488
f 1483 186 1480
f 1480 186 1475
f 186 188 1475
f 188 1544 1475
f 1475 1544 1476
f 1475 1476 1469
f 1469 1476 1468
f 1469 1468 1467
f 1467 1468 1465
f 7166 7168 7167
f 7166 7167 7165
f 7170 7167 7169
f 7169 7167 7168
f 1571 1576 1575
f 1573 1552 1575
f 1575 1552 1571
f 1552 1573 1546
f 1546 1573 1547
f 1573 1570 1547
f 1570 1569 1547
f 1547 1569 187
f 1547 187 186
f 186 187 188
f 7823 7804 7168
f 7823 7168 7166
f 7169 7168 7653
f 7653 7168 7804
f 2954 2953 2731
f 2934 3073 2731
f 2731 3073 2954
f 3073 2934 1576
f 2934 1575 1576
f 2934 189 1575
f 189 191 2716
f 1573 189 2716
f 1575 189 1573
f 1573 2716 1570
f 7639 7246 7804
f 7639 7804 7823
f 7653 7804 7243
f 7243 7804 7246
f 2955 3196 2730
f 2955 2730 2953
f 2730 2731 2953
f 2730 2728 2731
f 2731 2721 2934
f 2731 2728 2721
f 2721 2718 190
f 189 2721 190
f 2934 2721 189
f 189 190 191
f 7248 7247 7246
f 7248 7246 7639
f 7243 7246 7244
f 7244 7246 7247
f 2730 3196 2966
f 2966 3196 2496
f 2730 2723 2728
f 2730 2966 2723
f 2723 3107 2722
f 2721 2723 2722
f 2728 2723 2721
f 2721 2722 2718
f 7249 7250 7247
f 7249 7247 7248
f 7244 7247 7651
f 7651 7247 7250
f 2966 2496 2491
f 2491 2496 2487
f 2966 2497 2723
f 2966 2491 2497
f 2497 2501 3107
f 2497 3107 2723
f 7251 7621 7250
f 7251 7250 7249
f 7651 7250 7637
f 7637 7250 7621
f 2491 2487 2490
f 2490 2487 2488
f 2491 2492 2497
f 2491 2490 2492
f 2492 2494 2501
f 2492 2501 2497
f 7652 7641 7621
f 7251 7652 7621
f 7254 7652 7251
f 7621 7641 7637
f 2490 2488 2498
f 2498 2488 3173
f 2490 2493 2492
f 2490 2498 2493
f 2493 2502 2494
f 2493 2494 2492
f 7256 7259 7260
f 7652 7256 7260
f 7254 7256 7652
f 7259 7261 7260
f 2498 3173 3176
f 3176 3173 2844
f 2498 3077 2493
f 2498 3176 3077
f 3077 2531 2502
f 3077 2502 2493
f 7258 7262 7259
f 7258 7259 7256
f 7261 7259 7620
f 7620 7259 7262
f 3176 2844 3065
f 3065 2844 2868
f 3176 2992 3077
f 3176 3065 2992
f 2992 2512 2531
f 2992 2531 3077
f 7263 7264 7262
f 7263 7262 7258
f 7620 7262 7786
f 7786 7262 7264
f 3065 2868 3185
f 3185 2868 2438
f 3065 2527 2992
f 3065 3185 2527
f 2527 2513 2512
f 2527 2512 2992
f 7265 7266 7264
f 7263 7265 7264
f 7747 7265 7263
f 7264 7266 7786
f 3185 2438 2869
f 2869 2438 2436
f 3185 2530 2527
f 3185 2869 2530
f 2530 2515 2513
f 2530 2513 2527
f 7603 7265 7747
f 7603 7268 7265
f 2869 2436 3154
f 3154 2436 2433
f 2869 2519 2530
f 2869 3154 2519
f 2519 2517 2515
f 2519 2515 2530
f 7284 7268 7603
f 7284 7604 7268
f 3154 2433 2435
f 2435 2433 2431
f 3154 2535 2519
f 3154 2435 2535
f 2535 2520 2517
f 2535 2517 2519
f 7280 7604 7284
f 7280 7278 7604
f 2431 2430 2435
f 2427 3195 2430
f 3195 2435 2430
f 3195 2535 2435
f 3195 2896 2520
f 3195 2520 2535
f 7826 7778 7281
f 7778 7279 7281
f 7279 7280 7281
f 7279 7278 7280
f 3195 2427 2410
f 2410 2427 2408
f 2410 2426 2896
f 2410 2896 3195
f 7578 7577 7778
f 7578 7778 7826
f 7279 7778 7291
f 7291 7778 7577
f 2410 2408 2407
f 2407 2408 2405
f 2407 2409 2426
f 2407 2426 2410
f 7575 7577 7578
f 7575 7576 7577
f 7576 7291 7577
f 7576 7685 7291
f 2407 2405 2406
f 2406 2405 2387
f 2406 3044 2409
f 2406 2409 2407
f 7580 7685 7576
f 7580 7824 7685
f 2406 2387 2336
f 2336 2387 3104
f 2336 2334 3044
f 2336 3044 2406
f 7819 7824 7580
f 7819 7795 7824
f 2336 3104 2333
f 2333 3104 2351
f 2331 2332 2334
f 2336 2331 2334
f 2333 2331 2336
f 2331 2329 2332
f 7311 7309 7312
f 7309 7593 7312
f 7593 7819 7312
f 7593 7795 7819
f 2351 2337 2333
f 2338 2330 2337
f 2330 2333 2337
f 2330 2331 2333
f 2330 2328 2329
f 2330 2329 2331
f 7310 7308 7309
f 7310 7309 7311
f 7593 7309 7306
f 7306 7309 7308
f 2330 2338 2341
f 2341 2338 2342
f 2699 2326 2328
f 2330 2699 2328
f 2341 2699 2330
f 2699 2323 2326
f 7313 7590 7308
f 7313 7308 7310
f 7306 7308 7307
f 7307 7308 7590
f 2341 2342 3091
f 3091 2342 3181
f 2341 2322 2699
f 2341 3091 2322
f 2322 2237 2323
f 2322 2323 2699
f 7561 7560 7590
f 7561 7590 7313
f 7307 7590 7829
f 7829 7590 7560
f 3091 3181 3039
f 3039 3181 3194
f 3091 2218 2322
f 3091 3039 2218
f 2218 2215 2237
f 2218 2237 2322
f 7336 7337 7560
f 7336 7560 7561
f 7829 7560 7690
f 7690 7560 7337
f 3039 3194 2235
f 2235 3194 2227
f 3039 2214 2218
f 3039 2235 2214
f 2214 2212 2215
f 2214 2215 2218
f 7335 7338 7337
f 7335 7337 7336
f 7690 7337 7339
f 7339 7337 7338
f 2235 2227 2217
f 2217 2227 2220
f 2235 2213 2214
f 2235 2217 2213
f 2213 2211 2212
f 2213 2212 2214
f 7563 7341 7338
f 7563 7338 7335
f 7339 7338 7340
f 7340 7338 7341
f 2217 2220 2219
f 2219 2220 2221
f 2217 2216 2213
f 2217 2219 2216
f 2216 2236 2211
f 2216 2211 2213
f 7367 7366 7341
f 7367 7341 7563
f 7340 7341 7342
f 7342 7341 7366
f 2219 2221 2223
f 2223 2221 2224
f 2219 3045 2216
f 2219 2223 3045
f 3045 3200 2236
f 3045 2236 2216
f 7368 7558 7366
f 7368 7366 7367
f 7342 7366 7345
f 7345 7366 7558
f 2223 2224 2225
f 2225 2224 2226
f 2223 2233 3045
f 2223 2225 2233
f 2233 3094 3200
f 2233 3200 3045
f 7373 7376 7558
f 7373 7558 7368
f 7345 7558 7365
f 7365 7558 7376
f 2225 2226 2229
f 2229 2226 2230
f 2225 2231 2233
f 2225 2229 2231
f 2231 3167 3094
f 2231 3094 2233
f 7375 7377 7376
f 7375 7376 7373
f 7365 7376 7556
f 7556 7376 7377
f 2230 2921 2229
f 1875 1877 2921
f 1877 2229 2921
f 1877 2231 2229
f 1877 1832 3167
f 1877 3167 2231
f 7378 7379 7377
f 7378 7377 7375
f 7556 7377 7380
f 7380 7377 7379
f 1877 1875 1833
f 1833 1875 1835
f 1833 1815 1832
f 1833 1832 1877
f 7709 7497 7379
f 7709 7379 7378
f 7380 7379 7381
f 7381 7379 7497
f 1833 1835 1834
f 1834 1835 1836
f 1834 2394 1815
f 1834 1815 1833
f 194 7667 7497
f 7709 194 7497
f 7415 194 7709
f 7497 7667 7381
f 1834 1836 1837
f 1837 1836 1838
f 1863 3126 2394
f 1834 1863 2394
f 1837 1863 1834
f 1863 1823 3126
f 7407 7406 192
f 194 7407 192
f 7415 7407 194
f 7406 7479 192
f 1837 1838 1840
f 1840 1838 1878
f 1837 2990 1863
f 1837 1840 2990
f 2990 1819 1823
f 2990 1823 1863
f 7404 7402 7406
f 7404 7406 7407
f 7479 7406 7489
f 7489 7406 7402
f 1840 1878 3146
f 3146 1878 1853
f 1840 1927 2990
f 1840 3146 1927
f 1927 1820 1819
f 1927 1819 2990
f 7403 7401 7402
f 7403 7402 7404
f 7489 7402 7398
f 7398 7402 7401
f 3146 1853 2911
f 2911 1853 1922
f 3146 1938 1927
f 3146 2911 1938
f 1938 1824 1820
f 1938 1820 1927
f 7405 7756 7401
f 7405 7401 7403
f 7398 7401 7399
f 7399 7401 7756
f 2911 1922 1831
f 1831 1922 2952
f 2911 1827 1938
f 2911 1831 1827
f 1827 1826 1824
f 1827 1824 1938
f 7439 7483 7756
f 7439 7756 7405
f 7399 7756 7480
f 7480 7756 7483
f 2952 1933 1831
f 3145 1828 1933
f 1828 1831 1933
f 1828 1827 1831
f 1828 1829 1826
f 1828 1826 1827
f 7821 7831 7483
f 7821 7483 7439
f 7480 7483 7482
f 7482 7483 7831
f 1828 3145 1830
f 1830 3145 2918
f 1830 1881 1829
f 1830 1829 1828
f 7478 7463 7831
f 7478 7831 7821
f 7482 7831 7553
f 7553 7831 7463
f 1830 2918 1940
f 1940 2918 1942
f 1939 1948 1881
f 1830 1939 1881
f 1940 1939 1830
f 1939 1949 1948
f 7461 7462 7463
f 7461 7463 7478
f 7553 7463 7464
f 7464 7463 7462
f 1940 1942 1941
f 1941 1942 1943
f 1941 1946 2282
f 1939 1941 2282
f 1940 1941 1939
f 1939 2282 1949
f 7460 7474 7462
f 7460 7462 7461
f 7464 7462 7465
f 7465 7462 7474
f 1941 1943 1944
f 1944 1943 1945
f 1944 1951 1946
f 1944 1946 1941
f 7723 7768 7474
f 7723 7474 7460
f 7465 7474 7471
f 7471 7474 7768
f 1944 1945 2253
f 2253 1945 1953
f 2253 2899 1951
f 2253 1951 1944
f 7802 7798 7768
f 7802 7768 7723
f 7471 7768 7753
f 7753 7768 7798
f 2253 1953 1958
f 1958 1953 1956
f 1958 3189 2899
f 1958 2899 2253
f 7785 7534 7798
f 7785 7798 7802
f 7753 7798 7748
f 7748 7798 7534
f 1958 1956 2267
f 2267 1956 1976
f 2267 2657 3189
f 2267 3189 1958
f 7530 7531 7534
f 7530 7534 7785
f 7748 7534 7677
f 7677 7534 7531
f 2267 1976 3085
f 3085 1976 2269
f 3085 2311 2657
f 3085 2657 2267
f 7528 7533 7531
f 7528 7531 7530
f 7677 7531 7788
f 7788 7531 7533
f 3140 2252 3057
f 3140 3057 2269
f 3057 3085 2269
f 3057 2562 3085
f 2562 2308 2311
f 2562 2311 3085
f 7525 7523 7533
f 7525 7533 7528
f 7788 7533 7732
f 7732 7533 7523
f 3057 2252 3063
f 3063 2252 2017
f 3057 2306 2562
f 3057 3063 2306
f 2306 2307 2308
f 2306 2308 2562
f 7524 7522 7523
f 7524 7523 7525
f 7732 7523 7520
f 7520 7523 7522
f 3063 2017 3168
f 3168 2017 2272
f 3063 2293 2306
f 3063 3168 2293
f 2305 2312 2307
f 2306 2305 2307
f 2293 2305 2306
f 2305 2606 2312
f 7535 7537 7522
f 7535 7522 7524
f 7520 7522 7521
f 7521 7522 7537
f 2272 3075 3168
f 2027 2029 3075
f 2029 3168 3075
f 2029 2293 3168
f 2293 2292 2305
f 2293 2029 2292
f 2292 2295 2606
f 2292 2606 2305
f 782 7742 7537
f 782 7537 7535
f 7521 7537 7793
f 7793 7537 7742
f 2027 2028 2029
f 6202 2291 2028
f 2291 2029 2028
f 2291 2292 2029
f 2294 2296 2295
f 2292 2294 2295
f 2291 2294 2292
f 2294 2388 2296
f 755 7743 7742
f 782 755 7742
f 756 755 782
f 7742 7743 7793
f 6202 6203 2291
f 2291 6203 2294
f 2294 6203 197
f 197 196 6188
f 197 6188 6224
f 2294 197 6224
f 2388 2294 6224
f 6121 5920 6224
f 6121 6224 6188
f 6121 5919 5920
f 754 755 756
f 754 700 755
f 196 6185 6188
f 6188 6185 6121
f 6121 6185 6184
f 6184 6189 6223
f 6184 6223 5867
f 6121 6184 5867
f 5919 6121 5867
f 5862 5863 5867
f 5862 5867 6223
f 5862 5861 5863
f 701 700 754
f 701 699 700
f 6189 5866 6223
f 6223 5866 5862
f 5862 5866 5854
f 5862 5854 5861
f 5854 5860 5861
f 5854 5856 5860
f 5856 5857 5858
f 5865 5856 5858
f 5860 5856 5865
f 5858 6290 5865
f 714 716 717
f 716 698 717
f 698 701 717
f 698 699 701
f 5857 5859 5858
f 5858 5859 6290
f 5859 6152 6290
f 5859 6150 6152
f 6152 6151 6278
f 6150 6151 6152
f 6157 6278 6151
f 6157 6151 6156
f 708 715 716
f 714 708 716
f 713 708 714
f 716 715 698
f 6156 6158 6157
f 6349 6158 6156
f 712 708 713
f 712 707 708
f 6349 6179 6158
f 6158 6179 6169
f 6173 6169 6179
f 6173 6179 6300
f 723 720 719
f 720 706 719
f 706 712 719
f 706 707 712
f 6300 6175 6173
f 5978 6175 6300
f 722 721 720
f 723 722 720
f 725 722 723
f 720 721 706
f 5978 6319 6175
f 5966 6319 5978
f 796 722 725
f 796 816 722
f 5966 6235 6319
f 6234 6235 5966
f 862 816 796
f 862 200 816
f 6234 7864 6235
f 7862 7864 6234
f 3504 3900 198
f 200 3504 198
f 862 3504 200
f 3900 878 198
f 7862 7863 7864
f 7861 7863 7862
f 3499 3900 3504
f 3499 3546 3900
f 3546 878 3900
f 3546 203 878
f 3643 3625 7866
f 7866 3625 7867
f 7866 7863 7861
f 7866 7861 3643
f 201 203 3546
f 201 3546 3495
f 3505 3495 3491
f 3505 201 3495
f 3491 3489 3505
f 3505 3489 3859
f 3644 3619 3620
f 3644 3620 3624
f 3620 3623 3624
f 3620 3622 3623
f 3622 7867 3625
f 3622 3625 3623
f 3488 3617 3645
f 3859 3488 3645
f 3489 3488 3859
f 3617 3646 3645
f 3883 3831 3321
f 3293 3292 3321
f 3321 3292 3883
f 3294 3291 3293
f 3293 3291 3292
f 3785 3226 3294
f 3226 3291 3294
f 3226 3781 3291
f 3223 3226 3222
f 3223 3781 3226
f 3221 3222 3220
f 3221 3223 3222
f 3219 3220 3217
f 3219 3221 3220
f 3218 3217 3216
f 3218 3219 3217
f 3234 3216 3244
f 3234 3218 3216
f 3828 3244 3276
f 3828 3234 3244
f 3256 3276 3258
f 3256 3828 3276
f 3257 3258 3260
f 3257 3256 3258
f 3278 3260 3263
f 3278 3257 3260
f 3814 3263 3274
f 3814 3278 3263
f 3902 3274 3855
f 3902 3814 3274
f 3855 3619 3644
f 3856 3855 3644
f 3902 3855 3856
f 3856 3644 3624
f 3486 3617 3488
f 3887 3646 3617
f 3486 3887 3617
f 3351 3887 3486
f 3353 3351 3347
f 3353 3887 3351
f 3348 3347 3345
f 3348 3353 3347
f 3356 3345 3334
f 3356 3348 3345
f 3305 3321 3831
f 3356 3305 3831
f 3334 3305 3356
f 3321 3305 3296
f 3321 3296 3293
f 3293 3296 3295
f 3293 3295 3294
f 3294 3295 3785
f 6481 6451 6953
f 6437 6683 6953
f 6451 6437 6953
f 6439 6437 6451
f 6437 6438 6436
f 6439 6438 6437
f 6436 6488 6431
f 6438 6488 6436
f 6431 6867 6425
f 6488 6867 6431
f 6425 6424 6420
f 6867 6424 6425
f 6420 6419 6418
f 6424 6419 6420
f 6419 6491 6421
f 6416 6419 6421
f 6418 6419 6416
f 6422 6942 6416
f 6422 6416 6421
f 6422 6980 6942
f 6480 6478 6479
f 6480 6479 6492
f 6479 6469 6482
f 6478 6469 6479
f 6482 6470 6472
f 6469 6470 6482
f 6472 6471 6474
f 6470 6471 6472
f 6953 6475 6481
f 6475 6471 6481
f 6475 6474 6471
f 6475 6953 6683
f 6491 6423 6421
f 6421 6423 6422
f 6422 6423 6877
f 6422 6877 6980
f 6877 6362 6980
f 6877 6361 6362
f 6362 6356 6355
f 6361 6356 6362
f 6355 6352 6354
f 6356 6352 6355
f 6352 1617 6353
f 6351 6352 6353
f 6354 6352 6351
f 6353 6359 6351
f 6506 6494 6493
f 6506 6493 6508
f 6492 6493 6480
f 6480 6493 6494
f 1617 1618 6353
f 1618 1619 1620
f 1618 1620 1621
f 6353 1618 1621
f 6359 6353 1621
f 1622 1645 1621
f 1622 1621 1620
f 1622 1635 1645
f 7140 7142 7143
f 7142 7144 7143
f 7144 6508 7143
f 7144 6506 6508
f 1619 1627 1620
f 1628 1626 1627
f 1626 1620 1627
f 1626 1622 1620
f 1626 1636 1635
f 1626 1635 1622
f 7141 7673 7142
f 7140 7141 7142
f 7139 7141 7140
f 7142 7673 7144
f 1626 1628 1651
f 1651 1628 1650
f 1653 1654 1636
f 1626 1653 1636
f 1651 1653 1626
f 1653 1655 1654
f 7145 7141 7139
f 7145 7827 7141
f 1651 1650 1782
f 1782 1650 1779
f 1651 1672 1653
f 1651 1782 1672
f 1672 1678 1655
f 1672 1655 1653
f 7148 7827 7145
f 7148 7657 7827
f 1782 1779 1765
f 1765 1779 1763
f 1782 1767 1672
f 1782 1765 1767
f 1767 1436 1678
f 1767 1678 1672
f 7150 7657 7148
f 7150 7216 7657
f 1761 1762 1764
f 1761 1764 1763
f 1764 1765 1763
f 1764 1766 1765
f 1766 1769 1768
f 1767 1766 1768
f 1765 1766 1767
f 1767 1768 1436
f 7658 7216 7150
f 7658 7217 7216
f 1796 1454 1453
f 1456 1797 1453
f 1453 1797 1796
f 1797 1456 1762
f 1762 1456 1764
f 1456 1457 1764
f 1457 1804 1764
f 1764 1804 1802
f 1764 1802 1766
f 1766 1802 1769
f 7219 7217 7658
f 7219 206 7217
f 1482 1484 1481
f 1480 1479 1481
f 1479 1482 1481
f 1479 1520 1482
f 1477 1479 1474
f 1477 1520 1479
f 1471 1474 1470
f 1471 1477 1474
f 1455 1470 1460
f 1455 1471 1470
f 1452 1453 1454
f 1455 1452 1454
f 1460 1452 1455
f 1453 1452 1451
f 1453 1451 1456
f 1456 1451 1457
f 7170 7171 204
f 206 7170 204
f 7219 7170 206
f 7171 7174 204
f 1530 1549 1535
f 1533 1529 1535
f 1535 1529 1530
f 1532 1490 1533
f 1533 1490 1529
f 1546 1488 1532
f 1488 1490 1532
f 1488 1486 1490
f 1483 1481 1484
f 1486 1483 1484
f 1488 1483 1486
f 1481 1483 1480
f 7169 7172 7171
f 7169 7171 7170
f 7174 7171 7173
f 7173 7171 7172
f 1559 2958 1580
f 1577 1558 1580
f 1580 1558 1559
f 1558 1577 1549
f 1577 1535 1549
f 1577 1572 1535
f 1572 1576 1571
f 1533 1572 1571
f 1535 1572 1533
f 1533 1571 1552
f 1533 1552 1532
f 1532 1552 1546
f 7653 7240 7172
f 7653 7172 7169
f 7173 7172 7239
f 7239 7172 7240
f 2959 2960 2957
f 2959 2957 2958
f 2957 1580 2958
f 2957 2956 1580
f 2956 2953 2954
f 1577 2956 2954
f 1580 2956 1577
f 1577 2954 3073
f 1577 3073 1572
f 1572 3073 1576
f 7243 7242 7240
f 7243 7240 7653
f 7239 7240 7241
f 7241 7240 7242
f 3127 2484 2557
f 3127 2557 2960
f 2557 2957 2960
f 2557 3049 2957
f 3049 3196 2955
f 2956 3049 2955
f 2957 3049 2956
f 2956 2955 2953
f 7244 7245 7242
f 7244 7242 7243
f 7241 7242 7650
f 7650 7242 7245
f 2557 2484 2483
f 2483 2484 2476
f 2557 2489 3049
f 2557 2483 2489
f 2489 2496 3196
f 2489 3196 3049
f 7651 7643 7245
f 7651 7245 7244
f 7650 7245 7649
f 7649 7245 7643
f 2483 2476 2482
f 2482 2476 2475
f 2483 2485 2489
f 2483 2482 2485
f 2485 2487 2496
f 2485 2496 2489
f 7637 7642 7643
f 7637 7643 7651
f 7649 7643 7644
f 7644 7643 7642
f 2482 2475 2495
f 2495 2475 3092
f 2482 2486 2485
f 2482 2495 2486
f 2486 2488 2487
f 2486 2487 2485
f 7652 7810 7641
f 7642 7637 7641
f 7810 7642 7641
f 7646 7642 7810
f 7644 7642 7645
f 7645 7642 7646
f 2495 3092 2897
f 2897 3092 2555
f 2495 2936 2486
f 2495 2897 2936
f 2936 3173 2488
f 2936 2488 2486
f 7260 7810 7652
f 7810 7260 7261
f 7676 7810 7261
f 7646 7810 7676
f 7645 7646 7647
f 7647 7646 7676
f 2897 2555 2446
f 2446 2555 2444
f 2897 2843 2936
f 2897 2446 2843
f 2843 2844 3173
f 2843 3173 2936
f 7620 7815 7676
f 7620 7676 7261
f 7647 7676 7648
f 7648 7676 7815
f 2446 2444 2441
f 2441 2444 2442
f 2446 2454 2843
f 2446 2441 2454
f 2454 2868 2844
f 2454 2844 2843
f 7786 7616 7815
f 7786 7815 7620
f 7648 7815 7741
f 7741 7815 7616
f 2441 2442 2440
f 2440 2442 2443
f 2441 2439 2454
f 2441 2440 2439
f 2439 2438 2868
f 2439 2868 2454
f 7265 7267 7266
f 7616 7786 7266
f 7267 7616 7266
f 7270 7616 7267
f 7741 7616 7274
f 7274 7616 7270
f 2440 2443 2554
f 2554 2443 2465
f 2440 2437 2439
f 2440 2554 2437
f 2437 2436 2438
f 2437 2438 2439
f 7268 7269 7267
f 7268 7267 7265
f 7273 7270 7271
f 7270 7269 7271
f 7270 7267 7269
f 7270 7273 7274
f 2554 2465 3081
f 3081 2465 2477
f 2554 2434 2437
f 2554 3081 2434
f 2434 2433 2436
f 2434 2436 2437
f 7604 7275 7269
f 7604 7269 7268
f 7271 7269 7272
f 7272 7269 7275
f 3081 2477 2978
f 2978 2477 3050
f 3081 2432 2434
f 3081 2978 2432
f 2432 2431 2433
f 2432 2433 2434
f 7278 7277 7275
f 7278 7275 7604
f 7272 7275 7276
f 7276 7275 7277
f 3050 2979 2978
f 2995 2561 2979
f 2561 2978 2979
f 2561 2432 2978
f 2429 2430 2431
f 2432 2429 2431
f 2561 2429 2432
f 2429 2427 2430
f 7279 7290 7277
f 7279 7277 7278
f 7276 7277 7601
f 7601 7277 7290
f 2561 2995 3177
f 3177 2995 3184
f 2561 2428 2429
f 2561 3177 2428
f 2428 2408 2427
f 2428 2427 2429
f 7291 7292 7290
f 7291 7290 7279
f 7601 7290 7293
f 7293 7290 7292
f 3177 3184 2395
f 2395 3184 2356
f 3177 2875 2428
f 3177 2395 2875
f 2875 2405 2408
f 2875 2408 2428
f 7685 7295 7292
f 7685 7292 7291
f 7293 7292 7294
f 7294 7292 7295
f 2395 2356 2354
f 2354 2356 2355
f 2395 2379 2875
f 2395 2354 2379
f 2379 2387 2405
f 2379 2405 2875
f 7824 7599 7295
f 7824 7295 7685
f 7294 7295 7296
f 7296 7295 7599
f 2354 2355 2348
f 2348 2355 3118
f 2354 2352 2379
f 2354 2348 2352
f 2352 3104 2387
f 2352 2387 2379
f 7795 7733 7599
f 7795 7599 7824
f 7296 7599 7299
f 7299 7599 7733
f 3118 2347 2348
f 2346 2345 2347
f 2345 2348 2347
f 2345 2352 2348
f 2345 2351 3104
f 2345 3104 2352
f 7593 7304 7733
f 7593 7733 7795
f 7299 7733 7301
f 7301 7733 7304
f 2345 2346 2343
f 2343 2346 2349
f 2339 2337 2351
f 2345 2339 2351
f 2343 2339 2345
f 2339 2338 2337
f 7306 7305 7304
f 7306 7304 7593
f 7301 7304 7303
f 7303 7304 7305
f 2343 2349 2344
f 2344 2349 2854
f 2343 2340 2339
f 2343 2344 2340
f 2340 2342 2338
f 2340 2338 2339
f 7307 7592 7305
f 7307 7305 7306
f 7303 7305 7594
f 7594 7305 7592
f 2344 2854 2419
f 2419 2854 2414
f 2344 3101 2340
f 2344 2419 3101
f 3101 3181 2342
f 3101 2342 2340
f 7829 7596 7592
f 7829 7592 7307
f 7594 7592 7595
f 7595 7592 7596
f 2419 2414 2416
f 2416 2414 2415
f 2419 2420 3101
f 2419 2416 2420
f 2420 3194 3181
f 2420 3181 3101
f 7690 7691 7596
f 7690 7596 7829
f 7595 7596 7767
f 7767 7596 7691
f 2416 2415 2417
f 2417 2415 2418
f 2416 2965 2420
f 2416 2417 2965
f 2965 2227 3194
f 2965 3194 2420
f 7559 7692 7691
f 7690 7559 7691
f 7339 7559 7690
f 7691 7692 7767
f 2417 2418 2980
f 2980 2418 3150
f 2417 2228 2965
f 2417 2980 2228
f 2228 2220 2227
f 2228 2227 2965
f 7340 7559 7339
f 7340 7343 7559
f 2980 3150 3171
f 3171 3150 3021
f 2980 2222 2228
f 2980 3171 2222
f 2222 2221 2220
f 2222 2220 2228
f 7342 7343 7340
f 7342 7344 7343
f 3171 3021 3027
f 3027 3021 3020
f 3171 3046 2222
f 3171 3027 3046
f 3046 2224 2221
f 3046 2221 2222
f 7345 7344 7342
f 7345 7346 7344
f 3027 3020 3060
f 3060 3020 3023
f 3027 2234 3046
f 3027 3060 2234
f 2234 2226 2224
f 2234 2224 3046
f 7365 7346 7345
f 7365 7349 7346
f 3023 3025 3060
f 3099 2232 3025
f 2232 3060 3025
f 2232 2234 3060
f 2232 2230 2226
f 2232 2226 2234
f 7556 7349 7365
f 7556 7494 7349
f 2232 3099 2872
f 2872 3099 1868
f 2012 2921 2230
f 2232 2012 2230
f 2872 2012 2232
f 2012 1875 2921
f 7380 7494 7556
f 7380 7382 7494
f 2872 1868 1869
f 1869 1868 1865
f 2872 1876 2012
f 2872 1869 1876
f 1876 1835 1875
f 1876 1875 2012
f 7381 7382 7380
f 7381 7383 7382
f 1869 1865 1847
f 1847 1865 1848
f 1869 2903 1876
f 1869 1847 2903
f 2903 1836 1835
f 2903 1835 1876
f 194 193 7667
f 193 7493 7667
f 7493 7381 7667
f 7493 7383 7381
f 1847 1848 1842
f 1842 1848 1864
f 1847 1839 2903
f 1847 1842 1839
f 1839 1838 1836
f 1839 1836 2903
f 192 193 194
f 192 7479 193
f 7479 7493 193
f 7479 7394 7493
f 1842 1864 1843
f 1843 1864 1846
f 1842 1841 1839
f 1842 1843 1841
f 1841 1878 1838
f 1841 1838 1839
f 7489 7394 7479
f 7489 7395 7394
f 1843 1846 1845
f 1845 1846 2011
f 1843 1844 1841
f 1843 1845 1844
f 1844 1853 1878
f 1844 1878 1841
f 7398 7395 7489
f 7398 7397 7395
f 1845 2011 1850
f 1850 2011 1974
f 1845 1849 1844
f 1845 1850 1849
f 1849 1922 1853
f 1849 1853 1844
f 7399 7397 7398
f 7399 7400 7397
f 1974 1852 1850
f 1854 1851 1852
f 1851 1850 1852
f 1851 1849 1850
f 1851 2952 1922
f 1851 1922 1849
f 7480 7400 7399
f 7480 7481 7400
f 1851 1854 1855
f 1855 1854 1856
f 1879 1933 2952
f 1851 1879 2952
f 1855 1879 1851
f 1879 3145 1933
f 7482 7485 7484
f 7481 7482 7484
f 7480 7482 7481
f 7485 7486 7484
f 1855 1856 1857
f 1857 1856 1858
f 1855 1861 1879
f 1855 1857 1861
f 1861 2918 3145
f 1861 3145 1879
f 7553 7472 7485
f 7553 7485 7482
f 7486 7485 7500
f 7500 7485 7472
f 1857 1858 1860
f 1860 1858 1882
f 1857 1880 1861
f 1857 1860 1880
f 1880 1942 2918
f 1880 2918 1861
f 7464 7467 7472
f 7464 7472 7553
f 7500 7472 7470
f 7470 7472 7467
f 1860 1882 2744
f 2744 1882 2735
f 1860 3083 1880
f 1860 2744 3083
f 3083 1943 1942
f 3083 1942 1880
f 7466 7468 7467
f 7464 7466 7467
f 7465 7466 7464
f 7467 7468 7470
f 2744 2735 1954
f 1954 2735 2977
f 2744 1947 3083
f 2744 1954 1947
f 1947 1945 1943
f 1947 1943 3083
f 7471 7466 7465
f 7471 7475 7466
f 1954 2977 1963
f 1963 2977 1990
f 1954 1952 1947
f 1954 1963 1952
f 1952 1953 1945
f 1952 1945 1947
f 7753 7475 7471
f 7753 7757 7475
f 1963 1990 2920
f 2920 1990 1983
f 1963 1955 1952
f 1963 2920 1955
f 1955 1956 1953
f 1955 1953 1952
f 7748 7757 7753
f 7748 7515 7757
f 2920 1983 1978
f 1978 1983 1982
f 2920 1957 1955
f 2920 1978 1957
f 1957 1976 1956
f 1957 1956 1955
f 7677 7515 7748
f 7677 7510 7515
f 1978 1982 1979
f 1979 1982 1995
f 1978 1977 1957
f 1978 1979 1977
f 1977 2269 1976
f 1977 1976 1957
f 7788 7510 7677
f 7788 7539 7510
f 3169 2315 1981
f 3169 1981 1995
f 1981 1979 1995
f 1981 1980 1979
f 1980 2252 3140
f 1977 1980 3140
f 1979 1980 1977
f 1977 3140 2269
f 7732 7539 7788
f 7732 7517 7539
f 1981 2315 2015
f 2015 2315 2020
f 1981 2014 1980
f 1981 2015 2014
f 2014 2017 2252
f 2014 2252 1980
f 7520 7517 7732
f 7520 7518 7517
f 2015 2020 2018
f 2018 2020 2021
f 2015 2016 2014
f 2015 2018 2016
f 2016 2272 2017
f 2016 2017 2014
f 7521 7518 7520
f 7521 7538 7518
f 2021 2022 2018
f 3175 2019 2022
f 2019 2018 2022
f 2019 2016 2018
f 2023 3075 2272
f 2016 2023 2272
f 2019 2023 2016
f 2023 2027 3075
f 7793 7538 7521
f 7793 7715 7538
f 3175 2025 2019
f 6196 2024 2025
f 2024 2019 2025
f 2024 2023 2019
f 2026 2028 2027
f 2023 2026 2027
f 2024 2026 2023
f 2026 6202 2028
f 755 702 7743
f 702 669 7743
f 669 7793 7743
f 669 7715 7793
f 6196 6204 2024
f 6198 6200 6204
f 6200 2024 6204
f 6200 2026 2024
f 6201 6203 6202
f 2026 6201 6202
f 6200 6201 2026
f 195 197 6203
f 195 6203 6201
f 195 196 197
f 700 695 702
f 700 702 755
f 669 702 674
f 674 702 695
f 6198 6199 6200
f 6200 6199 6201
f 6201 6199 6117
f 6201 6117 195
f 195 6117 6126
f 6126 6116 6347
f 6126 6347 6185
f 195 6126 6185
f 196 195 6185
f 6186 6184 6185
f 6186 6185 6347
f 6186 6189 6184
f 691 694 695
f 700 691 695
f 699 691 700
f 695 694 674
f 6116 6118 6347
f 6347 6118 6186
f 6186 6118 6229
f 6186 6229 6189
f 6229 5866 6189
f 6229 5851 5866
f 5851 5850 5853
f 5854 5851 5853
f 5866 5851 5854
f 5855 5856 5854
f 5855 5854 5853
f 5855 5857 5856
f 698 691 699
f 698 687 691
f 5850 6190 5853
f 5853 6190 5855
f 5855 6190 5864
f 5855 5864 5857
f 5864 5859 5857
f 5864 6148 5859
f 5859 6149 6150
f 6148 6149 5859
f 6149 6182 6155
f 6151 6149 6155
f 6150 6149 6151
f 6155 6156 6151
f 708 711 715
f 711 690 715
f 690 698 715
f 690 687 698
f 6182 6263 6155
f 6156 6155 6263
f 5973 6156 6263
f 6349 6156 5973
f 207 209 711
f 708 207 711
f 707 207 708
f 711 209 690
f 5973 5977 6349
f 6349 5977 6179
f 6300 6179 5977
f 6300 5977 5967
f 706 207 707
f 706 705 207
f 5967 5978 6300
f 5961 5978 5967
f 722 724 721
f 724 709 721
f 709 706 721
f 709 705 706
f 6143 5966 5963
f 5966 5961 5963
f 5966 5978 5961
f 5964 6143 5963
f 816 815 724
f 816 724 722
f 709 724 772
f 772 724 815
f 6314 6233 6143
f 6233 5966 6143
f 6233 6234 5966
f 6314 6143 5964
f 200 199 815
f 200 815 816
f 772 815 843
f 843 815 199
f 6233 7862 6234
f 7860 7862 6233
f 198 199 200
f 198 878 199
f 878 843 199
f 878 3674 843
f 7860 7861 7862
f 7858 7861 7860
f 203 202 3662
f 3674 203 3662
f 878 203 3674
f 202 3661 3662
f 3637 3626 3643
f 3643 3626 3625
f 3643 7861 7858
f 3643 7858 3637
f 201 202 203
f 3658 3661 202
f 201 3658 202
f 3505 3658 201
f 3505 3859 3658
f 3658 3859 3660
f 3636 3922 3925
f 3624 3623 3925
f 3623 3636 3925
f 3623 3627 3636
f 3623 3625 3626
f 3623 3626 3627
f 3647 3660 3859
f 3647 3859 3645
f 3645 3646 3647
f 3647 3646 3648
f 3398 3818 3819
f 3831 3883 3819
f 3883 3398 3819
f 3883 3316 3398
f 3354 3883 3292
f 3354 3316 3883
f 3290 3292 3291
f 3290 3354 3292
f 3288 3291 3781
f 3288 3290 3291
f 3228 3781 3223
f 3228 3288 3781
f 3227 3223 3221
f 3227 3228 3223
f 3247 3221 3219
f 3247 3227 3221
f 3810 3219 3218
f 3810 3247 3219
f 3235 3218 3234
f 3235 3810 3218
f 3236 3234 3828
f 3236 3235 3234
f 3241 3828 3256
f 3241 3236 3828
f 3243 3256 3257
f 3243 3241 3256
f 3259 3257 3278
f 3259 3243 3257
f 3873 3278 3814
f 3873 3259 3278
f 3874 3814 3902
f 3874 3873 3814
f 3856 3925 3922
f 3874 3856 3922
f 3902 3856 3874
f 3925 3856 3624
f 3712 3648 3646
f 3712 3646 3887
f 3936 3887 3353
f 3936 3712 3887
f 3904 3353 3348
f 3904 3936 3353
f 3356 3819 3818
f 3904 3356 3818
f 3348 3356 3904
f 3819 3356 3831
f 6473 6447 6964
f 6451 6481 6964
f 6447 6451 6964
f 6445 6451 6447
f 6451 6441 6439
f 6445 6441 6451
f 6439 6440 6438
f 6441 6440 6439
f 6438 6442 6488
f 6440 6442 6438
f 6488 6958 6867
f 6442 6958 6488
f 6867 6428 6424
f 6958 6428 6867
f 6428 6430 6429
f 6419 6428 6429
f 6424 6428 6419
f 6429 6491 6419
f 6480 6495 6478
f 6478 6495 6483
f 6468 6478 6483
f 6469 6478 6468
f 6469 6467 6470
f 6468 6467 6469
f 6964 6471 6473
f 6471 6467 6473
f 6471 6470 6467
f 6471 6964 6481
f 6430 6433 6429
f 6429 6433 6491
f 6433 6423 6491
f 6433 6455 6423
f 6423 6456 6877
f 6455 6456 6423
f 6877 6360 6361
f 6456 6360 6877
f 6360 1624 1623
f 6356 6360 1623
f 6361 6360 6356
f 1616 6352 6356
f 1616 6356 1623
f 1616 1617 6352
f 6506 6507 6494
f 6507 6674 6494
f 6494 6674 6480
f 6674 6485 6480
f 6485 6495 6480
f 6495 6485 6483
f 1624 1607 1623
f 1609 1610 1607
f 1610 1623 1607
f 1610 1616 1623
f 1615 1618 1617
f 1616 1615 1617
f 1610 1615 1616
f 1615 1619 1618
f 7204 7202 6507
f 6506 7204 6507
f 7144 7204 6506
f 6507 7202 6674
f 1609 1611 1610
f 1629 1614 1611
f 1614 1610 1611
f 1614 1615 1610
f 1625 1627 1619
f 1615 1625 1619
f 1614 1625 1615
f 1625 1628 1627
f 7141 7750 7673
f 7750 7205 7673
f 7205 7144 7673
f 7205 7204 7144
f 1614 1629 1652
f 1652 1629 1657
f 1614 1649 1625
f 1614 1652 1649
f 1649 1650 1628
f 1649 1628 1625
f 7827 7214 7750
f 7827 7750 7141
f 7205 7750 7222
f 7222 7750 7214
f 1652 1657 1777
f 1777 1657 1770
f 1652 1778 1649
f 1652 1777 1778
f 1778 1779 1650
f 1778 1650 1649
f 7657 7213 7214
f 7657 7214 7827
f 7222 7214 7211
f 7211 7214 7213
f 1777 1770 1758
f 1758 1770 1756
f 1777 1760 1778
f 1777 1758 1760
f 1760 1763 1779
f 1760 1779 1778
f 7216 7215 7213
f 7216 7213 7657
f 7211 7213 7212
f 7212 7213 7215
f 1754 1755 1757
f 1754 1757 1756
f 1757 1758 1756
f 1757 1759 1758
f 1759 1762 1761
f 1760 1759 1761
f 1758 1759 1760
f 1760 1761 1763
f 7217 7218 7215
f 7217 7215 7216
f 7212 7215 7220
f 7220 7215 7218
f 1790 1801 1794
f 1790 1794 1755
f 1755 1794 1757
f 1794 1454 1757
f 1454 1796 1757
f 1757 1796 1797
f 1757 1797 1759
f 1759 1797 1762
f 206 205 7218
f 206 7218 7217
f 7220 7218 7176
f 7176 7218 205
f 1494 1491 1489
f 1485 1487 1489
f 1489 1487 1494
f 1484 1482 1485
f 1482 1487 1485
f 1482 1523 1487
f 1531 1482 1520
f 1531 1523 1482
f 1478 1520 1477
f 1478 1531 1520
f 1472 1477 1471
f 1472 1478 1477
f 1455 1794 1801
f 1472 1455 1801
f 1471 1455 1472
f 1794 1455 1454
f 204 205 206
f 204 7174 205
f 7174 7176 205
f 7174 7175 7176
f 1534 1542 1550
f 1537 1528 1550
f 1550 1528 1534
f 1536 1527 1537
f 1537 1527 1528
f 1549 1530 1536
f 1530 1527 1536
f 1530 1518 1527
f 1492 1530 1529
f 1492 1518 1530
f 1490 1489 1491
f 1492 1490 1491
f 1529 1490 1492
f 1489 1490 1486
f 1489 1486 1485
f 1485 1486 1484
f 7173 7666 7238
f 7175 7173 7238
f 7174 7173 7175
f 7666 7787 7238
f 1561 1564 2962
f 1561 2962 1542
f 2962 1550 1542
f 2962 1560 1550
f 1560 2958 1559
f 1537 1560 1559
f 1550 1560 1537
f 1537 1559 1558
f 1537 1558 1536
f 1536 1558 1549
f 7239 3174 7666
f 7239 7666 7173
f 7787 7666 1583
f 7666 2964 1583
f 7666 3174 2964
f 2963 1582 2964
f 2964 1582 1583
f 1582 2963 1564
f 2963 2962 1564
f 2963 2961 2962
f 2961 2960 2959
f 1560 2961 2959
f 2962 2961 1560
f 1560 2959 2958
f 7241 3155 3174
f 7241 3174 7239
f 3174 3040 2964
f 3174 3155 3040
f 2964 2867 2963
f 2964 3040 2867
f 2867 2484 3127
f 2961 2867 3127
f 2963 2867 2961
f 2961 3127 2960
f 7650 3112 3155
f 7650 3155 7241
f 3155 2499 3040
f 3155 3112 2499
f 3040 2560 2867
f 3040 2499 2560
f 2560 2476 2484
f 2560 2484 2867
f 7649 2481 3112
f 7649 3112 7650
f 3112 2453 2499
f 3112 2481 2453
f 2499 2474 2560
f 2499 2453 2474
f 2474 2475 2476
f 2474 2476 2560
f 7644 2467 2481
f 7644 2481 7649
f 2481 2451 2453
f 2481 2467 2451
f 2453 2452 2474
f 2453 2451 2452
f 2452 3092 2475
f 2452 2475 2474
f 7645 2500 2467
f 7645 2467 7644
f 2467 2449 2451
f 2467 2500 2449
f 2451 2450 2452
f 2451 2449 2450
f 2450 2555 3092
f 2450 3092 2452
f 7647 2456 2500
f 7647 2500 7645
f 2500 2448 2449
f 2500 2456 2448
f 2449 2447 2450
f 2449 2448 2447
f 2447 2444 2555
f 2447 2555 2450
f 7648 2457 2456
f 7648 2456 7647
f 2456 2455 2448
f 2456 2457 2455
f 2448 2445 2447
f 2448 2455 2445
f 2445 2442 2444
f 2445 2444 2447
f 7741 2459 2457
f 7741 2457 7648
f 2457 2458 2455
f 2457 2459 2458
f 2455 2480 2445
f 2455 2458 2480
f 2480 2443 2442
f 2480 2442 2445
f 7274 2466 2459
f 7274 2459 7741
f 2459 2460 2458
f 2459 2466 2460
f 2458 2461 2480
f 2458 2460 2461
f 2461 2465 2443
f 2461 2443 2480
f 7271 7605 7273
f 2466 7274 7273
f 7605 2466 7273
f 3110 2466 7605
f 2466 2463 2460
f 2466 3110 2463
f 2460 2462 2461
f 2460 2463 2462
f 2462 2477 2465
f 2462 2465 2461
f 7272 7602 7605
f 7272 7605 7271
f 7605 2478 3110
f 7605 7602 2478
f 3110 2468 2463
f 3110 2478 2468
f 2463 2464 2462
f 2463 2468 2464
f 2464 3050 2477
f 2464 2477 2462
f 7276 7735 7602
f 7276 7602 7272
f 7602 2479 2478
f 7602 7735 2479
f 2478 2470 2468
f 2478 2479 2470
f 2468 2469 2464
f 2468 2470 2469
f 2473 2979 3050
f 2464 2473 3050
f 2469 2473 2464
f 2473 2995 2979
f 7601 7790 7735
f 7601 7735 7276
f 7735 2372 2479
f 7735 7790 2372
f 2479 2895 2470
f 2479 2372 2895
f 2470 2471 2469
f 2470 2895 2471
f 2469 2472 2473
f 2469 2471 2472
f 2472 3184 2995
f 2472 2995 2473
f 7293 7600 7790
f 7293 7790 7601
f 7790 2363 2372
f 7790 7600 2363
f 2372 2362 2895
f 2372 2363 2362
f 2895 2366 2471
f 2895 2362 2366
f 2471 2859 2472
f 2471 2366 2859
f 2859 2356 3184
f 2859 3184 2472
f 7294 7297 7600
f 7294 7600 7293
f 7600 2364 2363
f 7600 7297 2364
f 2363 2361 2362
f 2363 2364 2361
f 2362 2359 2366
f 2362 2361 2359
f 2366 2357 2859
f 2366 2359 2357
f 2357 2355 2356
f 2357 2356 2859
f 7296 7298 7297
f 7296 7297 7294
f 7297 2365 2364
f 7297 7298 2365
f 2376 2361 2367
f 2361 2365 2367
f 2361 2364 2365
f 2373 2360 2376
f 2360 2361 2376
f 2360 2359 2361
f 2359 2358 2357
f 2359 2360 2358
f 2358 3118 2355
f 2358 2355 2357
f 7299 7300 7298
f 7299 7298 7296
f 7298 7598 2365
f 7298 7300 7598
f 2367 2365 2370
f 2370 2365 7598
f 2373 2369 2360
f 2377 2368 2369
f 2368 2360 2369
f 2368 2358 2360
f 2381 2347 3118
f 2358 2381 3118
f 2368 2381 2358
f 2381 2346 2347
f 7301 7302 7300
f 7301 7300 7299
f 7300 2425 7598
f 7300 7302 2425
f 2370 7598 2378
f 2378 7598 2425
f 2368 2377 2758
f 2758 2377 2759
f 2368 3163 2381
f 2368 2758 3163
f 3163 2349 2346
f 3163 2346 2381
f 7303 7597 7302
f 7303 7302 7301
f 2382 2425 7360
f 2425 7597 7360
f 2425 7302 7597
f 2425 2382 2378
f 2759 215 2758
f 214 2761 215
f 2761 2758 215
f 2761 3163 2758
f 2761 2854 2349
f 2761 2349 3163
f 216 218 7597
f 7303 216 7597
f 7594 216 7303
f 7597 218 7360
f 2761 214 2413
f 2413 214 2404
f 2413 2414 2854
f 2413 2854 2761
f 7595 216 7594
f 7595 7362 216
f 2413 2404 2412
f 2412 2404 2411
f 2412 2415 2414
f 2412 2414 2413
f 7767 7362 7595
f 7767 7359 7362
f 2412 2411 2421
f 2421 2411 2997
f 2421 2418 2415
f 2421 2415 2412
f 7559 7727 7692
f 7727 7361 7692
f 7361 7767 7692
f 7361 7359 7767
f 2421 2997 3052
f 3052 2997 3000
f 3052 3150 2418
f 3052 2418 2421
f 7343 7734 7727
f 7343 7727 7559
f 7361 7727 7356
f 7356 7727 7734
f 3052 3000 3022
f 3022 3000 3028
f 3022 3021 3150
f 3022 3150 3052
f 7344 7347 7734
f 7344 7734 7343
f 7356 7734 7364
f 7364 7734 7347
f 3022 3028 3019
f 3019 3028 3016
f 3019 3020 3021
f 3019 3021 3022
f 7346 7348 7347
f 7346 7347 7344
f 7364 7347 7350
f 7350 7347 7348
f 3019 3016 3018
f 3018 3016 3017
f 3018 3023 3020
f 3018 3020 3019
f 7349 7555 7348
f 7349 7348 7346
f 7350 7348 7351
f 7351 7348 7555
f 3018 3017 3031
f 3031 3017 3183
f 3024 3025 3023
f 3018 3024 3023
f 3031 3024 3018
f 3024 3099 3025
f 7494 7680 7555
f 7494 7555 7349
f 7351 7555 7814
f 7814 7555 7680
f 3031 3183 1873
f 1873 3183 2925
f 3031 2929 3024
f 3031 1873 2929
f 2929 1868 3099
f 2929 3099 3024
f 7382 7384 7680
f 7382 7680 7494
f 7814 7680 7495
f 7495 7680 7384
f 1885 1884 1872
f 1885 1872 2925
f 1872 1873 2925
f 1872 1870 1873
f 1873 1867 2929
f 1873 1870 1867
f 1867 1865 1868
f 1867 1868 2929
f 7383 7385 7384
f 7383 7384 7382
f 7495 7384 7386
f 7386 7384 7385
f 1884 1883 1872
f 1887 1871 1883
f 1871 1872 1883
f 1871 1870 1872
f 1870 1866 1867
f 1870 1871 1866
f 1866 1848 1865
f 1866 1865 1867
f 7493 7391 7385
f 7493 7385 7383
f 7386 7385 7387
f 7387 7385 7391
f 1871 1887 1888
f 1888 1887 1889
f 1871 3095 1866
f 1871 1888 3095
f 3095 1864 1848
f 3095 1848 1866
f 7394 7393 7391
f 7394 7391 7493
f 7387 7391 7392
f 7392 7391 7393
f 1888 1889 1890
f 1890 1889 1910
f 1888 2939 3095
f 1888 1890 2939
f 2939 1846 1864
f 2939 1864 3095
f 7395 7396 7393
f 7395 7393 7394
f 7392 7393 7492
f 7492 7393 7396
f 1890 1910 3153
f 3153 1910 1899
f 1890 2863 2939
f 1890 3153 2863
f 2863 2011 1846
f 2863 1846 2939
f 7397 7488 7396
f 7397 7396 7395
f 7492 7396 7698
f 7698 7396 7488
f 3153 1899 2989
f 2989 1899 1906
f 3153 2846 2863
f 3153 2989 2846
f 2846 1974 2011
f 2846 2011 2863
f 7400 7487 7488
f 7400 7488 7397
f 7698 7488 7728
f 7728 7488 7487
f 1906 3193 2989
f 1912 2745 3193
f 2745 2989 3193
f 2745 2846 2989
f 2743 1852 1974
f 2846 2743 1974
f 2745 2743 2846
f 2743 1854 1852
f 7481 7490 7487
f 7481 7487 7400
f 7728 7487 7554
f 7554 7487 7490
f 2745 1912 3164
f 3164 1912 2313
f 2745 1874 2743
f 2745 3164 1874
f 1874 1856 1854
f 1874 1854 2743
f 7484 7490 7481
f 7484 7486 7490
f 7486 7554 7490
f 7486 7832 7554
f 3164 2313 1928
f 1928 2313 1930
f 3164 1859 1874
f 3164 1928 1859
f 1859 1858 1856
f 1859 1856 1874
f 7500 7832 7486
f 7500 7834 7832
f 1930 1929 1928
f 2314 1862 1929
f 1862 1928 1929
f 1862 1859 1928
f 1862 1882 1858
f 1862 1858 1859
f 7470 7834 7500
f 7470 7662 7834
f 3199 2001 2865
f 3199 2865 2314
f 2865 1862 2314
f 2865 2734 1862
f 2734 2735 1882
f 2734 1882 1862
f 7466 7469 7468
f 7469 7473 7468
f 7473 7470 7468
f 7473 7662 7470
f 2865 2001 2864
f 2864 2001 1997
f 2865 2736 2734
f 2865 2864 2736
f 2736 2977 2735
f 2736 2735 2734
f 7475 7557 7469
f 7475 7469 7466
f 7473 7469 7499
f 7499 7469 7557
f 2864 1997 1987
f 1987 1997 1988
f 2864 1991 2736
f 2864 1987 1991
f 1991 1990 2977
f 1991 2977 2736
f 7757 7506 7557
f 7757 7557 7475
f 7499 7557 7503
f 7503 7557 7506
f 1987 1988 1986
f 1986 1988 1992
f 1987 1985 1991
f 1987 1986 1985
f 1985 1983 1990
f 1985 1990 1991
f 7515 7507 7506
f 7515 7506 7757
f 7503 7506 7505
f 7505 7506 7507
f 1992 1989 1986
f 2264 1984 1989
f 1984 1986 1989
f 1984 1985 1986
f 1984 1982 1983
f 1984 1983 1985
f 7510 7509 7507
f 7510 7507 7515
f 7505 7507 7508
f 7508 7507 7509
f 3076 2045 1994
f 3076 1994 2264
f 1994 1984 2264
f 1994 1993 1984
f 1993 1995 1982
f 1993 1982 1984
f 7539 7513 7509
f 7539 7509 7510
f 7508 7509 7511
f 7511 7509 7513
f 2043 2039 2254
f 2043 2254 2045
f 2254 1994 2045
f 2254 1996 1994
f 1996 2315 3169
f 1993 1996 3169
f 1994 1996 1993
f 1993 3169 1995
f 7517 7516 7513
f 7517 7513 7539
f 7511 7513 7514
f 7514 7513 7516
f 2254 2039 2032
f 2032 2039 2038
f 2254 2031 1996
f 2254 2032 2031
f 2031 2020 2315
f 2031 2315 1996
f 7518 7519 7516
f 7518 7516 7517
f 7514 7516 7542
f 7542 7516 7519
f 2032 2038 2033
f 2033 2038 2262
f 2032 2030 2031
f 2032 2033 2030
f 2030 2021 2020
f 2030 2020 2031
f 7538 7714 7519
f 7538 7519 7518
f 7542 7519 7745
f 7745 7519 7714
f 2262 2035 2033
f 2036 2034 2035
f 2034 2033 2035
f 2034 2030 2033
f 3053 2022 2021
f 2030 3053 2021
f 2034 3053 2030
f 3053 3175 2022
f 7715 7716 7714
f 7715 7714 7538
f 7745 7714 7717
f 7717 7714 7716
f 2036 6214 2034
f 6213 6197 6214
f 6197 2034 6214
f 6197 3053 2034
f 6195 2025 3175
f 3053 6195 3175
f 6197 6195 3053
f 6195 6196 2025
f 669 668 7716
f 669 7716 7715
f 7717 7716 634
f 634 7716 668
f 6213 6236 6197
f 6205 6194 6236
f 6194 6197 6236
f 6194 6195 6197
f 6193 6204 6196
f 6195 6193 6196
f 6194 6193 6195
f 6193 6198 6204
f 666 667 668
f 669 666 668
f 674 666 669
f 668 667 634
f 6205 6192 6194
f 6194 6192 6193
f 6193 6192 6067
f 6193 6067 6198
f 6067 6199 6198
f 6067 6206 6199
f 6206 6321 6115
f 6117 6206 6115
f 6199 6206 6117
f 6114 6126 6117
f 6114 6117 6115
f 6114 6116 6126
f 691 689 694
f 689 654 694
f 654 674 694
f 654 666 674
f 6321 6113 6115
f 6115 6113 6114
f 6114 6113 6112
f 6114 6112 6116
f 6112 6118 6116
f 6112 6119 6118
f 6118 5852 6229
f 6119 5852 6118
f 5852 5848 5849
f 5851 5852 5849
f 6229 5852 5851
f 5849 5850 5851
f 687 686 689
f 687 689 691
f 654 689 662
f 662 689 686
f 5848 5847 5849
f 5849 5847 5850
f 5847 6190 5850
f 5847 6228 6190
f 6190 6153 5864
f 6228 6153 6190
f 6153 6180 6154
f 6148 6153 6154
f 5864 6153 6148
f 6183 6149 6148
f 6183 6148 6154
f 6183 6182 6149
f 683 685 686
f 687 683 686
f 690 683 687
f 686 685 662
f 6180 6238 6154
f 6154 6238 6183
f 6183 6238 6225
f 6183 6225 6182
f 6225 6263 6182
f 6225 5975 6263
f 5973 6263 5975
f 5973 5975 5972
f 207 208 209
f 208 684 209
f 684 690 209
f 684 683 690
f 5972 5968 5973
f 5973 5968 5977
f 5967 5977 5968
f 5967 5968 5960
f 705 704 208
f 705 208 207
f 684 208 688
f 688 208 704
f 5960 5961 5967
f 5959 5961 5960
f 710 773 704
f 705 710 704
f 709 710 705
f 704 773 688
f 5959 5962 5961
f 5961 5962 5963
f 5964 5963 5962
f 5964 5962 5965
f 772 710 709
f 772 771 710
f 8830 8829 6314
f 6314 8829 6233
f 6314 5964 5965
f 6314 5965 8830
f 843 771 772
f 843 844 771
f 8829 7860 6233
f 7857 7860 8829
f 3674 3675 3673
f 844 3674 3673
f 843 3674 844
f 3675 3672 3673
f 7857 7858 7860
f 7852 7858 7857
f 3662 3675 3674
f 3659 3716 3661
f 3661 3716 3662
f 3716 3672 3662
f 3672 3675 3662
f 3659 3657 3716
f 7851 3628 3637
f 3637 3628 3626
f 3637 7858 7852
f 3637 7852 7851
f 3658 3659 3661
f 3713 3654 3660
f 3660 3654 3658
f 3654 3657 3658
f 3657 3659 3658
f 3713 3650 3654
f 3635 3911 3636
f 3636 3911 3922
f 3629 3636 3627
f 3629 3635 3636
f 3627 3626 3628
f 3627 3628 3629
f 3647 3713 3660
f 3714 3649 3648
f 3648 3649 3647
f 3649 3650 3647
f 3650 3713 3647
f 3714 3934 3649
f 3317 3332 3398
f 3398 3332 3818
f 3312 3398 3316
f 3312 3317 3398
f 3310 3316 3354
f 3310 3312 3316
f 3306 3354 3290
f 3306 3310 3354
f 3289 3290 3288
f 3289 3306 3290
f 3287 3288 3228
f 3287 3289 3288
f 3286 3228 3227
f 3286 3287 3228
f 3812 3227 3247
f 3812 3286 3227
f 3284 3247 3810
f 3284 3812 3247
f 3238 3810 3235
f 3238 3284 3810
f 3237 3235 3236
f 3237 3238 3235
f 3240 3236 3241
f 3240 3237 3236
f 3242 3241 3243
f 3242 3240 3241
f 3279 3243 3259
f 3279 3242 3243
f 3890 3259 3873
f 3890 3279 3259
f 3863 3873 3874
f 3863 3890 3873
f 3874 3922 3911
f 3874 3911 3863
f 3712 3714 3648
f 3886 3934 3714
f 3712 3886 3714
f 3936 3886 3712
f 3399 3936 3904
f 3399 3886 3936
f 3904 3818 3332
f 3904 3332 3399
f 6473 6739 6447
f 6447 6739 6450
f 6446 6447 6450
f 6445 6447 6446
f 6445 6444 6441
f 6446 6444 6445
f 6441 6443 6440
f 6444 6443 6441
f 6440 6449 6442
f 6443 6449 6440
f 6449 6908 6907
f 6958 6449 6907
f 6442 6449 6958
f 6644 6428 6958
f 6644 6958 6907
f 6644 6430 6428
f 6484 6489 6468
f 6484 6468 6483
f 6468 6465 6467
f 6489 6465 6468
f 6473 6467 6739
f 6467 6462 6739
f 6467 6465 6462
f 6739 6462 6450
f 6908 6906 6907
f 6907 6906 6644
f 6644 6906 6434
f 6644 6434 6430
f 6434 6433 6430
f 6434 6452 6433
f 6433 6453 6455
f 6452 6453 6433
f 6453 6460 6457
f 6456 6453 6457
f 6455 6453 6456
f 1606 6360 6456
f 1606 6456 6457
f 1606 1624 6360
f 6724 6486 6485
f 6724 6485 6674
f 6483 6485 6484
f 6484 6485 6486
f 6460 1603 6457
f 6457 1603 1606
f 1606 1603 221
f 221 220 1608
f 221 1608 1607
f 1606 221 1607
f 1624 1606 1607
f 1608 1609 1607
f 7204 7203 7202
f 7203 7200 7202
f 7200 6674 7202
f 7200 6724 6674
f 1608 220 1631
f 1631 220 1630
f 1613 1611 1609
f 1608 1613 1609
f 1631 1613 1608
f 1613 1629 1611
f 7205 7206 7203
f 7205 7203 7204
f 7200 7203 7225
f 7225 7203 7206
f 1631 1630 1658
f 1658 1630 1659
f 1631 1656 1613
f 1631 1658 1656
f 1656 1657 1629
f 1656 1629 1613
f 7207 7208 7206
f 7205 7207 7206
f 7222 7207 7205
f 7206 7208 7225
f 1658 1659 1772
f 1772 1659 1783
f 1658 1771 1656
f 1658 1772 1771
f 1771 1770 1657
f 1771 1657 1656
f 7211 7207 7222
f 7211 7210 7207
f 1772 1783 1751
f 1751 1783 1709
f 1772 1753 1771
f 1772 1751 1753
f 1753 1756 1770
f 1753 1770 1771
f 7212 7210 7211
f 7212 7825 7210
f 210 211 212
f 210 212 1709
f 212 1751 1709
f 212 1752 1751
f 1752 1755 1754
f 1753 1752 1754
f 1751 1752 1753
f 1753 1754 1756
f 7220 7236 7686
f 7825 7220 7686
f 7212 7220 7825
f 7236 7183 7686
f 1743 1747 1793
f 1743 1793 211
f 1793 212 211
f 1793 1792 212
f 1792 1801 1790
f 1752 1792 1790
f 212 1792 1752
f 1752 1790 1755
f 7176 7177 7236
f 7176 7236 7220
f 7183 7236 7180
f 7180 7236 7177
f 1503 1513 1519
f 1493 1495 1519
f 1519 1495 1503
f 1491 1494 1493
f 1494 1495 1493
f 1494 1498 1495
f 1496 1494 1487
f 1496 1498 1494
f 1497 1487 1523
f 1497 1496 1487
f 1524 1523 1531
f 1524 1497 1523
f 1478 1793 1747
f 1524 1478 1747
f 1531 1478 1524
f 1793 1478 1472
f 1793 1472 1792
f 1792 1472 1801
f 7175 7178 7177
f 7175 7177 7176
f 7180 7177 7179
f 7179 7177 7178
f 1538 1548 1540
f 1542 1534 1540
f 1534 1538 1540
f 1534 1525 1538
f 1514 1534 1528
f 1514 1525 1534
f 1508 1528 1527
f 1508 1514 1528
f 1518 1519 1513
f 1508 1518 1513
f 1527 1518 1508
f 1519 1518 1492
f 1519 1492 1493
f 1493 1492 1491
f 7238 7178 7175
f 1557 1585 7787
f 7787 1585 7238
f 1585 7179 7238
f 7179 7178 7238
f 1553 1554 1557
f 1557 1554 1585
f 1554 1553 1548
f 1548 1553 1540
f 1553 1564 1540
f 1564 1561 1540
f 1540 1561 1542
f 1583 1557 7787
f 1557 1583 1582
f 1557 1582 1553
f 1553 1582 1564
f 2367 2371 2376
f 2371 2373 2376
f 2370 2375 2371
f 2370 2371 2367
f 2374 2369 2373
f 2371 2374 2373
f 2375 2374 2371
f 2374 2377 2369
f 2378 2380 2375
f 2378 2375 2370
f 2375 2855 2374
f 2375 2380 2855
f 2855 2759 2377
f 2855 2377 2374
f 7360 2397 2382
f 2380 2378 2382
f 2397 2380 2382
f 2398 2380 2397
f 2380 2399 2855
f 2380 2398 2399
f 213 215 2759
f 2855 213 2759
f 2399 213 2855
f 213 214 215
f 216 217 218
f 2397 7360 218
f 217 2397 218
f 3123 2397 217
f 2397 2402 2398
f 2397 3123 2402
f 2398 2400 2399
f 2398 2402 2400
f 2399 2401 213
f 2399 2400 2401
f 2401 2404 214
f 2401 214 213
f 7362 7358 217
f 7362 217 216
f 217 3004 3123
f 217 7358 3004
f 3123 3003 2402
f 3123 3004 3003
f 2402 3151 2400
f 2402 3003 3151
f 2400 2403 2401
f 2400 3151 2403
f 2403 2411 2404
f 2403 2404 2401
f 7359 7357 7358
f 7359 7358 7362
f 7358 3005 3004
f 7358 7357 3005
f 3004 3002 3003
f 3004 3005 3002
f 3003 2999 3151
f 3003 3002 2999
f 3151 2602 2403
f 3151 2999 2602
f 2602 2997 2411
f 2602 2411 2403
f 7361 7355 7357
f 7361 7357 7359
f 7357 3014 3005
f 7357 7355 3014
f 3005 3029 3002
f 3005 3014 3029
f 3002 3001 2999
f 3002 3029 3001
f 2999 2998 2602
f 2999 3001 2998
f 2998 3000 2997
f 2998 2997 2602
f 7356 7354 7355
f 7356 7355 7361
f 7355 3012 3014
f 7355 7354 3012
f 3014 3010 3029
f 3014 3012 3010
f 3029 3007 3001
f 3029 3010 3007
f 3001 3006 2998
f 3001 3007 3006
f 3006 3028 3000
f 3006 3000 2998
f 7364 7353 7354
f 7364 7354 7356
f 7354 3026 3012
f 7354 7353 3026
f 3012 3011 3010
f 3012 3026 3011
f 3010 3009 3007
f 3010 3011 3009
f 3007 3008 3006
f 3007 3009 3008
f 3008 3016 3028
f 3008 3028 3006
f 7350 7352 7353
f 7350 7353 7364
f 7353 1926 3026
f 7353 7352 1926
f 3026 3078 3011
f 3026 1926 3078
f 3011 3015 3009
f 3011 3078 3015
f 3009 3013 3008
f 3009 3015 3013
f 3013 3017 3016
f 3013 3016 3008
f 7351 7363 7352
f 7351 7352 7350
f 7352 1919 1926
f 7352 7363 1919
f 1926 1918 3078
f 1926 1919 1918
f 3078 1921 3015
f 3078 1918 1921
f 3015 3041 3013
f 3015 1921 3041
f 3041 3183 3017
f 3041 3017 3013
f 7814 7390 7363
f 7814 7363 7351
f 7363 1920 1919
f 7363 7390 1920
f 1919 1916 1918
f 1919 1920 1916
f 1918 1915 1921
f 1918 1916 1915
f 1921 1913 3041
f 1921 1915 1913
f 1913 2925 3183
f 1913 3183 3041
f 7495 7389 7390
f 7495 7390 7814
f 7390 3062 1920
f 7390 7389 3062
f 1920 1917 1916
f 1920 3062 1917
f 1916 1886 1915
f 1916 1917 1886
f 1886 1884 1885
f 1913 1886 1885
f 1915 1886 1913
f 1913 1885 2925
f 7386 7388 7389
f 7386 7389 7495
f 7389 3152 3062
f 7389 7388 3152
f 3062 3137 1917
f 3062 3152 3137
f 1917 1908 1886
f 1917 3137 1908
f 2013 1883 1884
f 1886 2013 1884
f 1908 2013 1886
f 2013 1887 1883
f 7387 7491 7388
f 7387 7388 7386
f 7388 1905 3152
f 7388 7491 1905
f 3152 1909 3137
f 3152 1905 1909
f 3137 1893 1908
f 3137 1909 1893
f 1908 1891 2013
f 1908 1893 1891
f 1891 1889 1887
f 1891 1887 2013
f 7392 7792 7491
f 7392 7491 7387
f 1904 1905 7703
f 1905 7792 7703
f 1905 7491 7792
f 1903 1898 1904
f 1898 1905 1904
f 1898 1909 1905
f 1909 1894 1893
f 1909 1898 1894
f 1893 1892 1891
f 1893 1894 1892
f 1892 1910 1889
f 1892 1889 1891
f 7492 7699 7792
f 7492 7792 7392
f 7703 7792 7702
f 7702 7792 7699
f 1903 224 1898
f 223 1896 224
f 1896 1898 224
f 1896 1894 1898
f 1894 1895 1892
f 1894 1896 1895
f 1895 1899 1910
f 1895 1910 1892
f 7698 7700 7699
f 7698 7699 7492
f 7702 7699 7701
f 7701 7699 7700
f 1896 223 1900
f 1900 223 2290
f 1896 1897 1895
f 1896 1900 1897
f 1897 1906 1899
f 1897 1899 1895
f 7728 7705 7700
f 7728 7700 7698
f 7701 7700 7704
f 7704 7700 7705
f 2290 1934 1900
f 1964 1901 1934
f 1901 1900 1934
f 1901 1897 1900
f 1902 3193 1906
f 1897 1902 1906
f 1901 1902 1897
f 1902 1912 3193
f 7554 7707 7705
f 7554 7705 7728
f 7704 7705 7706
f 7706 7705 7707
f 1901 1964 1914
f 1914 1964 1936
f 1901 1911 1902
f 1901 1914 1911
f 1911 2313 1912
f 1911 1912 1902
f 7832 7737 7707
f 7832 7707 7554
f 7706 7707 7708
f 7708 7707 7737
f 1914 1936 1935
f 1935 1936 1937
f 1914 1923 1911
f 1914 1935 1923
f 1923 1930 2313
f 1923 2313 1911
f 7834 7551 7737
f 7834 7737 7832
f 7708 7737 7552
f 7552 7737 7551
f 1935 1937 1959
f 1959 1937 1960
f 1935 2274 1923
f 1935 1959 2274
f 1931 1929 1930
f 1923 1931 1930
f 2274 1931 1923
f 1931 2314 1929
f 7662 7545 7551
f 7662 7551 7834
f 7552 7551 7547
f 7547 7551 7545
f 1960 1961 1959
f 2003 3066 1961
f 3066 1959 1961
f 3066 2274 1959
f 3066 2001 3199
f 1931 3066 3199
f 2274 3066 1931
f 1931 3199 2314
f 7473 7501 7545
f 7473 7545 7662
f 7547 7545 7546
f 7546 7545 7501
f 3066 2003 1999
f 1999 2003 2002
f 1999 1997 2001
f 1999 2001 3066
f 7499 7502 7501
f 7499 7501 7473
f 7546 7501 7721
f 7501 7544 7721
f 7501 7502 7544
f 7544 7803 7721
f 2004 2005 2000
f 2004 2000 2002
f 2000 1999 2002
f 2000 1998 1999
f 1998 1988 1997
f 1998 1997 1999
f 7503 7504 7502
f 7503 7502 7499
f 7502 7543 7544
f 7502 7504 7543
f 7803 7544 7759
f 7759 7544 7543
f 2000 2005 2006
f 2006 2005 2007
f 2000 2851 1998
f 2000 2006 2851
f 2851 1992 1988
f 2851 1988 1998
f 7505 7541 7504
f 7505 7504 7503
f 7504 7684 7543
f 7504 7541 7684
f 7759 7543 7712
f 7543 3179 7712
f 7543 7684 3179
f 2566 2009 3179
f 3179 2009 7712
f 2009 2566 2007
f 2566 2006 2007
f 2566 2048 2006
f 2006 2049 2851
f 2006 2048 2049
f 3201 1989 1992
f 2851 3201 1992
f 2049 3201 2851
f 3201 2264 1989
f 7508 7512 7541
f 7508 7541 7505
f 7541 7696 7684
f 7541 7512 7696
f 7684 3190 3179
f 7684 7696 3190
f 3179 2047 2566
f 3179 3190 2047
f 2566 2046 2048
f 2566 2047 2046
f 2048 2044 2049
f 2048 2046 2044
f 2044 2045 3076
f 3201 2044 3076
f 2049 2044 3201
f 3201 3076 2264
f 7511 7540 7512
f 7511 7512 7508
f 7512 2275 7696
f 7512 7540 2275
f 7696 2056 3190
f 7696 2275 2056
f 3190 2392 2047
f 3190 2056 2392
f 2047 2042 2046
f 2047 2392 2042
f 2042 2039 2043
f 2044 2042 2043
f 2046 2042 2044
f 2044 2043 2045
f 7514 7694 7540
f 7514 7540 7511
f 7540 2057 2275
f 7540 7694 2057
f 2275 2054 2056
f 2275 2057 2054
f 2056 2050 2392
f 2056 2054 2050
f 2392 2040 2042
f 2392 2050 2040
f 2040 2038 2039
f 2040 2039 2042
f 7542 7755 7694
f 7542 7694 7514
f 7694 2273 2057
f 7694 7755 2273
f 2057 2055 2054
f 2057 2273 2055
f 2054 2051 2050
f 2054 2055 2051
f 2050 2041 2040
f 2050 2051 2041
f 2041 2262 2038
f 2041 2038 2040
f 7745 7794 7755
f 7745 7755 7542
f 606 2273 7731
f 2273 7794 7731
f 2273 7755 7794
f 2273 606 2055
f 2055 606 2389
f 2055 2389 2051
f 2051 2389 2053
f 2604 2052 2053
f 2052 2051 2053
f 2052 2041 2051
f 2037 2035 2262
f 2041 2037 2262
f 2052 2037 2041
f 2037 2036 2035
f 7717 7718 7794
f 7717 7794 7745
f 7731 7794 7720
f 7720 7794 7718
f 2604 6216 2052
f 6217 6215 6216
f 6215 2052 6216
f 6215 2037 2052
f 6212 6214 2036
f 2037 6212 2036
f 6215 6212 2037
f 6212 6213 6214
f 632 7719 7718
f 7717 632 7718
f 634 632 7717
f 7718 7719 7720
f 6217 6219 6215
f 6209 6210 6219
f 6210 6215 6219
f 6210 6212 6215
f 6211 6236 6213
f 6212 6211 6213
f 6210 6211 6212
f 6211 6205 6236
f 666 633 667
f 633 631 667
f 631 634 667
f 631 632 634
f 6209 6208 6210
f 6210 6208 6211
f 6211 6208 6226
f 6211 6226 6205
f 6226 6192 6205
f 6226 6065 6192
f 6065 6048 6050
f 6067 6065 6050
f 6192 6065 6067
f 6051 6206 6067
f 6051 6067 6050
f 6051 6321 6206
f 654 647 633
f 654 633 666
f 631 633 630
f 630 633 647
f 6048 6049 6050
f 6050 6049 6051
f 6051 6049 6062
f 6051 6062 6321
f 6062 6113 6321
f 6062 6083 6113
f 6083 6082 6111
f 6112 6083 6111
f 6113 6083 6112
f 6242 6119 6112
f 6242 6112 6111
f 6207 5852 6119
f 6207 6119 6242
f 6207 5848 5852
f 653 648 647
f 654 653 647
f 662 653 654
f 647 648 630
f 6082 6084 6111
f 6111 6084 6242
f 6242 6084 5872
f 6242 5872 6207
f 6207 5872 5846
f 6207 5846 5848
f 5846 5847 5848
f 5846 5832 5847
f 5847 5910 6228
f 5832 5910 5847
f 5910 6265 6181
f 6153 5910 6181
f 6228 5910 6153
f 6181 6180 6153
f 683 682 685
f 682 655 685
f 655 662 685
f 655 653 662
f 6265 5844 6181
f 6181 5844 6180
f 5844 6238 6180
f 5844 5831 6238
f 6238 6322 6225
f 5831 6322 6238
f 6322 5976 5971
f 5975 6322 5971
f 6225 6322 5975
f 5971 5972 5975
f 679 678 682
f 683 679 682
f 684 679 683
f 682 678 655
f 5976 5970 5971
f 5970 5974 5969
f 5970 5969 5968
f 5971 5970 5968
f 5972 5971 5968
f 5969 5960 5968
f 688 679 684
f 688 680 679
f 5974 5979 5969
f 5960 5969 5979
f 5958 5960 5979
f 5959 5960 5958
f 710 769 773
f 769 693 773
f 693 688 773
f 693 680 688
f 5962 5959 6109
f 5959 5949 6109
f 5959 5958 5949
f 6109 5965 5962
f 771 770 769
f 771 769 710
f 693 769 767
f 767 769 770
f 6109 5949 8830
f 5949 8829 8830
f 5949 5948 8829
f 6109 8830 5965
f 844 861 770
f 844 770 771
f 767 770 850
f 850 770 861
f 5948 7857 8829
f 7854 7857 5948
f 3673 861 844
f 3673 3672 861
f 3672 850 861
f 3672 3671 850
f 7854 7852 7857
f 7853 7852 7854
f 3664 3671 3672
f 3664 3672 3716
f 3716 3657 3664
f 3664 3657 3663
f 7859 3630 7851
f 7851 3630 3628
f 7851 7852 7853
f 7851 7853 7859
f 3653 3663 3657
f 3653 3657 3654
f 3654 3650 3653
f 3653 3650 3652
f 3586 3861 3862
f 3911 3635 3862
f 3635 3586 3862
f 3635 3822 3586
f 3631 3635 3629
f 3631 3822 3635
f 3629 3628 3630
f 3629 3630 3631
f 3651 3652 3650
f 3651 3650 3649
f 3943 3790 3934
f 3790 3649 3934
f 3790 3651 3649
f 3943 3405 3790
f 3324 3326 3317
f 3317 3326 3332
f 3315 3317 3312
f 3315 3324 3317
f 3311 3312 3310
f 3311 3315 3312
f 3308 3310 3306
f 3308 3311 3310
f 3307 3306 3289
f 3307 3308 3306
f 3318 3289 3287
f 3318 3307 3289
f 3882 3287 3286
f 3882 3318 3287
f 3913 3286 3812
f 3913 3882 3286
f 3285 3812 3284
f 3285 3913 3812
f 3255 3284 3238
f 3255 3285 3284
f 3239 3238 3237
f 3239 3255 3238
f 3252 3237 3240
f 3252 3239 3237
f 3248 3240 3242
f 3248 3252 3240
f 3249 3242 3279
f 3249 3248 3242
f 3892 3279 3890
f 3892 3249 3279
f 3863 3862 3861
f 3892 3863 3861
f 3890 3863 3892
f 3862 3863 3911
f 3886 3943 3934
f 3329 3405 3943
f 3886 3329 3943
f 3399 3329 3886
f 3399 3332 3326
f 3399 3326 3329
f 6461 6978 6446
f 6461 6446 6450
f 6446 6448 6444
f 6978 6448 6446
f 6448 6848 6847
f 6443 6448 6847
f 6444 6448 6443
f 6959 6449 6443
f 6959 6443 6847
f 6959 6908 6449
f 6484 6970 6489
f 6489 6970 6955
f 6466 6489 6955
f 6465 6489 6466
f 6465 6463 6462
f 6466 6463 6465
f 6450 6462 6461
f 6461 6462 6463
f 6848 6849 6847
f 6847 6849 6959
f 6959 6849 6909
f 6959 6909 6908
f 6909 6906 6908
f 6909 6910 6906
f 6906 6458 6434
f 6910 6458 6906
f 6458 6913 6454
f 6452 6458 6454
f 6434 6458 6452
f 1602 6453 6452
f 1602 6452 6454
f 1602 6460 6453
f 6724 7199 6486
f 7199 6487 6486
f 6486 6487 6484
f 6487 6490 6484
f 6490 6970 6484
f 6970 6490 6955
f 6913 1591 6454
f 6454 1591 1602
f 1602 1591 1601
f 1601 1605 1604
f 1601 1604 1603
f 1602 1601 1603
f 6460 1602 1603
f 219 221 1603
f 219 1603 1604
f 219 220 221
f 7200 7201 7199
f 7200 7199 6724
f 6487 7199 7198
f 7198 7199 7201
f 1604 1605 1638
f 1638 1605 1637
f 1604 1612 219
f 1604 1638 1612
f 1612 1630 220
f 1612 220 219
f 7771 7811 7201
f 7200 7771 7201
f 7225 7771 7200
f 7201 7811 7198
f 1638 1637 1676
f 1676 1637 1675
f 1638 1660 1612
f 1638 1676 1660
f 1660 1659 1630
f 1660 1630 1612
f 7207 7209 7208
f 7209 7221 7208
f 7221 7225 7208
f 7221 7771 7225
f 1676 1675 1776
f 1776 1675 1775
f 1676 1781 1660
f 1676 1776 1781
f 1781 1783 1659
f 1781 1659 1660
f 7210 7235 7209
f 7210 7209 7207
f 7221 7209 7187
f 7187 7209 7235
f 1776 1775 1702
f 1702 1775 1703
f 1776 1705 1781
f 1776 1702 1705
f 1705 1709 1783
f 1705 1783 1781
f 7825 7812 7235
f 7825 7235 7210
f 7187 7235 7184
f 7184 7235 7812
f 1706 1708 1701
f 1706 1701 1703
f 1701 1702 1703
f 1701 1704 1702
f 1704 211 210
f 1705 1704 210
f 1702 1704 1705
f 1705 210 1709
f 7686 7812 7825
f 7686 7183 7812
f 7183 7184 7812
f 7183 7182 7184
f 1742 1745 1748
f 1742 1748 1708
f 1748 1701 1708
f 1748 1746 1701
f 1746 1747 1743
f 1704 1746 1743
f 1701 1746 1704
f 1704 1743 211
f 7180 1587 7181
f 7182 7180 7181
f 7183 7180 7182
f 1587 1588 7181
f 1505 1507 1506
f 1513 1503 1506
f 1503 1505 1506
f 1503 1504 1505
f 1500 1503 1495
f 1500 1504 1503
f 1499 1495 1498
f 1499 1500 1495
f 1502 1498 1496
f 1502 1499 1498
f 1497 1748 1745
f 1502 1497 1745
f 1496 1497 1502
f 1748 1497 1524
f 1748 1524 1746
f 1746 1524 1747
f 7179 1584 1587
f 7179 1587 7180
f 1588 1587 1541
f 1587 1562 1541
f 1587 1584 1562
f 1548 1538 1562
f 1538 1541 1562
f 1538 1539 1541
f 1517 1538 1525
f 1517 1539 1538
f 1511 1525 1514
f 1511 1517 1525
f 1508 1506 1507
f 1511 1508 1507
f 1514 1508 1511
f 1506 1508 1513
f 1585 1584 7179
f 1584 1585 1554
f 1584 1554 1562
f 1562 1554 1548
f 7703 1907 1904
f 1907 1903 1904
f 7702 2760 1907
f 7702 1907 7703
f 222 224 1903
f 1907 222 1903
f 2760 222 1907
f 222 223 224
f 7701 2888 2760
f 7701 2760 7702
f 2760 3047 222
f 2760 2888 3047
f 3047 2290 223
f 3047 223 222
f 7704 2886 2888
f 7704 2888 7701
f 2888 2887 3047
f 2888 2886 2887
f 3166 1934 2290
f 3047 3166 2290
f 2887 3166 3047
f 3166 1964 1934
f 7706 2885 2886
f 7706 2886 7704
f 2886 2884 2887
f 2886 2885 2884
f 2887 2941 3166
f 2887 2884 2941
f 2941 1936 1964
f 2941 1964 3166
f 7708 2889 2885
f 7708 2885 7706
f 2885 2883 2884
f 2885 2889 2883
f 2884 1975 2941
f 2884 2883 1975
f 1975 1937 1936
f 1975 1936 2941
f 7552 7550 2889
f 7552 2889 7708
f 2889 2890 2883
f 2889 7550 2890
f 2883 1962 1975
f 2883 2890 1962
f 1962 1960 1937
f 1962 1937 1975
f 7547 7548 7550
f 7547 7550 7552
f 7550 2932 2890
f 7550 7548 2932
f 2890 3121 1962
f 2890 2932 3121
f 2927 1961 1960
f 1962 2927 1960
f 3121 2927 1962
f 2927 2003 1961
f 7546 7549 7548
f 7546 7548 7547
f 7548 2931 2932
f 7548 7549 2931
f 2932 2930 3121
f 2932 2931 2930
f 3121 2926 2927
f 3121 2930 2926
f 2926 2002 2003
f 2926 2003 2927
f 7721 7549 7546
f 7549 7721 7803
f 2996 7549 7803
f 2931 7549 2996
f 2931 2010 2930
f 2931 2996 2010
f 2010 2005 2004
f 2926 2010 2004
f 2930 2010 2926
f 2926 2004 2002
f 7759 7713 2996
f 7759 2996 7803
f 2996 2008 2010
f 2996 7713 2008
f 2008 2007 2005
f 2008 2005 2010
f 7712 7713 7759
f 7713 7712 2009
f 7713 2009 2008
f 2008 2009 2007
f 7731 604 606
f 605 2389 606
f 605 606 604
f 3136 2053 2389
f 3136 2389 605
f 3136 2604 2053
f 7720 603 604
f 7720 604 7731
f 604 599 605
f 604 603 599
f 605 602 3136
f 605 599 602
f 6218 6216 2604
f 3136 6218 2604
f 602 6218 3136
f 6218 6217 6216
f 632 609 7719
f 603 7720 7719
f 609 603 7719
f 598 603 609
f 584 599 583
f 599 598 583
f 599 603 598
f 599 584 602
f 602 584 600
f 6240 6239 600
f 6239 602 600
f 6239 6218 602
f 6313 6219 6217
f 6218 6313 6217
f 6239 6313 6218
f 6313 6209 6219
f 631 608 609
f 631 609 632
f 582 598 607
f 598 608 607
f 598 609 608
f 598 582 583
f 6240 6266 6239
f 6239 6266 6313
f 6313 6266 6059
f 6313 6059 6209
f 6059 6208 6209
f 6059 6054 6208
f 6054 6052 6063
f 6226 6054 6063
f 6208 6054 6226
f 6047 6065 6226
f 6047 6226 6063
f 6047 6048 6065
f 624 610 608
f 631 624 608
f 630 624 631
f 608 610 607
f 6052 6045 6063
f 6063 6045 6047
f 6047 6045 6046
f 6047 6046 6048
f 6046 6049 6048
f 6046 6060 6049
f 6060 6064 6221
f 6062 6060 6221
f 6049 6060 6062
f 6081 6083 6062
f 6081 6062 6221
f 6081 6082 6083
f 653 649 648
f 649 629 648
f 629 630 648
f 629 624 630
f 6064 6077 6221
f 6221 6077 6081
f 6081 6077 6080
f 6081 6080 6082
f 6080 6084 6082
f 6080 6085 6084
f 6084 6259 5872
f 6085 6259 6084
f 5872 5845 5846
f 6259 5845 5872
f 5845 5875 5826
f 5832 5845 5826
f 5846 5845 5832
f 5825 5910 5832
f 5825 5832 5826
f 5825 6265 5910
f 651 650 649
f 653 651 649
f 655 651 653
f 649 650 629
f 5875 5821 5826
f 5826 5821 5825
f 5825 5821 5824
f 5825 5824 6265
f 5824 5844 6265
f 5824 5827 5844
f 5827 5829 5830
f 5831 5827 5830
f 5844 5827 5831
f 5873 6322 5831
f 5873 5831 5830
f 5873 5976 6322
f 679 677 678
f 677 656 678
f 656 655 678
f 656 651 655
f 5829 5838 5830
f 5830 5838 5873
f 5873 5838 6227
f 6227 5935 6342
f 6227 6342 5970
f 5873 6227 5970
f 5976 5873 5970
f 6342 5974 5970
f 680 681 677
f 680 677 679
f 656 677 676
f 676 677 681
f 5935 5933 6342
f 5933 6331 6337
f 5933 6337 5979
f 6342 5933 5979
f 5974 6342 5979
f 6337 5958 5979
f 692 744 681
f 680 692 681
f 693 692 680
f 681 744 676
f 6331 6317 6337
f 5958 6337 6317
f 5944 5958 6317
f 5949 5958 5944
f 767 692 693
f 767 778 692
f 5944 5948 5949
f 5943 5948 5944
f 850 778 767
f 850 848 778
f 5943 7854 5948
f 7855 7854 5943
f 3671 3717 3670
f 848 3671 3670
f 850 3671 848
f 3717 3666 3670
f 5942 3642 7856
f 7855 5942 7856
f 7853 7855 7856
f 7854 7855 7853
f 3664 3717 3671
f 3715 3665 3663
f 3663 3665 3664
f 3665 3666 3664
f 3666 3717 3664
f 3715 3656 3665
f 3634 3633 3632
f 3634 3632 3642
f 3642 3632 7856
f 3632 3630 7856
f 3630 7859 7856
f 7856 7859 7853
f 3653 3715 3663
f 3823 3655 3652
f 3652 3655 3653
f 3655 3656 3653
f 3656 3715 3653
f 3823 3435 3655
f 3537 3251 3409
f 3591 3538 3409
f 3409 3538 3537
f 3861 3586 3591
f 3586 3538 3591
f 3586 3585 3538
f 3589 3586 3822
f 3589 3585 3586
f 3631 3632 3633
f 3589 3631 3633
f 3822 3631 3589
f 3632 3631 3630
f 3651 3823 3652
f 3439 3435 3823
f 3651 3439 3823
f 3790 3439 3651
f 3327 3328 3405
f 3328 3790 3405
f 3328 3439 3790
f 3326 3324 3327
f 3324 3328 3327
f 3324 3401 3328
f 3325 3324 3315
f 3325 3401 3324
f 3809 3315 3311
f 3809 3325 3315
f 3314 3311 3308
f 3314 3809 3311
f 3309 3308 3307
f 3309 3314 3308
f 3313 3307 3318
f 3313 3309 3307
f 3832 3318 3882
f 3832 3313 3318
f 3783 3882 3913
f 3783 3832 3882
f 3816 3913 3285
f 3816 3783 3913
f 3535 3285 3255
f 3535 3816 3285
f 3281 3255 3239
f 3281 3535 3255
f 3901 3239 3252
f 3901 3281 3239
f 3250 3252 3248
f 3250 3901 3252
f 3249 3409 3251
f 3250 3249 3251
f 3248 3249 3250
f 3409 3249 3892
f 3409 3892 3591
f 3591 3892 3861
f 3329 3327 3405
f 3327 3329 3326
f 6461 6742 6978
f 6956 6448 6978
f 6956 6978 6742
f 6956 6848 6448
f 6955 6504 6466
f 6466 6504 6497
f 6496 6466 6497
f 6463 6466 6496
f 6461 6463 6742
f 6463 6502 6742
f 6463 6496 6502
f 6742 6502 6956
f 6956 6502 6850
f 6956 6850 6848
f 6850 6849 6848
f 6850 6851 6849
f 6849 6925 6909
f 6851 6925 6849
f 6909 230 6910
f 6925 230 6909
f 230 229 1589
f 6458 230 1589
f 6910 230 6458
f 1589 6913 6458
f 6487 6643 6490
f 6643 6650 6490
f 6490 6650 6955
f 6650 6501 6955
f 6501 6504 6955
f 6504 6501 6497
f 229 1590 1589
f 1590 1594 1592
f 1590 1592 1591
f 1589 1590 1591
f 6913 1589 1591
f 1593 1601 1591
f 1593 1591 1592
f 1593 1605 1601
f 7197 7232 6643
f 6487 7197 6643
f 7198 7197 6487
f 6643 7232 6650
f 1592 1594 1640
f 1640 1594 1642
f 1592 1632 1593
f 1592 1640 1632
f 1632 1637 1605
f 1632 1605 1593
f 7771 7229 7811
f 7229 7195 7811
f 7195 7198 7811
f 7195 7197 7198
f 1642 1665 1640
f 1666 1667 1665
f 1667 1640 1665
f 1667 1632 1640
f 1667 1675 1637
f 1667 1637 1632
f 7221 7234 7229
f 7221 7229 7771
f 7195 7229 7193
f 7193 7229 7234
f 1773 1722 1723
f 1773 1723 1666
f 1723 1667 1666
f 1723 1774 1667
f 1774 1775 1675
f 1774 1675 1667
f 7187 7186 7234
f 7187 7234 7221
f 7193 7234 7189
f 7189 7234 7186
f 1723 1722 1711
f 1711 1722 1713
f 1723 1707 1774
f 1723 1711 1707
f 1707 1703 1775
f 1707 1775 1774
f 7184 7185 7186
f 7184 7186 7187
f 7189 7186 7188
f 7188 7186 7185
f 1714 1715 1712
f 1714 1712 1713
f 1712 1711 1713
f 1712 1710 1711
f 1710 1708 1706
f 1707 1710 1706
f 1711 1710 1707
f 1707 1706 1703
f 7182 7237 7185
f 7182 7185 7184
f 7188 7185 227
f 7185 225 227
f 7185 7237 225
f 225 226 227
f 1718 1720 1741
f 1718 1741 1715
f 1741 1712 1715
f 1741 1740 1712
f 1740 1745 1742
f 1710 1740 1742
f 1712 1740 1710
f 1710 1742 1708
f 7181 7237 7182
f 7237 7181 1588
f 1581 7237 1588
f 225 7237 1581
f 226 225 1556
f 225 1526 1556
f 225 1581 1526
f 1516 1521 1526
f 1526 1521 1556
f 1509 1510 1516
f 1516 1510 1521
f 1507 1505 1509
f 1505 1510 1509
f 1505 1512 1510
f 1515 1505 1504
f 1515 1512 1505
f 1501 1504 1500
f 1501 1515 1504
f 1499 1741 1720
f 1501 1499 1720
f 1500 1499 1501
f 1741 1499 1502
f 1741 1502 1740
f 1740 1502 1745
f 1541 1581 1588
f 1581 1541 1539
f 1581 1539 1526
f 1526 1539 1517
f 1526 1517 1516
f 1516 1517 1511
f 1516 1511 1509
f 1509 1511 1507
f 583 577 584
f 597 600 584
f 597 584 577
f 597 6240 600
f 607 576 582
f 577 583 582
f 576 577 582
f 575 577 576
f 577 592 597
f 577 575 592
f 6058 6266 6240
f 597 6058 6240
f 592 6058 597
f 6056 6059 6266
f 6056 6266 6058
f 6053 6054 6059
f 6053 6059 6056
f 6053 6052 6054
f 624 612 610
f 612 611 610
f 610 611 607
f 611 574 607
f 574 576 607
f 576 574 575
f 575 574 564
f 575 564 592
f 592 564 591
f 592 591 6058
f 6058 591 6057
f 6058 6057 6056
f 6056 6057 6055
f 6056 6055 6053
f 6053 6055 6044
f 6053 6044 6052
f 6044 6045 6052
f 6044 6043 6045
f 6043 6042 6066
f 6046 6043 6066
f 6045 6043 6046
f 6061 6060 6046
f 6061 6046 6066
f 6061 6064 6060
f 629 617 612
f 629 612 624
f 611 612 613
f 613 612 617
f 6042 6220 6066
f 6066 6220 6061
f 6061 6220 6068
f 6061 6068 6064
f 6068 6077 6064
f 6068 6078 6077
f 6077 6079 6080
f 6078 6079 6077
f 6079 6232 6348
f 6085 6079 6348
f 6080 6079 6085
f 5836 6259 6085
f 5836 6085 6348
f 5819 5845 6259
f 5819 6259 5836
f 5819 5875 5845
f 651 652 650
f 652 623 650
f 650 623 629
f 623 618 629
f 618 617 629
f 617 618 613
f 6232 5818 6348
f 6348 5818 5836
f 5836 5818 5816
f 5836 5816 5819
f 5819 5816 5817
f 5819 5817 5875
f 5817 5821 5875
f 5817 5820 5821
f 5821 5822 5824
f 5820 5822 5821
f 5822 5877 5828
f 5827 5822 5828
f 5824 5822 5827
f 5828 5829 5827
f 656 658 652
f 656 652 651
f 623 652 657
f 657 652 658
f 5877 6267 5828
f 5828 6267 5829
f 6267 5838 5829
f 6267 5936 5838
f 5936 5929 5932
f 6227 5936 5932
f 5838 5936 6227
f 5932 5935 6227
f 659 660 658
f 656 659 658
f 676 659 656
f 658 660 657
f 5929 5928 5932
f 5928 5927 5934
f 5928 5934 5933
f 5932 5928 5933
f 5935 5932 5933
f 5934 6331 5933
f 692 745 744
f 745 697 744
f 697 676 744
f 697 659 676
f 5927 5931 5934
f 5931 6108 5945
f 5931 5945 6317
f 5934 5931 6317
f 6331 5934 6317
f 5945 5944 6317
f 778 779 745
f 778 745 692
f 697 745 780
f 780 745 779
f 5945 6108 5941
f 5941 6108 5938
f 5941 5943 5944
f 5941 5944 5945
f 848 849 779
f 848 779 778
f 780 779 855
f 855 779 849
f 5941 5938 5940
f 5940 5938 5939
f 5940 7855 5943
f 5940 5943 5941
f 3670 849 848
f 3670 3666 849
f 3666 855 849
f 3666 3668 855
f 5947 3640 3638
f 5947 3638 5939
f 5939 3638 5940
f 3638 3642 5940
f 3642 5942 5940
f 5940 5942 7855
f 3667 3668 3666
f 3667 3666 3665
f 3665 3656 3667
f 3667 3656 3702
f 3641 3824 3639
f 3641 3639 3640
f 3640 3639 3638
f 3639 3633 3638
f 3633 3634 3638
f 3638 3634 3642
f 3906 3702 3656
f 3906 3656 3655
f 3655 3435 3906
f 3906 3435 3434
f 3920 3852 3838
f 3838 3839 3920
f 3842 3841 3843
f 3876 3578 3843
f 3843 3578 3842
f 3251 3537 3876
f 3537 3578 3876
f 3537 3577 3578
f 3575 3537 3538
f 3575 3577 3537
f 3576 3538 3585
f 3576 3575 3538
f 3589 3639 3824
f 3576 3589 3824
f 3585 3589 3576
f 3639 3589 3633
f 3431 3434 3435
f 3431 3435 3439
f 3430 3439 3328
f 3430 3431 3439
f 3877 3328 3401
f 3877 3430 3328
f 3817 3401 3325
f 3817 3877 3401
f 3436 3325 3809
f 3436 3817 3325
f 3420 3809 3314
f 3420 3436 3809
f 3820 3314 3309
f 3820 3420 3314
f 3320 3309 3313
f 3320 3820 3309
f 3333 3313 3832
f 3333 3320 3313
f 3511 3832 3783
f 3511 3333 3832
f 3607 3783 3816
f 3607 3511 3783
f 3535 3838 3852
f 3607 3535 3852
f 3816 3535 3607
f 3837 3839 3838
f 3535 3837 3838
f 3281 3837 3535
f 3901 3843 3841
f 3837 3901 3841
f 3281 3901 3837
f 3843 3901 3250
f 3843 3250 3876
f 3876 3250 3251
f 6497 6498 6496
f 6646 6502 6496
f 6646 6496 6498
f 6502 6646 1693
f 6852 6502 1693
f 6850 6502 6852
f 6852 1687 6853
f 6851 6852 6853
f 6850 6852 6851
f 1597 6925 6851
f 1597 6851 6853
f 228 230 6925
f 228 6925 1597
f 228 229 230
f 6650 7226 6501
f 7226 6500 6501
f 6501 6500 6497
f 6500 6499 6497
f 6499 6498 6497
f 6498 6499 6646
f 6646 6499 1691
f 6646 1691 1693
f 1687 1599 6853
f 6853 1599 1597
f 1597 1599 1598
f 1600 1596 1598
f 1596 1597 1598
f 1596 228 1597
f 1595 1590 229
f 228 1595 229
f 1596 1595 228
f 1595 1594 1590
f 7197 7196 7232
f 7226 6650 7232
f 7196 7226 7232
f 7223 7226 7196
f 6500 7226 7227
f 7227 7226 7223
f 1596 1600 1643
f 1643 1600 1644
f 1596 1641 1595
f 1596 1643 1641
f 1641 1642 1594
f 1641 1594 1595
f 7195 7194 7196
f 7195 7196 7197
f 7231 7223 7224
f 7223 7194 7224
f 7223 7196 7194
f 7223 7231 7227
f 1644 1669 1643
f 1670 1668 1669
f 1668 1643 1669
f 1668 1641 1643
f 1664 1665 1642
f 1641 1664 1642
f 1668 1664 1641
f 1664 1666 1665
f 7193 7192 7194
f 7193 7194 7195
f 7224 7194 7230
f 7230 7194 7192
f 1780 1726 1724
f 1780 1724 1670
f 1724 1668 1670
f 1724 1725 1668
f 1725 1722 1773
f 1664 1725 1773
f 1668 1725 1664
f 1664 1773 1666
f 7189 7190 7192
f 7189 7192 7193
f 7230 7192 7754
f 7754 7192 7190
f 1724 1726 1721
f 1721 1726 1727
f 1724 1717 1725
f 1724 1721 1717
f 1717 1713 1722
f 1717 1722 1725
f 7188 7191 7190
f 7188 7190 7189
f 7754 7190 7233
f 7233 7190 7191
f 1729 1731 1728
f 1729 1728 1727
f 1728 1721 1727
f 1728 1716 1721
f 1716 1715 1714
f 1717 1716 1714
f 1721 1716 1717
f 1717 1714 1713
f 227 7191 7188
f 1586 7660 226
f 226 7660 227
f 7660 7233 227
f 7233 7191 227
f 1586 7661 7660
f 1744 1800 1791
f 1750 1738 1791
f 1791 1738 1744
f 1738 1750 1731
f 1750 1728 1731
f 1750 1719 1728
f 1719 1720 1718
f 1716 1719 1718
f 1728 1719 1716
f 1716 1718 1715
f 1556 1586 226
f 1551 7661 1586
f 1556 1551 1586
f 1521 1551 1556
f 1522 1521 1510
f 1522 1551 1521
f 1512 1791 1800
f 1522 1512 1800
f 1510 1512 1522
f 1791 1512 1515
f 1791 1515 1750
f 1750 1515 1501
f 1750 1501 1719
f 1719 1501 1720
f 611 580 574
f 565 564 574
f 565 574 580
f 564 565 566
f 568 564 566
f 591 564 568
f 591 595 6057
f 568 595 591
f 595 6147 6291
f 6055 595 6291
f 6057 595 6055
f 6120 6044 6055
f 6120 6055 6291
f 6041 6043 6044
f 6041 6044 6120
f 6041 6042 6043
f 613 579 580
f 613 580 611
f 567 565 578
f 565 579 578
f 565 580 579
f 565 567 566
f 6147 6034 6291
f 6291 6034 6120
f 6120 6034 6038
f 6120 6038 6041
f 6041 6038 6040
f 6041 6040 6042
f 6040 6220 6042
f 6040 6074 6220
f 6220 6075 6068
f 6074 6075 6220
f 6068 6086 6078
f 6075 6086 6068
f 6086 6231 6230
f 6079 6086 6230
f 6078 6086 6079
f 6230 6232 6079
f 623 619 618
f 619 615 618
f 618 615 613
f 615 614 613
f 614 579 613
f 579 614 578
f 6231 6279 6230
f 6230 6279 6232
f 6279 5818 6232
f 6279 5874 5818
f 5818 5814 5816
f 5874 5814 5818
f 5816 5815 5817
f 5814 5815 5816
f 5815 6329 5837
f 5820 5815 5837
f 5817 5815 5820
f 5823 5822 5820
f 5823 5820 5837
f 5823 5877 5822
f 621 620 619
f 623 621 619
f 657 621 623
f 619 620 615
f 6329 6237 5837
f 5837 6237 5823
f 5823 6237 6326
f 6326 6327 6341
f 6326 6341 6267
f 5823 6326 6267
f 5877 5823 6267
f 5930 5936 6267
f 5930 6267 6341
f 5930 5929 5936
f 659 664 660
f 664 646 660
f 646 657 660
f 646 621 657
f 6327 6345 6341
f 5921 6145 6345
f 6145 6341 6345
f 6145 5930 6341
f 5926 5928 5929
f 5930 5926 5929
f 6145 5926 5930
f 5926 5927 5928
f 696 670 664
f 659 696 664
f 697 696 659
f 664 670 646
f 5921 5905 6145
f 5907 5922 5905
f 5922 6145 5905
f 5922 5926 6145
f 5925 5931 5927
f 5926 5925 5927
f 5922 5925 5926
f 5925 6108 5931
f 780 696 697
f 780 810 696
f 5922 5907 5923
f 5923 5907 6146
f 5922 5924 5925
f 5922 5923 5924
f 5924 5938 6108
f 5924 6108 5925
f 855 859 860
f 810 855 860
f 780 855 810
f 859 834 860
f 5923 6146 5946
f 5946 6146 6139
f 5923 5937 5924
f 5923 5946 5937
f 5937 5939 5938
f 5937 5938 5924
f 3668 3669 859
f 3668 859 855
f 834 859 858
f 858 859 3669
f 5946 6139 3588
f 3588 6139 3582
f 3588 3640 5947
f 5937 3588 5947
f 5946 3588 5937
f 5937 5947 5939
f 3667 3669 3668
f 3703 3676 3702
f 3702 3676 3667
f 3676 858 3667
f 858 3669 3667
f 3703 3678 3676
f 3587 233 3579
f 3580 3581 3579
f 3579 3581 3587
f 3581 3580 3582
f 3582 3580 3588
f 3580 3824 3588
f 3824 3641 3588
f 3588 3641 3640
f 3906 3703 3702
f 3432 3530 3434
f 3434 3530 3906
f 3530 3678 3906
f 3678 3703 3906
f 3432 3433 3530
f 3815 3359 3412
f 3512 3513 3412
f 3412 3513 3815
f 3527 3514 3512
f 3512 3514 3513
f 3852 3920 3527
f 3920 3514 3527
f 3920 3520 3514
f 3840 3846 3839
f 3846 3920 3839
f 3846 3520 3920
f 3841 3842 3840
f 3842 3846 3840
f 3842 3909 3846
f 3867 3842 3578
f 3867 3909 3842
f 232 3578 3577
f 232 3867 3578
f 3575 3579 233
f 232 3575 233
f 3577 3575 232
f 3579 3575 3576
f 3579 3576 3580
f 3580 3576 3824
f 3431 3432 3434
f 3429 3433 3432
f 3431 3429 3432
f 3430 3429 3431
f 3426 3430 3877
f 3426 3429 3430
f 3424 3877 3817
f 3424 3426 3877
f 3423 3817 3436
f 3423 3424 3817
f 3419 3436 3420
f 3419 3423 3436
f 3416 3420 3820
f 3416 3419 3420
f 3357 3820 3320
f 3357 3416 3820
f 3333 3412 3359
f 3357 3333 3359
f 3320 3333 3357
f 3412 3333 3511
f 3412 3511 3512
f 3512 3511 3607
f 3512 3607 3527
f 3527 3607 3852
f 3837 3840 3839
f 3840 3837 3841
f 1693 1686 6852
f 1686 1687 6852
f 6500 7228 6499
f 1689 1691 6499
f 1689 6499 7228
f 1686 1693 1691
f 1689 1686 1691
f 1683 1686 1689
f 1634 1599 1687
f 1686 1634 1687
f 1683 1634 1686
f 1633 1598 1599
f 1633 1599 1634
f 1633 1600 1598
f 7227 7675 7228
f 7227 7228 6500
f 7228 1690 1689
f 7228 7675 1690
f 1689 1680 1683
f 1689 1690 1680
f 1683 1663 1634
f 1683 1680 1663
f 1634 1647 1633
f 1634 1663 1647
f 1647 1644 1600
f 1647 1600 1633
f 7224 7730 7231
f 7675 7227 7231
f 7730 7675 7231
f 1700 7675 7730
f 1692 1690 1697
f 1690 1700 1697
f 1690 7675 1700
f 1690 1692 1680
f 1680 1692 1681
f 1682 1674 1681
f 1674 1680 1681
f 1674 1663 1680
f 1663 1673 1647
f 1663 1674 1673
f 1671 1669 1644
f 1647 1671 1644
f 1673 1671 1647
f 1671 1670 1669
f 7230 7773 7730
f 7230 7730 7224
f 1698 1700 7796
f 1700 7773 7796
f 1700 7730 7773
f 1700 1698 1697
f 1674 1682 1734
f 1734 1682 1784
f 1674 1735 1673
f 1674 1734 1735
f 1735 1726 1780
f 1671 1735 1780
f 1673 1735 1671
f 1671 1780 1670
f 7754 7818 7773
f 7754 7773 7230
f 7796 7773 7797
f 7797 7773 7818
f 1785 1786 1736
f 1785 1736 1784
f 1736 1734 1784
f 1736 1733 1734
f 1734 1730 1735
f 1734 1733 1730
f 1730 1727 1726
f 1730 1726 1735
f 7233 7663 7818
f 7233 7818 7754
f 7797 7818 1798
f 7818 1799 1798
f 7818 7663 1799
f 1739 1787 1799
f 1799 1787 1798
f 1787 1739 1786
f 1739 1736 1786
f 1739 1737 1736
f 1736 1732 1733
f 1736 1737 1732
f 1732 1731 1729
f 1730 1732 1729
f 1733 1732 1730
f 1730 1729 1727
f 7660 7663 7233
f 7663 7660 7661
f 1805 7663 7661
f 1799 7663 1805
f 1799 1749 1739
f 1799 1805 1749
f 1749 1800 1744
f 1737 1749 1744
f 1739 1749 1737
f 1737 1744 1738
f 1737 1738 1732
f 1732 1738 1731
f 7661 1551 1805
f 1805 1551 1522
f 1805 1522 1749
f 1749 1522 1800
f 566 569 568
f 593 595 568
f 593 568 569
f 593 6147 595
f 578 572 567
f 572 570 567
f 567 570 566
f 570 571 566
f 571 569 566
f 569 571 593
f 593 571 594
f 593 594 6147
f 594 6034 6147
f 594 6033 6034
f 6034 6035 6038
f 6033 6035 6034
f 6038 6039 6040
f 6035 6039 6038
f 6040 6069 6074
f 6039 6069 6040
f 6069 6103 6076
f 6075 6069 6076
f 6074 6069 6075
f 6123 6086 6075
f 6123 6075 6076
f 6123 6231 6086
f 615 616 614
f 616 581 614
f 614 581 578
f 581 573 578
f 573 572 578
f 572 573 570
f 6103 6222 6076
f 6076 6222 6123
f 6123 6222 6134
f 6123 6134 6231
f 6134 6279 6231
f 6134 6135 6279
f 6279 5835 5874
f 6135 5835 6279
f 5835 5880 5834
f 5814 5835 5834
f 5874 5835 5814
f 5833 5815 5814
f 5833 5814 5834
f 5833 6329 5815
f 621 626 620
f 626 625 620
f 620 625 615
f 625 622 615
f 622 616 615
f 616 622 581
f 5880 5839 5834
f 5834 5839 5833
f 5833 5839 5840
f 5833 5840 6329
f 5840 6237 6329
f 5840 5918 6237
f 5918 6309 6310
f 6326 5918 6310
f 6237 5918 6326
f 6310 6327 6326
f 628 627 626
f 621 628 626
f 646 628 621
f 626 627 625
f 6309 5909 6310
f 5909 5902 5904
f 5909 5904 6345
f 6310 5909 6345
f 6327 6310 6345
f 5904 5921 6345
f 696 675 670
f 675 663 670
f 663 646 670
f 663 628 646
f 5902 5903 5904
f 5903 5908 5906
f 5903 5906 5905
f 5904 5903 5905
f 5921 5904 5905
f 5906 5907 5905
f 810 811 675
f 810 675 696
f 663 675 795
f 795 675 811
f 5906 5908 6323
f 6323 5908 6142
f 6323 6146 5907
f 6323 5907 5906
f 860 811 810
f 860 834 811
f 834 795 811
f 834 828 795
f 6323 6142 6140
f 6140 6142 6141
f 6140 6139 6146
f 6140 6146 6323
f 858 828 834
f 858 856 828
f 6243 3871 3584
f 6243 3584 6141
f 3584 6140 6141
f 3584 3583 6140
f 3583 3582 6139
f 3583 6139 6140
f 3677 856 858
f 3677 858 3676
f 3676 3678 3677
f 3677 3678 3679
f 3870 3924 3868
f 231 3869 3868
f 3868 3869 3870
f 3869 231 3871
f 3871 231 3584
f 231 233 3584
f 233 3587 3584
f 3584 3587 3581
f 3584 3581 3583
f 3583 3581 3582
f 3680 3679 3678
f 3680 3678 3530
f 3445 3941 3433
f 3941 3530 3433
f 3941 3680 3530
f 3445 3884 3941
f 3437 3421 3417
f 3415 3418 3417
f 3417 3418 3437
f 3414 3438 3415
f 3415 3438 3418
f 3359 3815 3414
f 3815 3438 3414
f 3815 3923 3438
f 3516 3815 3513
f 3516 3923 3815
f 3515 3513 3514
f 3515 3516 3513
f 3517 3514 3520
f 3517 3515 3514
f 3519 3520 3846
f 3519 3517 3520
f 3524 3846 3909
f 3524 3519 3846
f 3867 3868 3924
f 3524 3867 3924
f 3909 3867 3524
f 3868 3867 232
f 3868 232 231
f 231 232 233
f 3429 3445 3433
f 3428 3884 3445
f 3429 3428 3445
f 3426 3428 3429
f 3425 3426 3424
f 3425 3428 3426
f 3422 3424 3423
f 3422 3425 3424
f 3419 3417 3421
f 3422 3419 3421
f 3423 3419 3422
f 3417 3419 3416
f 3417 3416 3415
f 3415 3416 3357
f 3415 3357 3414
f 3414 3357 3359
f 1697 1695 1692
f 1684 1681 1692
f 1684 1692 1695
f 1684 1682 1681
f 7796 1699 1698
f 1695 1697 1698
f 1699 1695 1698
f 1803 1695 1699
f 1695 1789 1684
f 1695 1803 1789
f 1789 1784 1682
f 1789 1682 1684
f 7797 1795 1699
f 7797 1699 7796
f 1699 1788 1803
f 1699 1795 1788
f 1788 1786 1785
f 1789 1788 1785
f 1803 1788 1789
f 1789 1785 1784
f 1798 1795 7797
f 1795 1798 1787
f 1795 1787 1788
f 1788 1787 1786
f 570 585 571
f 588 594 571
f 588 571 585
f 6028 6033 594
f 6028 594 588
f 6037 6035 6033
f 6037 6033 6028
f 6328 6039 6035
f 6328 6035 6037
f 6070 6069 6039
f 6070 6039 6328
f 6070 6103 6069
f 581 589 573
f 589 587 573
f 573 587 570
f 587 586 570
f 586 585 570
f 585 586 588
f 588 586 596
f 588 596 6028
f 6028 596 6026
f 6028 6026 6037
f 6037 6026 6027
f 6037 6027 6328
f 6328 6027 6261
f 6328 6261 6070
f 6070 6261 6344
f 6070 6344 6103
f 6344 6222 6103
f 6344 6131 6222
f 6222 6130 6134
f 6131 6130 6222
f 6134 6132 6135
f 6130 6132 6134
f 6132 6133 6299
f 5835 6132 6299
f 6135 6132 5835
f 6299 5880 5835
f 625 638 622
f 638 601 622
f 622 601 581
f 601 590 581
f 590 589 581
f 589 590 587
f 6133 5843 6299
f 6299 5843 5880
f 5843 5839 5880
f 5843 5841 5839
f 5841 5980 5842
f 5840 5841 5842
f 5839 5841 5840
f 5878 5918 5840
f 5878 5840 5842
f 5878 6309 5918
f 628 644 627
f 644 635 627
f 627 635 625
f 635 636 625
f 636 638 625
f 638 636 601
f 5980 5884 5842
f 5885 5881 5884
f 5881 5842 5884
f 5881 5878 5842
f 5882 5909 6309
f 5878 5882 6309
f 5881 5882 5878
f 5882 5902 5909
f 665 643 644
f 628 665 644
f 663 665 628
f 644 643 635
f 5885 5917 5881
f 5891 5900 5917
f 5900 5881 5917
f 5900 5882 5881
f 5901 5903 5902
f 5882 5901 5902
f 5900 5901 5882
f 5901 5908 5903
f 795 665 663
f 795 794 665
f 5900 5891 5912
f 5912 5891 5911
f 5900 6241 5901
f 5900 5912 6241
f 6241 6142 5908
f 6241 5908 5901
f 828 794 795
f 828 827 794
f 5912 5911 5913
f 5913 5911 5914
f 5912 5916 6241
f 5912 5913 5916
f 5916 6141 6142
f 5916 6142 6241
f 856 857 851
f 827 856 851
f 828 856 827
f 857 830 851
f 5915 3542 3830
f 5915 3830 5914
f 3830 5913 5914
f 3830 3872 5913
f 3872 3871 6243
f 5916 3872 6243
f 5913 3872 5916
f 5916 6243 6141
f 3677 857 856
f 3677 3679 857
f 3679 830 857
f 3679 3682 830
f 3525 3522 3523
f 3593 3526 3523
f 3523 3526 3525
f 3526 3593 3542
f 3542 3593 3830
f 3593 3924 3830
f 3924 3870 3830
f 3830 3870 3869
f 3830 3869 3872
f 3872 3869 3871
f 3681 3682 3679
f 3681 3679 3680
f 3701 3680 3941
f 3701 3681 3680
f 3448 3697 3884
f 3697 3941 3884
f 3697 3701 3941
f 3574 3894 3448
f 3448 3894 3697
f 3427 3864 3574
f 3574 3864 3894
f 3421 3437 3427
f 3437 3864 3427
f 3437 3907 3864
f 3921 3437 3418
f 3921 3907 3437
f 3786 3418 3438
f 3786 3921 3418
f 3561 3438 3923
f 3561 3786 3438
f 3825 3923 3516
f 3825 3561 3923
f 3521 3516 3515
f 3521 3825 3516
f 3518 3515 3517
f 3518 3521 3515
f 3519 3523 3522
f 3518 3519 3522
f 3517 3519 3518
f 3523 3519 3524
f 3523 3524 3593
f 3593 3524 3924
f 3428 3448 3884
f 3448 3428 3425
f 3448 3425 3574
f 3574 3425 3422
f 3574 3422 3427
f 3427 3422 3421
f 587 6032 586
f 6030 596 586
f 6030 586 6032
f 596 6030 6029
f 6025 596 6029
f 6026 596 6025
f 6026 6024 6027
f 6025 6024 6026
f 6027 6127 6261
f 6024 6127 6027
f 6261 6287 6344
f 6127 6287 6261
f 6287 6346 6136
f 6131 6287 6136
f 6344 6287 6131
f 6128 6130 6131
f 6128 6131 6136
f 6129 6132 6130
f 6129 6130 6128
f 6129 6133 6132
f 601 6294 590
f 6294 6293 590
f 590 6293 587
f 6293 6138 587
f 6138 6032 587
f 6032 6138 6030
f 6030 6138 6031
f 6030 6031 6029
f 6346 6106 6136
f 6136 6106 6128
f 6128 6106 5953
f 6128 5953 6129
f 6129 5953 6191
f 6191 5898 5897
f 6191 5897 5843
f 6129 6191 5843
f 6133 6129 5843
f 6304 5841 5843
f 6304 5843 5897
f 6304 5980 5841
f 635 637 636
f 637 640 636
f 636 640 601
f 640 6295 601
f 6295 6294 601
f 6294 6295 6293
f 5898 5895 5897
f 5894 5889 5895
f 5889 5897 5895
f 5889 6304 5897
f 5886 5884 5980
f 6304 5886 5980
f 5889 5886 6304
f 5886 5885 5884
f 665 661 643
f 661 641 643
f 643 641 635
f 641 639 635
f 639 637 635
f 637 639 640
f 5894 5892 5889
f 5893 5888 5892
f 5888 5889 5892
f 5888 5886 5889
f 5887 5917 5885
f 5886 5887 5885
f 5888 5887 5886
f 5887 5891 5917
f 794 784 661
f 794 661 665
f 641 661 762
f 762 661 784
f 5888 5893 5899
f 5899 5893 6244
f 5888 5890 5887
f 5888 5899 5890
f 5890 5911 5891
f 5890 5891 5887
f 827 820 784
f 827 784 794
f 762 784 799
f 799 784 820
f 5899 6244 6245
f 6245 6244 6246
f 5899 6264 5890
f 5899 6245 6264
f 6264 5914 5911
f 6264 5911 5890
f 851 820 827
f 851 830 820
f 830 799 820
f 830 829 799
f 6245 6246 3541
f 3541 6246 236
f 3541 3542 5915
f 6264 3541 5915
f 6245 3541 6264
f 6264 5915 5914
f 3682 829 830
f 3682 3683 829
f 3548 3935 3912
f 3529 3528 3912
f 3912 3528 3548
f 3522 3525 3529
f 3525 3528 3529
f 3525 235 3528
f 3526 3541 236
f 235 3526 236
f 3525 3526 235
f 3541 3526 3542
f 3700 3683 3682
f 3700 3682 3681
f 3699 3681 3701
f 3699 3700 3681
f 3693 3701 3697
f 3693 3699 3701
f 3695 3697 3894
f 3695 3693 3697
f 3944 3894 3864
f 3944 3695 3894
f 3568 3864 3907
f 3568 3944 3864
f 3562 3907 3921
f 3562 3568 3907
f 3559 3921 3786
f 3559 3562 3921
f 3557 3786 3561
f 3557 3559 3786
f 3560 3561 3825
f 3560 3557 3561
f 3521 3912 3935
f 3560 3521 3935
f 3825 3521 3560
f 3912 3521 3518
f 3912 3518 3529
f 3529 3518 3522
f 6029 6100 6025
f 6021 6024 6025
f 6021 6025 6100
f 6022 6127 6024
f 6022 6024 6021
f 6073 6287 6127
f 6073 6127 6022
f 6073 6346 6287
f 6293 6305 6138
f 6320 6031 6138
f 6320 6138 6305
f 6320 6144 6031
f 6031 6144 6029
f 6144 6019 6029
f 6019 6100 6029
f 6100 6019 6021
f 6021 6019 6020
f 6021 6020 6022
f 6022 6020 6023
f 6022 6023 6073
f 6073 6023 6122
f 6122 6339 6260
f 6122 6260 6106
f 6073 6122 6106
f 6346 6073 6106
f 5952 5953 6106
f 5952 6106 6260
f 5950 6191 5953
f 5950 5953 5952
f 5950 5898 6191
f 640 6306 6295
f 6305 6293 6295
f 6306 6305 6295
f 6307 6305 6306
f 6036 6320 6334
f 6320 6307 6334
f 6320 6305 6307
f 6320 6036 6144
f 6339 6110 6260
f 6260 6110 5952
f 5952 6110 5954
f 5955 5951 5954
f 5951 5952 5954
f 5951 5950 5952
f 5896 5895 5898
f 5950 5896 5898
f 5951 5896 5950
f 5896 5894 5895
f 641 645 639
f 645 642 639
f 639 642 640
f 642 6009 640
f 6009 6306 640
f 6306 6009 6307
f 6307 6009 6338
f 6307 6338 6334
f 5955 6187 5951
f 6325 6107 6187
f 6107 5951 6187
f 6107 5896 5951
f 6137 5892 5894
f 5896 6137 5894
f 6107 6137 5896
f 6137 5893 5892
f 703 671 645
f 641 703 645
f 762 703 641
f 645 671 642
f 6107 6325 6249
f 6249 6325 6251
f 6107 6292 6137
f 6107 6249 6292
f 6292 6244 5893
f 6292 5893 6137
f 799 703 762
f 799 800 703
f 6249 6251 6248
f 6248 6251 6250
f 6249 6247 6292
f 6249 6248 6247
f 6247 6246 6244
f 6247 6244 6292
f 829 832 831
f 800 829 831
f 799 829 800
f 832 833 831
f 6248 6250 3531
f 3531 6250 3539
f 6248 234 6247
f 6248 3531 234
f 234 236 6246
f 234 6246 6247
f 3683 3684 832
f 3683 832 829
f 833 832 866
f 866 832 3684
f 3554 3556 3555
f 3572 3549 3555
f 3555 3549 3554
f 3935 3548 3572
f 3548 3549 3572
f 3548 3547 3549
f 3528 3531 3539
f 3547 3528 3539
f 3548 3528 3547
f 3531 3528 235
f 3531 235 234
f 234 235 236
f 3700 3684 3683
f 3685 866 3684
f 3700 3685 3684
f 3699 3685 3700
f 3687 3685 3692
f 3685 3693 3692
f 3685 3699 3693
f 3695 3694 3693
f 3693 3694 3692
f 3944 3696 3695
f 3695 3696 3694
f 3696 3944 3719
f 3944 3567 3719
f 3944 3568 3567
f 3563 3568 3562
f 3563 3567 3568
f 3558 3562 3559
f 3558 3563 3562
f 3557 3555 3556
f 3558 3557 3556
f 3559 3557 3558
f 3555 3557 3560
f 3555 3560 3572
f 3572 3560 3935
f 3919 3687 3692
f 3919 3692 3694
f 3919 3694 3698
f 3698 3694 3696
f 3698 3696 3704
f 3704 3696 3719
f 6144 6017 6019
f 6018 6020 6019
f 6018 6019 6017
f 6340 6023 6020
f 6340 6020 6018
f 6125 6122 6023
f 6125 6023 6340
f 6125 6339 6122
f 6334 6016 6036
f 6017 6144 6036
f 6016 6017 6036
f 6000 6017 6016
f 6014 6018 6335
f 6018 6000 6335
f 6018 6017 6000
f 6018 6014 6340
f 6340 6014 6011
f 6010 5984 6011
f 5984 6340 6011
f 5984 6125 6340
f 5982 6110 6339
f 6125 5982 6339
f 5984 5982 6125
f 5956 5954 6110
f 5956 6110 5982
f 5956 5955 5954
f 642 6007 6009
f 6006 6338 6009
f 6006 6009 6007
f 6006 6008 6338
f 6338 6008 6334
f 6008 5999 6334
f 5999 6016 6334
f 6016 5999 6000
f 6000 5999 5998
f 6000 5998 6335
f 6010 6105 5984
f 6315 5983 6105
f 5983 5984 6105
f 5983 5982 5984
f 5982 5981 5956
f 5982 5983 5981
f 5957 6187 5955
f 5956 5957 5955
f 5981 5957 5956
f 5957 6325 6187
f 703 673 671
f 673 672 671
f 671 672 642
f 672 6005 642
f 6005 6007 642
f 6007 6005 6006
f 6006 6005 6004
f 6006 6004 6008
f 6315 5986 5983
f 5987 5985 5986
f 5985 5983 5986
f 5985 5981 5983
f 5981 6124 5957
f 5981 5985 6124
f 6124 6251 6325
f 6124 6325 5957
f 800 814 673
f 800 673 703
f 672 673 809
f 809 673 814
f 5985 5987 6102
f 6102 5987 6071
f 5985 6302 6124
f 5985 6102 6302
f 6302 6250 6251
f 6302 6251 6124
f 831 814 800
f 831 833 814
f 833 809 814
f 833 841 809
f 6102 6071 3550
f 3550 6071 3552
f 6102 3551 6302
f 6102 3550 3551
f 3551 3539 6250
f 3551 6250 6302
f 866 841 833
f 866 867 841
f 3553 3608 3554
f 3554 3608 3556
f 3549 3550 3552
f 3553 3549 3552
f 3554 3549 3553
f 3550 3549 3547
f 3550 3547 3551
f 3551 3547 3539
f 3686 867 866
f 3686 866 3685
f 3685 3687 3686
f 3686 3687 3688
f 3569 3914 3567
f 3567 3914 3719
f 3565 3567 3563
f 3565 3569 3567
f 3564 3563 3558
f 3564 3565 3563
f 3558 3556 3608
f 3558 3608 3564
f 3691 3688 3687
f 3691 3687 3919
f 3706 3919 3698
f 3706 3691 3919
f 3705 3698 3704
f 3705 3706 3698
f 3704 3719 3914
f 3704 3914 3705
f 6335 5994 6014
f 5993 6011 6014
f 5993 6014 5994
f 5993 6010 6011
f 6008 6001 5999
f 5996 5998 5999
f 5996 5999 6001
f 5994 6335 5998
f 5996 5994 5998
f 5995 5994 5996
f 5994 5992 5993
f 5994 5995 5992
f 5991 6105 6010
f 5993 5991 6010
f 5992 5991 5993
f 5991 6315 6105
f 672 835 6005
f 6003 6004 6005
f 6003 6005 835
f 6001 6008 6004
f 6003 6001 6004
f 6002 6001 6003
f 239 5996 237
f 5996 6002 237
f 5996 6001 6002
f 5996 239 5995
f 5995 239 5997
f 6312 6013 5997
f 6013 5995 5997
f 6013 5992 5995
f 5992 5990 5991
f 5992 6013 5990
f 5988 5986 6315
f 5991 5988 6315
f 5990 5988 5991
f 5988 5987 5986
f 809 836 835
f 809 835 672
f 6012 6003 880
f 6003 836 880
f 6003 835 836
f 6003 6012 6002
f 6002 6012 6332
f 6002 6332 237
f 6312 6092 6013
f 6089 6308 6092
f 6308 6013 6092
f 6308 5990 6013
f 5990 5989 5988
f 5990 6308 5989
f 5989 6071 5987
f 5989 5987 5988
f 841 842 836
f 841 836 809
f 880 836 869
f 869 836 842
f 6308 6089 6087
f 6087 6089 6088
f 6308 6072 5989
f 6308 6087 6072
f 6072 3552 6071
f 6072 6071 5989
f 867 868 842
f 867 842 841
f 869 842 883
f 883 842 868
f 6104 6099 3566
f 6104 3566 6088
f 3566 6087 6088
f 3566 3570 6087
f 3570 3608 3553
f 6072 3570 3553
f 6087 3570 6072
f 6072 3553 3552
f 3686 868 867
f 3690 3689 3688
f 3688 3689 3686
f 3689 883 3686
f 883 868 3686
f 3690 909 3689
f 3711 3914 3569
f 6099 3885 3566
f 3885 3569 3566
f 3569 3565 3566
f 3569 3885 3711
f 3566 3565 3564
f 3566 3564 3570
f 3570 3564 3608
f 3691 3690 3688
f 3931 909 3690
f 3691 3931 3690
f 3706 3931 3691
f 3707 3706 3705
f 3707 3931 3706
f 3705 3914 3711
f 3708 3705 3711
f 3707 3705 3708
f 3708 3711 3885
f 237 238 239
f 6015 5997 239
f 6015 239 238
f 6015 6312 5997
f 880 881 6012
f 6098 6332 6012
f 6098 6012 881
f 238 237 6332
f 6098 238 6332
f 6101 238 6098
f 238 6093 6015
f 238 6101 6093
f 6091 6092 6312
f 6015 6091 6312
f 6093 6091 6015
f 6091 6089 6092
f 869 882 881
f 869 881 880
f 881 897 6098
f 881 882 897
f 6098 6096 6101
f 6098 897 6096
f 6101 6094 6093
f 6101 6096 6094
f 6093 6090 6091
f 6093 6094 6090
f 6090 6088 6089
f 6090 6089 6091
f 883 895 882
f 883 882 869
f 882 907 897
f 882 895 907
f 897 6097 6096
f 897 907 6097
f 6096 6095 6094
f 6096 6097 6095
f 6095 6099 6104
f 6090 6095 6104
f 6094 6095 6090
f 6090 6104 6088
f 3689 895 883
f 895 3689 909
f 908 895 909
f 907 895 908
f 907 3709 6097
f 907 908 3709
f 6097 3710 6095
f 6097 3709 3710
f 3710 3885 6099
f 3710 6099 6095
f 3931 908 909
f 908 3931 3707
f 908 3707 3709
f 3709 3707 3708
f 3709 3708 3710
f 3710 3708 3885

