# https://github.com/mikedh/trimesh
v 0.03833775 0.03677877 0.00028777
v 0.03833807 0.03674740 0.00029144
v 0.03833669 0.03674975 0.00028110
v 0.02987709 0.00878175 -0.01896666
v 0.02989117 0.00877951 -0.01896200
v 0.02987575 0.00873771 -0.01896759
v 0.03892789 0.02371569 0.00335914
v 0.03892906 0.02371037 0.00338336
v 0.03892951 0.02365409 0.00336968
v 0.03844730 0.02678345 0.00853682
v 0.03844711 0.02675022 0.00853893
v 0.03845009 0.02675221 0.00852850
v 0.03799491 0.04811022 0.00525099
v 0.03799506 0.04802889 0.00525819
v 0.03799595 0.04803435 0.00523243
v 0.03681525 0.00360415 0.01198099
v 0.03681479 0.00356654 0.01198251
v 0.03682560 0.00356841 0.01196939
v 0.03097124 0.04130063 -0.01786111
v 0.03099984 0.04137123 -0.01785241
v 0.03099766 0.04129670 -0.01785365
v 0.03709998 0.05978216 0.00831894
v 0.03710052 0.05976830 0.00832192
v 0.03710243 0.05976958 0.00831521
v 0.02521535 -0.00716097 -0.01930944
v 0.02522625 -0.00716206 -0.01930884
v 0.02521489 -0.00717857 -0.01930952
v 0.03563886 0.03854625 0.01218121
v 0.03563838 0.03853365 0.01218063
v 0.03564236 0.03853403 0.01217725
v 0.03578751 0.04685401 0.01200001
v 0.03578553 0.04677281 0.01199999
v 0.03581032 0.04677608 0.01197465
v 0.02900600 0.05393626 -0.01852545
v 0.02902929 0.05404876 -0.01850513
v 0.02902173 0.05393398 -0.01852126
v 0.02220680 -0.04592986 -0.01921360
v 0.02221383 -0.04592336 -0.01921408
v 0.02221374 -0.04593043 -0.01921380
v 0.03394615 0.06765803 0.01111519
v 0.03393390 0.06765569 0.01113111
v 0.03394779 0.06763672 0.01112251
v 0.02666055 0.07479962 -0.00000227
v 0.02666767 0.07479717 -0.00000492
v 0.02665550 0.07480137 -0.00001949
v 0.02013462 -0.05720144 -0.00415074
v 0.02011171 -0.05722338 -0.00422644
v 0.02014096 -0.05718583 -0.00422588
v 0.01680123 -0.00217545 -0.01995488
v 0.01683390 -0.00217896 -0.01995192
v 0.01680049 -0.00222499 -0.01995331
v 0.02442954 -0.03931280 0.01592949
v 0.02442152 -0.03931241 0.01593096
v 0.02441942 -0.03933914 0.01592608
v 0.01376376 -0.05918311 -0.01142334
v 0.01377614 -0.05918675 -0.01141149
v 0.01376579 -0.05921063 -0.01141424
v 0.01099105 -0.06887795 -0.01294722
v 0.01099997 -0.06888040 -0.01293948
v 0.01099168 -0.06890451 -0.01294288
v 0.01204969 -0.05153935 -0.01761973
v 0.01211467 -0.05151307 -0.01763224
v 0.01212042 -0.05154767 -0.01760995
v 0.02165016 -0.04900838 0.01441180
v 0.02158965 -0.04900489 0.01442034
v 0.02164514 -0.04903509 0.01439700
v 0.00978907 0.05181405 -0.01989313
v 0.00982496 0.05181015 -0.01988968
v 0.00978880 0.05176518 -0.01989002
v 0.01832997 0.07608301 0.00699525
v 0.01840070 0.07607633 0.00697315
v 0.01832329 0.07608325 0.00697266
v 0.00618632 -0.01363063 -0.01963450
v 0.00624249 -0.01363461 -0.01963892
v 0.00618599 -0.01367408 -0.01963204
v 0.01783354 0.01227686 0.01743187
v 0.01777799 0.01228069 0.01743677
v 0.01777540 0.01221373 0.01743353
v 0.01048777 -0.09036371 0.00123082
v 0.01048635 -0.09037254 0.00127247
v 0.01049325 -0.09043562 0.00125529
v 0.00529567 -0.08132711 -0.01001782
v 0.00530563 -0.08132958 -0.01001042
v 0.00529780 -0.08133657 -0.01000983
v 0.00438507 0.00095194 -0.01987144
v 0.00441235 0.00094997 -0.01987344
v 0.00438453 0.00092600 -0.01987115
v 0.00843613 -0.08338955 0.00782904
v 0.00842622 -0.08347828 0.00780286
v 0.00844606 -0.08338821 0.00781878
v 0.00152171 -0.06928731 -0.01671738
v 0.00155289 -0.06929120 -0.01671200
v 0.00152283 -0.06932212 -0.01671073
v 0.00258175 0.01553623 -0.02011555
v 0.00262081 0.01553362 -0.02011938
v 0.00257999 0.01549103 -0.02011780
v 0.00809049 -0.08728324 0.00698061
v 0.00808496 -0.08728391 0.00698602
v 0.00808731 -0.08733165 0.00697385
v -0.00036345 -0.07553927 -0.01552288
v -0.00036194 -0.07553849 -0.01552313
v 0.00180088 -0.07579009 -0.01523786
v -0.00036359 -0.07553828 -0.01552342
v 0.00165749 -0.07358070 -0.01590470
v -0.00059361 -0.06489563 -0.01717759
v -0.00057487 -0.06489776 -0.01717535
v -0.00059500 -0.06493676 -0.01717890
v 0.00863615 -0.07247949 0.01466301
v 0.00863245 -0.07255586 0.01465678
v 0.00865457 -0.07255413 0.01463971
v 0.01124670 0.07517255 0.00455463
v 0.01132159 0.07517576 0.00453370
v 0.01131603 0.07517498 0.00451496
v -0.00230440 -0.07576038 -0.01501357
v 0.01029043 -0.04043547 0.01761987
v 0.01025532 -0.04048285 0.01761865
v 0.01028734 -0.04048455 0.01761345
v 0.00990471 0.02310541 0.01806103
v 0.00988224 0.02310682 0.01806366
v 0.00988137 0.02308389 0.01806262
v -0.00067998 0.04859910 -0.01975784
v -0.00065508 0.04859793 -0.01976255
v -0.00068073 0.04858195 -0.01975896
v 0.00851246 -0.03218588 0.01798304
v 0.00850183 -0.03219403 0.01798417
v 0.00851226 -0.03219471 0.01798307
v 0.00733992 0.00277107 0.01818572
v 0.00733721 0.00277127 0.01818588
v 0.00733714 0.00276838 0.01818588
v 0.00942758 0.00468915 0.01804223
v 0.00941335 0.00467284 0.01804243
v 0.00942695 0.00467184 0.01804153
v -0.00325379 0.03455845 -0.02025119
v -0.00325045 0.03455823 -0.02025152
v -0.00325381 0.03455607 -0.02025107
v -0.00457830 -0.03333083 -0.01910516
v -0.00456760 -0.03332223 -0.01910619
v -0.00456745 -0.03333184 -0.01910489
v 0.00351967 0.00915796 0.01869256
v 0.00347237 0.00916056 0.01869979
v 0.00347148 0.00912854 0.01869944
v -0.00428260 0.07147241 -0.01961857
v -0.00425583 0.07147112 -0.01962351
v -0.00425867 0.07144849 -0.01963126
v 0.00065704 -0.02136752 0.01858848
v 0.00061142 -0.02136436 0.01859241
v 0.00060849 -0.02142880 0.01858780
v -0.01152266 -0.07136430 -0.01127453
v -0.01152336 -0.07134246 -0.01127871
v -0.01151094 -0.07136261 -0.01128716
v -0.01177869 -0.07896802 -0.00445883
v -0.01178570 -0.07894843 -0.00448413
v -0.01176708 -0.07896175 -0.00449273
v -0.01481680 0.04742915 -0.01808446
v -0.01478470 0.04742679 -0.01808658
v -0.01481696 0.04740335 -0.01808287
v -0.00805637 -0.09405557 0.01642833
v -0.00807397 -0.09405879 0.01645046
v -0.00805602 -0.09410666 0.01643373
v -0.00979489 -0.09203014 0.01743735
v -0.00978489 -0.09207539 0.01747489
v -0.00974657 -0.09206583 0.01741476
v -0.00642997 0.01178956 0.02007215
v -0.00648633 0.01179287 0.02007978
v -0.00648763 0.01174864 0.02007902
v -0.01477928 -0.09376657 0.00777812
v -0.01476790 -0.09366407 0.00780818
v -0.01476317 -0.09366241 0.00779852
v -0.00853836 0.00988863 0.02022578
v -0.00857453 0.00989103 0.02022942
v -0.00857758 0.00983348 0.02022387
v -0.01499407 0.07584872 -0.00691241
v -0.01493375 0.07583978 -0.00693205
v -0.01500294 0.07584808 -0.00694236
v -0.01671317 -0.06278623 -0.00130419
v -0.01671239 -0.06278492 -0.00131058
v -0.01671219 -0.06280269 -0.00130844
v -0.00888518 -0.00028152 0.02001626
v -0.00891362 -0.00030062 0.02001991
v -0.00888586 -0.00030215 0.02001568
v -0.01652269 -0.09796123 0.00941123
v -0.01649213 -0.09795844 0.00938580
v -0.01648912 -0.09797761 0.00939756
v -0.02311471 -0.03395754 -0.01815823
v -0.02307770 -0.03391895 -0.01815967
v -0.02307958 -0.03395967 -0.01816270
v -0.00994290 0.04924510 0.01941715
v -0.01001214 0.04920297 0.01942707
v -0.00994233 0.04919771 0.01942297
v -0.01814900 -0.05366076 0.01413091
v -0.01817948 -0.05364966 0.01414241
v -0.01818656 -0.05365487 0.01411889
v -0.02393214 0.00490366 -0.01711900
v -0.02391159 0.00491732 -0.01712167
v -0.02391134 0.00490195 -0.01711955
v -0.01203412 0.04731546 0.01955889
v -0.01206309 0.04730065 0.01956372
v -0.01203432 0.04729901 0.01955958
v -0.02725700 -0.04403352 -0.01735058
v -0.02914769 -0.04400977 -0.01669143
v -0.02914773 -0.04400899 -0.01669163
v -0.01796338 -0.04282612 0.02095860
v -0.01798655 -0.04282425 0.02095936
v -0.01798791 -0.04285962 0.02095765
v -0.01598066 0.07257159 0.01823122
v -0.01598450 0.07257216 0.01823017
v -0.01598406 0.07257007 0.01823184
v -0.02915111 -0.04400899 -0.01669026
v -0.03101765 -0.04342371 -0.01600847
v -0.03280887 -0.04196949 -0.01513068
v -0.03280928 -0.04194706 -0.01513391
v -0.03277226 -0.04196860 -0.01514982
v -0.02500870 -0.05262650 0.01212786
v -0.02505429 -0.05261835 0.01210861
v -0.02501904 -0.05263750 0.01209379
v -0.02175365 -0.02606444 0.02095006
v -0.02399329 -0.02574990 0.02040360
v -0.02399377 -0.02575079 0.02040353
v -0.02399374 -0.02574985 0.02040353
v -0.02393765 -0.02370609 0.02042499
v -0.03321252 0.02162067 -0.01467547
v -0.03321128 0.02165252 -0.01467391
v -0.03319075 0.02162132 -0.01468737
v -0.02001318 0.03736604 0.02161442
v -0.02005452 0.03729679 0.02160973
v -0.02001529 0.03729256 0.02161334
v -0.02530196 -0.02767029 0.02032078
v -0.03735838 -0.02819571 -0.01048470
v -0.03735878 -0.02813261 -0.01049126
v -0.03735240 -0.02819139 -0.01050725
v -0.03576870 0.00128729 -0.01455879
v -0.03576160 0.00128848 -0.01456721
v -0.03576244 0.00125828 -0.01456758
v -0.02942623 0.07336599 0.00094720
v -0.02942007 0.07336983 0.00094634
v -0.02942249 0.07336757 0.00093833
v -0.03505695 -0.04628419 0.00584386
v -0.03547856 -0.04583716 0.00393833
v -0.03505649 -0.04628477 0.00584548
v -0.03805226 -0.02080357 -0.00638443
v -0.03805265 -0.02079226 -0.00638668
v -0.03805208 -0.02080254 -0.00638932
v -0.03019241 -0.00432791 0.01880617
v -0.03020532 -0.00432507 0.01879827
v -0.03020576 -0.00436821 0.01880034
v -0.03332835 0.07086796 -0.00493457
v -0.03330449 0.07090458 -0.00493267
v -0.03331959 0.07087728 -0.00498148
v -0.03505660 -0.04628459 0.00584556
v -0.03453021 -0.04691866 0.00767762
v -0.03251146 0.00441184 0.01730691
v -0.03252234 0.00441472 0.01729797
v -0.03253082 0.00427869 0.01728048
v -0.02897032 0.04276646 0.01909825
v -0.02898720 0.04273020 0.01909442
v -0.02897057 0.04272740 0.01910063
v -0.03428770 0.07065776 0.00597883
v -0.03425540 0.07069931 0.00597947
v -0.03426722 0.07066380 0.00594239
v -0.03511286 -0.02329343 0.01353136
v -0.03406250 -0.02570840 0.01478303
v -0.03384140 -0.02375475 0.01515588
v -0.03535436 -0.02523980 0.01313301
v -0.03438557 -0.02765278 0.01440879
v -0.03472717 -0.02959671 0.01404003
v -0.03567445 -0.02718425 0.01275788
v -0.03592990 -0.02913028 0.01236365
v -0.03376244 -0.02172997 0.01525621
v -0.03482077 -0.02134829 0.01391477
v -0.03369499 -0.01969564 0.01531685
v -0.03352274 -0.02181705 0.01556297
v -0.03382266 -0.02376200 0.01518189
v -0.03453092 -0.01940310 0.01429883
v -0.03319254 -0.01987284 0.01593510
v -0.03260779 -0.02422873 0.01685468
v -0.03295492 -0.02617252 0.01648755
v -0.03386721 -0.02415098 0.01510120
v -0.03394771 -0.02575682 0.01496114
v -0.03398087 -0.02781962 0.01501882
v -0.03214890 -0.02228765 0.01718876
v -0.03333855 -0.02811543 0.01613122
v -0.03197941 -0.02858567 0.01776135
v -0.03395637 -0.02993029 0.01527543
v -0.03371168 -0.03005859 0.01577178
v -0.03270509 -0.03052025 0.01750615
v -0.03317742 -0.03246100 0.01717604
v -0.03387164 -0.03081897 0.01563517
v -0.03418423 -0.03199934 0.01544173
v -0.03374138 -0.03219913 0.01618935
v -0.03467872 -0.03393954 0.01511817
v -0.03532553 -0.03153439 0.01374719
v -0.03125248 -0.02665112 0.01801618
v -0.03146103 -0.02035215 0.01745514
v -0.03568107 -0.03347799 0.01338255
v -0.03633351 -0.03107270 0.01201322
v -0.03505282 -0.03588268 0.01475902
v -0.03669511 -0.03301614 0.01165037
v -0.03596212 -0.03542339 0.01299588
v -0.03537838 -0.03782700 0.01438552
v -0.03692640 -0.03496276 0.01124899
v -0.03620207 -0.03736979 0.01259706
v -0.03679617 -0.02867203 0.01058778
v -0.03653467 -0.02672615 0.01098023
v -0.03623315 -0.02478125 0.01136084
v -0.03601397 -0.02283434 0.01176580
v -0.03582579 -0.02088667 0.01217992
v -0.03711046 -0.03061663 0.01021094
v -0.03659164 -0.02043087 0.01037437
v -0.03646983 -0.01848159 0.01080812
v -0.03698485 -0.03691358 0.01079651
v -0.00456057 -0.10005278 0.00757833
v -0.00704771 -0.09986627 0.00620683
v -0.00514518 -0.10008209 0.00560352
v -0.00646099 -0.09981305 0.00818679
v -0.00396832 -0.09993656 0.00957185
v -0.00264861 -0.10016131 0.00699811
v -0.00588032 -0.09982847 0.01015198
v -0.00837302 -0.09970526 0.00876686
v -0.00205198 -0.09999536 0.00900232
v -0.00013955 -0.10009853 0.00842324
v -0.00896980 -0.09987297 0.00676227
v -0.00922617 -0.09990034 0.00589746
v -0.01115431 -0.09984474 0.00642731
v -0.01089059 -0.09986487 0.00732089
v -0.00955217 -0.09987676 0.00479295
v -0.01146943 -0.09982857 0.00536020
v -0.00764713 -0.10006395 0.00419580
v -0.00726667 -0.09998196 0.00547580
v -0.00336427 -0.09968626 0.01159420
v -0.00528897 -0.09972260 0.01214327
v -0.00780212 -0.09983187 0.01070813
v -0.00575112 -0.10035391 0.00357654
v -0.00521306 -0.10014173 0.00537888
v -0.00440119 -0.10020853 0.00535748
v -0.00325008 -0.10038226 0.00498206
v -0.00384508 -0.10052973 0.00298183
v -0.00135108 -0.10063818 0.00437013
v -0.00194700 -0.10079609 0.00236765
v 0.00056285 -0.10072430 0.00379472
v -0.00095546 -0.10058612 0.00570389
v -0.00309155 -0.10035788 0.00551624
v 0.00095430 -0.10062645 0.00511059
v -0.00442991 -0.10056156 0.00100647
v -0.00004558 -0.10102442 0.00176164
v -0.00075372 -0.10046384 0.00637614
v -0.00252412 -0.10074017 0.00041117
v -0.00500654 -0.10050010 -0.00094881
v -0.00062909 -0.10104121 -0.00021048
v -0.00310298 -0.10089341 -0.00153401
v -0.00329008 -0.10087635 -0.00153680
v -0.01306425 -0.09956050 0.00588690
v -0.01027695 -0.09950544 0.00936673
v -0.01280065 -0.09973468 0.00790578
v -0.00116176 -0.10095986 -0.00201873
v 0.00128606 -0.10111344 -0.00078290
v -0.00120590 -0.10098185 -0.00216621
v 0.00071416 -0.10099826 -0.00272663
v 0.00073869 -0.10099246 -0.00264414
v 0.00261918 -0.10118564 -0.00332382
v 0.00013857 -0.10092501 -0.00467937
v -0.00178784 -0.10098078 -0.00413449
v -0.00312214 -0.10092194 -0.00159645
v -0.00970697 -0.09964247 0.01130576
v -0.01218081 -0.09930485 0.00996676
v -0.00721932 -0.09982310 0.01267852
v -0.01159738 -0.09928897 0.01193869
v -0.01409752 -0.09925034 0.01053537
v -0.01350478 -0.09912863 0.01253006
v -0.01468757 -0.09934152 0.00854725
v -0.01599158 -0.09893824 0.01115940
v -0.01546772 -0.09880899 0.01292049
v -0.01763375 -0.09855589 0.01262953
v -0.01539888 -0.09881703 0.01315398
v -0.00631656 -0.10016520 0.00164863
v -0.00821849 -0.09994261 0.00225339
v -0.00690134 -0.09974027 0.01374715
v -0.00873023 -0.09976708 0.01461948
v -0.00914165 -0.09983256 0.01323337
v -0.01078970 -0.09960245 0.01469616
v -0.01103451 -0.09950684 0.01386032
v -0.01318588 -0.09915825 0.01361107
v -0.01527770 -0.09886585 0.01310711
v -0.01157964 -0.09939303 0.01404570
v -0.01010438 -0.09953775 0.00289737
v -0.00515373 -0.09964596 0.01259436
v 0.00116739 -0.10046843 0.00581827
v -0.01291424 -0.09903184 0.01451939
v -0.01044781 -0.09945371 0.01584026
v -0.01235053 -0.09924019 0.01644308
v 0.00321728 -0.10100302 -0.00131602
v 0.00273022 -0.10110068 -0.00295526
v 0.00190517 -0.10069188 0.00127630
v -0.00688031 -0.09995734 -0.00027516
v -0.00149730 -0.09959122 0.01084507
v 0.00383055 -0.10064788 0.00072889
v 0.00250754 -0.10046065 0.00329456
v 0.00263957 -0.10048039 0.00374271
v -0.00850756 -0.09924060 0.01532923
v 0.00307294 -0.10039047 0.00314759
v 0.00310473 -0.10028836 0.00530013
v -0.00258588 -0.09961196 0.01138649
v 0.00432478 -0.10033428 0.00237463
v 0.00180003 -0.09989298 0.00791058
v 0.00206437 -0.10087621 -0.00522575
v 0.00445252 -0.10019381 0.00279509
v 0.00457339 -0.10081385 -0.00380071
v -0.01478568 -0.09846262 0.01519874
v -0.00330674 -0.09963418 0.01178448
v -0.01334924 -0.09935452 0.00601906
v -0.01422622 -0.09871927 0.01711203
v -0.01363038 -0.09856223 0.01911432
v -0.01726163 -0.09814897 0.01385459
v 0.00334615 -0.10103789 -0.00349895
v 0.00397239 -0.10061597 -0.00571611
v 0.00400932 -0.10060965 -0.00572529
v -0.01790677 -0.09886649 0.01173171
v -0.00874181 -0.09927509 0.00042849
v 0.00518204 -0.10051116 -0.00176708
v 0.00580498 -0.10004607 0.00030148
v 0.00582470 -0.10003433 0.00036720
v 0.00589037 -0.10002189 0.00028255
v 0.00715366 -0.09994136 -0.00220138
v 0.00737533 -0.09977648 -0.00146526
v 0.00028984 -0.09952973 0.00982866
v -0.01169987 -0.09830173 0.01856644
v -0.01663424 -0.09763322 0.01593405
v -0.00324367 -0.10077659 -0.00201945
v -0.01197220 -0.09830555 0.01869552
v 0.00778315 -0.09940179 -0.00011679
v -0.01600206 -0.09777029 0.01785504
v -0.01609179 -0.09774581 0.01777795
v -0.01422043 -0.09825082 0.01936026
v -0.01831112 -0.09727693 0.01650577
v -0.01872659 -0.09710350 0.01586950
v -0.01909482 -0.09714484 0.01462749
v -0.00364648 -0.10026605 -0.00342385
v -0.01606002 -0.09772208 0.01788344
v 0.00644152 -0.09942631 0.00240332
v -0.01545932 -0.09750984 0.01989761
v 0.00795207 -0.09963492 -0.00235903
v 0.00656520 -0.10001445 -0.00418561
v -0.00316922 -0.10044213 -0.00360453
v -0.00552507 -0.09977803 -0.00276197
v 0.00843001 -0.09866476 0.00201028
v 0.00511206 -0.09931254 0.00495319
v 0.00835658 -0.09920761 -0.00451063
v 0.00600348 -0.09978355 -0.00610444
v 0.00686731 -0.09880965 0.00379262
v 0.00580565 -0.09894190 0.00484136
v 0.00847337 -0.09859783 0.00215142
v -0.01176319 -0.09933920 0.00432637
v -0.01868237 -0.09834581 0.01208178
v 0.00203332 -0.09943201 0.00866165
v -0.01786665 -0.09641595 0.01872132
v -0.01850276 -0.09703087 0.01662052
v -0.01124292 -0.09916767 0.00331639
v -0.01952873 -0.09681013 0.01483379
v 0.00861101 -0.09857303 0.00197990
v 0.00980553 -0.09825492 -0.00042693
v 0.00985921 -0.09820316 -0.00024965
v 0.00918090 -0.09873920 -0.00249963
v 0.00369497 -0.09926634 0.00721228
v 0.00308345 -0.09931280 0.00767823
v 0.00528372 -0.09904014 0.00551136
v -0.00996669 -0.09819545 0.01736387
v -0.01353744 -0.09832133 0.01940880
v 0.00180906 -0.10033586 -0.00613371
v -0.00736029 -0.09879699 -0.00199404
v -0.01748656 -0.09604274 0.01997610
v -0.01878283 -0.09575036 0.01914700
v -0.01991133 -0.09528573 0.01744867
v -0.01673776 -0.09623730 0.02057433
v -0.01032675 -0.09898654 0.00209991
v -0.00957421 -0.09877113 0.00079100
v 0.00158788 -0.09967620 -0.00693610
v 0.00353953 -0.09933347 -0.00741924
v -0.00006949 -0.10032144 -0.00543274
v -0.00031351 -0.09944750 -0.00633001
v 0.00552800 -0.09857205 -0.00781231
v -0.01938636 -0.09655570 0.01359298
v -0.01907528 -0.09638401 0.01266772
v 0.03466105 0.04875630 0.01278422
v 0.03581643 0.04883748 0.01193452
v 0.03410507 0.04957220 0.01314168
v 0.03412291 0.05078861 0.01310184
v 0.03581314 0.05093055 0.01175108
v 0.03581863 0.05301633 0.01159792
v 0.03410746 0.05289176 0.01287646
v 0.03412244 0.05496966 0.01275603
v 0.03507072 0.05504022 0.01204039
v 0.03582108 0.05385329 0.01153731
v 0.03582966 0.05509750 0.01146391
v 0.03414374 0.05662943 0.01269145
v 0.03415048 0.05703671 0.01268071
v 0.03584912 0.05717167 0.01135895
v 0.03580220 0.05930096 0.01102497
v 0.03417164 0.05910948 0.01258162
v 0.03418637 0.06118758 0.01246034
v 0.03528201 0.06132898 0.01135521
v 0.03413716 0.06317215 0.01213053
v 0.03403370 0.06331161 0.01219407
v 0.03242486 0.06319515 0.01339309
v 0.03238435 0.06509022 0.01310006
v 0.03246495 0.06107153 0.01370352
v 0.03413256 0.06332259 0.01210261
v 0.03237891 0.06532364 0.01306245
v 0.03405324 0.06547878 0.01165682
v 0.03231309 0.06746862 0.01266324
v 0.03610998 0.05306268 0.01126334
v 0.03575765 0.06142829 0.01069915
v 0.03579064 0.06012482 0.01091805
v 0.03216903 0.06925961 0.01202854
v 0.03356568 0.06990978 0.00964303
v 0.03341499 0.07005772 0.00972230
v 0.03210621 0.06973072 0.01177731
v 0.03178054 0.07146022 0.01053347
v 0.03351287 0.07010811 0.00944808
v 0.03312285 0.07149251 0.00801503
v -0.03663472 0.02712473 -0.01022779
v -0.03631072 0.02516459 -0.01079335
v -0.03748548 0.02475603 -0.00841401
v -0.03726192 0.02279834 -0.00894988
v -0.03751457 0.02503124 -0.00833936
v -0.03750496 0.02681968 -0.00845410
v -0.03702077 0.02908637 -0.00964388
v -0.03620593 0.02728642 -0.01115469
v -0.03620054 0.02937229 -0.01130820
v -0.03621837 0.02520642 -0.01102553
v -0.03723784 0.03104390 -0.00910994
v -0.03617360 0.03144025 -0.01138732
v -0.03639490 0.03341278 -0.01092140
v -0.03751980 0.02474166 -0.00833320
v -0.03753637 0.02266509 -0.00821831
v -0.03629327 0.02317828 -0.01111188
v -0.03634067 0.02112730 -0.01110333
v -0.03624986 0.02418116 -0.01104763
v -0.03731681 0.03299807 -0.00861682
v -0.03828127 0.02433824 -0.00614672
v -0.03763103 0.02671182 -0.00790121
v -0.03743483 0.02885178 -0.00838421
v -0.03747991 0.02052788 -0.00785138
v -0.03682432 0.02083545 -0.00954903
v -0.03624559 0.01895803 -0.01060319
v -0.03798329 0.02237874 -0.00670459
v -0.03741168 0.03092289 -0.00847642
v -0.03786737 0.03062206 -0.00689181
v -0.03830186 0.02629099 -0.00567087
v -0.03763749 0.02866422 -0.00742954
v -0.03823115 0.02824151 -0.00522201
v -0.03831367 0.03258517 -0.00629008
v -0.03761741 0.02041759 -0.00728254
v -0.03635893 0.01887187 -0.01015640
v -0.03626978 0.01733705 -0.01055155
v -0.03698199 0.01844988 -0.00794018
v -0.03659980 0.01648833 -0.00852294
v -0.03721360 0.01612610 -0.00658831
v -0.03729637 0.01828516 -0.00704599
v -0.03761054 0.01802802 -0.00572234
v -0.03808792 0.01999189 -0.00511143
v -0.03740576 0.01965075 -0.00752840
v -0.03726284 0.01606731 -0.00629491
v -0.03783700 0.01564413 -0.00409314
v -0.03751465 0.01368403 -0.00465822
v -0.03799537 0.01760023 -0.00357656
v -0.03826323 0.03019454 -0.00474276
v -0.03829397 0.02194915 -0.00458074
v -0.03850885 0.02401755 -0.00456305
v -0.03845275 0.02297623 -0.00428757
v -0.03861756 0.02390927 -0.00401529
v -0.03858480 0.02586072 -0.00355522
v -0.03843734 0.02604851 -0.00448840
v -0.03788388 0.01345947 0.00608070
v -0.03801321 0.01369939 0.00501839
v -0.03809083 0.01167350 0.00492265
v -0.03809136 0.01390168 0.00411005
v -0.03817722 0.01195153 0.00366567
v -0.03822516 0.00969470 0.00463125
v -0.03801650 0.01151045 0.00565015
v -0.03827634 0.01000169 0.00322521
v -0.03820203 0.00956272 0.00523524
v -0.03781797 0.01541011 0.00653097
v -0.03846868 0.00780655 0.00396310
v -0.03847323 0.00805424 0.00281366
v -0.03818821 0.01238895 0.00163692
v -0.03799991 0.01433661 0.00205101
v -0.03863171 0.00585159 0.00357264
v -0.03848867 0.00761746 0.00485023
v -0.03860646 0.00610524 0.00238329
v -0.03843917 0.00849057 0.00077160
v -0.03881282 0.00391162 0.00311983
v -0.03887069 0.00415942 0.00199165
v -0.03794742 0.01477250 0.00000350
v -0.03820105 0.01043702 0.00117096
v -0.03869332 0.00567019 0.00444097
v -0.03878606 0.00372020 0.00399863
v -0.03870098 0.00328097 0.00600547
v -0.03850287 0.00653988 0.00032066
v -0.03878458 0.00179784 0.00338936
v -0.03898664 0.00221000 0.00155617
v -0.03864744 0.00459115 -0.00010635
v -0.03896323 0.00264659 -0.00048275
v -0.03893272 0.00025644 0.00107046
v -0.03908614 0.00069734 -0.00091617
v -0.03907996 -0.00169222 0.00064423
v -0.03924198 -0.00125112 -0.00133986
v -0.03888055 0.00112949 -0.00300895
v -0.03870528 0.00307747 -0.00259101
v -0.03902123 -0.00081933 -0.00343712
v -0.03896203 -0.00069018 -0.00406162
v -0.03902524 -0.00272804 -0.00410762
v -0.03904589 -0.00277097 -0.00389960
v -0.03924013 -0.00320341 -0.00181017
v -0.03888164 -0.00038557 -0.00551039
v -0.03861944 0.00156030 -0.00511815
v -0.03877649 0.00124610 -0.00359351
v -0.03850982 0.00350987 -0.00468080
v -0.03862420 0.00320999 -0.00324012
v -0.03832375 0.00545759 -0.00426605
v -0.03839902 0.00511336 -0.00263523
v -0.03804806 0.00740312 -0.00387780
v -0.03817961 0.00702152 -0.00205026
v -0.03820001 0.00696966 -0.00180088
v -0.03786949 0.00935102 -0.00346084
v -0.03809651 0.00891939 -0.00136172
v -0.03804183 0.00899746 -0.00174695
v -0.03770242 0.01129920 -0.00304047
v -0.03787573 0.01094988 -0.00134593
v -0.03750367 0.01173152 -0.00513123
v -0.03844458 0.00502337 -0.00219833
v -0.03794651 0.01086798 -0.00093630
v -0.03759490 0.00978150 -0.00557402
v -0.03777362 0.00783360 -0.00599094
v -0.03764337 0.00812160 -0.00738286
v -0.03748585 0.01008115 -0.00701143
v -0.03736645 0.01207234 -0.00677153
v -0.03776891 0.00613550 -0.00764392
v -0.03788465 0.00588406 -0.00642788
v -0.03791629 0.00416754 -0.00798038
v -0.03805722 0.00393601 -0.00684662
v -0.03740046 0.01021392 -0.00766351
v -0.03754876 0.00826529 -0.00808942
v -0.03765205 0.00631556 -0.00852865
v -0.03729816 0.01216368 -0.00722399
v -0.03802265 0.00216551 -0.00817528
v -0.03814260 0.00198585 -0.00729114
v -0.03815932 0.00018865 -0.00847475
v -0.03789147 0.01281889 -0.00048281
v -0.03780976 0.01298544 -0.00129038
v -0.03728064 0.01409143 -0.00664753
v -0.03726165 0.01411504 -0.00676502
v -0.03726987 0.01457826 -0.00665118
v -0.03779114 0.01325361 -0.00254447
v -0.03716864 0.00869319 -0.01023381
v -0.03779555 0.00241456 -0.00942575
v -0.03773413 0.00436531 -0.00897415
v -0.03725924 0.00674315 -0.01067679
v -0.03696431 0.01064047 -0.00982446
v -0.03688436 0.01259077 -0.00937834
v -0.03830008 0.00003744 -0.00771434
v -0.03673435 0.01453936 -0.00895293
v -0.03651973 0.01291464 -0.01103282
v -0.03640537 0.01491002 -0.01081031
v -0.03627063 0.01688848 -0.01051749
v -0.03662689 0.01091327 -0.01123047
v -0.03679832 0.00896528 -0.01164989
v -0.03786457 0.01512128 -0.00165160
v -0.03718725 0.00478916 -0.01116784
v -0.03788132 0.01520805 -0.00204805
v -0.03690917 0.00696698 -0.01186030
v -0.03778697 0.00046210 -0.00989805
v -0.03817064 0.01629302 0.00257126
v -0.03793154 0.01566710 -0.00192303
v -0.03804529 0.01736166 -0.00244725
v -0.03813353 0.01955584 -0.00306594
v -0.03814189 0.01953220 -0.00295266
v -0.03814710 0.01983379 -0.00299513
v -0.03830353 0.02151222 -0.00254591
v -0.03846868 0.01912684 -0.00093485
v -0.03856899 0.02108152 -0.00043543
v -0.03826678 0.02172623 -0.00355569
v -0.03843880 0.01868895 0.00108831
v -0.03823029 0.01716879 -0.00147510
v -0.03821757 0.01673132 0.00055314
v -0.03863414 0.02347251 -0.00197840
v -0.03879035 0.02303916 0.00009979
v -0.03880527 0.02542892 -0.00145803
v -0.03845334 0.02780976 -0.00312432
v -0.03868391 0.02737822 -0.00102415
v -0.03850729 0.02976332 -0.00263861
v -0.03866806 0.02933008 -0.00055907
v -0.03830134 0.02802592 -0.00419122
v -0.03827194 0.03009184 -0.00426186
v -0.03866990 0.03171953 -0.00212076
v -0.03849492 0.03215243 -0.00420450
v -0.03873110 0.03128386 -0.00007067
v -0.03832353 0.03106308 -0.00451630
v -0.03838912 0.03227947 -0.00483830
v -0.03893339 0.03367818 -0.00157309
v -0.03896121 0.03411602 -0.00359686
v -0.03862302 0.03427553 -0.00579368
v -0.03868482 0.03454645 -0.00571058
v -0.03546251 -0.01699102 0.01301204
v -0.03563153 -0.01893915 0.01259225
v -0.03434099 -0.01745548 0.01471244
v -0.03646004 -0.01652958 0.01127499
v -0.03542775 -0.01503962 0.01347153
v -0.03640146 -0.01457876 0.01172743
v -0.03625994 -0.01262996 0.01215535
v -0.03529726 -0.01309055 0.01390271
v -0.03605590 -0.01068268 0.01256479
v -0.03508560 -0.01114346 0.01430989
v -0.03571703 -0.00873869 0.01293436
v -0.03658459 -0.00828041 0.01115888
v -0.03642465 -0.00633206 0.01158135
v -0.03546143 -0.00679266 0.01332855
v -0.03617462 -0.00438590 0.01197719
v -0.03520122 -0.00484675 0.01372138
v -0.03597007 -0.00243863 0.01238647
v -0.03499865 -0.00289944 0.01413125
v -0.03581204 -0.00049023 0.01280951
v -0.03475762 -0.00095306 0.01452975
v -0.03620806 0.00174894 0.01210750
v -0.03555248 0.00145570 0.01320253
v -0.03457318 0.00099470 0.01494498
v -0.03531669 0.00340220 0.01360258
v -0.03604538 0.00370420 0.01249674
v -0.03660243 0.00191841 0.01148097
v -0.03460254 -0.00920297 0.01463683
v -0.03643496 0.00386658 0.01190122
v -0.03640472 -0.00017811 0.01160102
v -0.03669654 -0.00003154 0.01103904
v -0.03672886 -0.00175224 0.01063435
v -0.03673539 -0.00198284 0.01058076
v -0.03752879 -0.03451094 0.00939511
v -0.03752947 -0.03646316 0.00892554
v -0.03739625 -0.03256192 0.00982568
v -0.03796292 -0.03211096 0.00796123
v -0.03798147 -0.03406276 0.00749695
v -0.03778805 -0.03016297 0.00837929
v -0.03688087 -0.03886836 0.01029600
v -0.03791110 -0.03601672 0.00700638
v -0.03816681 -0.02971659 0.00645928
v -0.03827342 -0.03166624 0.00602104
v -0.03827262 -0.03361851 0.00555104
v -0.03732650 -0.03842035 0.00839577
v -0.03765829 -0.03797511 0.00646187
v -0.03705923 -0.04037910 0.00784698
v -0.03739169 -0.03993385 0.00591328
v -0.03657391 -0.04082807 0.00973548
v -0.03806817 -0.03557573 0.00502083
v -0.03838954 -0.03122626 0.00402338
v -0.03832252 -0.02927564 0.00447333
v -0.03775908 -0.03753550 0.00445967
v -0.03750880 -0.03952277 0.00405040
v -0.03662183 -0.04223531 0.00727356
v -0.03711362 -0.04120926 0.00552579
v -0.03698351 -0.04189603 0.00532283
v -0.03660112 -0.04234250 0.00724176
v -0.03752013 -0.03949356 0.00391926
v -0.03726306 -0.04145207 0.00337349
v -0.03767247 -0.03905270 0.00193230
v -0.03746353 -0.04101003 0.00140076
v -0.03644803 -0.04249385 0.00788266
v -0.03615053 -0.04279063 0.00914053
v -0.03780452 0.00477424 0.00824217
v -0.03791638 0.00716637 0.00671301
v -0.03828153 0.00522301 0.00635121
v -0.03734054 0.00671519 0.00857475
v -0.03719475 0.00432224 0.01009388
v -0.03673392 0.00626326 0.01042738
v -0.03803179 0.00282753 0.00783960
v -0.03734787 0.00237372 0.00966938
v -0.03704957 0.00088131 -0.01214807
v -0.03699966 -0.00131922 -0.01148415
v -0.03710392 0.00085768 -0.01201601
v -0.03653662 -0.00108342 -0.01276950
v -0.03728588 -0.00150234 -0.01051597
v -0.03796731 -0.00192291 -0.00828250
v -0.03755530 -0.00388519 -0.00887408
v -0.03692582 -0.00347086 -0.01105728
v -0.03692661 -0.00336618 -0.01106858
v -0.03793838 -0.00417546 -0.00736823
v -0.03691396 -0.00346364 -0.01109570
v -0.03807656 -0.00121130 -0.00807960
v -0.03803645 -0.00200370 -0.00787870
v -0.03864475 -0.00234358 -0.00605020
v -0.03901085 -0.00322208 -0.00401830
v -0.03712106 0.00283530 -0.01165717
v -0.03703294 0.00288908 -0.01194316
v -0.03708206 0.00148400 -0.01199363
v -0.03695820 0.00491736 -0.01185739
v -0.03699449 -0.02190621 -0.01123578
v -0.03727830 -0.02408154 -0.01055256
v -0.03724331 -0.02202026 -0.01060393
v -0.03674851 -0.02386444 -0.01177827
v -0.03734110 -0.02611973 -0.01059718
v -0.03715128 -0.01995014 -0.01071965
v -0.03719532 -0.01996977 -0.01061044
v -0.03715472 -0.01919483 -0.01053691
v -0.03764828 -0.02427970 -0.00948024
v -0.03775680 -0.02232481 -0.00897839
v -0.03758512 -0.02623348 -0.00996868
v -0.03780323 -0.02037143 -0.00849490
v -0.03716732 -0.01799751 -0.01024515
v -0.03790387 -0.01841674 -0.00799537
v -0.03736204 -0.01604052 -0.00971781
v -0.03799930 -0.01646217 -0.00749739
v -0.03710502 -0.01795441 -0.01047095
v -0.03709148 -0.01587532 -0.01059633
v -0.03762523 -0.01408187 -0.00917023
v -0.03705463 -0.01381558 -0.01064128
v -0.03781762 -0.01212494 -0.00864358
v -0.03703968 -0.01173766 -0.01076177
v -0.03731946 -0.00974766 -0.01035310
v -0.03790008 -0.01017069 -0.00814943
v -0.03749926 -0.00779104 -0.00983018
v -0.03707007 -0.00962209 -0.01103873
v -0.03704573 -0.00755197 -0.01112682
v -0.03809689 -0.02470594 -0.00731560
v -0.03801274 -0.02666023 -0.00781025
v -0.03783214 -0.02861687 -0.00833341
v -0.03794219 -0.00821742 -0.00766722
v -0.03805843 -0.01450848 -0.00701015
v -0.03806130 -0.01034440 -0.00727607
v -0.03806528 -0.01243143 -0.00711772
v -0.03831277 -0.01059780 -0.00599542
v -0.03840270 -0.00864337 -0.00549906
v -0.03874485 -0.01102444 -0.00383567
v -0.03800694 -0.00829920 -0.00726061
v -0.03796872 -0.00660273 -0.00727099
v -0.03800074 -0.00626375 -0.00718014
v -0.03862895 -0.00668561 -0.00496240
v -0.03746104 -0.00583973 -0.00937172
v -0.03796372 -0.00624475 -0.00728357
v -0.03696155 -0.00553152 -0.01100849
v -0.03858921 -0.01298048 -0.00435145
v -0.03815976 -0.01255377 -0.00651042
v -0.03806347 -0.01429765 -0.00695795
v -0.03806755 -0.01451988 -0.00695345
v -0.03856793 -0.01493324 -0.00482751
v -0.03807842 -0.01660119 -0.00681887
v -0.03838823 -0.01688986 -0.00535040
v -0.03809088 -0.01868118 -0.00668975
v -0.03826971 -0.01884499 -0.00585521
v -0.03860943 -0.01927388 -0.00372277
v -0.03846983 -0.02122953 -0.00423381
v -0.03801593 -0.02292407 -0.00608699
v -0.03830675 -0.02318574 -0.00475179
v -0.03868086 -0.01731990 -0.00323188
v -0.03813946 -0.02491184 -0.00634112
v -0.03829465 -0.02513828 -0.00522513
v -0.03797642 -0.02275662 -0.00688146
v -0.03807614 -0.02705475 -0.00595054
v -0.03857833 -0.02361629 -0.00263950
v -0.03871007 -0.00907305 -0.00337619
v -0.03880480 -0.01336273 -0.00248653
v -0.03875537 -0.01131344 -0.00248807
v -0.03881169 -0.01419286 -0.00244151
v -0.03885815 -0.01341109 -0.00223993
v -0.03879863 -0.01146029 -0.00178777
v -0.03875593 -0.01536582 -0.00273992
v -0.03829678 -0.00430430 -0.00662285
v -0.03890814 -0.00472657 -0.00441009
v -0.03829682 -0.02557539 -0.00319249
v -0.03875198 -0.00711978 -0.00289403
v -0.03808842 -0.02709555 -0.00575587
v -0.03822909 -0.02752928 -0.00368228
v -0.03805504 -0.02743701 -0.00584771
v -0.03796950 -0.02923362 -0.00541048
v -0.03808247 -0.02948510 -0.00419540
v -0.03794554 -0.02905127 -0.00626788
v -0.03824188 -0.02991838 -0.00211627
v -0.03807307 -0.03187473 -0.00263595
v -0.03822539 -0.03230818 -0.00055891
v -0.03777965 -0.03148159 -0.00458331
v -0.03779687 -0.03111919 -0.00467138
v -0.03776022 -0.03144519 -0.00476044
v -0.03761237 -0.03371080 -0.00383404
v -0.03777555 -0.03100765 -0.00678791
v -0.03857976 -0.02166401 -0.00216931
v -0.03750846 -0.03340356 -0.00530465
v -0.03876606 -0.00950884 -0.00132763
v -0.03890592 -0.01189484 0.00027595
v -0.03893071 -0.01384648 -0.00018648
v -0.03870518 -0.00926478 -0.00248699
v -0.03886920 -0.01580023 -0.00067443
v -0.03875933 -0.01549082 -0.00215754
v -0.03868911 -0.01763945 -0.00174316
v -0.03873028 -0.01775585 -0.00118528
v -0.03867282 -0.01923150 -0.00155701
v -0.03829463 -0.02796485 -0.00163091
v -0.03835047 -0.02601124 -0.00114463
v -0.03823383 -0.03264980 0.00103243
v -0.03827960 -0.03035462 -0.00007312
v -0.03866248 -0.01970975 -0.00167509
v -0.03791718 -0.03426793 -0.00111980
v -0.03867544 -0.00755880 -0.00088466
v -0.03767719 -0.03383661 -0.00322276
v -0.03749938 -0.03623035 -0.00171310
v -0.03752169 -0.03460805 -0.00345346
v -0.03717181 -0.03536400 -0.00587395
v -0.03732043 -0.03579754 -0.00379801
v -0.03722946 -0.03775200 -0.00429467
v -0.03739470 -0.03807220 -0.00273877
v -0.03737876 -0.03960058 -0.00255903
v -0.03735128 -0.04013844 -0.00269642
v -0.03747797 -0.03818311 -0.00218920
v -0.03735645 -0.03601363 -0.00277888
v -0.03774143 -0.03861386 -0.00007930
v -0.03784489 -0.03665909 0.00042105
v -0.03750437 -0.04057187 -0.00061916
v -0.03735621 -0.04019449 -0.00243386
v -0.03719800 -0.03970501 -0.00477374
v -0.03687638 -0.03732344 -0.00643106
v -0.03714268 -0.04209576 -0.00322786
v -0.03701404 -0.04166174 -0.00529789
v -0.03695972 -0.03493200 -0.00796866
v -0.03801833 -0.03470263 0.00094210
v -0.03672628 -0.03708187 -0.00761526
v -0.03684644 -0.03554256 -0.00814840
v -0.03664261 -0.03924167 -0.00715450
v -0.03667404 -0.03928061 -0.00696065
v -0.03662723 -0.03966778 -0.00706739
v -0.03645120 -0.03884887 -0.00905854
v -0.03665254 -0.03689173 -0.00852924
v -0.03643903 -0.03645976 -0.01062437
v -0.03652601 -0.04123646 -0.00747419
v -0.03660708 -0.04136150 -0.00685980
v -0.03628879 -0.04080507 -0.00957632
v -0.03635862 -0.04319278 -0.00799344
v -0.03651023 -0.04353225 -0.00635351
v -0.03645792 -0.04436036 -0.00610843
v -0.03659324 -0.04362423 -0.00589208
v -0.03679811 -0.03449878 -0.01004844
v -0.03621586 -0.04558566 -0.00647342
v -0.03603241 -0.04515296 -0.00855966
v -0.03692528 -0.03482631 -0.00847403
v -0.03710589 -0.04249266 -0.00139806
v -0.03817811 -0.03345951 0.00128753
v -0.03828013 -0.03274401 0.00148927
v -0.03836988 -0.03078958 0.00198557
v -0.03826945 -0.03052988 0.00073741
v -0.03830666 -0.03318052 0.00352911
v -0.03875209 -0.01819248 0.00085317
v -0.03889025 -0.01623687 0.00136378
v -0.03858622 -0.02014877 0.00033436
v -0.03894341 -0.01428333 0.00184927
v -0.03829086 -0.02883926 0.00243197
v -0.03744590 -0.03296792 -0.00735514
v -0.03825078 -0.02845506 0.00062976
v -0.03827280 -0.02645029 0.00086440
v -0.03832233 -0.02449684 0.00134881
v -0.03825826 -0.02635851 0.00043185
v -0.03825457 -0.02771121 0.00055570
v -0.03827840 -0.02688731 0.00289805
v -0.03889869 -0.00492344 -0.00349886
v -0.03875830 -0.00696822 -0.00285573
v -0.03890622 -0.00516378 -0.00237866
v -0.03874472 -0.00714162 -0.00279550
v -0.03865190 -0.01976068 -0.00144267
v -0.03854845 -0.02193691 -0.00091364
v -0.03855259 -0.02210183 -0.00014534
v -0.03845174 -0.02333544 -0.00047141
v -0.03711505 -0.04253360 -0.00120404
v -0.03799083 -0.03514046 0.00296596
v -0.03775811 -0.03722545 0.00301808
v -0.03753144 -0.03934215 0.00395897
v -0.03784467 -0.03628594 0.00264797
v -0.03796917 -0.03495987 0.00211772
v -0.03855419 -0.02058670 0.00235689
v -0.03847184 -0.02254095 0.00186278
v -0.03826671 -0.02840268 0.00039283
v -0.03779889 -0.03709737 0.00243945
v -0.03837912 -0.02416783 -0.00015729
v -0.03822051 -0.02493648 0.00335070
v -0.03842237 -0.02405725 -0.00065361
v -0.03667858 -0.04405931 -0.00383485
v -0.03886825 -0.01233292 0.00229681
v -0.03878225 -0.01667666 0.00336385
v -0.03873967 -0.00994664 0.00069656
v -0.03864751 -0.00799664 0.00113907
v -0.03873985 -0.00560499 -0.00039586
v -0.03854360 -0.01863472 0.00282352
v -0.03706881 -0.04269409 -0.00125606
v -0.03652811 -0.04450013 -0.00184734
v -0.03601097 -0.04589622 -0.00447034
v -0.03690630 -0.02432770 0.00952788
v -0.03668741 -0.02238078 0.00993292
v -0.03725332 -0.02192985 0.00806825
v -0.03742515 -0.02387791 0.00764929
v -0.03782825 -0.02147869 0.00620624
v -0.03716917 -0.02627355 0.00913584
v -0.03747856 -0.02821826 0.00875755
v -0.03722887 -0.01997820 0.00853078
v -0.03720322 -0.01802658 0.00899296
v -0.03786488 -0.01952556 0.00668684
v -0.03788435 -0.01757284 0.00716236
v -0.03779693 -0.01562272 0.00760628
v -0.03831565 -0.01517293 0.00572765
v -0.03825619 -0.01322214 0.00617983
v -0.03771899 -0.01367237 0.00805300
v -0.03767821 -0.01254623 0.00831216
v -0.03818920 -0.01173842 0.00651744
v -0.03816992 -0.01127199 0.00662409
v -0.03740199 -0.01189209 0.00919251
v -0.03699569 -0.01217489 0.01034090
v -0.03765546 -0.01172167 0.00850397
v -0.03722093 -0.00995209 0.00964517
v -0.03709154 -0.01412480 0.00989947
v -0.03722766 -0.01607374 0.00946996
v -0.03801353 -0.00932355 0.00704762
v -0.03750861 -0.00977300 0.00893032
v -0.03679086 -0.01022763 0.01075010
v -0.03724040 -0.00784560 0.00940589
v -0.03726994 -0.00782657 0.00932952
v -0.03693593 -0.00600806 0.01028437
v -0.03714775 -0.00587729 0.00976315
v -0.03733880 -0.00776390 0.00906637
v -0.03762102 -0.00542862 0.00787109
v -0.03753421 -0.00551132 0.00822003
v -0.03789838 -0.00843186 0.00722881
v -0.03776543 -0.00737735 0.00744402
v -0.03812705 -0.00497914 0.00598871
v -0.03761307 -0.00518799 0.00792669
v -0.03811926 -0.00432570 0.00614369
v -0.03809288 -0.00302772 0.00644837
v -0.03755459 -0.00347799 0.00832121
v -0.03746048 -0.00152803 0.00876315
v -0.03799904 -0.00107776 0.00689039
v -0.03679418 -0.00194509 0.01042930
v -0.03713445 -0.00375290 0.00942730
v -0.03686831 -0.00393185 0.01015030
v -0.03700807 -0.00492686 0.00995137
v -0.03742545 0.00042336 0.00922256
v -0.03801803 0.00087494 0.00736577
v -0.03852891 0.00132454 0.00548483
v -0.03824757 -0.01119003 0.00627486
v -0.03859134 -0.01082457 0.00471670
v -0.03818279 -0.00693003 0.00553543
v -0.03834817 -0.00887825 0.00511456
v -0.03807540 -0.00924265 0.00669685
v -0.03835157 -0.01907655 0.00479874
v -0.03832375 -0.01712498 0.00526028
v -0.03877339 -0.01472463 0.00383100
v -0.03865093 -0.01277537 0.00426455
v -0.03834400 -0.00274863 0.00525377
v -0.03784598 -0.02343051 0.00574172
v -0.03826176 -0.02103098 0.00430242
v -0.03754997 -0.02582712 0.00721643
v -0.03795309 -0.02538015 0.00530363
v -0.03825646 -0.02298336 0.00383109
v -0.03786816 -0.02777162 0.00684075
v -0.03835175 -0.00065186 0.00505492
v -0.03836795 -0.00063162 0.00496747
v -0.03848186 -0.00258110 0.00453139
v -0.03870950 -0.00018615 0.00303646
v -0.03849867 -0.00453293 0.00406659
v -0.03847663 -0.00648571 0.00359031
v -0.03837067 -0.00056656 0.00498392
v -0.03877313 0.00176764 0.00352504
v -0.03876522 0.00156505 0.00347400
v -0.03811140 -0.02732854 0.00488067
v -0.03863557 -0.01038634 0.00269778
v -0.03852405 -0.00843681 0.00313457
v -0.03864841 -0.00213988 0.00254863
v -0.03856334 -0.00409420 0.00205372
v -0.03898772 -0.00364671 0.00014720
v -0.03861750 -0.00604513 0.00159997
v -0.03591329 -0.03412124 -0.01216503
v -0.03589518 -0.03622661 -0.01193045
v -0.03586741 -0.03834000 -0.01166254
v -0.03638229 -0.03211949 -0.01173361
v -0.03711720 -0.03253876 -0.00948432
v -0.03602987 -0.03842197 -0.01121511
v -0.03584470 -0.03938255 -0.01149992
v -0.03582387 -0.04046648 -0.01134024
v -0.03566325 -0.04038314 -0.01179327
v -0.03582010 -0.04255994 -0.01115513
v -0.03539869 -0.04234182 -0.01234126
v -0.03687359 -0.03015529 -0.01111859
v -0.03598415 -0.03197207 -0.01258162
v -0.03601477 -0.02985631 -0.01285940
v -0.03570245 -0.04438278 -0.01060715
v -0.03560548 -0.04472620 -0.01071789
v -0.03714770 -0.03235029 -0.00943013
v -0.03724622 -0.03037918 -0.00992559
v -0.03750936 -0.03057697 -0.00889861
v -0.03607520 -0.04276252 -0.01010924
v -0.03567211 -0.04477315 -0.01047240
v -0.03475403 -0.04430976 -0.01300163
v -0.03713318 -0.03256336 -0.00936347
v -0.03592076 -0.03362974 -0.01223078
v -0.03603705 -0.02778625 -0.01292816
v -0.03450102 -0.03933464 -0.01401500
v -0.03481651 -0.03801435 -0.01360586
v -0.03451222 -0.04001021 -0.01399727
v -0.03450480 -0.04210671 -0.01379957
v -0.03446412 -0.04423081 -0.01348713
v -0.03529791 -0.03605038 -0.01299376
v -0.03638899 -0.02582544 -0.01235434
v -0.03576643 -0.03408673 -0.01238547
v -0.03597130 -0.02571174 -0.01305356
v -0.03599988 -0.02777834 -0.01298009
v -0.03595771 -0.02363269 -0.01317876
v -0.03449774 -0.03793190 -0.01411942
v -0.03448752 -0.03585005 -0.01425624
v -0.03587295 -0.02161273 -0.01305840
v -0.03580393 -0.01957971 -0.01299234
v -0.03576141 -0.01858281 -0.01293063
v -0.03594470 -0.01759011 -0.01263864
v -0.03638914 -0.01562705 -0.01203747
v -0.03658558 -0.01367002 -0.01150962
v -0.03695782 -0.01170871 -0.01092980
v -0.03704164 -0.01129156 -0.01080512
v -0.03563735 -0.01055460 -0.01317197
v -0.03607104 -0.00934089 -0.01275422
v -0.03653125 -0.00737744 -0.01214839
v -0.03672532 -0.00542047 -0.01162124
v -0.03564466 -0.00305738 -0.01350299
v -0.03560814 -0.00510993 -0.01352143
v -0.03565006 -0.00716546 -0.01349399
v -0.03563644 -0.01135744 -0.01310279
v -0.03563262 -0.01345094 -0.01291752
v -0.03565686 -0.00925015 -0.01334535
v -0.03445717 -0.03378492 -0.01432359
v -0.03569632 -0.01548838 -0.01296523
v -0.03573303 -0.01754824 -0.01291979
v -0.03447138 -0.03238013 -0.01448733
v -0.03477758 -0.03172140 -0.01424008
v -0.03558489 -0.00303890 -0.01361331
v -0.03557896 -0.00327317 -0.01357396
v -0.03600039 -0.02791754 -0.01297038
v -0.03575406 -0.00080811 -0.01436911
v -0.03535032 -0.02975521 -0.01360097
v -0.03441455 -0.04496915 -0.01325869
v -0.03403450 -0.00487118 -0.01527450
v -0.03410619 -0.01108266 -0.01500557
v -0.03532135 -0.01131139 -0.01344565
v -0.03405221 -0.00276615 -0.01550768
v -0.03405023 -0.01321946 -0.01464038
v -0.03445765 -0.02960385 -0.01466946
v -0.03448223 -0.03167378 -0.01458218
v -0.03443078 -0.01328531 -0.01417873
v -0.03409249 -0.01483696 -0.01465014
v -0.03499795 -0.00502536 -0.01416397
v -0.03401228 -0.00697997 -0.01502573
v -0.03442567 -0.02754008 -0.01473118
v -0.03408303 -0.00901156 -0.01509774
v -0.03436624 -0.02549908 -0.01469824
v -0.03420715 -0.01936017 -0.01466556
v -0.03416802 -0.01730233 -0.01470263
v -0.03411069 -0.01525960 -0.01467691
v -0.03414138 -0.00699846 -0.01488700
v -0.03402281 -0.00742719 -0.01502453
v -0.03557873 -0.01955126 -0.01321661
v -0.03427318 -0.02139568 -0.01472131
v -0.03511479 -0.02151480 -0.01382355
v -0.03432450 -0.02344341 -0.01472629
v -0.03465367 -0.02347827 -0.01442965
v -0.03434034 -0.02427262 -0.01471160
v -0.03285843 -0.03983802 -0.01547377
v -0.03423027 -0.03998086 -0.01424896
v -0.03511844 -0.00068078 -0.01522082
v -0.03273555 -0.04621104 -0.01453348
v -0.03334298 -0.04629636 -0.01388861
v -0.03280860 -0.03778906 -0.01547391
v -0.03275517 -0.03574309 -0.01546165
v -0.03278147 -0.04408258 -0.01486406
v -0.03331767 -0.03370918 -0.01514150
v -0.03273431 -0.03367007 -0.01556177
v -0.03273655 -0.03450255 -0.01550082
v -0.03272127 -0.03159056 -0.01568887
v -0.03267675 -0.02953719 -0.01570737
v -0.03233773 -0.01518634 -0.01574224
v -0.03230749 -0.01312112 -0.01580997
v -0.03231101 -0.01102786 -0.01599422
v -0.03101992 -0.04399986 -0.01596870
v -0.03384633 -0.01525178 -0.01482130
v -0.03096880 -0.04613263 -0.01562024
v -0.03102921 -0.04190181 -0.01617286
v -0.03410979 -0.04661535 -0.01209240
v -0.03265438 -0.04680349 -0.01421020
v -0.03079191 -0.04747475 -0.01491150
v -0.01745043 -0.09243709 0.01274579
v -0.01590014 -0.09060456 0.01313821
v -0.01635468 -0.09210858 0.01077084
v -0.01730976 -0.09207855 0.01319206
v -0.01779223 -0.09251075 0.01322789
v -0.01689171 -0.09081065 0.01450155
v -0.01784046 -0.09099449 0.01574390
v -0.01885187 -0.09281882 0.01509305
v -0.01539343 -0.09050934 0.01248847
v -0.01594449 -0.09178530 0.01072976
v -0.01605955 -0.09204661 0.01036214
v -0.01462984 -0.09019832 0.01073062
v -0.01866148 -0.09221783 0.01568748
v -0.01402932 -0.09009663 0.01001242
v -0.01911750 -0.09291565 0.01565173
v -0.01829794 -0.09118840 0.01683228
v -0.01851054 -0.09141533 0.01797403
v -0.01440991 -0.09187096 0.00887130
v -0.01241095 -0.08989502 0.00841371
v -0.01256970 -0.09049124 0.00792589
v -0.01381312 -0.09173329 0.00798738
v -0.01301603 -0.09148297 0.00649800
v -0.01208922 -0.08982300 0.00794744
v -0.01335046 -0.09275079 0.00547127
v -0.01267537 -0.09132382 0.00561898
v -0.01125219 -0.08940622 0.00566795
v -0.01178848 -0.09095687 0.00355074
v -0.01360539 -0.09325343 0.00542420
v -0.01345101 -0.09321215 0.00516920
v -0.01630155 -0.09393601 0.00969921
v -0.01118337 -0.08936895 0.00546657
v -0.01038623 -0.08899014 0.00337992
v -0.01166880 -0.09091117 0.00328937
v -0.01046754 -0.09050832 0.00092577
v -0.01655624 -0.09581488 0.00899249
v -0.01672966 -0.09405170 0.01041195
v -0.01738769 -0.09598793 0.01013675
v -0.01799649 -0.09616437 0.01120580
v -0.01765435 -0.09435811 0.01221425
v -0.01804820 -0.09445676 0.01283380
v -0.01908555 -0.09471513 0.01445882
v -0.01199700 -0.09287408 0.00300335
v -0.01939427 -0.09486115 0.01526379
v -0.01193218 -0.09285700 0.00289748
v -0.01063627 -0.09245856 0.00051566
v -0.01525443 -0.09560269 0.00747401
v -0.01045408 -0.09050357 0.00089822
v -0.00995455 -0.08856349 0.00122028
v -0.00926023 -0.08814323 -0.00101700
v -0.00909807 -0.08663209 0.00143681
v -0.01061634 -0.09245187 0.00047643
v -0.00924725 -0.09009579 -0.00149061
v -0.01009993 -0.08872320 0.00202210
v -0.01810505 -0.09816458 0.01100333
v -0.00914700 -0.09005942 -0.00170064
v -0.00879426 -0.08663621 -0.00078942
v -0.00904356 -0.08805498 -0.00151579
v -0.00867167 -0.08620531 -0.00072126
v -0.00814365 -0.08773325 -0.00337914
v -0.00872069 -0.08623272 -0.00057382
v -0.00783909 -0.08578842 -0.00299943
v -0.00774737 -0.08758587 -0.00422618
v -0.00756939 -0.08564331 -0.00378418
v -0.00653970 -0.08538289 -0.00541562
v -0.00816186 -0.08968505 -0.00384352
v -0.00785372 -0.08958791 -0.00442105
v -0.01350378 -0.09449397 0.00509624
v -0.01498210 -0.09557655 0.00724117
v -0.00921502 -0.09209328 -0.00176324
v -0.00916848 -0.09089107 -0.00170480
v -0.00908432 -0.09205200 -0.00200855
v -0.00782886 -0.09088935 -0.00422982
v -0.00634524 -0.08929506 -0.00639895
v -0.00622187 -0.08734287 -0.00597936
v -0.00629853 -0.08871933 -0.00628835
v -0.01353146 -0.09523568 0.00506369
v -0.01341491 -0.09521031 0.00489811
v -0.01204370 -0.09492564 0.00301432
v -0.00618511 -0.08733768 -0.00601853
v -0.00925211 -0.09415282 -0.00171913
v -0.00881944 -0.09401070 -0.00255662
v -0.00786526 -0.09375899 -0.00411669
v -0.00782812 -0.09169950 -0.00416062
v -0.00870775 -0.08565261 -0.00057781
v -0.00882869 -0.08424924 -0.00020507
v -0.00611790 -0.08530315 -0.00595869
v -0.01016312 -0.09441515 -0.00012734
v -0.00756799 -0.09165176 -0.00448888
v -0.00708537 -0.09361575 -0.00510134
v -0.00634239 -0.09347809 -0.00604494
v -0.00633870 -0.09139082 -0.00620429
v -0.01140543 -0.09482207 0.00227197
v -0.01057130 -0.09460283 0.00091191
v -0.01351650 -0.09733844 0.00528741
v -0.01498013 -0.09605029 0.00728681
v -0.01452936 -0.09757259 0.00678986
v -0.01288808 -0.09717538 0.00427258
v -0.01202969 -0.09702760 0.00323474
v -0.01495987 -0.09768534 0.00748996
v -0.01947183 -0.09334418 0.01778849
v -0.00842301 -0.08382196 -0.00235701
v -0.00872592 -0.08413804 -0.00076397
v -0.00443681 -0.08515362 -0.00734102
v -0.01040158 -0.09683408 0.00166961
v -0.00469393 -0.09330147 -0.00753983
v -0.00513733 -0.09127376 -0.00723955
v -0.00786967 -0.08339827 -0.00455262
v -0.00906380 -0.09631847 -0.00090393
v -0.01040415 -0.09632849 0.00161930
v -0.01025421 -0.09680234 0.00146182
v -0.00889600 -0.09862916 -0.00014617
v -0.00905852 -0.09640389 -0.00087904
v -0.00902371 -0.09639513 -0.00093400
v -0.00768562 -0.09587840 -0.00333464
v -0.00623844 -0.09465378 -0.00559657
v -0.00774210 -0.09837857 -0.00178270
v -0.00741169 -0.09831625 -0.00220748
v -0.00776661 -0.08356406 -0.00462238
v -0.00767351 -0.09600853 -0.00328298
v -0.00630708 -0.08929304 -0.00642393
v -0.01193389 -0.09849177 0.00367929
v -0.00759791 -0.09599268 -0.00338756
v -0.00615085 -0.09572746 -0.00521194
v -0.00466103 -0.09123846 -0.00759838
v -0.00467098 -0.09206164 -0.00756429
v -0.00540281 -0.09560895 -0.00606859
v -0.00458274 -0.09548412 -0.00698409
v -0.00779373 -0.08336672 -0.00473034
v -0.00631276 -0.08305103 -0.00680316
v -0.00445345 -0.08723013 -0.00722634
v -0.00456658 -0.08922654 -0.00744460
v -0.00588888 -0.09803530 -0.00413591
v -0.00593030 -0.09776787 -0.00429802
v -0.00593577 -0.08300819 -0.00715642
v -0.00290058 -0.09324515 -0.00853478
v -0.00350769 -0.09326568 -0.00819116
v -0.00446406 -0.09632656 -0.00651333
v -0.00453719 -0.08392279 -0.00778182
v -0.00285478 -0.09119284 -0.00854885
v -0.00264632 -0.08718526 -0.00817373
v -0.00261904 -0.08511757 -0.00825170
v -0.00266877 -0.08452644 -0.00846857
v -0.00272835 -0.08920748 -0.00828467
v -0.00465420 -0.08288279 -0.00826321
v -0.00088524 -0.08919247 -0.00910796
v -0.00078534 -0.08718508 -0.00893535
v -0.00275898 -0.09545305 -0.00787411
v -0.00287880 -0.09353202 -0.00843751
v -0.00073436 -0.08513708 -0.00893153
v -0.00092914 -0.09542702 -0.00874314
v -0.00096894 -0.09121331 -0.00922466
v -0.00102420 -0.09325776 -0.00924325
v -0.00285316 -0.08283285 -0.00923163
v -0.00259606 -0.09693488 -0.00720108
v -0.00539260 -0.09799860 -0.00450938
v -0.00099011 -0.09390514 -0.00907466
v 0.00092979 -0.09542515 -0.00951180
v 0.00091316 -0.09411241 -0.00967613
v 0.00091354 -0.09332133 -0.00973997
v -0.00408083 -0.09858690 -0.00503110
v -0.03634108 0.05966499 -0.00889437
v -0.03558607 0.05812677 -0.01159727
v -0.03667322 0.05772082 -0.00926593
v -0.03540119 0.06006360 -0.01113146
v -0.03590777 0.06160668 -0.00855272
v -0.03519734 0.06198468 -0.01060015
v -0.03509018 0.06202394 -0.01082646
v -0.03470434 0.06396679 -0.01047078
v -0.03494194 0.06386296 -0.00989100
v -0.03544460 0.06354765 -0.00821991
v -0.03414942 0.06590553 -0.01016509
v -0.03460886 0.06567675 -0.00891382
v -0.03358322 0.06784399 -0.00986273
v -0.03340834 0.06622528 -0.01195431
v -0.03310946 0.06806746 -0.01109511
v -0.03362010 0.06431076 -0.01251288
v -0.03488438 0.06548626 -0.00791578
v -0.03423023 0.06745271 -0.00777944
v -0.03427169 0.06742359 -0.00762718
v -0.03378118 0.06936390 -0.00730244
v -0.03413743 0.06805189 -0.00751490
v -0.03681941 0.05760548 -0.00867003
v -0.03655842 0.05947912 -0.00794159
v -0.03688431 0.05924105 -0.00670176
v -0.03732103 0.05729943 -0.00704240
v -0.03634295 0.06118012 -0.00639206
v -0.03621945 0.06128801 -0.00694404
v -0.03592301 0.06313221 -0.00609329
v -0.03593498 0.06312243 -0.00604292
v -0.03688183 0.06075607 -0.00420073
v -0.03737299 0.05881579 -0.00452527
v -0.03773562 0.05687237 -0.00488782
v -0.03447157 0.06874314 0.00540939
v -0.03270159 0.07090919 0.00416170
v -0.03451585 0.06871107 0.00557652
v -0.02175095 0.06018200 0.02091435
v -0.02174267 0.06226546 0.02077083
v -0.02398171 0.06048886 0.02040002
v -0.02400755 0.06211554 0.02017870
v -0.02372600 0.06256174 0.02020447
v -0.02392573 0.05835204 0.02076526
v -0.02182826 0.06442686 0.02030339
v -0.02217367 0.06447620 0.02021526
v -0.02183306 0.06499189 0.02024063
v -0.01960844 0.06621943 0.02060786
v -0.02093266 0.06639824 0.02031809
v -0.01966668 0.06777614 0.02028275
v -0.01968493 0.06837327 0.02017186
v -0.02492180 0.06063861 0.02008827
v -0.02611854 0.05871549 0.01997235
v -0.02626595 0.06084011 0.01970117
v -0.02400478 0.06259835 0.02014831
v -0.02629324 0.06295310 0.01943491
v -0.02401867 0.06470021 0.01992831
v -0.02624701 0.05850042 0.01995783
v -0.02617397 0.05658308 0.02036271
v -0.01962859 0.06414582 0.02071045
v -0.02181273 0.06650430 0.02018489
v -0.02188509 0.06865471 0.01976313
v -0.02411205 0.06686807 0.01943401
v -0.02412544 0.06739270 0.01934551
v -0.02306832 0.06883963 0.01938731
v -0.02443552 0.06692067 0.01932179
v -0.02577366 0.06500099 0.01924768
v -0.02396125 0.05629120 0.02081481
v -0.02634020 0.06405849 0.01918508
v -0.01752338 0.06812388 0.02044739
v -0.01906739 0.06830508 0.02023635
v -0.02733195 0.05679278 0.01986136
v -0.02625530 0.05874093 0.01991001
v -0.02421791 0.06904630 0.01889664
v -0.02796254 0.06114978 0.01895534
v -0.02198142 0.06992271 0.01933293
v -0.01961957 0.06204800 0.02091367
v -0.01749206 0.06600754 0.02072755
v -0.02865500 0.05918805 0.01881276
v -0.02864075 0.05708589 0.01903401
v -0.02866348 0.05949035 0.01875918
v -0.02638617 0.06512059 0.01894216
v -0.02690924 0.06307639 0.01911367
v -0.02653587 0.06733522 0.01825353
v -0.02657874 0.06796398 0.01805679
v -0.02875981 0.06345574 0.01810693
v -0.02866997 0.06129082 0.01858900
v -0.02566019 0.06933988 0.01812166
v -0.02663151 0.06950496 0.01775145
v -0.02688814 0.06741753 0.01801497
v -0.02441665 0.07069940 0.01808840
v -0.02881843 0.06434622 0.01783535
v -0.02812461 0.06549538 0.01791079
v -0.02813343 0.06983725 0.01682093
v -0.02687068 0.07126222 0.01679785
v -0.02212529 0.07094448 0.01876224
v -0.02451631 0.07138439 0.01769494
v -0.02374108 0.07124541 0.01802400
v -0.02234648 0.07238967 0.01789516
v -0.02480818 0.07286534 0.01658587
v -0.02621078 0.07174269 0.01672222
v -0.03660380 0.06226439 -0.00178117
v -0.03631836 0.06269460 -0.00389757
v -0.03706291 0.06044301 -0.00267153
v -0.03680899 0.06151828 -0.00190124
v -0.03745196 0.05867570 -0.00384184
v -0.03663463 0.06217775 -0.00136583
v -0.03568758 0.06463150 -0.00361431
v -0.03590059 0.06323465 -0.00602589
v -0.03717747 0.06032611 -0.00208132
v -0.03774767 0.05838775 -0.00238250
v -0.03685613 0.06183338 0.00032543
v -0.03741416 0.05989471 0.00002066
v -0.03547712 0.06485233 -0.00472684
v -0.03534711 0.06506037 -0.00574697
v -0.03611514 0.06420474 -0.00145590
v -0.03466244 0.06699595 -0.00547965
v -0.03407065 0.06893379 -0.00518486
v -0.03537716 0.06613903 -0.00120433
v -0.03483128 0.06656290 -0.00339773
v -0.03427530 0.06850161 -0.00309235
v -0.03489650 0.06646059 -0.00289551
v -0.03610994 0.06376746 0.00057457
v -0.03441529 0.06815138 -0.00140721
v -0.03386907 0.06924317 -0.00670534
v -0.03450645 0.06807008 -0.00099201
v -0.03425164 0.06874767 -0.00090281
v -0.03399698 0.06957276 0.00135912
v -0.03507513 0.06600239 -0.00346193
v -0.03365774 0.07000166 -0.00077318
v -0.03347367 0.07043434 -0.00285961
v -0.03488961 0.06764224 0.00115327
v -0.03540202 0.06570247 0.00083502
v -0.03610341 0.06382702 0.00029504
v -0.03600490 0.06404304 0.00061043
v -0.03777546 0.05795126 -0.00034228
v -0.03775252 0.05683491 -0.00470682
v -0.03809352 0.05644392 -0.00275000
v -0.03674119 0.06139342 0.00232344
v -0.03598291 0.06332721 0.00256900
v -0.03534109 0.06497282 0.00277897
v -0.03523901 0.06526134 0.00281882
v -0.03725976 0.05945380 0.00200700
v -0.03473553 0.06720133 0.00313972
v -0.03416711 0.06913974 0.00344141
v -0.03267117 0.07128913 -0.00716088
v -0.03206230 0.06885496 0.01344883
v -0.03171932 0.07123601 0.01178519
v -0.03256588 0.07005604 0.01174660
v -0.03213882 0.06889663 0.01328640
v -0.03318856 0.06931953 0.01174984
v -0.03311789 0.07039733 0.00985151
v -0.03113230 0.07078456 0.01364362
v -0.03380186 0.06977162 0.00989917
v -0.03043762 0.07240669 0.01169543
v -0.02988696 0.07205008 0.01358722
v -0.03430894 0.03988846 0.01539062
v -0.03545069 0.03834227 0.01350020
v -0.03457128 0.03801595 0.01465752
v -0.03536030 0.04029232 0.01394324
v -0.03421356 0.03787500 0.01516642
v -0.03415269 0.03982577 0.01561819
v -0.03290151 0.03740590 0.01681048
v -0.03539938 0.03638878 0.01301527
v -0.03273693 0.03935414 0.01723158
v -0.03382638 0.04177007 0.01599147
v -0.03239844 0.04129815 0.01760126
v -0.03344596 0.04371305 0.01634875
v -0.03173091 0.04323415 0.01787366
v -0.03313324 0.04565769 0.01672605
v -0.03434878 0.04201187 0.01508107
v -0.03486709 0.04223256 0.01426718
v -0.03434535 0.04409936 0.01492081
v -0.03454832 0.04417705 0.01464269
v -0.03584132 0.04269343 0.01252324
v -0.03547004 0.04463664 0.01288322
v -0.03609985 0.04074748 0.01212991
v -0.03418769 0.04605880 0.01529270
v -0.03436325 0.04612479 0.01505774
v -0.03538683 0.04658686 0.01332838
v -0.03518255 0.04853413 0.01373775
v -0.03635011 0.04994454 0.00765924
v -0.03678929 0.05032188 0.00608483
v -0.03682330 0.05011468 0.00604483
v -0.03626658 0.04987200 0.00796228
v -0.03716091 0.04837868 0.00572494
v -0.03651372 0.04799006 0.00726678
v -0.03628274 0.04964317 0.00791190
v -0.03641029 0.04792325 0.00753500
v -0.03703904 0.05271737 0.00459644
v -0.03720381 0.05511078 0.00308293
v -0.03753988 0.05316672 0.00271253
v -0.03667879 0.05466084 0.00495969
v -0.03648897 0.05226682 0.00646580
v -0.03620402 0.05421213 0.00685131
v -0.03605265 0.05181904 0.00836879
v -0.03577404 0.05376450 0.00875618
v -0.03693586 0.05705651 0.00347347
v -0.03625133 0.05000027 0.00798872
v -0.03737531 0.05750436 0.00157140
v -0.03784735 0.05170664 0.00245030
v -0.03627401 0.05660324 0.00530977
v -0.03577755 0.05615399 0.00719498
v -0.03664259 0.05900161 0.00385652
v -0.03578155 0.05854349 0.00563393
v -0.03531148 0.05809489 0.00752694
v -0.03623909 0.06094404 0.00420698
v -0.03754202 0.05555618 0.00115093
v -0.03786488 0.05361179 0.00077663
v -0.03818145 0.05166725 0.00040046
v -0.03787561 0.05600146 -0.00078243
v -0.03547711 0.05570952 0.00913815
v -0.03518204 0.05526518 0.01108290
v -0.03601731 0.05175856 0.00863545
v -0.03498765 0.05764985 0.00946319
v -0.03800195 0.05131603 0.00195960
v -0.03723710 0.05202742 0.00448782
v -0.03761192 0.05077907 0.00429606
v -0.03683461 0.05034682 0.00598747
v -0.03795718 0.05122463 0.00236615
v -0.03798261 0.04883585 0.00393590
v -0.03840400 0.04928326 0.00202850
v -0.03828913 0.04689106 0.00355676
v -0.03761658 0.04643753 0.00538991
v -0.03862985 0.04733651 0.00162551
v -0.03521193 0.06048187 0.00593527
v -0.03464379 0.05720432 0.01139352
v -0.03468523 0.06003189 0.00781154
v -0.03476459 0.06242323 0.00627277
v -0.03410348 0.06196998 0.00810930
v -0.03448679 0.06436871 0.00666040
v -0.03381317 0.06391516 0.00849323
v -0.03498884 0.06481809 0.00477685
v -0.03411670 0.06631195 0.00702074
v -0.03466605 0.06603022 0.00497497
v -0.03358659 0.06586189 0.00889600
v -0.03373651 0.06152389 0.01003279
v -0.03332667 0.06346616 0.01038138
v -0.03326609 0.06107528 0.01192570
v -0.03303492 0.06541130 0.01076488
v -0.03269551 0.06301363 0.01222676
v -0.03447038 0.05481070 0.01290448
v -0.03522324 0.05507191 0.01104833
v -0.03571080 0.05359441 0.00952095
v -0.03440234 0.05958785 0.00975989
v -0.03396317 0.05914000 0.01166204
v -0.03517155 0.06514365 0.00333831
v -0.03251951 0.06061994 0.01373695
v -0.03237305 0.06282011 0.01299448
v -0.03211393 0.06195934 0.01394171
v -0.03254568 0.06366808 0.01234081
v -0.03192481 0.06255771 0.01403088
v -0.03226434 0.06495538 0.01256904
v -0.03286785 0.06532126 0.01111508
v -0.03152068 0.06450012 0.01438116
v -0.03130334 0.06210543 0.01587913
v -0.03167093 0.06016213 0.01551805
v -0.03473100 0.05405099 0.01279720
v -0.03685363 0.04598180 0.00719632
v -0.03645193 0.04771946 0.00749803
v -0.03601691 0.04747652 0.00945069
v -0.03632452 0.04783297 0.00791961
v -0.03625941 0.04553018 0.00905262
v -0.03665083 0.04358746 0.00869859
v -0.03317152 0.05868357 0.01345997
v -0.03562084 0.06288123 0.00449395
v -0.03381226 0.05674692 0.01317965
v -0.03171952 0.06018716 0.01542156
v -0.03221794 0.05822320 0.01521002
v -0.03169811 0.06006953 0.01550364
v -0.03284955 0.05628633 0.01492700
v -0.03843675 0.04958671 0.00063142
v -0.03807958 0.05405418 -0.00119189
v -0.03520123 0.05287624 0.01265080
v -0.03064898 0.06404174 0.01615542
v -0.03124101 0.06644556 0.01476823
v -0.03417781 0.06640890 0.00659510
v -0.03443507 0.06675686 0.00508287
v -0.03828176 0.05449626 -0.00316411
v -0.03224129 0.06690707 0.01303199
v -0.03230611 0.06694520 0.01288126
v -0.03445540 0.06842526 0.00549023
v -0.03320772 0.06736775 0.01128574
v -0.03398039 0.06782372 0.00948220
v -0.03403120 0.07021436 0.00793499
v -0.03454514 0.06827463 0.00761718
v -0.03407954 0.05241178 0.01435115
v -0.03451122 0.05259842 0.01366009
v -0.03436201 0.05162864 0.01424457
v -0.03489257 0.05047932 0.01412177
v -0.03345926 0.05000727 0.01572998
v -0.03421371 0.05026106 0.01485875
v -0.03283916 0.05194442 0.01601640
v -0.03205977 0.04953605 0.01734819
v -0.03136440 0.05147137 0.01761235
v -0.03218881 0.05388084 0.01629387
v -0.03357632 0.05435177 0.01467213
v -0.03151634 0.05583780 0.01646681
v -0.03158639 0.05798629 0.01605302
v -0.03144916 0.05581508 0.01654494
v -0.03096629 0.05775557 0.01687194
v -0.03044659 0.05969517 0.01718804
v -0.03150516 0.05564574 0.01652043
v -0.03260377 0.04759704 0.01703927
v -0.03391434 0.04806610 0.01539477
v -0.03007597 0.05534449 0.01817093
v -0.03064523 0.05340610 0.01786948
v -0.02946158 0.05728178 0.01845903
v -0.03136481 0.05362165 0.01716177
v -0.03421253 0.04671063 0.01515503
v -0.03423973 0.04819234 0.01494105
v -0.02993674 0.06163500 0.01750706
v -0.02915968 0.06356833 0.01774707
v -0.03126927 0.05171021 0.01764225
v -0.02876017 0.05921696 0.01872141
v -0.02974164 0.06597190 0.01635690
v -0.02898555 0.06573350 0.01715592
v -0.02914652 0.06723355 0.01648802
v -0.03063311 0.06838301 0.01505825
v -0.02921286 0.06801256 0.01619952
v -0.02883248 0.06790202 0.01655786
v -0.03125898 0.05144345 0.01769902
v -0.02943473 0.07028711 0.01526186
v -0.02950333 0.07030775 0.01519397
v -0.02868289 0.05265212 0.01925652
v -0.02867454 0.05293327 0.01926162
v -0.02866559 0.05501618 0.01912040
v -0.02861786 0.05291960 0.01930204
v -0.02801791 0.05485724 0.01959441
v -0.02945111 0.07038794 0.01519814
v -0.02770264 0.07221616 0.01513133
v -0.02720310 0.07206988 0.01560706
v -0.02733569 0.07259272 0.01511559
v -0.02782944 0.07359653 0.01336304
v -0.02906643 0.07268652 0.01350256
v -0.03577385 0.04898569 0.01188058
v -0.03595915 0.04703795 0.01146561
v -0.03566504 0.05093528 0.01231817
v -0.03600976 0.04508694 0.01101081
v -0.03624602 0.04314044 0.01061090
v -0.03653166 0.04119515 0.01022559
v -0.03607423 0.04943016 0.00993740
v -0.03587803 0.05137763 0.01034915
v -0.03565794 0.05332452 0.01075384
v -0.03664872 0.04163516 0.00822820
v -0.03415648 -0.01550773 0.01512765
v -0.03399900 -0.01355932 0.01555085
v -0.03337309 -0.01578225 0.01608339
v -0.03319775 -0.01383749 0.01651631
v -0.03282261 -0.01597736 0.01676526
v -0.03301398 -0.01792494 0.01635207
v -0.03352544 -0.01774609 0.01572981
v -0.03359666 -0.01161686 0.01590165
v -0.03319437 -0.01174996 0.01635586
v -0.03324258 -0.00967324 0.01626673
v -0.03256329 -0.01403142 0.01715835
v -0.03214014 -0.01208948 0.01750300
v -0.03312853 -0.00971430 0.01641097
v -0.03176954 -0.01014625 0.01786319
v -0.03313682 -0.00922904 0.01634296
v -0.03282775 -0.00773109 0.01661384
v -0.03126534 -0.00820628 0.01818387
v -0.03410955 -0.00726273 0.01496083
v -0.03315786 -0.00759962 0.01613768
v -0.03381985 -0.00531754 0.01534494
v -0.03305593 -0.00559391 0.01631729
v -0.03298585 -0.00356177 0.01638701
v -0.03349773 -0.00337313 0.01571946
v -0.03255950 -0.00578537 0.01700429
v -0.03227310 -0.00384010 0.01738937
v -0.03042107 -0.01256848 0.01902671
v -0.03083041 -0.00626462 0.01852504
v -0.03024925 -0.01055961 0.01916299
v -0.03022210 -0.00849181 0.01908459
v -0.03018434 -0.00643283 0.01904277
v -0.03064950 -0.01451517 0.01862449
v -0.02998148 -0.01062694 0.01936650
v -0.03030329 -0.01209471 0.01910658
v -0.03078517 -0.01646411 0.01819484
v -0.02938203 -0.00868928 0.01965903
v -0.03014880 -0.00228167 0.01882121
v -0.03089236 -0.01841375 0.01775677
v -0.03084940 -0.01842265 0.01778056
v -0.03066040 -0.01648923 0.01826060
v -0.03047846 -0.01454996 0.01871630
v -0.03032382 -0.01258802 0.01907779
v -0.02772271 0.00142997 0.01966532
v -0.02803379 0.00147628 0.01957722
v -0.02892414 -0.00045429 0.01937070
v -0.02773149 -0.00065308 0.01980713
v -0.02538934 0.00103792 0.02053370
v -0.02576404 -0.00096837 0.02046835
v -0.02536799 0.00311053 0.02043528
v -0.02676961 -0.00289614 0.02029590
v -0.02773082 -0.00274396 0.01998152
v -0.03004275 0.00181094 0.01884296
v -0.02769444 0.00349683 0.01959078
v -0.03006865 -0.00025789 0.01892568
v -0.02963274 -0.00238929 0.01911045
v -0.02998054 0.00384963 0.01888550
v -0.02773069 0.00192575 0.01959753
v -0.02713194 0.00340658 0.01978033
v -0.02532852 0.00516809 0.02039937
v -0.02776939 -0.00480227 0.02002053
v -0.02777777 -0.00522714 0.02002718
v -0.02850564 -0.00675837 0.01986967
v -0.03162088 0.00004851 0.01813606
v -0.03092830 0.00198390 0.01840104
v -0.03039700 0.00392321 0.01871372
v -0.02986060 0.00584038 0.01912727
v -0.02753780 0.00545710 0.01995919
v -0.03001380 0.00586613 0.01907018
v -0.03190996 -0.00189669 0.01775177
v -0.03216188 0.00635558 0.01767331
v -0.03175676 0.00829796 0.01802329
v -0.02975533 0.00784330 0.01931842
v -0.02964183 0.00983940 0.01953795
v -0.03689884 0.05186958 -0.01060852
v -0.03736642 0.04969832 -0.00986909
v -0.03726585 0.05170515 -0.00969419
v -0.03688044 0.04991689 -0.01108372
v -0.03776663 0.05145354 -0.00831994
v -0.03774189 0.04950070 -0.00879702
v -0.03686494 0.05382100 -0.01014878
v -0.03712678 0.05368002 -0.00938642
v -0.03767227 0.05340349 -0.00787807
v -0.03757943 0.05535348 -0.00743576
v -0.03699635 0.05566206 -0.00910845
v -0.03682594 0.05577230 -0.00969054
v -0.03742668 0.04765802 -0.00990492
v -0.03762775 0.04754567 -0.00930053
v -0.03746484 0.04559937 -0.00986452
v -0.03748448 0.04558994 -0.00981265
v -0.03820016 0.04517020 -0.00756905
v -0.03823412 0.04712327 -0.00708925
v -0.03798380 0.04321269 -0.00810279
v -0.03749211 0.04353167 -0.00978650
v -0.03746691 0.04542586 -0.00985723
v -0.03754237 0.04148307 -0.00978782
v -0.03792846 0.04125910 -0.00858891
v -0.03735353 0.04363451 -0.01032114
v -0.03810963 0.05297698 -0.00571676
v -0.03814504 0.05102560 -0.00617606
v -0.03812369 0.04907283 -0.00665213
v -0.03833214 0.04083176 -0.00643756
v -0.03838788 0.04278537 -0.00595132
v -0.03835949 0.04479687 -0.00576861
v -0.03838057 0.04364971 -0.00574545
v -0.03832817 0.03887942 -0.00690850
v -0.03796972 0.05492582 -0.00528837
v -0.03840421 0.04473801 -0.00547672
v -0.03842164 0.04669068 -0.00500180
v -0.03830324 0.04684050 -0.00574661
v -0.03848590 0.04864449 -0.00451304
v -0.03820657 0.04885057 -0.00558513
v -0.03837620 0.05059406 -0.00407571
v -0.03815366 0.05089698 -0.00557469
v -0.03811006 0.05295111 -0.00559634
v -0.03827669 0.05254389 -0.00363537
v -0.03796989 0.05492506 -0.00528476
v -0.03854210 0.04625645 -0.00293419
v -0.03838042 0.04430027 -0.00345176
v -0.03853836 0.04820861 -0.00246553
v -0.03857841 0.04582018 -0.00089146
v -0.03870235 0.04777544 -0.00038505
v -0.03829703 0.05015498 -0.00206712
v -0.03845409 0.04972164 0.00001131
v -0.03816908 0.05210411 -0.00163519
v -0.03834805 0.03851637 -0.00521285
v -0.03845753 0.04386499 -0.00139697
v -0.03836186 0.04270851 -0.00560469
v -0.03835565 0.04234742 -0.00392885
v -0.03829628 0.04056372 -0.00520630
v -0.03836214 0.04039533 -0.00439669
v -0.03838177 0.03844357 -0.00486066
v -0.03856310 0.03801082 -0.00277505
v -0.03853887 0.03658447 -0.00569918
v -0.03827735 0.03692594 -0.00739329
v -0.03864092 0.03457887 -0.00587921
v -0.03862281 0.03649719 -0.00525915
v -0.03880231 0.03606440 -0.00317408
v -0.03857508 0.04552090 0.00049828
v -0.03869027 0.04770687 -0.00007127
v -0.03857118 0.04538284 0.00113840
v -0.03847600 0.04455905 0.00091259
v -0.03832708 0.04342465 0.00059646
v -0.03412512 0.00293604 0.01528226
v -0.03491964 0.00534478 0.01395495
v -0.03318890 0.00052384 0.01656768
v -0.03278292 0.00246621 0.01691741
v -0.03262935 0.00241324 0.01710082
v -0.03265663 0.00034556 0.01717876
v -0.03386494 0.00488195 0.01567510
v -0.03243848 0.00643543 0.01741522
v -0.03337582 -0.00142385 0.01615318
v -0.03282405 -0.00160577 0.01677320
v -0.03351966 0.00682579 0.01604277
v -0.03459542 0.00728914 0.01432885
v -0.03423195 0.00923253 0.01469115
v -0.03309507 0.00876770 0.01638700
v -0.03239932 0.00849326 0.01737823
v -0.03371816 0.01117227 0.01500899
v -0.03257364 0.01072832 0.01660468
v -0.03255927 0.01057285 0.01666608
v -0.03252047 0.01070596 0.01668687
v -0.03246271 0.01272655 0.01681533
v -0.03345140 0.01311802 0.01539989
v -0.03245251 0.01480841 0.01667845
v -0.03227378 0.01265220 0.01708369
v -0.03314633 0.01506284 0.01577945
v -0.03249371 0.01693296 0.01636417
v -0.03269793 0.01700417 0.01611664
v -0.03183418 0.01459374 0.01742348
v -0.03124411 0.01023773 0.01834148
v -0.03251101 0.01773915 0.01623932
v -0.03504560 0.01164174 0.01336949
v -0.03128005 0.01653250 0.01772941
v -0.03220887 0.01894452 0.01644180
v -0.03491541 0.01359082 0.01380076
v -0.03463234 0.01553618 0.01418682
v -0.03431400 0.01748067 0.01456247
v -0.03250710 0.01903441 0.01614589
v -0.03381162 0.01942069 0.01488369
v -0.03519693 0.01989157 0.01326129
v -0.03247002 0.02109395 0.01610176
v -0.03335320 0.02136178 0.01521791
v -0.03489121 0.02183637 0.01364066
v -0.03462221 0.02378207 0.01403089
v -0.03311385 0.02330819 0.01561691
v -0.03230801 0.02304977 0.01648867
v -0.03067827 0.01217620 0.01864394
v -0.03067882 0.01847011 0.01802140
v -0.03175761 0.02088578 0.01677814
v -0.03445133 0.02573016 0.01445013
v -0.03210405 0.02497076 0.01702033
v -0.03149926 0.02283173 0.01717152
v -0.02994496 0.02040449 0.01827418
v -0.02994242 0.01411054 0.01889614
v -0.02964222 0.01611072 0.01902034
v -0.02965565 0.01821221 0.01880188
v -0.02963296 0.01192236 0.01939648
v -0.02966974 0.01404324 0.01909745
v -0.02971101 0.02034851 0.01843878
v -0.02969710 0.02126798 0.01841013
v -0.02967575 0.02240956 0.01838836
v -0.02960154 0.02443828 0.01847233
v -0.03588624 0.01402374 0.01218537
v -0.03589366 0.01436141 0.01213250
v -0.03561260 0.01599720 0.01244466
v -0.03594950 0.01405315 0.01207451
v -0.03595213 0.01616878 0.01178594
v -0.03653538 0.01645682 0.01068551
v -0.03625329 0.01210830 0.01169457
v -0.03593205 0.01197143 0.01219942
v -0.03623669 0.01046117 0.01129341
v -0.03623302 0.01015556 0.01121881
v -0.03508195 0.00969038 0.01291047
v -0.03543530 0.00774674 0.01254518
v -0.03583538 0.00580423 0.01219371
v -0.03631414 0.00820529 0.01077303
v -0.03651989 0.00724121 0.01060068
v -0.03641225 0.00609914 0.01105877
v -0.03615595 0.00476153 0.01203571
v -0.03684091 0.01255976 0.00983631
v -0.03702764 0.01061206 0.00942176
v -0.03654768 0.01450487 0.01021938
v -0.03730268 0.01300816 0.00794085
v -0.03756303 0.01106226 0.00754806
v -0.03717864 0.00866349 0.00899664
v -0.03774242 0.00911438 0.00713134
v -0.03731024 0.01496059 0.00841285
v -0.03633422 0.01021502 0.01098382
v -0.03727588 0.01691200 0.00887246
v -0.03665464 0.00839073 0.01005029
v -0.03573022 0.01807486 0.01237953
v -0.03543769 0.01794518 0.01286271
v -0.03558222 0.02004232 0.01271810
v -0.03644551 0.01840688 0.01112870
v -0.03632481 0.02035618 0.01156278
v -0.03546836 0.02203811 0.01293891
v -0.03614736 0.02230411 0.01198007
v -0.03453199 0.03593051 0.01479080
v -0.03325065 0.03546216 0.01644394
v -0.03353702 0.03351688 0.01605885
v -0.03470516 0.03398248 0.01437224
v -0.03387232 0.03157280 0.01568823
v -0.03480630 0.03334198 0.01424743
v -0.03482452 0.03195521 0.01429998
v -0.03503421 0.03203824 0.01399977
v -0.03409186 0.02962590 0.01528337
v -0.03522191 0.03009056 0.01358550
v -0.03498667 0.02999950 0.01391259
v -0.03428065 0.02767825 0.01486943
v -0.03529576 0.02814012 0.01313757
v -0.03523331 0.02811396 0.01323364
v -0.03550794 0.02619304 0.01273054
v -0.03536440 0.02613246 0.01295341
v -0.03635450 0.02860305 0.01141862
v -0.03615541 0.03055045 0.01182951
v -0.03584193 0.02424892 0.01235953
v -0.03540760 0.02407800 0.01297646
v -0.03309216 0.02525991 0.01608026
v -0.03288136 0.02720703 0.01648769
v -0.03261435 0.02915277 0.01687851
v -0.03237670 0.03109923 0.01727801
v -0.03205565 0.03304366 0.01765285
v -0.03168538 0.03089415 0.01794866
v -0.03160719 0.03291956 0.01804635
v -0.03196597 0.02694645 0.01732469
v -0.03184529 0.02893658 0.01756900
v -0.03149063 0.03700345 0.01810437
v -0.03137009 0.03899370 0.01834820
v -0.03162160 0.03502185 0.01782456
v -0.03161948 0.03449326 0.01787525
v -0.03147948 0.03498188 0.01795226
v -0.03133925 0.04105843 0.01828250
v -0.03117273 0.03692666 0.01833132
v -0.03641857 0.03489850 0.01081485
v -0.03673889 0.03729571 0.00934733
v -0.03697874 0.03534930 0.00894849
v -0.03669604 0.03295301 0.01042713
v -0.03722012 0.03340293 0.00855009
v -0.03690888 0.03100595 0.01002030
v -0.03752523 0.03145811 0.00817054
v -0.03718729 0.02906048 0.00963285
v -0.03606127 0.03684205 0.01117898
v -0.03643861 0.03924064 0.00972831
v -0.03594429 0.03879145 0.01161415
v -0.03562087 0.03444193 0.01261099
v -0.03588497 0.03249611 0.01221932
v -0.03466941 0.03600709 0.01449101
v -0.03482752 0.03404804 0.01411753
v -0.03639333 0.02665175 0.01096033
v -0.03696447 0.02080891 0.00971991
v -0.03677577 0.02275657 0.01013388
v -0.03736673 0.02320811 0.00827661
v -0.03654830 0.02470327 0.01053639
v -0.03725090 0.02515754 0.00871213
v -0.03718288 0.01886198 0.00931472
v -0.03780277 0.02560813 0.00684331
v -0.03717686 0.02710798 0.00916000
v -0.03773094 0.02755863 0.00729183
v -0.03760819 0.02950788 0.00772530
v -0.03746753 0.02125832 0.00783665
v -0.03754737 0.01930802 0.00739049
v -0.03797619 0.02170786 0.00595505
v -0.03804643 0.01975732 0.00550606
v -0.03787815 0.02365772 0.00639583
v -0.03772277 0.01736004 0.00697259
v -0.03832056 0.02410565 0.00449464
v -0.03824994 0.02605617 0.00494353
v -0.03812249 0.02800532 0.00537560
v -0.03802450 0.02995518 0.00581640
v -0.03787893 0.03190388 0.00624312
v -0.03851522 0.02845204 0.00345973
v -0.03832692 0.03039970 0.00387382
v -0.03833129 0.02215366 0.00402805
v -0.03804992 0.01780516 0.00503732
v -0.03837168 0.02020240 0.00357023
v -0.03854955 0.02650063 0.00300011
v -0.03816796 0.03234807 0.00429658
v -0.03849749 0.03279326 0.00236202
v -0.03834442 0.03474177 0.00278652
v -0.03793870 0.03429474 0.00469856
v -0.03868595 0.03307095 0.00114829
v -0.03860441 0.03509358 0.00125756
v -0.03866864 0.03518683 0.00085039
v -0.03861816 0.03084395 0.00192793
v -0.03864850 0.03094952 0.00144960
v -0.03760554 0.03384947 0.00663205
v -0.03764139 0.03623975 0.00508042
v -0.03802815 0.03668632 0.00316278
v -0.03731872 0.03818414 0.00545478
v -0.03796507 0.03713297 0.00325197
v -0.03741569 0.03828728 0.00501500
v -0.03726833 0.04013516 0.00590964
v -0.03776244 0.03863210 0.00355398
v -0.03758250 0.04057996 0.00397054
v -0.03798804 0.04102700 0.00205845
v -0.03745382 0.04040927 0.00471136
v -0.03806254 0.03673401 0.00295517
v -0.03836488 0.03713168 0.00123034
v -0.03738686 0.03579639 0.00703716
v -0.03711007 0.03774190 0.00742508
v -0.03684009 0.03968757 0.00781502
v -0.03713757 0.04208422 0.00634075
v -0.03765011 0.04253386 0.00446029
v -0.03711947 0.04403603 0.00680516
v -0.03758785 0.04142193 0.00417469
v -0.03768272 0.04448690 0.00493970
v -0.03878301 0.03323736 0.00041444
v -0.03807660 0.01584235 0.00462759
v -0.03808088 0.01596353 0.00460315
v -0.03815523 0.01799797 0.00418419
v -0.03834577 0.01956932 0.00341038
v -0.03857193 0.02454893 0.00253697
v -0.03852548 0.02248605 0.00256246
v -0.03840326 0.02029424 0.00315626
v -0.03858472 0.02259699 0.00207098
v -0.03857889 0.02353640 0.00229534
v -0.03827400 0.01824778 0.00307158
v -0.03808174 0.01585369 0.00457697
v -0.03798290 0.03907463 0.00158717
v -0.03828718 0.04147144 0.00011490
v -0.03832798 0.04493976 0.00309849
v -0.03826450 0.04298597 0.00260995
v -0.03822314 0.03951763 -0.00037380
v -0.03861110 0.02464747 0.00209494
v -0.03872805 0.02498989 0.00055113
v -0.03869617 0.02694135 0.00101147
v -0.03863190 0.02675507 0.00185108
v -0.03865865 0.02889269 0.00147014
v -0.03864697 0.02885792 0.00162699
v -0.03864691 0.02938057 0.00158414
v -0.03849785 0.03757207 -0.00076234
v -0.03833727 0.03995757 -0.00237205
v -0.03825966 0.04190793 -0.00192523
v -0.03848405 0.02064230 0.00157145
v -0.03874082 0.03562574 -0.00116027
v -0.03811690 0.04202431 0.00233578
v -0.03828017 0.04318570 0.00168797
v -0.01852650 -0.09380435 0.01954098
v -0.01716518 -0.09421924 0.02091292
v -0.01725566 -0.09205378 0.02042864
v -0.01701492 -0.09427831 0.02112604
v -0.01650894 -0.09233838 0.02144620
v -0.01772828 -0.09187154 0.01977473
v -0.01744079 -0.09157399 0.01976301
v -0.01578686 -0.08996655 0.01967047
v -0.01501424 -0.09042251 0.02147403
v -0.01465706 -0.09266604 0.02221217
v -0.01480509 -0.09463347 0.02187351
v -0.01511227 -0.09646875 0.02098565
v -0.01479335 -0.09046255 0.02156983
v -0.00896041 -0.08707260 0.00342811
v -0.00969352 -0.08824870 0.00335757
v -0.00884585 -0.08751255 0.00542623
v -0.00906858 -0.08776092 0.00543102
v -0.00890622 -0.08762398 0.00596886
v -0.00845772 -0.08513259 0.00374924
v -0.00881412 -0.08468676 0.00182262
v -0.00783185 -0.08558499 0.00559618
v -0.00709272 -0.08604014 0.00740964
v -0.00799846 -0.08362869 0.00611521
v -0.00659256 -0.08410007 0.00773152
v -0.00604328 -0.08650284 0.00913135
v -0.00891767 -0.08316915 0.00435500
v -0.01551611 -0.07345091 0.00005704
v -0.01579901 -0.07105462 -0.00142154
v -0.01541306 -0.07301626 -0.00200543
v -0.01557868 -0.07062282 -0.00351869
v -0.01605843 -0.06865890 -0.00290708
v -0.01529425 -0.07286873 -0.00273973
v -0.01609567 -0.06909515 -0.00086407
v -0.01578592 -0.07149210 0.00060658
v -0.01647348 -0.06669655 -0.00231459
v -0.01633314 -0.06713713 -0.00032409
v -0.01666099 -0.06473974 -0.00178939
v -0.01638670 -0.06430926 -0.00390248
v -0.01655490 -0.06235292 -0.00338299
v -0.01685612 -0.06039334 -0.00282416
v -0.01654855 -0.05996367 -0.00494710
v -0.01683849 -0.06058989 -0.00191777
v -0.01693275 -0.06082864 -0.00076951
v -0.01655696 -0.06322719 0.00068162
v -0.01687391 -0.06126723 0.00124509
v -0.01590905 -0.06953686 0.00111275
v -0.01638042 -0.06366865 0.00266142
v -0.01643594 -0.06518238 0.00017607
v -0.01647399 -0.06507320 -0.00031587
v -0.01626887 -0.06562361 0.00215867
v -0.01613724 -0.06757906 0.00164998
v -0.01617903 -0.06740843 0.00087395
v -0.01638423 -0.06569141 0.00003860
v -0.01602476 -0.06822189 0.00146270
v -0.01524293 -0.07389472 0.00200827
v -0.01655173 -0.06171223 0.00318183
v -0.01544988 -0.07193744 0.00253922
v -0.01734265 -0.05930357 0.00185345
v -0.01464022 -0.07586164 0.00136030
v -0.01684055 -0.05975295 0.00373699
v -0.01479915 -0.07542061 -0.00062471
v -0.01478994 -0.07537779 -0.00082752
v -0.01516548 -0.07368156 -0.00223727
v -0.01474244 -0.07498483 -0.00267347
v -0.01510015 -0.07258672 -0.00412994
v -0.01550101 -0.07087892 -0.00360282
v -0.01553193 -0.07058106 -0.00373192
v -0.01512176 -0.07019679 -0.00568578
v -0.01448781 -0.07455387 -0.00478075
v -0.01601724 -0.06627050 -0.00448149
v -0.01571564 -0.06833820 -0.00453791
v -0.01577662 -0.06739493 -0.00482179
v -0.01559628 -0.06823299 -0.00507572
v -0.01583871 -0.06614568 -0.00513464
v -0.01595524 -0.06193036 -0.00559228
v -0.01388139 -0.07695804 -0.00339783
v -0.01449662 -0.07216425 -0.00634038
v -0.01377252 -0.07739785 -0.00139802
v -0.01375677 -0.07678064 -0.00427335
v -0.01489376 -0.06781293 -0.00731543
v -0.01527154 -0.06585149 -0.00673396
v -0.01588266 -0.06401886 -0.00545840
v -0.01566585 -0.06388965 -0.00614761
v -0.01590397 -0.06222535 -0.00567813
v -0.01437078 -0.07209017 -0.00673617
v -0.01452868 -0.06986873 -0.00745310
v -0.01590946 -0.06190627 -0.00572295
v -0.01415632 -0.07435857 -0.00582408
v -0.01399411 -0.07559288 -0.00517385
v -0.01431373 -0.07260930 -0.00650048
v -0.01704889 -0.06001331 -0.00267685
v -0.01508677 -0.06151434 -0.00788107
v -0.01477599 -0.06347415 -0.00844272
v -0.01471271 -0.06344494 -0.00860436
v -0.01602843 -0.05971717 -0.00630553
v -0.01569664 -0.05954725 -0.00723098
v -0.01469662 -0.06372756 -0.00852670
v -0.01367290 -0.07413655 -0.00705370
v -0.01462065 -0.06770204 -0.00794253
v -0.01463550 -0.06559938 -0.00816587
v -0.01456960 -0.06890091 -0.00767117
v -0.01474521 -0.07552078 -0.00066445
v -0.01300163 -0.07292055 -0.00909283
v -0.01294235 -0.07382120 -0.00881818
v -0.01469477 -0.06136950 -0.00871455
v -0.01478013 -0.05920830 -0.00918118
v -0.01353410 -0.07175052 -0.00865697
v -0.01426566 -0.06978047 -0.00797090
v -0.01344405 -0.07653152 -0.00555913
v -0.01359493 -0.06306574 -0.01082392
v -0.01336752 -0.06384542 -0.01107744
v -0.01412110 -0.06544234 -0.00910611
v -0.01333660 -0.06513252 -0.01086691
v -0.01325406 -0.06729139 -0.01041000
v -0.01363373 -0.06740645 -0.00971998
v -0.01321552 -0.06873478 -0.01016082
v -0.01319847 -0.06942787 -0.01004611
v -0.01309179 -0.07160678 -0.00950592
v -0.01483274 -0.05865761 -0.00940447
v -0.01367867 -0.06111146 -0.01032940
v -0.01266593 -0.07572131 -0.00772687
v -0.01618599 -0.05881423 -0.00691277
v -0.01749583 -0.05847729 -0.00431490
v -0.01259794 -0.07619748 -0.00745773
v -0.01440924 -0.05914143 -0.00964362
v -0.01799191 -0.05885061 0.00001342
v -0.01425531 -0.07656828 0.00107871
v -0.01354998 -0.07784042 0.00056818
v -0.01605174 -0.05714920 -0.00868822
v -0.01726091 -0.05755692 -0.00629870
v -0.01765346 -0.05782290 -0.00490191
v -0.01646535 -0.05726406 -0.00798523
v -0.01412528 -0.07631133 0.00324004
v -0.01505519 -0.05688958 -0.01030239
v -0.01247662 -0.07372851 -0.00943940
v -0.01291528 -0.06937618 -0.01040217
v -0.01324039 -0.06103173 -0.01087913
v -0.01326515 -0.05892085 -0.01113664
v -0.01257404 -0.07929978 -0.00006582
v -0.01307081 -0.07833032 -0.00182576
v -0.01843070 -0.05840277 -0.00188884
v -0.01802667 -0.05797544 -0.00404029
v -0.01372773 -0.07718746 0.00291400
v -0.01317549 -0.07828670 0.00248945
v -0.01356309 -0.07730992 -0.00357474
v -0.01205443 -0.08000954 0.00174999
v -0.01187715 -0.08027055 0.00163580
v -0.01222688 -0.07982487 -0.00029279
v -0.01221266 -0.07938806 -0.00232899
v -0.01133042 -0.08038962 -0.00282568
v -0.01083731 -0.08140056 -0.00107466
v -0.01227394 -0.07612285 -0.00793710
v -0.01339737 -0.05756721 -0.01169527
v -0.01426587 -0.05675551 -0.01124825
v -0.01140822 -0.07354964 -0.01070757
v -0.01124895 -0.07484007 -0.01006267
v -0.01111447 -0.07588388 -0.00952189
v -0.01224600 -0.07756440 -0.00615488
v -0.01162753 -0.06918688 -0.01180850
v -0.01335253 -0.06302896 -0.01109398
v -0.01270410 -0.06503967 -0.01155708
v -0.01167205 -0.06705959 -0.01213419
v -0.01000078 -0.08050134 -0.00537510
v -0.01066456 -0.07855143 -0.00685071
v -0.01014029 -0.08139075 -0.00341150
v -0.00978502 -0.08116836 -0.00459047
v -0.00954772 -0.08196777 -0.00372208
v -0.00906873 -0.08313936 -0.00200562
v -0.01036716 -0.08182239 -0.00131242
v -0.01015894 -0.08226462 0.00065801
v -0.00960318 -0.08271531 0.00252569
v -0.00818264 -0.08167658 -0.00618482
v -0.01316118 -0.07736344 0.00484465
v -0.01031743 -0.08210732 0.00074180
v -0.01248069 -0.07874077 0.00431601
v -0.01150237 -0.08035028 0.00364519
v -0.01125556 -0.08072284 0.00348401
v -0.00920827 -0.08273155 0.00454452
v -0.00977294 -0.08253410 0.00261849
v -0.00915080 -0.08097768 -0.00573606
v -0.01085689 -0.07700004 -0.00855885
v -0.01047591 -0.07850439 -0.00714646
v -0.01042550 -0.07871281 -0.00695883
v -0.00862040 -0.08003629 -0.00780044
v -0.00904264 -0.07821943 -0.00937807
v -0.00914139 -0.07815134 -0.00933307
v -0.00838686 -0.08078391 -0.00694903
v -0.01022359 -0.07573560 -0.01057532
v -0.01349678 -0.05663819 -0.01210799
v -0.00906205 -0.07813299 -0.00945084
v -0.00944770 -0.07620727 -0.01091369
v -0.00979191 -0.07350330 -0.01230047
v -0.00996097 -0.07335258 -0.01221520
v -0.00956485 -0.07562518 -0.01135785
v -0.01019377 -0.06900527 -0.01323884
v -0.00999955 -0.06924657 -0.01335319
v -0.01138550 -0.06702401 -0.01241672
v -0.00993620 -0.07113619 -0.01298337
v -0.00980604 -0.07333460 -0.01236216
v -0.00636114 -0.08281366 -0.00698633
v -0.00676195 -0.08075322 -0.00851156
v -0.00710014 -0.08059044 -0.00837437
v -0.01167907 -0.06649528 -0.01220440
v -0.01161111 -0.06083919 -0.01244019
v -0.01160453 -0.05875432 -0.01258960
v -0.00748338 -0.07789842 -0.01118655
v -0.00761629 -0.07723168 -0.01169096
v -0.01176117 -0.05876873 -0.01245858
v -0.00790051 -0.07546175 -0.01279793
v -0.01182628 -0.05647987 -0.01352683
v -0.00992846 -0.05860062 -0.01398923
v -0.00813118 -0.07317989 -0.01376597
v -0.00797589 -0.07470267 -0.01311538
v -0.00679906 -0.08055693 -0.00865323
v -0.00719501 -0.07905946 -0.01011567
v -0.00491298 -0.08157795 -0.00924587
v -0.00513448 -0.08039369 -0.01009249
v -0.00614154 -0.07778721 -0.01225204
v -0.00575439 -0.07790939 -0.01239364
v -0.00532247 -0.07961618 -0.01079232
v -0.00487880 -0.08457894 0.00925681
v -0.00602443 -0.08429070 0.00838536
v -0.00583786 -0.08611061 0.00916620
v -0.00343661 -0.08489402 0.01013172
v -0.00333813 -0.08615388 0.01056851
v -0.00580200 -0.08656572 0.00932497
v -0.00389903 -0.08699220 0.01052935
v -0.00253795 -0.08507308 0.01059668
v -0.00331802 -0.08708282 0.01071303
v -0.00111333 -0.08527769 0.01096531
v -0.00542904 -0.08807996 0.01071102
v -0.00523574 -0.08912621 0.01145093
v -0.00787015 -0.08737018 0.00945210
v -0.00112120 -0.08736149 0.01111024
v -0.00324230 -0.08923601 0.01114637
v 0.00096214 -0.08545560 0.01094378
v -0.00510596 -0.09102416 0.01204612
v -0.00735836 -0.08816884 0.01124878
v -0.00702865 -0.08918290 0.01244740
v -0.00692727 -0.08988494 0.01284809
v -0.00878818 -0.08919603 0.01355318
v -0.00822765 -0.08927624 0.01337143
v -0.00874962 -0.08929931 0.01369208
v -0.01070264 -0.08911592 0.01412730
v -0.01057659 -0.08932773 0.01457105
v -0.01021482 -0.09018716 0.01586534
v -0.00837281 -0.09109092 0.01511403
v -0.01207153 -0.08945045 0.01658071
v -0.01156810 -0.08963208 0.01639111
v -0.01187694 -0.08979337 0.01726708
v -0.01157608 -0.09043487 0.01833744
v -0.01235250 -0.09005015 0.01865503
v -0.01342221 -0.08957786 0.01907869
v -0.01303075 -0.09038069 0.02046875
v -0.01482568 -0.09030548 0.02144754
v -0.01391862 -0.09044918 0.02115008
v -0.01293725 -0.09068152 0.02080976
v -0.01115767 -0.09229515 0.01990573
v -0.01321220 -0.08918444 0.01270093
v -0.01458968 -0.08961658 0.01513335
v -0.01313203 -0.08915685 0.01482152
v -0.01276967 -0.08905215 0.01418672
v -0.01226272 -0.08874085 0.01253249
v -0.01425914 -0.08936079 0.01623022
v -0.01525225 -0.08954240 0.01748040
v -0.01397750 -0.08927373 0.01717561
v -0.01262065 -0.08907622 0.01469272
v -0.01568716 -0.08972044 0.01848574
v -0.01535699 -0.08972877 0.01960310
v -0.01594696 -0.08981901 0.01761518
v -0.01123266 -0.08852453 0.01228602
v -0.01145971 -0.08859449 0.01152386
v -0.00984923 -0.08802480 0.00986814
v -0.01070035 -0.08834173 0.01003855
v -0.01008305 -0.08819220 0.00909113
v -0.01658499 -0.09045568 0.01550970
v -0.01185992 -0.08903878 0.01020688
v -0.01384949 -0.08981263 0.01059727
v -0.01523712 -0.09036020 0.01300486
v -0.01796942 -0.09096688 0.01792511
v -0.00844862 -0.08732970 0.00749230
v -0.01050355 -0.08884669 0.00772281
v -0.01112702 -0.08931778 0.00565296
v -0.00924733 -0.08793994 0.00757693
v -0.00928678 -0.08824740 0.01178876
v 0.03846375 0.02156585 -0.00554658
v 0.03813908 0.02396316 -0.00701282
v 0.03840648 0.02233066 -0.00534595
v 0.03820933 0.02376727 -0.00613102
v 0.03833663 0.02352119 -0.00503923
v 0.03855272 0.02139183 -0.00477408
v 0.03869801 0.02112299 -0.00358385
v 0.03814235 0.02201083 -0.00748355
v 0.03868322 0.02307559 -0.00310971
v 0.03851268 0.01961241 -0.00603081
v 0.03798452 0.02440408 -0.00899912
v 0.03797123 0.02245216 -0.00946495
v 0.03884210 0.02068232 -0.00159445
v 0.03887743 0.02263370 -0.00113514
v 0.03889626 0.01872876 -0.00208023
v 0.03903804 0.01828815 -0.00009016
v 0.03899557 0.02024142 0.00039216
v 0.03803250 0.02635516 -0.00854354
v 0.03819889 0.02591395 -0.00656074
v 0.03804493 0.02830710 -0.00807745
v 0.03821345 0.02675355 -0.00636292
v 0.03820564 0.02795100 -0.00648792
v 0.03824891 0.02786497 -0.00610576
v 0.03807672 0.03025857 -0.00761708
v 0.03824454 0.02582837 -0.00618163
v 0.03856136 0.01929432 -0.00457215
v 0.03822035 0.02981791 -0.00562755
v 0.03848230 0.02742213 -0.00414277
v 0.03846382 0.02937483 -0.00366754
v 0.03846838 0.02547023 -0.00460842
v 0.03868767 0.02502773 -0.00264126
v 0.03864186 0.02698109 -0.00215795
v 0.03882422 0.02458725 -0.00064964
v 0.03861949 0.02893388 -0.00168158
v 0.03810528 0.03012466 -0.00700633
v 0.03807777 0.03221079 -0.00714763
v 0.03807244 0.03176781 -0.00725268
v 0.03829369 0.03176837 -0.00517947
v 0.03847074 0.03132691 -0.00319983
v 0.03824829 0.03372173 -0.00469629
v 0.03850579 0.03327830 -0.00274042
v 0.03825692 0.03567376 -0.00422907
v 0.03845840 0.03523170 -0.00225665
v 0.03897797 0.01633736 -0.00054216
v 0.03885263 0.01677757 -0.00253710
v 0.03860109 0.01917310 -0.00402496
v 0.03872840 0.01706529 -0.00382369
v 0.03862701 0.01822048 -0.00426170
v 0.03866461 0.01721931 -0.00451350
v 0.03880147 0.01491429 -0.00339947
v 0.03884378 0.01482554 -0.00300424
v 0.03884639 0.01409712 -0.00318028
v 0.03892494 0.01272145 -0.00280136
v 0.03907867 0.01438266 -0.00104170
v 0.03904757 0.01243118 -0.00150227
v 0.03850755 0.01766029 -0.00649906
v 0.03867446 0.01526682 -0.00498618
v 0.03886927 0.01287268 -0.00348155
v 0.03831209 0.02005445 -0.00800350
v 0.03829398 0.01810265 -0.00846791
v 0.03894636 0.01061333 -0.00255535
v 0.03899443 0.01048022 -0.00195632
v 0.03925247 0.01198903 0.00046915
v 0.03921137 0.01003778 0.00001153
v 0.03918376 0.00808621 -0.00045007
v 0.03904749 0.00843902 -0.00203430
v 0.03900248 0.00925423 -0.00225366
v 0.03909937 0.00630562 -0.00168321
v 0.03916186 0.00613450 -0.00091336
v 0.03912583 0.00419332 -0.00141982
v 0.03901948 0.00852737 -0.00243349
v 0.03935610 0.00959710 0.00200074
v 0.03886818 0.01092046 -0.00395099
v 0.03892922 0.00896673 -0.00443880
v 0.03903935 0.00657464 -0.00290913
v 0.03928128 0.00764668 0.00155310
v 0.03936297 0.01154918 0.00246847
v 0.03947041 0.00915716 0.00399894
v 0.03857478 0.03088721 -0.00119859
v 0.03860263 0.01570573 -0.00699694
v 0.03816744 0.03611310 -0.00623461
v 0.03819225 0.03416025 -0.00671171
v 0.03912778 0.00418308 -0.00137304
v 0.03912413 0.00401978 -0.00141128
v 0.03872277 0.02654196 -0.00014988
v 0.03921094 0.00569614 0.00110413
v 0.03943396 0.01111029 0.00447948
v 0.03809889 0.03806701 -0.00574458
v 0.03796568 0.03850741 -0.00773719
v 0.03813080 0.03762908 -0.00372202
v 0.03836164 0.03718630 -0.00175827
v 0.03808253 0.03958250 -0.00323798
v 0.03941683 0.01350011 0.00292231
v 0.03914168 0.01394397 0.00097167
v 0.03904292 0.01589862 0.00147063
v 0.03931524 0.01545483 0.00342211
v 0.03906146 0.01785042 0.00193492
v 0.03907405 0.01980235 0.00240096
v 0.03893329 0.02219519 0.00088035
v 0.03889295 0.02414841 0.00136204
v 0.03856692 0.03283965 -0.00072650
v 0.03864933 0.03044824 0.00081137
v 0.03864547 0.02849609 0.00034274
v 0.03876011 0.02610389 0.00187108
v 0.03880043 0.02591184 0.00274727
v 0.03889092 0.02566355 0.00386440
v 0.03868332 0.02747258 0.00222268
v 0.03866357 0.02805849 0.00236939
v 0.03865318 0.02812444 0.00206707
v 0.03911997 0.02326857 0.00535891
v 0.03915032 0.02131558 0.00488017
v 0.03906566 0.02151096 0.00400662
v 0.03897156 0.02175709 0.00290103
v 0.03905563 0.01942896 0.00414411
v 0.03879569 0.02761811 0.00436232
v 0.03901366 0.02522340 0.00586010
v 0.03871839 0.02957224 0.00485494
v 0.03859593 0.03001238 0.00285915
v 0.03860451 0.03196442 0.00332638
v 0.03871888 0.03152447 0.00532456
v 0.03898797 0.00701305 -0.00492594
v 0.03908533 0.00462128 -0.00339249
v 0.03882054 0.01331102 -0.00549913
v 0.03867023 0.01375184 -0.00748669
v 0.03892013 0.01135635 -0.00599834
v 0.03871904 0.01179841 -0.00797088
v 0.03893892 0.00940365 -0.00647367
v 0.03891881 0.00745189 -0.00693748
v 0.03871320 0.00984630 -0.00843892
v 0.03859423 0.03240183 0.00129742
v 0.03860988 0.03025073 0.00174557
v 0.03909096 0.00223173 -0.00183192
v 0.03892254 0.00506240 -0.00537635
v 0.03901275 0.00267080 -0.00384079
v 0.03885764 0.00311173 -0.00582693
v 0.03874250 0.00550394 -0.00735512
v 0.03897609 0.00071944 -0.00429972
v 0.03907201 0.00027995 -0.00229608
v 0.03821895 0.03914202 -0.00124632
v 0.03805370 0.04153544 -0.00275969
v 0.03820611 0.04109457 -0.00077276
v 0.03797538 0.04348960 -0.00226677
v 0.03818839 0.04169808 -0.00062240
v 0.03824039 0.04100917 -0.00038979
v 0.03815667 0.04304802 -0.00028838
v 0.03837649 0.04065327 0.00120886
v 0.03835598 0.03882286 0.00018114
v 0.03807106 0.04324010 -0.00114617
v 0.03813765 0.04500073 0.00018701
v 0.03800827 0.04538256 -0.00153492
v 0.03799129 0.04544145 -0.00180171
v 0.03825951 0.04260836 0.00171321
v 0.03800613 0.04624350 -0.00161302
v 0.03803443 0.04739265 -0.00134470
v 0.03813016 0.04695316 0.00065899
v 0.03841318 0.03870013 0.00072825
v 0.03862611 0.03825779 0.00269729
v 0.03852230 0.04021256 0.00319774
v 0.03807279 0.04934396 -0.00088628
v 0.03814351 0.04890508 0.00112481
v 0.03805571 0.05129662 -0.00041147
v 0.03862123 0.03630566 0.00222896
v 0.03876002 0.03586512 0.00421993
v 0.03884831 0.03391073 0.00372406
v 0.03808629 0.05085872 0.00161149
v 0.03803733 0.05324932 0.00006373
v 0.03797103 0.05368809 -0.00194866
v 0.03810238 0.05281057 0.00207650
v 0.03803104 0.05520171 0.00053536
v 0.03795517 0.05564072 -0.00147421
v 0.03814198 0.05476185 0.00253455
v 0.03798829 0.05715500 0.00101776
v 0.03789603 0.05759441 -0.00098696
v 0.03778010 0.05803439 -0.00298468
v 0.03802362 0.05164082 -0.00199823
v 0.03799190 0.05269926 -0.00219265
v 0.03801898 0.05173468 -0.00243260
v 0.03809843 0.04948837 -0.00156801
v 0.03935500 0.00720772 0.00356330
v 0.03927360 0.00525746 0.00311760
v 0.03925663 0.00330563 0.00265285
v 0.03935279 0.00286613 0.00465642
v 0.03914573 0.00374549 0.00065364
v 0.03927629 0.00135290 0.00217728
v 0.03942512 0.00481661 0.00510480
v 0.03859042 0.03235721 0.00150635
v 0.03859166 0.03304802 0.00145366
v 0.03859390 0.03435408 0.00176728
v 0.03839709 0.03479603 -0.00020652
v 0.03850763 0.03451628 0.00104860
v 0.03952559 0.00090968 0.00413556
v 0.03907435 0.01741294 0.00396310
v 0.03905801 0.01849757 0.00422883
v 0.03909302 0.01730758 0.00444521
v 0.03905920 0.01936556 0.00443734
v 0.03917196 0.01697341 0.00596624
v 0.03915583 0.01892605 0.00644077
v 0.03927471 0.01506639 0.00524423
v 0.03814190 0.04001821 -0.00528753
v 0.03811390 0.04045605 -0.00731125
v 0.03808762 0.04240894 -0.00683372
v 0.03805507 0.04197257 -0.00479210
v 0.03803771 0.04392524 -0.00431720
v 0.03806357 0.04436177 -0.00635684
v 0.03897661 -0.00166997 -0.00273764
v 0.03935198 0.00677064 0.00559619
v 0.03957912 -0.00104387 0.00364997
v 0.03962559 -0.00148216 0.00566823
v 0.03811010 0.05237323 0.00410621
v 0.03805640 0.05042229 0.00365232
v 0.03884762 0.03347358 0.00575626
v 0.03878644 0.02718118 0.00639705
v 0.03917874 -0.00211205 -0.00076541
v 0.03810493 0.04651661 0.00269845
v 0.03932545 -0.00406787 -0.00127855
v 0.03910842 -0.00362543 -0.00324638
v 0.03884889 -0.00122971 -0.00473187
v 0.03884928 -0.00318196 -0.00520175
v 0.03858361 -0.00078609 -0.00668543
v 0.03804636 0.04847029 0.00318553
v 0.03802586 0.04608138 0.00475382
v 0.03927301 0.01501870 0.00546659
v 0.03929293 0.01455095 0.00534827
v 0.03934722 0.01291586 0.00566651
v 0.03937541 0.01306396 0.00496655
v 0.03939841 0.01078302 0.00601523
v 0.03929143 0.01262885 0.00702338
v 0.03864301 0.00355412 -0.00779546
v 0.03853758 0.00594609 -0.00932652
v 0.03860525 0.00789668 -0.00887677
v 0.03797899 0.05376821 -0.00232432
v 0.03796404 0.05587095 -0.00254800
v 0.03795140 0.05607797 -0.00350509
v 0.03782963 0.05747182 -0.00313440
v 0.03774131 0.05814621 -0.00348861
v 0.03760130 0.05847590 -0.00496381
v 0.03806185 0.04456542 0.00224142
v 0.03812756 0.04412666 0.00425399
v 0.03828961 0.04217047 0.00373631
v 0.03904776 0.00179563 0.00021285
v 0.03925476 -0.00059882 0.00171388
v 0.03904052 -0.00015644 -0.00025477
v 0.03903834 0.00008529 -0.00137750
v 0.03907461 0.00214551 -0.00142446
v 0.03917279 -0.00204459 -0.00074745
v 0.03811304 0.04631281 -0.00590170
v 0.03804671 0.04587726 -0.00385009
v 0.03938910 0.01067423 0.00652474
v 0.03934915 0.00873359 0.00601734
v 0.03934828 0.00872297 0.00606704
v 0.03934252 0.00849720 0.00601439
v 0.03929949 0.00668448 0.00601810
v 0.03803989 0.04744664 -0.00159791
v 0.03870517 0.00116320 -0.00625161
v 0.03841934 0.00160731 -0.00819910
v 0.03858266 0.03782169 0.00474213
v 0.03807619 0.05432630 0.00458600
v 0.03908560 0.02088000 0.00693130
v 0.03780969 0.05651858 -0.00549518
v 0.03807338 0.05412276 -0.00401092
v 0.03800040 0.05456169 -0.00602134
v 0.03821577 0.05216705 -0.00452279
v 0.03810000 0.05260702 -0.00652055
v 0.03822176 0.05021465 -0.00499432
v 0.03797613 0.05671814 0.00305335
v 0.03777589 0.05867526 0.00358232
v 0.03780199 0.05911178 0.00154261
v 0.03767067 0.05955214 -0.00045056
v 0.03814373 0.04977939 -0.00293925
v 0.03812862 0.04782752 -0.00340455
v 0.03821383 0.04826260 -0.00546174
v 0.03799584 0.05011857 0.00508880
v 0.03798275 0.04998692 0.00570610
v 0.03798151 0.05193920 0.00617623
v 0.03804443 0.05216856 0.00508436
v 0.03791538 0.04759916 0.00728825
v 0.03799452 0.04593901 0.00542841
v 0.03794297 0.04564624 0.00681033
v 0.03808623 0.04377253 0.00591696
v 0.03811652 0.04287532 0.00609327
v 0.03818466 0.04173586 0.00579934
v 0.03816777 0.04161449 0.00637040
v 0.03807780 0.04369071 0.00630070
v 0.03805823 0.05424744 0.00495988
v 0.03790522 0.05646481 0.00425985
v 0.03800991 0.05489834 0.00474286
v 0.03983854 -0.00343959 0.00513550
v 0.03971114 -0.00299933 0.00314117
v 0.03996841 -0.00539500 0.00462734
v 0.03980532 -0.00495387 0.00264356
v 0.04004322 -0.00734907 0.00413545
v 0.03947317 -0.00255638 0.00117953
v 0.03918946 -0.00213051 -0.00068399
v 0.03969834 -0.00464336 0.00124399
v 0.03994830 -0.00646232 0.00223915
v 0.03959489 -0.00386292 0.00082987
v 0.04001321 -0.00699513 0.00250255
v 0.04012334 -0.00917690 0.00305463
v 0.04000178 -0.00691090 0.00211571
v 0.04010058 -0.00886555 0.00161673
v 0.04016973 -0.01056230 0.00332559
v 0.04016393 -0.00930425 0.00363000
v 0.04019323 -0.01132526 0.00346790
v 0.04029170 -0.01169677 0.00515445
v 0.04019654 -0.00974220 0.00565235
v 0.04039900 -0.01358644 0.00434997
v 0.04041337 -0.01365197 0.00464871
v 0.04041607 -0.01437905 0.00447297
v 0.04043168 -0.01570391 0.00463484
v 0.04037541 -0.01321389 0.00262794
v 0.04043163 -0.01560466 0.00417355
v 0.04020133 -0.01125741 0.00314918
v 0.04006669 -0.01081697 0.00115699
v 0.03999431 -0.00842580 -0.00038384
v 0.03999466 -0.01037806 -0.00085371
v 0.04041999 -0.01778454 0.00476661
v 0.04042961 -0.01755686 0.00370438
v 0.04028724 -0.01516399 0.00218425
v 0.04026833 -0.01277412 0.00062760
v 0.04005897 -0.01233187 -0.00134249
v 0.04053962 -0.01959192 0.00532000
v 0.04041658 -0.01799370 0.00574023
v 0.04033379 -0.01603944 0.00623447
v 0.04059523 -0.02002037 0.00554334
v 0.04063157 -0.02038834 0.00723890
v 0.04057633 -0.01994984 0.00522323
v 0.04038112 -0.01950792 0.00324896
v 0.04070944 -0.02190532 0.00471411
v 0.04086018 -0.02233069 0.00662966
v 0.04084190 -0.02277266 0.00660421
v 0.04075907 -0.02429593 0.00626167
v 0.04063970 -0.02385587 0.00426497
v 0.04071270 -0.02624705 0.00580562
v 0.04061522 -0.02580752 0.00380244
v 0.04059252 -0.02819637 0.00537139
v 0.04086056 -0.02234616 0.00670143
v 0.03972170 -0.00646692 0.00016652
v 0.03967071 -0.00451343 0.00065136
v 0.03952687 -0.00602502 -0.00180787
v 0.03932903 -0.00558304 -0.00378137
v 0.03959156 -0.00797884 -0.00229676
v 0.03933237 -0.00753537 -0.00425212
v 0.03956498 -0.00993044 -0.00275867
v 0.03933431 -0.00948766 -0.00472246
v 0.04011514 -0.01472264 0.00020313
v 0.04000332 -0.01428276 -0.00179580
v 0.03977928 -0.01188790 -0.00329179
v 0.03971447 -0.01383857 -0.00374239
v 0.03854231 -0.00273733 -0.00714299
v 0.03894075 -0.00513643 -0.00569856
v 0.03749366 0.05999361 -0.00243022
v 0.03788088 0.05628330 0.00511351
v 0.03770056 0.05823993 0.00563659
v 0.03783776 0.05584719 0.00715826
v 0.03777398 0.05866412 0.00363489
v 0.03794981 0.05389221 0.00665536
v 0.03809702 0.04130084 0.00785725
v 0.03935588 0.00454733 0.00638477
v 0.03928527 0.00251563 0.00631321
v 0.03935409 0.00438118 0.00715779
v 0.03929200 0.00243045 0.00670639
v 0.03931154 0.00152734 0.00648341
v 0.03920093 0.00633716 0.00767284
v 0.03937656 0.00047614 0.00621162
v 0.04030503 -0.01842815 0.00780521
v 0.03831818 0.03939928 0.00706148
v 0.03868498 0.03542979 0.00627411
v 0.03851165 0.03738625 0.00679512
v 0.03839464 0.03977851 0.00526749
v 0.03835166 0.03893122 0.00721325
v 0.03830983 0.03934341 0.00732456
v 0.04008360 -0.01711128 0.00177469
v 0.04028193 -0.02341000 0.00233875
v 0.04050250 -0.02536762 0.00180377
v 0.04082336 -0.02776483 0.00327114
v 0.04074517 -0.02732577 0.00126226
v 0.04068443 -0.02971369 0.00284245
v 0.04072434 -0.02927751 0.00079865
v 0.03776681 0.05875200 0.00360342
v 0.03753538 0.06063336 0.00412320
v 0.03741859 0.06107336 0.00212573
v 0.03743111 0.06103913 0.00227973
v 0.03761421 0.05780487 0.00769412
v 0.04034063 -0.02145918 0.00279116
v 0.03854985 0.02913918 0.00693677
v 0.04024293 -0.01408498 0.00673110
v 0.03910461 0.01458564 0.00754838
v 0.03725688 0.06043653 -0.00439221
v 0.03742726 0.05951462 -0.00466342
v 0.03779961 0.04955422 0.00779224
v 0.03789877 0.04325791 0.00838563
v 0.03930342 0.00041023 0.00654792
v 0.03739089 0.06019971 0.00619792
v 0.03740706 0.05696554 -0.00740814
v 0.03769032 0.05500640 -0.00796165
v 0.03842251 0.03722232 0.00759357
v 0.03844343 0.03511462 0.00783784
v 0.04041196 -0.03165931 0.00245325
v 0.04049727 -0.03122422 0.00039603
v 0.04041719 -0.02883287 -0.00114253
v 0.04047824 -0.03091993 -0.00101063
v 0.04042920 -0.02945934 -0.00129675
v 0.04038010 -0.02874811 -0.00152135
v 0.04033299 -0.02839366 -0.00314963
v 0.04051891 -0.03078759 -0.00164237
v 0.03999339 -0.02643315 -0.00257946
v 0.04029662 -0.02687769 -0.00063712
v 0.04006680 -0.02696219 -0.00272803
v 0.03970047 -0.02447377 -0.00202308
v 0.04006902 -0.02491990 -0.00010005
v 0.04063970 -0.03035337 -0.00371008
v 0.04014306 -0.02795188 -0.00512547
v 0.03908303 0.00829227 0.00817747
v 0.03976916 -0.00777955 0.00624848
v 0.04014916 -0.03360516 0.00206119
v 0.04005631 -0.03404006 0.00412063
v 0.03996711 -0.03599013 0.00367724
v 0.03991260 -0.03617626 0.00456469
v 0.03991096 -0.03555160 0.00166185
v 0.03971489 -0.03793624 0.00328206
v 0.03965058 -0.03749751 0.00126907
v 0.03967478 -0.03806913 0.00391618
v 0.04012225 -0.03316734 0.00003715
v 0.03977666 -0.03511117 -0.00033044
v 0.03954385 -0.03705775 -0.00073137
v 0.03960840 -0.03466992 -0.00231269
v 0.03999791 -0.03415676 0.00468696
v 0.04007343 -0.03208823 0.00458534
v 0.03769553 0.05150900 0.00829278
v 0.03979362 -0.03447082 0.00623030
v 0.03976427 -0.03642235 0.00576922
v 0.03952383 -0.03685366 0.00787230
v 0.03957300 -0.03836994 0.00535600
v 0.03946085 -0.03880437 0.00742116
v 0.03932073 -0.04075320 0.00699283
v 0.03942083 -0.04031848 0.00493123
v 0.03930895 -0.03987860 0.00293231
v 0.03975147 -0.03251755 0.00671253
v 0.03948717 -0.03490052 0.00835291
v 0.03944357 -0.03294721 0.00883556
v 0.04074251 -0.02432331 0.00639571
v 0.04064135 -0.02632966 0.00621878
v 0.03882727 0.02283853 0.00747745
v 0.03763863 0.04521649 0.00893231
v 0.03841746 0.03109465 0.00744568
v 0.03840002 0.02887966 0.00820434
v 0.04005260 -0.03211183 0.00470358
v 0.03840116 0.03305938 0.00786409
v 0.03838992 0.03274870 0.00785167
v 0.03838837 0.03304760 0.00792404
v 0.03835184 0.03100999 0.00786600
v 0.03985124 -0.03056773 0.00715279
v 0.03995572 -0.03272613 -0.00194561
v 0.04023227 -0.03169841 -0.00177846
v 0.03994827 -0.03257023 -0.00266722
v 0.03960823 -0.03437824 -0.00366841
v 0.03862044 0.02479581 0.00800836
v 0.03711837 0.06151783 0.00018250
v 0.03961160 -0.00582347 0.00676483
v 0.04034608 -0.03014262 0.00497449
v 0.03881127 0.01654503 0.00810488
v 0.03968848 -0.01622734 -0.00217248
v 0.03958411 -0.01578764 -0.00417361
v 0.03969682 -0.01666470 -0.00014295
v 0.03987804 -0.01905852 0.00136571
v 0.03927145 -0.03661396 -0.00268282
v 0.03917993 -0.03617458 -0.00468776
v 0.03930866 -0.03558198 -0.00458247
v 0.03903201 -0.04226126 0.00457643
v 0.03892916 -0.04182160 0.00257485
v 0.03881908 -0.04153933 0.00130779
v 0.03847922 -0.04301828 0.00028010
v 0.03842619 -0.04332444 0.00022180
v 0.03841155 -0.04329130 0.00007371
v 0.03878382 -0.04138090 0.00058582
v 0.03913058 -0.03943710 0.00095306
v 0.03910335 -0.03899928 -0.00107089
v 0.03928324 -0.03983438 0.00273730
v 0.03823349 -0.04288259 -0.00175322
v 0.03870823 -0.04094190 -0.00142383
v 0.03936205 -0.03959819 0.00298440
v 0.03693578 0.06303736 0.00273825
v 0.03739648 0.06115904 0.00215276
v 0.04048456 -0.02828981 0.00584985
v 0.03923007 -0.03715488 0.00939252
v 0.03927015 -0.03509782 0.00935871
v 0.03824052 0.02870955 0.00906022
v 0.03884103 -0.03855573 -0.00302533
v 0.03879900 -0.03811755 -0.00504489
v 0.03845347 -0.04049854 -0.00338050
v 0.03881039 -0.03789647 -0.00607714
v 0.03918492 -0.03611710 -0.00495695
v 0.03837816 -0.04005955 -0.00539023
v 0.03831977 -0.03962097 -0.00740496
v 0.03839921 -0.03930475 -0.00735189
v 0.03971792 -0.02295911 0.00047352
v 0.03884667 -0.04269391 0.00666323
v 0.03909360 -0.03913190 0.00909373
v 0.03939677 -0.03099383 0.00931916
v 0.03931739 -0.03304671 0.00934961
v 0.03832257 0.03500145 0.00841326
v 0.03661945 0.06348222 0.00079978
v 0.03691192 0.06226723 0.00042266
v 0.03632962 0.06544152 0.00135524
v 0.03652533 0.06499959 0.00332938
v 0.03693140 0.06260030 0.00477154
v 0.03591041 0.06588888 -0.00055280
v 0.03638259 0.06392514 -0.00116218
v 0.03693870 0.06195936 -0.00179637
v 0.03645421 0.06368073 -0.00124175
v 0.03953450 -0.02100240 0.00099752
v 0.03890261 0.00005052 0.00838375
v 0.03639470 0.06456561 0.00539999
v 0.03681565 0.06216596 0.00683776
v 0.03617346 0.06696040 0.00390318
v 0.03637065 0.06472499 0.00544532
v 0.03617254 0.06680978 0.00460367
v 0.03614310 0.06652398 0.00594415
v 0.03632707 0.06413010 0.00745199
v 0.03638791 0.06454063 0.00551889
v 0.03675096 0.06243148 0.00692040
v 0.03680504 0.06210397 0.00713027
v 0.03589527 0.06609286 0.00804942
v 0.03574988 0.06740788 0.00199642
v 0.03743895 0.04717359 0.00946111
v 0.03791101 0.03066982 0.00962742
v 0.03890539 0.01024884 0.00869975
v 0.03934077 -0.00171112 0.00684889
v 0.03911290 -0.00190684 0.00785181
v 0.03938161 -0.00383537 0.00716192
v 0.03935115 -0.00386489 0.00731160
v 0.03938406 -0.00426564 0.00720563
v 0.03939791 -0.00593923 0.00739026
v 0.03805505 0.03696021 0.00896212
v 0.03932804 -0.03574102 -0.00676355
v 0.03744169 0.05346742 0.00883760
v 0.03978020 -0.01212147 0.00733768
v 0.03887543 -0.03768225 -0.00709949
v 0.03946748 -0.03530726 -0.00883677
v 0.03658526 0.06173441 0.00893788
v 0.03945778 -0.02598295 -0.00445309
v 0.03920766 -0.01860504 -0.00046808
v 0.03843869 -0.04376191 0.00225010
v 0.03980574 -0.01646375 0.00842260
v 0.03891941 -0.04107761 0.00866478
v 0.04011847 -0.03229293 -0.00402573
v 0.03964823 -0.03423373 -0.00435646
v 0.03793451 -0.04243816 -0.00369682
v 0.04011075 -0.02862180 0.00754583
v 0.04026692 -0.03019945 0.00527099
v 0.04012154 -0.02666982 0.00801240
v 0.03939391 -0.03062410 0.00940896
v 0.03946685 -0.02899014 0.00952115
v 0.03937697 -0.03100585 0.00938312
v 0.03827959 -0.04419519 0.00432914
v 0.03873211 0.00200692 0.00890393
v 0.03826599 -0.03953480 -0.00778350
v 0.03771959 -0.04041427 -0.00955910
v 0.03753779 -0.04111702 -0.00967551
v 0.03808867 -0.03917818 -0.00936863
v 0.03909086 -0.02402177 -0.00387483
v 0.03726929 0.04917651 0.00976470
v 0.03726601 0.05126956 0.00958132
v 0.03843939 0.02466630 0.00868437
v 0.03841757 0.02259409 0.00878116
v 0.03842451 0.02049799 0.00897722
v 0.03727026 0.04848301 0.00982508
v 0.03913420 -0.02250774 -0.00138589
v 0.03854232 0.01850382 0.00865417
v 0.03726980 0.05544709 0.00925020
v 0.03725011 0.05755376 0.00901018
v 0.03726686 0.05506196 0.00927196
v 0.04011353 -0.02471738 0.00848453
v 0.03773320 -0.04155894 -0.00770129
v 0.03769985 -0.04199528 -0.00565943
v 0.03545532 0.06849297 0.00661727
v 0.03530678 0.06893375 0.00462920
v 0.03601810 0.06733420 0.00403815
v 0.04098555 -0.02992463 -0.00584433
v 0.03905284 -0.01816411 -0.00245430
v 0.03572419 0.06370762 0.00966224
v 0.03778866 -0.04425223 -0.00195388
v 0.03759852 -0.04481938 -0.00203525
v 0.04077140 -0.03187166 -0.00625078
v 0.03857176 0.01220921 0.00926816
v 0.03841074 0.01975019 0.00899221
v 0.03840074 0.01842739 0.00906729
v 0.03888305 -0.00624290 0.00901224
v 0.03936612 -0.00800317 0.00745263
v 0.03908216 -0.00819999 0.00848360
v 0.03939622 -0.01011849 0.00772859
v 0.03954729 -0.02625132 -0.00454360
v 0.03999208 -0.03380494 -0.00649012
v 0.03832552 -0.00861873 0.01073932
v 0.03754467 0.03892488 0.00958279
v 0.03892259 -0.03922843 0.00961230
v 0.03856667 -0.04287506 0.00761973
v 0.03873980 -0.01058106 0.01014706
v 0.03929868 -0.01015751 0.00794982
v 0.03908459 -0.01254170 0.00957535
v 0.03949368 -0.01228974 0.00823697
v 0.03940109 -0.01068962 0.00779210
v 0.03528429 0.06760294 0.00858986
v 0.03519226 0.06816871 0.00823202
v 0.03966066 -0.02750298 -0.00701483
v 0.03873378 -0.04117608 0.00919837
v 0.03769992 -0.04525901 -0.00003323
v 0.03754505 -0.04569240 0.00204456
v 0.03720309 -0.04429244 -0.00393103
v 0.03713979 -0.04432571 -0.00414237
v 0.03691448 -0.04392841 -0.00589699
v 0.03717520 -0.04437192 -0.00394208
v 0.03693414 -0.04349173 -0.00793480
v 0.03687630 -0.04305316 -0.00994969
v 0.03659815 -0.04455292 -0.00595558
v 0.03610339 -0.04586091 -0.00612693
v 0.03643489 -0.04630614 -0.00419295
v 0.03594793 -0.04532820 -0.00809088
v 0.03590188 -0.04538823 -0.00824168
v 0.03658597 -0.04674698 -0.00220563
v 0.03591039 -0.04541906 -0.00810187
v 0.04089671 -0.03181239 -0.00657751
v 0.04089027 -0.02971671 -0.00677182
v 0.04073575 -0.02948139 -0.00780247
v 0.04098793 -0.03143978 -0.00834680
v 0.04041402 -0.03350196 -0.00807093
v 0.04043289 -0.03337851 -0.00865245
v 0.04063011 -0.02916938 -0.00769678
v 0.04020417 -0.03401222 -0.00873865
v 0.04018213 -0.03098300 -0.01014054
v 0.03983994 -0.03292692 -0.01050913
v 0.03965161 -0.03367710 -0.01063507
v 0.03507484 0.06806507 0.00876177
v 0.03805989 -0.04454463 0.00604321
v 0.03820254 -0.04416973 0.00649478
v 0.03801145 -0.04462583 0.00644041
v 0.03899544 -0.02590810 -0.00643827
v 0.03531283 -0.04593147 -0.01018918
v 0.03590452 -0.04498175 -0.01013213
v 0.03808601 -0.04311255 0.00892013
v 0.03738210 -0.04504767 0.00865849
v 0.03641014 -0.04717986 -0.00012164
v 0.03750305 -0.04550515 0.00423898
v 0.03719154 -0.04612095 0.00418108
v 0.03725586 -0.04596739 0.00344099
v 0.03472236 -0.04690522 -0.01025236
v 0.03483208 -0.04734505 -0.00825280
v 0.03495558 -0.04778522 -0.00625732
v 0.03637514 -0.02533309 0.01287481
v 0.03806062 -0.02518721 0.01150766
v 0.03642886 -0.02328737 0.01288809
v 0.03805529 -0.02315219 0.01159486
v 0.03705457 -0.02117559 0.01236051
v 0.03811892 -0.02314528 0.01153674
v 0.03818269 -0.02110790 0.01158469
v 0.03645582 -0.02033535 0.01273622
v 0.03649163 -0.01915882 0.01276049
v 0.03817796 -0.01901363 0.01139626
v 0.03822314 -0.01696082 0.01138007
v 0.03655056 -0.01711741 0.01279172
v 0.03656498 -0.01503905 0.01266940
v 0.03798853 -0.01490443 0.01146166
v 0.03700554 -0.01292825 0.01222206
v 0.03657970 -0.01296094 0.01254808
v 0.03659571 -0.01212719 0.01253360
v 0.03586568 -0.01094826 0.01302886
v 0.03638638 -0.02743276 0.01308569
v 0.03662588 -0.01090895 0.01253535
v 0.03822372 -0.01278063 0.01103789
v 0.03802282 -0.02724616 0.01154933
v 0.03798794 -0.02930753 0.01160107
v 0.03637322 -0.02789202 0.01307900
v 0.03697248 -0.02941973 0.01253772
v 0.03796003 -0.03137469 0.01167684
v 0.03780325 -0.03139220 0.01182232
v 0.03822055 -0.01486833 0.01119903
v 0.03822174 -0.01548673 0.01125395
v 0.03810976 -0.02337745 0.01152487
v 0.03823395 -0.01069879 0.01090109
v 0.03826684 -0.00863577 0.01084249
v 0.03793346 -0.03199955 0.01163844
v 0.03787210 -0.03339202 0.01154554
v 0.03667289 -0.00885765 0.01252547
v 0.03669003 -0.00678155 0.01241251
v 0.03770299 -0.00665133 0.01139315
v 0.03676892 -0.00467635 0.01213909
v 0.03668433 -0.00468648 0.01222075
v 0.03669288 -0.00440485 0.01222646
v 0.03631276 -0.02946197 0.01300375
v 0.03623662 -0.03148908 0.01291312
v 0.03617873 -0.03353135 0.01288547
v 0.03610006 -0.03555636 0.01278611
v 0.03781049 -0.03543120 0.01150505
v 0.03606357 -0.03761641 0.01283232
v 0.03776935 -0.03748737 0.01153518
v 0.03772173 -0.03953817 0.01154300
v 0.03603617 -0.03834186 0.01279936
v 0.03675612 -0.03961285 0.01228487
v 0.03816926 -0.03335335 0.01124434
v 0.03863839 -0.03531702 0.01063587
v 0.03898974 -0.02707943 0.01037904
v 0.03847194 -0.02511458 0.01100190
v 0.03971658 -0.02083615 0.00969445
v 0.03964984 -0.02287107 0.00963626
v 0.03826726 -0.00835155 0.01082049
v 0.03894007 -0.03727661 0.01007690
v 0.03957094 -0.02489589 0.00953611
v 0.03952212 -0.02694569 0.00953974
v 0.03912041 -0.01883647 0.01018747
v 0.03865967 -0.01687301 0.01079346
v 0.03971089 -0.02040243 0.00963952
v 0.03932610 -0.02903986 0.00980982
v 0.03814875 -0.00308141 0.00998579
v 0.03815528 -0.00436247 0.01011337
v 0.03824352 -0.00652607 0.01058992
v 0.03984051 -0.02080624 0.00950479
v 0.03804732 -0.00231806 0.01019887
v 0.03675010 -0.00265075 0.01227560
v 0.03775494 -0.00035870 0.01075508
v 0.03676287 -0.00057102 0.01214756
v 0.03730402 0.00160452 0.01135817
v 0.03678242 0.00150308 0.01204293
v 0.03823348 0.00184360 0.00986691
v 0.03825287 0.00391784 0.00976170
v 0.03828651 0.00510254 0.00977796
v 0.03820872 -0.00022617 0.00995355
v 0.03816748 -0.00228227 0.00998335
v 0.03821384 0.00592402 0.00999669
v 0.03685440 0.00562398 0.01194712
v 0.03794653 0.00788278 0.01054550
v 0.03690178 0.00767498 0.01193850
v 0.03740672 0.00984816 0.01117487
v 0.03689870 0.00976787 0.01175578
v 0.03693188 0.01154779 0.01172146
v 0.03839740 0.01006883 0.00974413
v 0.03693811 0.01182548 0.01171967
v 0.03840366 0.01215397 0.00959365
v 0.03835778 0.00801139 0.00977953
v 0.03698171 0.01387961 0.01169801
v 0.03818493 0.01417087 0.00985230
v 0.03783608 0.01613161 0.01042521
v 0.03700593 0.01594984 0.01160949
v 0.03736780 0.01809525 0.01103343
v 0.03700801 0.01803845 0.01144456
v 0.03703881 0.01938118 0.01143821
v 0.03964723 -0.01868823 0.00928307
v 0.03945896 -0.01450306 0.00899490
v 0.03831716 0.00595479 0.00981147
v 0.03957733 -0.01530346 0.00876799
v 0.03835569 0.02046061 0.00917911
v 0.03705755 0.02008764 0.01144342
v 0.03805133 0.02242026 0.00973887
v 0.03706151 0.02217469 0.01128498
v 0.03770936 0.02438083 0.01030974
v 0.03708805 0.02424299 0.01120446
v 0.03722371 0.02634490 0.01092310
v 0.03710186 0.02632186 0.01108002
v 0.03710520 0.02675352 0.01105577
v 0.03664945 0.02831112 0.01156265
v 0.03712263 0.02839494 0.01097961
v 0.03627445 0.03027250 0.01214330
v 0.03717836 0.03043900 0.01099981
v 0.03560683 0.03156449 0.01264767
v 0.03561210 0.03228446 0.01260625
v 0.03717270 0.03253404 0.01080817
v 0.03565728 0.03433729 0.01259003
v 0.03700950 0.03459626 0.01083350
v 0.03652426 0.03656031 0.01144673
v 0.03564092 0.03644120 0.01236150
v 0.03716068 0.03463435 0.01059461
v 0.03716027 0.03399733 0.01064568
v 0.03718190 0.03670707 0.01049574
v 0.03716579 0.03881078 0.01026804
v 0.03568909 0.04058188 0.01218351
v 0.03721816 0.04085763 0.01027666
v 0.03573739 0.04263211 0.01217807
v 0.03680233 0.04284744 0.01074181
v 0.03625887 0.04481291 0.01137226
v 0.03572395 0.04473360 0.01195962
v 0.03722692 0.04503102 0.00996273
v 0.03725843 0.04709519 0.00989935
v 0.03719883 0.04296400 0.01003790
v 0.03721620 0.04125082 0.01023767
v 0.03715015 0.04913287 0.01001626
v 0.03665831 0.05109709 0.01063145
v 0.03753980 0.03263110 0.01020694
v 0.03725392 0.05336993 0.00936751
v 0.03722049 0.05542505 0.00937276
v 0.03679461 0.05738767 0.00996845
v 0.03602170 0.05935872 0.01066674
v 0.03730069 0.04088306 0.01012469
v 0.03840855 0.00396704 0.00946936
v 0.03840965 0.01632966 0.00927012
v 0.03839779 0.01298535 0.00950534
v 0.03997912 -0.02276186 0.00899404
v 0.03839346 0.01425277 0.00938636
v 0.03958706 -0.01654794 0.00890337
v 0.03836369 -0.00427801 0.00963556
v 0.03558972 0.06365805 0.00994762
v 0.03496052 0.06567845 0.01035780
v 0.03556270 0.06415079 0.00981568
v 0.03545402 0.06586105 0.00930729
v 0.03955422 -0.01443035 0.00861797
v 0.03748438 -0.04143143 0.01089610
v 0.03639118 -0.04155621 0.01192301
v 0.03724768 -0.04332524 0.01025145
v 0.03621762 -0.04350423 0.01150456
v 0.03568144 -0.04357013 0.01203006
v 0.03583847 -0.04161018 0.01239981
v 0.03545461 -0.04547213 0.01141946
v 0.03571054 -0.04544414 0.01118472
v 0.03697420 -0.04518851 0.00947991
v 0.03668007 -0.04625032 0.00857256
v 0.03628718 -0.04697326 0.00851246
v 0.03825446 0.01419912 -0.00939575
v 0.03827809 0.01224630 -0.00987251
v 0.03824697 0.01029481 -0.01033307
v 0.03815600 0.01615376 -0.00889688
v 0.03761155 0.01660417 -0.01076789
v 0.03761991 0.01465173 -0.01124013
v 0.03813791 0.00834522 -0.01077059
v 0.03798889 0.00639660 -0.01119629
v 0.03787358 0.01855004 -0.01037560
v 0.03796644 0.02050003 -0.00993330
v 0.03743324 0.02095017 -0.01180764
v 0.03756238 0.02289927 -0.01137606
v 0.03758377 0.02485099 -0.01091262
v 0.03755328 0.02680398 -0.01043384
v 0.03764329 0.02875403 -0.00999069
v 0.03832387 0.00399904 -0.00973310
v 0.03789024 0.00444676 -0.01163688
v 0.03732190 0.00685000 -0.01303108
v 0.03725889 0.00489929 -0.01348221
v 0.03738070 0.00880081 -0.01257870
v 0.03804550 0.00205357 -0.01012056
v 0.03752723 0.01270174 -0.01168249
v 0.03747530 0.01075075 -0.01213690
v 0.03718495 0.01900396 -0.01220399
v 0.03817869 -0.00033907 -0.00859771
v 0.03797969 -0.00228647 -0.00900863
v 0.03845275 -0.00468739 -0.00758627
v 0.03886681 -0.00708688 -0.00614646
v 0.03881331 -0.00903782 -0.00660041
v 0.03771333 0.00010941 -0.01049211
v 0.03757789 0.00250212 -0.01201430
v 0.03754959 -0.00183885 -0.01091346
v 0.03785007 -0.00423556 -0.00944007
v 0.03734833 -0.00378619 -0.01132372
v 0.03772139 -0.00618468 -0.00987179
v 0.03831079 -0.00663618 -0.00801406
v 0.03819337 -0.00858557 -0.00844911
v 0.03936125 -0.01144056 -0.00520019
v 0.03931801 -0.01339176 -0.00565717
v 0.03920021 -0.01534114 -0.00609210
v 0.03714236 -0.00573342 -0.01173258
v 0.03755994 -0.00813299 -0.01029382
v 0.03866796 -0.01098653 -0.00702720
v 0.03802171 -0.01053364 -0.00886812
v 0.03845646 -0.01293363 -0.00743443
v 0.03689941 -0.00767976 -0.01213051
v 0.03732726 -0.01007958 -0.01069478
v 0.03665954 -0.00962616 -0.01252936
v 0.03707415 -0.01202566 -0.01108971
v 0.03775253 -0.01247933 -0.00925829
v 0.03656605 -0.01157613 -0.01297148
v 0.03702699 -0.01397676 -0.01154553
v 0.03760535 -0.01442799 -0.00968454
v 0.03748011 -0.01637719 -0.01011728
v 0.03811851 -0.01682989 -0.00827404
v 0.03599032 -0.00917271 -0.01436348
v 0.03614121 -0.00722414 -0.01393833
v 0.03664967 -0.00333203 -0.01314914
v 0.03638553 -0.00527784 -0.01354081
v 0.03677546 -0.00138284 -0.01271657
v 0.03836519 -0.01488365 -0.00787721
v 0.03873557 -0.01728207 -0.00642449
v 0.03694880 0.00295459 -0.01386029
v 0.03694520 0.00056527 -0.01229699
v 0.03640229 0.00101565 -0.01416847
v 0.03701183 -0.01592863 -0.01201081
v 0.03628694 -0.01352158 -0.01335872
v 0.03627720 -0.01547359 -0.01382560
v 0.03699833 -0.01788055 -0.01247659
v 0.03751624 -0.01833032 -0.01059772
v 0.03726537 -0.02027646 -0.01099331
v 0.03677856 -0.01982745 -0.01288137
v 0.03704525 -0.02222334 -0.01139799
v 0.03655370 -0.02177422 -0.01328465
v 0.03701900 -0.02417495 -0.01186000
v 0.03628824 -0.02372000 -0.01367592
v 0.03687861 -0.02612378 -0.01228825
v 0.03750362 -0.02657615 -0.01044105
v 0.03674140 -0.02807268 -0.01271745
v 0.03624887 -0.02567129 -0.01413405
v 0.03585136 -0.02131996 -0.01510898
v 0.03599544 -0.01937122 -0.01468182
v 0.03600491 -0.02761760 -0.01453168
v 0.03612583 -0.01742215 -0.01425061
v 0.03672852 -0.03002462 -0.01318340
v 0.03596235 -0.00092589 -0.01450815
v 0.03741061 -0.02462164 -0.00994379
v 0.03588278 -0.02956687 -0.01496533
v 0.03575431 -0.03151599 -0.01539712
v 0.03792861 -0.02507141 -0.00806495
v 0.03680005 0.02921172 -0.01177336
v 0.03674812 0.02726074 -0.01222777
v 0.03645170 0.02940727 -0.01253989
v 0.03674063 0.03125770 -0.01171501
v 0.03692347 0.03116096 -0.01134009
v 0.03601806 0.02966791 -0.01357415
v 0.03587288 0.02771920 -0.01400099
v 0.03617416 0.02754736 -0.01332542
v 0.03771787 0.03070446 -0.00954298
v 0.03713065 0.03310816 -0.01093159
v 0.03578247 0.02576916 -0.01444402
v 0.03608922 0.03161843 -0.01312542
v 0.03686313 0.03324633 -0.01146443
v 0.03627086 0.03356625 -0.01270937
v 0.03582812 0.02574434 -0.01434732
v 0.03675022 0.02530844 -0.01269816
v 0.03692985 0.03528126 -0.01140631
v 0.03550838 0.02382358 -0.01483274
v 0.03678033 0.01706157 -0.01255412
v 0.03581415 0.02366561 -0.01422345
v 0.03531857 0.02187596 -0.01524639
v 0.03462147 0.02428233 -0.01660250
v 0.03477303 0.02623089 -0.01617755
v 0.03567660 -0.01111732 -0.01474049
v 0.03646454 0.03551378 -0.01229687
v 0.03553264 0.03597363 -0.01405333
v 0.03769576 -0.01877185 -0.00861881
v 0.03751857 -0.02846257 -0.01122292
v 0.03536070 -0.01306188 -0.01511685
v 0.03689673 0.03739910 -0.01169269
v 0.03680083 0.03745784 -0.01192653
v 0.03688315 0.03809860 -0.01179621
v 0.03754174 0.03700265 -0.01011360
v 0.03705766 0.03940384 -0.01153271
v 0.03740322 0.03505377 -0.01054241
v 0.03776517 0.03894945 -0.00970990
v 0.03736533 0.04134859 -0.01115391
v 0.03688434 0.03949972 -0.01190753
v 0.03624094 0.03986088 -0.01332322
v 0.03681195 0.04165016 -0.01232940
v 0.03675954 0.04331081 -0.01264337
v 0.03683188 0.04375098 -0.01255842
v 0.03653460 0.04180597 -0.01294029
v 0.03760694 0.04329496 -0.01075559
v 0.03713609 0.04569582 -0.01217860
v 0.03675116 0.04379096 -0.01271123
v 0.03592308 0.03791637 -0.01369901
v 0.03591433 0.04421048 -0.01431912
v 0.03678480 0.04585336 -0.01276726
v 0.03503443 -0.02715681 -0.01627674
v 0.03657342 0.02336050 -0.01311565
v 0.03646825 0.02141081 -0.01355432
v 0.03562927 0.02172878 -0.01468927
v 0.03516092 0.01992755 -0.01566954
v 0.03434557 0.02233680 -0.01699069
v 0.03546263 0.01977680 -0.01509217
v 0.03492847 0.01798096 -0.01607057
v 0.03536014 0.01777156 -0.01527371
v 0.03467625 0.01603486 -0.01646576
v 0.03538576 0.01565996 -0.01501324
v 0.03528000 0.01363076 -0.01508204
v 0.03539766 0.01459128 -0.01488501
v 0.03553475 0.01557680 -0.01468760
v 0.03614242 0.04615717 -0.01391680
v 0.03694085 0.04781413 -0.01240089
v 0.03724115 0.04764551 -0.01173990
v 0.03714097 0.04973830 -0.01188247
v 0.03645544 0.04810180 -0.01353959
v 0.03672127 0.05004757 -0.01314842
v 0.03663464 0.01511287 -0.01298081
v 0.03590714 0.01751998 -0.01432794
v 0.03616972 0.01946584 -0.01393581
v 0.03509540 -0.02520605 -0.01582500
v 0.03530909 -0.02325901 -0.01541841
v 0.03763846 -0.02810150 -0.01084717
v 0.03814711 -0.02689410 -0.00922624
v 0.03570304 0.05050952 -0.01487935
v 0.03590277 0.05245690 -0.01446864
v 0.03676439 0.05199877 -0.01269140
v 0.03584092 0.05441065 -0.01398059
v 0.03673412 0.05395175 -0.01221269
v 0.03579388 0.05636404 -0.01349692
v 0.03661439 0.05590691 -0.01170752
v 0.03551803 0.04226788 -0.01467171
v 0.03647978 0.01316439 -0.01340479
v 0.03534849 0.01360057 -0.01496975
v 0.03522101 0.03402897 -0.01443095
v 0.03503284 0.03208130 -0.01484508
v 0.03477201 0.02818316 -0.01570749
v 0.03503607 0.01168445 -0.01547968
v 0.03559586 -0.00286921 -0.01486956
v 0.03728680 -0.02266638 -0.00943741
v 0.03488778 0.03013259 -0.01527195
v 0.03503357 -0.01695841 -0.01595966
v 0.03505296 0.04662085 -0.01562667
v 0.03529792 0.04856713 -0.01522933
v 0.03488259 -0.00046245 -0.01622089
v 0.03558649 0.05832134 -0.01296584
v 0.03640173 0.05786433 -0.01117488
v 0.03542874 0.06027742 -0.01244943
v 0.03677416 -0.03131087 -0.01350614
v 0.03635264 0.01121524 -0.01383696
v 0.03526708 -0.00481346 -0.01524211
v 0.03501282 -0.01500565 -0.01548376
v 0.03537029 0.00147793 -0.01589533
v 0.03582736 0.00341905 -0.01556071
v 0.03602534 0.00536647 -0.01514948
v 0.03512699 0.04032515 -0.01502586
v 0.03623738 0.00926580 -0.01427265
v 0.03400638 0.02039281 -0.01736017
v 0.03472272 -0.02910147 -0.01665434
v 0.03615759 0.00731550 -0.01471882
v 0.03476022 0.04467573 -0.01600988
v 0.03523281 0.01160629 -0.01519679
v 0.03484010 0.00973697 -0.01589151
v 0.03495912 -0.00675821 -0.01562082
v 0.03453489 0.05878409 -0.01468690
v 0.03488764 0.06051557 -0.01333516
v 0.03439796 0.06073967 -0.01417665
v 0.03529904 0.06178751 -0.01204847
v 0.03526781 0.06223358 -0.01193208
v 0.03449732 0.05928974 -0.01455434
v 0.03435582 0.06269294 -0.01369443
v 0.03410185 0.06465137 -0.01314957
v 0.03768791 -0.02853288 -0.01096530
v 0.03660092 -0.03188132 -0.01404508
v 0.03683082 -0.03197935 -0.01368341
v 0.03548281 -0.03346162 -0.01578660
v 0.03673360 -0.03392923 -0.01412443
v 0.03638780 -0.03379470 -0.01460837
v 0.03507062 0.00965062 -0.01558433
v 0.03474376 0.00778707 -0.01633278
v 0.03457104 0.05683097 -0.01516736
v 0.03846834 -0.02703679 -0.00869429
v 0.03835609 -0.02655973 -0.00854697
v 0.03641432 -0.03540210 -0.01438631
v 0.03632429 -0.03587151 -0.01447317
v 0.03641644 -0.03590882 -0.01433743
v 0.03594303 -0.03781448 -0.01483021
v 0.03651255 -0.03807895 -0.01383373
v 0.03696188 -0.03827644 -0.01309946
v 0.03636121 -0.04021406 -0.01339162
v 0.03545726 -0.03975490 -0.01515635
v 0.03578593 -0.04215230 -0.01369129
v 0.03659068 -0.04260905 -0.01189724
v 0.03708445 -0.04066883 -0.01157347
v 0.03666515 -0.03916789 -0.01322797
v 0.03712808 -0.04052204 -0.01155079
v 0.03772159 -0.03873209 -0.01129209
v 0.03756360 -0.03633884 -0.01280761
v 0.03401297 0.01409876 -0.01673942
v 0.03458964 -0.00249204 -0.01621138
v 0.03701216 -0.03013244 -0.01279819
v 0.03903134 -0.01772643 -0.00447994
v 0.03508095 -0.03540409 -0.01613755
v 0.03842012 -0.03679685 -0.01102886
v 0.03807137 -0.03439895 -0.01248798
v 0.03485674 0.06419584 -0.01134077
v 0.03367191 0.06661408 -0.01255269
v 0.03483747 0.00775386 -0.01621672
v 0.03792094 -0.01921449 -0.00665339
v 0.03758468 -0.02115855 -0.00702373
v 0.03735325 -0.02071575 -0.00898730
v 0.03801331 -0.02160614 -0.00511847
v 0.03762305 -0.02311173 -0.00750484
v 0.03822280 -0.02356349 -0.00565017
v 0.03877002 -0.02552905 -0.00628173
v 0.03814243 -0.01965704 -0.00468688
v 0.03852204 -0.02205568 -0.00323689
v 0.03848482 -0.02010253 -0.00275612
v 0.03884114 -0.02054836 -0.00082947
v 0.03870033 -0.03724083 -0.00907971
v 0.03285885 0.06707103 -0.01434429
v 0.03280078 0.06512020 -0.01479688
v 0.03454370 -0.00173567 -0.01642905
v 0.03422455 0.04273652 -0.01632126
v 0.03371142 -0.02668745 -0.01791755
v 0.03343901 -0.02863306 -0.01830678
v 0.03370558 -0.02473506 -0.01744606
v 0.03431893 -0.03104389 -0.01700471
v 0.03302318 0.06316254 -0.01533240
v 0.03473087 -0.04168946 -0.01541134
v 0.03356112 0.01845141 -0.01769828
v 0.03445680 0.05488150 -0.01560334
v 0.03434548 -0.00240162 -0.01653185
v 0.03379397 -0.00434044 -0.01683855
v 0.03386245 -0.02278663 -0.01702268
v 0.03385152 -0.02278252 -0.01703734
v 0.03400856 -0.02082258 -0.01666754
v 0.03405429 -0.02083906 -0.01660964
v 0.03399247 -0.01871889 -0.01689516
v 0.03459172 -0.01889990 -0.01629878
v 0.03824494 -0.03245093 -0.01206953
v 0.03925075 -0.03486482 -0.01080469
v 0.03361532 0.01215619 -0.01709160
v 0.03571093 -0.04453988 -0.01210688
v 0.03824124 -0.03049860 -0.01159867
v 0.03459995 -0.00459093 -0.01600371
v 0.03295084 0.06121206 -0.01578078
v 0.03290662 0.05926089 -0.01623747
v 0.03373874 0.04079610 -0.01664739
v 0.03453686 -0.03734309 -0.01644644
v 0.03485519 -0.04408189 -0.01388586
v 0.03367330 -0.02472488 -0.01748019
v 0.03257650 0.06716015 -0.01464310
v 0.03134002 0.06754516 -0.01592721
v 0.03128000 0.06559438 -0.01637922
v 0.03234147 0.06526496 -0.01528196
v 0.03440801 0.05882346 -0.01481801
v 0.03329946 -0.02911762 -0.01838293
v 0.03274347 0.06781358 -0.01413217
v 0.03337145 -0.03074526 -0.01800543
v 0.03380252 -0.03298356 -0.01732179
v 0.03377697 -0.04354112 -0.01558044
v 0.03380221 -0.04364492 -0.01548653
v 0.03374773 -0.04361778 -0.01559042
v 0.03381577 -0.04600884 -0.01404830
v 0.03287000 -0.04554866 -0.01580066
v 0.03421995 -0.04512218 -0.01395208
v 0.03444283 -0.04646126 -0.01220171
v 0.03357115 -0.04136274 -0.01645590
v 0.03472748 -0.04596919 -0.01216580
v 0.03249301 0.06903218 -0.01376635
v 0.03232371 -0.04314595 -0.01720137
v 0.03305283 -0.04121146 -0.01694718
v 0.03963229 -0.03285291 -0.01076825
v 0.03973150 -0.03084495 -0.01059803
v 0.03998716 -0.02986198 -0.00981429
v 0.04043358 -0.02933754 -0.00834760
v 0.03350997 -0.03995933 -0.01677837
v 0.03378332 -0.03927699 -0.01669340
v 0.03963283 -0.02901739 -0.00950837
v 0.03085302 0.06950926 -0.01531345
v 0.03342975 -0.03288400 -0.01763219
v 0.03346477 -0.03385564 -0.01743375
v 0.03308294 -0.03491829 -0.01757879
v 0.03271053 -0.03056758 -0.01856115
v 0.03187078 -0.03249938 -0.01878262
v 0.03346870 -0.03500667 -0.01732569
v 0.03123270 -0.04507164 -0.01734855
v 0.03112612 -0.04521603 -0.01735241
v 0.03153358 -0.04720089 -0.01581092
v 0.03134057 -0.04746367 -0.01581821
v 0.02995393 -0.04699276 -0.01744022
v 0.03783407 0.04289184 -0.00897467
v 0.03785159 0.04249207 -0.00888250
v 0.03785708 0.04285171 -0.00879755
v 0.03782573 0.04090023 -0.00925804
v 0.03797270 0.04068641 -0.00832426
v 0.03757576 0.04524796 -0.01027660
v 0.03779804 0.04480539 -0.00831033
v 0.03760308 0.04517396 -0.00994381
v 0.03755427 0.04720073 -0.00980048
v 0.03756334 0.04583228 -0.01013240
v 0.03784470 0.04675650 -0.00785436
v 0.03758839 0.04915215 -0.00934081
v 0.03736074 0.04746551 -0.01095210
v 0.03735450 0.04956102 -0.01114572
v 0.03732355 0.05154800 -0.01082474
v 0.03733398 0.04984210 -0.01123824
v 0.03733983 0.04959535 -0.01129931
v 0.03790674 0.03865084 -0.00837976
v 0.03797998 0.03733422 -0.00802364
v 0.03803307 0.03645562 -0.00777176
v 0.03798645 0.03655466 -0.00821310
v 0.03797274 0.04870563 -0.00742245
v 0.03773478 0.05110083 -0.00891433
v 0.03807389 0.05065541 -0.00698260
v 0.03776559 0.05305232 -0.00845367
v 0.03795928 0.03442655 -0.00785429
v 0.03730078 0.05350080 -0.01034824
v 0.03792441 0.03236517 -0.00780250
v 0.03780021 0.03460695 -0.00862779
v 0.03763963 0.03265861 -0.00905008
v 0.03721964 0.05545502 -0.00985448
v 0.03698838 0.05741289 -0.00931634
v 0.03665914 0.05937315 -0.00874923
v 0.03711781 0.05892483 -0.00685285
v 0.03691887 0.06035188 -0.00645180
v 0.03641346 0.06122310 -0.00823288
v 0.03640391 0.06133161 -0.00820400
v 0.03685404 0.06088349 -0.00630510
v 0.03587866 0.06178156 -0.01008070
v 0.03587947 0.06176929 -0.01008388
v 0.03607407 0.05982455 -0.01060824
v 0.03545272 0.06374417 -0.00948499
v 0.03590016 0.06329612 -0.00758529
v 0.03634029 0.06284824 -0.00568343
v 0.03670558 0.06240219 -0.00375944
v 0.03612451 0.06436858 -0.00311787
v 0.03629817 0.06407012 -0.00180155
v 0.03551923 0.06633556 -0.00246914
v 0.03598356 0.06494717 -0.00293780
v 0.03571792 0.06481564 -0.00502965
v 0.03546306 0.06564675 -0.00475580
v 0.03525803 0.06526399 -0.00692567
v 0.03436701 0.06616000 -0.01072621
v 0.03478592 0.06571265 -0.00881808
v 0.03440346 0.06683450 -0.00843728
v 0.03390180 0.06774834 -0.01020919
v 0.03380720 0.06812587 -0.01009093
v 0.03414150 0.06768058 -0.00815777
v 0.03319786 0.06857787 -0.01194276
v 0.03332915 0.06785499 -0.01215475
v 0.03492936 0.06619631 -0.00660607
v 0.03456073 0.06723321 -0.00624973
v 0.03501633 0.06678496 -0.00435244
v 0.03467904 0.06830826 -0.00175096
v 0.03509018 0.06786109 0.00015948
v 0.03493326 0.06823504 0.00029494
v 0.03550010 0.06806228 0.00222628
v 0.03411161 0.06875923 -0.00361518
v 0.03440972 0.06890000 -0.00153051
v 0.03323798 0.06965482 -0.00742086
v 0.03287038 0.07010092 -0.00934417
v 0.03281629 0.07063588 -0.00706258
v 0.03332925 0.06985046 -0.00526305
v 0.03361980 0.06920836 -0.00550176
v 0.03386536 0.06932835 -0.00340687
v 0.03482572 0.06938262 0.00273943
v 0.03203477 0.07055842 -0.01112910
v 0.03437277 0.07047422 0.00527057
v 0.03486172 0.06941589 0.00701139
v 0.03397095 0.06984058 0.00096017
v 0.03337537 0.07029224 -0.00089573
v 0.03213925 0.07163381 -0.00662624
v 0.03382780 0.07089563 0.00339272
v 0.03237035 0.07119102 -0.00466257
v 0.03289897 0.07074100 -0.00278687
v 0.03226608 0.07099760 -0.00895327
v 0.03147551 0.07208712 -0.00846198
v 0.03169017 0.07106730 -0.01090678
v 0.03071697 0.07254275 -0.01026970
v 0.03323643 0.07078944 0.00140137
v 0.03403543 0.07047978 0.00750686
v 0.03396893 0.07091856 0.00549452
v 0.03268103 0.07109235 -0.00050197
v 0.03125353 0.07089395 -0.01236929
v 0.03325980 0.07137298 0.00367220
v 0.03213689 0.07152311 -0.00237781
v 0.03159243 0.07195032 -0.00425441
v 0.03260492 0.07222134 0.00620332
v 0.03108706 0.07082766 -0.01292685
v 0.03098420 0.07102116 -0.01285047
v 0.02985476 0.07148581 -0.01454853
v 0.03044884 0.07018878 -0.01503280
v 0.02934935 0.07291735 -0.01192039
v 0.03052657 0.07306687 -0.00795121
v 0.03106898 0.07261643 -0.00607961
v 0.02942329 0.07295858 -0.01167371
v 0.02926881 0.07301516 -0.01187352
v 0.02996162 0.07326111 -0.00987793
v 0.03145482 0.07229124 0.00014189
v 0.03069410 0.07274691 -0.00166519
v 0.02875006 0.07272109 -0.01393113
v 0.02792227 0.07348510 -0.01350738
v -0.02640727 -0.05386695 -0.00062285
v -0.02482552 -0.05442586 -0.00121576
v -0.02427472 -0.05478101 0.00067634
v -0.02571066 -0.05432107 0.00120317
v -0.02373237 -0.05523225 0.00254777
v -0.02506993 -0.05477382 0.00304572
v -0.02316378 -0.05538501 0.00448341
v -0.02347548 -0.05524980 0.00460628
v -0.02559661 -0.05458108 0.00324474
v -0.02131803 -0.05624636 0.00374122
v -0.02071481 -0.05600540 0.00576157
v -0.01887569 -0.05694217 0.00500316
v -0.01946049 -0.05697359 0.00302789
v -0.01894347 -0.05731236 0.00279653
v -0.02244341 -0.05580656 -0.00010117
v -0.02708611 -0.05341327 -0.00245414
v -0.02537879 -0.05409889 -0.00311393
v -0.02756854 -0.05296437 -0.00434350
v -0.02591532 -0.05358157 -0.00497114
v -0.02351128 -0.05471281 -0.00380288
v -0.02403522 -0.05405230 -0.00562929
v -0.02644416 -0.05297670 -0.00680951
v -0.02456697 -0.05348063 -0.00747481
v -0.02163214 -0.05519448 -0.00446339
v -0.02668902 -0.05376643 -0.00051701
v -0.02501563 -0.05459310 0.00521066
v -0.02697443 -0.05238826 -0.00865143
v -0.02188744 -0.05610288 0.00180359
v -0.02298082 -0.05529920 -0.00196053
v -0.02614406 -0.05418786 0.00136083
v -0.02787794 -0.05251967 -0.00628401
v -0.02214999 -0.05446479 -0.00627491
v -0.02057464 -0.05585276 0.00622307
v -0.01829610 -0.05619928 0.00690224
v -0.01822124 -0.05611882 0.00714880
v -0.01801305 -0.05625708 0.00705519
v -0.02008111 -0.05541806 0.00785644
v -0.02510119 -0.05293699 -0.00932636
v -0.02749427 -0.05168109 -0.01046780
v -0.02561079 -0.05211338 -0.01111768
v -0.02608165 -0.05128039 -0.01277878
v -0.02753756 -0.05161688 -0.01061950
v -0.02320963 -0.05327749 -0.00995649
v -0.02371012 -0.05235035 -0.01172554
v -0.02130490 -0.05346815 -0.01055439
v -0.02078623 -0.05418863 -0.00874089
v -0.01889571 -0.05454087 -0.00937355
v -0.02181460 -0.05264580 -0.01234598
v -0.02421900 -0.05151856 -0.01351510
v -0.01941447 -0.05382154 -0.01118730
v -0.02800544 -0.05087544 -0.01226298
v -0.02935614 -0.05100303 -0.00976504
v -0.02988000 -0.05034163 -0.01159125
v -0.03035715 -0.04914911 -0.01330321
v -0.02848721 -0.04973540 -0.01398622
v -0.02891700 -0.04838122 -0.01555134
v -0.03053120 -0.04858630 -0.01393820
v -0.03129197 -0.04873569 -0.01293280
v -0.03220753 -0.04834048 -0.01257236
v -0.03172412 -0.04946181 -0.01084509
v -0.02813912 -0.04837527 -0.01589700
v -0.02703846 -0.04849298 -0.01624432
v -0.01991279 -0.05694730 0.00149596
v -0.02117563 -0.05574294 0.00595828
v -0.02660190 -0.05014696 -0.01463164
v -0.02469285 -0.05028858 -0.01521899
v -0.02511658 -0.04848867 -0.01680027
v -0.02277005 -0.05027383 -0.01577270
v -0.02251075 -0.05115463 -0.01482320
v -0.02439253 -0.05113753 -0.01413339
v -0.02054960 -0.05123762 -0.01523918
v -0.01758123 -0.05545964 0.00925912
v -0.02084075 -0.05018523 -0.01631051
v -0.01861157 -0.05130143 -0.01573490
v -0.01890731 -0.05004947 -0.01683819
v -0.01658711 -0.05143699 -0.01593240
v -0.01696440 -0.04980617 -0.01734273
v -0.01462471 -0.05152103 -0.01634407
v -0.01847465 -0.05174789 -0.01523507
v -0.01769105 -0.05870261 0.00209903
v -0.02004139 -0.05696078 0.00106214
v -0.01825718 -0.05852182 0.00016942
v -0.02060974 -0.05680517 -0.00087289
v -0.01879983 -0.05807397 -0.00170274
v -0.02112610 -0.05605852 -0.00268077
v -0.01929936 -0.05713599 -0.00346945
v -0.01795068 -0.05703131 -0.00597232
v -0.01658604 -0.05674508 -0.00843613
v -0.01841402 -0.05568179 -0.00765050
v -0.01702841 -0.05515722 -0.01006303
v -0.01519517 -0.05616071 -0.01083580
v -0.01563535 -0.05454786 -0.01245732
v -0.01647531 -0.05431232 -0.01215721
v -0.01575092 -0.05422160 -0.01287506
v -0.01402003 -0.05411341 -0.01408554
v -0.01732188 -0.05446257 -0.01111277
v -0.01377071 -0.05519446 -0.01315331
v -0.01610494 -0.05326947 -0.01415080
v -0.01977983 -0.05598117 -0.00518952
v -0.01419279 -0.05337582 -0.01473056
v -0.02611381 -0.05121513 -0.01289294
v -0.02039118 -0.05169131 -0.01466602
v -0.02723391 -0.05334412 -0.00239467
v -0.02757014 -0.05165285 -0.01043901
v -0.02907494 -0.05242909 -0.00164093
v -0.02961955 -0.05200362 -0.00351790
v -0.03145289 -0.05100116 -0.00274535
v -0.03095997 -0.05132091 -0.00105193
v -0.03199177 -0.05051052 -0.00460831
v -0.03016013 -0.05153236 -0.00538502
v -0.03068991 -0.05093817 -0.00722570
v -0.03240826 -0.05001999 -0.00650676
v -0.03267438 -0.04957635 -0.00846007
v -0.03252391 -0.04994327 -0.00645478
v -0.03305190 -0.04932884 -0.00829110
v -0.03483614 -0.04776822 -0.00739847
v -0.03431945 -0.04851105 -0.00558977
v -0.03379022 -0.04911143 -0.00375043
v -0.03483164 -0.04800876 -0.00532046
v -0.03447342 -0.04845464 -0.00339438
v -0.03596863 -0.04602883 -0.00451452
v -0.03551076 -0.04682657 -0.00270199
v -0.03588870 -0.04613863 -0.00403685
v -0.03324445 -0.04952375 -0.00187063
v -0.03392977 -0.04890503 -0.00152313
v -0.03499006 -0.04752385 -0.00088349
v -0.03271086 -0.05007458 -0.00002062
v -0.03342746 -0.04935442 0.00036035
v -0.03216361 -0.05047003 0.00186281
v -0.03289027 -0.04980465 0.00223351
v -0.03161512 -0.05085133 0.00374928
v -0.02980351 -0.05210081 0.00292359
v -0.03390546 -0.04842742 0.00285913
v -0.03336476 -0.04889736 0.00472654
v -0.03436502 -0.04781651 0.00313932
v -0.03484459 -0.04736767 0.00124912
v -0.03584810 -0.04539100 0.00201559
v -0.03627367 -0.04494348 0.00010943
v -0.03607368 -0.04461487 0.00226773
v -0.03657864 -0.04373856 0.00048775
v -0.03684548 -0.04297732 0.00074826
v -0.03663811 -0.04341952 0.00271894
v -0.03535229 -0.04691816 -0.00063276
v -0.03389416 -0.04826513 0.00503210
v -0.02925336 -0.05246338 0.00481410
v -0.03105981 -0.05115518 0.00565242
v -0.03224746 -0.05025746 0.00407545
v -0.02947179 -0.05227727 0.00278500
v -0.03018001 -0.05182287 0.00096240
v -0.02880397 -0.05273068 0.00461954
v -0.02867664 -0.05252381 0.00676961
v -0.03354943 -0.04836806 -0.01005290
v -0.03478940 -0.04713547 -0.00939695
v -0.03497239 -0.04744445 -0.00788594
v -0.03423576 -0.04671178 -0.01159264
v -0.03035296 -0.05173043 0.00103477
v -0.03232999 -0.04914758 -0.01059389
v -0.02831029 -0.05234711 -0.00611719
v -0.03400716 -0.04695483 -0.01171737
v -0.03159361 -0.05091414 -0.00268363
v -0.03530524 -0.04648417 -0.00909073
v -0.03217560 -0.05031160 -0.00524644
v -0.01583027 -0.05674737 0.00844180
v -0.01575334 -0.05676518 0.00849311
v -0.01721585 -0.05500586 0.01045755
v -0.01511287 -0.05585958 0.01058471
v -0.01885225 -0.05472157 0.00980508
v -0.01693940 -0.05477970 0.01137391
v -0.01941860 -0.05450305 0.01002180
v -0.01881115 -0.05421406 0.01205248
v -0.01632908 -0.05445803 0.01341162
v -0.02041190 -0.05335253 0.01362329
v -0.02068119 -0.05362886 0.01273526
v -0.02003583 -0.05290881 0.01485868
v -0.01754721 -0.05307840 0.01623382
v -0.01568714 -0.05377698 0.01552665
v -0.01715451 -0.05242143 0.01750788
v -0.01929754 -0.05218742 0.01729628
v -0.01869440 -0.05059787 0.01920531
v -0.01682594 -0.05149529 0.01854291
v -0.01843569 -0.05062361 0.01921919
v -0.01655793 -0.05082643 0.01939426
v -0.01830934 -0.04882724 0.02036186
v -0.01619396 -0.04903829 0.02047805
v -0.01416071 -0.04918115 0.02031086
v -0.01447417 -0.05101123 0.01940138
v -0.01239321 -0.05119370 0.01939881
v -0.01287500 -0.05288402 0.01790851
v -0.01491334 -0.05266160 0.01770797
v -0.01316085 -0.05351830 0.01699393
v -0.01078748 -0.05307194 0.01792858
v -0.01132336 -0.05447345 0.01623156
v -0.01235124 -0.05093072 0.01951912
v -0.01356197 -0.04922716 0.02027993
v -0.01209529 -0.04935073 0.02025470
v -0.01202620 -0.05121679 0.01935609
v -0.01036885 -0.05132918 0.01920097
v -0.01500186 -0.05260310 0.01774770
v -0.02085824 -0.05034658 0.01892189
v -0.01990552 -0.05210292 0.01715202
v -0.02121926 -0.05113462 0.01776576
v -0.02262455 -0.05008448 0.01842573
v -0.02314953 -0.04998947 0.01819871
v -0.02269947 -0.04827281 0.01957954
v -0.02049675 -0.04855638 0.01999709
v -0.02172300 -0.05171891 0.01611013
v -0.02298812 -0.04939910 0.01869602
v -0.02185541 -0.05313338 0.01319479
v -0.01448043 -0.05528646 0.01267651
v -0.01385197 -0.05475852 0.01475860
v -0.01203463 -0.05594285 0.01394693
v -0.01358312 -0.05572415 0.01231114
v -0.01224151 -0.05604534 0.01325564
v -0.01268933 -0.05676906 0.01180067
v -0.01222541 -0.05770944 0.01143994
v -0.01299107 -0.05751334 0.01084142
v -0.01169158 -0.05620735 0.01378386
v -0.01410914 -0.05722643 0.00996491
v -0.01480302 -0.05546388 0.01160010
v -0.01591951 -0.05399186 0.01475846
v -0.01481712 -0.05417902 0.01517776
v -0.02130336 -0.05408523 0.01066857
v -0.02852942 -0.05284429 0.00023826
v -0.02369621 -0.05083232 0.01641917
v -0.02234457 -0.05160638 0.01584118
v -0.02548938 -0.04959204 0.01730797
v -0.02551141 -0.04962374 0.01723606
v -0.02557833 -0.04957542 0.01726708
v -0.02619203 -0.05074465 0.01502640
v -0.02401606 -0.05136034 0.01538087
v -0.02186354 -0.05184246 0.01564497
v -0.02571738 -0.05108712 0.01480643
v -0.02784920 -0.04908299 0.01590652
v -0.02687581 -0.04759159 0.01812047
v -0.02734669 -0.04750493 0.01791014
v -0.02795402 -0.04893101 0.01597347
v -0.02715622 -0.04647779 0.01846975
v -0.02699252 -0.04570866 0.01896012
v -0.02753006 -0.04562342 0.01878368
v -0.02938834 -0.04526476 0.01787623
v -0.02927959 -0.04709592 0.01679921
v -0.02986572 -0.04695873 0.01640115
v -0.03090237 -0.05135950 -0.00085394
v -0.02961258 -0.04594137 0.01717353
v -0.02742812 -0.05355788 0.00402175
v -0.02883269 -0.05166908 -0.00793982
v -0.02252834 -0.05278343 0.01347402
v -0.01051461 -0.05189581 0.01875461
v -0.02896810 -0.04352334 0.01915418
v -0.01952164 -0.05463671 0.00968432
v -0.02268004 -0.05301464 0.01298000
v -0.03334751 -0.04871559 0.00690246
v -0.03426389 -0.04694266 0.00858031
v -0.03464726 -0.04673171 0.00775653
v -0.03601110 -0.04430911 0.00659754
v -0.03548753 -0.04475901 0.00847474
v -0.03475620 -0.04521397 0.01029050
v -0.03537710 -0.04324661 0.01094385
v -0.03398498 -0.04566990 0.01209447
v -0.03334791 -0.04671140 0.01165922
v -0.03459599 -0.04370279 0.01274489
v -0.03358758 -0.04416449 0.01447873
v -0.03271051 -0.04608186 0.01376317
v -0.03402244 -0.04220166 0.01507707
v -0.03210660 -0.04463770 0.01607284
v -0.03278835 -0.04266886 0.01674418
v -0.03143472 -0.04302067 0.01782605
v -0.03474018 -0.04182151 0.01360347
v -0.03413244 -0.04040180 0.01554204
v -0.03201443 -0.04478512 0.01601065
v -0.03491736 -0.04174272 0.01330968
v -0.03485282 -0.04197481 0.01323512
v -0.03408732 -0.04027324 0.01568408
v -0.03596531 -0.04289464 0.00954828
v -0.03610084 -0.04292931 0.00909276
v -0.03415880 -0.04024610 0.01558715
v -0.03634129 -0.04386391 0.00466318
v -0.03394992 -0.04693855 0.00964185
v -0.03273440 -0.04612222 0.01368568
v -0.03206635 -0.05046547 -0.00457585
v -0.02268137 -0.05388885 -0.00811951
v -0.03534539 -0.03978005 0.01390600
v -0.03606927 -0.03932527 0.01208803
v -0.02777441 -0.05287189 -0.00426158
v -0.02436235 -0.05178864 0.01424492
v -0.02255895 -0.05512589 0.00650767
v -0.03504417 -0.04756642 -0.00728962
v -0.02764828 -0.05319598 0.00630983
v -0.02626170 -0.05353110 0.00796453
v -0.02638631 -0.05357303 0.00754654
v -0.02600921 -0.05367303 0.00785720
v -0.02380080 -0.05401586 0.00927186
v -0.02565070 -0.05320179 0.01000388
v -0.02389730 -0.05409430 0.00895196
v -0.02338454 -0.05417408 0.00911315
v -0.02807642 -0.05231702 0.00878260
v -0.02758792 -0.05203033 0.01041118
v -0.02899980 -0.05164799 0.00921120
v -0.03038705 -0.05125157 0.00793571
v -0.02746166 -0.05194487 0.01083117
v -0.02987687 -0.05094060 0.00963560
v -0.02722429 -0.05212837 0.01071822
v -0.02684194 -0.05151641 0.01289186
v -0.01991147 -0.05285467 -0.01294780
v -0.02122693 -0.05585620 -0.00303843
v -0.02927285 -0.05069064 0.01165789
v -0.03123967 -0.04964122 0.01034323
v -0.02992443 -0.05011040 0.01198634
v -0.03101663 -0.04866996 0.01264949
v -0.03163704 -0.04910628 0.01058712
v -0.02888624 -0.05040734 0.01294215
v -0.03207974 -0.04930114 0.00910590
v -0.03224343 -0.04938316 0.00855904
v -0.03068051 -0.05116992 0.00767614
v -0.03242735 -0.04917515 0.00866240
v -0.02025538 -0.05684327 0.00115243
v -0.03162990 -0.05070965 0.00592485
v -0.03384462 -0.04718841 0.00955121
v -0.02135121 -0.05594227 -0.00258755
v -0.01362188 -0.05435423 0.01550351
v -0.02893893 -0.04825380 -0.01563598
v -0.02442111 -0.05445111 0.00720972
v -0.01940284 -0.05232944 0.01695183
v -0.01034707 -0.05819232 0.01291656
v -0.03546907 -0.04236387 0.01118291
v -0.02780433 -0.05208431 -0.00833777
v -0.01101394 -0.05470876 0.01608526
v -0.00920331 -0.05493227 0.01638394
v -0.00877420 -0.05319822 0.01769249
v -0.00953671 -0.05600677 0.01534480
v -0.00705683 -0.05516914 0.01660744
v -0.00688925 -0.05437035 0.01710849
v -0.00616985 -0.05526383 0.01668500
v -0.00665175 -0.05341514 0.01783309
v -0.00486838 -0.05544086 0.01697579
v -0.00805890 -0.05326561 0.01771330
v -0.00738456 -0.05698736 0.01564871
v -0.00892262 -0.05671191 0.01499715
v -0.02799878 -0.04905384 0.01583221
v -0.03036208 -0.04784541 0.01479539
v -0.02994012 -0.04859493 0.01449275
v -0.02864017 -0.05011481 0.01375028
v -0.03116433 -0.04661288 0.01532447
v -0.03152191 -0.04811927 0.01292844
v -0.02305893 -0.05533541 0.00483393
v -0.03570160 -0.04647249 -0.00256148
v -0.02012673 -0.05509776 -0.00701359
v -0.01877013 -0.05480542 -0.00892705
v -0.02022795 -0.05514033 -0.00677436
v -0.02068211 -0.05552140 -0.00481739
v -0.03069905 -0.04835717 0.01369786
v -0.03444212 -0.04791145 0.00100163
v -0.02810886 -0.05059175 0.01348153
v -0.03557424 -0.04555399 0.00403420
v -0.02391333 -0.04810087 0.01927655
v -0.00837203 -0.05144179 0.01890807
v -0.02163713 -0.05442557 0.00956775
v -0.03569627 -0.04128660 0.01150798
v -0.02230985 -0.05165901 -0.01410219
v -0.03283704 -0.04765009 0.01128529
v -0.01864882 -0.05037398 0.01934103
v -0.03282043 -0.04932596 0.00660284
v -0.02496419 -0.04793776 0.01894803
v -0.01981593 -0.04863776 0.02009706
v -0.03196094 -0.04894452 -0.01168862
v -0.03121985 -0.05034594 -0.00906679
v -0.00865333 -0.05258050 0.01805043
v -0.01191336 -0.05592392 -0.01386712
v -0.01139839 -0.05465504 0.01599272
v -0.00976930 -0.05655267 0.01460309
v -0.02137137 -0.05637894 -0.00054960
v -0.01220214 -0.05407747 -0.01499582
v -0.01592567 -0.05522997 0.01097177
v -0.03004104 -0.04512514 0.01749411
v -0.03080393 -0.04315432 0.01818944
v -0.02797766 -0.05318846 0.00213272
v -0.03049074 -0.05130264 0.00758921
v -0.03088535 -0.05136854 -0.00086104
v -0.01501737 -0.05265055 0.01769916
v -0.02685928 -0.05370792 0.00595798
v -0.00817842 -0.05868227 0.01430735
v -0.02317510 -0.05351942 0.01134718
v -0.02194270 -0.05473683 0.00855988
v -0.02633407 -0.05098105 0.01456548
v -0.03194611 -0.04468640 0.01623360
v -0.02585349 -0.05125748 -0.01297857
v -0.03269309 -0.04613851 0.01374449
v -0.02028059 -0.05505715 -0.00695923
v -0.01823436 -0.05470666 -0.00960511
v -0.01751798 -0.05410587 -0.01180535
v -0.01800711 -0.05304959 -0.01354661
v -0.01654077 -0.05160716 -0.01576168
v -0.01461544 -0.05156364 -0.01630920
v -0.01228118 -0.05348837 -0.01531165
v -0.01030054 -0.05820193 0.01294217
v 0.02765453 -0.05223390 -0.00734904
v 0.02822834 -0.05232745 -0.00540066
v 0.02623514 -0.05314259 -0.00501914
v 0.02965875 -0.05129343 -0.00770359
v 0.02984795 -0.05156538 -0.00568667
v 0.02922090 -0.05198728 -0.00346927
v 0.02991276 -0.05132250 -0.00684211
v 0.02708314 -0.05211290 -0.00929152
v 0.02606073 -0.05298828 -0.00706866
v 0.02908195 -0.05123396 -0.00965930
v 0.02614990 -0.05255329 -0.00912702
v 0.02507785 -0.05306555 -0.00893959
v 0.02450159 -0.05299993 -0.01089398
v 0.02650973 -0.05201492 -0.01123894
v 0.02590665 -0.05317725 -0.00612729
v 0.02882597 -0.05215011 -0.00339400
v 0.02251692 -0.05371806 -0.01049159
v 0.02308256 -0.05390447 -0.00856319
v 0.03008906 -0.05113409 -0.00778996
v 0.02196596 -0.05336480 -0.01238410
v 0.02394872 -0.05266832 -0.01279114
v 0.02594577 -0.05180936 -0.01316323
v 0.02340178 -0.05226936 -0.01467382
v 0.02538357 -0.05158390 -0.01508323
v 0.02142740 -0.05287058 -0.01424628
v 0.02290068 -0.05134914 -0.01644435
v 0.02495552 -0.05084224 -0.01659202
v 0.02461387 -0.05076726 -0.01680084
v 0.02488441 -0.05064173 -0.01684904
v 0.02204422 -0.05440559 -0.00838285
v 0.03023537 -0.05135503 -0.00574833
v 0.02624052 -0.05168118 -0.01321780
v 0.02188401 -0.05396453 -0.01036748
v 0.02225261 -0.05484783 -0.00641247
v 0.02365126 -0.05405607 -0.00662730
v 0.02234873 -0.05528732 -0.00440889
v 0.02162509 -0.05524610 -0.00632644
v 0.02421702 -0.05424106 -0.00469859
v 0.02107161 -0.05492144 -0.00822510
v 0.02230341 -0.05536649 -0.00402236
v 0.02278163 -0.05533163 -0.00240782
v 0.02480394 -0.05418552 -0.00271813
v 0.02535626 -0.05384545 -0.00279637
v 0.02511305 -0.05406365 -0.00168271
v 0.02485628 -0.05427044 -0.00061654
v 0.02540437 -0.05397634 -0.00070462
v 0.02337403 -0.05521379 -0.00041396
v 0.02216951 -0.05572012 -0.00232390
v 0.02625965 -0.05192503 -0.01209214
v 0.02219323 -0.05540397 -0.00439189
v 0.02627339 -0.05124482 -0.01525952
v 0.02071747 -0.05695360 -0.00219989
v 0.02009777 -0.05762194 -0.00218111
v 0.02002227 -0.05805726 -0.00012679
v 0.02132963 -0.05661106 -0.00015769
v 0.02157425 -0.05630640 0.00064458
v 0.02118730 -0.05657053 0.00203050
v 0.01967307 -0.05836352 0.00143954
v 0.01986217 -0.05806621 0.00205464
v 0.02070872 -0.05699604 0.00420400
v 0.02051440 -0.05726815 0.00419484
v 0.01918902 -0.05891129 0.00418357
v 0.01865664 -0.05906491 0.00511524
v 0.02195607 -0.05610616 0.00191944
v 0.01952192 -0.05848224 0.00205315
v 0.02060142 -0.05704398 0.00447072
v 0.02794803 -0.05089127 -0.01352259
v 0.02850666 -0.05115729 -0.01161131
v 0.03050241 -0.05031317 -0.01198659
v 0.02631531 -0.05212016 -0.01120792
v 0.03041854 -0.05070495 -0.00991937
v 0.03057899 -0.05033035 -0.01172617
v 0.03058018 -0.05027173 -0.01199916
v 0.02995763 -0.04988967 -0.01386399
v 0.03007519 -0.04982227 -0.01388185
v 0.03203082 -0.04816501 -0.01404983
v 0.02966684 -0.04957301 -0.01487354
v 0.03256372 -0.04872367 -0.01220151
v 0.03082465 -0.05127262 -0.00376210
v 0.03283648 -0.05024559 -0.00409802
v 0.03225176 -0.05027617 -0.00607311
v 0.03306314 -0.05012856 -0.00413555
v 0.03142471 -0.05106760 -0.00174948
v 0.03259906 -0.05055442 -0.00196634
v 0.03182898 -0.05082317 -0.00040232
v 0.03154908 -0.05096602 0.00037611
v 0.03204536 -0.05062855 0.00031348
v 0.03069413 -0.05138237 0.00266089
v 0.03344322 -0.04996478 -0.00206910
v 0.03002331 -0.05177175 0.00062442
v 0.03316815 -0.04969396 -0.00619859
v 0.03432855 -0.04851060 -0.00625015
v 0.03372275 -0.04878082 -0.00827679
v 0.03324549 -0.04925868 -0.00825346
v 0.03325012 -0.04891250 -0.00986446
v 0.03490748 -0.04854590 -0.00428923
v 0.03526004 -0.04849096 -0.00310137
v 0.03527721 -0.04866737 -0.00228843
v 0.03550494 -0.04837052 -0.00228300
v 0.03468582 -0.04909013 -0.00008157
v 0.03616481 -0.04748552 -0.00012409
v 0.03632789 -0.04728725 0.00041115
v 0.03682295 -0.04662024 0.00203057
v 0.03612704 -0.04761013 0.00199406
v 0.03265151 -0.05035437 0.00234098
v 0.03065639 -0.05139489 0.00273453
v 0.03125273 -0.05102869 0.00472129
v 0.03326247 -0.05002548 0.00438024
v 0.03341926 -0.04993362 0.00435691
v 0.03332786 -0.04997733 0.00459744
v 0.03247526 -0.05034780 0.00666802
v 0.03389259 -0.04947873 0.00646638
v 0.03445509 -0.04882291 0.00831482
v 0.03428125 -0.04887667 0.00863580
v 0.03206583 -0.05047479 0.00742569
v 0.03251372 -0.04992663 0.00889540
v 0.03111760 -0.05075191 0.00910143
v 0.03455026 -0.04861868 0.00861991
v 0.03541390 -0.04846709 0.00626891
v 0.03400672 -0.04951076 0.00215122
v 0.03186757 -0.05065568 0.00677005
v 0.02976991 -0.05179703 0.00496615
v 0.03470376 -0.04886779 0.00210392
v 0.03534282 -0.04821940 0.00421192
v 0.02940807 -0.05190375 0.00561010
v 0.03321844 -0.04882086 -0.01027746
v 0.02924142 -0.05204975 0.00505851
v 0.02832004 -0.05219890 0.00742683
v 0.02787141 -0.05239700 0.00750919
v 0.02723546 -0.05300994 0.00540881
v 0.02588137 -0.05317619 0.00789843
v 0.02862451 -0.05244630 0.00300468
v 0.02683009 -0.05339894 0.00406982
v 0.02593634 -0.05365596 0.00562987
v 0.02660520 -0.05355828 0.00332234
v 0.02523186 -0.05394338 0.00576487
v 0.02460503 -0.05445277 0.00368678
v 0.02325393 -0.05458490 0.00618374
v 0.02378045 -0.05395750 0.00791283
v 0.02278989 -0.05522538 0.00466701
v 0.02122354 -0.05547019 0.00644525
v 0.02716090 -0.05324861 0.00323580
v 0.02331931 -0.05510734 0.00390189
v 0.02410374 -0.05477095 0.00201757
v 0.02398547 -0.05487939 0.00162649
v 0.03313083 -0.04889326 -0.01026949
v 0.02539858 -0.05375569 0.00631328
v 0.02796917 -0.05225436 0.00782809
v 0.03407146 -0.04943940 0.00001244
v 0.02091794 -0.05204540 -0.01603726
v 0.02942378 -0.05197068 -0.00138689
v 0.03063744 -0.05140678 0.00267145
v 0.02147418 -0.05351740 -0.01227830
v 0.01999661 -0.05390874 -0.01194424
v 0.01945682 -0.05342848 -0.01380943
v 0.01746805 -0.05419329 -0.01341709
v 0.01696505 -0.05329467 -0.01519227
v 0.01497571 -0.05406596 -0.01480132
v 0.01453119 -0.05250246 -0.01643346
v 0.01667529 -0.05223888 -0.01625920
v 0.01250977 -0.05363853 -0.01612099
v 0.01888794 -0.05258013 -0.01557761
v 0.01652328 -0.05170000 -0.01681770
v 0.01547526 -0.05205989 -0.01660057
v 0.01600416 -0.05489933 -0.01316272
v 0.01697793 -0.05536020 -0.01141864
v 0.01897202 -0.05260051 -0.01551725
v 0.01545519 -0.05523195 -0.01308366
v 0.01435996 -0.05442215 -0.01470858
v 0.01262545 -0.05405732 -0.01569526
v 0.01294044 -0.05535948 -0.01452273
v 0.01594625 -0.05626632 -0.01133769
v 0.01502227 -0.05726484 -0.01131017
v 0.01369418 -0.05679535 -0.01294949
v 0.01609974 -0.05772822 -0.00959676
v 0.01643234 -0.05735717 -0.00960386
v 0.01672313 -0.05800458 -0.00856706
v 0.01717522 -0.05819156 -0.00788275
v 0.01799678 -0.05582216 -0.00968790
v 0.01522236 -0.05466818 -0.01391754
v 0.01800082 -0.05475340 -0.01156908
v 0.02185006 -0.05614950 -0.00019745
v 0.01904984 -0.05606141 -0.00791347
v 0.02426471 -0.05469320 0.00159036
v 0.01957709 -0.05668435 -0.00607898
v 0.03108498 -0.05030710 -0.01001678
v 0.02682367 -0.05306871 -0.00303474
v 0.03558692 -0.04803414 0.00418575
v 0.02564751 -0.05320626 -0.00700135
v 0.03432606 -0.04926080 0.00085882
v 0.03049923 -0.05098390 0.00922483
v 0.03062474 -0.05082359 0.00963612
v 0.02570111 -0.05341668 -0.00493033
v 0.02801414 -0.05276843 0.00096687
v 0.02791043 -0.05282970 0.00098219
v 0.02796159 -0.05279310 0.00079117
v 0.02856546 -0.05240848 -0.00124348
v 0.02942985 -0.04927273 -0.01569977
v 0.02931578 -0.04936663 -0.01568930
v 0.02897552 -0.04782083 -0.01735592
v 0.03172463 -0.04764591 -0.01512813
v 0.03232292 -0.04792474 -0.01407667
v 0.02761377 -0.04888804 -0.01721807
v 0.02691066 -0.04945071 -0.01714969
v 0.03550993 -0.04815342 0.00477167
v 0.03597295 -0.04767257 0.00629807
v 0.02082801 -0.05306451 -0.01411924
v 0.02987870 -0.05142159 0.00716215
v 0.03166963 -0.05027727 -0.00804186
v 0.03520472 -0.04822844 -0.00429899
v 0.01852302 -0.05543371 -0.00974693
v 0.03645604 -0.04684863 0.00786411
v 0.03295341 -0.05021145 -0.00370537
v 0.02257818 -0.05565044 0.00398599
v 0.02739548 -0.05055600 -0.01541897
v 0.02853513 -0.05146814 0.00967753
v 0.02899225 -0.05210352 -0.00283545
v 0.03298042 -0.04837791 -0.01223908
v 0.02741156 -0.05300206 -0.00105189
v 0.01952537 -0.05673368 -0.00607586
v 0.02052844 -0.05447959 -0.01009855
v 0.01876719 -0.05627807 -0.00788369
v 0.01895126 -0.05255901 -0.01559088
v 0.01850973 -0.05096158 -0.01721572
v 0.02599959 -0.05382638 0.00129615
v 0.03681970 -0.04654906 0.00632302
v 0.02390453 -0.05380534 0.00831996
v 0.01995379 -0.05705129 -0.00477470
v 0.00881362 -0.08161264 0.00895948
v 0.00714638 -0.08177367 0.01038958
v 0.00686832 -0.08363314 0.00960224
v 0.00919249 -0.07983688 0.01009469
v 0.00845261 -0.07992104 0.01078837
v 0.00729071 -0.08115934 0.01082714
v 0.00756089 -0.08002750 0.01164777
v 0.00531693 -0.08180002 0.01125997
v 0.01083506 -0.07965536 0.00857945
v 0.01058747 -0.08075248 0.00783240
v 0.01131213 -0.07955349 0.00791089
v 0.01272032 -0.07763552 0.00796429
v 0.01230232 -0.07932830 0.00645935
v 0.01152269 -0.08107370 0.00534688
v 0.01194663 -0.08052863 0.00535517
v 0.01315187 -0.07916111 0.00533494
v 0.01409670 -0.07792982 0.00535739
v 0.01426090 -0.07731882 0.00586241
v 0.01451021 -0.07724193 0.00540308
v 0.01276584 -0.07762282 0.00788663
v 0.01375116 -0.07898593 0.00427565
v 0.01179967 -0.08100128 0.00489704
v 0.01126542 -0.07792235 0.00989232
v 0.00659507 -0.08549660 0.00883150
v 0.00480905 -0.08555901 0.00985174
v 0.00472970 -0.08758345 0.00975003
v 0.00649477 -0.08750365 0.00865750
v 0.00282981 -0.08755132 0.01037735
v 0.00800611 -0.08532975 0.00747910
v 0.00292467 -0.08553975 0.01053260
v 0.00643020 -0.08954038 0.00860680
v 0.00470761 -0.08868149 0.00976572
v 0.00083675 -0.08744182 0.01068321
v 0.00576126 -0.08007860 0.01262102
v 0.00345287 -0.08179763 0.01201093
v 0.00505727 -0.08367476 0.01053612
v 0.01540227 -0.07531140 0.00560909
v 0.00386738 -0.08005146 0.01326913
v 0.00149486 -0.08171724 0.01243775
v 0.00614829 -0.07830962 0.01378440
v 0.00452385 -0.07831032 0.01445175
v 0.00624596 -0.07780834 0.01407345
v 0.00821826 -0.07644800 0.01382918
v 0.00651277 -0.07652190 0.01486992
v 0.00427617 -0.07835733 0.01451222
v 0.00832297 -0.07604035 0.01389693
v 0.00848145 -0.07452082 0.01430786
v 0.00671508 -0.07459954 0.01539588
v 0.00683715 -0.07261056 0.01564500
v 0.00695120 -0.07061492 0.01586642
v 0.00783244 -0.07058188 0.01535255
v 0.00865181 -0.07450631 0.01417076
v 0.00701056 -0.06911506 0.01594370
v 0.00874004 -0.07055486 0.01485593
v 0.00703322 -0.06859269 0.01597735
v 0.00884063 -0.06854804 0.01503091
v 0.01055256 -0.06842412 0.01375503
v 0.01067298 -0.06643377 0.01399844
v 0.00894443 -0.06654390 0.01521700
v 0.01205665 -0.06634305 0.01301110
v 0.01107863 -0.06436700 0.01377004
v 0.01223069 -0.06829953 0.01248988
v 0.01216122 -0.07030479 0.01229490
v 0.01238952 -0.06631367 0.01273844
v 0.01244137 -0.06426639 0.01274528
v 0.01398783 -0.06400508 0.01089843
v 0.01396571 -0.06607704 0.01099419
v 0.01248390 -0.06221137 0.01271994
v 0.01366735 -0.06204061 0.01144240
v 0.01337424 -0.06008123 0.01199883
v 0.01252831 -0.06015790 0.01270106
v 0.01407902 -0.06199046 0.01104099
v 0.01338118 -0.05812915 0.01246654
v 0.01420512 -0.06000482 0.01130401
v 0.01267066 -0.05818576 0.01302014
v 0.01081282 -0.06027888 0.01396469
v 0.01092282 -0.05827987 0.01417212
v 0.00906233 -0.06037078 0.01510752
v 0.01283778 -0.05623419 0.01342471
v 0.01075498 -0.06232119 0.01393720
v 0.01046439 -0.07044124 0.01362287
v 0.00794605 -0.07825695 0.01280463
v 0.01546664 -0.07682805 0.00308829
v 0.01555090 -0.07662539 0.00311264
v 0.01595451 -0.07508936 0.00435123
v 0.01594827 -0.07337245 0.00591741
v 0.01623562 -0.07323242 0.00514908
v 0.01649537 -0.07143352 0.00622541
v 0.01488092 -0.07365295 0.00765761
v 0.01517274 -0.07180491 0.00849242
v 0.01667747 -0.06948570 0.00664134
v 0.01533507 -0.06984936 0.00888045
v 0.01681619 -0.06753684 0.00707009
v 0.01547876 -0.06787833 0.00920416
v 0.01679344 -0.06558404 0.00754658
v 0.01560473 -0.06589258 0.00946671
v 0.01649804 -0.06362460 0.00810368
v 0.01561276 -0.06380892 0.00932234
v 0.01615133 -0.06166391 0.00867596
v 0.01706711 -0.06347113 0.00715767
v 0.01718173 -0.06147596 0.00738109
v 0.01564840 -0.06174817 0.00927321
v 0.01780248 -0.06126695 0.00615576
v 0.01784078 -0.05931563 0.00661420
v 0.01726899 -0.05945808 0.00751007
v 0.01502608 -0.06793042 0.00963137
v 0.01840126 -0.06094321 0.00440616
v 0.01673285 -0.07295438 0.00365344
v 0.01498757 -0.07183397 0.00870323
v 0.01425345 -0.07376835 0.00845052
v 0.01335850 -0.07393422 0.00958740
v 0.01311162 -0.07581957 0.00890762
v 0.01156791 -0.07608316 0.01076395
v 0.01198383 -0.07415026 0.01115358
v 0.01261178 -0.07221330 0.01143768
v 0.01179433 -0.07418083 0.01137312
v 0.01162271 -0.07559961 0.01090948
v 0.01701366 -0.06551709 0.00714535
v 0.01361361 -0.07205570 0.01029556
v 0.01367829 -0.07570659 0.00815081
v 0.01485605 -0.06597404 0.01015141
v 0.01204400 -0.07229779 0.01206253
v 0.01017460 -0.07438131 0.01296716
v 0.01579927 -0.05970310 0.00924982
v 0.01893935 -0.05739013 0.00675915
v 0.00540177 -0.08960800 0.00934160
v 0.00636897 -0.09157987 0.00856762
v 0.01672540 -0.06945841 0.00649489
v 0.01639723 -0.07489846 0.00328291
v 0.00279381 -0.08859390 0.01034144
v 0.00940043 -0.07901936 0.01073065
v 0.00074431 -0.08945541 0.01053635
v 0.01042025 -0.08140129 0.00732026
v 0.00331966 -0.08261504 0.01162772
v 0.00145909 -0.08192229 0.01233364
v 0.00117812 -0.08354459 0.01151692
v 0.01407441 -0.05619378 0.01273133
v 0.00796775 -0.08927166 0.00672920
v 0.00997477 -0.07630572 0.01244974
v -0.00121794 -0.08937150 0.01094852
v 0.00428734 -0.07830982 0.01454610
v 0.01225429 -0.06841861 0.01245439
v 0.00632740 -0.09158278 0.00859815
v 0.00461686 -0.09167043 0.00970486
v 0.00624064 -0.09356365 0.00829691
v 0.00451536 -0.09367649 0.00952673
v 0.00270681 -0.09372019 0.01046922
v 0.00436476 -0.09564178 0.00917918
v 0.00608973 -0.09552869 0.00794830
v 0.00411564 -0.09752528 0.00849168
v 0.00591456 -0.09680581 0.00746099
v 0.00560360 -0.09742190 0.00740286
v 0.00381671 -0.09881083 0.00758651
v 0.00232200 -0.09758136 0.00948566
v 0.00278100 -0.09169146 0.01055312
v 0.00641745 -0.09548946 0.00763200
v 0.00650868 -0.09353944 0.00807478
v 0.00079044 -0.09367438 0.01103971
v 0.00075567 -0.09155517 0.01074764
v 0.00275914 -0.08958297 0.01030560
v 0.00073382 -0.09016843 0.01055958
v -0.00118394 -0.09358039 0.01141003
v -0.00122146 -0.09145891 0.01110848
v -0.00303877 -0.09358567 0.01219284
v -0.00320640 -0.09135615 0.01144233
v -0.00480472 -0.09366474 0.01328234
v -0.00508778 -0.09133939 0.01213356
v -0.00666357 -0.09157635 0.01387918
v -0.00657099 -0.09245174 0.01426438
v -0.00504892 -0.09369526 0.01352404
v -0.00714788 -0.09169193 0.01461441
v -0.00296798 -0.09518054 0.01256356
v -0.00108165 -0.09558046 0.01192064
v -0.00107696 -0.09575955 0.01195126
v -0.00295001 -0.09574970 0.01267120
v -0.00293069 -0.09785607 0.01290995
v -0.00120291 -0.09774531 0.01168874
v -0.00469795 -0.09793406 0.01399493
v -0.00648023 -0.09799957 0.01502808
v -0.00473044 -0.09581675 0.01371075
v 0.00075607 -0.09573617 0.01109321
v -0.00649980 -0.09380265 0.01461636
v 0.00583160 -0.09740470 0.00722970
v 0.01226107 -0.06829735 0.01246732
v 0.01399070 -0.06390551 0.01089994
v -0.00651565 -0.09800121 0.01505018
v -0.00822570 -0.09809565 0.01618823
v -0.00804080 -0.09615883 0.01665415
v -0.00966431 -0.09635618 0.01823515
v -0.00959230 -0.09432562 0.01831149
v -0.01014361 -0.09639781 0.01862462
v -0.01022289 -0.09444364 0.01911783
v -0.01167788 -0.09820990 0.01863324
v 0.00530533 -0.08188553 0.01122779
v -0.00691396 -0.09603927 0.01563771
v -0.00320770 -0.09128848 0.01143238
v 0.00822575 -0.08530521 0.00727525
v 0.00966045 -0.08495111 0.00504277
v 0.00949460 -0.08690374 0.00464261
v 0.00743739 -0.09719265 0.00558758
v 0.00714884 -0.09800182 0.00467829
v 0.00838507 -0.09705245 0.00454846
v 0.00900198 -0.09694639 0.00380328
v 0.01002393 -0.09665518 0.00203190
v 0.01036010 -0.07244499 0.01343512
v 0.01072967 -0.06439050 0.01402194
v 0.00900110 -0.06450061 0.01524044
v 0.00901422 -0.06242117 0.01511361
v 0.00962559 -0.06237938 0.01466943
v 0.01642976 -0.05776620 0.00953316
v 0.01128444 -0.08266384 0.00329136
v 0.01021196 -0.08299404 0.00526466
v 0.01111772 -0.08333551 0.00278280
v 0.01061905 -0.08451903 0.00264253
v 0.01461709 -0.07552423 0.00691937
v 0.00904852 -0.09511635 0.00482206
v 0.01509139 -0.06988426 0.00914229
v 0.00460116 -0.07648004 0.01545681
v 0.01150366 -0.07609082 0.01082579
v -0.00122763 -0.09062256 0.01101876
v 0.01255666 -0.07025971 0.01192374
v -0.00136244 -0.09877300 0.01123380
v -0.00051320 -0.09771016 0.01124342
v 0.00055119 -0.09765640 0.01055836
v 0.01572058 -0.05971777 0.00935018
v 0.00994055 -0.08309334 0.00583717
v -0.01137757 -0.09647899 0.01950642
v 0.01436482 -0.05804708 0.01168294
v 0.01041949 -0.07801667 0.01067658
v -0.00827111 -0.09178694 0.01551527
v 0.00770882 -0.09532768 0.00635204
v 0.00926354 -0.09507323 0.00453371
v 0.00256477 -0.09569259 0.01015122
v 0.01689251 -0.06750682 0.00689939
v -0.00640241 -0.09597385 0.01512450
v 0.00468708 -0.08963840 0.00977508
v -0.00066410 -0.09575424 0.01175781
v 0.01462486 -0.05617265 0.01240810
v 0.01632350 -0.05603770 0.01108636
v 0.01668351 -0.05424628 0.01215649
v 0.01584486 -0.05428463 0.01267763
v 0.00964353 -0.07812103 0.01147889
v 0.01254953 -0.08066154 0.00301127
v 0.00828158 -0.07644520 0.01379028
v 0.01757214 -0.05761945 0.00838400
v 0.01401870 -0.06400141 0.01086875
v 0.00787201 -0.09128250 0.00657094
v 0.00826132 -0.08924045 0.00646411
v 0.00839360 -0.09119592 0.00595523
v 0.00943780 -0.09103725 0.00479081
v 0.00941819 -0.09311129 0.00489522
v 0.00949090 -0.08899100 0.00480194
v 0.01387900 -0.06809538 0.01086709
v 0.00903146 -0.06136732 0.01508515
v 0.01072931 -0.06391022 0.01398119
v 0.01471949 -0.05561932 0.01268261
v -0.00478602 -0.09400410 0.01337353
v 0.01491392 -0.05432233 0.01323343
v 0.00539389 -0.08179883 0.01122298
v 0.01911580 -0.05735581 0.00652749
v 0.01313309 -0.05438904 0.01427156
v 0.00184697 -0.08952147 0.01039265
v -0.01106569 -0.09247088 0.01983679
v -0.01113722 -0.09249789 0.01999158
v -0.01276759 -0.09268953 0.02154890
v -0.01292665 -0.09464780 0.02117215
v -0.01316986 -0.09653619 0.02050503
v -0.01117568 -0.09455629 0.02003097
v 0.00315773 -0.08364292 0.01116467
v 0.01280053 -0.07743756 0.00798868
v 0.00784165 -0.09334763 0.00663828
v 0.01918842 -0.05711469 0.00675325
v 0.01958390 -0.05565413 0.00797057
v 0.01792842 -0.05582492 0.00944123
v 0.01773458 -0.05584572 0.00961713
v 0.00827000 -0.06039414 0.01554001
v 0.00726479 -0.06042363 0.01608801
v 0.00635673 -0.09177851 0.00854255
v 0.00909251 -0.09316518 0.00527882
v 0.01596308 -0.05782878 0.01001483
v 0.01377617 -0.07010033 0.01068436
v 0.01001261 -0.08147410 0.00782536
v 0.00969934 -0.08493381 0.00494646
v 0.03598979 -0.03964548 0.01274981
v 0.03530867 -0.03762537 0.01318260
v 0.03422752 -0.03763727 0.01367992
v 0.03418228 -0.03969004 0.01369591
v 0.03424558 -0.03685337 0.01367646
v 0.03407625 -0.04169234 0.01350214
v 0.03221585 -0.04169300 0.01426576
v 0.03207676 -0.04366785 0.01395793
v 0.03014713 -0.04361102 0.01448264
v 0.03001328 -0.04559022 0.01419289
v 0.02807082 -0.04552274 0.01467335
v 0.02789578 -0.04746774 0.01424147
v 0.02591396 -0.04736758 0.01458612
v 0.02610670 -0.04543728 0.01507907
v 0.02389152 -0.04723369 0.01479058
v 0.02409609 -0.04531321 0.01532437
v 0.02184231 -0.04707758 0.01490271
v 0.02621345 -0.04343558 0.01527532
v 0.02419655 -0.04330629 0.01549891
v 0.02629088 -0.04140953 0.01537037
v 0.02427218 -0.04127875 0.01558776
v 0.02640677 -0.03941542 0.01559818
v 0.02838195 -0.03951007 0.01523063
v 0.02845880 -0.03748354 0.01532369
v 0.02216541 -0.04316517 0.01567335
v 0.02647577 -0.03780603 0.01569903
v 0.03040696 -0.03755575 0.01486291
v 0.03034685 -0.03959617 0.01482758
v 0.03235234 -0.03762566 0.01439253
v 0.02364360 -0.04911818 0.01410722
v 0.03193729 -0.04564238 0.01364877
v 0.02828690 -0.04152148 0.01507473
v 0.02371139 -0.04124756 0.01567206
v 0.03042639 -0.03658252 0.01484850
v 0.02203077 -0.04514372 0.01538087
v 0.03393620 -0.04366640 0.01319101
v 0.02846872 -0.03699372 0.01531691
v 0.03230053 -0.03967297 0.01438585
v 0.02984016 -0.04753681 0.01376763
v 0.03236552 -0.03638209 0.01433474
v 0.03374970 -0.04560188 0.01271959
v 0.03344964 -0.04744309 0.01185635
v 0.03537200 -0.04589327 0.01117476
v 0.03431104 -0.04736231 0.01112875
v 0.03325796 -0.04808240 0.01126068
v 0.03294134 -0.04911138 0.01027453
v 0.03159657 -0.04924848 0.01146158
v 0.03121930 -0.04941439 0.01153100
v 0.02890758 -0.05094318 0.01089397
v 0.02923813 -0.05009286 0.01194191
v 0.02710316 -0.05099031 0.01185072
v 0.02729575 -0.05033017 0.01244774
v 0.02519979 -0.05095529 0.01246606
v 0.02538972 -0.05015423 0.01304247
v 0.02329258 -0.05091707 0.01306815
v 0.02281403 -0.05261007 0.01158900
v 0.02089867 -0.05256510 0.01216298
v 0.02263250 -0.05303856 0.01101031
v 0.02070374 -0.05312095 0.01154947
v 0.02025024 -0.05411705 0.01009766
v 0.02203852 -0.05405651 0.00908521
v 0.02194220 -0.05426944 0.00877699
v 0.01997278 -0.05481425 0.00921666
v 0.02126065 -0.05540104 0.00656504
v 0.02104309 -0.05548909 0.00660690
v 0.01846479 -0.05417993 0.01111989
v 0.01902009 -0.05255065 0.01286383
v 0.02133028 -0.05083312 0.01348015
v 0.02466940 -0.05260525 0.01080806
v 0.02286883 -0.05401845 0.00856884
v 0.02950251 -0.04934680 0.01277466
v 0.03127817 -0.04927579 0.01171869
v 0.02217287 -0.04303485 0.01568788
v 0.03044826 -0.03549971 0.01483331
v 0.02850135 -0.03542853 0.01529841
v 0.03051974 -0.03346872 0.01490787
v 0.02860866 -0.03342730 0.01549658
v 0.03059890 -0.03144411 0.01500890
v 0.02867883 -0.03139523 0.01556663
v 0.02666467 -0.03335855 0.01597177
v 0.02671010 -0.03130593 0.01595643
v 0.02875015 -0.02936411 0.01564063
v 0.02683352 -0.02931807 0.01621018
v 0.02877710 -0.02729615 0.01556152
v 0.03070835 -0.02735432 0.01504238
v 0.02878740 -0.02675280 0.01555161
v 0.02694857 -0.02581282 0.01631072
v 0.02882991 -0.02524967 0.01557165
v 0.03076882 -0.02531419 0.01507893
v 0.03082523 -0.02327070 0.01510148
v 0.03273959 -0.02331485 0.01452406
v 0.03277834 -0.02125669 0.01448568
v 0.03461477 -0.02123614 0.01363939
v 0.03468303 -0.01920248 0.01370282
v 0.03643234 -0.02119992 0.01272799
v 0.03551828 -0.01918594 0.01328451
v 0.03471073 -0.01832946 0.01372464
v 0.03286760 -0.01743834 0.01447324
v 0.03474685 -0.01716513 0.01375092
v 0.03287750 -0.01715835 0.01448364
v 0.03174391 -0.01714182 0.01487025
v 0.03098472 -0.01699929 0.01512457
v 0.03101271 -0.01506503 0.01506003
v 0.03055831 -0.01711296 0.01522080
v 0.03098302 -0.01713071 0.01512966
v 0.03293811 -0.01511834 0.01452068
v 0.02902231 -0.01704807 0.01554713
v 0.02905022 -0.01498092 0.01547136
v 0.03106961 -0.01302193 0.01508424
v 0.02907367 -0.01291005 0.01538018
v 0.03112413 -0.01097687 0.01510027
v 0.03302121 -0.01100668 0.01446326
v 0.03309140 -0.00897462 0.01453334
v 0.03116859 -0.00892345 0.01508159
v 0.03120368 -0.00789208 0.01511537
v 0.02920825 -0.00873266 0.01549141
v 0.03123633 -0.00688936 0.01514325
v 0.03311582 -0.00690456 0.01444550
v 0.03313514 -0.00483026 0.01434007
v 0.03495990 -0.00480002 0.01345350
v 0.03499605 -0.00273970 0.01340613
v 0.03315025 -0.00275248 0.01422012
v 0.03319481 -0.00069914 0.01420179
v 0.03127092 -0.00273741 0.01491839
v 0.03590943 -0.00270318 0.01286298
v 0.03502293 -0.00154461 0.01339869
v 0.03129710 -0.00066882 0.01483665
v 0.03130905 -0.00007646 0.01482830
v 0.02936633 -0.00031765 0.01533329
v 0.02936157 -0.00060709 0.01534102
v 0.02744494 -0.00031634 0.01589045
v 0.03133854 0.00138710 0.01480756
v 0.03323291 0.00135955 0.01416117
v 0.03327882 0.00341177 0.01414748
v 0.03510249 0.00344292 0.01325714
v 0.03511072 0.00552642 0.01311345
v 0.03332343 0.00546507 0.01412929
v 0.03333441 0.00754629 0.01399509
v 0.03145394 0.00547196 0.01486153
v 0.03148321 0.00753799 0.01479045
v 0.02948750 0.00555935 0.01525925
v 0.02945709 0.00349427 0.01532641
v 0.02749681 0.00357654 0.01574537
v 0.02744249 0.00153131 0.01573006
v 0.02548106 0.00161454 0.01614503
v 0.02552154 0.00367126 0.01611262
v 0.02349916 0.00171477 0.01648939
v 0.02347677 -0.00035698 0.01658424
v 0.02149148 -0.00025394 0.01691691
v 0.02539982 -0.00049511 0.01644014
v 0.02343738 -0.00218733 0.01660169
v 0.02551439 -0.00050346 0.01643212
v 0.02343414 -0.00241192 0.01660925
v 0.02542729 -0.00252148 0.01630369
v 0.02340746 -0.00448010 0.01668927
v 0.02240958 -0.00237457 0.01685451
v 0.02154839 0.00178914 0.01694120
v 0.01944900 -0.00010341 0.01705225
v 0.01944994 -0.00219453 0.01722759
v 0.01744780 -0.00207749 0.01750210
v 0.01745832 0.00000410 0.01736633
v 0.01541551 -0.00193543 0.01767262
v 0.01543597 0.00013791 0.01757112
v 0.01749331 0.00206539 0.01731496
v 0.01340240 -0.00180928 0.01790926
v 0.01341060 -0.00033652 0.01781576
v 0.01545388 0.00104797 0.01755674
v 0.01742649 -0.00415013 0.01760066
v 0.01953636 0.00191439 0.01718159
v 0.01340400 -0.00390095 0.01808688
v 0.01136778 -0.00375562 0.01824382
v 0.01136769 -0.00171687 0.01807568
v 0.00931116 -0.00325212 0.01830227
v 0.00931104 -0.00359326 0.01832995
v 0.00873434 -0.00355677 0.01839613
v 0.00931748 -0.00150827 0.01818007
v 0.00729675 -0.00346613 0.01856254
v 0.00729031 -0.00137046 0.01836825
v 0.00933366 0.00056863 0.01806382
v 0.01139482 0.00040259 0.01799295
v 0.01144259 0.00245326 0.01798568
v 0.00729417 0.00071667 0.01820948
v 0.00939341 0.00260935 0.01809790
v 0.01346870 0.00231633 0.01779385
v 0.01349965 0.00438096 0.01772857
v 0.01553159 0.00423920 0.01755685
v 0.01558034 0.00628905 0.01755298
v 0.01356490 0.00641712 0.01778162
v 0.01564923 0.00832219 0.01761858
v 0.01765655 0.00820085 0.01736192
v 0.01769913 0.01025584 0.01733674
v 0.01570571 0.01036562 0.01764138
v 0.01970976 0.01013175 0.01709152
v 0.01970747 0.00804332 0.01725571
v 0.02174445 0.00998770 0.01692930
v 0.02183413 0.01200357 0.01706666
v 0.02378520 0.01192894 0.01661591
v 0.02382699 0.01398458 0.01658801
v 0.02188174 0.01405437 0.01705884
v 0.02585388 0.01384699 0.01639889
v 0.02575718 0.01183695 0.01623733
v 0.02777990 0.01379317 0.01586169
v 0.02779168 0.01587372 0.01573026
v 0.02973644 0.01580432 0.01525776
v 0.02781764 0.01715637 0.01571248
v 0.02588036 0.01697692 0.01623075
v 0.02783446 0.01792853 0.01570577
v 0.02976264 0.01787291 0.01517606
v 0.02985446 0.01988700 0.01532079
v 0.03174342 0.01986394 0.01465574
v 0.03180600 0.02190232 0.01469956
v 0.03365502 0.02191242 0.01389670
v 0.03359776 0.01986962 0.01387124
v 0.03540805 0.02200222 0.01276265
v 0.03536914 0.01994419 0.01280048
v 0.03353494 0.01783145 0.01382657
v 0.03534668 0.01787251 0.01289505
v 0.03531400 0.01580930 0.01295440
v 0.03351499 0.01639271 0.01387755
v 0.03426224 0.01578144 0.01351389
v 0.03350965 0.01576211 0.01391140
v 0.03526960 0.01449508 0.01291241
v 0.03568354 0.01379460 0.01262389
v 0.03682264 0.01181462 0.01181733
v 0.03523818 0.01169159 0.01303697
v 0.03519110 0.00964035 0.01304659
v 0.03338391 0.00959552 0.01399381
v 0.03341864 0.01165702 0.01394154
v 0.03149338 0.00961988 0.01465344
v 0.03154989 0.01166330 0.01467632
v 0.03346977 0.01370489 0.01394589
v 0.02958979 0.00965509 0.01526801
v 0.03515738 0.00757802 0.01310234
v 0.02964464 0.01169988 0.01528517
v 0.02765683 0.00971468 0.01578125
v 0.02759960 0.00805968 0.01572394
v 0.02662420 0.00772123 0.01592519
v 0.03161380 0.01370056 0.01472476
v 0.02956764 0.00858874 0.01528088
v 0.02563261 0.00775971 0.01615166
v 0.02568252 0.00980860 0.01615181
v 0.02366016 0.00785209 0.01652866
v 0.02758565 0.00768344 0.01570774
v 0.02361579 0.00645877 0.01649329
v 0.02188617 0.00588431 0.01685632
v 0.02359396 0.00581673 0.01647231
v 0.02163999 0.00589376 0.01691306
v 0.02557179 0.00571988 0.01611390
v 0.03168172 0.01739584 0.01465024
v 0.03525024 0.01377192 0.01290647
v 0.02562298 0.00743302 0.01614601
v 0.03371431 0.02395353 0.01392918
v 0.03587452 0.02203609 0.01241448
v 0.03545103 0.02317549 0.01281139
v 0.03547612 0.02403604 0.01282540
v 0.03546248 0.02613769 0.01260626
v 0.03552534 0.02817583 0.01265107
v 0.02990432 0.02193594 0.01532074
v 0.03559774 0.03020605 0.01272879
v 0.03376906 0.02808873 0.01377392
v 0.03382698 0.03013098 0.01380166
v 0.03190908 0.02808774 0.01453896
v 0.03197130 0.03012641 0.01458157
v 0.03002196 0.02810926 0.01521038
v 0.03006559 0.03016337 0.01518883
v 0.03202128 0.03217524 0.01458192
v 0.03011292 0.03221441 0.01518004
v 0.03209644 0.03420317 0.01466918
v 0.03016714 0.03425973 0.01519503
v 0.03017361 0.03533133 0.01512870
v 0.02818546 0.03457355 0.01552256
v 0.02815042 0.03229852 0.01559136
v 0.03017945 0.03633984 0.01506541
v 0.02822563 0.03641675 0.01550666
v 0.03019144 0.03842021 0.01493470
v 0.03209597 0.03534104 0.01457391
v 0.02825997 0.03847857 0.01545307
v 0.02627842 0.03648817 0.01597074
v 0.02630085 0.03855988 0.01587605
v 0.02431461 0.03657338 0.01637752
v 0.02437396 0.03861443 0.01641022
v 0.02233259 0.03667371 0.01672147
v 0.02632172 0.04063289 0.01577594
v 0.02241390 0.03869653 0.01682995
v 0.02034856 0.03677571 0.01705847
v 0.02027149 0.03474936 0.01696465
v 0.02623025 0.03443784 0.01597661
v 0.01826287 0.03487177 0.01721682
v 0.01822206 0.03281532 0.01724811
v 0.02023045 0.03269310 0.01699514
v 0.01817392 0.03076496 0.01725409
v 0.01612942 0.03091716 0.01738243
v 0.01608048 0.02886746 0.01738569
v 0.01404945 0.02900848 0.01756052
v 0.01976516 0.03067437 0.01702463
v 0.02018026 0.03094455 0.01696934
v 0.02017306 0.03065041 0.01696922
v 0.01399593 0.02696258 0.01754795
v 0.01515366 0.02688213 0.01744859
v 0.01394978 0.02564667 0.01750021
v 0.01741722 0.02877928 0.01724909
v 0.01410047 0.03105645 0.01756448
v 0.01202772 0.02914178 0.01776744
v 0.01208285 0.03118634 0.01778557
v 0.00998467 0.02929278 0.01790081
v 0.01003116 0.03134451 0.01788913
v 0.01216167 0.03321123 0.01788544
v 0.01605219 0.02770343 0.01738582
v 0.01618196 0.03296387 0.01739163
v 0.01198052 0.02709063 0.01777668
v 0.02223271 0.03257597 0.01672102
v 0.02222687 0.03236700 0.01671849
v 0.01831260 0.03692081 0.01721632
v 0.02255123 0.03255879 0.01667063
v 0.00794269 0.02944288 0.01803789
v 0.00789970 0.02738825 0.01806163
v 0.00587110 0.02752724 0.01824488
v 0.00579409 0.02550085 0.01815124
v 0.00783499 0.02535164 0.01801045
v 0.00580293 0.02340318 0.01835383
v 0.00785469 0.02324495 0.01825051
v 0.00575504 0.02135261 0.01836067
v 0.00778506 0.02121243 0.01818234
v 0.00574300 0.01972570 0.01845390
v 0.00368847 0.02152314 0.01841288
v 0.00373643 0.02357364 0.01840630
v 0.00587721 0.02786917 0.01823736
v 0.00988937 0.02519123 0.01791618
v 0.00516146 0.01931638 0.01852395
v 0.00369053 0.01943109 0.01859211
v 0.00574324 0.01927207 0.01849205
v 0.00779820 0.01911118 0.01839979
v 0.00572505 0.01719684 0.01860137
v 0.00365350 0.01737150 0.01863642
v 0.00366232 0.01527385 0.01883894
v 0.00570579 0.01512250 0.01870701
v 0.00362273 0.01321638 0.01887442
v 0.00564757 0.01308051 0.01867822
v 0.00158668 0.01336157 0.01903195
v 0.00154314 0.01130739 0.01905381
v -0.00043423 0.01140385 0.01941380
v -0.00038028 0.01344939 0.01942787
v -0.00245434 0.01153581 0.01962631
v -0.00239560 0.01357736 0.01965692
v -0.00033431 0.01550156 0.01941439
v -0.00447693 0.01166981 0.01983031
v -0.00451783 0.00961344 0.01986127
v -0.00654593 0.00975202 0.02004622
v -0.00663432 0.00773508 0.01991333
v -0.00459892 0.00759044 0.01975355
v -0.00668298 0.00568515 0.01991751
v -0.00866877 0.00787894 0.02007637
v -0.00465004 0.00554254 0.01974927
v -0.00257306 0.00745371 0.01956086
v -0.00675550 0.00365502 0.01983939
v -0.00476674 0.00354911 0.01951867
v -0.00263503 0.00541483 0.01951913
v -0.00878035 0.00379092 0.02003554
v -0.00881930 0.00173292 0.02007323
v -0.00048968 0.00935956 0.01939457
v -0.00442860 0.01331231 0.01985854
v 0.00773685 0.01498146 0.01853228
v 0.00763650 0.01297444 0.01835811
v 0.00552582 0.01109126 0.01843021
v 0.00793041 0.01295508 0.01832795
v 0.00763277 0.01274722 0.01836420
v 0.00950241 0.01486906 0.01833292
v -0.01080066 0.00183270 0.02041948
v -0.01071819 0.00385456 0.02053193
v -0.01088097 -0.00019096 0.02031447
v -0.01090614 -0.00141231 0.02032987
v -0.01264229 -0.00216210 0.02065261
v -0.01092121 -0.00224788 0.02034770
v -0.01280722 -0.00013693 0.02085082
v -0.00683764 0.00163289 0.01972805
v -0.00873198 0.00584109 0.02003034
v -0.00249186 0.00947662 0.01966895
v 0.00978436 0.01691709 0.01824222
v 0.00975356 0.01501307 0.01829478
v 0.00353456 0.01119926 0.01874229
v -0.00233282 0.01529376 0.01972795
v -0.01290109 -0.00214933 0.02069903
v 0.00162760 0.01541793 0.01900104
v -0.01275749 0.00191211 0.02085035
v 0.00777013 0.01704415 0.01847503
v 0.00414911 0.02563492 0.01820057
v 0.01180316 0.01678622 0.01802517
v 0.01179830 0.01641430 0.01803936
v 0.01184618 0.01884083 0.01800153
v 0.02810205 0.03024836 0.01559653
v 0.02739946 0.03439302 0.01570691
v 0.01327269 0.02497567 0.01753498
v 0.01393141 0.02492582 0.01749740
v 0.03020354 0.04050051 0.01480434
v 0.03209287 0.04047714 0.01414056
v 0.01189704 0.02415445 0.01773606
v 0.01191340 0.02296569 0.01788928
v 0.01396259 0.02280960 0.01777709
v 0.00794367 0.02951733 0.01803507
v 0.00796639 0.02120035 0.01816437
v 0.01388411 0.01869409 0.01785046
v 0.01391100 0.02076210 0.01777116
v 0.01593379 0.02062792 0.01756791
v 0.01450319 0.01865182 0.01779386
v 0.01592132 0.01959795 0.01761053
v 0.01590802 0.01855899 0.01765105
v 0.01797221 0.02048077 0.01741855
v 0.01793884 0.01841814 0.01747550
v 0.02001158 0.02033283 0.01727248
v 0.01584625 0.01651994 0.01761002
v 0.01786235 0.01639131 0.01738368
v 0.01584102 0.01443395 0.01776406
v 0.01784092 0.01431877 0.01748183
v 0.01573942 0.01242797 0.01758560
v 0.01371537 0.01256319 0.01778454
v 0.01382648 0.01665160 0.01782373
v 0.01381357 0.01457200 0.01795125
v 0.01369202 0.01049225 0.01787605
v 0.01543066 0.01038310 0.01767257
v 0.01364253 0.00891800 0.01783825
v 0.01312725 0.00848693 0.01788386
v 0.01161554 0.00858066 0.01806617
v 0.02004480 0.02239558 0.01721501
v 0.02205170 0.02227459 0.01695692
v 0.02004417 0.02277966 0.01718127
v 0.02206013 0.02385354 0.01685542
v 0.02206152 0.02435677 0.01681870
v 0.02404374 0.02425628 0.01647543
v 0.02004351 0.02448698 0.01703848
v 0.02203894 0.02019485 0.01708498
v 0.02214468 0.02637806 0.01693355
v 0.02410724 0.02629389 0.01652247
v 0.01167051 0.01062536 0.01808375
v 0.01155443 0.00702386 0.01798763
v 0.01114877 0.00658284 0.01799908
v 0.00951190 0.00669164 0.01816256
v 0.01931960 0.02243907 0.01730931
v 0.02404930 0.02216133 0.01666671
v 0.02412302 0.02837112 0.01640481
v 0.02012945 0.02650596 0.01716291
v 0.01996203 0.01828363 0.01727361
v 0.02328318 0.02429484 0.01660715
v 0.01803080 0.02461278 0.01727654
v 0.01808660 0.02665679 0.01729696
v 0.02014426 0.02858400 0.01704191
v 0.02216395 0.02845239 0.01682795
v 0.02609865 0.02827610 0.01603881
v 0.02607947 0.02620169 0.01614472
v 0.01599682 0.02266593 0.01761327
v 0.01598777 0.02476377 0.01740998
v 0.01186582 0.02091487 0.01789718
v 0.03392761 0.03422810 0.01380470
v 0.01959095 0.01418633 0.01738202
v 0.01988821 0.01416426 0.01736306
v -0.00191261 0.01558409 0.01967602
v -0.00232189 0.01560650 0.01973916
v 0.03207491 0.03840171 0.01425069
v 0.00995910 0.03135023 0.01789201
v 0.00797631 0.03150530 0.01798179
v 0.01010576 0.03337290 0.01797445
v 0.00805845 0.03352743 0.01809313
v 0.01017240 0.03540790 0.01803230
v 0.00810869 0.03557605 0.01809439
v 0.01016780 0.03750206 0.01784434
v 0.00807337 0.03760958 0.01780751
v 0.00598557 0.03370320 0.01812357
v 0.00604670 0.03574278 0.01816239
v 0.01222631 0.03524789 0.01793641
v 0.01222662 0.03733796 0.01776538
v 0.01142610 0.03326676 0.01792802
v 0.01219673 0.03417949 0.01792431
v 0.01345844 0.03516954 0.01779688
v 0.01423765 0.03512322 0.01769361
v 0.01424372 0.03560622 0.01767438
v 0.01629753 0.03704858 0.01744623
v 0.01620935 0.03705482 0.01745328
v 0.02037771 0.03884183 0.01698697
v 0.00592581 0.03166248 0.01808946
v 0.00392593 0.03386797 0.01819970
v 0.00394423 0.03435634 0.01822137
v 0.00513470 0.03580931 0.01822598
v 0.00400841 0.03588983 0.01831218
v 0.02827210 0.04055883 0.01532284
v 0.00975238 0.01485330 0.01830397
v 0.03020544 0.04231080 0.01466174
v 0.03212885 0.04233249 0.01410953
v 0.01386826 0.01810221 0.01784562
v 0.01153579 0.00655655 0.01796308
v 0.02439759 0.04068515 0.01631966
v 0.00966184 0.01283815 0.01816363
v 0.02228494 0.03462294 0.01672914
v 0.00605195 0.03647356 0.01811999
v -0.00029853 0.01756218 0.01936576
v -0.00228244 0.01766408 0.01970318
v -0.00031713 0.01966796 0.01912950
v -0.00230836 0.01977593 0.01944167
v -0.00035457 0.02178938 0.01882822
v -0.00234601 0.02176130 0.01915085
v -0.00426930 0.01776842 0.02003045
v -0.00430777 0.01571003 0.02006980
v -0.00429410 0.01987935 0.01977278
v -0.00625770 0.01787405 0.02035236
v -0.00429254 0.02147683 0.01964653
v -0.00625194 0.01995960 0.02020017
v -0.00825503 0.01798708 0.02064351
v -0.00822713 0.02005425 0.02056767
v -0.00828840 0.01592445 0.02070046
v -0.01025595 0.01601277 0.02109431
v -0.01034198 0.01399387 0.02096957
v -0.01233744 0.01410535 0.02126716
v -0.01225240 0.01612508 0.02138848
v -0.01436068 0.01423990 0.02146887
v -0.01446049 0.01223243 0.02129659
v -0.01426214 0.01624842 0.02163678
v -0.01639375 0.01438261 0.02163668
v -0.01633818 0.01560306 0.02172414
v -0.01574939 0.01635806 0.02173517
v -0.01421072 0.01794474 0.02167104
v -0.01630286 0.01639748 0.02177819
v -0.01219698 0.01816940 0.02140762
v -0.01419918 0.01828648 0.02168193
v -0.01647842 0.01236258 0.02151663
v -0.00836194 0.01389518 0.02061880
v -0.01043602 0.01198161 0.02081719
v -0.01240906 0.01207448 0.02119212
v -0.00847192 0.01189616 0.02041140
v -0.00640567 0.01381624 0.02018598
v -0.01052845 0.00996802 0.02067035
v -0.00822051 0.02051085 0.02055247
v -0.01694849 0.01443500 0.02161995
v 0.03000118 0.02675319 0.01525173
v 0.00603831 0.01104889 0.01841763
v 0.01717886 0.02053894 0.01747250
v 0.00739656 0.00481233 0.01821858
v 0.00750301 0.00681427 0.01841380
v 0.00538663 0.00493582 0.01846623
v 0.00531919 0.00290149 0.01840562
v 0.00328998 0.00304099 0.01858676
v 0.00323479 0.00099649 0.01856840
v 0.00122704 0.00111817 0.01882358
v 0.00125579 0.00318463 0.01875069
v -0.00081033 0.00126445 0.01897656
v -0.00086419 -0.00078116 0.01896281
v -0.00289996 -0.00063621 0.01912129
v -0.00295491 -0.00268091 0.01910376
v -0.00497661 -0.00254764 0.01931081
v -0.00090541 -0.00283727 0.01899265
v -0.00299642 -0.00473678 0.01913262
v -0.00282860 0.00139488 0.01919540
v -0.00189334 -0.00481316 0.01903668
v -0.00302368 -0.00579635 0.01912768
v -0.00442644 -0.00670374 0.01931588
v -0.00304082 -0.00679025 0.01915153
v -0.00505262 -0.00666520 0.01939273
v 0.00117155 -0.00092609 0.01880422
v -0.00501529 -0.00460586 0.01934944
v -0.00489887 -0.00052186 0.01940697
v -0.00093662 -0.00391406 0.01897575
v 0.00498246 0.00087621 0.01841299
v 0.00320908 -0.00047253 0.01860240
v 0.00527237 0.00113956 0.01839234
v -0.00096227 -0.00488039 0.01896855
v 0.00335846 0.00507447 0.01865093
v -0.00075748 0.00331090 0.01898683
v -0.00506382 -0.00714523 0.01939437
v 0.00526548 0.00085574 0.01839240
v 0.03508771 0.03225363 0.01296395
v 0.03189209 0.02640536 0.01462002
v 0.02803961 0.02629766 0.01571061
v 0.02998923 0.02604610 0.01526954
v 0.00342090 0.03389878 0.01826294
v -0.00901124 0.02009853 0.02068242
v -0.01022830 0.01952975 0.02089828
v -0.01022037 0.02016389 0.02087293
v -0.01218852 0.01908959 0.02136047
v -0.01216469 0.02023292 0.02134693
v -0.01016194 0.02220572 0.02090243
v -0.01210500 0.02227370 0.02138080
v -0.01415971 0.02034404 0.02164605
v -0.01410293 0.02238723 0.02166986
v -0.01619818 0.02049124 0.02179520
v -0.01204764 0.02431640 0.02140664
v -0.01402273 0.02441097 0.02177451
v -0.01199427 0.02636242 0.02141871
v -0.01395411 0.02644433 0.02183918
v -0.01192343 0.02839394 0.02149103
v -0.01000299 0.02834474 0.02093462
v -0.01391118 0.02796804 0.02185893
v -0.01520015 0.02654308 0.02188961
v -0.01389883 0.02848877 0.02185783
v -0.01006145 0.02630295 0.02090498
v -0.01601113 0.02660693 0.02192435
v -0.01595709 0.02865240 0.02193872
v -0.01811009 0.02680435 0.02186481
v -0.01807394 0.02886467 0.02181745
v -0.01592236 0.03071389 0.02188646
v -0.02029079 0.02706963 0.02152322
v -0.02028999 0.02760120 0.02148214
v -0.01939216 0.02903452 0.02156683
v -0.01815524 0.02475150 0.02188111
v -0.01385457 0.03054236 0.02183844
v -0.01686740 0.02463142 0.02191280
v -0.02062453 0.02711228 0.02146144
v -0.01803235 0.02270753 0.02178748
v -0.01191492 0.02881804 0.02148492
v -0.00997781 0.02899538 0.02096619
v -0.00993018 0.03037462 0.02101374
v -0.01804057 0.03092730 0.02176048
v -0.01831913 0.03096065 0.02171933
v -0.02021881 0.03119054 0.02142739
v -0.01800004 0.03298398 0.02172823
v -0.02013712 0.03321305 0.02153716
v -0.02243929 0.03148886 0.02094854
v -0.01796283 0.03504342 0.02168455
v -0.02007940 0.03525546 0.02156423
v -0.02188812 0.03343693 0.02121235
v -0.01791099 0.03709071 0.02169134
v -0.01587103 0.03485195 0.02171937
v -0.01679702 0.03287584 0.02173905
v -0.02251193 0.02945884 0.02086997
v -0.01587858 0.03694855 0.02152124
v -0.01790772 0.03917833 0.02153051
v -0.01588186 0.03402656 0.02175072
v -0.01473371 0.03477787 0.02159875
v -0.02329942 0.02956680 0.02069010
v -0.01385072 0.03471982 0.02150757
v -0.01385526 0.03522141 0.02145089
v -0.01605630 0.02455410 0.02194059
v -0.02034555 0.02502477 0.02150636
v -0.02027872 0.02914995 0.02139275
v -0.02242876 0.03174856 0.02096277
v -0.02102692 0.03536821 0.02142748
v -0.02407924 0.02763353 0.02045091
v -0.01185839 0.03461094 0.02119918
v 0.01988922 0.01440031 0.01734707
v 0.01813068 0.02948839 0.01721295
v -0.00803545 0.03034677 0.02036859
v -0.00808855 0.02862877 0.02033044
v -0.00620768 0.02828418 0.01966452
v -0.00694641 0.02829441 0.01991897
v -0.00610175 0.03028657 0.01985791
v -0.00607227 0.03235242 0.01978755
v -0.00412640 0.03228211 0.01931886
v -0.00409807 0.03434892 0.01924451
v -0.00801550 0.03242054 0.02026534
v -0.00212207 0.03425359 0.01887979
v -0.01281532 0.02843727 0.02165424
v -0.01188178 0.03581242 0.02102116
v -0.01190656 0.03674127 0.02086087
v -0.00991980 0.03663701 0.02053327
v -0.00992667 0.03619442 0.02054647
v -0.00857644 0.03658023 0.02024799
v -0.00796858 0.03865259 0.01991095
v -0.01590613 0.03279075 0.02177037
v -0.02480067 0.02981383 0.02015560
v -0.02486797 0.02777937 0.02009548
v -0.00416168 0.03022107 0.01936921
v -0.00205001 0.03628410 0.01895634
v -0.00404068 0.03639161 0.01927043
v -0.00201406 0.03834458 0.01890830
v -0.00000661 0.03822314 0.01865208
v 0.00005545 0.04026194 0.01869414
v 0.00207843 0.04012761 0.01849153
v 0.00215987 0.04215033 0.01860041
v 0.00200780 0.03809592 0.01841989
v 0.00415473 0.04203934 0.01830080
v 0.00423168 0.04406578 0.01839422
v 0.00218461 0.04281458 0.01862943
v 0.00387648 0.04408608 0.01844506
v 0.00424074 0.04434521 0.01840185
v 0.00625307 0.04393277 0.01818611
v 0.00620428 0.04188295 0.01818983
v 0.00830704 0.04377271 0.01809040
v 0.00835679 0.04582173 0.01808999
v 0.00824697 0.04173224 0.01805524
v 0.01036712 0.04360757 0.01801579
v 0.01027882 0.04159055 0.01788321
v 0.00816309 0.03971156 0.01793789
v 0.00980735 0.03960006 0.01778394
v 0.01021682 0.04013302 0.01779352
v 0.00614977 0.03983787 0.01817386
v 0.01036088 0.04570308 0.01782219
v 0.01238200 0.04347995 0.01778525
v 0.00223347 0.04417955 0.01868231
v 0.01140414 0.04151344 0.01778158
v 0.00428877 0.04610871 0.01841911
v 0.00154935 0.04219048 0.01866337
v 0.00634673 0.04594534 0.01833717
v 0.01019293 0.03957152 0.01775896
v -0.00004282 0.03616288 0.01869923
v -0.00996439 0.03876436 0.02020734
v 0.01629910 0.03712842 0.01744498
v -0.00399755 0.03806596 0.01927846
v -0.00326444 0.03840317 0.01914714
v -0.00600949 0.03703775 0.01961414
v -0.02715199 0.02813044 0.01939739
v 0.01003566 0.03145574 0.01789521
v -0.00200265 0.03890046 0.01890112
v -0.02449556 0.02569142 0.02010424
v -0.00820744 0.02212824 0.02046353
v 0.03188906 0.02601402 0.01464200
v -0.02469447 0.03181598 0.02034995
v -0.02652347 0.03008243 0.01961137
v -0.02616807 0.03202603 0.01997605
v -0.02695490 0.03214747 0.01973326
v -0.02690254 0.03419432 0.01974184
v -0.02537062 0.03395886 0.02021003
v -0.02675633 0.03616327 0.02007422
v -0.02497465 0.03590147 0.02056272
v -0.02667003 0.03818195 0.02019991
v -0.02453160 0.03784293 0.02090148
v -0.02433730 0.03988077 0.02089398
v -0.02664643 0.04025269 0.02010924
v -0.02429972 0.04193989 0.02085158
v -0.02909438 0.03446886 0.01936180
v -0.02365873 0.03977393 0.02111317
v -0.02239705 0.04169546 0.02120989
v -0.02208379 0.04373569 0.02114261
v -0.02426632 0.04400250 0.02079472
v -0.02612292 0.04222332 0.02027952
v -0.02540308 0.04415804 0.02053645
v -0.02202393 0.04577632 0.02117707
v -0.01995491 0.04560376 0.02113333
v -0.02060628 0.04360412 0.02115017
v -0.01997643 0.04440156 0.02115952
v -0.01991403 0.04766016 0.02110227
v -0.01791557 0.04754618 0.02081506
v -0.02199480 0.04784247 0.02110549
v -0.01989086 0.04973125 0.02101013
v -0.02422429 0.04605793 0.02076764
v -0.01790919 0.04963122 0.02066497
v -0.02451140 0.03584465 0.02063746
v -0.02653981 0.04434483 0.02013296
v -0.02849343 0.03642428 0.01957113
v -0.02209573 0.04215267 0.02123258
v -0.02647561 0.04638186 0.02018237
v -0.02838068 0.04466768 0.01938485
v -0.02783034 0.04660653 0.01969189
v -0.02888444 0.04683655 0.01905365
v -0.02891837 0.04477439 0.01910867
v -0.02646332 0.04846198 0.02005271
v -0.02701949 0.04853904 0.01992191
v -0.02643691 0.04972377 0.02003815
v -0.02642142 0.05051753 0.02002517
v -0.02614302 0.05046995 0.02013253
v -0.02884884 0.04889733 0.01900437
v -0.02194209 0.04988904 0.02111528
v -0.02661029 0.04231301 0.02006185
v -0.02331507 0.04801170 0.02085862
v -0.02234613 0.04994036 0.02104189
v -0.02192810 0.05067621 0.02109780
v -0.02916507 0.03243722 0.01928997
v -0.02781413 0.03835999 0.01984004
v -0.02709181 0.03017080 0.01943295
v -0.02664740 0.04071293 0.02006809
v -0.02418362 0.04811450 0.02073590
v -0.01881966 0.04551287 0.02109168
v -0.02413653 0.05016574 0.02072627
v -0.02908148 0.03488508 0.01937117
v -0.02462369 0.03384755 0.02042209
v -0.02437802 0.03782424 0.02092558
v -0.02215971 0.03752772 0.02139696
v -0.02210116 0.03956944 0.02142689
v -0.01996731 0.03934306 0.02160680
v -0.01997171 0.04143704 0.02141954
v -0.01791688 0.04127626 0.02132683
v -0.01821518 0.03920426 0.02153566
v -0.01790604 0.03947677 0.02151164
v -0.01589146 0.04113991 0.02113261
v -0.01795480 0.04339809 0.02102387
v -0.01592491 0.04325801 0.02084511
v -0.00796044 0.03670296 0.02009899
v -0.00598894 0.03855424 0.01955879
v -0.00595430 0.04061580 0.01950623
v -0.00396485 0.04050931 0.01918790
v -0.00392103 0.04256326 0.01916703
v -0.00594716 0.04270021 0.01935876
v -0.00189917 0.04242986 0.01896052
v -0.00187263 0.04449816 0.01888001
v 0.00019507 0.04432669 0.01883169
v 0.00023475 0.04638408 0.01879652
v -0.00181806 0.04654318 0.01889622
v 0.00029164 0.04842718 0.01882073
v 0.00233159 0.04827875 0.01867665
v -0.00176917 0.04817266 0.01892741
v -0.00140353 0.04855626 0.01891375
v 0.00032080 0.05008814 0.01878262
v 0.00032917 0.05048635 0.01877813
v -0.00329223 0.04664999 0.01900242
v -0.00387329 0.04609639 0.01903761
v -0.00386043 0.04669362 0.01903192
v 0.00237505 0.05033300 0.01865454
v -0.00390307 0.04463868 0.01905691
v -0.00175879 0.04858430 0.01892863
v 0.02422548 0.03246672 0.01641416
v -0.01823316 0.02272587 0.02178433
v -0.02634965 0.05254827 0.02010073
v 0.03213211 0.04253489 0.01410387
v 0.03020623 0.04258860 0.01464154
v 0.03218089 0.04458472 0.01410011
v 0.03028795 0.04461108 0.01475142
v 0.03402241 0.04460105 0.01327136
v 0.03405685 0.04666279 0.01321811
v 0.03408518 0.04872960 0.01314377
v 0.02828646 0.04263724 0.01520029
v 0.02832059 0.04469924 0.01514595
v 0.02634266 0.04270584 0.01567611
v 0.02638467 0.04476129 0.01564898
v 0.02438648 0.04278471 0.01610923
v 0.02442324 0.04484452 0.01606396
v 0.03223646 0.04662891 0.01411976
v 0.02240383 0.04288556 0.01645099
v 0.02838570 0.04673551 0.01519852
v 0.02243877 0.04139386 0.01669200
v 0.02246432 0.04492567 0.01648764
v 0.02641160 0.04682926 0.01556980
v 0.02039564 0.04300761 0.01670466
v 0.02044335 0.04505833 0.01669719
v 0.02252734 0.04696368 0.01653298
v 0.02051235 0.04709138 0.01676318
v 0.01843794 0.04517808 0.01696044
v 0.01845205 0.04637741 0.01690940
v 0.01679801 0.04528663 0.01712629
v 0.01847249 0.04723973 0.01690754
v 0.01641801 0.04530988 0.01717357
v 0.01646331 0.04736260 0.01715780
v 0.01851318 0.04929628 0.01687584
v 0.01440844 0.04543308 0.01742248
v 0.01445093 0.04748813 0.01739699
v 0.02055530 0.04914605 0.01673928
v 0.01650553 0.04941788 0.01713137
v 0.02060882 0.05119195 0.01675184
v 0.01447166 0.04956126 0.01729642
v 0.01242964 0.04762106 0.01760545
v 0.01438304 0.04380791 0.01747036
v 0.02260224 0.05108216 0.01644723
v 0.01244273 0.04970053 0.01747850
v 0.01862178 0.05129644 0.01707850
v 0.02264366 0.05313810 0.01641806
v 0.01935780 0.04717657 0.01683920
v 0.02043265 0.04088655 0.01700444
v 0.01839146 0.04103601 0.01714422
v 0.01835416 0.03897664 0.01718762
v 0.01886546 0.03894241 0.01713771
v 0.02042008 0.04028882 0.01701114
v 0.02458788 0.05306916 0.01594367
v 0.02458549 0.05516147 0.01576334
v 0.02653604 0.05508728 0.01531081
v 0.02659159 0.05713148 0.01533040
v 0.02852942 0.05706785 0.01483395
v 0.02850267 0.05499972 0.01491377
v 0.02861640 0.05908596 0.01496201
v 0.03054014 0.05903403 0.01441695
v 0.02269949 0.05518207 0.01643862
v 0.02466642 0.05718462 0.01587049
v 0.03048355 0.05699068 0.01439379
v 0.02664307 0.05873679 0.01537234
v 0.02650992 0.05301863 0.01539279
v 0.02862475 0.05942095 0.01496265
v 0.03055664 0.05953905 0.01443118
v 0.03151541 0.05903126 0.01403112
v 0.03060457 0.06107087 0.01446717
v 0.02866928 0.06113240 0.01497235
v 0.03058752 0.06317536 0.01423625
v 0.03054137 0.06530400 0.01390493
v 0.03182842 0.06531753 0.01331587
v 0.03053066 0.06586126 0.01382281
v 0.01840824 0.04311241 0.01703004
v 0.02217234 0.04906030 0.01647678
v 0.02255258 0.04930546 0.01642557
v 0.03050478 0.06742472 0.01360657
v 0.03037080 0.06962630 0.01297216
v 0.02864984 0.06741954 0.01438899
v 0.03134878 0.06967086 0.01236522
v 0.02854831 0.06959417 0.01386659
v 0.02844880 0.07065566 0.01344264
v 0.02657263 0.07117112 0.01411042
v 0.02827341 0.07191275 0.01274594
v 0.02670658 0.06957801 0.01469462
v 0.02468222 0.07152462 0.01474335
v 0.02994533 0.07206989 0.01133202
v 0.02807668 0.07304236 0.01198761
v 0.02992314 0.07218911 0.01124716
v 0.03016796 0.07208901 0.01115212
v 0.02479727 0.06961797 0.01528943
v 0.02276723 0.07159873 0.01531618
v 0.02482302 0.06750625 0.01555040
v 0.02289073 0.06756529 0.01606592
v 0.02286482 0.06967714 0.01580442
v 0.02094421 0.06763615 0.01653237
v 0.02087686 0.06560173 0.01647209
v 0.01893009 0.06567279 0.01693765
v 0.01891371 0.06486167 0.01694905
v 0.01692531 0.06410108 0.01734229
v 0.01889520 0.06361142 0.01698936
v 0.02086094 0.06352461 0.01658925
v 0.01886148 0.06154909 0.01704509
v 0.01685519 0.06166956 0.01730532
v 0.02084221 0.06144983 0.01669672
v 0.01882277 0.05949089 0.01708364
v 0.02280327 0.06345725 0.01610832
v 0.01697297 0.06575244 0.01736753
v 0.01679253 0.05963126 0.01726120
v 0.02081808 0.05937953 0.01678554
v 0.01880366 0.05741643 0.01718979
v 0.02281865 0.06135414 0.01633350
v 0.02280409 0.06554690 0.01593906
v 0.03031972 0.07008050 0.01276203
v 0.02073927 0.05735464 0.01668568
v 0.01876449 0.05654740 0.01712884
v 0.02073651 0.05712175 0.01669552
v 0.01801595 0.05545537 0.01708301
v 0.01870883 0.05540483 0.01703467
v 0.01666632 0.05555538 0.01716989
v 0.01664255 0.05426856 0.01719546
v 0.02069887 0.05529784 0.01671840
v 0.01457228 0.05156805 0.01747150
v 0.01251276 0.05100794 0.01760773
v 0.02111813 0.04083982 0.01694142
v 0.01625345 0.06374442 0.01745119
v 0.01897919 0.06772236 0.01693497
v 0.02677610 0.06742996 0.01510659
v 0.02769709 0.05912420 0.01516009
v 0.01150194 0.04975720 0.01759972
v 0.01254859 0.05170298 0.01767167
v 0.01042675 0.04913752 0.01776222
v 0.02867725 0.06321611 0.01482777
v 0.01351670 0.04341426 0.01762672
v 0.01044023 0.04981786 0.01775179
v 0.02864989 0.06632443 0.01447934
v 0.01437760 0.04336836 0.01748814
v 0.01298798 0.05167327 0.01763011
v 0.03271196 0.05075599 0.01383028
v 0.03231616 0.05107975 0.01402289
v 0.03234907 0.05280642 0.01399203
v 0.03236236 0.05488571 0.01386580
v 0.03045933 0.05283012 0.01465439
v 0.03043878 0.05158143 0.01468770
v 0.01493264 0.06381085 0.01768237
v 0.01490341 0.06295956 0.01765359
v 0.01499563 0.06584888 0.01772762
v 0.01292405 0.06393323 0.01793465
v 0.01297777 0.06597896 0.01794792
v 0.01502720 0.06791300 0.01766447
v 0.01304198 0.06801598 0.01799738
v 0.01094703 0.06611974 0.01812377
v 0.01092467 0.06404798 0.01821868
v 0.01095409 0.06820422 0.01797601
v 0.00895679 0.06622690 0.01843933
v 0.01287300 0.06188529 0.01793058
v 0.00895409 0.06747600 0.01832738
v 0.01066405 0.06822212 0.01801135
v 0.00894600 0.06832618 0.01823003
v 0.01325981 0.06186504 0.01786656
v 0.01486171 0.06177941 0.01760972
v 0.01641430 0.04505583 0.01718196
v -0.00201517 0.02188048 0.01908364
v -0.00034436 0.02267264 0.01879004
v 0.00169694 0.02372169 0.01855194
v 0.00121750 0.02375403 0.01859760
v 0.00170162 0.02408787 0.01853762
v 0.00173322 0.02578190 0.01850503
v 0.00373154 0.02566804 0.01821731
v 0.00380157 0.02770023 0.01828685
v 0.00177556 0.02783708 0.01847903
v -0.00027737 0.02590595 0.01875039
v -0.00025382 0.02797673 0.01865956
v 0.00180925 0.02989944 0.01842319
v -0.00020367 0.03002542 0.01866052
v -0.00227157 0.02810672 0.01888024
v 0.00186189 0.03194607 0.01843272
v -0.00018479 0.03110445 0.01863553
v -0.00166238 0.03011803 0.01882640
v -0.00016076 0.03208012 0.01863650
v 0.00385596 0.02974540 0.01830245
v -0.00229102 0.02603254 0.01898520
v 0.00093824 0.03200697 0.01852723
v -0.00032430 0.02385458 0.01876054
v -0.00223075 0.02968938 0.01888797
v -0.00601783 0.03648789 0.01963121
v -0.02497897 0.02578120 0.01988456
v -0.02501217 0.02422282 0.01990057
v -0.02523244 0.05240003 0.02033306
v -0.02622576 0.05453574 0.02035613
v -0.02464957 0.05433808 0.02063049
v -0.00994696 0.03456922 0.02061165
v -0.02724577 0.02611797 0.01924591
v 0.03371152 0.02604617 0.01374749
v 0.00553649 0.02755339 0.01826012
v -0.00509577 -0.00871970 0.01941591
v -0.00307012 -0.00885626 0.01922251
v -0.00516767 -0.01075034 0.01933991
v -0.00314433 -0.01088498 0.01913855
v -0.00716343 -0.01063861 0.01963648
v -0.00709517 -0.00860495 0.01969990
v -0.00720231 -0.01269666 0.01967440
v -0.00101649 -0.00901604 0.01912566
v -0.00521274 -0.01280326 0.01935651
v -0.00918573 -0.01259517 0.02001352
v -0.00919204 -0.01468027 0.02016386
v -0.01120858 -0.01455128 0.02038870
v -0.01116716 -0.01249534 0.02035953
v -0.00109195 -0.01104372 0.01903737
v 0.00103174 -0.00917134 0.01901018
v 0.00107342 -0.00711561 0.01898188
v 0.00314188 -0.00728771 0.01893621
v 0.00201374 -0.00924991 0.01897393
v 0.00097271 -0.01067008 0.01893391
v 0.00308544 -0.00933118 0.01891356
v 0.00094997 -0.01119378 0.01890011
v 0.00297284 -0.01132803 0.01869712
v 0.00084353 -0.01319574 0.01870495
v 0.00288437 -0.01334490 0.01856394
v 0.00076160 -0.01521805 0.01859433
v 0.00502399 -0.01148575 0.01859169
v -0.00128583 -0.01506342 0.01871259
v -0.00123643 -0.01394048 0.01878720
v 0.00282124 -0.01538282 0.01851822
v -0.00132670 -0.01711981 0.01874366
v 0.00493721 -0.01350403 0.01846436
v -0.00335345 -0.01698235 0.01893328
v -0.00059734 -0.01309085 0.01880643
v -0.00229803 -0.01500169 0.01883951
v -0.00339012 -0.01904223 0.01897882
v -0.00539387 -0.01892387 0.01924780
v -0.00544919 -0.02096827 0.01922902
v -0.00744973 -0.02085257 0.01950907
v -0.00739426 -0.01880829 0.01952836
v -0.00734497 -0.01785197 0.01961633
v -0.00933445 -0.01862483 0.02000694
v -0.00729333 -0.01680176 0.01970453
v -0.00534255 -0.01687614 0.01925278
v -0.00526955 -0.01484642 0.01933256
v -0.00329622 -0.01493953 0.01895863
v -0.00520866 -0.01688309 0.01923033
v -0.00930510 -0.01667673 0.01994582
v -0.00339508 -0.02112845 0.01913380
v -0.00548161 -0.02303168 0.01928924
v -0.00348147 -0.02314706 0.01900783
v -0.00142103 -0.02122216 0.01876236
v -0.00151101 -0.02323778 0.01862396
v -0.00084308 -0.02328325 0.01856226
v 0.00053344 -0.02338995 0.01849545
v 0.00265080 -0.02151231 0.01844639
v -0.00352800 -0.02476556 0.01898370
v -0.00553561 -0.02507719 0.01927503
v 0.00260778 -0.02356692 0.01847003
v -0.00749069 -0.02499922 0.01971191
v -0.00757500 -0.02701956 0.01959309
v -0.00746945 -0.02702644 0.01958196
v -0.00757612 -0.02709761 0.01959575
v -0.00955629 -0.02776463 0.02000913
v -0.00758873 -0.02909849 0.01971782
v -0.00958036 -0.02899019 0.02002862
v -0.01111957 -0.02888984 0.02019144
v -0.01160499 -0.02921080 0.02025488
v -0.01159641 -0.02886161 0.02025516
v -0.01162444 -0.03092866 0.02033051
v -0.01359249 -0.02996116 0.02065033
v -0.00960031 -0.03106395 0.02013185
v -0.00953339 -0.02693885 0.02001857
v 0.00050880 -0.02545982 0.01858251
v 0.00257443 -0.02562956 0.01852704
v 0.00463159 -0.02370194 0.01827027
v 0.00047215 -0.02751972 0.01862813
v 0.00249966 -0.02765782 0.01844116
v 0.00471665 -0.02168223 0.01839167
v -0.00153131 -0.02531126 0.01872601
v 0.00062904 -0.01928865 0.01848111
v -0.00554305 -0.02582919 0.01931176
v 0.00457363 -0.02574415 0.01824237
v 0.00044028 -0.02958359 0.01869025
v 0.00266679 -0.01987341 0.01836555
v -0.00152820 -0.02740418 0.01890885
v 0.00093512 -0.02962043 0.01865920
v 0.00042849 -0.03009300 0.01869232
v -0.00155612 -0.03081044 0.01909485
v 0.00040046 -0.03164087 0.01872498
v 0.00248711 -0.02973773 0.01856993
v -0.00154972 -0.03156697 0.01917877
v -0.00160758 -0.03360927 0.01915121
v -0.00362013 -0.03348360 0.01938984
v -0.00360036 -0.03220595 0.01935150
v 0.00039506 -0.03372672 0.01887842
v -0.00368282 -0.03552187 0.01934560
v -0.00568228 -0.03540707 0.01962940
v -0.00563505 -0.03349281 0.01963153
v -0.00573140 -0.03745663 0.01963201
v -0.00771721 -0.03735315 0.01996286
v -0.00776517 -0.03940366 0.01996949
v -0.00578962 -0.03949861 0.01960320
v -0.00973348 -0.03931471 0.02036072
v -0.00971878 -0.03723659 0.02023937
v -0.01172783 -0.03920416 0.02066214
v -0.01179889 -0.04123548 0.02058903
v -0.01379833 -0.04112070 0.02087288
v -0.01370624 -0.03910683 0.02101856
v -0.01586156 -0.04095295 0.02093664
v -0.01590092 -0.04301060 0.02097291
v -0.01626668 -0.04091518 0.02092670
v -0.01791718 -0.04079151 0.02102663
v -0.01574353 -0.03896061 0.02117179
v -0.01778831 -0.03880817 0.02129918
v -0.02000828 -0.04060062 0.02099419
v -0.01992737 -0.03857746 0.02110128
v -0.01771819 -0.03677606 0.02136905
v -0.02215177 -0.04036622 0.02078099
v -0.01986166 -0.03654169 0.02115592
v -0.02164606 -0.03839483 0.02095500
v -0.01768232 -0.03471551 0.02132072
v -0.01977083 -0.03466631 0.02130872
v -0.02008678 -0.04262577 0.02089542
v -0.02211408 -0.03946142 0.02083399
v -0.02221884 -0.04240087 0.02072166
v -0.02062429 -0.03646746 0.02112266
v -0.01563222 -0.03487236 0.02121169
v -0.01565186 -0.03694639 0.02131601
v -0.01563099 -0.03278305 0.02104382
v -0.01764759 -0.03265401 0.02126847
v -0.01384886 -0.04316908 0.02087063
v -0.01362910 -0.03289987 0.02076844
v -0.01970027 -0.03453770 0.02131921
v -0.01170896 -0.03712949 0.02055517
v -0.01579715 -0.03979815 0.02105941
v -0.00980326 -0.04134712 0.02029207
v -0.00767563 -0.03529734 0.01993425
v -0.01765223 -0.03242542 0.02123394
v -0.01564575 -0.03145925 0.02088492
v -0.01564005 -0.03068520 0.02084049
v -0.01461557 -0.03075698 0.02075534
v -0.01764543 -0.03056547 0.02110383
v -0.01559043 -0.02863606 0.02083960
v -0.01757101 -0.02853693 0.02118852
v -0.01970501 -0.03040075 0.02118015
v -0.01967964 -0.03251214 0.02143978
v -0.02178738 -0.03230743 0.02134993
v -0.02181023 -0.03019814 0.02109902
v -0.02389637 -0.03204616 0.02099765
v -0.01556731 -0.02656492 0.02074727
v -0.01758450 -0.02643540 0.02096989
v -0.01971895 -0.02829884 0.02095997
v -0.02184226 -0.03435221 0.02133269
v -0.02399997 -0.03410601 0.02107043
v -0.02241082 -0.03013007 0.02102818
v -0.02396023 -0.02995834 0.02086336
v -0.02178237 -0.02813093 0.02102304
v -0.02399221 -0.02784145 0.02058090
v -0.02618131 -0.02965952 0.02038242
v -0.02616348 -0.03176466 0.02061605
v -0.02812260 -0.03150612 0.02021523
v -0.02838611 -0.03199664 0.02017357
v -0.02838094 -0.03146885 0.02014761
v -0.02836300 -0.02939341 0.02003742
v -0.02619372 -0.02891670 0.02027930
v -0.02619129 -0.02756090 0.02017589
v -0.02619177 -0.02547017 0.02000215
v -0.02616940 -0.02339841 0.01990725
v -0.02387679 -0.02166628 0.02046288
v -0.02614002 -0.02168861 0.01986583
v -0.02700311 -0.02328723 0.01973129
v -0.02296388 -0.02382271 0.02056900
v -0.02204836 -0.02189275 0.02076807
v -0.02165663 -0.01987400 0.02076854
v -0.02383431 -0.01961122 0.02043737
v -0.02154656 -0.01787505 0.02097623
v -0.02377307 -0.01757173 0.02047658
v -0.02044481 -0.01997954 0.02076371
v -0.01960021 -0.01804785 0.02098375
v -0.01934794 -0.01606489 0.02120758
v -0.02168387 -0.02133492 0.02079667
v -0.02788433 -0.02521803 0.01952208
v -0.02146362 -0.01585358 0.02109032
v -0.02409686 -0.03611590 0.02090819
v -0.02580544 -0.03590418 0.02062258
v -0.02529387 -0.03396438 0.02094109
v -0.02840478 -0.03353939 0.02023745
v -0.02617610 -0.03384451 0.02074458
v -0.02633700 -0.03716341 0.02047363
v -0.02636378 -0.03786935 0.02044118
v -0.02517875 -0.01942715 0.02013141
v -0.02437208 -0.01749454 0.02036266
v -0.02594977 -0.01730977 0.02014880
v -0.02368675 -0.01555307 0.02060235
v -0.02584956 -0.01530264 0.02032248
v -0.02355536 -0.01357182 0.02088359
v -0.02361852 -0.01556064 0.02060962
v -0.02304073 -0.01362246 0.02090855
v -0.02348739 -0.01153792 0.02094603
v -0.02138600 -0.01382770 0.02118607
v -0.02134240 -0.01177356 0.02116439
v -0.01918784 -0.01201714 0.02141580
v -0.02842111 -0.02725483 0.01966480
v -0.01350728 -0.02673002 0.02067251
v -0.02606931 -0.01930085 0.01990842
v -0.02837990 -0.01892772 0.01911865
v -0.02828083 -0.01756441 0.01934147
v -0.02838537 -0.02101351 0.01927186
v -0.02940741 -0.02083930 0.01887994
v -0.03002181 -0.02277659 0.01859184
v -0.03088944 -0.02047973 0.01781450
v -0.03088722 -0.02257191 0.01799425
v -0.01917039 -0.00994130 0.02130392
v -0.02128975 -0.01023616 0.02121592
v -0.02100966 -0.00976740 0.02124755
v -0.01946016 -0.01806205 0.02099246
v -0.01711140 -0.01010553 0.02122554
v -0.01707552 -0.00804499 0.02117725
v -0.01505370 -0.00817836 0.02097065
v -0.01713026 -0.01218021 0.02133256
v -0.02613033 -0.02134052 0.01986996
v -0.01510255 -0.01022814 0.02097420
v -0.03075588 -0.03104229 0.01913580
v -0.03075885 -0.03050949 0.01908188
v -0.03094571 -0.03100024 0.01901795
v -0.03023104 -0.02906539 0.01927641
v -0.03078218 -0.02893012 0.01887296
v -0.02417747 -0.03813930 0.02080213
v -0.02820039 -0.01696419 0.01946259
v -0.01914568 -0.00787149 0.02121710
v -0.01342247 -0.02471010 0.02079305
v -0.01149594 -0.02476436 0.02025763
v -0.01147973 -0.02268748 0.02014146
v -0.01342016 -0.02262168 0.02062891
v -0.01336561 -0.02076400 0.02066048
v -0.01144404 -0.02076332 0.02010375
v -0.01144102 -0.02062929 0.02010293
v -0.01118289 -0.02064215 0.02005722
v -0.01539650 -0.02200769 0.02094980
v -0.01540943 -0.02251534 0.02094787
v -0.01611458 -0.02247435 0.02104562
v -0.01535623 -0.02046918 0.02095932
v -0.01741258 -0.02239747 0.02121891
v -0.01737393 -0.02033923 0.02118017
v -0.01954453 -0.02217266 0.02104552
v -0.01957879 -0.02423455 0.02109940
v -0.02174175 -0.02398399 0.02081903
v -0.01820216 -0.02437578 0.02119309
v -0.01529481 -0.01842984 0.02099916
v -0.01732209 -0.01829194 0.02118695
v -0.00950755 -0.02277964 0.01976356
v -0.01324697 -0.01858481 0.02088232
v -0.01323032 -0.01650831 0.02076768
v -0.02921048 -0.03343189 0.02006712
v -0.01498268 -0.00614699 0.02104359
v -0.01914387 -0.02630510 0.02100176
v -0.01745647 -0.02445136 0.02123954
v -0.01543902 -0.02458111 0.02101786
v -0.01743296 -0.02331474 0.02122548
v -0.01522631 -0.01639638 0.02106344
v -0.02685821 -0.02958465 0.02031115
v -0.02646962 -0.03987181 0.02024809
v -0.01130234 -0.01865410 0.02040935
v -0.02740205 -0.03976980 0.02015512
v -0.02773518 -0.04171394 0.01978386
v -0.02660926 -0.04184620 0.01993834
v -0.01298632 -0.00625923 0.02074912
v -0.01296140 -0.00418959 0.02066304
v -0.01098456 -0.00428561 0.02030120
v -0.01102494 -0.00634242 0.02033396
v -0.00896195 -0.00441964 0.02009730
v -0.00893220 -0.00235400 0.02002785
v -0.00899409 -0.00648329 0.02015852
v -0.01103248 -0.00842649 0.02048003
v -0.00905040 -0.00852687 0.02013630
v -0.01112170 -0.01044275 0.02034430
v -0.01100757 -0.01044804 0.02032220
v -0.00907901 -0.00910294 0.02008695
v -0.00798136 -0.00856945 0.01989720
v -0.01308330 -0.01035938 0.02075871
v -0.01310190 -0.01114813 0.02076071
v -0.01462506 -0.01231222 0.02092203
v -0.01312635 -0.01241396 0.02078224
v -0.01515531 -0.01264784 0.02099495
v -0.01516629 -0.01435588 0.02109844
v -0.01718870 -0.01391995 0.02127815
v -0.01719548 -0.01421639 0.02127962
v -0.01500908 -0.00436769 0.02080781
v -0.01704606 -0.00568057 0.02108224
v -0.02867849 -0.03958313 0.01980928
v -0.02880783 -0.04156608 0.01953510
v -0.03102459 -0.04119671 0.01872445
v -0.03060679 -0.03925463 0.01907068
v -0.02397672 -0.03217456 0.02099004
v -0.02855547 -0.03759494 0.02006167
v -0.02200328 -0.01169546 0.02107157
v -0.02796332 -0.04366063 0.01938155
v -0.02429696 -0.04013042 0.02056194
v -0.03103598 -0.03917107 0.01885771
v -0.01451289 -0.00406881 0.02073593
v -0.02576440 -0.01328301 0.02044424
v -0.01501072 -0.00403338 0.02077475
v -0.01745934 -0.01419548 0.02129028
v -0.01873369 -0.01611670 0.02119731
v -0.03090022 -0.03719345 0.01915402
v -0.03279184 -0.03876428 0.01768474
v -0.03248008 -0.03681963 0.01806233
v -0.02851259 -0.01890884 0.01908513
v -0.03290054 -0.04071388 0.01724711
v -0.01335958 -0.02058165 0.02066584
v -0.03381693 -0.03840740 0.01644495
v -0.03079161 -0.03519329 0.01935669
v -0.03205852 -0.03487764 0.01840745
v -0.03373107 -0.03638836 0.01656912
v -0.01112359 -0.01050228 0.02034278
v -0.00373059 -0.03757255 0.01935287
v -0.03351181 -0.03440511 0.01680515
v -0.03114263 -0.04117285 0.01866180
v -0.00546397 -0.03336916 0.01961170
v -0.01944232 -0.01769608 0.02102264
v -0.00151769 -0.02375594 0.01864403
v 0.00267321 -0.01944058 0.01835161
v -0.00750141 -0.02289999 0.01950283
v -0.00137671 -0.01916862 0.01874318
v 0.00511484 -0.00947085 0.01873308
v 0.00312251 -0.00807446 0.01893544
v -0.00945364 -0.02073407 0.01977749
v -0.01124191 -0.01661394 0.02044578
v -0.00332522 -0.01584240 0.01893490
v -0.00273892 -0.03148324 0.01927575
v 0.02424778 0.03349716 0.01640475
v 0.02619639 0.03237561 0.01603189
v 0.00318143 -0.00523021 0.01890057
v 0.00109115 -0.00504000 0.01887095
v 0.00317851 -0.00313745 0.01871838
v -0.03370152 -0.03432255 0.01649897
v -0.03383454 -0.03634950 0.01643081
v -0.00534450 -0.01695412 0.01925261
v -0.02403162 0.05425930 0.02074408
v -0.02398421 0.05576331 0.02078060
v 0.00521694 -0.00537495 0.01874120
v -0.01589592 0.04048425 0.02117150
v 0.03402261 0.03423180 0.01374863
v 0.01632106 0.03911938 0.01735533
v -0.00595645 0.04425845 0.01919908
v -0.00171398 0.05063743 0.01891117
v 0.00040479 0.05251389 0.01886697
v -0.00166807 0.05268965 0.01889747
v -0.00374657 0.05077974 0.01908061
v -0.00373111 0.05285724 0.01896188
v -0.00583068 0.05096483 0.01907232
v -0.00163589 0.05475326 0.01883641
v -0.00579664 0.05269301 0.01904516
v -0.00587784 0.04891366 0.01908168
v -0.00549166 0.05299742 0.01903002
v -0.00370958 0.05457529 0.01889323
v -0.00417252 -0.02515445 0.01907692
v -0.01824741 0.02236025 0.02176624
v -0.00796989 0.04910534 0.01904598
v -0.00797131 0.04981461 0.01898279
v -0.00996067 0.04712261 0.01953178
v -0.00795750 0.05118538 0.01891665
v -0.01202543 0.04520130 0.01976233
v -0.00997552 0.04504460 0.01965264
v -0.00997356 0.05131397 0.01914312
v -0.00788343 0.05321422 0.01900011
v -0.00994023 0.05337663 0.01908604
v -0.01202551 0.05147236 0.01924580
v -0.01200761 0.04936717 0.01947965
v -0.01398355 0.04946245 0.01984456
v -0.01402555 0.04740698 0.01987176
v -0.01594729 0.04745726 0.02042370
v -0.01400552 0.05157102 0.01959666
v -0.01593147 0.04669767 0.02053974
v -0.01402261 0.04655385 0.01995192
v -0.01199630 0.05353844 0.01917447
v -0.01201691 0.04310389 0.01996384
v -0.01399986 0.04529532 0.02013248
v -0.00690557 0.05107959 0.01897831
v -0.01986314 0.05179857 0.02093369
v -0.02714432 0.02844546 0.01939740
v 0.00043033 0.05458302 0.01878301
v -0.02263776 0.02538265 0.02077998
v -0.02502057 0.02372540 0.01991314
v -0.00794644 0.04699553 0.01929900
v -0.00554023 -0.02716368 0.01943114
v -0.01393342 0.04105949 0.02070591
v -0.01000553 0.04297919 0.01972118
v -0.01198651 0.04123921 0.02022016
v -0.01344030 0.04104028 0.02059362
v -0.01197991 0.04098283 0.02026361
v -0.00998547 0.04087220 0.01996249
v -0.00967450 -0.01872663 0.02008099
v 0.00817562 0.03768754 0.01779663
v 0.02790438 0.01996081 0.01577493
v -0.01901685 0.02077925 0.02160880
v -0.02046026 0.02093935 0.02145472
v -0.01995931 0.01884994 0.02141770
v -0.02053551 0.01891149 0.02136718
v -0.02272384 0.01918311 0.02099926
v -0.02275611 0.01711957 0.02106001
v -0.02073287 0.01691653 0.02117665
v -0.02181611 0.01499065 0.02102717
v -0.02063586 0.01690448 0.02119301
v -0.02066479 0.01483816 0.02126530
v -0.02285315 0.01306365 0.02086403
v -0.02067376 0.01275528 0.02140643
v -0.01842031 0.01661026 0.02165484
v -0.01837407 0.01866219 0.02164231
v -0.02498683 0.01742639 0.02054582
v -0.02498154 0.01795347 0.02052031
v -0.02526058 0.01746390 0.02048337
v -0.02618891 0.01553425 0.02028809
v -0.02730800 0.01780831 0.01971953
v -0.02427310 0.01939211 0.02066117
v -0.02497406 0.01950612 0.02041780
v -0.02503073 0.02164351 0.02005016
v -0.02310105 0.02131582 0.02078439
v -0.02718813 0.01990023 0.01949107
v -0.02626413 0.02182998 0.01968763
v -0.02733846 0.02201426 0.01927025
v -0.02734619 0.01993035 0.01941567
v -0.02839961 0.01797747 0.01937950
v -0.02926453 0.01604628 0.01916547
v -0.02967036 0.01495439 0.01902035
v -0.02933157 0.02234181 0.01856259
v -0.02284714 0.01510482 0.02091799
v -0.02270439 0.02125729 0.02089429
v -0.00799242 0.04295698 0.01947596
v -0.00799384 0.04285423 0.01947960
v -0.00814289 0.04286357 0.01949709
v -0.00595302 0.04479541 0.01916646
v 0.02163706 0.00580816 0.01691020
v 0.02254474 0.04903956 0.01642094
v -0.01848279 0.01457180 0.02161135
v -0.02291738 0.01295787 0.02085719
v -0.02291060 0.01097685 0.02104321
v -0.02072533 0.01070776 0.02140059
v -0.02292794 0.00890091 0.02115546
v -0.02515490 0.00920460 0.02065426
v -0.02515397 0.00937541 0.02064335
v -0.02526732 0.00921792 0.02063830
v -0.02617184 0.00728770 0.02043598
v -0.02734999 0.00948183 0.02026304
v -0.02744939 0.00747403 0.02009216
v -0.02956298 0.00780740 0.01940665
v -0.02917213 0.00975013 0.01976085
v -0.02818729 0.01167841 0.01993943
v -0.02732834 0.01364453 0.01999355
v -0.02733783 0.01301003 0.02001367
v -0.02706700 0.01360338 0.02007795
v -0.02735175 0.01157363 0.02008485
v -0.02981722 0.00666699 0.01920592
v -0.02673721 0.00534921 0.02013338
v -0.02082355 0.00869898 0.02123377
v -0.02047473 0.00866410 0.02125327
v -0.02083922 0.00812136 0.02122830
v -0.02172154 0.00674221 0.02115215
v -0.02086638 0.00664421 0.02125807
v -0.01867631 0.00846147 0.02145991
v -0.02278907 0.00481595 0.02099802
v -0.02092506 0.00460260 0.02122768
v -0.02310994 0.00415094 0.02093100
v -0.02308376 0.00484961 0.02096202
v -0.02371596 0.00288626 0.02080231
v -0.02478002 0.00095992 0.02064716
v -0.02315107 0.00281517 0.02090185
v -0.02542425 -0.00031518 0.02052705
v -0.02301636 0.00688399 0.02102247
v -0.02543782 -0.00101216 0.02053851
v -0.01914164 0.01058390 0.02132887
v -0.02422617 0.01114483 0.02080023
v -0.02547435 -0.00307216 0.02058457
v -0.02761777 -0.00482774 0.02007692
v -0.02549793 -0.00514292 0.02067530
v -0.02326254 -0.00336328 0.02103350
v -0.02362260 -0.00536215 0.02092765
v -0.02331946 -0.00484887 0.02096330
v -0.02256823 -0.00343557 0.02108567
v -0.02458839 -0.00729089 0.02074344
v -0.02111783 -0.00150835 0.02107883
v -0.02111983 -0.00168663 0.02108674
v -0.02557069 -0.00717284 0.02059633
v -0.02551388 -0.00922060 0.02054732
v -0.02337032 -0.00745446 0.02100579
v -0.02344441 -0.00948328 0.02092224
v -0.02120736 -0.00770502 0.02128617
v -0.02110239 -0.00361151 0.02130420
v -0.02116032 -0.00565374 0.02127639
v -0.01906625 -0.00584710 0.02131905
v -0.01901574 -0.00379871 0.02132127
v -0.02565068 -0.00950724 0.02051799
v -0.02322849 -0.00130122 0.02097889
v -0.02780445 -0.00686350 0.02007167
v -0.02783552 -0.00892804 0.02013655
v -0.02788239 -0.01097946 0.02014692
v -0.02800045 -0.01297176 0.01991164
v -0.02092815 -0.00152325 0.02107051
v -0.02814028 -0.01494600 0.01960127
v -0.02723695 -0.01308315 0.02011726
v -0.02656660 -0.01114722 0.02038882
v -0.00782990 0.05526011 0.01901273
v -0.00574406 0.05507358 0.01902700
v -0.00398888 0.03843893 0.01927710
v -0.02563823 -0.00920710 0.02053538
v 0.03239926 0.05903574 0.01364895
v -0.02526657 0.02375794 0.01986244
v -0.01393427 0.04094071 0.02071283
v 0.02803594 0.02612258 0.01571263
v 0.02798121 0.02407769 0.01569585
v 0.02746306 0.02614533 0.01584105
v 0.02605282 0.02555543 0.01610781
v -0.02268100 0.02332821 0.02080288
v -0.02873160 0.02427945 0.01885496
v -0.02952041 0.02646125 0.01858016
v -0.03122274 0.02477725 0.01755952
v -0.03089786 0.02672158 0.01793322
v -0.02937599 0.02843168 0.01890640
v -0.03065010 0.02866780 0.01832973
v -0.03045292 0.03061524 0.01874120
v -0.00568820 0.05711753 0.01904766
v -0.00778512 0.05731326 0.01899516
v -0.00561179 0.05914443 0.01913921
v -0.00768766 0.05932267 0.01915934
v -0.00551238 0.06115222 0.01931013
v -0.00346823 0.06100031 0.01918057
v -0.00343388 0.06306212 0.01912699
v -0.00139280 0.06291276 0.01898684
v -0.00136430 0.06497943 0.01891307
v 0.00066545 0.06483947 0.01873382
v 0.00071136 0.06689169 0.01872014
v -0.00132927 0.06640943 0.01891381
v -0.00062566 0.06698185 0.01884764
v -0.00131144 0.06702588 0.01892336
v 0.00075670 0.06894438 0.01870449
v -0.00126666 0.06907903 0.01890579
v -0.00332165 0.06714961 0.01917005
v -0.00332701 0.06924439 0.01897946
v -0.00529608 0.06724363 0.01954018
v -0.00532631 0.06517839 0.01960800
v -0.00731255 0.06528222 0.01993738
v 0.00073581 0.06804187 0.01870813
v -0.00727761 0.06734355 0.01988584
v -0.00934766 0.06542664 0.02009812
v -0.00935319 0.06752155 0.01990698
v -0.00944496 0.06341709 0.01993450
v -0.01149550 0.06357430 0.02004204
v -0.00742602 0.06328611 0.01971794
v -0.00334287 0.06536240 0.01924544
v -0.00542683 0.06317152 0.01943324
v -0.00740021 0.06129002 0.01944139
v -0.01141163 0.06559500 0.02015932
v -0.01157089 0.06154656 0.01995399
v 0.00062909 0.06277933 0.01878045
v -0.00142509 0.06084924 0.01904750
v -0.00979123 0.05743359 0.01925596
v 0.00274828 0.06465544 0.01873772
v 0.00278154 0.06671816 0.01868039
v -0.00975234 0.05802938 0.01933847
v -0.00865814 0.05936840 0.01934356
v -0.00966227 0.05941685 0.01952885
v -0.00755262 0.06130089 0.01945320
v 0.00266236 0.06263645 0.01861335
v 0.00482268 0.06447842 0.01871251
v 0.00384473 0.06253138 0.01861834
v 0.00265359 0.06138188 0.01868694
v 0.00474154 0.06245545 0.01860464
v 0.00264531 0.06056027 0.01872660
v 0.00471831 0.06038441 0.01869658
v 0.00261462 0.05849542 0.01879281
v 0.00466204 0.05834079 0.01867452
v 0.00057571 0.05864299 0.01894043
v 0.00059506 0.05982394 0.01890865
v 0.00253969 0.05646730 0.01870634
v 0.00677308 0.06022368 0.01860364
v 0.00668826 0.05820377 0.01848306
v 0.00880725 0.06008006 0.01843963
v 0.00885281 0.06213256 0.01842474
v 0.00845233 0.05807757 0.01834847
v 0.00706565 0.05615908 0.01828871
v 0.00659667 0.05618948 0.01833913
v -0.00039477 0.05873009 0.01893231
v -0.00155206 0.05725875 0.01891366
v -0.00150885 0.05882844 0.01893060
v -0.00156548 0.05678513 0.01890727
v 0.00874207 0.05844774 0.01835357
v 0.00456926 0.05632750 0.01852646
v 0.00682152 0.06227379 0.01859869
v -0.00193522 0.05681534 0.01891801
v 0.01004379 0.05999108 0.01834768
v 0.00658994 0.05582561 0.01834633
v 0.00862301 0.05605236 0.01814809
v 0.00656442 0.05412593 0.01839994
v 0.00858419 0.05399426 0.01818624
v 0.00652797 0.05206586 0.01844626
v 0.00852130 0.05195614 0.01814134
v 0.00643508 0.05005265 0.01829784
v 0.01056913 0.05389151 0.01785238
v 0.01061186 0.05594636 0.01782772
v 0.00449357 0.05220967 0.01860950
v 0.00452247 0.05416602 0.01854617
v 0.00246447 0.05261410 0.01876917
v 0.00245779 0.05235464 0.01876792
v 0.00844879 0.04992601 0.01806323
v 0.00639045 0.04799937 0.01831596
v 0.00436554 0.04813531 0.01851189
v 0.00824364 0.04788427 0.01809334
v 0.00636373 0.04663608 0.01833782
v 0.01084206 0.05993590 0.01827783
v 0.01085022 0.06056988 0.01825324
v 0.01281611 0.05984219 0.01790638
v 0.00872610 0.05805710 0.01833173
v 0.00480351 0.06397901 0.01868881
v -0.00758839 0.06078593 0.01937463
v -0.01358588 0.06167426 0.02018417
v 0.00452312 0.05427547 0.01853936
v -0.01366096 0.05964627 0.02009720
v -0.01563290 0.05973823 0.02047592
v -0.01164773 0.05952003 0.01986094
v -0.01373093 0.05761403 0.02002788
v -0.01178032 0.05753979 0.01957553
v -0.01386697 0.05563665 0.01973055
v -0.01582551 0.05571748 0.02015552
v -0.01209150 0.05554748 0.01941918
v -0.01592377 0.05370873 0.01998859
v -0.01784504 0.05375862 0.02054215
v -0.01786924 0.05313032 0.02051202
v -0.01985662 0.05238132 0.02090776
v -0.01983695 0.05386716 0.02085195
v -0.01594639 0.05314566 0.01995844
v -0.01598574 0.05166985 0.01994683
v -0.01779434 0.05580685 0.02054499
v -0.01401487 0.05366911 0.01939233
v -0.01187638 0.05572651 0.01939991
v -0.01188557 0.05553684 0.01938447
v 0.00169838 0.06063138 0.01878319
v -0.01559967 0.06180097 0.02041851
v -0.01759097 0.05981867 0.02090253
v -0.01766243 0.05778767 0.02082805
v -0.01970129 0.05793519 0.02097586
v -0.02179979 0.05604189 0.02108999
v -0.03171557 -0.03293375 0.01877581
v 0.00221634 0.05237263 0.01878298
v -0.01964993 0.05998287 0.02098100
v -0.02178154 0.05811707 0.02098088
v -0.02177000 0.05909133 0.02093971
v -0.02240777 0.05818801 0.02090718
v -0.02088100 0.06010309 0.02092552
v -0.00621075 0.02813186 0.01966665
v -0.00623853 0.02621946 0.01973015
v -0.00423679 0.02819310 0.01928214
v 0.01691417 0.06371093 0.01733672
v -0.00380432 0.04873736 0.01905345
v -0.01804726 -0.04486417 0.02092195
v -0.01910847 -0.04475049 0.02082741
v -0.01962654 -0.04669013 0.02051082
v -0.01814254 -0.04687540 0.02076531
v -0.02032576 -0.04660802 0.02041500
v -0.02247572 -0.04636825 0.02017949
v -0.02411401 -0.04614374 0.01980565
v -0.02471015 -0.04605836 0.01965252
v -0.02453263 -0.04411542 0.02009295
v -0.02389620 -0.04419679 0.02021101
v -0.01606567 -0.04705447 0.02074861
v -0.01406093 -0.04717366 0.02048306
v -0.01395105 -0.04517456 0.02069011
v -0.01193041 -0.04530696 0.02047944
v -0.01211907 -0.04731004 0.02032307
v -0.01202067 -0.04717225 0.02032771
v -0.01036948 -0.04540038 0.02027553
v -0.00983832 -0.04340834 0.02034318
v -0.00990619 -0.04497811 0.02024287
v -0.00795283 -0.04350696 0.02003076
v -0.00785137 -0.04351276 0.02001623
v -0.00785113 -0.04345968 0.02001266
v -0.00991940 -0.04543135 0.02023548
v -0.01000226 0.04195262 0.01981677
v 0.01990129 0.01624373 0.01723612
v -0.02186703 0.05400738 0.02103009
v 0.00703968 0.06635810 0.01861321
v -0.01830888 0.02069840 0.02169515
v -0.01758054 0.06190034 0.02076641
v -0.00362498 0.05694979 0.01898388
v 0.00320219 -0.00106678 0.01862800
v 0.02975418 0.01732727 0.01519236
v 0.00225895 0.04624873 0.01859812
v 0.02770675 0.01176357 0.01578140
v -0.01011813 0.05745169 0.01930547
v -0.02062830 0.01713713 0.02119943
v 0.02585578 0.01593575 0.01623335
v 0.00778428 0.02108749 0.01819000
v -0.00585456 -0.04362536 0.01972331
v -0.00585678 -0.04263138 0.01963398
v -0.00381243 -0.04168526 0.01941467
v -0.00385282 -0.04374206 0.01944741
v -0.00443873 -0.04164025 0.01946151
v -0.00586756 -0.04570490 0.01985055
v -0.00389768 -0.04579515 0.01946472
v -0.00603057 -0.04765989 0.01946017
v -0.00185163 -0.04385830 0.01916958
v -0.00800996 -0.04756175 0.01981321
v -0.00816197 -0.04952587 0.01946078
v -0.01012035 -0.04944518 0.01988632
v -0.01002005 -0.04743812 0.02006032
v -0.00616750 -0.04963653 0.01915979
v -0.00192054 -0.04589142 0.01910391
v -0.00178933 -0.04181970 0.01921247
v -0.00584249 -0.04154505 0.01959287
v 0.00016299 -0.04398570 0.01893814
v 0.00006105 -0.04599139 0.01875847
v 0.00217357 -0.04410974 0.01869275
v 0.00221765 -0.04205600 0.01867272
v 0.00421424 -0.04216843 0.01837906
v 0.00426709 -0.04012198 0.01838933
v 0.00210002 -0.04613900 0.01861103
v 0.00415761 -0.04421174 0.01835575
v 0.00225873 -0.03999978 0.01864238
v 0.00432200 -0.03807723 0.01840668
v 0.00233205 -0.03797032 0.01872327
v 0.00436817 -0.03602523 0.01839391
v 0.00635594 -0.03613033 0.01806980
v 0.00438237 -0.03544993 0.01839458
v 0.00324502 -0.03597056 0.01859893
v 0.00441941 -0.03397744 0.01839863
v 0.00641091 -0.03408564 0.01808737
v 0.00649520 -0.03206530 0.01820614
v 0.00662750 -0.03410065 0.01806859
v 0.00447236 -0.03193108 0.01840924
v 0.00239678 -0.03384340 0.01860244
v 0.00238961 -0.03592778 0.01874979
v 0.00653655 -0.03000929 0.01817671
v 0.00450017 -0.02986383 0.01833310
v 0.00659282 -0.02796567 0.01819876
v 0.00456052 -0.02782360 0.01836923
v 0.00660797 -0.02588792 0.01807896
v 0.00863708 -0.02811768 0.01806960
v 0.00865910 -0.02604563 0.01797347
v 0.00456741 -0.02672850 0.01830239
v 0.00590878 -0.02583701 0.01812816
v 0.00663560 -0.02506075 0.01810430
v 0.00856479 -0.03014800 0.01799226
v 0.00640274 -0.03432595 0.01807951
v 0.00633865 -0.03820631 0.01818223
v 0.00027420 -0.03989737 0.01897768
v -0.00005358 -0.04798655 0.01853506
v 0.00122525 -0.04807202 0.01840953
v 0.00023362 -0.05000013 0.01823296
v -0.00017359 -0.04997725 0.01829306
v 0.00197425 -0.04812491 0.01834915
v 0.00183376 -0.05009860 0.01803650
v -0.00030190 -0.05163248 0.01799537
v 0.00400964 -0.04826955 0.01818936
v 0.00410289 -0.04625664 0.01833902
v 0.00604545 -0.04632420 0.01785892
v 0.00613658 -0.04430953 0.01800126
v 0.00598170 -0.04836161 0.01781106
v 0.00813160 -0.04442065 0.01770217
v 0.00822563 -0.04240840 0.01785455
v 0.00615381 -0.04377376 0.01801544
v 0.00765960 -0.04237191 0.01791637
v 0.01020702 -0.04250820 0.01750841
v 0.01012559 -0.04453092 0.01739953
v 0.00824856 -0.04180398 0.01788234
v 0.00829353 -0.04037443 0.01791672
v 0.01041332 -0.03849882 0.01787607
v 0.00838141 -0.03835707 0.01804787
v 0.01050056 -0.03648092 0.01800500
v 0.01251774 -0.03661043 0.01778234
v 0.01257076 -0.03456412 0.01779320
v 0.01052753 -0.03441298 0.01792595
v 0.01255770 -0.03246295 0.01757607
v 0.01055132 -0.03234239 0.01783594
v 0.01259725 -0.03040545 0.01754041
v 0.01465939 -0.03057230 0.01747291
v 0.01056746 -0.03066810 0.01775270
v 0.01112268 -0.03030558 0.01767902
v 0.01057456 -0.03027136 0.01774403
v 0.01273957 -0.02843328 0.01785940
v 0.01201998 -0.02837518 0.01788348
v 0.01478493 -0.02858620 0.01773401
v 0.01273225 -0.02790202 0.01779090
v 0.01273425 -0.02633854 0.01766896
v 0.01429491 -0.02647831 0.01768061
v 0.01485312 -0.02446216 0.01762512
v 0.01277297 -0.02428035 0.01763045
v 0.01490277 -0.02241304 0.01762434
v 0.01286855 -0.02226938 0.01778818
v 0.01496309 -0.02037279 0.01766036
v 0.01701932 -0.02053473 0.01757248
v 0.01706527 -0.01848255 0.01755892
v 0.01907514 -0.01860600 0.01731107
v 0.01913621 -0.01656637 0.01734970
v 0.01074412 -0.02414114 0.01781283
v 0.01295685 -0.02025236 0.01792075
v 0.01504417 -0.01834977 0.01776803
v 0.01902848 -0.02065759 0.01732217
v 0.01702942 -0.02263345 0.01777943
v 0.02106889 -0.01871606 0.01700759
v 0.02103579 -0.02077892 0.01706549
v 0.02306460 -0.01882776 0.01671088
v 0.02309444 -0.01676220 0.01664175
v 0.02121003 -0.02078990 0.01704530
v 0.02306330 -0.01967573 0.01677629
v 0.02504602 -0.01892759 0.01636486
v 0.02307621 -0.02092773 0.01692304
v 0.02506220 -0.02103136 0.01659280
v 0.02302160 -0.02297272 0.01690669
v 0.02499038 -0.02306206 0.01651709
v 0.02296495 -0.02501602 0.01688334
v 0.02096168 -0.02489805 0.01715396
v 0.02491546 -0.02509018 0.01643064
v 0.02103797 -0.02287106 0.01724511
v 0.02091128 -0.02694654 0.01715215
v 0.01889671 -0.02681918 0.01738377
v 0.01881104 -0.02883839 0.01726028
v 0.02078529 -0.02893226 0.01688950
v 0.01882106 -0.03083245 0.01745833
v 0.02080811 -0.03008724 0.01706177
v 0.02083721 -0.03106571 0.01724075
v 0.02280249 -0.03115214 0.01683905
v 0.02291044 -0.02706110 0.01686734
v 0.02698601 -0.02317368 0.01622008
v 0.02071796 -0.03305702 0.01700136
v 0.01872343 -0.03294631 0.01730216
v 0.01867889 -0.03499967 0.01732057
v 0.02270279 -0.03315969 0.01666712
v 0.02509023 -0.01687396 0.01634533
v 0.02700329 -0.02109769 0.01610760
v 0.02278131 -0.02949947 0.01663134
v 0.02113235 -0.01667842 0.01705447
v 0.01483546 -0.02583602 0.01767850
v 0.01902465 -0.02190012 0.01741150
v 0.01084959 -0.02213838 0.01800466
v 0.01666339 -0.03487154 0.01754900
v 0.01675248 -0.03285518 0.01768431
v 0.01517065 -0.03474576 0.01757462
v 0.01454689 -0.03573459 0.01751745
v 0.01450453 -0.03671472 0.01745486
v 0.01337676 -0.03665434 0.01763526
v 0.01247823 -0.03740779 0.01771436
v 0.01241820 -0.03861813 0.01761099
v 0.01439025 -0.03871017 0.01723262
v 0.01228922 -0.04060137 0.01733804
v 0.01428377 -0.04071209 0.01703730
v 0.01639713 -0.03883114 0.01697446
v 0.01629545 -0.04083705 0.01679570
v 0.01417619 -0.04271311 0.01683820
v 0.01616873 -0.04282217 0.01653055
v 0.01408262 -0.04472576 0.01668745
v 0.01606007 -0.04482229 0.01632773
v 0.01815366 -0.04292491 0.01619664
v 0.01396733 -0.04672037 0.01646174
v 0.01594777 -0.04681938 0.01611232
v 0.01209302 -0.04461913 0.01700523
v 0.01383123 -0.04869770 0.01616422
v 0.01829422 -0.04095128 0.01650955
v 0.01198941 -0.04662344 0.01681984
v 0.01652272 -0.03684508 0.01723572
v 0.01803683 -0.04491824 0.01596562
v 0.02066490 -0.03510331 0.01699039
v 0.01576953 -0.04876172 0.01566941
v 0.01871049 -0.03092744 0.01746751
v 0.01673431 -0.03074976 0.01744952
v 0.01674819 -0.03255341 0.01764496
v 0.02479781 -0.02917317 0.01636888
v 0.02360348 -0.02909430 0.01649056
v 0.01645488 -0.03282478 0.01766467
v 0.02485321 -0.02778947 0.01644235
v 0.01364556 -0.05063387 0.01569564
v 0.01172547 -0.05058496 0.01625329
v 0.01153164 -0.05251436 0.01575656
v 0.00959647 -0.05245293 0.01626217
v 0.00978087 -0.05051570 0.01672635
v 0.00765242 -0.05238414 0.01673715
v 0.00781489 -0.05042870 0.01712565
v 0.00570021 -0.05230856 0.01718396
v 0.00941199 -0.05439010 0.01579775
v 0.00585473 -0.05034652 0.01754503
v 0.00370998 -0.05220142 0.01749958
v 0.00794705 -0.04844809 0.01740958
v 0.00362519 -0.05422135 0.01737909
v 0.00750927 -0.05435561 0.01641530
v 0.00991156 -0.04853388 0.01700522
v 0.01129672 -0.05440965 0.01511810
v 0.00925916 -0.05635354 0.01544248
v 0.00160147 -0.05408640 0.01757919
v 0.01104075 -0.05628746 0.01440696
v 0.00915729 -0.05835929 0.01526307
v 0.01342830 -0.05254381 0.01511808
v 0.00149639 -0.05608949 0.01738870
v 0.00354131 -0.05624204 0.01726179
v 0.00138661 -0.05808867 0.01718198
v -0.00070162 -0.05790017 0.01715948
v -0.00079255 -0.05991500 0.01701780
v 0.00342111 -0.05823257 0.01701912
v 0.00134182 -0.06014181 0.01719952
v -0.00060431 -0.05589062 0.01732313
v 0.00549251 -0.05631678 0.01681148
v 0.00539455 -0.05832577 0.01664555
v 0.00170164 -0.05207924 0.01775272
v 0.00729315 -0.05835684 0.01601378
v 0.02504567 -0.01898364 0.01636830
v 0.01460007 -0.03470371 0.01761241
v 0.01141039 -0.03855872 0.01774689
v 0.01219516 -0.04261360 0.01718557
v 0.00413919 -0.04483251 0.01834454
v 0.00387962 -0.05025193 0.01791283
v 0.00804244 -0.04643696 0.01756662
v -0.00216566 -0.04986857 0.01860233
v -0.00232109 -0.05182985 0.01823810
v -0.00436831 -0.05167540 0.01835710
v -0.00418041 -0.04974107 0.01883334
v -0.00459924 -0.05357399 0.01773237
v -0.00253330 -0.05374400 0.01767798
v 0.01882224 -0.03093802 0.01747101
v 0.00030084 -0.03816192 0.01892489
v 0.00071567 -0.03786123 0.01887702
v 0.00030637 -0.03783374 0.01891657
v -0.00170788 -0.03915349 0.01926845
v -0.00089070 -0.05387725 0.01762586
v 0.00527034 -0.04426600 0.01815304
v -0.00207025 -0.04785745 0.01875943
v 0.00209308 -0.04624919 0.01859664
v -0.00379814 -0.04107221 0.01941254
v -0.00169633 -0.03771625 0.01918920
v -0.00252598 -0.03973457 0.01936572
v 0.01299323 -0.01831710 0.01788448
v 0.01128753 -0.02011120 0.01794710
v 0.02369983 0.00990949 0.01649344
v 0.01312153 -0.01820360 0.01787460
v 0.01509784 -0.01630400 0.01778113
v 0.01499698 -0.01629701 0.01778985
v 0.01306562 -0.01616200 0.01795187
v 0.01517410 -0.01427699 0.01787218
v 0.01311949 -0.01411639 0.01796565
v 0.01524082 -0.01224205 0.01793030
v 0.01724430 -0.01236020 0.01766041
v 0.01733658 -0.01034648 0.01780673
v 0.01931885 -0.01044702 0.01746364
v 0.01935989 -0.00839076 0.01743315
v 0.01925389 -0.01248341 0.01741157
v 0.01738460 -0.00829602 0.01780033
v 0.01943820 -0.00636544 0.01753125
v 0.01744453 -0.00625544 0.01783499
v 0.02140985 -0.00645716 0.01715154
v 0.01942042 -0.00426035 0.01729781
v 0.01536629 -0.00816556 0.01801906
v 0.01540085 -0.00617255 0.01797184
v 0.01548127 -0.00611041 0.01796349
v 0.01335182 -0.00762242 0.01821680
v 0.01333906 -0.00802769 0.01820699
v 0.01296144 -0.00800132 0.01823876
v 0.01126872 -0.00945971 0.01837841
v 0.01130885 -0.00788736 0.01838467
v 0.01125711 -0.00993473 0.01837823
v 0.01087170 -0.00990270 0.01838688
v 0.00919418 -0.00976723 0.01844301
v 0.00924737 -0.00772106 0.01845446
v 0.01339925 -0.00598734 0.01824261
v 0.01719470 -0.01424154 0.01764752
v 0.01924075 -0.01282551 0.01739529
v 0.01985366 -0.01251074 0.01729339
v 0.02122297 -0.01257300 0.01702298
v 0.02125522 -0.01176851 0.01706581
v 0.02317794 -0.01265086 0.01658568
v 0.02321761 -0.01130357 0.01660895
v 0.02324237 -0.01061403 0.01663592
v 0.02412201 -0.01066239 0.01650113
v 0.01917229 -0.01450600 0.01730212
v 0.02527605 -0.00866691 0.01629812
v 0.02332043 -0.00858850 0.01673316
v 0.02525067 -0.01003529 0.01632493
v 0.02725020 -0.00876070 0.01592701
v 0.02730650 -0.00671711 0.01594917
v 0.02724084 -0.00925457 0.01593601
v 0.02720146 -0.01081057 0.01593092
v 0.02890742 -0.00882664 0.01555598
v 0.02535034 -0.00663826 0.01638237
v 0.01327608 -0.01006574 0.01816180
v 0.02130343 -0.01054947 0.01712850
v 0.01320522 -0.01209724 0.01808936
v 0.01743739 -0.00486463 0.01769634
v 0.02523646 -0.01072438 0.01633362
v 0.01105976 -0.01395155 0.01804148
v 0.01100520 -0.01599658 0.01802531
v 0.01699367 -0.01439337 0.01766925
v 0.01790064 -0.04689550 0.01566780
v 0.01540179 -0.00610470 0.01796945
v 0.01959814 0.00447321 0.01717988
v 0.01963906 0.00600979 0.01719175
v 0.01899939 0.00400234 0.01724010
v 0.01756592 0.00409544 0.01739340
v 0.01751361 0.00261961 0.01733798
v 0.01299555 -0.01819416 0.01788221
v 0.01088495 -0.02007741 0.01795459
v -0.01699257 -0.00393320 0.02111930
v 0.00013602 0.04228539 0.01880004
v 0.01979974 0.01214738 0.01722991
v 0.01362944 0.00845387 0.01783221
v 0.01548132 0.00219060 0.01755548
v 0.01763054 0.00613211 0.01744429
v 0.00524450 -0.00330750 0.01866418
v 0.01342062 0.00026592 0.01780005
v -0.00046098 -0.05391930 0.01764561
v 0.00728322 -0.00446227 0.01859880
v 0.00931006 -0.00568278 0.01849866
v 0.01570909 0.01056729 0.01763620
v 0.01136107 -0.00584039 0.01839278
v -0.01625480 0.01844791 0.02177194
v 0.01694544 0.00210009 0.01737763
v 0.01460564 0.05295641 0.01747004
v 0.01144771 -0.00167057 0.01806363
v 0.02539184 -0.00458238 0.01635345
v 0.02738182 -0.00259898 0.01586487
v 0.02354296 0.00376873 0.01646844
v 0.00726569 -0.00553068 0.01862749
v 0.02144032 -0.00439212 0.01708456
v 0.01430435 0.00021213 0.01768876
v 0.02752545 0.00564310 0.01567211
v -0.00025275 0.04028211 0.01872643
v 0.01803710 0.02251722 0.01747037
v 0.03397941 0.04254642 0.01329508
v 0.03505819 0.00138937 0.01327637
v 0.03140969 0.00341837 0.01488095
v 0.00785566 0.02944918 0.01804418
v 0.01662379 0.05350036 0.01719523
v 0.03320201 -0.00040105 0.01420159
v 0.02744276 -0.00055925 0.01590307
v 0.02932070 -0.00266349 0.01537209
v 0.00568934 0.04599420 0.01837882
v 0.03495155 -0.00688343 0.01359680
v 0.03124194 -0.00480369 0.01499051
v 0.01531585 -0.01021402 0.01801711
v 0.02142421 0.05732465 0.01654504
v 0.01713868 -0.01645317 0.01764014
v 0.03310221 -0.00815335 0.01450228
v 0.02995463 0.02398450 0.01532224
v 0.03486684 -0.01099375 0.01364866
v 0.02709996 -0.01490696 0.01592489
v 0.02711146 -0.01282617 0.01579247
v 0.02914213 -0.01087656 0.01544429
v 0.03360486 0.00755130 0.01386120
v 0.03512392 0.00622112 0.01310088
v 0.03298015 -0.01306292 0.01449367
v 0.03478946 -0.01511018 0.01372588
v 0.02014651 -0.04303423 0.01589007
v 0.03459585 -0.02331076 0.01374620
v 0.03086471 -0.02121315 0.01506562
v 0.02889600 -0.02321421 0.01562760
v 0.03072864 -0.02652837 0.01504302
v 0.02690215 -0.02728472 0.01627491
v 0.02476740 -0.03123825 0.01643605
v 0.03251683 -0.03149123 0.01444381
v 0.03258923 -0.02946101 0.01452153
v 0.03447432 -0.02948085 0.01384312
v 0.03439546 -0.03150571 0.01374312
v 0.03452133 -0.02742955 0.01383325
v 0.03066499 -0.02940866 0.01506486
v -0.00914025 -0.01054260 0.01999835
v 0.02656395 -0.03536526 0.01579633
v 0.03245169 -0.03352747 0.01439113
v 0.01286669 0.06164959 0.01792865
v -0.01866198 0.01053991 0.02133725
v 0.00485271 -0.01552420 0.01834488
v 0.03048677 0.05489768 0.01457696
v 0.00696717 -0.01364416 0.01828580
v -0.00401229 0.01368295 0.01982708
v 0.00687568 -0.01565853 0.01814221
v 0.00478240 -0.01755616 0.01827435
v 0.00694795 -0.01566392 0.01813773
v 0.00846805 -0.01374868 0.01815804
v 0.00900273 -0.01378894 0.01812661
v 0.00903248 -0.01303823 0.01816541
v 0.00909171 -0.01177248 0.01826153
v 0.00687358 -0.01573731 0.01814162
v 0.01235013 0.04254125 0.01775473
v -0.00355686 0.00347348 0.01937559
v -0.00480947 0.00236428 0.01947171
v -0.00266355 0.00491581 0.01946376
v 0.00493191 -0.01756709 0.01826405
v -0.01977191 0.05590349 0.02090428
v -0.00227334 0.00539448 0.01946586
v -0.00064189 0.00530527 0.01921357
v -0.00057202 0.00684897 0.01932278
v 0.00142750 0.00722273 0.01899899
v 0.00005165 0.00729013 0.01924819
v 0.00145159 0.00800981 0.01901564
v 0.00341637 0.00711672 0.01867866
v 0.00546396 0.00905229 0.01838885
v 0.03281070 -0.01919322 0.01442525
v -0.02670889 -0.03783443 0.02041994
v -0.00708832 -0.00831623 0.01969932
v -0.00699169 -0.00451020 0.01971277
v -0.01873277 0.00641802 0.02143719
v -0.01156192 -0.02679991 0.02020206
v 0.00683792 -0.01771752 0.01818404
v 0.01116459 -0.01194825 0.01823111
v -0.03031214 -0.03730956 0.01945332
v 0.00067183 -0.00292335 0.01874799
v 0.00110214 -0.00258086 0.01870569
v 0.02488041 -0.02715142 0.01648181
v 0.00692772 0.06636629 0.01862093
v 0.01462041 0.05361842 0.01746548
v 0.01257722 0.05376954 0.01759837
v 0.01461563 0.05571272 0.01727692
v 0.00220142 0.06886528 0.01848151
v 0.00057614 -0.01116717 0.01892922
v 0.02902100 -0.01747920 0.01557821
v 0.02901381 -0.01913135 0.01568989
v -0.00483802 0.00151795 0.01944483
v -0.00687940 -0.00042277 0.01975604
v -0.00684998 0.00101119 0.01973749
v 0.01416425 0.03309383 0.01761243
v 0.03187463 0.02393567 0.01476429
v -0.01882660 0.00440559 0.02128552
v -0.01664999 0.00623404 0.02144089
v -0.01698402 0.00423748 0.02131363
v -0.01670877 0.00477197 0.02136247
v -0.01543607 0.00615205 0.02132571
v -0.01453823 0.00811632 0.02137253
v -0.01457786 0.00715281 0.02131780
v -0.01328521 0.00805194 0.02115952
v -0.01255611 0.00801591 0.02102892
v -0.01462160 0.00609521 0.02125693
v -0.01838072 0.00231923 0.02125683
v -0.01888339 0.00236241 0.02126165
v -0.00787470 -0.04558372 0.02010782
v -0.01254410 0.00842915 0.02103551
v -0.01061164 0.00794676 0.02055538
v -0.01892126 0.00146350 0.02120757
v -0.00334476 0.06507846 0.01926242
v -0.01678890 0.00216870 0.02130580
v -0.01895516 0.00033166 0.02118612
v -0.01686980 0.00014554 0.02119873
v -0.01480666 0.00206819 0.02096257
v -0.01472340 0.00408939 0.02107779
v -0.01962367 0.00039724 0.02115457
v 0.02229037 -0.04117860 0.01593245
v 0.03502323 0.02400906 0.01313595
v -0.02894306 0.04061422 0.01936765
v -0.03004986 0.04080382 0.01893885
v -0.03079382 0.03886968 0.01868906
v 0.00760172 0.01091298 0.01841021
v 0.03368162 -0.00069671 0.01399145
v -0.03134703 0.04315522 0.01808358
v -0.01265853 0.00601061 0.02084761
v 0.00706863 -0.01163807 0.01846382
v -0.01673090 0.00421088 0.02133380
v -0.01568842 0.05769399 0.02045647
v -0.00055247 0.00732136 0.01935002
v 0.00072872 0.05045660 0.01875306
v 0.03209232 0.03629692 0.01448287
v 0.02336843 -0.00653803 0.01672671
v -0.00420443 0.02909624 0.01931725
v -0.02097345 0.00255244 0.02123280
v 0.00197709 0.03603109 0.01848603
v 0.00403812 0.03795550 0.01824259
v -0.00041145 -0.05193667 0.01795393
v 0.00438401 0.05021031 0.01840354
v -0.00221658 0.03015139 0.01889789
v 0.02705481 -0.01798732 0.01602577
v -0.01802768 0.03147610 0.02175890
v -0.00427503 0.02613451 0.01932230
v -0.00629732 0.01581661 0.02038777
v 0.02103501 -0.02088985 0.01707197
v 0.01051938 0.05184248 0.01785280
v -0.01659072 0.00827515 0.02147333
v -0.01196111 0.03887689 0.02050055
v 0.02399861 0.02011309 0.01666389
v 0.02601154 0.02207742 0.01625454
v 0.02594374 0.02004338 0.01619269
v 0.02393470 0.01807582 0.01661547
v -0.01056739 0.00905684 0.02061367
v 0.03227791 0.04868483 0.01409067
v -0.00098384 -0.00695282 0.01906623
v 0.02447153 0.04689476 0.01605850
v -0.00165892 -0.03565698 0.01914617
v 0.01702198 0.06780208 0.01736454
v 0.03165902 0.01575335 0.01470870
v 0.00192081 0.03398748 0.01846394
v 0.00060405 0.06070978 0.01886615
v -0.00119612 -0.01304757 0.01885005
v 0.02828368 0.04230784 0.01521799
v 0.00956973 0.00873396 0.01818999
v 0.01187298 -0.04861710 0.01659016
v -0.00275402 0.00342329 0.01928065
v 0.02562857 -0.04922095 0.01377345
v 0.01541279 -0.00402351 0.01783532
v 0.01510201 -0.01618787 0.01778567
v -0.00970473 -0.03607000 0.02019084
v -0.00846539 -0.03524834 0.02002937
v -0.00968215 -0.03517667 0.02019368
v -0.00763013 -0.03324478 0.01991914
v -0.00964293 -0.03311890 0.02015689
v -0.01165782 -0.03508162 0.02055953
v -0.02226915 0.03552826 0.02119141
v 0.00249104 -0.02848929 0.01848045
v 0.03393515 0.04049283 0.01331445
v 0.00692692 0.06627454 0.01862578
v -0.00583070 0.02826725 0.01958909
v 0.00245198 -0.00101444 0.01869142
v 0.01480284 0.05973795 0.01757869
v 0.01469437 0.05773768 0.01737649
v 0.01272198 0.05783001 0.01775367
v 0.01672365 0.05759811 0.01719563
v 0.00516614 -0.00742311 0.01873800
v -0.02248200 -0.04032673 0.02073240
v 0.03148993 0.00859766 0.01472592
v 0.02734665 -0.00466012 0.01591564
v 0.01087512 -0.02055246 0.01796045
v -0.00759302 -0.03118526 0.01987509
v 0.00840261 0.04787402 0.01807600
v -0.02194355 -0.03635844 0.02115526
v 0.00845375 -0.03423646 0.01795329
v -0.00031526 0.01638585 0.01940602
v 0.00242980 -0.03178048 0.01854430
v 0.01095648 -0.01804646 0.01802930
v 0.01894051 -0.02476522 0.01736281
v 0.01002382 -0.04653675 0.01722046
v 0.00894261 -0.01582936 0.01809127
v 0.01958437 0.00396487 0.01717513
v 0.02599509 0.02418142 0.01602566
v 0.02279200 0.05928593 0.01641364
v 0.02273982 0.05805188 0.01633875
v 0.02473243 0.05922014 0.01592617
v -0.03103198 0.04516938 0.01813677
v 0.02954452 0.00760234 0.01528390
v 0.00715412 -0.00961871 0.01858668
v 0.01770300 -0.04882174 0.01515794
v 0.01983537 -0.04695656 0.01516067
v 0.01965544 -0.04889751 0.01471192
v 0.01747178 -0.05072009 0.01453220
v -0.03134733 0.04420512 0.01799613
v -0.01012320 0.02426389 0.02086399
v -0.00798079 0.04075306 0.01969673
v 0.02514772 -0.01274102 0.01619949
v 0.00962477 0.01077859 0.01820782
v 0.02453355 0.05102393 0.01592833
v -0.02989125 -0.03536756 0.01979864
v -0.02501071 0.01535589 0.02063551
v 0.00165272 0.01748741 0.01891562
v -0.01613052 0.02252539 0.02185659
v -0.02437527 0.03808189 0.02091368
v 0.00688994 0.06430732 0.01866267
v 0.01842956 -0.03897332 0.01680444
v -0.00321373 -0.01291769 0.01907119
v 0.00275251 0.06883260 0.01840813
v 0.02244134 -0.03921361 0.01628126
v 0.02451953 -0.03730345 0.01609707
v 0.02254931 -0.03721292 0.01648171
v 0.02030049 -0.04107174 0.01624927
v 0.02843273 0.04878680 0.01518871
v 0.03040191 0.04869713 0.01480046
v 0.03042007 0.05077239 0.01469102
v 0.01638922 0.04324346 0.01724631
v 0.02844947 0.05081043 0.01507871
v 0.02648889 0.05036625 0.01554003
v 0.02844983 0.05086293 0.01507561
v 0.02717940 -0.03742749 0.01558620
v 0.03091129 -0.01916148 0.01505424
v 0.00487334 0.06652669 0.01871521
v -0.02734314 0.01956730 0.01945588
v 0.00372868 0.02528802 0.01823894
v 0.01433679 0.04131191 0.01751941
v 0.03170532 -0.04754011 0.01302046
v -0.02038466 0.02296691 0.02154350
v 0.01834802 0.03857712 0.01719977
v 0.00543717 0.00698420 0.01846852
v -0.02522151 0.00716957 0.02059652
v -0.01964448 -0.02627034 0.02104484
v 0.00389614 0.03180238 0.01826898
v 0.00727524 -0.05948803 0.01604634
v 0.00536131 -0.05940197 0.01662173
v 0.00533707 -0.06036839 0.01661933
v 0.00371759 -0.06028333 0.01688602
v 0.00530775 -0.06243437 0.01669023
v 0.00719710 -0.06245776 0.01602654
v 0.00529401 -0.06451330 0.01681493
v 0.00716658 -0.06452275 0.01609332
v 0.00526567 -0.06658010 0.01688924
v 0.00324678 -0.06644916 0.01710595
v 0.00310923 -0.06842529 0.01680344
v 0.00477906 -0.06855530 0.01672512
v 0.00410914 -0.07049124 0.01645343
v 0.00516741 -0.06858885 0.01672230
v 0.00297004 -0.07040006 0.01649528
v 0.00359921 -0.07243108 0.01613444
v 0.00282846 -0.07237284 0.01617886
v 0.00274329 -0.07393877 0.01601970
v 0.00490508 -0.07255171 0.01616131
v 0.00272186 -0.07437466 0.01598310
v 0.00478305 -0.07454073 0.01591235
v 0.00254288 -0.07631639 0.01553763
v 0.00504541 -0.07057789 0.01647342
v 0.00087288 -0.07020413 0.01644193
v 0.00520906 -0.06775060 0.01679413
v 0.00711342 -0.06656895 0.01608200
v 0.00102463 -0.06823980 0.01679345
v 0.00332557 -0.06442425 0.01720575
v 0.00334403 -0.06049093 0.01694433
v 0.00625440 -0.04022669 0.01806363
v 0.01800310 0.02142019 0.01744568
v 0.00332064 -0.06232982 0.01701662
v -0.00781533 -0.04145235 0.01996850
v 0.00133392 0.00521010 0.01884816
v 0.02665675 0.05916772 0.01538312
v 0.01624587 0.03500114 0.01744006
v -0.02140326 0.02517899 0.02122193
v -0.01514866 -0.01228019 0.02098717
v 0.02264639 -0.03520320 0.01664462
v 0.02057421 -0.03711834 0.01684955
v -0.02895490 0.03853373 0.01949887
v 0.01261874 0.05582540 0.01756953
v 0.00885098 -0.01993394 0.01811926
v 0.00879548 -0.02197819 0.01809985
v -0.00766463 -0.03472164 0.01992404
v 0.01070919 -0.02620247 0.01786439
v 0.02148775 -0.00234117 0.01707612
v 0.00590644 0.02958823 0.01819472
v -0.00215886 0.03219381 0.01892494
v 0.01226184 0.03939906 0.01771481
v 0.01429511 0.03925618 0.01754771
v 0.03168783 0.01781977 0.01463602
v -0.02436825 -0.04216157 0.02048804
v 0.03434776 -0.03355644 0.01375062
v 0.01230250 0.01675315 0.01797478
v 0.02622642 0.03414682 0.01598763
v -0.01365327 -0.03726986 0.02104646
v -0.01263548 -0.03709908 0.02079259
v 0.00874267 -0.02402468 0.01808973
v 0.00050708 0.05660964 0.01887572
v -0.02048430 0.05184729 0.02096117
v 0.00410895 0.03998702 0.01831492
v -0.01163972 -0.03300631 0.02044990
v 0.02649756 0.05093856 0.01552222
v 0.00275789 -0.01742056 0.01847172
v 0.01902179 -0.02274237 0.01747117
v 0.01695069 -0.02465842 0.01767985
v 0.01702358 -0.02280471 0.01777377
v 0.02614004 0.03033207 0.01600952
v 0.02476551 0.06337334 0.01569612
v 0.02476606 0.06546322 0.01552594
v 0.02280002 0.06535391 0.01594119
v 0.02672281 0.06538387 0.01509481
v 0.02672514 0.06329160 0.01527493
v -0.00538862 0.06394969 0.01949839
v 0.01073083 0.05793792 0.01806612
v -0.01202618 -0.04731778 0.02032108
v -0.01725312 -0.01625887 0.02125283
v -0.00624322 0.02204269 0.02005814
v 0.02807735 0.02817853 0.01568340
v 0.00249743 0.05441206 0.01873262
v -0.02291587 0.01307155 0.02085295
v 0.03035215 0.04664811 0.01480087
v 0.01999302 -0.04499713 0.01553256
v -0.00809843 0.02830873 0.02032337
v 0.01686041 -0.02667379 0.01754044
v -0.00234681 0.02189819 0.01913689
v -0.00429201 0.02196795 0.01960788
v -0.00231820 0.02396477 0.01906352
v 0.02341477 0.06552234 0.01580355
v 0.00165368 0.02166727 0.01857476
v 0.00164362 0.01681082 0.01894056
v 0.01146928 0.00452144 0.01790567
v -0.01273717 0.00398557 0.02074836
v 0.00021456 -0.04193818 0.01894397
v -0.00723391 -0.01476076 0.01973747
v 0.02117604 -0.01462436 0.01703313
v 0.02426384 0.03452520 0.01637443
v -0.00817052 0.02627825 0.02024674
v 0.03681933 0.02006085 0.01166537
v 0.03561670 -0.02743448 0.01340835
v -0.00171076 -0.03979460 0.01931147
v 0.03452605 -0.02704682 0.01381772
v 0.00115108 -0.06625445 0.01705768
v 0.02655762 -0.05210492 0.01009741
v 0.00399657 -0.00734594 0.01885743
v 0.02388970 0.01619065 0.01661847
v -0.01360608 -0.03082865 0.02067577
v 0.02066569 0.05323506 0.01677600
v -0.01250061 0.01006016 0.02104831
v -0.00586290 0.00157737 0.01958766
v -0.02180602 -0.02934125 0.02104271
v 0.01810537 0.02873154 0.01718965
v 0.00108855 -0.00294751 0.01868991
v -0.00796206 0.04491817 0.01941719
v -0.01188308 0.03045077 0.02145817
v 0.00611895 -0.00544535 0.01869966
v 0.02818852 -0.04353013 0.01490739
v -0.02845608 -0.02617462 0.01945760
v 0.00338462 -0.02772781 0.01840472
v 0.01797397 -0.05569327 0.00958444
v -0.02333084 -0.00539690 0.02096992
v -0.00624330 0.02114424 0.02013186
v -0.01304348 -0.00830211 0.02072401
v 0.02706638 -0.01696941 0.01598111
v 0.02447359 0.04898338 0.01589351
v 0.02511848 -0.01480708 0.01627071
v 0.03395316 0.04122740 0.01331490
v 0.02476725 0.06128156 0.01587424
v -0.01375268 0.01826170 0.02161457
v 0.00840469 0.04799424 0.01807313
v -0.01602778 0.02574986 0.02193859
v 0.00215735 -0.04614247 0.01860370
v 0.02439448 0.04178267 0.01621876
v -0.01789448 0.04622572 0.02099508
v 0.00558622 -0.05430425 0.01696272
v 0.00743341 -0.05638297 0.01632566
v -0.02369931 -0.01578531 0.02057897
v -0.00624647 0.02413573 0.01987483
v -0.02444168 0.04608688 0.02072196
v -0.00351661 -0.02729855 0.01923075
v -0.00359734 -0.02932185 0.01912429
v -0.01141948 0.06753904 0.01997273
v -0.01342516 0.06658202 0.02032372
v -0.01341671 0.06571447 0.02042372
v -0.01512261 0.06581965 0.02063222
v -0.01543982 0.06552286 0.02065273
v -0.01342948 0.06781541 0.02020754
v -0.01542672 0.06583804 0.02067108
v -0.01683902 0.06390919 0.02066995
v -0.01754299 0.06395950 0.02072390
v -0.01755970 0.06326735 0.02072437
v -0.01909075 0.06201175 0.02086596
v -0.01545128 0.06794877 0.02041423
v -0.01122907 0.06767712 0.01995077
v -0.01141847 0.06769102 0.01996361
v -0.01170709 -0.03698931 0.02054994
v -0.00375609 -0.03964171 0.01943699
v 0.02197717 0.01815580 0.01704394
v -0.01595484 0.04955386 0.02022554
v -0.01022664 0.01807877 0.02102336
v -0.02230984 -0.04441565 0.02057976
v 0.01086573 0.06200658 0.01818743
v -0.01802338 -0.03262628 0.02129317
v 0.02795658 0.02200780 0.01578296
v 0.01179153 0.01470555 0.01815712
v 0.02460817 -0.03528672 0.01623082
v 0.02649375 -0.03739730 0.01572621
v -0.03091396 -0.02464004 0.01807407
v -0.03091940 -0.02571735 0.01814435
v -0.01318279 -0.01445744 0.02075960
v -0.00441531 0.01370898 0.01987083
v -0.00370096 0.05492254 0.01889380
v -0.00533167 0.04474739 0.01913566
v 0.01637688 0.04116337 0.01737582
v -0.02733867 0.01574343 0.01978582
v 0.00474975 -0.01961939 0.01833381
v 0.01876014 -0.05337219 0.01205230
v 0.00677156 -0.02184308 0.01829924
v -0.01489847 0.00005409 0.02081788
v 0.03391227 0.03842149 0.01340762
v 0.01719022 -0.01440563 0.01764588
v 0.01189933 0.02506770 0.01766864
v 0.02087056 0.06526344 0.01647860
v -0.02104761 0.00052368 0.02114902
v 0.00035601 -0.03578462 0.01891576
v 0.00994958 0.02723157 0.01795184
v -0.01183814 -0.04329323 0.02062569
v 0.03230655 0.05075139 0.01401739
v -0.02731462 0.02814945 0.01937552
v 0.01239064 0.04556312 0.01764295
v -0.01705199 -0.00597420 0.02108638
v -0.01913644 -0.00760059 0.02122605
v -0.01932920 -0.00785606 0.02122045
v -0.01327050 0.05362394 0.01929801
v -0.00636984 -0.05155887 0.01863372
v 0.02865173 0.06532763 0.01456764
v 0.02270490 0.05726792 0.01628518
v -0.02412259 0.05224449 0.02060229
v -0.03060930 -0.02471453 0.01829578
v -0.01924153 -0.01406291 0.02140266
v 0.02457488 -0.05280117 0.01050450
v 0.00981927 0.01897844 0.01819057
v -0.01384293 0.03262302 0.02170652
v 0.02703508 -0.01903376 0.01604522
v 0.00982682 0.02106250 0.01804453
v -0.00610299 0.06321069 0.01952760
v 0.01924316 -0.00424974 0.01732096
v 0.00606552 0.03781749 0.01805524
v 0.03429153 -0.00895770 0.01396405
v -0.01791115 0.05172317 0.02048614
v 0.02672376 0.06120241 0.01544227
v 0.03562168 0.00554996 0.01279512
v -0.01902423 -0.00170133 0.02111989
v -0.01350237 0.06369526 0.02030023
v 0.03490220 -0.00953496 0.01364816
v 0.02635763 -0.05246164 0.00945038
v -0.01999237 0.04354453 0.02117616
v -0.01590300 0.03905915 0.02126488
v -0.02253716 0.02738945 0.02095501
v 0.00366190 0.01791110 0.01862039
v 0.00519265 -0.00638451 0.01874213
v -0.00994158 0.03247442 0.02080232
v -0.00801088 0.03450704 0.02010918
v -0.01537476 -0.03898464 0.02113275
v 0.00931574 -0.02201545 0.01806034
v -0.02728452 0.02405981 0.01928427
v -0.02569151 -0.01125320 0.02052365
v 0.02590149 0.01798813 0.01621897
v -0.01655898 0.01033913 0.02141076
v -0.00563142 -0.03335897 0.01963280
v 0.02053452 0.04820757 0.01674626
v 0.02646438 0.04887578 0.01557981
v -0.00353546 -0.02519256 0.01899360
v 0.01856887 -0.03699865 0.01711302
v 0.01939337 -0.05077024 0.01397973
v 0.02192810 0.01610622 0.01704670
v 0.02191573 0.01559422 0.01704704
v 0.03393240 0.03631445 0.01364916
v -0.00795986 0.03655501 0.02011315
v 0.00070861 -0.01726438 0.01858357
v 0.00310191 -0.01947479 0.01833536
v 0.00620440 -0.04227551 0.01806319
v 0.03491496 -0.00894338 0.01364264
v -0.00356001 0.05898618 0.01903597
v -0.00156733 -0.02946203 0.01894594
v 0.03503644 -0.00068290 0.01337341
v 0.03481800 -0.01304354 0.01365225
v -0.00604781 0.03442244 0.01969986
v -0.01859443 0.01257416 0.02139824
v -0.01596423 -0.04504837 0.02092657
v -0.01962500 0.06163243 0.02092951
v 0.02859706 0.05085615 0.01504694
v 0.02896405 -0.02118037 0.01569029
v 0.03267777 -0.02535386 0.01448287
v -0.00986157 0.05540165 0.01918537
v 0.01658652 0.05144097 0.01723873
v 0.03392937 0.03433923 0.01380150
v 0.01482810 -0.02653171 0.01771087
v -0.02796894 0.02621313 0.01909922
v 0.00148608 0.00926443 0.01902903
v 0.03264114 -0.02741378 0.01452857
v -0.02873925 0.05089667 0.01921044
v -0.01955049 -0.02007737 0.02085284
v -0.00405255 -0.04775690 0.01910243
v 0.01676105 -0.02868163 0.01736970
v 0.01596819 -0.02456679 0.01765563
v -0.01393273 0.04314925 0.02053622
v -0.00032492 -0.05194193 0.01794297
v 0.03385680 0.03219655 0.01373249
v -0.01452060 0.01019201 0.02126127
v 0.00237693 -0.03640434 0.01874614
v -0.02964161 0.04904002 0.01866520
v 0.02142251 -0.04509634 0.01540929
v -0.01187398 0.03253355 0.02131748
v -0.02222372 0.02324671 0.02099475
v 0.01136781 -0.00166531 0.01807182
v 0.02551406 -0.00042299 0.01642439
v -0.00954770 0.06141206 0.01975209
v -0.02320433 0.00076905 0.02089018
v -0.01590602 0.04533266 0.02073820
v -0.03135128 0.04524908 0.01789681
v -0.03135546 0.04734289 0.01771030
v -0.03129246 0.04938091 0.01775559
v 0.02245248 0.04075483 0.01679094
v -0.02847626 -0.02511871 0.01930242
v -0.02234602 0.03350175 0.02109828
v 0.03454276 -0.02535701 0.01373511
v 0.01425295 0.03720085 0.01757432
v -0.01785631 0.01250486 0.02141860
v 0.03265534 -0.02646929 0.01449885
v 0.02471678 0.05868236 0.01591751
v -0.00080160 -0.06199782 0.01715867
v 0.00114206 -0.06217288 0.01717777
v -0.00003933 -0.06409636 0.01705731
v 0.01725929 -0.02264597 0.01774365
v 0.00129047 -0.06218952 0.01719445
v 0.02339563 0.01604596 0.01672684
v 0.01555860 -0.05067692 0.01511368
v 0.02633204 0.04196528 0.01570117
v 0.02218294 0.03052696 0.01672139
v -0.03027908 0.04710330 0.01838392
v 0.03248955 0.02602298 0.01435485
v 0.00125039 -0.06424657 0.01722823
v 0.02818087 0.03436358 0.01552431
v -0.03090562 -0.02673730 0.01827493
v 0.03508748 -0.04725764 0.01032479
v 0.00281049 0.01742136 0.01874930
v 0.02940189 0.00144977 0.01530803
v 0.02278232 -0.02904505 0.01659735
v -0.02769065 -0.01502435 0.01978164
v -0.02924870 0.03041632 0.01917352
v -0.00591345 0.04685289 0.01913091
v 0.02349608 -0.04983732 0.01366753
v -0.00818526 0.02420015 0.02036797
v 0.02388568 0.01602618 0.01661843
v -0.01551302 0.06381936 0.02054538
v -0.00428486 0.02405234 0.01946048
v -0.02421627 0.04650722 0.02075778
v 0.00166214 0.01956992 0.01877603
v -0.02985696 0.03255298 0.01903475
v 0.00843157 -0.03630838 0.01804884
v 0.00550152 0.01036247 0.01840803
v -0.03412038 -0.03829479 0.01604556
v 0.01603828 0.02681217 0.01741214
v -0.00358540 -0.03142210 0.01933757
v 0.02477757 0.06599116 0.01552140
v 0.01169792 0.01269293 0.01800623
v -0.02126942 -0.00974382 0.02124414
v 0.00624892 -0.06859108 0.01629052
v 0.03455748 0.04051268 0.01296778
v -0.02253441 0.03150042 0.02093368
v -0.01364594 -0.03706656 0.02105451
v 0.01230733 0.04145162 0.01769969
v -0.00009207 0.03411343 0.01870141
v 0.03371267 0.02525780 0.01381625
v 0.02448757 0.04945875 0.01590167
v 0.01713912 -0.05253422 0.01355645
v 0.01679487 -0.05386977 0.01250213
v -0.02059222 -0.02822209 0.02096023
v 0.03238995 0.05853627 0.01365856
v 0.03379584 0.05702350 0.01288710
v 0.02417341 0.03041961 0.01640660
v -0.00398318 0.06511134 0.01937060
v -0.03372581 -0.03577845 0.01653670
v -0.02017238 -0.04464503 0.02077216
v 0.01528138 -0.05253708 0.01432922
v -0.01402095 0.05319039 0.01941118
v 0.01068056 -0.02826904 0.01793770
v -0.00558315 -0.02921838 0.01945515
v -0.02688613 0.04028965 0.02003542
v 0.00477813 -0.01771502 0.01827302
v -0.01290612 -0.00230458 0.02069479
v -0.02507466 0.01331865 0.02058694
v 0.00752050 0.00889008 0.01830206
v -0.02920298 0.05098159 0.01900528
v 0.00749473 -0.02392337 0.01812900
v -0.02629083 -0.03583959 0.02052081
v -0.02922187 0.03448977 0.01931674
v -0.02599746 -0.02135946 0.01990371
v 0.03235371 0.05698323 0.01366385
v 0.02848950 0.05292033 0.01504041
v 0.00466174 0.05426535 0.01852971
v -0.02902874 0.03650470 0.01941618
v -0.00579051 0.05302182 0.01903881
v -0.02210074 0.04165943 0.02125623
v -0.01864616 0.01120896 0.02133568
v 0.02406234 0.02477117 0.01649596
v -0.01361000 -0.03500607 0.02100644
v -0.02205150 -0.03835915 0.02095489
v 0.00877784 -0.02255103 0.01808736
v -0.01388822 0.03684130 0.02120606
v -0.01392292 0.03896044 0.02091424
v -0.00558610 -0.03130626 0.01961708
v 0.02970896 0.01373681 0.01533502
v -0.02373385 0.05626804 0.02082950
v 0.00188619 0.03280393 0.01844427
v -0.01069359 0.00592446 0.02044474
v -0.02511157 0.01125896 0.02063170
v -0.02912182 -0.02714015 0.01941820
v -0.02269528 0.02210072 0.02085566
v -0.02676249 -0.04380931 0.01958172
v -0.01976320 -0.03453310 0.02132356
v 0.02675270 0.06660088 0.01509570
v -0.02350714 -0.04225402 0.02056574
v -0.02191424 0.05195625 0.02103927
v 0.03027033 -0.04162298 0.01473565
v 0.00525082 -0.00122242 0.01851391
v -0.02847645 -0.03557022 0.02016223
v -0.01788944 0.04543415 0.02107730
v 0.02533600 -0.05256342 0.01034113
v -0.02168639 -0.02193962 0.02083794
v 0.02171556 0.00792135 0.01700170
v -0.01967778 -0.02699080 0.02099150
v 0.01464799 -0.03265317 0.01760568
v 0.03237945 -0.03555783 0.01431397
v -0.00338868 0.05489848 0.01887799
v 0.03428064 -0.03559105 0.01369113
v -0.00950887 -0.02486888 0.01993111
v -0.01356652 -0.02877117 0.02064020
v 0.01866135 0.05335392 0.01704292
v -0.00196828 0.04039690 0.01889418
v 0.02148260 -0.00256567 0.01707718
v 0.00006842 0.04060104 0.01871010
v -0.03073280 -0.03315179 0.01938753
v -0.02843697 -0.02306100 0.01926591
v -0.02397364 -0.03203753 0.02098916
v 0.02316741 -0.01473245 0.01672144
v 0.00510689 0.06445291 0.01871491
v 0.01040595 0.04775599 0.01780561
v 0.00977552 -0.01182826 0.01824122
v 0.00720863 -0.00757364 0.01860269
v 0.00893027 0.06415858 0.01851994
v 0.00681303 -0.01978718 0.01827023
v 0.00667994 -0.02385734 0.01815519
v -0.01740681 -0.00595061 0.02112181
v 0.00807285 0.03769615 0.01779863
v 0.02157025 0.00386133 0.01684451
v -0.00696257 -0.00244405 0.01964118
v -0.00704168 -0.00655903 0.01971238
v 0.02470191 -0.03327421 0.01638216
v 0.02516945 -0.01893403 0.01634437
v -0.01693268 -0.00189259 0.02115385
v 0.02537582 -0.02718520 0.01643629
v 0.00890953 -0.01789222 0.01814919
v -0.01494285 -0.00199940 0.02083686
v 0.02136448 -0.00850982 0.01716708
v 0.02044397 -0.03910054 0.01657225
v 0.02210249 -0.04316064 0.01567800
v 0.01551315 0.05356405 0.01735325
v 0.02930499 -0.00474078 0.01548997
v 0.02926991 -0.00680199 0.01554103
v 0.02758831 -0.04930279 0.01335265
v 0.02137894 -0.04704752 0.01495241
v -0.02823590 -0.01695694 0.01944342
v 0.03333986 0.00778385 0.01399396
v 0.02696224 -0.02524428 0.01631017
v 0.02920495 -0.00883839 0.01548898
v 0.01942081 -0.00416058 0.01729093
v -0.00933603 -0.01874138 0.02001121
v 0.00335107 -0.06026476 0.01694955
v 0.00129206 -0.06197419 0.01718211
v 0.00446259 0.00506825 -0.01994817
v 0.00653501 0.00489286 -0.01998018
v 0.00440397 0.00302658 -0.01997833
v 0.00653856 0.00698025 -0.02014004
v 0.00646283 0.00286246 -0.02005714
v 0.00233429 0.00110936 -0.01976477
v 0.00448983 0.00713596 -0.02002627
v 0.00656302 0.00905028 -0.02022774
v 0.00449635 0.00881493 -0.02014245
v 0.00265775 0.00728658 -0.01997736
v 0.00861579 0.00889120 -0.02032755
v 0.00222962 -0.00089407 -0.01995384
v 0.00300728 -0.00096807 -0.01992777
v 0.00497610 0.00918239 -0.02019307
v 0.00657404 0.01059073 -0.02031729
v 0.00658280 0.01112419 -0.02033158
v 0.00860493 0.00680989 -0.02019295
v 0.00233554 0.00319866 -0.01993254
v 0.00012164 -0.00068915 -0.02004452
v 0.00007399 -0.00273993 -0.02003683
v 0.00179618 -0.00289084 -0.02003944
v 0.00008615 -0.00425146 -0.01987126
v -0.00058715 -0.00478507 -0.01980452
v -0.00198865 -0.00466299 -0.01979898
v 0.00009645 -0.00484891 -0.01978723
v 0.00215890 -0.00292568 -0.02002577
v -0.00198397 -0.00257655 -0.01995492
v 0.00240202 0.00685000 -0.02000830
v -0.00195597 -0.00562286 -0.01960942
v 0.00867495 0.01093242 -0.02029554
v 0.00217558 -0.00502986 -0.01979612
v 0.00427995 -0.00314144 -0.01989000
v 0.00428384 -0.00523501 -0.01970448
v 0.00218989 -0.00713208 -0.01957463
v 0.00408539 -0.00728821 -0.01962383
v 0.00219205 -0.00877254 -0.01943228
v 0.00165471 -0.00918129 -0.01937491
v 0.00011591 -0.00904573 -0.01937590
v 0.00010059 -0.01070485 -0.01929112
v 0.00425411 -0.00730066 -0.01963495
v -0.00029504 -0.01108607 -0.01926819
v -0.00197781 -0.01094299 -0.01924529
v -0.00185451 -0.01300036 -0.01927686
v -0.00190733 -0.00891119 -0.01917417
v -0.00407199 -0.01074955 -0.01928832
v -0.00412261 -0.01279785 -0.01929090
v -0.00623083 -0.01259275 -0.01938239
v -0.00609959 -0.01061138 -0.01910166
v -0.00827400 -0.01244165 -0.01924944
v -0.00843920 -0.01439482 -0.01964738
v -0.00815578 -0.01057200 -0.01900352
v -0.00893987 -0.01239073 -0.01921392
v -0.00810369 -0.01045883 -0.01899139
v -0.00599628 -0.00860682 -0.01891728
v -0.00714638 -0.00852989 -0.01880467
v -0.00803027 -0.00846334 -0.01875265
v -0.00596498 -0.00654248 -0.01898136
v -0.00923245 -0.01433585 -0.01959717
v -0.00633637 -0.01459545 -0.01957448
v -0.00396690 -0.00874647 -0.01909780
v -0.00598141 -0.00769702 -0.01894189
v -0.00203836 -0.01298306 -0.01928211
v -0.00798326 -0.00641204 -0.01876254
v -0.00599644 -0.00442602 -0.01926203
v -0.00798653 -0.00431899 -0.01894592
v -0.01003848 -0.00625094 -0.01867115
v -0.01001863 -0.00417708 -0.01877478
v -0.00797305 -0.00223985 -0.01907150
v -0.01000779 -0.00316433 -0.01882148
v -0.00853066 -0.00220230 -0.01901808
v -0.01140858 -0.00408449 -0.01863693
v -0.01213355 -0.00548665 -0.01876422
v -0.01204418 -0.00404062 -0.01858102
v -0.01237430 -0.00601323 -0.01882116
v -0.01421695 -0.00587225 -0.01872314
v -0.01417435 -0.00792166 -0.01875869
v -0.01409344 -0.00388446 -0.01846908
v -0.01621398 -0.00575946 -0.01843098
v -0.01610457 -0.00375997 -0.01822557
v -0.01401482 -0.00185941 -0.01836987
v -0.01816356 -0.00568607 -0.01797511
v -0.01825533 -0.00770020 -0.01811967
v -0.02024511 -0.00759344 -0.01780248
v -0.02014669 -0.00558482 -0.01763497
v -0.02235034 -0.00739081 -0.01788368
v -0.02225432 -0.00538021 -0.01772443
v -0.02405724 -0.00724393 -0.01786860
v -0.02036623 -0.00958321 -0.01804830
v -0.01838759 -0.00968073 -0.01840394
v -0.02243698 -0.00940921 -0.01801050
v -0.02444847 -0.00780451 -0.01789011
v -0.02043043 -0.01162023 -0.01809775
v -0.01809589 -0.00365192 -0.01791370
v -0.01848763 -0.01168800 -0.01857701
v -0.01641193 -0.00977577 -0.01876982
v -0.01759775 -0.01174282 -0.01868602
v -0.01851250 -0.01247261 -0.01859652
v -0.02277322 -0.00532294 -0.01777848
v -0.02439825 -0.00514544 -0.01793916
v -0.02215553 -0.00337189 -0.01755567
v -0.02426315 -0.00316729 -0.01764507
v -0.02202150 -0.00139284 -0.01726530
v -0.02414764 -0.00117285 -0.01741863
v -0.02186665 0.00056892 -0.01690307
v -0.02637168 -0.00296192 -0.01773766
v -0.02628888 -0.00094033 -0.01762405
v -0.02802971 -0.00280558 -0.01778652
v -0.02100992 -0.00146137 -0.01736031
v -0.02058779 0.00048060 -0.01701536
v -0.01201116 -0.00197770 -0.01863917
v -0.01628921 -0.00778733 -0.01851848
v -0.00600039 -0.00233241 -0.01944774
v -0.01644474 -0.01080973 -0.01879566
v -0.02691671 -0.00088043 -0.01764584
v -0.02613836 0.00102502 -0.01727676
v -0.02843825 -0.00070106 -0.01785755
v -0.02835430 0.00131957 -0.01773995
v -0.01011944 -0.00827406 -0.01877840
v -0.02046992 -0.01288102 -0.01812751
v -0.02847483 -0.00276102 -0.01781168
v -0.03043360 -0.00267999 -0.01738750
v -0.03039843 -0.00329533 -0.01721788
v -0.03214239 -0.00270547 -0.01657052
v -0.03033547 -0.00485181 -0.01687680
v -0.02843479 -0.00488460 -0.01750140
v -0.03033423 -0.00694317 -0.01670042
v -0.03222268 -0.00692054 -0.01603360
v -0.02843965 -0.00697089 -0.01734611
v -0.03226337 -0.00897708 -0.01600194
v -0.03219906 -0.00484981 -0.01612421
v -0.03036240 -0.00901011 -0.01662554
v -0.01647207 -0.01181617 -0.01880524
v -0.01542329 -0.00984350 -0.01885918
v -0.02644524 -0.00499118 -0.01781938
v -0.03056289 -0.00048232 -0.01800571
v -0.01984621 0.00043669 -0.01711444
v -0.01999823 -0.00152741 -0.01746692
v -0.01788443 0.00035318 -0.01752825
v -0.01800740 -0.00163506 -0.01778046
v -0.01591129 0.00026022 -0.01790283
v -0.01789449 0.00117163 -0.01762964
v -0.01985043 0.00078003 -0.01715701
v -0.01590511 0.00194336 -0.01802049
v -0.01391401 0.00223756 -0.01836622
v -0.01393911 0.00016806 -0.01828073
v -0.01192608 0.00213232 -0.01868977
v -0.01216769 -0.00602840 -0.01883508
v -0.01390436 0.00284426 -0.01838355
v -0.01186987 0.00412889 -0.01866406
v 0.00009441 -0.01111822 -0.01927798
v -0.02396548 0.00076623 -0.01696216
v -0.03226274 -0.00270661 -0.01651601
v 0.00637049 -0.00333187 -0.01985948
v 0.00641262 -0.00127652 -0.01988621
v 0.00850028 -0.00146456 -0.01986564
v 0.00849218 0.00063251 -0.02006572
v 0.00642428 0.00080414 -0.02001809
v 0.00853844 0.00268443 -0.02007819
v 0.01059196 0.00252474 -0.02017543
v 0.01064705 0.00456933 -0.02015741
v 0.00645887 0.00266374 -0.02005418
v 0.00860568 0.00471893 -0.02001826
v 0.01052953 0.00048624 -0.02021873
v 0.01270254 0.00440800 -0.02024787
v 0.01270785 0.00649393 -0.02040165
v 0.01477181 0.00632556 -0.02046284
v 0.01475759 0.00424704 -0.02033982
v 0.01688969 0.00611244 -0.02033803
v 0.01615138 0.00413155 -0.02037282
v 0.01694131 0.00815991 -0.02033199
v 0.01479829 0.00839392 -0.02054359
v 0.00841489 -0.00348399 -0.01998820
v 0.01475552 0.00298881 -0.02024325
v 0.00633826 -0.00532516 -0.01980438
v 0.00841415 -0.00356986 -0.01998363
v 0.00839472 -0.00555757 -0.01988572
v 0.01048896 -0.00366075 -0.02001453
v 0.01041105 -0.00568639 -0.02011127
v 0.00833690 -0.00759990 -0.01991311
v 0.01255193 -0.00382828 -0.02007917
v 0.01041089 -0.00777659 -0.01993974
v 0.00827618 -0.00963982 -0.01995053
v 0.01031658 -0.00978862 -0.02009304
v 0.00620250 -0.00946339 -0.01992287
v 0.01085981 -0.00984252 -0.02006461
v 0.01197675 -0.00791746 -0.01992509
v 0.01253923 -0.00590807 -0.01995090
v 0.01031046 -0.01047393 -0.02005733
v 0.00904886 -0.01175068 -0.01999892
v 0.01031809 -0.01188021 -0.01991575
v 0.00821408 -0.01246218 -0.01992820
v 0.00628784 -0.00744391 -0.01980050
v 0.01260093 -0.00177863 -0.02008220
v 0.01466003 -0.00194296 -0.02016017
v 0.01471726 0.00009986 -0.02013481
v 0.01681431 -0.00009598 -0.02008183
v 0.01262256 0.00029374 -0.02017965
v 0.01682927 0.00198194 -0.02020233
v 0.01895137 0.00176531 -0.02006293
v 0.00618316 -0.01153767 -0.01981749
v 0.01475777 0.00215656 -0.02016712
v 0.00425094 -0.01147869 -0.01930172
v 0.00422431 -0.01354691 -0.01922151
v 0.00413025 -0.01520027 -0.01940350
v 0.00823304 -0.01378467 -0.01975520
v 0.01031808 -0.01397053 -0.01974370
v 0.00821724 -0.01586189 -0.01963763
v 0.00616810 -0.01570583 -0.01952527
v 0.00607891 -0.01772211 -0.01966094
v 0.01027904 -0.01602845 -0.01970632
v 0.01240161 -0.01415514 -0.01973737
v 0.01202199 -0.01616470 -0.01978552
v 0.01234585 -0.01579672 -0.01979084
v 0.01333546 -0.01424443 -0.01970412
v 0.01450754 -0.01435835 -0.01965379
v 0.00396556 -0.01751275 -0.01977012
v 0.00410883 -0.01554136 -0.01944788
v 0.00393932 -0.01958129 -0.01968859
v 0.00192941 -0.01938636 -0.01977296
v 0.00600950 -0.01975481 -0.01972835
v 0.01451200 -0.01301511 -0.01974929
v 0.00330341 -0.01746756 -0.01970945
v 0.00387175 -0.02161552 -0.01974964
v 0.00598183 -0.02182218 -0.01965172
v 0.00380410 -0.02364969 -0.01981098
v 0.00167556 -0.02342771 -0.01997259
v 0.00165732 -0.02550290 -0.01986343
v -0.00050311 -0.02525444 -0.02013509
v 0.00377101 -0.02571255 -0.01975304
v 0.00397678 -0.02573010 -0.01975560
v -0.00053193 -0.02732084 -0.02006244
v 0.00156880 -0.02751974 -0.01999676
v -0.00049552 -0.02410014 -0.02020444
v -0.00189287 -0.02515006 -0.02005211
v 0.00810062 -0.01994573 -0.01969584
v 0.00715698 -0.02190302 -0.01975637
v 0.00806737 -0.02074785 -0.01974225
v 0.00592532 -0.02325538 -0.01972484
v 0.00860959 -0.01998613 -0.01971610
v 0.01015365 -0.02010501 -0.01979477
v 0.01024629 -0.01809159 -0.01964722
v 0.01223458 -0.01819712 -0.01996955
v 0.01221142 -0.02026823 -0.01987736
v 0.01430987 -0.01837489 -0.01999167
v 0.01442762 -0.01638232 -0.01975747
v 0.01425260 -0.02041767 -0.02001719
v 0.01214208 -0.02230099 -0.01994453
v 0.01653894 -0.01659001 -0.01965525
v 0.01452122 -0.01227937 -0.01977869
v -0.00260703 -0.02714323 -0.02003965
v 0.00174254 -0.02139298 -0.01991358
v 0.00559318 -0.02381720 -0.01976376
v 0.01404144 -0.02250776 -0.01975991
v 0.01356280 -0.02444835 -0.02008816
v 0.01203557 -0.02430289 -0.02013995
v 0.00994233 -0.02411022 -0.02017976
v 0.00989431 -0.02616068 -0.02017335
v 0.01428439 -0.02253440 -0.01973538
v 0.01195658 -0.02632764 -0.02024040
v 0.00983378 -0.02820076 -0.02021010
v 0.01115628 -0.02829426 -0.02031615
v 0.01190966 -0.02737366 -0.02031297
v 0.01186871 -0.02834502 -0.02037150
v 0.01256215 -0.02637624 -0.02026206
v 0.00789607 -0.02604689 -0.01988534
v 0.00817300 -0.01791548 -0.01961820
v 0.01639223 -0.01855853 -0.01998937
v 0.00791410 -0.02397153 -0.01999524
v 0.01025254 -0.01775002 -0.01965418
v -0.00256568 -0.02579026 -0.02001117
v -0.00261784 -0.02922460 -0.01990484
v -0.00463306 -0.02909670 -0.01967544
v -0.00461376 -0.02722947 -0.01976392
v -0.00659747 -0.02793674 -0.01935920
v -0.00461167 -0.02702412 -0.01977376
v -0.00659309 -0.02692430 -0.01942773
v -0.00454819 -0.02498650 -0.01972681
v -0.00660257 -0.02482609 -0.01963254
v -0.00859232 -0.02680968 -0.01914317
v -0.00863222 -0.02468623 -0.01945291
v -0.00663492 -0.02270890 -0.01991625
v -0.00865085 -0.02281844 -0.01966969
v -0.01062247 -0.02666940 -0.01896526
v -0.01064162 -0.02456316 -0.01920346
v -0.01266230 -0.02652107 -0.01882079
v -0.01262233 -0.02446393 -0.01885496
v -0.01270871 -0.02857287 -0.01880884
v -0.01474311 -0.02842905 -0.01864564
v -0.01484158 -0.03043763 -0.01881331
v -0.01276622 -0.03061545 -0.01883520
v -0.01496683 -0.03242397 -0.01907339
v -0.01702633 -0.03225931 -0.01899678
v -0.01709904 -0.03428928 -0.01907557
v -0.01908229 -0.03418793 -0.01873587
v -0.01903771 -0.03213461 -0.01875412
v -0.01909364 -0.03626884 -0.01860293
v -0.02110777 -0.03614186 -0.01836977
v -0.02116723 -0.03818282 -0.01840283
v -0.01907964 -0.03837079 -0.01838254
v -0.02125863 -0.04019727 -0.01854612
v -0.01708713 -0.03638950 -0.01886238
v -0.01466642 -0.02640240 -0.01855310
v -0.01064032 -0.02874491 -0.01885478
v -0.01690598 -0.03026891 -0.01875360
v -0.01064965 -0.02369737 -0.01930190
v -0.00821051 -0.02260687 -0.01974639
v -0.00662606 -0.02164412 -0.01997393
v -0.00458036 -0.02077912 -0.02018199
v -0.00532565 -0.02072484 -0.02012960
v -0.00444341 -0.01880250 -0.01988152
v -0.00660688 -0.02064185 -0.01999157
v -0.00236146 -0.01898579 -0.01988070
v -0.00223112 -0.01700368 -0.01960302
v -0.00008576 -0.01723962 -0.01938340
v -0.00004248 -0.01518522 -0.01940615
v 0.00205600 -0.01538225 -0.01934826
v -0.00209791 -0.01502395 -0.01931549
v -0.00401434 -0.01685227 -0.01957779
v -0.00319635 -0.01491994 -0.01934988
v -0.00249711 -0.02096350 -0.02017666
v -0.00025107 -0.01919270 -0.01978170
v -0.01287666 -0.03261410 -0.01904415
v -0.00456064 -0.02288583 -0.01994184
v -0.00439086 -0.01807746 -0.01976348
v -0.02104183 -0.03410627 -0.01831435
v -0.01940844 -0.04034166 -0.01863136
v -0.02125106 -0.04161519 -0.01840379
v -0.02252023 -0.04221815 -0.01818106
v 0.00976305 -0.02993301 -0.02030670
v 0.00800858 -0.02195963 -0.01984135
v -0.02325516 -0.04008489 -0.01825223
v 0.01243718 -0.01000400 -0.01995885
v 0.01896622 0.00384331 -0.02018378
v 0.00583576 -0.02588156 -0.01981156
v 0.00575595 -0.02790563 -0.01991484
v -0.00660651 -0.02900349 -0.01930194
v 0.01056113 -0.00163034 -0.01993760
v 0.01750322 0.00605089 -0.02030276
v 0.01860228 0.00797638 -0.02015795
v 0.01908349 0.00792661 -0.02012333
v 0.01900061 0.00590509 -0.02023721
v 0.01913390 0.00997509 -0.02012148
v 0.02120853 0.00770754 -0.01997378
v 0.02123044 0.00977968 -0.02007029
v 0.02334209 0.00957172 -0.01996693
v 0.02113829 0.00567552 -0.02004406
v 0.02331786 0.00750150 -0.01987844
v 0.02343653 0.01158364 -0.01981317
v 0.00217670 -0.01339213 -0.01910388
v -0.00461061 -0.03120567 -0.01942590
v 0.00366912 -0.02771828 -0.01993253
v 0.00784272 -0.02809293 -0.01989734
v 0.01663015 -0.01457540 -0.01951265
v 0.00821189 -0.01167678 -0.02000027
v -0.00254295 -0.03137710 -0.01947437
v -0.00047353 -0.02318867 -0.02020509
v 0.01065950 0.00664932 -0.02028655
v -0.00857299 -0.02855078 -0.01893442
v 0.02110915 0.00360939 -0.01997253
v 0.02002534 0.00164785 -0.01995601
v -0.00664995 -0.03105776 -0.01927972
v 0.00434055 -0.00110143 -0.01985296
v -0.01591291 0.00235190 -0.01808050
v 0.01390706 0.00223394 -0.02017900
v -0.00990644 0.00409110 -0.01907603
v -0.00992063 0.00201255 -0.01895291
v -0.00797902 0.00403610 -0.01960835
v -0.00796824 0.00193682 -0.01939907
v -0.00994234 -0.00005976 -0.01885572
v -0.00793246 -0.00018322 -0.01910353
v -0.00595191 0.00180801 -0.01962464
v -0.00593046 -0.00030013 -0.01937855
v -0.00394644 0.00168821 -0.01988767
v -0.00550744 -0.00032365 -0.01944220
v -0.00593606 -0.00056381 -0.01937577
v -0.00395428 -0.00039561 -0.01974265
v -0.00392095 0.00375738 -0.01997184
v -0.00180285 0.00354406 -0.01984622
v -0.00248090 0.00155493 -0.01986730
v -0.00183244 0.00239928 -0.01985206
v -0.00083278 0.00346705 -0.01988484
v 0.00025713 0.00337901 -0.01992117
v 0.00025831 0.00432352 -0.01999496
v 0.00026159 0.00546565 -0.02007790
v -0.00186438 0.00150483 -0.01988646
v 0.01851184 -0.00026756 -0.01997827
v 0.01663196 -0.01248657 -0.01967849
v -0.00253889 -0.03210331 -0.01940084
v -0.00253960 -0.03347022 -0.01929070
v -0.00050033 -0.03152774 -0.01960922
v -0.00054045 -0.03358477 -0.01957555
v -0.00259234 -0.03551676 -0.01930060
v -0.00462704 -0.03537270 -0.01913840
v -0.00472313 -0.03738326 -0.01929786
v -0.00673493 -0.03725820 -0.01905668
v -0.00264534 -0.03756309 -0.01931138
v -0.00482232 -0.03939123 -0.01946802
v -0.00276388 -0.03955501 -0.01954829
v -0.00488993 -0.04142543 -0.01952922
v -0.00694005 -0.04126856 -0.01942027
v -0.00281692 -0.04160130 -0.01955921
v -0.00491001 -0.04349908 -0.01942643
v -0.00444040 -0.04353257 -0.01946276
v -0.00282913 -0.04202084 -0.01956597
v -0.00225945 -0.04163342 -0.01963784
v -0.00082393 -0.04171073 -0.01986532
v -0.00076851 -0.04043919 -0.01978257
v 0.00124248 -0.03979080 -0.02009016
v 0.00115174 -0.04180579 -0.02023118
v 0.00327216 -0.03993070 -0.02026966
v 0.00319389 -0.04195604 -0.02036766
v 0.00113304 -0.04388060 -0.02012360
v 0.00317155 -0.04402782 -0.02027265
v 0.00523309 -0.04210384 -0.02051431
v 0.00523235 -0.04419356 -0.02034477
v 0.00322300 -0.04536831 -0.01998827
v 0.00028478 -0.03974310 -0.01992034
v 0.00133809 -0.03833466 -0.01988669
v 0.00137165 -0.03780771 -0.01981656
v 0.00161033 -0.03782312 -0.01984250
v -0.00289047 -0.04363057 -0.01964089
v 0.00117241 -0.04600362 -0.01981567
v 0.00338421 -0.03793339 -0.02005515
v 0.00532181 -0.04008717 -0.02038029
v -0.00058149 -0.03564103 -0.01954505
v -0.00667151 -0.03539605 -0.01899547
v -0.00872196 -0.03686213 -0.01875400
v -0.00872665 -0.03714982 -0.01874621
v -0.00882230 -0.03916073 -0.01890415
v -0.01043850 -0.03904492 -0.01878176
v -0.00900495 -0.03712757 -0.01873586
v -0.00073854 -0.03969130 -0.01974278
v 0.00731460 -0.04228677 -0.02051498
v -0.00683426 -0.03926606 -0.01922732
v -0.00694773 -0.04335252 -0.01927465
v 0.00200683 -0.04607892 -0.01980680
v -0.00085450 -0.04586602 -0.01962660
v -0.00080328 -0.04745213 -0.01932282
v -0.00124647 -0.04795197 -0.01931465
v -0.00297160 -0.04774387 -0.01957666
v -0.00295596 -0.04566653 -0.01969478
v -0.00498256 -0.04761952 -0.01933256
v -0.00488855 -0.04978791 -0.01883609
v -0.00688622 -0.04967459 -0.01854614
v -0.00697241 -0.04751269 -0.01901562
v -0.00496451 -0.04554417 -0.01944238
v -0.00080220 -0.04799978 -0.01927406
v -0.00405568 -0.04983583 -0.01895381
v -0.00487344 -0.05003469 -0.01876466
v -0.00289470 -0.04989806 -0.01913921
v -0.00891664 -0.04953408 -0.01836919
v -0.00877715 -0.05072487 -0.01779939
v -0.00902493 -0.04735383 -0.01891495
v -0.01093665 -0.04940221 -0.01815631
v -0.01098971 -0.04741653 -0.01849926
v -0.01298911 -0.04830211 -0.01813291
v -0.01099347 -0.04726469 -0.01852449
v -0.01302950 -0.04711953 -0.01836688
v -0.01101183 -0.04515912 -0.01875991
v -0.01302819 -0.04503028 -0.01853447
v -0.01099749 -0.04308069 -0.01888252
v -0.01514347 -0.04690965 -0.01847822
v -0.00899578 -0.04528770 -0.01898644
v -0.01302320 -0.04294409 -0.01868934
v -0.01098185 -0.04100334 -0.01900067
v -0.01301615 -0.04199198 -0.01874387
v -0.01421546 -0.04285747 -0.01860455
v -0.01509602 -0.04379254 -0.01857435
v -0.01507034 -0.04278969 -0.01857009
v -0.01504732 -0.04907981 -0.01797435
v -0.01710159 -0.04891950 -0.01787971
v -0.01500611 -0.04938790 -0.01780962
v -0.01718587 -0.04675918 -0.01834263
v -0.01267896 -0.05139338 -0.01682945
v -0.00477042 -0.05197632 -0.01825638
v -0.01601161 -0.04476599 -0.01854324
v 0.01874332 -0.01478462 -0.01940407
v 0.01893937 0.00024650 -0.01997848
v -0.00594600 0.00389343 -0.01977635
v 0.00374942 -0.02614788 -0.01979024
v 0.02554413 0.01137905 -0.01972383
v 0.00152471 -0.03166379 -0.01980472
v 0.00538631 -0.04420893 -0.02033625
v 0.00731604 -0.04252552 -0.02049044
v 0.00735744 -0.04441268 -0.02019506
v 0.00949939 -0.04255545 -0.02015928
v 0.00951351 -0.04465751 -0.01993846
v 0.00741000 -0.04654665 -0.01984160
v 0.00531958 -0.04635632 -0.01987169
v 0.00542657 -0.04853549 -0.01933042
v 0.00331631 -0.04832868 -0.01942897
v 0.00341386 -0.04981592 -0.01897661
v 0.00543663 -0.04866452 -0.01928578
v 0.00557692 -0.05075065 -0.01863956
v 0.00344761 -0.05052803 -0.01880384
v 0.00356377 -0.05271481 -0.01823093
v 0.00148388 -0.05253323 -0.01822467
v 0.00504935 -0.05288403 -0.01805168
v 0.00569092 -0.05239092 -0.01811896
v 0.00746624 -0.05099062 -0.01829653
v 0.00777179 -0.05102770 -0.01824909
v 0.00139457 -0.05092767 -0.01865891
v 0.00885987 -0.04668289 -0.01980105
v 0.00951298 -0.04601144 -0.01982876
v 0.00951597 -0.04674988 -0.01975788
v 0.01163244 -0.04487151 -0.01981001
v 0.01167373 -0.04281546 -0.01983961
v 0.01150854 -0.04058798 -0.02058169
v 0.00940581 -0.04061240 -0.02063573
v 0.01370779 -0.04086867 -0.02017609
v 0.01373113 -0.03879771 -0.02026764
v 0.01157065 -0.03854921 -0.02053949
v 0.01586894 -0.03902738 -0.02007407
v 0.01592967 -0.03698747 -0.02003660
v 0.01613003 -0.03905088 -0.02007157
v 0.01755512 -0.03713333 -0.02002317
v 0.01805871 -0.03511954 -0.02004535
v 0.01600323 -0.03495822 -0.01995486
v 0.01799053 -0.03297259 -0.02045270
v 0.02007929 -0.03316154 -0.02042835
v 0.02020899 -0.03117890 -0.02015291
v 0.02228715 -0.03135905 -0.02016513
v 0.02241399 -0.02937403 -0.01989957
v 0.02032983 -0.02918889 -0.01990806
v 0.02265857 -0.03140082 -0.02012282
v 0.02331428 -0.02946453 -0.01984693
v 0.01985587 -0.03523709 -0.02023367
v 0.02214544 -0.03333172 -0.02048200
v 0.01593620 -0.03281223 -0.02035827
v 0.01388783 -0.03474715 -0.02007116
v 0.01386418 -0.03361590 -0.02024428
v 0.01203016 -0.03460943 -0.01995183
v 0.01385906 -0.03263293 -0.02034252
v 0.01184502 -0.03459634 -0.01993697
v 0.01180954 -0.03247655 -0.02023149
v 0.01389105 -0.03056915 -0.02040423
v 0.01595191 -0.03073494 -0.02047615
v 0.01604370 -0.02872082 -0.02033151
v 0.01179805 -0.03037668 -0.02044320
v 0.01803180 -0.03091652 -0.02048240
v 0.01711721 -0.03082877 -0.02051639
v 0.01771933 -0.02889118 -0.02022466
v 0.01512946 -0.03273263 -0.02039844
v 0.00975161 -0.03440353 -0.01997736
v 0.00959338 -0.03636249 -0.02035123
v 0.01128717 -0.03654359 -0.02020191
v 0.01090452 -0.03848652 -0.02055853
v 0.00948565 -0.03836338 -0.02055085
v 0.01172458 -0.03658668 -0.02018045
v 0.00747820 -0.03615160 -0.02046676
v 0.00754649 -0.03411797 -0.02040321
v 0.00541352 -0.03598265 -0.02040801
v 0.01477440 -0.04097013 -0.02014052
v 0.01374541 -0.04158382 -0.01998997
v 0.01580849 -0.04106753 -0.02011055
v 0.01380148 -0.04303679 -0.01968073
v 0.01591950 -0.04325003 -0.01955542
v 0.01373594 -0.04507270 -0.01973478
v 0.01587637 -0.04530455 -0.01953215
v 0.01798072 -0.04341611 -0.01962610
v 0.01790470 -0.04126266 -0.02006050
v 0.01374903 -0.04717390 -0.01951752
v 0.01636343 -0.04535046 -0.01951788
v 0.01394308 -0.02852202 -0.02039681
v 0.00158771 -0.05470976 -0.01769433
v 0.00244306 -0.05477284 -0.01775084
v 0.01205017 -0.04285606 -0.01980480
v 0.01163283 -0.04696217 -0.01963657
v 0.01828615 -0.02694704 -0.01994896
v 0.00741656 -0.03819076 -0.02050736
v 0.00160461 -0.05515720 -0.01760033
v 0.00003961 -0.05666658 -0.01750997
v 0.00165827 -0.05685869 -0.01727875
v -0.00050946 -0.05660416 -0.01757561
v 0.00978440 -0.03234043 -0.02003630
v 0.02452074 -0.02957791 -0.01981315
v 0.02445144 -0.03161071 -0.01988017
v 0.02660062 -0.02975949 -0.01981945
v 0.02668628 -0.02774028 -0.01969596
v 0.02883832 -0.02798177 -0.01945326
v 0.02891904 -0.02595846 -0.01934682
v 0.02872787 -0.02998040 -0.01966227
v 0.02926370 -0.03004651 -0.01957402
v 0.02863424 -0.03184838 -0.01982517
v 0.02676263 -0.02571334 -0.01960462
v 0.02901268 -0.02394587 -0.01919583
v 0.02982822 -0.02810801 -0.01927116
v 0.02653274 -0.03179346 -0.01988157
v -0.00064325 -0.05225017 -0.01838655
v -0.01916393 -0.03973210 -0.01855555
v -0.01912706 -0.04878309 -0.01768569
v -0.00278443 -0.05207994 -0.01858665
v -0.00081879 -0.05007633 -0.01915922
v -0.00072330 -0.05230636 -0.01837687
v -0.00269493 -0.05373028 -0.01814809
v -0.00440105 -0.05416908 -0.01775923
v -0.00266049 -0.05427318 -0.01798691
v 0.00014398 -0.00697871 -0.01945113
v 0.02557892 0.01344050 -0.01977586
v -0.02321806 -0.03802536 -0.01829631
v 0.01382425 -0.03678469 -0.02011845
v 0.00121449 -0.04812889 -0.01949838
v 0.02134671 0.01177348 -0.01984120
v 0.01876505 -0.01271233 -0.01950116
v 0.01911133 -0.01482219 -0.01937988
v 0.01865024 -0.01627601 -0.01959608
v 0.02086979 -0.01500488 -0.01924958
v 0.02088226 -0.01292490 -0.01937866
v 0.02295391 -0.01309964 -0.01941334
v 0.02295109 -0.01518764 -0.01925097
v 0.02507518 -0.01331558 -0.01927682
v 0.02506482 -0.01539732 -0.01914045
v 0.02286062 -0.01720285 -0.01939105
v 0.02455354 -0.01734407 -0.01942676
v 0.02074550 -0.01699202 -0.01950636
v 0.02348031 -0.01927019 -0.01957920
v 0.02493550 -0.01738028 -0.01941458
v 0.02276669 -0.01921520 -0.01954305
v 0.02483454 -0.01938679 -0.01959084
v 0.02712833 -0.01765564 -0.01903114
v 0.02703506 -0.01966854 -0.01918086
v 0.02480959 -0.02145641 -0.01950485
v 0.02697554 -0.02170945 -0.01921415
v 0.02810879 -0.01982001 -0.01891571
v 0.02871206 -0.01788245 -0.01862432
v 0.02937789 -0.01797810 -0.01845195
v 0.02945707 -0.01595351 -0.01835084
v 0.03176502 -0.01632445 -0.01757017
v 0.02269622 -0.02124702 -0.01961411
v 0.02734222 -0.02175360 -0.01915882
v 0.03183698 -0.01429386 -0.01749396
v 0.03270783 -0.01646463 -0.01730399
v 0.03201822 -0.01840009 -0.01756986
v 0.02721635 -0.01563839 -0.01889951
v 0.02473829 -0.02348754 -0.01957877
v 0.02682934 -0.02367839 -0.01954652
v 0.02299676 -0.01104489 -0.01943759
v 0.02088046 -0.01276591 -0.01939781
v 0.02259462 -0.01100249 -0.01947027
v 0.02302131 -0.01027203 -0.01941816
v 0.02511108 -0.01125506 -0.01932503
v 0.02305276 -0.00900105 -0.01941644
v 0.02382195 -0.00908012 -0.01936339
v 0.02308448 -0.00693705 -0.01947909
v 0.02518161 -0.00504262 -0.01959793
v 0.02307646 -0.00484006 -0.01967885
v 0.02527276 -0.00302797 -0.01945554
v 0.02092323 -0.00668792 -0.01975356
v 0.02097227 -0.00510457 -0.01971807
v 0.02002077 -0.00659818 -0.01980172
v 0.02127942 -0.00467658 -0.01970410
v 0.02092031 -0.00877582 -0.01959156
v 0.02745793 -0.00329696 -0.01909852
v 0.02701272 -0.00525330 -0.01936728
v 0.02749810 -0.00123998 -0.01913200
v 0.02529342 -0.00095479 -0.01955634
v 0.02745590 0.00088539 -0.01944970
v 0.02966980 0.00059254 -0.01899357
v 0.02968961 0.00266642 -0.01909728
v 0.02745845 0.00297360 -0.01961298
v 0.02559176 0.00107519 -0.01956985
v 0.02532421 0.00068192 -0.01958694
v 0.02882316 -0.00139287 -0.01896305
v 0.02742402 -0.00390839 -0.01916286
v 0.02734605 -0.00529441 -0.01931246
v 0.02974228 0.00471302 -0.01908764
v 0.02316204 -0.00282079 -0.01955564
v 0.01880769 -0.00786823 -0.01975576
v 0.02098973 -0.00465280 -0.01969618
v 0.02966553 -0.00027004 -0.01893699
v 0.02964276 -0.00147535 -0.01891476
v 0.03196543 0.00023182 -0.01825540
v 0.03192675 -0.00182640 -0.01821675
v 0.03246169 -0.00191860 -0.01800686
v 0.03312209 0.00001757 -0.01773236
v 0.03451045 -0.00033595 -0.01665672
v 0.03454822 0.00172302 -0.01669848
v 0.03406880 -0.01669193 -0.01680388
v 0.03211097 -0.02035459 -0.01806705
v 0.03183571 -0.02230014 -0.01845543
v 0.03127584 -0.02366104 -0.01862064
v 0.03149668 -0.02028231 -0.01815189
v 0.03133651 -0.02223966 -0.01853246
v 0.03125548 -0.02426272 -0.01863994
v 0.03113955 -0.02625680 -0.01886786
v 0.03343987 -0.02662140 -0.01811354
v 0.02472132 -0.02556379 -0.01946522
v 0.02530186 -0.02560842 -0.01949508
v 0.02264980 -0.02538915 -0.01943010
v 0.02467242 -0.02658164 -0.01954684
v 0.03310487 -0.01452205 -0.01695163
v 0.03206011 0.00224354 -0.01810079
v 0.02273093 -0.02019123 -0.01958365
v 0.02946232 -0.01581560 -0.01834442
v 0.03011425 -0.01401209 -0.01809938
v 0.02949763 -0.01389685 -0.01838297
v 0.02945630 -0.01177220 -0.01869769
v 0.03101804 -0.01208185 -0.01789684
v 0.02723516 -0.01356367 -0.01900670
v 0.02725323 -0.01246788 -0.01903582
v 0.02781781 -0.01156679 -0.01898262
v 0.03184450 -0.01011944 -0.01781219
v 0.02664055 -0.01349038 -0.01910430
v 0.02947605 -0.00969827 -0.01880161
v 0.03464586 0.00373228 -0.01653367
v 0.01585636 -0.03942987 -0.02008346
v -0.00466649 -0.05415294 -0.01772570
v -0.01509341 0.00229910 -0.01817013
v 0.02268387 -0.02332710 -0.01948464
v 0.03083070 0.00246275 -0.01861709
v 0.03154375 0.00439764 -0.01835816
v 0.03210191 0.00429917 -0.01812866
v 0.03217674 0.00632737 -0.01804254
v 0.02979125 0.00676270 -0.01909078
v -0.02846318 -0.00313907 -0.01774114
v 0.01233213 -0.01618778 -0.01980504
v 0.02110864 0.00306356 -0.01992930
v 0.02160305 0.00356169 -0.01995273
v 0.02320487 0.00341466 -0.01992415
v 0.02327366 0.00544787 -0.01985889
v 0.02537435 0.00524901 -0.01979334
v 0.00353253 -0.02969521 -0.02023172
v -0.01092600 -0.04007449 -0.01888822
v -0.01086590 -0.03900928 -0.01877266
v 0.02531099 0.00321129 -0.01983989
v 0.02319024 0.00133647 -0.01980253
v -0.00649219 -0.03523649 -0.01900904
v 0.00745174 -0.04760023 -0.01961369
v 0.03477121 0.00571854 -0.01627325
v -0.00156319 -0.03145198 -0.01952688
v -0.00814858 -0.01045545 -0.01898878
v 0.01803255 -0.03653423 -0.02001738
v 0.00542404 -0.03557252 -0.02040621
v 0.00676588 -0.03404413 -0.02042732
v 0.00440028 -0.03593879 -0.02019765
v 0.00547505 -0.03394341 -0.02036778
v 0.02681816 -0.02403203 -0.01955520
v 0.02749849 0.00503069 -0.01964692
v 0.02462175 -0.02757144 -0.01963672
v 0.01997093 0.00989531 -0.02009286
v 0.02075414 0.01182849 -0.01985467
v 0.02138846 0.01286267 -0.01978965
v 0.02141308 0.01380870 -0.01978428
v 0.02212742 0.01374731 -0.01979094
v 0.02350930 0.01570389 -0.01990626
v 0.01922827 0.01198707 -0.01996795
v 0.03330963 -0.02860360 -0.01839082
v 0.03397825 0.00390122 -0.01704597
v 0.00134554 -0.05032803 -0.01887411
v -0.01920534 -0.04035677 -0.01864416
v 0.00366083 -0.05488573 -0.01772392
v 0.03430447 -0.01479727 -0.01616280
v -0.01294805 -0.04927749 -0.01791374
v 0.02542240 0.00729945 -0.01979966
v 0.02329302 0.00605245 -0.01984316
v 0.02433446 0.00739969 -0.01982080
v 0.02543960 0.00861144 -0.01984951
v 0.02761222 0.00911693 -0.01959869
v 0.02592162 0.00931330 -0.01982032
v 0.02768861 0.01114383 -0.01950719
v 0.02755374 0.00707515 -0.01962837
v -0.01301170 -0.04086330 -0.01882174
v 0.01910617 0.00876058 -0.02011529
v 0.01449593 -0.04725725 -0.01943548
v 0.01378565 -0.04774396 -0.01934674
v 0.01588981 -0.04740604 -0.01931369
v 0.01390508 -0.04939380 -0.01880697
v 0.01610640 -0.04967621 -0.01839423
v 0.01803245 -0.04763973 -0.01910341
v 0.01797234 -0.04549949 -0.01948291
v 0.02006935 -0.04569529 -0.01943008
v 0.01411655 -0.05059929 -0.01799253
v 0.01979214 -0.04782333 -0.01896942
v 0.01813156 -0.04864368 -0.01868556
v 0.02005015 -0.04358902 -0.01966842
v 0.01060573 -0.04477315 -0.01984749
v -0.00057169 -0.05446217 -0.01796240
v 0.02994378 0.01081672 -0.01890866
v 0.00242218 0.00730739 -0.01997778
v -0.00666701 -0.03522426 -0.01899442
v -0.02442943 -0.00720989 -0.01787465
v 0.03187906 -0.01223847 -0.01752085
v 0.01611527 -0.04972133 -0.01836052
v 0.01828804 -0.04994227 -0.01804942
v 0.02045152 -0.05019327 -0.01776722
v 0.01440247 -0.05189711 -0.01691864
v 0.01010098 -0.05256126 -0.01730086
v 0.01022908 -0.05361297 -0.01678103
v 0.00892156 -0.05341545 -0.01716459
v 0.00805096 -0.05402246 -0.01705834
v 0.00797859 -0.05328974 -0.01736341
v 0.01044633 -0.05525224 -0.01591128
v 0.00820579 -0.05556871 -0.01640737
v 0.00979580 -0.05582614 -0.01586085
v 0.00831672 -0.05761842 -0.01586346
v 0.00597973 -0.05572472 -0.01686768
v 0.00608505 -0.05744354 -0.01636998
v 0.00448213 -0.05721188 -0.01679150
v 0.00594101 -0.05523361 -0.01703908
v 0.00642608 -0.05530695 -0.01689651
v 0.00995977 -0.05129903 -0.01788237
v 0.00661320 0.00284864 -0.02005441
v 0.02251436 -0.02736703 -0.01972533
v 0.01686123 0.00508320 -0.02034955
v 0.02958706 -0.00351944 -0.01893486
v -0.01718444 -0.04467004 -0.01850976
v -0.01716674 -0.04259440 -0.01862079
v -0.01929138 -0.04446599 -0.01859687
v -0.01922366 -0.04243188 -0.01853530
v -0.02128223 -0.04435833 -0.01828338
v -0.01925822 -0.04658386 -0.01831035
v -0.01836646 -0.04666092 -0.01831674
v -0.01718332 -0.04567763 -0.01842303
v -0.02129366 -0.04643918 -0.01815073
v -0.01717040 -0.04050103 -0.01880551
v 0.03093893 -0.03027089 -0.01921592
v 0.02214134 -0.04377998 -0.01963569
v 0.02209704 -0.04165287 -0.01996064
v 0.02003267 -0.04225790 -0.01983713
v 0.02108399 -0.04156088 -0.01997409
v 0.02208736 -0.04074364 -0.02006823
v 0.02208007 -0.03954844 -0.02019131
v 0.02363562 -0.03967074 -0.02025877
v 0.02424364 -0.03770917 -0.02008092
v 0.02217464 -0.03753663 -0.02003706
v 0.02426949 -0.03564030 -0.02016381
v 0.02001666 -0.03938054 -0.02012817
v 0.02220144 -0.03546855 -0.02011670
v 0.02008256 -0.03734492 -0.02007289
v 0.02419584 -0.03861785 -0.02016777
v -0.02326425 -0.04216767 -0.01811153
v 0.02048449 -0.05035598 -0.01764231
v 0.02266769 -0.05048800 -0.01730325
v 0.02248607 -0.04944563 -0.01800334
v 0.02078732 -0.05023696 -0.01770144
v 0.02469983 -0.03774440 -0.02010366
v 0.02420332 -0.04185637 -0.01987583
v 0.02427315 -0.04400467 -0.01946281
v 0.01587899 -0.04579024 -0.01948331
v 0.02668351 0.01124700 -0.01957582
v 0.00387135 -0.05784954 -0.01676793
v 0.00393234 -0.05929183 -0.01644289
v 0.00613441 -0.05957486 -0.01602758
v 0.00396018 -0.06140527 -0.01617476
v 0.00520001 -0.06157100 -0.01591129
v 0.00172715 -0.06109654 -0.01669689
v 0.00615384 -0.06036277 -0.01589699
v 0.00165486 -0.06312686 -0.01677423
v 0.00434418 -0.06350241 -0.01612801
v 0.00038079 -0.06296878 -0.01698814
v 0.00156025 -0.06513863 -0.01692862
v -0.00053062 -0.06285760 -0.01713234
v -0.00046525 -0.06082154 -0.01707887
v -0.00261749 -0.06267022 -0.01715016
v -0.00256478 -0.06062365 -0.01714039
v -0.00454176 -0.06261784 -0.01660693
v -0.00450557 -0.06055755 -0.01665416
v -0.00252207 -0.05856877 -0.01716511
v -0.00445200 -0.05851170 -0.01664140
v -0.00635994 -0.06056321 -0.01586977
v -0.00637344 -0.06264234 -0.01574423
v -0.00453991 -0.06470971 -0.01642846
v -0.00630890 -0.05851526 -0.01586573
v 0.00126350 -0.06103802 -0.01677937
v -0.00048330 -0.05871622 -0.01731325
v 0.00620597 -0.06172461 -0.01560857
v -0.00813234 -0.06063693 -0.01480250
v -0.00814384 -0.05853705 -0.01501428
v -0.00987413 -0.06073606 -0.01362966
v -0.01004755 -0.05655709 -0.01456022
v -0.01034553 -0.05641378 -0.01443938
v -0.00817447 -0.05710766 -0.01523555
v -0.00259919 -0.06477574 -0.01691493
v -0.01160111 -0.05899121 -0.01255850
v -0.01019116 -0.06075919 -0.01339255
v -0.00989699 -0.06146289 -0.01364714
v 0.00665160 -0.05965409 -0.01587072
v 0.00388637 -0.06343433 -0.01625732
v -0.02645265 0.00106052 -0.01731328
v -0.00990475 0.00462483 -0.01911425
v -0.00796711 0.00480826 -0.01963166
v -0.00794918 0.00610166 -0.01967750
v -0.00992685 0.00619838 -0.01931854
v -0.00789991 0.00815109 -0.01967959
v -0.00990635 0.00827169 -0.01941989
v -0.01190293 0.00629377 -0.01895410
v -0.00783309 0.01018594 -0.01962113
v -0.00580019 0.01004337 -0.01978951
v -0.00572165 0.01206849 -0.01969059
v -0.00369085 0.01192767 -0.01986625
v -0.00359898 0.01394172 -0.01972133
v -0.00158400 0.01381403 -0.01995155
v -0.00149165 0.01582769 -0.01980501
v -0.00351766 0.01596453 -0.01961282
v -0.00144377 0.01787826 -0.01981187
v 0.00059403 0.01773162 -0.01996335
v -0.00349461 0.01803573 -0.01970539
v -0.00144664 0.01997098 -0.01999388
v -0.00163858 0.01176901 -0.01996779
v -0.00558984 0.01613972 -0.01957997
v -0.00556506 0.01688959 -0.01955790
v -0.00430713 0.01809166 -0.01963321
v -0.00553016 0.01818050 -0.01954614
v 0.00067810 0.01975215 -0.01984537
v 0.00051225 0.01570919 -0.02007345
v -0.00373662 0.00987533 -0.01985206
v -0.00348330 0.02011668 -0.01983847
v -0.00548011 0.02022928 -0.01954556
v -0.00757903 0.01833633 -0.01943287
v -0.00763260 0.01629048 -0.01944560
v -0.00965749 0.01642640 -0.01924958
v -0.00973041 0.01439661 -0.01932910
v -0.01168528 0.01447440 -0.01889148
v -0.01162262 0.01651270 -0.01884734
v -0.00795636 0.01427600 -0.01949377
v -0.00977409 0.01272801 -0.01933945
v -0.01371454 0.01461394 -0.01871052
v -0.01380015 0.01259469 -0.01883381
v -0.01180786 0.01241751 -0.01882475
v -0.01358041 0.01050841 -0.01877042
v -0.01171508 0.01250647 -0.01883023
v -0.01592756 0.01281573 -0.01899153
v -0.01382706 0.01052670 -0.01875459
v -0.00341707 0.02215202 -0.01978202
v -0.00564057 0.01409151 -0.01958292
v -0.01364185 0.01664392 -0.01863181
v -0.01158684 0.01857332 -0.01889597
v -0.00960064 0.01846953 -0.01922552
v -0.00349227 0.01860959 -0.01974474
v -0.00137594 0.02200261 -0.01992201
v -0.01360828 0.01870638 -0.01868805
v -0.01189871 0.00838060 -0.01911161
v -0.00985635 0.01032050 -0.01941945
v -0.01574068 0.01684123 -0.01869089
v -0.00643570 0.00599285 -0.01979044
v -0.01155773 0.02063949 -0.01896763
v -0.00546563 0.02230759 -0.01966769
v -0.00338928 0.02421927 -0.01985822
v -0.00541140 0.02435290 -0.01965266
v -0.00330482 0.02623948 -0.01973890
v -0.00536699 0.02575921 -0.01961822
v -0.00715520 0.02445489 -0.01941382
v -0.00742982 0.02415234 -0.01940704
v -0.00741522 0.02447133 -0.01938393
v -0.00123593 0.02606703 -0.01978309
v -0.00123775 0.02815888 -0.01996149
v 0.00081621 0.02799882 -0.02005719
v 0.00084671 0.02588316 -0.01977986
v 0.00289404 0.02781895 -0.02007057
v 0.00251636 0.02573455 -0.01977167
v 0.00292261 0.02600415 -0.01982453
v 0.00083313 0.02409429 -0.01967854
v 0.00062460 0.02382835 -0.01968209
v 0.00082115 0.03008505 -0.02021224
v -0.00327138 0.02773868 -0.01974924
v -0.01391825 0.00642175 -0.01872504
v -0.01389429 0.00849218 -0.01881446
v -0.01596313 0.00657426 -0.01859798
v -0.01595860 0.00795270 -0.01869616
v -0.01594738 0.00447086 -0.01837157
v -0.01797270 0.00460713 -0.01817699
v -0.01801117 0.00646255 -0.01845987
v -0.02001516 0.00552471 -0.01810475
v -0.01802301 0.00673924 -0.01852270
v -0.02007351 0.00689642 -0.01841504
v -0.02194443 0.00543640 -0.01756687
v -0.01805767 0.00885835 -0.01881438
v -0.02016313 0.00906116 -0.01889634
v -0.01596847 0.00866903 -0.01878852
v -0.01807306 0.01096146 -0.01903957
v -0.02013617 0.01076641 -0.01894557
v -0.02206144 0.01072360 -0.01839790
v -0.01978382 0.01109658 -0.01896824
v -0.01802595 0.01291205 -0.01904085
v -0.02209200 0.00911736 -0.01836901
v -0.02333566 0.01118304 -0.01791806
v -0.02205703 0.01117866 -0.01842044
v -0.02393058 0.01118892 -0.01770222
v -0.02204458 0.00698765 -0.01803328
v -0.01999735 0.00474285 -0.01798015
v -0.02012646 0.01112105 -0.01894192
v -0.01525295 0.00859688 -0.01874566
v -0.01583511 0.01482930 -0.01884463
v -0.01359034 0.01964979 -0.01870506
v -0.01461040 0.01877963 -0.01861882
v -0.01356512 0.02076088 -0.01871121
v -0.02398927 0.00914732 -0.01773262
v -0.02593243 0.00921538 -0.01725458
v -0.02586880 0.01112897 -0.01719693
v -0.02788801 0.01001810 -0.01687904
v -0.02790603 0.00930871 -0.01688158
v -0.02797022 0.00727167 -0.01693097
v -0.02996323 0.00738113 -0.01662497
v -0.02987386 0.00928647 -0.01647956
v -0.03181282 0.00908806 -0.01596537
v -0.03008692 0.00539349 -0.01687965
v -0.03204116 0.00547076 -0.01643985
v -0.03221510 0.00352484 -0.01686793
v -0.03404658 0.00350017 -0.01600453
v -0.03414634 0.00149267 -0.01617667
v -0.03236710 0.00156071 -0.01722032
v -0.03565673 0.00329175 -0.01437746
v -0.03593122 0.00324350 -0.01404097
v -0.03416154 -0.00058505 -0.01605701
v -0.03027077 0.00345580 -0.01734191
v -0.03601189 0.00519771 -0.01354736
v -0.03555998 0.00530175 -0.01421571
v -0.03393097 0.00549452 -0.01577773
v -0.03624332 0.00715558 -0.01300916
v -0.02598509 0.00716877 -0.01726422
v 0.00289169 0.02991123 -0.02025076
v 0.00497048 0.02764022 -0.02008872
v 0.00497102 0.02744702 -0.02007100
v 0.00495301 0.02556439 -0.01997691
v -0.00750819 0.02245818 -0.01953262
v -0.01596241 0.01075433 -0.01893969
v -0.00769331 0.01453890 -0.01950674
v -0.01572255 0.01725412 -0.01866358
v -0.00128777 0.02401974 -0.01978989
v -0.02006418 0.01315967 -0.01889912
v 0.00513329 0.02762309 -0.02007566
v -0.03546748 0.00731528 -0.01406864
v -0.01382821 0.01032768 -0.01874209
v -0.00534953 0.02639186 -0.01961126
v -0.00122791 0.02912543 -0.02000778
v -0.02522379 0.01122900 -0.01735980
v -0.02200977 0.01322975 -0.01842946
v -0.02392334 0.01327324 -0.01784931
v -0.02194635 0.01526742 -0.01838271
v -0.02392246 0.01536284 -0.01801837
v -0.02188905 0.01731019 -0.01835710
v -0.01989751 0.01720196 -0.01866822
v -0.01976878 0.01918541 -0.01839611
v -0.02179937 0.01932606 -0.01821974
v -0.01772316 0.01903227 -0.01852061
v -0.01764348 0.02105645 -0.01841779
v -0.01784016 0.01703909 -0.01875225
v -0.01968463 0.02120587 -0.01827785
v -0.02390391 0.01743778 -0.01812647
v -0.01558832 0.02089540 -0.01850935
v -0.01553017 0.02293745 -0.01848083
v -0.01349667 0.02279438 -0.01864713
v -0.01346866 0.02486146 -0.01872257
v -0.01549279 0.02499675 -0.01852393
v -0.01344014 0.02692811 -0.01879626
v -0.01548961 0.02652028 -0.01863859
v -0.01478843 0.02703010 -0.01871912
v -0.01345040 0.02785852 -0.01890756
v -0.01142194 0.02888808 -0.01918746
v -0.01731352 0.02513932 -0.01844229
v -0.01755100 0.02492973 -0.01842390
v -0.01142281 0.02679847 -0.01901837
v -0.01549559 0.02708941 -0.01870568
v -0.01170675 0.02890733 -0.01916053
v -0.02588700 0.01335833 -0.01744203
v -0.03633530 0.00911007 -0.01251220
v -0.03535442 0.00931174 -0.01385063
v -0.03616163 0.01105809 -0.01209379
v -0.03368539 0.00947128 -0.01527453
v -0.03351973 0.01142407 -0.01487502
v -0.03331824 0.01142603 -0.01496650
v -0.03260604 0.00945645 -0.01564684
v -0.03179019 0.00944305 -0.01591806
v -0.03166968 0.01143332 -0.01567433
v -0.02979910 0.01142552 -0.01640280
v -0.02971636 0.01344716 -0.01628941
v -0.02783109 0.01342716 -0.01696718
v -0.02786971 0.01136889 -0.01692835
v -0.02776169 0.01545987 -0.01689983
v -0.02963976 0.01547389 -0.01619720
v -0.02773258 0.01752604 -0.01697148
v -0.02584789 0.01750652 -0.01765126
v -0.02768788 0.01891118 -0.01693431
v -0.02956406 0.01942645 -0.01626658
v -0.02768451 0.01957646 -0.01697771
v -0.02956504 0.01959252 -0.01628358
v -0.02771253 0.02169005 -0.01724647
v -0.02583366 0.02167537 -0.01794635
v -0.02579440 0.02373311 -0.01798297
v -0.02769879 0.02376898 -0.01737117
v -0.02374967 0.02358072 -0.01811056
v -0.02370926 0.02563750 -0.01814320
v -0.02384206 0.02156709 -0.01825723
v -0.02171950 0.02344042 -0.01828837
v -0.02956850 0.02168572 -0.01646759
v -0.02569552 0.02574134 -0.01781388
v -0.02169112 0.02550719 -0.01836254
v -0.02584829 0.01959718 -0.01782472
v -0.03300192 0.01337058 -0.01459026
v -0.02957982 0.01751446 -0.01616247
v -0.02178522 0.02140465 -0.01834303
v -0.01964580 0.02326397 -0.01831598
v -0.02087826 0.02132160 -0.01832782
v -0.03516794 0.01124725 -0.01337928
v -0.02970593 0.00938586 -0.01650432
v -0.01762619 0.00670240 -0.01851373
v -0.02392649 0.01136557 -0.01770291
v 0.00161876 -0.02957719 -0.01999793
v 0.02348749 0.01363167 -0.01980943
v 0.03170358 -0.01836377 -0.01761008
v 0.02144208 0.01587495 -0.01985628
v 0.02360572 0.01771417 -0.01974568
v 0.02400028 0.01565397 -0.01987493
v -0.02000812 0.01520346 -0.01887776
v 0.02470441 0.01758907 -0.01961336
v 0.02576305 0.01746829 -0.01948473
v 0.02585962 0.01947844 -0.01932359
v 0.02539199 0.01952458 -0.01934689
v 0.02587666 0.02019830 -0.01932524
v 0.02590018 0.02153510 -0.01935574
v 0.02678906 0.02144282 -0.01929020
v 0.02602304 0.02352342 -0.01910389
v 0.02378007 0.02175007 -0.01948825
v 0.02389529 0.02374474 -0.01926278
v 0.02163040 0.02198960 -0.01972277
v 0.02156206 0.01995601 -0.01978651
v 0.02044722 0.02008211 -0.01991686
v 0.01940160 0.01873718 -0.01993745
v 0.01940872 0.02019858 -0.02003370
v 0.01892281 0.01816697 -0.01993590
v 0.01945248 0.02225257 -0.02005477
v 0.02769254 0.02337307 -0.01908757
v 0.02810904 0.02333676 -0.01908906
v 0.02819077 0.02535923 -0.01897915
v 0.01727671 0.02042344 -0.02020726
v 0.01727430 0.01833511 -0.02004350
v 0.02608828 0.02555959 -0.01905090
v 0.01731630 0.02248090 -0.02024275
v 0.01521059 0.02059359 -0.02015349
v 0.01951592 0.02429024 -0.02000798
v 0.02813857 0.02406863 -0.01904947
v 0.02146421 0.02200960 -0.01974779
v 0.02796512 0.01927559 -0.01924147
v 0.01733544 0.02371008 -0.02027922
v 0.01785350 0.02448689 -0.02024244
v 0.01735881 0.02453594 -0.02026817
v 0.01745581 0.02654574 -0.02010558
v 0.01529582 0.02470349 -0.02020359
v 0.01536622 0.02673537 -0.02013279
v 0.01323966 0.02486537 -0.02011546
v 0.01320756 0.02280169 -0.02005413
v 0.01328380 0.02691906 -0.02013527
v 0.01754741 0.02856001 -0.01996159
v 0.01541402 0.02878602 -0.02013993
v 0.01525855 0.02264411 -0.02016013
v 0.01110494 0.02300215 -0.02012632
v 0.01116548 0.02504222 -0.02008953
v 0.01104649 0.02096035 -0.02015591
v 0.00894492 0.02115994 -0.02022447
v 0.00888033 0.01912323 -0.02027522
v 0.01098275 0.01892294 -0.02020374
v 0.01865817 0.02641955 -0.02001059
v 0.00881181 0.01708978 -0.02033955
v 0.00673134 0.01727186 -0.02033532
v 0.00668039 0.01522383 -0.02033903
v 0.00459745 0.01540795 -0.02034331
v 0.00455105 0.01335614 -0.02033132
v 0.00468770 0.01742334 -0.02020398
v 0.00250264 0.01351159 -0.02021644
v 0.00103210 0.01362005 -0.02011941
v 0.00245618 0.01145983 -0.02020465
v 0.00041151 0.01161217 -0.02007688
v 0.00037195 0.00955468 -0.02004128
v 0.00242591 0.00939462 -0.02013700
v 0.00032299 0.00750499 -0.02003811
v -0.00170193 0.00764095 -0.01984220
v 0.00452512 0.01128733 -0.02024869
v -0.00165705 0.00969401 -0.01985942
v 0.00044078 0.01301580 -0.02009343
v 0.00875827 0.01504391 -0.02035222
v 0.00680530 0.01930078 -0.02025221
v 0.00470129 0.01776274 -0.02018594
v 0.00603859 0.01935491 -0.02019039
v 0.00476722 0.01944765 -0.02010168
v 0.00688859 0.02132196 -0.02013690
v 0.00484228 0.02147566 -0.02001479
v 0.00695725 0.02335528 -0.02007209
v 0.00756651 0.02126997 -0.02017239
v 0.00491825 0.02350292 -0.01992477
v 0.00280103 0.02162517 -0.01987521
v 0.00286574 0.02366177 -0.01982402
v 0.00892922 0.02318904 -0.02010554
v 0.01093727 0.01687037 -0.02018859
v 0.01939589 0.01811890 -0.01990586
v 0.00907988 0.02522854 -0.02010296
v 0.00701982 0.02539367 -0.02002830
v 0.00914993 0.02726072 -0.02003336
v 0.01121579 0.02709078 -0.02008802
v 0.01127822 0.02912928 -0.02004471
v 0.01048079 0.02510352 -0.02009453
v 0.01333539 0.02896656 -0.02012933
v 0.01338637 0.03101456 -0.02012553
v 0.01210623 0.02701620 -0.02010536
v 0.01129332 0.03120707 -0.02016468
v 0.01380775 0.02892702 -0.02013869
v 0.01518880 0.03084565 -0.02007727
v 0.01548590 0.03081667 -0.02006400
v 0.01556053 0.03284504 -0.01997858
v 0.00918285 0.02932372 -0.02009186
v 0.01344479 0.03305639 -0.02009605
v 0.01550319 0.03134245 -0.02004884
v 0.02007872 -0.03511673 -0.02026930
v 0.00017499 0.03013319 -0.02017186
v -0.00123128 0.03024384 -0.02011124
v 0.00083555 0.03216343 -0.02033466
v -0.00122111 0.03232573 -0.02024826
v -0.00328470 0.03040345 -0.02001367
v -0.00327637 0.03248686 -0.02015701
v -0.00122644 0.03442049 -0.02043875
v -0.00326479 0.02829658 -0.01977286
v -0.00531247 0.02845142 -0.01965547
v -0.00533147 0.03055753 -0.01989311
v -0.00532898 0.03280899 -0.02007005
v 0.00083107 0.03068855 -0.02022837
v 0.00080589 0.03427838 -0.02060907
v 0.00425880 -0.00712111 -0.01963388
v -0.01072453 -0.05101901 -0.01730579
v -0.00263947 0.02824946 -0.01980947
v -0.02217752 -0.00383134 -0.01759221
v -0.00682380 -0.05036276 -0.01827836
v 0.02637629 -0.04211523 -0.01956094
v 0.02451656 -0.04403384 -0.01942677
v 0.02427866 -0.04429374 -0.01942036
v 0.02639310 -0.04421953 -0.01933082
v 0.02425520 -0.04608011 -0.01935263
v 0.02643498 -0.04634463 -0.01901423
v 0.02740435 -0.04649354 -0.01871838
v 0.02864071 -0.04457139 -0.01861417
v 0.02868767 -0.04447601 -0.01860483
v 0.02446141 -0.04834165 -0.01846903
v 0.02471086 -0.04838022 -0.01839175
v 0.02449209 -0.04848473 -0.01835350
v 0.02676206 -0.04870653 -0.01771356
v 0.02653050 -0.04715555 -0.01862442
v 0.02624821 -0.03991856 -0.02017495
v 0.01428160 -0.02225228 -0.01976804
v -0.00290872 -0.04954333 -0.01921583
v 0.02790721 0.01723334 -0.01926921
v 0.02912570 0.01704429 -0.01888862
v 0.02843127 0.01510895 -0.01915306
v 0.02785109 0.01518960 -0.01929076
v 0.02780734 0.01368510 -0.01931485
v 0.03019297 0.01688082 -0.01856511
v 0.03009989 0.01486777 -0.01871417
v 0.03004217 0.01897423 -0.01868983
v 0.03021946 0.01894916 -0.01864579
v 0.03026113 0.02100489 -0.01867409
v 0.00903332 0.02332276 -0.02010353
v 0.00241862 -0.05911389 -0.01665114
v 0.01845785 -0.01675853 -0.01965643
v 0.03001681 0.01284642 -0.01882875
v 0.02413458 -0.03970896 -0.02028513
v -0.00621019 0.01618574 -0.01954030
v 0.01523008 0.02161967 -0.02017207
v 0.01416686 0.02067214 -0.02009193
v 0.01311260 0.01939149 -0.02009455
v 0.01308560 0.01872229 -0.02013078
v 0.01272893 0.01875490 -0.02013654
v 0.03008854 0.00052857 -0.01886742
v 0.01204446 -0.05392863 -0.01605595
v 0.00082535 0.02381057 -0.01968149
v 0.00574283 -0.05297874 -0.01789498
v -0.01965483 0.02285680 -0.01831298
v 0.00234395 -0.05042877 -0.01881400
v 0.02371589 0.01971303 -0.01953762
v 0.03193820 -0.00385811 -0.01832185
v 0.01798179 -0.04372893 -0.01959672
v 0.02014768 -0.04756794 -0.01901101
v 0.02746257 0.00314752 -0.01961337
v -0.01423723 -0.05154024 -0.01641318
v -0.01264266 -0.05162138 -0.01668791
v -0.01063994 -0.05173889 -0.01696043
v 0.03054508 0.01071584 -0.01868558
v 0.03233727 0.01037476 -0.01783285
v 0.03226173 0.00834714 -0.01792139
v 0.03260827 0.00827622 -0.01773338
v 0.03239493 0.01241722 -0.01780597
v 0.03309247 0.01021667 -0.01740678
v 0.03119937 0.01265216 -0.01840927
v -0.00065155 -0.06693786 -0.01720542
v 0.00149521 -0.06717497 -0.01698091
v -0.00062173 -0.06905295 -0.01693041
v -0.00055668 -0.07111869 -0.01654036
v -0.00260448 -0.06895202 -0.01658900
v -0.00262276 -0.06614480 -0.01688191
v -0.00263579 -0.06683569 -0.01686910
v 0.00285357 -0.06737062 -0.01662681
v -0.00257896 -0.07106354 -0.01632883
v -0.00450851 -0.07100678 -0.01580383
v -0.00447885 -0.07201874 -0.01562023
v 0.02515210 -0.01540639 -0.01913397
v 0.01056104 -0.05597893 -0.01546349
v 0.00975165 -0.04041070 -0.02068743
v 0.01064449 0.00875212 -0.02051045
v 0.00775458 -0.05077457 -0.01832810
v -0.02586647 0.01125094 -0.01719908
v 0.01055279 0.00665724 -0.02027971
v -0.01142311 0.02906124 -0.01920569
v -0.01145119 0.03100270 -0.01946049
v -0.00050975 -0.05734986 -0.01751518
v -0.01203623 0.02066921 -0.01891017
v -0.00943469 0.03087374 -0.01968545
v 0.00751374 -0.04230847 -0.02049550
v 0.03219207 0.00660917 -0.01801389
v -0.00938795 0.03292527 -0.01969627
v -0.01143949 0.03308332 -0.01959221
v -0.01348691 0.03114761 -0.01930184
v -0.00737589 0.03280000 -0.01993658
v -0.00732044 0.03484429 -0.01991734
v -0.00528973 0.03470354 -0.02009328
v -0.00524674 0.03675818 -0.02011705
v -0.00324968 0.03664537 -0.02040909
v -0.00723827 0.03686640 -0.01980591
v -0.00323312 0.03872195 -0.02052405
v -0.00932031 0.03495944 -0.01963499
v -0.00070518 -0.07118848 -0.01651412
v -0.00124059 0.03861290 -0.02083175
v -0.00113886 0.04061877 -0.02065283
v 0.00091923 0.04045528 -0.02073430
v 0.00083489 0.03843498 -0.02085322
v 0.00102744 0.04245578 -0.02053302
v -0.00098636 0.04258248 -0.02029871
v 0.00310973 0.04227220 -0.02053099
v 0.00116792 0.04442947 -0.02022038
v -0.00086607 0.04457294 -0.02005575
v -0.00294715 0.04266519 -0.01988151
v -0.00310978 0.04070988 -0.02027057
v 0.00124943 0.04645212 -0.02011122
v -0.00076447 0.04657892 -0.01987726
v 0.00130023 0.04850028 -0.02010802
v 0.00330787 0.04628834 -0.02019147
v -0.00123714 0.03651971 -0.02064776
v 0.00299607 0.04027623 -0.02075108
v 0.00327456 0.04422567 -0.02013432
v 0.00336153 0.04833413 -0.02017843
v 0.02803259 0.02130991 -0.01918078
v -0.01345860 0.03321444 -0.01937622
v -0.00284748 0.04467276 -0.01970969
v -0.01174971 0.00416995 -0.01868900
v -0.00942193 0.02996719 -0.01956767
v 0.02638150 -0.04223196 -0.01953368
v -0.01551878 0.03128932 -0.01912986
v -0.01546036 0.03333116 -0.01910041
v -0.01753308 0.03141645 -0.01889731
v -0.01752724 0.03181753 -0.01891058
v -0.01567678 0.03334562 -0.01907917
v -0.01748459 0.03346653 -0.01890210
v -0.01757854 0.02936387 -0.01888207
v -0.01961846 0.02951226 -0.01873790
v -0.01961439 0.02741855 -0.01855176
v -0.01757155 0.02726773 -0.01868588
v -0.01336020 0.03522308 -0.01920881
v -0.01553983 0.02921647 -0.01903043
v -0.01960288 0.03006499 -0.01873074
v 0.03213445 0.00633550 -0.01806305
v 0.02073232 -0.01290940 -0.01938940
v -0.01538370 0.03535784 -0.01900798
v -0.01741156 0.03549622 -0.01882218
v -0.01953357 0.03362245 -0.01878920
v -0.01945173 0.03564483 -0.01867888
v -0.01726920 0.03746836 -0.01850308
v -0.01933010 0.03763418 -0.01843129
v -0.02148103 0.03578442 -0.01849809
v -0.02135667 0.03777150 -0.01824108
v -0.01920924 0.03962416 -0.01818636
v -0.02345300 0.03587640 -0.01811945
v -0.02334807 0.03779481 -0.01792251
v -0.02354016 0.03385843 -0.01824809
v -0.02537822 0.03655956 -0.01763138
v -0.02548302 0.03392625 -0.01776904
v -0.02554778 0.03188968 -0.01782037
v -0.02746553 0.03193664 -0.01725468
v -0.02747830 0.02985691 -0.01712664
v -0.02740201 0.03397423 -0.01720758
v -0.02938487 0.03198493 -0.01669446
v -0.02932324 0.03402409 -0.01665390
v -0.02941213 0.02991723 -0.01661641
v -0.02559124 0.02983543 -0.01779824
v -0.02751487 0.02779694 -0.01708072
v -0.02562610 0.02777404 -0.01774646
v -0.02365743 0.02977513 -0.01830857
v -0.02124409 0.03976835 -0.01802470
v -0.02539694 0.03594510 -0.01764409
v -0.03127118 0.03200578 -0.01602024
v -0.02369289 0.02771424 -0.01825882
v -0.02334406 0.03787628 -0.01791563
v -0.02534406 0.03799153 -0.01763372
v -0.02324304 0.03988273 -0.01773916
v -0.02528900 0.04003615 -0.01761583
v -0.02313853 0.04188630 -0.01755066
v -0.02110030 0.04173930 -0.01770064
v -0.02100501 0.04375052 -0.01754396
v -0.02522843 0.04207620 -0.01757895
v -0.02145534 0.03978018 -0.01799331
v -0.02723548 0.04010697 -0.01714927
v -0.02719365 0.04216257 -0.01717701
v -0.02514933 0.04410085 -0.01747809
v -0.02713916 0.04420766 -0.01716108
v -0.02916644 0.04225524 -0.01680123
v -0.02510101 0.04615107 -0.01748346
v -0.02710954 0.04533956 -0.01715409
v -0.02920189 0.04019434 -0.01675146
v -0.02308577 0.04393282 -0.01754069
v -0.02910040 0.04455091 -0.01676688
v -0.02708916 0.04625649 -0.01716068
v -0.02907579 0.04636064 -0.01683263
v -0.02996295 0.04432892 -0.01657032
v -0.03106509 0.04437668 -0.01634171
v -0.03100677 0.04641859 -0.01631256
v -0.02729135 0.03806302 -0.01716993
v -0.02704117 0.04830697 -0.01716717
v -0.02902570 0.04840938 -0.01683187
v -0.03284422 0.04639888 -0.01546977
v -0.03288708 0.04519146 -0.01551531
v -0.03337591 0.04636425 -0.01509144
v -0.03421648 0.04833695 -0.01437314
v -0.03292050 0.04437188 -0.01556090
v -0.03282993 0.04847735 -0.01559257
v -0.02168985 0.02968679 -0.01870232
v -0.03124996 0.03407850 -0.01611911
v -0.02163108 0.03172833 -0.01867164
v -0.03308216 0.03196410 -0.01508612
v -0.03310696 0.02989436 -0.01499960
v -0.03410587 0.03184198 -0.01409997
v -0.03334980 0.02987133 -0.01479328
v -0.03311707 0.02934124 -0.01498828
v -0.03313505 0.02782735 -0.01492444
v -0.03472556 0.02969295 -0.01340170
v -0.02361272 0.03182834 -0.01832637
v -0.01713292 0.03944554 -0.01820495
v -0.01906947 0.04159845 -0.01787620
v -0.03458151 0.04629601 -0.01428137
v -0.02235069 0.02765134 -0.01851517
v -0.02369807 0.02719781 -0.01823381
v -0.02504154 0.04819203 -0.01745037
v -0.02495814 0.05021311 -0.01733466
v -0.02289584 0.05004613 -0.01740163
v -0.02375374 0.04808227 -0.01746668
v -0.02292153 0.04926206 -0.01742397
v -0.02509412 0.04640727 -0.01748127
v -0.02194085 0.04999039 -0.01753294
v -0.02089166 0.04992740 -0.01766911
v -0.02081970 0.05195799 -0.01759290
v -0.02284373 0.05209320 -0.01739393
v -0.02086281 0.05082216 -0.01764522
v -0.03446418 0.04910721 -0.01411601
v -0.03150736 0.02787423 -0.01580780
v -0.03136992 0.02581677 -0.01584468
v -0.03311271 0.02571846 -0.01467525
v -0.03313920 0.02365013 -0.01459456
v -0.03137698 0.02373230 -0.01569695
v -0.02953545 0.02583895 -0.01669776
v -0.03449498 0.02555755 -0.01336221
v -0.03378380 0.02358800 -0.01404225
v -0.03473126 0.02621779 -0.01313487
v -0.03133721 0.02773080 -0.01589163
v -0.03469343 0.03326558 -0.01358713
v -0.03469325 0.03384679 -0.01363439
v -0.03489078 0.03381333 -0.01339813
v -0.03616452 0.03176902 -0.01138371
v -0.03611513 0.03145373 -0.01147389
v -0.03615497 0.03351512 -0.01149516
v -0.03568967 0.03578502 -0.01269215
v -0.03686062 0.03537637 -0.01031394
v -0.02296268 0.04801129 -0.01746015
v -0.02171633 0.02788267 -0.01864335
v -0.02081569 0.04171686 -0.01771268
v -0.01934163 0.04363322 -0.01767875
v -0.01888824 0.04562865 -0.01759506
v -0.03479432 0.02347903 -0.01312266
v -0.01897481 0.04361019 -0.01772165
v -0.03444064 0.05035972 -0.01413951
v -0.03279324 0.05053721 -0.01563804
v -0.03092619 0.05053235 -0.01637871
v -0.03087827 0.05258290 -0.01638546
v -0.03273512 0.05257929 -0.01560959
v -0.02894835 0.05252582 -0.01690916
v -0.02899765 0.05047642 -0.01690718
v -0.02693817 0.05240212 -0.01715597
v -0.02685774 0.05442567 -0.01705052
v -0.02483914 0.05429498 -0.01726826
v -0.02891660 0.05325836 -0.01686209
v -0.02760895 0.05447001 -0.01694950
v -0.02679327 0.05555302 -0.01692530
v -0.02886541 0.05454730 -0.01679509
v -0.03085946 0.05301556 -0.01635744
v -0.03308389 0.03405587 -0.01526419
v -0.02753534 0.02726303 -0.01710602
v -0.03483425 0.05030424 -0.01372072
v -0.03532945 0.05226854 -0.01310454
v -0.03604131 0.05014341 -0.01247971
v -0.03594255 0.05215175 -0.01231102
v -0.03559916 0.05422735 -0.01255503
v -0.03584968 0.05416498 -0.01216269
v -0.03553968 0.05617815 -0.01210285
v -0.03433820 0.05445533 -0.01413023
v -0.03423072 0.05645642 -0.01393144
v -0.03556745 0.05813107 -0.01162487
v -0.03407958 0.05842127 -0.01358204
v -0.03535011 0.06007802 -0.01121937
v -0.03393510 0.06039164 -0.01325560
v -0.03320755 0.06046303 -0.01388486
v -0.03332748 0.06241819 -0.01337964
v -0.03228887 0.06057011 -0.01475819
v -0.03378397 0.06235650 -0.01290624
v -0.03241826 0.05858721 -0.01503256
v -0.03052080 0.06064743 -0.01584039
v -0.03039223 0.06263101 -0.01556886
v -0.02854595 0.06264339 -0.01638116
v -0.02841374 0.06462395 -0.01609707
v -0.02650858 0.06458744 -0.01670623
v -0.02837675 0.06601390 -0.01608639
v -0.03027536 0.06462431 -0.01533768
v -0.03017557 0.06663179 -0.01516543
v -0.03206546 0.06456529 -0.01433150
v -0.02663760 0.06260422 -0.01697930
v -0.03189926 0.06651763 -0.01393014
v -0.03061390 0.05863440 -0.01598953
v -0.03252278 0.05658366 -0.01522110
v -0.02649299 0.06558473 -0.01673561
v -0.02655645 0.06671752 -0.01704350
v -0.02840407 0.06670626 -0.01623581
v -0.02464074 0.06667224 -0.01761623
v -0.02658241 0.06882941 -0.01730517
v -0.03004842 0.06861655 -0.01489880
v -0.03166309 0.06841187 -0.01328731
v -0.03233270 0.06825071 -0.01226447
v -0.02982891 0.07052463 -0.01431348
v -0.02905752 0.06665590 -0.01573461
v -0.03135611 0.07024733 -0.01240019
v -0.02948682 0.07233093 -0.01330520
v -0.03060847 0.07211323 -0.01183475
v -0.03119139 0.07108862 -0.01191236
v -0.03098504 0.07202957 -0.01129192
v -0.02813874 0.07249027 -0.01459698
v -0.02469537 0.06880794 -0.01797684
v -0.03218941 0.06257786 -0.01458709
v -0.02832098 0.06872759 -0.01612117
v -0.02643685 0.07079888 -0.01697499
v -0.02819061 0.07070969 -0.01584345
v -0.02621005 0.07270091 -0.01636453
v -0.02788335 0.07254491 -0.01495533
v -0.02576098 0.07390752 -0.01494506
v -0.02382503 0.07407184 -0.01546659
v -0.02435795 0.07270845 -0.01715676
v -0.02458777 0.06539957 -0.01733232
v -0.02270989 0.06661440 -0.01813674
v -0.02267480 0.06530258 -0.01791007
v -0.02077887 0.06655642 -0.01865667
v -0.02073458 0.06860998 -0.01867594
v -0.01876023 0.06851603 -0.01904637
v -0.01868544 0.07054426 -0.01896040
v -0.01875638 0.06642249 -0.01886098
v -0.01676244 0.07049294 -0.01950798
v -0.02058857 0.07057908 -0.01834422
v -0.01834213 0.07234955 -0.01794791
v -0.01635014 0.07224095 -0.01825745
v -0.02040841 0.07251983 -0.01789468
v -0.01816527 0.07288072 -0.01739348
v -0.02001764 0.07366676 -0.01666750
v -0.02244087 0.07266204 -0.01772478
v -0.02258474 0.07069116 -0.01804910
v -0.01989608 0.07418479 -0.01629899
v -0.01784394 0.07402625 -0.01640100
v -0.01687179 0.06849340 -0.01971323
v -0.02267171 0.06449237 -0.01783292
v -0.02075305 0.06530538 -0.01846635
v -0.02867466 0.06065992 -0.01665318
v -0.03163900 0.07018607 -0.01199982
v -0.02905747 0.07350376 -0.01194965
v -0.02475858 0.05631842 -0.01716238
v -0.03570433 0.05613463 -0.01183325
v -0.02925666 0.03605915 -0.01659626
v -0.02777396 0.07286748 -0.01461193
v -0.02726264 0.07411988 -0.01298569
v -0.02938435 0.07056835 -0.01469845
v -0.01954826 0.03154431 -0.01866777
v -0.03070307 0.05661810 -0.01612512
v -0.02564938 0.07432572 -0.01460203
v -0.03310857 0.05850837 -0.01438389
v -0.02910462 0.04429424 -0.01676001
v -0.03180321 0.04437372 -0.01602620
v -0.02795537 0.07400090 -0.01214943
v -0.02119660 0.04040950 -0.01791687
v -0.03120080 0.03589936 -0.01610277
v -0.03010539 0.03608625 -0.01637526
v -0.01895153 0.04408830 -0.01768230
v -0.01524410 0.03733227 -0.01869838
v -0.03119785 0.03612557 -0.01611140
v -0.02013185 0.05189860 -0.01759804
v -0.01873919 0.05386623 -0.01776913
v -0.01874134 0.05309575 -0.01771296
v -0.01754084 0.05378777 -0.01789437
v -0.01672121 0.05373604 -0.01798899
v -0.01670062 0.05445117 -0.01797824
v -0.01469735 0.05360097 -0.01818856
v -0.01470724 0.05526843 -0.01835930
v -0.01272617 0.05559998 -0.01874201
v -0.01273811 0.05351956 -0.01861112
v -0.01072640 0.05548492 -0.01902472
v -0.01074498 0.05341001 -0.01891673
v -0.01272252 0.05141629 -0.01838524
v -0.01074332 0.05131830 -0.01873892
v -0.01276824 0.04936391 -0.01837090
v -0.00872366 0.05536739 -0.01929720
v -0.01477972 0.04948870 -0.01812862
v -0.01680163 0.04753181 -0.01775019
v -0.01678093 0.04960495 -0.01785085
v -0.01887064 0.04770437 -0.01770641
v -0.01882331 0.04975540 -0.01771517
v -0.01196984 0.04931051 -0.01844909
v -0.01074116 0.05005010 -0.01862721
v -0.00871979 0.05745451 -0.01945594
v -0.00665250 0.05728338 -0.01950565
v -0.00661052 0.05933886 -0.01953288
v -0.00668167 0.05521727 -0.01943420
v -0.00456880 0.05709864 -0.01949876
v -0.00460242 0.05503621 -0.01944266
v -0.00668556 0.05313016 -0.01927553
v -0.00257850 0.05699143 -0.01981412
v -0.00255868 0.05906531 -0.01991786
v -0.00055838 0.05894981 -0.02019872
v -0.00057432 0.05687271 -0.02008164
v 0.00143648 0.05883882 -0.02049837
v 0.00149756 0.06087844 -0.02045971
v 0.00354160 0.06072662 -0.02058964
v 0.00316162 0.05870341 -0.02057421
v 0.00361274 0.06275789 -0.02051630
v 0.00154552 0.06292895 -0.02046632
v -0.00292259 0.05494702 -0.01971481
v -0.00461414 0.05417172 -0.01941113
v -0.00871291 0.05788131 -0.01946781
v -0.00944944 0.05749530 -0.01934724
v 0.00570283 0.06256784 -0.02048735
v 0.00490503 0.06061322 -0.02061993
v 0.00567328 0.06190199 -0.02053246
v -0.01272434 0.05596648 -0.01876600
v -0.01683159 0.04634446 -0.01775379
v -0.00867747 0.05950971 -0.01948201
v -0.01071386 0.05756484 -0.01915355
v -0.01070325 0.05964636 -0.01928903
v -0.01271711 0.05768280 -0.01888286
v -0.01268936 0.05975009 -0.01895919
v -0.01471018 0.05779230 -0.01857704
v -0.01466506 0.05984516 -0.01859342
v -0.01667218 0.05787600 -0.01816400
v -0.00873326 0.05328503 -0.01915822
v 0.00362019 0.06484203 -0.02066266
v -0.00454846 0.05917208 -0.01960067
v -0.01071797 0.05693139 -0.01911529
v 0.00077746 0.05680920 -0.02033905
v -0.00058427 0.05629624 -0.02006783
v -0.01264909 0.06180698 -0.01899233
v -0.01462006 0.06189814 -0.01861027
v -0.01463354 0.06272391 -0.01872385
v -0.01265847 0.06333304 -0.01914968
v -0.01267673 0.06392026 -0.01925979
v -0.01468677 0.06404386 -0.01901255
v -0.01663735 0.05993742 -0.01821593
v 0.00561759 0.06054827 -0.02060937
v 0.00780211 0.06237014 -0.02042667
v 0.00780441 0.06027790 -0.02024665
v 0.00991114 0.06216436 -0.02033238
v 0.00989148 0.06427102 -0.02057231
v 0.01204542 0.06402795 -0.02032307
v 0.01210492 0.06606888 -0.02028984
v 0.01185289 0.06195918 -0.02017245
v 0.00996916 0.06629686 -0.02047637
v 0.01208767 0.06817354 -0.02052146
v 0.01418129 0.06798056 -0.02048036
v 0.00973457 0.06005849 -0.02001589
v 0.00784339 0.06442621 -0.02045636
v 0.01426417 0.06582141 -0.02002229
v 0.00560643 0.05846720 -0.02047576
v 0.01208378 0.06924669 -0.02062298
v 0.01407756 0.07006848 -0.02100306
v -0.00864051 0.06156935 -0.01952655
v -0.00653683 0.06136801 -0.01945072
v -0.01067206 0.06380114 -0.01952561
v 0.00156774 0.06500084 -0.02056174
v 0.00367383 0.06688784 -0.02064969
v 0.00573608 0.06672089 -0.02071678
v 0.00570980 0.06883305 -0.02097957
v 0.00774644 0.06868737 -0.02113506
v 0.00785748 0.06650484 -0.02057982
v 0.00988923 0.06845356 -0.02092426
v 0.00981608 0.07060463 -0.02134877
v 0.01195074 0.07037757 -0.02116605
v 0.00773912 0.07016059 -0.02128111
v -0.00049091 0.06307446 -0.02031011
v -0.00656748 0.06348379 -0.01972857
v -0.00454734 0.06335181 -0.01994098
v -0.00465080 0.06552805 -0.02047008
v -0.00666076 0.06565158 -0.02022254
v -0.00257705 0.06535157 -0.02049752
v -0.00250905 0.06320478 -0.02009080
v -0.00045527 0.06513520 -0.02035922
v -0.00665881 0.06600660 -0.02024514
v -0.00464786 0.06702356 -0.02058323
v -0.00468470 0.06764653 -0.02075913
v -0.00407400 0.06756284 -0.02061978
v -0.00454024 0.06961692 -0.02043276
v -0.00676898 0.06783177 -0.02076804
v -0.00043141 0.06720572 -0.02044899
v 0.00159701 0.06706687 -0.02063284
v 0.00056528 0.06506050 -0.02042925
v 0.00159075 0.06916240 -0.02082653
v 0.00365241 0.06899595 -0.02089568
v 0.00377073 0.07098804 -0.02065951
v 0.00179792 0.07108073 -0.02028380
v 0.00219984 0.07283735 -0.01906907
v -0.00027099 0.07125319 -0.02023964
v 0.00015385 0.07299079 -0.01894584
v -0.00228313 0.07137853 -0.01999963
v -0.00186853 0.07312462 -0.01874113
v -0.00387025 0.07324131 -0.01846518
v 0.00037007 0.07376448 -0.01827826
v -0.00585416 0.07334321 -0.01812775
v 0.00411258 0.07262187 -0.01963784
v -0.00563489 0.06130694 -0.01953556
v 0.00572731 0.07090884 -0.02109126
v -0.01359881 0.05564406 -0.01859015
v 0.00140001 0.05701007 -0.02047114
v -0.01473359 0.05154073 -0.01814152
v -0.01280521 0.06611728 -0.01987522
v -0.01080457 0.06600149 -0.02015490
v -0.01289258 0.06728879 -0.02026716
v -0.01090409 0.06805046 -0.02066018
v -0.01473412 0.06617350 -0.01934799
v -0.00206621 0.06317231 -0.02012096
v -0.00302140 0.06948946 -0.02046124
v -0.01074617 0.04923034 -0.01857667
v -0.00876397 0.04912986 -0.01891999
v -0.01076529 0.04715588 -0.01847054
v -0.01278853 0.04729043 -0.01826882
v -0.01280297 0.04521208 -0.01814654
v -0.00879561 0.04706580 -0.01885709
v -0.01081163 0.04510402 -0.01845835
v 0.01005122 0.07249973 -0.02070952
v 0.00804561 0.07261964 -0.02044695
v -0.01482953 0.04534939 -0.01795629
v -0.01490271 0.04331981 -0.01803668
v -0.01692925 0.04345710 -0.01784635
v -0.00885752 0.06802053 -0.02079162
v -0.00873393 0.06582758 -0.02019308
v -0.00674169 0.04899610 -0.01912502
v -0.00675501 0.04691683 -0.01899890
v -0.00470771 0.04885264 -0.01928969
v -0.00464144 0.05088795 -0.01923313
v -0.00258171 0.05072310 -0.01930894
v -0.00476533 0.04681014 -0.01931642
v -0.01067945 0.06398696 -0.01956588
v -0.00867836 0.06489177 -0.01992810
v 0.00777797 0.05820953 -0.02016580
v -0.00267276 0.04870836 -0.01945099
v 0.00574570 0.06462257 -0.02051149
v 0.00846289 0.05813720 -0.02010965
v -0.00053291 0.06101899 -0.02028291
v -0.00876284 0.05069609 -0.01904511
v -0.00585468 0.05306615 -0.01931764
v -0.00451332 0.06193562 -0.01970933
v -0.01277515 0.04877112 -0.01834549
v -0.00046226 0.06430114 -0.02031418
v 0.00268485 0.06696115 -0.02058619
v 0.00997560 0.06712430 -0.02052271
v 0.01230774 0.07179312 -0.02007515
v 0.01213940 0.07215059 -0.01994034
v 0.01236019 0.07212794 -0.01992532
v -0.00257145 0.05280491 -0.01944563
v -0.00057758 0.05269475 -0.01974868
v -0.00060273 0.05480596 -0.02000755
v 0.00140322 0.05468577 -0.02026893
v -0.00671558 0.05106476 -0.01920703
v -0.01668566 0.06415819 -0.01872680
v -0.01066816 0.06170757 -0.01934006
v -0.01674216 0.06629544 -0.01909384
v -0.01871850 0.06430071 -0.01855818
v -0.01859104 0.06210455 -0.01794630
v -0.02058777 0.06221709 -0.01765309
v -0.02059718 0.06045993 -0.01754028
v -0.01728783 0.06202775 -0.01812211
v -0.02097633 0.06016529 -0.01750129
v -0.02264639 0.06029068 -0.01740137
v -0.02262883 0.06236644 -0.01751288
v -0.02269692 0.05843347 -0.01741936
v -0.02472106 0.06046793 -0.01737710
v -0.02469887 0.06253984 -0.01747263
v -0.02477303 0.05842075 -0.01738432
v -0.02673177 0.05850175 -0.01696006
v -0.01858635 0.06147553 -0.01787866
v -0.00254499 0.06741528 -0.02055898
v 0.01410659 0.07039856 -0.02093205
v -0.00657077 0.06038991 -0.01948499
v 0.00143426 0.05256966 -0.01998973
v -0.01481005 0.06733472 -0.01970040
v 0.01113920 0.06827044 -0.02058414
v -0.00727056 0.05939451 -0.01952171
v -0.00261060 0.05510441 -0.01976736
v -0.01666792 0.05578213 -0.01797721
v -0.00678560 0.04485190 -0.01893237
v 0.00350269 0.05906996 -0.02058486
v 0.01622310 0.06992092 -0.02079008
v 0.00559675 0.05638491 -0.02033710
v 0.00704031 0.05621959 -0.02015880
v 0.00580710 0.05429736 -0.02026394
v 0.00774914 0.05614313 -0.02009319
v 0.00556393 0.05432182 -0.02027824
v 0.00556159 0.05401444 -0.02026086
v 0.00373899 0.05239546 -0.02012222
v 0.00770031 0.05409334 -0.02008958
v 0.01204447 0.06218214 -0.02017432
v 0.01204416 0.06193867 -0.02015532
v 0.00923111 0.06636465 -0.02048973
v -0.01660213 0.06218862 -0.01828213
v 0.00601643 0.07242116 -0.02023790
v 0.00368145 0.06771997 -0.02069242
v 0.00347121 0.05451407 -0.02031627
v -0.02551529 0.04617290 -0.01741560
v -0.03295609 0.06631364 -0.01254992
v 0.00995602 0.06028407 -0.02002579
v -0.01122701 0.06383247 -0.01944436
v -0.02460202 0.06454977 -0.01731056
v -0.00633367 0.04483166 -0.01902307
v -0.00679374 0.04461967 -0.01894075
v -0.00885006 0.04308682 -0.01871365
v -0.00687002 0.04283165 -0.01905155
v -0.00480384 0.04539730 -0.01933034
v -0.02185835 0.07426872 -0.01588691
v 0.00954302 -0.03020724 -0.02030892
v -0.02674956 0.05642619 -0.01684935
v -0.02925222 0.03620726 -0.01659341
v -0.01928898 0.02323516 -0.01832797
v 0.00437888 0.01744307 -0.02016943
v -0.01044178 -0.04729098 -0.01862785
v -0.00885612 0.04293537 -0.01872166
v -0.00895190 0.04092456 -0.01888008
v -0.00695806 0.04081442 -0.01918323
v -0.00912105 0.03897467 -0.01929163
v -0.01109711 0.03907005 -0.01892711
v -0.00711694 0.03885600 -0.01955936
v -0.01119850 0.03706389 -0.01910486
v -0.01301448 0.03718531 -0.01892681
v -0.01053069 0.04102934 -0.01872166
v -0.01166111 0.03910461 -0.01885719
v -0.01310414 0.03919114 -0.01866946
v -0.01097461 0.04105867 -0.01867652
v -0.01299686 0.04119239 -0.01847137
v -0.01087348 0.04306504 -0.01849967
v -0.01327453 0.03647569 -0.01902219
v -0.01103273 0.04011740 -0.01879560
v -0.00899993 0.04294432 -0.01870450
v -0.03156535 0.03612179 -0.01594360
v -0.00482443 0.04476888 -0.01934825
v 0.00159415 0.06583490 -0.02054109
v 0.00855746 0.07072269 -0.02138302
v -0.00639239 -0.07192809 -0.01504385
v -0.00446434 -0.07313379 -0.01547934
v -0.00251461 -0.07320730 -0.01593472
v -0.00428289 -0.07537478 -0.01468115
v -0.00235377 -0.07543118 -0.01520763
v -0.00422745 -0.07577790 -0.01446046
v -0.00612249 -0.07547705 -0.01383886
v -0.00395686 -0.07773581 -0.01338409
v -0.00578550 -0.07776283 -0.01251093
v -0.00636675 -0.07539232 -0.01374768
v -0.00049346 -0.07334012 -0.01614363
v -0.00203224 -0.07778847 -0.01392613
v -0.00641587 -0.07096844 -0.01520229
v -0.00636125 -0.07310413 -0.01484171
v 0.00571675 0.06901378 -0.02097095
v 0.01182215 -0.03498617 -0.01998220
v -0.01754864 0.02515837 -0.01843472
v -0.00266188 0.04669453 -0.01963896
v 0.02223415 -0.03334273 -0.02046710
v -0.01005904 -0.05640187 -0.01461189
v 0.01421594 0.06377112 -0.02001662
v 0.01419359 0.06169935 -0.01992164
v 0.01637248 0.06352589 -0.01975836
v 0.01634597 0.06145757 -0.01967774
v 0.01686907 0.06139991 -0.01962360
v 0.01634556 0.06077285 -0.01962277
v 0.01519281 0.05948847 -0.01959774
v 0.01632307 0.05938625 -0.01958469
v 0.01419230 0.05813783 -0.01963278
v 0.01417291 0.05753585 -0.01964880
v 0.01627637 0.05733469 -0.01957371
v 0.01845550 0.05916104 -0.01940963
v 0.01839302 0.05712258 -0.01945313
v 0.01623026 0.05528265 -0.01956075
v 0.01830295 0.05510704 -0.01959183
v 0.01878705 0.05505933 -0.01956799
v 0.01829154 0.05443350 -0.01957497
v 0.01965129 0.05699054 -0.01935375
v 0.02052847 0.05689487 -0.01926767
v 0.02059231 0.05874566 -0.01920415
v 0.02043376 0.05488317 -0.01942239
v 0.02266467 0.05875686 -0.01925173
v 0.02073807 0.05891633 -0.01920532
v 0.01618767 0.05322767 -0.01953558
v 0.01408875 0.05342506 -0.01959500
v 0.01404579 0.05137040 -0.01957116
v 0.01191562 0.05159373 -0.01973838
v 0.01195762 0.05364919 -0.01976556
v 0.01187903 0.04953377 -0.01969254
v 0.01390517 0.04932143 -0.01953385
v 0.01117184 0.05372961 -0.01981814
v 0.01198159 0.05484964 -0.01978331
v 0.01199222 0.05571079 -0.01981826
v 0.01259262 0.05564727 -0.01976847
v 0.00975694 0.04975039 -0.01983189
v 0.01203984 0.05776159 -0.01982605
v 0.01278691 0.04739640 -0.01967297
v 0.01180877 0.04750178 -0.01976288
v 0.01176032 0.04571627 -0.01977974
v 0.01393072 0.04728527 -0.01962401
v 0.01175103 0.04545938 -0.01979001
v 0.00982709 0.05387282 -0.01993405
v 0.01385321 0.04525929 -0.01971936
v 0.00970171 0.04770592 -0.01985038
v 0.01555761 0.05123345 -0.01955266
v 0.01615368 0.05197358 -0.01954732
v 0.01612929 0.05118581 -0.01956494
v 0.02274155 0.06078336 -0.01915854
v 0.01167405 0.04343296 -0.01988353
v 0.01377803 0.04323137 -0.01980666
v 0.01160246 0.04140207 -0.01995848
v 0.00990037 0.04160993 -0.02022880
v 0.00936606 0.04034106 -0.02037927
v 0.00933876 0.03964593 -0.02041435
v 0.01151208 0.03938678 -0.02009823
v 0.00926579 0.03761619 -0.02049405
v 0.01145570 0.03734326 -0.02012068
v 0.00794690 0.03775299 -0.02059074
v 0.00711934 0.03664351 -0.02061787
v 0.00713565 0.03783949 -0.02066116
v 0.01367573 0.03913565 -0.01981547
v 0.01282619 0.03719706 -0.02000141
v 0.00642836 0.03583771 -0.02061151
v 0.00499628 0.03598013 -0.02068807
v 0.00502127 0.03804972 -0.02077394
v 0.00718727 0.03988697 -0.02065514
v 0.00286773 0.03620212 -0.02084972
v 0.00291987 0.03824917 -0.02084191
v 0.01161206 0.03527437 -0.02011219
v 0.01140301 0.03529667 -0.02013039
v 0.01139001 0.03488831 -0.02014074
v 0.01352973 0.03507620 -0.01997505
v 0.00499730 0.03436350 -0.02055151
v 0.00925460 0.03553515 -0.02036056
v 0.00941658 0.04167166 -0.02031795
v 0.00950935 0.04368497 -0.02016993
v 0.00730344 0.04188085 -0.02042641
v 0.01372784 0.04118271 -0.01980775
v 0.01359202 0.03711481 -0.01993220
v 0.00739225 0.04389745 -0.02029207
v 0.00520076 0.04208136 -0.02049880
v 0.00533901 0.04405691 -0.02019387
v 0.00748834 0.04590800 -0.02013262
v 0.00541198 0.04569591 -0.02008199
v 0.00432381 0.04413508 -0.02014220
v 0.01066159 0.04354365 -0.01998410
v 0.00460841 0.03392977 -0.02054317
v 0.00499524 0.03389066 -0.02051955
v 0.00288627 0.03220860 -0.02045823
v 0.00566490 0.04605468 -0.02006895
v 0.01599942 0.04711297 -0.01966888
v 0.02232884 0.06082985 -0.01920590
v 0.02276466 0.06159779 -0.01914742
v 0.02060660 0.06101066 -0.01934227
v 0.01411011 0.05549765 -0.01969338
v 0.01400732 0.04931200 -0.01953178
v 0.02478774 0.06062976 -0.01928108
v 0.02473035 0.05858708 -0.01930702
v 0.02699745 0.06034038 -0.01883938
v 0.02708069 0.06236161 -0.01872427
v 0.01594572 0.04506722 -0.01968205
v 0.01420221 0.05960185 -0.01971978
v 0.02059883 0.05892678 -0.01919699
v 0.02676303 0.05833251 -0.01895474
v 0.02586590 0.05640210 -0.01915925
v 0.02691784 0.05831615 -0.01894199
v 0.02682908 0.05629951 -0.01907616
v 0.02924192 0.05793182 -0.01810566
v 0.02914627 0.05592091 -0.01826363
v 0.02941026 0.05587866 -0.01817522
v 0.02996469 0.05781741 -0.01786938
v 0.02673543 0.05428693 -0.01922719
v 0.02938272 0.05990525 -0.01779194
v 0.03160456 0.05751547 -0.01713629
v 0.03153317 0.05548441 -0.01721055
v 0.03213358 0.05537521 -0.01694843
v 0.03264328 0.05731505 -0.01662937
v 0.03190185 0.05342861 -0.01734968
v 0.03414484 0.05695163 -0.01555397
v 0.03169388 0.05953164 -0.01700020
v 0.03397099 0.05500564 -0.01598174
v 0.03136167 0.05353647 -0.01763018
v 0.02889499 0.05194887 -0.01878646
v 0.03121235 0.05157011 -0.01797332
v 0.02884357 0.04990123 -0.01879181
v 0.02769025 0.05006380 -0.01907595
v 0.02690925 0.04813056 -0.01931479
v 0.02884229 0.04781195 -0.01862411
v 0.03004083 0.04761717 -0.01820872
v 0.02906307 0.04568873 -0.01838939
v 0.02660691 0.05021298 -0.01932648
v 0.02653394 0.04818323 -0.01940615
v 0.02441918 0.04839377 -0.01952023
v 0.02448415 0.05043015 -0.01946813
v 0.02233491 0.04857899 -0.01952910
v 0.02229029 0.04652570 -0.01951095
v 0.02019950 0.04671634 -0.01954232
v 0.02014177 0.04467394 -0.01956941
v 0.02223639 0.04448012 -0.01952484
v 0.02010727 0.04261225 -0.01951636
v 0.01802770 0.04279357 -0.01950903
v 0.01796448 0.04075573 -0.01955507
v 0.02026945 0.04845727 -0.01944906
v 0.01924980 0.04680192 -0.01955187
v 0.01805469 0.04512297 -0.01960951
v 0.02219780 0.04242183 -0.01948591
v 0.02242059 0.05059818 -0.01940553
v 0.02454672 0.05246854 -0.01942436
v 0.02440139 0.04631821 -0.01940953
v 0.02244842 0.05138454 -0.01937617
v 0.02342512 0.05255702 -0.01937710
v 0.02457537 0.05372040 -0.01943052
v 0.02248513 0.05263493 -0.01935495
v 0.03112595 0.04746118 -0.01792725
v 0.02006529 0.04055678 -0.01948914
v 0.03118784 0.04950013 -0.01788580
v 0.03303075 0.04710723 -0.01706076
v 0.03251188 0.04516762 -0.01737711
v 0.03343204 0.04904971 -0.01670964
v 0.03369452 0.05016209 -0.01651805
v 0.01585698 0.04096024 -0.01964408
v 0.01590164 0.04249042 -0.01961899
v 0.01500098 0.04104861 -0.01970491
v 0.01622891 0.04297097 -0.01959821
v 0.03365996 0.04899289 -0.01653870
v 0.02665014 0.05226742 -0.01934941
v 0.02027981 0.04873999 -0.01943730
v 0.02884320 0.04572087 -0.01844890
v 0.02654232 0.04608594 -0.01920515
v 0.02653252 0.04400374 -0.01906688
v 0.02437800 0.04424729 -0.01931813
v 0.02830465 0.04375495 -0.01863491
v 0.02737405 0.04182535 -0.01882952
v 0.02649972 0.04194064 -0.01900796
v 0.02648556 0.04035663 -0.01892544
v 0.02875968 0.04369988 -0.01856499
v 0.02433921 0.04218916 -0.01927987
v 0.02882769 0.04513902 -0.01845345
v 0.02610387 0.03990403 -0.01892373
v 0.02870640 0.04165378 -0.01857672
v 0.02438416 0.04492882 -0.01935341
v 0.01582852 0.03889354 -0.01957019
v 0.02459949 0.05451506 -0.01941434
v 0.02653894 0.04758116 -0.01933968
v 0.03120308 0.05029964 -0.01790008
v 0.03372407 0.05102999 -0.01648956
v 0.02467681 0.05654119 -0.01931965
v 0.03163531 0.05148285 -0.01774063
v 0.03390486 0.05099045 -0.01637968
v 0.02192053 0.05064140 -0.01940200
v 0.01804560 0.04486905 -0.01961936
v 0.02280070 0.06282458 -0.01912654
v 0.01641221 0.06558324 -0.01979337
v 0.01426114 0.06553815 -0.02000920
v 0.01443409 0.06580084 -0.01999611
v 0.01636536 0.06761552 -0.02011916
v 0.01853249 0.06745845 -0.01983236
v 0.02483508 0.06268079 -0.01928982
v 0.03089199 0.04954870 -0.01799062
v 0.01802056 0.06332413 -0.01949430
v 0.02738448 0.06026963 -0.01866872
v 0.02794082 0.06220833 -0.01836345
v 0.02945490 0.06193565 -0.01771496
v 0.02955683 0.06394136 -0.01753536
v 0.03080226 0.06170152 -0.01717750
v 0.03118836 0.06364436 -0.01682189
v 0.03202460 0.06343772 -0.01620323
v 0.03187338 0.06147294 -0.01655293
v 0.02973239 0.06588592 -0.01710167
v 0.02837836 0.06414992 -0.01802305
v 0.02991624 0.06782361 -0.01663939
v 0.03027318 0.06961758 -0.01557987
v 0.02886384 0.06804260 -0.01722706
v 0.02866453 0.06999970 -0.01669837
v 0.02776484 0.07015490 -0.01705198
v 0.02750516 0.06828017 -0.01777590
v 0.02396699 0.04429769 -0.01938438
v 0.01859432 0.06531679 -0.01944694
v 0.01853958 0.06327190 -0.01946372
v 0.01709901 0.05314817 -0.01953865
v 0.02805162 0.07139757 -0.01618437
v -0.00816482 0.03077336 -0.01973801
v 0.01847544 0.06123482 -0.01951295
v -0.03474386 0.02552747 -0.01312063
v -0.00788667 -0.07101367 -0.01439075
v -0.01874474 0.05178050 -0.01761617
v -0.01545353 0.03354801 -0.01909516
v -0.01091760 0.06818567 -0.02071700
v 0.01826629 -0.02725906 -0.01999044
v 0.01835573 -0.02695443 -0.01994306
v 0.01845882 -0.02500007 -0.01952527
v 0.01852177 -0.02500622 -0.01952239
v 0.01845715 -0.02290835 -0.01970310
v 0.01628156 -0.02473764 -0.01985497
v 0.02007891 -0.02309188 -0.01951303
v 0.02057198 -0.02102862 -0.01976088
v 0.02059676 -0.02260921 -0.01954697
v 0.01839870 -0.02076949 -0.02007687
v 0.02862745 -0.03198736 -0.01983667
v 0.03090017 -0.03232904 -0.01917758
v 0.02861754 -0.03406946 -0.01969878
v 0.03089065 -0.03441147 -0.01903832
v 0.02701903 -0.03389637 -0.01984986
v 0.02642740 -0.03509251 -0.01996622
v 0.02647583 -0.03383655 -0.01990582
v 0.03100307 -0.03443050 -0.01899583
v 0.02858257 -0.03613076 -0.01964733
v 0.03021864 -0.03636366 -0.01923366
v 0.02913985 -0.03828964 -0.01938446
v 0.03085364 -0.03647108 -0.01899393
v 0.03089854 -0.03859869 -0.01866693
v 0.02639195 -0.03585724 -0.02002316
v 0.02857833 -0.03910163 -0.01941710
v 0.03098232 -0.04023344 -0.01824897
v 0.02860667 -0.04033144 -0.01922000
v 0.03070194 -0.04071707 -0.01828409
v 0.02977566 -0.04264677 -0.01847998
v 0.03172500 -0.03878973 -0.01811681
v 0.02854834 -0.03819267 -0.01959337
v 0.00221821 0.07293040 -0.01901458
v 0.03099508 -0.04076918 -0.01816172
v -0.03737473 0.03323872 -0.00854213
v -0.03747765 0.03515833 -0.00904823
v -0.03734277 0.03734035 -0.00970161
v -0.03750833 0.03727415 -0.00932621
v -0.03762250 0.03929940 -0.00914914
v -0.03750352 0.03936048 -0.00948169
v -0.03704065 0.04167464 -0.01088341
v -0.03618266 0.04189944 -0.01227906
v -0.03615843 0.04396966 -0.01236756
v -0.03610543 0.04567604 -0.01232879
v -0.03618617 0.04599550 -0.01222853
v -0.03610540 0.04601596 -0.01235665
v -0.03664621 0.04795894 -0.01162274
v -0.03618564 0.03981158 -0.01211725
v -0.03521241 0.04206730 -0.01345597
v -0.03472057 0.04010308 -0.01407115
v -0.03468223 0.04010863 -0.01411263
v -0.03462877 0.04215459 -0.01410028
v -0.03620849 0.03788669 -0.01203607
v -0.03296135 0.04231546 -0.01552973
v -0.03301679 0.04027116 -0.01554893
v -0.03302230 0.03818540 -0.01539585
v -0.03575537 0.04403276 -0.01282567
v -0.03653087 0.03970999 -0.01150390
v -0.03801607 0.03496733 -0.00794031
v -0.03609961 0.04810148 -0.01250876
v 0.01645252 0.06770395 -0.02012314
v 0.01850737 0.06956965 -0.02009114
v 0.02075516 0.06924865 -0.01951805
v 0.02087656 0.07123819 -0.01927124
v 0.01869728 0.07150230 -0.01960795
v 0.02223374 0.06907831 -0.01933072
v 0.02089289 0.06715870 -0.01940404
v 0.02118476 0.07307263 -0.01837992
v 0.01905615 0.07329467 -0.01854176
v 0.02131246 0.07355123 -0.01798741
v 0.02273177 0.07101843 -0.01900821
v 0.01697438 0.07347781 -0.01854199
v 0.01809713 0.07156841 -0.01966988
v 0.01683829 0.07299272 -0.01896232
v 0.01554259 0.07358283 -0.01844481
v 0.01650530 0.07177695 -0.01998845
v 0.01816286 0.06961456 -0.02015908
v 0.01492664 0.07363270 -0.01842480
v 0.02289777 0.06901499 -0.01930788
v 0.02283793 0.06697434 -0.01934228
v 0.02073342 0.06696767 -0.01940379
v 0.02071380 0.06510233 -0.01931657
v 0.01928133 0.06524568 -0.01939731
v 0.02286642 0.06486035 -0.01907187
v 0.02509545 0.06873561 -0.01890771
v 0.02536949 0.07059841 -0.01813423
v 0.02494977 0.06676623 -0.01923829
v 0.02616056 0.06854556 -0.01845978
v -0.03468397 0.03999063 -0.01410882
v -0.03736535 0.03297476 -0.00848866
v -0.02060833 0.06014383 -0.01755196
v -0.00002791 -0.07790732 -0.01419309
v -0.00193975 -0.07823194 -0.01357679
v 0.00200134 -0.07711681 -0.01445064
v 0.00022984 -0.07794230 -0.01413587
v 0.00218938 -0.07820299 -0.01372523
v 0.00442699 -0.07800241 -0.01322954
v 0.00415402 -0.07619855 -0.01430125
v 0.00629724 -0.07657491 -0.01342807
v 0.00648837 -0.07641206 -0.01344428
v 0.00341410 -0.07606757 -0.01460761
v 0.00374268 -0.07846497 -0.01314253
v 0.00240223 -0.07917636 -0.01292522
v 0.00452477 -0.07859672 -0.01284988
v 0.00483372 -0.07999550 -0.01168982
v 0.00631915 -0.07896485 -0.01187232
v 0.00280397 -0.08080360 -0.01143253
v 0.00042119 -0.07985328 -0.01251397
v 0.00058689 -0.08050811 -0.01189963
v -0.00151144 -0.07997969 -0.01198429
v -0.00140450 -0.08040001 -0.01158802
v -0.00111154 -0.08205056 -0.01046130
v -0.00302009 -0.08190320 -0.00987272
v -0.00333522 -0.08034228 -0.01106705
v -0.00099288 -0.08283210 -0.00999563
v 0.00082962 -0.08182712 -0.01097011
v -0.00343189 -0.07996769 -0.01142483
v 0.00406881 -0.07545717 -0.01465047
v 0.00688379 -0.07853372 -0.01193222
v 0.00523658 -0.04432148 -0.02031993
v 0.02108253 0.00154115 -0.01989228
v -0.00613724 -0.07538045 -0.01389668
v -0.01438060 -0.00991704 -0.01894364
v 0.00820494 -0.05773966 -0.01586024
v 0.01620099 -0.04968816 -0.01837738
v -0.02283573 0.05825831 -0.01742128
v 0.00770879 0.05199596 -0.01988820
v -0.01061341 0.06815918 -0.02071826
v 0.00152192 -0.02962695 -0.01998184
v 0.00152183 -0.02957107 -0.01998675
v -0.03449709 0.04831625 -0.01416218
v 0.00765168 0.04995305 -0.01991319
v -0.00611448 0.07219544 -0.01891368
v -0.00780784 0.07342000 -0.01768599
v -0.00799037 0.07271407 -0.01824523
v -0.00980361 0.07353175 -0.01738950
v -0.00624205 0.07157493 -0.01929404
v -0.00826280 0.07170741 -0.01908373
v -0.00985814 0.07332510 -0.01755689
v 0.00554951 0.05015313 -0.01998380
v -0.01071025 0.07010384 -0.02017364
v 0.00818510 0.04989783 -0.01987458
v 0.00300027 -0.08083630 -0.01136078
v 0.00762919 0.04905795 -0.01991556
v 0.00683838 0.04797836 -0.01994616
v 0.01627164 0.03277154 -0.01992767
v 0.02795912 -0.04021314 -0.01950511
v 0.02254636 0.05467443 -0.01931577
v 0.01882610 -0.00649202 -0.01980679
v 0.02040094 0.05282009 -0.01936354
v -0.02094294 0.04787965 -0.01767398
v 0.02868743 -0.04457916 -0.01859715
v 0.00557660 0.05222097 -0.02006242
v -0.00735328 0.02651023 -0.01934229
v -0.00000060 -0.07803133 -0.01409051
v -0.00943455 0.02460263 -0.01916870
v -0.00952315 0.02258586 -0.01930232
v -0.00940112 0.02666520 -0.01922543
v 0.00618140 -0.07424621 -0.01466079
v 0.00572053 -0.07417146 -0.01481979
v 0.00615272 -0.07361070 -0.01481011
v 0.00860631 -0.07417863 -0.01352066
v 0.00844928 -0.07249355 -0.01419046
v 0.00718211 -0.07225480 -0.01478217
v 0.00606908 -0.07206261 -0.01522045
v 0.00598737 -0.06990444 -0.01567446
v 0.00416014 -0.07174408 -0.01592066
v 0.00548661 -0.06982412 -0.01584309
v 0.00370937 -0.06955836 -0.01635181
v 0.00603162 -0.06785085 -0.01569388
v 0.00824665 -0.07032846 -0.01462716
v 0.00840021 -0.06990435 -0.01456961
v 0.00377344 -0.07219795 -0.01591780
v 0.00601780 -0.06852712 -0.01568495
v 0.00839131 -0.07035508 -0.01456258
v 0.00827892 -0.07467090 -0.01354424
v 0.00383046 -0.05711690 -0.01696653
v -0.00173873 0.00558117 -0.01979709
v 0.02034410 0.05077695 -0.01938756
v 0.01821778 0.05099709 -0.01954153
v 0.01818552 0.04893353 -0.01948073
v -0.01773086 0.04554626 -0.01768524
v 0.00361078 -0.05419457 -0.01795011
v 0.00856788 -0.06005002 -0.01481380
v -0.03614753 0.02320838 -0.01131137
v -0.03596461 0.02125168 -0.01183522
v -0.03509385 0.01927824 -0.01256244
v -0.03482303 0.01932220 -0.01287753
v -0.03481617 0.01863480 -0.01279774
v 0.00156838 -0.07141638 -0.01638428
v -0.01444996 -0.01194978 -0.01901087
v -0.01651786 -0.01386849 -0.01879115
v -0.01453090 -0.01397291 -0.01911806
v -0.01242384 -0.01208673 -0.01920264
v -0.01251826 -0.01409867 -0.01935635
v -0.01446659 -0.01611665 -0.01872405
v -0.01251043 -0.01619550 -0.01915723
v -0.01047497 -0.01424986 -0.01948889
v -0.01198306 -0.01622114 -0.01925366
v -0.01251064 -0.01639164 -0.01914179
v -0.01052825 -0.01629596 -0.01950065
v -0.01252413 -0.01827446 -0.01903240
v -0.01055402 -0.01836489 -0.01941747
v -0.01260730 -0.02029574 -0.01914731
v -0.01062033 -0.02040018 -0.01947416
v -0.01262126 -0.02237448 -0.01902337
v -0.01458304 -0.02229096 -0.01860958
v -0.01462642 -0.02434528 -0.01858716
v -0.01672135 -0.02415120 -0.01863281
v -0.01666864 -0.02210463 -0.01862304
v -0.01674622 -0.02622088 -0.01854655
v -0.01545111 -0.02633511 -0.01854508
v -0.01873701 -0.02402295 -0.01840494
v -0.01871586 -0.02195017 -0.01850406
v -0.01659868 -0.02007239 -0.01855373
v -0.01869573 -0.02117348 -0.01849990
v -0.01997657 -0.02188330 -0.01829950
v -0.02071252 -0.02225692 -0.01817611
v -0.02070602 -0.02184308 -0.01818820
v -0.01865548 -0.01990997 -0.01846782
v -0.02064013 -0.01980746 -0.01813292
v -0.02271439 -0.02172088 -0.01793515
v -0.02269615 -0.01964570 -0.01804431
v -0.02058534 -0.01776262 -0.01811597
v -0.02471911 -0.02160171 -0.01766953
v -0.02260349 -0.01763229 -0.01789669
v -0.02475595 -0.02366146 -0.01762455
v -0.02285928 -0.02376537 -0.01791693
v -0.02478746 -0.02489395 -0.01762968
v -0.02648228 -0.02562943 -0.01731547
v -0.02678212 -0.02561480 -0.01726087
v -0.02678634 -0.02577368 -0.01726206
v -0.02873977 -0.02613659 -0.01678325
v -0.02872363 -0.02554811 -0.01677713
v -0.02684247 -0.02765503 -0.01729699
v -0.03070702 -0.02665668 -0.01633827
v -0.03067909 -0.02546984 -0.01634153
v -0.02869954 -0.02347778 -0.01686611
v -0.03063365 -0.02341724 -0.01635682
v -0.02862362 -0.02145048 -0.01677624
v -0.02666239 -0.02153355 -0.01719190
v -0.02662650 -0.01947301 -0.01724016
v -0.02858975 -0.01938827 -0.01683146
v -0.02658273 -0.01741902 -0.01726123
v -0.02855245 -0.01738923 -0.01686987
v -0.02840467 -0.01733649 -0.01690001
v -0.03051613 -0.01786874 -0.01641615
v -0.03057603 -0.01928441 -0.01650219
v -0.03148054 -0.01726162 -0.01599056
v -0.03235881 -0.01725918 -0.01564286
v -0.03234899 -0.01686087 -0.01564244
v -0.03245151 -0.01927254 -0.01579064
v -0.03049861 -0.01725835 -0.01640716
v -0.02461196 -0.01751001 -0.01764401
v -0.02655728 -0.01655166 -0.01724656
v -0.03064115 -0.02132067 -0.01655480
v -0.03255853 -0.02545468 -0.01564362
v -0.03257569 -0.02605596 -0.01565215
v -0.02879189 -0.02758177 -0.01684056
v -0.02651916 -0.01538147 -0.01721397
v -0.02458718 -0.01599920 -0.01768459
v -0.02260583 -0.01554002 -0.01807685
v -0.02327358 -0.01550915 -0.01794737
v -0.02457389 -0.01545129 -0.01768472
v -0.02259820 -0.01523194 -0.01807640
v -0.02481427 -0.02570336 -0.01765370
v -0.02058238 -0.01567474 -0.01827785
v -0.01852863 -0.01583462 -0.01837432
v -0.02675327 -0.02354842 -0.01733340
v -0.02468102 -0.01954300 -0.01771021
v -0.02050286 -0.01365043 -0.01817556
v -0.01855394 -0.01790394 -0.01828954
v -0.02276121 -0.02370299 -0.01793034
v -0.01680531 -0.02814456 -0.01858802
v -0.01882486 -0.02604034 -0.01853597
v -0.01296411 -0.02444340 -0.01881065
v -0.01065184 -0.02246434 -0.01941080
v -0.00861215 -0.02052222 -0.01972787
v -0.01456658 -0.02021429 -0.01872489
v -0.00855361 -0.01848049 -0.01969795
v -0.01446717 -0.01678986 -0.01867058
v -0.01231734 -0.01008482 -0.01900726
v -0.01689973 -0.02825209 -0.01858653
v -0.00445228 -0.05848141 -0.01664485
v -0.02007395 -0.00355488 -0.01755608
v -0.02325841 0.03787183 -0.01792996
v 0.00684823 0.02032581 -0.02019141
v 0.00626800 -0.00538909 -0.01979940
v -0.03374127 0.03812700 -0.01483047
v -0.03472840 0.03805663 -0.01409984
v -0.02124826 -0.04229621 -0.01833824
v -0.01865959 0.05798080 -0.01783863
v -0.02888424 -0.02959543 -0.01698710
v -0.02689973 -0.02969782 -0.01732249
v -0.03082149 -0.02953227 -0.01648868
v -0.03089523 -0.03156138 -0.01657105
v -0.00123065 0.03571193 -0.02055928
v -0.03093168 -0.03362145 -0.01652471
v -0.03094820 -0.03569807 -0.01640961
v -0.02900504 -0.03367580 -0.01705974
v -0.02896589 -0.03161797 -0.01709675
v 0.02861708 0.02530281 -0.01889117
v -0.02905314 -0.03572619 -0.01705364
v -0.02701745 -0.03378074 -0.01738450
v -0.02757533 -0.03580121 -0.01730911
v -0.02706330 -0.03554025 -0.01739471
v -0.02707307 -0.03582490 -0.01740430
v -0.02515345 -0.03587342 -0.01796355
v -0.02714558 -0.03785503 -0.01748240
v -0.02906947 -0.03780297 -0.01693786
v -0.02520268 -0.03792287 -0.01796136
v -0.02719473 -0.03990455 -0.01747992
v -0.02915161 -0.03982510 -0.01704920
v -0.02514267 -0.03555016 -0.01795372
v -0.02905428 -0.03633009 -0.01700775
v -0.02508732 -0.03383799 -0.01790747
v -0.03130411 -0.03571044 -0.01620661
v -0.03098640 -0.03775669 -0.01636932
v 0.00449525 0.00922179 -0.02017964
v 0.01574834 0.03686977 -0.01967475
v 0.01617316 0.02257555 -0.02021537
v -0.01375929 0.03525119 -0.01917635
v 0.00174498 -0.06017877 -0.01671216
v -0.00821152 -0.07102286 -0.01421525
v -0.03618834 0.03774941 -0.01207494
v -0.00864999 -0.02258114 -0.01968632
v -0.02275924 0.05620372 -0.01744659
v -0.02279575 0.05414369 -0.01740045
v -0.02074108 0.05607338 -0.01766583
v -0.02069348 0.05812419 -0.01767367
v -0.01032911 -0.01228064 -0.01915769
v -0.00533214 0.03264843 -0.02006755
v 0.01769051 0.03262186 -0.01981200
v -0.03486052 0.02144367 -0.01317898
v -0.01601536 -0.00174370 -0.01808984
v 0.03244208 0.01864907 -0.01815958
v 0.03252680 0.02066906 -0.01803932
v 0.03261686 0.01652215 -0.01788886
v 0.03245344 0.01619848 -0.01791938
v 0.03261792 0.02268374 -0.01789702
v 0.03097833 0.02090368 -0.01849686
v 0.03162330 0.02284023 -0.01821779
v 0.03270374 0.02470281 -0.01777298
v 0.03226509 0.02477685 -0.01793779
v 0.03282134 0.02669551 -0.01753931
v 0.03304909 0.02859674 -0.01692554
v 0.03324129 0.03052750 -0.01643447
v 0.03274369 0.02866969 -0.01713977
v 0.03270313 0.02671843 -0.01759754
v 0.03060192 0.02908328 -0.01818660
v 0.03072188 0.03107401 -0.01794475
v 0.02995516 0.02917473 -0.01834727
v 0.03046140 0.03111465 -0.01802719
v 0.02842166 0.03143853 -0.01869875
v 0.02833064 0.02942378 -0.01884074
v 0.03082573 0.03307812 -0.01775851
v 0.02854996 0.03342234 -0.01842815
v 0.02630775 0.03164837 -0.01880990
v 0.02631316 0.03177884 -0.01880234
v 0.02624395 0.03165447 -0.01881221
v 0.02498381 0.02973290 -0.01890938
v 0.02705527 0.03358697 -0.01858233
v 0.02861194 0.03546121 -0.01838639
v 0.02812799 0.03551310 -0.01842973
v 0.02863238 0.03630083 -0.01838637
v 0.03098926 0.03712301 -0.01753845
v 0.02919944 0.03743927 -0.01827677
v 0.03097283 0.03922698 -0.01776722
v 0.03009085 0.03936981 -0.01807057
v 0.03187088 0.03693708 -0.01703464
v 0.03282785 0.03886603 -0.01684782
v 0.03353786 0.03864259 -0.01609951
v 0.03364519 0.03646315 -0.01555709
v 0.03367505 0.03645600 -0.01553609
v 0.03332131 0.03451237 -0.01590126
v 0.03440962 0.03839037 -0.01528352
v 0.03336922 0.04087295 -0.01685351
v 0.03339051 0.04008790 -0.01671688
v 0.03132767 0.03499806 -0.01734379
v 0.02864826 0.03752139 -0.01843317
v 0.03079196 0.03239003 -0.01781610
v 0.03095581 0.03305486 -0.01770361
v 0.02946586 0.02723440 -0.01867236
v 0.03338229 0.03250076 -0.01612003
v 0.03354394 0.03445688 -0.01573434
v 0.03290620 0.03061798 -0.01671805
v 0.02419377 0.03185826 -0.01892127
v 0.02413662 0.02981537 -0.01894636
v 0.02193434 0.03009857 -0.01936240
v 0.02197606 0.03215427 -0.01939055
v 0.02421275 0.03393283 -0.01902788
v 0.02024228 0.03028548 -0.01953944
v 0.01975212 0.02934010 -0.01962487
v 0.01970794 0.02831148 -0.01968961
v 0.02152489 0.03220651 -0.01944891
v 0.01984033 0.03238222 -0.01957696
v 0.02202801 0.03420147 -0.01938340
v 0.02189654 0.02803963 -0.01932075
v 0.01989435 0.03442770 -0.01956268
v 0.02208178 0.03624716 -0.01936995
v 0.01997147 0.03645400 -0.01946866
v 0.02215289 0.03827845 -0.01929669
v 0.02430272 0.03803880 -0.01906161
v 0.02365115 0.03605924 -0.01913806
v 0.02428717 0.03720843 -0.01904586
v 0.02478922 0.03798378 -0.01900479
v 0.02644863 0.03780239 -0.01884006
v 0.02426905 0.03597642 -0.01900570
v 0.02002976 0.03849594 -0.01943964
v 0.01979428 0.03033012 -0.01956379
v 0.02407443 0.02817204 -0.01902142
v 0.02199243 0.03296491 -0.01940192
v 0.01821387 0.03662875 -0.01956240
v 0.01947641 0.03855027 -0.01946593
v 0.02623906 0.02961506 -0.01887481
v 0.02405788 0.02779042 -0.01904598
v 0.03364063 0.03631417 -0.01556024
v 0.01783204 0.03597395 -0.01960930
v 0.01785366 0.03666708 -0.01959327
v 0.00138729 0.05024779 -0.01995745
v 0.00140056 0.05050731 -0.01993392
v 0.00156785 0.05049606 -0.01995004
v 0.00386640 -0.07386942 -0.01546576
v -0.02255297 -0.01349357 -0.01806656
v 0.02639807 0.03366371 -0.01867034
v -0.00050370 -0.03081075 -0.01967964
v 0.02940340 -0.01594704 -0.01835897
v 0.01607395 0.04914143 -0.01958381
v 0.00998918 -0.02205878 -0.02019019
v 0.03040878 0.02506297 -0.01850884
v 0.03245368 0.01445877 -0.01777534
v -0.00295988 0.00981273 -0.01987862
v -0.00375308 0.00902673 -0.01983787
v -0.00476381 0.00790439 -0.01981501
v -0.00821536 -0.07080775 -0.01424594
v 0.02503211 -0.01587438 -0.01921181
v 0.00663202 0.01317366 -0.02033385
v 0.00864607 0.01299755 -0.02033865
v 0.00871380 0.01307222 -0.02034031
v 0.00871285 0.01299129 -0.02033685
v 0.01087931 0.01482815 -0.02021647
v 0.01082363 0.01278405 -0.02023650
v 0.01295141 0.01465304 -0.02024962
v 0.01291816 0.01259031 -0.02019224
v 0.01504087 0.01446351 -0.02022285
v 0.01510138 0.01650360 -0.02018615
v 0.01719025 0.01631455 -0.02016141
v 0.01670491 0.01431646 -0.02021966
v 0.01493729 0.01240725 -0.02016679
v 0.01380694 0.01048252 -0.02030234
v 0.01500695 0.01240133 -0.02016778
v 0.01491371 0.01038842 -0.02031742
v 0.01707663 0.01222822 -0.02020926
v 0.01283450 0.01056944 -0.02030881
v 0.01712939 0.01427476 -0.02019933
v 0.01313157 0.00854671 -0.02057241
v 0.01714396 0.01491538 -0.02020279
v 0.01301498 0.01669059 -0.02020234
v 0.01500869 0.01248489 -0.02016880
v 0.00902006 0.03967911 -0.02043828
v -0.00826210 -0.06889053 -0.01456187
v -0.00641665 -0.06887746 -0.01537706
v -0.00643108 -0.06677515 -0.01559893
v -0.00825929 -0.06680253 -0.01472426
v -0.00820980 -0.06475328 -0.01472561
v -0.00999724 -0.06690484 -0.01353818
v -0.00999438 -0.06481689 -0.01370040
v -0.01167409 -0.06496756 -0.01231333
v -0.00705426 -0.06474004 -0.01525958
v -0.00639399 -0.06532871 -0.01559258
v -0.00455147 -0.06679045 -0.01629625
v -0.01167859 -0.06287350 -0.01250093
v -0.00818155 -0.06380576 -0.01470806
v -0.00917909 -0.06273607 -0.01416156
v 0.02173285 0.02399487 -0.01954138
v 0.02179967 0.02602972 -0.01948291
v -0.02908754 -0.00907373 -0.01685104
v -0.02838894 -0.00891256 -0.01701473
v -0.02838759 -0.00910446 -0.01699436
v -0.02642679 -0.00918716 -0.01741155
v -0.02841928 -0.01116848 -0.01693161
v -0.02647497 -0.01123749 -0.01740569
v -0.02845745 -0.01322712 -0.01689123
v -0.03040851 -0.01315249 -0.01644046
v 0.02217702 0.02394449 -0.01948878
v 0.02309165 0.02587447 -0.01928945
v -0.02645480 -0.01334457 -0.01716402
v -0.03037527 -0.00964958 -0.01661641
v -0.03040483 -0.01106522 -0.01659984
v -0.02453271 -0.01130481 -0.01788682
v 0.01316153 0.02074958 -0.02004088
v -0.02849902 -0.01528293 -0.01686259
v 0.00187907 0.03833785 -0.02082865
v -0.03508544 0.02752417 -0.01271787
v 0.00081536 0.03712742 -0.02081163
v -0.02487375 -0.02774431 -0.01768685
v -0.01701327 0.04143653 -0.01796419
v 0.00298416 0.03993921 -0.02076359
v -0.02955933 0.02376844 -0.01660804
v 0.01270788 0.00817236 -0.02053970
v 0.02501012 0.05447069 -0.01937598
v 0.00259564 0.03202652 -0.02041781
v -0.01079917 0.06924334 -0.02040354
v 0.02093309 0.04046705 -0.01942687
v -0.01149795 0.02268019 -0.01893347
v 0.02219938 0.04193548 -0.01944051
v 0.02220087 0.04032894 -0.01930321
v 0.00149556 0.00536262 -0.02010350
v 0.03356475 0.04698160 -0.01669511
v -0.01887019 -0.02809303 -0.01852030
v -0.00735116 0.02859881 -0.01950708
v -0.02083532 -0.02591640 -0.01829015
v -0.01428635 -0.00811640 -0.01877310
v 0.02349514 0.01496802 -0.01989359
v 0.01240163 -0.01206483 -0.01990939
v -0.03129678 0.02993671 -0.01593648
v -0.03146723 0.01544589 -0.01531996
v -0.03143539 0.01750979 -0.01538219
v -0.03322045 0.01535626 -0.01418657
v -0.02090141 -0.02795186 -0.01834609
v -0.03144599 0.01960892 -0.01559085
v 0.00218887 -0.00922157 -0.01940606
v -0.01347016 0.02904337 -0.01907193
v -0.02945942 0.02786615 -0.01660748
v -0.01832596 -0.03016962 -0.01863460
v -0.01894252 -0.03012331 -0.01859779
v -0.03025222 0.01959754 -0.01602597
v 0.01001342 0.01491651 -0.02027317
v 0.01366611 0.03892003 -0.01983024
v -0.01508018 -0.04069120 -0.01877611
v 0.01249437 -0.00796116 -0.01993360
v -0.01262300 -0.02428684 -0.01887184
v 0.01591400 0.04300323 -0.01961943
v 0.01205113 0.05984255 -0.01995918
v 0.00507065 0.04009906 -0.02077566
v 0.03035262 0.05976022 -0.01751432
v -0.00085934 -0.04377167 -0.01981541
v -0.00585894 0.00800182 -0.01982014
v 0.02864004 0.06609580 -0.01763066
v -0.02488917 0.05224618 -0.01726878
v -0.03073809 -0.02751118 -0.01637303
v -0.02451679 -0.01340836 -0.01765980
v 0.01702223 0.01018306 -0.02022487
v 0.02856862 -0.03198184 -0.01983826
v 0.02390917 0.02780682 -0.01906141
v 0.03245884 0.01654482 -0.01792963
v 0.00286211 0.03411646 -0.02069703
v -0.00377634 0.00781798 -0.01981705
v 0.01628982 -0.02056383 -0.02017067
v 0.00080219 0.03637180 -0.02079396
v 0.01457949 -0.00814709 -0.01992180
v 0.01461968 -0.00609012 -0.01995523
v 0.01670345 -0.00627493 -0.01994809
v 0.01667142 -0.00833867 -0.01988652
v 0.01675949 -0.00423112 -0.01992682
v 0.01462274 -0.00513842 -0.02002322
v 0.01550298 -0.00409881 -0.02002817
v 0.01891949 -0.00238889 -0.01982875
v 0.01365260 -0.00600601 -0.01995082
v 0.01810975 0.04690611 -0.01957008
v 0.00753655 -0.04874206 -0.01923284
v 0.00987763 0.05592119 -0.01993173
v 0.02289803 0.00548241 -0.01986586
v -0.01793274 0.00248362 -0.01786702
v 0.01271040 0.00858214 -0.02056493
v -0.03103007 -0.03981076 -0.01634793
v -0.01391448 0.00432828 -0.01853993
v 0.00345008 -0.03589775 -0.01999996
v 0.01933205 0.02835539 -0.01974008
v 0.02693529 0.05870512 -0.01891500
v 0.03102751 0.04336225 -0.01792276
v -0.02917208 -0.04189844 -0.01694775
v 0.01633914 -0.02269511 -0.01982839
v -0.02721720 -0.04197623 -0.01738535
v 0.02418269 -0.00084276 -0.01962299
v 0.00499286 0.02971197 -0.02018357
v 0.00660783 0.02953945 -0.02004188
v 0.00712109 0.02949025 -0.02002304
v 0.00712106 0.03004544 -0.02006886
v 0.00709560 0.03160175 -0.02028308
v 0.00860802 0.00525195 -0.02005423
v -0.02492355 -0.02979330 -0.01768658
v -0.00151579 0.01997596 -0.01998877
v -0.00036508 -0.02118837 -0.02000300
v 0.00183096 -0.01937607 -0.01978055
v 0.00086383 -0.02131267 -0.01992766
v 0.03424901 0.05293432 -0.01601167
v 0.00759748 0.04790772 -0.01992812
v -0.00867743 -0.03091969 -0.01909263
v -0.00875443 -0.03294609 -0.01918622
v -0.01082043 -0.03277604 -0.01913205
v -0.01074411 -0.03138885 -0.01898812
v -0.01148550 -0.03272553 -0.01909490
v -0.01265799 -0.03464924 -0.01921799
v -0.01086809 -0.03482679 -0.01912442
v -0.01039627 -0.03079980 -0.01894719
v -0.01000594 -0.06898796 -0.01339608
v 0.01879478 -0.00855634 -0.01974278
v 0.00182152 -0.01960302 -0.01979382
v -0.03470786 0.03176858 -0.01351271
v 0.01131757 0.01683701 -0.02018900
v -0.03096467 0.04847397 -0.01633940
v -0.01083586 -0.03694389 -0.01884110
v 0.01875674 -0.01061510 -0.01970194
v 0.01684797 -0.01042544 -0.01980314
v 0.01663974 -0.01067029 -0.01980171
v 0.01664282 -0.01040526 -0.01981308
v 0.03350594 -0.01257957 -0.01660045
v -0.00192912 -0.00053176 -0.01993774
v 0.01133603 0.03326195 -0.02018942
v -0.03471084 0.03595173 -0.01386718
v -0.02948888 0.02689880 -0.01662750
v -0.00865030 -0.05184555 -0.01727808
v 0.01887422 -0.00444164 -0.01981283
v -0.03114144 0.04025940 -0.01626096
v -0.01706249 -0.03850029 -0.01860527
v -0.02733120 0.03600578 -0.01713535
v 0.01161786 0.04547261 -0.01979708
v 0.01512577 -0.01233577 -0.01976370
v 0.01928532 0.01403003 -0.01994318
v -0.02923844 0.03813435 -0.01670547
v -0.00878553 0.04496709 -0.01865018
v -0.03471592 0.02759461 -0.01319634
v -0.02076127 0.05399981 -0.01756339
v 0.02049337 0.04872390 -0.01944980
v 0.03349564 0.04494865 -0.01676149
v 0.03177233 0.04323338 -0.01762821
v 0.03345270 0.04289397 -0.01673757
v 0.01118663 0.02595832 -0.02009341
v 0.01263152 0.00068647 -0.02018169
v 0.01236707 0.00031918 -0.02019344
v -0.03157149 0.01344213 -0.01550763
v 0.01960805 0.02630407 -0.01986217
v -0.03380889 0.00748349 -0.01552857
v 0.03099355 -0.04285825 -0.01799489
v 0.03185391 -0.01047092 -0.01775145
v 0.01517930 0.01852924 -0.02008937
v -0.00922478 0.03697046 -0.01947744
v 0.03053949 -0.02617308 -0.01901170
v 0.00975175 -0.03022299 -0.02032104
v -0.02098808 -0.03206056 -0.01830098
v -0.02098270 -0.03194642 -0.01829218
v -0.02110901 -0.03205412 -0.01828149
v -0.02299098 -0.03194290 -0.01802905
v -0.00502755 0.04075686 -0.01970492
v -0.00492177 -0.04396667 -0.01942771
v 0.00368450 -0.06543860 -0.01640273
v 0.00021049 0.00132740 -0.01991001
v -0.02387675 0.01950556 -0.01820486
v -0.00664988 -0.03314815 -0.01910740
v -0.02091348 -0.03003217 -0.01821566
v 0.00266242 0.01755958 -0.02000929
v 0.02545017 0.00936673 -0.01987593
v -0.02289975 -0.02783798 -0.01805846
v -0.00653515 -0.01861107 -0.01991617
v -0.00394571 0.00021893 -0.01976425
v 0.00497291 0.03181887 -0.02042453
v 0.00288869 0.03200405 -0.02043321
v 0.00709190 0.03369515 -0.02046794
v 0.01788343 0.01624002 -0.02009835
v -0.01051481 -0.01554660 -0.01951687
v -0.02075880 -0.02388960 -0.01819822
v 0.03106425 0.04542208 -0.01796807
v 0.01178121 -0.04917570 -0.01895247
v 0.00978082 -0.04958381 -0.01862881
v 0.01116931 -0.04912851 -0.01892165
v 0.01403414 -0.02650729 -0.02025468
v -0.00591240 0.00595587 -0.01983250
v -0.00277227 0.04670065 -0.01962227
v 0.01065901 0.00672416 -0.02029439
v 0.00708725 0.02742802 -0.01996772
v 0.03104256 -0.02826660 -0.01903044
v 0.00705696 0.01108398 -0.02033855
v -0.00063954 -0.05231550 -0.01836862
v 0.01827606 0.05303903 -0.01951251
v -0.01854912 -0.01372728 -0.01861710
v 0.00349664 0.05867362 -0.02057270
v -0.00995883 -0.06275607 -0.01374981
v 0.02088220 -0.01083452 -0.01955095
v 0.01055164 -0.00111413 -0.02001219
v -0.00875860 0.05121573 -0.01907356
v 0.01332152 0.02838449 -0.02012832
v 0.02266193 0.03413107 -0.01931534
v -0.00901420 -0.04680254 -0.01892405
v -0.00862868 0.06992086 -0.02017412
v -0.03621487 0.01691612 -0.01066875
v -0.03480237 0.01721472 -0.01263415
v -0.03488123 0.01518986 -0.01273416
v -0.03624980 0.01496472 -0.01112819
v -0.03499162 0.01319118 -0.01294296
v -0.03425566 0.01730559 -0.01328003
v 0.01893174 -0.00030873 -0.01995857
v -0.02171527 0.02761757 -0.01861795
v 0.00007047 -0.02324560 -0.02016285
v -0.02157091 0.03376871 -0.01863612
v -0.00400083 -0.00453763 -0.01955908
v -0.00250387 0.06293547 -0.02005111
v -0.02178931 0.02043532 -0.01827705
v 0.00771056 -0.03007353 -0.02018127
v -0.01564703 0.01885381 -0.01853984
v 0.01801501 -0.03717358 -0.02002407
v -0.00755537 0.02040702 -0.01952331
v -0.01627859 0.07248475 -0.01803555
v -0.00898757 -0.04320418 -0.01913023
v -0.01511512 -0.04484285 -0.01855248
v -0.00694226 -0.04509204 -0.01911294
v 0.00324996 -0.04618326 -0.01982999
v 0.00651596 -0.07661432 -0.01333429
v -0.01288460 0.04318952 -0.01825612
v -0.02503607 -0.03179021 -0.01790275
v 0.01682992 0.00407173 -0.02037216
v -0.02670884 0.06057305 -0.01705304
v 0.00374210 -0.07167588 -0.01606676
v 0.02398139 0.02576359 -0.01913779
v -0.00261092 0.05492802 -0.01975393
v -0.01898602 -0.03109161 -0.01866516
v -0.01510653 0.03930838 -0.01839580
v 0.02533128 0.00110411 -0.01959778
v -0.00957492 0.02053851 -0.01930886
v -0.02642147 -0.00838990 -0.01745916
v -0.01322278 0.03719931 -0.01890672
v 0.01375971 0.03912658 -0.01980766
v 0.00148196 -0.03371863 -0.01978014
v 0.00356785 -0.03181487 -0.01993776
v -0.01141952 -0.04097328 -0.01896146
v -0.02188641 0.00267566 -0.01714335
v 0.01074301 0.01076066 -0.02034261
v -0.02732007 0.03632821 -0.01712427
v -0.03622126 0.03566049 -0.01189596
v -0.00885693 0.02254407 -0.01938043
v 0.00960266 0.04569783 -0.02002006
v -0.03080267 0.05461046 -0.01629669
v -0.01145141 0.02473188 -0.01894497
v 0.00590013 -0.02384468 -0.01976152
v -0.02475249 0.05690918 -0.01719042
v -0.03268858 -0.00898607 -0.01578632
v -0.00737946 0.03134257 -0.01982865
v 0.00776935 0.05726913 -0.02011754
v 0.00921406 0.03347847 -0.02032834
v -0.00795368 -0.00165660 -0.01905399
v -0.00257173 -0.05643721 -0.01750855
v -0.00076818 -0.08476415 -0.00907659
v -0.00064081 -0.03768211 -0.01957765
v 0.00125230 -0.08524126 -0.00925947
v 0.00121565 -0.08730116 -0.00921384
v 0.00112726 -0.08931811 -0.00934672
v 0.00339581 -0.08756600 -0.00887410
v 0.00274875 -0.08951348 -0.00910148
v 0.00338361 -0.08787106 -0.00889026
v 0.00349237 -0.08757934 -0.00885158
v 0.00577616 -0.08799705 -0.00784362
v 0.00592323 -0.08602883 -0.00750826
v 0.00619397 -0.08808226 -0.00761837
v 0.00626946 -0.09003634 -0.00811046
v 0.00406533 -0.08564104 -0.00855123
v 0.00556016 -0.08990805 -0.00841683
v 0.00621425 -0.09198724 -0.00856390
v 0.00537077 -0.09184113 -0.00889822
v 0.00596010 -0.09393330 -0.00895852
v 0.00309729 -0.09149881 -0.00955996
v 0.00522747 -0.09381248 -0.00922060
v 0.00298669 -0.09349731 -0.00976949
v 0.00299089 -0.09559113 -0.00958292
v 0.00514314 -0.09583280 -0.00933948
v 0.00316652 -0.09695690 -0.00887646
v 0.00516316 -0.09610263 -0.00924955
v 0.00545140 -0.09817907 -0.00810374
v 0.00591633 -0.09827389 -0.00785311
v 0.00332418 -0.09795819 -0.00826080
v 0.00178062 -0.09339441 -0.00975476
v 0.00538522 -0.09587155 -0.00925831
v 0.00778724 -0.09230217 -0.00774313
v 0.00098129 -0.09128724 -0.00967829
v 0.00347662 -0.08554276 -0.00876736
v 0.00330683 -0.08958245 -0.00900903
v 0.00118480 -0.08440634 -0.00955650
v 0.02263256 0.05669319 -0.01919044
v -0.01675188 0.05167117 -0.01792273
v -0.03262988 -0.02748578 -0.01571773
v -0.00862489 0.06364671 -0.01964474
v -0.00978382 0.01235062 -0.01934131
v -0.00817438 -0.06269236 -0.01477548
v 0.01250860 -0.00732869 -0.01993755
v -0.01071271 -0.03077514 -0.01893247
v -0.02387706 0.01854516 -0.01812682
v -0.01464998 -0.02548597 -0.01857293
v 0.00711146 0.03576925 -0.02057254
v -0.03106694 0.04403896 -0.01632014
v -0.02807240 0.00526618 -0.01711145
v 0.00761423 -0.03208388 -0.02034156
v 0.00555410 -0.03191870 -0.02026714
v -0.01502006 -0.03865077 -0.01874078
v -0.02392049 0.00281921 -0.01697903
v 0.01762435 0.03058647 -0.01986822
v 0.00380178 -0.06545443 -0.01637711
v -0.00060032 0.05062330 -0.01965506
v 0.02834119 0.00491275 -0.01944325
v 0.00193013 -0.01736807 -0.01961047
v 0.01830958 -0.00850878 -0.01976553
v 0.01593208 -0.03195137 -0.02044306
v -0.01021724 -0.01028319 -0.01894378
v 0.01378078 0.05757060 -0.01965001
v 0.00849994 -0.00349118 -0.01998956
v -0.03046467 -0.01519620 -0.01646215
v 0.01778345 -0.01869436 -0.01992679
v 0.00617717 -0.06379103 -0.01553585
v 0.00782893 -0.06402440 -0.01512636
v 0.00707075 -0.06595819 -0.01537195
v 0.00843459 -0.06412002 -0.01492952
v 0.00853797 -0.06211552 -0.01474491
v 0.01012402 -0.06451743 -0.01377296
v 0.01064807 -0.06257794 -0.01345814
v 0.00844140 -0.06621600 -0.01473395
v 0.00835456 -0.06208495 -0.01481201
v 0.00608332 -0.06580344 -0.01568757
v 0.02437692 -0.03363917 -0.01996523
v -0.00481809 0.02635024 -0.01963507
v 0.00902900 0.02318046 -0.02010642
v -0.03193777 0.07170843 -0.00940972
v -0.03268883 0.06980855 -0.00981585
v -0.03261597 0.07012099 -0.00959515
v -0.03221265 0.07150352 -0.00834488
v -0.00451021 0.06123066 -0.01964078
v -0.03275038 0.06977597 -0.00963922
v 0.02228499 -0.04807992 -0.01879585
v 0.01081581 -0.05766891 -0.01446269
v -0.00779025 0.01224070 -0.01964538
v 0.03241094 -0.03685418 -0.01784986
v -0.01757836 0.02309271 -0.01836517
v -0.01295924 -0.03881653 -0.01881283
v 0.02391336 0.06274353 -0.01920464
v -0.01850083 -0.03841150 -0.01842995
v -0.01706200 -0.03768066 -0.01867109
v -0.01427590 -0.00791364 -0.01875445
v -0.00953831 0.02202631 -0.01930754
v -0.01861631 0.06003519 -0.01786139
v -0.03303110 0.03693638 -0.01532279
v 0.00549083 0.04811152 -0.02001419
v 0.00396702 -0.01553147 -0.01943589
v 0.02516942 -0.00921317 -0.01929582
v 0.02731205 -0.00944685 -0.01908557
v -0.03144202 0.01992151 -0.01560319
v 0.02827401 0.02738046 -0.01886403
v 0.00217870 -0.00230667 -0.02000974
v 0.02166307 0.02260257 -0.01966274
v 0.02863874 -0.04244840 -0.01893725
v 0.01857231 0.06424346 -0.01943299
v 0.02854976 0.05199512 -0.01886032
v -0.00420583 -0.01481909 -0.01940596
v 0.00344015 0.05035918 -0.02007923
v -0.01299156 -0.03509480 -0.01922853
v -0.01297998 -0.03461864 -0.01922856
v -0.01463935 -0.03655325 -0.01910192
v 0.02727686 -0.01150796 -0.01903490
v 0.01327225 0.06387687 -0.02012235
v 0.02104612 -0.00051895 -0.01984580
v 0.02181668 0.07299295 -0.01826788
v 0.00320702 0.04025777 -0.02075152
v -0.00857228 -0.02891665 -0.01890193
v 0.01267472 0.00234077 -0.02017178
v -0.00052410 -0.02941768 -0.01986331
v 0.00735834 -0.04023276 -0.02053612
v -0.00670015 0.05230133 -0.01925665
v -0.00669362 -0.05192483 -0.01770950
v 0.01816269 -0.02893487 -0.02020284
v 0.01435664 0.07201564 -0.02021950
v -0.02820861 0.00328894 -0.01740937
v -0.03442343 0.05243576 -0.01425222
v 0.02644071 0.03571863 -0.01869528
v -0.03344365 0.01533358 -0.01398989
v 0.02491496 0.06470479 -0.01918628
v -0.00020003 0.02189618 -0.01990804
v 0.00421569 -0.00935909 -0.01959544
v 0.02564441 0.01547645 -0.01972197
v 0.02528626 0.04621782 -0.01930469
v 0.03023410 0.01942977 -0.01863583
v -0.02600148 0.00509204 -0.01714866
v 0.01612579 -0.02669864 -0.02022037
v 0.00139816 0.05678030 -0.02045848
v -0.00254375 -0.02510545 -0.01999338
v -0.00188775 -0.00683711 -0.01927872
v -0.03191178 0.00745367 -0.01616551
v -0.03288022 0.05655057 -0.01492117
v -0.02588013 0.01544296 -0.01759042
v 0.00169252 -0.07401039 -0.01575084
v 0.02755241 0.01317810 -0.01936297
v -0.03255692 -0.02336569 -0.01581016
v -0.01923327 -0.04713801 -0.01818033
v 0.02734060 -0.00738022 -0.01915915
v 0.02953665 -0.00765825 -0.01876460
v -0.01680889 -0.02825918 -0.01859070
v -0.01284491 0.07033090 -0.02035639
v 0.02733093 0.06633450 -0.01820500
v -0.00632035 -0.05787383 -0.01595726
v -0.00453179 -0.05635512 -0.01708882
v 0.03183399 -0.00383971 -0.01836473
v -0.01795583 0.01504479 -0.01897925
v -0.01084022 0.07011695 -0.02018143
v 0.02252798 -0.00275472 -0.01960350
v 0.00992549 -0.01806592 -0.01963541
v 0.00538389 -0.03804838 -0.02033815
v 0.02064528 0.06306888 -0.01938091
v -0.00386056 -0.07822402 -0.01301821
v 0.00833248 -0.05776423 -0.01579814
v -0.00770416 0.01425956 -0.01952043
v -0.03322927 0.01745391 -0.01438907
v 0.02925903 -0.01996974 -0.01868998
v 0.02342459 0.07275825 -0.01783428
v 0.02150637 0.01791191 -0.01980655
v 0.00852281 -0.07706624 -0.01205411
v -0.01991469 0.00258388 -0.01752283
v -0.03461107 0.04423022 -0.01421129
v -0.02315124 -0.03599051 -0.01823785
v -0.01154613 0.02104503 -0.01896178
v -0.03227669 -0.00942128 -0.01601041
v -0.00808051 0.05116808 -0.01912929
v -0.00393461 -0.00668295 -0.01915848
v -0.01504839 -0.03444659 -0.01918272
v -0.01802275 0.01301002 -0.01903806
v 0.02899377 -0.00964317 -0.01886055
v -0.00247923 0.06945101 -0.02050416
v -0.00423742 -0.02704523 -0.01982866
v -0.01307992 0.06843570 -0.02099520
v -0.01000187 -0.00210067 -0.01888903
v -0.01194677 0.00005917 -0.01858910
v 0.03349328 -0.03920775 -0.01689668
v 0.02062348 -0.01898104 -0.01975529
v -0.01035568 0.07189979 -0.01912232
v -0.01763812 -0.01998797 -0.01852115
v -0.01669261 -0.01805874 -0.01833094
v -0.01648861 -0.01807344 -0.01834605
v -0.02105230 -0.01361097 -0.01813437
v 0.01455495 -0.01021704 -0.01983438
v -0.01650623 -0.01596847 -0.01857894
v 0.00071548 0.02181146 -0.01988851
v 0.00995872 0.06003453 -0.01999612
v -0.01874718 0.06626450 -0.01881688
v -0.01448981 -0.01818770 -0.01863209
v 0.02718988 0.06436128 -0.01851961
v 0.01635767 0.06771886 -0.02015368
v -0.00849186 -0.01644143 -0.01965698
v -0.03749171 0.03852632 -0.00937307
v -0.02986935 0.00939352 -0.01647313
v 0.02629438 -0.03786656 -0.02018774
v 0.01862041 -0.01677291 -0.01965605
v -0.00820969 -0.05639204 -0.01541359
v -0.00844255 -0.05410837 -0.01638916
v -0.01035840 -0.05406299 -0.01581689
v -0.01038677 -0.05379639 -0.01593480
v 0.02073359 0.06717623 -0.01942038
v 0.02173435 0.07470665 -0.01665566
v 0.02384649 0.07389793 -0.01650120
v 0.02520976 0.07247320 -0.01723912
v 0.02558261 0.07179013 -0.01751155
v -0.01182106 0.01040646 -0.01901579
v 0.00991070 0.05798406 -0.01998971
v 0.03034586 0.02302488 -0.01855384
v 0.02317241 -0.00193653 -0.01959338
v 0.00838348 -0.06825825 -0.01476168
v 0.00632649 -0.06789232 -0.01562166
v 0.00374072 -0.06749407 -0.01641570
v 0.00767657 0.07083571 -0.02154823
v -0.03095398 -0.03608223 -0.01639755
v 0.02056077 -0.02519997 -0.01945539
v 0.00751386 0.06445420 -0.02045176
v -0.02583975 0.01807692 -0.01767067
v 0.01401179 0.04946789 -0.01952950
v 0.00561147 -0.02987600 -0.02024127
v 0.00758237 -0.03287980 -0.02038378
v -0.03250935 -0.02131485 -0.01581810
v -0.02075041 0.06444246 -0.01838640
v 0.03185242 -0.00803568 -0.01795697
v -0.00737147 0.03070600 -0.01974923
v 0.03344518 -0.00628419 -0.01720518
v 0.03453320 -0.00662584 -0.01606195
v 0.03443149 -0.00869761 -0.01593458
v 0.03269986 -0.00821830 -0.01745458
v 0.03400754 -0.01063953 -0.01627899
v 0.03456249 -0.00874050 -0.01578878
v 0.03450839 -0.01078591 -0.01580338
v 0.03180075 -0.00590245 -0.01830733
v 0.03455885 -0.00818093 -0.01584716
v 0.00215975 -0.07364763 -0.01579896
v 0.00382362 -0.06500982 -0.01633987
v -0.03263221 0.05458418 -0.01542660
v -0.02281057 -0.02582169 -0.01792284
v 0.01462895 -0.00400748 -0.02009533
v -0.01673473 0.01492685 -0.01893025
v -0.02855184 -0.01732941 -0.01687273
v -0.01186945 0.00417564 -0.01866646
v -0.00254358 -0.07186220 -0.01614343
v -0.02524894 -0.04206513 -0.01777678
v -0.02660033 -0.04407108 -0.01744445
v -0.02725188 -0.04430187 -0.01731116
v -0.02526495 -0.04414217 -0.01765993
v -0.02721615 -0.04615777 -0.01703753
v -0.02528919 -0.04621238 -0.01757146
v -0.02705949 -0.04837818 -0.01632489
v -0.02512512 -0.04843894 -0.01683327
v -0.02907586 -0.04615900 -0.01627155
v -0.02487338 -0.04845477 -0.01686259
v -0.02310648 -0.04856967 -0.01705086
v -0.02316240 -0.04811718 -0.01727723
v -0.02112304 -0.04867118 -0.01738989
v -0.00549139 0.03266053 -0.02005870
v -0.03133508 0.02787818 -0.01589656
v -0.00656873 -0.05408032 -0.01710964
v -0.00600937 -0.05412993 -0.01728369
v -0.00656738 -0.05411998 -0.01710179
v 0.02762574 -0.00331597 -0.01907877
v -0.02270530 0.05824926 -0.01743255
v -0.00739709 -0.04541285 -0.01905832
v -0.03307104 -0.02546904 -0.01536736
v 0.03094230 0.03507167 -0.01752839
v -0.03410978 -0.00179843 -0.01578208
v -0.02192314 0.00479649 -0.01744217
v 0.03346486 -0.03709382 -0.01716683
v -0.03046897 0.00153003 -0.01785371
v -0.01471122 0.05570283 -0.01840853
v -0.00466116 -0.05423874 -0.01770060
v 0.00896540 -0.06014757 -0.01452285
v -0.02376039 0.07430264 -0.01526698
v -0.02309361 0.07577033 -0.01313267
v -0.02117079 0.07578521 -0.01368635
v -0.00251495 -0.02303902 -0.02006611
v -0.01251290 0.07160573 -0.01933842
v 0.02001453 -0.04146911 -0.01996344
v 0.02822138 0.07186618 -0.01564880
v -0.03326819 0.01438787 -0.01426830
v 0.02913305 -0.02195548 -0.01895259
v 0.02304510 0.07098300 -0.01897161
v 0.01703961 -0.02062849 -0.02017663
v 0.00566742 -0.04855743 -0.01932690
v -0.02565500 0.02679502 -0.01776359
v 0.00119438 -0.04658621 -0.01969340
v 0.01795554 -0.03921454 -0.02005714
v -0.00250744 0.06111310 -0.01991314
v 0.03384122 0.05302306 -0.01625744
v 0.02015803 -0.04785925 -0.01895203
v 0.00603952 0.06253784 -0.02048560
v 0.00005339 -0.01317449 -0.01924746
v -0.01996037 0.02954540 -0.01875216
v -0.02693650 -0.03175763 -0.01727725
v -0.01804890 0.03145112 -0.01884756
v 0.03046211 0.02710902 -0.01849690
v -0.02604579 0.00303850 -0.01712945
v -0.03326864 0.06436901 -0.01292727
v 0.00282943 -0.08093673 -0.01133544
v 0.02953829 -0.00556928 -0.01893104
v 0.03105822 -0.00578893 -0.01853143
v -0.01675364 0.06708357 -0.01919755
v -0.01223441 -0.00806334 -0.01889320
v 0.03200685 -0.01015367 -0.01771944
v -0.00873879 -0.03504940 -0.01896019
v 0.00322911 -0.08301011 -0.00981299
v -0.00401163 -0.00243833 -0.01976845
v 0.03441512 -0.01279880 -0.01595311
v -0.02328511 -0.04633102 -0.01783932
v 0.01790251 0.04488247 -0.01962328
v -0.01483916 0.07044138 -0.02005463
v -0.00452717 -0.00664140 -0.01910934
v 0.00104403 -0.08297800 -0.01015018
v -0.01578524 0.07386225 -0.01648036
v 0.00897994 -0.07654810 -0.01206192
v 0.00413887 0.07277272 -0.01956136
v 0.00606436 0.07271933 -0.02010035
v 0.03314279 0.03256447 -0.01631824
v -0.02121190 -0.04778754 -0.01776319
v 0.02593125 0.06659890 -0.01886174
v 0.02605228 -0.03582508 -0.02003378
v -0.02267444 0.06867530 -0.01818653
v -0.01426339 -0.04915020 -0.01796767
v 0.00855504 -0.06152627 -0.01473568
v 0.02575487 0.07236877 -0.01697658
v 0.00291942 0.07281218 -0.01924625
v 0.00263816 0.07456376 -0.01772874
v -0.02194409 -0.00339088 -0.01755387
v 0.02875480 -0.04672542 -0.01819261
v -0.03616906 0.01301051 -0.01162183
v 0.00787739 0.07173278 -0.02094288
v -0.01659717 0.06199439 -0.01824938
v -0.01506772 -0.03652087 -0.01907733
v -0.00452144 -0.06890571 -0.01602054
v -0.00640190 -0.05634770 -0.01635874
v -0.02097294 0.04581422 -0.01760537
v 0.00797359 0.00476778 -0.01998687
v 0.03184149 0.01458878 -0.01812937
v -0.02302500 0.04597270 -0.01750310
v 0.00220181 -0.01132264 -0.01918934
v 0.00570293 -0.08334792 -0.00847404
v 0.00530437 -0.08371895 -0.00844781
v -0.03621271 0.03774372 -0.01203855
v -0.01591569 0.01685915 -0.01870265
v 0.02985512 -0.00771189 -0.01864547
v 0.00785019 0.06480591 -0.02046460
v 0.00978016 -0.00157010 -0.01989832
v -0.00456797 -0.01879104 -0.01988386
v -0.00461783 0.05295868 -0.01932374
v -0.00893824 -0.04115481 -0.01913209
v -0.02644205 -0.00708416 -0.01763628
v -0.03305019 0.03611822 -0.01532000
v 0.00125219 -0.09778316 -0.00822729
v -0.00060265 -0.09778843 -0.00744451
v -0.00070505 -0.09728165 -0.00783257
v -0.00221176 -0.09918310 -0.00571625
v -0.00197634 -0.10028353 -0.00482942
v -0.00243110 -0.09781561 -0.00657068
v -0.00417015 -0.09791702 -0.00538835
v -0.02294045 0.01941956 -0.01818786
v -0.00394386 -0.00637765 -0.01921492
v 0.03351160 0.00196033 -0.01737776
v -0.02450344 -0.00923878 -0.01795792
v 0.02215957 -0.02119028 -0.01965846
v 0.00797241 -0.03212125 -0.02031430
v -0.03109150 0.04230827 -0.01626072
v -0.03116619 0.03818961 -0.01617425
v 0.02614191 0.02760539 -0.01903793
v 0.01934948 0.01606710 -0.01989391
v 0.00970424 -0.04899654 -0.01893615
v 0.01176209 -0.04890431 -0.01903950
v -0.02452631 0.07075790 -0.01756559
v 0.00120060 -0.09746193 -0.00842823
v -0.03332733 0.01335467 -0.01438326
v 0.03087772 -0.03480509 -0.01904964
v 0.00940041 -0.04038294 -0.02067290
v 0.00348007 0.05241637 -0.02011360
v -0.02326306 -0.04264414 -0.01806828
v 0.02599138 0.07050192 -0.01793999
v -0.00903624 -0.02888066 -0.01887954
v -0.00938821 0.02874482 -0.01935300
v -0.02399565 0.00706229 -0.01758257
v -0.00694523 -0.04544492 -0.01909395
v -0.02699574 0.05035959 -0.01718252
v -0.02276337 -0.02377055 -0.01793207
v -0.02977845 0.06862570 -0.01505169
v -0.03564411 0.02949002 -0.01208292
v -0.00430149 -0.01683000 -0.01956395
v -0.03260655 0.05499855 -0.01537395
v -0.01960014 0.02531639 -0.01833052
v 0.02772812 0.07197474 -0.01595174
v -0.01686210 0.04549168 -0.01778675
v 0.00283384 -0.08322166 -0.00974934
v 0.00347253 0.05660330 -0.02048381
v -0.01301201 -0.03668238 -0.01916700
v -0.02603867 0.05638403 -0.01694403
v -0.00709815 0.06568421 -0.02019539
v -0.00144426 0.02004801 -0.01999216
v -0.00044339 0.06930600 -0.02066242
v 0.02008111 -0.03525339 -0.02024999
v 0.00143849 -0.03577287 -0.01975803
v 0.00349955 -0.03384849 -0.02000134
v 0.02421841 -0.02753430 -0.01964450
v -0.00639102 -0.01664041 -0.01959095
v 0.02631797 0.07353346 -0.01516798
v 0.02487933 0.06379404 -0.01923181
v -0.00454398 -0.06614160 -0.01632435
v 0.00633677 -0.00539420 -0.01980376
v -0.01499434 0.04130556 -0.01818077
v 0.01830845 -0.04344556 -0.01962320
v 0.03106286 -0.02423357 -0.01869668
v 0.02778584 0.01315344 -0.01934381
v 0.00555987 0.06884342 -0.02096648
v -0.02878274 0.05656899 -0.01668192
v -0.02252341 -0.01142778 -0.01813665
v 0.00280737 -0.09146715 -0.00958858
v 0.00865778 -0.07475699 -0.01329897
v 0.02103470 -0.00259980 -0.01971312
v -0.01869949 0.05592360 -0.01780424
v -0.01131127 0.03506720 -0.01932189
v -0.01648899 -0.01793051 -0.01835910
v -0.00055616 -0.07119773 -0.01653208
v -0.03236604 0.05458581 -0.01554297
v 0.03110806 -0.04504365 -0.01742771
v 0.00343862 -0.03629914 -0.02000565
v -0.03326654 0.01957519 -0.01468978
v -0.02761397 0.02578889 -0.01725057
v 0.02647073 -0.04212916 -0.01953480
v -0.00657482 0.06976089 -0.02027017
v -0.01506048 -0.03677091 -0.01903224
v -0.01171761 0.01241090 -0.01883091
v -0.03226472 -0.00266754 -0.01652594
v -0.01240458 0.07205564 -0.01900913
v 0.02214624 -0.03345667 -0.02046904
v 0.02698583 -0.02369717 -0.01952322
v 0.02061594 -0.02315545 -0.01943710
v -0.00490215 0.04274307 -0.01944431
v -0.00516402 0.03877984 -0.02000372
v 0.00347028 0.05208388 -0.02011932
v 0.02517811 0.06466499 -0.01910882
v 0.00542478 0.04607603 -0.02007000
v 0.02042315 -0.02717604 -0.01975815
v -0.00007669 0.03643322 -0.02072015
v 0.00396871 0.04219148 -0.02050697
v -0.00204795 -0.01328623 -0.01928959
v 0.01850478 -0.01876723 -0.01988294
v -0.02564063 0.00299300 -0.01708361
v 0.01092325 0.01634611 -0.02019285
v -0.02524105 -0.03998135 -0.01792165
v -0.02525406 -0.04343421 -0.01768137
v -0.02292370 -0.02990843 -0.01796901
v 0.02261869 0.04237827 -0.01945549
v -0.02872687 0.05861294 -0.01666125
v 0.01166821 -0.04335408 -0.01981394
v 0.02317363 -0.00074008 -0.01968775
v 0.01629493 -0.02120833 -0.02010033
v 0.01049067 0.03334942 -0.02025039
v -0.01795337 0.01300427 -0.01903969
v 0.01415001 -0.02451316 -0.02002698
v -0.01439341 0.07207179 -0.01868128
v -0.01844041 0.06639746 -0.01887379
v 0.00174526 -0.05902124 -0.01680652
v 0.02921789 0.00684366 -0.01923270
v -0.03241035 -0.00049371 -0.01719745
v 0.03182700 -0.00415925 -0.01836208
v -0.01437682 0.07214785 -0.01863144
v 0.00233658 0.00528813 -0.02010105
v 0.00303953 -0.02765953 -0.01994825
v -0.02327141 -0.04425207 -0.01796412
v -0.02609622 0.00192572 -0.01720839
v 0.02951641 -0.00858304 -0.01875693
v -0.00385604 0.00579382 -0.01991993
v 0.00328432 -0.08329276 -0.00960298
v -0.00589936 0.00647108 -0.01983081
v -0.01502975 0.06850930 -0.02054017
v -0.00638338 -0.06472442 -0.01560643
v 0.00273898 0.01958635 -0.01991722
v -0.00252457 -0.05841085 -0.01718655
v -0.00846476 -0.05379065 -0.01649044
v 0.02735851 0.00298443 -0.01962246
v 0.02866779 0.03959550 -0.01853784
v 0.02648440 0.03986303 -0.01888875
v 0.02435212 0.04008811 -0.01906325
v 0.02004420 0.03927865 -0.01945522
v 0.01791619 0.03870549 -0.01954960
v 0.01566175 0.03485133 -0.01980143
v 0.01708832 0.03470391 -0.01969937
v 0.01778480 0.03463391 -0.01965877
v 0.03432371 0.00584505 -0.01667835
v 0.01407083 0.07016260 -0.02103357
v 0.01419220 0.07014837 -0.02101706
v 0.00045759 0.01366424 -0.02008996
v -0.00091153 0.01171511 -0.02001449
v -0.00164974 0.01109408 -0.01994998
v 0.00292274 0.02570478 -0.01979943
v 0.00919967 0.03140009 -0.02020591
v 0.00919944 0.03182907 -0.02024201
v 0.00879364 0.03143848 -0.02021839
v -0.02189719 0.07414377 -0.01600799
v -0.01489464 0.07216789 -0.01851289
v -0.03142021 0.02167785 -0.01567400
v -0.00277631 0.04660274 -0.01962788
v -0.00321819 -0.08298503 0.01071327
v -0.00487315 -0.08262684 0.00972490
v -0.00571196 -0.08245981 0.00929144
v -0.00541772 -0.08133363 0.01019391
v -0.00233757 -0.08312572 0.01100720
v -0.00091896 -0.08334873 0.01146386
v -0.00288464 -0.08117164 0.01169210
v -0.00057493 -0.08154404 0.01247883
v -0.00728459 -0.08213098 0.00840590
v -0.00789265 -0.08100844 0.00885224
v -0.00828365 -0.08186989 0.00760076
v -0.01025844 -0.07968524 0.00779757
v -0.00839278 -0.08015176 0.00920332
v -0.00967660 -0.07807799 0.00963310
v -0.00921395 -0.07817952 0.00991589
v -0.00950161 -0.07745483 0.01017363
v -0.01115528 -0.07769511 0.00845789
v -0.01003595 -0.07620727 0.01062869
v -0.01176955 -0.07572791 0.00910927
v -0.01233533 -0.07722922 0.00677480
v -0.01192022 -0.07567014 0.00890233
v -0.01052134 -0.07424321 0.01124197
v -0.00877636 -0.07464478 0.01239517
v -0.00859653 -0.07270375 0.01284358
v -0.01033970 -0.07229538 0.01165803
v -0.00830495 -0.07473432 0.01261864
v -0.00823914 -0.07278367 0.01306895
v -0.00617199 -0.07317150 0.01402655
v -0.00638237 -0.07508715 0.01347271
v -0.00549014 -0.07523999 0.01381838
v -0.00480011 -0.07720904 0.01314459
v -0.00676184 -0.07686243 0.01233548
v -0.00765714 -0.07670233 0.01195734
v -0.01126932 -0.07202990 0.01080407
v -0.01108784 -0.07009024 0.01125813
v -0.01012944 -0.07034825 0.01206563
v -0.01094893 -0.06811524 0.01156535
v -0.01185192 -0.06986917 0.01054292
v -0.01166313 -0.06792152 0.01095686
v -0.01075435 -0.06618647 0.01206467
v -0.01158211 -0.06597124 0.01140267
v -0.01060409 -0.06422089 0.01241104
v -0.00968026 -0.06645470 0.01287235
v -0.01135253 -0.06402459 0.01180456
v -0.01052526 -0.06219601 0.01251096
v -0.01094975 -0.06208215 0.01215523
v -0.01045285 -0.06016580 0.01258871
v -0.01257056 -0.06160553 0.01060246
v -0.01293814 -0.06354883 0.01024138
v -0.01209769 -0.05966480 0.01093241
v -0.01346070 -0.05919446 0.00930342
v -0.01315902 -0.06744794 0.00936716
v -0.01182456 -0.07540159 0.00920374
v -0.00951971 -0.06450636 0.01329464
v -0.00599066 -0.07123172 0.01448012
v -0.00992470 -0.06840099 0.01247486
v -0.00406573 -0.07546532 0.01428339
v -0.00384152 -0.07356114 0.01488493
v -0.00451041 -0.07763533 0.01295806
v -0.00486169 -0.07898511 0.01188110
v -0.00378912 -0.07918589 0.01237591
v -0.00295859 -0.08115835 0.01166058
v -0.00802046 -0.07083675 0.01347406
v -0.00583255 -0.06927266 0.01485359
v -0.00541075 -0.07133744 0.01473444
v -0.00516431 -0.06939119 0.01513133
v -0.00350737 -0.06965791 0.01569370
v -0.00567004 -0.06731726 0.01524222
v -0.00483897 -0.06744686 0.01550491
v -0.00338391 -0.06767008 0.01594760
v -0.00777206 -0.06889055 0.01387038
v -0.00368292 -0.07160248 0.01526006
v -0.00150429 -0.07186605 0.01559452
v -0.00143753 -0.07116201 0.01576234
v -0.00142928 -0.06991927 0.01605899
v -0.00131290 -0.06993463 0.01608281
v -0.00717296 -0.07861141 0.01108901
v -0.01353254 -0.05973864 0.00919329
v -0.01347713 -0.05910865 0.00932883
v -0.00553300 -0.07328671 0.01430082
v -0.00205460 -0.07576078 0.01483458
v -0.00188820 -0.07628602 0.01465997
v -0.00190122 -0.07381227 0.01525900
v -0.01324532 -0.06939809 0.00892291
v -0.00163578 -0.07384722 0.01531292
v -0.00153174 -0.07223315 0.01553190
v 0.00071961 -0.07216721 0.01608517
v 0.00059903 -0.07415742 0.01584118
v -0.01055563 -0.06013949 0.01250846
v -0.01251955 -0.07668593 0.00695892
v -0.01276914 -0.07705562 0.00614521
v -0.01154428 -0.07920072 0.00607114
v -0.01090553 -0.08018197 0.00564991
v -0.01347444 -0.07676433 0.00507960
v -0.01411222 -0.06698758 0.00761700
v -0.00208343 -0.07765620 0.01411248
v -0.01195780 -0.07181883 0.01010446
v -0.01421068 -0.06893743 0.00717635
v -0.01488073 -0.06848396 0.00534246
v -0.01433674 -0.06684772 0.00705866
v -0.01411755 -0.06639010 0.00776231
v -0.01495351 -0.06652994 0.00583375
v -0.01487973 -0.06843828 0.00535316
v -0.00180776 -0.07579475 0.01489158
v 0.00259131 -0.07435879 0.01596268
v 0.00247382 -0.07630817 0.01552765
v -0.00552727 -0.06534547 0.01556277
v -0.01413854 -0.07089143 0.00668525
v -0.01481968 -0.07043769 0.00485465
v -0.01542236 -0.06998586 0.00300085
v -0.01480391 -0.07239032 0.00438022
v -0.01546922 -0.06852316 0.00336639
v -0.01465099 -0.07434629 0.00386524
v -0.01399467 -0.07479943 0.00570319
v -0.01421564 -0.06503282 0.00811734
v -0.01502235 -0.06457602 0.00632386
v -0.01515912 -0.06262045 0.00683407
v -0.01598008 -0.06216330 0.00504481
v -0.01606890 -0.06020890 0.00554083
v -0.01645691 -0.05824721 0.00612532
v -0.01500818 -0.06067188 0.00725920
v -0.01651404 -0.05822392 0.00604044
v -0.01713210 -0.05896506 0.00401108
v -0.01783705 -0.05777645 0.00450139
v -0.01581976 -0.06411945 0.00452764
v -0.00124116 -0.06892936 0.01624267
v -0.00107780 -0.06797558 0.01642483
v -0.00061074 -0.06603470 0.01675650
v -0.00089932 -0.06400702 0.01699359
v -0.00316063 -0.06367480 0.01637385
v -0.00309329 -0.06164038 0.01643411
v -0.00389139 -0.06356544 0.01616426
v -0.00440572 -0.07727336 0.01328233
v -0.01411052 -0.07284436 0.00620720
v -0.01379903 -0.06520383 0.00874192
v -0.00102654 -0.06599173 0.01672672
v -0.00844844 -0.07073638 0.01318247
v -0.00291508 -0.08134391 0.01160332
v -0.00444942 -0.06550410 0.01585949
v -0.01349998 -0.05918113 0.00925753
v -0.00309079 -0.06149453 0.01643055
v -0.00231170 -0.05969940 0.01663672
v -0.00300866 -0.05962031 0.01655402
v -0.00287454 -0.05764134 0.01684473
v -0.00530341 -0.05926033 0.01581893
v -0.00536660 -0.06129820 0.01577296
v -0.00514409 -0.05730228 0.01619656
v -0.00577887 -0.05917784 0.01562987
v -0.00271206 -0.05568591 0.01723327
v -0.00631807 -0.06111696 0.01531953
v -0.00564798 -0.05722878 0.01606093
v -0.00182177 -0.05775908 0.01696163
v -0.01031777 -0.07966774 0.00774049
v -0.01021417 -0.08118535 0.00520810
v -0.01648242 -0.05819583 0.00614508
v -0.01143521 -0.07398249 0.01040373
v -0.00146476 -0.07187065 0.01559971
v -0.00315354 -0.06163115 0.01641586
v -0.00764938 -0.06694129 0.01430387
v -0.00911970 -0.06256385 0.01364613
v -0.00854997 -0.06062547 0.01394744
v -0.00783926 -0.06079051 0.01442399
v -0.01570093 -0.06607459 0.00402274
v -0.00786366 -0.06286058 0.01451190
v -0.01320904 -0.07330346 0.00797266
v -0.00116581 -0.06796642 0.01641826
v 0.00252690 -0.07639902 0.01549041
v 0.00420098 -0.07830246 0.01454722
v 0.00223142 -0.07814813 0.01463504
v 0.00186326 -0.07993279 0.01353681
v -0.00026052 -0.07971475 0.01339160
v 0.00013143 -0.07794986 0.01457195
v -0.00031233 -0.07970768 0.01337992
v 0.00124464 -0.08169783 0.01244980
v -0.00027715 -0.07981589 0.01334368
v -0.00735225 -0.06499628 0.01468578
v -0.01300768 -0.07526061 0.00744336
v -0.00797829 -0.06485574 0.01428844
v -0.01374854 -0.06113970 0.00891876
v -0.01315147 -0.07135262 0.00842540
v -0.01552589 -0.06803110 0.00350122
v -0.00159764 -0.07772415 0.01422971
v -0.00774792 -0.05877601 0.01456704
v -0.00123141 -0.05582121 0.01725684
v -0.01311024 -0.06549689 0.00982250
v 0.00043233 -0.07610935 0.01543809
v -0.01577978 -0.05682458 0.00840859
v -0.00525920 -0.08074539 0.01068160
v -0.00916995 -0.07640832 0.01120918
v -0.01358227 -0.06120314 0.00914568
v -0.00764800 -0.08030732 0.00962195
v -0.00812540 -0.06682392 0.01395292
v -0.00327010 -0.06567424 0.01616821
v -0.00542422 -0.06334069 0.01574626
v -0.00860141 -0.08244921 0.00657377
v -0.00701754 -0.06305218 0.01505658
v -0.01423925 -0.06308000 0.00859409
v -0.00830228 -0.06876740 0.01351469
v -0.01352237 -0.06334320 0.00952443
v -0.00705317 -0.07808125 0.01145049
v -0.01491101 -0.06846125 0.00524926
v -0.01216587 -0.07376602 0.00969622
v -0.01507034 -0.05871812 0.00774735
v -0.00903883 -0.08165112 0.00689258
v -0.00577105 -0.08065273 0.01046015
v -0.00681659 -0.07867504 0.01123905
v -0.01028316 -0.07972329 0.00771709
v -0.00248468 -0.07941339 0.01290007
v 0.00951877 -0.08688166 0.00453008
v 0.00973204 -0.08883909 0.00399726
v 0.01028057 -0.08646304 0.00227284
v 0.01034132 -0.08841676 0.00178512
v 0.01005947 -0.09079931 0.00343069
v 0.01042515 -0.08822138 0.00084268
v 0.01037339 -0.08608807 0.00049198
v 0.01022900 -0.09275568 0.00291080
v 0.01055419 -0.09250919 0.00163211
v 0.01052251 -0.09457322 0.00169489
v 0.01029975 -0.09470965 0.00242011
v 0.01040552 -0.08602892 0.00020390
v 0.01091365 -0.09233519 0.00067637
v 0.01104342 -0.09429059 0.00016823
v 0.01131145 -0.09190771 -0.00147325
v 0.01082031 -0.08994351 -0.00085827
v 0.01141463 -0.09386247 -0.00197352
v 0.01055699 -0.09145219 -0.00328217
v 0.01095174 -0.09341404 -0.00386865
v 0.00964771 -0.09099289 -0.00504532
v 0.01003619 -0.09295460 -0.00562995
v 0.00834734 -0.09052408 -0.00669283
v 0.01078360 -0.09536219 -0.00428870
v 0.00990090 -0.09490355 -0.00605971
v 0.00982252 -0.09729105 -0.00447430
v 0.01014185 -0.09773598 -0.00253672
v 0.00857820 -0.09897420 -0.00451869
v 0.00990364 -0.09816734 -0.00043429
v 0.00911576 -0.09683668 -0.00629733
v 0.00834312 -0.09442847 -0.00763111
v 0.00765180 -0.09627199 -0.00787436
v 0.00762063 -0.09425417 -0.00814590
v 0.00806437 -0.09819871 -0.00632036
v 0.01095039 -0.09624057 -0.00027402
v 0.01039730 -0.08949605 -0.00276519
v 0.00846063 -0.09247908 -0.00719609
v 0.01115277 -0.09580834 -0.00236586
v 0.01036682 -0.09653428 0.00132977
v 0.00761512 -0.09636299 -0.00788563
v 0.01079002 -0.08408604 0.00055998
v 0.01097455 -0.08365337 -0.00152657
v 0.01177252 -0.08172055 -0.00129275
v 0.01070589 -0.08320967 -0.00347914
v 0.01188988 -0.08216056 0.00070455
v 0.01204329 -0.08142398 -0.00129986
v 0.01167396 -0.08144194 -0.00254749
v 0.01268723 -0.08072004 0.00082010
v 0.01298971 -0.08023509 0.00084912
v 0.01285308 -0.08033060 0.00134895
v 0.01410581 -0.07874717 0.00302089
v 0.01336197 -0.07966598 0.00301537
v 0.01468962 -0.07832422 0.00081627
v 0.01483849 -0.07810780 0.00082521
v 0.01337235 -0.07980725 -0.00129601
v 0.01550079 -0.07680297 0.00295776
v 0.01605000 -0.07640509 0.00088381
v 0.01679142 -0.07447090 0.00113436
v 0.01613739 -0.07597006 -0.00117402
v 0.01646158 -0.07488319 -0.00100645
v 0.01677530 -0.07422553 0.00000047
v 0.01682944 -0.07403466 -0.00090888
v 0.01718897 -0.07209117 -0.00054542
v 0.01711575 -0.07241787 0.00100310
v 0.01745652 -0.07014544 -0.00015476
v 0.01760777 -0.06971196 -0.00223148
v 0.01734405 -0.07051709 0.00161875
v 0.01735109 -0.07058003 0.00190841
v 0.01765308 -0.06776081 -0.00177511
v 0.01744771 -0.06731866 -0.00374638
v 0.01757584 -0.06536953 -0.00331450
v 0.01779637 -0.06581206 -0.00134771
v 0.01781865 -0.06342319 -0.00291653
v 0.01760180 -0.06298076 -0.00488441
v 0.01808281 -0.06386678 -0.00096264
v 0.01826706 -0.06148186 -0.00257935
v 0.01731157 -0.06492594 -0.00526837
v 0.01738605 -0.07165881 -0.00263568
v 0.01776813 -0.06624853 0.00069263
v 0.01759496 -0.06819656 0.00027407
v 0.01751555 -0.06863179 0.00232955
v 0.01710423 -0.07101118 0.00401339
v 0.01724279 -0.06906231 0.00444219
v 0.01764286 -0.06668264 0.00276167
v 0.01745590 -0.06711525 0.00484894
v 0.01759605 -0.06516641 0.00527727
v 0.01805569 -0.06430328 0.00107737
v 0.01654936 -0.07140259 0.00605957
v 0.01794918 -0.06473785 0.00314086
v 0.01843495 -0.06236027 0.00143500
v 0.01763914 -0.06658143 0.00229276
v 0.01816656 -0.06279090 0.00354636
v 0.01880067 -0.06041693 0.00179663
v 0.01893874 -0.05998313 -0.00027619
v 0.01914831 -0.05956509 -0.00023633
v 0.01857661 -0.06084863 0.00389488
v 0.01500027 -0.07789463 -0.00130757
v 0.01499732 -0.07745740 -0.00333870
v 0.01576723 -0.07616019 -0.00324968
v 0.01518912 -0.07611555 -0.00520859
v 0.01468219 -0.07701257 -0.00527752
v 0.01302825 -0.07883715 -0.00523723
v 0.01249076 -0.07833064 -0.00709677
v 0.01397290 -0.07655814 -0.00709980
v 0.01199591 -0.07733937 -0.00885201
v 0.01302762 -0.07609797 -0.00885230
v 0.01404955 -0.07417060 -0.00868469
v 0.01438724 -0.07433311 -0.00806739
v 0.01424344 -0.07363257 -0.00861142
v 0.01277032 -0.07370230 -0.01033846
v 0.01361486 -0.07177062 -0.01011840
v 0.01231284 -0.07130176 -0.01176543
v 0.01147706 -0.07323366 -0.01198807
v 0.01098876 -0.07096639 -0.01278300
v 0.01279882 -0.06936135 -0.01143935
v 0.01107089 -0.07312491 -0.01232753
v 0.01114414 -0.07378863 -0.01202513
v 0.00955474 -0.07274971 -0.01345170
v 0.01037734 -0.07081749 -0.01322515
v 0.01390490 -0.06975196 -0.01007590
v 0.01388690 -0.06764668 -0.01031009
v 0.01320982 -0.06741911 -0.01109111
v 0.01388139 -0.06555178 -0.01050118
v 0.01147644 -0.06693975 -0.01261060
v 0.01203177 -0.06500102 -0.01230503
v 0.01466699 -0.06789174 -0.00948996
v 0.01107303 -0.06476535 -0.01300852
v 0.01103324 -0.06682265 -0.01297373
v 0.00950079 -0.06645450 -0.01405845
v 0.01366816 -0.06547802 -0.01075687
v 0.00893837 -0.06839306 -0.01436192
v 0.01393666 -0.07050299 -0.00990664
v 0.01414446 -0.06983126 -0.00980522
v 0.01514611 -0.06595115 -0.00916186
v 0.01507202 -0.07463265 -0.00695501
v 0.01109708 -0.06269499 -0.01309761
v 0.01468233 -0.07526003 -0.00699304
v 0.01163383 -0.07562688 -0.01047219
v 0.01359498 -0.07901105 -0.00330613
v 0.01599631 -0.06836125 -0.00785100
v 0.01630036 -0.06641641 -0.00747114
v 0.01618361 -0.07553403 -0.00321969
v 0.01884704 -0.05976802 -0.00123855
v 0.01560271 -0.06401002 -0.00882710
v 0.01660983 -0.06447170 -0.00709287
v 0.01411003 -0.06353653 -0.01041775
v 0.01586712 -0.06206421 -0.00843551
v 0.01689283 -0.06882024 -0.00608408
v 0.01400817 -0.07192804 -0.00954746
v 0.01449105 -0.06159356 -0.01006064
v 0.01235746 -0.07847106 -0.00709192
v 0.01139046 -0.07801036 -0.00883801
v 0.01048441 -0.08037771 -0.00700788
v 0.00988900 -0.07944741 -0.00874865
v 0.01124982 -0.08083351 -0.00520219
v 0.01037777 -0.08050786 -0.00700829
v 0.00943309 -0.07801348 -0.01040867
v 0.00999842 -0.07753932 -0.01045841
v 0.00929550 -0.07991161 -0.00868835
v 0.00781881 -0.07943851 -0.01028373
v 0.00712005 -0.07920622 -0.01107779
v 0.00917948 -0.07728048 -0.01132673
v 0.01087353 -0.08148870 -0.00525080
v 0.00982112 -0.08275097 -0.00524953
v 0.00836994 -0.08227849 -0.00685246
v 0.00734507 -0.07990671 -0.01025909
v 0.00826183 -0.08224455 -0.00696603
v 0.01713601 -0.07252704 0.00150224
v 0.01652322 -0.07076348 -0.00644456
v 0.01717148 -0.07121642 -0.00460424
v 0.01661153 -0.07315504 -0.00490844
v 0.01594783 -0.07270172 -0.00674420
v 0.01295418 -0.07892275 -0.00523636
v 0.01036200 -0.08559070 -0.00181522
v 0.01794285 -0.06474327 0.00316862
v 0.01143637 -0.08170693 -0.00332924
v 0.01611314 -0.07576608 -0.00211223
v 0.01473189 -0.07825490 0.00047677
v 0.00829229 -0.08237215 -0.00685249
v 0.00871434 -0.08419115 -0.00527532
v 0.01030343 -0.08030401 -0.00727650
v 0.00847030 -0.08467034 -0.00531990
v 0.00692444 -0.08419555 -0.00689482
v 0.00816664 -0.08661519 -0.00569988
v 0.00634286 -0.08613364 -0.00719263
v 0.00808772 -0.08856552 -0.00614631
v 0.00870589 -0.08679391 -0.00508961
v 0.00849909 -0.08871254 -0.00563108
v 0.00822402 -0.08976593 -0.00647466
v 0.00585280 -0.08388001 -0.00792338
v 0.00883045 -0.08480700 -0.00483191
v 0.01142621 -0.08258644 0.00287364
v 0.01114992 -0.06064853 -0.01308739
v 0.01110173 -0.06063673 -0.01312251
v 0.01114459 -0.06054833 -0.01311366
v 0.01094467 -0.05838778 -0.01396769
v 0.01029713 -0.05822774 -0.01444684
v 0.01216868 -0.05871046 -0.01296821
v 0.01335820 -0.05722721 -0.01295604
v 0.01305738 -0.06112150 -0.01166874
v 0.01703267 -0.06687139 -0.00565567
v 0.01556698 -0.07030305 -0.00819383
v 0.01845775 -0.06192367 -0.00060374
v 0.01691113 -0.07359949 -0.00296503
v 0.01775440 -0.06217835 -0.00473556
v 0.01809697 -0.06123558 -0.00365458
v 0.01799866 -0.06103817 -0.00453199
v 0.01729380 -0.06079774 -0.00640704
v 0.01686522 -0.06252567 -0.00669862
v 0.01735423 -0.06058533 -0.00637345
v 0.01727336 -0.06055176 -0.00649641
v 0.01688988 -0.05877262 -0.00793987
v 0.01634628 -0.06012363 -0.00810742
v 0.01809488 -0.05865111 -0.00612267
v 0.00708952 -0.08181016 -0.00850587
v 0.01792307 -0.06488393 0.00311328
v 0.01756554 -0.06321343 0.00575606
v 0.01325677 -0.05667183 -0.01334480
v 0.01196644 -0.05631613 -0.01447065
v 0.01252900 -0.06306088 -0.01198228
v 0.01389021 -0.06346876 -0.01064287
v 0.01880120 -0.05954262 -0.00226752
v 0.01030599 -0.07515740 -0.01211159
v 0.01151056 -0.07558029 -0.01063837
v 0.01813451 -0.06281206 0.00365783
v 0.00781586 -0.08117149 -0.00856269
v 0.00757948 -0.09875153 -0.00631286
v 0.01505558 -0.05965505 -0.00975779
v 0.01488813 -0.07223877 -0.00846287
v 0.01392167 -0.06140455 -0.01070641
v 0.01164417 -0.08128026 -0.00328679
v 0.01388537 -0.06446852 -0.01057690
v 0.01750677 -0.06856186 0.00200810
v 0.01062769 -0.08798658 -0.00033155
v 0.00969740 -0.08708961 -0.00412048
v 0.01069907 -0.08426814 0.00144364
v 0.01872352 -0.05910357 -0.00427655
v 0.01846835 -0.06067850 -0.00244437
v 0.01579095 -0.07508731 -0.00513558
v 0.00983294 -0.08514067 -0.00369079
v 0.01419590 -0.07879629 -0.00129142
v 0.01736852 -0.06926897 -0.00419274
v 0.01155568 -0.07572710 -0.01047366
v 0.01049404 -0.08754616 -0.00232403
v 0.01330236 -0.07936838 -0.00330731
v 0.00765865 -0.09637607 -0.00784264
v 0.00949627 -0.08903696 -0.00453078
v 0.00805915 -0.09043760 -0.00697699
v -0.03383270 0.06975800 0.00043091
v -0.03355698 0.07002822 0.00134119
v -0.03231608 0.07148409 0.00133189
v -0.03264299 0.07105489 0.00346054
v -0.03144685 0.07217287 0.00124571
v -0.03083102 0.07255711 0.00329688
v -0.03049499 0.07271274 0.00442057
v -0.03022459 0.07294826 0.00321525
v -0.03084470 0.07252620 0.00543060
v -0.03021425 0.07295210 0.00535037
v -0.03104565 0.07209393 0.00752201
v -0.02961014 0.07320303 0.00737286
v -0.03227755 0.07133987 0.00556039
v -0.02818225 0.07420841 0.00506376
v -0.02814709 0.07397562 0.00713475
v -0.02877235 0.07355368 0.00935162
v -0.02901028 0.07340575 0.00938498
v -0.03102710 0.07232202 0.00970871
v -0.03182904 0.07167584 0.00978563
v -0.02789710 0.07419140 0.00602956
v -0.02764425 0.07440054 0.00495408
v -0.02679390 0.07476406 0.00265792
v -0.02673670 0.07477325 0.00285064
v -0.03133205 0.07186242 0.00871519
v -0.02953650 0.07313512 0.01160955
v -0.02837914 0.07396410 0.01147361
v -0.02584853 0.07427197 0.01295147
v -0.02530653 0.07381674 0.01482204
v -0.02426559 0.07408474 0.01458485
v -0.02457178 0.07452936 0.01264339
v -0.02445162 0.07492497 0.01056657
v -0.02388267 0.07477624 0.01250308
v -0.02333252 0.07441375 0.01439360
v -0.02133963 0.07522532 0.01401132
v -0.02083918 0.07429777 0.01578028
v -0.01885380 0.07502408 0.01537965
v -0.01938798 0.07556815 0.01352820
v -0.01839115 0.07366663 0.01705612
v -0.02007265 0.07310836 0.01740911
v -0.01639739 0.07448818 0.01667599
v -0.01686804 0.07539607 0.01500947
v -0.01746476 0.07558761 0.01297550
v -0.01995574 0.07573043 0.01159460
v -0.02250935 0.07360483 0.01609758
v -0.02043217 0.07317435 0.01724935
v -0.01803666 0.07570279 0.01103177
v -0.01554545 0.07556264 0.01241325
v -0.01612700 0.07556816 0.01044593
v -0.01862063 0.07568082 0.00905854
v -0.01671053 0.07555116 0.00847376
v -0.01420580 0.07556473 0.00988831
v -0.01480032 0.07542268 0.00788924
v -0.01227775 0.07563911 0.00934743
v -0.01729044 0.07557523 0.00651043
v -0.01471168 0.07515100 0.01526705
v -0.01444420 0.07484849 0.01619662
v -0.01387738 0.07490980 0.01604711
v -0.01689486 0.07544972 0.01491435
v -0.01397317 0.07358639 0.01789361
v -0.01203178 0.07381248 0.01738537
v -0.01362984 0.07549560 0.01184195
v -0.01287136 0.07550741 0.00735059
v -0.01035618 0.07563984 0.00879071
v -0.00977492 0.07563101 0.01075732
v -0.00787051 0.07543667 0.01015863
v -0.00971340 0.07563694 0.01096492
v -0.01146476 0.07554576 0.01210474
v -0.00919098 0.07565277 0.01273051
v -0.00845894 0.07536392 0.00817447
v -0.01112474 0.07551342 0.01325741
v -0.00863928 0.07530785 0.01462481
v -0.01056485 0.07526161 0.01517174
v -0.00812527 0.07453450 0.01642694
v -0.00978691 0.07437307 0.01686966
v -0.01009254 0.07440643 0.01683956
v -0.00670959 0.07540087 0.01408794
v -0.01250219 0.07508162 0.01568990
v -0.00804990 0.07425577 0.01670480
v -0.00592921 0.07404030 0.01683932
v -0.00769093 0.07285528 0.01803418
v -0.00572612 0.07334761 0.01758322
v -0.00548206 0.07157872 0.01855427
v -0.00345517 0.07144113 0.01836517
v -0.00378621 0.07355680 0.01707135
v -0.00142662 0.07192020 0.01813088
v -0.00179667 0.07369975 0.01673282
v 0.00037403 0.07344277 0.01703989
v 0.00055598 0.07261488 0.01772345
v 0.00241396 0.07329436 0.01689576
v -0.00390564 0.07390548 0.01663874
v -0.00541814 0.07023161 0.01888136
v 0.00011878 0.07426154 0.01610920
v 0.00205534 0.07443270 0.01558915
v 0.00384237 0.07316699 0.01690386
v 0.00067661 0.07110121 0.01825605
v 0.00264128 0.07101529 0.01785222
v -0.00342431 0.07105401 0.01850141
v -0.01305392 0.07542608 0.01379550
v -0.00595763 0.07533866 0.00958066
v -0.02189357 0.07554483 0.01211155
v -0.01693526 0.07545189 0.01477751
v -0.00687829 0.06952346 0.01913413
v -0.00743301 0.06956291 0.01917754
v -0.00753534 0.07173821 0.01865235
v -0.00728062 0.07552597 0.01214635
v -0.01920222 0.07568586 0.00709112
v 0.00274352 0.06902202 0.01836212
v 0.00468519 0.07086358 0.01772181
v 0.00473770 0.06984832 0.01798301
v 0.00448181 0.07312277 0.01684797
v 0.00652671 0.07297023 0.01672101
v 0.00664495 0.07070936 0.01763745
v -0.01094159 0.07560139 0.00681393
v -0.01235563 0.07474012 0.01621369
v -0.02054336 0.07566689 0.00961242
v -0.00655035 0.07521706 0.00758599
v -0.00404441 0.07524441 0.00900351
v -0.00573838 0.07542717 0.01031490
v -0.00375127 0.07532262 0.00998851
v -0.00344913 0.07539506 0.01100442
v -0.00536010 0.07551478 0.01158706
v -0.00286732 0.07539247 0.01297237
v -0.00093731 0.07548924 0.01243631
v -0.00462981 0.07520610 0.00702676
v -0.00712411 0.07531112 0.00563772
v -0.00520871 0.07524169 0.00506590
v -0.00771439 0.07521737 0.00364905
v -0.00580098 0.07512533 0.00307236
v -0.00328540 0.07526224 0.00451345
v -0.00387163 0.07521451 0.00253467
v -0.00615539 0.07522838 0.00186522
v -0.00432871 0.07525703 0.00098529
v -0.00194998 0.07521620 0.00197815
v -0.00237501 0.07518022 0.00054360
v -0.00002840 0.07521701 0.00142145
v 0.00055832 0.07527038 0.00340144
v -0.00253610 0.07516975 -0.00000035
v -0.00062182 0.07508756 -0.00057491
v -0.00803994 0.07524778 0.00254551
v -0.00136204 0.07528334 0.00396111
v 0.00248868 0.07537101 0.00286621
v 0.00189654 0.07525607 0.00087297
v 0.00440686 0.07533322 0.00230120
v 0.00498738 0.07531607 0.00426601
v 0.00690496 0.07527135 0.00369951
v 0.00747731 0.07516125 0.00564433
v 0.00555961 0.07520458 0.00621053
v 0.00569672 0.07520467 0.00667424
v 0.00385302 0.07519015 0.00749547
v 0.00363906 0.07521541 0.00676974
v 0.00614913 0.07528972 0.00819736
v 0.00939657 0.07513578 0.00508198
v 0.00421947 0.07519703 0.00873430
v 0.00195013 0.07522478 0.00811246
v 0.00675383 0.07554738 0.01022130
v 0.00882773 0.07528580 0.00314574
v 0.00131406 0.07525097 -0.00109664
v 0.00383291 0.07542510 0.00035245
v 0.00808110 0.07540864 0.00766606
v 0.00868801 0.07569151 0.00969543
v 0.01074606 0.07524964 0.00258108
v 0.00825535 0.07539548 0.00120083
v 0.00482673 0.07548383 0.01076451
v 0.00733947 0.07558846 0.01219865
v 0.00540210 0.07540809 0.01271672
v 0.00787322 0.07503951 0.01404905
v -0.00963369 0.07524250 0.00421133
v -0.00042966 0.07511034 0.00007314
v 0.01018038 0.07543564 0.00065259
v 0.00768277 0.07550300 -0.00074455
v 0.00959983 0.07545250 -0.00131229
v 0.01210009 0.07541514 0.00009130
v 0.01151688 0.07540182 -0.00188007
v 0.00901420 0.07541154 -0.00328961
v 0.01093920 0.07545123 -0.00383795
v 0.00860071 0.07533913 -0.00468211
v 0.01040133 0.07538942 -0.00565200
v 0.01227647 0.07542627 -0.00636871
v 0.01035194 0.07539188 -0.00581923
v 0.01286307 0.07547820 -0.00438903
v 0.01480043 0.07565839 -0.00490714
v 0.01402554 0.07545999 -0.00045593
v 0.01459817 0.07535317 0.00148959
v 0.00708971 0.07537766 -0.00274002
v 0.01344266 0.07545045 -0.00242649
v 0.00842617 0.07534333 -0.00527279
v 0.00786924 0.07562881 -0.00717988
v 0.00594172 0.07556039 -0.00663772
v 0.00537700 0.07575722 -0.00856389
v 0.00730058 0.07578085 -0.00911568
v 0.00343809 0.07555929 -0.00804959
v 0.00401547 0.07550649 -0.00609244
v 0.00288604 0.07590020 -0.00994475
v 0.00650807 0.07538213 -0.00470757
v 0.01422561 0.07574040 -0.00685801
v 0.01218946 0.07545008 -0.00666495
v 0.00095192 0.07575682 -0.00941872
v 0.00040614 0.07616899 -0.01129855
v 0.00231822 0.07606182 -0.01187849
v -0.00152695 0.07603724 -0.01077002
v -0.00019660 0.07593357 -0.01331771
v -0.00003602 0.07591430 -0.01336888
v 0.00181718 0.07579043 -0.01355074
v 0.00171161 0.07578236 -0.01390712
v 0.00424140 0.07608086 -0.01243127
v -0.00098135 0.07562299 -0.00889063
v -0.00346498 0.07584935 -0.01025356
v -0.00289790 0.07567940 -0.00832161
v -0.00041321 0.07546502 -0.00695611
v -0.00539577 0.07574377 -0.00971939
v -0.00560160 0.07576887 -0.01041761
v -0.00752513 0.07582063 -0.00987183
v -0.00482592 0.07560532 -0.00778067
v -0.00398178 0.07596927 -0.01201132
v -0.00403439 0.07599286 -0.01219119
v -0.00233610 0.07544934 -0.00640260
v -0.00596444 0.07589573 -0.01165521
v 0.00374702 0.07573342 -0.01407472
v -0.00210539 0.07607809 -0.01272974
v 0.00949470 0.07514190 0.00541335
v 0.00978574 0.07557191 -0.00774901
v -0.00270552 0.07523783 0.00647670
v -0.00311763 0.07517544 -0.00196763
v -0.00504925 0.07506040 -0.00143550
v -0.00563511 0.07501692 -0.00341336
v -0.00755644 0.07501889 -0.00285606
v -0.00697574 0.07500372 -0.00089081
v -0.00812364 0.07518756 -0.00478828
v -0.00619200 0.07530273 -0.00532038
v -0.00947675 0.07503254 -0.00229624
v -0.00888495 0.07514349 -0.00030387
v -0.01138400 0.07519457 -0.00170450
v -0.00869044 0.07536070 -0.00671954
v -0.01080287 0.07518433 0.00026180
v -0.01330443 0.07520674 -0.00114500
v -0.01271842 0.07525198 0.00083324
v -0.01021249 0.07527922 0.00225072
v -0.01212644 0.07536506 0.00282607
v -0.01464267 0.07522080 0.00138341
v -0.01388176 0.07526027 -0.00310200
v -0.01577754 0.07555276 -0.00248219
v -0.01634083 0.07576589 -0.00440485
v -0.01827081 0.07566948 -0.00386871
v -0.01690840 0.07593030 -0.00633798
v -0.01868135 0.07581159 -0.00526892
v -0.02067924 0.07592508 -0.00497971
v -0.01883518 0.07587025 -0.00579402
v -0.02075306 0.07591150 -0.00522827
v -0.01404055 0.07544924 0.00340106
v -0.01654456 0.07544380 0.00198826
v -0.01594893 0.07559836 0.00399002
v -0.01847027 0.07539597 0.00253485
v -0.01588496 0.07558013 0.00420789
v -0.01712342 0.07547993 0.00002753
v -0.00369835 0.07519033 -0.00393294
v -0.01770623 0.07547107 -0.00194289
v -0.00828984 0.07529220 0.00169664
v -0.01904286 0.07550336 0.00058945
v -0.01197110 0.07513694 -0.00368541
v -0.01187487 0.07534124 0.00367888
v -0.00674905 0.07558682 -0.00722777
v -0.01787852 0.07550650 0.00452714
v -0.02038507 0.07547225 0.00310814
v -0.01978119 0.07572062 0.00513009
v -0.02229988 0.07554835 0.00368140
v -0.02171413 0.07559057 0.00565899
v -0.02422764 0.07547722 0.00422297
v -0.02363986 0.07554262 0.00620555
v -0.02328520 0.07554318 0.00740499
v -0.02482727 0.07527721 0.00221144
v -0.02402705 0.07539042 0.00841833
v -0.02305355 0.07559123 0.00818452
v -0.02500281 0.07527564 0.00867350
v -0.02559154 0.07519945 0.00668860
v -0.02289846 0.07536021 0.00167241
v 0.00151963 0.07559390 -0.00748526
v -0.02016992 0.07592408 -0.00325705
v -0.02133536 0.07590853 -0.00719741
v -0.01940549 0.07600357 -0.00773385
v -0.02188554 0.07627060 -0.00908803
v -0.02380334 0.07631275 -0.00852208
v -0.01997851 0.07610601 -0.00968032
v -0.02245927 0.07636498 -0.01103623
v -0.02055167 0.07620697 -0.01162710
v -0.02305018 0.07580330 -0.01298850
v -0.02116877 0.07578651 -0.01367962
v -0.02487265 0.07577116 -0.01209404
v -0.01863871 0.07610978 -0.01220489
v -0.01911940 0.07563026 -0.01379118
v -0.01927352 0.07550973 -0.01430250
v -0.01805277 0.07615420 -0.01022683
v 0.00290214 0.07544869 0.01131383
v 0.00594574 0.07497156 0.01459131
v 0.00834624 0.07380001 0.01575090
v 0.01026755 0.07379776 0.01519353
v -0.01522847 0.07517801 -0.00059431
v -0.02438717 0.07629227 -0.01049499
v 0.00575516 0.07543356 -0.00020261
v 0.00482360 0.07608278 -0.01046235
v -0.02145697 0.07557054 0.00653041
v -0.01382984 0.07541911 0.00411616
v -0.01673813 0.07587184 -0.01281296
v -0.01704630 0.07545431 -0.01382085
v -0.00444930 0.07526420 0.00057685
v -0.01481841 0.07585153 -0.01337421
v 0.00362727 0.07571596 -0.01447828
v 0.01652301 0.07539100 0.00094085
v 0.01267545 0.07533927 0.00204348
v -0.02324942 0.07599317 -0.00662233
v 0.01672339 0.07567503 -0.00546044
v 0.01728343 0.07542499 -0.00354573
v -0.02639877 0.07463344 0.01106073
v 0.01924677 0.07590062 -0.00400029
v -0.01538365 0.07540796 0.00591757
v 0.00980229 0.07512550 0.01351067
v 0.00347008 0.07528855 0.01324788
v 0.01052158 0.07274399 0.01613945
v 0.01257052 0.07258810 0.01602640
v 0.01068836 0.07196469 0.01676768
v 0.00856504 0.07282316 0.01657133
v 0.00874048 0.07166484 0.01726005
v -0.02618920 0.07502188 0.00468189
v 0.01366201 0.07577275 -0.00876681
v -0.02430828 0.07484731 0.01105777
v 0.01866785 0.07593597 -0.00596119
v 0.00306252 0.07527790 0.00481468
v 0.01614849 0.07575606 -0.00741152
v 0.01263702 0.07227350 0.01627724
v 0.01290592 0.07021928 0.01735582
v 0.01495231 0.07013312 0.01722839
v 0.01468649 0.07237655 0.01614466
v 0.01478379 0.07007409 0.01726302
v 0.01296924 0.06943313 0.01763467
v 0.01094972 0.06831873 0.01795180
v -0.01177754 0.07216981 0.01838049
v -0.01379461 0.07229923 0.01860350
v -0.00038360 0.07516718 0.01433553
v -0.00153707 0.07528768 0.01042444
v 0.01343022 0.07249644 0.01610100
v -0.00731401 0.07578088 -0.00915453
v 0.01669962 0.07225040 0.01590806
v 0.00640292 0.07355202 0.01625443
v -0.00741911 0.06932818 0.01924388
v -0.00183780 0.07386275 0.01658029
v 0.02117022 0.07592273 -0.00455241
v 0.01982148 0.07581734 -0.00204969
v 0.01787687 0.07555464 -0.00154933
v 0.01822919 0.07561635 -0.00036280
v 0.01720359 0.07546470 0.00076135
v 0.01846701 0.07564687 0.00043902
v 0.02040657 0.07585205 -0.00007372
v 0.02098041 0.07575898 0.00187477
v 0.01905540 0.07571915 0.00242308
v 0.02289436 0.07567303 0.00129940
v 0.01713337 0.07571317 0.00297867
v 0.01965695 0.07594105 0.00443932
v 0.02155470 0.07567095 0.00382434
v 0.01774387 0.07603675 0.00501679
v 0.01518437 0.07540054 0.00346829
v 0.01579475 0.07572279 0.00550613
v 0.02023435 0.07588836 0.00639650
v 0.01636355 0.07616507 0.00739349
v 0.01324769 0.07522803 0.00398806
v 0.01385538 0.07551971 0.00601932
v 0.02232032 0.07576393 -0.00064956
v 0.01606829 0.07613311 0.00766277
v -0.01767768 0.07590657 -0.00612074
v 0.02478667 0.07534114 0.00067111
v -0.01364482 0.07070212 0.01924160
v 0.01364669 0.07577584 -0.00881889
v -0.00940246 0.06862498 0.01964948
v 0.02059465 0.07599617 -0.00650512
v 0.02305982 0.07555991 -0.00518734
v 0.02363971 0.07553557 -0.00322407
v 0.02553429 0.07522948 -0.00384680
v 0.02610044 0.07504889 -0.00191715
v 0.02796692 0.07442328 -0.00260862
v 0.02853213 0.07423200 -0.00068126
v 0.03034599 0.07300813 -0.00150144
v 0.02978620 0.07326100 -0.00341555
v 0.02405023 0.07541918 -0.00182606
v 0.02496246 0.07534549 -0.00579035
v 0.03090164 0.07270815 0.00040253
v 0.02473902 0.07528128 -0.00146667
v 0.02741012 0.07471018 -0.00451541
v 0.02909573 0.07402245 0.00124216
v 0.03143662 0.07217313 0.00225593
v 0.02964205 0.07361636 0.00312330
v 0.03203356 0.07234262 0.00426090
v 0.03186655 0.07184405 0.00205214
v 0.03076266 0.07338601 0.00488029
v 0.02992300 0.07363374 0.00407207
v 0.02821362 0.07432238 0.00156998
v 0.02178995 0.07575053 -0.00244223
v 0.03162596 0.07292784 0.00665704
v 0.03079446 0.07348384 0.00703181
v 0.03129779 0.07258904 0.00880781
v 0.02895737 0.07444368 0.00779519
v 0.02248124 0.07559923 -0.00714739
v 0.02946849 0.07363739 0.00959023
v 0.02708195 0.07496761 0.00846478
v 0.02652647 0.07526956 0.00656124
v 0.02761046 0.07435908 0.01030237
v 0.02553077 0.07546561 0.00689698
v 0.00758030 0.07518608 0.00599064
v 0.00615244 0.07596188 -0.01301375
v -0.00538904 0.06941114 0.01904736
v 0.00250127 0.07288524 0.01722474
v 0.02445946 0.07562442 0.00659677
v -0.01740417 0.07491667 -0.01498697
v 0.00567489 0.07567806 -0.01460552
v 0.00806133 0.07581845 -0.01360149
v 0.00867151 0.07613850 -0.01156413
v 0.01057206 0.07590026 -0.01217226
v 0.00995520 0.07550424 -0.01422597
v 0.01248589 0.07581290 -0.01274793
v 0.01307226 0.07586231 -0.01076880
v 0.01187542 0.07548962 -0.01478599
v 0.00975495 0.07538107 -0.01489311
v 0.01168337 0.07532525 -0.01542201
v 0.01377566 0.07524790 -0.01539487
v 0.01123287 0.07480160 -0.01690252
v 0.00934601 0.07519546 -0.01626090
v 0.01440151 0.07574606 -0.01331920
v 0.01310611 0.07425275 -0.01757748
v 0.01371198 0.07518624 -0.01560520
v 0.01077359 0.07399029 -0.01838908
v 0.01289370 0.07377531 -0.01825657
v 0.01498789 0.07380108 -0.01823153
v 0.01052837 0.07340917 -0.01917059
v 0.00866355 0.07405361 -0.01847507
v 0.00664798 0.07432509 -0.01825866
v 0.00462945 0.07445573 -0.01804068
v 0.00679012 0.07460021 -0.01780059
v 0.00491487 0.07512617 -0.01713056
v -0.01815344 0.07282768 0.01792917
v 0.01689793 0.07040736 0.01673051
v 0.01871075 0.07212590 0.01566454
v 0.01884925 0.07074627 0.01624654
v 0.01890914 0.06987085 0.01652117
v 0.02089317 0.06976885 0.01618417
v 0.02081887 0.07129336 0.01580736
v 0.01655388 0.07311318 0.01534412
v 0.01849866 0.07337780 0.01484417
v 0.01610991 0.07468292 0.01371333
v 0.01418562 0.07465127 0.01426340
v 0.01818854 0.07464982 0.01369058
v 0.02023217 0.07449834 0.01355921
v 0.02045975 0.07382786 0.01438412
v 0.02218208 0.07442467 0.01310446
v 0.02237873 0.07379916 0.01382106
v 0.02410478 0.07437360 0.01255583
v 0.02429560 0.07374643 0.01325284
v 0.02596937 0.07437077 0.01180669
v 0.02384201 0.07520681 0.01159851
v 0.02620223 0.07357737 0.01265959
v 0.02707683 0.07455366 0.01050385
v 0.02191822 0.07518087 0.01214981
v 0.02649072 0.07184757 0.01377769
v 0.02575227 0.07507892 0.01101412
v 0.01597801 0.07493987 0.01324606
v 0.00445421 0.07324272 0.01674476
v 0.02420785 0.07537759 -0.00128955
v -0.02654899 0.07481104 0.00259824
v 0.02464992 0.07183064 0.01460892
v 0.02173736 0.07575336 -0.00262034
v -0.01565687 0.07020979 0.01953277
v -0.01502724 0.07015898 0.01951155
v -0.01358375 0.07003383 0.01950316
v -0.01151333 0.06986011 0.01946422
v 0.00769842 0.07554327 -0.01480625
v 0.01446621 0.07584715 0.00805827
v 0.00870842 0.07415965 -0.01833203
v -0.00994103 0.07198742 0.01847746
v 0.01400282 0.07503453 0.01361357
v 0.02404353 0.07550373 0.00519999
v 0.02241231 0.07577882 0.00671600
v 0.02593544 0.07516726 0.00457072
v 0.02838905 0.07459953 0.00586021
v 0.01114778 0.07582848 -0.01021920
v 0.01369338 0.07567214 0.01251452
v 0.01174870 0.07540869 0.01301472
v 0.01177521 0.07533877 0.01311011
v 0.01641832 0.07619514 0.00757626
v 0.01806464 0.07506070 0.01323772
v -0.00134967 0.07123828 0.01844728
v 0.02463915 0.07565822 0.00720173
v 0.02075477 0.07197410 0.01553451
v 0.01693385 0.06996559 0.01688835
v 0.01135769 0.07540340 -0.00610794
v 0.01485761 0.07532509 0.00236936
v 0.01314132 0.07601293 0.01061932
v -0.01166624 0.07135099 0.01882431
v -0.02541888 0.07516831 0.00021950
v -0.02535008 0.07516727 0.00045226
v -0.02474215 0.07520422 0.00003202
v -0.02600578 0.07511288 -0.00176093
v -0.02416662 0.07562737 -0.00217015
v -0.02462029 0.07563611 -0.00417375
v -0.02409273 0.07566863 -0.00239215
v -0.02659428 0.07503937 -0.00374526
v -0.02800798 0.07419543 -0.00140143
v -0.02719666 0.07480802 -0.00576353
v -0.02806732 0.07420723 -0.00351858
v -0.02751230 0.07463088 -0.00571468
v -0.02920199 0.07385493 -0.00541170
v -0.02777977 0.07479582 -0.00773467
v -0.02980987 0.07356111 -0.00744342
v -0.02735190 0.07473901 -0.00628288
v -0.02520413 0.07561555 -0.00614668
v -0.02838480 0.07453432 -0.00975944
v -0.03008110 0.07336938 -0.00834498
v -0.03037688 0.07318552 -0.00736947
v -0.03186130 0.07208390 -0.00720434
v -0.03042472 0.07318793 -0.00949221
v -0.02860853 0.07398488 -0.00341524
v -0.03065528 0.07256089 -0.00316471
v -0.03003784 0.07296347 -0.00110959
v -0.03170865 0.07190646 -0.00087971
v -0.02865870 0.07378447 -0.00131173
v -0.03111383 0.07232914 -0.00308758
v -0.03268936 0.07128089 -0.00288321
v -0.03208365 0.07155017 -0.00085677
v -0.03124512 0.07247208 -0.00515232
v -0.03088171 0.07248880 -0.00392459
v -0.02983261 0.07360943 -0.00956239
v -0.02638516 0.07542270 -0.01012519
v -0.01421545 0.07608945 -0.01135452
v -0.01229587 0.07606759 -0.01191610
v -0.01172966 0.07588773 -0.00998629
v -0.00981216 0.07584217 -0.01055297
v -0.01037911 0.07601363 -0.01248459
v -0.01365441 0.07585078 -0.00943736
v -0.01118666 0.07544392 -0.00811326
v -0.01310557 0.07547349 -0.00755002
v -0.01061942 0.07527576 -0.00618093
v -0.01255367 0.07513078 -0.00565524
v -0.01229955 0.07514882 -0.00479726
v -0.01340068 0.07536530 -0.00535334
v -0.01058388 0.07526964 -0.00606024
v -0.01558319 0.07576808 -0.00889827
v -0.02705080 0.07447206 -0.01229822
v 0.01145150 0.07560754 0.01199316
v -0.00925021 0.07561387 -0.00863358
v 0.01148389 0.07580754 0.01105025
v 0.01291055 0.07594142 0.00984473
v 0.01508598 0.07627620 0.01011908
v 0.01561477 0.07567080 0.01195735
v 0.02535401 0.07517410 0.00260368
v -0.03292362 0.07061178 0.00343525
v -0.01508721 0.07537302 -0.01424391
v 0.03145574 0.07249482 0.00873936
v 0.02723596 0.07472438 0.00195005
v -0.02502691 0.07563619 -0.01260465
v 0.01254586 0.07586031 0.00861798
v -0.02886941 0.07345338 0.00985751
v -0.01006312 0.07434864 0.01694383
v 0.00480646 0.06867256 0.01831234
v -0.01292765 0.07550197 -0.01400630
v -0.02296206 0.07372957 0.01570286
v -0.02348299 0.07533181 -0.00030220
v -0.01563510 0.06992006 0.01963023
v -0.02403525 0.07567033 -0.00219788
v 0.02986799 0.07320418 -0.00345293
v 0.00172278 0.07527483 0.00733941
v 0.00013575 0.07518592 0.00903483
v -0.00020835 0.07516538 0.00787274
v 0.01062044 0.07581572 0.00916527
v 0.01119947 0.07578162 0.01112644
v 0.02141114 0.07603300 0.01036463
v 0.00688180 0.06849475 0.01829041
v 0.01947677 0.07588677 0.01089005
v 0.01893065 0.07629501 0.00900937
v 0.02084900 0.07625924 0.00844480
v 0.01700515 0.07624965 0.00955649
v -0.01700590 0.07542312 0.01494013
v 0.00883881 0.07050552 0.01768806
v 0.00229568 0.07517105 0.00928559
v 0.01392048 0.07577817 -0.00889768
v -0.00020392 0.07592320 -0.01334162
v -0.00082947 0.07535550 -0.01541058
v 0.01998897 0.07509275 0.01268773
v 0.02440673 0.07564455 -0.00769452
v 0.02192817 0.07592846 -0.00904507
v 0.02385410 0.07597879 -0.00959112
v 0.02631456 0.07548908 -0.00828485
v 0.02573069 0.07546813 -0.01025787
v 0.02325608 0.07579700 -0.01159874
v 0.02435798 0.07552410 -0.01198376
v 0.02302962 0.07572155 -0.01235845
v 0.02088790 0.07595447 -0.01256553
v 0.02266059 0.07564407 -0.01360015
v 0.02076516 0.07594053 -0.01297949
v 0.02015466 0.07561678 -0.01501765
v 0.02204500 0.07526252 -0.01565074
v 0.02450804 0.07480208 -0.01433817
v 0.02318823 0.07447465 -0.01617165
v 0.02412537 0.07426674 -0.01558837
v 0.02566360 0.07397724 -0.01487155
v 0.01968892 0.07485962 -0.01653048
v 0.01768046 0.07498190 -0.01627776
v 0.01946552 0.07439909 -0.01724813
v 0.01825370 0.07585043 -0.01441050
v 0.01900608 0.07609154 -0.01243334
v 0.01758228 0.07483408 -0.01659766
v 0.02514213 0.07539395 -0.01224233
v 0.02136274 0.07611726 -0.01097296
v 0.02648483 0.07503517 -0.01058061
v 0.02774149 0.07456742 -0.00892017
v 0.02813944 0.07439040 -0.00907810
v 0.02756902 0.07452245 -0.01101820
v 0.02868567 0.07398340 -0.00719715
v -0.01004958 0.07513715 -0.00424224
v 0.01495863 0.07006027 0.01725577
v -0.01696537 0.07593215 -0.00653083
v 0.01536566 0.07546746 -0.00297971
v 0.02002447 0.07613095 -0.00844463
v 0.02274572 0.07597739 0.00782728
v 0.02033807 0.07595572 0.00674173
v -0.00903439 0.07543877 0.00622206
v 0.01885839 0.07610804 -0.01238657
v 0.00324047 0.07530682 -0.00164150
v 0.00125973 0.07525298 -0.00128055
v 0.00306301 0.07530106 -0.00224124
v 0.00265874 0.07531025 -0.00360927
v 0.00073382 0.07527134 -0.00306076
v 0.00517034 0.07540189 -0.00217793
v 0.00107416 0.07515233 -0.01601117
v -0.01169996 0.07559084 0.01130556
v 0.00015695 0.07533008 -0.00501663
v -0.01509040 0.07546544 0.01396030
v 0.01467425 0.07602236 0.00874747
v -0.02704484 0.07505666 -0.00788490
v -0.02210859 0.07572899 -0.00274215
v -0.02153685 0.07561192 -0.00079882
v 0.00633002 0.07535205 0.00174837
v 0.00674216 0.07070102 0.01763648
v 0.02521948 0.07563884 0.00916607
v 0.01567601 0.07500733 -0.01600351
v -0.01977656 0.07572063 0.00514574
v -0.02113366 0.07557282 0.00762368
v 0.00458865 0.07540582 -0.00414559
v 0.02835690 0.07411528 -0.00707013
v 0.02923497 0.07361120 -0.00530872
v -0.00180213 0.07524959 0.00953111
v -0.02879198 0.07389341 0.00302749
v 0.00300503 0.07525879 -0.01654515
v 0.02331702 0.07585542 0.00976955
v -0.00902955 0.07552441 -0.00787992
v -0.02738318 0.07468165 0.00067168
v -0.01346362 0.07539115 0.00535707
v 0.02684649 0.07491940 -0.00643890
v -0.00655302 0.07582127 -0.01363974
v -0.00464069 0.07571701 -0.01421905
v -0.00272937 0.07560121 -0.01480084
v -0.00518157 0.07487509 -0.01597906
v -0.00325502 0.07482082 -0.01651440
v -0.00340292 0.07456064 -0.01699321
v -0.00531956 0.07461590 -0.01642445
v -0.00723127 0.07472727 -0.01584361
v -0.00913266 0.07495601 -0.01523751
v -0.00907952 0.07502088 -0.01506313
v -0.01018671 0.07508346 -0.01490137
v -0.01109060 0.07514533 -0.01481945
v -0.01174836 0.07368077 -0.01692350
v -0.01135688 0.07359686 -0.01705714
v -0.01177072 0.07361969 -0.01699411
v -0.00152656 0.07404738 -0.01766052
v -0.00710692 0.07492837 -0.01543956
v -0.00846901 0.07588401 -0.01306936
v 0.02700274 0.07499262 0.00849376
v -0.02834205 0.07401581 -0.00251652
v 0.00671253 0.07536155 -0.00401439
v -0.00359667 0.07600097 -0.01231610
v 0.00095235 0.07521953 -0.00099937
v 0.01171315 0.07563899 -0.00829145
v -0.00857492 0.07568499 -0.00881217
v -0.02631893 0.07542667 -0.00990153
v 0.00114177 0.07528648 0.00537341
v -0.03079216 0.07275847 -0.00521469
v -0.00078078 0.07527452 0.00592772
v 0.01632558 0.07577524 -0.01386980
v 0.01692341 0.07595488 -0.01186264
v 0.01460839 0.07284048 0.01584234
v -0.00427266 0.07527812 -0.00588256
v 0.01499313 0.07585509 -0.01132723
v 0.01085322 0.07037830 0.01745587
v -0.00636789 0.07529733 0.00114086
v -0.02268207 0.07582619 -0.00468974
v 0.02529420 0.07538661 -0.01172742
v 0.01884491 0.07610541 -0.01243195
v -0.01794621 0.07210800 0.01868931
v 0.02914641 0.07365891 -0.00527157
v 0.00098529 0.07550161 0.01188209
v 0.02900516 0.07386595 0.00336794
v -0.01034690 0.07529096 -0.00625625
v 0.01222116 0.07416285 0.01471520
v -0.00766326 0.07548006 0.01085600
v 0.02697357 0.07436992 -0.01301952
v -0.00944117 0.06968494 0.01943131
v 0.00922728 0.07583993 -0.00965985
v 0.01984465 0.07582037 -0.00197157
v -0.00788530 0.07590303 -0.01109676
v 0.02345576 0.07543847 0.00321744
v 0.00744093 0.07538224 -0.01566384
v -0.01761838 0.06921772 0.02003601
v -0.00122942 0.07468432 -0.01670801
v 0.02213054 0.07560046 0.00577768
v -0.01103005 0.07523017 -0.01462165
v -0.00119596 0.07517726 -0.00252412
v -0.01614344 0.07601577 -0.01081349
v -0.01749143 0.07591891 -0.00830894
v -0.02885510 0.07389676 -0.01129756
v 0.01572302 0.07506182 -0.01584900
v 0.01754548 0.07577548 0.01142299
v -0.01961360 0.07563175 -0.00135144
v 0.02954929 0.07339900 -0.00422819
v 0.00208597 0.07541550 -0.00555513
v -0.00968072 0.07207886 0.01842403
v 0.01557104 0.07580820 -0.00936881
v -0.00617863 0.07482029 0.01593154
v -0.00478787 0.07540332 0.01353159
v 0.01809325 0.07602047 -0.00791151
v -0.01376568 0.07373076 -0.01669481
v -0.01363910 0.07403057 -0.01629136
v -0.02697590 0.07468914 0.00910420
v 0.01480346 0.07511591 -0.01572450
v -0.01317222 0.07541812 0.01339608
v -0.01497111 0.07547519 0.01436294
v -0.00989064 0.07523908 0.00334255
v -0.02425270 0.07495875 0.01051704
v -0.02576878 0.07581324 -0.00807266
v -0.00212574 0.07521221 0.00843970
v 0.00481290 0.07539347 -0.00338616
v -0.02282732 0.07354015 0.01617416
v -0.03167136 0.07161450 0.00758799
v -0.00231521 0.07505224 0.01486769
v -0.01553866 0.07428009 -0.01568080
v 0.00153729 0.07516023 0.01377716
v -0.01770250 0.07554389 0.00511938
v -0.00176753 0.07529626 -0.00446703
v 0.01749394 0.07582399 -0.00992229
v 0.02652789 0.07381728 -0.01448137
v 0.01594106 0.07539202 -0.00102744
v 0.02779651 0.07448002 0.00386599
v -0.00217796 0.07601690 -0.01297015
v 0.00037901 0.07522595 0.00985428
v -0.00284182 0.07137745 0.01841043
v -0.03368006 0.07062314 0.00793158
v -0.03190016 0.07178909 -0.00025587
v -0.00425356 0.07486076 0.01538337
v -0.02616418 0.07547238 -0.01017728
v 0.00999942 0.07537246 0.00710140
v -0.01154593 0.07534774 0.00479085
v 0.01945092 0.07622740 -0.01039239
v 0.01193558 0.07553907 0.00658036
v 0.01662049 0.07540672 0.00126926
v 0.03135822 0.07244210 0.00902428
v 0.01672688 0.07480560 0.01356404
v 0.00399915 0.07468629 0.01508682
v 0.02273942 0.07187159 0.01519964
v 0.00674802 0.07611586 -0.01101212
v 0.01549352 0.07579740 -0.00963012
v 0.01730523 0.07583848 -0.01056173
v 0.01310718 0.07523313 0.00351242
v 0.00927084 0.07570057 0.01166588
v 0.00553976 0.07561341 -0.01505723
v 0.00673907 0.07075638 0.01762149
v -0.02759624 0.07425364 0.00704200
v -0.01773081 0.07038644 0.01955956
v -0.01986604 0.07061397 0.01937485
v -0.02084544 0.07073777 0.01919983
v -0.02247183 0.07558765 0.01015225
v -0.00254722 0.07375968 0.01676109
v 0.00072388 0.07460784 -0.01715106
v 0.03023593 0.07375111 0.00512080
v -0.01994070 0.07127813 0.01906765
v 0.01151175 0.07536970 0.01307401
v 0.01876792 0.07609734 -0.01236293
v -0.02036787 0.07303887 0.01747795
v -0.02236157 0.07577659 -0.00360169
v -0.02096714 0.07547183 0.00113955
v -0.01308597 0.07525674 -0.01452157
v 0.00802098 0.07420309 -0.01825287
v -0.00966604 0.07196198 0.01848330
v -0.01443504 0.07558718 -0.00500017
f 2972 2975 2973
f 2978 2977 2973
f 2978 2973 2975
f 3476 2977 2978
f 2972 2973 2971
f 2972 2971 2968
f 2976 2973 2977
f 2971 2973 2976
f 2977 3476 3477
f 2977 3477 2976
f 2968 2971 2970
f 2968 2970 2969
f 2976 3478 3479
f 2970 2976 3479
f 2971 2976 2970
f 3478 2976 3477
f 2974 2969 2970
f 2974 2970 3479
f 2903 2904 2906
f 3398 3399 2906
f 3398 2906 2904
f 3397 3391 3399
f 3397 3399 3398
f 3390 3391 3397
f 2837 2841 2884
f 2884 2841 2903
f 2906 2884 2903
f 3422 2884 2906
f 3406 2906 3399
f 3422 2906 3406
f 3400 3399 3391
f 3406 3399 3400
f 3391 3390 3388
f 3391 3388 3400
f 2837 2884 2881
f 2837 2881 2838
f 2885 2884 3422
f 2881 2884 2885
f 3444 3422 3406
f 2885 3422 3444
f 3407 3406 3400
f 3444 3406 3407
f 3400 3388 3386
f 3379 3400 3386
f 3407 3400 3379
f 3380 3379 3386
f 2802 2814 2893
f 2893 2814 2838
f 2881 2893 2838
f 2939 2893 2881
f 2972 2939 2975
f 2939 2885 2975
f 2939 2881 2885
f 2975 2885 2978
f 2978 2885 3444
f 2978 3444 3476
f 3444 3443 3476
f 3444 3407 3443
f 3377 3407 3379
f 3443 3407 3377
f 3379 3380 3376
f 3379 3376 3377
f 2802 2893 2892
f 2802 2892 2801
f 2930 2893 2939
f 2892 2893 2930
f 2968 2930 2972
f 2972 2930 2939
f 3447 3477 3443
f 3443 3477 3476
f 3377 3351 3403
f 3447 3377 3403
f 3443 3377 3447
f 3351 3377 3376
f 2747 2800 2751
f 2751 2800 2801
f 2892 2751 2801
f 2757 2751 2892
f 2925 2892 2930
f 2757 2892 2925
f 2969 2925 2968
f 2968 2925 2930
f 3482 3479 3478
f 3477 3447 3478
f 3447 3482 3478
f 3447 3375 3482
f 3447 3403 3278
f 3447 3278 3375
f 2748 2747 2751
f 2750 2749 2748
f 2751 2750 2748
f 2757 2750 2751
f 2758 2757 2925
f 2750 2757 2758
f 2974 2951 2969
f 2951 2925 2969
f 2951 2758 2925
f 3479 3482 2974
f 3482 2951 2974
f 3482 3384 2951
f 3375 3325 3326
f 3384 3375 3326
f 3482 3375 3384
f 3325 3375 3278
f 2754 2749 2750
f 2754 2750 2758
f 2754 2758 2938
f 2938 2758 2951
f 2938 2951 2983
f 2983 2951 3384
f 2983 3384 3385
f 3385 3384 3326
f 2965 2984 2985
f 3472 3446 2985
f 3472 2985 2984
f 3469 3453 3446
f 3469 3446 3472
f 3465 3453 3469
f 2956 2961 2957
f 2964 2959 2957
f 2964 2957 2961
f 2959 2964 2965
f 2985 2959 2965
f 2960 2959 2985
f 3395 2985 3446
f 2960 2985 3395
f 3394 3446 3453
f 3395 3446 3394
f 3453 3465 3464
f 3432 3453 3464
f 3394 3453 3432
f 3471 3432 3464
f 2820 2928 2825
f 2955 2894 2825
f 2955 2825 2928
f 2894 2955 2956
f 2957 2894 2956
f 2921 2894 2957
f 2920 2957 2959
f 2921 2957 2920
f 2905 2959 2960
f 2920 2959 2905
f 3396 2960 3395
f 2905 2960 3396
f 3392 3395 3394
f 3396 3395 3392
f 3393 3394 3432
f 3392 3394 3393
f 3432 3471 3480
f 3481 3432 3480
f 3393 3432 3481
f 10242 3481 3480
f 2817 2818 2821
f 2821 2818 2820
f 2825 2821 2820
f 2826 2821 2825
f 2836 2825 2894
f 2826 2825 2836
f 2839 2894 2921
f 2836 2894 2839
f 2840 2921 2920
f 2839 2921 2840
f 2903 2840 2904
f 2840 2905 2904
f 2840 2920 2905
f 2904 2905 3398
f 3398 2905 3396
f 3398 3396 3397
f 3397 3396 3392
f 3397 3392 3390
f 3392 3389 3390
f 3392 3393 3389
f 3452 3393 3481
f 3389 3393 3452
f 3481 10242 10333
f 3481 10333 3452
f 2817 2821 2822
f 2817 2822 2824
f 2823 2821 2826
f 2822 2821 2823
f 2834 2826 2836
f 2823 2826 2834
f 2835 2836 2839
f 2834 2836 2835
f 2837 2835 2841
f 2835 2840 2841
f 2835 2839 2840
f 2841 2840 2903
f 3387 3388 3389
f 3389 3388 3390
f 3405 3389 3452
f 3387 3389 3405
f 3452 10333 3489
f 3452 3489 3405
f 2768 2827 2766
f 2766 2827 2824
f 2822 2766 2824
f 2767 2766 2822
f 2771 2822 2823
f 2767 2822 2771
f 2812 2823 2834
f 2771 2823 2812
f 2813 2834 2835
f 2812 2834 2813
f 2838 2813 2837
f 2837 2813 2835
f 3387 3386 3388
f 3386 3387 3380
f 3387 3378 3380
f 3387 3405 3378
f 3405 3489 3485
f 3463 3405 3485
f 3378 3405 3463
f 3484 3463 3485
f 2768 2766 2763
f 2768 2763 2764
f 2765 2766 2767
f 2763 2766 2765
f 2770 2767 2771
f 2765 2767 2770
f 2772 2771 2812
f 2770 2771 2772
f 2802 2772 2814
f 2772 2813 2814
f 2772 2812 2813
f 2814 2813 2838
f 3249 3376 3378
f 3378 3376 3380
f 3430 3378 3463
f 3249 3378 3430
f 3463 3484 3462
f 3463 3462 3430
f 2764 2763 2762
f 2764 2762 2773
f 2761 2763 2765
f 2762 2763 2761
f 2769 2765 2770
f 2761 2765 2769
f 2799 2770 2772
f 2769 2770 2799
f 2801 2799 2802
f 2802 2799 2772
f 3245 3403 3351
f 3376 3249 3351
f 3249 3245 3351
f 3249 3248 3245
f 3361 3249 3430
f 3248 3249 3361
f 3430 3462 3460
f 3428 3430 3460
f 3361 3430 3428
f 7961 3428 3460
f 2773 2762 2774
f 2773 2774 2793
f 2744 2762 2761
f 2774 2762 2744
f 2745 2761 2769
f 2744 2761 2745
f 2747 2745 2800
f 2745 2799 2800
f 2745 2769 2799
f 2800 2799 2801
f 3239 3278 3245
f 3245 3278 3403
f 3243 3245 3248
f 3239 3245 3243
f 3300 3248 3361
f 3243 3248 3300
f 3427 3361 3428
f 3300 3361 3427
f 3428 7961 7900
f 3428 7900 3427
f 2793 2774 2806
f 2793 2806 2896
f 2723 2774 2744
f 2806 2774 2723
f 2724 2744 2745
f 2723 2744 2724
f 2748 2746 2747
f 2746 2745 2747
f 2746 2724 2745
f 2749 2746 2748
f 3238 3326 3325
f 3278 3239 3325
f 3239 3238 3325
f 3239 3237 3238
f 3240 3239 3243
f 3237 3239 3240
f 3323 3243 3300
f 3240 3243 3323
f 3429 3300 3427
f 3323 3300 3429
f 3427 7900 3454
f 3427 3454 3429
f 2896 2806 2681
f 2896 2681 2830
f 2721 2806 2723
f 2681 2806 2721
f 2722 2723 2724
f 2721 2723 2722
f 2753 2724 2746
f 2722 2724 2753
f 2754 2752 2749
f 2752 2746 2749
f 2752 2753 2746
f 2938 2887 2754
f 2754 2887 2752
f 2983 3417 2938
f 2938 3417 2887
f 3385 3250 2983
f 2983 3250 3417
f 3326 3238 3385
f 3238 3250 3385
f 3238 3247 3250
f 3235 3238 3237
f 3247 3238 3235
f 3236 3237 3240
f 3235 3237 3236
f 3324 3240 3323
f 3236 3240 3324
f 3437 3323 3429
f 3324 3323 3437
f 3429 3454 3438
f 3429 3438 3437
f 2830 2681 2679
f 2830 2679 2788
f 2680 2681 2721
f 2679 2681 2680
f 2720 2721 2722
f 2680 2721 2720
f 2756 2722 2753
f 2720 2722 2756
f 2755 2753 2752
f 2756 2753 2755
f 2907 2752 2887
f 2755 2752 2907
f 3416 2887 3417
f 2907 2887 3416
f 3415 3417 3250
f 3416 3417 3415
f 3342 3250 3247
f 3415 3250 3342
f 3233 3247 3235
f 3342 3247 3233
f 3234 3235 3236
f 3233 3235 3234
f 3241 3236 3324
f 3234 3236 3241
f 3440 3324 3437
f 3241 3324 3440
f 3437 3438 3439
f 3437 3439 3440
f 2788 2679 2677
f 2788 2677 2787
f 2678 2679 2680
f 2677 2679 2678
f 2719 2680 2720
f 2678 2680 2719
f 2842 2720 2756
f 2719 2720 2842
f 2914 2756 2755
f 2842 2756 2914
f 3419 2755 2907
f 2914 2755 3419
f 3414 2907 3416
f 3419 2907 3414
f 3412 3416 3415
f 3414 3416 3412
f 3413 3415 3342
f 3412 3415 3413
f 3231 3342 3233
f 3413 3342 3231
f 3232 3233 3234
f 3231 3233 3232
f 3242 3234 3241
f 3232 3234 3242
f 3442 3241 3440
f 3242 3241 3442
f 3440 3439 3441
f 3440 3441 3442
f 2676 2787 2677
f 2674 2675 2676
f 2677 2674 2676
f 2678 2674 2677
f 2730 2678 2719
f 2674 2678 2730
f 2857 2719 2842
f 2730 2719 2857
f 3421 2842 2914
f 2857 2842 3421
f 3420 2914 3419
f 3421 2914 3420
f 3418 3419 3414
f 3420 3419 3418
f 3411 3414 3412
f 3418 3414 3411
f 3277 3412 3413
f 3411 3412 3277
f 3230 3413 3231
f 3277 3413 3230
f 3229 3231 3232
f 3230 3231 3229
f 3244 3232 3242
f 3229 3232 3244
f 3344 3242 3442
f 3244 3242 3344
f 3442 3441 7892
f 3442 7892 3344
f 2675 2674 2672
f 2675 2672 2670
f 2673 2674 2730
f 2672 2674 2673
f 2811 2730 2857
f 2673 2730 2811
f 2888 2857 3421
f 2811 2857 2888
f 2926 3421 3420
f 2888 3421 2926
f 3404 3420 3418
f 2926 3420 3404
f 3222 3418 3411
f 3404 3418 3222
f 3215 3411 3277
f 3222 3411 3215
f 3214 3277 3230
f 3215 3277 3214
f 3226 3230 3229
f 3214 3230 3226
f 3228 3229 3244
f 3226 3229 3228
f 3354 3244 3344
f 3228 3244 3354
f 3344 7892 7966
f 3344 7966 3354
f 2667 2670 2672
f 2663 2662 2667
f 2672 2663 2667
f 2673 2663 2672
f 2718 2673 2811
f 2663 2673 2718
f 2810 2811 2888
f 2718 2811 2810
f 2808 2888 2926
f 2810 2888 2808
f 2809 2926 3404
f 2808 2926 2809
f 3200 3404 3222
f 2809 3404 3200
f 3221 3222 3215
f 3200 3222 3221
f 3213 3215 3214
f 3221 3215 3213
f 3212 3214 3226
f 3213 3214 3212
f 3227 3226 3228
f 3212 3226 3227
f 3279 3228 3354
f 3227 3228 3279
f 3354 7966 10373
f 3354 10373 3279
f 2662 2663 2657
f 2662 2657 2655
f 2664 2663 2718
f 2657 2663 2664
f 2691 2718 2810
f 2664 2718 2691
f 2692 2810 2808
f 2691 2810 2692
f 2694 2808 2809
f 2692 2808 2694
f 3199 2809 3200
f 2694 2809 3199
f 3205 3200 3221
f 3199 3200 3205
f 3210 3221 3213
f 3205 3221 3210
f 3209 3213 3212
f 3210 3213 3209
f 3211 3212 3227
f 3209 3212 3211
f 3274 3227 3279
f 3211 3227 3274
f 3279 10373 10296
f 3279 10296 3274
f 2654 2655 2657
f 2656 2652 2654
f 2657 2656 2654
f 2664 2656 2657
f 2665 2664 2691
f 2656 2664 2665
f 2666 2691 2692
f 2665 2691 2666
f 2693 2692 2694
f 2666 2692 2693
f 3198 2694 3199
f 2693 2694 3198
f 3203 3199 3205
f 3198 3199 3203
f 3204 3205 3210
f 3203 3205 3204
f 3207 3210 3209
f 3204 3210 3207
f 3208 3209 3211
f 3207 3209 3208
f 3216 3211 3274
f 3208 3211 3216
f 3274 10296 10295
f 3274 10295 3216
f 2652 2656 2658
f 2652 2658 2649
f 2659 2656 2665
f 2658 2656 2659
f 2661 2665 2666
f 2659 2665 2661
f 2689 2666 2693
f 2661 2666 2689
f 2690 2693 3198
f 2689 2693 2690
f 3189 3198 3203
f 2690 3198 3189
f 3197 3203 3204
f 3189 3203 3197
f 3202 3204 3207
f 3197 3204 3202
f 3206 3207 3208
f 3202 3207 3206
f 3217 3208 3216
f 3206 3208 3217
f 3216 10295 10298
f 3366 3216 10298
f 3217 3216 3366
f 10291 3366 10298
f 2647 2649 2658
f 2646 2644 2647
f 2658 2646 2647
f 2659 2646 2658
f 2660 2659 2661
f 2646 2659 2660
f 2687 2661 2689
f 2660 2661 2687
f 2688 2689 2690
f 2687 2689 2688
f 3188 2690 3189
f 2688 2690 3188
f 3196 3189 3197
f 3188 3189 3196
f 3195 3197 3202
f 3196 3197 3195
f 3201 3202 3206
f 3195 3202 3201
f 3219 3206 3217
f 3201 3206 3219
f 3353 3217 3366
f 3219 3217 3353
f 3366 10291 3448
f 3366 3448 3353
f 2644 2646 2645
f 2644 2645 2643
f 2683 2646 2660
f 2645 2646 2683
f 2685 2660 2687
f 2683 2660 2685
f 2686 2687 2688
f 2685 2687 2686
f 2696 2688 3188
f 2686 2688 2696
f 3187 3188 3196
f 2696 3188 3187
f 3193 3196 3195
f 3187 3196 3193
f 3194 3195 3201
f 3193 3195 3194
f 3218 3201 3219
f 3194 3201 3218
f 3341 3219 3353
f 3218 3219 3341
f 3353 3448 3402
f 3353 3402 3341
f 2641 2643 2645
f 2684 2640 2641
f 2645 2684 2641
f 2683 2684 2645
f 2561 2683 2685
f 2684 2683 2561
f 2562 2685 2686
f 2561 2685 2562
f 2564 2686 2696
f 2562 2686 2564
f 2695 2696 3187
f 2564 2696 2695
f 3186 3187 3193
f 2695 3187 3186
f 3192 3193 3194
f 3186 3193 3192
f 3220 3194 3218
f 3192 3194 3220
f 3246 3218 3341
f 3220 3218 3246
f 3341 3402 3425
f 3347 3341 3425
f 3246 3341 3347
f 7890 3347 3425
f 2642 2640 2684
f 2559 2639 2642
f 2684 2559 2642
f 2561 2559 2684
f 2551 2561 2562
f 2559 2561 2551
f 2563 2562 2564
f 2551 2562 2563
f 2565 2564 2695
f 2563 2564 2565
f 3185 2695 3186
f 2565 2695 3185
f 3190 3186 3192
f 3185 3186 3190
f 3224 3192 3220
f 3190 3192 3224
f 3225 3220 3246
f 3224 3220 3225
f 3355 3246 3347
f 3225 3246 3355
f 3347 7890 7891
f 3347 7891 3355
f 2591 2639 2559
f 2484 2589 2591
f 2559 2484 2591
f 2551 2484 2559
f 2483 2551 2563
f 2484 2551 2483
f 2600 2563 2565
f 2483 2563 2600
f 2601 2565 3185
f 2600 2565 2601
f 3181 3185 3190
f 2601 3185 3181
f 3191 3190 3224
f 3181 3190 3191
f 3223 3224 3225
f 3191 3224 3223
f 3356 3225 3355
f 3223 3225 3356
f 3355 7891 7919
f 3355 7919 3356
f 2589 2484 2478
f 2589 2478 2590
f 2480 2484 2483
f 2478 2484 2480
f 2481 2483 2600
f 2480 2483 2481
f 2574 2600 2601
f 2481 2600 2574
f 3176 2601 3181
f 2574 2601 3176
f 3177 3181 3191
f 3176 3181 3177
f 3179 3191 3223
f 3177 3191 3179
f 3357 3223 3356
f 3179 3223 3357
f 3356 7919 7943
f 3356 7943 3357
f 2430 2590 2478
f 2468 2416 2430
f 2478 2468 2430
f 2480 2468 2478
f 2479 2480 2481
f 2468 2480 2479
f 2482 2481 2574
f 2479 2481 2482
f 2575 2574 3176
f 2482 2574 2575
f 3168 3176 3177
f 2575 3176 3168
f 3178 3177 3179
f 3168 3177 3178
f 3362 3179 3357
f 3178 3179 3362
f 3357 7943 3410
f 3357 3410 3362
f 2416 2468 2421
f 2416 2421 2414
f 2467 2468 2479
f 2421 2468 2467
f 2474 2479 2482
f 2467 2479 2474
f 2576 2482 2575
f 2474 2482 2576
f 3167 2575 3168
f 2576 2575 3167
f 3180 3168 3178
f 3167 3168 3180
f 3359 3178 3362
f 3180 3178 3359
f 3362 3410 3381
f 3362 3381 3359
f 2414 2421 2417
f 2414 2417 2412
f 2420 2421 2467
f 2417 2421 2420
f 2473 2467 2474
f 2420 2467 2473
f 2475 2474 2576
f 2473 2474 2475
f 3163 2576 3167
f 2475 2576 3163
f 3183 3167 3180
f 3163 3167 3183
f 3352 3180 3359
f 3183 3180 3352
f 3359 3381 3364
f 3359 3364 3352
f 2413 2412 2417
f 2419 2407 2413
f 2417 2419 2413
f 2420 2419 2417
f 2471 2420 2473
f 2419 2420 2471
f 2472 2473 2475
f 2471 2473 2472
f 3162 2475 3163
f 2472 2475 3162
f 3182 3163 3183
f 3162 3163 3182
f 3335 3183 3352
f 3182 3183 3335
f 3352 3364 3336
f 3352 3336 3335
f 2407 2419 2404
f 2407 2404 2399
f 2469 2419 2471
f 2404 2419 2469
f 2470 2471 2472
f 2469 2471 2470
f 3161 2472 3162
f 2470 2472 3161
f 3166 3162 3182
f 3161 3162 3166
f 3320 3182 3335
f 3166 3182 3320
f 3335 3336 3312
f 3313 3335 3312
f 3320 3335 3313
f 3310 3313 3312
f 2398 2399 2404
f 2403 2396 2398
f 2404 2403 2398
f 2469 2403 2404
f 2426 2469 2470
f 2403 2469 2426
f 3164 2470 3161
f 2426 2470 3164
f 3165 3161 3166
f 3164 3161 3165
f 3269 3166 3320
f 3165 3166 3269
f 3321 3320 3313
f 3269 3320 3321
f 3313 3310 3308
f 3313 3308 3321
f 2396 2403 2395
f 2396 2395 2393
f 2402 2403 2426
f 2395 2403 2402
f 2406 2426 3164
f 2402 2426 2406
f 3169 3164 3165
f 2406 3164 3169
f 3184 3165 3269
f 3169 3165 3184
f 3322 3269 3321
f 3184 3269 3322
f 3321 3308 3306
f 3321 3306 3322
f 2394 2393 2395
f 2356 2372 2394
f 2395 2356 2394
f 2402 2356 2395
f 2405 2402 2406
f 2356 2402 2405
f 3170 2406 3169
f 2405 2406 3170
f 3171 3169 3184
f 3170 3169 3171
f 3302 3184 3322
f 3171 3184 3302
f 3322 3306 3303
f 3322 3303 3302
f 2372 2356 2347
f 2372 2347 2352
f 2354 2356 2405
f 2347 2356 2354
f 2358 2405 3170
f 2354 2405 2358
f 3172 3170 3171
f 2358 3170 3172
f 3301 3171 3302
f 3172 3171 3301
f 3302 3303 3270
f 3302 3270 3301
f 2349 2352 2347
f 2348 2350 2349
f 2347 2348 2349
f 2354 2348 2347
f 2357 2354 2358
f 2348 2354 2357
f 3173 2358 3172
f 2357 2358 3173
f 3266 3172 3301
f 3173 3172 3266
f 3301 3270 3265
f 3301 3265 3266
f 2350 2348 2365
f 2350 2365 2371
f 2364 2348 2357
f 2365 2348 2364
f 3174 2357 3173
f 2364 2357 3174
f 3252 3173 3266
f 3174 3173 3252
f 3266 3265 3258
f 3266 3258 3252
f 2367 2371 2365
f 2366 2368 2367
f 2365 2366 2367
f 2364 2366 2365
f 3175 2364 3174
f 2366 2364 3175
f 3251 3174 3252
f 3175 3174 3251
f 3252 3258 3253
f 3252 3253 3251
f 2368 2366 2370
f 2368 2370 2381
f 3259 2366 3175
f 2370 2366 3259
f 3255 3175 3251
f 3259 3175 3255
f 3251 3253 3254
f 3251 3254 3255
f 2383 2381 2370
f 3524 3522 2383
f 2370 3524 2383
f 3259 3524 2370
f 3260 3259 3255
f 3524 3259 3260
f 3255 3254 3263
f 3255 3263 3260
f 3522 3524 3523
f 3522 3523 3520
f 3285 3524 3260
f 3523 3524 3285
f 3260 3263 3267
f 3260 3267 3285
f 3520 3523 3515
f 3520 3515 3514
f 3283 3523 3285
f 3515 3523 3283
f 3285 3267 3280
f 3285 3280 3283
f 3513 3514 3515
f 3286 3512 3513
f 3515 3286 3513
f 3283 3286 3515
f 3283 3280 3282
f 3284 3283 3282
f 3286 3283 3284
f 3288 3284 3282
f 3512 3286 3498
f 3512 3498 3499
f 3287 3286 3284
f 3498 3286 3287
f 3284 3288 3290
f 3284 3290 3287
f 3496 3499 3498
f 3294 3495 3496
f 3498 3294 3496
f 3287 3294 3498
f 3287 3290 3291
f 3292 3287 3291
f 3294 3287 3292
f 3296 3292 3291
f 3495 3294 3500
f 3495 3500 3502
f 3295 3294 3292
f 3500 3294 3295
f 3292 3296 3299
f 3292 3299 3295
f 3504 3502 3500
f 3316 3507 3504
f 3500 3316 3504
f 3295 3316 3500
f 3295 3299 3315
f 3295 3315 3316
f 3507 3316 3511
f 3507 3511 3508
f 3316 3315 3317
f 3316 3317 3511
f 3510 3508 3511
f 3510 3511 3317
f 4096 4147 4127
f 4079 4219 4127
f 4079 4127 4147
f 4077 4203 4219
f 4077 4219 4079
f 4202 4203 4077
f 4098 4097 4211
f 4093 2994 4211
f 4093 4211 4097
f 4094 2993 2994
f 4094 2994 4093
f 2993 4094 4096
f 4127 2993 4096
f 2992 2993 4127
f 3470 4127 4219
f 2992 4127 3470
f 3467 4219 4203
f 3470 4219 3467
f 4203 4202 3492
f 3468 4203 3492
f 3467 4203 3468
f 3491 3490 3468
f 3491 3468 3492
f 10489 3490 3491
f 4103 4102 2988
f 4100 2966 2988
f 4100 2988 4102
f 2966 4100 4098
f 4211 2966 4098
f 2963 2966 4211
f 2962 4211 2994
f 2963 4211 2962
f 2967 2994 2993
f 2962 2994 2967
f 2965 2967 2984
f 2967 2992 2984
f 2967 2993 2992
f 2984 2992 3472
f 3472 2992 3470
f 3472 3470 3469
f 3469 3470 3467
f 3469 3467 3465
f 3467 3466 3465
f 3467 3468 3466
f 3474 3468 3490
f 3466 3468 3474
f 3490 10489 9951
f 3490 9951 3474
f 2991 4104 2954
f 2954 4104 4103
f 2988 2954 4103
f 2953 2954 2988
f 2929 2988 2966
f 2953 2988 2929
f 2958 2966 2963
f 2929 2966 2958
f 2956 2958 2961
f 2958 2962 2961
f 2958 2963 2962
f 2961 2962 2964
f 2964 2962 2967
f 2964 2967 2965
f 3466 3464 3465
f 3464 3466 3471
f 3466 3475 3471
f 3466 3474 3475
f 3474 9951 9350
f 3474 9350 3475
f 2980 2989 2901
f 2901 2989 2991
f 2954 2901 2991
f 2889 2901 2954
f 2819 2954 2953
f 2889 2954 2819
f 2820 2819 2928
f 2819 2929 2928
f 2819 2953 2929
f 2928 2929 2955
f 2955 2929 2958
f 2955 2958 2956
f 3475 3480 3471
f 9343 9347 10242
f 9343 10242 3480
f 9350 9343 3480
f 3475 9350 3480
f 9340 9347 9343
f 2943 2981 2843
f 2843 2981 2980
f 2901 2843 2980
f 2815 2843 2901
f 2816 2901 2889
f 2815 2901 2816
f 2817 2816 2818
f 2816 2819 2818
f 2816 2889 2819
f 2818 2819 2820
f 10144 10333 9347
f 9347 10333 10242
f 9347 9340 9339
f 9347 9339 10144
f 2943 2843 2781
f 2943 2781 2891
f 2782 2843 2815
f 2781 2843 2782
f 2783 2815 2816
f 2782 2815 2783
f 2824 2783 2817
f 2817 2783 2816
f 3486 3489 10144
f 10144 3489 10333
f 10144 9339 10440
f 9335 10144 10440
f 3486 10144 9335
f 9331 9335 10440
f 2891 2781 2780
f 2891 2780 2844
f 2779 2781 2782
f 2780 2781 2779
f 2768 2779 2827
f 2779 2783 2827
f 2779 2782 2783
f 2827 2783 2824
f 3486 3485 3489
f 3485 3486 3484
f 3486 3488 3484
f 3486 9335 3488
f 9335 9331 9329
f 9335 9329 3488
f 2844 2780 2778
f 2844 2778 2831
f 2777 2780 2779
f 2778 2780 2777
f 2764 2777 2768
f 2768 2777 2779
f 3487 3462 3488
f 3488 3462 3484
f 3488 9329 8030
f 3488 8030 3487
f 2831 2778 2785
f 2831 2785 2832
f 2776 2778 2777
f 2785 2778 2776
f 2773 2776 2764
f 2764 2776 2777
f 3487 3460 3462
f 7961 3460 3487
f 8030 7961 3487
f 9988 7961 8030
f 2832 2785 2786
f 2832 2786 2846
f 2784 2785 2776
f 2786 2785 2784
f 2793 2784 2773
f 2773 2784 2776
f 9988 7900 7961
f 7899 7900 9988
f 2846 2786 2845
f 2846 2845 2900
f 2798 2786 2784
f 2845 2786 2798
f 2896 2798 2793
f 2793 2798 2784
f 7899 3454 7900
f 7898 3454 7899
f 2898 2900 2845
f 2895 2899 2898
f 2845 2895 2898
f 2798 2895 2845
f 2830 2895 2896
f 2896 2895 2798
f 7894 3438 7895
f 3438 7898 7895
f 3438 3454 7898
f 7897 7894 7895
f 2899 2895 2897
f 2899 2897 3054
f 2788 2897 2830
f 2830 2897 2895
f 7893 3439 7894
f 7894 3439 3438
f 7894 7897 7896
f 7894 7896 7893
f 3054 2897 2919
f 3054 2919 3053
f 2787 2919 2788
f 2788 2919 2897
f 7847 3441 7893
f 7893 3441 3439
f 7893 7896 8314
f 7893 8314 7847
f 3053 2919 3141
f 3053 3141 3050
f 2676 2682 2787
f 2682 2919 2787
f 2682 3141 2919
f 2675 2682 2676
f 7846 7892 7847
f 7847 7892 3441
f 7847 8314 7842
f 7847 7842 7846
f 3050 3141 3062
f 3050 3062 3049
f 2671 3141 2682
f 3062 3141 2671
f 2670 2671 2675
f 2675 2671 2682
f 7905 7966 7846
f 7846 7966 7892
f 7846 7842 7845
f 7846 7845 7905
f 3057 3049 3062
f 2711 3092 3057
f 3062 2711 3057
f 2671 2711 3062
f 2667 2668 2670
f 2668 2671 2670
f 2668 2711 2671
f 2662 2668 2667
f 9924 10373 7905
f 7905 10373 7966
f 7905 7845 7996
f 7905 7996 9924
f 3092 2711 2890
f 3092 2890 3143
f 2669 2711 2668
f 2890 2711 2669
f 2655 2669 2662
f 2662 2669 2668
f 10294 10296 9924
f 9924 10296 10373
f 9924 7996 9952
f 10369 9924 9952
f 10294 9924 10369
f 7916 10369 9952
f 3095 3143 2890
f 2732 3149 3095
f 2890 2732 3095
f 2669 2732 2890
f 2654 2653 2655
f 2653 2669 2655
f 2653 2732 2669
f 2652 2653 2654
f 10292 10295 10294
f 10294 10295 10296
f 10293 10294 10369
f 10292 10294 10293
f 10369 7916 10288
f 10369 10288 10293
f 3149 2732 2883
f 3149 2883 2947
f 2650 2732 2653
f 2883 2732 2650
f 2649 2650 2652
f 2652 2650 2653
f 10292 10298 10295
f 10298 10292 10291
f 10292 10290 10291
f 10292 10293 10290
f 10293 10288 10297
f 10293 10297 10290
f 2948 2947 2883
f 2651 2937 2948
f 2883 2651 2948
f 2650 2651 2883
f 2647 2648 2649
f 2648 2650 2649
f 2648 2651 2650
f 2644 2648 2647
f 3436 3448 10290
f 10290 3448 10291
f 10290 10297 10530
f 8480 10290 10530
f 3436 10290 8480
f 10212 8480 10530
f 2937 2651 2760
f 2937 2760 2935
f 2637 2651 2648
f 2760 2651 2637
f 2643 2637 2644
f 2644 2637 2648
f 3435 3402 3436
f 3436 3402 3448
f 7888 3436 8480
f 3435 3436 7888
f 8480 10212 7887
f 8480 7887 7888
f 2935 2760 2805
f 2935 2805 2879
f 2635 2760 2637
f 2805 2760 2635
f 2641 2636 2643
f 2636 2637 2643
f 2636 2635 2637
f 2640 2636 2641
f 3435 3425 3402
f 3425 3435 7890
f 3435 7889 7890
f 3435 7888 7889
f 7888 7887 7886
f 7888 7886 7889
f 2878 2879 2805
f 2633 2876 2878
f 2805 2633 2878
f 2635 2633 2805
f 2634 2635 2636
f 2633 2635 2634
f 2642 2638 2640
f 2638 2636 2640
f 2638 2634 2636
f 2639 2638 2642
f 10427 7891 7889
f 7889 7891 7890
f 7889 7886 7906
f 7889 7906 10427
f 2876 2633 2554
f 2876 2554 2874
f 2553 2633 2634
f 2554 2633 2553
f 2587 2634 2638
f 2553 2634 2587
f 2591 2588 2639
f 2588 2638 2639
f 2588 2587 2638
f 2589 2588 2591
f 7962 7919 10427
f 10427 7919 7891
f 10427 7906 7926
f 10427 7926 7962
f 2874 2554 2710
f 2874 2710 2738
f 2537 2554 2553
f 2710 2554 2537
f 2530 2553 2587
f 2537 2553 2530
f 2586 2587 2588
f 2530 2587 2586
f 2590 2586 2589
f 2589 2586 2588
f 10554 7943 7962
f 7962 7943 7919
f 7962 7926 7927
f 7962 7927 10554
f 2708 2738 2710
f 2528 2705 2708
f 2710 2528 2708
f 2537 2528 2710
f 2527 2537 2530
f 2528 2537 2527
f 2529 2530 2586
f 2527 2530 2529
f 2430 2429 2590
f 2429 2586 2590
f 2429 2529 2586
f 2416 2429 2430
f 3382 3410 10554
f 10554 3410 7943
f 10554 7927 8518
f 8490 10554 8518
f 3382 10554 8490
f 8489 8490 8518
f 2705 2528 2531
f 2705 2531 2704
f 2526 2528 2527
f 2531 2528 2526
f 2432 2527 2529
f 2526 2527 2432
f 2415 2529 2429
f 2432 2529 2415
f 2414 2415 2416
f 2416 2415 2429
f 3365 3381 3382
f 3382 3381 3410
f 8492 3382 8490
f 3365 3382 8492
f 8490 8489 8488
f 8490 8488 8492
f 2704 2531 2552
f 2704 2552 2598
f 2525 2531 2526
f 2552 2531 2525
f 2422 2526 2432
f 2525 2526 2422
f 2411 2432 2415
f 2422 2432 2411
f 2412 2411 2414
f 2414 2411 2415
f 3340 3364 3365
f 3365 3364 3381
f 3445 3365 8492
f 3340 3365 3445
f 8492 8488 8491
f 8492 8491 3445
f 2597 2598 2552
f 2424 2595 2597
f 2552 2424 2597
f 2525 2424 2552
f 2418 2525 2422
f 2424 2525 2418
f 2410 2422 2411
f 2418 2422 2410
f 2413 2408 2412
f 2408 2411 2412
f 2408 2410 2411
f 2407 2408 2413
f 3311 3336 3340
f 3340 3336 3364
f 3401 3340 3445
f 3311 3340 3401
f 3445 8491 9747
f 3445 9747 3401
f 2595 2424 2433
f 2595 2433 2572
f 2423 2424 2418
f 2433 2424 2423
f 2409 2418 2410
f 2423 2418 2409
f 2401 2410 2408
f 2409 2410 2401
f 2399 2401 2407
f 2407 2401 2408
f 3311 3312 3336
f 3312 3311 3310
f 3311 3309 3310
f 3311 3401 3309
f 3401 9747 9655
f 9654 3401 9655
f 3309 3401 9654
f 9862 9654 9655
f 2572 2433 2571
f 2572 2571 2570
f 2439 2433 2423
f 2571 2433 2439
f 2440 2423 2409
f 2439 2423 2440
f 2400 2409 2401
f 2440 2409 2400
f 2398 2397 2399
f 2397 2401 2399
f 2397 2400 2401
f 2396 2397 2398
f 3307 3308 3309
f 3309 3308 3310
f 3433 3309 9654
f 3307 3309 3433
f 9654 9862 9652
f 9654 9652 3433
f 2569 2570 2571
f 2442 2544 2569
f 2571 2442 2569
f 2439 2442 2571
f 2441 2439 2440
f 2442 2439 2441
f 2390 2440 2400
f 2441 2440 2390
f 2391 2400 2397
f 2390 2400 2391
f 2393 2391 2396
f 2396 2391 2397
f 3304 3306 3307
f 3307 3306 3308
f 3360 3307 3433
f 3304 3307 3360
f 3433 9652 9653
f 3433 9653 3360
f 2544 2442 2538
f 2544 2538 2540
f 2443 2442 2441
f 2538 2442 2443
f 2362 2441 2390
f 2443 2441 2362
f 2361 2390 2391
f 2362 2390 2361
f 2394 2392 2393
f 2392 2391 2393
f 2392 2361 2391
f 2372 2392 2394
f 3271 3303 3304
f 3304 3303 3306
f 3305 3304 3360
f 3271 3304 3305
f 3360 9653 9656
f 3360 9656 3305
f 2539 2540 2538
f 2444 2460 2539
f 2538 2444 2539
f 2443 2444 2538
f 2363 2443 2362
f 2444 2443 2363
f 2359 2362 2361
f 2363 2362 2359
f 2353 2361 2392
f 2359 2361 2353
f 2352 2353 2372
f 2372 2353 2392
f 3268 3270 3271
f 3271 3270 3303
f 3272 3271 3305
f 3268 3271 3272
f 3305 9656 9659
f 3305 9659 3272
f 2460 2444 2459
f 2460 2459 2458
f 2445 2444 2363
f 2459 2444 2445
f 2360 2363 2359
f 2445 2363 2360
f 2355 2359 2353
f 2360 2359 2355
f 2349 2351 2352
f 2351 2353 2352
f 2351 2355 2353
f 2350 2351 2349
f 3261 3265 3268
f 3268 3265 3270
f 3273 3268 3272
f 3261 3268 3273
f 3272 9659 9661
f 3272 9661 3273
f 9 2458 2459
f 2446 7 9
f 2459 2446 9
f 2445 2446 2459
f 2379 2445 2360
f 2446 2445 2379
f 2377 2360 2355
f 2379 2360 2377
f 2376 2355 2351
f 2377 2355 2376
f 2371 2376 2350
f 2350 2376 2351
f 3257 3258 3261
f 3261 3258 3265
f 3339 3261 3273
f 3257 3261 3339
f 3273 9661 9662
f 3273 9662 3339
f 7 2446 2450
f 7 2450 2451
f 2431 2446 2379
f 2450 2446 2431
f 2378 2379 2377
f 2431 2379 2378
f 2374 2377 2376
f 2378 2377 2374
f 2367 2369 2371
f 2369 2376 2371
f 2369 2374 2376
f 2368 2369 2367
f 3256 3253 3257
f 3257 3253 3258
f 3343 3257 3339
f 3256 3257 3343
f 3339 9662 9663
f 3339 9663 3343
f 2453 2451 2450
f 2449 2455 2453
f 2450 2449 2453
f 2431 2449 2450
f 2380 2431 2378
f 2449 2431 2380
f 2375 2378 2374
f 2380 2378 2375
f 2373 2374 2369
f 2375 2374 2373
f 2381 2373 2368
f 2368 2373 2369
f 3262 3254 3256
f 3256 3254 3253
f 3338 3256 3343
f 3262 3256 3338
f 3343 9663 9700
f 3343 9700 3338
f 2455 2449 2448
f 2455 2448 2477
f 2425 2449 2380
f 2448 2449 2425
f 2385 2380 2375
f 2425 2380 2385
f 2384 2375 2373
f 2385 2375 2384
f 2383 2382 2381
f 2382 2373 2381
f 2382 2384 2373
f 3522 2382 2383
f 3264 3263 3262
f 3262 3263 3254
f 3337 3262 3338
f 3264 3262 3337
f 3338 9700 9701
f 3338 9701 3337
f 2477 2448 2476
f 2477 2476 2532
f 2447 2448 2425
f 2476 2448 2447
f 2387 2425 2385
f 2447 2425 2387
f 2386 2385 2384
f 2387 2385 2386
f 2428 2384 2382
f 2386 2384 2428
f 3520 2428 3522
f 3522 2428 2382
f 3275 3267 3264
f 3264 3267 3263
f 3276 3264 3337
f 3275 3264 3276
f 3337 9701 9733
f 9690 3337 9733
f 3276 3337 9690
f 9689 9690 9733
f 2533 2532 2476
f 2535 2536 2533
f 2476 2535 2533
f 2447 2535 2476
f 2389 2447 2387
f 2535 2447 2389
f 2388 2387 2386
f 2389 2387 2388
f 2427 2386 2428
f 2388 2386 2427
f 3514 2427 3520
f 3520 2427 2428
f 3281 3280 3275
f 3275 3280 3267
f 3297 3275 3276
f 3281 3275 3297
f 9692 3276 9690
f 3297 3276 9692
f 9690 9689 9688
f 9690 9688 9692
f 2536 2535 3
f 2536 3 2
f 2437 2535 2389
f 3 2535 2437
f 2436 2389 2388
f 2437 2389 2436
f 2434 2388 2427
f 2436 2388 2434
f 3513 2435 3514
f 2435 2427 3514
f 2435 2434 2427
f 3512 2435 3513
f 3281 3282 3280
f 3282 3281 3288
f 3281 3289 3288
f 3281 3297 3289
f 3358 3297 9692
f 3289 3297 3358
f 9692 9688 9694
f 3451 9692 9694
f 3358 9692 3451
f 9693 3451 9694
f 1 2 3
f 2485 2493 1
f 3 2485 1
f 2437 2485 3
f 2438 2437 2436
f 2485 2437 2438
f 2545 2436 2434
f 2438 2436 2545
f 2546 2434 2435
f 2545 2434 2546
f 3499 2546 3512
f 3512 2546 2435
f 3293 3290 3289
f 3289 3290 3288
f 3334 3289 3358
f 3293 3289 3334
f 3426 3358 3451
f 3334 3358 3426
f 3451 9693 9944
f 3451 9944 3426
f 2493 2485 2487
f 2493 2487 2490
f 2486 2485 2438
f 2487 2485 2486
f 2548 2438 2545
f 2486 2438 2548
f 2547 2545 2546
f 2548 2545 2547
f 3496 3497 3499
f 3497 2546 3499
f 3497 2547 2546
f 3495 3497 3496
f 3293 3291 3290
f 3291 3293 3296
f 3293 3298 3296
f 3293 3334 3298
f 3363 3334 3426
f 3298 3334 3363
f 3426 9944 9942
f 3426 9942 3363
f 2489 2490 2487
f 2488 2494 2489
f 2487 2488 2489
f 2486 2488 2487
f 2549 2486 2548
f 2488 2486 2549
f 2550 2548 2547
f 2549 2548 2550
f 3501 2547 3497
f 2550 2547 3501
f 3502 3501 3495
f 3495 3501 3497
f 3314 3299 3298
f 3298 3299 3296
f 3345 3298 3363
f 3314 3298 3345
f 3363 9942 9825
f 3363 9825 3345
f 2494 2488 2497
f 2494 2497 2496
f 2593 2488 2549
f 2497 2488 2593
f 2592 2549 2550
f 2593 2549 2592
f 3505 2550 3501
f 2592 2550 3505
f 3504 3503 3502
f 3503 3501 3502
f 3503 3505 3501
f 3507 3503 3504
f 3318 3315 3314
f 3314 3315 3299
f 3346 3314 3345
f 3318 3314 3346
f 3345 9825 9254
f 3345 9254 3346
f 2499 2496 2497
f 2616 2599 2499
f 2497 2616 2499
f 2593 2616 2497
f 2617 2593 2592
f 2616 2593 2617
f 3516 2592 3505
f 2617 2592 3516
f 3506 3505 3503
f 3516 3505 3506
f 3508 3506 3507
f 3507 3506 3503
f 3319 3317 3318
f 3318 3317 3315
f 3327 3318 3346
f 3319 3318 3327
f 3346 9254 9249
f 9278 3346 9249
f 3327 3346 9278
f 9275 9278 9249
f 2599 2616 2615
f 2599 2615 2524
f 2610 2616 2617
f 2615 2616 2610
f 3518 2617 3516
f 2610 2617 3518
f 3517 3516 3506
f 3518 3516 3517
f 3510 3509 3508
f 3509 3506 3508
f 3509 3517 3506
f 3317 3319 3510
f 3319 3509 3510
f 3319 3329 3509
f 3328 3319 3327
f 3329 3319 3328
f 9903 3327 9278
f 3328 3327 9903
f 9278 9275 10354
f 9278 10354 9903
f 2524 2615 2523
f 2524 2523 2521
f 2608 2615 2610
f 2523 2615 2608
f 2609 2610 3518
f 2608 2610 2609
f 3519 3518 3517
f 2609 3518 3519
f 3521 3517 3509
f 3519 3517 3521
f 3331 3509 3329
f 3521 3509 3331
f 3330 3329 3328
f 3331 3329 3330
f 3434 3328 9903
f 3330 3328 3434
f 9903 10354 9210
f 9903 9210 3434
f 2522 2521 2523
f 2606 2577 2522
f 2523 2606 2522
f 2608 2606 2523
f 2607 2608 2609
f 2606 2608 2607
f 2741 2609 3519
f 2607 2609 2741
f 3525 3519 3521
f 2741 3519 3525
f 3333 3521 3331
f 3525 3521 3333
f 3332 3331 3330
f 3333 3331 3332
f 3383 3330 3434
f 3332 3330 3383
f 3434 9210 9208
f 3434 9208 3383
f 2577 2606 2579
f 2577 2579 2578
f 2605 2606 2607
f 2579 2606 2605
f 2740 2607 2741
f 2605 2607 2740
f 3526 2741 3525
f 2740 2741 3526
f 3349 3525 3333
f 3526 3525 3349
f 3348 3333 3332
f 3349 3333 3348
f 3367 3332 3383
f 3348 3332 3367
f 3383 9208 3459
f 3383 3459 3367
f 2580 2578 2579
f 2582 2581 2580
f 2579 2582 2580
f 2605 2582 2579
f 3528 2605 2740
f 2582 2605 3528
f 3527 2740 3526
f 3528 2740 3527
f 3535 3526 3349
f 3527 3526 3535
f 3350 3349 3348
f 3535 3349 3350
f 3367 3372 3368
f 3350 3367 3368
f 3348 3367 3350
f 3372 3367 3459
f 2735 2581 2582
f 2735 2582 3528
f 2735 3528 3529
f 3529 3528 3527
f 3529 3527 3530
f 3530 3527 3535
f 3530 3535 3534
f 3534 3535 3350
f 3534 3350 3370
f 3370 3350 3368
f 4073 4070 4074
f 4075 4076 4074
f 4075 4074 4070
f 4078 4076 4075
f 4214 4081 4083
f 4082 4092 4083
f 4082 4083 4081
f 4210 4095 4092
f 4210 4092 4082
f 4147 4096 4095
f 4210 4147 4095
f 4187 4147 4210
f 4074 4079 4073
f 4079 4187 4073
f 4079 4147 4187
f 4079 4074 4077
f 4077 4074 4076
f 4199 3493 4202
f 4199 4202 4077
f 4078 4199 4077
f 4076 4078 4077
f 4201 3494 3493
f 4201 3493 4199
f 10394 3494 4201
f 4191 4150 4101
f 4090 4099 4101
f 4090 4101 4150
f 4099 4090 4214
f 4099 4214 4083
f 4098 4099 4083
f 4097 4098 4083
f 4097 4083 4093
f 4093 4083 4092
f 4093 4092 4094
f 4094 4092 4095
f 4094 4095 4096
f 3493 3492 4202
f 3492 3493 3491
f 3491 3493 3494
f 10489 3491 3494
f 10394 10489 3494
f 9468 10489 10394
f 4206 4125 4189
f 4124 4105 4189
f 4124 4189 4125
f 4105 4124 4191
f 4105 4191 4101
f 4103 4105 4101
f 4102 4103 4101
f 4102 4101 4100
f 4100 4101 4099
f 4100 4099 4098
f 9346 9951 8443
f 9951 9468 8443
f 9951 10489 9468
f 10162 9346 8443
f 4213 4207 4227
f 4227 4207 4206
f 4189 4227 4206
f 2990 4227 4189
f 2991 2990 4104
f 2990 4105 4104
f 2990 4189 4105
f 4104 4105 4103
f 9345 9350 9346
f 9346 9350 9951
f 9346 10162 9344
f 9346 9344 9345
f 3158 3159 2987
f 2987 3159 4213
f 4227 2987 4213
f 2982 2987 4227
f 2980 2982 2989
f 2982 2990 2989
f 2982 4227 2990
f 2989 2990 2991
f 9345 9343 9350
f 9342 9338 9340
f 9342 9340 9343
f 9344 9342 9343
f 9345 9344 9343
f 9348 9338 9342
f 3158 2987 2986
f 3158 2986 3152
f 2943 2986 2981
f 2986 2982 2981
f 2986 2987 2982
f 2981 2982 2980
f 9337 9339 9338
f 9338 9339 9340
f 9338 9348 9336
f 9338 9336 9337
f 3152 2986 2952
f 3152 2952 3150
f 2891 2952 2943
f 2943 2952 2986
f 9337 10440 9339
f 9331 10440 9337
f 9336 9331 9337
f 9330 9331 9336
f 3150 2952 2942
f 3150 2942 3042
f 2844 2942 2891
f 2891 2942 2952
f 9330 9329 9331
f 9328 9329 9330
f 3042 2942 3052
f 3042 3052 3041
f 2831 3052 2844
f 2844 3052 2942
f 7797 8030 7798
f 8030 9328 7798
f 8030 9329 9328
f 7796 7797 7798
f 3041 3052 3046
f 3041 3046 3039
f 2832 3046 2831
f 2831 3046 3052
f 7801 9988 7797
f 7797 9988 8030
f 7797 7796 7794
f 7797 7794 7801
f 3039 3046 3045
f 3039 3045 3028
f 2846 3045 2832
f 2832 3045 3046
f 9955 7899 7801
f 7801 7899 9988
f 7801 7794 7795
f 7801 7795 9955
f 3027 3028 3045
f 3045 2846 3027
f 2846 3020 3027
f 2846 2900 3020
f 10476 7898 9955
f 9955 7898 7899
f 9955 7795 7800
f 9955 7800 10476
f 2900 2898 3058
f 3017 2900 3058
f 3020 2900 3017
f 2899 3058 2898
f 10476 7895 7898
f 7897 7895 10476
f 7800 7897 10476
f 10346 7897 7800
f 3017 3058 3047
f 3017 3047 3016
f 3054 3047 2899
f 2899 3047 3058
f 10346 7896 7897
f 10223 7896 10346
f 3016 3047 3048
f 3016 3048 2996
f 3053 3048 3054
f 3054 3048 3047
f 10223 8314 7896
f 7840 8314 10223
f 3024 2996 3048
f 3048 3053 3024
f 3053 3000 3024
f 3053 3050 3000
f 7840 7842 8314
f 7841 7842 7840
f 3049 3000 3050
f 3049 3001 3000
f 7909 7845 7908
f 7845 7841 7908
f 7845 7842 7841
f 7910 7909 7908
f 3049 3057 3055
f 3004 3049 3055
f 3001 3049 3004
f 3092 3055 3057
f 7912 7996 7909
f 7909 7996 7845
f 7909 7910 7911
f 7909 7911 7912
f 3004 3055 3056
f 3004 3056 3005
f 3143 3056 3092
f 3092 3056 3055
f 7912 9952 7996
f 7916 9952 7912
f 7911 7916 7912
f 7918 7916 7911
f 3023 3005 3056
f 3022 3023 3093
f 3093 3023 3095
f 3023 3056 3095
f 3056 3143 3095
f 3149 3093 3095
f 10410 10288 10536
f 10288 7918 10536
f 10288 7916 7918
f 10206 10410 10536
f 3022 3093 2946
f 3022 2946 3015
f 2947 2946 3149
f 3149 2946 3093
f 10366 10297 10410
f 10410 10297 10288
f 10410 10206 10365
f 10410 10365 10366
f 3015 2946 2944
f 3015 2944 3025
f 2948 2945 2947
f 2945 2946 2947
f 2945 2944 2946
f 2937 2945 2948
f 10366 10530 10297
f 10212 10530 10366
f 10365 10212 10366
f 8019 10212 10365
f 3025 2944 2940
f 3025 2940 3026
f 2936 2944 2945
f 2940 2944 2936
f 2935 2936 2937
f 2937 2936 2945
f 8019 7887 10212
f 7885 7887 8019
f 3051 3026 2940
f 2934 3061 3051
f 2940 2934 3051
f 2936 2934 2940
f 2879 2934 2935
f 2935 2934 2936
f 8473 7886 7884
f 7886 7885 7884
f 7886 7887 7885
f 7872 8473 7884
f 3061 2934 3144
f 3061 3144 3060
f 2878 2877 2879
f 2877 2934 2879
f 2877 3144 2934
f 2876 2877 2878
f 7924 7906 8473
f 8473 7906 7886
f 8473 7872 7873
f 8473 7873 7924
f 3059 3060 3144
f 2875 3073 3059
f 3144 2875 3059
f 2877 2875 3144
f 2874 2875 2876
f 2876 2875 2877
f 7925 7926 7924
f 7924 7926 7906
f 7924 7873 7880
f 7924 7880 7925
f 3073 2875 2858
f 3073 2858 3072
f 2738 2858 2874
f 2874 2858 2875
f 8569 7927 7925
f 7925 7927 7926
f 7925 7880 7928
f 7925 7928 8569
f 3072 2858 2902
f 3072 2902 3069
f 2708 2707 2738
f 2707 2858 2738
f 2707 2902 2858
f 2705 2707 2708
f 8569 8518 7927
f 6 5 8489
f 6 8489 8518
f 7928 6 8518
f 8569 7928 8518
f 4 5 6
f 3069 2902 3138
f 3069 3138 3070
f 2706 2902 2707
f 3138 2902 2706
f 2704 2706 2705
f 2705 2706 2707
f 8487 8488 5
f 5 8488 8489
f 5 4 7992
f 5 7992 8487
f 3071 3070 3138
f 2709 3094 3071
f 3138 2709 3071
f 2706 2709 3138
f 2598 2709 2704
f 2704 2709 2706
f 8493 8491 8487
f 8487 8491 8488
f 8487 7992 8465
f 8487 8465 8493
f 3094 2709 2759
f 3094 2759 3084
f 2597 2596 2598
f 2596 2709 2598
f 2596 2759 2709
f 2595 2596 2597
f 10403 9747 8493
f 8493 9747 8491
f 8493 8465 8458
f 8493 8458 10403
f 3084 2759 2873
f 3084 2873 3081
f 2594 2759 2596
f 2873 2759 2594
f 2572 2594 2595
f 2595 2594 2596
f 10403 9655 9747
f 9862 9655 10403
f 8458 9862 10403
f 8457 9862 8458
f 3081 2873 2931
f 3081 2931 3083
f 2573 2873 2594
f 2931 2873 2573
f 2570 2573 2572
f 2572 2573 2594
f 8457 9652 9862
f 8460 9652 8457
f 3140 3083 2931
f 2733 3142 3140
f 2931 2733 3140
f 2573 2733 2931
f 2569 2568 2570
f 2568 2573 2570
f 2568 2733 2573
f 2544 2568 2569
f 9657 9653 10192
f 9653 8460 10192
f 9653 9652 8460
f 8461 9657 10192
f 3142 2733 2807
f 3142 2807 3139
f 2542 2733 2568
f 2807 2733 2542
f 2540 2542 2544
f 2544 2542 2568
f 9658 9656 9657
f 9657 9656 9653
f 9657 8461 10273
f 9657 10273 9658
f 3139 2807 2915
f 3139 2915 2933
f 2543 2807 2542
f 2915 2807 2543
f 2539 2541 2540
f 2541 2542 2540
f 2541 2543 2542
f 2460 2541 2539
f 9660 9659 9658
f 9658 9659 9656
f 9658 10273 9746
f 9658 9746 9660
f 2932 2933 2915
f 2604 2912 2932
f 2915 2604 2932
f 2543 2604 2915
f 2457 2543 2541
f 2604 2543 2457
f 2458 2457 2460
f 2460 2457 2541
f 9665 9661 9660
f 9660 9661 9659
f 9660 9746 10361
f 9660 10361 9665
f 2912 2604 2789
f 2912 2789 2911
f 2456 2604 2457
f 2789 2604 2456
f 9 8 2458
f 8 2457 2458
f 8 2456 2457
f 7 8 9
f 9664 9662 9665
f 9665 9662 9661
f 9665 10361 9666
f 9665 9666 9664
f 2911 2789 2803
f 2911 2803 2910
f 2462 2789 2456
f 2803 2789 2462
f 2452 2456 8
f 2462 2456 2452
f 2451 2452 7
f 7 2452 8
f 9702 9663 9664
f 9664 9663 9662
f 9664 9666 9667
f 9664 9667 9702
f 2910 2803 12
f 2910 12 11
f 2558 2803 2462
f 12 2803 2558
f 2461 2462 2452
f 2558 2462 2461
f 2453 2454 2451
f 2454 2452 2451
f 2454 2461 2452
f 2455 2454 2453
f 10383 9700 9702
f 9702 9700 9663
f 9702 9667 9697
f 9698 9702 9697
f 10383 9702 9698
f 9672 9698 9697
f 10 11 12
f 2731 2792 10
f 12 2731 10
f 2558 2731 12
f 2463 2558 2461
f 2731 2558 2463
f 2464 2461 2454
f 2463 2461 2464
f 2477 2464 2455
f 2455 2464 2454
f 9691 9701 10383
f 10383 9701 9700
f 9695 10383 9698
f 9691 10383 9695
f 9698 9672 10330
f 9698 10330 9695
f 2792 2731 2791
f 2792 2791 2797
f 2466 2731 2463
f 2791 2731 2466
f 2465 2463 2464
f 2466 2463 2465
f 2532 2465 2477
f 2477 2465 2464
f 9691 9733 9701
f 9733 9691 9689
f 9691 9686 9689
f 9691 9695 9686
f 9695 10330 9682
f 9695 9682 9686
f 2795 2797 2791
f 2557 2794 2795
f 2791 2557 2795
f 2466 2557 2791
f 2510 2466 2465
f 2557 2466 2510
f 2533 2534 2532
f 2534 2465 2532
f 2534 2510 2465
f 2536 2534 2533
f 9687 9688 9686
f 9686 9688 9689
f 9686 9682 9684
f 9686 9684 9687
f 2794 2557 2713
f 2794 2713 2743
f 2509 2557 2510
f 2713 2557 2509
f 2508 2510 2534
f 2509 2510 2508
f 2 2508 2536
f 2536 2508 2534
f 9687 9694 9688
f 9693 9694 9687
f 9684 9693 9687
f 21 9693 9684
f 2743 2713 2714
f 2743 2714 2742
f 2602 2713 2509
f 2714 2713 2602
f 2503 2509 2508
f 2602 2509 2503
f 1 2502 2
f 2502 2508 2
f 2502 2503 2508
f 2493 2502 1
f 9943 9944 20
f 9944 21 20
f 9944 9693 21
f 9887 9943 20
f 2716 2742 2714
f 2715 2712 2716
f 2714 2715 2716
f 2602 2715 2714
f 2504 2602 2503
f 2715 2602 2504
f 2492 2503 2502
f 2504 2503 2492
f 2490 2492 2493
f 2493 2492 2502
f 9247 9942 9943
f 9943 9942 9944
f 9943 9887 9979
f 9943 9979 9247
f 2712 2715 2627
f 2712 2627 2628
f 2585 2715 2504
f 2627 2715 2585
f 2498 2504 2492
f 2585 2504 2498
f 2489 2491 2490
f 2491 2492 2490
f 2491 2498 2492
f 2494 2491 2489
f 9246 9825 9247
f 9247 9825 9942
f 9247 9979 9243
f 9247 9243 9246
f 2626 2628 2627
f 2584 2625 2626
f 2627 2584 2626
f 2585 2584 2627
f 2583 2585 2498
f 2584 2585 2583
f 2495 2498 2491
f 2583 2498 2495
f 2496 2495 2494
f 2494 2495 2491
f 9248 9254 9246
f 9246 9254 9825
f 9246 9243 9245
f 9246 9245 9248
f 2625 2584 2567
f 2625 2567 2623
f 2560 2584 2583
f 2567 2584 2560
f 2501 2583 2495
f 2560 2583 2501
f 2499 2500 2496
f 2500 2495 2496
f 2500 2501 2495
f 2599 2500 2499
f 9248 9249 9254
f 9274 9277 9275
f 9274 9275 9249
f 9245 9274 9249
f 9248 9245 9249
f 9213 9277 9274
f 2623 2567 15
f 2623 15 14
f 2566 2567 2560
f 15 2567 2566
f 2506 2560 2501
f 2566 2560 2506
f 2505 2501 2500
f 2506 2501 2505
f 2524 2505 2599
f 2599 2505 2500
f 9207 10354 9277
f 9277 10354 9275
f 9277 9213 9211
f 9277 9211 9207
f 13 14 15
f 2556 2618 13
f 15 2556 13
f 2566 2556 15
f 2511 2566 2506
f 2556 2566 2511
f 2507 2506 2505
f 2511 2506 2507
f 2521 2507 2524
f 2524 2507 2505
f 9205 9210 9207
f 9207 9210 10354
f 9207 9211 9204
f 9207 9204 9205
f 2618 2556 2555
f 2618 2555 2621
f 2514 2556 2511
f 2555 2556 2514
f 2512 2511 2507
f 2514 2511 2512
f 2522 2513 2521
f 2513 2507 2521
f 2513 2512 2507
f 2577 2513 2522
f 9206 9208 9205
f 9205 9208 9210
f 9205 9204 9203
f 9205 9203 9206
f 2621 2555 2603
f 2621 2603 2630
f 2517 2555 2514
f 2603 2555 2517
f 2515 2514 2512
f 2517 2514 2515
f 2516 2512 2513
f 2515 2512 2516
f 2578 2516 2577
f 2577 2516 2513
f 3450 3459 9206
f 9206 3459 9208
f 9206 9203 9209
f 9206 9209 3450
f 2632 2630 2603
f 2611 2631 2632
f 2603 2611 2632
f 2517 2611 2603
f 2518 2517 2515
f 2611 2517 2518
f 2519 2515 2516
f 2518 2515 2519
f 2580 2520 2578
f 2520 2516 2578
f 2520 2519 2516
f 2581 2520 2580
f 3369 3368 3372
f 3459 3450 3372
f 3450 3369 3372
f 3450 3449 3369
f 3450 9209 9297
f 3450 9297 3449
f 2631 2611 2612
f 2631 2612 2701
f 2613 2611 2518
f 2612 2611 2613
f 2614 2518 2519
f 2613 2518 2614
f 2697 2519 2520
f 2614 2519 2697
f 2735 2734 2581
f 2734 2520 2581
f 2734 2697 2520
f 3529 3532 2735
f 2735 3532 2734
f 3530 3531 3529
f 3529 3531 3532
f 3534 3533 3530
f 3530 3533 3531
f 3370 3371 3534
f 3534 3371 3533
f 3368 3369 3370
f 3369 3371 3370
f 3369 3373 3371
f 3431 3369 3449
f 3373 3369 3431
f 3449 9297 9296
f 3449 9296 3431
f 2725 2701 2612
f 2727 2728 2725
f 2612 2727 2725
f 2613 2727 2612
f 2804 2613 2614
f 2727 2613 2804
f 2855 2614 2697
f 2804 2614 2855
f 3539 2697 2734
f 2855 2697 3539
f 3538 2734 3532
f 3539 2734 3538
f 3537 3532 3531
f 3538 3532 3537
f 3536 3531 3533
f 3537 3531 3536
f 3408 3533 3371
f 3536 3533 3408
f 3374 3371 3373
f 3408 3371 3374
f 3424 3373 3431
f 3374 3373 3424
f 3431 9296 3458
f 3431 3458 3424
f 2829 2728 2727
f 2829 2727 2804
f 2829 2804 2849
f 2849 2804 2855
f 2849 2855 2856
f 3540 3541 2856
f 2855 3540 2856
f 3539 3540 2855
f 3544 3539 3538
f 3540 3539 3544
f 3546 3538 3537
f 3544 3538 3546
f 3548 3537 3536
f 3546 3537 3548
f 3547 3536 3408
f 3548 3536 3547
f 3409 3408 3374
f 3547 3408 3409
f 3423 3374 3424
f 3409 3374 3423
f 3424 3458 3455
f 3424 3455 3423
f 3543 3541 3540
f 3543 3540 3544
f 3543 3544 3545
f 3545 3544 3546
f 3545 3546 3555
f 3555 3546 3548
f 3555 3548 3549
f 3549 3548 3547
f 3549 3547 3550
f 3550 3547 3409
f 3550 3409 3554
f 3554 3409 3423
f 3554 3423 3461
f 3461 3423 3455
f 4008 4005 4020
f 4011 4072 4020
f 4011 4020 4005
f 4070 4073 4072
f 4011 4070 4072
f 4069 4070 4011
f 4070 4068 4075
f 4069 4068 4070
f 4216 4200 4078
f 4075 4216 4078
f 4068 4216 4075
f 4205 4204 4200
f 4205 4200 4216
f 8447 4204 4205
f 4086 4084 4085
f 4081 4214 4085
f 4084 4081 4085
f 4080 4081 4084
f 4081 4032 4082
f 4080 4032 4081
f 4020 4210 4008
f 4210 4032 4008
f 4210 4082 4032
f 4210 4020 4187
f 4187 4020 4072
f 4187 4072 4073
f 4200 4199 4078
f 4199 4200 4201
f 4201 4200 4204
f 8448 8441 10394
f 8448 10394 4201
f 8447 8448 4201
f 4204 8447 4201
f 8440 8441 8448
f 4111 4109 4110
f 4106 4121 4110
f 4106 4110 4109
f 4150 4191 4121
f 4106 4150 4121
f 4088 4150 4106
f 4085 4090 4086
f 4090 4088 4086
f 4090 4150 4088
f 4090 4085 4214
f 8442 9468 8441
f 8441 9468 10394
f 8441 8440 8438
f 8441 8438 8442
f 4114 4113 4120
f 4120 4113 4111
f 4120 4111 4110
f 4206 4120 4110
f 4125 4206 4110
f 4125 4110 4124
f 4124 4110 4121
f 4124 4121 4191
f 8442 8443 9468
f 8555 10493 10162
f 8555 10162 8443
f 8438 8555 8443
f 8442 8438 8443
f 8435 10493 8555
f 7079 4119 3160
f 3160 4119 4114
f 3160 4114 4120
f 4213 3160 4120
f 4207 4213 4120
f 4207 4120 4206
f 9463 9344 10493
f 10493 9344 10162
f 10493 8435 8449
f 10493 8449 9463
f 3156 4555 3157
f 3157 4555 7079
f 3157 7079 3160
f 3158 3157 3160
f 3159 3158 3160
f 3159 3160 4213
f 9463 9342 9344
f 9348 9342 9463
f 8449 9348 9463
f 10260 9348 8449
f 3156 3157 3153
f 3156 3153 3154
f 3152 3153 3158
f 3158 3153 3157
f 10260 9336 9348
f 9341 9336 10260
f 3154 3153 3151
f 3154 3151 3155
f 3150 3151 3152
f 3152 3151 3153
f 9332 9330 9333
f 9330 9341 9333
f 9330 9336 9341
f 9334 9332 9333
f 3155 3151 3044
f 3155 3044 4513
f 3042 3044 3150
f 3150 3044 3151
f 9860 9328 9332
f 9332 9328 9330
f 9332 9334 7802
f 9332 7802 9860
f 3043 4513 3044
f 3044 3042 3043
f 3042 3040 3043
f 3042 3041 3040
f 9860 7798 9328
f 7796 7798 9860
f 7802 7796 9860
f 7792 7796 7802
f 3039 3040 3041
f 3039 3038 3040
f 7792 7794 7796
f 7793 7794 7792
f 3028 3038 3039
f 3028 3037 3038
f 7793 7795 7794
f 7799 7795 7793
f 3028 3027 3021
f 3036 3028 3021
f 3037 3028 3036
f 3020 3021 3027
f 10500 7800 7951
f 7800 7799 7951
f 7800 7795 7799
f 7850 10500 7951
f 3036 3021 3019
f 3036 3019 3035
f 3017 3019 3020
f 3020 3019 3021
f 7844 10346 10500
f 10500 10346 7800
f 10500 7850 7837
f 10500 7837 7844
f 3018 3035 3019
f 3019 3017 3018
f 3017 3013 3018
f 3017 3016 3013
f 7838 10223 7844
f 7844 10223 10346
f 7844 7837 7835
f 7844 7835 7838
f 2996 3013 3016
f 2996 2995 3013
f 7839 7840 7838
f 7838 7840 10223
f 7838 7835 7834
f 7838 7834 7839
f 2996 3024 2998
f 2997 2996 2998
f 2995 2996 2997
f 3000 2998 3024
f 9743 7841 7839
f 7839 7841 7840
f 7839 7834 7848
f 7839 7848 9743
f 2997 2998 2999
f 2997 2999 4607
f 3001 2999 3000
f 3000 2999 2998
f 9743 7908 7841
f 7910 7908 9743
f 7848 7910 9743
f 7913 7910 7848
f 3002 4607 2999
f 2999 3001 3002
f 3001 3003 3002
f 3001 3004 3003
f 7915 7911 7914
f 7911 7913 7914
f 7911 7910 7913
f 10170 7915 7914
f 3005 3003 3004
f 3005 3006 3003
f 10236 7918 7915
f 7915 7918 7911
f 7915 10170 10157
f 7915 10157 10236
f 3005 3023 3008
f 3007 3005 3008
f 3006 3005 3007
f 3022 3008 3023
f 10236 10536 7918
f 10206 10536 10236
f 10157 10206 10236
f 10205 10206 10157
f 3007 3008 3009
f 3007 3009 3010
f 3015 3009 3022
f 3022 3009 3008
f 10205 10365 10206
f 7879 10365 10205
f 3011 3010 3009
f 3009 3015 3011
f 3015 3014 3011
f 3015 3025 3014
f 10326 8019 7878
f 8019 7879 7878
f 8019 10365 7879
f 7867 10326 7878
f 3026 3014 3025
f 3026 3029 3014
f 7877 7885 10326
f 10326 7885 8019
f 10326 7867 7869
f 10326 7869 7877
f 3026 3051 3031
f 3030 3026 3031
f 3029 3026 3030
f 3061 3031 3051
f 7877 7884 7885
f 7872 7884 7877
f 7869 7872 7877
f 7871 7872 7869
f 3030 3031 3032
f 3030 3032 3033
f 3060 3032 3061
f 3061 3032 3031
f 7871 7873 7872
f 7874 7873 7871
f 3034 3033 3032
f 3064 3034 3063
f 3063 3034 3059
f 3034 3032 3059
f 3032 3060 3059
f 3073 3063 3059
f 10113 7880 8483
f 7880 7874 8483
f 7880 7873 7874
f 7952 10113 8483
f 3064 3063 3065
f 3064 3065 3066
f 3072 3065 3073
f 3073 3065 3063
f 10528 7928 10113
f 10113 7928 7880
f 10113 7952 7975
f 10113 7975 10528
f 3066 3065 3067
f 3066 3067 3068
f 3069 3067 3072
f 3072 3067 3065
f 10528 6 7928
f 4 6 10528
f 7975 4 10528
f 7972 4 7975
f 3068 3067 18
f 3068 18 17
f 3070 18 3069
f 3069 18 3067
f 7972 7992 4
f 7974 7992 7972
f 16 17 18
f 3075 16 3074
f 3074 16 3071
f 16 18 3071
f 18 3070 3071
f 3094 3074 3071
f 7974 8465 7992
f 10477 8465 7974
f 3075 3074 3076
f 3075 3076 3077
f 3084 3076 3094
f 3094 3076 3074
f 8454 8458 8456
f 8458 10477 8456
f 8458 8465 10477
f 8455 8454 8456
f 3077 3076 3078
f 3077 3078 3079
f 3081 3078 3084
f 3084 3078 3076
f 8453 8457 8454
f 8454 8457 8458
f 8454 8455 8452
f 8454 8452 8453
f 3080 3079 3078
f 3078 3081 3080
f 3081 3082 3080
f 3081 3083 3082
f 8459 8460 8453
f 8453 8460 8457
f 8453 8452 8347
f 8453 8347 8459
f 3083 3140 3086
f 3085 3083 3086
f 3082 3083 3085
f 3142 3086 3140
f 8459 10192 8460
f 8461 10192 8459
f 8347 8461 8459
f 8550 8461 8347
f 3085 3086 3087
f 3085 3087 3088
f 3139 3087 3142
f 3142 3087 3086
f 8550 10273 8461
f 8337 10273 8550
f 3088 3087 3089
f 3088 3089 3090
f 2933 3089 3139
f 3139 3089 3087
f 9618 9746 8345
f 9746 8337 8345
f 9746 10273 8337
f 8338 9618 8345
f 3091 3090 3089
f 3097 3091 3096
f 3096 3091 2932
f 3091 3089 2932
f 3089 2933 2932
f 2912 3096 2932
f 9699 10361 9618
f 9618 10361 9746
f 9618 8338 10159
f 9618 10159 9699
f 3097 3096 3098
f 3097 3098 3099
f 2911 3098 2912
f 2912 3098 3096
f 9668 9666 9699
f 9699 9666 10361
f 9699 10159 9671
f 9699 9671 9668
f 3099 3098 3100
f 3099 3100 3101
f 2910 3100 2911
f 2911 3100 3098
f 9669 9667 9668
f 9668 9667 9666
f 9668 9671 9670
f 9668 9670 9669
f 3101 3100 3102
f 3101 3102 3103
f 11 3102 2910
f 2910 3102 3100
f 9669 9697 9667
f 9672 9697 9669
f 9670 9672 9669
f 9673 9672 9670
f 3104 3103 3102
f 3106 3104 2833
f 2833 3104 10
f 3104 3102 10
f 3102 11 10
f 2792 2833 10
f 9673 10330 9672
f 9679 10330 9673
f 3106 2833 2872
f 3106 2872 3108
f 2797 2872 2792
f 2792 2872 2833
f 9683 9682 9681
f 9682 9679 9681
f 9682 10330 9679
f 9696 9683 9681
f 3108 2872 3132
f 3108 3132 3111
f 2795 2796 2797
f 2796 2872 2797
f 2796 3132 2872
f 2794 2796 2795
f 9685 9684 9683
f 9683 9684 9682
f 9683 9696 10546
f 9683 10546 9685
f 3117 3111 3132
f 2847 3116 3117
f 3132 2847 3117
f 2796 2847 3132
f 2743 2847 2794
f 2794 2847 2796
f 19 21 9685
f 9685 21 9684
f 9685 10546 9269
f 9685 9269 19
f 3116 2847 2880
f 3116 2880 3118
f 2742 2880 2743
f 2743 2880 2847
f 19 20 21
f 9887 20 19
f 9269 9887 19
f 9265 9887 9269
f 3118 2880 2941
f 3118 2941 3119
f 2716 2717 2742
f 2717 2880 2742
f 2717 2941 2880
f 2712 2717 2716
f 9219 9979 9267
f 9979 9265 9267
f 9979 9887 9265
f 9257 9219 9267
f 3119 2941 3137
f 3119 3137 3121
f 2703 2941 2717
f 3137 2941 2703
f 2628 2703 2712
f 2712 2703 2717
f 9218 9243 9219
f 9219 9243 9979
f 9219 9257 9217
f 9219 9217 9218
f 3129 3121 3137
f 2737 3128 3129
f 3137 2737 3129
f 2703 2737 3137
f 2626 2629 2628
f 2629 2703 2628
f 2629 2737 2703
f 2625 2629 2626
f 9288 9245 9218
f 9218 9245 9243
f 9218 9217 9214
f 9218 9214 9288
f 3128 2737 2790
f 3128 2790 3126
f 2624 2737 2629
f 2790 2737 2624
f 2623 2624 2625
f 2625 2624 2629
f 9288 9274 9245
f 9213 9274 9288
f 9214 9213 9288
f 9212 9213 9214
f 3126 2790 2871
f 3126 2871 3127
f 2622 2790 2624
f 2871 2790 2622
f 14 2622 2623
f 2623 2622 2624
f 9212 9211 9213
f 36 9211 9212
f 2913 3127 2871
f 2736 2908 2913
f 2871 2736 2913
f 2622 2736 2871
f 13 2619 14
f 2619 2622 14
f 2619 2736 2622
f 2618 2619 13
f 9199 9204 35
f 9204 36 35
f 9204 9211 36
f 9198 9199 35
f 2908 2736 2775
f 2908 2775 2909
f 2620 2736 2619
f 2775 2736 2620
f 2621 2620 2618
f 2618 2620 2619
f 9200 9203 9199
f 9199 9203 9204
f 9199 9198 9197
f 9199 9197 9200
f 2909 2775 2882
f 2909 2882 3133
f 2702 2775 2620
f 2882 2775 2702
f 2630 2702 2621
f 2621 2702 2620
f 9852 9209 9200
f 9200 9209 9203
f 9200 9197 9202
f 9200 9202 9852
f 2918 3133 2882
f 2700 2916 2918
f 2882 2700 2918
f 2702 2700 2882
f 2632 2698 2630
f 2698 2702 2630
f 2698 2700 2702
f 2631 2698 2632
f 9294 9297 9852
f 9852 9297 9209
f 9852 9202 9292
f 9852 9292 9294
f 2916 2700 2729
f 2916 2729 2917
f 2699 2700 2698
f 2729 2700 2699
f 2701 2699 2631
f 2631 2699 2698
f 9295 9296 9294
f 9294 9296 9297
f 9294 9292 9293
f 9294 9293 9295
f 2917 2729 24
f 2917 24 23
f 2739 2729 2699
f 24 2729 2739
f 2725 2726 2701
f 2726 2699 2701
f 2726 2739 2699
f 2728 2726 2725
f 3457 3458 9295
f 9295 3458 9296
f 9295 9293 9298
f 9295 9298 3457
f 22 23 24
f 2860 2868 22
f 24 2860 22
f 2739 2860 24
f 2852 2739 2726
f 2860 2739 2852
f 2829 2828 2728
f 2828 2726 2728
f 2828 2852 2726
f 2849 2848 2829
f 2829 2848 2828
f 2856 2854 2849
f 2849 2854 2848
f 3541 2854 2856
f 3456 3455 3457
f 3457 3455 3458
f 3457 9298 9300
f 3457 9300 3456
f 2867 2868 2860
f 2859 2866 2867
f 2860 2859 2867
f 2852 2859 2860
f 2851 2852 2828
f 2859 2852 2851
f 2850 2828 2848
f 2851 2828 2850
f 2853 2848 2854
f 2850 2848 2853
f 3543 3542 3541
f 3542 2854 3541
f 3542 2853 2854
f 3545 3557 3543
f 3543 3557 3542
f 3555 3556 3545
f 3545 3556 3557
f 3549 3552 3555
f 3555 3552 3556
f 3550 3551 3549
f 3549 3551 3552
f 3554 3553 3550
f 3550 3553 3551
f 3461 3473 3554
f 3554 3473 3553
f 3455 3456 3461
f 3456 3473 3461
f 3456 3483 3473
f 3456 9300 9301
f 3456 9301 3483
f 2862 2866 2859
f 2861 2863 2862
f 2859 2861 2862
f 2851 2861 2859
f 2870 2851 2850
f 2861 2851 2870
f 3559 2850 2853
f 2870 2850 3559
f 3558 2853 3542
f 3559 2853 3558
f 3562 3542 3557
f 3558 3542 3562
f 3568 3557 3556
f 3562 3557 3568
f 3564 3556 3552
f 3568 3556 3564
f 3565 3552 3551
f 3564 3552 3565
f 3571 3551 3553
f 3565 3551 3571
f 3473 3593 3588
f 3571 3473 3588
f 3553 3473 3571
f 3593 3473 3483
f 3593 3483 3596
f 3596 3483 9301
f 2924 2863 2861
f 2924 2861 2870
f 2924 2870 3561
f 3561 2870 3559
f 3561 3559 3560
f 3560 3559 3558
f 3560 3558 3563
f 3563 3558 3562
f 3563 3562 3569
f 3569 3562 3568
f 3569 3568 3567
f 3567 3568 3564
f 3567 3564 3566
f 3566 3564 3565
f 3566 3565 3580
f 3580 3565 3571
f 3580 3571 3582
f 3582 3571 3588
f 4050 4023 4033
f 4025 4052 4033
f 4025 4033 4023
f 4028 4052 4025
f 4218 4017 4007
f 4003 4006 4007
f 4003 4007 4017
f 4005 4008 4006
f 4003 4005 4006
f 4002 4005 4003
f 4005 4009 4011
f 4002 4009 4005
f 4011 4015 4069
f 4009 4015 4011
f 4033 4068 4050
f 4068 4015 4050
f 4068 4069 4015
f 4068 4033 4216
f 4216 4033 4052
f 4028 4030 4052
f 4030 4216 4052
f 4030 4205 4216
f 8446 8445 8447
f 4205 8446 8447
f 4030 8446 4205
f 8444 8445 8446
f 4107 4153 4089
f 4091 4087 4089
f 4091 4089 4153
f 4084 4086 4087
f 4091 4084 4087
f 4152 4084 4091
f 4007 4080 4218
f 4080 4152 4218
f 4080 4084 4152
f 4080 4007 4032
f 4032 4007 4006
f 4032 4006 4008
f 8445 8448 8447
f 8440 8448 8445
f 8444 8440 8445
f 8439 8440 8444
f 4116 4122 4112
f 4109 4111 4112
f 4122 4109 4112
f 4108 4109 4122
f 4089 4106 4107
f 4106 4108 4107
f 4106 4109 4108
f 4106 4089 4088
f 4088 4089 4087
f 4088 4087 4086
f 8436 8438 8437
f 8438 8439 8437
f 8438 8440 8439
f 8052 8436 8437
f 4558 4117 4115
f 4115 4117 4116
f 4115 4116 4112
f 4114 4115 4112
f 4113 4114 4112
f 4113 4112 4111
f 8436 8555 8438
f 8435 8555 8436
f 8052 8435 8436
f 8051 8435 8052
f 4554 4557 4556
f 4556 4557 4558
f 4556 4558 4115
f 7079 4556 4115
f 4119 7079 4115
f 4119 4115 4114
f 8051 8449 8435
f 8466 8449 8051
f 4554 4556 4555
f 3156 4554 4555
f 4553 4554 3156
f 4555 4556 7079
f 8050 10260 8044
f 10260 8466 8044
f 10260 8449 8466
f 8038 8050 8044
f 3154 4553 3156
f 3154 4548 4553
f 10386 9341 8050
f 8050 9341 10260
f 8050 8038 8040
f 8050 8040 10386
f 3155 4548 3154
f 3155 4518 4548
f 10386 9333 9341
f 9334 9333 10386
f 8040 9334 10386
f 10132 9334 8040
f 4513 4518 3155
f 4513 4516 4518
f 10132 7802 9334
f 7791 7802 10132
f 4513 3043 4514
f 4515 4513 4514
f 4516 4513 4515
f 3040 4514 3043
f 7791 7792 7802
f 7790 7792 7791
f 4517 4515 4514
f 4514 3040 4517
f 3040 7170 4517
f 3040 3038 7170
f 7790 7793 7792
f 7953 7793 7790
f 3037 7170 3038
f 3037 6826 7170
f 7902 7799 7904
f 7799 7953 7904
f 7799 7793 7953
f 7901 7902 7904
f 3036 6826 3037
f 3036 6557 6826
f 7902 7951 7799
f 7850 7951 7902
f 7901 7850 7902
f 7849 7850 7901
f 3035 6557 3036
f 3035 6556 6557
f 7849 7837 7850
f 7836 7837 7849
f 3035 3018 6873
f 6558 3035 6873
f 6556 3035 6558
f 3013 6873 3018
f 7836 7835 7837
f 7833 7835 7836
f 6875 6558 6873
f 6873 3013 6875
f 3013 7060 6875
f 3013 2995 7060
f 7833 7834 7835
f 7831 7834 7833
f 2997 7060 2995
f 2997 6548 7060
f 8505 7848 9752
f 7848 7831 9752
f 7848 7834 7831
f 7826 8505 9752
f 4607 6548 2997
f 4607 4605 6548
f 7917 7913 8505
f 8505 7913 7848
f 8505 7826 7825
f 8505 7825 7917
f 4607 3002 4608
f 4606 4607 4608
f 4605 4607 4606
f 3003 4608 3002
f 7917 7914 7913
f 10170 7914 7917
f 7825 10170 7917
f 7855 10170 7825
f 4609 4606 4608
f 4608 3003 4609
f 3003 4611 4609
f 3003 3006 4611
f 7855 10157 10170
f 10156 10157 7855
f 3007 4611 3006
f 3007 6546 4611
f 26 10205 27
f 10205 10156 27
f 10205 10157 10156
f 25 26 27
f 3010 6546 3007
f 3010 7020 6546
f 7868 7879 26
f 26 7879 10205
f 26 25 7859
f 26 7859 7868
f 3010 3011 3012
f 6539 3010 3012
f 7020 3010 6539
f 3014 3012 3011
f 7868 7878 7879
f 7867 7878 7868
f 7859 7867 7868
f 7861 7867 7859
f 6988 6539 3012
f 3012 3014 6988
f 3014 7016 6988
f 3014 3029 7016
f 7861 7869 7867
f 7870 7869 7861
f 3030 7016 3029
f 3030 6532 7016
f 7875 7871 7876
f 7871 7870 7876
f 7871 7869 7870
f 10034 7875 7876
f 3033 6532 3030
f 3033 4632 6532
f 10545 7874 7875
f 7875 7874 7871
f 7875 10034 7939
f 7875 7939 10545
f 3033 3034 4637
f 4633 3033 4637
f 4632 3033 4633
f 3064 4637 3034
f 10545 8483 7874
f 7952 8483 10545
f 7939 7952 10545
f 7935 7952 7939
f 4638 4633 4637
f 4637 3064 4638
f 3064 7019 4638
f 3064 3066 7019
f 7935 7975 7952
f 7968 7975 7935
f 3068 7019 3066
f 3068 6524 7019
f 7973 7972 7971
f 7972 7968 7971
f 7972 7975 7968
f 9969 7973 7971
f 17 6524 3068
f 17 4647 6524
f 8054 7974 7973
f 7973 7974 7972
f 7973 9969 7695
f 7973 7695 8054
f 17 16 6985
f 4648 17 6985
f 4647 17 4648
f 3075 6985 16
f 10202 10477 8054
f 8054 10477 7974
f 8054 7695 7813
f 8054 7813 10202
f 6544 4648 6985
f 6985 3075 6544
f 3075 4745 6544
f 3075 3077 4745
f 10202 8456 10477
f 8455 8456 10202
f 7813 8455 10202
f 10190 8455 7813
f 3079 4745 3077
f 3079 4738 4745
f 10190 8452 8455
f 8320 8452 10190
f 3079 3080 4736
f 4737 3079 4736
f 4738 3079 4737
f 3082 4736 3080
f 8320 8347 8452
f 8321 8347 8320
f 4737 4736 4735
f 4737 4735 4762
f 3085 4735 3082
f 3082 4735 4736
f 8325 8550 8323
f 8550 8321 8323
f 8550 8347 8321
f 8324 8325 8323
f 4734 4762 4735
f 4735 3085 4734
f 3085 4730 4734
f 3085 3088 4730
f 8336 8337 8325
f 8325 8337 8550
f 8325 8324 8326
f 8325 8326 8336
f 3090 4730 3088
f 3090 4729 4730
f 8336 8345 8337
f 8338 8345 8336
f 8326 8338 8336
f 8341 8338 8326
f 3090 3091 6872
f 4727 3090 6872
f 4729 3090 4727
f 3097 6872 3091
f 8341 10159 8338
f 10433 10159 8341
f 4727 6872 4765
f 4727 4765 4726
f 3099 4765 3097
f 3097 4765 6872
f 10433 9671 10159
f 9731 9671 10433
f 4766 4726 4765
f 4765 3099 4766
f 3099 4767 4766
f 3099 3101 4767
f 9731 9670 9671
f 9674 9670 9731
f 3103 4767 3101
f 3103 4768 4767
f 9678 9673 9675
f 9673 9674 9675
f 9673 9670 9674
f 9741 9678 9675
f 3103 3104 3105
f 4769 3103 3105
f 4768 3103 4769
f 3106 3105 3104
f 9680 9679 9678
f 9678 9679 9673
f 9678 9741 10185
f 9678 10185 9680
f 4769 3105 3107
f 4769 3107 4771
f 3108 3107 3106
f 3106 3107 3105
f 9680 9681 9679
f 9696 9681 9680
f 10185 9696 9680
f 9723 9696 10185
f 3109 4771 3107
f 3107 3108 3109
f 3108 3110 3109
f 3108 3111 3110
f 9723 10546 9696
f 10547 10546 9723
f 3111 3117 3113
f 3112 3111 3113
f 3110 3111 3112
f 3116 3113 3117
f 9262 9269 9264
f 9269 10547 9264
f 9269 10546 10547
f 9263 9262 9264
f 3112 3113 3114
f 3112 3114 3115
f 3118 3114 3116
f 3116 3114 3113
f 9261 9265 9262
f 9262 9265 9269
f 9262 9263 9259
f 9262 9259 9261
f 3115 3114 30
f 3115 30 29
f 3119 30 3118
f 3118 30 3114
f 9261 9267 9265
f 9257 9267 9261
f 9259 9257 9261
f 9258 9257 9259
f 28 29 30
f 30 3119 28
f 3119 3120 28
f 3119 3121 3120
f 9216 9217 9273
f 9217 9258 9273
f 9217 9257 9258
f 9221 9216 9273
f 3121 3129 3123
f 3122 3121 3123
f 3120 3121 3122
f 3128 3123 3129
f 9215 9214 9216
f 9216 9214 9217
f 9216 9221 9220
f 9216 9220 9215
f 3122 3123 3124
f 3122 3124 3125
f 3126 3124 3128
f 3128 3124 3123
f 10164 9212 9215
f 9215 9212 9214
f 9215 9220 9255
f 9215 9255 10164
f 3125 3124 33
f 3125 33 32
f 3127 33 3126
f 3126 33 3124
f 34 36 10164
f 10164 36 9212
f 10164 9255 9201
f 10164 9201 34
f 31 32 33
f 483 31 3130
f 3130 31 2913
f 31 33 2913
f 33 3127 2913
f 2908 3130 2913
f 34 35 36
f 9198 35 34
f 9201 9198 34
f 9196 9198 9201
f 483 3130 3131
f 483 3131 486
f 2909 3131 2908
f 2908 3131 3130
f 9196 9197 9198
f 9195 9197 9196
f 486 3131 509
f 486 509 487
f 3133 509 2909
f 2909 509 3131
f 9290 9202 9886
f 9202 9195 9886
f 9202 9197 9195
f 9188 9290 9886
f 491 487 509
f 492 491 3134
f 3134 491 2918
f 491 509 2918
f 509 3133 2918
f 2916 3134 2918
f 9291 9292 9290
f 9290 9292 9202
f 9290 9188 9189
f 9290 9189 9291
f 492 3134 3135
f 492 3135 495
f 2917 3135 2916
f 2916 3135 3134
f 9299 9293 9291
f 9291 9293 9292
f 9291 9189 10255
f 9291 10255 9299
f 495 3135 3136
f 495 3136 496
f 23 3136 2917
f 2917 3136 3135
f 9855 9298 9299
f 9299 9298 9293
f 9299 10255 10209
f 9299 10209 9855
f 511 496 3136
f 510 511 2886
f 2886 511 22
f 511 3136 22
f 3136 23 22
f 2868 2886 22
f 9302 9300 9855
f 9855 9300 9298
f 9855 10209 9305
f 9855 9305 9302
f 510 2886 2927
f 510 2927 3145
f 2867 2865 2868
f 2865 2886 2868
f 2865 2927 2886
f 2866 2865 2867
f 9303 9301 9302
f 9302 9301 9300
f 9302 9305 9304
f 9302 9304 9303
f 3147 3145 2927
f 2869 3148 3147
f 2927 2869 3147
f 2865 2869 2927
f 2862 2864 2866
f 2864 2865 2866
f 2864 2869 2865
f 2863 2864 2862
f 3594 3588 3593
f 3596 3595 3593
f 3593 3595 3594
f 10344 3595 3596
f 10344 3596 9301
f 9310 10344 9301
f 9303 9310 9301
f 9310 9303 9304
f 2949 3148 2869
f 2922 2950 2949
f 2869 2922 2949
f 2864 2922 2869
f 2924 2923 2863
f 2923 2864 2863
f 2923 2922 2864
f 3561 3570 2924
f 2924 3570 2923
f 3560 3574 3561
f 3561 3574 3570
f 3563 3575 3560
f 3560 3575 3574
f 3569 3579 3563
f 3563 3579 3575
f 3567 3578 3569
f 3569 3578 3579
f 3566 3576 3567
f 3567 3576 3578
f 3580 3581 3566
f 3566 3581 3576
f 3582 3583 3580
f 3580 3583 3581
f 3600 3583 3582
f 3600 3582 3588
f 3597 3600 3588
f 3594 3597 3588
f 3597 3594 3595
f 3597 3595 3605
f 3605 3595 10344
f 3573 2950 2922
f 3573 2922 2923
f 3573 2923 3572
f 3572 2923 3570
f 3572 3570 3577
f 3577 3570 3574
f 3577 3574 3584
f 3584 3574 3575
f 3584 3575 3587
f 3587 3575 3579
f 3587 3579 3590
f 3590 3579 3578
f 3590 3578 3591
f 3591 3578 3576
f 3591 3576 3599
f 3599 3576 3581
f 3599 3581 3598
f 3598 3581 3583
f 3598 3583 3602
f 3602 3583 3600
f 4016 4190 4010
f 4013 4012 4010
f 4013 4010 4190
f 4014 4071 4012
f 4014 4012 4013
f 4023 4050 4071
f 4014 4023 4071
f 4022 4023 4014
f 4023 4024 4025
f 4022 4024 4023
f 4027 4029 4028
f 4025 4027 4028
f 4024 4027 4025
f 8047 4029 4027
f 4197 4220 4198
f 4017 4218 4198
f 4220 4017 4198
f 4188 4017 4220
f 4017 4004 4003
f 4188 4004 4017
f 4010 4002 4016
f 4002 4004 4016
f 4002 4003 4004
f 4002 4010 4009
f 4009 4010 4012
f 4009 4012 4015
f 4015 4012 4071
f 4015 4071 4050
f 4029 4030 4028
f 8047 8048 4029
f 8048 4030 4029
f 8048 8446 4030
f 8444 8446 8048
f 8444 8048 10141
f 4126 4128 4123
f 4153 4107 4123
f 4128 4153 4123
f 4133 4153 4128
f 4153 4195 4091
f 4133 4195 4153
f 4198 4152 4197
f 4152 4195 4197
f 4152 4091 4195
f 4152 4198 4218
f 10141 8439 8444
f 39 8439 10141
f 4193 4192 4118
f 4122 4116 4118
f 4192 4122 4118
f 4209 4122 4192
f 4123 4108 4126
f 4108 4209 4126
f 4108 4122 4209
f 4108 4123 4107
f 39 38 8439
f 8439 38 8437
f 8052 8437 38
f 8052 38 8031
f 4584 4560 4559
f 4559 4560 4193
f 4559 4193 4118
f 4558 4559 4118
f 4117 4558 4118
f 4117 4118 4116
f 8031 8051 8052
f 8032 8051 8031
f 4584 4559 4557
f 4554 4584 4557
f 6766 4584 4554
f 4557 4559 4558
f 8037 8466 8035
f 8466 8032 8035
f 8466 8051 8032
f 8036 8037 8035
f 4553 6766 4554
f 4553 4543 6766
f 8037 8044 8466
f 8038 8044 8037
f 8036 8038 8037
f 8039 8038 8036
f 4548 4543 4553
f 4548 4520 4543
f 8039 8040 8038
f 8042 8040 8039
f 4518 4520 4548
f 4518 4519 4520
f 9088 10132 10499
f 10132 8042 10499
f 10132 8040 8042
f 7742 9088 10499
f 4516 4519 4518
f 4516 4550 4519
f 7739 7791 9088
f 9088 7791 10132
f 9088 7742 7736
f 9088 7736 7739
f 4515 4550 4516
f 4515 4541 4550
f 7740 7790 7739
f 7739 7790 7791
f 7739 7736 7737
f 7739 7737 7740
f 4552 4541 4515
f 4552 4515 4517
f 4517 7170 4552
f 4552 7170 7168
f 10468 7953 7740
f 7740 7953 7790
f 7740 7737 8017
f 7740 8017 10468
f 6826 7168 7170
f 6826 6562 7168
f 10468 7904 7953
f 7901 7904 10468
f 8017 7901 10468
f 7903 7901 8017
f 6557 6562 6826
f 6557 6554 6562
f 7903 7849 7901
f 7923 7849 7903
f 6556 6554 6557
f 6556 6555 6554
f 7923 7836 7849
f 7843 7836 7923
f 6558 6555 6556
f 6558 7034 6555
f 7830 7833 7907
f 7833 7843 7907
f 7833 7836 7843
f 7832 7830 7907
f 7063 7034 6558
f 7063 6558 6875
f 6875 7060 7063
f 7063 7060 7027
f 7828 7831 7830
f 7830 7831 7833
f 7830 7832 7827
f 7830 7827 7828
f 6548 7027 7060
f 6548 4603 7027
f 7828 9752 7831
f 7826 9752 7828
f 7827 7826 7828
f 7824 7826 7827
f 4605 4603 6548
f 4605 4604 4603
f 7824 7825 7826
f 7823 7825 7824
f 4606 4604 4605
f 4606 6591 4604
f 7823 7855 7825
f 7851 7855 7823
f 4610 6591 4606
f 4610 4606 4609
f 4609 4611 4610
f 4610 4611 4612
f 7857 10156 7854
f 10156 7851 7854
f 10156 7855 7851
f 7856 7857 7854
f 6546 4612 4611
f 6546 4618 4612
f 7857 27 10156
f 25 27 7857
f 7856 25 7857
f 7858 25 7856
f 7020 4618 6546
f 7020 6545 4618
f 7858 7859 25
f 7860 7859 7858
f 6539 6545 7020
f 6539 4624 6545
f 7860 7861 7859
f 7881 7861 7860
f 6539 6988 6982
f 4625 6539 6982
f 4624 6539 4625
f 7016 6982 6988
f 9891 7870 10274
f 7870 7881 10274
f 7870 7861 7881
f 10520 9891 10274
f 6537 4625 6982
f 6982 7016 6537
f 7016 4630 6537
f 7016 6532 4630
f 9891 7876 7870
f 10034 7876 9891
f 10520 10034 9891
f 7940 10034 10520
f 4632 4630 6532
f 4632 4631 4630
f 7940 7939 10034
f 7933 7939 7940
f 4633 4631 4632
f 4633 4634 4631
f 7933 7935 7939
f 7934 7935 7933
f 4633 4638 6645
f 4635 4633 6645
f 4634 4633 4635
f 7019 6645 4638
f 7970 7968 7969
f 7968 7934 7969
f 7968 7935 7934
f 7561 7970 7969
f 6528 4635 6645
f 6645 7019 6528
f 7019 4645 6528
f 7019 6524 4645
f 7970 7971 7968
f 9969 7971 7970
f 7561 9969 7970
f 7559 9969 7561
f 4647 4645 6524
f 4647 4646 4645
f 7559 7695 9969
f 7562 7695 7559
f 4648 4646 4647
f 4648 4649 4646
f 7562 7813 7695
f 8313 7813 7562
f 4648 6544 6543
f 4650 4648 6543
f 4649 4648 4650
f 4745 6543 6544
f 8317 10190 9830
f 10190 8313 9830
f 10190 7813 8313
f 7959 8317 9830
f 7208 4650 6543
f 6543 4745 7208
f 4745 4739 7208
f 4745 4738 4739
f 8319 8320 8317
f 8317 8320 10190
f 8317 7959 8316
f 8317 8316 8319
f 4737 4739 4738
f 4737 4740 4739
f 8322 8321 8319
f 8319 8321 8320
f 8319 8316 8479
f 8319 8479 8322
f 4762 4740 4737
f 4762 4743 4740
f 8322 8323 8321
f 8324 8323 8322
f 8479 8324 8322
f 8327 8324 8479
f 4762 4734 4732
f 4733 4762 4732
f 4743 4762 4733
f 4730 4732 4734
f 8327 8326 8324
f 8328 8326 8327
f 4731 4733 4732
f 4732 4730 4731
f 4730 4728 4731
f 4730 4729 4728
f 8328 8341 8326
f 10030 8341 8328
f 4727 4728 4729
f 4727 4725 4728
f 10030 10433 8341
f 9732 10433 10030
f 4726 4725 4727
f 4726 4724 4725
f 9677 9731 9727
f 9731 9732 9727
f 9731 10433 9732
f 9704 9677 9727
f 4726 4766 6640
f 4764 4726 6640
f 4724 4726 4764
f 4767 6640 4766
f 9676 9674 9677
f 9677 9674 9731
f 9677 9704 9703
f 9677 9703 9676
f 7108 4764 6640
f 6640 4767 7108
f 4767 5500 7108
f 4767 4768 5500
f 9676 9675 9674
f 9741 9675 9676
f 9703 9741 9676
f 9707 9741 9703
f 4769 5500 4768
f 4769 4772 5500
f 9707 10185 9741
f 9724 10185 9707
f 4771 4772 4769
f 4771 4773 4772
f 9722 9723 9721
f 9723 9724 9721
f 9723 10185 9724
f 9719 9722 9721
f 4771 3109 5079
f 7042 4771 5079
f 4773 4771 7042
f 3110 5079 3109
f 9268 10547 9722
f 9722 10547 9723
f 9722 9719 10548
f 9722 10548 9268
f 7042 5079 5844
f 7042 5844 4964
f 3112 5844 3110
f 3110 5844 5079
f 9268 9264 10547
f 9263 9264 9268
f 10548 9263 9268
f 9266 9263 10548
f 7030 4964 5844
f 5844 3112 7030
f 3112 7011 7030
f 3112 3115 7011
f 9266 9259 9263
f 9260 9259 9266
f 29 7011 3115
f 29 6953 7011
f 10191 9258 9270
f 9258 9260 9270
f 9258 9259 9260
f 9238 10191 9270
f 29 28 7103
f 6699 29 7103
f 6953 29 6699
f 3120 7103 28
f 10191 9273 9258
f 9221 9273 10191
f 9238 9221 10191
f 9222 9221 9238
f 6900 6699 7103
f 7103 3120 6900
f 3120 6523 6900
f 3120 3122 6523
f 9222 9220 9221
f 9223 9220 9222
f 3125 6523 3122
f 3125 5314 6523
f 9223 9255 9220
f 9237 9255 9223
f 32 5314 3125
f 32 5315 5314
f 9817 9201 9241
f 9201 9237 9241
f 9201 9255 9237
f 9272 9817 9241
f 32 31 482
f 5316 32 482
f 5315 32 5316
f 483 482 31
f 9194 9196 9817
f 9817 9196 9201
f 9817 9272 9276
f 9817 9276 9194
f 484 5316 482
f 482 483 484
f 483 485 484
f 483 486 485
f 9193 9195 9194
f 9194 9195 9196
f 9194 9276 9187
f 9194 9187 9193
f 487 485 486
f 487 488 485
f 9193 9886 9195
f 9188 9886 9193
f 9187 9188 9193
f 9186 9188 9187
f 487 491 490
f 489 487 490
f 488 487 489
f 492 490 491
f 9186 9189 9188
f 9287 9189 9186
f 493 489 490
f 490 492 493
f 492 494 493
f 492 495 494
f 10505 10255 10471
f 10255 9287 10471
f 10255 9189 9287
f 10187 10505 10471
f 496 494 495
f 496 497 494
f 10385 10209 10505
f 10505 10209 10255
f 10505 10187 9403
f 10505 9403 10385
f 496 511 499
f 498 496 499
f 497 496 498
f 510 499 511
f 9404 9305 10385
f 10385 9305 10209
f 10385 9403 9401
f 10385 9401 9404
f 500 498 499
f 499 510 500
f 510 505 500
f 510 3145 505
f 10444 9304 9404
f 9404 9304 9305
f 9404 9401 9402
f 9404 9402 10444
f 3145 3147 3146
f 507 3145 3146
f 505 3145 507
f 3148 3146 3147
f 10456 10344 9310
f 10390 10456 9310
f 10390 9310 9304
f 10270 10390 9304
f 10444 10270 9304
f 10270 10444 9402
f 42 507 3146
f 40 42 2979
f 2979 42 2949
f 42 3146 2949
f 3146 3148 2949
f 2950 2979 2949
f 3601 3600 3597
f 3605 3606 3597
f 3597 3606 3601
f 11765 3606 3605
f 11765 3605 10344
f 10470 11765 10344
f 10456 10470 10344
f 10470 10456 10390
f 513 40 2979
f 517 513 3585
f 3585 513 3573
f 513 2979 3573
f 2979 2950 3573
f 3572 3586 3573
f 3573 3586 3585
f 3577 3589 3572
f 3572 3589 3586
f 3584 11412 3577
f 3577 11412 3589
f 3587 3603 3584
f 3584 3603 11412
f 3590 3604 3587
f 3587 3604 3603
f 3591 11586 3590
f 3590 11586 3604
f 11586 3591 11739
f 3591 11666 11739
f 3591 3599 11666
f 11634 3599 3598
f 11634 11666 3599
f 11632 3598 3602
f 11632 11634 3598
f 3602 3600 3601
f 11633 3602 3601
f 11632 3602 11633
f 11633 3601 3606
f 11633 3606 11721
f 11721 3606 11765
f 518 517 3585
f 518 3585 3586
f 518 3586 3592
f 3592 3586 3589
f 3592 3589 11411
f 11411 3589 11412
f 11411 11412 11409
f 11409 11412 3603
f 11409 3603 11405
f 11405 3603 3604
f 11405 3604 11401
f 11401 3604 11586
f 11401 11586 11402
f 11402 11586 11739
f 4045 4043 4044
f 4039 4194 4044
f 4039 4044 4043
f 4190 4016 4194
f 4039 4190 4194
f 4036 4190 4039
f 4190 4019 4013
f 4036 4019 4190
f 4013 4018 4014
f 4019 4018 4013
f 4014 4021 4022
f 4018 4021 4014
f 4022 4026 4024
f 4021 4026 4022
f 4024 4151 4027
f 4026 4151 4024
f 8046 8049 8047
f 4027 8046 8047
f 4151 8046 4027
f 7999 8049 8046
f 4134 4136 4143
f 4226 4196 4143
f 4226 4143 4136
f 4220 4197 4196
f 4226 4220 4196
f 4047 4220 4226
f 4044 4188 4045
f 4188 4047 4045
f 4188 4220 4047
f 4188 4044 4004
f 4004 4044 4194
f 4004 4194 4016
f 8049 8048 8047
f 10141 8048 8049
f 7999 10141 8049
f 10355 10141 7999
f 4149 4130 4129
f 4128 4126 4129
f 4130 4128 4129
f 4131 4128 4130
f 4143 4133 4134
f 4133 4131 4134
f 4133 4128 4131
f 4133 4143 4195
f 4195 4143 4196
f 4195 4196 4197
f 37 39 8482
f 39 10355 8482
f 39 10141 10355
f 7985 37 8482
f 4561 4217 4192
f 4561 4192 4193
f 4129 4209 4149
f 4209 4217 4149
f 4209 4192 4217
f 4209 4129 4126
f 37 38 39
f 8031 38 37
f 7985 8031 37
f 7989 8031 7985
f 4583 4562 4560
f 4583 4560 4584
f 4193 4560 4561
f 4561 4560 4562
f 8034 8032 8033
f 8032 7989 8033
f 8032 8031 7989
f 10343 8034 8033
f 6766 4583 4584
f 6766 4551 4583
f 8034 8035 8032
f 8036 8035 8034
f 10343 8036 8034
f 8041 8036 10343
f 4543 4551 6766
f 4543 4522 4551
f 8041 8039 8036
f 8043 8039 8041
f 4520 4522 4543
f 4520 4521 4522
f 8043 8042 8039
f 10465 8042 8043
f 4519 4521 4520
f 4519 7159 4521
f 10465 8416 8042
f 8042 8416 10499
f 7742 10499 8416
f 7742 8416 7734
f 4550 7159 4519
f 4550 4540 7159
f 7734 7736 7742
f 7735 7736 7734
f 4541 4540 4550
f 4541 4539 4540
f 7735 7737 7736
f 7738 7737 7735
f 4546 4539 4541
f 4546 4541 4552
f 4552 7168 4546
f 4546 7168 4586
f 7738 8017 7737
f 10507 8017 7738
f 6562 4586 7168
f 6562 4588 4586
f 10507 7903 8017
f 10280 7903 10507
f 6554 4588 6562
f 6554 4590 4588
f 10280 7923 7903
f 10501 7923 10280
f 6555 4590 6554
f 6555 6559 4590
f 10429 7843 9326
f 7843 10501 9326
f 7843 7923 10501
f 9325 10429 9326
f 7034 6559 6555
f 7034 4597 6559
f 10429 7907 7843
f 7832 7907 10429
f 9325 7832 10429
f 10243 7832 9325
f 6551 4597 7034
f 6551 7034 7063
f 7063 7027 6551
f 6551 7027 4601
f 10243 7827 7832
f 7829 7827 10243
f 4603 4601 7027
f 4603 4602 4601
f 7829 7824 7827
f 7821 7824 7829
f 4604 4602 4603
f 4604 6549 4602
f 7821 7823 7824
f 7822 7823 7821
f 6591 6549 4604
f 6591 6761 6549
f 7853 7851 7852
f 7851 7822 7852
f 7851 7823 7822
f 9995 7853 7852
f 6591 4610 4613
f 4617 6591 4613
f 6761 6591 4617
f 4612 4613 4610
f 7853 7854 7851
f 7856 7854 7853
f 9995 7856 7853
f 7866 7856 9995
f 4614 4617 4613
f 4613 4612 4614
f 4612 4615 4614
f 4612 4618 4615
f 7866 7858 7856
f 7862 7858 7866
f 6545 4615 4618
f 6545 4621 4615
f 7865 7860 7863
f 7860 7862 7863
f 7860 7858 7862
f 7883 7865 7863
f 4624 4621 6545
f 4624 4623 4621
f 10215 7881 7865
f 7865 7881 7860
f 7865 7883 10483
f 7865 10483 10215
f 4625 4623 4624
f 4625 4626 4623
f 10215 10274 7881
f 10520 10274 10215
f 10483 10520 10215
f 10172 10520 10483
f 4627 4626 4625
f 4627 4625 6537
f 6537 4630 4627
f 4627 4630 4629
f 10172 7940 10520
f 9437 7940 10172
f 4631 4629 4630
f 4631 6533 4629
f 7932 7933 7931
f 7933 9437 7931
f 7933 7940 9437
f 7573 7932 7931
f 4634 6533 4631
f 4634 4636 6533
f 9879 7934 7932
f 7932 7934 7933
f 7932 7573 7560
f 7932 7560 9879
f 4635 4636 4634
f 4635 4639 4636
f 9879 7969 7934
f 7561 7969 9879
f 7560 7561 9879
f 7557 7561 7560
f 4640 4639 4635
f 4640 4635 6528
f 6528 4645 4640
f 4640 4645 4644
f 7557 7559 7561
f 7558 7559 7557
f 4646 4644 4645
f 4646 6525 4644
f 7558 7562 7559
f 7817 7562 7558
f 4649 6525 4646
f 4649 4651 6525
f 7958 8313 7956
f 8313 7817 7956
f 8313 7562 7817
f 7957 7958 7956
f 4650 4651 4649
f 4650 4652 4651
f 7958 9830 8313
f 7959 9830 7958
f 7957 7959 7958
f 8315 7959 7957
f 6709 4652 4650
f 6709 4650 7208
f 7208 4739 6709
f 6709 4739 4741
f 8315 8316 7959
f 10225 8316 8315
f 4740 4741 4739
f 4740 4742 4741
f 10225 8479 8316
f 8330 8479 10225
f 4743 4742 4740
f 4743 4750 4742
f 8330 8327 8479
f 8329 8327 8330
f 4733 4750 4743
f 4733 6680 4750
f 9801 8328 10161
f 8328 8329 10161
f 8328 8327 8329
f 9791 9801 10161
f 4761 6680 4733
f 4761 4733 4731
f 4731 4728 4761
f 4761 4728 6824
f 9802 10030 9801
f 9801 10030 8328
f 9801 9791 9792
f 9801 9792 9802
f 4725 6824 4728
f 4725 4722 6824
f 9861 9732 9802
f 9802 9732 10030
f 9802 9792 9714
f 9802 9714 9861
f 4724 4722 4725
f 4724 4723 4722
f 9861 9727 9732
f 9704 9727 9861
f 9714 9704 9861
f 9705 9704 9714
f 4764 4723 4724
f 4764 6615 4723
f 9705 9703 9704
f 9706 9703 9705
f 4764 7108 7075
f 5213 4764 7075
f 6615 4764 5213
f 5500 7075 7108
f 9999 9707 9728
f 9707 9706 9728
f 9707 9703 9706
f 9713 9999 9728
f 5080 5213 7075
f 7075 5500 5080
f 5500 4774 5080
f 5500 4772 4774
f 9720 9724 9999
f 9999 9724 9707
f 9999 9713 9716
f 9999 9716 9720
f 4773 4774 4772
f 4773 4775 4774
f 9720 9721 9724
f 9719 9721 9720
f 9716 9719 9720
f 9718 9719 9716
f 7042 4775 4773
f 7042 4778 4775
f 9718 10548 9719
f 9823 10548 9718
f 4964 4778 7042
f 4964 4780 4778
f 10517 9266 9822
f 9266 9823 9822
f 9266 10548 9823
f 9235 10517 9822
f 4788 4780 4964
f 4788 4964 7030
f 7030 7011 4788
f 4788 7011 6653
f 9306 9260 10517
f 10517 9260 9266
f 10517 9235 9228
f 10517 9228 9306
f 6953 6653 7011
f 6953 4969 6653
f 9306 9270 9260
f 9238 9270 9306
f 9228 9238 9306
f 9225 9238 9228
f 6699 4969 6953
f 6699 4907 4969
f 9225 9222 9238
f 9224 9222 9225
f 4998 4907 6699
f 4998 6699 6900
f 6900 6523 4998
f 4998 6523 5310
f 9224 9223 9222
f 9236 9223 9224
f 5314 5310 6523
f 5314 5312 5310
f 9240 9237 9239
f 9237 9236 9239
f 9237 9223 9236
f 9242 9240 9239
f 5315 5312 5314
f 5315 5323 5312
f 9240 9241 9237
f 9272 9241 9240
f 9242 9272 9240
f 9464 9272 9242
f 5316 5323 5315
f 5316 6675 5323
f 9464 9276 9272
f 10093 9276 9464
f 5316 484 5445
f 6961 5316 5445
f 6675 5316 6961
f 485 5445 484
f 10093 9187 9276
f 9111 9187 10093
f 5446 6961 5445
f 5445 485 5446
f 485 5447 5446
f 485 488 5447
f 9111 9186 9187
f 9137 9186 9111
f 489 5447 488
f 489 5448 5447
f 10147 9287 9182
f 9287 9137 9182
f 9287 9186 9137
f 9281 10147 9182
f 489 493 7114
f 7133 489 7114
f 5448 489 7133
f 494 7114 493
f 10147 10471 9287
f 10187 10471 10147
f 9281 10187 10147
f 9400 10187 9281
f 7113 7133 7114
f 7114 494 7113
f 494 6007 7113
f 494 497 6007
f 9400 9403 10187
f 9396 9403 9400
f 498 6007 497
f 498 504 6007
f 9396 9401 9403
f 9395 9401 9396
f 498 500 501
f 502 498 501
f 504 498 502
f 505 501 500
f 9395 9402 9401
f 10347 9402 9395
f 503 502 501
f 501 505 503
f 505 506 503
f 505 507 506
f 10269 10390 10270
f 10224 10269 10270
f 9402 10224 10270
f 10347 10224 9402
f 507 42 41
f 508 507 41
f 506 507 508
f 40 41 42
f 11621 11765 10470
f 11620 11621 10470
f 11620 10470 10390
f 10268 11620 10390
f 10269 10268 10390
f 10268 10269 10224
f 512 508 41
f 515 512 514
f 514 512 513
f 512 41 513
f 41 40 513
f 517 514 513
f 11715 11739 11666
f 11634 11665 11666
f 11666 11665 11715
f 11632 11631 11634
f 11634 11631 11665
f 11633 11630 11632
f 11632 11630 11631
f 11630 11633 11712
f 11633 11628 11712
f 11633 11721 11628
f 11721 11765 11621
f 11618 11721 11621
f 11628 11721 11618
f 11618 11621 11620
f 516 515 514
f 11780 516 11574
f 11574 516 518
f 516 514 518
f 514 517 518
f 3592 11417 518
f 518 11417 11574
f 11411 11413 3592
f 3592 11413 11417
f 11413 11411 11414
f 11411 11410 11414
f 11411 11409 11410
f 11408 11409 11405
f 11408 11410 11409
f 11400 11405 11401
f 11400 11408 11405
f 11399 11401 11402
f 11399 11400 11401
f 11402 11739 11715
f 11407 11402 11715
f 11399 11402 11407
f 11407 11715 11665
f 11407 11665 11674
f 11674 11665 11631
f 11674 11631 11608
f 11608 11631 11630
f 11608 11630 11609
f 11609 11630 11712
f 11419 11780 11574
f 11419 11574 11417
f 11419 11417 11418
f 11418 11417 11413
f 11418 11413 11798
f 11798 11413 11414
f 4041 4051 4037
f 4038 4035 4037
f 4038 4037 4051
f 4040 4031 4035
f 4040 4035 4038
f 4222 4034 4031
f 4222 4031 4040
f 4155 4154 4034
f 4155 4034 4222
f 4156 4208 4154
f 4156 4154 4155
f 4168 4208 4156
f 4145 4146 4185
f 4048 4046 4185
f 4048 4185 4146
f 4043 4045 4046
f 4048 4043 4046
f 4042 4043 4048
f 4037 4039 4041
f 4039 4042 4041
f 4039 4043 4042
f 4039 4037 4036
f 4036 4037 4035
f 4036 4035 4019
f 4019 4035 4031
f 4019 4031 4018
f 4018 4031 4034
f 4018 4034 4021
f 4021 4034 4154
f 4021 4154 4026
f 4026 4154 4208
f 4168 4224 4208
f 4224 4026 4208
f 4224 4151 4026
f 4151 4225 8046
f 4224 4225 4151
f 7999 8046 4225
f 7999 4225 7998
f 4148 4137 4135
f 4136 4134 4135
f 4137 4136 4135
f 4138 4136 4137
f 4185 4226 4145
f 4226 4138 4145
f 4226 4136 4138
f 4226 4185 4047
f 4047 4185 4046
f 4047 4046 4045
f 7987 10355 7988
f 10355 7998 7988
f 10355 7999 7998
f 7983 7987 7988
f 6989 4132 4130
f 6989 4130 4149
f 4135 4131 4148
f 4131 4132 4148
f 4131 4130 4132
f 4131 4135 4134
f 7987 8482 10355
f 7985 8482 7987
f 7983 7985 7987
f 7984 7985 7983
f 4563 6877 4217
f 4563 4217 4561
f 4149 4217 6989
f 6989 4217 6877
f 10475 7989 8481
f 7989 7984 8481
f 7989 7985 7984
f 7774 10475 8481
f 7205 4564 4562
f 7205 4562 4583
f 4561 4562 4563
f 4563 4562 4564
f 10475 8033 7989
f 10343 8033 10475
f 7774 10343 10475
f 7775 10343 7774
f 4551 7205 4583
f 4551 4524 7205
f 7775 8041 10343
f 10352 8041 7775
f 4522 4524 4551
f 4522 4523 4524
f 10352 8043 8041
f 10017 8043 10352
f 4521 4523 4522
f 4521 6890 4523
f 7741 10465 7946
f 10465 10017 7946
f 10465 8043 10017
f 7731 7741 7946
f 7159 6890 4521
f 7159 4544 6890
f 7741 8416 10465
f 7734 8416 7741
f 7731 7734 7741
f 7733 7734 7731
f 4540 4544 7159
f 4540 4535 4544
f 7733 7735 7734
f 7754 7735 7733
f 4539 4535 4540
f 4539 4536 4535
f 7754 7738 7735
f 10181 7738 7754
f 4549 4536 4539
f 4549 4539 4546
f 4546 4586 4549
f 4549 4586 4587
f 9319 10507 9318
f 10507 10181 9318
f 10507 7738 10181
f 7783 9319 9318
f 4588 4587 4586
f 4588 4589 4587
f 9321 10280 9319
f 9319 10280 10507
f 9319 7783 9320
f 9319 9320 9321
f 4590 4589 4588
f 4590 4591 4589
f 9324 10501 9321
f 9321 10501 10280
f 9321 9320 9322
f 9321 9322 9324
f 6559 4591 4590
f 6559 4594 4591
f 9324 9326 10501
f 9325 9326 9324
f 9322 9325 9324
f 9327 9325 9322
f 4597 4594 6559
f 4597 4596 4594
f 9327 10243 9325
f 10511 10243 9327
f 4598 4596 4597
f 4598 4597 6551
f 6551 4601 4598
f 4598 4601 4600
f 10511 7829 10243
f 10261 7829 10511
f 4602 4600 4601
f 4602 6550 4600
f 7819 7821 7820
f 7821 10261 7820
f 7821 7829 10261
f 7691 7819 7820
f 6549 6550 4602
f 6549 7026 6550
f 8570 7822 7819
f 7819 7822 7821
f 7819 7691 7818
f 7819 7818 8570
f 6761 7026 6549
f 6761 6610 7026
f 8570 7852 7822
f 9995 7852 8570
f 7818 9995 8570
f 9920 9995 7818
f 4617 4616 6609
f 6610 4617 6609
f 6761 4617 6610
f 4616 4619 6609
f 9920 7866 9995
f 9914 7866 9920
f 4614 4616 4617
f 4614 4615 4616
f 4615 4619 4616
f 4615 4620 4619
f 7864 7862 7882
f 7862 9914 7882
f 7862 7866 9914
f 9465 7864 7882
f 4621 4620 4615
f 4621 4622 4620
f 7864 7863 7862
f 7883 7863 7864
f 9465 7883 7864
f 9930 7883 9465
f 4623 4622 4621
f 4623 6542 4622
f 9930 10483 7883
f 9874 10483 9930
f 4626 6542 4623
f 4626 7210 6542
f 9874 10172 10483
f 10008 10172 9874
f 4628 7210 4626
f 4628 4626 4627
f 4627 4629 4628
f 4628 4629 7204
f 7574 9437 7692
f 9437 10008 7692
f 9437 10172 10008
f 7413 7574 7692
f 6533 7204 4629
f 6533 7203 7204
f 7574 7931 9437
f 7573 7931 7574
f 7413 7573 7574
f 7547 7573 7413
f 4636 7203 6533
f 4636 6530 7203
f 7547 7560 7573
f 7555 7560 7547
f 4639 6530 4636
f 4639 4642 6530
f 7555 7557 7560
f 7554 7557 7555
f 4641 4642 4639
f 4641 4639 4640
f 4640 4644 4641
f 4641 4644 7081
f 7954 7558 7977
f 7558 7554 7977
f 7558 7557 7554
f 7556 7954 7977
f 6525 7081 4644
f 6525 4654 7081
f 7955 7817 7954
f 7954 7817 7558
f 7954 7556 7960
f 7954 7960 7955
f 4651 4654 6525
f 4651 4653 4654
f 7955 7956 7817
f 7957 7956 7955
f 7960 7957 7955
f 9936 7957 7960
f 4652 4653 4651
f 4652 6728 4653
f 9936 8315 7957
f 10434 8315 9936
f 4751 6728 4652
f 4751 4652 6709
f 6709 4741 4751
f 4751 4741 4744
f 10434 10225 8315
f 8398 10225 10434
f 4742 4744 4741
f 4742 4746 4744
f 8331 8330 8332
f 8330 8398 8332
f 8330 10225 8398
f 8333 8331 8332
f 4750 4746 4742
f 4750 7147 4746
f 8346 8329 8331
f 8331 8329 8330
f 8331 8333 8335
f 8331 8335 8346
f 6680 7147 4750
f 6680 4716 7147
f 8346 10161 8329
f 9791 10161 8346
f 8335 9791 8346
f 8344 9791 8335
f 6186 4716 6680
f 6186 6680 4761
f 4761 6824 6186
f 6186 6824 4720
f 8344 9792 9791
f 9949 9792 8344
f 4722 4720 6824
f 4722 4721 4720
f 9949 9714 9792
f 9710 9714 9949
f 4723 4721 4722
f 4723 4770 4721
f 9708 9705 9709
f 9705 9710 9709
f 9705 9714 9710
f 9726 9708 9709
f 6615 4770 4723
f 6615 6538 4770
f 9711 9706 9708
f 9708 9706 9705
f 9708 9726 9712
f 9708 9712 9711
f 5213 6538 6615
f 5213 5082 6538
f 9711 9728 9706
f 9713 9728 9711
f 9712 9713 9711
f 9715 9713 9712
f 5043 5082 5213
f 5043 5213 5080
f 5080 4774 5043
f 5043 4774 4776
f 9715 9716 9713
f 9717 9716 9715
f 4775 4776 4774
f 4775 4777 4776
f 9717 9718 9716
f 9725 9718 9717
f 4778 4777 4775
f 4778 4779 4777
f 9820 9823 10549
f 9823 9725 10549
f 9823 9718 9725
f 9244 9820 10549
f 4780 4779 4778
f 4780 4781 4779
f 9820 9822 9823
f 9235 9822 9820
f 9244 9235 9820
f 9229 9235 9244
f 4782 4781 4780
f 4782 4780 4788
f 4788 6653 4782
f 4782 6653 4785
f 9229 9228 9235
f 9227 9228 9229
f 4969 4785 6653
f 4969 4787 4785
f 9227 9225 9228
f 9226 9225 9227
f 4907 4787 4969
f 4907 4906 4787
f 9941 9224 9232
f 9224 9226 9232
f 9224 9225 9226
f 9256 9941 9232
f 4997 4906 4907
f 4997 4907 4998
f 4998 5310 4997
f 4997 5310 5311
f 9279 9236 9941
f 9941 9236 9224
f 9941 9256 9495
f 9941 9495 9279
f 5312 5311 5310
f 5312 5313 5311
f 9279 9239 9236
f 9242 9239 9279
f 9495 9242 9279
f 9466 9242 9495
f 5323 5313 5312
f 5323 6855 5313
f 9466 9464 9242
f 9110 9464 9466
f 6675 6855 5323
f 6675 6754 6855
f 9110 10093 9464
f 9108 10093 9110
f 6961 6754 6675
f 6961 6755 6754
f 9112 9111 9109
f 9111 9108 9109
f 9111 10093 9108
f 9192 9112 9109
f 5450 6755 6961
f 5450 6961 5446
f 5446 5447 5450
f 5450 5447 5449
f 9181 9137 9112
f 9112 9137 9111
f 9112 9192 9183
f 9112 9183 9181
f 5448 5449 5447
f 5448 6566 5449
f 9181 9182 9137
f 9281 9182 9181
f 9183 9281 9181
f 10218 9281 9183
f 7133 6566 5448
f 7133 5368 6566
f 10218 9400 9281
f 9398 9400 10218
f 7133 7113 5373
f 5365 7133 5373
f 5368 7133 5365
f 6007 5373 7113
f 9383 9396 9397
f 9396 9398 9397
f 9396 9400 9398
f 10266 9383 9397
f 5372 5365 5373
f 5373 6007 5372
f 6007 5374 5372
f 6007 504 5374
f 9382 9395 9383
f 9383 9395 9396
f 9383 10266 9379
f 9383 9379 9382
f 502 5374 504
f 502 5376 5374
f 9387 10347 9382
f 9382 10347 9395
f 9382 9379 9380
f 9382 9380 9387
f 502 503 5378
f 5377 502 5378
f 5376 502 5377
f 506 5378 503
f 10173 10224 9387
f 9387 10224 10347
f 9387 9380 9384
f 9387 9384 10173
f 5379 5377 5378
f 5378 506 5379
f 506 5383 5379
f 506 508 5383
f 11619 11620 10268
f 10267 11619 10268
f 10267 10268 10224
f 9386 10267 10224
f 10173 9386 10224
f 9386 10173 9384
f 508 512 5386
f 5384 508 5386
f 5383 508 5384
f 515 5386 512
f 11611 11712 11628
f 11611 11628 11612
f 11628 11614 11612
f 11628 11618 11614
f 11618 11620 11619
f 11617 11618 11619
f 11614 11618 11617
f 11617 11619 10267
f 5420 5384 5386
f 5393 5420 5396
f 5396 5420 516
f 5420 5386 516
f 5386 515 516
f 11780 5396 516
f 11717 11414 11410
f 11408 11415 11410
f 11410 11415 11717
f 11400 44 11408
f 11408 44 11415
f 44 11400 45
f 11400 11398 45
f 11400 11399 11398
f 11397 11399 11407
f 11397 11398 11399
f 11404 11407 11674
f 11404 11397 11407
f 11605 11674 11608
f 11605 11404 11674
f 11607 11608 11609
f 11607 11605 11608
f 11609 11712 11611
f 11610 11609 11611
f 11607 11609 11610
f 11610 11611 11612
f 5395 5393 5396
f 5395 5396 11780
f 11419 5395 11780
f 11422 5395 11419
f 11420 11419 11418
f 11420 11422 11419
f 11501 11418 11798
f 11501 11420 11418
f 11798 11414 11717
f 11767 11798 11717
f 11501 11798 11767
f 11767 11717 11415
f 11767 11415 11575
f 11575 11415 44
f 11575 44 43
f 43 44 45
f 46 47 48
f 4229 48 47
f 4057 4056 4183
f 4053 4049 4183
f 4053 4183 4056
f 4049 4053 46
f 4049 46 48
f 4041 4049 48
f 4051 4041 48
f 4229 4186 48
f 4186 4051 48
f 4186 4038 4051
f 4038 4184 4040
f 4186 4184 4038
f 4040 4212 4222
f 4184 4212 4040
f 4222 4182 4155
f 4212 4182 4222
f 4155 4157 4156
f 4182 4157 4155
f 4158 4163 4168
f 4156 4158 4168
f 4157 4158 4156
f 4161 4163 4158
f 4141 4215 4144
f 4146 4145 4144
f 4215 4146 4144
f 4065 4146 4215
f 4183 4048 4057
f 4048 4065 4057
f 4048 4146 4065
f 4048 4183 4042
f 4042 4183 4049
f 4042 4049 4041
f 4163 4224 4168
f 4161 4164 4163
f 4164 4224 4163
f 4164 4225 4224
f 7997 9441 7998
f 4225 7997 7998
f 4164 7997 4225
f 7982 9441 7997
f 4140 4139 4137
f 4140 4137 4148
f 4144 4138 4141
f 4138 4139 4141
f 4138 4137 4139
f 4138 4144 4145
f 9441 7988 7998
f 7983 7988 9441
f 7982 7983 9441
f 7980 7983 7982
f 4581 6974 7163
f 4132 6989 7163
f 6974 4132 7163
f 4228 4132 6974
f 4148 4132 4140
f 4140 4132 4228
f 7777 7984 8053
f 7984 7980 8053
f 7984 7983 7980
f 7773 7777 8053
f 4581 7163 6877
f 4563 4581 6877
f 4565 4581 4563
f 6877 7163 6989
f 7777 8481 7984
f 7774 8481 7777
f 7773 7774 7777
f 7771 7774 7773
f 6688 4566 4564
f 6688 4564 7205
f 4563 4564 4565
f 4565 4564 4566
f 7771 7775 7774
f 7769 7775 7771
f 4524 6688 7205
f 4524 4525 6688
f 7729 10352 7920
f 10352 7769 7920
f 10352 7775 7769
f 7727 7729 7920
f 4523 4525 4524
f 4523 4526 4525
f 7730 10017 7729
f 7729 10017 10352
f 7729 7727 7728
f 7729 7728 7730
f 6890 4526 4523
f 6890 4530 4526
f 7730 7946 10017
f 7731 7946 7730
f 7728 7731 7730
f 7732 7731 7728
f 4544 4530 6890
f 4544 4532 4530
f 7732 7733 7731
f 7743 7733 7732
f 4535 4532 4544
f 4535 4534 4532
f 7755 7754 10116
f 7754 7743 10116
f 7754 7733 7743
f 7751 7755 10116
f 4536 6760 4538
f 4534 4536 4538
f 4535 4536 4534
f 6760 6940 4538
f 7756 10181 7755
f 7755 10181 7754
f 7755 7751 7752
f 7755 7752 7756
f 4549 6760 4536
f 4549 4587 6760
f 4587 6940 6760
f 4587 6561 6940
f 7756 9318 10181
f 7783 9318 7756
f 7752 7783 7756
f 10194 7783 7752
f 4589 6561 4587
f 4589 4592 6561
f 10194 9320 7783
f 9323 9320 10194
f 4591 4592 4589
f 4591 4593 4592
f 9323 9322 9320
f 9889 9322 9323
f 4594 4593 4591
f 4594 4595 4593
f 10348 9327 10521
f 9327 9889 10521
f 9327 9322 9889
f 9865 10348 10521
f 4596 4595 4594
f 4596 6552 4595
f 10121 10511 10348
f 10348 10511 9327
f 10348 9865 7481
f 10348 7481 10121
f 4599 6552 4596
f 4599 4596 4598
f 4598 4600 4599
f 4599 4600 7209
f 8464 10261 10121
f 10121 10261 10511
f 10121 7481 7462
f 10121 7462 8464
f 6550 7209 4600
f 6550 6323 7209
f 8464 7820 10261
f 7691 7820 8464
f 7462 7691 8464
f 7567 7691 7462
f 7026 6323 6550
f 7026 6329 6323
f 7567 7818 7691
f 7601 7818 7567
f 6610 6329 7026
f 6610 6977 6329
f 9921 9920 9922
f 9920 7601 9922
f 9920 7818 7601
f 9923 9921 9922
f 6662 6977 6610
f 6662 6610 6609
f 6609 4619 6662
f 6662 4619 6897
f 10115 9914 9921
f 9921 9914 9920
f 9921 9923 9870
f 9921 9870 10115
f 4620 6897 4619
f 4620 6540 6897
f 10115 7882 9914
f 9465 7882 10115
f 9870 9465 10115
f 9869 9465 9870
f 4622 6540 4620
f 4622 6541 6540
f 9869 9930 9465
f 9871 9930 9869
f 6542 6541 4622
f 6542 6477 6541
f 50 9874 51
f 9874 9871 51
f 9874 9930 9871
f 49 50 51
f 7210 6478 6476
f 6477 7210 6476
f 6542 7210 6477
f 6478 6474 6476
f 7600 10008 50
f 50 10008 9874
f 50 49 7410
f 50 7410 7600
f 4628 6478 7210
f 4628 7204 6478
f 7204 6474 6478
f 7204 6475 6474
f 7600 7692 10008
f 7413 7692 7600
f 7410 7413 7600
f 7412 7413 7410
f 7203 6475 7204
f 7203 6710 6475
f 7412 7547 7413
f 10027 7547 7412
f 6530 6710 7203
f 6530 6515 6710
f 7552 7555 8018
f 7555 10027 8018
f 7555 7547 10027
f 7382 7552 8018
f 4642 6515 6530
f 4642 6529 6515
f 7553 7554 7552
f 7552 7554 7555
f 7552 7382 7384
f 7552 7384 7553
f 4643 6529 4642
f 4643 4642 4641
f 4641 7081 4643
f 4643 7081 4656
f 7553 7977 7554
f 7556 7977 7553
f 7384 7556 7553
f 9859 7556 7384
f 4654 4656 7081
f 4654 4655 4656
f 9859 7960 7556
f 9769 7960 9859
f 4653 4655 4654
f 4653 6520 4655
f 9769 9936 7960
f 9771 9936 9769
f 6728 6520 4653
f 6728 4755 6520
f 9976 10434 9773
f 10434 9771 9773
f 10434 9936 9771
f 9763 9976 9773
f 4748 4755 6728
f 4748 6728 4751
f 4751 4744 4748
f 4748 4744 4747
f 8334 8398 9976
f 9976 8398 10434
f 9976 9763 8340
f 9976 8340 8334
f 4746 4747 4744
f 4746 6188 4747
f 8334 8332 8398
f 8333 8332 8334
f 8340 8333 8334
f 8339 8333 8340
f 7147 6188 4746
f 7147 4714 6188
f 8339 8335 8333
f 8342 8335 8339
f 4716 4714 7147
f 4716 4715 4714
f 8349 8344 8348
f 8344 8342 8348
f 8344 8335 8342
f 8350 8349 8348
f 4717 4715 4716
f 4717 4716 6186
f 6186 4720 4717
f 4717 4720 4719
f 8366 9949 8349
f 8349 9949 8344
f 8349 8350 8351
f 8349 8351 8366
f 4721 4719 4720
f 4721 5896 4719
f 9885 9710 8366
f 8366 9710 9949
f 8366 8351 8357
f 8366 8357 9885
f 4770 5896 4721
f 4770 6937 5896
f 9885 9709 9710
f 9726 9709 9885
f 8357 9726 9885
f 10110 9726 8357
f 6538 6937 4770
f 6538 6011 6937
f 10110 9712 9726
f 9649 9712 10110
f 5082 6011 6538
f 5082 6010 6011
f 9649 9715 9712
f 10553 9715 9649
f 5081 6010 5082
f 5081 5082 5043
f 5043 4776 5081
f 5081 4776 6852
f 9729 9717 9734
f 9717 10553 9734
f 9717 9715 10553
f 9735 9729 9734
f 4777 6852 4776
f 4777 4902 6852
f 9730 9725 9729
f 9729 9725 9717
f 9729 9735 10550
f 9729 10550 9730
f 4779 4902 4777
f 4779 4784 4902
f 9730 10549 9725
f 9244 10549 9730
f 10550 9244 9730
f 9231 9244 10550
f 4781 4784 4779
f 4781 7077 4784
f 9231 9229 9244
f 9230 9229 9231
f 4783 7077 4781
f 4783 4781 4782
f 4782 4785 4783
f 4783 4785 4786
f 9230 9227 9229
f 9280 9227 9230
f 4787 4786 4785
f 4787 4789 4786
f 9233 9226 9234
f 9226 9280 9234
f 9226 9227 9280
f 9876 9233 9234
f 4906 4789 4787
f 4906 4995 4789
f 9233 9232 9226
f 9256 9232 9233
f 9876 9256 9233
f 9497 9256 9876
f 6684 4995 4906
f 6684 4906 4997
f 4997 5311 6684
f 6684 5311 5317
f 9497 9495 9256
f 9496 9495 9497
f 5313 5317 5311
f 5313 5318 5317
f 9496 9466 9495
f 9991 9466 9496
f 6855 5318 5313
f 6855 5325 5318
f 9105 9110 9106
f 9110 9991 9106
f 9110 9466 9991
f 9104 9105 9106
f 6754 5325 6855
f 6754 6753 5325
f 9107 9108 9105
f 9105 9108 9110
f 9105 9104 9102
f 9105 9102 9107
f 6755 7025 6757
f 6753 6755 6757
f 6754 6755 6753
f 7025 6759 6757
f 9107 9109 9108
f 9192 9109 9107
f 9102 9192 9107
f 9101 9192 9102
f 5450 7025 6755
f 5450 5449 7025
f 5449 6759 7025
f 5449 7134 6759
f 9101 9183 9192
f 9312 9183 9101
f 6566 7134 5449
f 6566 5363 7134
f 9312 10218 9183
f 9308 10218 9312
f 5368 5363 6566
f 5368 5362 5363
f 9399 9398 10163
f 9398 9308 10163
f 9398 10218 9308
f 9307 9399 10163
f 5365 5362 5368
f 5365 5364 5362
f 9399 9397 9398
f 10266 9397 9399
f 9307 10266 9399
f 9286 10266 9307
f 5371 5364 5365
f 5371 5365 5372
f 5372 5374 5371
f 5371 5374 5375
f 9286 9379 10266
f 9378 9379 9286
f 5376 5375 5374
f 5376 5439 5375
f 9378 9380 9379
f 9381 9380 9378
f 5377 5439 5376
f 5377 6969 5439
f 9381 9384 9380
f 9385 9384 9381
f 5442 6969 5377
f 5442 5377 5379
f 5379 5383 5442
f 5442 5383 5385
f 11624 11622 9386
f 9386 11622 10267
f 9386 9384 9385
f 9386 9385 11624
f 5384 5385 5383
f 5384 5387 5385
f 11615 11613 11614
f 11614 11613 11612
f 11616 11614 11617
f 11616 11615 11614
f 11617 10267 11622
f 11617 11622 11616
f 5388 5387 5384
f 5388 5384 5420
f 5420 5393 5388
f 5388 5393 5390
f 11406 45 11398
f 11406 11398 11403
f 11398 11396 11403
f 11398 11397 11396
f 11395 11397 11404
f 11395 11396 11397
f 11421 11404 11605
f 11421 11395 11404
f 11606 11605 11607
f 11606 11421 11605
f 11629 11607 11610
f 11629 11606 11607
f 11610 11612 11613
f 11610 11613 11629
f 5394 5390 5393
f 5394 5393 5395
f 11425 5395 11422
f 11425 5394 5395
f 11423 11422 11420
f 11423 11425 11422
f 11424 11420 11501
f 11424 11423 11420
f 11500 11501 11767
f 11500 11424 11501
f 11571 11767 11575
f 11571 11500 11767
f 11390 11575 43
f 11390 11571 11575
f 43 45 11406
f 11485 43 11406
f 11390 43 11485
f 11485 11406 11403
f 10980 10979 10981
f 10982 10984 10981
f 10982 10981 10979
f 10985 10984 10982
f 10917 11012 10996
f 10996 11012 10980
f 10981 10996 10980
f 11011 10996 10981
f 10988 10981 10984
f 11011 10981 10988
f 10984 10985 10986
f 4179 10984 10986
f 10988 10984 4179
f 4178 4179 10986
f 4059 10869 4055
f 4055 10869 10917
f 10996 4055 10917
f 4054 4055 10996
f 46 4054 47
f 4054 11011 47
f 4054 10996 11011
f 47 11011 4229
f 11011 4221 4229
f 11011 10988 4221
f 4223 10988 4179
f 4221 10988 4223
f 4179 4178 4177
f 4180 4179 4177
f 4223 4179 4180
f 4173 4167 4180
f 4173 4180 4177
f 4169 4166 4167
f 4169 4167 4173
f 4181 4166 4169
f 4067 4062 4061
f 4060 4058 4061
f 4060 4061 4062
f 4058 4060 4059
f 4058 4059 4055
f 4057 4058 4055
f 4056 4057 4055
f 4056 4055 4053
f 4053 4055 4054
f 4053 4054 46
f 4221 4186 4229
f 4186 4221 4184
f 4184 4221 4223
f 4184 4223 4212
f 4212 4223 4180
f 4212 4180 4182
f 4182 4180 4167
f 4182 4167 4157
f 4157 4167 4166
f 4181 4159 4166
f 4159 4157 4166
f 4159 4158 4157
f 4160 4165 4161
f 4158 4160 4161
f 4159 4160 4158
f 8000 4165 4160
f 4067 4061 4215
f 4141 4067 4215
f 4142 4067 4141
f 4215 4061 4065
f 4065 4061 4058
f 4065 4058 4057
f 4165 4164 4161
f 8000 7986 4165
f 7986 4164 4165
f 7986 7997 4164
f 7982 7997 7986
f 7982 7986 7981
f 4573 4574 4582
f 4139 4140 4582
f 4574 4139 4582
f 4576 4139 4574
f 4141 4139 4142
f 4142 4139 4576
f 7978 7980 7979
f 7980 7981 7979
f 7980 7982 7981
f 7776 7978 7979
f 4568 4570 6974
f 4568 6974 4581
f 4582 4228 4573
f 4228 4570 4573
f 4228 6974 4570
f 4228 4582 4140
f 7978 8053 7980
f 7773 8053 7978
f 7776 7773 7978
f 7772 7773 7776
f 4565 4568 4581
f 4565 4567 4568
f 7772 7771 7773
f 7770 7771 7772
f 4542 7086 4566
f 4542 4566 6688
f 4565 4566 4567
f 4567 4566 7086
f 7767 7769 7768
f 7769 7770 7768
f 7769 7771 7770
f 7724 7767 7768
f 4525 4542 6688
f 4525 4527 4542
f 7767 7920 7769
f 7727 7920 7767
f 7724 7727 7767
f 7725 7727 7724
f 4526 4527 4525
f 4526 4528 4527
f 7725 7728 7727
f 7815 7728 7725
f 4530 4528 4526
f 4530 4531 4528
f 7815 7732 7728
f 7744 7732 7815
f 4532 4531 4530
f 4532 4533 4531
f 7757 7743 7745
f 7743 7744 7745
f 7743 7732 7744
f 7747 7757 7745
f 4534 52 54
f 4533 4534 54
f 4532 4534 4533
f 52 53 54
f 7757 10116 7743
f 7751 10116 7757
f 7747 7751 7757
f 7750 7751 7747
f 4538 52 4534
f 4538 6940 52
f 6940 53 52
f 6940 6750 53
f 7750 7752 7751
f 7778 7752 7750
f 6561 6750 6940
f 6561 6939 6750
f 7778 10194 7752
f 9983 10194 7778
f 4592 6939 6561
f 4592 7193 6939
f 9983 9323 10194
f 10524 9323 9983
f 4593 7193 4592
f 4593 6553 7193
f 10524 9889 9323
f 7472 9889 10524
f 4595 6553 4593
f 4595 6366 6553
f 7472 8450 9889
f 9889 8450 10521
f 9865 10521 8450
f 9865 8450 7460
f 6552 7196 6369
f 6366 6552 6369
f 4595 6552 6366
f 7196 6602 6369
f 7460 7481 9865
f 7458 7481 7460
f 4599 7196 6552
f 4599 7209 7196
f 7209 6602 7196
f 7209 6312 6602
f 7458 7462 7481
f 7459 7462 7458
f 6323 6312 7209
f 6323 6309 6312
f 7459 7567 7462
f 7429 7567 7459
f 6329 6309 6323
f 6329 6307 6309
f 9935 7601 7435
f 7601 7429 7435
f 7601 7567 7429
f 7463 9935 7435
f 6977 7194 6403
f 6307 6977 6403
f 6329 6977 6307
f 7194 6305 6403
f 9935 9922 7601
f 9923 9922 9935
f 7463 9923 9935
f 10249 9923 7463
f 6662 7194 6977
f 6662 6897 7194
f 6897 6305 7194
f 6897 6328 6305
f 10249 9870 9923
f 9867 9870 10249
f 6540 6328 6897
f 6540 6899 6328
f 9867 9869 9870
f 9868 9869 9867
f 6541 6899 6540
f 6541 6737 6899
f 9873 9871 9872
f 9871 9868 9872
f 9871 9869 9868
f 10303 9873 9872
f 6477 6737 6541
f 6477 6484 6737
f 9873 51 9871
f 49 51 9873
f 10303 49 9873
f 7408 49 10303
f 6473 6484 6477
f 6473 6477 6476
f 6476 6474 6473
f 6473 6474 6471
f 7408 7410 49
f 7409 7410 7408
f 6475 6471 6474
f 6475 6479 6471
f 7409 7412 7410
f 7415 7412 7409
f 6710 6479 6475
f 6710 6514 6479
f 7383 10027 7387
f 10027 7415 7387
f 10027 7412 7415
f 7381 7383 7387
f 6515 6514 6710
f 6515 4666 6514
f 7383 8018 10027
f 7382 8018 7383
f 7381 7382 7383
f 7380 7382 7381
f 6529 4666 6515
f 6529 4664 4666
f 7380 7384 7382
f 7385 7384 7380
f 7050 4664 6529
f 7050 6529 4643
f 4643 4656 7050
f 7050 4656 4657
f 7385 9859 7384
f 9768 9859 7385
f 4655 4657 4656
f 4655 4658 4657
f 9768 9769 9859
f 9767 9769 9768
f 6520 4658 4655
f 6520 4760 4658
f 9764 9771 9775
f 9771 9767 9775
f 9771 9769 9767
f 9761 9764 9775
f 4755 4749 4763
f 4760 4755 4763
f 6520 4755 4760
f 4749 4752 4763
f 9764 9773 9771
f 9763 9773 9764
f 9761 9763 9764
f 9762 9763 9761
f 4748 4749 4755
f 4748 4747 4749
f 4747 4752 4749
f 4747 4753 4752
f 9762 8340 9763
f 9953 8340 9762
f 6188 4753 4747
f 6188 4713 4753
f 9953 8339 8340
f 8343 8339 9953
f 4714 4713 6188
f 4714 4712 4713
f 9637 8342 8468
f 8342 8343 8468
f 8342 8339 8343
f 8359 9637 8468
f 4715 4712 4714
f 4715 6191 4712
f 9637 8348 8342
f 8350 8348 9637
f 8359 8350 9637
f 8352 8350 8359
f 4718 6191 4715
f 4718 4715 4717
f 4717 4719 4718
f 4718 4719 7001
f 8352 8351 8350
f 8353 8351 8352
f 5896 7001 4719
f 5896 6672 7001
f 8353 8357 8351
f 8358 8357 8353
f 6937 6672 5896
f 6937 6671 6672
f 8358 10110 8357
f 8411 10110 8358
f 6011 6671 6937
f 6011 6723 6671
f 9462 9649 8415
f 9649 8411 8415
f 9649 10110 8411
f 8412 9462 8415
f 6010 6012 6013
f 6723 6010 6013
f 6011 6010 6723
f 6012 4960 6013
f 10552 10553 9462
f 9462 10553 9649
f 9462 8412 10551
f 9462 10551 10552
f 5081 6012 6010
f 5081 6852 6012
f 6852 4960 6012
f 6852 4959 4960
f 10552 9734 10553
f 9735 9734 10552
f 10551 9735 10552
f 9636 9735 10551
f 4902 4959 6852
f 4902 6841 4959
f 9636 10550 9735
f 9271 10550 9636
f 4784 6841 4902
f 4784 5833 6841
f 9271 9231 10550
f 9250 9231 9271
f 7077 4903 6828
f 5833 7077 6828
f 4784 7077 5833
f 4903 4799 6828
f 9253 9230 9251
f 9230 9250 9251
f 9230 9231 9250
f 9849 9253 9251
f 4783 4903 7077
f 4783 4786 4903
f 4786 4799 4903
f 4786 4790 4799
f 10375 9280 9253
f 9253 9280 9230
f 9253 9849 9190
f 9253 9190 10375
f 4789 4790 4786
f 4789 4791 4790
f 10375 9234 9280
f 9876 9234 10375
f 9190 9876 10375
f 9180 9876 9190
f 4995 4791 4789
f 4995 4795 4791
f 9180 9497 9876
f 9744 9497 9180
f 7072 4795 4995
f 7072 4995 6684
f 6684 5317 7072
f 7072 5317 5319
f 9744 9496 9497
f 9136 9496 9744
f 5318 5319 5317
f 5318 5320 5319
f 9309 9991 9135
f 9991 9136 9135
f 9991 9496 9136
f 9113 9309 9135
f 5325 5320 5318
f 5325 5328 5320
f 9309 9106 9991
f 9104 9106 9309
f 9113 9104 9309
f 9103 9104 9113
f 6753 5328 5325
f 6753 7005 5328
f 9103 9102 9104
f 9100 9102 9103
f 6758 7005 6753
f 6758 6753 6757
f 6757 6759 6758
f 6758 6759 6836
f 9100 9101 9102
f 9097 9101 9100
f 7134 6836 6759
f 7134 5370 6836
f 9094 9312 9095
f 9312 9097 9095
f 9312 9101 9097
f 9093 9094 9095
f 5363 5370 7134
f 5363 5360 5370
f 9289 9308 9094
f 9094 9308 9312
f 9094 9093 9092
f 9094 9092 9289
f 5362 5360 5363
f 5362 5361 5360
f 9289 10163 9308
f 9307 10163 9289
f 9092 9307 9289
f 9282 9307 9092
f 5364 5435 5369
f 5361 5364 5369
f 5362 5364 5361
f 5435 6807 5369
f 9377 9286 9285
f 9286 9282 9285
f 9286 9307 9282
f 10256 9377 9285
f 5371 5435 5364
f 5371 5375 5435
f 5375 6807 5435
f 5375 6984 6807
f 9393 9378 9377
f 9377 9378 9286
f 9377 10256 9016
f 9377 9016 9393
f 5439 6984 5375
f 5439 6846 6984
f 9389 9381 9393
f 9393 9381 9378
f 9393 9016 9392
f 9393 9392 9389
f 6969 6846 5439
f 6969 6845 6846
f 9390 9388 9389
f 9388 9381 9389
f 9388 9385 9381
f 9390 9389 9392
f 7156 6845 6969
f 7156 6969 5442
f 5442 5385 7156
f 7156 5385 5434
f 11627 11623 11624
f 11624 11623 11622
f 11624 9385 9388
f 11624 9388 11627
f 5387 5434 5385
f 5387 5391 5434
f 11626 11613 11615
f 11626 11615 11713
f 11615 11625 11713
f 11615 11616 11625
f 11616 11622 11623
f 11616 11623 11625
f 5389 5391 5387
f 5389 5387 5388
f 5388 5390 5389
f 5389 5390 11481
f 11488 11416 11396
f 11396 11416 11403
f 11367 11396 11395
f 11367 11488 11396
f 11394 11395 11421
f 11394 11367 11395
f 11639 11421 11606
f 11639 11394 11421
f 11777 11606 11629
f 11777 11639 11606
f 11629 11613 11626
f 11643 11629 11626
f 11777 11629 11643
f 11643 11626 11713
f 11478 11481 5390
f 11478 5390 5394
f 11476 11478 11479
f 11478 11425 11479
f 11478 5394 11425
f 11423 11693 11425
f 11425 11693 11479
f 11424 11426 11423
f 11423 11426 11693
f 11426 11424 11431
f 11424 11498 11431
f 11424 11500 11498
f 11726 11500 11571
f 11726 11498 11500
f 11376 11571 11390
f 11376 11726 11571
f 11387 11390 11485
f 11387 11376 11390
f 11485 11403 11416
f 11485 11416 11387
f 11482 11476 11479
f 11482 11479 11693
f 11482 11693 11660
f 11660 11693 11426
f 11660 11426 11509
f 11509 11426 11431
f 10951 10873 10916
f 10874 11013 10916
f 10874 10916 10873
f 10911 10909 11013
f 10911 11013 10874
f 10882 10909 10911
f 10835 10834 10836
f 10836 10834 10951
f 10916 10836 10951
f 10978 10836 10916
f 10945 10916 11013
f 10978 10916 10945
f 10946 11013 10909
f 10945 11013 10946
f 10909 10882 10883
f 11003 10909 10883
f 10946 10909 11003
f 10923 11003 10883
f 10835 10836 10837
f 10835 10837 10838
f 10852 10836 10978
f 10837 10836 10852
f 10944 10978 10945
f 10852 10978 10944
f 10943 10945 10946
f 10944 10945 10943
f 10976 10946 11003
f 10943 10946 10976
f 11003 10923 10906
f 10907 11003 10906
f 10976 11003 10907
f 10894 10907 10906
f 10838 10837 10839
f 10838 10839 10841
f 10840 10837 10852
f 10839 10837 10840
f 11016 10852 10944
f 10840 10852 11016
f 10922 10944 10943
f 11016 10944 10922
f 10914 10943 10976
f 10922 10943 10914
f 10900 10976 10907
f 10914 10976 10900
f 10907 10894 10895
f 10907 10895 10900
f 10841 10839 10854
f 10841 10854 11007
f 10843 10839 10840
f 10854 10839 10843
f 10844 10840 11016
f 10843 10840 10844
f 10975 11016 10922
f 10844 11016 10975
f 10915 10922 10914
f 10975 10922 10915
f 10908 10914 10900
f 10915 10914 10908
f 10900 10895 10897
f 10900 10897 10908
f 11007 10854 10853
f 11007 10853 10865
f 10846 10854 10843
f 10853 10854 10846
f 10845 10843 10844
f 10846 10843 10845
f 10851 10844 10975
f 10845 10844 10851
f 10919 10975 10915
f 10851 10975 10919
f 10918 10915 10908
f 10919 10915 10918
f 10908 10897 11006
f 10920 10908 11006
f 10918 10908 10920
f 10995 10920 11006
f 10949 10990 10863
f 10863 10990 10865
f 10853 10863 10865
f 10861 10863 10853
f 10849 10853 10846
f 10861 10853 10849
f 10847 10846 10845
f 10849 10846 10847
f 10848 10845 10851
f 10847 10845 10848
f 10983 10851 10919
f 10848 10851 10983
f 10921 10919 10918
f 10983 10919 10921
f 10924 10918 10920
f 10921 10918 10924
f 10920 10995 11004
f 10920 11004 10924
f 10949 10863 10866
f 10949 10866 10999
f 10864 10863 10861
f 10866 10863 10864
f 10977 10861 10849
f 10864 10861 10977
f 10850 10849 10847
f 10977 10849 10850
f 10980 10850 10979
f 10850 10848 10979
f 10850 10847 10848
f 10979 10848 10982
f 10982 10848 10983
f 10982 10983 10985
f 10983 10987 10985
f 10983 10921 10987
f 11002 10921 10924
f 10987 10921 11002
f 10924 11004 57
f 56 10924 57
f 11002 10924 56
f 55 56 57
f 10999 10866 10870
f 10999 10870 4336
f 10867 10866 10864
f 10870 10866 10867
f 10868 10864 10977
f 10867 10864 10868
f 10917 10868 11012
f 10868 10850 11012
f 10868 10977 10850
f 11012 10850 10980
f 10987 10986 10985
f 10986 10987 4178
f 10987 4176 4178
f 10987 11002 4176
f 4174 11002 56
f 4176 11002 4174
f 56 55 10973
f 4175 56 10973
f 4174 56 4175
f 10992 4175 10973
f 4336 10870 4063
f 4336 4063 4064
f 4066 10870 10867
f 4063 10870 4066
f 4059 4066 10869
f 4066 10868 10869
f 4066 10867 10868
f 10869 10868 10917
f 4176 4177 4178
f 4177 4176 4173
f 4173 4176 4174
f 4173 4174 4169
f 4169 4174 4175
f 4172 4170 4181
f 4172 4181 4169
f 10992 4172 4169
f 4175 10992 4169
f 4171 4170 4172
f 4064 4063 4062
f 4067 4064 4062
f 4489 4064 4067
f 4062 4063 4060
f 4060 4063 4066
f 4060 4066 4059
f 4170 4159 4181
f 4171 4162 4170
f 4162 4159 4170
f 4162 4160 4159
f 8000 4160 4162
f 8000 4162 63
f 4502 4501 4577
f 4501 4489 4577
f 4489 4142 4577
f 4489 4067 4142
f 63 62 8000
f 8000 62 7986
f 7981 7986 62
f 7981 62 9980
f 4572 4575 4574
f 4572 4574 4573
f 4577 4576 4502
f 4576 4575 4502
f 4576 4574 4575
f 4576 4577 4142
f 9980 10436 7981
f 7981 10436 7979
f 7776 7979 10436
f 7776 10436 7782
f 4569 4571 4570
f 4569 4570 4568
f 4573 4570 4572
f 4572 4570 4571
f 7782 7772 7776
f 7720 7772 7782
f 4567 4569 4568
f 4567 4580 4569
f 7781 7770 10519
f 7770 7720 10519
f 7770 7772 7720
f 7721 7781 10519
f 64 66 7086
f 64 7086 4542
f 4567 7086 4580
f 4580 7086 66
f 7781 7768 7770
f 7724 7768 7781
f 7721 7724 7781
f 7722 7724 7721
f 4527 64 4542
f 4527 4529 64
f 7722 7725 7724
f 7726 7725 7722
f 4528 4529 4527
f 4528 4547 4529
f 7726 7815 7725
f 7763 7815 7726
f 4531 4547 4528
f 4531 4537 4547
f 7746 7744 9085
f 7744 7763 9085
f 7744 7815 7763
f 7748 7746 9085
f 4533 4545 4585
f 4537 4533 4585
f 4531 4533 4537
f 4545 6639 4585
f 7746 7745 7744
f 7747 7745 7746
f 7748 7747 7746
f 7749 7747 7748
f 54 4545 4533
f 54 53 4545
f 53 6639 4545
f 53 6749 6639
f 7749 7750 7747
f 7753 7750 7749
f 6750 6749 53
f 6750 6751 6749
f 7753 7778 7750
f 7477 7778 7753
f 6939 6751 6750
f 6939 6811 6751
f 7478 9983 7476
f 9983 7477 7476
f 9983 7778 7477
f 7473 7478 7476
f 7193 6811 6939
f 7193 6327 6811
f 7468 10524 7478
f 7478 10524 9983
f 7478 7473 7469
f 7478 7469 7468
f 6553 6327 7193
f 6553 6321 6327
f 7467 7472 7468
f 7468 7472 10524
f 7468 7469 7461
f 7468 7461 7467
f 6366 6367 6330
f 6321 6366 6330
f 6553 6366 6321
f 6367 7082 6330
f 7467 8450 7472
f 7460 8450 7467
f 7461 7460 7467
f 7457 7460 7461
f 6369 6367 6366
f 6369 6602 6367
f 6602 7082 6367
f 6602 6322 7082
f 7457 7458 7460
f 7456 7458 7457
f 6312 6322 6602
f 6312 6310 6322
f 7456 7459 7458
f 7930 7459 7456
f 6309 6310 6312
f 6309 6308 6310
f 7428 7429 7427
f 7429 7930 7427
f 7429 7459 7930
f 7425 7428 7427
f 6307 6308 6309
f 6307 6306 6308
f 7428 7435 7429
f 7463 7435 7428
f 7425 7463 7428
f 9831 7463 7425
f 6304 6306 6307
f 6304 6307 6403
f 6403 6305 6304
f 6304 6305 6301
f 9831 10249 7463
f 7546 10249 9831
f 6328 6301 6305
f 6328 6302 6301
f 7546 9867 10249
f 9847 9867 7546
f 6899 6302 6328
f 6899 7180 6302
f 9875 9868 10099
f 9868 9847 10099
f 9868 9867 9847
f 7401 9875 10099
f 6737 7180 6899
f 6737 6466 7180
f 9875 9872 9868
f 10303 9872 9875
f 7401 10303 9875
f 7394 10303 7401
f 6484 6469 6467
f 6466 6484 6467
f 6737 6484 6466
f 6469 6468 6467
f 7394 7408 10303
f 7407 7408 7394
f 6473 6469 6484
f 6473 6471 6469
f 6471 6468 6469
f 6471 6472 6468
f 7407 7409 7408
f 7411 7409 7407
f 6479 6472 6471
f 6479 6654 6472
f 7578 7415 9946
f 7415 7411 9946
f 7415 7409 7411
f 10176 7578 9946
f 6514 6654 6479
f 6514 4667 6654
f 7578 7387 7415
f 7381 7387 7578
f 10176 7381 7578
f 7378 7381 10176
f 4666 4667 6514
f 4666 4665 4667
f 7378 7380 7381
f 7379 7380 7378
f 4664 4662 4663
f 4665 4664 4663
f 4666 4664 4665
f 4662 4660 4663
f 9772 7385 9816
f 7385 7379 9816
f 7385 7380 7379
f 9881 9772 9816
f 7050 4662 4664
f 7050 4657 4662
f 4657 4660 4662
f 4657 4659 4660
f 9766 9768 9772
f 9772 9768 7385
f 9772 9881 9770
f 9772 9770 9766
f 4658 4659 4657
f 4658 6516 4659
f 9765 9767 9766
f 9766 9767 9768
f 9766 9770 9760
f 9766 9760 9765
f 4760 6516 4658
f 4760 4758 6516
f 9765 9775 9767
f 9761 9775 9765
f 9760 9761 9765
f 9759 9761 9760
f 4756 4758 4760
f 4756 4760 4763
f 4763 4752 4756
f 4756 4752 4754
f 9759 9762 9761
f 9774 9762 9759
f 4753 4754 4752
f 4753 6430 4754
f 9774 9953 9762
f 8471 9953 9774
f 4713 6430 4753
f 4713 4709 6430
f 8469 8343 8470
f 8343 8471 8470
f 8343 9953 8471
f 9807 8469 8470
f 4712 4709 4713
f 4712 4710 4709
f 8469 8468 8343
f 8359 8468 8469
f 9807 8359 8469
f 8355 8359 9807
f 6191 4710 4712
f 6191 7088 4710
f 8355 8352 8359
f 8354 8352 8355
f 6879 7088 6191
f 6879 6191 4718
f 4718 7001 6879
f 6879 7001 6673
f 8354 8353 8352
f 8356 8353 8354
f 6672 6673 7001
f 6672 6670 6673
f 8409 8358 9998
f 8358 8356 9998
f 8358 8353 8356
f 8405 8409 9998
f 6671 6670 6672
f 6671 4950 6670
f 8410 8411 8409
f 8409 8411 8358
f 8409 8405 8406
f 8409 8406 8410
f 6723 4950 6671
f 6723 4940 4950
f 8410 8415 8411
f 8412 8415 8410
f 8406 8412 8410
f 8414 8412 8406
f 7140 4940 6723
f 7140 6723 6013
f 6013 4960 7140
f 7140 4960 4944
f 8414 10551 8412
f 9161 10551 8414
f 4959 4944 4960
f 4959 4951 4944
f 9161 9636 10551
f 9168 9636 9161
f 6841 4951 4959
f 6841 7115 4951
f 10038 9271 9845
f 9271 9168 9845
f 9271 9636 9168
f 9150 10038 9845
f 5833 7115 6841
f 5833 5307 7115
f 9252 9250 10038
f 10038 9250 9271
f 10038 9150 9167
f 10038 9167 9252
f 5832 5307 5833
f 5832 5833 6828
f 6828 4799 5832
f 5832 4799 6870
f 9252 9251 9250
f 9849 9251 9252
f 9167 9849 9252
f 9139 9849 9167
f 4790 6870 4799
f 4790 4792 6870
f 9139 9190 9849
f 9132 9190 9139
f 4791 4792 4790
f 4791 4793 4792
f 9132 9180 9190
f 9129 9180 9132
f 4795 4793 4791
f 4795 5001 4793
f 9129 9744 9180
f 9185 9744 9129
f 6906 5001 4795
f 6906 4795 7072
f 7072 5319 6906
f 6906 5319 5321
f 9134 9136 10283
f 9136 9185 10283
f 9136 9744 9185
f 9115 9134 10283
f 5320 5321 5319
f 5320 5322 5321
f 9134 9135 9136
f 9113 9135 9134
f 9115 9113 9134
f 9114 9113 9115
f 5328 5322 5320
f 5328 6677 5322
f 9114 9103 9113
f 9184 9103 9114
f 7005 6677 5328
f 7005 6898 6677
f 9184 9100 9103
f 9099 9100 9184
f 7109 6898 7005
f 7109 7005 6758
f 6758 6836 7109
f 7109 6836 6739
f 9096 9097 9098
f 9097 9099 9098
f 9097 9100 9099
f 9191 9096 9098
f 5370 6739 6836
f 5370 5358 6739
f 9096 9095 9097
f 9093 9095 9096
f 9191 9093 9096
f 9091 9093 9191
f 5360 5358 5370
f 5360 5359 5358
f 9091 9092 9093
f 9090 9092 9091
f 5361 5359 5360
f 5361 5367 5359
f 9284 9282 9283
f 9282 9090 9283
f 9282 9092 9090
f 8887 9284 9283
f 7064 5367 5361
f 7064 5361 5369
f 5369 6807 7064
f 7064 6807 6726
f 9284 9285 9282
f 10256 9285 9284
f 8887 10256 9284
f 8884 10256 8887
f 6984 6726 6807
f 6984 6901 6726
f 10556 9016 8890
f 9016 8884 8890
f 9016 10256 8884
f 10555 10556 8890
f 6846 6901 6984
f 6846 6842 6901
f 9006 10182 10556
f 10182 9016 10556
f 10182 9392 9016
f 9006 10556 10555
f 6845 6842 6846
f 6845 6843 6842
f 9391 9388 9390
f 9394 9391 9390
f 9392 9394 9390
f 10182 9394 9392
f 7099 6843 6845
f 7099 6845 7156
f 7156 5434 7099
f 7099 5434 5399
f 11661 11736 11627
f 11627 11736 11623
f 11627 9388 9391
f 11451 11627 9391
f 11661 11627 11451
f 11451 9391 9394
f 5391 5399 5434
f 5391 5397 5399
f 11705 11786 11801
f 11713 11625 11801
f 11625 11705 11801
f 11625 11704 11705
f 11625 11623 11736
f 11625 11736 11704
f 5392 5397 5391
f 5392 5391 5389
f 5389 11481 5392
f 5392 11481 11487
f 11368 11724 11488
f 11488 11724 11416
f 11335 11488 11367
f 11335 11368 11488
f 11347 11367 11394
f 11347 11335 11367
f 11745 11394 11639
f 11745 11347 11394
f 11764 11639 11777
f 11764 11745 11639
f 11643 11801 11786
f 11764 11643 11786
f 11777 11643 11764
f 11801 11643 11713
f 11475 11487 11481
f 11475 11481 11478
f 11478 11476 11475
f 11475 11476 11474
f 11730 11499 11498
f 11498 11499 11431
f 11379 11498 11726
f 11379 11730 11498
f 11374 11726 11376
f 11374 11379 11726
f 11373 11376 11387
f 11373 11374 11376
f 11387 11416 11724
f 11387 11724 11373
f 11477 11474 11476
f 11477 11476 11482
f 11670 11482 11660
f 11670 11477 11482
f 11640 11660 11509
f 11640 11670 11660
f 11509 11431 11499
f 11509 11499 11640
f 10952 11015 10871
f 10913 10872 10871
f 10913 10871 11015
f 10876 10875 10872
f 10876 10872 10913
f 10877 10878 10875
f 10877 10875 10876
f 10879 10880 10878
f 10879 10878 10877
f 11017 10912 10880
f 11017 10880 10879
f 10998 10912 11017
f 10830 10828 10831
f 10831 10828 10952
f 10871 10831 10952
f 10833 10831 10871
f 10951 10833 10873
f 10833 10872 10873
f 10833 10871 10872
f 10873 10872 10874
f 10874 10872 10875
f 10874 10875 10911
f 10911 10875 10878
f 10911 10878 10882
f 10878 10881 10882
f 10878 10880 10881
f 10884 10880 10912
f 10881 10880 10884
f 10912 10998 10891
f 10887 10912 10891
f 10884 10912 10887
f 10890 10887 10891
f 4314 4313 4358
f 4358 4313 10830
f 10831 4358 10830
f 10832 4358 10831
f 10835 10832 10834
f 10832 10833 10834
f 10832 10831 10833
f 10834 10833 10951
f 10881 10883 10882
f 10883 10881 10923
f 10881 10885 10923
f 10881 10884 10885
f 10886 10884 10887
f 10885 10884 10886
f 10887 10890 10888
f 10887 10888 10886
f 4314 4358 4337
f 4314 4337 4316
f 10942 4358 10832
f 4337 4358 10942
f 10838 10942 10835
f 10835 10942 10832
f 10885 10906 10923
f 10906 10885 10894
f 10885 10889 10894
f 10885 10886 10889
f 10886 10888 60
f 59 10886 60
f 10889 10886 59
f 58 59 60
f 4316 4337 10856
f 4316 10856 10862
f 10842 4337 10942
f 10856 4337 10842
f 10841 10842 10838
f 10838 10842 10942
f 10896 10895 10889
f 10889 10895 10894
f 10898 10889 59
f 10896 10889 10898
f 59 58 10902
f 59 10902 10898
f 10862 10856 10857
f 10862 10857 4357
f 10855 10856 10842
f 10857 10856 10855
f 11007 10855 10841
f 10841 10855 10842
f 10904 10897 10896
f 10896 10897 10895
f 10899 10896 10898
f 10904 10896 10899
f 10898 10902 10901
f 10898 10901 10899
f 4357 10857 10859
f 4357 10859 4463
f 10858 10857 10855
f 10859 10857 10858
f 10865 10858 11007
f 11007 10858 10855
f 10904 11006 10897
f 11006 10904 10995
f 10904 10994 10995
f 10904 10899 10994
f 10899 10901 10910
f 10899 10910 10994
f 4463 10859 10860
f 4463 10860 4347
f 10949 10860 10990
f 10860 10858 10990
f 10860 10859 10858
f 10990 10858 10865
f 10974 11004 10994
f 10994 11004 10995
f 10994 10910 10967
f 10994 10967 10974
f 4347 10860 10991
f 4347 10991 4329
f 10999 10991 10949
f 10949 10991 10860
f 10974 57 11004
f 10969 10972 55
f 10969 55 57
f 10967 10969 57
f 10974 10967 57
f 10970 10972 10969
f 4329 10991 4332
f 4329 4332 4330
f 4336 4332 10999
f 10999 4332 10991
f 10972 10973 55
f 10142 10993 10992
f 10142 10992 10973
f 10970 10142 10973
f 10972 10970 10973
f 8506 10993 10142
f 4330 4332 4333
f 4330 4333 4334
f 4064 4333 4336
f 4336 4333 4332
f 10993 4172 10992
f 8006 8474 4171
f 8006 4171 4172
f 8506 8006 4172
f 10993 8506 4172
f 8002 8474 8006
f 4334 4333 4354
f 4334 4354 4474
f 4489 4354 4064
f 4064 4354 4333
f 8474 4162 4171
f 8001 61 63
f 8001 63 4162
f 8002 8001 4162
f 8474 8002 4162
f 8015 61 8001
f 4474 4354 4501
f 4502 4474 4501
f 4503 4474 4502
f 4501 4354 4489
f 61 62 63
f 9981 9982 9980
f 9981 9980 62
f 8015 9981 62
f 61 8015 62
f 10435 9982 9981
f 4578 6893 4575
f 4578 4575 4572
f 4502 4575 4503
f 4503 4575 6893
f 9982 10436 9980
f 7782 10436 9982
f 10435 7782 9982
f 7719 7782 10435
f 4579 6950 4571
f 4579 4571 4569
f 4572 4571 4578
f 4578 4571 6950
f 7990 7720 7718
f 7720 7719 7718
f 7720 7782 7719
f 7701 7990 7718
f 4580 4579 4569
f 4580 7008 4579
f 7990 10519 7720
f 7721 10519 7990
f 7701 7721 7990
f 7700 7721 7701
f 64 65 66
f 65 6732 66
f 6732 4580 66
f 6732 7008 4580
f 8507 7722 7723
f 7722 7700 7723
f 7722 7721 7700
f 10441 8507 7723
f 4529 7206 65
f 4529 65 64
f 6732 65 6731
f 6731 65 7206
f 7761 7726 8507
f 8507 7726 7722
f 8507 10441 7762
f 8507 7762 7761
f 4547 7046 7206
f 4547 7206 4529
f 6731 7206 6856
f 6856 7206 7046
f 7760 7763 7761
f 7761 7763 7726
f 7761 7762 7759
f 7761 7759 7760
f 4537 7201 7046
f 4537 7046 4547
f 6856 7046 6547
f 6547 7046 7201
f 7760 9085 7763
f 7748 9085 7760
f 7759 7748 7760
f 7758 7748 7759
f 4585 7201 4537
f 4585 6639 7201
f 6639 6547 7201
f 6639 6752 6547
f 7758 7749 7748
f 7789 7749 7758
f 6749 6752 6639
f 6749 7200 6752
f 7789 7753 7749
f 9956 7753 7789
f 6751 7200 6749
f 6751 6812 7200
f 7475 7477 7543
f 7477 9956 7543
f 7477 7753 9956
f 7474 7475 7543
f 6811 6812 6751
f 6811 6361 6812
f 7475 7476 7477
f 7473 7476 7475
f 7474 7473 7475
f 7471 7473 7474
f 6327 6361 6811
f 6327 6324 6361
f 7471 7469 7473
f 7470 7469 7471
f 6321 6324 6327
f 6321 6320 6324
f 7470 7461 7469
f 9745 7461 7470
f 6319 6320 6321
f 6319 6321 6330
f 6330 7082 6319
f 6319 7082 6317
f 9745 7457 7461
f 7454 7457 9745
f 6322 6317 7082
f 6322 6314 6317
f 7454 7456 7457
f 7455 7456 7454
f 6310 6314 6322
f 6310 6311 6314
f 7426 7930 7483
f 7930 7455 7483
f 7930 7456 7455
f 7424 7426 7483
f 6308 6311 6310
f 6308 6313 6311
f 7426 7427 7930
f 7425 7427 7426
f 7424 7425 7426
f 7420 7425 7424
f 6306 6303 6666
f 6313 6306 6666
f 6308 6306 6313
f 6303 6300 6666
f 7420 9831 7425
f 7404 9831 7420
f 6304 6303 6306
f 6304 6301 6303
f 6301 6300 6303
f 6301 6299 6300
f 7399 7546 7402
f 7546 7404 7402
f 7546 9831 7404
f 7397 7399 7402
f 6302 6299 6301
f 6302 6331 6299
f 7400 9847 7399
f 7399 9847 7546
f 7399 7397 7395
f 7399 7395 7400
f 7180 6331 6302
f 7180 6869 6331
f 7400 10099 9847
f 7401 10099 7400
f 7395 7401 7400
f 7392 7401 7395
f 6466 6869 7180
f 6466 6464 6869
f 7392 7394 7401
f 7391 7394 7392
f 6465 6464 6466
f 6465 6466 6467
f 6467 6468 6465
f 6465 6468 6481
f 7391 7407 7394
f 7551 7407 7391
f 6472 6481 6468
f 6472 7199 6481
f 9947 7411 9996
f 7411 7551 9996
f 7411 7407 7551
f 7377 9947 9996
f 6654 7199 6472
f 6654 6446 7199
f 9947 9946 7411
f 10176 9946 9947
f 7377 10176 9947
f 7373 10176 7377
f 4667 6446 6654
f 4667 6518 6446
f 7373 7378 10176
f 7374 7378 7373
f 4665 4668 7175
f 6518 4665 7175
f 4667 4665 6518
f 4668 6819 7175
f 7374 7379 7378
f 7571 7379 7374
f 4663 4668 4665
f 4663 4660 4668
f 4660 6819 4668
f 4660 4661 6819
f 7571 9986 7379
f 7379 9986 9816
f 9881 9816 9986
f 9881 9986 8508
f 4659 4661 4660
f 4659 4669 4661
f 8508 9770 9881
f 10043 9770 8508
f 6516 4669 4659
f 6516 7190 4669
f 10043 9760 9770
f 9758 9760 10043
f 4758 4757 5934
f 7190 4758 5934
f 6516 4758 7190
f 4757 4759 5934
f 9758 9759 9760
f 9757 9759 9758
f 4756 4757 4758
f 4756 4754 4757
f 4754 4759 4757
f 4754 7165 4759
f 9917 9774 10513
f 9774 9757 10513
f 9774 9759 9757
f 8397 9917 10513
f 6430 7165 4754
f 6430 4707 7165
f 8472 8471 9917
f 9917 8471 9774
f 9917 8397 8365
f 9917 8365 8472
f 4709 4707 6430
f 4709 4708 4707
f 8472 8470 8471
f 9807 8470 8472
f 8365 9807 8472
f 8362 9807 8365
f 4710 4708 4709
f 4710 4711 4708
f 8362 8355 9807
f 8360 8355 8362
f 7088 7070 7010
f 4711 7088 7010
f 4710 7088 4711
f 7070 7009 7010
f 8360 8354 8355
f 8361 8354 8360
f 6879 7070 7088
f 6879 6673 7070
f 6673 7009 7070
f 6673 6931 7009
f 8407 8356 9945
f 8356 8361 9945
f 8356 8354 8361
f 8402 8407 9945
f 6670 6931 6673
f 6670 4942 6931
f 8407 9998 8356
f 8405 9998 8407
f 8402 8405 8407
f 8403 8405 8402
f 4950 4942 6670
f 4950 4936 4942
f 8403 8406 8405
f 8408 8406 8403
f 4940 4954 4938
f 4936 4940 4938
f 4950 4940 4936
f 4954 4939 4938
f 8408 8414 8406
f 9926 8414 8408
f 7140 4954 4940
f 7140 4944 4954
f 4944 4939 4954
f 4944 4943 4939
f 9158 9161 9160
f 9161 9926 9160
f 9161 8414 9926
f 9159 9158 9160
f 4951 4943 4944
f 4951 4958 4943
f 9151 9168 9158
f 9158 9168 9161
f 9158 9159 9146
f 9158 9146 9151
f 7115 4958 4951
f 7115 7073 4958
f 9151 9845 9168
f 9150 9845 9151
f 9146 9150 9151
f 9144 9150 9146
f 5307 4826 4824
f 7073 5307 4824
f 7115 5307 7073
f 4826 4823 4824
f 9144 9167 9150
f 9140 9167 9144
f 5832 4826 5307
f 5832 6870 4826
f 6870 4823 4826
f 6870 5003 4823
f 9140 9139 9167
f 9138 9139 9140
f 4792 5003 6870
f 4792 4794 5003
f 9138 9132 9139
f 9130 9132 9138
f 4793 4794 4792
f 4793 4796 4794
f 9126 9129 9128
f 9129 9130 9128
f 9129 9132 9130
f 9127 9126 9128
f 5001 4796 4793
f 5001 7057 4796
f 9119 9185 9126
f 9126 9185 9129
f 9126 9127 9118
f 9126 9118 9119
f 5326 7057 5001
f 5326 5001 6906
f 6906 5321 5326
f 5326 5321 5324
f 9119 10283 9185
f 9115 10283 9119
f 9118 9115 9119
f 9116 9115 9118
f 5322 5324 5321
f 5322 5327 5324
f 9116 9114 9115
f 9117 9114 9116
f 6677 5327 5322
f 6677 5331 5327
f 9123 9184 9121
f 9184 9117 9121
f 9184 9114 9117
f 9122 9123 9121
f 6898 5331 6677
f 6898 5935 5331
f 10118 9099 9123
f 9123 9099 9184
f 9123 9122 9125
f 9123 9125 10118
f 5382 5935 6898
f 5382 6898 7109
f 7109 6739 5382
f 5382 6739 5348
f 10118 9098 9099
f 9191 9098 10118
f 9125 9191 10118
f 9850 9191 9125
f 5358 5348 6739
f 5358 5351 5348
f 9850 9091 9191
f 9026 9091 9850
f 5359 5351 5358
f 5359 5366 5351
f 10171 9090 9025
f 9090 9026 9025
f 9090 9091 9026
f 8879 10171 9025
f 5367 5366 5359
f 5367 6970 5366
f 10171 9283 9090
f 8887 9283 10171
f 8879 8887 10171
f 8880 8887 8879
f 6725 6970 5367
f 6725 5367 7064
f 7064 6726 6725
f 6725 6726 6724
f 8880 8884 8887
f 8883 8884 8880
f 6901 6724 6726
f 6901 5418 6724
f 8883 8889 8884
f 8884 8889 8890
f 10555 8890 8889
f 10555 8889 8902
f 6842 5418 6901
f 6842 5413 5418
f 8980 8982 9006
f 9006 8982 10182
f 9006 10555 8902
f 9006 8902 8980
f 6843 6862 6844
f 5413 6843 6844
f 6842 6843 5413
f 6862 5419 6844
f 8982 9394 10182
f 11450 9394 8982
f 7099 6862 6843
f 7099 5399 6862
f 5399 5419 6862
f 5399 5400 5419
f 11749 11736 11661
f 11749 11661 11448
f 11661 11447 11448
f 11661 11451 11447
f 11451 9394 11450
f 11451 11450 11447
f 5397 5400 5399
f 5397 5401 5400
f 11708 11785 11705
f 11705 11785 11786
f 11446 11705 11704
f 11446 11708 11705
f 11704 11736 11749
f 11443 11704 11749
f 11446 11704 11443
f 11443 11749 11448
f 5398 5401 5397
f 5398 5397 5392
f 5392 11487 5398
f 5398 11487 11783
f 11369 11370 11368
f 11368 11370 11724
f 11333 11368 11335
f 11333 11369 11368
f 11332 11335 11347
f 11332 11333 11335
f 11349 11347 11745
f 11349 11332 11347
f 11742 11745 11764
f 11742 11349 11745
f 11764 11786 11785
f 11764 11785 11742
f 11473 11783 11487
f 11473 11487 11475
f 11475 11474 11473
f 11473 11474 11472
f 11383 11641 11730
f 11730 11641 11499
f 11378 11730 11379
f 11378 11383 11730
f 11375 11379 11374
f 11375 11378 11379
f 11372 11374 11373
f 11372 11375 11374
f 11373 11724 11370
f 11373 11370 11372
f 11480 11472 11474
f 11480 11474 11477
f 11592 11477 11670
f 11592 11480 11477
f 11596 11670 11640
f 11596 11592 11670
f 11640 11499 11641
f 11640 11641 11596
f 10821 10950 11005
f 10937 10929 11005
f 10937 11005 10950
f 10930 10927 10929
f 10930 10929 10937
f 10955 10927 10930
f 10824 10822 10823
f 10820 10829 10823
f 10820 10823 10822
f 10829 10820 10821
f 11005 10829 10821
f 11019 10829 11005
f 10947 11005 10929
f 11019 11005 10947
f 10925 10929 10927
f 10947 10929 10925
f 10927 10955 10928
f 10926 10927 10928
f 10925 10927 10926
f 10931 10932 10926
f 10931 10926 10928
f 10936 10932 10931
f 4250 10826 10825
f 10825 10826 10824
f 10823 10825 10824
f 10827 10825 10823
f 10952 10827 11015
f 10827 10829 11015
f 10827 10823 10829
f 11015 10829 10913
f 10913 10829 11019
f 10913 11019 10876
f 10876 11019 10947
f 10876 10947 10877
f 10877 10947 10925
f 10877 10925 10879
f 10879 10925 10926
f 10879 10926 11017
f 11017 10926 10932
f 10380 10997 10998
f 10380 10998 11017
f 10936 10380 11017
f 10932 10936 11017
f 10482 10997 10380
f 4247 4246 4248
f 4248 4246 4250
f 10825 4248 4250
f 4312 4248 10825
f 10830 4312 10828
f 4312 10827 10828
f 4312 10825 10827
f 10828 10827 10952
f 10997 10891 10998
f 9478 10892 10890
f 9478 10890 10891
f 10482 9478 10891
f 10997 10482 10891
f 9479 10892 9478
f 4247 4248 4266
f 4247 4266 4444
f 4314 4266 4313
f 4266 4312 4313
f 4266 4248 4312
f 4313 4312 10830
f 10893 10888 10892
f 10892 10888 10890
f 10892 9479 9491
f 10892 9491 10893
f 4444 4266 4315
f 4444 4315 4318
f 4316 4315 4314
f 4314 4315 4266
f 10893 60 10888
f 9488 10905 58
f 9488 58 60
f 9491 9488 60
f 10893 9491 60
f 10275 10905 9488
f 4318 4315 4317
f 4318 4317 4319
f 10862 4317 4316
f 4316 4317 4315
f 10903 10902 10905
f 10905 10902 58
f 10905 10275 10129
f 10905 10129 10903
f 4319 4317 4320
f 4319 4320 4321
f 4357 4320 10862
f 10862 4320 4317
f 10127 10901 10903
f 10903 10901 10902
f 10903 10129 10125
f 10903 10125 10127
f 4321 4320 4322
f 4321 4322 4323
f 4463 4322 4357
f 4357 4322 4320
f 10128 10910 10127
f 10127 10910 10901
f 10127 10125 10126
f 10127 10126 10128
f 4323 4322 4324
f 4323 4324 4325
f 4347 4324 4463
f 4463 4324 4322
f 10968 10967 10128
f 10128 10967 10910
f 10128 10126 10389
f 10337 10128 10389
f 10968 10128 10337
f 9500 10337 10389
f 4325 4324 4326
f 4325 4326 4327
f 4329 4326 4347
f 4347 4326 4324
f 10968 10969 10967
f 10969 10968 10970
f 10968 10971 10970
f 10968 10337 10971
f 10337 9500 10220
f 10337 10220 10971
f 4327 4326 4328
f 4327 4328 4331
f 4330 4328 4329
f 4329 4328 4326
f 10971 10142 10970
f 8009 8008 8506
f 8009 8506 10142
f 10220 8009 10142
f 10971 10220 10142
f 8007 8008 8009
f 4331 4328 4353
f 4331 4353 4454
f 4334 4353 4330
f 4330 4353 4328
f 8008 8006 8506
f 8004 8003 8002
f 8004 8002 8006
f 8007 8004 8006
f 8008 8007 8006
f 8005 8003 8004
f 4454 4353 4439
f 4454 4439 4509
f 4474 4439 4334
f 4334 4439 4353
f 8003 8001 8002
f 8015 8001 8003
f 8005 8015 8003
f 7715 8015 8005
f 4509 4439 4504
f 4509 4504 4468
f 4503 4504 4474
f 4474 4504 4439
f 7715 8509 8015
f 8015 8509 9981
f 10435 9981 8509
f 10435 8509 9877
f 4468 4504 6893
f 4578 4468 6893
f 4469 4468 4578
f 6893 4504 4503
f 7717 7719 7942
f 7719 9877 7942
f 7719 10435 9877
f 7702 7717 7942
f 7110 7111 6950
f 7110 6950 4579
f 4578 6950 4469
f 4469 6950 7111
f 7717 7718 7719
f 7701 7718 7717
f 7702 7701 7717
f 7699 7701 7702
f 7008 7110 4579
f 7008 6733 7110
f 8517 7700 7698
f 7700 7699 7698
f 7700 7701 7699
f 7647 8517 7698
f 6732 6733 7008
f 6732 6730 6733
f 8517 7723 7700
f 10441 7723 8517
f 7647 10441 8517
f 10178 10441 7647
f 6731 6730 6732
f 6731 6488 6730
f 10178 7762 10441
f 7784 7762 10178
f 6856 6488 6731
f 6856 6360 6488
f 7784 7759 7762
f 7764 7759 7784
f 6547 6360 6856
f 6547 6352 6360
f 7764 7758 7759
f 7765 7758 7764
f 6752 6352 6547
f 6752 6357 6352
f 10430 7789 10285
f 7789 7765 10285
f 7789 7758 7765
f 10106 10430 10285
f 7200 6357 6752
f 7200 6746 6357
f 9043 9956 10430
f 10430 9956 7789
f 10430 10106 10015
f 10430 10015 9043
f 6812 6746 7200
f 6812 7007 6746
f 9043 7543 9956
f 7474 7543 9043
f 10015 7474 9043
f 7566 7474 10015
f 6361 7007 6812
f 6361 6326 7007
f 7566 7471 7474
f 7479 7471 7566
f 6324 6326 6361
f 6324 6325 6326
f 7479 7470 7471
f 7482 7470 7479
f 6320 6325 6324
f 6320 6416 6325
f 7482 9745 7470
f 7544 9745 7482
f 6318 6416 6320
f 6318 6320 6319
f 6319 6317 6318
f 6318 6317 6316
f 7453 7454 7451
f 7454 7544 7451
f 7454 9745 7544
f 7449 7453 7451
f 6314 6316 6317
f 6314 6315 6316
f 10216 7455 7453
f 7453 7455 7454
f 7453 7449 7480
f 7453 7480 10216
f 6311 6315 6314
f 6311 6719 6315
f 10216 7483 7455
f 7424 7483 10216
f 7480 7424 10216
f 7421 7424 7480
f 6313 6719 6311
f 6313 6838 6719
f 7421 7420 7424
f 7419 7420 7421
f 6333 6838 6313
f 6333 6313 6666
f 6666 6300 6333
f 6333 6300 6297
f 7403 7404 7405
f 7404 7419 7405
f 7404 7420 7419
f 7568 7403 7405
f 6299 6297 6300
f 6299 6292 6297
f 7403 7402 7404
f 7397 7402 7403
f 7568 7397 7403
f 7396 7397 7568
f 6331 6292 6299
f 6331 6293 6292
f 7396 7395 7397
f 7393 7395 7396
f 6869 6293 6331
f 6869 6470 6293
f 7393 7392 7395
f 7390 7392 7393
f 6464 6463 6462
f 6470 6464 6462
f 6869 6464 6470
f 6463 6442 6462
f 10119 7391 7389
f 7391 7390 7389
f 7391 7392 7390
f 7386 10119 7389
f 6465 6463 6464
f 6465 6481 6463
f 6481 6442 6463
f 6481 6440 6442
f 10412 7551 10119
f 10119 7551 7391
f 10119 7386 7369
f 10119 7369 10412
f 7199 6440 6481
f 7199 6441 6440
f 10412 9996 7551
f 7377 9996 10412
f 7369 7377 10412
f 7370 7377 7369
f 6446 6441 7199
f 6446 6444 6441
f 7370 7373 7377
f 7372 7373 7370
f 6518 6444 6446
f 6518 6447 6444
f 7372 7374 7373
f 7376 7374 7372
f 7211 6447 6518
f 7211 6518 7175
f 7175 6819 7211
f 7211 6819 4671
f 8511 7571 9897
f 7571 7376 9897
f 7571 7374 7376
f 7231 8511 9897
f 4661 4671 6819
f 4661 4670 4671
f 8511 9986 7571
f 8508 9986 8511
f 7231 8508 8511
f 7225 8508 7231
f 4669 4670 4661
f 4669 4681 4670
f 7225 10043 8508
f 7244 10043 7225
f 7190 4681 4669
f 7190 6722 4681
f 7244 9758 10043
f 9756 9758 7244
f 6490 6722 7190
f 6490 7190 5934
f 5934 4759 6490
f 6490 4759 6491
f 9844 9757 9755
f 9757 9756 9755
f 9757 9758 9756
f 8384 9844 9755
f 7165 6491 4759
f 7165 4706 6491
f 9844 10513 9757
f 8397 10513 9844
f 8384 8397 9844
f 8367 8397 8384
f 4707 4706 7165
f 4707 4705 4706
f 8367 8365 8397
f 8364 8365 8367
f 4708 4705 4707
f 4708 6499 4705
f 8364 8362 8365
f 8363 8362 8364
f 4711 6499 4708
f 4711 4966 6499
f 8363 8360 8362
f 10134 8360 8363
f 5147 4966 4711
f 5147 4711 7010
f 7010 7009 5147
f 5147 7009 6179
f 8404 8361 8462
f 8361 10134 8462
f 8361 8360 10134
f 8399 8404 8462
f 6931 6179 7009
f 6931 4953 6179
f 8404 9945 8361
f 8402 9945 8404
f 8399 8402 8404
f 8401 8402 8399
f 4942 4953 6931
f 4942 4921 4953
f 8401 8403 8402
f 8413 8403 8401
f 4936 4921 4942
f 4936 4935 4921
f 8413 8408 8403
f 10561 8408 8413
f 4937 4935 4936
f 4937 4936 4938
f 4938 4939 4937
f 4937 4939 4941
f 10522 9926 10562
f 9926 10561 10562
f 9926 8408 10561
f 10055 10522 10562
f 4943 4941 4939
f 4943 4952 4941
f 10522 9160 9926
f 9159 9160 10522
f 10055 9159 10522
f 9163 9159 10055
f 4958 4952 4943
f 4958 4957 4952
f 9163 9146 9159
f 9145 9146 9163
f 7073 4957 4958
f 7073 4809 4957
f 9145 9144 9146
f 9143 9144 9145
f 4808 4809 7073
f 4808 7073 4824
f 4824 4823 4808
f 4808 4823 4802
f 9141 9140 9142
f 9140 9143 9142
f 9140 9144 9143
f 9164 9141 9142
f 5003 4802 4823
f 5003 4798 4802
f 9175 9138 9141
f 9141 9138 9140
f 9141 9164 9165
f 9141 9165 9175
f 4794 4798 5003
f 4794 4797 4798
f 9934 9130 9175
f 9175 9130 9138
f 9175 9165 10047
f 9175 10047 9934
f 4796 4797 4794
f 4796 4989 4797
f 9934 9128 9130
f 9127 9128 9934
f 10047 9127 9934
f 9133 9127 10047
f 7057 5431 5357
f 4989 7057 5357
f 4796 7057 4989
f 5431 5353 5357
f 9133 9118 9127
f 9124 9118 9133
f 5326 5431 7057
f 5326 5324 5431
f 5324 5353 5431
f 5324 5329 5353
f 68 9116 69
f 9116 9124 69
f 9116 9118 9124
f 67 68 69
f 5327 5329 5324
f 5327 5330 5329
f 9120 9117 68
f 68 9117 9116
f 68 67 9131
f 68 9131 9120
f 5331 5330 5327
f 5331 5332 5330
f 9120 9121 9117
f 9122 9121 9120
f 9131 9122 9120
f 9878 9122 9131
f 5935 5381 7004
f 5332 5935 7004
f 5331 5935 5332
f 5381 5342 7004
f 9878 9125 9122
f 10272 9125 9878
f 5382 5381 5935
f 5382 5348 5381
f 5348 5342 5381
f 5348 5344 5342
f 10272 9850 9125
f 10252 9850 10272
f 5351 5344 5348
f 5351 6881 5344
f 8881 9026 9034
f 9026 10252 9034
f 9026 9850 10252
f 8877 8881 9034
f 5366 6881 5351
f 5366 5428 6881
f 8881 9025 9026
f 8879 9025 8881
f 8877 8879 8881
f 8878 8879 8877
f 6970 6535 5423
f 5428 6970 5423
f 5366 6970 5428
f 6535 5421 5423
f 8878 8880 8879
f 8882 8880 8878
f 6725 6535 6970
f 6725 6724 6535
f 6724 5421 6535
f 6724 5416 5421
f 9010 8883 8979
f 8883 8882 8979
f 8883 8880 8882
f 8900 9010 8979
f 5418 5416 6724
f 5418 5411 5416
f 9010 8889 8883
f 8902 8889 9010
f 8900 8902 9010
f 8901 8902 8900
f 5413 5411 5418
f 5413 5408 5411
f 8981 8982 8980
f 8953 8981 8980
f 8902 8953 8980
f 8901 8953 8902
f 6956 5408 5413
f 6956 5413 6844
f 6844 5419 6956
f 6956 5419 5403
f 11452 11449 8981
f 11449 8982 8981
f 11449 11450 8982
f 11452 8981 8953
f 5400 5403 5419
f 5400 5402 5403
f 11444 11442 11447
f 11447 11442 11448
f 11447 11450 11449
f 11447 11449 11444
f 5401 5402 5400
f 5401 11463 5402
f 11392 11345 11601
f 11785 11708 11601
f 11708 11392 11601
f 11708 11439 11392
f 11438 11708 11446
f 11438 11439 11708
f 11440 11446 11443
f 11440 11438 11446
f 11443 11448 11442
f 11443 11442 11440
f 11464 11463 5401
f 11464 5401 5398
f 5398 11783 11464
f 11464 11783 11510
f 11329 11779 11371
f 11370 11369 11371
f 11369 11329 11371
f 11369 11766 11329
f 11638 11369 11333
f 11638 11766 11369
f 11203 11333 11332
f 11203 11638 11333
f 11217 11332 11349
f 11217 11203 11332
f 11742 11601 11345
f 11217 11742 11345
f 11349 11742 11217
f 11601 11742 11785
f 11471 11510 11783
f 11471 11783 11473
f 11473 11472 11471
f 11471 11472 11470
f 71 11641 11383
f 71 11383 72
f 11383 11380 72
f 11383 11378 11380
f 11377 11378 11375
f 11377 11380 11378
f 11372 11371 11779
f 11377 11372 11779
f 11375 11372 11377
f 11371 11372 11370
f 11604 11470 11472
f 11604 11472 11480
f 11594 11480 11592
f 11594 11604 11480
f 11595 11592 11596
f 11595 11594 11592
f 11596 11641 71
f 70 11596 71
f 11595 11596 70
f 70 71 72
f 460 459 10803
f 461 10801 10803
f 461 10803 459
f 10802 10800 10801
f 10802 10801 461
f 10808 10804 10800
f 10808 10800 10802
f 11020 10804 10808
f 460 10803 10809
f 460 10809 10813
f 10812 10803 10801
f 10809 10803 10812
f 10798 10801 10800
f 10812 10801 10798
f 10799 10800 10804
f 10798 10800 10799
f 10804 11020 10806
f 10805 10804 10806
f 10799 10804 10805
f 10807 10805 10806
f 10813 10809 10789
f 10813 10789 10785
f 10792 10809 10812
f 10789 10809 10792
f 10794 10812 10798
f 10792 10812 10794
f 10796 10798 10799
f 10794 10798 10796
f 10811 10799 10805
f 10796 10799 10811
f 10805 10807 10088
f 10805 10088 10811
f 10785 10789 10788
f 10785 10788 10784
f 10790 10789 10792
f 10788 10789 10790
f 10793 10792 10794
f 10790 10792 10793
f 10795 10794 10796
f 10793 10794 10795
f 10797 10796 10811
f 10795 10796 10797
f 10811 10088 11022
f 10811 11022 10797
f 81 10784 10788
f 10791 79 81
f 10788 10791 81
f 10790 10791 10788
f 10810 10790 10793
f 10791 10790 10810
f 11021 10793 10795
f 10810 10793 11021
f 10797 10963 10962
f 11021 10797 10962
f 10795 10797 11021
f 10963 10797 11022
f 79 10791 11008
f 79 11008 10781
f 11018 10791 10810
f 11008 10791 11018
f 11009 10810 11021
f 11018 10810 11009
f 11021 10962 10961
f 11021 10961 11009
f 10781 11008 10787
f 10781 10787 10782
f 10948 11008 11018
f 10787 11008 10948
f 11014 11018 11009
f 10948 11018 11014
f 11009 10961 10965
f 11009 10965 11014
f 10782 10787 10815
f 10782 10815 11010
f 10816 10787 10948
f 10815 10787 10816
f 10818 10948 11014
f 10816 10948 10818
f 11014 10965 10954
f 10938 11014 10954
f 10818 11014 10938
f 10953 10939 10938
f 10953 10938 10954
f 10941 10939 10953
f 4440 4442 10966
f 10966 4442 11010
f 10815 10966 11010
f 10819 10966 10815
f 10817 10815 10816
f 10819 10815 10817
f 10821 10817 10950
f 10817 10818 10950
f 10817 10816 10818
f 10950 10818 10937
f 10937 10818 10938
f 10937 10938 10930
f 10930 10938 10939
f 11000 10933 10955
f 11000 10955 10930
f 10941 11000 10930
f 10939 10941 10930
f 10940 10934 10933
f 10940 10933 11000
f 10935 10934 10940
f 4440 10966 4472
f 4440 4472 4251
f 10824 4472 10822
f 4472 10819 10822
f 4472 10966 10819
f 10822 10819 10820
f 10820 10819 10817
f 10820 10817 10821
f 10933 10928 10955
f 10928 10933 10931
f 10931 10933 10934
f 9435 10226 10936
f 9435 10936 10931
f 10935 9435 10931
f 10934 10935 10931
f 10024 10226 9435
f 4242 4244 4245
f 4245 4244 4251
f 4245 4251 4472
f 4250 4245 4472
f 10826 4250 4472
f 10826 4472 10824
f 10226 10380 10936
f 9416 9492 10482
f 9416 10482 10380
f 10024 9416 10380
f 10226 10024 10380
f 9475 9492 9416
f 4242 4245 4246
f 4247 4242 4246
f 4249 4242 4247
f 4246 4245 4250
f 9492 9478 10482
f 9477 9480 9479
f 9477 9479 9478
f 9475 9477 9478
f 9492 9475 9478
f 9481 9480 9477
f 4341 4499 4349
f 4499 4249 4349
f 4249 4444 4349
f 4249 4247 4444
f 9487 9491 9480
f 9480 9491 9479
f 9480 9481 9482
f 9480 9482 9487
f 4341 4349 4339
f 4341 4339 4340
f 4318 4339 4444
f 4444 4339 4349
f 9487 9488 9491
f 9490 10276 10275
f 9490 10275 9488
f 9482 9490 9488
f 9487 9482 9488
f 9486 10276 9490
f 4340 4339 4338
f 4340 4338 4348
f 4319 4338 4318
f 4318 4338 4339
f 10124 10129 10276
f 10276 10129 10275
f 10276 9486 10131
f 10276 10131 10124
f 4348 4338 4446
f 4348 4446 4510
f 4321 4446 4319
f 4319 4446 4338
f 10123 10125 10124
f 10124 10125 10129
f 10124 10131 10122
f 10124 10122 10123
f 4510 4446 4335
f 4510 4335 4482
f 4323 4335 4321
f 4321 4335 4446
f 10130 10126 10123
f 10123 10126 10125
f 10123 10122 8080
f 10123 8080 10130
f 4482 4335 4350
f 4482 4350 4296
f 4325 4350 4323
f 4323 4350 4335
f 10130 10389 10126
f 8061 8091 9500
f 8061 9500 10389
f 8080 8061 10389
f 10130 8080 10389
f 8057 8091 8061
f 4296 4350 4475
f 4296 4475 4295
f 4327 4475 4325
f 4325 4475 4350
f 9440 10220 8091
f 8091 10220 9500
f 8091 8057 8011
f 8091 8011 9440
f 4414 4295 4475
f 4475 4327 4414
f 4327 4301 4414
f 4327 4331 4301
f 9440 8009 10220
f 8010 8014 8007
f 8010 8007 8009
f 8011 8010 8009
f 9440 8011 8009
f 8013 8014 8010
f 4454 4301 4331
f 4454 4303 4301
f 8014 8004 8007
f 8005 8004 8014
f 8013 8005 8014
f 8476 8005 8013
f 4509 4303 4454
f 4509 4457 4303
f 7714 7715 7713
f 7715 8476 7713
f 7715 8005 8476
f 7708 7714 7713
f 4468 4457 4509
f 4468 4467 4457
f 7714 8509 7715
f 7707 10349 9877
f 7707 9877 8509
f 7708 7707 8509
f 7714 7708 8509
f 7704 10349 7707
f 4487 4485 4470
f 4485 4467 4470
f 4467 4469 4470
f 4467 4468 4469
f 10349 7942 9877
f 7702 7942 10349
f 7704 7702 10349
f 7703 7702 7704
f 4487 4470 7111
f 7110 4487 7111
f 7119 4487 7110
f 7111 4470 4469
f 7697 7699 9436
f 7699 7703 9436
f 7699 7702 7703
f 7629 7697 9436
f 6733 7119 7110
f 6733 7071 7119
f 7697 7698 7699
f 7647 7698 7697
f 7629 7647 7697
f 7628 7647 7629
f 6730 7071 6733
f 6730 6362 7071
f 7628 10178 7647
f 7638 10178 7628
f 6488 6362 6730
f 6488 6354 6362
f 7638 7784 10178
f 10217 7784 7638
f 6360 6354 6488
f 6360 6351 6354
f 10217 7764 7784
f 7766 7764 10217
f 6352 6351 6360
f 6352 6349 6351
f 7948 7765 7947
f 7765 7766 7947
f 7765 7764 7766
f 7950 7948 7947
f 6357 6349 6352
f 6357 6347 6349
f 7948 10285 7765
f 10106 10285 7948
f 7950 10106 7948
f 10107 10106 7950
f 6746 6347 6357
f 6746 6346 6347
f 10107 10015 10106
f 10284 10015 10107
f 7007 6346 6746
f 7007 6359 6346
f 10284 7566 10015
f 7549 7566 10284
f 6326 6359 7007
f 6326 6335 6359
f 7549 7479 7566
f 7548 7479 7549
f 6325 6335 6326
f 6325 6336 6335
f 7548 7482 7479
f 10050 7482 7548
f 6416 6363 6365
f 6336 6416 6365
f 6325 6416 6336
f 6363 6364 6365
f 7450 7544 7452
f 7544 10050 7452
f 7544 7482 10050
f 7438 7450 7452
f 6318 6363 6416
f 6318 6316 6363
f 6316 6364 6363
f 6316 7038 6364
f 7450 7451 7544
f 7449 7451 7450
f 7438 7449 7450
f 7434 7449 7438
f 6315 7038 6316
f 6315 6858 7038
f 7434 7480 7449
f 7423 7480 7434
f 6719 6858 6315
f 6719 6839 6858
f 7423 7421 7480
f 7422 7421 7423
f 6838 7068 6840
f 6839 6838 6840
f 6719 6838 6839
f 7068 6298 6840
f 74 7419 75
f 7419 7422 75
f 7419 7421 7422
f 73 74 75
f 6333 7068 6838
f 6333 6297 7068
f 6297 6298 7068
f 6297 6290 6298
f 74 7405 7419
f 7568 7405 74
f 73 7568 74
f 7414 7568 73
f 6292 6290 6297
f 6292 6291 6290
f 7414 7396 7568
f 7398 7396 7414
f 6293 6291 6292
f 6293 6536 6291
f 7398 7393 7396
f 7406 7393 7398
f 6470 6536 6293
f 6470 6954 6536
f 7406 7390 7393
f 10473 7390 7406
f 6461 6954 6470
f 6461 6470 6462
f 6462 6442 6461
f 6461 6442 6438
f 10473 7388 7390
f 7390 7388 7389
f 7386 7389 7388
f 7386 7388 7367
f 6440 6438 6442
f 6440 6439 6438
f 7367 7369 7386
f 7368 7369 7367
f 6441 6439 6440
f 6441 6443 6439
f 7368 7370 7369
f 7371 7370 7368
f 6444 6443 6441
f 6444 6445 6443
f 8016 7372 7375
f 7372 7371 7375
f 7372 7370 7371
f 7219 8016 7375
f 6447 6980 6483
f 6445 6447 6483
f 6444 6447 6445
f 6980 4680 6483
f 10402 7376 8016
f 8016 7376 7372
f 8016 7219 7216
f 8016 7216 10402
f 7211 6980 6447
f 7211 4671 6980
f 4671 4680 6980
f 4671 4672 4680
f 10402 9897 7376
f 7231 9897 10402
f 7216 7231 10402
f 7218 7231 7216
f 4670 4672 4671
f 4670 4673 4672
f 7218 7225 7231
f 7222 7225 7218
f 4681 4673 4670
f 4681 4676 4673
f 9989 7244 7229
f 7244 7222 7229
f 7244 7225 7222
f 7230 9989 7229
f 6722 6492 6494
f 4676 6722 6494
f 4681 6722 4676
f 6492 6493 6494
f 9754 9756 9989
f 9989 9756 7244
f 9989 7230 9753
f 9989 9753 9754
f 6490 6492 6722
f 6490 6491 6492
f 6491 6493 6492
f 6491 6502 6493
f 9754 9755 9756
f 8384 9755 9754
f 9753 8384 9754
f 8369 8384 9753
f 4706 6502 6491
f 4706 4702 6502
f 8369 8367 8384
f 8368 8367 8369
f 4705 4702 4706
f 4705 4703 4702
f 8368 8364 8367
f 8385 8364 8368
f 6499 76 78
f 4703 6499 78
f 4705 6499 4703
f 76 77 78
f 8392 8363 9603
f 8363 8385 9603
f 8363 8364 8385
f 8389 8392 9603
f 4966 4965 76
f 4966 76 6499
f 77 76 4925
f 4925 76 4965
f 8396 10134 8392
f 8392 10134 8363
f 8392 8389 8391
f 8392 8391 8396
f 5147 4965 4966
f 5147 6179 4965
f 6179 4925 4965
f 6179 4923 4925
f 8396 8462 10134
f 8399 8462 8396
f 8391 8399 8396
f 8400 8399 8391
f 4953 4923 6179
f 4953 4920 4923
f 8400 8401 8399
f 9987 8401 8400
f 4921 4920 4953
f 4921 4919 4920
f 9987 8413 8401
f 9894 8413 9987
f 4935 4949 6803
f 4919 4935 6803
f 4921 4935 4919
f 4949 6522 6803
f 10563 10561 9895
f 10561 9894 9895
f 10561 8413 9894
f 9896 10563 9895
f 4937 4949 4935
f 4937 4941 4949
f 4941 6522 4949
f 4941 4955 6522
f 10563 10562 10561
f 10055 10562 10563
f 9896 10055 10563
f 9975 10055 9896
f 4952 4955 4941
f 4952 4956 4955
f 9975 9163 10055
f 10103 9163 9975
f 4957 4956 4952
f 4957 6885 4956
f 9147 9145 9148
f 9145 10103 9148
f 9145 9163 10103
f 9149 9147 9148
f 4809 4807 5148
f 6885 4809 5148
f 4957 4809 6885
f 4807 4803 5148
f 9776 9143 9147
f 9147 9143 9145
f 9147 9149 9155
f 9147 9155 9776
f 4808 4807 4809
f 4808 4802 4807
f 4802 4803 4807
f 4802 4801 4803
f 9776 9142 9143
f 9164 9142 9776
f 9155 9164 9776
f 9166 9164 9155
f 4798 4801 4802
f 4798 4800 4801
f 9166 9165 9164
f 9169 9165 9166
f 4797 4800 4798
f 4797 4825 4800
f 9169 10047 9165
f 9172 10047 9169
f 4989 5356 6768
f 4825 4989 6768
f 4797 4989 4825
f 5356 5355 6768
f 9172 9133 10047
f 9904 9133 9172
f 5357 5356 4989
f 5357 5353 5356
f 5353 5355 5356
f 5353 5354 5355
f 9458 9124 9460
f 9124 9904 9460
f 9124 9133 9904
f 9448 9458 9460
f 5329 5354 5353
f 5329 5380 5354
f 9458 69 9124
f 67 69 9458
f 9448 67 9458
f 9443 67 9448
f 5330 5380 5329
f 5330 5333 5380
f 9443 9131 67
f 9024 9131 9443
f 5332 5352 5334
f 5333 5332 5334
f 5330 5332 5333
f 5352 5336 5334
f 9024 9878 9131
f 9020 9878 9024
f 7004 5352 5332
f 7004 5342 5352
f 5342 5336 5352
f 5342 5339 5336
f 8971 10272 10054
f 10272 9020 10054
f 10272 9878 9020
f 8968 8971 10054
f 5344 5339 5342
f 5344 5350 5339
f 8885 10252 8971
f 8971 10252 10272
f 8971 8968 8876
f 8971 8876 8885
f 6881 5350 5344
f 6881 7173 5350
f 8885 9034 10252
f 8877 9034 8885
f 8876 8877 8885
f 8875 8877 8876
f 5428 7173 6881
f 5428 5425 7173
f 8875 8878 8877
f 8886 8878 8875
f 5422 5425 5428
f 5422 5428 5423
f 5423 5421 5422
f 5422 5421 5417
f 9027 8882 10411
f 8882 8886 10411
f 8882 8878 8886
f 8899 9027 10411
f 5416 5417 5421
f 5416 5412 5417
f 9027 8979 8882
f 8900 8979 9027
f 8899 8900 9027
f 8898 8900 8899
f 5411 5412 5416
f 5411 5409 5412
f 9069 8901 8903
f 8901 8898 8903
f 8901 8900 8898
f 10278 9069 8903
f 5408 5409 5411
f 5408 5407 5409
f 10396 8954 9069
f 8954 8901 9069
f 8954 8953 8901
f 10396 9069 10278
f 5405 5407 5408
f 5405 5408 6956
f 6956 5403 5405
f 5405 5403 5404
f 11453 11495 11452
f 11452 11495 11449
f 11452 8953 8954
f 11452 8954 11453
f 5402 5404 5403
f 5402 5433 5404
f 11445 11441 11444
f 11444 11441 11442
f 11444 11449 11495
f 11444 11495 11445
f 11463 5433 5402
f 11463 11462 5433
f 11698 11218 11392
f 11392 11218 11345
f 11502 11392 11439
f 11502 11698 11392
f 11436 11439 11438
f 11436 11502 11439
f 11437 11438 11440
f 11437 11436 11438
f 11440 11442 11441
f 11440 11441 11437
f 11461 11462 11463
f 11461 11463 11464
f 11464 11510 11461
f 11461 11510 11460
f 11205 11513 11329
f 11329 11513 11779
f 11204 11329 11766
f 11204 11205 11329
f 11207 11766 11638
f 11207 11204 11766
f 11202 11638 11203
f 11202 11207 11638
f 11200 11203 11217
f 11200 11202 11203
f 11217 11345 11218
f 11217 11218 11200
f 11466 11460 11510
f 11466 11510 11471
f 11471 11470 11466
f 11466 11470 11469
f 11382 11384 11380
f 11380 11384 72
f 11381 11380 11377
f 11381 11382 11380
f 11377 11779 11513
f 11377 11513 11381
f 11507 11469 11470
f 11507 11470 11604
f 11737 11604 11594
f 11737 11507 11604
f 11597 11594 11595
f 11597 11737 11594
f 11506 11595 70
f 11506 11597 11595
f 70 72 11384
f 70 11384 11506
f 423 422 440
f 441 446 440
f 441 440 422
f 447 11001 446
f 447 446 441
f 479 10084 11001
f 479 11001 447
f 10083 10084 479
f 450 444 458
f 459 460 458
f 444 459 458
f 429 459 444
f 440 461 423
f 461 429 423
f 461 459 429
f 461 440 10802
f 10802 440 446
f 10802 446 10808
f 10808 446 11001
f 10808 11001 11020
f 11001 10814 11020
f 11001 10084 10814
f 10084 10083 10082
f 10087 10084 10082
f 10814 10084 10087
f 10080 10087 10082
f 450 458 4433
f 450 4433 4432
f 10813 4433 460
f 460 4433 458
f 10814 10806 11020
f 10806 10814 10807
f 10814 10075 10807
f 10814 10087 10075
f 10087 10080 10077
f 10087 10077 10075
f 4432 4433 10786
f 4432 10786 4461
f 10785 10786 10813
f 10813 10786 4433
f 10073 10088 10075
f 10075 10088 10807
f 10075 10077 10074
f 10075 10074 10073
f 4461 10786 10783
f 4461 10783 4480
f 10784 10783 10785
f 10785 10783 10786
f 10070 11022 10073
f 10073 11022 10088
f 10073 10074 10072
f 10073 10072 10070
f 4480 10783 10780
f 4480 10780 4479
f 81 80 10784
f 80 10783 10784
f 80 10780 10783
f 79 80 81
f 10960 10962 10963
f 11022 10070 10963
f 10070 10960 10963
f 10070 10069 10960
f 10070 10072 10067
f 10070 10067 10069
f 4479 10780 10777
f 4479 10777 4481
f 10779 10780 80
f 10777 10780 10779
f 10781 10779 79
f 79 10779 80
f 10958 10961 10960
f 10960 10961 10962
f 10959 10960 10069
f 10958 10960 10959
f 10069 10067 10068
f 10069 10068 10959
f 4481 10777 10776
f 4481 10776 4428
f 10778 10777 10779
f 10776 10777 10778
f 10782 10778 10781
f 10781 10778 10779
f 10956 10965 10958
f 10958 10965 10961
f 10957 10958 10959
f 10956 10958 10957
f 10959 10068 10964
f 10959 10964 10957
f 4428 10776 4512
f 4428 4512 4427
f 4443 10776 10778
f 4512 10776 4443
f 11010 4443 10782
f 10782 4443 10778
f 10956 10954 10965
f 10954 10956 10953
f 10953 10956 10957
f 10406 10989 10941
f 10406 10941 10953
f 10964 10406 10953
f 10957 10964 10953
f 84 83 10989
f 84 10989 10406
f 82 83 84
f 4427 4512 4441
f 4427 4441 4455
f 4440 4441 4442
f 4441 4443 4442
f 4441 4512 4443
f 4442 4443 11010
f 10989 11000 10941
f 11000 10989 10940
f 10940 10989 83
f 9421 9422 10935
f 9421 10935 10940
f 82 9421 10940
f 83 82 10940
f 9420 9422 9421
f 4455 4441 4243
f 4455 4243 4362
f 4251 4243 4440
f 4440 4243 4441
f 9422 9435 10935
f 9413 9415 10024
f 9413 10024 9435
f 9420 9413 9435
f 9422 9420 9435
f 9414 9415 9413
f 4238 4239 4240
f 4240 4239 4362
f 4240 4362 4243
f 4242 4240 4243
f 4244 4242 4243
f 4244 4243 4251
f 9415 9416 10024
f 9434 9476 9475
f 9434 9475 9416
f 9414 9434 9416
f 9415 9414 9416
f 9739 9476 9434
f 4238 4240 4241
f 4238 4241 4252
f 4249 4241 4242
f 4242 4241 4240
f 9476 9477 9475
f 9489 9483 9481
f 9489 9481 9477
f 9739 9489 9477
f 9476 9739 9477
f 10029 9483 9489
f 4252 4241 4499
f 4341 4252 4499
f 4342 4252 4341
f 4499 4241 4249
f 9484 9482 9483
f 9483 9482 9481
f 9483 10029 9485
f 9483 9485 9484
f 4345 4346 4343
f 4346 4342 4343
f 4342 4340 4343
f 4342 4341 4340
f 9484 9490 9482
f 9486 9490 9484
f 9485 9486 9484
f 10277 9486 9485
f 4345 4343 4344
f 4345 4344 4351
f 4348 4344 4340
f 4340 4344 4343
f 10277 10131 9486
f 10111 10131 10277
f 4351 4344 4450
f 4351 4450 4292
f 4510 4450 4348
f 4348 4450 4344
f 8063 10122 10300
f 10122 10111 10300
f 10122 10131 10111
f 8092 8063 10300
f 4371 4292 4450
f 4450 4510 4371
f 4510 4413 4371
f 4510 4482 4413
f 8059 8080 8063
f 8063 8080 10122
f 8063 8092 8058
f 8063 8058 8059
f 4296 4413 4482
f 4296 4293 4413
f 8059 8061 8080
f 8057 8061 8059
f 8058 8057 8059
f 8056 8057 8058
f 4295 4293 4296
f 4295 4294 4293
f 8012 8011 8055
f 8011 8056 8055
f 8011 8057 8056
f 9493 8012 8055
f 4295 4414 4298
f 4297 4295 4298
f 4294 4295 4297
f 4301 4298 4414
f 8012 8010 8011
f 8013 8010 8012
f 9493 8013 8012
f 7965 8013 9493
f 4297 4298 4299
f 4297 4299 4300
f 4303 4299 4301
f 4301 4299 4298
f 7712 8476 9499
f 8476 7965 9499
f 8476 8013 7965
f 7710 7712 9499
f 4300 4299 4302
f 4300 4302 4304
f 4457 4302 4303
f 4303 4302 4299
f 7712 7713 8476
f 7708 7713 7712
f 7710 7708 7712
f 7709 7708 7710
f 4304 4302 4366
f 4304 4366 4308
f 4467 4366 4457
f 4457 4366 4302
f 7709 7706 7708
f 7708 7706 7707
f 7704 7707 7706
f 7704 7706 7705
f 4308 4366 4485
f 4487 4308 4485
f 4490 4308 4487
f 4485 4366 4467
f 7705 7703 7704
f 10023 7703 7705
f 7119 4490 4487
f 7119 6390 4490
f 10023 7630 7703
f 7703 7630 9436
f 7629 9436 7630
f 7629 7630 7627
f 7071 6390 7119
f 7071 6370 6390
f 7627 7628 7629
f 7625 7628 7627
f 6362 6370 7071
f 6362 6356 6370
f 7625 7638 7628
f 7624 7638 7625
f 6354 6356 6362
f 6354 6353 6356
f 7624 10217 7638
f 7637 10217 7624
f 6351 6353 6354
f 6351 6350 6353
f 7949 7766 10490
f 7766 7637 10490
f 7766 10217 7637
f 9884 7949 10490
f 6349 6350 6351
f 6349 6348 6350
f 7949 7947 7766
f 7950 7947 7949
f 9884 7950 7949
f 10467 7950 9884
f 6347 6348 6349
f 6347 6345 6348
f 10467 10107 7950
f 10040 10107 10467
f 6346 6345 6347
f 6346 6343 6345
f 10040 10284 10107
f 7936 10284 10040
f 6359 6343 6346
f 6359 6339 6343
f 7936 7549 10284
f 7565 7549 7936
f 6335 6337 6338
f 6339 6335 6338
f 6359 6335 6339
f 6337 6404 6338
f 7444 7548 7694
f 7548 7565 7694
f 7548 7549 7565
f 7443 7444 7694
f 6336 6368 6337
f 6336 6337 6335
f 6404 6337 7167
f 7167 6337 6368
f 7466 10050 7444
f 7444 10050 7548
f 7444 7443 7439
f 7444 7439 7466
f 6365 6368 6336
f 6365 6364 6368
f 6364 7167 6368
f 6364 6275 7167
f 7466 7452 10050
f 7438 7452 7466
f 7439 7438 7466
f 7437 7438 7439
f 7038 6275 6364
f 7038 6281 6275
f 7437 7434 7438
f 7432 7434 7437
f 6858 6281 7038
f 6858 7031 6281
f 7432 7423 7434
f 7430 7423 7432
f 6839 7039 6332
f 7031 6839 6332
f 6858 6839 7031
f 7039 6285 6332
f 7430 7422 7423
f 7431 7422 7430
f 6840 7039 6839
f 6840 6298 7039
f 6298 6285 7039
f 6298 6287 6285
f 7431 7418 7422
f 7422 7418 75
f 73 75 7418
f 73 7418 7417
f 6290 6287 6298
f 6290 6289 6287
f 7417 7414 73
f 7416 7414 7417
f 6291 6289 6290
f 6291 6296 6289
f 7416 7398 7414
f 10189 7398 7416
f 6536 6296 6291
f 6536 6432 6296
f 10189 7406 7398
f 7254 7406 10189
f 6954 6487 6690
f 6432 6954 6690
f 6536 6954 6432
f 6487 6435 6690
f 9604 10473 8430
f 10473 7254 8430
f 10473 7406 7254
f 7247 9604 8430
f 6461 6487 6954
f 6461 6438 6487
f 6438 6435 6487
f 6438 6437 6435
f 9604 7388 10473
f 7367 7388 9604
f 7247 7367 9604
f 7246 7367 7247
f 6439 6437 6438
f 6439 6534 6437
f 7246 7368 7367
f 7576 7368 7246
f 6443 6534 6439
f 6443 6448 6534
f 86 7371 87
f 7371 7576 87
f 7371 7368 7576
f 85 86 87
f 6445 6450 6449
f 6448 6445 6449
f 6443 6445 6448
f 6450 6489 6449
f 86 7375 7371
f 7219 7375 86
f 85 7219 86
f 7217 7219 85
f 6483 6450 6445
f 6483 4680 6450
f 4680 6489 6450
f 4680 6689 6489
f 7217 7216 7219
f 7215 7216 7217
f 4672 6689 4680
f 4672 4674 6689
f 7215 7218 7216
f 7221 7218 7215
f 4673 4674 4672
f 4673 4675 4674
f 7228 7222 7223
f 7222 7221 7223
f 7222 7218 7221
f 9635 7228 7223
f 4676 6511 4679
f 4675 4676 4679
f 4673 4676 4675
f 6511 6501 4679
f 7228 7229 7222
f 7230 7229 7228
f 9635 7230 7228
f 8381 7230 9635
f 6494 6511 4676
f 6494 6493 6511
f 6493 6501 6511
f 6493 4698 6501
f 8381 9753 7230
f 8371 9753 8381
f 6502 4698 6493
f 6502 4699 4698
f 8371 8369 9753
f 8370 8369 8371
f 4702 4699 6502
f 4702 4701 4699
f 8370 8368 8369
f 8372 8368 8370
f 4703 4701 4702
f 4703 4704 4701
f 8387 8385 8386
f 8385 8372 8386
f 8385 8368 8372
f 8388 8387 8386
f 6508 4704 4703
f 6508 4703 78
f 78 77 6508
f 6508 77 4926
f 8387 9603 8385
f 8389 9603 8387
f 8388 8389 8387
f 8390 8389 8388
f 4925 4926 77
f 4925 4924 4926
f 8390 8391 8389
f 8393 8391 8390
f 4923 4924 4925
f 4923 4922 4924
f 8393 8400 8391
f 8228 8400 8393
f 4920 4922 4923
f 4920 4918 4922
f 8235 9987 8227
f 9987 8228 8227
f 9987 8400 8228
f 8226 8235 8227
f 4919 5045 4917
f 4918 4919 4917
f 4920 4919 4918
f 5045 4915 4917
f 9893 9894 8235
f 8235 9894 9987
f 8235 8226 9892
f 8235 9892 9893
f 6803 5045 4919
f 6803 6522 5045
f 6522 4915 5045
f 6522 4961 4915
f 9893 9895 9894
f 9896 9895 9893
f 9892 9896 9893
f 9973 9896 9892
f 4955 4961 6522
f 4955 4962 4961
f 9973 9975 9896
f 9177 9975 9973
f 4956 4962 4955
f 4956 7097 4962
f 9152 10103 9162
f 10103 9177 9162
f 10103 9975 9177
f 9153 9152 9162
f 6885 4813 4820
f 7097 6885 4820
f 4956 6885 7097
f 4813 4805 4820
f 9152 9148 10103
f 9149 9148 9152
f 9153 9149 9152
f 9154 9149 9153
f 5148 4813 6885
f 5148 4803 4813
f 4803 4805 4813
f 4803 4804 4805
f 9154 9155 9149
f 9851 9155 9154
f 4801 4804 4803
f 4801 4821 4804
f 9851 9166 9155
f 9170 9166 9851
f 4800 4821 4801
f 4800 6808 4821
f 9170 9169 9166
f 9171 9169 9170
f 4825 6808 4800
f 4825 4987 6808
f 9179 9172 9173
f 9172 9171 9173
f 9172 9169 9171
f 10506 9179 9173
f 5204 4987 4825
f 5204 4825 6768
f 6768 5355 5204
f 5204 5355 5845
f 9461 9904 9179
f 9179 9904 9172
f 9179 10506 10154
f 9179 10154 9461
f 5354 5845 5355
f 5354 6947 5845
f 9461 9460 9904
f 9448 9460 9461
f 10154 9448 9461
f 9456 9448 10154
f 5380 6947 5354
f 5380 6756 6947
f 9456 9443 9448
f 9469 9443 9456
f 5333 5335 5468
f 6756 5333 5468
f 5380 5333 6756
f 5335 5337 5468
f 9019 9024 9022
f 9024 9469 9022
f 9024 9443 9469
f 9021 9019 9022
f 5334 5335 5333
f 5334 5336 5335
f 5336 5337 5335
f 5336 5338 5337
f 9018 9020 9019
f 9019 9020 9024
f 9019 9021 9017
f 9019 9017 9018
f 5339 5338 5336
f 5339 5343 5338
f 9018 10054 9020
f 8968 10054 9018
f 9017 8968 9018
f 8888 8968 9017
f 5350 5343 5339
f 5350 7029 5343
f 8888 8876 8968
f 8874 8876 8888
f 7173 7029 5350
f 7173 6527 7029
f 10356 8875 8850
f 8875 8874 8850
f 8875 8876 8874
f 8848 10356 8850
f 5425 5424 5427
f 6527 5425 5427
f 7173 5425 6527
f 5424 5426 5427
f 10281 8886 10356
f 10356 8886 8875
f 10356 8848 8970
f 10356 8970 10281
f 5422 5424 5425
f 5422 5417 5424
f 5417 5426 5424
f 5417 6706 5426
f 10281 10411 8886
f 8899 10411 10281
f 8970 8899 10281
f 8896 8899 8970
f 5412 6706 5417
f 5412 5415 6706
f 8896 8898 8899
f 8897 8898 8896
f 5409 5415 5412
f 5409 5410 5415
f 8897 9084 8898
f 8898 9084 8903
f 10278 8903 9084
f 10278 9084 8935
f 5407 5410 5409
f 5407 6153 5410
f 9029 10382 10396
f 10396 10382 8954
f 10396 10278 8935
f 10396 8935 9029
f 5406 6153 5407
f 5406 5407 5405
f 5405 5404 5406
f 5406 5404 5414
f 11806 11495 11453
f 11454 11806 11453
f 8954 11454 11453
f 10382 11454 8954
f 5433 5414 5404
f 5433 6679 5414
f 11727 11493 11445
f 11445 11493 11441
f 11445 11495 11806
f 11456 11445 11806
f 11727 11445 11456
f 11456 11806 11454
f 11462 6679 5433
f 11462 11511 6679
f 11201 11199 11512
f 11218 11698 11512
f 11698 11201 11512
f 11698 11243 11201
f 11723 11698 11502
f 11723 11243 11698
f 11435 11502 11436
f 11435 11723 11502
f 11434 11436 11437
f 11434 11435 11436
f 11437 11441 11493
f 11437 11493 11434
f 11459 11511 11462
f 11459 11462 11461
f 11461 11460 11459
f 11459 11460 11363
f 11330 11787 11205
f 11205 11787 11513
f 11194 11205 11204
f 11194 11330 11205
f 11195 11204 11207
f 11195 11194 11204
f 11197 11207 11202
f 11197 11195 11207
f 11200 11512 11199
f 11197 11200 11199
f 11202 11200 11197
f 11512 11200 11218
f 11465 11363 11460
f 11465 11460 11466
f 11781 11467 11469
f 11467 11466 11469
f 11467 11465 11466
f 11781 11483 11467
f 11494 11654 11388
f 11384 11382 11388
f 11382 11494 11388
f 11382 11386 11494
f 11385 11382 11381
f 11385 11386 11382
f 11381 11513 11787
f 11381 11787 11385
f 11507 11781 11469
f 11570 11483 11781
f 11507 11570 11781
f 11737 11570 11507
f 11569 11737 11597
f 11569 11570 11737
f 11506 11388 11654
f 11569 11506 11654
f 11597 11506 11569
f 11388 11506 11384
f 420 419 421
f 422 423 421
f 419 422 421
f 418 422 419
f 422 406 441
f 418 406 422
f 441 415 447
f 406 415 441
f 447 476 479
f 415 476 447
f 10083 479 476
f 10083 476 10085
f 448 438 444
f 448 444 450
f 421 429 420
f 429 438 420
f 429 444 438
f 429 421 423
f 10085 10081 10083
f 10083 10081 10082
f 10080 10082 10081
f 10080 10081 10079
f 4429 4430 4431
f 4430 448 4431
f 448 4432 4431
f 448 450 4432
f 10079 10077 10080
f 10078 10077 10079
f 4429 4431 4445
f 4429 4445 4460
f 4461 4445 4432
f 4432 4445 4431
f 10078 10074 10077
f 10076 10074 10078
f 4460 4445 4508
f 4460 4508 4500
f 4480 4508 4461
f 4461 4508 4445
f 10076 10072 10074
f 10091 10072 10076
f 4500 4508 4478
f 4500 4478 4476
f 4479 4478 4480
f 4480 4478 4508
f 10066 10067 10065
f 10067 10091 10065
f 10067 10072 10091
f 10063 10066 10065
f 4476 4478 4477
f 4476 4477 4367
f 4481 4477 4479
f 4479 4477 4478
f 10071 10068 10066
f 10066 10068 10067
f 10066 10063 10090
f 10066 10090 10071
f 99 4367 4477
f 4477 4481 99
f 4481 97 99
f 4481 4428 97
f 10407 10964 10071
f 10071 10964 10068
f 10071 10090 10538
f 10071 10538 10407
f 4427 97 4428
f 4427 4426 97
f 10407 10406 10964
f 10538 10371 10407
f 10371 10406 10407
f 10371 84 10406
f 10364 9459 82
f 84 10364 82
f 10371 10364 84
f 9423 9459 10364
f 88 89 90
f 89 4426 90
f 4426 4455 90
f 4426 4427 4455
f 9459 9421 82
f 9419 9418 9420
f 9419 9420 9421
f 9423 9419 9421
f 9459 9423 9421
f 9412 9418 9419
f 88 90 4511
f 88 4511 4230
f 4362 4511 4455
f 4455 4511 90
f 9418 9413 9420
f 9410 9417 9414
f 9410 9414 9413
f 9412 9410 9413
f 9418 9412 9413
f 102 9417 9410
f 4230 4511 4239
f 4238 4230 4239
f 4233 4230 4238
f 4239 4511 4362
f 9417 9434 9414
f 10201 10299 9739
f 10201 9739 9434
f 102 10201 9434
f 9417 102 9434
f 104 10299 10201
f 4471 4360 4458
f 4360 4233 4458
f 4233 4252 4458
f 4233 4238 4252
f 10299 9489 9739
f 10029 9489 10299
f 104 10029 10299
f 9506 10029 104
f 4471 4458 4448
f 4471 4448 4368
f 4342 4448 4252
f 4252 4448 4458
f 92 9485 93
f 9485 9506 93
f 9485 10029 9506
f 91 92 93
f 4368 4448 4346
f 4345 4368 4346
f 4352 4368 4345
f 4346 4448 4342
f 8501 10277 92
f 92 10277 9485
f 92 91 8495
f 92 8495 8501
f 4351 4352 4345
f 4351 4434 4352
f 9963 10111 8501
f 8501 10111 10277
f 8501 8495 8065
f 8501 8065 9963
f 4292 4434 4351
f 4292 4310 4434
f 9963 10300 10111
f 8092 10300 9963
f 8065 8092 9963
f 8062 8092 8065
f 4292 4371 4291
f 4286 4292 4291
f 4310 4292 4286
f 4413 4291 4371
f 8062 8058 8092
f 8060 8058 8062
f 4286 4291 4289
f 4286 4289 4287
f 4293 4289 4413
f 4413 4289 4291
f 8463 8056 9639
f 8056 8060 9639
f 8056 8058 8060
f 10527 8463 9639
f 4287 4289 4290
f 4287 4290 4435
f 4294 4290 4293
f 4293 4290 4289
f 8463 8055 8056
f 9493 8055 8463
f 10527 9493 8463
f 7787 9493 10527
f 4484 4435 4290
f 4290 4294 4484
f 4294 4309 4484
f 4294 4297 4309
f 7780 7965 7785
f 7965 7787 7785
f 7965 9493 7787
f 7779 7780 7785
f 4300 4309 4297
f 4300 4305 4309
f 7780 9499 7965
f 7710 9499 7780
f 7779 7710 7780
f 7711 7710 7779
f 4304 4305 4300
f 4304 4306 4305
f 8478 7709 7716
f 7709 7711 7716
f 7709 7710 7711
f 7963 8478 7716
f 4308 4306 4304
f 4308 6388 4306
f 8478 7706 7709
f 7705 7706 8478
f 7963 7705 8478
f 7816 7705 7963
f 4490 6388 4308
f 4490 6385 6388
f 7650 10023 10351
f 10023 7816 10351
f 10023 7705 7816
f 7636 7650 10351
f 6390 6385 4490
f 6390 6372 6385
f 7650 7630 10023
f 7627 7630 7650
f 7636 7627 7650
f 7626 7627 7636
f 6370 6372 6390
f 6370 6371 6372
f 7626 7625 7627
f 7623 7625 7626
f 6356 6371 6370
f 6356 6686 6371
f 7623 7624 7625
f 7622 7624 7623
f 6353 6686 6356
f 6353 6358 6686
f 7634 7637 7632
f 7637 7622 7632
f 7637 7624 7622
f 7633 7634 7632
f 6350 6358 6353
f 6350 6355 6358
f 7634 10490 7637
f 9884 10490 7634
f 7633 9884 7634
f 10466 9884 7633
f 6348 6355 6350
f 6348 6406 6355
f 10466 10467 9884
f 10039 10467 10466
f 6345 6406 6348
f 6345 6344 6406
f 10039 10040 10467
f 7696 10040 10039
f 6343 6344 6345
f 6343 6342 6344
f 8312 7936 9445
f 7936 7696 9445
f 7936 10040 7696
f 9446 8312 9445
f 6339 6340 6341
f 6342 6339 6341
f 6343 6339 6342
f 6340 6269 6341
f 10533 7565 8312
f 8312 7565 7936
f 8312 9446 7446
f 8312 7446 10533
f 6338 6340 6339
f 6338 6404 6340
f 6404 6269 6340
f 6404 6270 6269
f 10533 7694 7565
f 7443 7694 10533
f 7446 7443 10533
f 7441 7443 7446
f 7167 6270 6404
f 7167 6272 6270
f 7441 7439 7443
f 7440 7439 7441
f 6275 6272 7167
f 6275 6274 6272
f 7440 7437 7439
f 7465 7437 7440
f 6281 6274 6275
f 6281 6279 6274
f 7433 7432 9915
f 7432 7465 9915
f 7432 7437 7465
f 9901 7433 9915
f 7031 6284 6282
f 6279 7031 6282
f 6281 7031 6279
f 6284 6283 6282
f 7436 7430 7433
f 7433 7430 7432
f 7433 9901 10114
f 7433 10114 7436
f 6332 6284 7031
f 6332 6285 6284
f 6285 6283 6284
f 6285 6286 6283
f 10155 7431 7436
f 7436 7431 7430
f 7436 10114 7530
f 7436 7530 10155
f 6287 6286 6285
f 6287 6288 6286
f 10155 7418 7431
f 7417 7418 10155
f 7530 7417 10155
f 7563 7417 7530
f 6289 6288 6287
f 6289 6295 6288
f 7563 7416 7417
f 10405 7416 7563
f 6296 6431 6428
f 6295 6296 6428
f 6289 6296 6295
f 6431 6495 6428
f 10405 10189 7416
f 9838 10189 10405
f 6432 6433 6431
f 6432 6431 6296
f 6495 6431 6434
f 6434 6431 6433
f 7249 7254 7250
f 7254 9838 7250
f 7254 10189 9838
f 7248 7249 7250
f 6690 6433 6432
f 6690 6435 6433
f 6435 6434 6433
f 6435 6436 6434
f 7249 8430 7254
f 7247 8430 7249
f 7248 7247 7249
f 7245 7247 7248
f 6437 6436 6435
f 6437 6482 6436
f 7245 7246 7247
f 7240 7246 7245
f 6534 6482 6437
f 6534 6480 6482
f 7227 7576 10160
f 7576 7240 10160
f 7576 7246 7240
f 7226 7227 10160
f 6448 6480 6534
f 6448 6452 6480
f 7227 87 7576
f 85 87 7227
f 7226 85 7227
f 7220 85 7226
f 6451 6452 6448
f 6451 6448 6449
f 6449 6489 6451
f 6451 6489 6460
f 7220 7217 85
f 7232 7217 7220
f 6689 6460 6489
f 6689 4682 6460
f 7232 7215 7217
f 10532 7215 7232
f 4674 4682 6689
f 4674 4677 4682
f 7224 7221 7242
f 7221 10532 7242
f 7221 7215 10532
f 7993 7224 7242
f 4675 6519 4678
f 4677 4675 4678
f 4674 4675 4677
f 6519 6504 4678
f 7224 7223 7221
f 9635 7223 7224
f 7993 9635 7224
f 8378 9635 7993
f 4679 6519 4675
f 4679 6501 6519
f 6501 6504 6519
f 6501 4696 6504
f 8378 8381 9635
f 8375 8381 8378
f 4698 4696 6501
f 4698 4697 4696
f 8375 8371 8381
f 8373 8371 8375
f 4699 4697 4698
f 4699 4700 4697
f 95 8370 96
f 8370 8373 96
f 8370 8371 8373
f 94 95 96
f 4701 4700 4699
f 4701 6500 4700
f 9047 8372 95
f 95 8372 8370
f 95 94 9968
f 95 9968 9047
f 4704 4931 4932
f 6500 4704 4932
f 4701 4704 6500
f 4931 4930 4932
f 9047 8386 8372
f 8388 8386 9047
f 9968 8388 9047
f 10542 8388 9968
f 6508 4931 4704
f 6508 4926 4931
f 4926 4930 4931
f 4926 4927 4930
f 10542 8390 8388
f 8394 8390 10542
f 4924 4927 4926
f 4924 4929 4927
f 8394 8393 8390
f 8395 8393 8394
f 4922 4929 4924
f 4922 4928 4929
f 8395 8228 8393
f 10560 8228 8395
f 4918 4916 4999
f 4928 4918 4999
f 4922 4918 4928
f 4916 4913 4999
f 10560 8165 8228
f 8228 8165 8227
f 8226 8227 8165
f 8226 8165 8163
f 4917 4916 4918
f 4917 4915 4916
f 4915 4913 4916
f 4915 4914 4913
f 8163 9892 8226
f 8225 9892 8163
f 4961 4914 4915
f 4961 4910 4914
f 8225 9973 9892
f 9974 9973 8225
f 4962 4910 4961
f 4962 4905 4910
f 9176 9177 9178
f 9177 9974 9178
f 9177 9973 9974
f 9863 9176 9178
f 7097 4811 4812
f 4905 7097 4812
f 4962 7097 4905
f 4811 4810 4812
f 9176 9162 9177
f 9153 9162 9176
f 9863 9153 9176
f 9156 9153 9863
f 4820 4811 7097
f 4820 4805 4811
f 4805 4810 4811
f 4805 4806 4810
f 9156 9154 9153
f 9157 9154 9156
f 4804 4806 4805
f 4804 4814 4806
f 10174 9851 9814
f 9851 9157 9814
f 9851 9154 9157
f 8547 10174 9814
f 4821 4814 4804
f 4821 6614 4814
f 10509 9170 10174
f 10174 9170 9851
f 10174 8547 8537
f 10174 8537 10509
f 6808 6614 4821
f 6808 4985 6614
f 9174 9171 10509
f 10509 9171 9170
f 10509 8537 8548
f 10509 8548 9174
f 4987 4988 4986
f 4985 4987 4986
f 6808 4987 4985
f 4988 7061 4986
f 9174 9173 9171
f 10506 9173 9174
f 8548 10506 9174
f 8545 10506 8548
f 5204 4988 4987
f 5204 5845 4988
f 5845 7061 4988
f 5845 6823 7061
f 8545 10154 10506
f 8549 10154 8545
f 6947 6823 5845
f 6947 6765 6823
f 8549 9456 10154
f 10166 9456 8549
f 6756 6765 6947
f 6756 5443 6765
f 9023 9469 10504
f 9469 10166 10504
f 9469 9456 10166
f 10442 9023 10504
f 5347 5443 6756
f 5347 6756 5468
f 5468 5337 5347
f 5347 5337 5340
f 9023 9022 9469
f 9021 9022 9023
f 10442 9021 9023
f 9031 9021 10442
f 5338 5340 5337
f 5338 5341 5340
f 9031 9017 9021
f 10459 9017 9031
f 5343 5341 5338
f 5343 5345 5341
f 10459 8888 9017
f 9993 8888 10459
f 7029 5345 5343
f 7029 5429 5345
f 8849 8874 9015
f 8874 9993 9015
f 8874 8888 9993
f 8840 8849 9015
f 6527 7202 6512
f 5429 6527 6512
f 7029 6527 5429
f 7202 6604 6512
f 8849 8850 8874
f 8848 8850 8849
f 8840 8848 8849
f 8842 8848 8840
f 5427 7202 6527
f 5427 5426 7202
f 5426 6604 7202
f 5426 6606 6604
f 8842 8970 8848
f 8862 8970 8842
f 6706 6606 5426
f 6706 6704 6606
f 8862 8896 8970
f 8895 8896 8862
f 5415 6704 6706
f 5415 6703 6704
f 10478 8897 9030
f 8897 8895 9030
f 8897 8896 8895
f 8922 10478 9030
f 5410 6703 5415
f 5410 5467 6703
f 10478 9084 8897
f 8935 9084 10478
f 8922 8935 10478
f 8923 8935 8922
f 6153 5432 5452
f 5467 6153 5452
f 5410 6153 5467
f 5432 5451 5452
f 8933 10381 9029
f 9029 10381 10382
f 9029 8935 8923
f 9029 8923 8933
f 5406 5432 6153
f 5406 5414 5432
f 5414 5451 5432
f 5414 5453 5451
f 10381 11454 10382
f 11455 11454 10381
f 6679 5453 5414
f 6679 5456 5453
f 11789 11433 11727
f 11727 11433 11493
f 11457 11727 11456
f 11457 11789 11727
f 11456 11454 11455
f 11456 11455 11457
f 11511 5456 6679
f 11511 11636 5456
f 11208 11198 11201
f 11201 11198 11199
f 11209 11201 11243
f 11209 11208 11201
f 11212 11243 11723
f 11212 11209 11243
f 11784 11723 11435
f 11784 11212 11723
f 11428 11435 11434
f 11428 11784 11435
f 11434 11493 11433
f 11434 11433 11428
f 11352 11636 11511
f 11352 11511 11459
f 11459 11363 11352
f 11352 11363 11353
f 11183 113 11330
f 11330 113 11787
f 11191 11330 11194
f 11191 11183 11330
f 11193 11194 11195
f 11193 11191 11194
f 11196 11195 11197
f 11196 11193 11195
f 11197 11199 11198
f 11197 11198 11196
f 11706 11353 11363
f 11706 11363 11465
f 11468 11465 11467
f 11468 11706 11465
f 11467 11483 11468
f 11468 11483 11497
f 11577 11568 11494
f 11494 11568 11654
f 11778 11494 11386
f 11778 11577 11494
f 112 11386 11385
f 112 11778 11386
f 11385 11787 113
f 11385 113 112
f 11503 11497 11483
f 11503 11483 11570
f 11514 11570 11569
f 11514 11503 11570
f 11569 11654 11568
f 11569 11568 11514
f 391 359 413
f 404 414 413
f 404 413 359
f 467 414 404
f 402 395 419
f 402 419 420
f 419 390 418
f 395 390 419
f 413 406 391
f 406 390 391
f 406 418 390
f 406 413 415
f 415 413 414
f 467 475 414
f 475 415 414
f 475 476 415
f 10085 476 475
f 10085 475 10418
f 464 445 449
f 438 448 449
f 445 438 449
f 405 438 445
f 420 438 402
f 402 438 405
f 10418 10438 10085
f 10085 10438 10081
f 10079 10081 10438
f 10079 10438 1340
f 464 449 4430
f 4429 464 4430
f 4412 464 4429
f 4430 449 448
f 10086 10078 1341
f 10078 1340 1341
f 10078 10079 1340
f 1342 10086 1341
f 4378 4380 4385
f 4380 4412 4385
f 4412 4460 4385
f 4412 4429 4460
f 10481 10076 10086
f 10086 10076 10078
f 10086 1342 10089
f 10086 10089 10481
f 4378 4385 4386
f 4378 4386 4374
f 4500 4386 4460
f 4460 4386 4385
f 10064 10091 10481
f 10481 10091 10076
f 10481 10089 10062
f 10481 10062 10064
f 4507 4374 4386
f 4386 4500 4507
f 4500 4356 4507
f 4500 4476 4356
f 10064 10065 10091
f 10063 10065 10064
f 10062 10063 10064
f 10061 10063 10062
f 4367 4356 4476
f 4367 4260 4356
f 10061 10090 10063
f 10060 10090 10061
f 4367 99 98
f 4256 4367 98
f 4260 4367 4256
f 97 98 99
f 10458 10538 10092
f 10538 10060 10092
f 10538 10090 10060
f 10378 10458 10092
f 4256 98 4258
f 4256 4258 4253
f 4426 4258 97
f 97 4258 98
f 10458 10371 10538
f 10378 9432 10458
f 9432 10371 10458
f 9432 10364 10371
f 9423 10364 9432
f 9423 9432 9425
f 4253 4258 89
f 88 4253 89
f 4232 4253 88
f 89 4258 4426
f 9425 9424 9423
f 9423 9424 9419
f 9471 9411 9412
f 9419 9471 9412
f 9424 9471 9419
f 9408 9411 9471
f 4230 4232 88
f 4230 4231 4232
f 9411 9410 9412
f 100 101 102
f 100 102 9410
f 9408 100 9410
f 9411 9408 9410
f 103 101 100
f 4236 4235 4234
f 4235 4231 4234
f 4231 4233 4234
f 4231 4230 4233
f 101 10201 102
f 104 10201 101
f 103 104 101
f 9080 104 103
f 4236 4234 4360
f 4471 4236 4360
f 4311 4236 4471
f 4360 4234 4233
f 9080 9506 104
f 10487 9506 9080
f 4368 4311 4471
f 4368 4473 4311
f 10487 8497 9506
f 9506 8497 93
f 91 93 8497
f 91 8497 8496
f 4276 4275 4281
f 4275 4473 4281
f 4473 4352 4281
f 4473 4368 4352
f 8496 8495 91
f 8494 8495 8496
f 4276 4281 110
f 4276 110 109
f 4434 110 4352
f 4352 110 4281
f 106 8065 107
f 8065 8494 107
f 8065 8495 8494
f 105 106 107
f 108 109 110
f 110 4434 108
f 4434 4283 108
f 4434 4310 4283
f 8064 8062 106
f 106 8062 8065
f 106 105 8066
f 106 8066 8064
f 4286 4283 4310
f 4286 4285 4283
f 8078 8060 8064
f 8064 8060 8062
f 8064 8066 8067
f 8064 8067 8078
f 4287 4285 4286
f 4287 4288 4285
f 8078 9639 8060
f 10527 9639 8078
f 8067 10527 8078
f 8079 10527 8067
f 4435 4288 4287
f 4435 4436 4288
f 7786 7787 8514
f 7787 8079 8514
f 7787 10527 8079
f 7788 7786 8514
f 4435 4484 4438
f 4437 4435 4438
f 4436 4435 4437
f 4309 4438 4484
f 7786 7785 7787
f 7779 7785 7786
f 7788 7779 7786
f 7991 7779 7788
f 4483 4437 4438
f 4438 4309 4483
f 4309 4307 4483
f 4309 4305 4307
f 7991 7711 7779
f 9990 7711 7991
f 4306 4307 4305
f 4306 6389 4307
f 9990 7803 7711
f 7711 7803 7716
f 7963 7716 7803
f 7963 7803 7807
f 6388 6389 4306
f 6388 6386 6389
f 7807 7816 7963
f 7661 7816 7807
f 6385 6386 6388
f 6385 6378 6386
f 7661 7652 7816
f 7816 7652 10351
f 7636 10351 7652
f 7636 7652 7651
f 6372 6378 6385
f 6372 6373 6378
f 7651 7626 7636
f 9853 7626 7651
f 6371 6373 6372
f 6371 6374 6373
f 9853 7623 7626
f 7620 7623 9853
f 6686 6374 6371
f 6686 6384 6374
f 7631 7622 7621
f 7622 7620 7621
f 7622 7623 7620
f 7646 7631 7621
f 6358 6384 6686
f 6358 6720 6384
f 7631 7632 7622
f 7633 7632 7631
f 7646 7633 7631
f 10059 7633 7646
f 6355 6720 6358
f 6355 6263 6720
f 10059 10466 7633
f 7639 10466 10059
f 6406 6263 6355
f 6406 6262 6263
f 7639 10039 10466
f 7605 10039 7639
f 6344 6262 6406
f 6344 117 6262
f 7605 7696 10039
f 7604 7696 7605
f 6342 6405 115
f 117 6342 115
f 6344 6342 117
f 6405 6266 115
f 7604 9742 7696
f 7696 9742 9445
f 9446 9445 9742
f 9446 9742 10177
f 6341 6405 6342
f 6341 6269 6405
f 6269 6266 6405
f 6269 6268 6266
f 10177 7446 9446
f 7445 7446 10177
f 6270 6268 6269
f 6270 6271 6268
f 7445 7441 7446
f 7442 7441 7445
f 6272 6271 6270
f 6272 6273 6271
f 10010 7440 7447
f 7440 7442 7447
f 7440 7441 7442
f 7570 10010 7447
f 6274 6277 6276
f 6273 6274 6276
f 6272 6274 6273
f 6277 6278 6276
f 9902 7465 10010
f 10010 7465 7440
f 10010 7570 9900
f 10010 9900 9902
f 6279 6280 6277
f 6279 6277 6274
f 6278 6277 7121
f 7121 6277 6280
f 9902 9915 7465
f 9901 9915 9902
f 9900 9901 9902
f 7535 9901 9900
f 6282 6280 6279
f 6282 6283 6280
f 6283 7121 6280
f 6283 6818 7121
f 7535 10114 9901
f 7528 10114 7535
f 6286 6818 6283
f 6286 6294 6818
f 7528 7530 10114
f 7529 7530 7528
f 6288 6294 6286
f 6288 6334 6294
f 7529 7563 7530
f 10357 7563 7529
f 6295 6429 6711
f 6334 6295 6711
f 6288 6295 6334
f 6429 6496 6711
f 10357 10405 7563
f 7364 10405 10357
f 6428 6429 6295
f 6428 6495 6429
f 6495 6496 6429
f 6495 6718 6496
f 7251 9838 7253
f 9838 7364 7253
f 9838 10405 7364
f 7252 7251 7253
f 6434 6718 6495
f 6434 6486 6718
f 7251 7250 9838
f 7248 7250 7251
f 7252 7248 7251
f 7812 7248 7252
f 6436 6486 6434
f 6436 6485 6486
f 7812 7245 7248
f 7239 7245 7812
f 6482 6485 6436
f 6482 6598 6485
f 7235 7240 7236
f 7240 7239 7236
f 7240 7245 7239
f 7234 7235 7236
f 6480 6598 6482
f 6480 6456 6598
f 7235 10160 7240
f 7226 10160 7235
f 7234 7226 7235
f 7233 7226 7234
f 6452 6453 6454
f 6456 6452 6454
f 6480 6452 6456
f 6453 6455 6454
f 7233 7220 7226
f 9964 7220 7233
f 6451 6453 6452
f 6451 6460 6453
f 6460 6455 6453
f 6460 6509 6455
f 9964 7232 7220
f 7596 7232 9964
f 4682 6509 6460
f 4682 4683 6509
f 9824 10532 7597
f 10532 7596 7597
f 10532 7232 7596
f 7598 9824 7597
f 4677 6513 4684
f 4683 4677 4684
f 4682 4677 4683
f 6513 7049 4684
f 9824 7242 10532
f 7993 7242 9824
f 7598 7993 9824
f 8379 7993 7598
f 4678 6513 4677
f 4678 6504 6513
f 6504 7049 6513
f 6504 4692 7049
f 8379 8378 7993
f 8377 8378 8379
f 4696 4692 6504
f 4696 4693 4692
f 8377 8375 8378
f 8376 8375 8377
f 4697 4693 4696
f 4697 6865 4693
f 8374 8373 8383
f 8373 8376 8383
f 8373 8375 8376
f 10557 8374 8383
f 4700 6865 4697
f 4700 5000 6865
f 8374 96 8373
f 94 96 8374
f 10557 94 8374
f 8119 94 10557
f 6500 4933 4946
f 5000 6500 4946
f 4700 6500 5000
f 4933 4934 4946
f 8119 9968 94
f 8110 9968 8119
f 4932 4933 6500
f 4932 4930 4933
f 4930 4934 4933
f 4930 4945 4934
f 8110 10542 9968
f 8118 10542 8110
f 4927 4945 4930
f 4927 7100 4945
f 8118 8394 10542
f 10251 8394 8118
f 4929 7100 4927
f 4929 6938 7100
f 10251 8395 8394
f 8475 8395 10251
f 4928 6827 4900
f 6938 4928 4900
f 4929 4928 6938
f 6827 4899 4900
f 8164 10560 8166
f 10560 8475 8166
f 10560 8395 8475
f 8162 8164 8166
f 4999 6827 4928
f 4999 4913 6827
f 4913 4899 6827
f 4913 4901 4899
f 8164 8165 10560
f 8163 8165 8164
f 8162 8163 8164
f 8161 8163 8162
f 4914 4901 4913
f 4914 4963 4901
f 8161 8225 8163
f 8168 8225 8161
f 4910 4963 4914
f 4910 4909 4963
f 9818 9974 8428
f 9974 8168 8428
f 9974 8225 8168
f 8419 9818 8428
f 4905 4904 4908
f 4909 4905 4908
f 4910 4905 4909
f 4904 6955 4908
f 9818 9178 9974
f 9863 9178 9818
f 8419 9863 9818
f 8429 9863 8419
f 4812 4904 4905
f 4812 4810 4904
f 4810 6955 4904
f 4810 4822 6955
f 8429 9156 9863
f 9866 9156 8429
f 4806 4822 4810
f 4806 4815 4822
f 9809 9157 9811
f 9157 9866 9811
f 9157 9156 9866
f 8534 9809 9811
f 4814 4815 4806
f 4814 4816 4815
f 9809 9814 9157
f 8547 9814 9809
f 8534 8547 9809
f 8533 8547 8534
f 6614 4816 4814
f 6614 4819 4816
f 8533 8537 8547
f 8535 8537 8533
f 4985 4984 4983
f 4819 4985 4983
f 6614 4985 4819
f 4984 4980 4983
f 8535 8548 8537
f 8538 8548 8535
f 4986 4984 4985
f 4986 7061 4984
f 7061 4980 4984
f 7061 4981 4980
f 8538 8545 8548
f 8542 8545 8538
f 6823 4981 7061
f 6823 6822 4981
f 8542 8549 8545
f 8544 8549 8542
f 6765 6822 6823
f 6765 7106 6822
f 9738 10166 9736
f 10166 8544 9736
f 10166 8549 8544
f 9737 9738 9736
f 5443 5440 6577
f 7106 5443 6577
f 6765 5443 7106
f 5440 5195 6577
f 9738 10504 10166
f 10442 10504 9738
f 9737 10442 9738
f 9008 10442 9737
f 5347 5440 5443
f 5347 5340 5440
f 5340 5195 5440
f 5340 6963 5195
f 9008 9031 10442
f 8986 9031 9008
f 5341 6963 5340
f 5341 5346 6963
f 8986 10459 9031
f 10195 10459 8986
f 5345 5346 5341
f 5345 5349 5346
f 8841 9993 8937
f 9993 10195 8937
f 9993 10459 10195
f 8838 8841 8937
f 5429 5444 5430
f 5349 5429 5430
f 5345 5429 5349
f 5444 5437 5430
f 8841 9015 9993
f 8840 9015 8841
f 8838 8840 8841
f 8839 8840 8838
f 6512 5444 5429
f 6512 6604 5444
f 6604 5437 5444
f 6604 6605 5437
f 8839 8842 8840
f 8843 8842 8839
f 6606 6605 6604
f 6606 6814 6605
f 8843 8862 8842
f 8894 8862 8843
f 6704 6814 6606
f 6704 6705 6814
f 8978 8895 9068
f 8895 8894 9068
f 8895 8862 8894
f 8919 8978 9068
f 6703 6705 6704
f 6703 6112 6705
f 8978 9030 8895
f 8922 9030 8978
f 8919 8922 8978
f 8921 8922 8919
f 5467 5466 6563
f 6112 5467 6563
f 6703 5467 6112
f 5466 5462 6563
f 8921 8923 8922
f 8924 8923 8921
f 5452 5466 5467
f 5452 5451 5466
f 5451 5462 5466
f 5451 5454 5462
f 10391 10381 8933
f 8925 10391 8933
f 8923 8925 8933
f 8924 8925 8923
f 5453 5454 5451
f 5453 5455 5454
f 9349 10392 10391
f 10392 10381 10391
f 10392 11455 10381
f 9349 10391 8925
f 5456 5455 5453
f 5456 5457 5455
f 11328 11240 11789
f 11789 11240 11433
f 11669 11789 11457
f 11669 11328 11789
f 11457 11455 10392
f 11457 10392 11669
f 11636 11354 11355
f 5457 11636 11355
f 5456 11636 5457
f 11354 11351 11355
f 11216 11695 11208
f 11208 11695 11198
f 11210 11208 11209
f 11210 11216 11208
f 11211 11209 11212
f 11211 11210 11209
f 11321 11212 11784
f 11321 11211 11212
f 11227 11784 11428
f 11227 11321 11784
f 11428 11433 11240
f 11428 11240 11227
f 11352 11354 11636
f 11361 11350 11353
f 11353 11350 11352
f 11350 11351 11352
f 11351 11354 11352
f 11361 11340 11350
f 11174 11242 111
f 113 11183 111
f 11183 11174 111
f 11183 11178 11174
f 11184 11183 11191
f 11184 11178 11183
f 11192 11191 11193
f 11192 11184 11191
f 11206 11193 11196
f 11206 11192 11193
f 11196 11198 11695
f 11196 11695 11206
f 11706 11361 11353
f 11719 11340 11361
f 11706 11719 11361
f 11468 11719 11706
f 11468 11497 11719
f 11719 11497 11505
f 11591 11565 11567
f 11568 11577 11567
f 11577 11591 11567
f 11577 11590 11591
f 11775 11577 11778
f 11775 11590 11577
f 112 111 11242
f 11775 112 11242
f 11778 112 11775
f 111 112 113
f 11504 11505 11497
f 11504 11497 11503
f 11514 11567 11565
f 11504 11514 11565
f 11503 11514 11504
f 11567 11514 11568
f 358 357 359
f 358 359 391
f 359 360 404
f 357 360 359
f 467 404 360
f 467 360 477
f 397 396 399
f 395 402 399
f 396 395 399
f 392 395 396
f 395 355 390
f 392 355 395
f 391 390 358
f 358 390 355
f 477 478 467
f 467 478 475
f 10418 475 478
f 10418 478 10419
f 462 400 445
f 462 445 464
f 399 405 397
f 405 400 397
f 405 445 400
f 405 399 402
f 10419 10420 10418
f 10418 10420 10438
f 1340 10438 10420
f 1340 10420 1333
f 4379 4382 4381
f 4382 462 4381
f 462 4412 4381
f 462 464 4412
f 1333 1339 1340
f 1340 1339 1341
f 1342 1341 1339
f 1342 1339 1335
f 4379 4381 4380
f 4378 4379 4380
f 4377 4379 4378
f 4380 4381 4412
f 1335 10089 1342
f 1334 10089 1335
f 4374 4377 4378
f 4374 4375 4377
f 1334 10062 10089
f 1328 10062 1334
f 4374 4507 4372
f 4373 4374 4372
f 4375 4374 4373
f 4356 4372 4507
f 1328 10061 10062
f 1329 10061 1328
f 4373 4372 4355
f 4373 4355 4465
f 4260 4355 4356
f 4356 4355 4372
f 1329 10060 10061
f 1332 10060 1329
f 4261 4465 4355
f 4355 4260 4261
f 4260 4255 4261
f 4260 4256 4255
f 1332 10058 10060
f 10060 10058 10092
f 10378 10092 10058
f 10378 10058 9431
f 4253 4255 4256
f 4253 4254 4255
f 9431 9428 10378
f 10378 9428 9432
f 9425 9432 9428
f 9425 9428 9427
f 4232 4254 4253
f 4232 4265 4254
f 9427 9426 9425
f 9425 9426 9424
f 9424 9409 9471
f 9426 9409 9424
f 9408 9471 9409
f 9408 9409 9081
f 4237 4423 4488
f 4423 4265 4488
f 4265 4231 4488
f 4265 4232 4231
f 9081 114 9408
f 9408 114 100
f 103 100 114
f 103 114 9074
f 4237 4488 4235
f 4236 4237 4235
f 4263 4237 4236
f 4235 4488 4231
f 9074 9080 103
f 9072 9080 9074
f 4311 4263 4236
f 4311 4269 4263
f 8530 10487 10307
f 10487 9072 10307
f 10487 9080 9072
f 8502 8530 10307
f 4273 4271 4272
f 4271 4269 4272
f 4269 4473 4272
f 4269 4311 4473
f 8530 8497 10487
f 8496 8497 8530
f 8502 8496 8530
f 8498 8496 8502
f 4273 4272 4275
f 4276 4273 4275
f 4277 4273 4276
f 4275 4272 4473
f 8498 8494 8496
f 8500 8494 8498
f 109 4277 4276
f 109 4278 4277
f 8500 8499 8494
f 8494 8499 107
f 105 107 8499
f 105 8499 8087
f 109 108 4280
f 4279 109 4280
f 4278 109 4279
f 4283 4280 108
f 8087 8066 105
f 8068 8066 8087
f 4282 4279 4280
f 4280 4283 4282
f 4283 4284 4282
f 4283 4285 4284
f 8068 8067 8066
f 8069 8067 8068
f 4288 4284 4285
f 4288 6798 4284
f 8069 8079 8067
f 8072 8079 8069
f 4436 6798 4288
f 4436 6780 6798
f 8072 10543 8079
f 8079 10543 8514
f 7788 8514 10543
f 7788 10543 10057
f 4437 6780 4436
f 4437 6778 6780
f 10057 7991 7788
f 7811 7991 10057
f 4437 4483 4505
f 4506 4437 4505
f 6778 4437 4506
f 4307 4505 4483
f 7808 9990 7809
f 9990 7811 7809
f 9990 7991 7811
f 7806 7808 7809
f 6773 4506 4505
f 4505 4307 6773
f 4307 6402 6773
f 4307 6389 6402
f 7808 7803 9990
f 7807 7803 7808
f 7806 7807 7808
f 7664 7807 7806
f 6386 6402 6389
f 6386 6909 6402
f 7653 7661 8451
f 7661 7664 8451
f 7661 7807 7664
f 7654 7653 8451
f 6378 6909 6386
f 6378 6383 6909
f 7653 7652 7661
f 7651 7652 7653
f 7654 7651 7653
f 7655 7651 7654
f 6373 6383 6378
f 6373 6375 6383
f 7655 9853 7651
f 7635 9853 7655
f 6374 6375 6373
f 6374 6376 6375
f 7619 7620 7618
f 7620 7635 7618
f 7620 9853 7635
f 7615 7619 7618
f 6384 6376 6374
f 6384 6381 6376
f 7619 7621 7620
f 7646 7621 7619
f 7615 7646 7619
f 7612 7646 7615
f 6720 6381 6384
f 6720 6409 6381
f 7612 10059 7646
f 7610 10059 7612
f 6263 6409 6720
f 6263 6258 6409
f 7610 7639 10059
f 7606 7639 7610
f 6262 6258 6263
f 6262 6259 6258
f 7606 7605 7639
f 7603 7605 7606
f 117 116 6264
f 6259 117 6264
f 6262 117 6259
f 116 6265 6264
f 7944 7604 7602
f 7604 7603 7602
f 7604 7605 7603
f 7569 7944 7602
f 115 116 117
f 115 6266 116
f 6266 6265 116
f 6266 6267 6265
f 7944 9742 7604
f 10177 9742 7944
f 7569 10177 7944
f 7485 10177 7569
f 6268 6267 6266
f 6268 7094 6267
f 7485 7445 10177
f 7464 7445 7485
f 6271 7094 6268
f 6271 6715 7094
f 7448 7442 7484
f 7442 7464 7484
f 7442 7445 7464
f 10196 7448 7484
f 6273 6715 6271
f 6273 126 6715
f 7448 7447 7442
f 7570 7447 7448
f 10196 7570 7448
f 10341 7570 10196
f 124 126 6273
f 124 6273 6276
f 6276 6278 124
f 124 6278 6242
f 10341 9900 7570
f 7534 9900 10341
f 7121 6242 6278
f 7121 6237 6242
f 7534 7535 9900
f 7526 7535 7534
f 6818 6237 7121
f 6818 6238 6237
f 7526 7528 7535
f 7527 7528 7526
f 6294 6238 6818
f 6294 6831 6238
f 7527 7529 7528
f 7531 7529 7527
f 6334 6998 7143
f 6831 6334 7143
f 6294 6334 6831
f 6998 6816 7143
f 7257 10357 10510
f 10357 7531 10510
f 10357 7529 7531
f 7276 7257 10510
f 6711 6998 6334
f 6711 6496 6998
f 6496 6816 6998
f 6496 6815 6816
f 7255 7364 7257
f 7257 7364 10357
f 7257 7276 7256
f 7257 7256 7255
f 6718 6815 6496
f 6718 7197 6815
f 7255 7253 7364
f 7252 7253 7255
f 7256 7252 7255
f 7258 7252 7256
f 6486 7197 6718
f 6486 6721 7197
f 7258 7812 7252
f 10197 7812 7258
f 6485 6721 6486
f 6485 6573 6721
f 7237 7239 7243
f 7239 10197 7243
f 7239 7812 10197
f 7238 7237 7243
f 6598 7183 6574
f 6573 6598 6574
f 6485 6598 6573
f 7183 6575 6574
f 7237 7236 7239
f 7234 7236 7237
f 7238 7234 7237
f 7241 7234 7238
f 6456 6457 7183
f 6456 7183 6598
f 6575 7183 6458
f 6458 7183 6457
f 7241 7233 7234
f 9925 7233 7241
f 6454 6457 6456
f 6454 6455 6457
f 6455 6458 6457
f 6455 6459 6458
f 9925 9964 7233
f 7599 9964 9925
f 6509 6459 6455
f 6509 6507 6459
f 7595 7596 7594
f 7596 7599 7594
f 7596 9964 7599
f 7592 7595 7594
f 4683 6507 6509
f 4683 4686 6507
f 7595 7597 7596
f 7598 7597 7595
f 7592 7598 7595
f 9494 7598 7592
f 4685 4686 4683
f 4685 4683 4684
f 4684 7049 4685
f 4685 7049 4688
f 9494 8379 7598
f 8380 8379 9494
f 4692 4688 7049
f 4692 4691 4688
f 8380 8377 8379
f 8382 8377 8380
f 4693 4691 4692
f 4693 4695 4691
f 10558 8376 10559
f 8376 8382 10559
f 8376 8377 8382
f 8113 10558 10559
f 6865 4695 4693
f 6865 132 4695
f 10558 8383 8376
f 10557 8383 10558
f 8113 10557 10558
f 8106 10557 8113
f 5000 4947 130
f 132 5000 130
f 6865 5000 132
f 4947 4948 130
f 8106 8119 10557
f 8107 8119 8106
f 4946 4947 5000
f 4946 4934 4947
f 4934 4948 4947
f 4934 6685 4948
f 8107 8110 8119
f 8109 8110 8107
f 4945 6685 4934
f 4945 6738 6685
f 8109 8118 8110
f 8112 8118 8109
f 7100 6738 4945
f 7100 5002 6738
f 10188 10251 10463
f 10251 8112 10463
f 10251 8118 8112
f 8144 10188 10463
f 6938 5002 7100
f 6938 4996 5002
f 8167 8475 10188
f 10188 8475 10251
f 10188 8144 8233
f 10188 8233 8167
f 4891 4996 6938
f 4891 6938 4900
f 4900 4899 4891
f 4891 4899 4890
f 8167 8166 8475
f 8162 8166 8167
f 8233 8162 8167
f 8159 8162 8233
f 4901 4890 4899
f 4901 6975 4890
f 8159 8161 8162
f 8160 8161 8159
f 4963 6975 4901
f 4963 6978 6975
f 8417 8168 8239
f 8168 8160 8239
f 8168 8161 8160
f 8418 8417 8239
f 4909 118 120
f 6978 4909 120
f 4963 4909 6978
f 118 119 120
f 8417 8428 8168
f 8419 8428 8417
f 8418 8419 8417
f 8420 8419 8418
f 4908 118 4909
f 4908 6955 118
f 6955 119 118
f 6955 4840 119
f 8420 8429 8419
f 8423 8429 8420
f 4822 4840 6955
f 4822 6959 4840
f 10508 9866 9613
f 9866 8423 9613
f 9866 8429 8423
f 8546 10508 9613
f 4815 6959 4822
f 4815 4817 6959
f 10508 9811 9866
f 8534 9811 10508
f 8546 8534 10508
f 8531 8534 8546
f 4816 4817 4815
f 4816 4818 4817
f 8531 8533 8534
f 8532 8533 8531
f 4819 4982 5209
f 4818 4819 5209
f 4816 4819 4818
f 4982 4972 5209
f 8532 8535 8533
f 8536 8535 8532
f 4983 4982 4819
f 4983 4980 4982
f 4980 4972 4982
f 4980 4974 4972
f 8536 8538 8535
f 8539 8538 8536
f 4981 4974 4980
f 4981 4976 4974
f 8539 8542 8538
f 8543 8542 8539
f 6822 4976 4981
f 6822 5201 4976
f 122 8544 123
f 8544 8543 123
f 8544 8542 8543
f 121 122 123
f 7106 5197 5192
f 5201 7106 5192
f 6822 7106 5201
f 5197 5189 5192
f 122 9736 8544
f 9737 9736 122
f 121 9737 122
f 10112 9737 121
f 6577 5197 7106
f 6577 5195 5197
f 5195 5189 5197
f 5195 5188 5189
f 10112 9008 9737
f 8984 9008 10112
f 6963 5188 5195
f 6963 5194 5188
f 8984 8986 9008
f 8985 8986 8984
f 5346 5194 6963
f 5346 7182 5194
f 8865 10195 8866
f 10195 8985 8866
f 10195 8986 8985
f 8837 8865 8866
f 5349 5436 5438
f 7182 5349 5438
f 5346 5349 7182
f 5436 5441 5438
f 8865 8937 10195
f 8838 8937 8865
f 8837 8838 8865
f 8836 8838 8837
f 5430 5436 5349
f 5430 5437 5436
f 5437 5441 5436
f 5437 6667 5441
f 8836 8839 8838
f 8972 8839 8836
f 6605 6667 5437
f 6605 6099 6667
f 8972 8843 8839
f 8904 8843 8972
f 6814 6099 6605
f 6814 6100 6099
f 8920 8894 8977
f 8894 8904 8977
f 8894 8843 8904
f 8911 8920 8977
f 6705 6100 6814
f 6705 6848 6100
f 8920 9068 8894
f 8919 9068 8920
f 8911 8919 8920
f 8918 8919 8911
f 6112 6848 6705
f 6112 6110 6848
f 8918 8921 8919
f 10464 8921 8918
f 6111 6110 6112
f 6111 6112 6563
f 6563 5462 6111
f 6111 5462 6935
f 10464 8924 8921
f 8926 8924 10464
f 5454 6935 5462
f 5454 5459 6935
f 8926 8925 8924
f 8927 8925 8926
f 5455 5459 5454
f 5455 5458 5459
f 8931 11797 9349
f 9349 11797 10392
f 9349 8925 8927
f 9349 8927 8931
f 5457 5458 5455
f 5457 5460 5458
f 11226 11225 11328
f 11328 11225 11240
f 11650 11328 11669
f 11650 11226 11328
f 11669 10392 11797
f 11669 11797 11650
f 11356 5460 5457
f 11356 5457 11355
f 11355 11351 11356
f 11356 11351 11709
f 11664 11756 11216
f 11216 11756 11695
f 11214 11216 11210
f 11214 11664 11216
f 11213 11210 11211
f 11213 11214 11210
f 11215 11211 11321
f 11215 11213 11211
f 11221 11321 11227
f 11221 11215 11321
f 11227 11240 11225
f 11227 11225 11221
f 11341 11709 11351
f 11341 11351 11350
f 11350 11340 11341
f 11341 11340 11339
f 11168 11427 11174
f 11174 11427 11242
f 11167 11174 11178
f 11167 11168 11174
f 11658 11178 11184
f 11658 11167 11178
f 11320 11184 11192
f 11320 11658 11184
f 11649 11192 11206
f 11649 11320 11192
f 11206 11695 11756
f 11206 11756 11649
f 11317 11339 11340
f 11317 11340 11719
f 11800 11337 11505
f 11337 11719 11505
f 11337 11317 11719
f 11565 11591 11800
f 11591 11337 11800
f 11591 11788 11337
f 11182 11591 11590
f 11182 11788 11591
f 11181 11590 11775
f 11181 11182 11590
f 11775 11242 11427
f 11775 11427 11181
f 11504 11800 11505
f 11800 11504 11565
f 354 356 357
f 354 357 358
f 357 361 360
f 356 361 357
f 477 360 361
f 477 361 10422
f 342 339 396
f 342 396 397
f 396 344 392
f 339 344 396
f 392 348 355
f 344 348 392
f 358 355 354
f 354 355 348
f 10422 10421 477
f 477 10421 478
f 10419 478 10421
f 10419 10421 10423
f 453 403 463
f 400 462 463
f 403 400 463
f 386 400 403
f 397 400 342
f 342 400 386
f 10423 1337 10419
f 10419 1337 10420
f 1333 10420 1337
f 1333 1337 1330
f 453 463 4382
f 4379 453 4382
f 4383 453 4379
f 4382 463 462
f 1330 1331 1333
f 1333 1331 1339
f 1335 1339 1331
f 1335 1331 1318
f 4377 4383 4379
f 4377 4462 4383
f 1318 1334 1335
f 1322 1334 1318
f 4375 4462 4377
f 4375 4376 4462
f 1322 1328 1334
f 1326 1328 1322
f 4373 4376 4375
f 4373 4384 4376
f 1326 1329 1328
f 1323 1329 1326
f 4465 4384 4373
f 4465 4389 4384
f 1323 1332 1329
f 1324 1332 1323
f 4359 4389 4465
f 4359 4465 4261
f 4261 4255 4359
f 4359 4255 4257
f 1324 1325 1332
f 1332 1325 10058
f 9431 10058 1325
f 9431 1325 1336
f 4254 4257 4255
f 4254 4259 4257
f 1336 9429 9431
f 9431 9429 9428
f 9427 9428 9429
f 9427 9429 9430
f 4265 4259 4254
f 4265 4498 4259
f 9430 9433 9427
f 9427 9433 9426
f 9426 10219 9409
f 9433 10219 9426
f 9081 9409 10219
f 9081 10219 9077
f 4264 4363 4423
f 4264 4423 4237
f 4265 4423 4498
f 4498 4423 4363
f 9077 9075 9081
f 9081 9075 114
f 9074 114 9075
f 9074 9075 9073
f 4263 4264 4237
f 4263 4267 4264
f 9073 9072 9074
f 9071 9072 9073
f 4370 4274 4270
f 4274 4267 4270
f 4267 4269 4270
f 4267 4263 4269
f 9071 8504 9072
f 9072 8504 10307
f 8502 10307 8504
f 8502 8504 8503
f 4370 4270 4271
f 4273 4370 4271
f 4447 4370 4273
f 4271 4270 4269
f 8503 8498 8502
f 10399 8498 8503
f 4277 4447 4273
f 4277 6793 4447
f 10399 8500 8498
f 9787 8500 10399
f 4278 6793 4277
f 4278 6791 6793
f 9787 10472 8500
f 8500 10472 8499
f 8087 8499 10472
f 8087 10472 8076
f 4279 6791 4278
f 4279 6795 6791
f 8076 8068 8087
f 8070 8068 8076
f 4279 4282 7102
f 6786 4279 7102
f 6795 4279 6786
f 4284 7102 4282
f 8070 8069 8068
f 8071 8069 8070
f 6797 6786 7102
f 7102 4284 6797
f 4284 6781 6797
f 4284 6798 6781
f 8071 8072 8069
f 8073 8072 8071
f 6780 6781 6798
f 6780 6779 6781
f 8073 9600 8072
f 8072 9600 10543
f 10057 10543 9600
f 10057 9600 10211
f 6778 6779 6780
f 6778 6777 6779
f 7810 7811 10336
f 7811 10211 10336
f 7811 10057 10211
f 7921 7810 10336
f 4506 6777 6778
f 4506 6775 6777
f 7810 7809 7811
f 7806 7809 7810
f 7921 7806 7810
f 7689 7806 7921
f 6774 6775 4506
f 6774 4506 6773
f 6773 6402 6774
f 6774 6402 6400
f 7662 7664 7663
f 7664 7689 7663
f 7664 7806 7689
f 7657 7662 7663
f 6909 6400 6402
f 6909 6399 6400
f 7662 8451 7664
f 7654 8451 7662
f 7657 7654 7662
f 7656 7654 7657
f 6383 6399 6909
f 6383 6908 6399
f 7656 7655 7654
f 7660 7655 7656
f 6375 6908 6383
f 6375 6377 6908
f 7617 7635 9962
f 7635 7660 9962
f 7635 7655 7660
f 7616 7617 9962
f 6376 6377 6375
f 6376 6379 6377
f 7617 7618 7635
f 7615 7618 7617
f 7616 7615 7617
f 7613 7615 7616
f 6381 6379 6376
f 6381 6257 6379
f 7613 7612 7615
f 7611 7612 7613
f 6409 6257 6381
f 6409 6255 6257
f 7611 7610 7612
f 7608 7610 7611
f 6258 6255 6409
f 6258 6256 6255
f 7608 7606 7610
f 7607 7606 7608
f 6259 6261 6260
f 6256 6259 6260
f 6258 6259 6256
f 6261 7015 6260
f 7607 7603 7606
f 138 7603 7607
f 6264 6261 6259
f 6264 6265 6261
f 6265 7015 6261
f 6265 6802 7015
f 138 137 7603
f 7603 137 7602
f 7569 7602 137
f 7569 137 7564
f 6267 6802 6265
f 6267 6244 6802
f 7564 7485 7569
f 7486 7485 7564
f 7094 6244 6267
f 7094 6222 6244
f 10238 7464 7487
f 7464 7486 7487
f 7464 7485 7486
f 7489 10238 7487
f 6715 6228 6243
f 6222 6715 6243
f 7094 6715 6222
f 6228 6226 6243
f 10238 7484 7464
f 10196 7484 10238
f 7489 10196 10238
f 7491 10196 7489
f 126 125 6228
f 126 6228 6715
f 6226 6228 6227
f 6227 6228 125
f 7491 10341 10196
f 7537 10341 7491
f 124 125 126
f 124 6242 125
f 6242 6227 125
f 6242 6232 6227
f 7537 7534 10341
f 7522 7534 7537
f 6237 6232 6242
f 6237 6234 6232
f 7522 7526 7534
f 7524 7526 7522
f 6238 6234 6237
f 6238 6236 6234
f 7532 7527 7538
f 7527 7524 7538
f 7527 7526 7524
f 10453 7532 7538
f 6831 7129 6241
f 6236 6831 6241
f 6238 6831 6236
f 7129 7187 6241
f 7533 7531 7532
f 7532 7531 7527
f 7532 10453 10165
f 7532 10165 7533
f 7143 7129 6831
f 7143 6816 7129
f 6816 7187 7129
f 6816 6951 7187
f 7533 10510 7531
f 7276 10510 7533
f 10165 7276 7533
f 7260 7276 10165
f 6815 6951 6816
f 6815 7186 6951
f 7260 7256 7276
f 7259 7256 7260
f 7197 7186 6815
f 7197 6597 7186
f 7259 7258 7256
f 7274 7258 7259
f 6721 6571 6576
f 6597 6721 6576
f 7197 6721 6597
f 6571 6569 6576
f 7274 10197 7258
f 10233 10197 7274
f 6573 6572 6571
f 6573 6571 6721
f 6569 6571 6567
f 6567 6571 6572
f 10233 10426 10197
f 10197 10426 7243
f 7238 7243 10426
f 7238 10426 10012
f 6574 6572 6573
f 6574 6575 6572
f 6575 6567 6572
f 6575 6648 6567
f 10012 7241 7238
f 10372 7241 10012
f 6458 6648 6575
f 6458 6729 6648
f 10372 9925 7241
f 7590 9925 10372
f 6459 6729 6458
f 6459 7184 6729
f 7593 7599 9972
f 7599 7590 9972
f 7599 9925 7590
f 7587 7593 9972
f 6507 7184 6459
f 6507 6517 7184
f 7593 7594 7599
f 7592 7594 7593
f 7587 7592 7593
f 7591 7592 7587
f 4686 4687 6506
f 6517 4686 6506
f 6507 4686 6517
f 4687 4689 6506
f 7591 9494 7592
f 10537 9494 7591
f 4685 4687 4686
f 4685 4688 4687
f 4688 4689 4687
f 4688 4690 4689
f 10537 8380 9494
f 9864 8380 10537
f 4691 4690 4688
f 4691 4694 4690
f 9748 8382 9749
f 8382 9864 9749
f 8382 8380 9864
f 8120 9748 9749
f 4695 127 129
f 4694 4695 129
f 4691 4695 4694
f 127 128 129
f 9748 10559 8382
f 8113 10559 9748
f 8120 8113 9748
f 8104 8113 8120
f 132 131 127
f 132 127 4695
f 128 127 5046
f 5046 127 131
f 8104 8106 8113
f 8105 8106 8104
f 130 131 132
f 130 4948 131
f 4948 5046 131
f 4948 5047 5046
f 8105 8107 8106
f 8108 8107 8105
f 6685 5047 4948
f 6685 7127 5047
f 8108 8109 8107
f 8111 8109 8108
f 6738 7127 6685
f 6738 6644 7127
f 9899 8112 8143
f 8112 8111 8143
f 8112 8109 8111
f 8121 9899 8143
f 5002 4877 4878
f 6644 5002 4878
f 6738 5002 6644
f 4877 4875 4878
f 9899 10463 8112
f 8144 10463 9899
f 8121 8144 9899
f 8138 8144 8121
f 4996 4879 4877
f 4996 4877 5002
f 4875 4877 4874
f 4874 4877 4879
f 8138 8233 8144
f 8152 8233 8138
f 4891 4879 4996
f 4891 4890 4879
f 4890 4874 4879
f 4890 4897 4874
f 8152 8159 8233
f 8154 8159 8152
f 6975 4897 4890
f 6975 4844 4897
f 8432 8160 8169
f 8160 8154 8169
f 8160 8159 8154
f 8424 8432 8169
f 6978 4912 6192
f 4844 6978 6192
f 6975 6978 4844
f 4912 4835 6192
f 8432 8239 8160
f 8418 8239 8432
f 8424 8418 8432
f 8421 8418 8424
f 120 4912 6978
f 120 119 4912
f 119 4835 4912
f 119 4833 4835
f 8421 8420 8418
f 8422 8420 8421
f 4840 4833 119
f 4840 4831 4833
f 134 8423 135
f 8423 8422 135
f 8423 8420 8422
f 133 134 135
f 6959 4831 4840
f 6959 4828 4831
f 134 9613 8423
f 8546 9613 134
f 133 8546 134
f 8526 8546 133
f 4817 4828 6959
f 4817 4827 4828
f 8526 8531 8546
f 8528 8531 8526
f 4818 4970 4911
f 4827 4818 4911
f 4817 4818 4827
f 4970 4971 4911
f 8528 8532 8531
f 8541 8532 8528
f 5209 4970 4818
f 5209 4972 4970
f 4972 4971 4970
f 4972 4973 4971
f 8541 8536 8532
f 8540 8536 8541
f 4974 4973 4972
f 4974 4975 4973
f 8540 8539 8536
f 8552 8539 8540
f 4976 5895 4977
f 4975 4976 4977
f 4974 4976 4975
f 5895 7189 4977
f 9087 8543 10567
f 8543 8552 10567
f 8543 8539 8552
f 9985 9087 10567
f 5201 5191 5895
f 5201 5895 4976
f 7189 5895 5190
f 5190 5895 5191
f 9087 123 8543
f 121 123 9087
f 9985 121 9087
f 8969 121 9985
f 5192 5191 5201
f 5192 5189 5191
f 5189 5190 5191
f 5189 5187 5190
f 8969 10112 121
f 8964 10112 8969
f 5188 5187 5189
f 5188 5185 5187
f 8964 8984 10112
f 8983 8984 8964
f 5194 5185 5188
f 5194 5186 5185
f 8983 8985 8984
f 10031 8985 8983
f 7182 5186 5194
f 7182 6713 5186
f 10031 9012 8985
f 8985 9012 8866
f 8837 8866 9012
f 8837 9012 8834
f 6903 6713 7182
f 6903 7182 5438
f 5438 5441 6903
f 6903 5441 6105
f 8834 8836 8837
f 8835 8836 8834
f 6667 6105 5441
f 6667 6097 6105
f 8835 8972 8836
f 10353 8972 8835
f 6099 6097 6667
f 6099 6095 6097
f 8944 8904 10013
f 8904 10353 10013
f 8904 8972 10353
f 8910 8944 10013
f 6100 6095 6099
f 6100 6093 6095
f 8944 8977 8904
f 8911 8977 8944
f 8910 8911 8944
f 8909 8911 8910
f 6848 6093 6100
f 6848 6113 6093
f 8909 8918 8911
f 9005 8918 8909
f 6110 6091 6087
f 6113 6110 6087
f 6848 6110 6113
f 6091 6078 6087
f 9005 10464 8918
f 10237 10464 9005
f 6111 6091 6110
f 6111 6935 6091
f 6935 6078 6091
f 6935 6079 6078
f 10237 8926 10464
f 8928 8926 10237
f 5459 6079 6935
f 5459 7185 6079
f 8928 8927 8926
f 8929 8927 8928
f 5458 7185 5459
f 5458 5461 7185
f 11690 11729 8931
f 8931 11729 11797
f 8931 8927 8929
f 8931 8929 11690
f 5460 5464 5463
f 5461 5460 5463
f 5458 5460 5461
f 5464 5465 5463
f 11224 11225 11226
f 11224 11226 11602
f 11226 11603 11602
f 11226 11650 11603
f 11650 11797 11729
f 11650 11729 11603
f 11356 5464 5460
f 11356 11709 5464
f 11709 5465 5464
f 11709 11599 5465
f 11647 11646 11664
f 11664 11646 11756
f 11740 11664 11214
f 11740 11647 11664
f 11298 11214 11213
f 11298 11740 11214
f 11219 11213 11215
f 11219 11298 11213
f 11220 11215 11221
f 11220 11219 11215
f 11221 11225 11224
f 11223 11221 11224
f 11220 11221 11223
f 11223 11224 11602
f 11343 11599 11709
f 11343 11709 11341
f 11341 11339 11343
f 11343 11339 11342
f 11169 11170 11168
f 11168 11170 11427
f 11166 11168 11167
f 11166 11169 11168
f 11165 11167 11658
f 11165 11166 11167
f 11180 11658 11320
f 11180 11165 11658
f 11644 11320 11649
f 11644 11180 11320
f 11649 11756 11646
f 11649 11646 11644
f 11316 11342 11339
f 11316 11339 11317
f 11188 11317 11337
f 11188 11316 11317
f 11186 11337 11788
f 11186 11188 11337
f 11177 11788 11182
f 11177 11186 11788
f 11173 11182 11181
f 11173 11177 11182
f 11181 11427 11170
f 11181 11170 11173
f 349 362 356
f 349 356 354
f 362 427 442
f 361 362 442
f 356 362 361
f 442 10422 361
f 340 337 339
f 340 339 342
f 339 338 344
f 337 338 339
f 344 346 348
f 338 346 344
f 354 348 349
f 349 348 346
f 427 436 442
f 442 436 10422
f 436 10421 10422
f 436 1343 10421
f 10423 10421 1343
f 10423 1343 10424
f 424 320 403
f 424 403 453
f 403 345 386
f 320 345 403
f 342 386 340
f 340 386 345
f 10424 1320 10423
f 10423 1320 1337
f 1330 1337 1320
f 1330 1320 1310
f 4383 424 453
f 4383 4453 424
f 1331 1330 1319
f 1330 1288 1319
f 1330 1310 1288
f 1319 1318 1331
f 4462 4453 4383
f 4462 4410 4453
f 1288 1308 1319
f 1318 1319 1308
f 1307 1318 1308
f 1322 1318 1307
f 4376 4410 4462
f 4376 4387 4410
f 1307 1326 1322
f 1314 1326 1307
f 4384 4387 4376
f 4384 4388 4387
f 1314 1323 1326
f 1313 1323 1314
f 4389 4491 4390
f 4388 4389 4390
f 4384 4389 4388
f 4491 4361 4390
f 1313 1324 1323
f 1286 1324 1313
f 4359 4491 4389
f 4359 4257 4491
f 4257 4361 4491
f 4257 4262 4361
f 1286 1321 1324
f 1324 1321 1325
f 1336 1325 1321
f 1336 1321 1327
f 4259 4262 4257
f 4259 2297 4262
f 1327 2277 1336
f 1336 2277 9429
f 9430 9429 2277
f 9430 2277 2278
f 4498 2297 4259
f 4498 4365 2297
f 2278 2281 9430
f 9430 2281 9433
f 9433 2280 10219
f 2281 2280 9433
f 9077 10219 2280
f 9077 2280 9078
f 4268 4364 4363
f 4268 4363 4264
f 4498 4363 4365
f 4365 4363 4364
f 9078 9076 9077
f 9077 9076 9075
f 9073 9075 9076
f 9073 9076 9438
f 4267 4268 4264
f 4267 10737 4268
f 9438 9071 9073
f 9083 9071 9438
f 4370 10735 4274
f 10735 10736 4274
f 10736 4267 4274
f 10736 10737 4267
f 9083 9070 9071
f 9071 9070 8504
f 8503 8504 9070
f 8503 9070 9082
f 6794 10734 10735
f 4370 6794 10735
f 4447 6794 4370
f 10735 10734 10736
f 9082 10399 8503
f 9778 10399 9082
f 6793 6794 4447
f 6793 6792 6794
f 9778 9787 10399
f 9779 9787 9778
f 6791 6788 6790
f 6792 6791 6790
f 6793 6791 6792
f 6788 6789 6790
f 9779 9786 9787
f 9787 9786 10472
f 8076 10472 9786
f 8076 9786 10541
f 6795 6785 6788
f 6795 6788 6791
f 6789 6788 6787
f 6787 6788 6785
f 10541 8070 8076
f 8075 8070 10541
f 6786 6784 6785
f 6786 6785 6795
f 6787 6785 6783
f 6783 6785 6784
f 8075 8071 8070
f 8074 8071 8075
f 6797 6784 6786
f 6797 6781 6784
f 6781 6783 6784
f 6781 6782 6783
f 8074 8073 8071
f 8077 8073 8074
f 6779 6782 6781
f 6779 6800 6782
f 8077 10210 8073
f 8073 10210 9600
f 10211 9600 10210
f 10211 10210 10400
f 6777 6800 6779
f 6777 6804 6800
f 10336 10211 10324
f 10211 10325 10324
f 10211 10400 10325
f 10324 7921 10336
f 6775 6776 6801
f 6804 6775 6801
f 6777 6775 6804
f 6776 7213 6801
f 10325 10323 10324
f 7921 10324 10323
f 10180 7921 10323
f 7689 7921 10180
f 6774 6776 6775
f 6774 6400 6776
f 6400 7213 6776
f 6400 6396 7213
f 10180 8434 7689
f 7689 8434 7663
f 7657 7663 8434
f 7657 8434 7658
f 6399 6396 6400
f 6399 6392 6396
f 7658 7656 7657
f 7659 7656 7658
f 6908 6392 6399
f 6908 6382 6392
f 7659 7660 7656
f 10448 7660 7659
f 6377 6382 6908
f 6377 6380 6382
f 10448 10022 7660
f 7660 10022 9962
f 7616 9962 10022
f 7616 10022 7649
f 6379 6380 6377
f 6379 6408 6380
f 7649 7613 7616
f 7614 7613 7649
f 6257 6408 6379
f 6257 6253 6408
f 7614 7611 7613
f 7648 7611 7614
f 6255 6253 6257
f 6255 6254 6253
f 7648 7608 7611
f 7609 7608 7648
f 6256 6422 6407
f 6254 6256 6407
f 6255 6256 6254
f 6422 6217 6407
f 7941 7607 7640
f 7607 7609 7640
f 7607 7608 7609
f 7994 7941 7640
f 6260 6422 6256
f 6260 7015 6422
f 7015 6217 6422
f 7015 6214 6217
f 136 138 7941
f 7941 138 7607
f 7941 7994 9966
f 7941 9966 136
f 6802 6214 7015
f 6802 6215 6214
f 136 137 138
f 7564 137 136
f 9966 7564 136
f 7575 7564 9966
f 6244 6215 6802
f 6244 6219 6215
f 7575 7486 7564
f 7550 7486 7575
f 6222 6219 6244
f 6222 6221 6219
f 7550 7488 7486
f 7486 7488 7487
f 7489 7487 7488
f 7489 7488 7490
f 6223 6221 6222
f 6223 6222 6243
f 6243 6226 6223
f 6223 6226 6225
f 7490 7491 7489
f 7492 7491 7490
f 6227 6225 6226
f 6227 6229 6225
f 7492 7537 7491
f 7495 7537 7492
f 6232 6229 6227
f 6232 6233 6229
f 7523 7522 7521
f 7522 7495 7521
f 7522 7537 7495
f 7525 7523 7521
f 6234 6233 6232
f 6234 6235 6233
f 10413 7524 7523
f 7523 7524 7522
f 7523 7525 9971
f 7523 9971 10413
f 6236 6240 6239
f 6235 6236 6239
f 6234 6236 6235
f 6240 5583 6239
f 10413 7538 7524
f 10453 7538 10413
f 9971 10453 10413
f 10469 10453 9971
f 6241 6240 6236
f 6241 7187 6240
f 7187 5583 6240
f 7187 5576 5583
f 10469 10165 10453
f 7273 10165 10469
f 6951 5576 7187
f 6951 5579 5576
f 7273 7260 10165
f 7261 7260 7273
f 7186 5579 6951
f 7186 6949 5579
f 7261 7259 7260
f 7262 7259 7261
f 6597 6581 7124
f 6949 6597 7124
f 7186 6597 6949
f 6581 6570 7124
f 7262 7274 7259
f 7268 7274 7262
f 6576 6581 6597
f 6576 6569 6581
f 6569 6570 6581
f 6569 6565 6570
f 10377 10233 7275
f 10233 7268 7275
f 10233 7274 7268
f 7271 10377 7275
f 6567 6565 6569
f 6567 5532 6565
f 10377 10426 10233
f 10012 10426 10377
f 7271 10012 10377
f 7278 10012 7271
f 6648 5532 6567
f 6648 5527 5532
f 7278 10372 10012
f 7326 10372 7278
f 6729 5527 6648
f 6729 5826 5527
f 7588 7590 7589
f 7590 7326 7589
f 7590 10372 7326
f 7586 7588 7589
f 7184 5826 6729
f 7184 6707 5826
f 7588 9972 7590
f 7587 9972 7588
f 7586 7587 7588
f 7585 7587 7586
f 6517 6889 6994
f 6707 6517 6994
f 7184 6517 6707
f 6889 5842 6994
f 7585 7591 7587
f 7693 7591 7585
f 6506 6889 6517
f 6506 4689 6889
f 4689 5842 6889
f 4689 6503 5842
f 7693 10537 7591
f 9984 10537 7693
f 4690 6503 4689
f 4690 7160 6503
f 9750 9864 10539
f 9864 9984 10539
f 9864 10537 9984
f 9854 9750 10539
f 4694 7160 4690
f 4694 5078 7160
f 9750 9749 9864
f 8120 9749 9750
f 9854 8120 9750
f 8102 8120 9854
f 5073 5078 4694
f 5073 4694 129
f 129 128 5073
f 5073 128 5049
f 8102 8104 8120
f 8103 8104 8102
f 5046 5049 128
f 5046 5048 5049
f 8103 8105 8104
f 8139 8105 8103
f 5047 5048 5046
f 5047 6769 5048
f 8139 8108 8105
f 8114 8108 8139
f 7127 6769 5047
f 7127 6590 6769
f 8116 8111 8115
f 8111 8114 8115
f 8111 8108 8114
f 8117 8116 8115
f 6644 5044 7095
f 6590 6644 7095
f 7127 6644 6590
f 5044 4876 7095
f 8116 8143 8111
f 8121 8143 8116
f 8117 8121 8116
f 8122 8121 8117
f 4878 5044 6644
f 4878 4875 5044
f 4875 4876 5044
f 4875 4850 4876
f 8122 8138 8121
f 8151 8138 8122
f 4874 4850 4875
f 4874 4848 4850
f 8151 8152 8138
f 8153 8152 8151
f 4897 4848 4874
f 4897 4845 4848
f 10133 8154 8155
f 8154 8153 8155
f 8154 8152 8153
f 8238 10133 8155
f 4844 4845 4897
f 4844 4843 4845
f 10133 8169 8154
f 8424 8169 10133
f 8238 8424 10133
f 8425 8424 8238
f 4836 4843 4844
f 4836 4844 6192
f 6192 4835 4836
f 4836 4835 4834
f 8425 8421 8424
f 8426 8421 8425
f 4833 4834 4835
f 4833 4832 4834
f 8426 8422 8421
f 9648 8422 8426
f 4831 4832 4833
f 4831 4830 4832
f 9648 8427 8422
f 8422 8427 135
f 133 135 8427
f 133 8427 8524
f 4828 4830 4831
f 4828 4829 4830
f 8524 8526 133
f 8525 8526 8524
f 4827 6526 4839
f 4829 4827 4839
f 4828 4827 4829
f 6526 6820 4839
f 8525 8528 8526
f 10503 8528 8525
f 4911 6526 4827
f 4911 4971 6526
f 4971 6820 6526
f 4971 4990 6820
f 10503 8541 8528
f 9961 8541 10503
f 4973 4990 4971
f 4973 4978 4990
f 9961 8540 8541
f 10502 8540 9961
f 4975 4978 4973
f 4975 4979 4978
f 10502 8552 8540
f 9067 8552 10502
f 5004 4979 4975
f 5004 4975 4977
f 4977 7189 5004
f 5004 7189 6981
f 9067 9041 8552
f 8552 9041 10567
f 9985 10567 9041
f 9985 9041 8965
f 5190 6981 7189
f 5190 5193 6981
f 8965 8969 9985
f 8962 8969 8965
f 5187 5193 5190
f 5187 5184 5193
f 8962 8964 8969
f 8963 8964 8962
f 5185 5184 5187
f 5185 5183 5184
f 8963 8983 8964
f 10414 8983 8963
f 5186 5183 5185
f 5186 5200 5183
f 8844 10031 8845
f 10031 10414 8845
f 10031 8983 10414
f 8832 8844 8845
f 6713 6108 6109
f 5200 6713 6109
f 5186 6713 5200
f 6108 6106 6109
f 8844 9012 10031
f 8834 9012 8844
f 8832 8834 8844
f 8831 8834 8832
f 6903 6108 6713
f 6903 6105 6108
f 6105 6106 6108
f 6105 6098 6106
f 8831 8835 8834
f 8863 8835 8831
f 6097 6098 6105
f 6097 6096 6098
f 8863 10353 8835
f 10139 10353 8863
f 6095 6096 6097
f 6095 6094 6096
f 10139 8975 10353
f 10353 8975 10013
f 8910 10013 8975
f 8910 8975 8906
f 6093 6081 6092
f 6094 6093 6092
f 6095 6093 6094
f 6081 6082 6092
f 8906 8909 8910
f 8907 8909 8906
f 6113 6080 6081
f 6113 6081 6093
f 6082 6081 6077
f 6077 6081 6080
f 8915 9005 8913
f 9005 8907 8913
f 9005 8909 8907
f 8914 8915 8913
f 6087 6080 6113
f 6087 6078 6080
f 6078 6077 6080
f 6078 6076 6077
f 8945 10237 8915
f 8915 10237 9005
f 8915 8914 8916
f 8915 8916 8945
f 6079 6076 6078
f 6079 6089 6076
f 144 143 8945
f 143 10237 8945
f 143 8928 10237
f 144 8945 8916
f 7185 6089 6079
f 7185 6745 6089
f 143 8929 8928
f 8930 8929 143
f 5461 6181 6700
f 6745 5461 6700
f 7185 5461 6745
f 6181 6603 6700
f 11680 11679 11690
f 11690 11679 11729
f 11690 8929 8930
f 11690 8930 11680
f 5463 6181 5461
f 5463 5465 6181
f 5465 6603 6181
f 5465 11593 6603
f 11677 11768 11603
f 11603 11768 11602
f 11603 11729 11679
f 11603 11679 11677
f 11599 11593 5465
f 11599 11659 11593
f 11648 11645 11647
f 11647 11645 11646
f 11652 11647 11740
f 11652 11648 11647
f 11231 11740 11298
f 11231 11652 11740
f 11228 11298 11219
f 11228 11231 11298
f 11222 11219 11220
f 11222 11228 11219
f 11241 11220 11223
f 11241 11222 11220
f 11223 11602 11768
f 11223 11768 11241
f 11790 11659 11599
f 11790 11599 11343
f 11343 11342 11790
f 11790 11342 11133
f 11172 11171 11169
f 11169 11171 11170
f 11348 11169 11166
f 11348 11172 11169
f 11163 11166 11165
f 11163 11348 11166
f 11164 11165 11180
f 11164 11163 11165
f 11179 11180 11644
f 11179 11164 11180
f 11644 11646 11645
f 11644 11645 11179
f 11364 11133 11342
f 11364 11342 11316
f 11315 11316 11188
f 11315 11364 11316
f 11187 11188 11186
f 11187 11315 11188
f 11185 11186 11177
f 11185 11187 11186
f 11175 11177 11173
f 11175 11185 11177
f 11173 11170 11171
f 11173 11171 11175
f 349 350 362
f 350 427 362
f 341 335 337
f 341 337 340
f 337 336 338
f 335 336 337
f 338 343 346
f 336 343 338
f 349 346 350
f 346 347 350
f 346 343 347
f 350 347 427
f 347 436 427
f 347 443 436
f 443 1315 1338
f 1343 443 1338
f 436 443 1343
f 1338 10424 1343
f 394 319 320
f 394 320 424
f 320 316 345
f 319 316 320
f 340 345 341
f 341 345 316
f 1315 1316 1338
f 1316 1306 1309
f 1316 1309 1320
f 1338 1316 1320
f 10424 1338 1320
f 1309 1310 1320
f 4406 4451 4452
f 4451 394 4452
f 394 4453 4452
f 394 424 4453
f 1306 1298 1309
f 1310 1309 1298
f 1273 1310 1298
f 1288 1310 1273
f 4406 4452 4466
f 4406 4466 4403
f 4410 4466 4453
f 4453 4466 4452
f 1308 1288 1289
f 1288 1274 1289
f 1288 1273 1274
f 1289 1307 1308
f 4402 4403 4466
f 4466 4410 4402
f 4410 4391 4402
f 4410 4387 4391
f 1289 1274 1303
f 1303 1274 1256
f 1303 1314 1307
f 1303 1307 1289
f 4388 4391 4387
f 4388 4392 4391
f 1256 1258 1303
f 1314 1303 1258
f 1262 1314 1258
f 1313 1314 1262
f 4449 4392 4388
f 4449 4388 4390
f 4390 4361 4449
f 4449 4361 4369
f 1262 1286 1313
f 1269 1286 1262
f 4262 4369 4361
f 4262 2295 4369
f 1321 1286 1317
f 1286 1312 1317
f 1286 1269 1312
f 1317 1327 1321
f 2297 2295 4262
f 2297 2291 2295
f 1312 2261 1317
f 1317 2261 1327
f 2261 2277 1327
f 2261 2262 2277
f 2278 2277 2262
f 2278 2262 2275
f 4365 2291 2297
f 4365 10573 2291
f 2275 2276 2278
f 2278 2276 2281
f 2276 2267 2279
f 2280 2276 2279
f 2281 2276 2280
f 2279 9078 2280
f 4268 10741 4364
f 10741 10575 4364
f 10575 4365 4364
f 10575 10573 4365
f 2267 2268 2279
f 2268 2270 9079
f 2268 9079 9076
f 2279 2268 9076
f 9078 2279 9076
f 9079 9438 9076
f 10738 10742 10741
f 4268 10738 10741
f 10737 10738 4268
f 10741 10742 10575
f 2270 2274 9079
f 9438 9079 2274
f 2273 9438 2274
f 9083 9438 2273
f 10736 10738 10737
f 10736 10739 10738
f 9070 9083 9314
f 9083 9640 9314
f 9083 2273 9640
f 9314 9082 9070
f 6794 10673 10734
f 10673 10753 10734
f 10753 10736 10734
f 10753 10739 10736
f 9640 9751 9314
f 9082 9314 9751
f 9777 9082 9751
f 9778 9082 9777
f 6792 10672 10673
f 6792 10673 6794
f 10753 10673 10655
f 10655 10673 10672
f 9777 9779 9778
f 9780 9779 9777
f 6790 10672 6792
f 6790 6789 10672
f 6789 10655 10672
f 6789 10654 10655
f 9786 9779 9785
f 9779 9781 9785
f 9779 9780 9781
f 9785 10541 9786
f 6787 10654 6789
f 6787 6796 10654
f 9781 9789 9785
f 10541 9785 9789
f 10098 10541 9789
f 8075 10541 10098
f 6783 6796 6787
f 6783 6799 6796
f 10098 8074 8075
f 8081 8074 10098
f 6782 6799 6783
f 6782 6876 6799
f 8081 8077 8074
f 8082 8077 8081
f 6800 6876 6782
f 6800 7076 6876
f 8082 8086 8077
f 8077 8086 10210
f 10400 10210 8086
f 10400 8086 10262
f 6804 7076 6800
f 6804 7069 7076
f 10262 10325 10400
f 10263 10325 10262
f 7214 7069 6804
f 7214 6804 6801
f 6801 7213 7214
f 7214 7213 6397
f 10263 10544 10325
f 10325 10544 10323
f 10180 10323 10544
f 10180 10544 9929
f 6396 6397 7213
f 6396 6393 6397
f 9929 7666 10180
f 10180 7666 8434
f 7658 8434 7666
f 7658 7666 7665
f 6392 6393 6396
f 6392 6391 6393
f 7665 7659 7658
f 7667 7659 7665
f 6382 6391 6392
f 6382 6387 6391
f 10328 10448 10000
f 10448 7667 10000
f 10448 7659 7667
f 7677 10328 10000
f 6380 6387 6382
f 6380 6401 6387
f 10328 10022 10448
f 7649 10022 10328
f 7677 7649 10328
f 10020 7649 7677
f 6408 6401 6380
f 6408 6251 6401
f 10020 7614 7649
f 10415 7614 10020
f 6253 6251 6408
f 6253 6250 6251
f 10415 7648 7614
f 7643 7648 10415
f 6254 6905 6424
f 6250 6254 6424
f 6253 6254 6250
f 6905 6216 6424
f 7643 7609 7648
f 7642 7609 7643
f 6407 6905 6254
f 6407 6217 6905
f 6217 6216 6905
f 6217 6212 6216
f 7642 7641 7609
f 7609 7641 7640
f 7994 7640 7641
f 7994 7641 10370
f 6214 6212 6217
f 6214 6213 6212
f 10370 9966 7994
f 9906 9966 10370
f 6215 6213 6214
f 6215 6218 6213
f 9906 7575 9966
f 9905 7575 9906
f 6219 6218 6215
f 6219 6220 6218
f 9905 7550 7575
f 10175 7550 9905
f 6221 6224 7044
f 6220 6221 7044
f 6219 6221 6220
f 6224 6231 7044
f 10175 7572 7550
f 7550 7572 7488
f 7490 7488 7572
f 7490 7572 7493
f 6223 6224 6221
f 6223 6225 6224
f 6225 6231 6224
f 6225 6230 6231
f 7493 7492 7490
f 7494 7492 7493
f 6229 6230 6225
f 6229 6717 6230
f 7520 7495 7496
f 7495 7494 7496
f 7495 7492 7494
f 9642 7520 7496
f 6233 6717 6229
f 6233 5591 6717
f 7520 7521 7495
f 7525 7521 7520
f 9642 7525 7520
f 9594 7525 9642
f 6235 6892 6698
f 5591 6235 6698
f 6233 6235 5591
f 6892 5578 6698
f 9594 9971 7525
f 9596 9971 9594
f 6239 6892 6235
f 6239 5583 6892
f 5583 5578 6892
f 5583 5575 5578
f 9596 10469 9971
f 10257 10469 9596
f 5576 5575 5583
f 5576 5559 5575
f 10257 7273 10469
f 7264 7273 10257
f 5579 5559 5576
f 5579 5556 5559
f 7264 7261 7273
f 7263 7261 7264
f 6949 7014 5585
f 5556 6949 5585
f 5579 6949 5556
f 7014 5823 5585
f 7267 7262 7265
f 7262 7263 7265
f 7262 7261 7263
f 7945 7267 7265
f 7124 7014 6949
f 7124 6570 7014
f 6570 5823 7014
f 6570 6837 5823
f 7269 7268 7267
f 7267 7268 7262
f 7267 7945 7270
f 7267 7270 7269
f 6565 6837 6570
f 6565 5530 6837
f 7269 7275 7268
f 7271 7275 7269
f 7270 7271 7269
f 7277 7271 7270
f 5532 5530 6565
f 5532 5525 5530
f 7277 7278 7271
f 7279 7278 7277
f 5527 5525 5532
f 5527 5523 5525
f 7279 7326 7278
f 7282 7326 7279
f 5826 5523 5527
f 5826 5521 5523
f 7282 10056 7326
f 7326 10056 7589
f 7586 7589 10056
f 7586 10056 7584
f 6707 6878 5827
f 5521 6707 5827
f 5826 6707 5521
f 6878 5518 5827
f 7584 7585 7586
f 7582 7585 7584
f 6994 6878 6707
f 6994 5842 6878
f 5842 5518 6878
f 5842 5834 5518
f 7582 7693 7585
f 7581 7693 7582
f 6503 5834 5842
f 6503 5836 5834
f 8149 9984 8095
f 9984 7581 8095
f 9984 7693 7581
f 8096 8149 8095
f 7160 5836 6503
f 7160 6185 5836
f 8149 10539 9984
f 9854 10539 8149
f 8096 9854 8149
f 8098 9854 8096
f 5078 5071 5072
f 6185 5078 5072
f 7160 5078 6185
f 5071 5051 5072
f 8098 8102 9854
f 8101 8102 8098
f 5073 5071 5078
f 5073 5049 5071
f 5049 5051 5071
f 5049 5050 5051
f 8101 8103 8102
f 10143 8103 8101
f 5048 5050 5049
f 5048 5075 5050
f 10143 8139 8103
f 10221 8139 10143
f 6769 5075 5048
f 6769 6589 5075
f 8467 8114 8231
f 8114 10221 8231
f 8114 8139 10221
f 8124 8467 8231
f 6590 139 141
f 6589 6590 141
f 6769 6590 6589
f 139 140 141
f 8467 8115 8114
f 8117 8115 8467
f 8124 8117 8467
f 8123 8117 8124
f 7095 139 6590
f 7095 4876 139
f 4876 140 139
f 4876 4892 140
f 8123 8122 8117
f 10018 8122 8123
f 4850 4892 4876
f 4850 4849 4892
f 10018 8151 8122
f 8229 8151 10018
f 4848 4849 4850
f 4848 4847 4849
f 8156 8153 8157
f 8153 8229 8157
f 8153 8151 8229
f 8158 8156 8157
f 4845 4847 4848
f 4845 4846 4847
f 8156 8155 8153
f 8238 8155 8156
f 8158 8238 8156
f 9470 8238 8158
f 4843 4841 6993
f 4846 4843 6993
f 4845 4843 4846
f 4841 4842 6993
f 9470 8425 8238
f 9827 8425 9470
f 4836 4841 4843
f 4836 4834 4841
f 4834 4842 4841
f 4834 4837 4842
f 9827 8426 8425
f 10289 8426 9827
f 4832 4837 4834
f 4832 4838 4837
f 10321 9648 10053
f 9648 10289 10053
f 9648 8426 10289
f 8522 10321 10053
f 4830 4898 6764
f 4838 4830 6764
f 4832 4830 4838
f 4898 5475 6764
f 10321 8427 9648
f 8524 8427 10321
f 8522 8524 10321
f 8523 8524 8522
f 4829 5501 4898
f 4829 4898 4830
f 5475 4898 5476
f 5476 4898 5501
f 8523 8525 8524
f 8527 8525 8523
f 4839 5501 4829
f 4839 6820 5501
f 6820 5476 5501
f 6820 5487 5476
f 8527 10503 8525
f 9054 10503 8527
f 4990 5487 6820
f 4990 6772 5487
f 9054 9961 10503
f 9051 9961 9054
f 4978 6772 4990
f 4978 4991 6772
f 9051 10502 9961
f 9040 10502 9051
f 4979 4993 4992
f 4991 4979 4992
f 4978 4979 4991
f 4993 4994 4992
f 9037 9067 9038
f 9067 9040 9038
f 9067 10502 9040
f 9014 9037 9038
f 5004 4993 4979
f 5004 6981 4993
f 6981 4994 4993
f 6981 6658 4994
f 9037 9041 9067
f 8965 9041 9037
f 9014 8965 9037
f 8961 8965 9014
f 5193 6658 6981
f 5193 6834 6658
f 8961 8962 8965
f 8960 8962 8961
f 5184 6834 5193
f 5184 5178 6834
f 8960 8963 8962
f 8987 8963 8960
f 5183 5178 5184
f 5183 5179 5178
f 8974 10414 10179
f 10414 8987 10179
f 10414 8963 8987
f 8833 8974 10179
f 5200 6531 5182
f 5179 5200 5182
f 5183 5200 5179
f 6531 5198 5182
f 8974 8845 10414
f 8832 8845 8974
f 8833 8832 8974
f 8830 8832 8833
f 6109 6531 5200
f 6109 6106 6531
f 6106 5198 6531
f 6106 6107 5198
f 8830 8831 8832
f 8828 8831 8830
f 6098 6107 6106
f 6098 6660 6107
f 8828 8863 8831
f 8829 8863 8828
f 6096 6660 6098
f 6096 6101 6660
f 8934 10139 9007
f 10139 8829 9007
f 10139 8863 8829
f 8892 8934 9007
f 6094 7135 6102
f 6101 6094 6102
f 6096 6094 6101
f 7135 6117 6102
f 8934 8975 10139
f 8906 8975 8934
f 8892 8906 8934
f 8905 8906 8892
f 6092 7135 6094
f 6092 6082 7135
f 6082 6117 7135
f 6082 6088 6117
f 8905 8907 8906
f 8908 8907 8905
f 6077 6088 6082
f 6077 6072 6088
f 8908 8912 8907
f 8907 8912 8913
f 8914 8913 8912
f 8914 8912 8917
f 6076 6072 6077
f 6076 6070 6072
f 8917 8916 8914
f 10494 8916 8917
f 6089 6070 6076
f 6089 6068 6070
f 142 143 144
f 9453 142 144
f 8916 9453 144
f 10494 9453 8916
f 6745 7181 6114
f 6068 6745 6114
f 6089 6745 6068
f 7181 6065 6114
f 9449 8932 142
f 8932 143 142
f 8932 8930 143
f 9449 142 9453
f 6700 7181 6745
f 6700 6603 7181
f 6603 6065 7181
f 6603 6762 6065
f 11681 11678 11680
f 11680 11678 11679
f 11680 8930 8932
f 11680 8932 11681
f 11593 6762 6603
f 11593 11580 6762
f 11237 11236 11696
f 11768 11677 11696
f 11677 11237 11696
f 11677 11676 11237
f 11677 11679 11678
f 11677 11678 11676
f 11659 11134 11131
f 11580 11659 11131
f 11593 11659 11580
f 11134 11130 11131
f 11160 11190 11697
f 11645 11648 11697
f 11648 11160 11697
f 11648 11732 11160
f 11763 11648 11652
f 11763 11732 11648
f 11238 11652 11231
f 11238 11763 11652
f 11230 11231 11228
f 11230 11238 11231
f 11229 11228 11222
f 11229 11230 11228
f 11241 11696 11236
f 11229 11241 11236
f 11222 11241 11229
f 11696 11241 11768
f 11790 11134 11659
f 11790 11133 11134
f 11133 11130 11134
f 11133 11132 11130
f 11587 11176 11172
f 11172 11176 11171
f 11701 11172 11348
f 11701 11587 11172
f 11158 11348 11163
f 11158 11701 11348
f 11157 11163 11164
f 11157 11158 11163
f 11179 11697 11190
f 11157 11179 11190
f 11164 11179 11157
f 11697 11179 11645
f 11484 11132 11133
f 11484 11133 11364
f 11782 11364 11315
f 11782 11484 11364
f 11338 11315 11187
f 11338 11782 11315
f 11314 11187 11185
f 11314 11338 11187
f 11600 11185 11175
f 11600 11314 11185
f 11175 11171 11176
f 11175 11176 11600
f 341 334 335
f 335 334 333
f 332 335 333
f 336 335 332
f 336 374 343
f 332 374 336
f 343 393 347
f 374 393 343
f 347 468 443
f 393 468 347
f 1315 443 468
f 1315 468 1300
f 408 329 401
f 319 394 401
f 329 319 401
f 315 319 329
f 319 311 316
f 315 311 319
f 341 316 334
f 316 313 334
f 316 311 313
f 334 313 333
f 1316 1315 1305
f 1315 1302 1305
f 1315 1300 1302
f 1305 1306 1316
f 408 401 4451
f 4406 408 4451
f 4405 408 4406
f 4451 401 394
f 1302 1297 1305
f 1297 1265 1272
f 1297 1272 1298
f 1305 1297 1298
f 1306 1305 1298
f 1272 1273 1298
f 4403 4405 4406
f 4403 4404 4405
f 1272 1265 1271
f 1271 1265 1266
f 1271 1274 1273
f 1271 1273 1272
f 4401 4404 4403
f 4401 4403 4402
f 4402 4391 4401
f 4401 4391 4393
f 1266 1255 1271
f 1274 1271 1255
f 1249 1274 1255
f 1256 1274 1249
f 4392 4393 4391
f 4392 4394 4393
f 1258 1256 1257
f 1256 1245 1257
f 1256 1249 1245
f 1257 1262 1258
f 4425 4394 4392
f 4425 4392 4449
f 4449 4369 4425
f 4425 4369 2296
f 1257 1245 1247
f 1247 1245 1246
f 1247 1269 1262
f 1247 1262 1257
f 2295 2296 4369
f 2295 2290 2296
f 1246 1301 1247
f 1269 1247 1301
f 1311 1269 1301
f 1312 1269 1311
f 2291 2289 2286
f 2290 2291 2286
f 2295 2291 2290
f 2289 2285 2286
f 1311 2233 1312
f 1312 2233 2261
f 2233 2248 2263
f 2262 2233 2263
f 2261 2233 2262
f 2263 2275 2262
f 10573 10572 2289
f 10573 2289 2291
f 2285 2289 10568
f 10568 2289 10572
f 2248 2245 2263
f 2263 2245 2275
f 2245 2276 2275
f 2245 2246 2276
f 2267 2276 2246
f 2267 2246 2251
f 10574 10705 10572
f 10573 10574 10572
f 10575 10574 10573
f 10572 10705 10568
f 2251 2252 2267
f 2267 2252 2268
f 2270 2268 2252
f 2270 2252 2255
f 10738 10740 10742
f 10740 10775 10742
f 10775 10575 10742
f 10775 10574 10575
f 2255 2253 2270
f 2270 2253 2274
f 2273 2274 2253
f 2273 2253 2260
f 10739 10749 10740
f 10739 10740 10738
f 10775 10740 10663
f 10663 10740 10749
f 2260 9640 2273
f 2259 9640 2260
f 10671 10649 10749
f 10739 10671 10749
f 10753 10671 10739
f 10749 10649 10663
f 2259 2257 9640
f 9640 2257 9751
f 9777 9751 2257
f 9777 2257 9913
f 10655 10671 10753
f 10655 10652 10671
f 9913 9780 9777
f 9782 9780 9913
f 10654 10724 10653
f 10652 10654 10653
f 10655 10654 10652
f 10724 10640 10653
f 9782 9781 9780
f 9783 9781 9782
f 10643 10641 10724
f 10654 10643 10724
f 6796 10643 10654
f 10724 10641 10640
f 9789 9781 9790
f 9781 9994 9790
f 9781 9783 9994
f 9790 10098 9789
f 6799 10694 10693
f 10643 6799 10693
f 6796 6799 10643
f 10694 10733 10693
f 9994 8090 9790
f 10098 9790 8090
f 8083 10098 8090
f 8081 10098 8083
f 6876 10695 10694
f 6876 10694 6799
f 10733 10694 10703
f 10703 10694 10695
f 8083 8082 8081
f 2272 8082 8083
f 7076 7067 10695
f 7076 10695 6876
f 10703 10695 10696
f 10696 10695 7067
f 2272 8084 8082
f 8082 8084 8086
f 10262 8086 8084
f 10262 8084 9089
f 7069 7066 7067
f 7069 7067 7076
f 10696 7067 7065
f 7065 7067 7066
f 9089 10263 10262
f 10264 10263 9089
f 7214 7066 7069
f 7214 6397 7066
f 6397 7065 7066
f 6397 6395 7065
f 10264 10265 10263
f 10263 10265 10544
f 9929 10544 10265
f 9929 10265 8486
f 6393 6395 6397
f 6393 6394 6395
f 8486 8431 9929
f 9929 8431 7666
f 7665 7666 8431
f 7665 8431 7668
f 6391 6394 6393
f 6391 6398 6394
f 9048 7667 7669
f 7667 7668 7669
f 7667 7665 7668
f 7671 9048 7669
f 6387 6398 6391
f 6387 6505 6398
f 9048 10000 7667
f 7677 10000 9048
f 7671 7677 9048
f 7673 7677 7671
f 6401 6505 6387
f 6401 7041 6505
f 7673 10020 7677
f 7675 10020 7673
f 6251 6248 6252
f 7041 6251 6252
f 6401 6251 7041
f 6248 6249 6252
f 7675 10415 10020
f 7679 10415 7675
f 6250 6247 6248
f 6250 6248 6251
f 6249 6248 6246
f 6246 6248 6247
f 7644 7643 7937
f 7643 7679 7937
f 7643 10415 7679
f 7938 7644 7937
f 6424 6247 6250
f 6424 6216 6247
f 6216 6246 6247
f 6216 6211 6246
f 7645 7642 7644
f 7644 7642 7643
f 7644 7938 9919
f 7644 9919 7645
f 6212 6211 6216
f 6212 6210 6211
f 7645 7641 7642
f 10370 7641 7645
f 9919 10370 7645
f 9911 10370 9919
f 6213 6210 6212
f 6213 6867 6210
f 9911 9906 10370
f 9907 9906 9911
f 6218 6867 6213
f 6218 6245 6867
f 9912 9905 9908
f 9905 9907 9908
f 9905 9906 9907
f 10100 9912 9908
f 6220 6418 6417
f 6245 6220 6417
f 6218 6220 6245
f 6418 6419 6417
f 10445 10175 9912
f 9912 10175 9905
f 9912 10100 7517
f 9912 7517 10445
f 7044 6418 6220
f 7044 6231 6418
f 6231 6419 6418
f 6231 6958 6419
f 10445 7572 10175
f 7493 7572 10445
f 7517 7493 10445
f 7497 7493 7517
f 6230 6958 6231
f 6230 5596 6958
f 7497 7494 7493
f 7498 7494 7497
f 6717 5596 6230
f 6717 5590 5596
f 7498 7519 7494
f 7494 7519 7496
f 9642 7496 7519
f 9642 7519 9593
f 5591 5587 5588
f 5590 5591 5588
f 6717 5591 5590
f 5587 5584 5588
f 9593 9594 9642
f 9521 9594 9593
f 6698 5587 5591
f 6698 5578 5587
f 5578 5584 5587
f 5578 5577 5584
f 9521 9596 9594
f 9519 9596 9521
f 5575 5577 5578
f 5575 5574 5577
f 9519 10257 9596
f 9517 10257 9519
f 5559 5574 5575
f 5559 5555 5574
f 7272 7264 9977
f 7264 9517 9977
f 7264 10257 9517
f 9514 7272 9977
f 5556 145 147
f 5555 5556 147
f 5559 5556 5555
f 145 146 147
f 7266 7263 7272
f 7272 7263 7264
f 7272 9514 9647
f 7272 9647 7266
f 5585 145 5556
f 5585 5823 145
f 5823 146 145
f 5823 5581 146
f 7266 7265 7263
f 7945 7265 7266
f 9647 7945 7266
f 10117 7945 9647
f 6837 5581 5823
f 6837 7013 5581
f 10117 7270 7945
f 7332 7270 10117
f 5530 7013 6837
f 5530 5526 7013
f 7332 7277 7270
f 7280 7277 7332
f 5525 5526 5530
f 5525 5524 5526
f 7280 7279 7277
f 7281 7279 7280
f 5523 5524 5525
f 5523 5522 5524
f 7284 7282 7283
f 7282 7281 7283
f 7282 7279 7281
f 10240 7284 7283
f 5521 5519 5520
f 5522 5521 5520
f 5523 5521 5522
f 5519 5516 5520
f 7284 10056 7282
f 7584 10056 7284
f 10240 7584 7284
f 7583 7584 10240
f 5827 5519 5521
f 5827 5518 5519
f 5518 5516 5519
f 5518 5517 5516
f 7583 7582 7584
f 7580 7582 7583
f 5834 5517 5518
f 5834 5835 5517
f 7580 7581 7582
f 7579 7581 7580
f 5836 5835 5834
f 5836 6886 5835
f 7579 8094 7581
f 7581 8094 8095
f 8096 8095 8094
f 8096 8094 8097
f 6185 6702 6601
f 6886 6185 6601
f 5836 6185 6886
f 6702 5067 6601
f 8097 8098 8096
f 8099 8098 8097
f 5072 6702 6185
f 5072 5051 6702
f 5051 5067 6702
f 5051 5052 5067
f 8099 8101 8098
f 8147 8101 8099
f 5050 5052 5051
f 5050 5053 5052
f 8147 10143 8101
f 10097 10143 8147
f 5075 5053 5050
f 5075 6806 5053
f 8129 10221 8130
f 10221 10097 8130
f 10221 10143 10097
f 8126 8129 8130
f 6589 6806 5075
f 6589 6586 6806
f 8129 8231 10221
f 8124 8231 8129
f 8126 8124 8129
f 8125 8124 8126
f 6588 6586 6589
f 6588 6589 141
f 141 140 6588
f 6588 140 7033
f 8125 8123 8124
f 8142 8123 8125
f 4892 7033 140
f 4892 4852 7033
f 8142 10018 8123
f 10035 10018 8142
f 4849 4852 4892
f 4849 4851 4852
f 10046 8229 10151
f 8229 10035 10151
f 8229 10018 10035
f 9473 10046 10151
f 4847 4851 4849
f 4847 4895 4851
f 10046 8157 8229
f 8158 8157 10046
f 9473 8158 10046
f 9472 8158 9473
f 4846 7080 6864
f 4895 4846 6864
f 4847 4846 4895
f 7080 6742 6864
f 9472 9470 8158
f 9474 9470 9472
f 6993 7080 4846
f 6993 4842 7080
f 4842 6742 7080
f 4842 7092 6742
f 9474 9827 9470
f 10446 9827 9474
f 4837 7092 4842
f 4837 6863 7092
f 9311 10289 8554
f 10289 10446 8554
f 10289 9827 10446
f 8516 9311 8554
f 4838 6863 4837
f 4838 5471 6863
f 9311 10053 10289
f 8522 10053 9311
f 8516 8522 9311
f 8519 8522 8516
f 5473 5471 4838
f 5473 4838 6764
f 6764 5475 5473
f 5473 5475 5474
f 8519 8523 8522
f 8529 8523 8519
f 5476 5474 5475
f 5476 5477 5474
f 8529 8527 8523
f 9954 8527 8529
f 5487 5477 5476
f 5487 5480 5477
f 9954 9054 8527
f 9052 9054 9954
f 6772 5480 5487
f 6772 5483 5480
f 9052 9051 9054
f 9050 9051 9052
f 4991 5083 7149
f 5483 4991 7149
f 6772 4991 5483
f 5083 6681 7149
f 9050 9040 9051
f 9049 9040 9050
f 4992 5083 4991
f 4992 4994 5083
f 4994 6681 5083
f 4994 6657 6681
f 9049 9039 9040
f 9040 9039 9038
f 9014 9038 9039
f 9014 9039 9938
f 6658 6657 4994
f 6658 5177 6657
f 9938 8961 9014
f 8951 8961 9938
f 6834 5177 6658
f 6834 5175 5177
f 8951 8960 8961
f 8947 8960 8951
f 5178 5175 6834
f 5178 5176 5175
f 10232 8987 8973
f 8987 8947 8973
f 8987 8960 8947
f 9997 10232 8973
f 5179 5181 5180
f 5176 5179 5180
f 5178 5179 5176
f 5181 5196 5180
f 10232 10179 8987
f 8833 10179 10232
f 9997 8833 10232
f 8861 8833 9997
f 5182 5181 5179
f 5182 5198 5181
f 5198 5196 5181
f 5198 6187 5196
f 8861 8830 8833
f 8819 8830 8861
f 6107 6187 5198
f 6107 5296 6187
f 8819 8828 8830
f 8827 8828 8819
f 6660 5296 6107
f 6660 5304 5296
f 9011 8829 8846
f 8829 8827 8846
f 8829 8828 8827
f 8853 9011 8846
f 6101 5304 6660
f 6101 6104 5304
f 9011 9007 8829
f 8892 9007 9011
f 8853 8892 9011
f 8891 8892 8853
f 6103 6104 6101
f 6103 6101 6102
f 6102 6117 6103
f 6103 6117 6853
f 8891 8905 8892
f 10096 8905 8891
f 6088 6853 6117
f 6088 6075 6853
f 10462 8908 8967
f 8908 10096 8967
f 8908 8905 10096
f 8959 10462 8967
f 6072 6075 6088
f 6072 6071 6075
f 10462 8912 8908
f 8917 8912 10462
f 8959 8917 10462
f 8958 8917 8959
f 6070 6071 6072
f 6070 6069 6071
f 8958 10494 8917
f 10001 10494 8958
f 6068 6066 6067
f 6069 6068 6067
f 6070 6068 6069
f 6066 6064 6067
f 10001 9453 10494
f 9454 9453 10001
f 6114 6066 6068
f 6114 6065 6066
f 6065 6064 6066
f 6065 6058 6064
f 9451 9450 9449
f 9449 9450 8932
f 9449 9453 9454
f 9449 9454 9451
f 6762 6058 6065
f 6762 6059 6058
f 11682 11691 11681
f 11681 11691 11678
f 11681 8932 9450
f 11681 9450 11682
f 11580 6059 6762
f 11580 6748 6059
f 11239 11233 11237
f 11237 11233 11236
f 11675 11237 11676
f 11675 11239 11237
f 11676 11678 11691
f 11676 11691 11675
f 11129 6748 11580
f 11129 11580 11131
f 11131 11130 11129
f 11129 11130 11118
f 11159 11156 11160
f 11160 11156 11190
f 11245 11160 11732
f 11245 11159 11160
f 11277 11732 11763
f 11277 11245 11732
f 11707 11763 11238
f 11707 11277 11763
f 11235 11238 11230
f 11235 11707 11238
f 11232 11230 11229
f 11232 11235 11230
f 11229 11236 11233
f 11229 11233 11232
f 11132 11116 11430
f 11118 11132 11430
f 11130 11132 11118
f 11116 11111 11430
f 11589 11588 11587
f 11587 11588 11176
f 11703 11587 11701
f 11703 11589 11587
f 11162 11701 11158
f 11162 11703 11701
f 11155 11158 11157
f 11155 11162 11158
f 11157 11190 11156
f 11157 11156 11155
f 11484 11116 11132
f 11115 11111 11116
f 11484 11115 11116
f 11782 11115 11484
f 11761 11782 11338
f 11761 11115 11782
f 11716 11338 11314
f 11716 11761 11338
f 11769 11314 11600
f 11769 11716 11314
f 11600 11176 11588
f 11600 11588 11769
f 328 327 332
f 328 332 333
f 332 375 374
f 327 375 332
f 374 417 393
f 375 417 374
f 417 1294 1299
f 468 417 1299
f 393 417 468
f 1299 1300 468
f 385 330 329
f 385 329 408
f 329 317 315
f 330 317 329
f 315 314 311
f 317 314 315
f 311 312 313
f 314 312 311
f 333 313 328
f 328 313 312
f 1299 1294 1296
f 1296 1294 1295
f 1296 1302 1300
f 1296 1300 1299
f 4405 385 408
f 4405 4407 385
f 1295 1291 1296
f 1291 1263 1264
f 1291 1264 1297
f 1296 1291 1297
f 1302 1296 1297
f 1264 1265 1297
f 4404 4407 4405
f 4404 4409 4407
f 1264 1263 1254
f 1254 1263 1252
f 1254 1266 1265
f 1254 1265 1264
f 4486 4409 4404
f 4486 4404 4401
f 4401 4393 4486
f 4486 4393 4395
f 1252 1253 1254
f 1253 1238 1248
f 1253 1248 1255
f 1254 1253 1255
f 1266 1254 1255
f 1248 1249 1255
f 4394 4395 4393
f 4394 4396 4395
f 1248 1238 1242
f 1242 1238 1240
f 1242 1245 1249
f 1242 1249 1248
f 2298 4396 4394
f 2298 4394 4425
f 4425 2296 2298
f 2298 2296 2293
f 1239 1243 1241
f 1239 1241 1240
f 1241 1242 1240
f 1241 1244 1242
f 1244 1246 1245
f 1244 1245 1242
f 2290 2288 2292
f 2293 2290 2292
f 2296 2290 2293
f 2288 2287 2292
f 1243 1267 1241
f 1285 1284 1267
f 1284 1241 1267
f 1284 1244 1241
f 1290 1301 1246
f 1244 1290 1246
f 1284 1290 1244
f 1290 1311 1301
f 2286 2288 2290
f 2282 2284 2285
f 2285 2284 2286
f 2284 2287 2286
f 2287 2288 2286
f 2282 2283 2284
f 1285 2229 1284
f 1284 2229 1290
f 1290 2229 2228
f 2228 2227 2241
f 2228 2241 2233
f 1290 2228 2233
f 1311 1290 2233
f 2241 2248 2233
f 10568 10569 2282
f 10568 2282 2285
f 2283 2282 10570
f 10570 2282 10569
f 2227 2224 2241
f 2241 2224 2248
f 2224 2245 2248
f 2224 2244 2245
f 2244 2243 2247
f 2246 2244 2247
f 2245 2244 2246
f 2247 2251 2246
f 10574 10629 10705
f 10629 10755 10705
f 10705 10755 10568
f 10755 10571 10568
f 10571 10569 10568
f 10569 10571 10570
f 2243 2242 2247
f 2242 2218 2249
f 2242 2249 2252
f 2247 2242 2252
f 2251 2247 2252
f 2249 2255 2252
f 10775 10628 10629
f 10775 10629 10574
f 10755 10629 10627
f 10627 10629 10628
f 2218 2217 2249
f 2217 2216 2254
f 2217 2254 2253
f 2249 2217 2253
f 2255 2249 2253
f 2254 2260 2253
f 10700 10626 10628
f 10775 10700 10628
f 10663 10700 10775
f 10628 10626 10627
f 2254 2216 150
f 150 2216 148
f 150 2259 2260
f 150 2260 2254
f 10671 10648 10649
f 10648 10624 10649
f 10624 10663 10649
f 10624 10700 10663
f 148 149 150
f 149 2220 2256
f 149 2256 2257
f 150 149 2257
f 2259 150 2257
f 2256 9913 2257
f 10652 10650 10648
f 10652 10648 10671
f 10624 10648 10625
f 10625 10648 10650
f 2256 2220 2258
f 2258 2220 2223
f 2258 9782 9913
f 2258 9913 2256
f 10653 10650 10652
f 10653 10640 10650
f 10640 10625 10650
f 10640 10639 10625
f 2223 2264 2258
f 9782 2258 2264
f 9784 9782 2264
f 9783 9782 9784
f 10643 10642 10641
f 10642 10634 10641
f 10634 10640 10641
f 10634 10639 10640
f 9784 9994 9783
f 9788 9994 9784
f 10693 10642 10643
f 10693 10733 10642
f 10733 10634 10642
f 10733 10637 10634
f 8090 9994 8089
f 9994 2265 8089
f 9994 9788 2265
f 8089 8083 8090
f 10703 10637 10733
f 10703 10760 10637
f 2265 8088 8089
f 8083 8089 8088
f 2266 8083 8088
f 2272 8083 2266
f 10696 10760 10703
f 10696 10697 10760
f 8084 2272 8085
f 2272 2271 8085
f 2272 2266 2271
f 8085 9089 8084
f 7065 10697 10696
f 7065 10698 10697
f 2271 3974 8085
f 9089 8085 3974
f 3978 9089 3974
f 10264 9089 3978
f 6395 10709 10708
f 10698 6395 10708
f 7065 6395 10698
f 10709 10710 10708
f 3978 4000 10264
f 10264 4000 10265
f 8486 10265 4000
f 8486 4000 8485
f 6394 10719 10709
f 6394 10709 6395
f 10710 10709 10711
f 10711 10709 10719
f 8485 7688 8486
f 8486 7688 8431
f 7668 8431 7688
f 7668 7688 7967
f 6398 10751 10719
f 6398 10719 6394
f 10711 10719 10716
f 10716 10719 10751
f 7967 7670 7668
f 7668 7670 7669
f 7671 7669 7670
f 7671 7670 7672
f 6505 6421 10751
f 6505 10751 6398
f 10716 10751 6415
f 6415 10751 6421
f 7672 7673 7671
f 7674 7673 7672
f 7041 6659 6421
f 7041 6421 6505
f 6415 6421 6411
f 6411 6421 6659
f 7674 7675 7673
f 7678 7675 7674
f 6252 6659 7041
f 6252 6249 6659
f 6249 6411 6659
f 6249 6410 6411
f 10041 7679 7680
f 7679 7678 7680
f 7679 7675 7678
f 7976 10041 7680
f 6246 6410 6249
f 6246 6423 6410
f 10041 7937 7679
f 7938 7937 10041
f 7976 7938 10041
f 10146 7938 7976
f 6211 6423 6246
f 6211 6207 6423
f 10146 9919 7938
f 10460 9919 10146
f 6210 6207 6211
f 6210 6201 6207
f 9910 9911 10167
f 9911 10460 10167
f 9911 9919 10460
f 10168 9910 10167
f 6867 6201 6210
f 6867 6208 6201
f 9909 9907 9910
f 9910 9907 9911
f 9910 10168 7536
f 9910 7536 9909
f 6245 6208 6867
f 6245 6874 6208
f 9909 9908 9907
f 10100 9908 9909
f 7536 10100 9909
f 7504 10100 7536
f 6420 6874 6245
f 6420 6245 6417
f 6417 6419 6420
f 6420 6419 6426
f 7504 7517 10100
f 7501 7517 7504
f 6958 6426 6419
f 6958 6678 6426
f 7501 7497 7517
f 7499 7497 7501
f 5596 6678 6958
f 5596 5593 6678
f 7499 7498 7497
f 7500 7498 7499
f 5590 5593 5596
f 5590 5592 5593
f 7500 9848 7498
f 7498 9848 7519
f 9593 7519 9848
f 9593 9848 9522
f 5589 5592 5590
f 5589 5590 5588
f 5588 5584 5589
f 5589 5584 7018
f 9522 9521 9593
f 9520 9521 9522
f 5577 7018 5584
f 5577 5586 7018
f 9520 9519 9521
f 9518 9519 9520
f 5574 5586 5577
f 5574 5580 5586
f 9515 9517 9516
f 9517 9518 9516
f 9517 9519 9518
f 9513 9515 9516
f 5555 5554 5822
f 5580 5555 5822
f 5574 5555 5580
f 5554 5553 5822
f 9515 9977 9517
f 9514 9977 9515
f 9513 9514 9515
f 9511 9514 9513
f 147 5554 5555
f 147 146 5554
f 146 5553 5554
f 146 5552 5553
f 9511 9647 9514
f 9510 9647 9511
f 5581 5552 146
f 5581 5825 5552
f 9510 10117 9647
f 9598 10117 9510
f 7013 5825 5581
f 7013 5531 5825
f 9598 7332 10117
f 10368 7332 9598
f 5526 5531 7013
f 5526 5528 5531
f 10368 7280 7332
f 7361 7280 10368
f 5524 5534 5529
f 5528 5524 5529
f 5526 5524 5528
f 5534 6683 5529
f 7285 7281 7286
f 7281 7361 7286
f 7281 7280 7361
f 7287 7285 7286
f 5522 6608 5534
f 5522 5534 5524
f 6683 5534 5515
f 5515 5534 6608
f 7285 7283 7281
f 10240 7283 7285
f 7287 10240 7285
f 7324 10240 7287
f 5520 6608 5522
f 5520 5516 6608
f 5516 5515 6608
f 5516 5509 5515
f 7324 7583 10240
f 10241 7583 7324
f 5517 5509 5516
f 5517 6676 5509
f 10241 7580 7583
f 7360 7580 10241
f 5835 6676 5517
f 5835 5074 6676
f 8553 7579 7363
f 7579 7360 7363
f 7579 7580 7360
f 10306 8553 7363
f 6886 6600 5070
f 5074 6886 5070
f 5835 6886 5074
f 6600 5059 5070
f 8553 8094 7579
f 8097 8094 8553
f 10306 8097 8553
f 8100 8097 10306
f 6601 6600 6886
f 6601 5067 6600
f 5067 5059 6600
f 5067 5055 5059
f 8100 8099 8097
f 8146 8099 8100
f 5052 5055 5067
f 5052 5054 5055
f 8146 8147 8099
f 10271 8147 8146
f 5053 5054 5052
f 5053 5076 5054
f 10271 10097 8147
f 10496 10097 10271
f 6806 5076 5053
f 6806 6584 5076
f 10496 8135 10097
f 10097 8135 8130
f 8126 8130 8135
f 8126 8135 8127
f 6586 6587 6585
f 6584 6586 6585
f 6806 6586 6584
f 6587 6651 6585
f 8127 8125 8126
f 8128 8125 8127
f 6588 6587 6586
f 6588 7033 6587
f 7033 6651 6587
f 7033 4872 6651
f 8128 8142 8125
f 8141 8142 8128
f 4852 4872 7033
f 4852 4853 4872
f 8141 10035 8142
f 8150 10035 8141
f 4851 4853 4852
f 4851 4854 4853
f 8150 10230 10035
f 10035 10230 10151
f 9473 10151 10230
f 9473 10230 9821
f 4895 4854 4851
f 4895 4857 4854
f 9821 9472 9473
f 10049 9472 9821
f 6716 4857 4895
f 6716 4895 6864
f 6864 6742 6716
f 6716 6742 5005
f 10049 9474 9472
f 8266 9474 10049
f 7092 5005 6742
f 7092 5007 5005
f 8266 10446 9474
f 8263 10446 8266
f 6863 5007 7092
f 6863 5009 5007
f 8263 8512 10446
f 10446 8512 8554
f 8516 8554 8512
f 8516 8512 8513
f 5471 5472 5470
f 5009 5471 5470
f 6863 5471 5009
f 5472 5490 5470
f 8513 8519 8516
f 8520 8519 8513
f 5473 5472 5471
f 5473 5474 5472
f 5474 5490 5472
f 5474 5478 5490
f 8520 8529 8519
f 10485 8529 8520
f 5477 5478 5474
f 5477 5479 5478
f 10485 9954 8529
f 9055 9954 10485
f 5480 5479 5477
f 5480 5481 5479
f 9055 9052 9954
f 9053 9052 9055
f 5483 5489 5484
f 5481 5483 5484
f 5480 5483 5481
f 5489 5486 5484
f 9057 9050 9064
f 9050 9053 9064
f 9050 9052 9053
f 9060 9057 9064
f 7149 5489 5483
f 7149 6681 5489
f 6681 5486 5489
f 6681 7107 5486
f 9065 9049 9057
f 9057 9049 9050
f 9057 9060 9062
f 9057 9062 9065
f 6657 7107 6681
f 6657 5202 7107
f 9065 9039 9049
f 9938 9039 9065
f 9062 9938 9065
f 8952 9938 9062
f 5177 5202 6657
f 5177 5173 5202
f 8952 8951 9938
f 8948 8951 8952
f 5175 5173 5177
f 5175 5174 5173
f 8948 8947 8951
f 8946 8947 8948
f 5176 5199 7176
f 5174 5176 7176
f 5175 5176 5174
f 5199 6498 7176
f 8946 8826 8947
f 8947 8826 8973
f 9997 8973 8826
f 9997 8826 8817
f 5180 5199 5176
f 5180 5196 5199
f 5196 6498 5199
f 5196 5292 6498
f 8817 8861 9997
f 8815 8861 8817
f 6187 5292 5196
f 6187 5293 5292
f 8815 8819 8861
f 8814 8819 8815
f 5296 5293 6187
f 5296 5295 5293
f 8847 8827 8864
f 8827 8814 8864
f 8827 8819 8814
f 8854 8847 8864
f 5304 6652 5299
f 5295 5304 5299
f 5296 5304 5295
f 6652 5300 5299
f 8847 8846 8827
f 8853 8846 8847
f 8854 8853 8847
f 8855 8853 8854
f 6104 6144 6652
f 6104 6652 5304
f 5300 6652 5848
f 5848 6652 6144
f 8855 8891 8853
f 8989 8891 8855
f 6103 6144 6104
f 6103 6853 6144
f 6853 5848 6144
f 6853 5883 5848
f 8989 10096 8891
f 8893 10096 8989
f 6075 5883 6853
f 6075 6832 5883
f 8893 8966 10096
f 10096 8966 8967
f 8959 8967 8966
f 8959 8966 8940
f 6071 6832 6075
f 6071 6073 6832
f 9444 8958 8942
f 8958 8940 8942
f 8958 8959 8940
f 9317 9444 8942
f 6069 6137 6074
f 6073 6069 6074
f 6071 6069 6073
f 6137 6682 6074
f 9819 9457 9444
f 9457 8958 9444
f 9457 10001 8958
f 9819 9444 9317
f 6067 6137 6069
f 6067 6064 6137
f 6064 6682 6137
f 6064 6055 6682
f 9457 9454 10001
f 10244 9454 9457
f 6058 6055 6064
f 6058 6031 6055
f 9455 9452 9451
f 9451 9452 9450
f 9451 9454 10244
f 9451 10244 9455
f 6059 6031 6058
f 6059 6032 6031
f 11683 11684 11682
f 11682 11684 11691
f 11682 9450 9452
f 11682 9452 11683
f 6748 6607 6043
f 6032 6748 6043
f 6059 6748 6032
f 6607 6036 6043
f 11725 11234 11239
f 11239 11234 11233
f 11692 11239 11675
f 11692 11725 11239
f 11675 11691 11684
f 11675 11684 11692
f 11129 6607 6748
f 11129 11118 6607
f 11118 6036 6607
f 11118 11117 6036
f 11326 11154 11159
f 11159 11154 11156
f 11246 11159 11245
f 11246 11326 11159
f 11247 11245 11277
f 11247 11246 11245
f 11251 11277 11707
f 11251 11247 11277
f 11283 11707 11235
f 11283 11251 11707
f 11362 11235 11232
f 11362 11283 11235
f 11232 11233 11234
f 11232 11234 11362
f 11110 11117 11118
f 11110 11118 11430
f 11430 11111 11110
f 11110 11111 11109
f 11755 11667 11589
f 11589 11667 11588
f 11244 11589 11703
f 11244 11755 11589
f 11151 11703 11162
f 11151 11244 11703
f 11152 11162 11155
f 11152 11151 11162
f 11155 11156 11154
f 11155 11154 11152
f 11114 11109 11111
f 11114 11111 11115
f 11359 11115 11761
f 11359 11114 11115
f 11145 11761 11716
f 11145 11359 11761
f 11360 11716 11769
f 11360 11145 11716
f 11769 11588 11667
f 11769 11667 11360
f 322 325 327
f 322 327 328
f 327 384 375
f 325 384 327
f 384 473 474
f 417 384 474
f 375 384 417
f 474 1294 417
f 376 365 330
f 376 330 385
f 330 331 317
f 365 331 330
f 317 318 314
f 331 318 317
f 314 321 312
f 318 321 314
f 328 312 322
f 322 312 321
f 474 473 1293
f 1293 473 1287
f 1293 1295 1294
f 1293 1294 474
f 4407 376 385
f 4407 4408 376
f 1287 1292 1293
f 1292 1276 1270
f 1292 1270 1291
f 1293 1292 1291
f 1295 1293 1291
f 1270 1263 1291
f 4409 4408 4407
f 4409 4464 4408
f 1270 1276 1234
f 1234 1276 1228
f 1234 1252 1263
f 1234 1263 1270
f 4409 4486 4399
f 4411 4409 4399
f 4464 4409 4411
f 4395 4399 4486
f 1234 1228 1230
f 1230 1228 1217
f 1235 1253 1252
f 1234 1235 1252
f 1230 1235 1234
f 1235 1238 1253
f 4398 4411 4399
f 4399 4395 4398
f 4395 4397 4398
f 4395 4396 4397
f 1230 1217 1231
f 1231 1217 1236
f 1230 1232 1235
f 1230 1231 1232
f 1232 1240 1238
f 1232 1238 1235
f 2301 4397 4396
f 2301 4396 2298
f 2298 2293 2301
f 2301 2293 2300
f 2078 2079 2077
f 2075 2076 2077
f 2077 2076 2078
f 2076 2075 1236
f 2075 1231 1236
f 2075 1233 1231
f 1233 1243 1239
f 1232 1233 1239
f 1231 1233 1232
f 1232 1239 1240
f 2299 2300 2293
f 2299 2293 2292
f 2086 2294 2287
f 2294 2292 2287
f 2294 2299 2292
f 2083 2342 2086
f 2086 2342 2294
f 2342 2083 2079
f 2083 2077 2079
f 2083 2082 2077
f 2077 2080 2075
f 2077 2082 2080
f 2075 2081 1233
f 2075 2080 2081
f 1268 1267 1243
f 1233 1268 1243
f 2081 1268 1233
f 1268 1285 1267
f 2284 2086 2287
f 2086 2284 2283
f 2085 2086 2283
f 2083 2086 2085
f 2083 2084 2082
f 2083 2085 2084
f 2082 2087 2080
f 2082 2084 2087
f 2080 2232 2081
f 2080 2087 2232
f 2081 2231 1268
f 2081 2232 2231
f 2230 2229 1285
f 1268 2230 1285
f 2231 2230 1268
f 2226 2228 2229
f 2226 2229 2230
f 2226 2227 2228
f 10570 10576 2085
f 10570 2085 2283
f 10762 2084 10578
f 2084 10576 10578
f 2084 2085 10576
f 2084 10762 2087
f 2087 10762 2239
f 2087 2239 2232
f 2232 2239 2240
f 2232 2240 2231
f 2231 2240 2235
f 2231 2235 2230
f 2230 2235 2212
f 2230 2212 2226
f 2226 2212 2211
f 2211 151 153
f 2211 153 2224
f 2226 2211 2224
f 2227 2226 2224
f 2225 2244 2224
f 2225 2224 153
f 2225 2243 2244
f 10755 10772 10571
f 10772 10758 10571
f 10571 10758 10570
f 10758 10577 10570
f 10577 10576 10570
f 10576 10577 10578
f 151 152 153
f 153 152 2225
f 2225 152 2219
f 2219 2185 2213
f 2219 2213 2242
f 2225 2219 2242
f 2243 2225 2242
f 2213 2218 2242
f 10627 10773 10772
f 10627 10772 10755
f 10758 10772 10644
f 10644 10772 10773
f 2185 2182 2213
f 2182 2165 2196
f 2182 2196 2217
f 2213 2182 2217
f 2218 2213 2217
f 2196 2216 2217
f 10700 10598 10626
f 10598 10599 10626
f 10626 10599 10627
f 10599 10767 10627
f 10767 10773 10627
f 10773 10767 10644
f 2165 2164 2196
f 2216 2196 2164
f 2179 2216 2164
f 148 2216 2179
f 10624 10597 10598
f 10624 10598 10700
f 10599 10598 10596
f 10596 10598 10597
f 149 148 2197
f 148 2178 2197
f 148 2179 2178
f 2197 2220 149
f 10625 10647 10597
f 10625 10597 10624
f 10596 10597 10595
f 10595 10597 10647
f 2178 2177 2197
f 2220 2197 2177
f 2175 2220 2177
f 2223 2220 2175
f 10639 10632 10647
f 10639 10647 10625
f 10595 10647 10622
f 10622 10647 10632
f 2264 2223 2222
f 2223 2174 2222
f 2223 2175 2174
f 2222 9784 2264
f 10634 10633 10632
f 10634 10632 10639
f 10622 10632 10631
f 10631 10632 10633
f 2174 2172 2222
f 9784 2222 2172
f 2221 9784 2172
f 9788 9784 2221
f 10637 10636 10633
f 10637 10633 10634
f 10631 10633 10635
f 10635 10633 10636
f 2221 2265 9788
f 2198 2265 2221
f 10760 10706 10636
f 10760 10636 10637
f 10635 10636 10674
f 10674 10636 10706
f 8088 2265 2269
f 2265 2199 2269
f 2265 2198 2199
f 2269 2266 8088
f 10697 10699 10706
f 10697 10706 10760
f 10674 10706 10761
f 10761 10706 10699
f 2199 2214 2269
f 2266 2269 2214
f 2250 2266 2214
f 2271 2266 2250
f 10698 10725 10699
f 10698 10699 10697
f 10761 10699 10713
f 10713 10699 10725
f 2250 3703 2271
f 2271 3703 3974
f 3978 3974 3703
f 3978 3703 3701
f 10708 10725 10698
f 10708 10710 10725
f 10710 10713 10725
f 10710 10712 10713
f 3701 3706 3978
f 3978 3706 4000
f 3999 8484 8485
f 4000 3999 8485
f 3706 3999 4000
f 3684 8484 3999
f 10711 10712 10710
f 10711 10714 10712
f 8484 7688 8485
f 7686 10388 7967
f 7686 7967 7688
f 3684 7686 7688
f 8484 3684 7688
f 7684 10388 7686
f 10716 10714 10711
f 10716 3941 10714
f 10388 7670 7967
f 7672 7670 10388
f 7684 7672 10388
f 7676 7672 7684
f 6415 3941 10716
f 6415 6414 3941
f 7676 7674 7672
f 10021 7674 7676
f 6411 6414 6415
f 6411 6412 6414
f 7681 7678 7682
f 7678 10021 7682
f 7678 7674 10021
f 7683 7681 7682
f 6410 6412 6411
f 6410 6413 6412
f 7681 7680 7678
f 7976 7680 7681
f 7683 7976 7681
f 9846 7976 7683
f 6423 6413 6410
f 6423 7037 6413
f 9846 10146 7976
f 10108 10146 9846
f 6207 7037 6423
f 6207 6199 7037
f 10169 10460 10495
f 10460 10108 10495
f 10460 10146 10108
f 10398 10169 10495
f 6201 6199 6207
f 6201 6196 6199
f 10169 10167 10460
f 10168 10167 10169
f 10398 10168 10169
f 10234 10168 10398
f 6208 6196 6201
f 6208 6195 6196
f 10234 7536 10168
f 7505 7536 10234
f 6874 6427 6425
f 6195 6874 6425
f 6208 6874 6195
f 6427 6930 6425
f 7505 7504 7536
f 7503 7504 7505
f 6420 6427 6874
f 6420 6426 6427
f 6426 6930 6427
f 6426 5817 6930
f 7503 7501 7504
f 7502 7501 7503
f 6678 5817 6426
f 6678 5597 5817
f 7502 7499 7501
f 7516 7499 7502
f 5593 5597 6678
f 5593 5594 5597
f 9592 7500 10102
f 7500 7516 10102
f 7500 7499 7516
f 9524 9592 10102
f 5592 5831 5595
f 5594 5592 5595
f 5593 5592 5594
f 5831 7098 5595
f 9592 9848 7500
f 9522 9848 9592
f 9524 9522 9592
f 9523 9522 9524
f 5589 5831 5592
f 5589 7018 5831
f 7018 7098 5831
f 7018 6914 7098
f 9523 9520 9522
f 9595 9520 9523
f 5586 6914 7018
f 5586 6913 6914
f 9595 9518 9520
f 10254 9518 9595
f 5580 6913 5586
f 5580 7006 6913
f 10254 9597 9518
f 9518 9597 9516
f 9513 9516 9597
f 9513 9597 9512
f 5557 7006 5580
f 5557 5580 5822
f 5822 5553 5557
f 5557 5553 5551
f 9512 9511 9513
f 9509 9511 9512
f 5552 5551 5553
f 5552 5549 5551
f 9509 9510 9511
f 9507 9510 9509
f 5825 5549 5552
f 5825 5536 5549
f 9507 9598 9510
f 9439 9598 9507
f 5531 5536 5825
f 5531 5533 5536
f 7290 10368 9829
f 10368 9439 9829
f 10368 9598 9439
f 10150 7290 9829
f 5528 5535 5830
f 5533 5528 5830
f 5531 5528 5533
f 5535 5546 5830
f 7288 7361 7290
f 7290 7361 10368
f 7290 10150 7289
f 7290 7289 7288
f 5529 5535 5528
f 5529 6683 5535
f 6683 5546 5535
f 6683 6747 5546
f 7288 7286 7361
f 7287 7286 7288
f 7289 7287 7288
f 7291 7287 7289
f 5515 6747 6683
f 5515 5505 6747
f 7291 7324 7287
f 7294 7324 7291
f 5509 5505 5515
f 5509 5503 5505
f 7294 10241 7324
f 7359 10241 7294
f 6676 5503 5509
f 6676 5065 5503
f 7359 7360 10241
f 7358 7360 7359
f 5074 5062 5063
f 5065 5074 5063
f 6676 5074 5065
f 5062 5060 5063
f 7358 7362 7360
f 7360 7362 7363
f 10306 7363 7362
f 10306 7362 9883
f 5070 5062 5074
f 5070 5059 5062
f 5059 5060 5062
f 5059 5057 5060
f 9883 8100 10306
f 8170 8100 9883
f 5055 5057 5059
f 5055 5056 5057
f 8170 8146 8100
f 8171 8146 8170
f 5054 5056 5055
f 5054 5061 5056
f 8134 10271 8237
f 10271 8171 8237
f 10271 8146 8171
f 8137 8134 8237
f 5076 5061 5054
f 5076 6687 5061
f 8133 10496 8134
f 8134 10496 10271
f 8134 8137 8132
f 8134 8132 8133
f 6584 6583 6580
f 6687 6584 6580
f 5076 6584 6687
f 6583 4869 6580
f 8133 8135 10496
f 8127 8135 8133
f 8132 8127 8133
f 8131 8127 8132
f 6585 6583 6584
f 6585 6651 6583
f 6651 4869 6583
f 6651 4866 4869
f 8131 8128 8127
f 8140 8128 8131
f 4872 4866 6651
f 4872 4889 4866
f 8140 8141 8128
f 8145 8141 8140
f 4853 4889 4872
f 4853 4855 4889
f 8515 8150 8198
f 8150 8145 8198
f 8150 8141 8145
f 8200 8515 8198
f 4854 4855 4853
f 4854 4856 4855
f 8515 10230 8150
f 9821 10230 8515
f 8200 9821 8515
f 8256 9821 8200
f 4857 4967 4893
f 4856 4857 4893
f 4854 4857 4856
f 4967 4968 4893
f 8256 10049 9821
f 8257 10049 8256
f 6716 4967 4857
f 6716 5005 4967
f 5005 4968 4967
f 5005 5006 4968
f 8257 8266 10049
f 8259 8266 8257
f 5007 5006 5005
f 5007 5008 5006
f 8268 8263 8262
f 8263 8259 8262
f 8263 8266 8259
f 9839 8268 8262
f 5009 5469 5010
f 5008 5009 5010
f 5007 5009 5008
f 5469 6859 5010
f 8268 8512 8263
f 8513 8512 8268
f 9839 8513 8268
f 8521 8513 9839
f 5470 5469 5009
f 5470 5490 5469
f 5490 6859 5469
f 5490 6861 6859
f 8521 8520 8513
f 8551 8520 8521
f 5478 6861 5490
f 5478 5488 6861
f 8551 10485 8520
f 8566 10485 8551
f 5479 5488 5478
f 5479 5482 5488
f 9056 9055 9063
f 9055 8566 9063
f 9055 10485 8566
f 10037 9056 9063
f 5481 5485 5491
f 5482 5481 5491
f 5479 5481 5482
f 5485 6661 5491
f 9058 9053 9056
f 9056 9053 9055
f 9056 10037 9059
f 9056 9059 9058
f 5484 5485 5481
f 5484 5486 5485
f 5486 6661 5485
f 5486 6821 6661
f 9058 9064 9053
f 9060 9064 9058
f 9059 9060 9058
f 9061 9060 9059
f 7107 6821 5486
f 7107 5158 6821
f 9061 9062 9060
f 10025 9062 9061
f 5202 5158 7107
f 5202 5170 5158
f 10025 8952 9062
f 8950 8952 10025
f 5173 5170 5202
f 5173 5172 5170
f 8950 8948 8952
f 8949 8948 8950
f 5174 6521 5210
f 5172 5174 5210
f 5173 5174 5172
f 6521 7174 5210
f 8825 8946 8976
f 8946 8949 8976
f 8946 8948 8949
f 8818 8825 8976
f 7176 6521 5174
f 7176 6498 6521
f 6498 7174 6521
f 6498 5290 7174
f 8825 8826 8946
f 8817 8826 8825
f 8818 8817 8825
f 8816 8817 8818
f 5292 5290 6498
f 5292 5291 5290
f 8816 8815 8817
f 8813 8815 8816
f 5293 5291 5292
f 5293 5294 5291
f 8813 8814 8815
f 8812 8814 8813
f 5295 5298 5297
f 5294 5295 5297
f 5293 5295 5294
f 5298 5306 5297
f 8812 8851 8814
f 8814 8851 8864
f 8854 8864 8851
f 8854 8851 8856
f 5299 5298 5295
f 5299 5300 5298
f 5300 5306 5298
f 5300 5847 5306
f 8856 8855 8854
f 8857 8855 8856
f 5848 5847 5300
f 5848 5849 5847
f 8857 8989 8855
f 8867 8989 8857
f 5883 5849 5848
f 5883 5853 5849
f 9035 8893 8870
f 8893 8867 8870
f 8893 8989 8867
f 8871 9035 8870
f 6832 5853 5883
f 6832 6086 5853
f 9035 8966 8893
f 8940 8966 9035
f 8871 8940 9035
f 8939 8940 8871
f 6073 6083 6084
f 6086 6073 6084
f 6832 6073 6086
f 6083 6085 6084
f 8939 8941 8940
f 8940 8941 8942
f 9317 8942 8941
f 9317 8941 10239
f 6074 6083 6073
f 6074 6682 6083
f 6682 6085 6083
f 6682 6056 6085
f 10214 9457 9819
f 10208 10214 9819
f 9317 10208 9819
f 10239 10208 9317
f 6055 6056 6682
f 6055 6029 6056
f 10342 10498 10214
f 10498 9457 10214
f 10498 10244 9457
f 10342 10214 10208
f 6031 6029 6055
f 6031 6030 6029
f 11688 9452 9455
f 11689 11688 9455
f 10244 11689 9455
f 10498 11689 10244
f 6032 6034 6033
f 6030 6032 6033
f 6031 6032 6030
f 6034 6035 6033
f 11685 11684 11683
f 11686 11685 11683
f 11686 11683 9452
f 11687 11686 9452
f 11688 11687 9452
f 11687 11688 11689
f 6043 6034 6032
f 6043 6036 6034
f 6036 6035 6034
f 6036 6037 6035
f 11566 11671 11699
f 11234 11725 11699
f 11725 11566 11699
f 11725 11553 11566
f 11554 11725 11692
f 11554 11553 11725
f 11692 11684 11685
f 11731 11692 11685
f 11554 11692 11731
f 11731 11685 11686
f 11117 6037 6036
f 11117 11508 6037
f 11710 11153 11326
f 11326 11153 11154
f 11249 11326 11246
f 11249 11710 11326
f 11248 11246 11247
f 11248 11249 11246
f 11250 11247 11251
f 11250 11248 11247
f 11255 11251 11283
f 11255 11250 11251
f 11362 11699 11671
f 11255 11362 11671
f 11283 11362 11255
f 11699 11362 11234
f 11107 11508 11117
f 11107 11117 11110
f 11110 11109 11107
f 11107 11109 11108
f 11139 11141 11755
f 11755 11141 11667
f 11146 11755 11244
f 11146 11139 11755
f 11148 11244 11151
f 11148 11146 11244
f 11150 11151 11152
f 11150 11148 11151
f 11152 11154 11153
f 11152 11153 11150
f 11366 11108 11109
f 11366 11109 11114
f 11759 11114 11359
f 11759 11366 11114
f 11144 11359 11145
f 11144 11759 11359
f 11142 11145 11360
f 11142 11144 11145
f 11360 11667 11141
f 11360 11141 11142
f 323 326 325
f 323 325 322
f 326 451 456
f 384 326 456
f 325 326 384
f 456 473 384
f 377 378 365
f 377 365 376
f 365 363 331
f 378 363 365
f 331 352 318
f 363 352 331
f 318 324 321
f 352 324 318
f 322 321 323
f 323 321 324
f 451 1304 456
f 473 456 1304
f 1281 473 1304
f 1287 473 1281
f 4416 398 4415
f 398 377 4415
f 377 4408 4415
f 377 376 4408
f 1292 1287 1275
f 1287 1261 1275
f 1287 1281 1261
f 1275 1276 1292
f 4416 4415 4424
f 4416 4424 4417
f 4464 4424 4408
f 4408 4424 4415
f 1275 1261 1227
f 1227 1261 1225
f 1227 1228 1276
f 1227 1276 1275
f 159 4417 4424
f 4424 4464 159
f 4464 157 159
f 4464 4411 157
f 1227 1225 1216
f 1216 1225 1210
f 1216 1217 1228
f 1216 1228 1227
f 4411 4398 4400
f 4459 4411 4400
f 157 4411 4459
f 4397 4400 4398
f 1216 1210 1215
f 1215 1210 1214
f 1215 1236 1217
f 1215 1217 1216
f 2308 4459 4400
f 2304 2308 2303
f 2303 2308 2301
f 2308 4400 2301
f 4400 4397 2301
f 2300 2303 2301
f 2343 2336 2345
f 2079 2078 2345
f 2078 2343 2345
f 2078 2344 2343
f 2076 1215 1214
f 2344 2076 1214
f 2078 2076 2344
f 1215 2076 1236
f 2302 2304 2303
f 2302 2303 2300
f 2299 2302 2300
f 2346 2302 2299
f 2334 2299 2294
f 2334 2346 2299
f 2342 2345 2336
f 2334 2342 2336
f 2294 2342 2334
f 2345 2342 2079
f 10578 10771 10762
f 10721 2239 10762
f 10721 10762 10771
f 2238 2240 2239
f 2238 2239 10721
f 2208 2235 2240
f 2208 2240 2238
f 2209 2212 2235
f 2209 2235 2208
f 2210 2211 2212
f 2210 2212 2209
f 2210 151 2211
f 10758 10580 10577
f 10580 10579 10577
f 10577 10579 10578
f 10579 10774 10578
f 10774 10771 10578
f 10771 10774 10721
f 10721 10774 10660
f 10721 10660 2238
f 2238 10660 2237
f 2238 2237 2208
f 2208 2237 2207
f 2208 2207 2209
f 2209 2207 2200
f 2209 2200 2210
f 2210 2200 2201
f 2210 2201 151
f 2201 152 151
f 2201 2206 152
f 2206 2140 2170
f 2219 2206 2170
f 152 2206 2219
f 2170 2185 2219
f 10644 10582 10580
f 10644 10580 10758
f 10579 10580 10581
f 10581 10580 10582
f 2140 2150 2170
f 2150 2149 2159
f 2150 2159 2182
f 2170 2150 2182
f 2185 2170 2182
f 2159 2165 2182
f 10599 10600 10767
f 10600 10756 10767
f 10767 10756 10644
f 10756 10583 10644
f 10583 10582 10644
f 10582 10583 10581
f 2149 2151 2159
f 2151 2146 2168
f 2151 2168 2164
f 2159 2151 2164
f 2165 2159 2164
f 2168 2179 2164
f 10596 10593 10600
f 10596 10600 10599
f 10756 10600 10590
f 10590 10600 10593
f 2168 2146 2169
f 2169 2146 2147
f 2169 2178 2179
f 2169 2179 2168
f 10595 10594 10593
f 10595 10593 10596
f 10590 10593 10591
f 10591 10593 10594
f 2147 2162 2169
f 2162 2160 2176
f 2162 2176 2177
f 2169 2162 2177
f 2178 2169 2177
f 2176 2175 2177
f 10622 10630 10594
f 10622 10594 10595
f 10591 10594 10704
f 10704 10594 10630
f 2176 2160 2173
f 2173 2160 2161
f 2173 2174 2175
f 2173 2175 2176
f 10631 10638 10630
f 10631 10630 10622
f 10704 10630 10765
f 10765 10630 10638
f 2161 2158 2173
f 2158 2155 2171
f 2158 2171 2172
f 2173 2158 2172
f 2174 2173 2172
f 2171 2221 2172
f 10635 10726 10638
f 10635 10638 10631
f 10765 10638 10759
f 10759 10638 10726
f 2171 2155 2181
f 2181 2155 2166
f 2181 2198 2221
f 2181 2221 2171
f 10674 10743 10726
f 10674 10726 10635
f 10759 10726 10745
f 10745 10726 10743
f 2181 2166 2186
f 2186 2166 2167
f 2186 2199 2198
f 2186 2198 2181
f 10761 10763 10743
f 10761 10743 10674
f 10745 10743 10731
f 10731 10743 10763
f 2167 2180 2186
f 2180 2195 2215
f 2180 2215 2214
f 2186 2180 2214
f 2199 2186 2214
f 2215 2250 2214
f 10713 10717 10763
f 10713 10763 10761
f 10731 10763 10729
f 10729 10763 10717
f 2195 3697 2215
f 2215 3697 2250
f 3697 3703 2250
f 3697 3698 3703
f 3701 3703 3698
f 3701 3698 3700
f 10712 10715 10717
f 10712 10717 10713
f 10729 10717 10750
f 10750 10717 10715
f 3700 3704 3701
f 3701 3704 3706
f 3706 3998 3999
f 3704 3998 3706
f 3684 3999 3998
f 3684 3998 3682
f 10714 10718 10715
f 10714 10715 10712
f 10750 10715 3943
f 3943 10715 10718
f 3682 3683 3684
f 3684 3683 7686
f 7684 7686 3683
f 7684 3683 7685
f 3941 3939 10718
f 3941 10718 10714
f 3943 10718 3937
f 3937 10718 3939
f 7685 7676 7684
f 7687 7676 7685
f 3940 3938 3939
f 3941 3940 3939
f 6414 3940 3941
f 3939 3938 3937
f 7690 10021 8027
f 10021 7687 8027
f 10021 7676 7687
f 8020 7690 8027
f 6412 3940 6414
f 6412 6968 3940
f 7690 7682 10021
f 7683 7682 7690
f 8020 7683 7690
f 8021 7683 8020
f 6413 6968 6412
f 6413 6206 6968
f 8021 9846 7683
f 8029 9846 8021
f 7037 6206 6413
f 7037 6200 6206
f 8029 10108 9846
f 9932 10108 8029
f 6199 6200 7037
f 6199 6198 6200
f 9932 10149 10108
f 10108 10149 10495
f 10398 10495 10149
f 10398 10149 7515
f 6196 6198 6199
f 6196 6193 6198
f 7515 10234 10398
f 7507 10234 7515
f 6195 6197 6194
f 6193 6195 6194
f 6196 6195 6193
f 6197 6209 6194
f 7507 7505 10234
f 7506 7505 7507
f 6425 6197 6195
f 6425 6930 6197
f 6930 6209 6197
f 6930 5603 6209
f 7506 7503 7505
f 7518 7503 7506
f 5817 5603 6930
f 5817 5600 5603
f 7518 7502 7503
f 10207 7502 7518
f 5597 5600 5817
f 5597 5598 5600
f 9528 7516 9590
f 7516 10207 9590
f 7516 7502 10207
f 9527 9528 9590
f 5594 5820 5599
f 5598 5594 5599
f 5597 5594 5598
f 5820 7003 5599
f 9528 10102 7516
f 9524 10102 9528
f 9527 9524 9528
f 9525 9524 9527
f 5595 5820 5594
f 5595 7098 5820
f 7098 7003 5820
f 7098 7146 7003
f 9525 9523 9524
f 9526 9523 9525
f 6914 7146 7098
f 6914 7122 7146
f 9526 9595 9523
f 9531 9595 9526
f 6913 7122 6914
f 6913 5887 7122
f 9531 10254 9595
f 10247 10254 9531
f 7006 5858 5582
f 5887 7006 5582
f 6913 7006 5887
f 5858 5558 5582
f 10247 10486 10254
f 10254 10486 9597
f 9512 9597 10486
f 9512 10486 10250
f 5557 5858 7006
f 5557 5551 5858
f 5551 5558 5858
f 5551 5550 5558
f 10250 9509 9512
f 9508 9509 10250
f 5549 5550 5551
f 5549 5538 5550
f 9508 9507 9509
f 7346 9507 9508
f 5536 5538 5549
f 5536 5537 5538
f 7347 9439 7327
f 9439 7346 7327
f 9439 9507 7346
f 7309 7347 7327
f 5533 5547 5839
f 5537 5533 5839
f 5536 5533 5537
f 5547 5544 5839
f 7347 9829 9439
f 10150 9829 7347
f 7309 10150 7347
f 7325 10150 7309
f 5830 5547 5533
f 5830 5546 5547
f 5546 5544 5547
f 5546 5545 5544
f 7325 7289 10150
f 7292 7289 7325
f 6747 5545 5546
f 6747 5510 5545
f 7292 7291 7289
f 7293 7291 7292
f 5505 5510 6747
f 5505 5504 5510
f 7293 7294 7291
f 9651 7294 7293
f 5503 5504 5505
f 5503 5502 5504
f 9651 7359 7294
f 7354 7359 9651
f 5065 5064 5077
f 5502 5065 5077
f 5503 5065 5502
f 5064 5066 5077
f 7922 7358 7357
f 7358 7354 7357
f 7358 7359 7354
f 7577 7922 7357
f 5063 5064 5065
f 5063 5060 5064
f 5060 5066 5064
f 5060 5068 5066
f 7922 7362 7358
f 9883 7362 7922
f 7577 9883 7922
f 8174 9883 7577
f 5057 5068 5060
f 5057 5058 5068
f 8174 8170 9883
f 8172 8170 8174
f 5056 5058 5057
f 5056 5069 5058
f 8196 8171 8173
f 8171 8172 8173
f 8171 8170 8172
f 8183 8196 8173
f 5061 5069 5056
f 5061 6611 5069
f 8196 8237 8171
f 8137 8237 8196
f 8183 8137 8196
f 8230 8137 8183
f 6687 6578 6579
f 6611 6687 6579
f 5061 6687 6611
f 6578 4868 6579
f 8230 8132 8137
f 8136 8132 8230
f 6580 6578 6687
f 6580 4869 6578
f 4869 4868 6578
f 4869 4865 4868
f 8136 8131 8132
f 8197 8131 8136
f 4866 4865 4869
f 4866 4862 4865
f 8197 8140 8131
f 8148 8140 8197
f 4889 4862 4866
f 4889 4859 4862
f 8199 8145 8232
f 8145 8148 8232
f 8145 8140 8148
f 10016 8199 8232
f 4855 4859 4889
f 4855 4858 4859
f 8199 8198 8145
f 8200 8198 8199
f 10016 8200 8199
f 8254 8200 10016
f 4856 6568 4873
f 4858 4856 4873
f 4855 4856 4858
f 6568 6944 4873
f 8254 8256 8200
f 8255 8256 8254
f 4893 6568 4856
f 4893 4968 6568
f 4968 6944 6568
f 4968 5012 6944
f 8255 8257 8256
f 8258 8257 8255
f 5006 5012 4968
f 5006 5011 5012
f 8261 8259 8260
f 8259 8258 8260
f 8259 8257 8258
f 8267 8261 8260
f 5008 5011 5006
f 5008 5013 5011
f 8261 8262 8259
f 9839 8262 8261
f 8267 9839 8261
f 8567 9839 8267
f 5015 5013 5008
f 5015 5008 5010
f 5010 6859 5015
f 5015 6859 6860
f 8567 8521 9839
f 8556 8521 8567
f 6861 6860 6859
f 6861 7090 6860
f 8556 8551 8521
f 8557 8551 8556
f 5488 7090 6861
f 5488 6664 7090
f 9638 8566 9316
f 8566 8557 9316
f 8566 8551 8557
f 8571 9638 9316
f 5482 6664 5488
f 5482 6152 6664
f 9638 9063 8566
f 10037 9063 9638
f 8571 10037 9638
f 8802 10037 8571
f 6655 6152 5482
f 6655 5482 5491
f 5491 6661 6655
f 6655 6661 5169
f 8802 9059 10037
f 10033 9059 8802
f 6821 5169 6661
f 6821 5155 5169
f 10033 9061 9059
f 10474 9061 10033
f 5158 5155 6821
f 5158 5156 5155
f 10474 10025 9061
f 8956 10025 10474
f 5170 5156 5158
f 5170 5171 5156
f 8956 8950 10025
f 8955 8950 8956
f 5172 5206 5205
f 5171 5172 5205
f 5170 5172 5171
f 5206 6005 5205
f 155 8949 156
f 8949 8955 156
f 8949 8950 8955
f 154 155 156
f 5210 5206 5172
f 5210 7174 5206
f 7174 6005 5206
f 7174 5287 6005
f 155 8976 8949
f 8818 8976 155
f 154 8818 155
f 8820 8818 154
f 5290 5287 7174
f 5290 5288 5287
f 8820 8816 8818
f 8938 8816 8820
f 5291 5288 5290
f 5291 5305 5288
f 8938 8813 8816
f 8810 8813 8938
f 5294 5301 5302
f 5305 5294 5302
f 5291 5294 5305
f 5301 5303 5302
f 8936 8812 8811
f 8812 8810 8811
f 8812 8813 8810
f 10335 8936 8811
f 5297 5301 5294
f 5297 5306 5301
f 5306 5303 5301
f 5306 6154 5303
f 8936 8851 8812
f 8856 8851 8936
f 10335 8856 8936
f 8858 8856 10335
f 5847 6154 5306
f 5847 5850 6154
f 8858 8857 8856
f 8859 8857 8858
f 5849 5850 5847
f 5849 5851 5850
f 8859 8867 8857
f 8868 8867 8859
f 5853 7169 5857
f 5851 5853 5857
f 5849 5853 5851
f 7169 6945 5857
f 8868 8869 8867
f 8867 8869 8870
f 8871 8870 8869
f 8871 8869 8872
f 6086 6090 7169
f 6086 7169 5853
f 6945 7169 6184
f 6184 7169 6090
f 8872 8939 8871
f 8943 8939 8872
f 6084 6090 6086
f 6084 6085 6090
f 6085 6184 6090
f 6085 7017 6184
f 8943 9009 8939
f 8939 9009 8941
f 10239 8941 9009
f 10239 9009 10540
f 6056 7017 6085
f 6056 6027 7017
f 10540 10208 10239
f 10376 10208 10540
f 6029 6027 6056
f 6029 6028 6027
f 10525 10531 10342
f 10342 10531 10498
f 10342 10208 10376
f 10342 10376 10525
f 6030 6028 6029
f 6030 6632 6028
f 10531 11689 10498
f 11746 11689 10531
f 6050 6632 6030
f 6050 6030 6033
f 6033 6035 6050
f 6050 6035 6038
f 11747 11805 11687
f 11687 11805 11686
f 11687 11689 11746
f 11687 11746 11747
f 6037 6038 6035
f 6037 6039 6038
f 11558 11562 11718
f 11671 11566 11718
f 11566 11558 11718
f 11566 11556 11558
f 11552 11566 11553
f 11552 11556 11566
f 11551 11553 11554
f 11551 11552 11553
f 11581 11554 11731
f 11581 11551 11554
f 11731 11686 11805
f 11731 11805 11581
f 11508 11770 11119
f 6039 11508 11119
f 6037 11508 6039
f 11770 11105 11119
f 11279 11161 11710
f 11710 11161 11153
f 11253 11710 11249
f 11253 11279 11710
f 11252 11249 11248
f 11252 11253 11249
f 11635 11248 11250
f 11635 11252 11248
f 11255 11718 11562
f 11635 11255 11562
f 11250 11255 11635
f 11718 11255 11671
f 11107 11770 11508
f 11796 11106 11108
f 11108 11106 11107
f 11106 11105 11107
f 11105 11770 11107
f 11796 11112 11106
f 11121 11140 11139
f 11139 11140 11141
f 11138 11139 11146
f 11138 11121 11139
f 11147 11146 11148
f 11147 11138 11146
f 11149 11148 11150
f 11149 11147 11148
f 11150 11153 11161
f 11150 11161 11149
f 11366 11796 11108
f 11773 11112 11796
f 11366 11773 11796
f 11759 11773 11366
f 11744 11759 11144
f 11744 11773 11759
f 11143 11144 11142
f 11143 11744 11144
f 11142 11141 11140
f 11142 11140 11143
f 323 351 326
f 351 451 326
f 379 380 378
f 379 378 377
f 378 366 363
f 380 366 378
f 363 364 352
f 366 364 363
f 352 353 324
f 364 353 352
f 323 324 351
f 324 409 351
f 324 353 409
f 409 1277 1280
f 409 1280 1304
f 351 409 1304
f 451 351 1304
f 1280 1281 1304
f 465 388 398
f 465 398 4416
f 377 398 379
f 379 398 388
f 1280 1277 1260
f 1260 1277 1259
f 1260 1261 1281
f 1260 1281 1280
f 4417 465 4416
f 4417 4418 465
f 1259 1250 1260
f 1261 1260 1250
f 1212 1261 1250
f 1225 1261 1212
f 4417 159 158
f 4419 4417 158
f 4418 4417 4419
f 157 158 159
f 1207 1205 1208
f 1212 1207 1208
f 1210 1212 1208
f 1225 1212 1210
f 4419 158 162
f 4419 162 161
f 4459 162 157
f 157 162 158
f 1203 1202 1206
f 1203 1206 1205
f 1206 1208 1205
f 1206 1209 1208
f 1209 1214 1210
f 1209 1210 1208
f 160 161 162
f 160 162 4459
f 2308 160 4459
f 2307 160 2308
f 2308 2304 2307
f 2307 2304 2306
f 2338 2333 2335
f 2338 2335 1202
f 1202 2335 1206
f 2335 2336 1206
f 2336 2343 1206
f 1206 2343 2344
f 1206 2344 1209
f 1209 2344 1214
f 2305 2306 2304
f 2305 2304 2302
f 2332 2302 2346
f 2332 2305 2302
f 2334 2335 2333
f 2332 2334 2333
f 2346 2334 2332
f 2335 2334 2336
f 10579 10720 10774
f 10659 10660 10774
f 10659 10774 10720
f 2236 2237 10660
f 2236 10660 10659
f 2205 2207 2237
f 2205 2237 2236
f 2189 2200 2207
f 2189 2207 2205
f 2139 2201 2200
f 2139 2200 2189
f 2137 2206 2201
f 2137 2201 2139
f 2137 2140 2206
f 10581 10584 10720
f 10581 10720 10579
f 10720 10587 10659
f 10720 10584 10587
f 2234 2236 10658
f 2236 10587 10658
f 2236 10659 10587
f 2236 2234 2205
f 2205 2234 2204
f 2205 2204 2189
f 2189 2204 2188
f 2189 2188 2139
f 2139 2188 2163
f 2123 2125 2163
f 2125 2139 2163
f 2125 2137 2139
f 2130 2150 2140
f 2137 2130 2140
f 2125 2130 2137
f 2130 2149 2150
f 10756 10585 10583
f 10584 10581 10583
f 10585 10584 10583
f 10586 10584 10585
f 10657 10587 10588
f 10587 10586 10588
f 10587 10584 10586
f 10587 10657 10658
f 2123 2124 2125
f 2093 2126 2124
f 2126 2125 2124
f 2126 2130 2125
f 2138 2151 2149
f 2130 2138 2149
f 2126 2138 2130
f 2138 2146 2151
f 10590 10589 10585
f 10590 10585 10756
f 10620 10586 10723
f 10586 10589 10723
f 10586 10585 10589
f 10586 10620 10588
f 2093 2127 2126
f 2128 2129 2127
f 2129 2126 2127
f 2129 2138 2126
f 2129 2147 2146
f 2129 2146 2138
f 10591 10592 10589
f 10591 10589 10590
f 10723 10589 10601
f 10601 10589 10592
f 2129 2128 2134
f 2134 2128 2132
f 2141 2162 2147
f 2129 2141 2147
f 2134 2141 2129
f 2141 2160 2162
f 10704 10603 10592
f 10704 10592 10591
f 10601 10592 10602
f 10602 10592 10603
f 2132 2133 2134
f 2135 2142 2133
f 2142 2134 2133
f 2142 2141 2134
f 2142 2161 2160
f 2142 2160 2141
f 10765 10623 10603
f 10765 10603 10704
f 10602 10603 10604
f 10604 10603 10623
f 2142 2135 2144
f 2144 2135 2143
f 2154 2158 2161
f 2142 2154 2161
f 2144 2154 2142
f 2154 2155 2158
f 10759 10610 10623
f 10759 10623 10765
f 10604 10623 10607
f 10607 10623 10610
f 2143 2145 2144
f 2148 2153 2145
f 2153 2144 2145
f 2153 2154 2144
f 2153 2166 2155
f 2153 2155 2154
f 10745 10621 10610
f 10745 10610 10759
f 10607 10610 10609
f 10609 10610 10621
f 2153 2148 2157
f 2157 2148 2156
f 2157 2167 2166
f 2157 2166 2153
f 10731 10727 10621
f 10731 10621 10745
f 10609 10621 10612
f 10612 10621 10727
f 2156 2183 2157
f 2183 2193 2190
f 2183 2190 2180
f 2157 2183 2180
f 2167 2157 2180
f 2190 2195 2180
f 10729 10728 10727
f 10729 10727 10731
f 10612 10727 10614
f 10614 10727 10728
f 2193 3694 2190
f 2190 3694 2195
f 3694 3697 2195
f 3694 3696 3697
f 3696 3702 3699
f 3698 3696 3699
f 3697 3696 3698
f 3699 3700 3698
f 10750 3987 10728
f 10750 10728 10729
f 10614 10728 4001
f 4001 10728 3987
f 3702 3996 3699
f 3699 3996 3700
f 3996 3704 3700
f 3996 3997 3704
f 3704 3685 3998
f 3997 3685 3704
f 3682 3998 3685
f 3682 3685 3680
f 3943 3944 3987
f 3943 3987 10750
f 4001 3987 3976
f 3976 3987 3944
f 3680 3681 3682
f 3682 3681 3683
f 7685 3683 3681
f 7685 3681 7805
f 3934 3936 3944
f 3943 3934 3944
f 3937 3934 3943
f 3944 3936 3976
f 8026 7687 10204
f 7687 7805 10204
f 7687 7685 7805
f 8025 8026 10204
f 3940 3942 3938
f 3942 3935 3938
f 3935 3937 3938
f 3935 3934 3937
f 8026 8027 7687
f 8020 8027 8026
f 8025 8020 8026
f 8022 8020 8025
f 3962 3973 3942
f 3940 3962 3942
f 6968 3962 3940
f 3942 3973 3935
f 8022 8021 8020
f 8023 8021 8022
f 6206 3962 6968
f 6206 6203 3962
f 8023 8029 8021
f 7964 8029 8023
f 6200 6203 6206
f 6200 6202 6203
f 10148 9932 7804
f 9932 7964 7804
f 9932 8029 7964
f 7513 10148 7804
f 6198 6202 6200
f 6198 6628 6202
f 10148 10149 9932
f 7515 10149 10148
f 7513 7515 10148
f 7510 7515 7513
f 6193 6628 6198
f 6193 6175 6628
f 7510 7507 7515
f 7508 7507 7510
f 6176 6175 6193
f 6176 6193 6194
f 6194 6209 6176
f 6176 6209 6805
f 7508 7506 7507
f 7509 7506 7508
f 5603 6805 6209
f 5603 5602 6805
f 9841 7518 10032
f 7518 7509 10032
f 7518 7506 7509
f 9842 9841 10032
f 5600 5602 5603
f 5600 5601 5602
f 9599 10207 9841
f 9841 10207 7518
f 9841 9842 9826
f 9841 9826 9599
f 5598 5601 5600
f 5598 5638 5601
f 9599 9590 10207
f 9527 9590 9599
f 9826 9527 9599
f 9591 9527 9826
f 6817 5638 5598
f 6817 5598 5599
f 5599 7003 6817
f 6817 7003 6694
f 9591 9525 9527
f 9529 9525 9591
f 7146 6694 7003
f 7146 6712 6694
f 9529 9526 9525
f 9530 9526 9529
f 7122 6712 7146
f 7122 5565 6712
f 10245 9531 9532
f 9531 9530 9532
f 9531 9526 9530
f 9536 10245 9532
f 5887 5562 5563
f 5565 5887 5563
f 7122 5887 5565
f 5562 5561 5563
f 10246 10247 10245
f 10245 10247 9531
f 10245 9536 9588
f 10245 9588 10246
f 5582 5562 5887
f 5582 5558 5562
f 5558 5561 5562
f 5558 5560 5561
f 10246 10486 10247
f 10250 10486 10246
f 9588 10250 10246
f 9584 10250 9588
f 5550 5560 5558
f 5550 5824 5560
f 9584 9508 10250
f 9992 9508 9584
f 5538 5824 5550
f 5538 5539 5824
f 7310 7346 7311
f 7346 9992 7311
f 7346 9508 9992
f 7308 7310 7311
f 5537 5539 5538
f 5537 5540 5539
f 7310 7327 7346
f 7309 7327 7310
f 7308 7309 7310
f 7303 7309 7308
f 5541 5540 5537
f 5541 5537 5839
f 5839 5544 5541
f 5541 5544 5543
f 7303 7325 7309
f 7296 7325 7303
f 5545 5543 5544
f 5545 6868 5543
f 7296 7292 7325
f 7295 7292 7296
f 5510 6868 5545
f 5510 5508 6868
f 7295 7293 7292
f 7307 7293 7295
f 5504 5508 5510
f 5504 5506 5508
f 7307 9651 7293
f 7353 9651 7307
f 5502 5506 5504
f 5502 5507 5506
f 7353 7354 9651
f 7352 7354 7353
f 6593 5507 5502
f 6593 5502 5077
f 5077 5066 6593
f 6593 5066 7192
f 7352 7355 7354
f 7354 7355 7357
f 7577 7357 7355
f 7577 7355 9880
f 5068 7192 5066
f 5068 6594 7192
f 9880 8174 7577
f 8175 8174 9880
f 5058 6594 5068
f 5058 7191 6594
f 8310 8172 8176
f 8172 8175 8176
f 8172 8174 8175
f 8178 8310 8176
f 5069 7191 5058
f 5069 6612 7191
f 8310 8173 8172
f 8183 8173 8310
f 8178 8183 8310
f 8181 8183 8178
f 6611 6883 6613
f 6612 6611 6613
f 5069 6611 6612
f 6883 4887 6613
f 8181 8230 8183
f 8184 8230 8181
f 6579 6883 6611
f 6579 4868 6883
f 4868 4887 6883
f 4868 4867 4887
f 10523 8136 8188
f 8136 8184 8188
f 8136 8230 8184
f 10235 10523 8188
f 4865 4867 4868
f 4865 4863 4867
f 10304 8197 10523
f 10523 8197 8136
f 10523 10235 10213
f 10523 10213 10304
f 4862 4863 4865
f 4862 4861 4863
f 10409 8148 10304
f 10304 8148 8197
f 10304 10213 8251
f 10304 8251 10409
f 4859 4861 4862
f 4859 4860 4861
f 10409 8232 8148
f 10016 8232 10409
f 8251 10016 10409
f 8249 10016 8251
f 4858 163 165
f 4860 4858 165
f 4859 4858 4860
f 163 164 165
f 8249 8254 10016
f 8250 8254 8249
f 4873 163 4858
f 4873 6944 163
f 6944 164 163
f 6944 5039 164
f 8250 8255 8254
f 10145 8255 8250
f 5012 5039 6944
f 5012 6665 5039
f 8264 8258 8265
f 8258 10145 8265
f 8258 8255 10145
f 9086 8264 8265
f 5011 6665 5012
f 5011 5014 6665
f 8264 8260 8258
f 8267 8260 8264
f 9086 8267 8264
f 8565 8267 9086
f 5013 5014 5011
f 5013 5016 5014
f 8565 8567 8267
f 8562 8567 8565
f 6895 5016 5013
f 6895 5013 5015
f 5015 6860 6895
f 6895 6860 6851
f 8562 8556 8567
f 8558 8556 8562
f 7090 6851 6860
f 7090 6911 6851
f 8560 8557 8559
f 8557 8558 8559
f 8557 8556 8558
f 8561 8560 8559
f 6664 6911 7090
f 6664 6151 6911
f 8560 9316 8557
f 8571 9316 8560
f 8561 8571 8560
f 8572 8571 8561
f 6152 6701 6150
f 6151 6152 6150
f 6664 6152 6151
f 6701 5151 6150
f 8572 8802 8571
f 8575 8802 8572
f 6655 6701 6152
f 6655 5169 6701
f 5169 5151 6701
f 5169 5153 5151
f 8575 10033 8802
f 8644 10033 8575
f 5155 5153 5169
f 5155 5154 5153
f 8644 10474 10033
f 9813 10474 8644
f 5156 5154 5155
f 5156 7021 5154
f 9813 8956 10474
f 8957 8956 9813
f 5171 7021 5156
f 5171 5492 7021
f 8957 8955 8956
f 10457 8955 8957
f 5207 5492 5171
f 5207 5171 5205
f 5205 6005 5207
f 5207 6005 5285
f 10457 8852 8955
f 8955 8852 156
f 154 156 8852
f 154 8852 8821
f 5287 5285 6005
f 5287 5286 5285
f 8821 8820 154
f 8822 8820 8821
f 5288 5286 5287
f 5288 5289 5286
f 8822 8938 8820
f 10094 8938 8822
f 5305 6946 5846
f 5289 5305 5846
f 5288 5305 5289
f 6946 5933 5846
f 10094 8810 8938
f 8808 8810 10094
f 5302 6946 5305
f 5302 5303 6946
f 5303 5933 6946
f 5303 7085 5933
f 8808 8809 8810
f 8810 8809 8811
f 10335 8811 8809
f 10335 8809 9013
f 6154 7085 5303
f 6154 5855 7085
f 9013 8858 10335
f 8860 8858 9013
f 5850 5855 6154
f 5850 5852 5855
f 8860 8859 8858
f 8873 8859 8860
f 5851 5856 5854
f 5852 5851 5854
f 5850 5851 5852
f 5856 7137 5854
f 8873 8868 8859
f 10397 8868 8873
f 5857 5856 5851
f 5857 6945 5856
f 6945 7137 5856
f 6945 6004 7137
f 10397 9028 8868
f 8868 9028 8869
f 8872 8869 9028
f 8872 9028 8988
f 6184 6004 6945
f 6184 6022 6004
f 8988 8943 8872
f 8990 8943 8988
f 7017 6022 6184
f 7017 6024 6022
f 8990 10367 8943
f 8943 10367 9009
f 10540 9009 10367
f 10540 10367 8779
f 6027 6024 7017
f 6027 6026 6024
f 8779 10376 10540
f 8768 10376 8779
f 6028 6026 6027
f 6028 6051 6026
f 10565 10531 10525
f 8771 10565 10525
f 10376 8771 10525
f 8768 8771 10376
f 6632 7116 6847
f 6051 6632 6847
f 6028 6632 6051
f 7116 6041 6847
f 10019 10379 10565
f 10379 10531 10565
f 10379 11746 10531
f 10019 10565 8771
f 6050 7116 6632
f 6050 6038 7116
f 6038 6041 7116
f 6038 6040 6041
f 11760 11573 11747
f 11747 11573 11805
f 11747 11746 10379
f 11747 10379 11760
f 6039 6040 6038
f 6039 11429 6040
f 11559 11560 11558
f 11558 11560 11562
f 11557 11558 11556
f 11557 11559 11558
f 11555 11556 11552
f 11555 11557 11556
f 11550 11552 11551
f 11550 11555 11552
f 11327 11551 11581
f 11327 11550 11551
f 11581 11805 11573
f 11581 11573 11327
f 11113 11429 6039
f 11113 6039 11119
f 11119 11105 11113
f 11113 11105 11104
f 11259 11752 11279
f 11279 11752 11161
f 11256 11279 11253
f 11256 11259 11279
f 11254 11253 11252
f 11254 11256 11253
f 11281 11252 11635
f 11281 11254 11252
f 11635 11562 11560
f 11635 11560 11281
f 11103 11104 11105
f 11103 11105 11106
f 11106 11112 11103
f 11103 11112 11101
f 11087 11720 11121
f 11121 11720 11140
f 11091 11121 11138
f 11091 11087 11121
f 11642 11138 11147
f 11642 11091 11138
f 11189 11147 11149
f 11189 11642 11147
f 11149 11161 11752
f 11149 11752 11189
f 11743 11101 11112
f 11743 11112 11773
f 11098 11773 11744
f 11098 11743 11773
f 11127 11744 11143
f 11127 11098 11744
f 11143 11140 11720
f 11143 11720 11127
f 379 383 380
f 380 383 381
f 368 380 381
f 366 380 368
f 366 367 364
f 368 367 366
f 364 369 353
f 367 369 364
f 369 1282 1279
f 409 369 1279
f 353 369 409
f 1279 1277 409
f 425 389 388
f 425 388 465
f 379 388 383
f 388 387 383
f 388 389 387
f 383 387 381
f 1282 1278 1279
f 1277 1279 1278
f 1251 1277 1278
f 1259 1277 1251
f 4456 4422 4420
f 4422 425 4420
f 425 4418 4420
f 425 465 4418
f 166 167 168
f 168 1211 1250
f 1251 168 1250
f 1259 1251 1250
f 168 1251 166
f 1211 1212 1250
f 4456 4420 4421
f 4456 4421 4497
f 4419 4421 4418
f 4418 4421 4420
f 168 167 1204
f 1204 167 1201
f 1204 1205 1207
f 1211 1204 1207
f 168 1204 1211
f 1211 1207 1212
f 4497 4421 4492
f 4497 4492 4493
f 161 4492 4419
f 4419 4492 4421
f 1204 1201 1203
f 1201 1202 1203
f 1201 1197 1202
f 1204 1203 1205
f 2319 4493 4492
f 2319 4492 161
f 160 2319 161
f 2312 2319 160
f 2311 2312 2310
f 2312 2307 2310
f 2312 160 2307
f 2306 2310 2307
f 2320 2323 2324
f 2333 2338 2324
f 2338 2320 2324
f 2338 2339 2320
f 2338 1202 1197
f 2338 1197 2339
f 2309 2311 2310
f 2309 2310 2306
f 2305 2309 2306
f 2328 2309 2305
f 2332 2324 2323
f 2328 2332 2323
f 2305 2332 2328
f 2324 2332 2333
f 10658 10661 2234
f 2194 2204 2234
f 2194 2234 10661
f 2120 2188 2204
f 2120 2204 2194
f 2122 2163 2188
f 2122 2188 2120
f 2122 2123 2163
f 10588 10744 10657
f 10661 10658 10657
f 10744 10661 10657
f 10681 10661 10744
f 10661 10680 2194
f 10661 10681 10680
f 2194 2116 2120
f 2194 10680 2116
f 2120 2088 2122
f 2120 2116 2088
f 2090 2124 2123
f 2122 2090 2123
f 2088 2090 2122
f 2090 2093 2124
f 10723 10769 10620
f 10744 10588 10620
f 10769 10744 10620
f 10732 10744 10769
f 10744 10701 10681
f 10744 10732 10701
f 10681 10678 10680
f 10681 10701 10678
f 10680 2118 2116
f 10680 10678 2118
f 2116 2095 2088
f 2116 2118 2095
f 2088 2089 2090
f 2088 2095 2089
f 2091 2127 2093
f 2090 2091 2093
f 2089 2091 2090
f 2091 2128 2127
f 10601 10664 10769
f 10601 10769 10723
f 10769 10747 10732
f 10769 10664 10747
f 10732 10675 10701
f 10732 10747 10675
f 10701 10676 10678
f 10701 10675 10676
f 10678 10677 2118
f 10678 10676 10677
f 2118 2107 2095
f 2118 10677 2107
f 2095 2094 2089
f 2095 2107 2094
f 2089 2092 2091
f 2089 2094 2092
f 2092 2132 2128
f 2092 2128 2091
f 10602 10605 10664
f 10602 10664 10601
f 10664 10651 10747
f 10664 10605 10651
f 10747 10665 10675
f 10747 10651 10665
f 10675 10666 10676
f 10675 10665 10666
f 10679 10677 10768
f 10677 10666 10768
f 10677 10676 10666
f 10677 10679 2107
f 2107 10679 2115
f 2113 2097 2115
f 2097 2107 2115
f 2097 2094 2107
f 2094 2096 2092
f 2094 2097 2096
f 2131 2133 2132
f 2092 2131 2132
f 2096 2131 2092
f 2131 2135 2133
f 10604 10606 10605
f 10604 10605 10602
f 10605 10619 10651
f 10605 10606 10619
f 10651 10662 10665
f 10651 10619 10662
f 10670 10666 10667
f 10666 10662 10667
f 10666 10665 10662
f 10666 10670 10768
f 2113 2114 2097
f 2110 2098 2114
f 2098 2097 2114
f 2098 2096 2097
f 2096 2099 2131
f 2096 2098 2099
f 2099 2143 2135
f 2099 2135 2131
f 10607 10608 10606
f 10607 10606 10604
f 10606 10752 10619
f 10606 10608 10752
f 10668 10662 10702
f 10662 10752 10702
f 10662 10619 10752
f 10662 10668 10667
f 2110 177 2098
f 176 2100 177
f 2100 2098 177
f 2100 2099 2098
f 2136 2145 2143
f 2099 2136 2143
f 2100 2136 2099
f 2136 2148 2145
f 10609 10611 10608
f 10609 10608 10607
f 10608 10616 10752
f 10608 10611 10616
f 10702 10752 10766
f 10766 10752 10616
f 2100 176 2101
f 2101 176 2103
f 2100 2102 2136
f 2100 2101 2102
f 2102 2156 2148
f 2102 2148 2136
f 10612 10613 10611
f 10612 10611 10609
f 10611 10615 10616
f 10611 10613 10615
f 10766 10616 10757
f 10757 10616 10615
f 2103 2152 2101
f 2101 2152 2102
f 2102 2152 2184
f 2184 2192 2191
f 2184 2191 2183
f 2102 2184 2183
f 2156 2102 2183
f 2191 2193 2183
f 10614 10656 10613
f 10614 10613 10612
f 10613 10617 10615
f 10613 10656 10617
f 10757 10615 10645
f 10615 10618 10645
f 10615 10617 10618
f 10618 10707 10645
f 2192 3693 2191
f 2191 3693 2193
f 3693 3694 2193
f 3693 3695 3694
f 3695 3954 3995
f 3696 3695 3995
f 3694 3695 3696
f 3995 3702 3696
f 4001 3930 10656
f 4001 10656 10614
f 10656 3821 10617
f 10656 3930 3821
f 10646 10618 3822
f 10618 3821 3822
f 10618 10617 3821
f 10618 10646 10707
f 3954 3653 3995
f 3995 3653 3702
f 3653 3996 3702
f 3653 3656 3996
f 3996 3910 3997
f 3656 3910 3996
f 3997 3708 3685
f 3910 3708 3997
f 3680 3685 3708
f 3680 3708 3677
f 3976 3823 3930
f 3976 3930 4001
f 3820 3821 3819
f 3821 3823 3819
f 3821 3930 3823
f 3821 3820 3822
f 3677 3679 3680
f 3680 3679 3681
f 7805 3681 3679
f 7805 3679 10320
f 3934 3933 3936
f 3933 3975 3936
f 3936 3975 3976
f 3975 3817 3976
f 3817 3823 3976
f 3823 3817 3819
f 10320 10384 7805
f 7805 10384 10204
f 8025 10204 10384
f 8025 10384 8028
f 3797 3798 3933
f 3934 3797 3933
f 3935 3797 3934
f 3933 3798 3975
f 8028 8022 8025
f 8024 8022 8028
f 3803 3854 3973
f 3803 3973 3962
f 3935 3973 3797
f 3797 3973 3854
f 8024 8023 8022
f 9607 8023 8024
f 6203 3803 3962
f 6203 6204 3803
f 7540 7964 7541
f 7964 9607 7541
f 7964 8023 9607
f 7514 7540 7541
f 6202 6204 6203
f 6202 6205 6204
f 7540 7804 7964
f 7513 7804 7540
f 7514 7513 7540
f 7512 7513 7514
f 6628 6205 6202
f 6628 6177 6205
f 7512 7510 7513
f 7511 7510 7512
f 6175 6174 6173
f 6177 6175 6173
f 6628 6175 6177
f 6174 6172 6173
f 7511 7508 7510
f 7539 7508 7511
f 6176 6174 6175
f 6176 6805 6174
f 6805 6172 6174
f 6805 5637 6172
f 7539 7509 7508
f 9957 7509 7539
f 5602 5637 6805
f 5602 5604 5637
f 9957 9958 7509
f 7509 9958 10032
f 9842 10032 9958
f 9842 9958 9967
f 5601 5604 5602
f 5601 5605 5604
f 9967 9826 9842
f 9836 9826 9967
f 5638 6692 6691
f 5605 5638 6691
f 5601 5638 5605
f 6692 6693 6691
f 9836 9591 9826
f 9828 9591 9836
f 6817 6692 5638
f 6817 6694 6692
f 6694 6693 6692
f 6694 6695 6693
f 9828 9529 9591
f 9978 9529 9828
f 6712 6695 6694
f 6712 5572 6695
f 9533 9530 9534
f 9530 9978 9534
f 9530 9529 9978
f 9535 9533 9534
f 5565 5572 6712
f 5565 5566 5572
f 9533 9532 9530
f 9536 9532 9533
f 9535 9536 9533
f 9537 9536 9535
f 5564 5566 5565
f 5564 5565 5563
f 5563 5561 5564
f 5564 5561 5573
f 9537 9588 9536
f 9540 9588 9537
f 5560 5573 5561
f 5560 7171 5573
f 9540 9584 9588
f 9583 9584 9540
f 5824 7171 5560
f 5824 5752 7171
f 9583 9992 9584
f 9587 9992 9583
f 5539 5752 5824
f 5539 5828 5752
f 9587 7333 9992
f 9992 7333 7311
f 7308 7311 7333
f 7308 7333 7306
f 5540 5828 5539
f 5540 7212 5828
f 7306 7303 7308
f 7302 7303 7306
f 5542 7212 5540
f 5542 5540 5541
f 5541 5543 5542
f 5542 5543 5548
f 7302 7296 7303
f 7297 7296 7302
f 6868 5548 5543
f 6868 5512 5548
f 7297 7295 7296
f 7298 7295 7297
f 5508 5512 6868
f 5508 5511 5512
f 7298 7307 7295
f 9601 7307 7298
f 5506 5511 5508
f 5506 6560 5511
f 9601 7353 7307
f 7351 7353 9601
f 5507 5780 5779
f 6560 5507 5779
f 5506 5507 6560
f 5780 5776 5779
f 7351 7352 7353
f 7350 7352 7351
f 6593 5780 5507
f 6593 7192 5780
f 7192 5776 5780
f 7192 5774 5776
f 7350 7356 7352
f 7352 7356 7355
f 9880 7355 7356
f 9880 7356 10227
f 6594 5774 7192
f 6594 5772 5774
f 10227 8175 9880
f 8194 8175 10227
f 7191 5772 6594
f 7191 5773 5772
f 8194 8177 8175
f 8175 8177 8176
f 8178 8176 8177
f 8178 8177 8179
f 6612 5773 7191
f 6612 180 5773
f 8179 8181 8178
f 8182 8181 8179
f 178 180 6612
f 178 6612 6613
f 6613 4887 178
f 178 4887 4871
f 8187 8184 8185
f 8184 8182 8185
f 8184 8181 8182
f 8195 8187 8185
f 4867 4871 4887
f 4867 4870 4871
f 8187 8188 8184
f 10235 8188 8187
f 8195 10235 8187
f 8234 10235 8195
f 4863 4870 4867
f 4863 4888 4870
f 8234 10213 10235
f 8318 10213 8234
f 4861 4888 4863
f 4861 4864 4888
f 8318 8251 10213
f 8246 8251 8318
f 4860 169 171
f 4864 4860 171
f 4861 4860 4864
f 169 170 171
f 8246 8249 8251
f 8247 8249 8246
f 165 169 4860
f 165 164 169
f 164 170 169
f 164 5038 170
f 8247 8250 8249
f 8252 8250 8247
f 5039 5038 164
f 5039 5035 5038
f 9046 10145 8477
f 10145 8252 8477
f 10145 8250 8252
f 8306 9046 8477
f 6665 5035 5039
f 6665 5019 5035
f 9046 8265 10145
f 9086 8265 9046
f 8306 9086 9046
f 10455 9086 8306
f 5014 5019 6665
f 5014 5017 5019
f 10455 8565 9086
f 8564 8565 10455
f 5016 5017 5014
f 5016 5018 5017
f 8564 8562 8565
f 8563 8562 8564
f 5041 5018 5016
f 5041 5016 6895
f 6895 6851 5041
f 5041 6851 5212
f 10360 8558 8568
f 8558 8563 8568
f 8558 8562 8563
f 8791 10360 8568
f 6911 5212 6851
f 6911 7087 5212
f 10360 8559 8558
f 8561 8559 10360
f 8791 8561 10360
f 8573 8561 8791
f 6151 7087 6911
f 6151 6871 7087
f 8573 8572 8561
f 8574 8572 8573
f 6151 6150 5152
f 6857 6151 5152
f 6871 6151 6857
f 5151 5152 6150
f 8574 8575 8572
f 8576 8575 8574
f 5150 6857 5152
f 5152 5151 5150
f 5151 5149 5150
f 5151 5153 5149
f 8576 8644 8575
f 8579 8644 8576
f 5154 5149 5153
f 5154 5157 5149
f 8579 9813 8644
f 8645 9813 8579
f 7021 5157 5154
f 7021 6996 5157
f 8645 8957 9813
f 8685 8957 8645
f 5492 6996 7021
f 5492 7012 6996
f 9498 10457 8801
f 10457 8685 8801
f 10457 8957 8685
f 8683 9498 8801
f 5284 7012 5492
f 5284 5492 5207
f 5207 5285 5284
f 5284 5285 5165
f 9498 8852 10457
f 8821 8852 9498
f 8683 8821 9498
f 8823 8821 8683
f 5286 5165 5285
f 5286 6736 5165
f 8823 8822 8821
f 8824 8822 8823
f 5289 6736 5286
f 5289 5931 6736
f 8824 10094 8822
f 9315 10094 8824
f 5930 5931 5289
f 5930 5289 5846
f 5846 5933 5930
f 5930 5933 6887
f 8807 8808 8806
f 8808 9315 8806
f 8808 10094 9315
f 8805 8807 8806
f 7085 6887 5933
f 7085 5886 6887
f 8807 8809 8808
f 9013 8809 8807
f 8805 9013 8807
f 10484 9013 8805
f 5855 5886 7085
f 5855 5860 5886
f 10484 8860 9013
f 9608 8860 10484
f 5852 5880 5861
f 5860 5852 5861
f 5855 5852 5860
f 5880 5863 5861
f 9608 8873 8860
f 10152 8873 9608
f 5854 5880 5852
f 5854 7137 5880
f 7137 5863 5880
f 7137 5867 5863
f 8995 10397 9004
f 10397 10152 9004
f 10397 8873 10152
f 8992 8995 9004
f 6004 5867 7137
f 6004 6003 5867
f 8995 9028 10397
f 8988 9028 8995
f 8992 8988 8995
f 8991 8988 8992
f 6022 6003 6004
f 6022 6023 6003
f 10526 8990 10253
f 8990 8991 10253
f 8990 8988 8991
f 8767 10526 10253
f 6024 6023 6022
f 6024 6025 6023
f 10526 10367 8990
f 8779 10367 10526
f 8767 8779 10526
f 8765 8779 8767
f 6026 6052 6115
f 6025 6026 6115
f 6024 6026 6025
f 6052 6063 6115
f 8765 8768 8779
f 8766 8768 8765
f 6051 6979 6052
f 6051 6052 6026
f 6063 6052 6049
f 6049 6052 6979
f 8766 8771 8768
f 8770 8771 8766
f 6847 6979 6051
f 6847 6041 6979
f 6041 6049 6979
f 6041 6042 6049
f 8773 8778 10019
f 10019 8778 10379
f 10019 8771 8770
f 10019 8770 8773
f 6040 6042 6041
f 6040 6044 6042
f 11432 11325 11760
f 11760 11325 11573
f 11760 10379 8778
f 11760 8778 11432
f 11429 11124 11365
f 6044 11429 11365
f 6040 11429 6044
f 11124 11125 11365
f 11561 11560 11559
f 11557 173 11559
f 11559 173 11561
f 173 11557 174
f 11557 11563 174
f 11557 11555 11563
f 11733 11555 11550
f 11733 11563 11555
f 11324 11550 11327
f 11324 11733 11550
f 11327 11573 11325
f 11327 11325 11324
f 11113 11124 11429
f 11113 11104 11124
f 11104 11125 11124
f 11104 11126 11125
f 11260 11282 11259
f 11259 11282 11752
f 11258 11259 11256
f 11258 11260 11259
f 11257 11256 11254
f 11257 11258 11256
f 11262 11254 11281
f 11262 11257 11254
f 11281 11560 11561
f 11808 11281 11561
f 11262 11281 11808
f 11808 11561 173
f 11808 173 172
f 172 173 174
f 11102 11126 11104
f 11102 11104 11103
f 11103 11101 11102
f 11102 11101 11100
f 11086 11088 11087
f 11087 11088 11720
f 11085 11087 11091
f 11085 11086 11087
f 11135 11091 11642
f 11135 11085 11091
f 11776 11642 11189
f 11776 11135 11642
f 11189 11752 11282
f 11189 11282 11776
f 11095 11100 11101
f 11095 11101 11743
f 11093 11743 11098
f 11093 11095 11743
f 11090 11098 11127
f 11090 11093 11098
f 11127 11720 11088
f 11127 11088 11090
f 381 382 368
f 368 382 371
f 370 368 371
f 367 368 370
f 367 183 369
f 370 183 367
f 1282 369 183
f 1282 183 182
f 466 411 428
f 389 425 428
f 411 389 428
f 410 389 411
f 389 407 387
f 410 407 389
f 381 387 382
f 387 373 382
f 387 407 373
f 382 373 371
f 1278 1282 1229
f 1282 1218 1229
f 1282 182 1218
f 1229 1251 1278
f 466 428 4422
f 4456 466 4422
f 4496 466 4456
f 4422 428 425
f 1229 1218 166
f 1218 167 166
f 1218 1213 167
f 1229 166 1251
f 4497 4496 4456
f 4497 4495 4496
f 1213 1201 167
f 1194 1201 1213
f 4493 4495 4497
f 4493 4494 4495
f 1193 1192 1195
f 1194 1193 1195
f 1197 1194 1195
f 1201 1194 1197
f 2318 4494 4493
f 2318 4493 2319
f 2315 2318 2313
f 2318 2312 2313
f 2318 2319 2312
f 2311 2313 2312
f 2321 2325 2322
f 2323 2320 2322
f 2320 2321 2322
f 2320 2340 2321
f 2339 1195 1192
f 2340 2339 1192
f 2320 2339 2340
f 1195 2339 1197
f 2314 2315 2313
f 2314 2313 2311
f 2309 2314 2311
f 2327 2314 2309
f 2328 2322 2325
f 2327 2328 2325
f 2309 2328 2327
f 2322 2328 2323
f 10768 10748 10679
f 2112 2115 10679
f 2112 10679 10748
f 2112 2113 2115
f 10667 10669 10670
f 10748 10768 10670
f 10669 10748 10670
f 10730 10748 10669
f 10748 2111 2112
f 10748 10730 2111
f 2109 2114 2113
f 2112 2109 2113
f 2111 2109 2112
f 2109 2110 2114
f 10702 10682 10668
f 10669 10667 10668
f 10682 10669 10668
f 10683 10669 10682
f 10669 10692 10730
f 10669 10683 10692
f 10730 2108 2111
f 10730 10692 2108
f 2111 2105 2109
f 2111 2108 2105
f 175 177 2110
f 2109 175 2110
f 2105 175 2109
f 175 176 177
f 10766 10764 10682
f 10766 10682 10702
f 10682 10684 10683
f 10682 10764 10684
f 10683 10685 10692
f 10683 10684 10685
f 10692 2117 2108
f 10692 10685 2117
f 2108 2106 2105
f 2108 2117 2106
f 2105 2104 175
f 2105 2106 2104
f 2104 2103 176
f 2104 176 175
f 10757 10746 10764
f 10757 10764 10766
f 10764 10688 10684
f 10764 10746 10688
f 10684 10686 10685
f 10684 10688 10686
f 10685 2121 2117
f 10685 10686 2121
f 2117 2119 2106
f 2117 2121 2119
f 2106 2187 2104
f 2106 2119 2187
f 2202 2152 2103
f 2104 2202 2103
f 2187 2202 2104
f 2203 2184 2152
f 2203 2152 2202
f 2203 2192 2184
f 10645 10746 10757
f 10746 10645 10707
f 10770 10746 10707
f 10688 10746 10770
f 10688 10687 10686
f 10688 10770 10687
f 10690 2121 10689
f 2121 10687 10689
f 2121 10686 10687
f 2121 10690 2119
f 2119 10690 3686
f 2119 3686 2187
f 2187 3686 3688
f 2187 3688 2202
f 2202 3688 3690
f 2202 3690 2203
f 2203 3690 3692
f 2203 3692 2192
f 3692 3693 2192
f 3692 3705 3693
f 3705 3955 3953
f 3695 3705 3953
f 3693 3705 3695
f 3953 3954 3695
f 3822 3824 10646
f 3824 3770 10646
f 10646 3770 10707
f 3770 10754 10707
f 10754 10770 10707
f 10770 10754 10687
f 10687 10754 10722
f 10687 10722 10689
f 3955 3994 3953
f 3953 3994 3954
f 3994 3653 3954
f 3994 3652 3653
f 3653 3651 3656
f 3652 3651 3653
f 3656 3654 3910
f 3651 3654 3656
f 3910 3965 3708
f 3654 3965 3910
f 3677 3708 3965
f 3677 3965 3675
f 3819 3818 3820
f 3818 3825 3820
f 3820 3825 3822
f 3825 3772 3822
f 3772 3824 3822
f 3824 3772 3770
f 3675 3674 3677
f 3677 3674 3679
f 10320 3679 3674
f 10320 3674 10318
f 3926 3816 3817
f 3926 3817 3975
f 3819 3817 3818
f 3817 3815 3818
f 3817 3816 3815
f 3818 3815 3825
f 10318 10319 10320
f 10320 10319 10384
f 8028 10384 10319
f 8028 10319 10374
f 3794 3796 3798
f 3794 3798 3797
f 3975 3798 3926
f 3926 3798 3796
f 10374 8024 8028
f 10534 8024 10374
f 3803 3802 3854
f 3802 3793 3854
f 3793 3797 3854
f 3793 3794 3797
f 7542 9607 10443
f 9607 10534 10443
f 9607 8024 10534
f 8045 7542 10443
f 3801 3799 3802
f 3803 3801 3802
f 6204 3801 3803
f 3802 3799 3793
f 7542 7541 9607
f 7514 7541 7542
f 8045 7514 7542
f 7545 7514 8045
f 6205 3801 6204
f 6205 6849 3801
f 7545 7512 7514
f 7814 7512 7545
f 6177 6171 6170
f 6849 6177 6170
f 6205 6177 6849
f 6171 6168 6170
f 7814 7511 7512
f 10229 7511 7814
f 6173 6171 6177
f 6173 6172 6171
f 6172 6168 6171
f 6172 6960 6168
f 10229 7539 7511
f 186 7539 10229
f 5637 6960 6172
f 5637 5607 6960
f 9959 9957 185
f 9957 186 185
f 9957 7539 186
f 9960 9959 185
f 5604 5607 5637
f 5604 5606 5607
f 9959 9958 9957
f 9967 9958 9959
f 9960 9967 9959
f 10516 9967 9960
f 5605 5606 5604
f 5605 5635 5606
f 10516 9836 9967
f 9970 9836 10516
f 6929 5635 5605
f 6929 5605 6691
f 6691 6693 6929
f 6929 6693 6696
f 9970 9828 9836
f 10302 9828 9970
f 6695 6696 6693
f 6695 6835 6696
f 10302 9978 9828
f 10450 9978 10302
f 5572 6835 6695
f 5572 5570 6835
f 10450 9589 9978
f 9978 9589 9534
f 9535 9534 9589
f 9535 9589 9538
f 5566 5567 5568
f 5570 5566 5568
f 5572 5566 5570
f 5567 5569 5568
f 9538 9537 9535
f 9539 9537 9538
f 5564 5567 5566
f 5564 5573 5567
f 5573 5569 5567
f 5573 6596 5569
f 9539 9540 9537
f 9542 9540 9539
f 7171 6596 5573
f 7171 5733 6596
f 9542 9583 9540
f 9578 9583 9542
f 5752 5733 7171
f 5752 5734 5733
f 10248 9587 9581
f 9587 9578 9581
f 9587 9583 9578
f 9740 10248 9581
f 5828 5739 5737
f 5734 5828 5737
f 5752 5828 5734
f 5739 5738 5737
f 10248 7333 9587
f 7306 7333 10248
f 9740 7306 10248
f 10480 7306 9740
f 7212 5894 5739
f 7212 5739 5828
f 5738 5739 5764
f 5764 5739 5894
f 10480 7302 7306
f 7304 7302 10480
f 5542 5894 7212
f 5542 5548 5894
f 5548 5764 5894
f 5548 5829 5764
f 7304 7297 7302
f 7299 7297 7304
f 5512 5829 5548
f 5512 5513 5829
f 7299 7298 7297
f 7300 7298 7299
f 5511 5513 5512
f 5511 5514 5513
f 10393 9601 8433
f 9601 7300 8433
f 9601 7298 7300
f 7314 10393 8433
f 6560 5778 5816
f 5514 6560 5816
f 5511 6560 5514
f 5778 5777 5816
f 7322 7351 10393
f 10393 7351 9601
f 10393 7314 7316
f 10393 7316 7322
f 5779 5778 6560
f 5779 5776 5778
f 5776 5777 5778
f 5776 5775 5777
f 7323 7350 7322
f 7322 7350 7351
f 7322 7316 7318
f 7322 7318 7323
f 5774 5775 5776
f 5774 5771 5775
f 7323 7356 7350
f 10227 7356 7323
f 7318 10227 7323
f 10042 10227 7318
f 5772 5771 5774
f 5772 5770 5771
f 10042 8194 10227
f 10332 8194 10042
f 5773 5770 5772
f 5773 4885 5770
f 10332 8180 8194
f 8194 8180 8177
f 8179 8177 8180
f 8179 8180 8193
f 180 179 4883
f 4885 180 4883
f 5773 180 4885
f 179 4882 4883
f 8193 8182 8179
f 8189 8182 8193
f 178 179 180
f 178 4871 179
f 4871 4882 179
f 4871 4880 4882
f 8189 8186 8182
f 8182 8186 8185
f 8195 8185 8186
f 8195 8186 8191
f 4870 4880 4871
f 4870 4881 4880
f 8191 8234 8195
f 8241 8234 8191
f 4888 4881 4870
f 4888 7150 4881
f 8241 8318 8234
f 8243 8318 8241
f 4864 7150 4888
f 4864 6630 7150
f 8243 8246 8318
f 8245 8246 8243
f 6674 6630 4864
f 6674 4864 171
f 171 170 6674
f 6674 170 5040
f 8245 8247 8246
f 8248 8247 8245
f 5038 5040 170
f 5038 5036 5040
f 8307 8252 10014
f 8252 8248 10014
f 8252 8247 8248
f 8305 8307 10014
f 5035 5036 5038
f 5035 5021 5036
f 8307 8477 8252
f 8306 8477 8307
f 8305 8306 8307
f 8298 8306 8305
f 5019 5021 5035
f 5019 5020 5021
f 8298 10455 8306
f 8301 10455 8298
f 5017 5020 5019
f 5017 6933 5020
f 8301 8564 10455
f 10009 8564 8301
f 5018 5084 5085
f 6933 5018 5085
f 5017 5018 6933
f 5084 5086 5085
f 10358 8563 8680
f 8563 10009 8680
f 8563 8564 10009
f 8633 10358 8680
f 5041 5084 5018
f 5041 5212 5084
f 5212 5086 5084
f 5212 5089 5086
f 10358 8568 8563
f 8791 8568 10358
f 8633 8791 10358
f 8635 8791 8633
f 7087 5089 5212
f 7087 6735 5089
f 8635 8573 8791
f 10011 8573 8635
f 6871 6735 7087
f 6871 5103 6735
f 10011 8574 8573
f 8577 8574 10011
f 6857 5103 6871
f 6857 5099 5103
f 8577 8576 8574
f 8578 8576 8577
f 5118 5099 6857
f 5118 6857 5150
f 5150 5149 5118
f 5118 5149 5119
f 8578 8579 8576
f 8596 8579 8578
f 5157 5119 5149
f 5157 6995 5119
f 8681 8645 8798
f 8645 8596 8798
f 8645 8579 8596
f 8605 8681 8798
f 6996 6995 5157
f 6996 5498 6995
f 8682 8685 8681
f 8681 8685 8645
f 8681 8605 8606
f 8681 8606 8682
f 7012 5164 5163
f 5498 7012 5163
f 6996 7012 5498
f 5164 5162 5163
f 8682 8801 8685
f 8683 8801 8682
f 8606 8683 8682
f 10401 8683 8606
f 5284 5164 7012
f 5284 5165 5164
f 5165 5162 5164
f 5165 5203 5162
f 10401 8823 8683
f 9467 8823 10401
f 6736 5203 5165
f 6736 5893 5203
f 9467 8824 8823
f 8656 8824 9467
f 5931 5932 6178
f 5893 5931 6178
f 6736 5931 5893
f 5932 5889 6178
f 8804 9315 8659
f 9315 8656 8659
f 9315 8824 8656
f 8657 8804 8659
f 5930 5932 5931
f 5930 6887 5932
f 6887 5889 5932
f 6887 5865 5889
f 8804 8806 9315
f 8805 8806 8804
f 8657 8805 8804
f 9940 8805 8657
f 5886 5865 6887
f 5886 5862 5865
f 9940 10484 8805
f 9645 10484 9940
f 5860 5862 5886
f 5860 189 5862
f 9645 9608 10484
f 9646 9608 9645
f 187 189 5860
f 187 5860 5861
f 5861 5863 187
f 187 5863 5866
f 9646 10152 9608
f 9407 10152 9646
f 5867 5866 5863
f 5867 5868 5866
f 9407 8994 10152
f 10152 8994 9004
f 8992 9004 8994
f 8992 8994 8993
f 6003 5868 5867
f 6003 7028 5868
f 8993 8991 8992
f 10287 8991 8993
f 6023 7028 6003
f 6023 6057 7028
f 10287 8781 8991
f 8991 8781 10253
f 8767 10253 8781
f 8767 8781 8763
f 6025 6061 6060
f 6057 6025 6060
f 6023 6025 6057
f 6061 6062 6060
f 8763 8765 8767
f 8764 8765 8763
f 6115 6061 6025
f 6115 6063 6061
f 6063 6062 6061
f 6063 7051 6062
f 8764 8766 8765
f 8769 8766 8764
f 6049 7051 6063
f 6049 6047 7051
f 8769 8770 8766
f 8772 8770 8769
f 6042 6047 6049
f 6042 6045 6047
f 8774 8777 8773
f 8773 8777 8778
f 8773 8770 8772
f 8773 8772 8774
f 6044 6045 6042
f 6044 6046 6045
f 11312 11311 11432
f 11432 11311 11325
f 11432 8778 8777
f 11432 8777 11312
f 11393 6046 6044
f 11393 6044 11365
f 11365 11125 11393
f 11393 11125 11722
f 11734 11637 11563
f 11563 11637 174
f 11313 11563 11733
f 11313 11734 11563
f 11310 11733 11324
f 11310 11313 11733
f 11324 11325 11311
f 11324 11311 11310
f 11126 11722 11125
f 11126 11807 11722
f 11271 11323 11260
f 11260 11323 11282
f 11261 11260 11258
f 11261 11271 11260
f 11318 11258 11257
f 11318 11261 11258
f 11263 11257 11262
f 11263 11318 11257
f 11264 11262 11808
f 11264 11263 11262
f 11266 11808 172
f 11266 11264 11808
f 172 174 11637
f 172 11637 11266
f 11741 11807 11126
f 11741 11126 11102
f 11096 11579 11100
f 11579 11102 11100
f 11579 11741 11102
f 11096 11097 11579
f 11651 11089 11086
f 11086 11089 11088
f 11075 11086 11085
f 11075 11651 11086
f 11084 11085 11135
f 11084 11075 11085
f 11673 11135 11776
f 11673 11084 11135
f 11776 11282 11323
f 11776 11323 11673
f 11095 11096 11100
f 11094 11097 11096
f 11095 11094 11096
f 11093 11094 11095
f 11092 11093 11090
f 11092 11094 11093
f 11090 11088 11089
f 11090 11089 11092
f 372 416 370
f 372 370 371
f 416 1237 181
f 183 416 181
f 370 416 183
f 181 182 183
f 466 432 411
f 430 410 411
f 430 411 432
f 410 430 431
f 426 410 431
f 407 410 426
f 407 412 373
f 426 412 407
f 371 373 372
f 372 373 412
f 181 1237 1220
f 1220 1237 1221
f 1220 1218 182
f 1220 182 181
f 2073 439 432
f 466 2073 432
f 4496 2073 466
f 432 439 430
f 430 439 437
f 430 437 431
f 1220 1221 1219
f 1219 1221 1222
f 1219 1213 1218
f 1219 1218 1220
f 4495 2073 4496
f 4495 2072 2073
f 1219 1222 1186
f 1186 1222 1184
f 1186 1194 1213
f 1186 1213 1219
f 4494 2072 4495
f 4494 2071 2072
f 1187 1189 1185
f 1187 1185 1184
f 1184 1185 1186
f 1185 1192 1186
f 1192 1193 1186
f 1186 1193 1194
f 4494 2318 2317
f 2074 4494 2317
f 2071 4494 2074
f 2315 2317 2318
f 2331 2329 2326
f 2325 2321 2326
f 2321 2331 2326
f 2321 2337 2331
f 2340 1185 1189
f 2337 2340 1189
f 2321 2340 2337
f 1185 2340 1192
f 2316 2074 2317
f 2316 2317 2315
f 2314 2316 2315
f 2330 2316 2314
f 2327 2326 2329
f 2330 2327 2329
f 2314 2327 2330
f 2326 2327 2325
f 10689 10691 10690
f 3620 3686 10690
f 3620 10690 10691
f 3686 3620 3669
f 3687 3686 3669
f 3688 3686 3687
f 3688 3689 3690
f 3687 3689 3688
f 3690 3691 3692
f 3689 3691 3690
f 3691 3911 3956
f 3705 3691 3956
f 3692 3691 3705
f 3956 3955 3705
f 3770 3769 10754
f 3642 10722 10754
f 3642 10754 3769
f 3642 3640 10722
f 10722 3640 10689
f 3640 3618 10689
f 3618 10691 10689
f 10691 3618 3620
f 3620 3618 3619
f 3620 3619 3669
f 3911 3630 3956
f 3956 3630 3955
f 3630 3994 3955
f 3630 3638 3994
f 3994 3887 3652
f 3638 3887 3994
f 3652 3649 3651
f 3887 3649 3652
f 3651 3650 3654
f 3649 3650 3651
f 3654 3655 3965
f 3650 3655 3654
f 3675 3965 3655
f 3675 3655 3676
f 3825 3979 3772
f 3979 3771 3772
f 3772 3771 3770
f 3771 3678 3770
f 3678 3769 3770
f 3769 3678 3642
f 3642 3678 3641
f 3642 3641 3640
f 3676 3672 3675
f 3675 3672 3674
f 3673 10317 10318
f 3674 3673 10318
f 3672 3673 3674
f 10315 10317 3673
f 3926 3827 3816
f 3816 3827 3826
f 3777 3816 3826
f 3815 3816 3777
f 3825 3815 3979
f 3815 3774 3979
f 3815 3777 3774
f 3979 3774 3771
f 10317 10319 10318
f 10374 10319 10317
f 10315 10374 10317
f 10313 10374 10315
f 3794 3795 3796
f 3795 3985 3796
f 3796 3985 3926
f 3985 3782 3926
f 3782 3827 3926
f 3827 3782 3826
f 10313 10534 10374
f 10311 10534 10313
f 3792 3804 3795
f 3794 3792 3795
f 3793 3792 3794
f 3795 3804 3985
f 10311 10515 10534
f 10534 10515 10443
f 8045 10443 10515
f 8045 10515 10308
f 3801 3800 3799
f 3800 3791 3799
f 3791 3793 3799
f 3791 3792 3793
f 10308 7545 8045
f 10514 7545 10308
f 6849 6169 3800
f 6849 3800 3801
f 3791 3800 6166
f 6166 3800 6169
f 10514 7814 7545
f 9627 7814 10514
f 6170 6169 6849
f 6170 6168 6169
f 6168 6166 6169
f 6168 6167 6166
f 9627 10229 7814
f 9624 10229 9627
f 6960 6167 6168
f 6960 5632 6167
f 184 186 9630
f 186 9624 9630
f 186 10229 9624
f 9632 184 9630
f 5607 5632 6960
f 5607 5608 5632
f 184 185 186
f 9960 185 184
f 9632 9960 184
f 10026 9960 9632
f 5606 5608 5607
f 5606 5609 5608
f 10026 10516 9960
f 9898 10516 10026
f 5635 6830 6829
f 5609 5635 6829
f 5606 5635 5609
f 6830 7105 6829
f 9898 9970 10516
f 9812 9970 9898
f 6929 6830 5635
f 6929 6696 6830
f 6696 7105 6830
f 6696 7141 7105
f 9812 10302 9970
f 9582 10302 9812
f 6835 7141 6696
f 6835 5633 7141
f 9544 10450 9545
f 10450 9582 9545
f 10450 10302 9582
f 9543 9544 9545
f 5570 5633 6835
f 5570 6880 5633
f 9544 9589 10450
f 9538 9589 9544
f 9543 9538 9544
f 9541 9538 9543
f 5571 6880 5570
f 5571 5570 5568
f 5568 5569 5571
f 5571 5569 7172
f 9541 9539 9538
f 9586 9539 9541
f 6596 7172 5569
f 6596 5705 7172
f 9586 9542 9539
f 9570 9542 9586
f 5733 5705 6596
f 5733 5732 5705
f 9579 9578 9577
f 9578 9570 9577
f 9578 9542 9570
f 9580 9579 9577
f 5734 5732 5733
f 5734 5735 5732
f 9579 9581 9578
f 9740 9581 9579
f 9580 9740 9579
f 9858 9740 9580
f 5736 5735 5734
f 5736 5734 5737
f 5737 5738 5736
f 5736 5738 5811
f 9858 10480 9740
f 9806 10480 9858
f 5764 5811 5738
f 5764 5753 5811
f 9806 7304 10480
f 10428 7304 9806
f 5829 5753 5764
f 5829 5754 5753
f 7301 7299 7305
f 7299 10428 7305
f 7299 7304 10428
f 7995 7301 7305
f 5513 5754 5829
f 5513 6943 5754
f 7312 7300 7301
f 7301 7300 7299
f 7301 7995 7313
f 7301 7313 7312
f 5514 6943 5513
f 5514 5784 6943
f 7312 8433 7300
f 7314 8433 7312
f 7313 7314 7312
f 7315 7314 7313
f 5782 5784 5514
f 5782 5514 5816
f 5816 5777 5782
f 5782 5777 5781
f 7315 7316 7314
f 7317 7316 7315
f 5775 5781 5777
f 5775 6896 5781
f 7317 7318 7316
f 7365 7318 7317
f 5771 6896 5775
f 5771 5768 6896
f 7365 10042 7318
f 10109 10042 7365
f 5770 5768 5771
f 5770 5769 5768
f 10109 10332 10042
f 195 10332 10109
f 4885 4884 7125
f 5769 4885 7125
f 5770 4885 5769
f 4884 4894 7125
f 195 194 10332
f 10332 194 8180
f 8193 8180 194
f 8193 194 10447
f 4883 4884 4885
f 4883 4882 4884
f 4882 4894 4884
f 4882 4886 4894
f 10447 8189 8193
f 8201 8189 10447
f 4880 4886 4882
f 4880 4896 4886
f 8186 8189 8190
f 8189 8192 8190
f 8189 8201 8192
f 8190 8191 8186
f 4881 4896 4880
f 4881 6866 4896
f 8192 8311 8190
f 8191 8190 8311
f 8242 8191 8311
f 8241 8191 8242
f 7150 6866 4881
f 7150 6647 6866
f 8242 8243 8241
f 8244 8243 8242
f 6630 6647 7150
f 6630 6624 6647
f 8244 8245 8243
f 8253 8245 8244
f 6629 6624 6630
f 6629 6630 6674
f 6674 5040 6629
f 6629 5040 6882
f 10425 8248 10101
f 8248 8253 10101
f 8248 8245 8253
f 9965 10425 10101
f 5036 6882 5040
f 5036 5037 6882
f 10425 10014 8248
f 8305 10014 10425
f 9965 8305 10425
f 8297 8305 9965
f 5021 5037 5036
f 5021 5022 5037
f 8297 8298 8305
f 8295 8298 8297
f 5020 5022 5021
f 5020 5023 5022
f 8295 8301 8298
f 8296 8301 8295
f 6933 5023 5020
f 6933 5032 5023
f 8647 10009 8648
f 10009 8296 8648
f 10009 8301 8296
f 8599 8647 8648
f 5087 5032 6933
f 5087 6933 5085
f 5085 5086 5087
f 5087 5086 5088
f 8647 8680 10009
f 8633 8680 8647
f 8599 8633 8647
f 8595 8633 8599
f 5089 5088 5086
f 5089 5090 5088
f 8595 8635 8633
f 8643 8635 8595
f 6735 5090 5089
f 6735 5094 5090
f 8643 10011 8635
f 8582 10011 8643
f 5103 5094 6735
f 5103 5096 5094
f 8582 8577 10011
f 8580 8577 8582
f 5099 5096 5103
f 5099 5098 5096
f 9602 8578 8581
f 8578 8580 8581
f 8578 8577 8580
f 8600 9602 8581
f 5117 5098 5099
f 5117 5099 5118
f 5118 5119 5117
f 5117 5119 6888
f 8608 8596 9602
f 9602 8596 8578
f 9602 8600 8602
f 9602 8602 8608
f 6995 6888 5119
f 6995 7047 6888
f 8608 8798 8596
f 8605 8798 8608
f 8602 8605 8608
f 8604 8605 8602
f 5498 7047 6995
f 5498 5146 7047
f 8604 8606 8605
f 8617 8606 8604
f 5160 5146 5498
f 5160 5498 5163
f 5163 5162 5160
f 5160 5162 5161
f 8617 10401 8606
f 10404 10401 8617
f 5203 5161 5162
f 5203 6669 5161
f 10404 9467 10401
f 8679 9467 10404
f 5893 6669 5203
f 5893 5892 6669
f 8655 8656 8653
f 8656 8679 8653
f 8656 9467 8679
f 8651 8655 8653
f 5890 5892 5893
f 5890 5893 6178
f 6178 5889 5890
f 5890 5889 5878
f 8655 8659 8656
f 8657 8659 8655
f 8651 8657 8655
f 8658 8657 8651
f 5865 5878 5889
f 5865 5864 5878
f 8658 9940 8657
f 9644 9940 8658
f 5862 5864 5865
f 5862 198 5864
f 9644 9645 9940
f 9643 9645 9644
f 189 188 196
f 198 189 196
f 5862 189 198
f 188 5870 196
f 9643 9646 9645
f 10327 9646 9643
f 187 188 189
f 187 5866 188
f 5866 5870 188
f 5866 5869 5870
f 8996 9407 8999
f 9407 10327 8999
f 9407 9646 10327
f 8997 8996 8999
f 5868 5869 5866
f 5868 5877 5869
f 8996 8994 9407
f 8993 8994 8996
f 8997 8993 8996
f 8998 8993 8997
f 7028 5877 5868
f 7028 6136 5877
f 8998 10287 8993
f 8780 10287 8998
f 6057 6189 6135
f 6136 6057 6135
f 7028 6057 6136
f 6189 6122 6135
f 8780 8762 10287
f 10287 8762 8781
f 8763 8781 8762
f 8763 8762 8761
f 6060 6189 6057
f 6060 6062 6189
f 6062 6122 6189
f 6062 6120 6122
f 8761 8764 8763
f 10387 8764 8761
f 7051 6120 6062
f 7051 6054 6120
f 10387 8769 8764
f 8776 8769 10387
f 6047 6054 7051
f 6047 6048 6054
f 8776 8772 8769
f 8775 8772 8776
f 6045 6048 6047
f 6045 6053 6048
f 10564 9042 8774
f 8774 9042 8777
f 8774 8772 8775
f 8774 8775 10564
f 6046 6927 6915
f 6053 6046 6915
f 6045 6046 6053
f 6927 6928 6915
f 10340 11308 11312
f 11312 11308 11311
f 11312 8777 9042
f 11312 9042 10340
f 11393 6927 6046
f 11393 11722 6927
f 11722 6928 6927
f 11722 11492 6928
f 11269 11267 11389
f 11637 11734 11389
f 11734 11269 11389
f 11734 11301 11269
f 11304 11734 11313
f 11304 11301 11734
f 11306 11313 11310
f 11306 11304 11313
f 11310 11311 11308
f 11310 11308 11306
f 11807 11496 11515
f 11492 11807 11515
f 11722 11807 11492
f 11496 11357 11515
f 11273 11275 11271
f 11271 11275 11323
f 11272 11271 11261
f 11272 11273 11271
f 11276 11261 11318
f 11276 11272 11261
f 11278 11318 11263
f 11278 11276 11318
f 11265 11263 11264
f 11265 11278 11263
f 11266 11389 11267
f 11265 11266 11267
f 11264 11266 11265
f 11389 11266 11637
f 11741 11496 11807
f 11082 11357 11496
f 11741 11082 11496
f 11579 11082 11741
f 11579 11097 11082
f 11082 11097 11136
f 11083 11750 11651
f 11651 11750 11089
f 11073 11651 11075
f 11073 11083 11651
f 11074 11075 11084
f 11074 11073 11075
f 11336 11084 11673
f 11336 11074 11084
f 11673 11323 11275
f 11673 11275 11336
f 11099 11136 11097
f 11099 11097 11094
f 11120 11094 11092
f 11120 11099 11094
f 11092 11089 11750
f 11092 11750 11120
f 372 452 416
f 452 1237 416
f 431 433 426
f 426 433 434
f 435 426 434
f 412 426 435
f 412 435 372
f 435 481 372
f 481 452 372
f 481 435 480
f 481 1221 1237
f 481 1237 452
f 2073 472 439
f 439 472 469
f 454 439 469
f 437 439 454
f 431 437 433
f 437 455 433
f 437 454 455
f 433 455 434
f 481 480 1223
f 1223 480 1224
f 1223 1222 1221
f 1223 1221 481
f 2072 2065 472
f 2072 472 2073
f 469 472 2063
f 2063 472 2065
f 1223 1224 1188
f 1188 1224 1191
f 1188 1184 1222
f 1188 1222 1223
f 2071 2066 2065
f 2071 2065 2072
f 2063 2065 2064
f 2064 2065 2066
f 1196 1199 1190
f 1196 1190 1191
f 1191 1190 1188
f 1190 1189 1188
f 1189 1187 1188
f 1188 1187 1184
f 2074 2070 2066
f 2074 2066 2071
f 2064 2066 2068
f 2066 2069 2068
f 2066 2070 2069
f 2329 2331 2069
f 2331 2068 2069
f 2331 2341 2068
f 2337 1190 1199
f 2341 2337 1199
f 2331 2337 2341
f 1190 2337 1189
f 2316 2070 2074
f 2070 2316 2330
f 2070 2330 2069
f 2069 2330 2329
f 3669 3922 3687
f 3977 3689 3687
f 3977 3687 3922
f 3925 3691 3689
f 3925 3689 3977
f 3925 3911 3691
f 3639 3617 3618
f 3639 3618 3640
f 3618 3616 3619
f 3617 3616 3618
f 3669 3619 3922
f 3619 3634 3922
f 3619 3616 3634
f 3922 3634 3977
f 3977 3634 3621
f 3977 3621 3925
f 3925 3621 3635
f 3925 3635 3911
f 3635 3630 3911
f 3635 3626 3630
f 3630 3627 3638
f 3626 3627 3630
f 3638 3629 3887
f 3627 3629 3638
f 3887 3644 3649
f 3629 3644 3887
f 3649 3646 3650
f 3644 3646 3649
f 3646 3647 3992
f 3655 3646 3992
f 3650 3646 3655
f 3992 3676 3655
f 3771 3773 3678
f 3678 3773 3856
f 3643 3678 3856
f 3641 3678 3643
f 3640 3641 3639
f 3639 3641 3643
f 3647 3707 3992
f 3992 3707 3676
f 3707 3672 3676
f 3707 3671 3672
f 3672 3668 3673
f 3671 3668 3672
f 10315 3673 3668
f 10315 3668 10314
f 3826 190 3777
f 3777 190 192
f 3776 3777 192
f 3774 3777 3776
f 3771 3774 3773
f 3774 3775 3773
f 3774 3776 3775
f 3773 3775 3856
f 10314 10313 10315
f 10312 10313 10314
f 3783 3781 3782
f 3783 3782 3985
f 3826 3782 190
f 3782 191 190
f 3782 3781 191
f 190 191 192
f 10309 10311 10310
f 10311 10312 10310
f 10311 10313 10312
f 199 10309 10310
f 3788 3786 3804
f 3788 3804 3792
f 3985 3804 3783
f 3783 3804 3786
f 10309 10515 10311
f 10308 10515 10309
f 199 10308 10309
f 9890 10308 199
f 3791 3788 3792
f 3791 3790 3788
f 9890 10514 10308
f 9628 10514 9890
f 6166 3790 3791
f 6166 6165 3790
f 9628 9627 10514
f 9625 9627 9628
f 6167 6165 6166
f 6167 7023 6165
f 9625 9624 9627
f 9623 9624 9625
f 5632 7023 6167
f 5632 5611 7023
f 9623 9622 9624
f 9624 9622 9630
f 9632 9630 9622
f 9632 9622 9620
f 5608 5611 5632
f 5608 5610 5611
f 9620 10026 9632
f 10359 10026 9620
f 5609 6997 5636
f 5610 5609 5636
f 5608 5609 5610
f 6997 5614 5636
f 10359 9898 10026
f 9610 9898 10359
f 6829 6997 5609
f 6829 7105 6997
f 7105 5614 6997
f 7105 5629 5614
f 9610 9812 9898
f 9551 9812 9610
f 7141 5629 7105
f 7141 5628 5629
f 9546 9582 9548
f 9582 9551 9548
f 9582 9812 9551
f 9547 9546 9548
f 5633 5628 7141
f 5633 5630 5628
f 9546 9545 9582
f 9543 9545 9546
f 9547 9543 9546
f 9585 9543 9547
f 6880 5642 5640
f 5630 6880 5640
f 5633 6880 5630
f 5642 5641 5640
f 9585 9541 9543
f 9557 9541 9585
f 5571 5642 6880
f 5571 7172 5642
f 7172 5641 5642
f 7172 5644 5641
f 9557 9586 9541
f 9558 9586 9557
f 5705 5644 7172
f 5705 5651 5644
f 9558 9570 9586
f 9560 9570 9558
f 5732 5651 5705
f 5732 5759 5651
f 9560 9571 9570
f 9570 9571 9577
f 9580 9577 9571
f 9580 9571 9576
f 5735 5759 5732
f 5735 5741 5759
f 9576 9858 9580
f 9803 9858 9576
f 5740 5741 5735
f 5740 5735 5736
f 5736 5811 5740
f 5740 5811 5743
f 9803 9806 9858
f 9798 9806 9803
f 5753 5743 5811
f 5753 5750 5743
f 9798 10428 9806
f 9796 10428 9798
f 5754 5750 5753
f 5754 5761 5750
f 9796 10036 10428
f 10428 10036 7305
f 7995 7305 10036
f 7995 10036 10416
f 6943 5761 5754
f 6943 5786 5761
f 10416 7313 7995
f 7348 7313 10416
f 5784 5783 5785
f 5786 5784 5785
f 6943 5784 5786
f 5783 6810 5785
f 7348 7315 7313
f 7319 7315 7348
f 5782 5783 5784
f 5782 5781 5783
f 5781 6810 5783
f 5781 5723 6810
f 7319 7317 7315
f 7320 7317 7319
f 6896 5723 5781
f 6896 5720 5723
f 7320 7365 7317
f 7329 7365 7320
f 5768 5720 6896
f 5768 5756 5720
f 10512 10109 10535
f 10109 7329 10535
f 10109 7365 7329
f 10362 10512 10535
f 5769 5801 5789
f 5756 5769 5789
f 5768 5769 5756
f 5801 5803 5789
f 193 195 10512
f 10512 195 10109
f 10512 10362 10193
f 10512 10193 193
f 7125 5801 5769
f 7125 4894 5801
f 4894 5803 5801
f 4894 7198 5803
f 193 194 195
f 10447 194 193
f 10193 10447 193
f 8224 10447 10193
f 4886 7198 4894
f 4886 6952 7198
f 8224 8201 10447
f 8202 8201 8224
f 4896 6952 4886
f 4896 6636 6952
f 8240 8192 8203
f 8192 8202 8203
f 8192 8201 8202
f 8510 8240 8203
f 6866 6636 4896
f 6866 6637 6636
f 8240 8311 8192
f 8242 8311 8240
f 8510 8242 8240
f 8269 8242 8510
f 6647 6637 6866
f 6647 6625 6637
f 8269 8244 8242
f 10200 8244 8269
f 6624 6623 6622
f 6625 6624 6622
f 6647 6624 6625
f 6623 6621 6622
f 10200 8253 8244
f 8286 8253 10200
f 6629 6623 6624
f 6629 6882 6623
f 6882 6621 6623
f 6882 7043 6621
f 8286 10282 8253
f 8253 10282 10101
f 9965 10101 10282
f 9965 10282 8302
f 5037 7043 6882
f 5037 5025 7043
f 8302 8297 9965
f 8292 8297 8302
f 5022 5025 5037
f 5022 5024 5025
f 8292 8295 8297
f 8293 8295 8292
f 5023 5024 5022
f 5023 5026 5024
f 8293 8296 8295
f 8300 8296 8293
f 5032 6902 5030
f 5026 5032 5030
f 5023 5032 5026
f 6902 5033 5030
f 8300 10350 8296
f 8296 10350 8648
f 8599 8648 10350
f 8599 10350 8594
f 5087 6902 5032
f 5087 5088 6902
f 5088 5033 6902
f 5088 5091 5033
f 8594 8595 8599
f 8592 8595 8594
f 5090 5091 5088
f 5090 5092 5091
f 8592 8643 8595
f 8585 8643 8592
f 5094 5092 5090
f 5094 5095 5092
f 8585 8582 8643
f 8584 8582 8585
f 5096 5095 5094
f 5096 5097 5095
f 8584 8580 8582
f 8597 8580 8584
f 5098 5159 5100
f 5097 5098 5100
f 5096 5098 5097
f 5159 5102 5100
f 8597 8583 8580
f 8580 8583 8581
f 8600 8581 8583
f 8600 8583 8601
f 5117 5159 5098
f 5117 6888 5159
f 6888 5102 5159
f 6888 5113 5102
f 8601 8602 8600
f 8603 8602 8601
f 7047 5113 6888
f 7047 6976 5113
f 8603 8604 8602
f 8607 8604 8603
f 5146 6976 7047
f 5146 5138 6976
f 8607 8617 8604
f 8611 8617 8607
f 5139 5138 5146
f 5139 5146 5160
f 5160 5161 5139
f 5139 5161 7144
f 8611 10404 8617
f 8614 10404 8611
f 6669 7144 5161
f 6669 7145 7144
f 8652 8679 8654
f 8679 8614 8654
f 8679 10404 8614
f 8649 8652 8654
f 5892 5891 6009
f 7145 5892 6009
f 6669 5892 7145
f 5891 5888 6009
f 8652 8653 8679
f 8651 8653 8652
f 8649 8651 8652
f 8650 8651 8649
f 5890 5891 5892
f 5890 5878 5891
f 5878 5888 5891
f 5878 7040 5888
f 8650 8658 8651
f 9856 8658 8650
f 5864 7040 5878
f 5864 5879 7040
f 9856 9644 8658
f 8695 9644 9856
f 198 197 5876
f 5879 198 5876
f 5864 198 5879
f 197 5872 5876
f 8695 9643 9644
f 8785 9643 8695
f 196 197 198
f 196 5870 197
f 5870 5872 197
f 5870 5871 5872
f 9442 10327 10051
f 10327 8785 10051
f 10327 9643 8785
f 9002 9442 10051
f 5869 5871 5870
f 5869 5874 5871
f 9442 8999 10327
f 8997 8999 9442
f 9002 8997 9442
f 9000 8997 9002
f 5877 6967 7120
f 5874 5877 7120
f 5869 5877 5874
f 6967 6134 7120
f 9000 8998 8997
f 9001 8998 9000
f 6136 6125 6967
f 6136 6967 5877
f 6134 6967 6123
f 6123 6967 6125
f 9001 8780 8998
f 9036 8780 9001
f 6135 6125 6136
f 6135 6122 6125
f 6122 6123 6125
f 6122 6121 6123
f 9036 8760 8780
f 8780 8760 8762
f 8761 8762 8760
f 8761 8760 8737
f 6120 6121 6122
f 6120 6118 6121
f 8737 10387 8761
f 8750 10387 8737
f 6054 6118 6120
f 6054 6116 6118
f 8750 8776 10387
f 10437 8776 8750
f 6048 6116 6054
f 6048 6987 6116
f 10437 8775 8776
f 8759 8775 10437
f 6053 6987 6048
f 6053 6917 6987
f 8758 10338 10564
f 10564 10338 9042
f 10564 8775 8759
f 10564 8759 8758
f 6916 6917 6053
f 6916 6053 6915
f 6915 6928 6916
f 6916 6928 6920
f 10339 11307 10340
f 10340 11307 11308
f 10340 9042 10338
f 10340 10338 10339
f 11492 6920 6928
f 11492 11491 6920
f 11270 11268 11269
f 11269 11268 11267
f 11300 11269 11301
f 11300 11270 11269
f 11302 11301 11304
f 11302 11300 11301
f 11305 11304 11306
f 11305 11302 11304
f 11306 11308 11307
f 11306 11307 11305
f 11391 11491 11492
f 11391 11492 11515
f 11515 11357 11391
f 11391 11357 11358
f 11284 11762 11273
f 11273 11762 11275
f 11274 11273 11272
f 11274 11284 11273
f 11280 11272 11276
f 11280 11274 11272
f 11738 11276 11278
f 11738 11280 11276
f 11299 11278 11265
f 11299 11738 11278
f 11265 11267 11268
f 11265 11268 11299
f 11081 11358 11357
f 11081 11357 11082
f 11079 11078 11136
f 11078 11082 11136
f 11078 11081 11082
f 11079 11077 11078
f 11069 11653 11083
f 11083 11653 11750
f 11070 11083 11073
f 11070 11069 11083
f 11072 11073 11074
f 11072 11070 11073
f 11076 11074 11336
f 11076 11072 11074
f 11336 11275 11762
f 11336 11762 11076
f 11099 11079 11136
f 11751 11077 11079
f 11099 11751 11079
f 11120 11751 11099
f 11120 11750 11653
f 11120 11653 11751
f 434 457 435
f 457 480 435
f 469 470 454
f 471 455 454
f 471 454 470
f 457 434 455
f 471 457 455
f 1226 457 471
f 1226 1224 480
f 1226 480 457
f 2063 2062 470
f 2063 470 469
f 470 1283 471
f 470 2062 1283
f 471 1198 1226
f 471 1283 1198
f 1198 1191 1224
f 1198 1224 1226
f 2064 2067 2062
f 2064 2062 2063
f 2062 1200 1283
f 2062 2067 1200
f 1200 1199 1196
f 1198 1200 1196
f 1283 1200 1198
f 1198 1196 1191
f 2068 2067 2064
f 2067 2068 2341
f 2067 2341 1200
f 1200 2341 1199
f 3639 3670 3617
f 3617 3670 3951
f 3613 3617 3951
f 3616 3617 3613
f 3616 3611 3634
f 3613 3611 3616
f 3634 3609 3621
f 3611 3609 3634
f 3621 3608 3635
f 3609 3608 3621
f 3635 3623 3626
f 3608 3623 3635
f 3626 3625 3627
f 3623 3625 3626
f 3627 3628 3629
f 3625 3628 3627
f 3629 3633 3644
f 3628 3633 3629
f 3644 3645 3646
f 3633 3645 3644
f 3647 3646 3645
f 3647 3645 3648
f 3963 3989 3643
f 3963 3643 3856
f 3639 3643 3670
f 3643 3892 3670
f 3643 3989 3892
f 3670 3892 3951
f 3648 3657 3647
f 3647 3657 3707
f 3707 3661 3671
f 3657 3661 3707
f 3661 3662 3667
f 3668 3661 3667
f 3671 3661 3668
f 3667 10314 3668
f 3778 3779 3776
f 3778 3776 192
f 3776 3828 3775
f 3779 3828 3776
f 3856 3775 3963
f 3963 3775 3828
f 3662 3927 3667
f 10314 3667 3927
f 10316 10314 3927
f 10312 10314 10316
f 3784 3929 3781
f 3784 3781 3783
f 3781 3780 191
f 3929 3780 3781
f 192 191 3778
f 3778 191 3780
f 10316 200 10312
f 10312 200 10310
f 199 10310 200
f 199 200 201
f 3788 3787 3786
f 3787 3785 3786
f 3785 3783 3786
f 3785 3784 3783
f 201 9890 199
f 9888 9890 201
f 3789 3967 3787
f 3788 3789 3787
f 3790 3789 3788
f 3787 3967 3785
f 9888 9628 9890
f 9629 9628 9888
f 6165 3789 3790
f 6165 6158 3789
f 9629 9625 9628
f 9626 9625 9629
f 7023 6158 6165
f 7023 6155 6158
f 9621 9623 9631
f 9623 9626 9631
f 9623 9625 9626
f 9619 9621 9631
f 5611 202 204
f 6155 5611 204
f 7023 5611 6155
f 202 203 204
f 9621 9622 9623
f 9620 9622 9621
f 9619 9620 9621
f 9616 9620 9619
f 5610 5612 202
f 5610 202 5611
f 203 202 5613
f 5613 202 5612
f 9616 10359 9620
f 9617 10359 9616
f 5636 5612 5610
f 5636 5614 5612
f 5614 5613 5612
f 5614 5615 5613
f 9617 9610 10359
f 9609 9610 9617
f 5629 5615 5614
f 5629 5618 5615
f 9609 9551 9610
f 9575 9551 9609
f 5628 5618 5629
f 5628 5622 5618
f 9575 9549 9551
f 9551 9549 9548
f 9547 9548 9549
f 9547 9549 9550
f 5630 5622 5628
f 5630 5631 5622
f 9550 9585 9547
f 9554 9585 9550
f 5639 5631 5630
f 5639 5630 5640
f 5640 5641 5639
f 5639 5641 5643
f 9554 9557 9585
f 9556 9557 9554
f 5644 5643 5641
f 5644 5645 5643
f 9556 9558 9557
f 9559 9558 9556
f 5651 5645 5644
f 5651 5652 5645
f 9562 9560 9561
f 9560 9559 9561
f 9560 9558 9559
f 10305 9562 9561
f 5759 5652 5651
f 5759 5758 5652
f 9562 9571 9560
f 9576 9571 9562
f 10305 9576 9562
f 9808 9576 10305
f 5741 5742 5760
f 5758 5741 5760
f 5759 5741 5758
f 5742 5744 5760
f 9808 9803 9576
f 9799 9803 9808
f 5740 5742 5741
f 5740 5743 5742
f 5743 5744 5742
f 5743 5745 5744
f 9799 9798 9803
f 9797 9798 9799
f 5750 5745 5743
f 5750 5751 5745
f 9797 9796 9798
f 9795 9796 9797
f 5761 5751 5750
f 5761 6850 5751
f 9795 9794 9796
f 9796 9794 10036
f 10416 10036 9794
f 10416 9794 7342
f 5786 6850 5761
f 5786 5788 6850
f 7342 7348 10416
f 7339 7348 7342
f 5787 5788 5786
f 5787 5786 5785
f 5785 6810 5787
f 5787 6810 5721
f 7321 7319 7929
f 7319 7339 7929
f 7319 7348 7339
f 7334 7321 7929
f 5723 5721 6810
f 5723 5718 5721
f 7328 7320 7321
f 7321 7320 7319
f 7321 7334 7330
f 7321 7330 7328
f 5720 5718 5723
f 5720 5719 5718
f 8093 7329 7328
f 7328 7329 7320
f 7328 7330 7331
f 7328 7331 8093
f 5756 5719 5720
f 5756 6964 5719
f 8093 10535 7329
f 10362 10535 8093
f 7331 10362 8093
f 10183 10362 7331
f 5790 6964 5756
f 5790 5756 5789
f 5789 5803 5790
f 5790 5803 6497
f 10183 10193 10362
f 10105 10193 10183
f 7198 6497 5803
f 7198 7195 6497
f 10105 8224 10193
f 8206 8224 10105
f 6952 7195 7198
f 6952 6635 7195
f 8206 8202 8224
f 8205 8202 8206
f 6636 6635 6952
f 6636 6633 6635
f 8205 8204 8202
f 8202 8204 8203
f 8510 8203 8204
f 8510 8204 8282
f 6637 6633 6636
f 6637 6649 6633
f 8282 8269 8510
f 8281 8269 8282
f 6625 6620 6619
f 6649 6625 6619
f 6637 6625 6649
f 6620 6617 6619
f 8281 10200 8269
f 8283 10200 8281
f 6622 6620 6625
f 6622 6621 6620
f 6621 6617 6620
f 6621 6668 6617
f 8283 8286 10200
f 8285 8286 8283
f 7043 6668 6621
f 7043 7002 6668
f 8285 8287 8286
f 8286 8287 10282
f 8302 10282 8287
f 8302 8287 8289
f 5025 7002 7043
f 5025 5034 7002
f 8289 8292 8302
f 8291 8292 8289
f 5024 5034 5025
f 5024 5027 5034
f 8291 8293 8292
f 8294 8293 8291
f 5026 5029 5028
f 5027 5026 5028
f 5024 5026 5027
f 5029 5031 5028
f 8294 8300 8293
f 10492 8300 8294
f 5030 5029 5026
f 5030 5033 5029
f 5033 5031 5029
f 5033 6510 5031
f 10492 8702 8300
f 8300 8702 10350
f 8594 10350 8702
f 8594 8702 8593
f 5091 6510 5033
f 5091 5093 6510
f 8593 8592 8594
f 8587 8592 8593
f 5092 5093 5091
f 5092 6743 5093
f 8587 8585 8592
f 8586 8585 8587
f 5095 6743 5092
f 5095 5140 6743
f 8586 8584 8585
f 8588 8584 8586
f 5097 5101 6904
f 5140 5097 6904
f 5095 5097 5140
f 5101 5104 6904
f 8588 8597 8584
f 9933 8597 8588
f 5100 5101 5097
f 5100 5102 5101
f 5102 5104 5101
f 5102 5105 5104
f 9933 10044 8597
f 8597 10044 8583
f 8601 8583 10044
f 8601 10044 8624
f 5113 5105 5102
f 5113 5108 5105
f 8624 8603 8601
f 8609 8603 8624
f 6976 5108 5113
f 6976 5166 5108
f 8609 8607 8603
f 8610 8607 8609
f 5138 5136 5135
f 5166 5138 5135
f 6976 5138 5166
f 5136 5130 5135
f 8610 8611 8607
f 8612 8611 8610
f 5139 5136 5138
f 5139 7144 5136
f 7144 5130 5136
f 7144 5133 5130
f 9032 8614 8615
f 8614 8612 8615
f 8614 8611 8612
f 8619 9032 8615
f 7145 5133 7144
f 7145 6991 5133
f 9032 8654 8614
f 8649 8654 9032
f 8619 8649 9032
f 8625 8649 8619
f 5843 6991 7145
f 5843 7145 6009
f 6009 5888 5843
f 5843 5888 5281
f 8625 8650 8649
f 10449 8650 8625
f 7040 5281 5888
f 7040 5283 5281
f 10449 9856 8650
f 8693 9856 10449
f 5879 5283 7040
f 5879 7053 5283
f 8693 8695 9856
f 8694 8695 8693
f 5875 7053 5879
f 5875 5879 5876
f 5876 5872 5875
f 5875 5872 5873
f 10461 8785 8698
f 8785 8694 8698
f 8785 8695 8694
f 9044 10461 8698
f 5871 5873 5872
f 5871 6932 5873
f 10461 10051 8785
f 9002 10051 10461
f 9044 9002 10461
f 9003 9002 9044
f 5874 6932 5871
f 5874 6132 6932
f 9003 9000 9002
f 10028 9000 9003
f 6131 6132 5874
f 6131 5874 7120
f 7120 6134 6131
f 6131 6134 6126
f 10028 9001 9000
f 8730 9001 10028
f 6123 6126 6134
f 6123 6124 6126
f 8730 9036 9001
f 8725 9036 8730
f 6121 6124 6123
f 6121 6650 6124
f 8725 8734 9036
f 9036 8734 8760
f 8737 8760 8734
f 8737 8734 8735
f 6118 6650 6121
f 6118 6119 6650
f 8735 8750 8737
f 8738 8750 8735
f 6116 6119 6118
f 6116 6138 6119
f 8738 10437 8750
f 8753 10437 8738
f 6987 6138 6116
f 6987 7089 6138
f 8753 8759 10437
f 8755 8759 8753
f 6917 6918 6919
f 7089 6917 6919
f 6987 6917 7089
f 6918 6921 6919
f 8757 8793 8758
f 8758 8793 10338
f 8758 8759 8755
f 8758 8755 8757
f 6916 6918 6917
f 6916 6920 6918
f 6920 6921 6918
f 6920 6926 6921
f 11576 11309 10339
f 10339 11309 11307
f 10339 10338 8793
f 10339 8793 11576
f 11491 11490 11584
f 6926 11491 11584
f 6920 11491 6926
f 11490 11489 11584
f 11711 11803 11270
f 11270 11803 11268
f 11331 11270 11300
f 11331 11711 11270
f 11303 11300 11302
f 11303 11331 11300
f 11319 11302 11305
f 11319 11303 11302
f 11305 11307 11309
f 11305 11309 11319
f 11391 11490 11491
f 205 207 11358
f 11358 207 11391
f 207 11489 11391
f 11489 11490 11391
f 205 206 207
f 11286 11662 11284
f 11284 11662 11762
f 11285 11284 11274
f 11285 11286 11284
f 11804 11274 11280
f 11804 11285 11274
f 11657 11280 11738
f 11657 11804 11280
f 11656 11738 11299
f 11656 11657 11738
f 11299 11268 11803
f 11299 11803 11656
f 11081 205 11358
f 11062 206 205
f 11081 11062 205
f 11078 11062 11081
f 11078 11077 11062
f 11062 11077 11063
f 11064 11123 11069
f 11069 11123 11653
f 11068 11069 11070
f 11068 11064 11069
f 11071 11070 11072
f 11071 11068 11070
f 11128 11072 11076
f 11128 11071 11072
f 11076 11762 11662
f 11076 11662 11128
f 11080 11063 11077
f 11080 11077 11751
f 11751 11653 11123
f 11751 11123 11080
f 3951 3614 3613
f 3612 3611 3613
f 3612 3613 3614
f 3610 3609 3611
f 3610 3611 3612
f 3607 3608 3609
f 3607 3609 3610
f 3622 3623 3608
f 3622 3608 3607
f 3624 3625 3623
f 3624 3623 3622
f 3637 3628 3625
f 3637 3625 3624
f 3932 3633 3628
f 3932 3628 3637
f 3710 3645 3633
f 3710 3633 3932
f 3710 3648 3645
f 3963 3901 3989
f 3989 3901 3900
f 3928 3989 3900
f 3892 3989 3928
f 3951 3892 3614
f 3892 3632 3614
f 3892 3928 3632
f 3614 3632 3612
f 3612 3632 3615
f 3612 3615 3610
f 3610 3615 3636
f 3610 3636 3607
f 3607 3636 3631
f 3607 3631 3622
f 3622 3631 3709
f 3622 3709 3624
f 3624 3709 3890
f 3624 3890 3637
f 3637 3890 3764
f 3637 3764 3932
f 3932 3764 3852
f 3932 3852 3710
f 3710 3852 3658
f 3710 3658 3648
f 3658 3657 3648
f 3658 3659 3657
f 3657 3660 3661
f 3659 3660 3657
f 3662 3661 3660
f 3662 3660 3663
f 3778 3814 3779
f 3779 3814 3857
f 3988 3779 3857
f 3828 3779 3988
f 3963 3828 3901
f 3828 3898 3901
f 3828 3988 3898
f 3901 3898 3900
f 3663 1183 3662
f 3662 1183 3927
f 10316 3927 1183
f 10316 1183 1179
f 3784 3806 3929
f 3929 3806 3812
f 3837 3929 3812
f 3780 3929 3837
f 3778 3780 3814
f 3780 3853 3814
f 3780 3837 3853
f 3814 3853 3857
f 200 10316 208
f 10316 1177 208
f 10316 1179 1177
f 208 201 200
f 3805 3807 3806
f 3784 3805 3806
f 3785 3805 3784
f 3806 3807 3812
f 1177 209 208
f 201 208 209
f 1180 201 209
f 9888 201 1180
f 3789 3970 3967
f 3970 3811 3967
f 3811 3785 3967
f 3811 3805 3785
f 1180 9629 9888
f 9882 9629 1180
f 6158 6157 3970
f 6158 3970 3789
f 3811 3970 6159
f 6159 3970 6157
f 9882 9626 9629
f 9634 9626 9882
f 6155 6156 6157
f 6155 6157 6158
f 6159 6157 7118
f 7118 6157 6156
f 9634 10279 9626
f 9626 10279 9631
f 9619 9631 10279
f 9619 10279 9615
f 204 6156 6155
f 204 203 6156
f 203 7118 6156
f 203 5624 7118
f 9615 9616 9619
f 9614 9616 9615
f 5613 5624 203
f 5613 5616 5624
f 9614 9617 9616
f 9612 9617 9614
f 5615 5616 5613
f 5615 5617 5616
f 9612 9609 9617
f 9611 9609 9612
f 5618 5617 5615
f 5618 5620 5617
f 9611 9575 9609
f 9857 9575 9611
f 5622 5634 5623
f 5620 5622 5623
f 5618 5622 5620
f 5634 7155 5623
f 9857 9552 9575
f 9575 9552 9549
f 9550 9549 9552
f 9550 9552 9553
f 5631 6936 5634
f 5631 5634 5622
f 7155 5634 5647
f 5647 5634 6936
f 9553 9554 9550
f 9555 9554 9553
f 5639 6936 5631
f 5639 5643 6936
f 5643 5647 6936
f 5643 5646 5647
f 9555 9556 9554
f 9572 9556 9555
f 5645 5646 5643
f 5645 5653 5646
f 9572 9559 9556
f 9564 9559 9572
f 5652 5757 7166
f 5653 5652 7166
f 5645 5652 5653
f 5757 6771 7166
f 9564 9563 9559
f 9559 9563 9561
f 10305 9561 9563
f 10305 9563 9569
f 5758 5749 5757
f 5758 5757 5652
f 6771 5757 5747
f 5747 5757 5749
f 9569 9808 10305
f 10120 9808 9569
f 5760 5749 5758
f 5760 5744 5749
f 5744 5747 5749
f 5744 5746 5747
f 10120 9799 9808
f 9800 9799 10120
f 5745 5746 5744
f 5745 7036 5746
f 9800 9797 9799
f 9805 9797 9800
f 5751 7036 5745
f 5751 5717 7036
f 9793 9795 9804
f 9795 9805 9804
f 9795 9797 9805
f 7345 9793 9804
f 6850 5805 5821
f 5717 6850 5821
f 5751 6850 5717
f 5805 5681 5821
f 9793 9794 9795
f 7342 9794 9793
f 7345 7342 9793
f 7340 7342 7345
f 5788 5804 5805
f 5788 5805 6850
f 5681 5805 6973
f 6973 5805 5804
f 7340 7339 7342
f 7338 7339 7340
f 5787 5804 5788
f 5787 5721 5804
f 5721 6973 5804
f 5721 5703 6973
f 7338 7336 7339
f 7339 7336 7929
f 7334 7929 7336
f 7334 7336 7335
f 5718 5703 5721
f 5718 5714 5703
f 7335 7330 7334
f 7349 7330 7335
f 5719 5714 5718
f 5719 5731 5714
f 7349 7331 7330
f 10334 7331 7349
f 6964 7188 6965
f 5731 6964 6965
f 5719 6964 5731
f 7188 5991 6965
f 10334 10183 7331
f 8219 10183 10334
f 5790 7188 6964
f 5790 6497 7188
f 6497 5991 7188
f 6497 5992 5991
f 8219 10105 10183
f 8210 10105 8219
f 7195 5992 6497
f 7195 6986 5992
f 8210 8206 10105
f 8207 8206 8210
f 6635 6986 7195
f 6635 6634 6986
f 8309 8205 8208
f 8205 8207 8208
f 8205 8206 8207
f 10259 8309 8208
f 6633 6626 6631
f 6634 6633 6631
f 6635 6633 6634
f 6626 6627 6631
f 8309 8204 8205
f 8282 8204 8309
f 10259 8282 8309
f 8279 8282 10259
f 6649 6618 6626
f 6649 6626 6633
f 6627 6626 6616
f 6616 6626 6618
f 8279 8281 8282
f 8280 8281 8279
f 6619 6618 6649
f 6619 6617 6618
f 6617 6616 6618
f 6617 6595 6616
f 8280 8283 8281
f 8284 8283 8280
f 6668 6595 6617
f 6668 5961 6595
f 8284 8285 8283
f 8304 8285 8284
f 7002 5961 6668
f 7002 6564 5961
f 8304 8288 8285
f 8285 8288 8287
f 8289 8287 8288
f 8289 8288 8290
f 5034 7062 7139
f 6564 5034 7139
f 7002 5034 6564
f 7062 7022 7139
f 8290 8291 8289
f 8299 8291 8290
f 5027 5042 7062
f 5027 7062 5034
f 7022 7062 5936
f 5936 7062 5042
f 8299 8294 8291
f 9815 8294 8299
f 5028 5042 5027
f 5028 5031 5042
f 5031 5936 5042
f 5031 5909 5936
f 9815 10492 8294
f 8666 10492 9815
f 6510 5909 5031
f 6510 5910 5909
f 8666 9928 10492
f 10492 9928 8702
f 8593 8702 9928
f 8593 9928 9840
f 5093 5910 6510
f 5093 6182 5910
f 9840 8587 8593
f 8591 8587 9840
f 6743 5116 5859
f 6182 6743 5859
f 5093 6743 6182
f 5116 5308 5859
f 8591 8586 8587
f 8589 8586 8591
f 5140 5114 5116
f 5140 5116 6743
f 5308 5116 5112
f 5112 5116 5114
f 8589 8588 8586
f 8590 8588 8589
f 6904 5114 5140
f 6904 5104 5114
f 5104 5112 5114
f 5104 5106 5112
f 8590 9933 8588
f 8787 9933 8590
f 5105 5106 5104
f 5105 5107 5106
f 8787 9045 9933
f 9933 9045 10044
f 8624 10044 9045
f 8624 9045 9937
f 5108 5107 5105
f 5108 5120 5107
f 9937 8609 8624
f 8616 8609 9937
f 5166 5131 6663
f 5120 5166 6663
f 5108 5166 5120
f 5131 5123 6663
f 8616 8610 8609
f 8613 8610 8616
f 5135 5131 5166
f 5135 5130 5131
f 5130 5123 5131
f 5130 5126 5123
f 8613 8612 8610
f 8795 8612 8613
f 5133 5126 5130
f 5133 5129 5126
f 8795 8618 8612
f 8612 8618 8615
f 8619 8615 8618
f 8619 8618 8620
f 6991 5129 5133
f 6991 5134 5129
f 8620 8625 8619
f 8626 8625 8620
f 5280 5134 6991
f 5280 6991 5843
f 5843 5281 5280
f 5280 5281 5278
f 8626 10449 8625
f 8692 10449 8626
f 5283 5278 5281
f 5283 5282 5278
f 8692 8693 10449
f 8691 8693 8692
f 7053 5282 5283
f 7053 7162 5282
f 8697 8694 8696
f 8694 8691 8696
f 8694 8693 8691
f 8699 8697 8696
f 6907 7162 7053
f 6907 7053 5875
f 5875 5873 6907
f 6907 5873 5239
f 8697 8698 8694
f 9044 8698 8697
f 8699 9044 8697
f 10479 9044 8699
f 6932 5239 5873
f 6932 5243 5239
f 10479 9003 9044
f 10518 9003 10479
f 6132 5243 6932
f 6132 6983 5243
f 10518 10028 9003
f 8782 10028 10518
f 6128 6983 6132
f 6128 6132 6131
f 6131 6126 6128
f 6128 6126 6127
f 8782 8730 10028
f 8723 8730 8782
f 6124 6127 6126
f 6124 6133 6127
f 8723 8725 8730
f 8724 8725 8723
f 6650 6133 6124
f 6650 6140 6133
f 8724 8726 8725
f 8725 8726 8734
f 8735 8734 8726
f 8735 8726 8736
f 6119 6140 6650
f 6119 6139 6140
f 8736 8738 8735
f 8752 8738 8736
f 6138 6139 6119
f 6138 6183 6139
f 8752 8753 8738
f 8754 8753 8752
f 7089 6922 6924
f 6183 7089 6924
f 6138 7089 6183
f 6922 6923 6924
f 8754 8755 8753
f 8756 8755 8754
f 6919 6922 7089
f 6919 6921 6922
f 6921 6923 6922
f 6921 1418 6923
f 8788 8789 8757
f 8757 8789 8793
f 8757 8755 8756
f 8757 8756 8788
f 6926 1418 6921
f 6926 1410 1418
f 11549 11700 11774
f 11309 11576 11774
f 11576 11549 11774
f 11576 11564 11549
f 11576 8793 8789
f 11576 8789 11564
f 11728 1410 6926
f 11728 6926 11584
f 11584 11489 11728
f 11728 11489 11792
f 11521 11522 11711
f 11711 11522 11803
f 11532 11711 11331
f 11532 11521 11711
f 11754 11331 11303
f 11754 11532 11331
f 11319 11774 11700
f 11754 11319 11700
f 11303 11319 11754
f 11774 11319 11309
f 11714 11792 11489
f 11714 11489 207
f 207 206 11714
f 11714 206 11458
f 11288 11322 11286
f 11286 11322 11662
f 11287 11286 11285
f 11287 11288 11286
f 11297 11285 11804
f 11297 11287 11285
f 11583 11804 11657
f 11583 11297 11804
f 11585 11657 11656
f 11585 11583 11657
f 11656 11803 11522
f 11656 11522 11585
f 11060 11458 206
f 11060 206 11062
f 11598 11058 11063
f 11058 11062 11063
f 11058 11060 11062
f 11123 11064 11598
f 11064 11058 11598
f 11064 11059 11058
f 11065 11064 11068
f 11065 11059 11064
f 11137 11068 11071
f 11137 11065 11068
f 11663 11071 11128
f 11663 11137 11071
f 11128 11662 11322
f 11128 11322 11663
f 11080 11598 11063
f 11598 11080 11123
f 3900 3897 3928
f 3928 3897 3896
f 3986 3928 3896
f 3632 3928 3986
f 3632 3851 3615
f 3986 3851 3632
f 3615 3982 3636
f 3851 3982 3615
f 3636 3829 3631
f 3982 3829 3636
f 3631 3711 3709
f 3829 3711 3631
f 3709 3712 3890
f 3711 3712 3709
f 3890 3716 3764
f 3712 3716 3890
f 3764 3717 3852
f 3716 3717 3764
f 3852 3972 3658
f 3717 3972 3852
f 3658 3666 3659
f 3972 3666 3658
f 3666 3971 3664
f 3660 3666 3664
f 3659 3666 3660
f 3664 3663 3660
f 213 215 3988
f 213 3988 3857
f 3988 3899 3898
f 215 3899 3988
f 3900 3898 3897
f 3898 3895 3897
f 3898 3899 3895
f 3897 3895 3896
f 3971 3665 3664
f 3664 3665 3663
f 3665 1183 3663
f 3665 1182 1183
f 1179 1183 1182
f 1179 1182 1164
f 3812 3831 3837
f 3837 3831 3836
f 3891 3837 3836
f 3853 3837 3891
f 3857 3853 213
f 213 3853 3891
f 1164 1177 1179
f 1168 1177 1164
f 3805 3808 3807
f 3808 3809 3807
f 3807 3809 3812
f 3809 3830 3812
f 3830 3831 3812
f 3831 3830 3836
f 209 1177 212
f 1177 210 212
f 1177 1168 210
f 212 1180 209
f 3810 3813 3808
f 3805 3810 3808
f 3811 3810 3805
f 3808 3813 3809
f 210 211 212
f 1180 212 211
f 1161 1180 211
f 9882 1180 1161
f 6159 3810 3811
f 6159 6160 3810
f 1161 9634 9882
f 1166 9634 1161
f 7118 6160 6159
f 7118 6934 6160
f 10279 9634 9633
f 9634 1167 9633
f 9634 1166 1167
f 9633 9615 10279
f 5624 6934 7118
f 5624 5626 6934
f 1167 1171 9633
f 9615 9633 1171
f 1170 9615 1171
f 9614 9615 1170
f 5616 5626 5624
f 5616 5619 5626
f 1170 9612 9614
f 1172 9612 1170
f 5617 5621 5625
f 5619 5617 5625
f 5616 5617 5619
f 5621 7142 5625
f 1172 9611 9612
f 1173 9611 1172
f 5620 5627 5621
f 5620 5621 5617
f 7142 5621 6714
f 6714 5621 5627
f 1173 9857 9611
f 10095 9857 1173
f 5623 5627 5620
f 5623 7155 5627
f 7155 6714 5627
f 7155 5654 6714
f 10095 9574 9857
f 9857 9574 9552
f 9553 9552 9574
f 9553 9574 9573
f 5647 5654 7155
f 5647 5648 5654
f 9573 9555 9553
f 10203 9555 9573
f 5646 5648 5647
f 5646 5649 5648
f 10203 9572 9555
f 10286 9572 10203
f 5653 7112 6884
f 5649 5653 6884
f 5646 5653 5649
f 7112 5658 6884
f 10286 9564 9572
f 9568 9564 10286
f 7166 7112 5653
f 7166 6771 7112
f 6771 5658 7112
f 6771 216 5658
f 9563 9564 9565
f 9564 9566 9565
f 9564 9568 9566
f 9565 9569 9563
f 5747 216 6771
f 5747 5748 216
f 9566 9567 9565
f 9569 9565 9567
f 1174 9569 9567
f 10120 9569 1174
f 5746 5748 5747
f 5746 7164 5748
f 1174 9800 10120
f 1175 9800 1174
f 7036 5679 5682
f 7164 7036 5682
f 5746 7036 7164
f 5679 5675 5682
f 1175 9805 9800
f 1176 9805 1175
f 5717 5680 5679
f 5717 5679 7036
f 5675 5679 5677
f 5677 5679 5680
f 1176 10231 9805
f 9805 10231 9804
f 7345 9804 10231
f 7345 10231 7343
f 5821 5680 5717
f 5821 5681 5680
f 5681 5677 5680
f 5681 5684 5677
f 7343 7340 7345
f 7341 7340 7343
f 6973 5684 5681
f 6973 5701 5684
f 7341 7338 7340
f 7344 7338 7341
f 5703 5701 6973
f 5703 5702 5701
f 7336 7338 7337
f 7338 7366 7337
f 7338 7344 7366
f 7337 7335 7336
f 5714 5716 5715
f 5702 5714 5715
f 5703 5714 5702
f 5716 7101 5715
f 7366 10497 7337
f 7335 7337 10497
f 10529 7335 10497
f 7349 7335 10529
f 5731 6966 5716
f 5731 5716 5714
f 7101 5716 5988
f 5988 5716 6966
f 10529 10334 7349
f 8215 10334 10529
f 6965 6966 5731
f 6965 5991 6966
f 5991 5988 6966
f 5991 5990 5988
f 8215 8219 10334
f 8212 8219 8215
f 5992 5990 5991
f 5992 5989 5990
f 8212 8210 8219
f 8211 8210 8212
f 6986 5999 5983
f 5989 6986 5983
f 5992 6986 5989
f 5999 5982 5983
f 8211 8207 8210
f 10198 8207 8211
f 6634 6638 5999
f 6634 5999 6986
f 5982 5999 6957
f 6957 5999 6638
f 10198 8209 8207
f 8207 8209 8208
f 10259 8208 8209
f 10259 8209 8277
f 6631 6638 6634
f 6631 6627 6638
f 6627 6957 6638
f 6627 6656 6957
f 8277 8279 10259
f 8278 8279 8277
f 6616 6656 6627
f 6616 5963 6656
f 8278 8280 8279
f 9948 8280 8278
f 6595 5963 6616
f 6595 5960 5963
f 9948 8284 8280
f 9833 8284 9948
f 5961 5957 5958
f 5960 5961 5958
f 6595 5961 5960
f 5957 5956 5958
f 9833 8304 8284
f 9834 8304 9833
f 6564 5972 5957
f 6564 5957 5961
f 5956 5957 5939
f 5939 5957 5972
f 8288 8304 9843
f 8304 9837 9843
f 8304 9834 9837
f 9843 8290 8288
f 7139 5972 6564
f 7139 7022 5972
f 7022 5939 5972
f 7022 5908 5939
f 9837 10158 9843
f 8290 9843 10158
f 10566 8290 10158
f 8299 8290 10566
f 5936 5908 7022
f 5936 5906 5908
f 10566 9815 8299
f 8665 9815 10566
f 5909 5906 5936
f 5909 5905 5906
f 8665 8666 9815
f 8662 8666 8665
f 5910 5899 6190
f 5905 5910 6190
f 5909 5910 5905
f 5899 5900 6190
f 8662 8670 8666
f 8666 8670 9928
f 9840 9928 8670
f 9840 8670 10322
f 6182 5897 5899
f 6182 5899 5910
f 5900 5899 5898
f 5898 5899 5897
f 10322 8591 9840
f 9832 8591 10322
f 5859 5897 6182
f 5859 5308 5897
f 5308 5898 5897
f 5308 6767 5898
f 9832 8589 8591
f 8598 8589 9832
f 5112 6767 5308
f 5112 5141 6767
f 8598 8590 8589
f 8634 8590 8598
f 5106 5141 5112
f 5106 5109 5141
f 8800 8787 8799
f 8787 8634 8799
f 8787 8590 8634
f 8803 8800 8799
f 5107 5111 5110
f 5109 5107 5110
f 5106 5107 5109
f 5111 5142 5110
f 8800 9045 8787
f 9937 9045 8800
f 8803 9937 8800
f 10432 9937 8803
f 5120 5121 5111
f 5120 5111 5107
f 5142 5111 5122
f 5122 5111 5121
f 10432 8616 9937
f 9931 8616 10432
f 6663 5121 5120
f 6663 5123 5121
f 5123 5122 5121
f 5123 5124 5122
f 9931 8613 8616
f 10431 8613 9931
f 5126 5124 5123
f 5126 5127 5124
f 8621 8795 10104
f 8795 10431 10104
f 8795 8613 10431
f 8622 8621 10104
f 5129 5127 5126
f 5129 226 5127
f 8621 8618 8795
f 8620 8618 8621
f 8622 8620 8621
f 8623 8620 8622
f 5134 5279 224
f 226 5134 224
f 5129 5134 226
f 5279 5276 224
f 8623 8626 8620
f 9918 8626 8623
f 5280 5279 5134
f 5280 5278 5279
f 5278 5276 5279
f 5278 5277 5276
f 9918 8692 8626
f 8688 8692 9918
f 5282 5277 5278
f 5282 6990 5277
f 8688 8691 8692
f 8689 8691 8688
f 7162 5269 5237
f 6990 7162 5237
f 5282 7162 6990
f 5269 5235 5237
f 8689 8700 8691
f 8691 8700 8696
f 8699 8696 8700
f 8699 8700 10048
f 6907 5269 7162
f 6907 5239 5269
f 5239 5235 5269
f 5239 5238 5235
f 10048 10479 8699
f 8792 10479 10048
f 5243 5238 5239
f 5243 5241 5238
f 8792 10518 10479
f 8732 10518 8792
f 6983 5241 5243
f 6983 5881 5241
f 8732 8782 10518
f 8721 8782 8732
f 6129 5881 6983
f 6129 6983 6128
f 6128 6127 6129
f 6129 6127 6130
f 8721 8723 8782
f 8722 8723 8721
f 6133 6130 6127
f 6133 6582 6130
f 8722 8724 8723
f 8727 8724 8722
f 6140 6582 6133
f 6140 6141 6582
f 8726 8724 8743
f 8724 8728 8743
f 8724 8727 8728
f 8743 8736 8726
f 6139 6141 6140
f 6139 6145 6141
f 8743 8728 10451
f 10451 8728 8739
f 10451 8752 8736
f 10451 8736 8743
f 6183 6925 7024
f 6145 6183 7024
f 6139 6183 6145
f 6925 1417 7024
f 10451 8739 8790
f 8790 8739 8742
f 8790 8754 8752
f 8790 8752 10451
f 6924 6925 6183
f 6924 6923 6925
f 6923 1417 6925
f 6923 1400 1417
f 8790 8742 8749
f 8749 8742 8745
f 8749 8756 8754
f 8749 8754 8790
f 1418 1400 6923
f 1418 1388 1400
f 8784 11735 8797
f 8784 8797 8745
f 8745 8797 8749
f 8797 8789 8749
f 8789 8788 8749
f 8749 8788 8756
f 1410 1411 1390
f 1388 1410 1390
f 1418 1410 1388
f 1411 1391 1390
f 11529 11531 11655
f 11700 11549 11655
f 11549 11529 11655
f 11549 11533 11529
f 11564 8797 11735
f 11533 11564 11735
f 11549 11564 11533
f 8797 11564 8789
f 11728 1411 1410
f 11728 11792 1411
f 11792 1391 1411
f 11792 11793 1391
f 11516 11517 11518
f 11520 11519 11518
f 11518 11519 11516
f 11522 11521 11520
f 11521 11519 11520
f 11521 11523 11519
f 11525 11521 11532
f 11525 11523 11521
f 11754 11655 11531
f 11525 11754 11531
f 11532 11754 11525
f 11655 11754 11700
f 11799 11793 11792
f 11799 11792 11714
f 11061 11802 11458
f 11802 11714 11458
f 11802 11799 11714
f 11061 11067 11802
f 11290 11291 11288
f 11288 11291 11322
f 11289 11288 11287
f 11289 11290 11288
f 11292 11287 11297
f 11292 11289 11287
f 11583 11518 11517
f 11292 11583 11517
f 11297 11583 11292
f 11518 11583 11585
f 11518 11585 11520
f 11520 11585 11522
f 11060 11061 11458
f 11057 11067 11061
f 11060 11057 11061
f 11058 11057 11060
f 11056 11058 11059
f 11056 11057 11058
f 11122 11059 11065
f 11122 11056 11059
f 11795 11065 11137
f 11795 11122 11065
f 11294 11137 11663
f 11294 11795 11137
f 11663 11322 11291
f 11663 11291 11294
f 3896 3894 3986
f 3756 3851 3986
f 3756 3986 3894
f 3754 3982 3851
f 3754 3851 3756
f 3755 3829 3982
f 3755 3982 3754
f 3984 3711 3829
f 3984 3829 3755
f 3711 3984 3714
f 3713 3711 3714
f 3712 3711 3713
f 3712 3715 3716
f 3713 3715 3712
f 3715 3768 3718
f 3717 3715 3718
f 3716 3715 3717
f 3719 3972 3717
f 3719 3717 3718
f 3763 3666 3972
f 3763 3972 3719
f 3763 3971 3666
f 213 214 215
f 3908 3899 215
f 3908 215 214
f 3899 3908 3903
f 3902 3899 3903
f 3895 3899 3902
f 3896 3895 3894
f 3895 3757 3894
f 3895 3902 3757
f 3894 3757 3756
f 3756 3757 3751
f 3756 3751 3754
f 3754 3751 3738
f 3754 3738 3755
f 3755 3738 3762
f 3755 3762 3984
f 3984 3762 3849
f 3984 3849 3714
f 3768 3720 3718
f 3718 3720 3719
f 3719 3720 3721
f 3719 3721 3763
f 3763 3721 3758
f 3763 3758 3971
f 3758 3665 3971
f 3758 3765 3665
f 3765 1181 1165
f 1182 3765 1165
f 3665 3765 1182
f 1165 1164 1182
f 3836 3838 3891
f 3838 3990 3891
f 3891 3990 213
f 3990 3909 213
f 3909 214 213
f 214 3909 3908
f 3908 3909 3906
f 3908 3906 3903
f 1181 1135 1165
f 1164 1165 1135
f 1098 1164 1135
f 1168 1164 1098
f 3832 3833 3830
f 3832 3830 3809
f 3836 3830 3838
f 3830 3835 3838
f 3830 3833 3835
f 3838 3835 3990
f 1098 210 1168
f 1097 210 1098
f 3810 3961 3813
f 3961 3969 3813
f 3969 3809 3813
f 3969 3832 3809
f 211 210 1162
f 210 1096 1162
f 210 1097 1096
f 1162 1161 211
f 6160 6161 3961
f 6160 3961 3810
f 3969 3961 6162
f 6162 3961 6161
f 1096 1094 1162
f 1161 1162 1094
f 1105 1161 1094
f 1166 1161 1105
f 6934 6164 6161
f 6934 6161 6160
f 6162 6161 6163
f 6163 6161 6164
f 1105 1167 1166
f 1106 1167 1105
f 5626 7157 6164
f 5626 6164 6934
f 6163 6164 6825
f 6825 6164 7157
f 1171 1167 1169
f 1167 1125 1169
f 1167 1106 1125
f 1169 1170 1171
f 5619 6708 7157
f 5619 7157 5626
f 6825 7157 5799
f 5799 7157 6708
f 1125 1128 1169
f 1170 1169 1128
f 1142 1170 1128
f 1172 1170 1142
f 5625 6708 5619
f 5625 7142 6708
f 7142 5799 6708
f 7142 5729 5799
f 1142 1173 1172
f 1141 1173 1142
f 6714 5729 7142
f 6714 5685 5729
f 1141 10095 1173
f 1147 10095 1141
f 5654 5685 6714
f 5654 5655 5685
f 9574 10095 10329
f 10095 1149 10329
f 10095 1147 1149
f 10329 9573 9574
f 5648 5650 5795
f 5655 5648 5795
f 5654 5648 5655
f 5650 7179 5795
f 1149 1160 10329
f 9573 10329 1160
f 1158 9573 1160
f 10203 9573 1158
f 5649 5656 5650
f 5649 5650 5648
f 7179 5650 5657
f 5657 5650 5656
f 1158 10286 10203
f 1156 10286 1158
f 6884 5656 5649
f 6884 5658 5656
f 5658 5657 5656
f 5658 5659 5657
f 1156 9568 10286
f 1150 9568 1156
f 216 217 218
f 5659 216 218
f 5658 216 5659
f 217 219 218
f 1150 9566 9568
f 1151 9566 1150
f 5748 5673 217
f 5748 217 216
f 219 217 220
f 220 217 5673
f 9567 9566 1178
f 9566 1152 1178
f 9566 1151 1152
f 1178 1174 9567
f 7164 5674 5673
f 7164 5673 5748
f 220 5673 5670
f 5670 5673 5674
f 1152 1144 1178
f 1174 1178 1144
f 1140 1174 1144
f 1175 1174 1140
f 5682 5674 7164
f 5682 5675 5674
f 5675 5670 5674
f 5675 5676 5670
f 1140 1176 1175
f 1137 1176 1140
f 5677 5676 5675
f 5677 5678 5676
f 10231 1176 10052
f 1176 1148 10052
f 1176 1137 1148
f 10052 7343 10231
f 5684 5698 6910
f 5678 5684 6910
f 5677 5684 5678
f 5698 5695 6910
f 1148 1154 10052
f 7343 10052 1154
f 1146 7343 1154
f 7341 7343 1146
f 5701 5699 5698
f 5701 5698 5684
f 5695 5698 5697
f 5697 5698 5699
f 1146 7344 7341
f 1136 7344 1146
f 5702 5797 5699
f 5702 5699 5701
f 5697 5699 5700
f 5700 5699 5797
f 1136 7366 7344
f 1139 7366 1136
f 5715 5797 5702
f 5715 7101 5797
f 7101 5700 5797
f 7101 5987 5700
f 1139 10331 7366
f 7366 10331 10497
f 10529 10497 10331
f 10529 10331 8218
f 5988 5987 7101
f 5988 5986 5987
f 8218 8215 10529
f 8214 8215 8218
f 5990 5986 5988
f 5990 6894 5986
f 8214 8212 8215
f 8213 8212 8214
f 5989 5980 5979
f 6894 5989 5979
f 5990 5989 6894
f 5980 5977 5979
f 8213 8211 8212
f 8222 8211 8213
f 5983 5980 5989
f 5983 5982 5980
f 5982 5977 5980
f 5982 5994 5977
f 8222 10198 8211
f 9950 10198 8222
f 6957 5994 5982
f 6957 7052 5994
f 8209 10198 8276
f 10198 8273 8276
f 10198 9950 8273
f 8276 8277 8209
f 6656 7052 6957
f 6656 5968 7052
f 8276 8273 8275
f 8275 8273 8274
f 8275 8278 8277
f 8275 8277 8276
f 5963 5962 5964
f 5968 5963 5964
f 6656 5963 5968
f 5962 5965 5964
f 8275 8274 8303
f 8303 8274 10439
f 8303 9948 8278
f 8303 8278 8275
f 5960 5959 5962
f 5960 5962 5963
f 5965 5962 5970
f 5970 5962 5959
f 10439 10345 8303
f 9948 8303 10345
f 9835 9948 10345
f 9833 9948 9835
f 5958 5959 5960
f 5958 5956 5959
f 5956 5970 5959
f 5956 5940 5970
f 9835 9834 9833
f 10222 9834 9835
f 5939 5940 5956
f 5939 5938 5940
f 10222 9837 9834
f 10491 9837 10222
f 5908 5907 5937
f 5938 5908 5937
f 5939 5908 5938
f 5907 6854 5937
f 10158 9837 223
f 9837 221 223
f 9837 10491 221
f 223 10566 10158
f 5906 5904 5907
f 5906 5907 5908
f 6854 5907 5928
f 5928 5907 5904
f 221 222 223
f 10566 223 222
f 8664 10566 222
f 8665 10566 8664
f 5905 5903 5904
f 5905 5904 5906
f 5928 5904 5902
f 5902 5904 5903
f 8664 8662 8665
f 8663 8662 8664
f 6190 5903 5905
f 6190 5900 5903
f 5900 5902 5903
f 5900 5901 5902
f 8670 8662 8661
f 8662 8641 8661
f 8662 8663 8641
f 8661 10322 8670
f 5898 5901 5900
f 5898 5929 5901
f 8641 8640 8661
f 10322 8661 8640
f 8637 10322 8640
f 9832 10322 8637
f 6767 7048 7153
f 5929 6767 7153
f 5898 6767 5929
f 7048 6014 7153
f 8637 8598 9832
f 8636 8598 8637
f 5141 6809 7048
f 5141 7048 6767
f 6014 7048 5884
f 5884 7048 6809
f 8636 8634 8598
f 8701 8634 8636
f 5109 5115 6809
f 5109 6809 5141
f 5884 6809 6992
f 6992 6809 5115
f 8799 8634 9066
f 8634 10417 9066
f 8634 8701 10417
f 9066 8803 8799
f 5110 5115 5109
f 5110 5142 5115
f 5142 6992 5115
f 5142 5132 6992
f 10417 10153 9066
f 8803 9066 10153
f 9372 8803 10153
f 10432 8803 9372
f 5122 5132 5142
f 5122 5125 5132
f 9372 9931 10432
f 9371 9931 9372
f 5124 5128 5143
f 5125 5124 5143
f 5122 5124 5125
f 5128 7059 5143
f 9371 10431 9931
f 9370 10431 9371
f 5127 5144 5128
f 5127 5128 5124
f 7059 5128 6697
f 6697 5128 5144
f 10104 10431 8796
f 10431 8631 8796
f 10431 9370 8631
f 8796 8622 10104
f 226 225 5144
f 226 5144 5127
f 6697 5144 5274
f 5274 5144 225
f 8631 8628 8796
f 8622 8796 8628
f 8627 8622 8628
f 8623 8622 8627
f 224 225 226
f 224 5276 225
f 5276 5274 225
f 5276 5275 5274
f 8627 9918 8623
f 8632 9918 8627
f 5277 5275 5276
f 5277 7138 5275
f 8632 8688 9918
f 8687 8688 8632
f 6990 5236 5247
f 7138 6990 5247
f 5277 6990 7138
f 5236 5230 5247
f 8687 8689 8688
f 8690 8689 8687
f 5237 5236 6990
f 5237 5235 5236
f 5235 5230 5236
f 5235 5234 5230
f 8700 8689 10488
f 8689 10301 10488
f 8689 8690 10301
f 10488 10048 8700
f 5238 5234 5235
f 5238 5240 5234
f 10301 10454 10488
f 10048 10488 10454
f 8733 10048 10454
f 8792 10048 8733
f 5241 5240 5238
f 5241 5259 5240
f 8733 8732 8792
f 8720 8732 8733
f 5881 6833 5263
f 5259 5881 5263
f 5241 5881 5259
f 6833 7158 5263
f 8720 8721 8732
f 8718 8721 8720
f 6129 6833 5881
f 6129 6130 6833
f 6130 7158 6833
f 6130 6180 7158
f 8718 8722 8721
f 8751 8722 8718
f 6582 6180 6130
f 6582 6142 6180
f 8751 8727 8722
f 8729 8727 8751
f 6141 6142 6582
f 6141 6146 6142
f 8729 8728 8727
f 8731 8728 8729
f 6145 6149 6147
f 6146 6145 6147
f 6141 6145 6146
f 6149 1379 6147
f 8731 8739 8728
f 8740 8739 8731
f 7024 6149 6145
f 7024 1417 6149
f 1417 1379 6149
f 1417 1380 1379
f 8740 8742 8739
f 8744 8742 8740
f 1400 1380 1417
f 1400 1385 1380
f 8747 8748 8746
f 8744 8747 8746
f 8745 8744 8746
f 8742 8744 8745
f 1388 1389 1387
f 1385 1388 1387
f 1400 1388 1385
f 1389 1401 1387
f 11537 11534 11548
f 11537 11548 8748
f 8748 11548 8746
f 11548 11735 8746
f 11735 8784 8746
f 8746 8784 8745
f 1390 1389 1388
f 1390 1391 1389
f 1391 1401 1389
f 1391 1402 1401
f 11538 11694 11526
f 11527 11528 11526
f 11526 11528 11538
f 11531 11529 11527
f 11529 11528 11527
f 11529 11530 11528
f 11533 11548 11534
f 11530 11533 11534
f 11529 11533 11530
f 11548 11533 11735
f 11793 11794 1416
f 1402 11793 1416
f 1391 11793 1402
f 11794 1436 1416
f 11044 11045 11486
f 11517 11516 11486
f 11516 11044 11486
f 11516 11672 11044
f 11524 11516 11519
f 11524 11672 11516
f 11523 11526 11694
f 11524 11523 11694
f 11519 11523 11524
f 11526 11523 11525
f 11526 11525 11527
f 11527 11525 11531
f 11799 11794 11793
f 1439 1436 11794
f 11799 1439 11794
f 11802 1439 11799
f 11066 11757 11067
f 11757 11802 11067
f 11757 1439 11802
f 11066 11582 11757
f 11053 11346 11753
f 11293 11295 11753
f 11753 11295 11053
f 11291 11290 11293
f 11290 11295 11293
f 11290 11296 11295
f 11344 11290 11289
f 11344 11296 11290
f 11292 11486 11045
f 11344 11292 11045
f 11289 11292 11344
f 11486 11292 11517
f 11057 11066 11067
f 11055 11582 11066
f 11057 11055 11066
f 11056 11055 11057
f 11054 11056 11122
f 11054 11055 11056
f 11795 11753 11346
f 11054 11795 11346
f 11122 11795 11054
f 11753 11795 11294
f 11753 11294 11293
f 11293 11294 11291
f 3714 3766 3713
f 3886 3715 3713
f 3886 3713 3766
f 3886 3768 3715
f 3903 3904 3902
f 3902 3904 3905
f 3983 3902 3905
f 3757 3902 3983
f 3757 3752 3751
f 3983 3752 3757
f 3751 3737 3738
f 3752 3737 3751
f 3738 3735 3762
f 3737 3735 3738
f 3762 3733 3849
f 3735 3733 3762
f 3714 3849 3766
f 3849 3730 3766
f 3849 3733 3730
f 3766 3730 3886
f 3886 3730 3724
f 3886 3724 3768
f 3724 3720 3768
f 3724 3723 3720
f 3720 3722 3721
f 3723 3722 3720
f 3722 3760 3759
f 3758 3722 3759
f 3721 3722 3758
f 3761 3765 3758
f 3761 3758 3759
f 3761 1181 3765
f 3990 3959 3909
f 3909 3959 3917
f 3912 3909 3917
f 3906 3909 3912
f 3903 3906 3904
f 3906 3907 3904
f 3906 3912 3907
f 3904 3907 3905
f 3760 3767 3759
f 1089 1084 3767
f 1084 3759 3767
f 1084 3761 3759
f 1090 1135 1181
f 3761 1090 1181
f 1084 1090 3761
f 1090 1098 1135
f 3832 3834 3833
f 3839 3835 3833
f 3839 3833 3834
f 3839 3945 3835
f 3835 3945 3990
f 3945 3948 3990
f 3948 3959 3990
f 3959 3948 3917
f 1089 1083 1084
f 1078 1079 1083
f 1079 1084 1083
f 1079 1090 1084
f 1079 1097 1098
f 1079 1098 1090
f 3969 3840 3834
f 3969 3834 3832
f 3842 3839 3841
f 3839 3840 3841
f 3839 3834 3840
f 3839 3842 3945
f 1079 1078 1077
f 1077 1078 1076
f 1077 1096 1097
f 1077 1097 1079
f 3844 3843 3840
f 3969 3844 3840
f 6162 3844 3969
f 3840 3843 3841
f 1076 1075 1077
f 1075 1071 1095
f 1075 1095 1094
f 1077 1075 1094
f 1096 1077 1094
f 1095 1105 1094
f 6163 3844 6162
f 6163 7154 3844
f 1095 1071 1099
f 1099 1071 1070
f 1099 1106 1105
f 1099 1105 1095
f 6825 7154 6163
f 6825 5767 7154
f 1099 1070 1101
f 1101 1070 1069
f 1101 1125 1106
f 1101 1106 1099
f 5799 5767 6825
f 5799 5763 5767
f 1069 1092 1101
f 1092 1081 1129
f 1092 1129 1128
f 1101 1092 1128
f 1125 1101 1128
f 1129 1142 1128
f 5729 5763 5799
f 5729 5691 5763
f 1129 1081 1134
f 1134 1081 1082
f 1134 1141 1142
f 1134 1142 1129
f 5685 5686 5690
f 5691 5685 5690
f 5729 5685 5691
f 5686 7130 5690
f 1082 1132 1134
f 1141 1134 1132
f 1103 1141 1132
f 1147 1141 1103
f 5655 5687 5686
f 5655 5686 5685
f 7130 5686 5689
f 5689 5686 5687
f 1103 1149 1147
f 1102 1149 1103
f 5795 5687 5655
f 5795 7179 5687
f 7179 5689 5687
f 7179 5661 5689
f 1160 1149 1159
f 1149 1104 1159
f 1149 1102 1104
f 1159 1158 1160
f 5657 5661 7179
f 5657 5660 5661
f 1159 1104 1157
f 1157 1104 1107
f 1157 1156 1158
f 1157 1158 1159
f 5659 227 5666
f 5660 5659 5666
f 5657 5659 5660
f 227 5667 5666
f 1157 1107 1155
f 1155 1107 1108
f 1155 1150 1156
f 1155 1156 1157
f 218 227 5659
f 218 219 227
f 219 5667 227
f 219 5668 5667
f 1108 1109 1155
f 1150 1155 1109
f 1127 1150 1109
f 1151 1150 1127
f 220 5668 219
f 220 5669 5668
f 1127 1152 1151
f 1126 1152 1127
f 5670 7132 5671
f 5669 5670 5671
f 220 5670 5669
f 7132 5722 5671
f 1144 1152 1143
f 1152 1123 1143
f 1152 1126 1123
f 1143 1140 1144
f 5676 5692 7132
f 5676 7132 5670
f 5722 7132 5706
f 5706 7132 5692
f 1143 1123 1138
f 1138 1123 1122
f 1138 1137 1140
f 1138 1140 1143
f 5678 5693 5692
f 5678 5692 5676
f 5706 5692 5694
f 5694 5692 5693
f 1122 1115 1138
f 1137 1138 1115
f 1124 1137 1115
f 1148 1137 1124
f 6910 5693 5678
f 6910 5695 5693
f 5695 5694 5693
f 5695 5696 5694
f 1154 1148 1153
f 1148 1121 1153
f 1148 1124 1121
f 1153 1146 1154
f 5697 5696 5695
f 5697 5802 5696
f 1153 1121 1145
f 1145 1121 1120
f 1145 1136 1146
f 1145 1146 1153
f 5700 5802 5697
f 5700 7000 5802
f 1120 1131 1145
f 1136 1145 1131
f 1130 1136 1131
f 1139 1136 1130
f 5987 5985 5993
f 7000 5987 5993
f 5700 5987 7000
f 5985 6006 5993
f 10331 1139 1163
f 1139 1133 1163
f 1139 1130 1133
f 1163 8218 10331
f 5986 5981 5985
f 5986 5985 5987
f 6006 5985 5984
f 5984 5985 5981
f 1133 233 1163
f 8218 1163 233
f 232 8218 233
f 8214 8218 232
f 6894 5978 5981
f 6894 5981 5986
f 5984 5981 5976
f 5976 5981 5978
f 232 8213 8214
f 8216 8213 232
f 5979 5978 6894
f 5979 5977 5978
f 5977 5976 5978
f 5977 5974 5976
f 8216 8222 8213
f 8221 8222 8216
f 5994 5974 5977
f 5994 5971 5974
f 8221 9950 8222
f 8236 9950 8221
f 7052 5967 5969
f 5971 7052 5969
f 5994 7052 5971
f 5967 1731 5969
f 8236 8273 9950
f 8271 8273 8236
f 5968 5966 5967
f 5968 5967 7052
f 1731 5967 1733
f 1733 5967 5966
f 8271 8274 8273
f 8308 8274 8271
f 5964 5966 5968
f 5964 5965 5966
f 5965 1733 5966
f 5965 1743 1733
f 8308 10439 8274
f 10006 10439 8308
f 5970 1743 5965
f 5970 6770 1743
f 10345 10439 10186
f 10439 10004 10186
f 10439 10006 10004
f 10186 9835 10345
f 5940 6770 5970
f 5940 5941 6770
f 10186 10004 10007
f 10007 10004 10003
f 10007 10222 9835
f 10007 9835 10186
f 5938 5973 5942
f 5941 5938 5942
f 5940 5938 5941
f 5973 7151 5942
f 10003 9505 10007
f 10222 10007 9505
f 9504 10222 9505
f 10491 10222 9504
f 5937 5973 5938
f 5937 6854 5973
f 6854 7151 5973
f 6854 7126 7151
f 9504 221 10491
f 9650 221 9504
f 5928 7126 6854
f 5928 6741 7126
f 222 221 8668
f 221 8684 8668
f 221 9650 8684
f 8668 8664 222
f 5902 6741 5928
f 5902 5911 6741
f 8668 8684 8667
f 8667 8684 9313
f 8667 8663 8664
f 8667 8664 8668
f 5901 5916 5912
f 5911 5901 5912
f 5902 5901 5911
f 5916 5917 5912
f 9313 8669 8667
f 8663 8667 8669
f 9939 8663 8669
f 8641 8663 9939
f 5929 5919 5916
f 5929 5916 5901
f 5917 5916 5918
f 5918 5916 5919
f 8640 8641 8639
f 8641 8642 8639
f 8641 9939 8642
f 8639 8637 8640
f 7153 5919 5929
f 7153 6014 5919
f 6014 5918 5919
f 6014 5885 5918
f 8639 8642 8638
f 8638 8642 9916
f 8638 8636 8637
f 8638 8637 8639
f 5884 5211 5494
f 5885 5884 5494
f 6014 5884 5885
f 5211 5493 5494
f 9916 8671 8638
f 8636 8638 8671
f 8672 8636 8671
f 8701 8636 8672
f 6992 5145 5211
f 6992 5211 5884
f 5493 5211 5168
f 5168 5211 5145
f 8672 10417 8701
f 9927 10417 8672
f 5132 5137 5145
f 5132 5145 6992
f 5168 5145 5167
f 5167 5145 5137
f 10153 10417 9605
f 10417 9606 9605
f 10417 9927 9606
f 9605 9372 10153
f 5125 7104 5137
f 5125 5137 5132
f 5167 5137 5214
f 5214 5137 7104
f 9606 9405 9605
f 9372 9605 9405
f 9367 9372 9405
f 9371 9372 9367
f 5143 7104 5125
f 5143 7059 7104
f 7059 5214 7104
f 7059 5272 5214
f 9367 9370 9371
f 9368 9370 9367
f 6697 5272 7059
f 6697 5244 5272
f 9368 8631 9370
f 10228 8631 9368
f 5274 5244 6697
f 5274 5273 5244
f 8628 8631 8629
f 8631 8646 8629
f 8631 10228 8646
f 8629 8627 8628
f 5275 5228 6744
f 5273 5275 6744
f 5274 5275 5273
f 5228 5224 6744
f 8629 8646 8630
f 8630 8646 9447
f 8630 8632 8627
f 8630 8627 8629
f 7138 5229 5228
f 7138 5228 5275
f 5224 5228 5226
f 5226 5228 5229
f 9447 8660 8630
f 8632 8630 8660
f 8686 8632 8660
f 8687 8632 8686
f 5247 5229 7138
f 5247 5230 5229
f 5230 5226 5229
f 5230 5231 5226
f 8686 8690 8687
f 10184 8690 8686
f 5234 5231 5230
f 5234 5242 5231
f 10184 10301 8690
f 8710 10301 10184
f 5240 5261 7091
f 5242 5240 7091
f 5234 5240 5242
f 5261 5268 7091
f 10454 10301 10199
f 10301 8711 10199
f 10301 8710 8711
f 10199 8733 10454
f 5259 5262 5261
f 5259 5261 5240
f 5268 5261 5270
f 5270 5261 5262
f 10199 8711 8794
f 8794 8711 8713
f 8794 8720 8733
f 8794 8733 10199
f 5263 5262 5259
f 5263 7158 5262
f 7158 5270 5262
f 7158 6971 5270
f 8794 8713 8716
f 8716 8713 8715
f 8716 8718 8720
f 8716 8720 8794
f 6180 6971 7158
f 6180 5840 6971
f 8716 8715 8717
f 8717 8715 8719
f 8717 8751 8718
f 8717 8718 8716
f 6142 7148 5841
f 5840 6142 5841
f 6180 6142 5840
f 7148 1408 5841
f 8717 8719 10363
f 10363 8719 1359
f 10363 8729 8751
f 10363 8751 8717
f 6146 6148 7148
f 6146 7148 6142
f 1408 7148 1384
f 1384 7148 6148
f 10363 1359 9033
f 9033 1359 1357
f 9033 8731 8729
f 9033 8729 10363
f 6147 6148 6146
f 6147 1379 6148
f 1379 1384 6148
f 1379 1381 1384
f 9033 1357 8741
f 8741 1357 1358
f 8741 8740 8731
f 8741 8731 9033
f 1380 1383 1382
f 1381 1380 1382
f 1379 1380 1381
f 1383 1395 1382
f 8741 1358 8783
f 8783 1358 10136
f 8783 8744 8740
f 8783 8740 8741
f 1385 1386 1383
f 1385 1383 1380
f 1395 1383 1397
f 1397 1383 1386
f 10137 10138 10135
f 10137 10135 10136
f 10136 10135 8783
f 10135 8748 8783
f 8748 8747 8783
f 8783 8747 8744
f 1387 1386 1385
f 1387 1401 1386
f 1401 1397 1386
f 1401 1403 1397
f 11546 11547 11702
f 11535 11536 11702
f 11702 11536 11546
f 11536 11535 10138
f 10138 11535 10135
f 11535 11534 10135
f 11534 11537 10135
f 10135 11537 8748
f 1402 1405 1404
f 1403 1402 1404
f 1401 1402 1403
f 1405 1414 1404
f 11540 236 11542
f 11694 11538 11542
f 11538 11540 11542
f 11538 11539 11540
f 11528 11702 11547
f 11539 11528 11547
f 11538 11528 11539
f 11702 11528 11530
f 11702 11530 11535
f 11535 11530 11534
f 1416 1405 1402
f 1438 1431 1436
f 1436 1431 1416
f 1431 1414 1416
f 1414 1405 1416
f 1438 1437 1431
f 11036 11042 11043
f 11045 11044 11043
f 11044 11036 11043
f 11044 11668 11036
f 235 11044 11672
f 235 11668 11044
f 11524 11542 236
f 235 11524 236
f 11672 11524 235
f 11542 11524 11694
f 1439 1438 1436
f 1440 1437 1438
f 1439 1440 1438
f 11757 1440 1439
f 11051 11050 11582
f 11050 11757 11582
f 11050 1440 11757
f 11052 11049 11051
f 11051 11049 11050
f 11346 11053 11052
f 11053 11049 11052
f 11053 11334 11049
f 11748 11053 11295
f 11748 11334 11053
f 11791 11295 11296
f 11791 11748 11295
f 11344 11043 11042
f 11791 11344 11042
f 11296 11344 11791
f 11043 11344 11045
f 11055 11051 11582
f 11051 11055 11054
f 11051 11054 11052
f 11052 11054 11346
f 3905 3920 3983
f 3923 3752 3983
f 3923 3983 3920
f 3753 3737 3752
f 3753 3752 3923
f 3736 3735 3737
f 3736 3737 3753
f 3734 3733 3735
f 3734 3735 3736
f 3731 3730 3733
f 3731 3733 3734
f 3726 3724 3730
f 3726 3730 3731
f 3725 3723 3724
f 3725 3724 3726
f 3893 3722 3723
f 3893 3723 3725
f 3893 3760 3722
f 3917 3914 3912
f 3913 3907 3912
f 3913 3912 3914
f 3913 3918 3907
f 3907 3918 3905
f 3918 3919 3905
f 3919 3920 3905
f 3920 3919 3923
f 3923 3919 3968
f 3923 3968 3753
f 3753 3968 3740
f 3753 3740 3736
f 3736 3740 3739
f 3736 3739 3734
f 3734 3739 3958
f 3734 3958 3731
f 3731 3958 3732
f 3731 3732 3726
f 3726 3732 3728
f 3729 3727 3728
f 3727 3726 3728
f 3727 3725 3726
f 3725 935 3893
f 3725 3727 935
f 936 3767 3760
f 3893 936 3760
f 935 936 3893
f 936 1089 3767
f 3945 3947 3948
f 3947 3957 3948
f 3948 3957 3917
f 3957 3915 3917
f 3915 3914 3917
f 3914 3915 3913
f 3913 3915 3916
f 3913 3916 3918
f 3729 986 3727
f 3727 986 935
f 935 986 932
f 931 930 932
f 930 935 932
f 930 936 935
f 1088 1083 1089
f 936 1088 1089
f 930 1088 936
f 1088 1078 1083
f 3841 3847 3842
f 3847 3848 3842
f 3842 3848 3945
f 3848 3946 3945
f 3946 3947 3945
f 3947 3946 3957
f 930 931 927
f 927 931 928
f 930 929 1088
f 930 927 929
f 929 1076 1078
f 929 1078 1088
f 3844 3845 3843
f 3845 3846 3843
f 3843 3846 3841
f 3846 3850 3841
f 3850 3847 3841
f 3847 3850 3848
f 928 923 927
f 921 924 923
f 924 927 923
f 924 929 927
f 1074 1075 1076
f 929 1074 1076
f 924 1074 929
f 1074 1071 1075
f 7154 5798 3845
f 7154 3845 3844
f 3846 3845 3855
f 3855 3845 5798
f 924 921 925
f 925 921 919
f 924 926 1074
f 924 925 926
f 926 1070 1071
f 926 1071 1074
f 5767 5766 5798
f 5767 5798 7154
f 3855 5798 5792
f 5792 5798 5766
f 919 920 925
f 937 934 920
f 934 925 920
f 934 926 925
f 934 1069 1070
f 934 1070 926
f 5763 5765 5766
f 5763 5766 5767
f 5792 5766 5791
f 5791 5766 5765
f 934 937 1073
f 1073 937 1091
f 1072 1092 1069
f 934 1072 1069
f 1073 1072 934
f 1072 1081 1092
f 5691 6592 5765
f 5691 5765 5763
f 5791 5765 5796
f 5796 5765 6592
f 1091 1085 1073
f 1086 1080 1085
f 1080 1073 1085
f 1080 1072 1073
f 1080 1082 1081
f 1080 1081 1072
f 5690 6592 5691
f 5690 7130 6592
f 7130 5796 6592
f 7130 7161 5796
f 1080 1086 230
f 230 1086 228
f 1093 1132 1082
f 1080 1093 1082
f 230 1093 1080
f 1093 1103 1132
f 5689 7161 7130
f 5689 5688 7161
f 228 229 230
f 796 1100 229
f 1100 230 229
f 1100 1093 230
f 1100 1102 1103
f 1100 1103 1093
f 5661 5662 5663
f 5688 5661 5663
f 5689 5661 5688
f 5662 5664 5663
f 1100 796 795
f 795 796 793
f 795 1104 1102
f 795 1102 1100
f 5660 5762 5662
f 5660 5662 5661
f 5664 5662 5665
f 5665 5662 5762
f 795 793 792
f 792 793 794
f 792 1107 1104
f 792 1104 795
f 5666 5762 5660
f 5666 5667 5762
f 5667 5665 5762
f 5667 5704 5665
f 792 794 797
f 797 794 798
f 797 1108 1107
f 797 1107 792
f 5668 5683 6891
f 5704 5668 6891
f 5667 5668 5704
f 5683 7058 6891
f 798 799 797
f 799 808 1110
f 799 1110 1109
f 797 799 1109
f 1108 797 1109
f 1110 1127 1109
f 5669 5672 5683
f 5669 5683 5668
f 7058 5683 7178
f 7178 5683 5672
f 1110 808 1111
f 1111 808 809
f 1111 1126 1127
f 1111 1127 1110
f 5671 5672 5669
f 5671 5722 5672
f 5722 7178 5672
f 5722 5709 7178
f 1111 809 1112
f 1112 809 811
f 1112 1123 1126
f 1112 1126 1111
f 5706 5709 5722
f 5706 5707 5709
f 1112 811 1113
f 1113 811 813
f 1113 1122 1123
f 1113 1123 1112
f 5694 5730 5708
f 5707 5694 5708
f 5706 5694 5707
f 5730 7207 5708
f 813 1114 1113
f 1114 817 1116
f 1114 1116 1115
f 1113 1114 1115
f 1122 1113 1115
f 1116 1124 1115
f 5696 7083 5730
f 5696 5730 5694
f 7207 5730 6000
f 6000 5730 7083
f 1116 817 1117
f 1117 817 818
f 1117 1121 1124
f 1117 1124 1116
f 5802 6001 7083
f 5802 7083 5696
f 6000 7083 5998
f 5998 7083 6001
f 1117 818 1118
f 1118 818 835
f 1118 1120 1121
f 1118 1121 1117
f 7000 6002 6001
f 7000 6001 5802
f 5998 6001 5997
f 5997 6001 6002
f 1118 835 783
f 783 835 780
f 1119 1131 1120
f 1118 1119 1120
f 783 1119 1118
f 1119 1130 1131
f 5993 6002 7000
f 5993 6006 6002
f 6006 5997 6002
f 6006 5996 5997
f 780 781 783
f 774 776 781
f 776 783 781
f 776 1119 783
f 776 1133 1130
f 776 1130 1119
f 5984 5996 6006
f 5984 5995 5996
f 776 774 773
f 773 774 775
f 231 233 1133
f 776 231 1133
f 773 231 776
f 231 232 233
f 5976 5975 1745
f 5995 5976 1745
f 5984 5976 5995
f 5975 1744 1745
f 775 790 773
f 789 8217 790
f 8217 773 790
f 8217 231 773
f 8217 8216 232
f 8217 232 231
f 5974 1734 5975
f 5974 5975 5976
f 1744 5975 1735
f 1735 5975 1734
f 8217 789 8220
f 8220 789 791
f 8220 8221 8216
f 8220 8216 8217
f 5971 1732 1734
f 5971 1734 5974
f 1735 1734 1730
f 1730 1734 1732
f 8220 791 8223
f 8223 791 669
f 8223 8236 8221
f 8223 8221 8220
f 5969 1732 5971
f 5969 1731 1732
f 1731 1730 1732
f 1731 1727 1730
f 8223 669 8270
f 8270 669 665
f 8270 8271 8236
f 8270 8236 8223
f 1733 1742 1741
f 1727 1733 1741
f 1731 1733 1727
f 1742 1737 1741
f 8270 665 8272
f 8272 665 664
f 8272 8308 8271
f 8272 8271 8270
f 1743 5955 1742
f 1743 1742 1733
f 1737 1742 1751
f 1751 1742 5955
f 8272 664 10395
f 10395 664 661
f 10395 10006 8308
f 10395 8308 8272
f 6770 5944 5955
f 6770 5955 1743
f 1751 5955 5946
f 5946 5955 5944
f 10395 661 10005
f 10005 661 662
f 10005 10004 10006
f 10005 10006 10395
f 5941 5943 5944
f 5941 5944 6770
f 5946 5944 5945
f 5945 5944 5943
f 10005 662 10002
f 10002 662 663
f 10002 10003 10004
f 10002 10004 10005
f 5942 5943 5941
f 5942 7151 5943
f 7151 5945 5943
f 7151 5953 5945
f 663 553 10002
f 553 543 9503
f 553 9503 9505
f 10002 553 9505
f 10003 10002 9505
f 9503 9504 9505
f 7126 5952 5951
f 5953 7126 5951
f 7151 7126 5953
f 5952 5950 5951
f 9503 543 9502
f 9502 543 535
f 9502 9650 9504
f 9502 9504 9503
f 6741 5914 5952
f 6741 5952 7126
f 5950 5952 6948
f 6948 5952 5914
f 9502 535 9501
f 9501 535 534
f 9501 8684 9650
f 9501 9650 9502
f 5911 5913 5914
f 5911 5914 6741
f 6948 5914 5915
f 5915 5914 5913
f 534 536 9501
f 8684 9501 536
f 528 8684 536
f 9313 8684 528
f 5912 5913 5911
f 5920 6763 5917
f 5917 6763 5912
f 6763 5915 5912
f 5915 5913 5912
f 5920 5923 6763
f 8669 9313 9810
f 9313 526 9810
f 9313 528 526
f 9810 9939 8669
f 5918 5921 5920
f 5918 5920 5917
f 5923 5920 5922
f 5922 5920 5921
f 9810 526 10452
f 10452 526 527
f 10452 8642 9939
f 10452 9939 9810
f 5885 6008 5921
f 5885 5921 5918
f 5922 5921 6999
f 6999 5921 6008
f 10452 527 8675
f 8675 527 530
f 8675 9916 8642
f 8675 8642 10452
f 5494 6008 5885
f 5494 5493 6008
f 5493 6999 6008
f 5493 5499 6999
f 530 8674 8675
f 8674 8676 8673
f 8674 8673 8671
f 8675 8674 8671
f 9916 8675 8671
f 8673 8672 8671
f 5168 5499 5493
f 5168 5208 5499
f 8673 8676 8677
f 8677 8676 10045
f 8677 9927 8672
f 8677 8672 8673
f 5167 5215 5882
f 5208 5167 5882
f 5168 5167 5208
f 5215 5266 5882
f 8677 10045 9641
f 9641 10045 10408
f 9641 9606 9927
f 9641 9927 8677
f 5214 5216 5215
f 5214 5215 5167
f 5266 5215 5217
f 5217 5215 5216
f 10408 9369 9641
f 9369 9364 9366
f 9369 9366 9405
f 9641 9369 9405
f 9606 9641 9405
f 9366 9367 9405
f 5272 5219 5216
f 5272 5216 5214
f 5217 5216 5218
f 5218 5216 5219
f 9366 9364 9365
f 9365 9364 9358
f 9365 9368 9367
f 9365 9367 9366
f 5244 5221 5219
f 5244 5219 5272
f 5218 5219 5220
f 5220 5219 5221
f 9365 9358 9373
f 9373 9358 9359
f 9373 10228 9368
f 9373 9368 9365
f 5273 5223 5221
f 5273 5221 5244
f 5220 5221 5222
f 5222 5221 5223
f 9359 9360 9373
f 10228 9373 9360
f 9362 10228 9360
f 8646 10228 9362
f 6744 5223 5273
f 6744 5224 5223
f 5224 5222 5223
f 5224 5225 5222
f 9362 9447 8646
f 9376 9447 9362
f 5226 5232 5267
f 5225 5226 5267
f 5224 5226 5225
f 5232 5260 5267
f 8660 9447 8703
f 9447 8705 8703
f 9447 9376 8705
f 8703 8686 8660
f 5231 5233 5232
f 5231 5232 5226
f 5260 5232 5245
f 5245 5232 5233
f 8703 8705 8704
f 8704 8705 8706
f 8704 10184 8686
f 8704 8686 8703
f 5242 6912 5233
f 5242 5233 5231
f 5245 5233 5248
f 5248 5233 6912
f 8704 8706 8707
f 8707 8706 8708
f 8707 8710 10184
f 8707 10184 8704
f 7091 6912 5242
f 7091 5268 6912
f 5268 5248 6912
f 5268 5253 5248
f 8707 8708 8709
f 8709 8708 8786
f 8709 8711 8710
f 8709 8710 8707
f 5270 5257 5255
f 5253 5270 5255
f 5268 5270 5253
f 5257 5256 5255
f 8709 8786 8712
f 8712 8786 1345
f 8712 8713 8711
f 8712 8711 8709
f 6971 5495 5257
f 6971 5257 5270
f 5256 5257 5309
f 5309 5257 5495
f 8712 1345 8714
f 8714 1345 1347
f 8714 8715 8713
f 8714 8713 8712
f 5840 5497 5495
f 5840 5495 6971
f 5309 5495 5496
f 5496 5495 5497
f 8714 1347 1350
f 1350 1347 1349
f 1350 8719 8715
f 1350 8715 8714
f 5841 5497 5840
f 5841 1408 5497
f 1408 5496 5497
f 1408 1399 5496
f 1350 1349 1351
f 1351 1349 1352
f 1351 1359 8719
f 1351 8719 1350
f 1384 1393 1398
f 1399 1384 1398
f 1408 1384 1399
f 1393 1413 1398
f 1351 1352 1354
f 1354 1352 1355
f 1354 1357 1359
f 1354 1359 1351
f 1381 1392 1393
f 1381 1393 1384
f 1413 1393 1394
f 1394 1393 1392
f 1354 1355 1356
f 1356 1355 1361
f 1356 1358 1357
f 1356 1357 1354
f 1382 1392 1381
f 1382 1395 1392
f 1395 1394 1392
f 1395 1396 1394
f 1364 1465 1363
f 1364 1363 1361
f 1363 1356 1361
f 1363 10140 1356
f 10140 10136 1358
f 10140 1358 1356
f 1397 1407 1409
f 1396 1397 1409
f 1395 1397 1396
f 1407 1422 1409
f 1363 1465 1486
f 1486 1465 248
f 1486 10138 10137
f 10140 1486 10137
f 1363 1486 10140
f 10140 10137 10136
f 1403 1406 1407
f 1403 1407 1397
f 1422 1407 1424
f 1424 1407 1406
f 11545 11772 11541
f 11543 11544 11541
f 11541 11544 11545
f 11547 11546 11543
f 11546 11544 11543
f 11546 247 11544
f 11536 1486 248
f 247 11536 248
f 11546 11536 247
f 1486 11536 10138
f 1404 1406 1403
f 1428 1425 1414
f 1414 1425 1404
f 1425 1424 1404
f 1424 1406 1404
f 1428 1429 1425
f 11028 11029 11030
f 234 11027 11030
f 11030 11027 11028
f 11027 234 11772
f 11772 234 11541
f 234 236 11541
f 236 11540 11541
f 11541 11540 11539
f 11541 11539 11543
f 11543 11539 11547
f 1431 1428 1414
f 1441 1435 1437
f 1437 1435 1431
f 1435 1429 1431
f 1429 1428 1431
f 1441 1672 1435
f 11039 11578 11038
f 11037 11034 11038
f 11038 11034 11039
f 11042 11036 11037
f 11036 11034 11037
f 11036 11032 11034
f 11668 11030 11029
f 11032 11668 11029
f 11036 11668 11032
f 11030 11668 235
f 11030 235 234
f 234 235 236
f 1440 1441 1437
f 1673 1672 1441
f 1440 1673 1441
f 11050 1673 1440
f 1674 11050 11049
f 1674 1673 11050
f 11048 11049 11334
f 11048 1674 11049
f 11748 11038 11578
f 11048 11748 11578
f 11334 11748 11048
f 11038 11748 11791
f 11038 11791 11037
f 11037 11791 11042
f 3918 3921 3919
f 3858 3968 3919
f 3858 3919 3921
f 3750 3740 3968
f 3750 3968 3858
f 3741 3739 3740
f 3741 3740 3750
f 3742 3958 3739
f 3742 3739 3741
f 3749 3732 3958
f 3749 3958 3742
f 3952 3728 3732
f 3952 3732 3749
f 3952 3729 3728
f 3957 3950 3915
f 3966 3916 3915
f 3966 3915 3950
f 3921 3918 3916
f 3966 3921 3916
f 3924 3921 3966
f 250 3858 3859
f 3858 3924 3859
f 3858 3921 3924
f 3858 250 3750
f 3750 250 239
f 237 238 239
f 238 3750 239
f 238 3741 3750
f 3741 3743 3742
f 3741 238 3743
f 3742 3744 3749
f 3742 3743 3744
f 3749 985 3952
f 3749 3744 985
f 977 986 3729
f 3952 977 3729
f 985 977 3952
f 933 932 986
f 933 986 977
f 933 931 932
f 3848 3949 3946
f 3950 3957 3946
f 3949 3950 3946
f 3993 3950 3949
f 3866 3966 3885
f 3966 3993 3885
f 3966 3950 3993
f 3966 3866 3924
f 3924 3866 3884
f 3924 3884 3859
f 237 3960 238
f 238 3960 3743
f 3743 3960 3745
f 3743 3745 3744
f 3744 3745 3746
f 3744 3746 985
f 985 3746 984
f 938 915 984
f 915 985 984
f 915 977 985
f 977 916 933
f 977 915 916
f 916 928 931
f 916 931 933
f 3846 3980 3850
f 3980 3991 3850
f 3850 3991 3848
f 3991 3876 3848
f 3876 3949 3848
f 3949 3876 3993
f 3993 3876 3869
f 3993 3869 3885
f 915 938 906
f 906 938 912
f 915 913 916
f 915 906 913
f 922 923 928
f 916 922 928
f 913 922 916
f 922 921 923
f 3855 3981 3980
f 3855 3980 3846
f 3991 3980 3873
f 3873 3980 3981
f 912 905 906
f 904 903 905
f 903 906 905
f 903 913 906
f 913 914 922
f 913 903 914
f 914 919 921
f 914 921 922
f 5792 5793 3981
f 5792 3981 3855
f 3873 3981 5819
f 5819 3981 5793
f 903 904 902
f 902 904 908
f 903 901 914
f 903 902 901
f 917 920 919
f 914 917 919
f 901 917 914
f 917 937 920
f 5791 5794 5793
f 5791 5793 5792
f 5819 5793 5800
f 5800 5793 5794
f 908 900 902
f 878 881 900
f 881 902 900
f 881 901 902
f 901 949 917
f 901 881 949
f 949 1091 937
f 949 937 917
f 5796 6599 5794
f 5796 5794 5791
f 5800 5794 5806
f 5806 5794 6599
f 881 878 877
f 877 878 875
f 881 879 949
f 881 877 879
f 1087 1085 1091
f 949 1087 1091
f 879 1087 949
f 1087 1086 1085
f 7161 6740 6599
f 7161 6599 5796
f 5806 6599 5813
f 5813 6599 6740
f 875 876 877
f 869 871 876
f 871 877 876
f 871 879 877
f 879 821 1087
f 879 871 821
f 821 228 1086
f 821 1086 1087
f 5688 5755 6740
f 5688 6740 7161
f 5813 6740 7177
f 7177 6740 5755
f 869 868 871
f 853 820 868
f 820 871 868
f 820 821 871
f 802 229 228
f 821 802 228
f 820 802 821
f 802 796 229
f 5663 5755 5688
f 5663 5664 5755
f 5664 7177 5755
f 5664 5724 7177
f 820 853 819
f 819 853 850
f 820 800 802
f 820 819 800
f 800 793 796
f 800 796 802
f 5665 5727 5725
f 5724 5665 5725
f 5664 5665 5724
f 5727 5728 5725
f 819 850 852
f 852 850 847
f 819 801 800
f 819 852 801
f 801 794 793
f 801 793 800
f 5704 7152 5727
f 5704 5727 5665
f 5728 5727 7078
f 7078 5727 7152
f 852 847 242
f 242 847 240
f 852 803 801
f 852 242 803
f 803 798 794
f 803 794 801
f 6891 7152 5704
f 6972 6942 7058
f 7058 6942 6891
f 6942 7078 6891
f 7078 7152 6891
f 6972 6941 6942
f 240 241 242
f 843 805 241
f 805 242 241
f 805 803 242
f 804 799 798
f 803 804 798
f 805 804 803
f 804 808 799
f 7178 5711 6972
f 7178 6972 7058
f 6941 6972 5713
f 5713 6972 5711
f 805 843 807
f 807 843 841
f 805 806 804
f 805 807 806
f 806 809 808
f 806 808 804
f 5709 5710 5711
f 5709 5711 7178
f 5713 5711 5712
f 5712 5711 5710
f 807 841 823
f 823 841 839
f 807 810 806
f 807 823 810
f 810 811 809
f 810 809 806
f 5707 5809 5710
f 5707 5710 5709
f 5712 5710 1723
f 1723 5710 5809
f 839 838 823
f 825 812 838
f 812 823 838
f 812 810 823
f 812 813 811
f 812 811 810
f 5708 5809 5707
f 5708 7207 5809
f 7207 1723 5809
f 7207 1724 1723
f 812 825 815
f 815 825 824
f 814 1114 813
f 812 814 813
f 815 814 812
f 814 817 1114
f 6000 1724 7207
f 6000 1725 1724
f 815 824 822
f 822 824 829
f 815 816 814
f 815 822 816
f 816 818 817
f 816 817 814
f 5998 1725 6000
f 5998 1726 1725
f 829 830 822
f 834 833 830
f 833 822 830
f 833 816 822
f 833 835 818
f 833 818 816
f 5997 1717 1718
f 1726 5997 1718
f 5998 5997 1726
f 1717 1713 1718
f 833 834 779
f 779 834 782
f 779 780 835
f 779 835 833
f 5996 1720 1717
f 5996 1717 5997
f 1713 1717 1714
f 1714 1717 1720
f 779 782 778
f 778 782 785
f 777 781 780
f 779 777 780
f 778 777 779
f 777 774 781
f 5995 1746 1720
f 5995 1720 5996
f 1714 1720 1715
f 1715 1720 1746
f 785 784 778
f 646 670 784
f 670 778 784
f 670 777 778
f 670 775 774
f 670 774 777
f 1745 1746 5995
f 243 245 1744
f 1744 245 1745
f 245 1715 1745
f 1715 1746 1745
f 243 244 245
f 670 646 654
f 654 646 644
f 788 790 775
f 670 788 775
f 654 788 670
f 788 789 790
f 1735 1739 243
f 1735 243 1744
f 244 243 1721
f 1721 243 1739
f 654 644 655
f 655 644 638
f 654 667 788
f 654 655 667
f 667 791 789
f 667 789 788
f 1730 1729 1739
f 1730 1739 1735
f 1721 1739 1738
f 1738 1739 1729
f 655 638 642
f 642 638 636
f 655 656 667
f 655 642 656
f 656 669 791
f 656 791 667
f 1727 1728 1729
f 1727 1729 1730
f 1738 1729 1736
f 1736 1729 1728
f 642 636 641
f 641 636 633
f 642 653 656
f 642 641 653
f 653 665 669
f 653 669 656
f 1741 1728 1727
f 1741 1737 1728
f 1737 1736 1728
f 1737 1740 1736
f 641 633 640
f 640 633 634
f 641 657 653
f 641 640 657
f 657 664 665
f 657 665 653
f 1751 1740 1737
f 1751 1750 1740
f 640 634 643
f 643 634 635
f 640 658 657
f 640 643 658
f 658 661 664
f 658 664 657
f 5946 5947 5954
f 1750 5946 5954
f 1751 5946 1750
f 5947 1756 5954
f 643 635 650
f 650 635 649
f 643 660 658
f 643 650 660
f 660 662 661
f 660 661 658
f 5945 5948 5947
f 5945 5947 5946
f 1756 5947 1757
f 1757 5947 5948
f 649 651 650
f 556 555 651
f 555 650 651
f 555 660 650
f 555 663 662
f 555 662 660
f 5953 5949 5948
f 5953 5948 5945
f 1757 5948 1881
f 1881 5948 5949
f 555 556 554
f 554 556 557
f 552 553 663
f 555 552 663
f 554 552 555
f 552 543 553
f 5951 5949 5953
f 5951 5950 5949
f 5950 1881 5949
f 5950 1882 1881
f 557 560 554
f 541 542 560
f 542 554 560
f 542 552 554
f 542 535 543
f 542 543 552
f 6948 5925 5926
f 1882 6948 5926
f 5950 6948 1882
f 5925 1879 5926
f 542 541 522
f 522 541 533
f 522 534 535
f 522 535 542
f 5915 5924 5925
f 5915 5925 6948
f 1879 5925 1880
f 1880 5925 5924
f 522 533 521
f 521 533 532
f 520 536 534
f 522 520 534
f 521 520 522
f 520 528 536
f 6763 5924 5915
f 6763 5923 5924
f 5923 1880 5924
f 5923 1883 1880
f 532 523 521
f 524 519 523
f 519 521 523
f 519 520 521
f 519 526 528
f 519 528 520
f 5922 5927 1884
f 1883 5922 1884
f 5923 5922 1883
f 5927 1885 1884
f 519 524 525
f 525 524 540
f 525 527 526
f 525 526 519
f 6999 6015 5927
f 6999 5927 5922
f 1885 5927 1886
f 1886 5927 6015
f 525 540 529
f 529 540 545
f 529 530 527
f 529 527 525
f 5499 7032 6015
f 5499 6015 6999
f 1886 6015 6016
f 6016 6015 7032
f 529 545 537
f 537 545 9406
f 531 8674 530
f 529 531 530
f 537 531 529
f 531 8676 8674
f 5208 6962 7032
f 5208 7032 5499
f 6016 7032 6019
f 6019 7032 6962
f 9406 9351 537
f 9352 8678 9351
f 8678 537 9351
f 8678 531 537
f 8678 10045 8676
f 8678 8676 531
f 5882 6962 5208
f 5882 5266 6962
f 5266 6019 6962
f 5266 7084 6019
f 8678 9352 9353
f 9353 9352 9354
f 9353 10408 10045
f 9353 10045 8678
f 5217 7084 5266
f 5217 5264 7084
f 9354 10258 9353
f 10258 9356 9374
f 10258 9374 9369
f 9353 10258 9369
f 10408 9353 9369
f 9374 9364 9369
f 5218 5264 5217
f 5218 5227 5264
f 9374 9356 9357
f 9357 9356 1779
f 9357 9358 9364
f 9357 9364 9374
f 5220 5246 5271
f 5227 5220 5271
f 5218 5220 5227
f 5246 7136 5271
f 9357 1779 1781
f 1781 1779 1777
f 1781 9359 9358
f 1781 9358 9357
f 5222 5265 5246
f 5222 5246 5220
f 7136 5246 6813
f 6813 5246 5265
f 1777 1778 1781
f 1778 1772 9361
f 1778 9361 9360
f 1781 1778 9360
f 9359 1781 9360
f 9361 9362 9360
f 5225 7123 5265
f 5225 5265 5222
f 6813 5265 6641
f 6641 5265 7123
f 9361 1772 9363
f 9363 1772 1770
f 9363 9376 9362
f 9363 9362 9361
f 5267 7123 5225
f 5267 5260 7123
f 5260 6641 7123
f 5260 256 6641
f 9363 1770 1761
f 1761 1770 1759
f 1761 8705 9376
f 1761 9376 9363
f 5245 5249 254
f 256 5245 254
f 5260 5245 256
f 5249 5252 254
f 1761 1759 1758
f 1758 1759 1760
f 1758 8706 8705
f 1758 8705 1761
f 5248 5250 5249
f 5248 5249 5245
f 5252 5249 5251
f 5251 5249 5250
f 1758 1760 1764
f 1764 1760 1765
f 1764 8708 8706
f 1764 8706 1758
f 5253 5254 5250
f 5253 5250 5248
f 5251 5250 5258
f 5258 5250 5254
f 1764 1765 1769
f 1769 1765 1768
f 1769 8786 8708
f 1769 8708 1764
f 5255 5254 5253
f 5255 5256 5254
f 5256 5258 5254
f 5256 7035 5258
f 1769 1768 1346
f 1346 1768 1365
f 1346 1345 8786
f 1346 8786 1769
f 5309 1668 1665
f 7035 5309 1665
f 5256 5309 7035
f 1668 1666 1665
f 1346 1365 1344
f 1344 1365 1366
f 1344 1347 1345
f 1344 1345 1346
f 5496 1669 1668
f 5496 1668 5309
f 1666 1668 1667
f 1667 1668 1669
f 1344 1366 1348
f 1348 1366 1370
f 1348 1349 1347
f 1348 1347 1344
f 1399 1412 1669
f 1399 1669 5496
f 1667 1669 1420
f 1420 1669 1412
f 1348 1370 1353
f 1353 1370 1371
f 1353 1352 1349
f 1353 1349 1348
f 1398 1412 1399
f 1398 1413 1412
f 1413 1420 1412
f 1413 1419 1420
f 1449 1454 1455
f 1449 1455 1371
f 1455 1353 1371
f 1455 1360 1353
f 1360 1355 1352
f 1360 1352 1353
f 1394 1415 1421
f 1419 1394 1421
f 1413 1394 1419
f 1415 1427 1421
f 1469 1462 1460
f 1469 1460 1454
f 1460 1455 1454
f 1460 1457 1455
f 1455 1362 1360
f 1455 1457 1362
f 1362 1361 1355
f 1362 1355 1360
f 1396 1423 1415
f 1396 1415 1394
f 1427 1415 1426
f 1426 1415 1423
f 1460 1462 1461
f 1461 1462 1464
f 1460 1458 1457
f 1460 1461 1458
f 1458 1465 1364
f 1362 1458 1364
f 1457 1458 1362
f 1362 1364 1361
f 1409 1423 1396
f 1433 1432 1422
f 1422 1432 1409
f 1432 1426 1409
f 1426 1423 1409
f 1433 1657 1432
f 1467 11023 1470
f 1467 1470 1464
f 1470 1461 1464
f 1470 1471 1461
f 1461 246 1458
f 1461 1471 246
f 246 248 1465
f 246 1465 1458
f 1424 1430 1433
f 1424 1433 1422
f 1657 1433 1658
f 1433 1661 1658
f 1433 1430 1661
f 1661 1660 1658
f 11572 1377 11026
f 11025 11024 11026
f 11026 11024 11572
f 11024 11025 11023
f 11023 11025 1470
f 11025 11772 1470
f 11772 11545 1470
f 1470 11545 11544
f 1470 11544 1471
f 1471 11544 247
f 1471 247 246
f 246 247 248
f 1425 1430 1424
f 1430 1425 1429
f 1434 1430 1429
f 1661 1430 1434
f 1660 1661 1663
f 1663 1661 1434
f 11758 11046 11033
f 11031 11035 11033
f 11033 11035 11758
f 11035 11031 1377
f 1377 11031 11026
f 11031 11029 11026
f 11029 11028 11026
f 11026 11028 11027
f 11026 11027 11025
f 11025 11027 11772
f 1435 1434 1429
f 1671 1670 1672
f 1672 1670 1435
f 1670 1663 1435
f 1663 1434 1435
f 1675 1496 1671
f 1671 1496 1670
f 11047 1495 1675
f 1675 1495 1496
f 11578 11039 11047
f 11039 1495 11047
f 11039 11040 1495
f 11034 11033 11046
f 11040 11034 11046
f 11039 11034 11040
f 11033 11034 11032
f 11033 11032 11031
f 11031 11032 11029
f 1673 1671 1672
f 1671 1673 1674
f 1671 1674 1675
f 1675 1674 11048
f 1675 11048 11047
f 11047 11048 11578
f 3859 3860 250
f 249 239 250
f 249 250 3860
f 249 237 239
f 3885 3865 3866
f 3863 3884 3866
f 3863 3866 3865
f 3860 3859 3884
f 3863 3860 3884
f 3862 3860 3863
f 3860 3861 249
f 3860 3862 3861
f 3883 3960 237
f 249 3883 237
f 3861 3883 249
f 3748 3745 3960
f 3748 3960 3883
f 3747 3746 3745
f 3747 3745 3748
f 964 984 3746
f 964 3746 3747
f 964 938 984
f 3991 3871 3876
f 3868 3869 3876
f 3868 3876 3871
f 3865 3885 3869
f 3868 3865 3869
f 3867 3865 3868
f 3865 3864 3863
f 3865 3867 3864
f 3881 3862 3880
f 3862 3864 3880
f 3862 3863 3864
f 763 758 3881
f 758 3862 3881
f 758 3861 3862
f 3861 757 3883
f 3861 758 757
f 3883 760 3748
f 3883 757 760
f 3748 762 3747
f 3748 760 762
f 3747 911 964
f 3747 762 911
f 911 912 938
f 911 938 964
f 3873 3872 3871
f 3873 3871 3991
f 3871 3870 3868
f 3871 3872 3870
f 3878 3867 3874
f 3867 3870 3874
f 3867 3868 3870
f 3867 3878 3864
f 3864 3878 3931
f 3864 3931 3880
f 763 755 758
f 758 755 757
f 757 755 756
f 754 759 756
f 759 757 756
f 759 760 757
f 760 761 762
f 760 759 761
f 762 909 911
f 762 761 909
f 907 905 912
f 911 907 912
f 909 907 911
f 907 904 905
f 5819 5810 3872
f 5819 3872 3873
f 3875 3870 3879
f 3870 5810 3879
f 3870 3872 5810
f 3870 3875 3874
f 754 967 759
f 966 973 967
f 973 759 967
f 973 761 759
f 761 910 909
f 761 973 910
f 909 899 907
f 909 910 899
f 899 908 904
f 899 904 907
f 5800 5807 5810
f 5800 5810 5819
f 3879 5810 5812
f 5812 5810 5807
f 966 968 973
f 969 918 968
f 918 973 968
f 918 910 973
f 910 896 899
f 910 918 896
f 898 900 908
f 899 898 908
f 896 898 899
f 898 878 900
f 5806 5808 5807
f 5806 5807 5800
f 5812 5807 5815
f 5815 5807 5808
f 969 939 918
f 893 874 939
f 874 918 939
f 874 896 918
f 896 873 898
f 896 874 873
f 873 875 878
f 873 878 898
f 5813 5814 5808
f 5813 5808 5806
f 5815 5808 7117
f 5808 5818 7117
f 5808 5814 5818
f 5818 5837 7117
f 874 893 894
f 894 893 942
f 874 872 873
f 874 894 872
f 870 876 875
f 873 870 875
f 872 870 873
f 870 869 876
f 7177 6143 5814
f 7177 5814 5813
f 5814 286 5818
f 5814 6143 286
f 5837 5818 289
f 289 5818 286
f 894 942 972
f 972 942 950
f 894 891 872
f 894 972 891
f 872 867 870
f 872 891 867
f 866 868 869
f 870 866 869
f 867 866 870
f 866 853 868
f 5724 5726 6143
f 5724 6143 7177
f 6143 285 286
f 6143 5726 285
f 289 286 287
f 286 284 287
f 286 285 284
f 284 283 287
f 950 954 972
f 953 892 954
f 892 972 954
f 892 891 972
f 891 864 867
f 891 892 864
f 867 851 866
f 867 864 851
f 851 850 853
f 851 853 866
f 5725 5726 5724
f 5726 5725 5728
f 282 5726 5728
f 285 5726 282
f 285 281 284
f 285 282 281
f 283 284 279
f 279 284 281
f 892 953 976
f 976 953 974
f 892 854 864
f 892 976 854
f 864 848 851
f 864 854 848
f 848 847 850
f 848 850 851
f 7078 292 282
f 7078 282 5728
f 282 276 281
f 282 292 276
f 279 281 278
f 278 281 276
f 974 963 976
f 961 880 963
f 880 976 963
f 880 854 976
f 854 846 848
f 854 880 846
f 846 240 847
f 846 847 848
f 6942 292 7078
f 292 6942 6941
f 275 292 6941
f 276 292 275
f 278 276 277
f 276 272 277
f 276 275 272
f 272 262 277
f 880 961 895
f 895 961 960
f 880 845 846
f 880 895 845
f 844 241 240
f 846 844 240
f 845 844 846
f 844 843 241
f 5713 280 275
f 5713 275 6941
f 275 271 272
f 275 280 271
f 262 272 268
f 268 272 271
f 960 890 895
f 888 849 890
f 849 895 890
f 849 845 895
f 845 842 844
f 845 849 842
f 842 841 843
f 842 843 844
f 5712 293 280
f 5712 280 5713
f 280 274 271
f 280 293 274
f 268 271 270
f 270 271 274
f 849 888 861
f 861 888 887
f 849 840 842
f 849 861 840
f 840 839 841
f 840 841 842
f 1723 1722 293
f 1723 293 5712
f 293 1691 274
f 293 1722 1691
f 270 274 1692
f 1692 274 1691
f 887 858 861
f 856 836 858
f 836 861 858
f 836 840 861
f 837 838 839
f 840 837 839
f 836 837 840
f 837 825 838
f 1724 1719 1722
f 1724 1722 1723
f 1722 1690 1691
f 1722 1719 1690
f 1692 1691 1688
f 1688 1691 1690
f 836 856 828
f 828 856 857
f 836 826 837
f 836 828 826
f 826 824 825
f 826 825 837
f 1725 1716 1719
f 1725 1719 1724
f 1719 1696 1690
f 1719 1716 1696
f 1688 1690 1689
f 1689 1690 1696
f 828 857 855
f 855 857 885
f 828 827 826
f 828 855 827
f 827 829 824
f 827 824 826
f 1726 1711 1716
f 1726 1716 1725
f 1716 1697 1696
f 1716 1711 1697
f 1689 1696 1694
f 1694 1696 1697
f 855 885 865
f 865 885 959
f 855 832 827
f 855 865 832
f 831 830 829
f 827 831 829
f 832 831 827
f 831 834 830
f 1718 1711 1726
f 1711 1718 1713
f 1699 1711 1713
f 1697 1711 1699
f 1694 1697 1698
f 1698 1697 1699
f 959 957 865
f 956 863 957
f 863 865 957
f 863 832 865
f 832 862 831
f 832 863 862
f 862 782 834
f 862 834 831
f 1714 1702 1699
f 1714 1699 1713
f 1698 1699 1700
f 1699 1701 1700
f 1699 1702 1701
f 1701 1704 1700
f 956 787 863
f 610 786 787
f 786 863 787
f 786 862 863
f 786 785 782
f 786 782 862
f 1715 1712 1702
f 1715 1702 1714
f 1702 1709 1701
f 1702 1712 1709
f 1704 1701 1706
f 1706 1701 1709
f 786 610 613
f 613 610 609
f 659 784 785
f 786 659 785
f 613 659 786
f 659 646 784
f 245 1712 1715
f 1712 245 244
f 1710 1712 244
f 1709 1712 1710
f 1706 1709 1707
f 1707 1709 1710
f 613 609 614
f 614 609 615
f 613 645 659
f 613 614 645
f 645 644 646
f 645 646 659
f 1721 1753 1710
f 1721 1710 244
f 1707 1710 1836
f 1836 1710 1753
f 614 615 616
f 616 615 617
f 614 639 645
f 614 616 639
f 639 638 644
f 639 644 645
f 1738 1747 1753
f 1738 1753 1721
f 1836 1753 1832
f 1832 1753 1747
f 616 617 618
f 618 617 619
f 616 637 639
f 616 618 637
f 637 636 638
f 637 638 639
f 1736 1748 1747
f 1736 1747 1738
f 1832 1747 1831
f 1831 1747 1748
f 618 619 620
f 620 619 621
f 618 632 637
f 618 620 632
f 632 633 636
f 632 636 637
f 1740 1749 1748
f 1740 1748 1736
f 1831 1748 253
f 1748 251 253
f 1748 1749 251
f 251 252 253
f 620 621 623
f 623 621 625
f 620 631 632
f 620 623 631
f 631 634 633
f 631 633 632
f 1750 1752 1749
f 1750 1749 1740
f 1749 1754 251
f 1749 1752 1754
f 252 251 1834
f 1834 251 1754
f 623 625 626
f 626 625 627
f 623 628 631
f 623 626 628
f 628 635 634
f 628 634 631
f 5954 1752 1750
f 1752 5954 1756
f 1755 1752 1756
f 1754 1752 1755
f 1834 1754 1841
f 1841 1754 1755
f 626 627 652
f 652 627 648
f 626 563 628
f 626 652 563
f 563 649 635
f 563 635 628
f 1757 1854 1755
f 1757 1755 1756
f 1841 1755 1844
f 1755 1845 1844
f 1755 1854 1845
f 1845 1843 1844
f 652 648 668
f 668 648 666
f 652 562 563
f 652 668 562
f 561 651 649
f 563 561 649
f 562 561 563
f 561 556 651
f 1881 1871 1854
f 1881 1854 1757
f 1854 1849 1845
f 1854 1871 1849
f 1843 1845 1846
f 1846 1845 1849
f 666 672 668
f 673 564 672
f 564 668 672
f 564 562 668
f 562 558 561
f 562 564 558
f 558 557 556
f 558 556 561
f 1882 1878 1871
f 1882 1871 1881
f 1871 1853 1849
f 1871 1878 1853
f 1846 1849 1848
f 1848 1849 1853
f 564 673 674
f 674 673 675
f 564 559 558
f 564 674 559
f 551 560 557
f 558 551 557
f 559 551 558
f 551 541 560
f 5926 1878 1882
f 1878 5926 1879
f 1857 1878 1879
f 1853 1878 1857
f 1848 1853 1851
f 1851 1853 1857
f 675 676 674
f 680 566 676
f 566 674 676
f 566 559 674
f 559 544 551
f 559 566 544
f 544 533 541
f 544 541 551
f 1880 1872 1857
f 1880 1857 1879
f 1851 1857 1855
f 1857 1858 1855
f 1857 1872 1858
f 1858 1862 1855
f 680 568 566
f 567 538 568
f 538 566 568
f 538 544 566
f 538 532 533
f 538 533 544
f 1883 1877 1872
f 1883 1872 1880
f 1872 1873 1858
f 1872 1877 1873
f 1862 1858 1865
f 1865 1858 1873
f 538 567 547
f 547 567 571
f 539 523 532
f 538 539 532
f 547 539 538
f 539 524 523
f 1884 1877 1883
f 1877 1884 1885
f 1876 1877 1885
f 1873 1877 1876
f 1865 1873 1870
f 1870 1873 1876
f 547 571 549
f 549 571 691
f 547 548 539
f 547 549 548
f 548 540 524
f 548 524 539
f 1886 6017 1876
f 1886 1876 1885
f 1870 1876 1875
f 1875 1876 6017
f 549 691 565
f 565 691 692
f 549 546 548
f 549 565 546
f 546 545 540
f 546 540 548
f 6016 6018 6017
f 6016 6017 1886
f 1875 6017 1949
f 1949 6017 6018
f 692 696 565
f 697 550 696
f 550 565 696
f 550 546 565
f 550 9406 545
f 550 545 546
f 6019 6020 6018
f 6019 6018 6016
f 1949 6018 1950
f 1950 6018 6020
f 697 700 550
f 700 1819 9375
f 700 9375 9351
f 550 700 9351
f 9406 550 9351
f 9375 9352 9351
f 7084 6021 6020
f 7084 6020 6019
f 1950 6020 1947
f 1947 6020 6021
f 9375 1819 1818
f 1818 1819 1817
f 1818 9354 9352
f 1818 9352 9375
f 5264 7093 6021
f 5264 6021 7084
f 1947 6021 1948
f 1948 6021 7093
f 1818 1817 1789
f 1789 1817 1809
f 9355 10258 9354
f 1818 9355 9354
f 1789 9355 1818
f 9355 9356 10258
f 5227 7131 7093
f 5227 7093 5264
f 1948 7093 1954
f 7093 1955 1954
f 7093 7131 1955
f 1955 1953 1954
f 1789 1809 1785
f 1785 1809 1813
f 1789 1780 9355
f 1789 1785 1780
f 1780 1779 9356
f 1780 9356 9355
f 5271 7131 5227
f 7131 5271 7136
f 1957 7131 7136
f 1955 7131 1957
f 1953 1955 1951
f 1951 1955 1957
f 1785 1813 1786
f 1786 1813 1811
f 1785 1776 1780
f 1785 1786 1776
f 1776 1777 1779
f 1776 1779 1780
f 6813 6643 1957
f 6813 1957 7136
f 1951 1957 1952
f 1952 1957 6643
f 1811 1788 1786
f 1787 1774 1788
f 1774 1786 1788
f 1774 1776 1786
f 1773 1778 1777
f 1776 1773 1777
f 1774 1773 1776
f 1773 1772 1778
f 6641 6642 6643
f 6641 6643 6813
f 1952 6643 1956
f 1956 6643 6642
f 1774 1787 1775
f 1775 1787 1793
f 1774 1771 1773
f 1774 1775 1771
f 1771 1770 1772
f 1771 1772 1773
f 256 255 6642
f 256 6642 6641
f 1956 6642 6646
f 6646 6642 255
f 1775 1793 1784
f 1784 1793 1795
f 1775 1763 1771
f 1775 1784 1763
f 1763 1759 1770
f 1763 1770 1771
f 254 255 256
f 6727 6734 5252
f 5252 6734 254
f 6734 6646 254
f 6646 255 254
f 6727 7054 6734
f 1784 1795 1783
f 1783 1795 1797
f 1784 1762 1763
f 1784 1783 1762
f 1762 1760 1759
f 1762 1759 1763
f 5251 7074 6727
f 5251 6727 5252
f 7054 6727 7055
f 7055 6727 7074
f 1783 1797 1782
f 1782 1797 1798
f 1783 1766 1762
f 1783 1782 1766
f 1766 1765 1760
f 1766 1760 1762
f 5258 7045 7074
f 5258 7074 5251
f 7055 7074 7056
f 7056 7074 7045
f 1782 1798 1790
f 1790 1798 1800
f 1782 1767 1766
f 1782 1790 1767
f 1767 1768 1765
f 1767 1765 1766
f 7035 7128 7045
f 7035 7045 5258
f 7056 7045 1662
f 1662 7045 7128
f 1790 1800 1375
f 1375 1800 1477
f 1790 1368 1767
f 1790 1375 1368
f 1368 1365 1768
f 1368 1768 1767
f 1665 7128 7035
f 1647 1654 1666
f 1666 1654 1665
f 1654 1662 1665
f 1662 7128 1665
f 1647 1649 1654
f 1375 1477 1374
f 1374 1477 1446
f 1375 1367 1368
f 1375 1374 1367
f 1367 1366 1365
f 1367 1365 1368
f 1667 1646 1647
f 1667 1647 1666
f 1649 1647 1643
f 1647 1640 1643
f 1647 1646 1640
f 1640 1638 1643
f 1374 1446 1373
f 1373 1446 1444
f 1374 1369 1367
f 1374 1373 1369
f 1369 1370 1366
f 1369 1366 1367
f 1420 1648 1646
f 1420 1646 1667
f 1646 1641 1640
f 1646 1648 1641
f 1638 1640 1639
f 1639 1640 1641
f 1445 1447 1442
f 1445 1442 1444
f 1442 1373 1444
f 1442 1443 1373
f 1373 1372 1369
f 1373 1443 1372
f 1372 1371 1370
f 1372 1370 1369
f 1419 1655 1648
f 1419 1648 1420
f 1648 1642 1641
f 1648 1655 1642
f 1639 1641 1610
f 1641 1597 1610
f 1641 1642 1597
f 1597 1608 1610
f 1442 1447 1456
f 1456 1447 1474
f 1442 1448 1443
f 1442 1456 1448
f 1448 1454 1449
f 1372 1448 1449
f 1443 1448 1372
f 1372 1449 1371
f 1421 1655 1419
f 1655 1421 1427
f 1652 1655 1427
f 1642 1655 1652
f 1642 1596 1597
f 1642 1652 1596
f 1608 1597 1590
f 1597 1592 1590
f 1597 1596 1592
f 1592 1589 1590
f 1481 1587 1482
f 1473 1475 1482
f 1482 1475 1481
f 1475 1473 1474
f 1473 1456 1474
f 1473 1459 1456
f 1459 1462 1469
f 1448 1459 1469
f 1456 1459 1448
f 1448 1469 1454
f 1426 1653 1652
f 1426 1652 1427
f 1652 1615 1596
f 1652 1653 1615
f 1596 1595 1592
f 1596 1615 1595
f 1589 1592 1591
f 1592 1593 1591
f 1592 1595 1593
f 1593 1594 1591
f 1575 1617 1618
f 1575 1618 1587
f 1618 1482 1587
f 1618 1484 1482
f 1482 1472 1473
f 1482 1484 1472
f 1473 1466 1459
f 1473 1472 1466
f 1466 1464 1462
f 1466 1462 1459
f 1432 1653 1426
f 1653 1432 1657
f 1656 1653 1657
f 1615 1653 1656
f 1615 1616 1595
f 1615 1656 1616
f 1595 1620 1593
f 1595 1616 1620
f 1594 1593 1621
f 1621 1593 1620
f 1617 1622 1618
f 1376 1485 1622
f 1485 1618 1622
f 1485 1484 1618
f 1484 1468 1472
f 1484 1485 1468
f 1468 11023 1467
f 1466 1468 1467
f 1472 1468 1466
f 1466 1467 1464
f 1658 1656 1657
f 1656 1658 1660
f 1659 1656 1660
f 1616 1656 1659
f 1616 1487 1620
f 1616 1659 1487
f 1621 1620 1490
f 1490 1620 1487
f 1485 1376 11572
f 1376 1377 11572
f 1376 259 1377
f 1485 11572 11024
f 1485 11024 1468
f 1468 11024 11023
f 1663 1664 1659
f 1663 1659 1660
f 1659 1493 1487
f 1659 1664 1493
f 1490 1487 1489
f 1487 1488 1489
f 1487 1493 1488
f 11041 1492 1488
f 1488 1492 1489
f 11046 11758 11041
f 11758 1492 11041
f 11758 11771 1492
f 258 11758 11035
f 258 11771 11758
f 11035 1377 259
f 11035 259 258
f 1670 1664 1663
f 1664 1670 1496
f 1664 1496 1493
f 1493 1496 1495
f 1493 1495 1488
f 1488 1495 11040
f 1488 11040 11041
f 11041 11040 11046
f 3880 764 3881
f 764 763 3881
f 3874 3877 3878
f 3964 3931 3878
f 3964 3878 3877
f 764 3880 3931
f 3964 764 3931
f 749 764 3964
f 747 755 763
f 764 747 763
f 749 747 764
f 748 756 755
f 748 755 747
f 748 754 756
f 3879 3882 3875
f 3877 3874 3875
f 3882 3877 3875
f 3888 3877 3882
f 3877 3889 3964
f 3877 3888 3889
f 3964 740 749
f 3964 3889 740
f 749 745 747
f 749 740 745
f 747 746 748
f 747 745 746
f 753 967 754
f 748 753 754
f 746 753 748
f 753 966 967
f 5812 7096 3882
f 5812 3882 3879
f 3882 299 3888
f 3882 7096 299
f 3888 301 3889
f 3888 299 301
f 3889 310 740
f 3889 301 310
f 740 735 745
f 740 310 735
f 745 741 746
f 745 735 741
f 746 750 753
f 746 741 750
f 965 968 966
f 753 965 966
f 750 965 753
f 965 969 968
f 5815 5838 7096
f 5815 7096 5812
f 7096 296 299
f 7096 5838 296
f 299 298 301
f 299 296 298
f 301 300 310
f 301 298 300
f 310 734 735
f 310 300 734
f 735 738 741
f 735 734 738
f 741 744 750
f 741 738 744
f 750 943 965
f 750 744 943
f 940 939 969
f 965 940 969
f 943 940 965
f 940 893 939
f 7117 5838 5815
f 5838 7117 5837
f 290 5838 5837
f 296 5838 290
f 296 294 298
f 296 290 294
f 298 297 300
f 298 294 297
f 300 736 734
f 300 297 736
f 734 737 738
f 734 736 737
f 738 743 744
f 738 737 743
f 744 751 943
f 744 743 751
f 943 941 940
f 943 751 941
f 941 942 893
f 941 893 940
f 289 288 290
f 289 290 5837
f 290 291 294
f 290 288 291
f 294 295 297
f 294 291 295
f 297 307 736
f 297 295 307
f 736 739 737
f 736 307 739
f 737 742 743
f 737 739 742
f 743 752 751
f 743 742 752
f 751 948 941
f 751 752 948
f 948 950 942
f 948 942 941
f 287 288 289
f 288 287 283
f 265 288 283
f 291 288 265
f 291 267 295
f 291 265 267
f 295 302 307
f 295 267 302
f 307 993 739
f 307 302 993
f 739 1052 742
f 739 993 1052
f 742 1062 752
f 742 1052 1062
f 752 955 948
f 752 1062 955
f 951 954 950
f 948 951 950
f 955 951 948
f 951 953 954
f 279 264 265
f 279 265 283
f 265 266 267
f 265 264 266
f 267 303 302
f 267 266 303
f 302 992 993
f 302 303 992
f 993 1049 1052
f 993 992 1049
f 1052 1050 1062
f 1052 1049 1050
f 1062 975 955
f 1062 1050 975
f 955 952 951
f 955 975 952
f 952 974 953
f 952 953 951
f 278 261 264
f 278 264 279
f 264 263 266
f 264 261 263
f 266 304 303
f 266 263 304
f 303 987 992
f 303 304 987
f 992 990 1049
f 992 987 990
f 1049 1047 1050
f 1049 990 1047
f 1050 1051 975
f 1050 1047 1051
f 975 971 952
f 975 1051 971
f 962 963 974
f 952 962 974
f 971 962 952
f 962 961 963
f 277 261 278
f 261 277 262
f 260 261 262
f 263 261 260
f 263 305 304
f 263 260 305
f 304 988 987
f 304 305 988
f 987 989 990
f 987 988 989
f 990 991 1047
f 990 989 991
f 1047 1048 1051
f 1047 991 1048
f 1051 970 971
f 1051 1048 970
f 971 946 962
f 971 970 946
f 946 960 961
f 946 961 962
f 268 269 260
f 268 260 262
f 260 306 305
f 260 269 306
f 305 308 988
f 305 306 308
f 988 994 989
f 988 308 994
f 989 996 991
f 989 994 996
f 991 1042 1048
f 991 996 1042
f 1048 983 970
f 1048 1042 983
f 970 944 946
f 970 983 944
f 889 890 960
f 946 889 960
f 944 889 946
f 889 888 890
f 270 273 269
f 270 269 268
f 269 703 306
f 269 273 703
f 306 309 308
f 306 703 309
f 308 995 994
f 308 309 995
f 994 997 996
f 994 995 997
f 996 1043 1042
f 996 997 1043
f 1042 979 983
f 1042 1043 979
f 983 945 944
f 983 979 945
f 944 886 889
f 944 945 886
f 886 887 888
f 886 888 889
f 1692 704 273
f 1692 273 270
f 273 702 703
f 273 704 702
f 703 705 309
f 703 702 705
f 309 1010 995
f 309 705 1010
f 995 998 997
f 995 1010 998
f 997 999 1043
f 997 998 999
f 1043 1044 979
f 1043 999 1044
f 979 947 945
f 979 1044 947
f 945 884 886
f 945 947 884
f 859 858 887
f 886 859 887
f 884 859 886
f 859 856 858
f 1688 1686 704
f 1688 704 1692
f 704 706 702
f 704 1686 706
f 702 707 705
f 702 706 707
f 705 1009 1010
f 705 707 1009
f 1010 1001 998
f 1010 1009 1001
f 998 1000 999
f 998 1001 1000
f 999 1045 1044
f 999 1000 1045
f 1044 978 947
f 1044 1045 978
f 947 883 884
f 947 978 883
f 884 860 859
f 884 883 860
f 860 857 856
f 860 856 859
f 1689 1687 1686
f 1689 1686 1688
f 1686 709 706
f 1686 1687 709
f 706 708 707
f 706 709 708
f 707 1006 1009
f 707 708 1006
f 1002 1001 1005
f 1001 1006 1005
f 1001 1009 1006
f 1001 1002 1000
f 1000 1002 1003
f 1037 1038 1003
f 1038 1000 1003
f 1038 1045 1000
f 1045 1063 978
f 1045 1038 1063
f 978 980 883
f 978 1063 980
f 883 882 860
f 883 980 882
f 882 885 857
f 882 857 860
f 1694 1693 1687
f 1694 1687 1689
f 1687 711 709
f 1687 1693 711
f 709 710 708
f 709 711 710
f 708 1013 1006
f 708 710 1013
f 1005 1006 1008
f 1008 1006 1013
f 1038 1037 1040
f 1040 1037 1041
f 1038 1064 1063
f 1038 1040 1064
f 1063 981 980
f 1063 1064 981
f 980 897 882
f 980 981 897
f 897 959 885
f 897 885 882
f 1698 1695 1693
f 1698 1693 1694
f 1693 728 711
f 1693 1695 728
f 711 712 710
f 711 728 712
f 710 713 1013
f 710 712 713
f 1008 1013 1014
f 1014 1013 713
f 1021 1018 1022
f 1021 1022 1041
f 1022 1040 1041
f 1022 1039 1040
f 1040 1058 1064
f 1040 1039 1058
f 1064 1068 981
f 1064 1058 1068
f 981 982 897
f 981 1068 982
f 958 957 959
f 897 958 959
f 982 958 897
f 958 956 957
f 1700 1695 1698
f 1695 1700 1704
f 1703 1695 1704
f 728 1695 1703
f 728 715 712
f 728 1703 715
f 712 714 713
f 712 715 714
f 1014 713 1016
f 1016 713 714
f 1022 1018 1019
f 1019 1018 1020
f 1022 1023 1039
f 1022 1019 1023
f 1039 1057 1058
f 1039 1023 1057
f 1058 1066 1068
f 1058 1057 1066
f 1068 1067 982
f 1068 1066 1067
f 982 612 958
f 982 1067 612
f 611 787 956
f 958 611 956
f 612 611 958
f 611 610 787
f 1706 1705 1703
f 1706 1703 1704
f 1703 717 715
f 1703 1705 717
f 715 716 714
f 715 717 716
f 1016 714 1033
f 714 1032 1033
f 714 716 1032
f 1024 1019 1020
f 1032 1031 1033
f 1019 1024 1023
f 1023 1024 1025
f 1046 1055 1025
f 1055 1023 1025
f 1055 1057 1023
f 1057 1065 1066
f 1057 1055 1065
f 1066 604 1067
f 1066 1065 604
f 1067 605 612
f 1067 604 605
f 612 608 611
f 612 605 608
f 608 609 610
f 608 610 611
f 1707 1708 1705
f 1707 1705 1706
f 1705 719 717
f 1705 1708 719
f 717 718 716
f 717 719 718
f 716 733 1032
f 716 718 733
f 1031 1032 1030
f 1030 1032 733
f 1055 1046 1054
f 1054 1046 1053
f 1055 1056 1065
f 1055 1054 1056
f 1065 602 604
f 1065 1056 602
f 604 603 605
f 604 602 603
f 605 606 608
f 605 603 606
f 606 615 609
f 606 609 608
f 1836 1835 1708
f 1836 1708 1707
f 1708 721 719
f 1708 1835 721
f 719 720 718
f 719 721 720
f 732 733 730
f 733 720 730
f 733 718 720
f 733 732 1030
f 1053 1059 1054
f 1054 1059 1056
f 1056 1059 1061
f 598 599 1061
f 599 1056 1061
f 599 602 1056
f 602 601 603
f 602 599 601
f 603 607 606
f 603 601 607
f 607 617 615
f 607 615 606
f 1832 1829 1835
f 1832 1835 1836
f 1835 724 721
f 1835 1829 724
f 721 723 720
f 721 724 723
f 730 720 722
f 722 720 723
f 599 598 591
f 591 598 590
f 599 600 601
f 599 591 600
f 601 629 607
f 601 600 629
f 629 619 617
f 629 617 607
f 1831 1830 1829
f 1831 1829 1832
f 1829 1827 724
f 1829 1830 1827
f 724 725 723
f 724 1827 725
f 722 723 726
f 726 723 725
f 591 590 588
f 588 590 586
f 591 597 600
f 591 588 597
f 600 622 629
f 600 597 622
f 622 621 619
f 622 619 629
f 253 1830 1831
f 1830 253 252
f 1833 1830 252
f 1827 1830 1833
f 1827 1828 725
f 1827 1833 1828
f 726 725 1903
f 725 1899 1903
f 725 1828 1899
f 1899 1902 1903
f 588 586 583
f 583 586 582
f 588 589 597
f 588 583 589
f 597 624 622
f 597 589 624
f 624 625 621
f 624 621 622
f 1834 1837 1833
f 1834 1833 252
f 1833 1838 1828
f 1833 1837 1838
f 1828 1898 1899
f 1828 1838 1898
f 1902 1899 1901
f 1899 1900 1901
f 1899 1898 1900
f 1900 1914 1901
f 583 582 579
f 579 582 577
f 583 593 589
f 583 579 593
f 589 630 624
f 589 593 630
f 630 627 625
f 630 625 624
f 1841 1840 1837
f 1841 1837 1834
f 1837 1839 1838
f 1837 1840 1839
f 1838 1897 1898
f 1838 1839 1897
f 1898 1896 1900
f 1898 1897 1896
f 1914 1900 1912
f 1912 1900 1896
f 579 577 576
f 576 577 574
f 579 584 593
f 579 576 584
f 593 647 630
f 593 584 647
f 647 648 627
f 647 627 630
f 1844 1840 1841
f 1840 1844 1843
f 1842 1840 1843
f 1839 1840 1842
f 1839 1856 1897
f 1839 1842 1856
f 1895 1896 1894
f 1896 1856 1894
f 1896 1897 1856
f 1896 1895 1912
f 576 574 575
f 575 574 573
f 576 585 584
f 576 575 585
f 584 592 647
f 584 585 592
f 592 666 648
f 592 648 647
f 1846 1847 1842
f 1846 1842 1843
f 1842 1859 1856
f 1842 1847 1859
f 1894 1856 1887
f 1887 1856 1859
f 575 573 2042
f 2042 573 2032
f 575 671 585
f 575 2042 671
f 585 683 592
f 585 671 683
f 682 672 666
f 592 682 666
f 683 682 592
f 682 673 672
f 1848 1850 1847
f 1848 1847 1846
f 1847 1860 1859
f 1847 1850 1860
f 1887 1859 1888
f 1859 1889 1888
f 1859 1860 1889
f 1889 1891 1888
f 2032 2033 2042
f 2034 2041 2033
f 2041 2042 2033
f 2041 671 2042
f 671 681 683
f 671 2041 681
f 683 678 682
f 683 681 678
f 678 675 673
f 678 673 682
f 1851 1852 1850
f 1851 1850 1848
f 1850 1861 1860
f 1850 1852 1861
f 1860 1916 1889
f 1860 1861 1916
f 1891 1889 1915
f 1915 1889 1916
f 2034 2035 2041
f 2038 2058 2035
f 2058 2041 2035
f 2058 681 2041
f 681 679 678
f 681 2058 679
f 677 676 675
f 678 677 675
f 679 677 678
f 677 680 676
f 1855 1852 1851
f 1852 1855 1862
f 1863 1852 1862
f 1861 1852 1863
f 1861 1864 1916
f 1861 1863 1864
f 1915 1916 1917
f 1917 1916 1864
f 2058 2038 2039
f 2039 2038 2037
f 2058 685 679
f 2058 2039 685
f 679 684 677
f 679 685 684
f 569 568 680
f 677 569 680
f 684 569 677
f 569 567 568
f 1865 1866 1863
f 1865 1863 1862
f 1863 1867 1864
f 1863 1866 1867
f 1917 1864 1920
f 1920 1864 1867
f 2037 2040 2039
f 2048 2049 2040
f 2049 2039 2040
f 2049 685 2039
f 685 686 684
f 685 2049 686
f 684 570 569
f 684 686 570
f 570 571 567
f 570 567 569
f 1870 1869 1866
f 1870 1866 1865
f 1866 1868 1867
f 1866 1869 1868
f 1920 1867 1941
f 1941 1867 1868
f 2049 2048 2050
f 2050 2048 2051
f 2049 688 686
f 2049 2050 688
f 686 687 570
f 686 688 687
f 687 691 571
f 687 571 570
f 1875 1942 1869
f 1875 1869 1870
f 1869 1874 1868
f 1869 1942 1874
f 1941 1868 1937
f 1937 1868 1874
f 2050 2051 2052
f 2052 2051 2053
f 2050 690 688
f 2050 2052 690
f 688 689 687
f 688 690 689
f 689 692 691
f 689 691 687
f 1949 1943 1942
f 1949 1942 1875
f 1942 1933 1874
f 1942 1943 1933
f 1937 1874 1935
f 1935 1874 1933
f 2053 2054 2052
f 2009 695 2054
f 695 2052 2054
f 695 690 2052
f 690 693 689
f 690 695 693
f 694 696 692
f 689 694 692
f 693 694 689
f 694 697 696
f 1950 1944 1943
f 1950 1943 1949
f 1943 1930 1933
f 1943 1944 1930
f 1935 1933 1932
f 1932 1933 1930
f 695 2009 2031
f 2031 2009 2005
f 695 698 693
f 695 2031 698
f 693 699 694
f 693 698 699
f 701 700 697
f 694 701 697
f 699 701 694
f 701 1819 700
f 1947 1945 1944
f 1947 1944 1950
f 1944 1926 1930
f 1944 1945 1926
f 1932 1930 1928
f 1928 1930 1926
f 2031 2005 2007
f 2007 2005 2006
f 2031 2059 698
f 2031 2007 2059
f 698 1821 699
f 698 2059 1821
f 699 1820 701
f 699 1821 1820
f 1820 1817 1819
f 1820 1819 701
f 1948 1946 1945
f 1948 1945 1947
f 1945 1924 1926
f 1945 1946 1924
f 1928 1926 1927
f 1926 1925 1927
f 1926 1924 1925
f 1925 1972 1927
f 2007 2006 2022
f 2022 2006 2021
f 2007 2055 2059
f 2007 2022 2055
f 2059 1816 1821
f 2059 2055 1816
f 1821 1815 1820
f 1821 1816 1815
f 1815 1809 1817
f 1815 1817 1820
f 1954 1946 1948
f 1946 1954 1953
f 1923 1946 1953
f 1924 1946 1923
f 1924 1922 1925
f 1924 1923 1922
f 1972 1925 1971
f 1971 1925 1922
f 2014 2015 2017
f 2014 2017 2021
f 2017 2022 2021
f 2017 2043 2022
f 2022 2047 2055
f 2022 2043 2047
f 2055 2056 1816
f 2055 2047 2056
f 1816 1814 1815
f 1816 2056 1814
f 1814 1813 1809
f 1814 1809 1815
f 1951 1503 1923
f 1951 1923 1953
f 1923 1501 1922
f 1923 1503 1501
f 1971 1922 1499
f 1499 1922 1501
f 2017 2015 2018
f 2018 2015 2020
f 2017 2019 2043
f 2017 2018 2019
f 2043 2044 2047
f 2043 2019 2044
f 2047 2057 2056
f 2047 2044 2057
f 2056 1812 1814
f 2056 2057 1812
f 1812 1811 1813
f 1812 1813 1814
f 1952 1505 1503
f 1952 1503 1951
f 1503 1502 1501
f 1503 1505 1502
f 1499 1501 1497
f 1497 1501 1502
f 2020 2029 2018
f 2018 2029 2019
f 2019 2029 2060
f 2061 1826 2060
f 1826 2019 2060
f 1826 2044 2019
f 2044 1810 2057
f 2044 1826 1810
f 2057 1802 1812
f 2057 1810 1802
f 1791 1788 1811
f 1812 1791 1811
f 1802 1791 1812
f 1791 1787 1788
f 1956 1507 1505
f 1956 1505 1952
f 1505 1506 1502
f 1505 1507 1506
f 1497 1502 1511
f 1511 1502 1506
f 2061 1825 1826
f 1822 1804 1825
f 1804 1826 1825
f 1804 1810 1826
f 1810 1801 1802
f 1810 1804 1801
f 1802 1792 1791
f 1802 1801 1792
f 1792 1793 1787
f 1792 1787 1791
f 6646 1509 1507
f 6646 1507 1956
f 1507 1508 1506
f 1507 1509 1508
f 1511 1506 1513
f 1513 1506 1508
f 1804 1822 1805
f 1805 1822 1823
f 1804 1803 1801
f 1804 1805 1803
f 1801 1794 1792
f 1801 1803 1794
f 1794 1795 1793
f 1794 1793 1792
f 6734 1509 6646
f 1509 6734 7054
f 1510 1509 7054
f 1508 1509 1510
f 1513 1508 1518
f 1518 1508 1510
f 1600 1602 1529
f 1529 1527 1600
f 1805 1823 1807
f 1807 1823 1612
f 1805 1806 1803
f 1805 1807 1806
f 1803 1796 1794
f 1803 1806 1796
f 1796 1797 1795
f 1796 1795 1794
f 7055 1644 1510
f 7055 1510 7054
f 1518 1510 1650
f 1510 1645 1650
f 1510 1644 1645
f 1645 1651 1650
f 1602 1528 1529
f 1522 1523 1524
f 1529 1528 1527
f 1523 1559 1524
f 1807 1612 1550
f 1550 1612 1556
f 1807 1808 1806
f 1807 1550 1808
f 1806 1799 1796
f 1806 1808 1799
f 1799 1798 1797
f 1799 1797 1796
f 7056 1634 1644
f 7056 1644 7055
f 1644 1631 1645
f 1644 1634 1631
f 1651 1645 1632
f 1632 1645 1631
f 1539 1554 1536
f 1539 1536 1522
f 1536 1523 1522
f 1536 1534 1523
f 1559 1523 1557
f 1523 1530 1557
f 1523 1534 1530
f 1532 1541 1530
f 1530 1541 1557
f 1541 1532 1556
f 1532 1550 1556
f 1532 1549 1550
f 1550 1613 1808
f 1550 1549 1613
f 1808 1619 1799
f 1808 1613 1619
f 1619 1800 1798
f 1619 1798 1799
f 1662 1635 1634
f 1662 1634 7056
f 1634 1633 1631
f 1634 1635 1633
f 1632 1631 1629
f 1631 1627 1629
f 1631 1633 1627
f 1627 1628 1629
f 1536 1554 1537
f 1537 1554 1584
f 1536 1535 1534
f 1536 1537 1535
f 1534 1533 1530
f 1534 1535 1533
f 1530 1531 1532
f 1530 1533 1531
f 1532 1548 1549
f 1532 1531 1548
f 1549 1551 1613
f 1549 1548 1551
f 1613 1478 1619
f 1613 1551 1478
f 1478 1477 1800
f 1478 1800 1619
f 1654 1635 1662
f 1635 1654 1649
f 1636 1635 1649
f 1633 1635 1636
f 1633 1637 1627
f 1633 1636 1637
f 1628 1627 1598
f 1627 1582 1598
f 1627 1637 1582
f 1553 1583 1582
f 1582 1583 1598
f 1583 1553 1584
f 1553 1537 1584
f 1553 1552 1537
f 1537 1543 1535
f 1537 1552 1543
f 1535 1542 1533
f 1535 1543 1542
f 1533 1538 1531
f 1533 1542 1538
f 1531 1540 1548
f 1531 1538 1540
f 1548 1476 1551
f 1548 1540 1476
f 1551 1451 1478
f 1551 1476 1451
f 1451 1446 1477
f 1451 1477 1478
f 1643 1636 1649
f 1636 1643 1638
f 1611 1636 1638
f 1637 1636 1611
f 1637 1607 1582
f 1637 1611 1607
f 1582 1567 1553
f 1582 1607 1567
f 1553 1555 1552
f 1553 1567 1555
f 1552 1546 1543
f 1552 1555 1546
f 1543 1545 1542
f 1543 1546 1545
f 1542 1544 1538
f 1542 1545 1544
f 1538 1483 1540
f 1538 1544 1483
f 1540 1453 1476
f 1540 1483 1453
f 1476 1450 1451
f 1476 1453 1450
f 1450 1444 1446
f 1450 1446 1451
f 1639 1609 1611
f 1639 1611 1638
f 1611 1605 1607
f 1611 1609 1605
f 1607 1586 1567
f 1607 1605 1586
f 1567 1585 1555
f 1567 1586 1585
f 1555 1568 1546
f 1555 1585 1568
f 1546 1566 1545
f 1546 1568 1566
f 1545 1547 1544
f 1545 1566 1547
f 1544 1479 1483
f 1544 1547 1479
f 1483 1452 1453
f 1483 1479 1452
f 1452 1447 1445
f 1450 1452 1445
f 1453 1452 1450
f 1450 1445 1444
f 1610 1609 1639
f 1609 1610 1608
f 1588 1609 1608
f 1605 1609 1588
f 1605 1579 1586
f 1605 1588 1579
f 1586 1577 1585
f 1586 1579 1577
f 1585 1570 1568
f 1585 1577 1570
f 1568 1569 1566
f 1568 1570 1569
f 1566 1606 1547
f 1566 1569 1606
f 1547 1480 1479
f 1547 1606 1480
f 1479 1463 1452
f 1479 1480 1463
f 1463 1474 1447
f 1463 1447 1452
f 1590 1588 1608
f 1588 1590 1589
f 1581 1588 1589
f 1579 1588 1581
f 1579 1578 1577
f 1579 1581 1578
f 1577 1572 1570
f 1577 1578 1572
f 1570 1571 1569
f 1570 1572 1571
f 1569 1573 1606
f 1569 1571 1573
f 1573 1587 1481
f 1480 1573 1481
f 1606 1573 1480
f 1480 1481 1475
f 1480 1475 1463
f 1463 1475 1474
f 1591 1581 1589
f 1581 1591 1594
f 1580 1581 1594
f 1578 1581 1580
f 1578 1576 1572
f 1578 1580 1576
f 1572 1574 1571
f 1572 1576 1574
f 1574 1617 1575
f 1573 1574 1575
f 1571 1574 1573
f 1573 1575 1587
f 1621 1623 1580
f 1621 1580 1594
f 1580 1624 1576
f 1580 1623 1624
f 1576 1626 1574
f 1576 1624 1626
f 1378 1622 1617
f 1574 1378 1617
f 1626 1378 1574
f 1378 1376 1622
f 1490 1491 1623
f 1490 1623 1621
f 1623 1494 1624
f 1623 1491 1494
f 1624 1625 1626
f 1624 1494 1625
f 1626 257 1378
f 1626 1625 257
f 257 259 1376
f 257 1376 1378
f 1489 1491 1490
f 1491 1489 1492
f 1491 1492 1494
f 1494 1492 11771
f 1494 11771 1625
f 1625 11771 258
f 1625 258 257
f 257 258 259
f 1005 1007 1002
f 1004 1003 1002
f 1004 1002 1007
f 1004 1037 1003
f 1008 1012 1007
f 1008 1007 1005
f 1007 1011 1004
f 1007 1012 1011
f 1011 1041 1037
f 1011 1037 1004
f 1014 1015 1012
f 1014 1012 1008
f 1015 1018 1021
f 1011 1015 1021
f 1012 1015 1011
f 1011 1021 1041
f 1016 1017 1015
f 1016 1015 1014
f 1017 1020 1018
f 1017 1018 1015
f 1033 1017 1016
f 1027 1033 1031
f 1027 1017 1033
f 1027 1024 1020
f 1017 1027 1020
f 1026 1025 1024
f 1026 1024 1027
f 1026 1046 1025
f 1030 1028 1027
f 1030 1027 1031
f 1027 1029 1026
f 1027 1028 1029
f 1029 1053 1046
f 1029 1046 1026
f 730 731 732
f 1028 1030 732
f 731 1028 732
f 1034 1028 731
f 1028 1035 1029
f 1028 1034 1035
f 1036 1059 1053
f 1029 1036 1053
f 1035 1036 1029
f 1060 1061 1059
f 1060 1059 1036
f 1060 598 1061
f 722 727 731
f 722 731 730
f 731 772 1034
f 731 727 772
f 1034 771 1035
f 1034 772 771
f 1035 596 1036
f 1035 771 596
f 1036 595 1060
f 1036 596 595
f 595 590 598
f 595 598 1060
f 726 729 727
f 726 727 722
f 727 769 772
f 727 729 769
f 772 765 771
f 772 769 765
f 771 767 596
f 771 765 767
f 596 594 595
f 596 767 594
f 594 586 590
f 594 590 595
f 1903 729 726
f 729 1903 1902
f 770 729 1902
f 769 729 770
f 769 768 765
f 769 770 768
f 765 766 767
f 765 768 766
f 767 587 594
f 767 766 587
f 587 582 586
f 587 586 594
f 1901 770 1902
f 770 1901 1914
f 1909 770 1914
f 768 770 1909
f 768 1910 766
f 768 1909 1910
f 766 580 587
f 766 1910 580
f 580 577 582
f 580 582 587
f 1912 1905 1909
f 1912 1909 1914
f 1909 1908 1910
f 1909 1905 1908
f 1910 578 580
f 1910 1908 578
f 578 574 577
f 578 577 580
f 1894 1893 1895
f 1905 1912 1895
f 1893 1905 1895
f 1904 1905 1893
f 1905 1907 1908
f 1905 1904 1907
f 1908 572 578
f 1908 1907 572
f 572 573 574
f 572 574 578
f 1887 1890 1893
f 1887 1893 1894
f 1893 1906 1904
f 1893 1890 1906
f 1904 1911 1907
f 1904 1906 1911
f 1907 581 572
f 1907 1911 581
f 581 2032 573
f 581 573 572
f 1888 1890 1887
f 1890 1888 1891
f 1892 1890 1891
f 1906 1890 1892
f 1906 1913 1911
f 1906 1892 1913
f 1911 1989 581
f 1911 1913 1989
f 1998 2033 2032
f 581 1998 2032
f 1989 1998 581
f 1998 2034 2033
f 1915 1918 1892
f 1915 1892 1891
f 1892 1979 1913
f 1892 1918 1979
f 1913 1985 1989
f 1913 1979 1985
f 1989 1987 1998
f 1989 1985 1987
f 1999 2035 2034
f 1998 1999 2034
f 1987 1999 1998
f 1999 2038 2035
f 1917 1919 1918
f 1917 1918 1915
f 1918 1974 1979
f 1918 1919 1974
f 1979 1984 1985
f 1979 1974 1984
f 1985 1986 1987
f 1985 1984 1986
f 1987 1997 1999
f 1987 1986 1997
f 1997 2037 2038
f 1997 2038 1999
f 1920 1921 1919
f 1920 1919 1917
f 1919 1975 1974
f 1919 1921 1975
f 1974 1976 1984
f 1974 1975 1976
f 1984 1988 1986
f 1984 1976 1988
f 1986 1990 1997
f 1986 1988 1990
f 2036 2040 2037
f 1997 2036 2037
f 1990 2036 1997
f 2036 2048 2040
f 1941 1940 1921
f 1941 1921 1920
f 1921 1977 1975
f 1921 1940 1977
f 1975 1978 1976
f 1975 1977 1978
f 1976 1980 1988
f 1976 1978 1980
f 1988 1991 1990
f 1988 1980 1991
f 1990 2000 2036
f 1990 1991 2000
f 2000 2051 2048
f 2000 2048 2036
f 1937 1936 1940
f 1937 1940 1941
f 1940 1973 1977
f 1940 1936 1973
f 1977 1981 1978
f 1977 1973 1981
f 1978 1982 1980
f 1978 1981 1982
f 1980 1992 1991
f 1980 1982 1992
f 1991 1995 2000
f 1991 1992 1995
f 1995 2053 2051
f 1995 2051 2000
f 1935 1934 1936
f 1935 1936 1937
f 1936 1938 1973
f 1936 1934 1938
f 1973 1965 1981
f 1973 1938 1965
f 1981 1983 1982
f 1981 1965 1983
f 1982 1993 1992
f 1982 1983 1993
f 1992 1996 1995
f 1992 1993 1996
f 2008 2054 2053
f 1995 2008 2053
f 1996 2008 1995
f 2008 2009 2054
f 1932 1931 1934
f 1932 1934 1935
f 1934 1939 1938
f 1934 1931 1939
f 1938 1963 1965
f 1938 1939 1963
f 1965 1964 1983
f 1965 1963 1964
f 1983 1994 1993
f 1983 1964 1994
f 1993 2001 1996
f 1993 1994 2001
f 1996 2002 2008
f 1996 2001 2002
f 2002 2005 2009
f 2002 2009 2008
f 1928 1929 1931
f 1928 1931 1932
f 1931 1970 1939
f 1931 1929 1970
f 1939 1961 1963
f 1939 1970 1961
f 1963 1962 1964
f 1963 1961 1962
f 1964 2010 1994
f 1964 1962 2010
f 1994 2004 2001
f 1994 2010 2004
f 2001 2003 2002
f 2001 2004 2003
f 2003 2006 2005
f 2003 2005 2002
f 1927 1929 1928
f 1929 1927 1972
f 1969 1929 1972
f 1970 1929 1969
f 1970 1958 1961
f 1970 1969 1958
f 1961 1960 1962
f 1961 1958 1960
f 1962 2023 2010
f 1962 1960 2023
f 2010 2011 2004
f 2010 2023 2011
f 2004 2012 2003
f 2004 2011 2012
f 2012 2021 2006
f 2012 2006 2003
f 1971 1504 1969
f 1971 1969 1972
f 1969 1966 1958
f 1969 1504 1966
f 1958 1959 1960
f 1958 1966 1959
f 1960 2024 2023
f 1960 1959 2024
f 2023 2013 2011
f 2023 2024 2013
f 2013 2015 2014
f 2012 2013 2014
f 2011 2013 2012
f 2012 2014 2021
f 1499 1498 1504
f 1499 1504 1971
f 1504 1968 1966
f 1504 1498 1968
f 1966 1967 1959
f 1966 1968 1967
f 1959 2025 2024
f 1959 1967 2025
f 2024 2016 2013
f 2024 2025 2016
f 2016 2020 2015
f 2016 2015 2013
f 1497 1500 1498
f 1497 1498 1499
f 1498 1517 1968
f 1498 1500 1517
f 1968 1681 1967
f 1968 1517 1681
f 1967 1685 2025
f 1967 1681 1685
f 2025 2026 2016
f 2025 1685 2026
f 2027 2029 2020
f 2016 2027 2020
f 2026 2027 2016
f 2046 2060 2029
f 2046 2029 2027
f 2046 2061 2060
f 1511 1512 1500
f 1511 1500 1497
f 1500 1515 1517
f 1500 1512 1515
f 1517 1680 1681
f 1517 1515 1680
f 1681 1604 1685
f 1681 1680 1604
f 1685 2028 2026
f 1685 1604 2028
f 2026 2030 2027
f 2026 2028 2030
f 2027 2045 2046
f 2027 2030 2045
f 1824 1825 2061
f 2046 1824 2061
f 2045 1824 2046
f 1824 1822 1825
f 1513 1514 1512
f 1513 1512 1511
f 1512 1516 1515
f 1512 1514 1516
f 1515 1679 1680
f 1515 1516 1679
f 1680 1603 1604
f 1680 1679 1603
f 1604 1599 2028
f 1604 1603 1599
f 2028 1564 2030
f 2028 1599 1564
f 2030 1563 2045
f 2030 1564 1563
f 2045 1565 1824
f 2045 1563 1565
f 1565 1823 1822
f 1565 1822 1824
f 1518 1519 1514
f 1518 1514 1513
f 1514 1520 1516
f 1514 1519 1520
f 1516 1677 1679
f 1516 1520 1677
f 1679 1601 1603
f 1679 1677 1601
f 1601 1602 1600
f 1599 1601 1600
f 1603 1601 1599
f 1599 1600 1527
f 1526 1599 1527
f 1564 1599 1526
f 1564 1561 1563
f 1564 1526 1561
f 1563 1562 1565
f 1563 1561 1562
f 1562 1612 1823
f 1562 1823 1565
f 1650 1519 1518
f 1519 1650 1651
f 1521 1519 1651
f 1520 1519 1521
f 1520 1676 1677
f 1520 1521 1676
f 1677 1682 1601
f 1677 1676 1682
f 1525 1528 1602
f 1601 1525 1602
f 1682 1525 1601
f 1525 1527 1528
f 1525 1526 1527
f 1525 1522 1524
f 1526 1525 1524
f 1526 1524 1559
f 1558 1526 1559
f 1561 1526 1558
f 1561 1560 1562
f 1561 1558 1560
f 1560 1556 1612
f 1560 1612 1562
f 1632 1630 1521
f 1632 1521 1651
f 1521 1678 1676
f 1521 1630 1678
f 1676 1683 1682
f 1676 1678 1683
f 1683 1554 1539
f 1525 1683 1539
f 1682 1683 1525
f 1525 1539 1522
f 1557 1558 1559
f 1558 1557 1541
f 1558 1541 1560
f 1560 1541 1556
f 1629 1630 1632
f 1630 1629 1628
f 1614 1630 1628
f 1678 1630 1614
f 1678 1684 1683
f 1678 1614 1684
f 1684 1584 1554
f 1684 1554 1683
f 1598 1614 1628
f 1614 1598 1583
f 1614 1583 1684
f 1684 1583 1584

