# https://github.com/mikedh/trimesh
v -0.05117985 -0.05320495 0.01342249
v -0.05117594 -0.05320915 0.01342367
v -0.05118990 -0.05319984 0.01349256
v -0.05186283 -0.05336704 0.00713792
v -0.05186124 -0.05336831 0.00713837
v -0.05186155 -0.05336715 0.00714066
v -0.03523888 -0.05658495 0.00473870
v -0.03523605 -0.05658385 0.00477397
v -0.03524827 -0.05659498 0.00477234
v -0.03781132 -0.05853434 -0.00379651
v -0.03780866 -0.05853436 -0.00380828
v -0.03799755 -0.05840784 -0.00180768
v -0.03781028 -0.05853509 -0.00380855
v -0.03737117 -0.05856597 -0.00576445
v -0.03660642 -0.05559172 0.02073727
v -0.03661566 -0.05555683 0.02080525
v -0.03664693 -0.05558122 0.02080073
v -0.03865762 -0.04885761 0.02595411
v -0.03868154 -0.04885274 0.02596279
v -0.03869021 -0.04891546 0.02595218
v -0.05322294 -0.04779593 -0.01006870
v -0.05323514 -0.04782503 -0.01003750
v -0.05324605 -0.04779041 -0.01004277
v -0.05373462 -0.03746641 -0.00897860
v -0.05373724 -0.03751540 -0.00897496
v -0.05373761 -0.03746375 -0.00893307
v -0.05249888 -0.03075047 0.00916983
v -0.05249762 -0.03078132 0.00917274
v -0.05249669 -0.03074980 0.00919318
v -0.03006776 -0.03125151 0.00164626
v -0.03006834 -0.03121667 0.00164316
v -0.03006943 -0.03121466 0.00168236
v -0.05353636 -0.02107275 -0.00623755
v -0.05353625 -0.02108371 -0.00624658
v -0.05353636 -0.02108323 -0.00623665
v -0.02968908 -0.01745939 -0.00765995
v -0.02968672 -0.01745432 -0.00765988
v -0.02968879 -0.01745920 -0.00765456
v -0.03114807 -0.01352161 -0.01651765
v -0.03114138 -0.01352248 -0.01650943
v -0.03115237 -0.01353686 -0.01651053
v -0.04646756 -0.01285577 -0.02185764
v -0.04647130 -0.01294007 -0.02185122
v -0.04648479 -0.01293727 -0.02184506
v -0.02615373 -0.01044051 -0.01779349
v -0.02610120 -0.01044871 -0.01775852
v -0.02616173 -0.01045651 -0.01777065
v -0.00890075 -0.01004235 0.01661299
v -0.00890735 -0.01004094 0.01661695
v -0.00890660 -0.01004326 0.01661184
v -0.02169532 -0.00537890 0.02171453
v -0.02172434 -0.00537322 0.02172011
v -0.02172595 -0.00539598 0.02170952
v -0.04734433 -0.00455065 -0.02070268
v -0.04733994 -0.00457770 -0.02069944
v -0.04735117 -0.00457525 -0.02069164
v 0.01464726 -0.01051735 0.01342601
v 0.01461124 -0.01050846 0.01347269
v 0.01462093 -0.01052029 0.01342069
v -0.04381973 0.00295974 0.02452919
v -0.04379454 0.00288637 0.02454080
v -0.04378363 0.00295372 0.02454511
v -0.00089067 -0.00730526 0.02010197
v -0.00089042 -0.00727931 0.02012108
v -0.00094735 -0.00729428 0.02011032
v -0.04110542 0.00653817 0.02479659
v -0.04112655 0.00654212 0.02479673
v -0.04114798 0.00642175 0.02479756
v 0.03798627 -0.01180331 -0.00819793
v 0.03801642 -0.01180586 -0.00819134
v 0.03800956 -0.01180596 -0.00816112
v 0.04992477 -0.01188320 -0.00570621
v 0.04993851 -0.01188385 -0.00566448
v 0.04991639 -0.01188318 -0.00566921
v 0.03691394 -0.01180248 -0.01252739
v 0.03691814 -0.01180235 -0.01252652
v 0.03688133 -0.01178835 -0.01235312
v 0.03538978 -0.01162771 -0.01491590
v 0.03540837 -0.01162810 -0.01491194
v 0.03540476 -0.01162965 -0.01489724
v -0.03066357 0.00450704 0.02307506
v -0.03067870 0.00456958 0.02306651
v -0.03069191 0.00451258 0.02308039
v 0.01213496 -0.00148809 0.02237866
v 0.01210600 -0.00148267 0.02237898
v 0.01210294 -0.00150698 0.02237351
v 0.04113037 -0.00919997 0.01683844
v 0.04112711 -0.00919239 0.01685873
v 0.04110685 -0.00919483 0.01685466
v -0.05338083 0.00925814 -0.01085285
v -0.05338017 0.00922429 -0.01088213
v -0.05338229 0.00922615 -0.01085042
v 0.06894046 -0.01052033 0.01259506
v 0.06890516 -0.01051267 0.01261806
v 0.06891036 -0.01052083 0.01258874
v 0.06030213 -0.01177825 -0.00553413
v 0.06030813 -0.01177803 -0.00553288
v 0.06030391 -0.01177765 -0.00551399
v 0.03353792 -0.00750415 -0.02181448
v 0.03356017 -0.00753001 -0.02180756
v 0.03353312 -0.00752505 -0.02180956
v -0.04958037 0.01205470 0.02048143
v -0.04958909 0.01199815 0.02047585
v -0.04958235 0.01199736 0.02048592
v -0.02917838 0.01022412 0.02084818
v -0.02917379 0.01023556 0.02083683
v -0.02918965 0.01023888 0.02084453
v 0.00768949 -0.00056873 -0.02171824
v 0.00767585 -0.00065114 -0.02172223
v 0.00763263 -0.00064314 -0.02172389
v 0.05181810 -0.00287601 0.02062925
v 0.05179226 -0.00287109 0.02063121
v 0.05178959 -0.00289443 0.02062480
v -0.02862062 0.00825946 -0.01989282
v -0.02862031 0.00825403 -0.01989839
v -0.02868407 0.00826556 -0.01990676
v 0.05797471 -0.00405708 0.01997198
v 0.05797803 -0.00402950 0.01997879
v 0.05795245 -0.00405277 0.01997537
v -0.05310489 0.01547876 -0.00722439
v -0.05310257 0.01544971 -0.00725725
v -0.05310320 0.01545147 -0.00722170
v 0.09625339 -0.00953681 0.01213041
v 0.09622627 -0.00952900 0.01218996
v 0.09623800 -0.00954250 0.01212764
v -0.00825290 0.00862345 -0.01766483
v -0.00823959 0.00862087 -0.01766682
v -0.00825232 0.00862073 -0.01766950
v -0.00399808 0.00777884 -0.01873438
v -0.00396537 0.00777238 -0.01874201
v -0.00399678 0.00776835 -0.01874830
v -0.00582456 0.01107124 0.00109610
v -0.00582706 0.01107158 0.00109312
v -0.00582763 0.01107130 0.00109545
v 0.08532591 -0.00307993 0.01952444
v 0.08529982 -0.00307503 0.01952492
v 0.08529657 -0.00309982 0.01951994
v 0.02530045 0.00628834 -0.02063378
v 0.02530104 0.00628823 -0.02063380
v 0.02530044 0.00628810 -0.02063391
v 0.02317784 0.00670870 -0.02012169
v 0.02520875 0.00421287 -0.02184600
v 0.01718322 0.01125681 0.01004649
v 0.01715584 0.01126034 0.01001221
v 0.01714894 0.01125601 0.01003932
v 0.02951001 0.00757467 -0.01984317
v 0.02953083 0.00757049 -0.01984945
v 0.02951078 0.00756605 -0.01985331
v 0.02523775 0.00832488 -0.01877019
v 0.02491911 0.01154671 0.00352077
v 0.02496890 0.01153474 0.00346307
v 0.02493219 0.01153665 0.00345515
v 0.03606128 0.01179436 0.00988835
v 0.03601836 0.01179995 0.00983565
v 0.03600835 0.01179628 0.00987700
v -0.03477704 0.02751031 0.02228742
v -0.03475086 0.02763796 0.02227128
v -0.03476011 0.02764008 0.02227989
v -0.03222857 0.02450376 0.00869318
v -0.03222569 0.02455483 0.00872029
v -0.03223094 0.02450560 0.00872339
v 0.05012276 0.01039954 -0.00753335
v 0.05014710 0.01038684 -0.00771009
v 0.05010939 0.01039669 -0.00753594
v -0.05196785 0.03232870 0.01003553
v -0.05197351 0.03225742 0.01004044
v -0.05196642 0.03232982 0.01006556
v -0.05326831 0.02997241 -0.00439713
v -0.05328123 0.02987104 -0.00441906
v -0.05327889 0.02987191 -0.00439076
v -0.05360979 0.03167641 -0.01076927
v -0.05361191 0.03164133 -0.01076671
v -0.05360935 0.03167721 -0.01075005
v -0.03158448 0.02547682 -0.01176619
v -0.03157755 0.02554802 -0.01174129
v -0.03156793 0.02547526 -0.01173303
v -0.03099688 0.02989180 -0.00173367
v -0.03099624 0.02990283 -0.00173447
v -0.03099652 0.02990326 -0.00172632
v 0.05693062 0.01151201 -0.00003543
v 0.05690890 0.01151329 -0.00004014
v 0.05692629 0.01151111 -0.00001702
v 0.10027681 0.00484639 -0.01286680
v 0.10027502 0.00485276 -0.01286772
v 0.10027516 0.00485336 -0.01285411
v -0.03352456 0.03163456 -0.01677669
v -0.03353016 0.03171929 -0.01678512
v -0.03351458 0.03171772 -0.01675593
v 0.08229860 0.01118431 0.00740647
v 0.08225453 0.01118932 0.00733636
v 0.08224005 0.01118165 0.00739432
v 0.07923211 0.01153706 0.00262533
v 0.07922468 0.01153779 0.00261101
v 0.07922174 0.01153670 0.00262317
v 0.09941331 0.00731505 -0.00713097
v 0.09940924 0.00732142 -0.00710803
v 0.09941223 0.00731636 -0.00710696
v -0.03735415 0.03827298 -0.02225729
v -0.03736339 0.03829349 -0.02226100
v -0.03735137 0.03829151 -0.02225510
v -0.05263302 0.04399487 -0.00546339
v -0.05263535 0.04395842 -0.00548150
v -0.05263618 0.04395952 -0.00546103
v -0.03167702 0.04873755 0.00676583
v -0.03167800 0.04875262 0.00676433
v -0.03167811 0.04875351 0.00678310
v -0.03443340 0.04801957 -0.01837163
v -0.03444361 0.04811022 -0.01838155
v -0.03442371 0.04810817 -0.01834538
v -0.05134956 0.05447069 0.00621915
v -0.05136481 0.05444397 0.00621822
v -0.05136503 0.05444633 0.00626846
v -0.04718075 0.05785723 0.00886180
v -0.04718552 0.05785745 0.00884726
v -0.04718883 0.05785538 0.00886025
v -0.03263764 0.05298471 -0.00405764
v -0.03386688 0.05465980 -0.00651226
v -0.03386693 0.05465985 -0.00651198
v -0.03386693 0.05465984 -0.00651227
v -0.03366633 0.05453023 -0.00851012
v -0.03424425 0.05501304 -0.00457091
v -0.03569526 0.05663431 -0.01527525
v -0.03569549 0.05663538 -0.01527337
v -0.03569364 0.05663411 -0.01527287
v -0.03081828 0.02968302 -0.00578075
v -0.03087412 0.03172159 -0.00596709
v -0.03086079 0.03181344 -0.00392078
v -0.03090665 0.02979282 -0.00375747
v -0.03091665 0.03191750 -0.00189014
v -0.03091209 0.02767085 -0.00562830
v -0.03090198 0.02757486 -0.00766930
v -0.03097492 0.02777615 -0.00359924
v -0.03107693 0.03001128 0.00029054
v -0.03110284 0.02789293 -0.00158493
v -0.03098781 0.03201235 -0.00012147
v -0.03100105 0.03202660 0.00013403
v -0.03098266 0.03234003 0.00011109
v -0.03090377 0.03403815 -0.00001762
v -0.03081991 0.03392915 -0.00204192
v -0.03083502 0.03605474 -0.00017574
v -0.03090559 0.03616140 0.00185156
v -0.03077548 0.03595003 -0.00220555
v -0.03083818 0.03383817 -0.00408935
v -0.03072747 0.03584735 -0.00423797
v -0.03115696 0.02799668 0.00044610
v -0.03117079 0.02587620 -0.00142663
v -0.03126474 0.02598698 0.00059538
v -0.03100226 0.03460733 0.00196418
v -0.03100703 0.03413275 0.00161545
v -0.03098923 0.02778769 -0.00340683
v -0.03116230 0.02578050 -0.00346799
v -0.03117563 0.03215162 0.00213778
v -0.03104001 0.03415640 0.00199481
v -0.03124855 0.03013577 0.00229496
v -0.03136644 0.02812785 0.00244195
v -0.03144379 0.02611279 0.00259812
v -0.03103253 0.02566339 -0.00548189
v -0.03109226 0.02355101 -0.00736502
v -0.03096164 0.02555667 -0.00750913
v -0.03093013 0.02545691 -0.00954528
v -0.03096805 0.02343488 -0.00938018
v -0.03108256 0.02142637 -0.00923242
v -0.03121691 0.02365467 -0.00562183
v -0.03119182 0.02410453 -0.00538210
v -0.03122472 0.02366859 -0.00535173
v -0.03111462 0.02572586 -0.00445970
v -0.03100742 0.02746323 -0.00357932
v -0.03129529 0.02155812 -0.00723731
v -0.03087389 0.03375027 -0.00614073
v -0.03069835 0.03574801 -0.00627466
v -0.03073259 0.03787696 -0.00441282
v -0.03068821 0.03778950 -0.00612993
v -0.03067668 0.03748415 -0.00641872
v -0.03067590 0.03777275 -0.00644327
v -0.03083067 0.03798848 -0.00239174
v -0.03098926 0.03820487 0.00165892
v -0.03090428 0.03809567 -0.00036512
v -0.03108685 0.04025082 0.00146312
v -0.03116787 0.04035933 0.00348806
v -0.03115922 0.04238651 0.00331633
v -0.03110421 0.04228260 0.00128550
v -0.03127215 0.04250064 0.00533404
v -0.03128813 0.04047476 0.00550411
v -0.03123091 0.03834172 0.00364748
v -0.03133574 0.03845443 0.00566702
v -0.03136581 0.03740666 0.00575037
v -0.03111829 0.03635875 0.00384106
v -0.03109741 0.03628197 0.00368905
v -0.03106298 0.04015241 -0.00057476
v -0.03105669 0.04218000 -0.00074703
v -0.03104492 0.04430086 0.00112524
v -0.03093935 0.04003638 -0.00259005
v -0.03103241 0.04215414 -0.00120959
v -0.03095675 0.04073014 -0.00265312
v -0.03097440 0.04207128 -0.00277168
v -0.03080389 0.03991827 -0.00460266
v -0.03084862 0.04195487 -0.00478648
v -0.03078297 0.03928768 -0.00454425
v -0.03086986 0.03997570 -0.00362454
v -0.03073070 0.03981115 -0.00662937
v -0.03093408 0.04409289 -0.00293624
v -0.03092830 0.04418608 -0.00089164
v -0.03100361 0.04285161 -0.00079331
v -0.03096717 0.04424035 0.00012786
v -0.03121164 0.04442449 0.00313077
v -0.03132587 0.04453885 0.00514818
v -0.03151847 0.04669576 0.00697416
v -0.03146488 0.04465759 0.00715999
v -0.03144379 0.04262514 0.00733846
v -0.03147839 0.04060254 0.00750431
v -0.03153193 0.03889011 0.00763961
v -0.03149216 0.03855446 0.00720249
v -0.03138993 0.03643528 0.00582844
v -0.03167213 0.04051220 0.00952245
v -0.03153265 0.03858338 0.00766572
v -0.03158535 0.04274432 0.00934969
v -0.03151948 0.03655235 0.00784239
v -0.03151561 0.04476075 0.00919179
v -0.03161115 0.03869144 0.00969122
v -0.03159385 0.03665968 0.00986884
v -0.03155358 0.04486165 0.01122648
v -0.03152632 0.04679135 0.00901567
v -0.03156317 0.04689206 0.01105062
v -0.03173014 0.03880665 0.01170756
v -0.03172219 0.04083397 0.01153567
v -0.03168343 0.04074455 0.00975336
v -0.03166986 0.04073053 0.00950423
v -0.03164619 0.04284208 0.01122324
v -0.03164082 0.04305190 0.01136298
v -0.03188861 0.04095754 0.01354127
v -0.03180968 0.04297232 0.01338545
v -0.03164553 0.04284915 0.01137934
v -0.03167930 0.03676896 0.01189277
v -0.03162562 0.03463657 0.01003533
v -0.03171234 0.03474608 0.01205898
v -0.03181756 0.04447849 0.01325484
v -0.03202831 0.04310511 0.01537923
v -0.03202464 0.04513319 0.01520637
v -0.03190534 0.04505966 0.01409521
v -0.03205002 0.04108023 0.01554800
v -0.03213577 0.04321828 0.01739818
v -0.03214040 0.04524783 0.01722344
v -0.03196855 0.03894292 0.01369686
v -0.03204935 0.03905139 0.01572185
v -0.03223866 0.04120773 0.01754856
v -0.03205576 0.03702381 0.01589408
v -0.03223902 0.03917906 0.01772218
v -0.03192172 0.03690595 0.01388115
v -0.03190903 0.03487499 0.01405772
v -0.03221932 0.03714688 0.01790033
v -0.03217009 0.03501527 0.01604188
v -0.03224725 0.03630033 0.01796690
v -0.03223050 0.03506762 0.01693250
v -0.03228407 0.03512959 0.01805936
v -0.03217809 0.03429816 0.01610159
v -0.03218367 0.03298895 0.01621250
v -0.03234659 0.03311190 0.01821889
v -0.03210756 0.03085259 0.01436014
v -0.03226196 0.03097404 0.01636845
v -0.03237709 0.03108857 0.01838567
v -0.03214868 0.02883113 0.01452452
v -0.03199172 0.02870923 0.01251677
v -0.03199192 0.03074576 0.01251178
v -0.03198348 0.03059499 0.01235706
v -0.03198106 0.03073606 0.01234550
v -0.03194551 0.02860687 0.01048395
v -0.03195154 0.02861679 0.01067474
v -0.03207755 0.02669565 0.01267103
v -0.03224330 0.02681911 0.01467678
v -0.03238731 0.02896745 0.01651376
v -0.03244657 0.02694919 0.01667402
v -0.03253610 0.02908791 0.01852335
v -0.03197597 0.03285192 0.01408239
v -0.03183693 0.03273935 0.01220445
v -0.03198594 0.03285985 0.01421399
v -0.03198106 0.03298009 0.01420473
v -0.03220015 0.02468857 0.01281695
v -0.03175336 0.04701983 0.01305083
v -0.03180307 0.04499988 0.01321326
v -0.03193233 0.03063326 0.01031324
v -0.03192098 0.02850833 0.00844622
v -0.03189197 0.03053193 0.00827910
v -0.03179513 0.03263776 0.01017063
v -0.03177428 0.03253988 0.00813206
v -0.03179870 0.02839255 0.00643062
v -0.03178356 0.03041859 0.00626036
v -0.03165050 0.02827219 0.00442090
v -0.03188230 0.02637858 0.00658538
v -0.03173940 0.02625916 0.00457446
v -0.03200436 0.02649433 0.00860102
v -0.03160003 0.03029200 0.00425864
v -0.03196249 0.02833512 0.01050363
v -0.03203743 0.02653896 0.00943502
v -0.03206207 0.02659872 0.01063124
v -0.03165896 0.03242532 0.00611489
v -0.03163041 0.03454321 0.00799096
v -0.03154859 0.03443456 0.00596620
v -0.03147330 0.03229835 0.00411365
v -0.03128775 0.03429433 0.00398199
v -0.03111702 0.03629292 0.00384696
v -0.03186618 0.02425281 0.00471943
v -0.03203867 0.02437746 0.00672365
v -0.03193674 0.02223655 0.00487714
v -0.03203413 0.02231239 0.00612735
v -0.03207869 0.02296913 0.00683577
v -0.03209052 0.02235789 0.00688560
v -0.03223264 0.02247718 0.00889670
v -0.03173445 0.02210664 0.00287967
v -0.03266349 0.02708167 0.01866819
v -0.03258577 0.02494503 0.01681619
v -0.03240122 0.02481826 0.01481470
v -0.03242149 0.02279312 0.01498380
v -0.03227364 0.02267282 0.01297400
v -0.03223130 0.02257115 0.01094030
v -0.03264443 0.02292667 0.01697659
v -0.03106271 0.04490760 0.00106953
v -0.03220836 0.02063257 0.01316247
v -0.03210378 0.02051991 0.01114287
v -0.03181009 0.04905855 0.01286429
v -0.03284977 0.02508583 0.01879968
v -0.03160556 0.02411262 0.00273517
v -0.03158638 0.02198631 0.00086992
v -0.03145761 0.02399230 0.00072539
v -0.03154791 0.01995079 0.00105232
v -0.03148347 0.01984521 -0.00097637
v -0.03167550 0.02038184 0.00303980
v -0.03163561 0.02003836 0.00259605
v -0.03166431 0.02006554 0.00306925
v -0.03157390 0.02188990 -0.00117055
v -0.03144652 0.02389614 -0.00131539
v -0.03153347 0.02178856 -0.00320468
v -0.03140519 0.02379464 -0.00334932
v -0.03151713 0.02169147 -0.00524427
v -0.03150997 0.01966148 -0.00506895
v -0.03142906 0.01955300 -0.00709392
v -0.03139993 0.02161619 -0.00640205
v -0.03134537 0.02091091 -0.00719249
v -0.03134322 0.01948059 -0.00831637
v -0.03126689 0.01943017 -0.00910048
v -0.03148498 0.01975127 -0.00302000
v -0.03223064 0.02459975 0.01076675
v -0.03208542 0.02042247 0.00910374
v -0.03190017 0.02155205 0.00494348
v -0.03181593 0.02018650 0.00507820
v -0.03196105 0.02030632 0.00708862
v -0.03204211 0.04564932 0.01515848
v -0.03204768 0.04716598 0.01502745
v -0.03223591 0.04698463 0.01705455
v -0.03224739 0.04729542 0.01702551
v -0.03131625 0.04592331 0.00298033
v -0.03205846 0.04919659 0.01485132
v -0.03230348 0.02074356 0.01518422
v -0.03082996 0.04185738 -0.00682554
v -0.03260909 0.02136867 0.01711746
v -0.03235194 0.02076783 0.01551396
v -0.03258848 0.02088806 0.01716296
v -0.03089694 0.02960269 -0.00784185
v -0.03142044 0.04653654 0.00391813
v -0.03149951 0.04659821 0.00493516
v -0.03169824 0.04885040 0.00880304
v -0.03098492 0.04400766 -0.00499104
v -0.03093415 0.04390449 -0.00702283
v -0.03104710 0.04604735 -0.00517882
v -0.03102932 0.04613842 -0.00313150
v -0.03109904 0.04624492 -0.00110400
v -0.03119494 0.04635605 0.00091757
v -0.03137031 0.04648121 0.00292113
v -0.03083762 0.04176452 -0.00887057
v -0.03086872 0.04379874 -0.00905131
v -0.03087409 0.03974225 -0.00870514
v -0.03087682 0.04167724 -0.01092274
v -0.03088829 0.04376905 -0.00977454
v -0.03087792 0.04228687 -0.01097517
v -0.03100482 0.03967112 -0.01077804
v -0.03105373 0.04595431 -0.00722361
v -0.03105019 0.04594724 -0.00736263
v -0.03091239 0.04447460 -0.00911840
v -0.03113458 0.04803023 -0.00536708
v -0.03114125 0.04809673 -0.00528583
v -0.03125207 0.04820643 -0.00335564
v -0.03113741 0.04809199 -0.00537297
v -0.03092353 0.04371421 -0.01110701
v -0.03173854 0.04895172 0.01083720
v -0.03124019 0.01910143 -0.00906669
v -0.03102951 0.04585583 -0.00926142
v -0.03262637 0.03528420 0.02002511
v -0.03102681 0.02750269 -0.00974087
v -0.03154384 0.04707787 0.00488472
v -0.03168123 0.04865899 0.00472031
v -0.03108861 0.03765718 -0.01062332
v -0.03141168 0.04842301 0.00069478
v -0.03133709 0.04831564 -0.00133161
v -0.03124396 0.04801659 -0.00744039
v -0.03085509 0.03771017 -0.00852714
v -0.03106288 0.04604168 -0.00723303
v -0.03244960 0.04935982 0.01680602
v -0.03266836 0.03641957 0.01991903
v -0.03299677 0.02308305 0.01894008
v -0.03298228 0.02174427 0.01905777
v -0.03160285 0.04855095 0.00269477
v -0.03110294 0.04577459 -0.01132134
v -0.03136268 0.04918205 -0.00346256
v -0.03160000 0.05028456 -0.00155576
v -0.03272779 0.03327338 0.02017584
v -0.03125297 0.04792398 -0.00948572
v -0.03093426 0.03569543 -0.00837138
v -0.03297059 0.02104970 0.01911970
v -0.03199482 0.05102567 0.01060546
v -0.03198679 0.05099116 0.00988937
v -0.03185879 0.05013720 0.00865893
v -0.03210403 0.05113915 0.01262402
v -0.03107958 0.03166364 -0.00805691
v -0.03106617 0.03302824 -0.00817091
v -0.03102485 0.03370062 -0.00782948
v -0.03104827 0.03368684 -0.00822352
v -0.03125987 0.03160125 -0.01014104
v -0.03116557 0.03164500 -0.00880979
v -0.03081292 0.03572740 -0.00718602
v -0.03124414 0.03362720 -0.01031117
v -0.03117332 0.03564342 -0.01046882
v -0.03116014 0.03015333 -0.00999599
v -0.03109643 0.02954369 -0.00993033
v -0.03161726 0.05039381 -0.00156876
v -0.03152601 0.05028351 -0.00359139
v -0.03163730 0.05041027 -0.00129315
v -0.03179813 0.05051994 0.00043356
v -0.03125800 0.01730569 -0.01096806
v -0.03122477 0.01732001 -0.01052273
v -0.03205105 0.01960986 0.01328329
v -0.03229388 0.02068289 0.01519145
v -0.03096588 0.01734834 -0.00885861
v -0.03259248 0.04542181 0.01916433
v -0.03200594 0.05083923 0.00651636
v -0.03198681 0.05093006 0.00856399
v -0.03156767 0.05010245 -0.00768740
v -0.03237808 0.05128172 0.01460524
v -0.03152580 0.05018926 -0.00563463
v -0.03138584 0.04785322 -0.01155911
v -0.03203489 0.05075013 0.00446652
v -0.03206175 0.05142358 0.01055725
v -0.03234450 0.05228301 0.01247525
v -0.03104793 0.01745703 -0.00683390
v -0.03177436 0.01871796 0.01136678
v -0.03159483 0.01830718 0.00938855
v -0.03274619 0.04139150 0.01947690
v -0.03267204 0.04340712 0.01932000
v -0.03271167 0.03732797 0.01983210
v -0.03278129 0.03936897 0.01964264
v -0.03272242 0.04675400 0.01902281
v -0.03142725 0.01933784 0.00113031
v -0.03156347 0.01938831 -0.01121094
v -0.03164264 0.05002147 -0.00974767
v -0.03166842 0.04998353 -0.01067515
v -0.03159154 0.04909267 -0.01170871
v -0.03170277 0.04993788 -0.01180458
v -0.03204114 0.05065703 0.00242181
v -0.03166612 0.01837745 0.01062356
v -0.03307102 0.02927651 0.02044548
v -0.03291936 0.03127847 0.02030614
v -0.03121916 0.01795827 0.00334377
v -0.03106671 0.01783716 0.00133500
v -0.03135230 0.01807597 0.00535690
v -0.03144981 0.01818738 0.00737811
v -0.03116374 0.01837543 -0.00078295
v -0.03099635 0.01763634 -0.00273564
v -0.03282239 0.05145433 0.01654789
v -0.03099138 0.01754125 -0.00477780
v -0.03185699 0.01863606 0.01545904
v -0.03175330 0.01852356 0.01343924
v -0.03219259 0.01878949 0.01742632
v -0.03246935 0.05313813 0.01032429
v -0.03099636 0.01773054 -0.00069235
v -0.03100062 0.01766857 -0.00205387
v -0.03271761 0.05265905 0.01441554
v -0.03271453 0.01897581 0.01935139
v -0.03225127 0.05154460 0.00230140
v -0.03251045 0.05253019 0.00421359
v -0.03280378 0.04748782 0.01894278
v -0.03191538 0.05096947 0.00037029
v -0.03265657 0.05293571 0.00517469
v -0.03260863 0.05325692 0.01233604
v -0.03157658 0.02141935 -0.01138761
v -0.03167913 0.01841627 0.01141274
v -0.03269254 0.05298911 0.00618716
v -0.03091310 0.01734419 -0.00269303
v -0.03260278 0.05306748 0.00825078
v -0.03317817 0.04958260 0.01868429
v -0.03333438 0.02729427 0.02055952
v -0.03174534 0.01668185 0.01770131
v -0.03126290 0.01650250 0.01576729
v -0.03097225 0.01635701 0.01378983
v -0.03177897 0.05046211 -0.00981422
v -0.03233667 0.05217267 -0.01007856
v -0.03238311 0.05208666 -0.01213237
v -0.03204985 0.05138507 -0.00789914
v -0.03196943 0.04786200 -0.01373458
v -0.03219363 0.04993030 -0.01395905
v -0.03263988 0.05205026 -0.01396275
v -0.03262079 0.05183768 -0.01421265
v -0.03266627 0.05204242 -0.01423979
v -0.03165338 0.04786481 -0.01239233
v -0.03187015 0.04581578 -0.01353840
v -0.03181423 0.04581735 -0.01327747
v -0.03183858 0.04539886 -0.01349603
v -0.03168725 0.04375478 -0.01332328
v -0.03155957 0.02344506 -0.01155744
v -0.03315549 0.05268854 0.01637181
v -0.03280693 0.05321403 -0.01231848
v -0.03266143 0.05279521 0.00210762
v -0.03266184 0.05288949 0.00415082
v -0.03184616 0.03363923 -0.01249081
v -0.03189303 0.03161879 -0.01232774
v -0.03240268 0.01689205 0.01959572
v -0.03063400 0.01646522 -0.00461013
v -0.03251186 0.05267461 0.00009821
v -0.03238926 0.05255877 -0.00191731
v -0.03117803 0.01706183 -0.01093028
v -0.03181670 0.02957660 -0.01213676
v -0.03356604 0.02530644 0.02068074
v -0.03372985 0.02330663 0.02081733
v -0.03147409 0.01795224 0.00944446
v -0.03383186 0.02129590 0.02096792
v -0.03226472 0.05234838 -0.00597568
v -0.03237374 0.05246183 -0.00395709
v -0.03295621 0.05341246 0.01430060
v -0.03121963 0.02955428 -0.01020008
v -0.03172568 0.02753182 -0.01194245
v -0.03242507 0.02756103 -0.01414415
v -0.03143929 0.02753064 -0.01080698
v -0.03241157 0.02959770 -0.01409068
v -0.03221661 0.03163136 -0.01336693
v -0.03248119 0.02959966 -0.01433055
v -0.03245512 0.02910454 -0.01428265
v -0.03190131 0.01732501 -0.01315706
v -0.03174537 0.03566573 -0.01230413
v -0.03151707 0.03768586 -0.01173814
v -0.03124026 0.03968638 -0.01140156
v -0.03095120 0.04168191 -0.01112298
v -0.03183224 0.03480910 -0.01258803
v -0.03183258 0.03566555 -0.01266143
v -0.03182992 0.03769379 -0.01283452
v -0.03197785 0.03364727 -0.01285038
v -0.03258539 0.03164676 -0.01452785
v -0.03265365 0.03368753 -0.01471700
v -0.03265494 0.03571647 -0.01489098
v -0.03229629 0.02550959 -0.01394129
v -0.03227262 0.05234086 -0.00617088
v -0.03325765 0.02113466 0.01979858
v -0.03236806 0.02349354 -0.01378385
v -0.03184524 0.02346982 -0.01217866
v -0.03247456 0.02148361 -0.01363429
v -0.03211447 0.02146625 -0.01255108
v -0.03233138 0.01942962 -0.01342816
v -0.03230129 0.01942929 -0.01331332
v -0.03230858 0.01926488 -0.01340924
v -0.03161769 0.04171377 -0.01313383
v -0.03177846 0.03971344 -0.01299656
v -0.03312544 0.05388213 -0.01039166
v -0.03380888 0.01969415 0.02110991
v -0.03212428 0.01571090 0.01975569
v -0.03065513 0.01620684 0.01181837
v -0.03262139 0.03773926 -0.01505708
v -0.03275366 0.03774737 -0.01541748
v -0.03260838 0.03890825 -0.01515441
v -0.03250893 0.03976087 -0.01492921
v -0.03260466 0.03976504 -0.01522698
v -0.03223239 0.04176148 -0.01459135
v -0.03081828 0.01671650 0.00558618
v -0.03113405 0.01739927 0.00751233
v -0.03158878 0.01620365 0.01777535
v -0.03114711 0.01619443 0.01581815
v -0.03263029 0.02757367 -0.01470205
v -0.03251954 0.04177872 -0.01538139
v -0.03201592 0.04378643 -0.01396937
v -0.03361293 0.03960993 0.02149757
v -0.03362107 0.04164010 0.02132203
v -0.03380948 0.01926324 0.02114668
v -0.03363198 0.05169141 0.01840781
v -0.03281366 0.05328015 0.00613664
v -0.03310174 0.05411115 0.00805595
v -0.03242297 0.05228210 -0.00805482
v -0.03264982 0.04383044 -0.01558459
v -0.03347163 0.05359763 0.01622715
v -0.03032147 0.01576508 -0.00653548
v -0.03398482 0.04981915 0.02054488
v -0.03358508 0.04366245 0.02115649
v -0.03355506 0.04467153 0.02107645
v -0.03046923 0.01621174 0.00365182
v -0.03292067 0.01741070 -0.01543123
v -0.03245418 0.01737861 -0.01423608
v -0.03360036 0.03757901 0.02167411
v -0.03362017 0.03555378 0.02184331
v -0.03308421 0.03541339 0.02097107
v -0.03229894 0.05242457 -0.00598944
v -0.03371435 0.05207083 0.01835792
v -0.03367328 0.04773547 0.02078913
v -0.03354033 0.04568329 0.02099294
v -0.02998311 0.01542881 -0.00233245
v -0.02997086 0.01552085 -0.00028639
v -0.03011327 0.01574395 0.00171576
v -0.03326285 0.04560948 0.02051708
v -0.03302573 0.03574496 -0.01577645
v -0.02998072 0.01521592 -0.00846779
v -0.02994954 0.01513024 -0.00867219
v -0.03356568 0.03349578 0.02160273
v -0.03348164 0.05434866 -0.00845554
v -0.03250981 0.01581614 -0.01520786
v -0.03251797 0.01529183 -0.01558034
v -0.03338294 0.05497886 0.00997357
v -0.03107091 0.01526274 -0.01280496
v -0.03347321 0.02968052 -0.01659853
v -0.03373735 0.02969533 -0.01734814
v -0.03346111 0.02764966 -0.01642210
v -0.03329299 0.03374059 -0.01615816
v -0.02998194 0.01533440 -0.00437548
v -0.03332554 0.05428168 -0.01251952
v -0.03353319 0.05422412 -0.01460984
v -0.03424387 0.05382811 0.01809553
v -0.03036027 0.01606060 0.00984186
v -0.03075949 0.01589601 0.01387428
v -0.03401522 0.02769526 -0.01767967
v -0.03341381 0.02561260 -0.01623770
v -0.03335708 0.01951642 -0.01570377
v -0.03439937 0.01960615 -0.01798314
v -0.03352934 0.02157555 -0.01591648
v -0.03349380 0.02117547 -0.01587471
v -0.03345205 0.02156866 -0.01575268
v -0.03365224 0.01953711 -0.01645172
v -0.03453939 0.02165959 -0.01818854
v -0.03478886 0.02167075 -0.01895796
v -0.03461128 0.02344844 -0.01835690
v -0.03502453 0.01965357 -0.01948915
v -0.03516677 0.01761867 -0.02002655
v -0.03349811 0.02359876 -0.01608310
v -0.03317511 0.02356910 -0.01541676
v -0.03287270 0.02555924 -0.01520131
v -0.03430800 0.02570122 -0.01794066
v -0.03379267 0.01748138 -0.01743342
v -0.03336283 0.04389261 -0.01712686
v -0.03293253 0.04590905 -0.01582232
v -0.03318435 0.04593294 -0.01632516
v -0.03368657 0.03580432 -0.01716793
v -0.03373445 0.03378406 -0.01700509
v -0.03440253 0.03586325 -0.01879257
v -0.03413459 0.03786733 -0.01841403
v -0.03372257 0.03783939 -0.01734978
v -0.03389141 0.03988147 -0.01791839
v -0.03378590 0.03987929 -0.01753782
v -0.03363705 0.04189105 -0.01747568
v -0.03379097 0.04083294 -0.01762054
v -0.03380287 0.04191099 -0.01771535
v -0.03465923 0.03385460 -0.01922425
v -0.03466460 0.03182528 -0.01908536
v -0.03457915 0.02369843 -0.01830398
v -0.03295353 0.05366687 -0.00213146
v -0.03459836 0.02978487 -0.01889667
v -0.03491932 0.03184732 -0.01963988
v -0.03468124 0.03369785 -0.01924920
v -0.03373411 0.05547226 0.01190845
v -0.03306037 0.04711381 -0.01595249
v -0.03297873 0.04796226 -0.01565185
v -0.03277292 0.04999153 -0.01497942
v -0.03313058 0.04797271 -0.01604087
v -0.03396287 0.01750041 -0.01771058
v -0.03106888 0.01514426 -0.01290624
v -0.03342543 0.05005347 -0.01628134
v -0.03329488 0.05421279 -0.00019900
v -0.03365189 0.05467501 0.00173731
v -0.03005141 0.01506404 -0.01052108
v -0.03344004 0.01537943 -0.01741847
v -0.03390574 0.05176837 0.01896724
v -0.03518523 0.02984241 -0.02002799
v -0.03479756 0.01552479 -0.01976923
v -0.03523039 0.01762435 -0.02016131
v -0.03520644 0.01789219 -0.02005835
v -0.03468524 0.02777149 -0.01874265
v -0.03548099 0.02784958 -0.02027488
v -0.03480744 0.02576433 -0.01859664
v -0.03464047 0.02370615 -0.01838513
v -0.03577560 0.02585629 -0.02052723
v -0.03598702 0.02384957 -0.02073341
v -0.03433772 0.05110797 0.02035994
v -0.03402506 0.05505071 0.00367762
v -0.03412499 0.04602529 -0.01813570
v -0.03385399 0.04394874 -0.01790062
v -0.03459197 0.04606371 -0.01919547
v -0.03484520 0.04405366 -0.01964352
v -0.03425208 0.05015128 -0.01751127
v -0.03477402 0.05019726 -0.01863008
v -0.03407585 0.05219252 -0.01669894
v -0.03523366 0.05230709 -0.01890788
v -0.03551326 0.05233536 -0.01942828
v -0.03566729 0.05028513 -0.02034566
v -0.03574152 0.04824506 -0.02071882
v -0.03550925 0.04617537 -0.02049252
v -0.03588170 0.04825934 -0.02097743
v -0.03584374 0.04872577 -0.02078158
v -0.03589705 0.02180498 -0.02053934
v -0.03605401 0.02385643 -0.02085621
v -0.03599684 0.02428721 -0.02077296
v -0.03397349 0.05217891 -0.01657917
v -0.03404818 0.05245269 -0.01661839
v -0.03399332 0.05427170 -0.01544332
v -0.03461617 0.05432103 -0.01689842
v -0.03383738 0.01696517 -0.01763823
v -0.03392229 0.01542126 -0.01846625
v -0.03402159 0.01360746 -0.01944105
v -0.03253647 0.01318670 -0.01713889
v -0.03254049 0.01327983 -0.01704855
v -0.03548168 0.05303498 -0.01902263
v -0.03546336 0.05442776 -0.01801833
v -0.03415176 0.05561002 0.01385973
v -0.02986910 0.01522028 -0.00639321
v -0.03223517 0.01526101 -0.01510228
v -0.03612275 0.04624437 -0.02148313
v -0.03017475 0.01593365 0.00784059
v -0.03544198 0.01559743 -0.02080640
v -0.03097012 0.01513196 -0.01277246
v -0.03551943 0.04414844 -0.02032113
v -0.03387684 0.05532102 0.00778852
v -0.03410885 0.05526776 0.00569268
v -0.03402726 0.01335116 -0.01961571
v -0.03035352 0.01569579 0.01192588
v -0.03515615 0.04206698 -0.01981858
v -0.03518806 0.04003253 -0.01989869
v -0.03389351 0.01333653 -0.01939078
v -0.03632755 0.02185461 -0.02120821
v -0.03584562 0.01976717 -0.02035400
v -0.03411574 0.05519997 0.00419429
v -0.03507613 0.03798405 -0.01969965
v -0.03491407 0.03592674 -0.01948925
v -0.03566295 0.03804701 -0.02071319
v -0.03541184 0.04005793 -0.02025503
v -0.03591611 0.03603694 -0.02116158
v -0.03469369 0.03385913 -0.01926564
v -0.03533017 0.04084973 -0.01999870
v -0.03672484 0.04226298 -0.02192693
v -0.03023414 0.01584993 0.00578385
v -0.03015408 0.01574159 0.00375869
v -0.03431829 0.05575189 -0.01285525
v -0.03400668 0.05504683 -0.01478037
v -0.03007775 0.01426464 0.01620942
v -0.03074395 0.01447641 0.01810182
v -0.03460303 0.05556792 0.01581930
v -0.03509568 0.05530442 0.01778907
v -0.02976827 0.01521750 -0.00021759
v -0.03001738 0.01559706 0.00117795
v -0.03400053 0.03155929 0.02201379
v -0.03365718 0.05537646 0.00988156
v -0.03548743 0.04211407 -0.02014019
v -0.03643354 0.04425763 -0.02165893
v -0.03620744 0.03404231 -0.02142946
v -0.03002523 0.01562465 0.00174459
v -0.02937532 0.01404647 0.01432523
v -0.03179502 0.01475610 0.01990704
v -0.03466010 0.05196705 0.02021824
v -0.03012409 0.01341607 0.01832363
v -0.03663008 0.01986451 -0.02142309
v -0.03350514 0.05440758 -0.01051690
v -0.02957282 0.01512816 0.00803680
v -0.03426702 0.03023891 0.02216162
v -0.03436824 0.02959965 0.02219495
v -0.02994884 0.01548867 0.00997780
v -0.03473166 0.05591257 -0.01090503
v -0.03363203 0.01720321 0.02136056
v -0.03248513 0.01120386 -0.01891047
v -0.03096309 0.01346743 -0.01467982
v -0.03088514 0.01256681 0.02028682
v -0.03330157 0.01511617 0.02160910
v -0.03403233 0.05478323 -0.00450644
v -0.03400762 0.05487308 -0.00245755
v -0.03383918 0.03356372 0.02196740
v -0.02965970 0.01456121 -0.01039523
v -0.03248202 0.01105203 -0.01904250
v -0.02942161 0.01469998 -0.00215136
v -0.03247813 0.01492044 0.02070205
v -0.03094083 0.01297978 -0.01515804
v -0.03246623 0.01317886 -0.01702421
v -0.03701635 0.04026845 -0.02219391
v -0.03646166 0.03204821 -0.02153568
v -0.03638429 0.03000584 -0.02134447
v -0.03651693 0.03205505 -0.02161138
v -0.03645840 0.03244157 -0.02156867
v -0.03680735 0.03006006 -0.02188356
v -0.03643393 0.02798588 -0.02118202
v -0.03627791 0.02592963 -0.02097299
v -0.03436873 0.05558421 0.00561065
v -0.03468780 0.05624939 0.00753761
v -0.02922448 0.01461965 0.00610262
v -0.02989535 0.01513071 -0.00844245
v -0.02886616 0.01416448 0.00416597
v -0.03545602 0.05554441 -0.01718070
v -0.03733023 0.05051931 -0.02200814
v -0.02906246 0.01424928 -0.00408821
v -0.03374617 0.05548637 0.01190469
v -0.03565635 0.01357164 -0.02143831
v -0.03649171 0.05040618 -0.02106243
v -0.03722715 0.05194823 -0.02134991
v -0.02846947 0.01391457 0.00221987
v -0.03406120 0.03157418 0.02209080
v -0.02883531 0.01388436 0.01299844
v -0.02870131 0.01391145 0.01242791
v -0.03391847 0.01928970 0.02127862
v -0.03443305 0.01738550 0.02206691
v -0.03412369 0.01127760 -0.02080558
v -0.02962954 0.01368972 0.01635339
v -0.03714409 0.02808383 -0.02193660
v -0.03716008 0.05256302 -0.02116702
v -0.02867422 0.01395420 -0.00603223
v -0.03295827 0.01362126 0.02180966
v -0.03502060 0.02565733 0.02239458
v -0.03520556 0.02366125 0.02252638
v -0.02810015 0.01351828 0.00028051
v -0.02916353 0.01381073 0.01439018
v -0.03564394 0.05416939 0.01982171
v -0.02939310 0.01361536 -0.01230925
v -0.03280158 0.01299922 0.02189604
v -0.02926296 0.01273955 -0.01356618
v -0.03075340 0.01079125 -0.01769075
v -0.03086974 0.01159466 -0.01655110
v -0.03714761 0.05467057 -0.01957996
v -0.03572800 0.05429367 0.01979330
v -0.03067464 0.01251671 0.02005361
v -0.03245302 0.00900348 -0.02076665
v -0.03704985 0.05465631 -0.01949293
v -0.03714666 0.05475100 -0.01952151
v -0.03006057 0.01284853 -0.01443605
v -0.03218970 0.01100714 -0.01883118
v 0.07215776 0.01149481 -0.00296920
v 0.07261647 0.01157676 -0.00493060
v 0.07060206 0.01142336 -0.00534329
v 0.07014708 0.01136139 -0.00338281
v 0.06858759 0.01126965 -0.00575596
v 0.06904521 0.01134572 -0.00771710
v 0.07571254 0.01163768 -0.00017863
v 0.07617407 0.01173474 -0.00214074
v 0.07416799 0.01162589 -0.00255548
v 0.07462653 0.01170691 -0.00451684
v 0.07106909 0.01154981 -0.00730675
v 0.07308527 0.01171266 -0.00689449
v 0.07508848 0.01180616 -0.00647904
v 0.07169516 0.01139211 -0.00100683
v 0.07371599 0.01157984 -0.00059573
v 0.07325180 0.01146861 0.00136703
v 0.07123672 0.01131161 0.00095451
v 0.07279428 0.01139304 0.00332814
v 0.06969223 0.01130012 -0.00142235
v 0.06970647 0.01118937 0.00064149
v 0.06939822 0.01120838 -0.00019575
v 0.06922329 0.01116347 0.00054157
v 0.07032799 0.01117389 0.00282556
v 0.07077302 0.01120300 0.00291714
v 0.07233196 0.01129180 0.00529043
v 0.06876860 0.01110304 0.00250199
v 0.07054800 0.01118204 0.00389430
v 0.07075913 0.01119201 0.00496650
v 0.07142867 0.01116806 0.00716144
v 0.07032384 0.01117204 0.00487619
v 0.06832414 0.01109737 0.00445988
v 0.07525111 0.01154124 0.00178344
v 0.07478224 0.01140496 0.00374735
v 0.07353893 0.01176758 -0.00885465
v 0.07526506 0.01182349 -0.00724514
v 0.07492951 0.01182533 -0.00856564
v 0.07554062 0.01185291 -0.00843883
v 0.07152396 0.01161117 -0.00926720
v 0.07197828 0.01166961 -0.01122752
v 0.06950158 0.01141511 -0.00967792
v 0.06997359 0.01156821 -0.01164261
v 0.07398198 0.01176570 -0.01081219
v 0.07243307 0.01173056 -0.01318796
v 0.06822802 0.01126187 -0.00377995
v 0.06819045 0.01125821 -0.00401147
v 0.06859237 0.01129177 -0.00165414
v 0.06782046 0.01123958 -0.00591555
v 0.06705605 0.01132740 -0.00813601
v 0.06698721 0.01130621 -0.00784861
v 0.06751310 0.01140048 -0.01009701
v 0.07770661 0.01168226 0.00023907
v 0.07775672 0.01169300 0.00002617
v 0.07694413 0.01175242 -0.00197947
v 0.07817027 0.01179070 -0.00172355
v 0.07786347 0.01168438 0.00027205
v 0.07970288 0.01173866 0.00065623
v 0.07724196 0.01156860 0.00220194
v 0.08017181 0.01187525 -0.00130769
v 0.08170645 0.01183401 0.00107160
v 0.07862590 0.01185616 -0.00368420
v 0.08216892 0.01193610 -0.00089074
v 0.07661573 0.01172540 -0.00409793
v 0.07707622 0.01181685 -0.00605977
v 0.07659255 0.01172517 -0.00399580
v 0.07657012 0.01172421 -0.00410747
v 0.07560339 0.01180061 -0.00636972
v 0.07907682 0.01189638 -0.00564368
v 0.08062301 0.01191701 -0.00326724
v 0.07753543 0.01190148 -0.00802130
v 0.07953594 0.01198051 -0.00760519
v 0.08107794 0.01197866 -0.00522771
v 0.08153579 0.01205603 -0.00718891
v 0.06798364 0.01154570 -0.01206133
v 0.06659641 0.01124049 -0.00617438
v 0.06814240 0.01126006 -0.00379789
v 0.07186548 0.01116833 0.00725375
v 0.08261275 0.01193837 -0.00284847
v 0.08306587 0.01199040 -0.00480849
v 0.08460366 0.01196609 -0.00242998
v 0.08414947 0.01190832 -0.00046969
v 0.06723739 0.01116260 0.00012185
v 0.06678441 0.01111130 0.00208185
v 0.06770463 0.01129016 -0.00184165
v 0.06571761 0.01128326 -0.00226110
v 0.06615480 0.01125010 -0.00421720
v 0.06988477 0.01119520 0.00683275
v 0.07797672 0.01189021 -0.00997841
v 0.07597215 0.01178943 -0.01039353
v 0.08505082 0.01198623 -0.00438854
v 0.08351788 0.01203649 -0.00676825
v 0.08543866 0.01201229 -0.00608057
v 0.08533091 0.01201847 -0.00638345
v 0.08550025 0.01201849 -0.00634765
v 0.08369292 0.01183797 0.00149118
v 0.08322704 0.01171769 0.00345435
v 0.08567713 0.01182981 0.00191131
v 0.08612926 0.01187653 -0.00004847
v 0.08767179 0.01187753 0.00232887
v 0.08792051 0.01188578 0.00123718
v 0.08768994 0.01188478 0.00028074
v 0.08657944 0.01191280 -0.00200777
v 0.07430716 0.01123541 0.00571279
v 0.08122330 0.01162136 0.00303903
v 0.08034926 0.01143411 0.00492166
v 0.08074729 0.01144686 0.00500470
v 0.07875051 0.01138781 0.00458766
v 0.07676263 0.01137635 0.00416843
v 0.08273692 0.01146773 0.00542350
v 0.08520475 0.01167476 0.00387609
v 0.07045572 0.01177541 -0.01360979
v 0.08811569 0.01188020 0.00037112
v 0.07469852 0.01177189 -0.01066125
v 0.07441529 0.01171173 -0.01276733
v 0.07287607 0.01172842 -0.01514549
v 0.07089694 0.01176378 -0.01556688
v 0.06889329 0.01166796 -0.01598222
v 0.07997000 0.01193056 -0.00956051
v 0.08197463 0.01203161 -0.00914541
v 0.08040974 0.01191100 -0.01151724
v 0.07841105 0.01184166 -0.01193380
v 0.07887109 0.01193073 -0.01389553
v 0.08086101 0.01195312 -0.01347680
v 0.08240203 0.01194604 -0.01109909
v 0.07685242 0.01175452 -0.01430717
v 0.07640162 0.01171494 -0.01234772
v 0.07450944 0.01171105 -0.01274737
v 0.07485503 0.01169220 -0.01472406
v 0.07446346 0.01170881 -0.01298230
v 0.07403213 0.01170108 -0.01489877
v 0.08593753 0.01198575 -0.00830377
v 0.08395278 0.01199105 -0.00872378
v 0.08499175 0.01198412 -0.00850356
v 0.08439150 0.01196601 -0.01068025
v 0.08283720 0.01190203 -0.01305469
v 0.06526520 0.01123504 -0.00030125
v 0.06373134 0.01128043 -0.00268073
v 0.06418027 0.01131002 -0.00463972
v 0.06220310 0.01135585 -0.00506159
v 0.06265324 0.01139196 -0.00702089
v 0.06462353 0.01130930 -0.00659731
v 0.06328341 0.01125618 -0.00072198
v 0.06437208 0.01120124 0.00361556
v 0.06283693 0.01123970 0.00123640
v 0.06238805 0.01121033 0.00319539
v 0.06085501 0.01126010 0.00081570
v 0.06040550 0.01122738 0.00277484
v 0.06130699 0.01130604 -0.00114404
v 0.06481938 0.01122208 0.00165698
v 0.06175955 0.01135506 -0.00310393
v 0.06393071 0.01121207 0.00557269
v 0.06591230 0.01118986 0.00599348
v 0.06195006 0.01123929 0.00515168
v 0.06546285 0.01115751 0.00795260
v 0.06744941 0.01116191 0.00837215
v 0.06789777 0.01118847 0.00641330
v 0.06348263 0.01118700 0.00753148
v 0.06150320 0.01122075 0.00711016
v 0.06942594 0.01111264 0.00879419
v 0.06634570 0.01113637 0.00403832
v 0.05997915 0.01131857 0.00472826
v 0.05994366 0.01126035 0.00677710
v 0.05965234 0.01128568 0.00614548
v 0.05952732 0.01127349 0.00668797
v 0.06301669 0.01106641 0.00949466
v 0.06150709 0.01107865 0.00917450
v 0.06114919 0.01111877 0.00859366
v 0.06103592 0.01109295 0.00907368
v 0.05709465 0.01125454 0.00822671
v 0.05755446 0.01134235 0.00626503
v 0.05558886 0.01145011 0.00584030
v 0.05906537 0.01117422 0.00865017
v 0.05801128 0.01141417 0.00430409
v 0.05603771 0.01147928 0.00388133
v 0.05871600 0.01138280 0.00445575
v 0.08644633 0.01191583 -0.00408752
v 0.08701932 0.01189399 -0.00396453
v 0.08747029 0.01193452 -0.00592402
v 0.08898552 0.01178950 -0.00353995
v 0.08680469 0.01189837 -0.00301352
v 0.08723395 0.01187104 -0.00186584
v 0.08854287 0.01179346 -0.00158250
v 0.08793544 0.01205091 -0.00788702
v 0.08944101 0.01185415 -0.00550056
v 0.08636437 0.01189716 -0.01025732
v 0.08459382 0.01196014 -0.01063698
v 0.08453616 0.01193848 -0.01134038
v 0.08481923 0.01188218 -0.01263401
v 0.08448777 0.01188465 -0.01270429
v 0.05647318 0.01143685 0.00192566
v 0.05825725 0.01141138 0.00321592
v 0.05799323 0.01141614 0.00224875
v 0.05845375 0.01140923 0.00234669
v 0.05512402 0.01133540 0.00780322
v 0.06554573 0.01149873 -0.01052130
v 0.06667497 0.01134753 -0.00821829
v 0.06546177 0.01148470 -0.01016152
v 0.05889572 0.01140160 0.00038942
v 0.05738818 0.01158777 -0.00199655
v 0.05934666 0.01144195 -0.00157007
v 0.05980347 0.01151369 -0.00353100
v 0.05582536 0.01161030 -0.00232884
v 0.05540817 0.01161842 -0.00241773
v 0.05585466 0.01163496 -0.00437612
v 0.05557875 0.01161755 -0.00317150
v 0.05783071 0.01158316 -0.00395397
v 0.05828382 0.01163509 -0.00591399
v 0.05630484 0.01167124 -0.00633542
v 0.05498339 0.01166469 -0.00456284
v 0.05483983 0.01159581 -0.00663864
v 0.05673697 0.01161099 -0.00829027
v 0.05430206 0.01158006 -0.00675097
v 0.05388435 0.01171749 -0.00479968
v 0.06024887 0.01152444 -0.00548913
v 0.08856902 0.01182385 0.00252313
v 0.06509662 0.01146814 -0.00856226
v 0.08718041 0.01162082 0.00429834
v 0.08868801 0.01143495 0.00668429
v 0.08670800 0.01146563 0.00626312
v 0.08623719 0.01131896 0.00822751
v 0.08473072 0.01151085 0.00584127
v 0.08424491 0.01128396 0.00780936
v 0.08822571 0.01133382 0.00864658
v 0.09022039 0.01138170 0.00906414
v 0.09067183 0.01142472 0.00710453
v 0.08915178 0.01154394 0.00472164
v 0.08948608 0.01169103 0.00336025
v 0.08576916 0.01118714 0.01019121
v 0.08775483 0.01118679 0.01061099
v 0.08379179 0.01123190 0.00976939
v 0.08975178 0.01124677 0.01102799
v 0.09112125 0.01145692 0.00514542
v 0.09113814 0.01146125 0.00507421
v 0.08296202 0.01116144 0.00960002
v 0.05496780 0.01163460 -0.00046085
v 0.06498196 0.01095690 0.00991947
v 0.06695846 0.01090748 0.01034151
v 0.06271261 0.01092490 0.01072696
v 0.06253323 0.01085206 0.01146217
v 0.06056130 0.01092593 0.01103901
v 0.05858776 0.01099118 0.01061624
v 0.07627745 0.01115277 0.00613637
v 0.05875280 0.01177198 -0.00787793
v 0.05718695 0.01164617 -0.01024952
v 0.05506181 0.01146244 -0.00863166
v 0.07382759 0.01104190 0.00767934
v 0.07177770 0.01112333 0.00760624
v 0.07137998 0.01094306 0.00922177
v 0.06847887 0.01182298 -0.01403174
v 0.05661274 0.01104851 0.01019383
v 0.05612700 0.01082198 0.01216190
v 0.05464269 0.01113244 0.00977020
v 0.06893883 0.01087879 0.01076260
v 0.08963252 0.01174376 0.00275480
v 0.07826402 0.01115725 0.00655592
v 0.08025510 0.01118584 0.00697436
v 0.07977301 0.01097885 0.00894153
v 0.08176903 0.01103386 0.00935876
v 0.07777693 0.01092349 0.00852432
v 0.08065330 0.01139851 0.00538196
v 0.09007307 0.01172850 0.00079788
v 0.09158792 0.01158144 0.00318205
v 0.06070152 0.01157390 -0.00744903
v 0.09049982 0.01163944 -0.00115564
v 0.05416585 0.01095353 0.01173608
v 0.05267529 0.01123056 0.00934592
v 0.05220403 0.01108147 0.01131042
v 0.05071217 0.01135152 0.00892058
v 0.05081597 0.01112505 0.01101327
v 0.05034804 0.01118414 0.01039779
v 0.05022971 0.01114257 0.01088784
v 0.07578619 0.01089675 0.00810580
v 0.07728357 0.01065618 0.01049428
v 0.07529036 0.01061619 0.01007636
v 0.07351692 0.01085825 0.00890789
v 0.07497522 0.01063639 0.01000801
v 0.07333363 0.01077142 0.00964944
v 0.08988692 0.01186763 -0.00745880
v 0.06314198 0.01163451 -0.00898969
v 0.06388481 0.01075325 0.01175634
v 0.06361059 0.01176940 -0.01095354
v 0.06165906 0.01195244 -0.01138174
v 0.06119218 0.01182680 -0.00941832
v 0.06364722 0.01178029 -0.01110681
v 0.06438019 0.01165829 -0.01078134
v 0.05969783 0.01208353 -0.01180755
v 0.05922722 0.01193792 -0.00984321
v 0.06208511 0.01197364 -0.01324626
v 0.06210707 0.01197708 -0.01334050
v 0.06409285 0.01197732 -0.01292075
v 0.06454490 0.01202364 -0.01488052
v 0.06008800 0.01179877 -0.01375204
v 0.06206338 0.01197294 -0.01334938
v 0.07926341 0.01062466 0.01091549
v 0.06449257 0.01071085 0.01188844
v 0.07525031 0.01059553 0.01023708
v 0.07285415 0.01057834 0.01161597
v 0.07481030 0.01042008 0.01204303
v 0.07089651 0.01072868 0.01118928
v 0.07691984 0.01035868 0.01186836
v 0.05198493 0.01096050 0.01218350
v 0.05316737 0.01149102 0.00737628
v 0.05364118 0.01165372 0.00541115
v 0.06603676 0.01175356 -0.01249068
v 0.06650551 0.01188918 -0.01445456
v 0.05345734 0.01180516 -0.00284610
v 0.05409999 0.01173615 0.00344973
v 0.05471999 0.01144383 -0.00870232
v 0.09261962 0.01122168 0.00753365
v 0.08835136 0.01190391 -0.00983787
v 0.08678487 0.01177469 -0.01220930
v 0.09031348 0.01177756 -0.00941228
v 0.09216007 0.01113527 0.00949526
v 0.09365002 0.01085499 0.01188557
v 0.09410714 0.01092839 0.00992456
v 0.09169315 0.01100943 0.01145869
v 0.05808567 0.01067717 0.01258834
v 0.04827936 0.01133188 0.01045935
v 0.04723094 0.01166351 0.00815798
v 0.04680745 0.01170867 0.00806459
v 0.04860727 0.01144984 0.00910352
v 0.04875762 0.01151837 0.00849313
v 0.05169255 0.01185224 0.00498224
v 0.05217023 0.01203566 0.00301616
v 0.05121244 0.01165581 0.00694892
v 0.08127556 0.01179879 -0.01542732
v 0.08325009 0.01173883 -0.01500479
v 0.07927912 0.01174153 -0.01584444
v 0.09092773 0.01155658 -0.00310945
v 0.05452979 0.01166345 0.00149545
v 0.05302410 0.01185948 -0.00089098
v 0.05259767 0.01195026 0.00106247
v 0.05146854 0.01178876 -0.00326510
v 0.04633597 0.01155842 0.01002915
v 0.09183685 0.01167604 -0.00703021
v 0.09229105 0.01173384 -0.00899050
v 0.09074861 0.01173330 -0.01136787
v 0.08876098 0.01172319 -0.01178716
v 0.09271487 0.01162912 -0.01094330
v 0.09116836 0.01160678 -0.01331966
v 0.08917568 0.01156966 -0.01373771
v 0.09137391 0.01157151 -0.00506776
v 0.09332112 0.01136535 -0.00463850
v 0.09286615 0.01130346 -0.00267802
v 0.08718863 0.01156264 -0.01415715
v 0.08521761 0.01164135 -0.01458054
v 0.08511285 0.01170491 -0.01406849
v 0.08538979 0.01163126 -0.01454327
v 0.09201774 0.01150880 0.00122777
v 0.06644516 0.01053352 0.01231638
v 0.04974759 0.01207039 0.00455242
v 0.04926190 0.01184409 0.00652048
v 0.04780072 0.01227831 0.00412307
v 0.04731775 0.01206662 0.00609046
v 0.04683882 0.01172676 0.00794018
v 0.04826040 0.01236541 0.00216143
v 0.05024012 0.01233323 0.00258268
v 0.04578631 0.01212489 0.00371039
v 0.04535541 0.01219176 0.00566493
v 0.04382772 0.01216988 0.00534387
v 0.04494103 0.01205606 0.00738869
v 0.04336641 0.01217433 0.00524597
v 0.04488389 0.01204131 0.00762949
v 0.04293632 0.01224552 0.00720032
v 0.09242686 0.01132543 -0.00072140
v 0.09139246 0.01141979 0.00520593
v 0.09305842 0.01119711 0.00557715
v 0.09286396 0.01120160 0.00643923
v 0.09462675 0.01092698 0.00762934
v 0.09558433 0.01057985 0.01231802
v 0.05170383 0.01077759 0.01328206
v 0.04972984 0.01084044 0.01285940
v 0.04778284 0.01104765 0.01243008
v 0.04439131 0.01177816 0.00959925
v 0.09455339 0.01094367 0.00796623
v 0.05108417 0.01210456 -0.00132204
v 0.09376868 0.01138763 -0.00659715
v 0.05512644 0.01124616 -0.01065083
v 0.09312400 0.01144580 -0.01289248
v 0.05376800 0.01067766 0.01327767
v 0.06004448 0.01053314 0.01301474
v 0.08124941 0.01062605 0.01133519
v 0.04243309 0.01192542 0.00917270
v 0.04095115 0.01224852 0.00678042
v 0.06686941 0.01146389 -0.01639258
v 0.07525327 0.01145059 -0.01667055
v 0.07724745 0.01149577 -0.01625287
v 0.05184995 0.01145713 -0.00520744
v 0.04133019 0.01190423 0.00483866
v 0.05067412 0.01228299 0.00062736
v 0.04865550 0.01210702 0.00021572
v 0.09603193 0.01060233 0.01035935
v 0.05761991 0.01159037 -0.01220457
v 0.04583148 0.01123159 0.01200184
v 0.06841549 0.01045106 0.01273994
v 0.04387758 0.01140192 0.01157423
v 0.05550175 0.01129059 -0.01057530
v 0.08324545 0.01068118 0.01175241
v 0.06250634 0.01174100 -0.01528725
v 0.06217147 0.01193866 -0.01365478
v 0.06269943 0.01176649 -0.01524861
v 0.06443542 0.01066646 0.01210620
v 0.07676355 0.01024625 0.01247080
v 0.07873410 0.01006321 0.01281500
v 0.07893851 0.01003118 0.01294898
v 0.05533011 0.01042263 0.01407900
v 0.05560401 0.01039614 0.01413916
v 0.05365391 0.01058681 0.01371061
v 0.06200462 0.01039620 0.01344082
v 0.06396615 0.01026666 0.01386655
v 0.07498383 0.01143892 -0.01672650
v 0.07325283 0.01137195 -0.01708668
v 0.09420800 0.01136582 -0.00855377
v 0.09464631 0.01133861 -0.01051015
v 0.09506425 0.01120243 -0.01246149
v 0.09352610 0.01122482 -0.01483992
v 0.09155509 0.01130362 -0.01526331
v 0.09497875 0.01084717 0.00601305
v 0.09349284 0.01114909 0.00362174
v 0.07037526 0.01031215 0.01316611
v 0.07232882 0.01014003 0.01359380
v 0.07428817 0.00999884 0.01402008
v 0.08955100 0.01120544 -0.01567854
v 0.08756083 0.01118173 -0.01609721
v 0.08363490 0.01142536 -0.01694797
v 0.08560182 0.01132472 -0.01652356
v 0.08730683 0.01119875 -0.01615236
v 0.08164537 0.01140507 -0.01736679
v 0.06627456 0.01036091 0.01293510
v 0.05755356 0.01020257 0.01456785
v 0.07622991 0.00976345 0.01445069
v 0.08361609 0.01107720 0.01042454
v 0.08541812 0.01078668 0.01142905
v 0.07871114 0.01004218 0.01289997
v 0.04189559 0.01142197 0.01115354
v 0.04046512 0.01202046 0.00874856
v 0.03994188 0.01159327 0.01072588
v 0.09545538 0.01092282 -0.01440623
v 0.07123014 0.01117426 -0.01749733
v 0.04724405 0.01053731 0.01441124
v 0.05949080 0.00994312 0.01499957
v 0.04615469 0.01172357 0.00177126
v 0.09539344 0.01069361 0.00406250
v 0.09391049 0.01101136 0.00167046
v 0.06590416 0.01001135 0.01429808
v 0.06810474 0.01005900 0.01380644
v 0.07962470 0.01121820 -0.01777794
v 0.04372892 0.01174156 0.00330830
v 0.08069173 0.01001466 0.01332100
v 0.08267901 0.01002289 0.01374038
v 0.07815493 0.00943862 0.01488543
v 0.09431435 0.01079984 -0.00027741
v 0.08919288 0.01062887 0.01301410
v 0.05221936 0.01106130 -0.00714682
v 0.04473567 0.01191545 0.00350623
v 0.08520697 0.01055164 0.01217814
v 0.08720026 0.01050422 0.01252762
v 0.08717961 0.01048157 0.01260113
v 0.08731132 0.01048811 0.01262841
v 0.04916376 0.01018410 0.01484728
v 0.04526848 0.01059171 0.01398897
v 0.09113947 0.01041944 0.01344352
v 0.09307716 0.01016237 0.01387513
v 0.04144587 0.01091972 0.01274779
v 0.04251058 0.01075043 0.01339239
v 0.04330611 0.01071674 0.01356344
v 0.04134087 0.01082636 0.01313863
v 0.04324041 0.01063223 0.01378768
v 0.03942266 0.01118762 0.01270221
v 0.08990343 0.01071875 -0.01761373
v 0.07759997 0.01100958 -0.01818808
v 0.04900283 0.01159309 -0.00171822
v 0.09389242 0.01081248 -0.01677853
v 0.09190388 0.01079751 -0.01719760
v 0.04079857 0.01029725 0.01512065
v 0.04273348 0.01002531 0.01555295
v 0.06142494 0.00966704 0.01543206
v 0.08464094 0.00989552 0.01416602
v 0.08661050 0.00980901 0.01458977
v 0.08859967 0.00982735 0.01500868
v 0.03887082 0.01060749 0.01468659
v 0.08791237 0.01069030 -0.01803218
v 0.08758410 0.01114335 -0.01622983
v 0.08955398 0.01070798 -0.01768668
v 0.06784475 0.00976978 0.01472898
v 0.06993319 0.00975778 0.01468592
v 0.06980194 0.00961709 0.01515578
v 0.07182417 0.00943123 0.01526965
v 0.08890652 0.01025249 0.01398517
v 0.08053285 0.00977402 0.01383497
v 0.08008359 0.00913329 0.01531926
v 0.09643762 0.01040062 0.00841103
v 0.08594714 0.01079999 -0.01845700
v 0.08396966 0.01084419 -0.01887880
v 0.04509227 0.01032153 0.01455644
v 0.05109658 0.00990096 0.01528010
v 0.07173230 0.00932081 0.01558920
v 0.07370511 0.00910875 0.01590081
v 0.09682433 0.01009736 0.00646738
v 0.05559084 0.01037872 0.01418372
v 0.05746047 0.01006082 0.01486841
v 0.08195622 0.01069595 -0.01929172
v 0.09551608 0.01050367 0.00205333
v 0.09578602 0.01042174 0.00211741
v 0.09565369 0.01051104 0.00277122
v 0.09533628 0.01044119 -0.00003068
v 0.09533844 0.01034661 -0.00207348
v 0.09618129 0.01016425 0.00017165
v 0.09472022 0.01059905 -0.00222578
v 0.05798649 0.01117936 -0.01414325
v 0.09078391 0.00993145 0.01463314
v 0.07558047 0.01082894 -0.01859951
v 0.07528934 0.01137432 -0.01688922
v 0.06919944 0.01093371 -0.01790600
v 0.07719023 0.01095534 -0.01827005
v 0.07766684 0.01085072 -0.01860709
v 0.06334205 0.00929992 0.01586875
v 0.09526243 0.01073684 0.00608246
v 0.04466652 0.00974337 0.01598571
v 0.04692614 0.01001812 0.01541033
v 0.09567855 0.01019238 -0.00403974
v 0.09513776 0.01046071 -0.00417703
v 0.09657457 0.00989613 -0.00177361
v 0.08236303 0.00947210 0.01470628
v 0.09565424 0.01057349 0.00412792
v 0.09497040 0.00966753 0.01431771
v 0.07366888 0.00905781 0.01602109
v 0.07560875 0.00877708 0.01642459
v 0.05304629 0.00970823 0.01570875
v 0.09021646 0.01002133 -0.01953920
v 0.08993736 0.01062957 -0.01783305
v 0.09220997 0.01006289 -0.01912136
v 0.09214995 0.01017277 -0.01877076
v 0.09324052 0.00996319 -0.01889498
v 0.09691902 0.01050177 -0.01200943
v 0.09647952 0.01052259 -0.01005276
v 0.09579386 0.01036148 -0.01633798
v 0.09271607 0.00958823 0.01502204
v 0.05498580 0.00946090 0.01613991
v 0.09741886 0.00977089 0.01277507
v 0.09601982 0.01043541 -0.00809112
v 0.09560072 0.01056535 -0.00613948
v 0.09416405 0.00989353 -0.01869379
v 0.07992807 0.01046908 -0.01970103
v 0.07790234 0.01025511 -0.02011092
v 0.07961417 0.01043338 -0.01976433
v 0.09697065 0.00964300 -0.00371957
v 0.09655614 0.00994330 -0.00588426
v 0.09053429 0.00955387 0.01544105
v 0.04661360 0.00953657 0.01641500
v 0.05935967 0.00973095 0.01541321
v 0.06126222 0.00939972 0.01594217
v 0.05691657 0.00916685 0.01657323
v 0.07559949 0.00876292 0.01645445
v 0.09785305 0.00972168 0.01081972
v 0.09761807 0.00959950 0.00257508
v 0.09722244 0.00985508 0.00452092
v 0.04885005 0.00967824 0.01583822
v 0.04853192 0.00917589 0.01685139
v 0.05077573 0.00933764 0.01625774
v 0.06484116 0.01123647 -0.01680185
v 0.06480536 0.01131122 -0.01658553
v 0.06506122 0.01125549 -0.01675696
v 0.09729350 0.01013308 -0.01395006
v 0.06916134 0.00856207 0.01716205
v 0.06720268 0.00870689 0.01673561
v 0.06525308 0.00890021 0.01630694
v 0.08203120 0.00892927 0.01574843
v 0.08424610 0.00914876 0.01532739
v 0.09686033 0.00915497 0.01476110
v 0.09800572 0.00930126 0.00063120
v 0.07757898 0.00841844 0.01663340
v 0.04019495 0.00931375 0.01701940
v 0.03826161 0.00965745 0.01663607
v 0.03632491 0.00998272 0.01625326
v 0.03633522 0.00999834 0.01621989
v 0.03824502 0.00963164 0.01668920
v 0.03693382 0.01086819 0.01425481
v 0.03439263 0.01026872 0.01582031
v 0.07354266 0.01055037 -0.01900643
v 0.04016099 0.00925837 0.01712617
v 0.08397136 0.00868547 0.01617943
v 0.08611450 0.00883136 0.01601793
v 0.08819490 0.00982967 -0.01995013
v 0.08617137 0.00962747 -0.02036057
v 0.06320843 0.00905080 0.01626461
v 0.09470092 0.00922366 0.01516167
v 0.09668241 0.00886046 0.01531716
v 0.06279068 0.01089009 -0.01720564
v 0.07106138 0.00810356 0.01760295
v 0.05267370 0.00900826 0.01680837
v 0.05043401 0.00872841 0.01729179
v 0.09738480 0.00948653 -0.00566998
v 0.09692314 0.00978433 -0.00784442
v 0.04218870 0.00894558 0.01711691
v 0.09243708 0.00911011 0.01588127
v 0.07145734 0.01001760 -0.01940163
v 0.05882907 0.00877501 0.01701105
v 0.09442858 0.00893659 -0.02060730
v 0.09418946 0.00978606 -0.01888974
v 0.09248343 0.00915375 -0.02103707
v 0.09046541 0.00898101 -0.02144887
v 0.06712351 0.01045115 -0.01830351
v 0.06700666 0.01085899 -0.01746986
v 0.03565426 0.00876692 0.01826694
v 0.03373971 0.00914778 0.01782962
v 0.09823715 0.00940443 0.00887672
v 0.07952491 0.00806964 0.01695716
v 0.07749279 0.00826838 0.01689701
v 0.09779020 0.00928323 -0.00761823
v 0.09752006 0.00958479 -0.00975251
v 0.07583957 0.00984298 -0.02051168
v 0.06799936 0.01064278 -0.01813477
v 0.09835988 0.00882385 -0.00130441
v 0.07295817 0.00762769 0.01804465
v 0.05459491 0.00866948 0.01724907
v 0.03754642 0.00826628 0.01870978
v 0.06515400 0.00870215 0.01659007
v 0.08798616 0.00851264 0.01669301
v 0.08590922 0.00842933 0.01661100
v 0.08146246 0.00772423 0.01732053
v 0.09860000 0.00897349 0.00693896
v 0.09604890 0.00935382 -0.01824915
v 0.09492345 0.00966620 -0.01851380
v 0.09599874 0.00949261 -0.01791953
v 0.06704242 0.00837664 0.01718583
v 0.09430422 0.00847560 0.01633029
v 0.05235335 0.00837319 0.01772792
v 0.04411590 0.00860437 0.01752927
v 0.04203152 0.00864204 0.01757435
v 0.07939172 0.00780395 0.01733818
v 0.06892394 0.00805393 0.01781432
v 0.05652579 0.00832677 0.01764399
v 0.09820152 0.00911163 -0.00956795
v 0.09819503 0.00937147 -0.01164293
v 0.06072991 0.00832084 0.01745175
v 0.07485088 0.00713001 0.01848736
v 0.04605073 0.00826006 0.01790552
v 0.06506924 0.01008450 -0.01870637
v 0.09897497 0.00860742 0.00499821
v 0.03940133 0.00756634 0.01916181
v 0.05426373 0.00797001 0.01816627
v 0.08339006 0.00738286 0.01773101
v 0.07147521 0.00992782 -0.01955049
v 0.07126665 0.00997198 -0.01943803
v 0.07373473 0.00945201 -0.02071022
v 0.09756573 0.00921733 -0.01586547
v 0.07994579 0.01036704 -0.01985877
v 0.08992582 0.00816638 0.01704642
v 0.05847140 0.00797810 0.01796929
v 0.07088591 0.00769863 0.01806215
v 0.04393601 0.00820732 0.01801415
v 0.06259818 0.00769239 0.01790049
v 0.06928565 0.01037529 -0.01872170
v 0.08533225 0.00703557 0.01807244
v 0.04798590 0.00791562 0.01828018
v 0.09615059 0.00773004 0.01678442
v 0.08785236 0.00820140 0.01704127
v 0.08206007 0.00995005 -0.02033139
v 0.06044968 0.00761619 0.01813996
v 0.06938825 0.00957164 -0.01980083
v 0.08835843 0.00871711 -0.02153896
v 0.08622782 0.00914071 -0.02098906
v 0.09737435 0.00932789 -0.01591539
v 0.09753169 0.00931107 -0.01564215
v 0.09868311 0.00818095 -0.00323240
v 0.09933381 0.00815503 0.00306144
v 0.03543328 0.00825102 0.01884060
v 0.03348625 0.00860026 0.01852206
v 0.04994044 0.00756333 0.01856317
v 0.05189103 0.00721264 0.01886486
v 0.07284241 0.00734555 0.01833592
v 0.09190003 0.00780612 0.01723639
v 0.07375454 0.00931176 -0.02090695
v 0.07411450 0.00937521 -0.02083629
v 0.07163254 0.00858276 -0.02129310
v 0.08128235 0.00729512 0.01778140
v 0.03739639 0.00789526 0.01908307
v 0.04138161 0.00715985 0.01928894
v 0.04335316 0.00680067 0.01949146
v 0.07678037 0.00662928 0.01876531
v 0.06447535 0.00711156 0.01834703
v 0.06636061 0.00654017 0.01876521
v 0.08481210 0.00942187 -0.02063030
v 0.08889951 0.00860635 -0.02174780
v 0.07878317 0.00625744 0.01882000
v 0.04583106 0.00772216 0.01845628
v 0.08410562 0.00956091 -0.02047892
v 0.08413379 0.00935011 -0.02076754
v 0.04532377 0.00644187 0.01969844
v 0.09890415 0.00834807 0.01321086
v 0.09735572 0.00871553 0.01490344
v 0.08213043 0.00925580 -0.02118295
v 0.09624943 0.00805446 -0.02014687
v 0.09052775 0.00827783 -0.02227200
v 0.08006843 0.00884782 -0.02158391
v 0.09257057 0.00788979 -0.02240660
v 0.08837738 0.00843378 -0.02184340
v 0.04129180 0.01046165 -0.00530272
v 0.03974453 0.01043529 -0.00767889
v 0.03937211 0.01045644 -0.00570807
v 0.04173584 0.01046509 -0.00726051
v 0.04019221 0.01045822 -0.00963758
v 0.04217895 0.01046357 -0.00921806
v 0.03934641 0.01045202 -0.00590815
v 0.03930526 0.01045739 -0.00572229
v 0.04327209 0.01043256 -0.00488162
v 0.04371261 0.01041715 -0.00683854
v 0.04415448 0.01040898 -0.00879579
v 0.04262491 0.01047729 -0.01117632
v 0.04459473 0.01039212 -0.01075264
v 0.04524089 0.01034191 -0.00445768
v 0.04567913 0.01031433 -0.00641403
v 0.04612076 0.01030486 -0.00837123
v 0.04656677 0.01031884 -0.01032950
v 0.04810357 0.01028923 -0.00795074
v 0.04854562 0.01028202 -0.00990804
v 0.04767211 0.01035307 -0.00599606
v 0.04066088 0.01059345 -0.01160144
v 0.04307950 0.01053715 -0.01313671
v 0.03822665 0.01056615 -0.01006232
v 0.03867094 0.01057094 -0.01202016
v 0.03849905 0.01051631 -0.00794911
v 0.03798092 0.01056573 -0.00897775
v 0.04505784 0.01049763 -0.01271513
v 0.04702913 0.01042033 -0.01229180
v 0.04901010 0.01039481 -0.01187087
v 0.04108719 0.01050203 -0.01355485
v 0.03778472 0.01057403 -0.00810505
v 0.03735230 0.01063274 -0.00615013
v 0.03910191 0.01050446 -0.01397473
v 0.04723854 0.01040564 -0.00404086
v 0.03579278 0.01054082 -0.00852328
v 0.03623097 0.01051298 -0.01047963
v 0.03775446 0.01055350 -0.01016105
v 0.03423552 0.01046098 -0.01089699
v 0.05017303 0.01029646 -0.00956526
v 0.05053431 0.01029783 -0.00948901
v 0.05100121 0.01042354 -0.01145243
v 0.04907339 0.01039631 -0.01185762
v 0.04946853 0.01047526 -0.01383220
v 0.05146328 0.01052344 -0.01341466
v 0.04903286 0.01039879 -0.01196825
v 0.04745007 0.01030016 -0.01424389
v 0.04852255 0.01039932 -0.01402567
v 0.04545744 0.01026332 -0.01466195
v 0.04285718 0.01058494 -0.00293102
v 0.04482852 0.01050794 -0.00250771
v 0.03537869 0.01069761 -0.00657288
v 0.03694060 0.01080231 -0.00420032
v 0.03382490 0.01063636 -0.00894745
v 0.03339762 0.01072258 -0.00699380
v 0.03183141 0.01059486 -0.00936530
v 0.03225186 0.01047210 -0.01131726
v 0.03025812 0.01042931 -0.01173505
v 0.02983772 0.01055230 -0.00978309
v 0.02826637 0.01039712 -0.01215333
v 0.03138114 0.01055807 -0.00740597
v 0.02940864 0.01062892 -0.00782900
v 0.02786086 0.01059980 -0.01020504
v 0.02743416 0.01068913 -0.00825154
v 0.02661817 0.01067846 -0.00842311
v 0.02653975 0.01059809 -0.01048417
v 0.02587527 0.01060061 -0.01062484
v 0.02544771 0.01068532 -0.00867112
v 0.02652940 0.01078833 -0.00639993
v 0.02700951 0.01078946 -0.00629854
v 0.02501870 0.01076227 -0.00671704
v 0.02898871 0.01075447 -0.00587716
v 0.02856507 0.01086018 -0.00392441
v 0.03097266 0.01074492 -0.00545696
v 0.02348602 0.01081399 -0.00909681
v 0.02392077 0.01076773 -0.01105231
v 0.02193908 0.01078934 -0.01147307
v 0.02659196 0.01092770 -0.00434728
v 0.02618724 0.01094292 -0.00443414
v 0.02814182 0.01096794 -0.00197175
v 0.02647077 0.01098709 -0.00232663
v 0.02634964 0.01096732 -0.00324655
v 0.02616093 0.01099387 -0.00239271
v 0.02418510 0.01104686 -0.00281491
v 0.02461662 0.01098332 -0.00476961
v 0.02264469 0.01105721 -0.00519277
v 0.02220493 0.01107667 -0.00323604
v 0.02375432 0.01111440 -0.00086040
v 0.02306918 0.01095605 -0.00714574
v 0.02108755 0.01097805 -0.00756651
v 0.02152283 0.01093459 -0.00952214
v 0.02575030 0.01116919 -0.00044316
v 0.01995585 0.01080275 -0.01189345
v 0.02629205 0.01045820 -0.01257590
v 0.02687402 0.01044490 -0.01245175
v 0.02867714 0.01022255 -0.01410291
v 0.02429998 0.01042429 -0.01299410
v 0.01956259 0.01107102 -0.00994819
v 0.01911584 0.01105306 -0.00798973
v 0.02064090 0.01096063 -0.00560808
v 0.02020717 0.01101234 -0.00365284
v 0.01864392 0.01090045 -0.00602507
v 0.01820949 0.01094841 -0.00406965
v 0.01665090 0.01086149 -0.00644303
v 0.01756601 0.01101297 -0.01036527
v 0.03056639 0.01094351 -0.00350849
v 0.03664580 0.01036013 -0.01243021
v 0.03771158 0.01046686 -0.01221405
v 0.02594598 0.01117390 -0.00040220
v 0.01710680 0.01092838 -0.00840374
v 0.02774444 0.01121414 -0.00002547
v 0.02536027 0.01137147 0.00150843
v 0.02732885 0.01136293 0.00192529
v 0.02534479 0.01137188 0.00150512
v 0.02692013 0.01154840 0.00387437
v 0.02891046 0.01157298 0.00429300
v 0.02933227 0.01145750 0.00234070
v 0.02179239 0.01124172 -0.00128603
v 0.02337536 0.01145909 0.00108134
v 0.02974824 0.01131078 0.00038983
v 0.03130301 0.01137730 0.00276415
v 0.03171858 0.01122841 0.00081339
v 0.03015711 0.01112608 -0.00155928
v 0.03215272 0.01117886 -0.00114195
v 0.03256211 0.01099696 -0.00309119
v 0.03297070 0.01081075 -0.00504023
v 0.03370706 0.01124308 0.00123248
v 0.03413474 0.01115900 -0.00072127
v 0.03569173 0.01123739 0.00165250
v 0.03611373 0.01112292 -0.00029985
v 0.03454433 0.01097814 -0.00267056
v 0.03653777 0.01101934 -0.00225270
v 0.03738131 0.01109038 -0.00002911
v 0.03808930 0.01106852 0.00012242
v 0.03757080 0.01115114 0.00205710
v 0.03766085 0.01114845 0.00207636
v 0.03964136 0.01112049 0.00249741
v 0.04006226 0.01100015 0.00054533
v 0.03850663 0.01092907 -0.00182878
v 0.04047751 0.01084957 -0.00140535
v 0.03748788 0.01097737 -0.00204827
v 0.03498344 0.01095519 -0.00462713
v 0.03839625 0.01072286 -0.00388581
v 0.03890714 0.01069961 -0.00377583
v 0.03923885 0.01049558 -0.00539931
v 0.04088506 0.01065777 -0.00335414
v 0.04244749 0.01076525 -0.00098170
v 0.04202369 0.01087011 0.00097109
v 0.04444415 0.01082370 -0.00056464
v 0.01797534 0.01083075 -0.01231450
v 0.03066076 0.01021126 -0.01368262
v 0.04968979 0.01052399 -0.00558418
v 0.03330993 0.01149062 0.00317869
v 0.04347044 0.01025651 -0.01508140
v 0.04158652 0.01090340 0.00292718
v 0.03463568 0.01022970 -0.01284395
v 0.03505629 0.01010775 -0.01479596
v 0.03304822 0.00998829 -0.01521021
v 0.03263456 0.01014736 -0.01325992
v 0.03104913 0.00991686 -0.01562668
v 0.02771479 0.01020232 -0.01430460
v 0.01596690 0.01070927 -0.01272866
v 0.01556682 0.01094103 -0.01078172
v 0.01510561 0.01084570 -0.00881969
v 0.01468438 0.01096430 -0.00686753
v 0.01358794 0.01097771 -0.01120317
v 0.03530633 0.01154764 0.00359582
v 0.03603845 0.01151577 0.00375331
v 0.03489569 0.01172291 0.00554537
v 0.03290748 0.01170969 0.00512622
v 0.03525016 0.01174909 0.00561806
v 0.03728376 0.01150320 0.00401763
v 0.01368276 0.01090965 -0.01167483
v 0.01338484 0.01098507 -0.01124673
v 0.01346078 0.01099956 -0.01062471
v 0.01161704 0.01105709 -0.01162659
v 0.01315802 0.01104980 -0.00924886
v 0.01419389 0.01093650 -0.00902019
v 0.01120068 0.01120170 -0.00967563
v 0.00966120 0.01121701 -0.01205372
v 0.00924157 0.01134416 -0.01010196
v 0.01077970 0.01132167 -0.00772353
v 0.01274574 0.01121627 -0.00729891
v 0.00768456 0.01126570 -0.01247573
v 0.00726790 0.01140875 -0.01052470
v 0.00880533 0.01138247 -0.00814610
v 0.01036092 0.01145337 -0.00577198
v 0.00836629 0.01140576 -0.00618954
v 0.00994074 0.01157758 -0.00382008
v 0.01179167 0.01164304 -0.00343442
v 0.01226219 0.01146581 -0.00537114
v 0.01234880 0.01146484 -0.00535275
v 0.00681670 0.01136698 -0.00856514
v 0.01193944 0.01164691 -0.00340351
v 0.01393140 0.01168022 -0.00298529
v 0.01350960 0.01179574 -0.00103299
v 0.01550499 0.01184738 -0.00061561
v 0.01591367 0.01166166 -0.00256467
v 0.01749060 0.01184672 -0.00019582
v 0.01706219 0.01192690 0.00175811
v 0.01183190 0.01165928 -0.00291907
v 0.01150384 0.01168862 -0.00144781
v 0.01195392 0.01170862 -0.00135438
v 0.01243117 0.01141657 -0.00575402
v 0.01906555 0.01202121 0.00217353
v 0.01946797 0.01180198 0.00022601
v 0.02104378 0.01198100 0.00259514
v 0.02060452 0.01200316 0.00455175
v 0.02258793 0.01199068 0.00497208
v 0.02216022 0.01207461 0.00692584
v 0.02302111 0.01206689 0.00710849
v 0.02320225 0.01194072 0.00510622
v 0.02455133 0.01187122 0.00539735
v 0.02414704 0.01208043 0.00734533
v 0.02614757 0.01215957 0.00776145
v 0.00793157 0.01145222 -0.00423406
v 0.00636341 0.01131406 -0.00660508
v 0.00950014 0.01159251 -0.00186314
v 0.01106285 0.01170149 0.00050922
v 0.01238313 0.01172708 0.00078613
v 0.00749530 0.01149034 -0.00227819
v 0.00567153 0.01111969 -0.01288876
v 0.01505666 0.01182101 0.00134324
v 0.01305721 0.01174765 0.00092686
v 0.01397696 0.01068678 -0.01314738
v 0.01455184 0.01068492 -0.01302570
v 0.01431895 0.01138143 -0.00492914
v 0.01430775 0.01101061 -0.00695111
v 0.02034193 0.01049615 -0.01383694
v 0.02232474 0.01048050 -0.01341645
v 0.02653271 0.01184792 0.00581819
v 0.02667699 0.01014545 -0.01451911
v 0.00524909 0.01123180 -0.01093630
v 0.00481506 0.01128192 -0.00898098
v 0.00435865 0.01121229 -0.00702015
v 0.00590706 0.01124475 -0.00464425
v 0.00548720 0.01137069 -0.00269243
v 0.00391325 0.01120156 -0.00506202
v 0.00351137 0.01142367 -0.00311464
v 0.00180083 0.01147167 -0.00348033
v 0.00266836 0.01122436 -0.00532713
v 0.00507007 0.01151122 -0.00074129
v 0.00705588 0.01151159 -0.00032154
v 0.00193708 0.01125277 -0.00548415
v 0.00153665 0.01148262 -0.00353712
v -0.00003855 0.01130685 -0.00590640
v -0.00043586 0.01155337 -0.00396014
v 0.00037736 0.01115979 -0.00785725
v -0.00159925 0.01120861 -0.00827926
v 0.00235506 0.01111677 -0.00743550
v -0.00116727 0.01114749 -0.01023407
v 0.00268090 0.01112794 -0.00736758
v 0.00081521 0.01113009 -0.00981351
v -0.00073828 0.01107045 -0.01218814
v -0.00083869 0.01177041 -0.00201252
v -0.00240862 0.01162282 -0.00438310
v -0.00199914 0.01144137 -0.00633236
v -0.00283523 0.01171261 -0.00242961
v -0.00437130 0.01174614 -0.00480855
v -0.00395468 0.01160291 -0.00675957
v 0.00254088 0.01111303 -0.00825883
v -0.00357047 0.01128628 -0.00870260
v 0.00125577 0.01111493 -0.01177043
v 0.00215368 0.01112678 -0.00953028
v 0.00177531 0.01109935 -0.01165928
v 0.00323455 0.01107768 -0.01134895
v 0.00280157 0.01113345 -0.00939390
v 0.00363926 0.01087070 -0.01329704
v 0.00905224 0.01156842 0.00009560
v 0.00661314 0.01151513 0.00163592
v 0.00860032 0.01152285 0.00205533
v 0.00463764 0.01156989 0.00121364
v -0.00482005 0.01171752 -0.00284960
v -0.00634790 0.01179506 -0.00523056
v -0.00590325 0.01180173 -0.00718850
v -0.00787774 0.01186192 -0.00761104
v -0.00747525 0.01164309 -0.00955857
v 0.00143488 0.01156098 -0.00302675
v 0.00050706 0.01179419 -0.00173008
v 0.00312108 0.01170783 -0.00117011
v 0.00114882 0.01177991 -0.00159320
v -0.00833363 0.01179509 -0.00565033
v 0.03093054 0.01175674 0.00470429
v 0.03707619 0.01029054 -0.01438462
v 0.01834081 0.01041384 -0.01425290
v 0.01199865 0.01072649 -0.01356897
v 0.01060463 0.01162222 0.00247051
v 0.01259718 0.01165865 0.00288859
v 0.01281861 0.01169899 0.00194239
v 0.04685492 0.01072548 -0.00209798
v 0.04985088 0.01014865 -0.01577477
v 0.05186334 0.01029161 -0.01536160
v 0.03771143 0.01037269 -0.01425737
v 0.01342713 0.01163704 0.00306588
v 0.05348186 0.01069916 -0.01300300
v 0.05388135 0.01046424 -0.01494980
v 0.05306318 0.01083140 -0.01105147
v 0.00266219 0.01162494 0.00079134
v 0.00615340 0.01142766 0.00359758
v 0.00418275 0.01150838 0.00317410
v 0.00813752 0.01141902 0.00401774
v 0.01002734 0.01080372 -0.01399230
v -0.00942029 0.01186078 -0.00998837
v -0.00983688 0.01200422 -0.00803736
v 0.01786947 0.01150152 -0.00213753
v 0.01627964 0.01124745 -0.00450320
v 0.01457848 0.01163494 0.00330944
v 0.01013041 0.01145730 0.00443574
v -0.00319315 0.01093273 -0.01064393
v 0.03461928 0.01192726 0.00692496
v 0.03418234 0.01203173 0.00741949
v 0.03253937 0.01211247 0.00706527
v 0.03442101 0.01200757 0.00786290
v 0.03405262 0.01195680 0.00944984
v 0.03209305 0.01209682 0.00902362
v 0.03055047 0.01209555 0.00664629
v 0.03014205 0.01228268 0.00859529
v 0.02855034 0.01201850 0.00623008
v 0.02816077 0.01230651 0.00817443
v 0.03450883 0.01202539 0.00748905
v 0.01982776 0.01135468 -0.00171100
v -0.00552401 0.01145851 -0.00913030
v 0.02298518 0.01174381 0.00302584
v 0.02141619 0.01160127 0.00065502
v 0.00163326 0.01076230 -0.01371180
v 0.00285207 0.01081512 -0.01345868
v -0.00278756 0.01073047 -0.01259223
v 0.01634320 0.01035033 -0.01466974
v 0.02466453 0.01000248 -0.01493228
v 0.01435218 0.01032205 -0.01508819
v 0.01236722 0.01032618 -0.01550814
v 0.01597561 0.01033946 -0.01474651
v 0.04145090 0.01007568 -0.01549282
v 0.03935500 0.01000920 -0.01547800
v 0.02901626 0.00988728 -0.01586140
v 0.02905097 0.00985037 -0.01604337
v -0.01135960 0.01210919 -0.01041959
v -0.01180989 0.01207232 -0.00846026
v 0.02014907 0.01193867 0.00651235
v 0.01860235 0.01191523 0.00413604
v -0.01331199 0.01228758 -0.01084757
v 0.00569130 0.01132762 0.00555982
v 0.00767219 0.01130170 0.00598078
v 0.00965496 0.01128579 0.00640127
v -0.01376942 0.01221251 -0.00888648
v -0.01529791 0.01228658 -0.01126729
v -0.01461556 0.01224581 -0.00906820
v -0.01533969 0.01228834 -0.01108149
v -0.01573837 0.01230234 -0.00931038
v -0.01730714 0.01216090 -0.01168125
v -0.01535501 0.01228210 -0.01127897
v -0.01773565 0.01224056 -0.00972730
v 0.00099187 0.01174041 -0.00093103
v 0.00194326 0.01163494 0.00063851
v 0.00067732 0.01162958 0.00037136
v 0.04407099 0.01119947 0.00137566
v -0.00681647 0.01166038 -0.00326673
v 0.02916243 0.00985264 -0.01602001
v -0.00037968 0.01061676 -0.01412485
v -0.00520554 0.01079015 -0.01105712
v -0.00482977 0.01042837 -0.01299806
v -0.00716465 0.01093262 -0.01148344
v 0.05551393 0.01094705 -0.01259467
v 0.05590717 0.01067871 -0.01453993
v 0.02386497 0.01197366 0.00850753
v 0.02367230 0.01191275 0.00931069
v 0.02452538 0.01189563 0.00949249
v 0.00720178 0.01115719 0.00794507
v 0.00917941 0.01111378 0.00836683
v 0.00871559 0.01100452 0.01032949
v 0.00755411 0.01102159 0.01008251
v 0.00694707 0.01108579 0.00901400
v 0.00673518 0.01103302 0.00990842
v 0.00521568 0.01115521 0.00752540
v 0.00625587 0.01115649 0.00774517
v 0.00479551 0.01132000 0.00537111
v 0.00395710 0.01141811 0.00410002
v 0.00370212 0.01130917 0.00514091
v 0.00546608 0.01124629 0.00649083
v 0.00322515 0.01112960 0.00710682
v 0.00792662 0.01105006 0.01221017
v 0.00631341 0.01114874 0.01186071
v 0.00476466 0.01111444 0.00948490
v 0.00432801 0.01115052 0.01144087
v 0.00276949 0.01106396 0.00906747
v 0.00827644 0.01102725 0.01228607
v 0.01026226 0.01102769 0.01270581
v 0.01071246 0.01106412 0.01074651
v 0.01224428 0.01100783 0.01312649
v 0.01116621 0.01111947 0.00878633
v 0.01269895 0.01106814 0.01116608
v 0.01164012 0.01128271 0.00682117
v 0.01422085 0.01095877 0.01354851
v 0.00232223 0.01104330 0.01102605
v 0.00077003 0.01099057 0.00865109
v 0.00121805 0.01101527 0.00669233
v 0.00033492 0.01103489 0.01060668
v 0.00188990 0.01110250 0.01298095
v -0.00009261 0.01111977 0.01256039
v 0.00386410 0.01104080 0.01340355
v -0.00165934 0.01098927 0.01018902
v -0.00123509 0.01088684 0.00823611
v -0.00289709 0.01093144 0.00993232
v -0.00296897 0.01084992 0.00787275
v -0.00322721 0.01085269 0.00781793
v -0.00365752 0.01092270 0.00977233
v -0.00521955 0.01081739 0.00739979
v -0.00564869 0.01089367 0.00935390
v -0.00310097 0.01084614 0.00725547
v -0.00257230 0.01096833 0.01204918
v -0.00210250 0.01099056 0.01214659
v -0.00478017 0.01079587 0.00544316
v -0.00333313 0.01081998 0.00574698
v -0.00409963 0.01092959 0.01172964
v -0.00609455 0.01088049 0.01131214
v -0.00278517 0.01084546 0.00586063
v -0.00079650 0.01086113 0.00627967
v -0.00718294 0.01093692 0.00697452
v -0.00761812 0.01098089 0.00893012
v -0.00915684 0.01100026 0.00655184
v -0.00673895 0.01094010 0.00501675
v -0.00229604 0.01095946 0.01297684
v -0.00255862 0.01092250 0.01410735
v -0.00181940 0.01092967 0.01426300
v -0.00056760 0.01095074 0.01452581
v -0.00961197 0.01093748 0.00851236
v -0.00432151 0.01087754 0.00348177
v -0.00420917 0.01088038 0.00350527
v 0.01315843 0.01115418 0.00920449
v 0.01468530 0.01107142 0.01158569
v -0.00629339 0.01095167 0.00305859
v -0.00869668 0.01108996 0.00459008
v -0.00824916 0.01111200 0.00263144
v -0.01021665 0.01120959 0.00220717
v -0.00977401 0.01120560 0.00024973
v -0.00779723 0.01115765 0.00067170
v -0.01173388 0.01134396 -0.00017641
v -0.01324743 0.01149798 -0.00256090
v -0.01369673 0.01146641 -0.00060181
v -0.01217920 0.01133367 0.00178169
v -0.01065213 0.01125195 0.00416285
v -0.01261629 0.01136743 0.00373776
v -0.01110947 0.01117736 0.00612392
v -0.01415359 0.01139439 0.00135913
v -0.01460410 0.01135629 0.00331852
v -0.01613071 0.01144049 0.00093725
v -0.01127842 0.01140852 -0.00213701
v -0.01279447 0.01154915 -0.00452088
v -0.01082051 0.01148613 -0.00409822
v -0.01307722 0.01127362 0.00569972
v -0.01506587 0.01125803 0.00528067
v -0.00808478 0.01085645 0.01089349
v -0.00655102 0.01081052 0.01327299
v -0.00456351 0.01082002 0.01369232
v -0.00931056 0.01131286 -0.00171284
v 0.00583948 0.01098540 0.01382587
v -0.01565795 0.01159759 -0.00102762
v -0.01660727 0.01126305 0.00290305
v -0.01650440 0.01120986 0.00498071
v -0.01684938 0.01122652 0.00394350
v -0.01706172 0.01120393 0.00486341
v -0.01861242 0.01115918 0.00248808
v -0.01713871 0.01122759 0.00279375
v -0.01905827 0.01114605 0.00444631
v -0.02059576 0.01117200 0.00206773
v -0.02015533 0.01115615 0.00011083
v -0.02102845 0.01122929 0.00402272
v -0.02212829 0.01122451 -0.00031208
v -0.02169004 0.01119696 -0.00226844
v -0.01970489 0.01119384 -0.00184853
v -0.01950819 0.01111116 0.00640555
v -0.01753679 0.01103445 0.00682885
v -0.02123318 0.01126897 -0.00422938
v -0.01815159 0.01125245 0.00052616
v -0.02255320 0.01132340 0.00164099
v -0.02146061 0.01128944 0.00597757
v -0.00739938 0.01126905 -0.00099805
v -0.00891855 0.01144501 -0.00334061
v -0.00918851 0.01147649 -0.00375241
v -0.00762540 0.01129484 -0.00135508
v -0.00231668 0.01097971 0.00389682
v 0.00331870 0.01148642 0.00299333
v 0.00249805 0.01156972 0.00147301
v 0.00218702 0.01145492 0.00275680
v 0.01515391 0.01120630 0.00962185
v 0.01363554 0.01133453 0.00723855
v 0.01212161 0.01148652 0.00485415
v 0.01410325 0.01146459 0.00527492
v 0.01433228 0.01152526 0.00431099
v 0.01479916 0.01148912 0.00541993
v 0.01566825 0.01142351 0.00752022
v 0.01563620 0.01141438 0.00765463
v -0.00428847 0.01088775 0.00334383
v -0.00855301 0.01072360 0.01285724
v -0.01008441 0.01078208 0.01047715
v -0.01158135 0.01102502 0.00808857
v -0.01519425 0.01170620 -0.00299026
v -0.01717282 0.01174454 -0.00341179
v -0.02297304 0.01144944 0.00359281
v 0.00141220 0.01091901 0.01494703
v -0.01928156 0.01133292 -0.00360916
v -0.01938940 0.01134216 -0.00384589
v -0.02076010 0.01142778 -0.00619433
v -0.01866054 0.01130775 -0.00163752
v -0.01806976 0.01128146 0.00018749
v -0.01791949 0.01127117 0.00057361
v -0.01554941 0.01104326 0.00724820
v -0.01542593 0.01108934 0.00673896
v -0.01501030 0.01104039 0.00736241
v -0.01649711 0.01071738 0.01117848
v -0.01602539 0.01086893 0.00921387
v -0.01801044 0.01087259 0.00879394
v -0.01997094 0.01100764 0.00836795
v -0.01451917 0.01067570 0.01160016
v -0.01405233 0.01080113 0.00963675
v -0.01254377 0.01062040 0.01202247
v -0.01228000 0.01069385 0.01091513
v -0.01296937 0.01077443 0.00986796
v -0.01385804 0.01089365 0.00885105
v -0.01149818 0.01060901 0.01224447
v -0.01080412 0.01053543 0.01346251
v -0.01102951 0.01047014 0.01440679
v -0.01022434 0.01047841 0.01457629
v -0.01055768 0.01062226 0.01244215
v -0.01207036 0.01078095 0.01005745
v -0.00903917 0.01049477 0.01482542
v 0.00338867 0.01086940 0.01536908
v -0.01848685 0.01069597 0.01075971
v 0.00780597 0.01088242 0.01425038
v 0.00822123 0.01100908 0.01251568
v 0.00980011 0.01080894 0.01457580
v 0.02565517 0.01189743 0.00973116
v 0.01664469 0.01093045 0.01201195
v 0.01813492 0.01178664 0.00609960
v 0.01658384 0.01173992 0.00372436
v 0.01611022 0.01157820 0.00568945
v 0.01571983 0.01142085 0.00767175
v -0.01621581 0.01212019 -0.00734436
v -0.01669165 0.01194660 -0.00537873
v -0.01821651 0.01204011 -0.00776043
v -0.00732757 0.01129815 -0.00129240
v -0.00883503 0.01148478 -0.00367839
v 0.00169280 0.01118302 0.00472697
v -0.00031460 0.01106712 0.00431255
v 0.00018199 0.01135173 0.00234180
v -0.00182961 0.01121334 0.00192842
v -0.00133350 0.01149535 -0.00004221
v -0.01355778 0.01107478 0.00766651
v -0.01766888 0.01146275 -0.00144117
v -0.01473612 0.01178502 -0.00495152
v -0.01425917 0.01196450 -0.00691742
v -0.01389068 0.01214080 -0.00840699
v -0.01302432 0.01042161 0.01398927
v 0.00534900 0.01073347 0.01579511
v -0.00383929 0.01108525 0.00151456
v -0.01048219 0.01163898 -0.00547282
v -0.02042895 0.01092944 0.01032918
v 0.01765312 0.01158119 0.00806670
v -0.00705741 0.01047351 0.01524616
v 0.03649447 0.01202487 0.00790883
v 0.03798601 0.01175305 0.01029875
v 0.03693823 0.01202681 0.00595112
v 0.03849273 0.01209185 0.00832551
v 0.03896056 0.01222258 0.00636185
v 0.01966357 0.01171345 0.00848036
v 0.02167436 0.01184744 0.00889394
v 0.01616456 0.01073393 0.01397864
v -0.01230579 0.01179140 -0.00648968
v -0.01122215 0.01174117 -0.00625631
v -0.01213738 0.01187002 -0.00717197
v -0.01033139 0.01173076 -0.00606712
v -0.02050683 0.01144516 -0.00614228
v -0.02068593 0.01146238 -0.00649483
v 0.00994644 0.01078782 0.01471095
v 0.01174278 0.01069697 0.01509845
v 0.00977563 0.01079639 0.01467410
v 0.02764414 0.01191471 0.01015012
v 0.00731365 0.01062066 0.01622007
v -0.01501381 0.01040155 0.01357043
v 0.01811206 0.01052936 0.01440783
v -0.02189858 0.01131845 0.00793386
v -0.01871750 0.01173203 -0.00578860
v -0.02269803 0.01168354 -0.00662588
v -0.02244780 0.01173663 -0.00768933
v -0.02223188 0.01180529 -0.00858912
v -0.02361587 0.01151744 -0.00270297
v -0.02315657 0.01160252 -0.00466452
v 0.00927320 0.01048060 0.01664629
v -0.00333721 0.01139923 -0.00045754
v -0.00532518 0.01138725 -0.00087675
v 0.03160340 0.01184937 0.01099266
v 0.03355528 0.01166823 0.01142077
v -0.02338187 0.01163438 0.00554191
v -0.01935755 0.01181489 -0.01208506
v -0.01977340 0.01196228 -0.01013423
v -0.02025265 0.01177049 -0.00816776
v -0.02179672 0.01176124 -0.01054472
v -0.02415757 0.01212654 -0.00902370
v -0.02384636 0.01186374 -0.01060245
v -0.02359540 0.01180180 -0.01092841
v -0.02141007 0.01145761 -0.01248835
v -0.02377305 0.01181152 -0.01096680
v -0.01700231 0.01038675 0.01315135
v -0.01897859 0.01043736 0.01272926
v 0.01371118 0.01060419 0.01552249
v 0.01861879 0.01086821 0.01243458
v 0.01151688 0.01055295 0.01598362
v 0.01915111 0.01134391 0.01045502
v -0.02404684 0.01158393 -0.00074841
v -0.01923042 0.01136004 -0.00381382
v -0.00508193 0.01041863 0.01566845
v 0.03550571 0.01147935 0.01184924
v 0.03746725 0.01134987 0.01227497
v 0.01123246 0.01033895 0.01707258
v -0.02090710 0.01074353 0.01229538
v 0.02963133 0.01192248 0.01056953
v 0.01329495 0.01027214 0.01710145
v 0.02007373 0.01040059 0.01483353
v 0.03930404 0.01168800 0.00442887
v -0.02449874 0.01212796 -0.00751631
v -0.02460012 0.01213108 -0.00706628
v 0.02114975 0.01141297 0.01087160
v 0.00804900 0.01084326 -0.01441388
v 0.02548987 0.01175488 0.01034991
v 0.02513451 0.01148406 0.01170784
v 0.02717463 0.01151186 0.01190916
v 0.02711687 0.01146600 0.01212844
v 0.02315305 0.01150693 0.01128703
v 0.05262041 0.01083478 -0.00909400
v 0.03773270 0.01154495 0.01125498
v 0.02267242 0.00996841 -0.01535047
v -0.02233819 0.01133868 0.00989055
v 0.04782180 0.00991678 -0.01618384
v 0.04958966 0.01011679 -0.01582726
v 0.04581569 0.00980775 -0.01659858
v 0.00399903 0.01042331 -0.01523404
v 0.00386666 0.01057606 -0.01453063
v 0.05425355 0.01008338 -0.01688987
v 0.05628493 0.01032754 -0.01648136
v -0.00923569 0.01033953 0.01557209
v -0.00309379 0.01043150 0.01608762
v -0.02579447 0.01221342 -0.01091588
v -0.02446196 0.01173523 0.00120224
v 0.00603509 0.01069253 -0.01482669
v 0.00434856 0.01045683 -0.01516302
v -0.02506423 0.01202027 -0.00510354
v -0.02552048 0.01195151 -0.00314275
v 0.01760191 0.01017226 0.01638192
v 0.01955379 0.00999112 0.01681004
v 0.03952719 0.01125748 0.01229514
v 0.01881710 0.01102684 0.01168264
v 0.02756239 0.01145388 0.01222365
v 0.02703964 0.00971346 -0.01645682
v 0.02001818 0.01085072 0.01273189
v 0.02052051 0.01077627 0.01315368
v 0.02221197 0.01053053 0.01468120
v 0.01034170 0.01011336 -0.01591809
v 0.01564915 0.01034867 0.01595403
v -0.00747929 0.01006749 0.01679243
v 0.04381672 0.00973695 -0.01701507
v -0.02569924 0.01213014 -0.01140125
v 0.03498989 0.01109188 0.01382473
v 0.03303876 0.01127704 0.01339643
v -0.02379896 0.01177512 0.00749304
v 0.02060250 0.01085734 0.01285484
v 0.02260389 0.01094110 0.01327074
v -0.00076223 0.01077758 0.01525018
v 0.02909651 0.01143336 0.01254970
v -0.01295964 0.01180050 -0.01278274
v -0.01528346 0.01226556 -0.01134748
v -0.01316200 0.01180088 -0.01282555
v 0.05616991 0.01107847 -0.01246726
v 0.05688996 0.01085720 -0.01434746
v 0.05798956 0.01056894 -0.01614169
v -0.00696613 0.01065424 -0.01257684
v -0.02594473 0.01205393 -0.00118984
v -0.00956597 0.01004860 0.01680361
v -0.02280837 0.01119544 0.01185479
v -0.02325586 0.01117353 0.01381342
v -0.02423390 0.01182036 0.00944859
v -0.01494920 0.01178002 -0.01320156
v 0.02149169 0.00973516 0.01724160
v 0.02500283 0.00944021 -0.01686399
v 0.04650555 0.01122851 -0.00016354
v -0.00110545 0.01044546 0.01650673
v -0.01554946 0.00990800 0.01555081
v -0.02342390 0.01130731 -0.01290118
v -0.02185809 0.01140100 -0.01257821
v -0.02540339 0.01134077 -0.01332248
v -0.01357218 0.00986275 0.01597266
v 0.00103640 0.01048844 0.01627074
v -0.01100892 0.01161316 -0.01235434
v 0.02066859 0.00987158 -0.01576577
v 0.00198323 0.01026250 -0.01564639
v 0.03105567 0.01129120 0.01297602
v 0.02205592 0.01038165 0.01525416
v -0.01754314 0.00986548 0.01513301
v -0.01777366 0.00987616 0.01508337
v -0.01934131 0.01012319 0.01408589
v -0.01950506 0.00999294 0.01470737
v -0.02133359 0.01049076 0.01398144
v -0.02140635 0.01044469 0.01426679
v -0.02173668 0.01057553 0.01418576
v 0.01519391 0.00994236 0.01764736
v -0.01157369 0.00993101 0.01638927
v 0.02374888 0.01028655 0.01562018
v 0.02402211 0.01027705 0.01567875
v -0.00630640 0.00988120 0.01750698
v -0.00563169 0.00984959 0.01765231
v -0.00760014 0.00994211 0.01722828
v -0.02494559 0.01222848 -0.00714765
v 0.02458811 0.01093299 0.01369088
v -0.00589081 0.01042350 -0.01322194
v -0.00680869 0.01046483 -0.01341950
v -0.00446826 0.00999027 -0.01493549
v -0.00460110 0.01013569 -0.01423569
v -0.00412479 0.01001764 -0.01486523
v -0.00243175 0.01026188 -0.01452825
v -0.00898951 0.01103441 -0.01253417
v 0.01318621 0.01016782 0.01750023
v 0.01511514 0.00986391 0.01793401
v 0.02655458 0.01082990 0.01411539
v -0.02607030 0.01251714 -0.00946147
v -0.02647868 0.01270448 -0.00751248
v 0.04178593 0.00949591 -0.01742372
v 0.03975961 0.00991703 -0.01583676
v 0.05218537 0.00964231 -0.01728929
v 0.04894757 0.01079534 -0.00371295
v 0.04957600 0.01061815 -0.00500840
v 0.05019127 0.00959756 -0.01770699
v 0.04990815 0.01004428 -0.01610892
v 0.05185468 0.00962287 -0.01735753
v -0.02692059 0.01271241 -0.00555521
v 0.02297932 0.00923811 -0.01727443
v -0.02001756 0.00962324 0.01668205
v -0.01811737 0.00916555 0.01712291
v 0.01712296 0.00960040 0.01805095
v -0.02485322 0.01201414 0.00314701
v -0.02108331 0.01083364 -0.01441721
v -0.00876128 0.01064217 -0.01384744
v -0.02468232 0.01179346 0.01140745
v 0.03942829 0.00987843 -0.01590349
v 0.03741084 0.00970877 -0.01631543
v -0.02525742 0.01222388 0.00509497
v -0.00368646 0.00963289 0.01808206
v -0.02133157 0.01128454 -0.01296978
v 0.02399833 0.01024636 0.01575982
v 0.04815806 0.00934356 -0.01811504
v -0.02567018 0.01238779 0.00704504
v -0.02611768 0.01224691 -0.01149970
v -0.00007899 0.00985330 -0.01604728
v 0.02852643 0.01075560 0.01453858
v 0.02894571 0.01123388 0.01306006
v 0.04167865 0.00948416 -0.01744539
v 0.04611585 0.00904146 -0.01852087
v 0.04179746 0.00945929 -0.01750317
v 0.04403841 0.00899100 -0.01857505
v -0.00648255 0.00983751 -0.01534821
v -0.00846380 0.00986148 -0.01576908
v -0.01996427 0.01097259 -0.01419255
v 0.00084963 0.01028144 0.01693406
v 0.04978226 0.01055383 -0.00556719
v -0.01756093 0.00984144 0.01519279
v -0.02310139 0.01066058 -0.01482899
v -0.00909410 0.01123376 -0.01191709
v -0.01088565 0.01136304 -0.01309345
v -0.01293852 0.01175516 -0.01291130
v -0.01068162 0.01099205 -0.01428333
v -0.02511855 0.01183183 0.01336331
v 0.04931594 0.01089607 -0.00364371
v 0.03079086 0.01092589 0.01386055
v 0.03047987 0.01058283 0.01496631
v 0.03259662 0.01063386 0.01484738
v 0.00291243 0.01016795 0.01692516
v -0.01698260 0.01152504 -0.01360956
v 0.03136120 0.00921426 -0.01755191
v 0.03126798 0.00941463 -0.01698421
v 0.03213969 0.00923303 -0.01738896
v 0.03336184 0.00929399 -0.01713583
v -0.01264689 0.01110151 -0.01470814
v -0.01463961 0.01106417 -0.01512618
v 0.04771817 0.01110650 -0.00194812
v 0.04578037 0.01163688 0.00169956
v 0.04629554 0.01150746 0.00098101
v -0.02758317 0.01267477 -0.01184612
v 0.02597386 0.01009521 0.01610689
v -0.02188246 0.01026970 0.01623248
v -0.02374849 0.01091013 0.01578319
v 0.03535269 0.00932136 -0.01671733
v 0.05833187 0.01065502 -0.01607670
v 0.02991277 0.00992102 0.01695445
v 0.00835477 0.01010696 -0.01633756
v 0.00624494 0.01005215 -0.01625218
v -0.02633143 0.01235726 0.00075380
v 0.02343446 0.00950531 0.01767196
v -0.01577372 0.00955692 0.01626741
v -0.02514203 0.01036686 -0.01523521
v -0.02559817 0.01163801 0.01532987
v -0.02363830 0.01098488 0.01535495
v -0.02675493 0.01264199 -0.00551417
v -0.02735511 0.01275989 -0.00359978
v -0.02704305 0.01271912 -0.00500934
v 0.05864576 0.00996213 -0.01800238
v 0.05839603 0.01047649 -0.01649906
v 0.06053170 0.01002612 -0.01760919
v 0.03184593 0.00963972 0.01738718
v -0.01903914 0.01114623 -0.01401186
v 0.02793966 0.00998858 0.01653157
v 0.01638292 0.01025537 -0.01491910
v 0.01860431 0.00979500 -0.01589841
v -0.02710963 0.01293822 0.00464227
v -0.02670028 0.01275608 0.00269304
v 0.03243649 0.01042703 0.01539325
v 0.03443813 0.01032736 0.01566513
v -0.01668100 0.01076642 -0.01553221
v -0.02279845 0.00990914 -0.01675197
v -0.02076860 0.01014514 -0.01634309
v -0.01874766 0.01033347 -0.01593201
v 0.06064502 0.01003451 -0.01758596
v 0.00632238 0.00985739 -0.01674581
v 0.00699865 0.00989495 -0.01660607
v 0.00847881 0.00958672 -0.01729058
v 0.01864744 0.00968214 -0.01617680
v 0.01898225 0.00971466 -0.01610881
v 0.02086657 0.00931808 -0.01707115
v 0.02171618 0.00913799 -0.01753287
v 0.06042111 0.01120875 -0.01568247
v -0.01043634 0.00993211 -0.01619209
v 0.02587025 0.00992753 0.01643366
v 0.01906668 0.00925249 0.01838515
v 0.01703030 0.00948627 0.01837118
v -0.00215457 0.00937266 -0.01644488
v 0.00475742 0.00994070 0.01778929
v 0.00430922 0.00994233 0.01769441
v 0.00277814 0.00997526 0.01736793
v -0.02607448 0.01259692 0.00899302
v 0.02096158 0.00906691 -0.01768630
v 0.03972806 0.00911002 -0.01782569
v 0.01663649 0.00954723 -0.01659034
v 0.01466837 0.00964149 -0.01701444
v 0.01263691 0.00939687 -0.01742293
v -0.00172708 0.00949187 0.01850832
v -0.02425105 0.01111345 0.01565955
v -0.02591608 0.01146808 0.01660107
v 0.00429463 0.00963263 -0.01715521
v 0.00670175 0.00971917 0.01821926
v -0.00224518 0.00962084 -0.01585147
v -0.02750720 0.01318341 0.00658859
v 0.05246983 0.00879201 -0.01920772
v 0.05221682 0.00954856 -0.01750116
v -0.01889935 0.01073877 -0.01494653
v -0.01780241 0.01049687 -0.01574619
v 0.00224643 0.00929844 -0.01755957
v -0.02609786 0.01133685 0.01730139
v -0.02790445 0.01332813 -0.00991862
v -0.00157416 0.00947331 -0.01633081
v -0.00418414 0.00913812 -0.01685383
v 0.03765471 0.00864127 -0.01822384
v 0.03552829 0.00856779 -0.01807975
v 0.03343240 0.00897733 -0.01769406
v 0.03561342 0.00834407 -0.01862990
v 0.03635870 0.00839428 -0.01847665
v -0.02731890 0.01171645 -0.01375957
v 0.05451666 0.00911883 -0.01880302
v 0.05430962 0.00909543 -0.01884479
v -0.00623000 0.00881648 -0.01725876
v 0.01061604 0.00920889 -0.01783402
v 0.01892575 0.00879889 -0.01809370
v 0.05656593 0.00945873 -0.01839893
v 0.04682889 0.01135764 -0.00010625
v -0.01396946 0.00926550 0.01726134
v -0.01216113 0.00897243 0.01823600
v -0.02060657 0.00884421 0.01867559
v 0.02932627 0.00895105 -0.01795954
v -0.02244362 0.00963968 0.01821915
v 0.00864423 0.00948775 0.01864969
v 0.02728321 0.00864441 -0.01836516
v 0.00859752 0.00903351 -0.01824570
v 0.01044372 0.00919278 -0.01786907
v -0.02428482 0.01041295 0.01776374
v -0.01419206 0.00891858 0.01797382
v -0.01617236 0.00894765 0.01755272
v -0.00567818 0.00977734 0.01780125
v 0.00016910 0.00880839 -0.01795673
v 0.03361775 0.00829092 -0.01904721
v 0.00021532 0.00926004 0.01893877
v -0.02790858 0.01227316 0.01683846
v -0.02693255 0.01275058 0.01290119
v -0.02649234 0.01273354 0.01094435
v -0.01642774 0.00974921 -0.01744294
v -0.01654895 0.01022616 -0.01653617
v 0.01684459 0.00828843 -0.01848993
v -0.02709447 0.01054501 -0.01566318
v -0.01468059 0.00985175 -0.01708240
v -0.00377668 0.00944654 0.01833519
v 0.01058192 0.00923073 0.01908130
v -0.01149419 0.00886220 0.01854894
v -0.01221311 0.00888227 0.01839525
v 0.04463432 0.00886836 -0.01881923
v -0.02769087 0.01346659 0.00857688
v -0.02776644 0.01345145 0.00794202
v 0.02773881 0.00961007 0.01712342
v 0.02958837 0.00930030 0.01790309
v 0.02725489 0.00869725 0.01854873
v 0.02534692 0.00911330 0.01810979
v -0.02665494 0.01163188 0.01715837
v 0.02102380 0.00889916 0.01865598
v -0.01441765 0.00987946 -0.01702919
v -0.02497488 0.00976885 -0.01643910
v -0.02700155 0.01015035 -0.01638089
v -0.02487978 0.00939769 -0.01714815
v -0.01848992 0.00934020 -0.01784385
v -0.02054207 0.00898490 -0.01824723
v -0.01022311 0.00890506 0.01881396
v 0.04203928 0.00847920 -0.01933447
v 0.04408385 0.00879392 -0.01892922
v -0.01244443 0.00981252 -0.01660634
v -0.01440519 0.00979723 -0.01714830
v -0.01238443 0.00941812 -0.01717854
v 0.06088877 0.00896635 -0.01949434
v 0.06065085 0.01000258 -0.01763657
v -0.02407118 0.00957443 -0.01699236
v -0.02266084 0.00927096 -0.01785675
v -0.02754395 0.01248265 -0.01216895
v -0.02739032 0.01267369 0.01486236
v -0.02685198 0.00947011 -0.01757125
v -0.02660738 0.00840658 -0.01947985
v -0.02460608 0.00848986 -0.01906393
v -0.02256919 0.00876354 -0.01865678
v 0.00010001 0.00911033 -0.01741647
v -0.02823187 0.01196668 0.01802701
v 0.01893205 0.00903696 0.01881165
v 0.00085485 0.00895045 -0.01782393
v -0.02826664 0.01376258 -0.00798102
v -0.02892911 0.01049171 -0.01679157
v -0.00825893 0.00878975 0.01923904
v 0.06296130 0.00943070 -0.01909599
v 0.00472277 0.00987407 0.01789034
v -0.02750366 0.01296253 -0.00159717
v -0.02752799 0.01291553 -0.00271524
v -0.02051209 0.00884001 -0.01849251
v -0.02091252 0.00892280 -0.01832022
v 0.02520648 0.00843901 -0.01854322
v 0.02555814 0.00836577 -0.01870597
v 0.02303330 0.00887985 -0.01779193
v 0.05041880 0.00844265 -0.01961137
v 0.00210050 0.00872207 0.01938334
v -0.00192937 0.00820531 -0.01834869
v -0.02845581 0.01171769 0.01882169
v -0.02727867 0.01311124 0.00254037
v -0.02763280 0.01326794 0.00450345
v -0.02787745 0.01357475 0.00852818
v -0.02825946 0.01390315 0.01047066
v -0.02776606 0.01357407 0.01060314
v 0.01249054 0.00881813 0.01952009
v -0.02901349 0.01090190 -0.01609940
v -0.02855004 0.01380662 0.01246886
v 0.05452838 0.00905167 -0.01890709
v -0.02742730 0.01304326 0.00046341
v -0.00612059 0.00819916 -0.01822277
v 0.03995014 0.00792596 -0.01972873
v -0.01030373 0.00901474 -0.01749232
v -0.01872420 0.00819997 0.01904978
v -0.01675221 0.00784061 0.01925023
v 0.03157036 0.00796111 -0.01945176
v 0.02297185 0.00854950 0.01896971
v 0.02082666 0.00854944 0.01925389
v -0.02034293 0.00767815 -0.02014461
v -0.01900201 0.00825262 0.01906542
v 0.04619206 0.00855807 -0.01923395
v -0.01024065 0.00860690 -0.01808862
v 0.00401520 0.00834199 0.01982062
v 0.00652208 0.00855362 -0.01864333
v 0.03782283 0.00716858 -0.02011357
v -0.02237155 0.00744874 -0.02055379
v -0.02443835 0.00743893 -0.02062328
v -0.02654802 0.00785405 -0.02017241
v 0.06294734 0.00951180 -0.01897116
v -0.02751181 0.01286976 -0.00364231
v 0.00661521 0.00954693 0.01846712
v -0.01835144 0.00840424 -0.01918451
v -0.01627873 0.00817425 -0.01932796
v -0.02880200 0.00966122 -0.01799982
v -0.01830375 0.00796408 -0.01973803
v -0.02773178 0.01311687 -0.00165861
v 0.06310534 0.00947773 -0.01906956
v -0.01482802 0.00750062 0.01967685
v -0.00639549 0.00813545 0.01968897
v 0.03152466 0.00895541 0.01827244
v 0.01484537 0.00832616 -0.01882072
v -0.02779855 0.01339139 0.00650920
v 0.01269894 0.00875617 -0.01819599
v 0.01485387 0.00826176 -0.01890846
v 0.01062092 0.00915847 -0.01789486
v -0.02918819 0.01233945 -0.01420805
v 0.00851209 0.00921799 0.01902289
v 0.01523652 0.00825277 -0.01882680
v 0.01686504 0.00794750 -0.01884582
v -0.01031758 0.00866510 0.01904407
v 0.02735496 0.00800817 -0.01917766
v 0.00233087 0.00864613 -0.01844062
v 0.01439447 0.00838045 0.01996003
v 0.05666727 0.00862472 -0.01949618
v 0.03770917 0.00812384 -0.01886744
v 0.01041735 0.00888567 0.01953904
v 0.05881670 0.00850450 -0.01989281
v 0.05807520 0.00833670 -0.02003518
v -0.00188835 0.00912107 0.01893141
v 0.04829299 0.00814649 -0.01964347
v 0.04832389 0.00785862 -0.02000420
v 0.02314741 0.00776527 -0.01916415
v -0.01677782 0.00809893 -0.01942701
v 0.03945004 0.00775453 -0.01981976
v -0.02074496 0.00857908 0.01908002
v -0.01875143 0.00814549 0.01912757
v -0.02280217 0.00897295 0.01928270
v -0.02484593 0.00936137 0.01942177
v 0.04895992 0.00801080 -0.01988278
v -0.03069528 0.01015589 -0.01844239
v 0.00239141 0.00770191 -0.01944359
v 0.05673226 0.00797641 -0.02028822
v 0.01628735 0.00788369 0.02040269
v 0.02493097 0.00819536 0.01923103
v -0.00810019 0.00706250 -0.01955528
v -0.00605183 0.00739751 -0.01915097
v -0.01428359 0.00822452 -0.01891051
v 0.01236618 0.00853569 0.01984908
v -0.02676877 0.01011966 0.01931513
v 0.00441788 0.00824019 -0.01878426
v 0.00443771 0.00802592 -0.01903876
v 0.00500315 0.00812418 -0.01892765
v 0.00653953 0.00782022 -0.01929177
v -0.01687079 0.00758322 0.01957325
v 0.04625923 0.00743638 -0.02040450
v -0.01293403 0.00717286 0.02024627
v 0.02270479 0.00797376 0.01970019
v 0.02918543 0.00840193 0.01898211
v -0.02233919 0.00702807 -0.02102441
v -0.02355541 0.00726628 -0.02078842
v -0.01230467 0.00818807 -0.01848907
v -0.01626569 0.00799881 -0.01952222
v 0.00593962 0.00801399 0.02025551
v 0.01277175 0.00774611 -0.01930445
v 0.03573745 0.00663547 -0.02050875
v 0.02688670 0.00784259 0.01950842
v 0.02108343 0.00734667 -0.01956461
v 0.00001678 0.00878879 0.01944819
v -0.01424323 0.00761902 -0.01956050
v 0.06514251 0.00906205 -0.01982648
v 0.06726463 0.00883396 -0.02018658
v 0.01900751 0.00751909 -0.01945187
v -0.03058711 0.00861128 -0.02012341
v 0.00028737 0.00706898 -0.01983417
v -0.00183114 0.00734053 -0.01945616
v -0.02497535 0.00909078 0.01978233
v -0.02575968 0.00953938 0.01957812
v 0.01431463 0.00818587 0.02016089
v 0.01626734 0.00783433 0.02045259
v -0.01013562 0.00683404 -0.01993362
v 0.05883574 0.00818578 -0.02022520
v -0.01225598 0.00725348 -0.01943221
v 0.02737684 0.00677314 -0.02023651
v 0.03161628 0.00716093 -0.02027795
v 0.03367885 0.00676489 -0.02050599
v 0.02044272 0.00723981 -0.01969090
v -0.02028999 0.00663744 -0.02118921
v -0.00005265 0.00698768 -0.01989908
v 0.06727562 0.00863744 -0.02038822
v 0.06685601 0.00872163 -0.02026334
v 0.01902943 0.00698146 -0.01996754
v -0.02885801 0.01211487 0.01870267
v -0.04168638 -0.05916778 0.00363168
v -0.04211076 -0.05906602 0.00558461
v -0.04364467 -0.05902095 0.00320514
v -0.04404492 -0.05879011 0.00515213
v -0.04324837 -0.05927288 0.00125913
v -0.04254767 -0.05903133 0.00754064
v -0.04445809 -0.05862837 0.00710230
v -0.04516311 -0.05889305 0.00082186
v -0.04474206 -0.05901262 -0.00113025
v -0.04281955 -0.05935090 -0.00069490
v -0.04431757 -0.05911378 -0.00308322
v -0.04297513 -0.05894605 0.00949433
v -0.04101642 -0.05909067 0.00992076
v -0.04144215 -0.05899613 0.01187403
v -0.04339289 -0.05880889 0.01144564
v -0.04185972 -0.05885797 0.01382529
v -0.04378452 -0.05853195 0.01339050
v -0.04225223 -0.05858570 0.01577036
v -0.04237139 -0.05932540 -0.00265370
v -0.04390152 -0.05926010 -0.00503410
v -0.04196302 -0.05951278 -0.00460269
v -0.04346702 -0.05930767 -0.00698953
v -0.04539416 -0.05899417 -0.00742375
v -0.04152055 -0.05951778 -0.00656008
v -0.04302007 -0.05928866 -0.00894804
v -0.04057892 -0.05912222 0.00796459
v -0.04580938 -0.05884346 -0.00547307
v -0.04492340 -0.05884777 -0.00938812
v -0.04593992 -0.05830466 0.00470999
v -0.04554029 -0.05853883 0.00276316
v -0.04634566 -0.05810320 0.00665832
v -0.04486059 -0.05840958 0.00904984
v -0.04527596 -0.05825965 0.01100055
v -0.04415747 -0.05815508 0.01533075
v -0.04266010 -0.05839568 0.01771923
v -0.04457267 -0.05800423 0.01728142
v -0.04673167 -0.05779620 0.00860180
v -0.04717773 -0.05781044 0.01056008
v -0.04565643 -0.05792297 0.01294266
v -0.04822249 -0.05752054 0.00621170
v -0.04779863 -0.05762507 0.00425889
v -0.04602427 -0.05751878 0.01488165
v -0.04754713 -0.05741453 0.01249946
v -0.04860346 -0.05718659 0.00815393
v -0.04659828 -0.05831974 -0.00158196
v -0.04302069 -0.05795264 0.01965643
v -0.04496724 -0.05774297 0.01922700
v -0.04736657 -0.05768570 0.00230406
v -0.04700539 -0.05812557 0.00036671
v -0.04615252 -0.05830707 -0.00354017
v -0.04901784 -0.05703135 0.01010440
v -0.04444624 -0.05866714 -0.01135408
v -0.04256823 -0.05924348 -0.01090775
v -0.04337250 -0.05746267 0.02159147
v -0.04105273 -0.05938712 -0.00852374
v -0.04629870 -0.05795415 -0.01180671
v -0.04038405 -0.05931683 -0.00223433
v -0.04125996 -0.05925862 0.00167824
v -0.04081526 -0.05925162 -0.00027971
v -0.04529089 -0.05710236 0.02115509
v -0.04686352 -0.05726439 0.01878518
v -0.04638654 -0.05708472 0.01681926
v -0.04825050 -0.05643323 0.01636947
v -0.04785014 -0.05666347 0.01442245
v -0.04674272 -0.05795745 -0.00984893
v -0.04717735 -0.05657124 0.02071084
v -0.04011557 -0.05901546 0.00600204
v -0.04025421 -0.05851999 0.01618709
v -0.03985954 -0.05878070 0.01424149
v -0.04063903 -0.05820661 0.01813027
v -0.04057813 -0.05922015 -0.01048906
v -0.04718547 -0.05795399 -0.00789147
v -0.03942517 -0.05882902 0.01228609
v -0.03994220 -0.05932510 -0.00419158
v -0.03950314 -0.05934832 -0.00614814
v -0.04864005 -0.05614515 0.01831381
v -0.04097974 -0.05765723 0.02006257
v -0.03964244 -0.05885639 0.00403708
v -0.04757715 -0.05767731 -0.00594659
v -0.04937710 -0.05668335 -0.00641218
v -0.04791046 -0.05708838 -0.00401612
v -0.04957917 -0.05640417 -0.00530249
v -0.04990410 -0.05640085 -0.00654777
v -0.04908571 -0.05660403 -0.00763687
v -0.04860752 -0.05672387 -0.00829739
v -0.04919550 -0.05643169 -0.00434398
v -0.04833376 -0.05698084 -0.00206345
v -0.04972726 -0.05618457 -0.00447755
v -0.05013084 -0.05597153 -0.00252975
v -0.04934635 -0.05631087 -0.00233486
v -0.05051840 -0.05567279 -0.00058589
v -0.04946344 -0.05619600 -0.00031809
v -0.05089373 -0.05530863 0.00135495
v -0.04923435 -0.05614222 0.00177709
v -0.05123205 -0.05474651 0.00328666
v -0.04890883 -0.05655032 -0.00837594
v -0.04829094 -0.05687394 -0.01026898
v -0.04850670 -0.05677107 -0.01032339
v -0.04743827 -0.05711862 -0.01211914
v -0.04807334 -0.05682478 -0.01227854
v -0.05029529 -0.05571632 -0.01079178
v -0.05074418 -0.05574571 -0.00883280
v -0.05114146 -0.05549902 -0.00688655
v -0.04985581 -0.05573730 -0.01274844
v -0.04873660 -0.05676389 -0.00011583
v -0.04587431 -0.05746537 -0.01329959
v -0.04951418 -0.05552761 0.01397345
v -0.04972603 -0.05539602 0.01596876
v -0.04953570 -0.05554309 0.01355032
v -0.04950188 -0.05600080 0.00375978
v -0.04574747 -0.05737726 -0.01379094
v -0.05146837 -0.05487579 -0.00495765
v -0.04960997 -0.05545490 0.01394697
v -0.04999259 -0.05512971 0.01588961
v -0.04926977 -0.05600699 0.01201480
v -0.04389396 -0.05782812 -0.01313871
v -0.04383923 -0.05779183 -0.01335206
v -0.04755401 -0.05641851 -0.01425490
v -0.04908681 -0.05626531 0.00181881
v -0.04948449 -0.05602076 0.00376517
v -0.04200822 -0.05815253 -0.01253018
v -0.05154575 -0.05405264 0.00521229
v -0.05183455 -0.05446270 -0.00301907
v -0.04991999 -0.05597850 0.00572084
v -0.04519836 -0.05681168 -0.01577464
v -0.04333677 -0.05747585 -0.01532426
v -0.04189284 -0.05800236 -0.01292259
v -0.05017647 -0.05569335 0.00769357
v -0.05010923 -0.05575014 0.00673428
v -0.05029538 -0.05561463 0.00766170
v -0.05002196 -0.05581482 0.00568528
v -0.05219426 -0.05401499 -0.00108209
v -0.04949444 -0.05534268 0.01806450
v -0.05034422 -0.05463877 0.01782460
v -0.05053412 -0.05451972 0.00956884
v -0.04136431 -0.05754689 -0.01490122
v -0.03998774 -0.05843375 -0.01248294
v -0.04005632 -0.05850375 -0.01223470
v -0.03943880 -0.05786911 -0.01446660
v -0.04879476 -0.05540385 0.01957447
v -0.04848751 -0.05542617 0.02033586
v -0.04889591 -0.05514183 0.02022518
v -0.04737167 -0.05523865 0.02260703
v -0.03799914 -0.05841841 -0.01206389
v -0.03848730 -0.05865792 -0.01009522
v -0.03644199 -0.05833917 -0.00969016
v -0.03689813 -0.05840736 -0.00772939
v -0.03862803 -0.05867340 -0.01012365
v -0.03853503 -0.05868057 -0.00990215
v -0.03786871 -0.05871319 -0.00790837
v -0.03899827 -0.05901944 -0.00812093
v -0.04129663 -0.05698043 0.02198899
v -0.03894795 -0.05864803 0.01032012
v -0.03918969 -0.05880634 0.00207714
v -0.03817179 -0.05800277 0.01658301
v -0.04732221 -0.05556092 0.02213757
v -0.04546407 -0.05587416 0.02287665
v -0.04548051 -0.05574465 0.02305012
v -0.03852779 -0.05753521 0.01851908
v -0.03933352 -0.05713582 0.02036592
v -0.03872192 -0.05867598 0.00011351
v -0.03759269 -0.05866770 -0.00580256
v -0.03848253 -0.05853022 0.00835706
v -0.04353622 -0.05621564 0.02328592
v -0.04355572 -0.05607072 0.02348492
v -0.03774738 -0.05810436 0.01463006
v -0.03819766 -0.05743047 0.01857990
v -0.03800271 -0.05833533 0.00639044
v -0.03726659 -0.05768899 0.01674749
v -0.03698353 -0.05783315 0.01476831
v -0.03864033 -0.05731989 0.01918369
v -0.03886524 -0.05696836 0.02045057
v -0.03825123 -0.05852991 -0.00185085
v -0.03771575 -0.05817495 0.00438602
v -0.03764130 -0.05816386 0.00492842
v -0.03729263 -0.05804360 0.01266964
v -0.04135830 -0.05665840 0.02251217
v -0.04075899 -0.05679006 0.02208634
v -0.03739456 -0.05755608 -0.01406128
v -0.03717461 -0.05798784 0.01063845
v -0.03707556 -0.05795366 0.01178134
v -0.03699190 -0.05792588 0.01272313
v -0.03727856 -0.05806370 0.00857162
v -0.03745803 -0.05812623 0.00648768
v -0.03751473 -0.05809682 0.00442182
v -0.03701409 -0.05779061 0.00245008
v -0.03638552 -0.05669774 0.01890023
v -0.03599932 -0.05700371 0.01695671
v -0.03916375 -0.05619322 0.02237246
v -0.03787032 -0.05824188 0.00230772
v -0.03587568 -0.05768163 -0.01167810
v -0.03680749 -0.05782029 0.01070171
v -0.03630796 -0.05751995 0.00873024
v -0.03799991 -0.05831322 0.00023507
v -0.05229901 -0.05385529 -0.00522061
v -0.05142833 -0.05429156 -0.01115328
v -0.04937455 -0.05574066 0.00991849
v -0.04936463 -0.05564821 0.01196403
v -0.05086579 -0.05392198 0.01149891
v -0.05158950 -0.05332107 0.00924312
v -0.05148798 -0.05324478 0.01130941
v -0.05197765 -0.05410042 -0.00923441
v -0.05146911 -0.05305970 0.01540026
v -0.03556150 -0.05703360 0.01500046
v -0.04085920 -0.05650531 -0.01631980
v -0.03899886 -0.05681944 -0.01559115
v -0.03649306 -0.05737525 0.00047330
v -0.03508258 -0.05684352 0.01303407
v -0.05276099 -0.05106547 0.01290508
v -0.05286846 -0.05084671 0.01355001
v -0.05305412 -0.05084546 0.01282428
v -0.05354890 -0.05085235 0.01066892
v -0.05241569 -0.05159027 0.01097165
v -0.05346445 -0.05096146 0.00864476
v -0.05209548 -0.05224931 0.00904440
v -0.03578925 -0.05711706 0.00675404
v -0.03602551 -0.05724604 -0.00149029
v -0.03764146 -0.05531151 0.02261876
v -0.03556830 -0.05717215 -0.00345132
v -0.03565460 -0.05729526 -0.01235318
v -0.03507528 -0.05717745 -0.00744936
v -0.03466706 -0.05637720 0.01156287
v -0.03515613 -0.05706898 -0.00542438
v -0.03517648 -0.05704956 -0.00508573
v -0.03473191 -0.05639020 0.01101803
v -0.05368129 -0.02096344 -0.00422619
v -0.05366763 -0.02308878 -0.00609269
v -0.05384334 -0.02296357 -0.00408920
v -0.05351994 -0.01896320 -0.00436333
v -0.05378442 -0.02509689 -0.00594545
v -0.05392274 -0.02497827 -0.00393349
v -0.05378367 -0.02085117 -0.00220608
v -0.05372360 -0.01883306 -0.00236617
v -0.05358600 -0.01682862 -0.00250869
v -0.05361337 -0.02316509 -0.00752778
v -0.05374085 -0.02519878 -0.00797887
v -0.05367376 -0.02418000 -0.00805191
v -0.05358085 -0.01673532 -0.00046424
v -0.05378450 -0.02712559 -0.00577178
v -0.05397564 -0.02699766 -0.00377178
v -0.05390247 -0.02913349 -0.00562480
v -0.05376864 -0.02925131 -0.00763778
v -0.05370565 -0.02723371 -0.00779721
v -0.05364774 -0.02733814 -0.00982738
v -0.05394472 -0.03124896 -0.00750397
v -0.05394985 -0.03115385 -0.00546184
v -0.05351941 -0.01897791 -0.00468022
v -0.05383580 -0.02933367 -0.00969628
v -0.05352250 -0.01862641 -0.00439271
v -0.05358785 -0.01683758 -0.00271043
v -0.05355371 -0.01642124 -0.00253675
v -0.05341452 -0.01479516 -0.00188435
v -0.05346505 -0.02533778 -0.00987547
v -0.05345980 -0.02540748 -0.00995295
v -0.05345831 -0.02534285 -0.00995817
v -0.05366867 -0.02318280 -0.00813621
v -0.05318858 -0.02548465 -0.01194036
v -0.05322320 -0.02651381 -0.01185957
v -0.05334143 -0.02748640 -0.01180129
v -0.05339949 -0.02950487 -0.01164075
v -0.05347405 -0.03152043 -0.01148395
v -0.05395002 -0.02322735 -0.01024323
v -0.05353990 -0.02339394 -0.01219363
v -0.05388614 -0.03107089 -0.00340412
v -0.05366616 -0.02904221 -0.00268690
v -0.05380798 -0.02905596 -0.00356011
v -0.05387756 -0.03106920 -0.00333288
v -0.05397179 -0.03165377 -0.00337232
v -0.05418078 -0.03304762 -0.00329717
v -0.05356134 -0.03103400 -0.00128727
v -0.05364350 -0.03304823 -0.00113218
v -0.05303783 -0.03103218 0.00087460
v -0.05304718 -0.03258645 0.00100569
v -0.05309974 -0.03305752 0.00087070
v -0.05350666 -0.03510109 -0.00092750
v -0.05396116 -0.03511508 -0.00307373
v -0.05342793 -0.02902883 -0.00143074
v -0.05314514 -0.02898452 0.00067660
v -0.05317380 -0.02695075 0.00049642
v -0.05346239 -0.02699403 -0.00161224
v -0.05295882 -0.02689448 0.00258840
v -0.05294702 -0.02486785 0.00241738
v -0.05272125 -0.02481348 0.00451181
v -0.05324840 -0.02490887 0.00030583
v -0.05299303 -0.02283101 0.00223327
v -0.05267813 -0.02586769 0.00461118
v -0.05287148 -0.02893861 0.00278187
v -0.05285654 -0.02919435 0.00280693
v -0.05284822 -0.02893415 0.00297293
v -0.05271950 -0.02687367 0.00401005
v -0.05351053 -0.02699263 -0.00177713
v -0.05281898 -0.03097660 0.00296746
v -0.05290722 -0.03102287 0.00160599
v -0.05306870 -0.03305546 0.00104130
v -0.05280816 -0.03300724 0.00314360
v -0.05341861 -0.02491724 -0.00056593
v -0.05266681 -0.02478240 0.00540681
v -0.05293304 -0.02274739 0.00429015
v -0.05319208 -0.03506240 0.00118704
v -0.05331108 -0.03508453 0.00022448
v -0.05342444 -0.03714432 -0.00073518
v -0.05342622 -0.03698646 -0.00074907
v -0.05296249 -0.03500871 0.00328234
v -0.05330062 -0.03707197 0.00133615
v -0.05301872 -0.03702751 0.00344329
v -0.05275107 -0.03495181 0.00537351
v -0.05341799 -0.03907997 0.00148326
v -0.05311483 -0.03903926 0.00359522
v -0.05342984 -0.03917208 -0.00056271
v -0.05249117 -0.03296897 0.00525869
v -0.05349169 -0.03722666 -0.00279370
v -0.05342381 -0.03715150 -0.00088828
v -0.05363323 -0.04107070 0.00160820
v -0.05323629 -0.04104654 0.00374140
v -0.05296478 -0.03694283 0.00549880
v -0.05370711 -0.04115187 -0.00045182
v -0.05394177 -0.04304498 0.00171201
v -0.05404536 -0.04312090 -0.00035474
v -0.05437570 -0.04509131 -0.00025587
v -0.05376832 -0.04298138 0.00379459
v -0.05447681 -0.04497927 0.00176452
v -0.05397008 -0.03733065 -0.00698864
v -0.05378207 -0.03939253 -0.00677237
v -0.05401054 -0.03722930 -0.00495451
v -0.05414667 -0.03517655 -0.00515904
v -0.05389212 -0.03946732 -0.00884058
v -0.05366530 -0.03931894 -0.00470263
v -0.05361685 -0.04145041 -0.00656125
v -0.05343486 -0.04138832 -0.00447674
v -0.05399062 -0.04147865 -0.00868920
v -0.05331255 -0.03930917 -0.00306064
v -0.05341599 -0.04137989 -0.00421734
v -0.05329826 -0.03867407 -0.00262889
v -0.05325828 -0.03929656 -0.00256715
v -0.05407688 -0.04349216 -0.00853504
v -0.05377684 -0.04345091 -0.00642379
v -0.05411317 -0.04551446 -0.00836957
v -0.05390863 -0.04545635 -0.00627996
v -0.05401800 -0.04755998 -0.00817433
v -0.05364835 -0.04339840 -0.00476416
v -0.05352096 -0.04223767 -0.00442222
v -0.05343966 -0.04129327 -0.00243454
v -0.05388277 -0.04541606 -0.00530123
v -0.05413348 -0.04744539 -0.00615719
v -0.05411246 -0.04743565 -0.00586070
v -0.05411215 -0.04777268 -0.00612466
v -0.05412713 -0.04947523 -0.00598206
v -0.05411129 -0.04735511 -0.00410887
v -0.05365178 -0.04337877 -0.00435218
v -0.05393323 -0.04535781 -0.00424224
v -0.05405520 -0.04524208 -0.00222657
v -0.05429891 -0.04935071 -0.00397768
v -0.05429126 -0.04722914 -0.00210635
v -0.05444967 -0.04922990 -0.00196853
v -0.05377423 -0.04326295 -0.00233662
v -0.05380778 -0.04962579 -0.00795302
v -0.05381550 -0.04855777 -0.00804609
v -0.05465883 -0.04707007 -0.00014631
v -0.05359753 -0.05169162 -0.00773171
v -0.05362965 -0.05159174 -0.00569569
v -0.05377591 -0.05147173 -0.00368553
v -0.05385621 -0.05136335 -0.00166043
v -0.05300788 -0.05188988 -0.00964144
v -0.05316413 -0.04983359 -0.00985052
v -0.05472844 -0.04908650 0.00001162
v -0.05267955 -0.05310411 -0.00741672
v -0.05193127 -0.00175972 0.01091044
v -0.05196080 -0.00226891 0.01064406
v -0.05193671 -0.00225921 0.01095206
v -0.05200198 -0.00427641 0.01111096
v -0.05184385 -0.00218139 0.01301638
v -0.05192858 -0.00419516 0.01317088
v -0.05211589 -0.00628503 0.01125886
v -0.05198327 -0.00621423 0.01333218
v -0.05216819 -0.00830452 0.01142070
v -0.05199857 -0.00824025 0.01350241
v -0.05163311 -0.00212438 0.01510740
v -0.05241524 -0.00835513 0.00932145
v -0.05250084 -0.01036874 0.00947576
v -0.05263153 -0.01043988 0.00740287
v -0.05248085 -0.00839613 0.00816615
v -0.05264089 -0.01246694 0.00757444
v -0.05239722 -0.00662472 0.00917711
v -0.05237365 -0.00632693 0.00930507
v -0.05239430 -0.00633010 0.00915250
v -0.05215315 -0.00430362 0.00990799
v -0.05255845 -0.00842406 0.00724573
v -0.05261244 -0.01014830 0.00738194
v -0.05263366 -0.01044685 0.00724299
v -0.05275248 -0.01051274 0.00533218
v -0.05276188 -0.01253980 0.00550374
v -0.05271767 -0.01252544 0.00599438
v -0.05275643 -0.01329080 0.00556919
v -0.05278559 -0.01456433 0.00567206
v -0.05262583 -0.01449832 0.00775154
v -0.05280597 -0.01658946 0.00584114
v -0.05285895 -0.01458084 0.00501668
v -0.05261371 -0.00638559 0.00705952
v -0.05231162 -0.00431598 0.00899754
v -0.05302387 -0.01662666 0.00415082
v -0.05311196 -0.01865838 0.00390224
v -0.05307645 -0.01737508 0.00379987
v -0.05316400 -0.01868252 0.00316773
v -0.05306625 -0.01663773 0.00373890
v -0.05330507 -0.01871850 0.00181521
v -0.05163326 -0.00415307 0.01528106
v -0.05235602 -0.01242301 0.00968225
v -0.05234525 -0.01445363 0.00985838
v -0.05207640 -0.01237815 0.01178888
v -0.05253592 -0.01654291 0.00794560
v -0.05279418 -0.01862025 0.00601750
v -0.05261587 -0.01855752 0.00810118
v -0.05240967 -0.01647098 0.01001748
v -0.05307487 -0.01257877 0.00338956
v -0.05312458 -0.01459871 0.00355199
v -0.05264108 -0.00435204 0.00687963
v -0.05197548 -0.01036724 0.01163804
v -0.05226979 -0.00229464 0.00883332
v -0.05334543 -0.01668266 0.00163238
v -0.05357632 -0.01876484 -0.00028952
v -0.05352502 -0.02080261 -0.00010421
v -0.05375244 -0.02288540 -0.00202532
v -0.05355156 -0.02282665 0.00006347
v -0.05367655 -0.02492751 -0.00183444
v -0.05206214 -0.01308354 0.01185228
v -0.05201854 -0.01236926 0.01221629
v -0.05188656 -0.01031010 0.01323796
v -0.05207292 -0.01440748 0.01196335
v -0.05214218 -0.01443180 0.01115518
v -0.05190136 -0.01231484 0.01387181
v -0.05321503 -0.01467696 0.00148822
v -0.05177331 -0.01436615 0.01407450
v -0.05298508 -0.00641426 0.00493212
v -0.05298544 -0.00844291 0.00510573
v -0.05310622 -0.00851580 0.00303508
v -0.05314827 -0.01053710 0.00319924
v -0.05284917 -0.00440952 0.00478921
v -0.05268392 -0.00231576 0.00669623
v -0.05202284 -0.00021529 0.01075885
v -0.05233868 -0.00025376 0.00864403
v -0.05204990 0.00181820 0.01057903
v -0.05235072 0.00177708 0.00846761
v -0.05256822 -0.00030746 0.00654875
v -0.05176590 0.00186229 0.01268665
v -0.05170950 0.00388105 0.01252573
v -0.05211944 0.00385919 0.01038959
v -0.05233775 0.00380351 0.00829685
v -0.05154383 0.00390006 0.01360966
v -0.05174238 0.00186786 0.01290286
v -0.05180153 0.00130655 0.01272670
v -0.05246051 0.00171937 0.00677084
v -0.05252280 0.00095492 0.00645027
v -0.05250513 0.00171012 0.00638935
v -0.05235643 0.00378983 0.00792451
v -0.05270773 -0.00037705 0.00447386
v -0.05261661 -0.00033002 0.00586330
v -0.05273329 -0.00239538 0.00476922
v -0.05274709 -0.00261720 0.00465733
v -0.05278101 0.00166461 0.00428357
v -0.05259426 0.00375457 0.00619547
v -0.05291500 -0.00043467 0.00238362
v -0.05287341 -0.00247073 0.00256673
v -0.05310409 -0.00252423 0.00047119
v -0.05310937 -0.00049458 0.00029631
v -0.05284470 0.00158164 0.00222585
v -0.05273929 -0.00240019 0.00464040
v -0.05273304 0.00368486 0.00412074
v -0.05281044 0.00360431 0.00205992
v -0.05298505 0.00151220 0.00015077
v -0.05249775 0.00576626 0.00604363
v -0.05278540 0.00572282 0.00393519
v -0.05245791 0.00778795 0.00587896
v -0.05316559 -0.01265696 0.00132572
v -0.05332914 -0.01475103 -0.00058092
v -0.05277131 -0.00451747 0.00276355
v -0.05277753 -0.00449007 0.00333248
v -0.05195978 0.00585973 0.01025206
v -0.05262834 0.00772382 0.00379707
v -0.05235043 0.00979770 0.00572962
v -0.05218944 0.00986349 0.00780937
v -0.05230118 0.01191193 0.00761037
v -0.05295065 -0.02062136 0.00615576
v -0.05278499 -0.02055639 0.00823657
v -0.05251563 -0.01788183 0.01011588
v -0.05256659 -0.01848514 0.00987082
v -0.05271846 -0.02053625 0.00894321
v -0.05257863 -0.02049860 0.01032660
v -0.05288449 -0.02266175 0.00634443
v -0.05236206 -0.01645536 0.01054929
v -0.05223804 -0.01640706 0.01209965
v -0.05256896 -0.01847159 0.01015510
v -0.05317286 -0.00260630 -0.00158767
v -0.05272542 -0.02137636 0.00831936
v -0.05276232 -0.02263109 0.00750470
v -0.05264463 -0.02260988 0.00844205
v -0.05314174 -0.02077605 0.00202589
v -0.05316849 -0.02023966 0.00197431
v -0.05319038 -0.02078445 0.00164648
v -0.05252771 -0.02465923 0.00864222
v -0.05244526 -0.02255086 0.01053050
v -0.05206604 0.00781300 0.00801101
v -0.05264726 -0.02473234 0.00657186
v -0.05274619 -0.02385966 0.00647623
v -0.05262941 -0.02676420 0.00674959
v -0.05246875 -0.02669835 0.00882927
v -0.05224327 -0.02461522 0.01074994
v -0.05220712 -0.02665032 0.01093182
v -0.05252960 -0.02871633 0.00898918
v -0.05221745 -0.02691023 0.01095189
v -0.05237598 -0.02868608 0.01026818
v -0.05271842 -0.02877721 0.00690312
v -0.05219536 -0.02664662 0.01105976
v -0.05210614 -0.02457014 0.01228371
v -0.05207037 -0.02375118 0.01276387
v -0.05210417 -0.02251684 0.01265104
v -0.05200081 -0.02250018 0.01343149
v -0.05185367 -0.02044716 0.01438145
v -0.05187524 -0.02246304 0.01474618
v -0.05207936 -0.02454994 0.01283036
v -0.05182807 -0.02044265 0.01458318
v -0.05206612 -0.02658100 0.01300705
v -0.05176958 -0.02451040 0.01494381
v -0.05236125 -0.03068055 0.01124429
v -0.05231924 -0.02865925 0.01108012
v -0.05248289 -0.03278202 0.00934714
v -0.05230686 -0.03271888 0.01143031
v -0.05204838 -0.03064156 0.01335845
v -0.05204225 -0.03267137 0.01353353
v -0.05256145 -0.03479687 0.00950304
v -0.05229811 -0.03474913 0.01160598
v -0.05206548 -0.03434871 0.01367223
v -0.05208782 -0.03470130 0.01349612
v -0.05276592 -0.03485499 0.00741344
v -0.05191922 -0.03265698 0.01434456
v -0.05175155 -0.03061226 0.01519741
v -0.05177069 -0.03262509 0.01563833
v -0.05208030 -0.03469337 0.01369860
v -0.05173090 -0.03060338 0.01547365
v -0.05145523 -0.03055783 0.01757937
v -0.05140671 -0.02853767 0.01741667
v -0.05254566 -0.03284260 0.00777880
v -0.05271008 -0.03429013 0.00737688
v -0.05257884 -0.03285929 0.00728212
v -0.05223529 -0.02046499 0.01244765
v -0.05216864 -0.01844803 0.01228906
v -0.05191743 -0.02863595 0.01321442
v -0.05285362 -0.02073269 0.00413444
v -0.05208094 0.00578691 0.00818133
v -0.05210681 0.00555263 0.00819592
v -0.05198109 0.00786305 0.00944098
v -0.05207487 0.00578842 0.00823862
v -0.05268656 -0.02684832 0.00469336
v -0.05193852 -0.00013597 0.01282124
v -0.05185672 -0.00005620 0.01488306
v -0.05194666 -0.00016202 0.01222323
v -0.05167917 0.00194118 0.01474958
v -0.05150772 0.00393965 0.01461472
v -0.05128981 0.00399540 0.01670737
v -0.05138668 0.00198377 0.01685912
v -0.05274119 -0.02886740 0.00485468
v -0.05275913 -0.03089295 0.00502430
v -0.05220210 0.01198865 0.00967610
v -0.05211102 0.00994386 0.00987042
v -0.05203109 0.01205268 0.01175813
v -0.05194301 0.01406585 0.01160438
v -0.05219150 0.01401550 0.00950481
v -0.05228075 0.01393704 0.00744131
v -0.05171658 0.01409376 0.01312780
v -0.05159871 0.01538744 0.01361537
v -0.05157143 0.01612320 0.01355814
v -0.05153672 0.01613353 0.01392300
v -0.05134836 0.01816986 0.01467793
v -0.05153074 0.01814474 0.01339367
v -0.05123588 0.01970074 0.01537413
v -0.05155871 0.02017839 0.01321364
v -0.05124062 0.02021646 0.01532898
v -0.05119916 0.02022205 0.01561820
v -0.05172503 0.01605610 0.01148006
v -0.05164731 0.01807110 0.01132397
v -0.05197676 0.01600632 0.00937976
v -0.05191845 0.01802475 0.00921927
v -0.05209882 0.01593365 0.00730882
v -0.05211035 0.01592652 0.00710737
v -0.05177427 0.02012223 0.01112153
v -0.05162203 0.02221828 0.01302561
v -0.05183396 0.02216148 0.01093432
v -0.05184555 0.02215712 0.01079283
v -0.05184085 0.02234347 0.01091728
v -0.05180328 0.02425261 0.01223887
v -0.05173855 0.02426756 0.01282552
v -0.05172892 0.02531446 0.01273793
v -0.05199310 0.02421827 0.01072458
v -0.05174383 0.02629722 0.01265063
v -0.05164878 0.02630266 0.01315405
v -0.05147027 0.02634314 0.01475589
v -0.05144535 0.02833288 0.01383774
v -0.05139164 0.02835799 0.01460000
v -0.05133605 0.02978851 0.01448928
v -0.05129058 0.03038281 0.01475157
v -0.05110910 0.03043105 0.01653360
v -0.05187501 0.02005644 0.00928616
v -0.05189428 0.01968546 0.00908220
v -0.05189164 0.02004874 0.00905165
v -0.05108109 0.03241058 0.01540661
v -0.05207635 0.02211005 0.00883612
v -0.05202931 0.01071157 0.01187332
v -0.05196153 0.01208036 0.01264053
v -0.05103355 0.03244643 0.01637702
v -0.05098953 0.03401455 0.01625207
v -0.05095325 0.03447142 0.01644789
v -0.05102953 0.02838829 0.01672531
v -0.05112943 0.02222556 0.01518047
v -0.05198171 0.01794171 0.00716165
v -0.05205672 0.01998366 0.00697097
v -0.05226700 0.01789785 0.00505375
v -0.05225324 0.01992414 0.00488317
v -0.05250863 0.01784628 0.00295573
v -0.05228419 0.01587216 0.00522354
v -0.05253319 0.01988367 0.00287054
v -0.05254217 0.01972643 0.00278766
v -0.05266285 0.01782357 0.00183786
v -0.05243304 0.01580423 0.00314654
v -0.05281455 0.01780607 0.00084315
v -0.05206381 0.01640632 0.00727575
v -0.05194055 0.01797037 0.00795014
v -0.05230425 0.01384699 0.00539269
v -0.05229824 0.01389001 0.00635020
v -0.05243746 0.02195752 0.00406369
v -0.05232145 0.01375582 0.00334551
v -0.05253117 0.01572734 0.00108102
v -0.05254953 0.01988222 0.00277277
v -0.05264338 0.02192750 0.00257782
v -0.05206062 0.01000787 0.01146326
v -0.05201072 0.00843888 0.01002048
v -0.05168323 0.01411421 0.01370651
v -0.05205164 0.01002758 0.01192716
v -0.05189351 0.01212260 0.01383258
v -0.05180716 0.01007865 0.01402583
v -0.05194469 0.00797999 0.01212508
v -0.05198735 0.00789331 0.01007213
v -0.05173029 0.01218800 0.01591284
v -0.05163230 0.01419943 0.01576134
v -0.05159285 0.01013503 0.01611766
v -0.05186434 0.00806002 0.01418657
v -0.05188544 0.00594082 0.01231219
v -0.05310731 -0.00464658 -0.00139913
v -0.05319305 -0.00472566 -0.00346184
v -0.05325374 -0.00674366 -0.00330190
v -0.05324345 -0.00474071 -0.00399264
v -0.05315054 -0.00364061 -0.00354575
v -0.05302478 -0.00668986 -0.00120675
v -0.05328623 -0.00876665 -0.00313557
v -0.05349492 -0.00882403 -0.00522612
v -0.05355829 -0.01084156 -0.00506678
v -0.05326555 -0.01079902 -0.00295719
v -0.05297441 -0.00872747 -0.00102165
v -0.05359000 -0.01286468 -0.00490028
v -0.05289330 -0.00661886 0.00086632
v -0.05369819 -0.01293980 -0.00696807
v -0.05368426 -0.01090002 -0.00684547
v -0.05287716 -0.00805735 0.00099289
v -0.05338278 -0.01280705 -0.00281005
v -0.05371309 -0.01487168 -0.00475446
v -0.05346832 -0.01482067 -0.00265573
v -0.05368279 -0.01690574 -0.00457391
v -0.05390835 -0.01696014 -0.00666829
v -0.05322264 -0.01276026 -0.00114601
v -0.05318089 -0.01205447 -0.00078045
v -0.05316619 -0.01072235 -0.00089139
v -0.05288111 -0.00867336 0.00053038
v -0.05312666 -0.01068652 0.00004598
v -0.05350239 -0.00886106 -0.00605979
v -0.05371066 -0.01090888 -0.00714459
v -0.05369347 -0.01128965 -0.00710835
v -0.05378962 -0.01495238 -0.00681509
v -0.05331930 -0.00682260 -0.00527986
v -0.05332879 -0.00682462 -0.00536219
v -0.05334118 -0.00703271 -0.00534699
v -0.05357485 -0.00890412 -0.00728752
v -0.05322015 -0.01274154 -0.00072992
v -0.05315197 -0.01063065 0.00115512
v -0.05289548 -0.00864720 0.00103952
v -0.05377760 -0.01901194 -0.00646498
v -0.05394871 -0.01907594 -0.00854703
v -0.05387536 -0.02111761 -0.00835672
v -0.05131770 0.01820135 0.01548521
v -0.05113130 0.02029138 0.01739703
v -0.05146356 0.01619837 0.01562587
v -0.05108149 0.01825387 0.01758200
v -0.05233708 0.01182406 0.00555895
v -0.05237420 0.00970769 0.00368094
v -0.05155115 0.00501825 0.01451320
v -0.05156541 0.00602141 0.01535778
v -0.05151850 0.00606447 0.01648188
v -0.05147470 0.00779944 0.01634260
v -0.05145202 0.00808811 0.01646741
v -0.05167154 0.00599728 0.01440393
v -0.05148671 0.00808758 0.01631539
v -0.05274058 -0.00461710 0.00072722
v -0.05366279 -0.00685989 -0.00748113
v -0.05374203 -0.00896883 -0.00936867
v -0.05376344 -0.01099377 -0.00919983
v -0.05374149 -0.00694020 -0.00954224
v -0.05190617 -0.00987694 0.01366207
v -0.05193241 -0.03462526 0.01577539
v -0.05223705 -0.03669443 0.01383679
v -0.05190328 -0.03665913 0.01595568
v -0.05232314 -0.03671861 0.01296331
v -0.05242585 -0.03868982 0.01396772
v -0.05230588 0.01172435 0.00352272
v -0.05245542 0.01165653 0.00144556
v -0.05260664 0.00965450 0.00158500
v -0.05235516 0.01010327 0.00365110
v -0.05238768 0.00970100 0.00348123
v -0.05267975 0.00763869 0.00174214
v -0.05286100 0.00757647 -0.00034221
v -0.05281747 0.00554007 -0.00015865
v -0.05301062 0.00547995 -0.00224569
v -0.05304937 0.00345807 -0.00208078
v -0.05286317 0.00351941 0.00000469
v -0.05300222 0.00142103 -0.00189641
v -0.05321068 0.00136361 -0.00398691
v -0.05330621 0.00340919 -0.00418224
v -0.05322025 0.00542274 -0.00433646
v -0.05293963 0.00749614 -0.00240330
v -0.05314117 0.00745422 -0.00412955
v -0.05319918 0.00672277 -0.00444332
v -0.05330150 0.00540654 -0.00501711
v -0.05301018 0.00951378 -0.00310319
v -0.05297518 0.00953113 -0.00258505
v -0.05297749 0.01028102 -0.00264974
v -0.05293262 0.01159498 -0.00182407
v -0.05280893 0.01162471 -0.00067779
v -0.05312955 -0.00067943 -0.00379484
v -0.05231696 0.01178497 0.00479273
v -0.05231789 0.01267484 0.00549016
v -0.05358183 0.00336362 -0.00628796
v -0.05350616 0.00337682 -0.00569499
v -0.05353946 0.00132743 -0.00610467
v -0.05346803 -0.00071390 -0.00591480
v -0.05354912 0.00247845 -0.00620526
v -0.05366659 -0.00077306 -0.00800306
v -0.05370616 -0.00279480 -0.00783833
v -0.05350395 -0.00273628 -0.00574924
v -0.05380604 -0.00480589 -0.00768726
v -0.05353651 -0.00475925 -0.00558293
v -0.05315835 -0.00270306 -0.00362768
v -0.05319328 0.00744670 -0.00450405
v -0.05351226 0.00538006 -0.00644589
v -0.05320349 0.00947722 -0.00468005
v -0.05303938 0.01157118 -0.00277328
v -0.05339525 0.00738813 -0.00659308
v -0.05344547 0.00942571 -0.00677815
v -0.05359171 0.00732860 -0.00868087
v -0.05362572 0.00530588 -0.00851488
v -0.05370336 0.00329086 -0.00835877
v -0.05291464 0.00961465 -0.00052805
v -0.05271462 0.01361931 -0.00120931
v -0.05308406 -0.00059325 -0.00174125
v -0.05297267 0.00148747 -0.00033555
v -0.05292754 0.00229674 0.00009576
v -0.05283333 0.00354365 0.00065136
v -0.05279420 0.00538227 0.00191113
v -0.05279626 0.00563053 0.00188944
v -0.05279324 0.00564003 0.00210774
v -0.05263221 0.00768742 0.00299200
v -0.05237343 0.01367078 0.00129044
v -0.05314670 -0.00266728 -0.00280431
v -0.05309690 -0.00098149 -0.00171073
v -0.05308446 -0.00057987 -0.00145271
v -0.05251314 -0.03084216 0.00712331
v -0.05336326 0.01153413 -0.00488993
v -0.05341240 0.01144860 -0.00694435
v -0.05338994 0.01356756 -0.00506967
v -0.05311952 0.01361404 -0.00296513
v -0.05318327 0.01565401 -0.00315326
v -0.05326995 0.01557510 -0.00521618
v -0.05309172 0.01766657 -0.00330621
v -0.05300247 0.01774502 -0.00124271
v -0.05305256 0.01978258 -0.00142774
v -0.05284578 0.01568865 -0.00103352
v -0.05268416 0.01422246 -0.00087383
v -0.05265308 0.01676090 0.00096676
v -0.05264356 0.01570314 0.00010058
v -0.05264110 0.01362381 -0.00081347
v -0.05302183 0.01987136 0.00062251
v -0.05307003 0.02190859 0.00043790
v -0.05314678 0.02182793 -0.00162278
v -0.05319103 0.02395865 0.00023680
v -0.05320882 0.02394319 -0.00017051
v -0.05317378 0.02222665 -0.00166262
v -0.05316610 0.02181329 -0.00201861
v -0.05316808 0.02462935 0.00018423
v -0.05338787 0.02389918 -0.00185107
v -0.05335860 0.02592274 -0.00201814
v -0.05316022 0.02598194 0.00007008
v -0.05324633 0.02802586 -0.00012311
v -0.05305505 0.02808630 0.00196351
v -0.05340092 0.02795893 -0.00220141
v -0.05298108 0.03010197 0.00180657
v -0.05361446 0.02587369 -0.00411938
v -0.05289486 0.03015389 0.00328238
v -0.05276432 0.03218664 0.00372526
v -0.05281289 0.03127389 0.00379314
v -0.05302979 0.02809593 0.00227465
v -0.05307487 0.02750018 0.00200950
v -0.05293270 0.02815892 0.00403451
v -0.05273236 0.03220069 0.00415968
v -0.05287701 0.03017781 0.00387343
v -0.05269439 0.03023979 0.00595808
v -0.05275816 0.02822232 0.00611733
v -0.05296506 0.02613591 0.00420087
v -0.05316219 0.02607649 0.00211293
v -0.05257812 0.03425084 0.00507609
v -0.05255992 0.03224477 0.00581485
v -0.05300694 0.02402037 0.00232179
v -0.05372590 0.02386463 -0.00397093
v -0.05311207 0.03003088 -0.00026639
v -0.05294660 0.03203040 -0.00040261
v -0.05283300 0.03210455 0.00166642
v -0.05320141 0.02995244 -0.00232992
v -0.05306413 0.03195693 -0.00247252
v -0.05279123 0.03403170 -0.00054111
v -0.05259574 0.03409140 0.00154646
v -0.05315016 0.02603206 0.00119804
v -0.05379200 0.02378209 -0.00602919
v -0.05372455 0.02174148 -0.00584022
v -0.05380835 0.02374668 -0.00686355
v -0.05396524 0.02169762 -0.00776740
v -0.05399218 0.02169450 -0.00794413
v -0.05393407 0.02371296 -0.00810466
v -0.05257385 0.03427595 0.00563800
v -0.05235876 0.03433220 0.00773001
v -0.05252346 0.03638998 0.00751901
v -0.05254294 0.03634921 0.00655567
v -0.05256464 0.03630304 0.00546639
v -0.05256055 0.03499607 0.00557916
v -0.05260454 0.03418716 0.00358776
v -0.05258020 0.03833451 0.00528918
v -0.05254782 0.03842300 0.00733980
v -0.05253267 0.03751740 0.00742054
v -0.05249152 0.03844100 0.00795848
v -0.05235453 0.03848309 0.00942687
v -0.05225086 0.03643608 0.00962405
v -0.05212312 0.03853646 0.01152258
v -0.05212700 0.03650843 0.01169539
v -0.05206879 0.04055559 0.01136119
v -0.05183848 0.03858043 0.01363034
v -0.05185350 0.03764379 0.01370735
v -0.05195219 0.03654928 0.01329029
v -0.05189468 0.03656163 0.01379130
v -0.05177226 0.03858903 0.01408515
v -0.05157738 0.03862856 0.01573276
v -0.05173660 0.04059117 0.01347972
v -0.05252742 0.03620227 0.00343153
v -0.05346186 0.02787548 -0.00425851
v -0.05152936 0.03659137 0.01591733
v -0.05240648 0.02197990 0.00467477
v -0.05230521 0.02205623 0.00674100
v -0.05246672 0.02411344 0.00653072
v -0.05249763 0.02409449 0.00599438
v -0.05245043 0.02258941 0.00461329
v -0.05247564 0.02482668 0.00646777
v -0.05243916 0.02618344 0.00736382
v -0.05235922 0.02621740 0.00842467
v -0.05227557 0.02417392 0.00861731
v -0.05215206 0.02627505 0.01051488
v -0.05217093 0.02830710 0.01033692
v -0.05241424 0.02752736 0.00830089
v -0.05265856 0.02405309 0.00444398
v -0.05255592 0.02615791 0.00633683
v -0.05238404 0.02827373 0.00874906
v -0.05245586 0.02826318 0.00822909
v -0.05218815 0.03030700 0.00946843
v -0.05214611 0.03033144 0.01016885
v -0.05187567 0.03037792 0.01227339
v -0.05186291 0.03240438 0.01210259
v -0.05234060 0.03027156 0.00808151
v -0.05216868 0.03226994 0.00794675
v -0.05196176 0.03435634 0.00986322
v -0.05188126 0.03440794 0.01130871
v -0.05345339 0.00933291 -0.00882323
v -0.05352726 0.00123107 -0.00814520
v -0.05351013 0.00126581 -0.00732221
v -0.05361987 -0.00027220 -0.00803607
v -0.05390893 -0.01705425 -0.00871171
v -0.05188206 0.03443648 0.01192456
v -0.05177547 0.03451188 0.01399199
v -0.05192335 0.03489795 0.01187632
v -0.05313890 0.01758069 -0.00536019
v -0.05303913 0.01968601 -0.00346799
v -0.05305726 0.01965659 -0.00417953
v -0.05313613 0.01768378 -0.00536843
v -0.05314117 0.01757796 -0.00542863
v -0.05309613 0.02026995 -0.00353004
v -0.05324038 0.01962732 -0.00555687
v -0.05344353 0.01754024 -0.00747248
v -0.05356663 0.02576140 -0.00636101
v -0.05375630 0.02571031 -0.00823809
v -0.05354891 0.02609907 -0.00617617
v -0.05352573 0.02779255 -0.00631626
v -0.05373964 0.02773609 -0.00840800
v -0.05345535 0.02782895 -0.00524139
v -0.05356753 0.02982864 -0.00649942
v -0.05386450 0.02563520 -0.01030588
v -0.05368616 0.02975537 -0.00856958
v -0.05345678 0.03183781 -0.00664803
v -0.05360543 0.03176984 -0.00872499
v -0.05375807 0.02967386 -0.01062916
v -0.05373223 0.02764058 -0.01044962
v -0.05399076 0.02362876 -0.01016079
v -0.05398962 0.02159985 -0.00998684
v -0.05361924 0.00521053 -0.01055670
v -0.05362308 0.00318249 -0.01038388
v -0.05356588 0.02577091 -0.00615167
v -0.05161237 0.04259796 0.01333417
v -0.05310472 0.03186989 -0.00452500
v -0.05307779 0.03389386 -0.00469259
v -0.05288954 0.03393763 -0.00297994
v -0.05281600 0.03476445 -0.00266043
v -0.05275847 0.03596043 -0.00275067
v -0.05307502 0.03592209 -0.00486566
v -0.05324804 0.03382970 -0.00677444
v -0.05324984 0.03585873 -0.00694854
v -0.05340389 0.03376300 -0.00885303
v -0.05304324 0.03794520 -0.00503215
v -0.05292027 0.03801770 -0.00296101
v -0.05295900 0.04005325 -0.00314347
v -0.05281194 0.04012151 -0.00106687
v -0.05283374 0.04215406 -0.00124550
v -0.05306304 0.03189529 -0.00380520
v -0.05286567 0.03395063 -0.00260126
v -0.05278637 0.03605956 -0.00071370
v -0.05278808 0.04224021 0.00080813
v -0.05275820 0.04020623 0.00098859
v -0.05287418 0.03810377 -0.00090728
v -0.05278891 0.04233456 0.00285123
v -0.05327379 0.03576875 -0.00899726
v -0.05360681 -0.01305013 -0.00899066
v -0.05372163 -0.01312407 -0.01105996
v -0.05364589 -0.01516615 -0.01086911
v -0.05360929 -0.01321145 -0.00897738
v -0.05360341 -0.01304538 -0.00887395
v -0.05363336 -0.01514587 -0.01037831
v -0.05362862 -0.01568699 -0.01082087
v -0.05164091 -0.02970509 0.01541576
v -0.05151145 -0.02859689 0.01570763
v -0.05132780 -0.02655866 0.01648487
v -0.05155321 -0.02860602 0.01534020
v -0.05150075 -0.02658656 0.01517839
v -0.05115153 -0.02471475 0.01714331
v -0.05114542 -0.02452635 0.01712847
v -0.05126901 -0.02653325 0.01727417
v -0.05113482 -0.02452420 0.01721802
v -0.05099911 -0.02246655 0.01822203
v -0.05378373 0.01962900 -0.00772322
v -0.05396841 0.02148256 -0.00792096
v -0.05360037 0.00114977 -0.01020505
v -0.05349228 -0.00089803 -0.01000687
v -0.05360891 -0.00080680 -0.00850097
v -0.05223716 0.04045059 0.00840120
v -0.05215151 0.04047598 0.00929916
v -0.05209061 0.04225461 0.00915976
v -0.05185678 0.04254688 0.01123552
v -0.05207034 0.04249563 0.00925810
v -0.05238073 0.04042223 0.00720396
v -0.05208568 0.04249307 0.00914038
v -0.05230179 0.04243701 0.00704815
v -0.05264338 0.04037438 0.00510118
v -0.05260670 0.04239661 0.00493579
v -0.05294962 0.04033421 0.00298852
v -0.05290648 0.03829788 0.00317199
v -0.05278362 0.04234518 0.00310309
v -0.05294415 0.03821033 0.00112016
v -0.05290496 0.03617469 0.00130273
v -0.05283129 0.04179911 0.00288812
v -0.05282183 0.04024805 0.00163783
v -0.05282461 0.03946272 0.00103821
v -0.05291846 0.03817458 0.00044893
v -0.05284839 0.03696331 -0.00080418
v -0.05277059 0.03600207 -0.00189664
v -0.05349740 -0.00099133 -0.01205132
v -0.05349786 0.00103747 -0.01222512
v -0.05189349 -0.01028751 0.01369990
v -0.05154957 -0.01025400 0.01582109
v -0.05153909 -0.00822713 0.01564977
v -0.05179911 -0.00823290 0.01447032
v -0.05151417 0.04059711 0.01451027
v -0.05141704 0.04062898 0.01559539
v -0.05135307 0.02429373 0.01495613
v -0.05213614 0.04443650 0.00691197
v -0.05356199 0.00722915 -0.01071743
v -0.05370396 -0.00906975 -0.01140334
v -0.05371409 -0.01109668 -0.01123194
v -0.05173208 0.02832386 0.01247960
v -0.05135993 0.03038111 0.01443349
v -0.05125597 0.04260514 0.01493481
v -0.05122480 0.04262377 0.01546524
v -0.05107154 0.04419942 0.01536274
v -0.05096330 0.04267182 0.01756776
v -0.05084672 0.04467998 0.01742047
v -0.05102436 0.04462396 0.01548522
v -0.05081783 0.04665291 0.01615420
v -0.05082361 0.04670461 0.01725202
v -0.05261908 0.04423911 0.00067272
v -0.05274259 0.04416670 -0.00139855
v -0.05249248 0.04431098 0.00274468
v -0.05230794 0.04630712 0.00261279
v -0.05222520 0.04634424 0.00375348
v -0.05281964 0.04205737 -0.00328560
v -0.05298180 -0.00650904 0.00288957
v -0.05290193 -0.00581771 0.00284726
v -0.05295842 -0.00652942 0.00254218
v -0.05058584 0.03449035 0.01834802
v -0.05139182 0.04458776 0.01321043
v -0.05167916 0.04454427 0.01110206
v -0.05152725 0.04664037 0.01300606
v -0.05155877 0.04655173 0.01095563
v -0.05172470 0.04446827 0.00926902
v -0.05154293 0.04650725 0.01005516
v -0.05174558 0.04446178 0.00904372
v -0.05162715 0.04646959 0.00889686
v -0.05357666 0.00308010 -0.01241666
v -0.05105475 0.04462249 0.01533007
v -0.05093559 0.04663016 0.01518336
v -0.05254786 -0.03673379 0.01172310
v -0.05239656 0.04438825 0.00480970
v -0.05190022 0.04642358 0.00679172
v -0.05215462 0.04637427 0.00469080
v -0.05176279 0.04842805 0.00664915
v -0.05180704 0.04853007 0.00868242
v -0.05247337 0.04433215 0.00328148
v -0.05093276 0.02222677 0.01600399
v -0.05087830 0.02227545 0.01728064
v -0.05079362 0.02428302 0.01699179
v -0.05078534 0.02428775 0.01712800
v -0.05077699 0.02452799 0.01710920
v -0.05093594 0.02634305 0.01692020
v -0.05064000 0.02633342 0.01791108
v -0.05142403 0.03242114 0.01424528
v -0.05299814 -0.03684273 0.00753453
v -0.05083735 0.03653709 0.01754564
v -0.05259945 -0.03871931 0.01262440
v -0.05266465 -0.04067640 0.01408732
v -0.05285369 -0.04072895 0.01218109
v -0.05329240 -0.04278275 0.01003225
v -0.05312197 -0.04273292 0.01180416
v -0.05295062 -0.04145633 0.01204229
v -0.05287182 -0.04073404 0.01199711
v -0.05335604 -0.04480023 0.01019153
v -0.05366866 -0.04483927 0.00807743
v -0.05351248 -0.04283812 0.00793911
v -0.05320034 -0.04077027 0.00987941
v -0.05342755 -0.04082438 0.00778466
v -0.05272724 -0.03873084 0.01185616
v -0.05363484 -0.04291073 0.00586811
v -0.05308618 -0.03876170 0.00973157
v -0.05331324 -0.04476806 0.01106296
v -0.05345640 -0.04653443 0.01031879
v -0.05325551 -0.03882602 0.00764993
v -0.05397050 -0.04488021 0.00596577
v -0.05367911 -0.04294661 0.00491055
v -0.05286753 -0.03677158 0.00960741
v -0.05310078 -0.04272237 0.01211894
v -0.05285267 -0.04267195 0.01421843
v -0.05329951 -0.04471600 0.01224762
v -0.05302472 -0.04467029 0.01435315
v -0.05341305 -0.04672468 0.01239560
v -0.05348014 -0.04680705 0.01033711
v -0.05307484 -0.04669017 0.01451549
v -0.05348830 -0.04680977 0.01024509
v -0.05352700 -0.04873329 0.01254348
v -0.05374669 -0.04878873 0.01045043
v -0.05238829 0.04622709 0.00055130
v -0.05251452 0.04615516 -0.00152058
v -0.05224728 0.04823094 0.00040955
v -0.05234117 0.04815330 -0.00165501
v -0.05218834 0.05015505 -0.00179409
v -0.05209421 0.05023264 0.00027052
v -0.05186063 0.05028563 0.00236672
v -0.05186955 0.05231591 0.00219101
v -0.05193451 0.04826995 0.00252368
v -0.05183502 0.05037531 0.00441581
v -0.05181086 0.04963059 0.00448468
v -0.05180970 0.05040120 0.00508001
v -0.05177089 0.04833528 0.00460403
v -0.05182913 0.04829645 0.00352586
v -0.05179848 0.05046307 0.00646737
v -0.05187026 0.05241024 0.00423413
v -0.05186833 0.05169528 0.00634711
v -0.05191988 0.05251320 0.00626619
v -0.05255174 0.04606753 -0.00357230
v -0.05262200 0.04405122 -0.00341453
v -0.05277628 0.04195551 -0.00531907
v -0.05279700 0.03993046 -0.00515007
v -0.05288013 0.03985092 -0.00721219
v -0.05303554 0.03784963 -0.00707370
v -0.05309777 0.03780786 -0.00823207
v -0.05326627 0.03586266 -0.00900371
v -0.05319612 0.03778377 -0.00915336
v -0.05285251 0.03982114 -0.00774625
v -0.05326998 0.03567388 -0.01103969
v -0.05326917 0.03576466 -0.00906727
v -0.05321025 0.03769205 -0.01119985
v -0.05325605 0.03557721 -0.01307982
v -0.05337168 0.03762634 -0.01327970
v -0.05335504 0.03974632 -0.01140634
v -0.05329594 0.03364974 -0.01087187
v -0.05329858 0.03366396 -0.01057418
v -0.05337588 0.03356964 -0.01293327
v -0.05356204 0.03157378 -0.01280174
v -0.05332112 0.03964613 -0.01344194
v -0.05337471 0.03347523 -0.01497630
v -0.05351628 0.03147149 -0.01483467
v -0.05325337 0.03548254 -0.01512250
v -0.05188118 0.05222376 0.00014508
v -0.05296056 0.03977091 -0.00927370
v -0.05279683 0.04074632 -0.00727124
v -0.05271468 0.04187792 -0.00675227
v -0.05274777 0.04185628 -0.00735590
v -0.05276296 0.04388768 -0.00753303
v -0.05287632 0.04178476 -0.00942831
v -0.05269439 0.04590429 -0.00769119
v -0.05258453 0.04597911 -0.00562302
v -0.05252319 0.04602559 -0.00436607
v -0.05301273 0.04383756 -0.00963290
v -0.05297346 0.04585933 -0.00979769
v -0.05308701 0.04375646 -0.01169301
v -0.05302057 0.04578770 -0.01154238
v -0.05315631 0.04173996 -0.01153501
v -0.05253930 0.04790565 -0.00782976
v -0.05230755 0.04795896 -0.00573398
v -0.05208940 0.04994918 -0.00585826
v -0.05246486 0.04992123 -0.00798659
v -0.05200804 0.05196353 -0.00601352
v -0.05162250 0.05198970 -0.00388291
v -0.05274132 0.04784710 -0.00991881
v -0.05192510 0.05000860 -0.00390331
v -0.05218380 0.04800076 -0.00432555
v -0.05177718 0.05094576 -0.00382623
v -0.05253801 0.04983994 -0.01004645
v -0.05225562 0.05191302 -0.00811289
v -0.05336601 0.01134620 -0.00897713
v -0.05335650 0.01132732 -0.00934807
v -0.05335173 0.01178599 -0.00901177
v -0.05348300 0.01127264 -0.01104692
v -0.05353337 0.00915861 -0.01292793
v -0.05341813 0.01338412 -0.00916263
v -0.05328777 0.01341210 -0.00802717
v -0.05331462 0.01539457 -0.00931288
v -0.05327591 0.01345323 -0.00708713
v -0.05346514 0.01117529 -0.01308617
v -0.05338560 0.01328417 -0.01119855
v -0.05348339 0.01533015 -0.01139439
v -0.05351787 0.00712716 -0.01275073
v -0.05347358 0.00714951 -0.01208627
v -0.05347385 0.00638832 -0.01267816
v -0.05302506 0.04540460 -0.01182102
v -0.05303063 0.04577522 -0.01185393
v -0.05382460 -0.02122077 -0.01038852
v -0.05333087 -0.00304944 -0.01183991
v -0.05371344 -0.01506003 -0.00884112
v -0.05333665 0.01318133 -0.01323076
v -0.05275194 -0.03487166 0.00710859
v -0.05372313 -0.00491473 -0.00971178
v -0.05352139 0.00509906 -0.01257783
v -0.05194806 0.05058367 0.00847679
v -0.05189871 0.05066917 0.01053125
v -0.05192962 0.05270333 0.01035056
v -0.05196755 0.05261582 0.00829868
v -0.05173509 0.05276321 0.01243791
v -0.05184551 0.04863106 0.01071699
v -0.05190701 0.05076484 0.01257266
v -0.05157239 0.05282870 0.01451805
v -0.05187730 0.04873087 0.01275309
v -0.05186261 0.05085121 0.01462601
v -0.05185029 0.05065678 0.01464526
v -0.05185484 0.04874621 0.01317672
v -0.05182663 0.04881614 0.01480785
v -0.05184240 0.05085379 0.01476393
v -0.05151789 0.05088458 0.01674738
v -0.05196136 0.05257523 0.00744348
v -0.05297304 -0.03689473 0.00650852
v -0.05314397 -0.03893991 0.00563191
v -0.05368088 -0.01718870 -0.01070335
v -0.05338440 0.02177566 -0.00371989
v -0.05039131 0.02634115 0.01908685
v -0.05220290 0.04803469 -0.00366698
v -0.05336545 -0.04092955 0.00575543
v -0.05314576 -0.03893738 0.00567954
v -0.05315492 -0.03904216 0.00563835
v -0.05379452 -0.04879836 0.01004765
v -0.05326877 -0.04100018 0.00461543
v -0.05152869 0.05283934 0.01492591
v -0.05135746 0.05288497 0.01661003
v -0.05039763 0.02834787 0.01841057
v -0.05381574 -0.01919362 -0.01056020
v -0.05357239 -0.00291261 -0.00985133
v -0.05271727 0.04777749 -0.01133114
v -0.05249322 0.04979936 -0.01074501
v -0.05275245 0.04775486 -0.01196462
v -0.05252400 0.04974326 -0.01208657
v -0.05290123 0.04768691 -0.01404160
v -0.05283117 0.04564581 -0.01385205
v -0.05261144 0.04966448 -0.01414966
v -0.05161618 0.05199609 -0.00371867
v -0.05359733 -0.00705985 -0.01155288
v -0.05162223 0.04713258 0.01089249
v -0.05182737 0.04840724 0.01279135
v -0.05099451 0.00809492 0.01847016
v -0.05128286 0.01013221 0.01731320
v -0.05110946 0.01014393 0.01827043
v -0.05104162 0.01214712 0.01781800
v -0.05350726 -0.00204193 -0.00991210
v -0.05338508 -0.00301007 -0.01120587
v -0.05096888 0.01620528 0.01778120
v -0.05091611 0.04740314 0.01717266
v -0.05267069 0.04552329 -0.01585899
v -0.05279368 0.04757372 -0.01606054
v -0.05265115 0.04349113 -0.01568087
v -0.05282039 0.04412745 -0.01371977
v -0.05275136 0.04356606 -0.01446193
v -0.05332132 -0.00341929 -0.01180623
v -0.05370053 0.01749139 -0.00957398
v -0.05413215 -0.04881491 0.00831984
v -0.05026444 0.02429003 0.01928928
v -0.05400084 -0.04680937 0.00817588
v -0.05430970 -0.04887778 0.00623633
v -0.05444981 -0.04682434 0.00603090
v -0.05453509 -0.04893221 0.00414199
v -0.05449089 -0.04684304 0.00545872
v -0.05453716 -0.04880930 0.00413103
v -0.05454234 -0.04893482 0.00405609
v -0.05483240 -0.04897395 0.00203136
v -0.05469319 -0.04687559 0.00393249
v -0.05491527 -0.04693061 0.00183890
v -0.05096614 0.01214735 0.01812920
v -0.05093749 0.01304566 0.01805835
v -0.05081224 0.01416683 0.01837891
v -0.05321555 0.02938971 -0.01459286
v -0.05405593 -0.04490659 0.00504715
v -0.05294415 0.04160832 -0.01353025
v -0.05286855 0.04362370 -0.01368682
v -0.05067743 0.03653523 0.01815358
v -0.05193249 0.05001569 -0.00377943
v -0.05046651 0.03244057 0.01854874
v -0.05060857 0.03842480 0.01800636
v -0.05059462 0.03855140 0.01804337
v -0.05084048 0.04062144 0.01776927
v -0.05314148 0.03749151 -0.01527085
v -0.05365092 -0.04994725 0.00851851
v -0.05128802 0.04881529 0.01697314
v -0.05422707 -0.04492913 0.00386437
v -0.05100221 0.01418244 0.01794734
v -0.05340408 -0.00506524 -0.01168280
v -0.05084795 0.04877774 0.01794273
v -0.05177647 0.05211107 -0.00187449
v -0.05254650 0.04144394 -0.01548347
v -0.05257605 0.04306248 -0.01562830
v -0.05023705 0.02834264 0.01894810
v -0.05011136 0.03034454 0.01870235
v -0.05104402 0.03447700 0.01620095
v -0.05333857 -0.05107788 0.00662998
v -0.05336901 -0.05081119 0.00660071
v -0.05324772 -0.05113244 0.00581493
v -0.05349670 -0.01934412 -0.01253123
v -0.05201919 0.05168288 -0.01214592
v -0.05199181 0.05170888 -0.01147097
v -0.05219545 0.05161978 -0.01422913
v -0.05337320 -0.02139464 -0.01232956
v -0.05212005 0.05179489 -0.01012547
v -0.05138456 0.05435325 0.00417045
v -0.05333187 -0.01734449 -0.01266759
v -0.05328591 -0.01532389 -0.01283087
v -0.05325942 -0.01608395 -0.01276019
v -0.05333972 -0.01328567 -0.01301675
v -0.05138884 0.05416560 0.00008290
v -0.05134609 0.05406385 -0.00195070
v -0.05132901 0.05424925 0.00213974
v -0.05002493 0.04665787 0.01947621
v -0.05017183 0.04871252 0.01926924
v -0.05113618 0.05393260 -0.00394645
v -0.05151673 0.05233917 -0.00389047
v -0.05106460 0.05388531 -0.00468199
v -0.05064053 0.05582617 -0.00504207
v -0.05116943 0.05384426 -0.00599727
v -0.05069156 0.05578865 -0.00606273
v -0.05149061 0.05380674 -0.00811331
v -0.05070715 0.05588561 -0.00402297
v -0.05064110 0.05596816 -0.00196472
v -0.05237747 0.04952899 -0.01613996
v -0.05328638 -0.00923765 -0.01335205
v -0.05318342 -0.00722710 -0.01350242
v -0.05326373 -0.01127036 -0.01317323
v -0.05292656 0.03948230 -0.01539587
v -0.05297615 -0.00523496 -0.01362917
v -0.05007106 0.03034207 0.01881200
v -0.05009062 0.03057221 0.01878816
v -0.04992246 0.03238065 0.01945479
v -0.05403000 -0.05114427 0.00238679
v -0.05432140 -0.05002713 0.00222955
v -0.05391998 -0.05125789 0.00036842
v -0.05400650 -0.05071463 0.00030362
v -0.05382423 -0.05133828 -0.00098707
v -0.05149822 0.05371388 -0.01015832
v -0.05133972 0.05453375 0.00826719
v -0.05107386 0.05458104 0.01037070
v -0.04992270 0.04461112 0.01967305
v -0.05270045 -0.00325489 -0.01374041
v -0.05061935 0.03855370 0.01799305
v -0.05104747 0.05467059 0.01241996
v -0.05018123 0.04260919 0.01937983
v -0.05038607 0.04057955 0.01870285
v -0.05079604 0.05571288 -0.00812968
v -0.05088632 0.05563461 -0.01019342
v -0.05044951 0.05602855 0.00012197
v -0.04992014 0.04448006 0.01968481
v -0.04979838 0.04053174 0.02004859
v -0.05061771 0.05079710 0.01849957
v -0.05132828 0.05344952 0.01451650
v -0.05086414 0.05473244 0.01450478
v -0.05088895 0.05469285 0.01354556
v -0.04934097 0.03842230 0.02032589
v -0.05117669 0.05356293 -0.01212879
v -0.05076808 0.05551954 -0.01220993
v -0.05099930 0.05343742 -0.01413190
v -0.05045146 0.05536946 -0.01418151
v -0.05117426 0.05293419 -0.01412580
v -0.05180738 0.05191918 -0.01212138
v -0.05065349 0.05328219 -0.01609686
v -0.05068680 0.05316992 -0.01609430
v -0.05010583 0.05752558 -0.01019033
v -0.04997792 0.05740880 -0.01220465
v -0.04985179 0.05757496 -0.00808950
v -0.05030266 0.05278211 0.01865523
v -0.05048163 0.05475914 0.01663471
v -0.05021510 0.05608139 0.00221835
v -0.05327237 -0.05118377 0.00460168
v -0.05071043 0.05551784 0.00421325
v -0.05198344 -0.05343996 0.00506732
v -0.05054090 0.05528984 0.01247403
v -0.05304173 -0.05143242 0.00467173
v -0.05222962 -0.05349072 0.00296827
v -0.05027779 0.05628086 0.00629073
v -0.05036349 0.05620178 0.00422803
v -0.05021594 0.05609354 0.00247859
v -0.05234399 -0.05361110 -0.00010635
v -0.05248392 -0.05363425 -0.00117591
v -0.05371741 -0.05154016 -0.00161595
v -0.05232701 -0.05375615 -0.00318366
v -0.05336111 -0.05200612 -0.00355209
v -0.05298644 -0.05237380 -0.00549277
v -0.05228919 -0.05395123 -0.00726168
v -0.05250340 -0.05329671 0.00084243
v -0.05283274 -0.05268648 0.00277192
v -0.05231616 -0.05356965 0.00090537
v -0.04996666 0.05598984 0.01048413
v -0.04962759 0.05629459 0.00922456
v -0.04973961 0.05637430 0.01049921
v -0.04953757 0.05643285 0.01258826
v -0.05035230 0.05619667 -0.00602595
v -0.04972458 0.05756780 -0.00772907
v -0.04964627 0.05626362 0.00847706
v -0.04927953 0.05648151 0.01469000
v -0.04900167 0.05751914 -0.00585366
v -0.04843917 0.05748652 -0.00428062
v -0.05340830 -0.02389476 0.00018520
v -0.05336966 -0.02282445 0.00084853
v -0.05349250 -0.02671743 -0.00164228
v -0.05123317 -0.01452789 0.01625389
v -0.05139781 -0.01640656 0.01551701
v -0.05131658 -0.01638127 0.01639494
v -0.05121798 -0.01436678 0.01631232
v -0.05088638 -0.01433426 0.01836197
v -0.05101584 -0.01233603 0.01700214
v -0.05093268 -0.01229737 0.01817779
v -0.05086541 -0.01028435 0.01793650
v -0.05085427 -0.01028249 0.01802186
v -0.05084830 -0.01009666 0.01800721
v -0.05067750 -0.00824784 0.01869364
v -0.05125646 -0.01842059 0.01658224
v -0.05154228 -0.01846066 0.01455440
v -0.05122961 -0.01233918 0.01606725
v -0.05123652 -0.01436668 0.01623938
v -0.05171297 -0.01640552 0.01426186
v -0.05077016 -0.01638349 0.01856199
v -0.05156177 -0.01846092 0.01446980
v -0.05066647 -0.01843051 0.01875917
v -0.05129244 -0.02044297 0.01674779
v -0.05135144 -0.02246127 0.01690812
v -0.05025023 -0.01029489 0.02020197
v -0.05029465 -0.00825833 0.02001821
v -0.05046241 -0.00622234 0.01932216
v -0.05029745 -0.00622912 0.01984389
v -0.05070674 -0.02047235 0.01848498
v -0.05061011 -0.01944599 0.01885802
v -0.05063107 -0.02046547 0.01894088
v -0.05051881 -0.01843585 0.01924200
v -0.05028434 -0.01641820 0.01977884
v -0.05080350 -0.02246376 0.01907551
v -0.05070702 -0.02450951 0.01927106
v -0.05074615 -0.02653132 0.01943589
v -0.05018176 -0.00422339 0.01964051
v -0.05163238 -0.01903582 0.01450410
v -0.05104759 -0.00821966 0.01780438
v -0.05120502 -0.00616316 0.01759503
v -0.05154328 -0.00619767 0.01547513
v -0.05120237 -0.00413491 0.01742194
v -0.05142059 -0.00416098 0.01597175
v -0.05159295 -0.00620379 0.01514108
v -0.05153947 -0.00554291 0.01541988
v -0.05015218 -0.00400026 0.01968377
v -0.05123002 -0.00212555 0.01671626
v -0.05115702 -0.00112466 0.01717380
v -0.05125651 -0.00006792 0.01706230
v -0.05060584 -0.02858480 0.01964136
v -0.05086806 0.00195308 0.01829601
v -0.05016043 -0.00422458 0.01970123
v -0.04994154 -0.00220807 0.02015016
v -0.05061928 -0.03011871 0.01976984
v -0.05068556 -0.03060467 0.01968384
v -0.05066086 -0.03060381 0.01980259
v -0.05041525 -0.02860153 0.02005114
v -0.05075191 -0.03261647 0.01995566
v -0.05091549 -0.03262417 0.01912552
v -0.05131110 -0.03261199 0.01778571
v -0.05121250 -0.03465810 0.01798174
v -0.05112646 -0.03465132 0.01847751
v -0.05123180 -0.03576785 0.01807267
v -0.05134143 -0.03667688 0.01784844
v -0.05193535 -0.03868218 0.01612210
v -0.05155301 -0.03870379 0.01720331
v -0.05093887 -0.03461218 0.02008700
v -0.05197164 -0.04070449 0.01628758
v -0.05182440 -0.04070649 0.01684110
v -0.05215753 -0.04270042 0.01641917
v -0.05217950 -0.04321020 0.01645817
v -0.05238123 -0.04470620 0.01618322
v -0.05266284 -0.04670475 0.01586938
v -0.05303278 -0.04872631 0.01469871
v -0.05059220 0.00395397 0.01863706
v -0.05050719 0.00472407 0.01886178
v -0.05053426 0.00395627 0.01892179
v -0.05037602 0.00597903 0.01926043
v -0.05212459 -0.04269754 0.01661514
v -0.05071792 0.00195996 0.01905388
v -0.05069354 -0.00007306 0.01923310
v -0.05105550 -0.00008362 0.01753669
v -0.05120541 -0.00210565 0.01724756
v -0.05291358 -0.04871582 0.01540948
v -0.05032883 -0.00216614 0.01948940
v -0.05062174 0.00600042 0.01872829
v -0.05002087 -0.01441229 0.02017845
v -0.04987462 -0.01313895 0.02052487
v -0.04993331 -0.01643697 0.02079482
v -0.04980581 -0.01848819 0.02099739
v -0.04983868 -0.01442495 0.02064256
v -0.04980223 -0.01238823 0.02079022
v -0.04997292 -0.01237254 0.02043847
v -0.05142142 -0.03867867 0.01828180
v -0.05130831 -0.03666992 0.01813373
v -0.05097771 -0.03663406 0.02025190
v -0.05097508 -0.03866323 0.02042619
v -0.05170649 -0.04065708 0.01839092
v -0.05083959 -0.04071586 0.02063057
v -0.05018589 -0.02658181 0.02061217
v -0.05016902 0.00800780 0.01992721
v -0.05233390 -0.04469800 0.01655291
v -0.05202233 -0.04263007 0.01849308
v -0.05259660 -0.04668036 0.01666710
v -0.05213161 -0.04463949 0.01864202
v -0.05189511 -0.04670995 0.01886928
v -0.05287742 -0.04865952 0.01677719
v -0.04959042 -0.01036140 0.02143424
v -0.04987242 -0.02459615 0.02077529
v -0.04948695 0.00589437 0.02102860
v -0.05172661 -0.04876840 0.01908113
v -0.05147551 -0.04674631 0.01978177
v -0.05169368 -0.04877056 0.01916782
v -0.05113512 -0.04877858 0.02125840
v -0.05183699 -0.05077764 0.01922982
v -0.05101253 -0.04677149 0.02111247
v -0.05122550 -0.04473495 0.02024510
v -0.05101674 -0.05082819 0.02145890
v -0.05170468 -0.04892138 0.01909887
v -0.05192423 -0.05078980 0.01861244
v -0.05245802 -0.05076225 0.01704587
v -0.05089305 -0.04476386 0.02096584
v -0.05094329 -0.04273664 0.02055610
v -0.05081507 -0.04274891 0.02080981
v -0.05079166 -0.04166462 0.02072192
v -0.05066943 -0.04073494 0.02090662
v -0.04960495 -0.02663851 0.02173766
v -0.04959093 -0.02461226 0.02156714
v -0.04959980 -0.02259396 0.02113165
v -0.04946797 -0.02260524 0.02142130
v -0.04938479 -0.02114202 0.02131360
v -0.04931800 -0.02059548 0.02144458
v -0.04941840 -0.02058527 0.02125883
v -0.04929177 -0.00836974 0.02166747
v -0.04910858 -0.01856768 0.02209994
v -0.04989932 0.01001119 0.02029742
v -0.04917972 -0.02874227 0.02200766
v -0.04922293 0.00381906 0.02126209
v -0.05287645 -0.04931100 0.01478182
v -0.05275312 -0.05080438 0.01493574
v -0.04973083 -0.00018079 0.02079941
v -0.05007660 -0.04687355 0.02269327
v -0.05035299 -0.04887423 0.02235472
v -0.05041447 -0.03872558 0.02134653
v -0.04962253 0.00794701 0.02082420
v -0.04973108 0.01405232 0.02027854
v -0.05055668 0.01617594 0.01881601
v -0.05030701 0.01818743 0.01928093
v -0.05002284 0.02018496 0.01958269
v -0.04996394 0.01612213 0.02005211
v -0.04994014 0.02075362 0.01966061
v -0.05000987 0.02221639 0.01952063
v -0.04975765 0.02219016 0.01997417
v -0.04993924 0.02017521 0.01971032
v -0.04991499 0.01814221 0.01988950
v -0.04952445 0.02420832 0.02051701
v -0.04923849 0.02620512 0.02081031
v -0.04945134 0.00181862 0.02112329
v -0.04899950 -0.00637551 0.02193087
v -0.04974969 -0.04489334 0.02279280
v -0.05010804 -0.03673709 0.02154295
v -0.04919444 0.00349581 0.02129579
v -0.04917350 -0.03077774 0.02206007
v -0.04950751 -0.03275508 0.02199413
v -0.04884266 -0.01656277 0.02248798
v -0.04854003 -0.01457272 0.02270237
v -0.04968019 0.00998590 0.02063745
v -0.04981960 -0.03474129 0.02182448
v -0.04865750 -0.00440141 0.02195902
v -0.04940139 -0.04292180 0.02279117
v -0.04891874 0.02818823 0.02094371
v -0.04858583 0.03016602 0.02101488
v -0.04867712 -0.00236342 0.02190679
v -0.05062067 -0.05087842 0.02197502
v -0.04836606 -0.02476692 0.02317846
v -0.04804196 -0.02278557 0.02329131
v -0.04773642 -0.02079671 0.02349193
v -0.04821912 -0.01259008 0.02283032
v -0.04865791 -0.02676133 0.02291307
v -0.04889510 -0.02877788 0.02238910
v -0.04903541 -0.02989654 0.02213699
v -0.04898844 -0.03080474 0.02222468
v -0.04904086 -0.00027051 0.02165071
v -0.04842668 0.01997782 0.02156104
v -0.04917659 0.00178216 0.02144628
v -0.04915037 0.00380934 0.02134553
v -0.04903275 0.01599806 0.02113608
v -0.04930520 0.01399579 0.02077892
v -0.04871524 0.01798207 0.02128009
v -0.04887642 0.00581100 0.02169558
v -0.04904913 -0.04095185 0.02277081
v -0.04919797 -0.03279649 0.02235091
v -0.04906286 -0.03484905 0.02255520
v -0.04795713 0.01177652 0.02228486
v -0.04857958 0.00780339 0.02193738
v -0.04845954 0.03218060 0.02104660
v -0.04966215 0.03438784 0.01986939
v -0.04938669 0.03638888 0.02021229
v -0.04874661 0.03425998 0.02080789
v -0.04847345 -0.01051424 0.02264769
v -0.04855673 -0.00847082 0.02245514
v -0.04817630 -0.01230449 0.02286378
v -0.04752605 -0.03100565 0.02379580
v -0.04827659 0.00979329 0.02215010
v -0.04811411 0.02196383 0.02172841
v -0.04896533 -0.05110953 0.02367342
v -0.04785620 -0.03298456 0.02371160
v -0.04815491 -0.03497618 0.02347868
v -0.04843629 -0.03698835 0.02287081
v -0.04921483 -0.04699454 0.02356293
v -0.04872511 -0.04910968 0.02384755
v -0.05182610 -0.05194316 0.01728056
v -0.05151457 -0.05295747 0.01743325
v -0.05046389 -0.05305455 0.01958730
v -0.04809200 -0.00040521 0.02257593
v -0.04836543 -0.00240708 0.02222338
v -0.04851945 -0.00351666 0.02203886
v -0.04842093 -0.00443735 0.02213851
v -0.04763250 0.01375765 0.02239521
v -0.04778242 0.00158202 0.02275744
v -0.04900015 -0.04500370 0.02343787
v -0.04878232 -0.04301344 0.02331351
v -0.04771970 -0.04316358 0.02436493
v -0.04747005 0.00356812 0.02292578
v -0.04799485 0.03415189 0.02151124
v -0.04768866 0.03614049 0.02170878
v -0.04806017 -0.04513829 0.02432952
v -0.04734125 -0.04120424 0.02422066
v -0.04720530 -0.02902295 0.02392448
v -0.04867705 -0.04922660 0.02386772
v -0.04894529 0.03632376 0.02058920
v -0.04910938 0.03838919 0.02054650
v -0.04919941 0.03771229 0.02041660
v -0.04884890 0.04039630 0.02096031
v -0.04854330 0.04238514 0.02116065
v -0.04989054 0.04257671 0.01985403
v -0.04990224 0.04460882 0.01970611
v -0.04822846 0.04437024 0.02131726
v -0.04963329 0.04661249 0.02007981
v -0.04938344 0.04862392 0.02054390
v -0.04905239 0.05060246 0.02062388
v -0.05019039 0.05074451 0.01909134
v -0.05009279 0.05275600 0.01893976
v -0.04870833 0.05257571 0.02064224
v -0.04981834 0.05469858 0.01801014
v -0.04838428 -0.03699591 0.02291767
v -0.04668976 -0.03724288 0.02443076
v -0.04841879 -0.03722127 0.02289445
v -0.04846911 -0.03901126 0.02303707
v -0.04871674 -0.03897386 0.02284442
v -0.04702091 -0.03922137 0.02435126
v -0.04843371 -0.04104623 0.02321878
v -0.04695497 -0.00465162 0.02343423
v -0.04740477 -0.01881842 0.02356904
v -0.04839524 -0.04711520 0.02426859
v -0.04827763 0.03215380 0.02120292
v -0.04761654 -0.00860891 0.02327179
v -0.04729882 -0.00662497 0.02341481
v -0.04859939 -0.00643458 0.02227178
v -0.04838081 0.03146816 0.02112424
v -0.04792623 0.04636044 0.02153356
v -0.04792935 -0.01059483 0.02310555
v -0.04813601 -0.01260250 0.02289781
v -0.05047150 -0.05294754 0.01970425
v -0.05041663 -0.05305702 0.01972523
v -0.05061658 -0.05135159 0.02158830
v -0.04803823 -0.01464848 0.02309365
v -0.04779682 -0.01671980 0.02332202
v -0.04738434 -0.01869119 0.02357800
v -0.04897139 0.05458683 0.01902006
v -0.04927457 -0.05316436 0.02202719
v -0.04903368 -0.05319448 0.02235071
v -0.04663321 -0.00266933 0.02355811
v -0.04737727 0.03812699 0.02188172
v -0.04714229 0.00554798 0.02302130
v -0.04730120 0.01573608 0.02247396
v -0.04648260 -0.01285407 0.02414470
v -0.04819593 0.05448081 0.01986435
v -0.04778254 0.02394215 0.02180590
v -0.05155678 -0.05287447 0.01536587
v -0.04866324 -0.04911927 0.02389039
v -0.04690394 -0.04939248 0.02509701
v -0.04902425 -0.05345628 0.02210510
v -0.04734281 -0.05343997 0.02388105
v -0.04809672 0.03008785 0.02130247
v -0.04678688 -0.01484344 0.02393812
v -0.04663023 -0.04739072 0.02544820
v -0.04629326 -0.04541458 0.02550018
v -0.04761650 0.04834762 0.02171437
v -0.04694578 0.01770475 0.02243866
v -0.04710096 -0.01682885 0.02377785
v -0.04688524 -0.02703996 0.02405646
v -0.04706776 0.04011424 0.02206359
v -0.04932799 0.05589953 0.01678093
v -0.04898132 0.05647218 0.01569653
v -0.04790103 0.05528230 0.01918678
v -0.04750780 0.05631471 0.01825505
v -0.04853010 0.05644347 0.01690303
v -0.04580059 0.05606260 0.01970813
v -0.05361234 0.01941034 -0.01177098
v -0.05358683 0.01877968 -0.01171160
v -0.05376421 0.01950358 -0.01036443
v -0.05384025 0.01979607 -0.00980083
v -0.05383963 0.01954466 -0.00977918
v -0.05359114 0.01737788 -0.01159249
v -0.05328429 0.01520081 -0.01339259
v -0.05371869 0.02145783 -0.01196876
v -0.05370480 0.02348409 -0.01213931
v -0.05360799 0.02549573 -0.01229108
v -0.05352119 0.02750913 -0.01244511
v -0.05351327 0.02953645 -0.01261700
v -0.05326608 0.02736991 -0.01443062
v -0.05321040 0.02533136 -0.01424431
v -0.05332706 0.02945026 -0.01373148
v -0.05319948 0.02910347 -0.01456496
v -0.05349551 0.02989187 -0.01264368
v -0.05320505 0.01721554 -0.01354833
v -0.05327844 0.02331464 -0.01408603
v -0.05300644 0.01920921 -0.01367704
v -0.05310146 0.02125470 -0.01387225
v -0.05321937 0.01928291 -0.01294188
v -0.05275075 0.01501245 -0.01531503
v -0.05268863 0.01297277 -0.01512727
v -0.05297839 0.01966268 -0.01370993
v -0.05247588 0.01902138 -0.01560016
v -0.05252999 0.01700221 -0.01543873
v -0.05234827 0.02066163 -0.01571362
v -0.05235442 0.02102866 -0.01574634
v -0.05265600 0.01093829 -0.01494619
v -0.05253064 0.02917463 -0.01648102
v -0.05309588 0.02935663 -0.01482512
v -0.05248500 0.03055377 -0.01658945
v -0.05252592 0.02511636 -0.01613257
v -0.05245975 0.02307596 -0.01594389
v -0.05263379 0.00890565 -0.01476747
v -0.05256082 0.03120868 -0.01666155
v -0.05321297 0.00704396 -0.01331910
v -0.05278835 0.00690421 -0.01462878
v -0.05261706 0.00859993 -0.01473776
v -0.05303150 0.00491840 -0.01451016
v -0.05298502 0.00288148 -0.01432594
v -0.05241741 0.03321209 -0.01680276
v -0.05212677 0.03518952 -0.01691062
v -0.05181678 0.03716353 -0.01701410
v -0.05415746 -0.03314594 -0.00533517
v -0.05417439 -0.03306161 -0.00357472
v -0.05405895 -0.03325753 -0.00735615
v -0.05405616 -0.03335223 -0.00939881
v -0.05403132 -0.03132788 -0.00956688
v -0.05413582 -0.03490350 -0.00518012
v -0.05405363 -0.03528718 -0.00718126
v -0.05411991 -0.03519628 -0.00547850
v -0.05397893 -0.03643629 -0.00706708
v -0.05386320 -0.03541499 -0.00918141
v -0.05352827 -0.03556830 -0.01114884
v -0.05329339 -0.03763848 -0.01092195
v -0.05350213 -0.03963035 -0.01079554
v -0.05363936 -0.04163485 -0.01065293
v -0.05366741 -0.04365863 -0.01048559
v -0.05346007 -0.04572392 -0.01026494
v -0.05367819 -0.03748781 -0.00921416
v -0.05329297 -0.03751078 -0.01093280
v -0.05351885 -0.03354125 -0.01132040
v -0.05143159 0.04725676 -0.01741320
v -0.05128266 0.04721286 -0.01776159
v -0.05190511 0.04533592 -0.01681920
v -0.05156587 0.04523411 -0.01765204
v -0.05236535 0.04340972 -0.01628799
v -0.05097160 0.04918669 -0.01786482
v -0.05100960 0.04919846 -0.01776344
v -0.05196629 0.04327607 -0.01756904
v -0.05058215 0.05114667 -0.01795030
v -0.05069347 0.05118303 -0.01761294
v -0.05106309 0.04302247 -0.01940776
v -0.05058870 0.04496746 -0.01947400
v -0.04994820 0.04891188 -0.01967632
v -0.04973019 0.05090211 -0.01980063
v -0.04898041 0.04864688 -0.02150040
v -0.04876968 0.05063840 -0.02162637
v -0.05020086 0.04692775 -0.01955985
v -0.04943704 0.04467002 -0.02125645
v -0.04981875 0.04270867 -0.02116921
v -0.04783358 0.04835145 -0.02325883
v -0.04893718 0.04661053 -0.02131692
v -0.05173568 0.05144444 -0.01616828
v -0.04909811 0.05281929 -0.01983116
v -0.04845003 0.04648851 -0.02198867
v -0.04881263 0.04452274 -0.02191935
v -0.04765051 0.04628927 -0.02306878
v -0.04791291 0.04430684 -0.02295453
v -0.04918413 0.04256060 -0.02180798
v -0.04830056 0.04234655 -0.02286864
v -0.04781234 0.04834654 -0.02327913
v -0.04602050 0.04590741 -0.02474288
v -0.04983423 0.05304341 -0.01795460
v -0.04757306 0.05035854 -0.02284521
v -0.05194202 0.04124305 -0.01738985
v -0.04664985 0.05017010 -0.02318952
v -0.04944750 0.05509808 -0.01599740
v -0.04919020 0.05717559 -0.01406953
v -0.04801602 0.05683489 -0.01584351
v -0.04786352 0.05527862 -0.01772938
v -0.04805787 0.05475864 -0.01772595
v -0.04793075 0.05472865 -0.01786104
v -0.04630396 0.05435492 -0.01937198
v -0.04758823 0.05200705 -0.02149380
v -0.04757477 0.05247186 -0.02119112
v -0.04774651 0.05353245 -0.01960650
v -0.04539729 0.05547706 -0.01927640
v -0.04533148 0.05411524 -0.02062802
v -0.04530255 0.05361174 -0.02114802
v -0.04685438 0.05657497 -0.01762705
v -0.04796084 0.05686443 -0.01583437
v -0.04554596 0.04786426 -0.02455149
v -0.04824022 0.05800760 -0.01393995
v -0.04803681 0.05688421 -0.01571329
v -0.04528602 0.05132804 -0.02300036
v -0.04711454 0.05237504 -0.02142517
v -0.04524209 0.05196642 -0.02269691
v -0.04861695 0.05836428 -0.01199876
v -0.04579507 0.05809329 -0.01548176
v -0.04549920 0.05730401 -0.01740300
v -0.04908064 0.05825567 -0.01003613
v -0.04545207 0.05627668 -0.01841152
v -0.04777672 0.02390143 -0.02323005
v -0.04777615 0.02187260 -0.02305623
v -0.04808207 0.02404952 -0.02125592
v -0.04814950 0.02538484 -0.02138450
v -0.04820451 0.02204240 -0.02110996
v -0.04786173 0.02455220 -0.02330374
v -0.04783877 0.02594110 -0.02341780
v -0.04816166 0.02609229 -0.02144764
v -0.04825993 0.02813835 -0.02164359
v -0.04729352 0.02575067 -0.02533759
v -0.04913356 0.02838673 -0.01979817
v -0.04906483 0.02634588 -0.01960892
v -0.04904392 0.03039963 -0.01995156
v -0.04824533 0.03016449 -0.02181398
v -0.04910661 0.03243941 -0.02013945
v -0.04856775 0.03225011 -0.02206069
v -0.04835800 0.03424181 -0.02218688
v -0.04906563 0.02228857 -0.01926171
v -0.04909399 0.02432231 -0.01944183
v -0.04837289 0.02004341 -0.02097441
v -0.04920000 0.02028358 -0.01911846
v -0.04859285 0.02418626 -0.02036094
v -0.04905493 0.02291293 -0.01931291
v -0.04859559 0.01805399 -0.02085116
v -0.04928847 0.01827047 -0.01896480
v -0.04855074 0.01601736 -0.02066731
v -0.04941195 0.01626354 -0.01881908
v -0.04955988 0.01426093 -0.01867889
v -0.05039859 0.01653187 -0.01699926
v -0.04721666 0.02988875 -0.02362427
v -0.04725231 0.02786855 -0.02341047
v -0.05036270 0.01828858 -0.01714208
v -0.05029172 0.01853649 -0.01726228
v -0.04974033 0.02042578 -0.01822467
v -0.05084296 0.01664714 -0.01630062
v -0.05027406 0.02868220 -0.01801320
v -0.04917745 0.03288112 -0.02019225
v -0.04728598 0.02763246 -0.02344575
v -0.05051609 0.02669619 -0.01789433
v -0.05097738 0.02682532 -0.01696380
v -0.05141203 0.02488875 -0.01655363
v -0.05060979 0.02468401 -0.01774186
v -0.05046652 0.02873103 -0.01773444
v -0.05182655 0.02294401 -0.01623873
v -0.05089366 0.02270538 -0.01763247
v -0.04920581 0.02232189 -0.01910730
v -0.05226727 0.02100990 -0.01579990
v -0.05033604 0.02905485 -0.01805821
v -0.05083391 0.02066612 -0.01744524
v -0.04834835 0.01396350 -0.02021849
v -0.04884369 0.01205150 -0.01952125
v -0.04967963 0.01225335 -0.01853232
v -0.05104558 0.01461732 -0.01697211
v -0.05113057 0.01260360 -0.01681767
v -0.05120588 0.01058818 -0.01666103
v -0.05212237 0.01082748 -0.01518629
v -0.05165741 0.01275177 -0.01573983
v -0.05255141 0.00888863 -0.01480269
v -0.05117580 0.00855415 -0.01648053
v -0.05105242 0.01461936 -0.01695577
v -0.05158346 0.00659737 -0.01639917
v -0.05134034 0.00452575 -0.01617041
v -0.04983248 0.03058684 -0.01908784
v -0.04931149 0.03248845 -0.01990641
v -0.04699828 0.03187893 -0.02374850
v -0.04689931 0.03389018 -0.02389978
v -0.04668284 0.03588070 -0.02402444
v -0.04674640 0.02977626 -0.02415772
v -0.04719221 0.02813413 -0.02346888
v -0.04718957 0.02785525 -0.02344445
v -0.04939729 0.01045769 -0.01831890
v -0.04948999 0.01020065 -0.01810987
v -0.05006541 0.00832109 -0.01703381
v -0.04934600 0.01016575 -0.01828306
v -0.04929879 0.00812870 -0.01809868
v -0.04830232 0.00785864 -0.01991627
v -0.04814253 0.00985916 -0.02005377
v -0.04814929 0.01188908 -0.02022900
v -0.04723948 0.00757688 -0.02171883
v -0.04845065 0.00585610 -0.01977618
v -0.04943733 0.00612443 -0.01795637
v -0.04863630 0.00386015 -0.01964453
v -0.04973827 0.00414882 -0.01785084
v -0.04871932 0.00184608 -0.01948965
v -0.04851169 0.00179329 -0.01979278
v -0.04868635 0.00126540 -0.01943296
v -0.04741027 0.00152086 -0.02123644
v -0.04865612 -0.00019379 -0.01930164
v -0.04727105 0.00961117 -0.02189968
v -0.04692107 0.00748691 -0.02237933
v -0.04635592 0.00937063 -0.02340679
v -0.04723142 0.01163289 -0.02206439
v -0.04813360 0.01391503 -0.02039913
v -0.04712905 0.01364354 -0.02221490
v -0.04693920 0.01563876 -0.02234559
v -0.05047171 0.00637304 -0.01675778
v -0.04804852 0.00371832 -0.02033785
v -0.04906303 -0.00009602 -0.01883063
v -0.04598653 0.01133363 -0.02350824
v -0.04952830 -0.00202019 -0.01827563
v -0.05092418 0.00444368 -0.01626335
v -0.05115061 0.00344961 -0.01603817
v -0.05120246 0.00247270 -0.01596549
v -0.05142381 0.00253342 -0.01554580
v -0.05198715 0.00064897 -0.01452692
v -0.04769418 -0.00045775 -0.02112705
v -0.04770657 -0.00248429 -0.02095617
v -0.04669431 -0.00272867 -0.02215298
v -0.04605418 0.00118734 -0.02297258
v -0.05008899 0.00218200 -0.01775658
v -0.05024907 0.00018153 -0.01761915
v -0.05141113 0.00048081 -0.01583906
v -0.05010518 -0.00187258 -0.01741287
v -0.05155636 -0.00152228 -0.01569826
v -0.05242812 -0.00128504 -0.01408685
v -0.05260059 -0.00193559 -0.01383226
v -0.05153127 -0.00355543 -0.01551889
v -0.04542281 0.01527695 -0.02404542
v -0.04532702 0.01728876 -0.02419742
v -0.04762472 0.00565928 -0.02069666
v -0.04624019 -0.00079998 -0.02265521
v -0.04902688 -0.00215708 -0.01921193
v -0.04872685 -0.00423875 -0.01897028
v -0.04556224 0.01327440 -0.02386936
v -0.04835091 0.03493091 -0.02224438
v -0.04851675 0.03427918 -0.02201998
v -0.04781839 -0.00649863 -0.02012741
v -0.05196386 -0.00550781 -0.01544318
v -0.05215208 -0.00750331 -0.01531212
v -0.05225733 -0.00951345 -0.01516226
v -0.05216383 -0.01155867 -0.01496739
v -0.04900423 -0.00621851 -0.01885941
v -0.04822184 -0.00844784 -0.01986490
v -0.05262080 -0.00124023 -0.01389607
v -0.05249724 0.00076668 -0.01404177
v -0.05316434 -0.00309948 -0.01225012
v -0.05079854 0.03283219 -0.01847938
v -0.05254282 -0.01347494 -0.01389122
v -0.05206997 -0.01209261 -0.01490184
v -0.05305432 -0.01538039 -0.01311755
v -0.05213874 -0.01359182 -0.01478802
v -0.05119782 -0.01182335 -0.01679189
v -0.05113987 -0.01386230 -0.01660507
v -0.05144389 -0.01583736 -0.01650024
v -0.05238592 -0.01557692 -0.01467031
v -0.05237913 -0.01760683 -0.01449508
v -0.05229133 -0.01965104 -0.01430151
v -0.05230510 -0.02167733 -0.01413093
v -0.05228130 -0.02370460 -0.01382931
v -0.05222054 -0.02352180 -0.01395514
v -0.05192089 -0.01161422 -0.01518731
v -0.05298431 -0.02553248 -0.01214965
v -0.04944523 -0.01222684 -0.01843822
v -0.04635960 0.03173221 -0.02434149
v -0.04933434 -0.00818898 -0.01876049
v -0.04868082 -0.01037456 -0.01933965
v -0.04935201 -0.01021458 -0.01859080
v -0.04916699 -0.01229026 -0.01868577
v -0.04782221 -0.01057875 -0.02028759
v -0.04784642 -0.01260320 -0.02011938
v -0.04627518 -0.01094597 -0.02198049
v -0.05048083 -0.00789245 -0.01697687
v -0.05058646 -0.00990252 -0.01682711
v -0.05152102 -0.00966356 -0.01543291
v -0.05104346 -0.00774437 -0.01604608
v -0.04704398 -0.01482340 -0.02084576
v -0.04765424 -0.01466583 -0.01990216
v -0.04902454 -0.01432980 -0.01816924
v -0.04764025 -0.00858214 -0.02042007
v -0.04940791 -0.01629087 -0.01808238
v -0.04747551 -0.01587611 -0.01976076
v -0.05017683 -0.01610649 -0.01720068
v -0.04928888 -0.01258181 -0.01837478
v -0.04980396 -0.01414489 -0.01731853
v -0.04990793 -0.00596483 -0.01702081
v -0.05071972 -0.00576287 -0.01593150
v -0.04941424 -0.00402323 -0.01708268
v -0.05037872 -0.00378837 -0.01589863
v -0.04737836 -0.00659964 -0.02053445
v -0.04587407 -0.00898804 -0.02206333
v -0.04588412 -0.00695754 -0.02223929
v -0.04569110 -0.00903350 -0.02230765
v -0.04521261 -0.00711468 -0.02292520
v -0.04605228 -0.01099983 -0.02224510
v -0.04571460 -0.00495874 -0.02237459
v -0.04586465 -0.00290354 -0.02258227
v -0.04822118 0.01437768 -0.02045726
v -0.04765983 0.01579724 -0.02182961
v -0.04979813 -0.00231043 -0.01731047
v -0.04685960 0.00345240 -0.02128541
v -0.04571831 0.00315679 -0.02307020
v -0.04655642 0.00542762 -0.02139043
v -0.04553015 0.00515230 -0.02320127
v -0.04564180 0.00720072 -0.02340025
v -0.04575804 0.00111735 -0.02329004
v -0.04605512 -0.00002558 -0.02286893
v -0.04538965 0.00308076 -0.02338676
v -0.04798733 0.03617737 -0.02287846
v -0.04844817 0.03628644 -0.02238099
v -0.04842130 0.03831042 -0.02254860
v -0.04959605 0.03861193 -0.02077139
v -0.04965642 0.03659387 -0.02061137
v -0.04966897 0.03456737 -0.02044052
v -0.04952456 0.04062803 -0.02092889
v -0.04749019 0.03808863 -0.02358422
v -0.04854041 0.04036014 -0.02274927
v -0.05063680 0.03483237 -0.01861644
v -0.05195029 0.03311787 -0.01695242
v -0.05233135 0.03115959 -0.01679582
v -0.05156591 0.03507481 -0.01712478
v -0.04953923 0.04156924 -0.02101257
v -0.05120733 0.03087561 -0.01839828
v -0.04987015 0.04072583 -0.02020871
v -0.04703918 0.04001857 -0.02407174
v -0.04640480 0.03786035 -0.02413516
v -0.05075144 0.04093874 -0.01916348
v -0.04606517 0.02148921 -0.02443529
v -0.04594089 0.03367524 -0.02467622
v -0.05058206 -0.01712809 -0.01620755
v -0.05039372 -0.01805141 -0.01608868
v -0.04945366 -0.01831151 -0.01791905
v -0.05091533 -0.01792000 -0.01535311
v -0.05143443 -0.01982237 -0.01454349
v -0.05033352 -0.02009075 -0.01590136
v -0.04907083 -0.02040779 -0.01765865
v -0.05059567 -0.02207321 -0.01578704
v -0.05185203 -0.02176585 -0.01421400
v -0.05224121 -0.02371733 -0.01394277
v -0.05105104 -0.02402157 -0.01571649
v -0.05062204 -0.02612599 -0.01544563
v -0.05234261 -0.02572815 -0.01379204
v -0.05231006 -0.02776261 -0.01361098
v -0.05232121 -0.02978936 -0.01343981
v -0.05220934 -0.03183782 -0.01324078
v -0.04483571 -0.00515472 -0.02306215
v -0.05019496 -0.02622289 -0.01581585
v -0.04499351 0.00503293 -0.02361471
v -0.05049260 0.01857718 -0.01719424
v -0.04769355 -0.01667293 -0.01941892
v -0.04818153 -0.01858790 -0.01875650
v -0.05043371 -0.02695809 -0.01533458
v -0.05077841 -0.02809920 -0.01470180
v -0.05038560 -0.02819643 -0.01521839
v -0.05131874 -0.02999297 -0.01379172
v -0.04922929 -0.02646598 -0.01717347
v -0.05024661 -0.03024968 -0.01501321
v -0.05175239 -0.03192994 -0.01338630
v -0.05048089 -0.03223705 -0.01489259
v -0.05198650 -0.03289333 -0.01310331
v -0.05200047 -0.03390341 -0.01301978
v -0.04884187 -0.02450563 -0.01725941
v -0.04949443 -0.03250534 -0.01671245
v -0.05230913 -0.03381708 -0.01239860
v -0.04970453 -0.02430891 -0.01648987
v -0.05022243 -0.03431139 -0.01466035
v -0.04861920 -0.02251621 -0.01738267
v -0.04794428 -0.02475824 -0.01909940
v -0.04757308 -0.02279503 -0.01918901
v -0.04683502 -0.02503178 -0.02053524
v -0.04727661 -0.02696554 -0.02009227
v -0.04641699 -0.02308847 -0.02086673
v -0.04716620 -0.02083811 -0.01927055
v -0.04603638 -0.02113001 -0.02102124
v -0.04583299 -0.01913888 -0.02118556
v -0.04714568 -0.01881302 -0.01943959
v -0.04599179 -0.02093405 -0.02106543
v -0.04556387 -0.01920877 -0.02161047
v -0.04733224 -0.01675137 -0.01965554
v -0.04595171 -0.01708921 -0.02138614
v -0.04605176 -0.01504283 -0.02158250
v -0.04504600 -0.01730590 -0.02241428
v -0.04870869 -0.02048701 -0.01790874
v -0.04835216 -0.02671498 -0.01901809
v -0.04777310 -0.02887706 -0.01938957
v -0.04834536 -0.02874489 -0.01884286
v -0.04825298 -0.03079532 -0.01876546
v -0.04956041 -0.02843626 -0.01707477
v -0.04836027 -0.03077098 -0.01867254
v -0.04952802 -0.03047070 -0.01689375
v -0.04884795 -0.03266696 -0.01759692
v -0.04832092 -0.03102267 -0.01864268
v -0.04814144 -0.03283832 -0.01844929
v -0.05268801 -0.03577623 -0.01225230
v -0.04928496 -0.02236622 -0.01682866
v -0.04888041 -0.02102014 -0.01756597
v -0.05239598 -0.03586232 -0.01293567
v -0.04637609 -0.03322877 -0.01976117
v -0.04684307 -0.03515226 -0.01919810
v -0.04777266 -0.03493213 -0.01819207
v -0.04735470 -0.03705765 -0.01842376
v -0.04766626 -0.03697961 -0.01799428
v -0.04774954 -0.03901036 -0.01820197
v -0.04793339 -0.03896120 -0.01788109
v -0.04871327 -0.03467193 -0.01636182
v -0.04862799 -0.03671568 -0.01616882
v -0.04987509 -0.03640140 -0.01440799
v -0.04880151 -0.03871379 -0.01603442
v -0.05000005 -0.03526167 -0.01453198
v -0.04971857 -0.03442697 -0.01512438
v -0.05030186 -0.03630333 -0.01401105
v -0.04875655 -0.04075043 -0.01585055
v -0.05036777 -0.03834318 -0.01434589
v -0.05052283 -0.04034453 -0.01420732
v -0.05114488 -0.04018712 -0.01331512
v -0.05166824 -0.04208777 -0.01248534
v -0.05064385 -0.03827744 -0.01403926
v -0.05029414 -0.04241360 -0.01398183
v -0.04906791 -0.04270161 -0.01525729
v -0.04963282 -0.04458544 -0.01423098
v -0.05009158 -0.04447808 -0.01376226
v -0.05205279 -0.04404464 -0.01231220
v -0.04851150 -0.04081435 -0.01624344
v -0.04871527 -0.04138392 -0.01578759
v -0.04861926 -0.04280338 -0.01564576
v -0.04872752 -0.04481300 -0.01549659
v -0.04750768 -0.04106503 -0.01761098
v -0.04991859 -0.04544954 -0.01364252
v -0.04984945 -0.04654952 -0.01353372
v -0.05019995 -0.04646835 -0.01319412
v -0.04787795 -0.03927649 -0.01784238
v -0.05058328 -0.04842570 -0.01302675
v -0.05023306 -0.04851054 -0.01344692
v -0.04591651 -0.03738260 -0.01964125
v -0.04582130 -0.03537069 -0.01979338
v -0.04613838 -0.03937218 -0.01951781
v -0.04531827 -0.03955573 -0.02017419
v -0.04492164 -0.03760375 -0.02040447
v -0.04914847 -0.03307789 -0.01659029
v -0.04464430 -0.01535598 -0.02266856
v -0.05223420 -0.04603446 -0.01203057
v -0.04643512 0.01952645 -0.02433119
v -0.04658831 -0.04132148 -0.01944603
v -0.04671722 -0.04332745 -0.01930154
v -0.04794879 -0.04301591 -0.01753719
v -0.04681416 -0.04533907 -0.01914980
v -0.04653148 -0.04540220 -0.01937303
v -0.04684894 -0.04676708 -0.01903489
v -0.04610204 -0.04346351 -0.01975852
v -0.04568301 -0.04152061 -0.02009479
v -0.04712005 0.00727290 -0.02166756
v -0.04557587 0.00921781 -0.02355901
v -0.04697823 -0.04733386 -0.01890564
v -0.04866316 -0.04694728 -0.01735161
v -0.04858089 -0.04493309 -0.01750667
v -0.04746310 -0.04925010 -0.01825793
v -0.04865469 -0.04897749 -0.01717600
v -0.04800071 -0.05114497 -0.01736074
v -0.04852003 -0.05102997 -0.01697181
v -0.04667588 0.04198405 -0.02414434
v -0.04627659 0.04393493 -0.02438723
v -0.05256617 -0.03786102 -0.01280053
v -0.04828800 -0.05209390 -0.01683167
v -0.04816053 -0.05312213 -0.01671669
v -0.04854733 -0.05303620 -0.01642094
v -0.05010797 -0.05268425 -0.01511449
v -0.04990700 -0.05069100 -0.01524266
v -0.05116293 -0.05240387 -0.01331015
v -0.05113401 -0.05195197 -0.01334272
v -0.05072230 -0.05048201 -0.01401513
v -0.05116568 -0.05037467 -0.01348446
v -0.05126810 -0.05237357 -0.01307916
v -0.05218768 -0.05212883 -0.01149896
v -0.05244187 -0.05005525 -0.01173022
v -0.05241734 -0.04803086 -0.01189836
v -0.05266314 -0.04591004 -0.01107088
v -0.05222595 -0.04479804 -0.01213469
v -0.05239853 -0.04397676 -0.01224148
v -0.05222402 -0.04197882 -0.01237565
v -0.05239612 -0.03991973 -0.01258832
v -0.05182190 -0.05326001 -0.01132479
v -0.04566137 0.02343829 -0.02469945
v -0.04558918 0.02371449 -0.02480298
v -0.05208485 0.02706724 -0.01620636
v -0.05125619 0.03909332 -0.01706082
v -0.04995321 0.03674045 -0.01863530
v -0.05121073 0.03704357 -0.01715894
v -0.04990018 0.03875981 -0.01879698
v -0.05084720 0.03900895 -0.01723264
v -0.05020434 0.04038310 -0.01900026
v -0.05072520 -0.04976489 -0.01344356
v -0.04452052 -0.03565360 -0.02065601
v -0.04581468 -0.03334313 -0.01996557
v -0.04626301 -0.05152248 -0.01850389
v -0.04619047 -0.05355143 -0.01804114
v -0.04656983 -0.04943962 -0.01874708
v -0.04493617 0.02736980 -0.02483805
v -0.04566519 -0.05165156 -0.01888001
v -0.04409915 -0.03371164 -0.02100333
v -0.04588136 -0.03130265 -0.02015437
v -0.04594945 -0.03128896 -0.02013342
v -0.04589364 -0.03103260 -0.02018008
v -0.04597807 -0.05273162 -0.01834014
v -0.04722798 0.02557062 -0.02530832
v -0.05040293 -0.05456672 -0.01296432
v -0.04834752 0.01994473 -0.02301195
v -0.04685874 0.01758540 -0.02397324
v -0.04679265 -0.04737158 -0.01897124
v -0.04599729 -0.02925347 -0.02035432
v -0.04712445 0.02570414 -0.02566139
v -0.04601718 -0.02722124 -0.02053251
v -0.04560129 0.03565031 -0.02463672
v -0.04591443 -0.00086604 -0.02276723
v -0.04918954 -0.05454492 -0.01476104
v -0.04935002 -0.05482372 -0.01426974
v -0.04444188 -0.00320161 -0.02327918
v -0.04716959 0.02588299 -0.02532272
v -0.04499405 0.02689844 -0.02494978
v -0.04739123 0.01644573 -0.02251023
v -0.05226563 -0.05326178 -0.00936708
v -0.04880696 -0.05494258 -0.01464612
v -0.04687364 -0.05515074 -0.01627098
v -0.04699277 -0.05533911 -0.01589177
v -0.04901265 0.01803339 -0.02298891
v -0.04649442 -0.05544488 -0.01616563
v -0.04476802 -0.05580084 -0.01688702
v -0.04565191 -0.05365904 -0.01819179
v -0.04441448 -0.05499007 -0.01781625
v -0.04903435 -0.04678757 -0.01539240
v -0.04935291 -0.04876007 -0.01529086
v -0.03507452 -0.05170706 0.02285278
v -0.03668237 -0.05133572 0.02438865
v -0.03690958 -0.05335631 0.02381745
v -0.03593072 -0.05358468 0.02283255
v -0.03608131 -0.04940647 0.02449435
v -0.03447014 -0.04978500 0.02281598
v -0.03660002 -0.05072883 0.02449791
v -0.03641039 -0.04933326 0.02474801
v -0.03682442 -0.05130405 0.02449973
v -0.03558821 -0.04746477 0.02443234
v -0.03394179 -0.04784952 0.02276196
v -0.03608133 -0.04735392 0.02483739
v -0.03783407 -0.05315459 0.02444474
v -0.03788532 -0.04696518 0.02595534
v -0.03896141 -0.05085200 0.02564071
v -0.03918754 -0.05287303 0.02506443
v -0.03690026 -0.05470728 0.02272371
v -0.03924854 -0.05427471 0.02424164
v -0.03924597 -0.05496199 0.02369478
v -0.04148254 -0.05449548 0.02474594
v -0.03998186 -0.05480429 0.02413196
v -0.04132001 -0.05244868 0.02562313
v -0.04149836 -0.05568751 0.02388701
v -0.04353460 -0.05410369 0.02492429
v -0.04546051 -0.05376300 0.02450581
v -0.03402487 -0.02339604 0.02270213
v -0.03579714 -0.02299631 0.02418693
v -0.03597282 -0.02375383 0.02437235
v -0.03403732 -0.02136512 0.02252562
v -0.03598681 -0.02498432 0.02447474
v -0.03397945 -0.02543277 0.02288611
v -0.03596179 -0.02296002 0.02430671
v -0.03536118 -0.02106027 0.02377058
v -0.03584680 -0.02095159 0.02415907
v -0.03334994 -0.01742899 0.02233393
v -0.03496588 -0.01910776 0.02354663
v -0.03371510 -0.01939327 0.02242491
v -0.03457798 -0.01715225 0.02335762
v -0.03301334 -0.01545967 0.02223647
v -0.03419262 -0.01519571 0.02318067
v -0.03501604 -0.01501204 0.02382616
v -0.03529668 -0.01699123 0.02393628
v -0.03557718 -0.01897045 0.02404645
v -0.03459585 -0.01305748 0.02374764
v -0.03255244 -0.01351229 0.02216717
v -0.03384612 -0.01322344 0.02318753
v -0.03412195 -0.01111239 0.02368128
v -0.03616960 -0.01272172 0.02464982
v -0.03652137 -0.01469187 0.02466788
v -0.03687479 -0.01666134 0.02469378
v -0.03353068 -0.01123858 0.02334134
v -0.03350064 -0.00919332 0.02364831
v -0.03174327 -0.01162637 0.02217676
v -0.03104230 -0.00972136 0.02216183
v -0.03321670 -0.00925313 0.02350205
v -0.03302161 -0.00796491 0.02364441
v -0.03725573 -0.01861967 0.02484980
v -0.03763494 -0.02057869 0.02499769
v -0.03802136 -0.02253480 0.02517968
v -0.03578682 -0.01076414 0.02448508
v -0.03544390 -0.00879041 0.02450889
v -0.03291299 -0.00726353 0.02371133
v -0.03510292 -0.00681590 0.02454184
v -0.03474573 -0.00484795 0.02449816
v -0.03623201 -0.02493280 0.02459813
v -0.03661198 -0.02689152 0.02474956
v -0.03625623 -0.02696549 0.02458741
v -0.03702768 -0.02883577 0.02507009
v -0.03624900 -0.02899548 0.02476274
v -0.03741285 -0.03079238 0.02524615
v -0.03649846 -0.03098018 0.02487993
v -0.03782005 -0.03274007 0.02552642
v -0.03839568 -0.02449581 0.02530440
v -0.03256401 -0.00529225 0.02370647
v -0.03440252 -0.00287435 0.02452059
v -0.03646254 -0.03301524 0.02506176
v -0.03818981 -0.03470294 0.02562960
v -0.03674228 -0.03499460 0.02517209
v -0.03221525 -0.00536272 0.02359207
v -0.03274299 -0.00729830 0.02364623
v -0.03068853 -0.00772514 0.02271746
v -0.03856059 -0.03666537 0.02573758
v -0.03743177 -0.01043409 0.02497491
v -0.03701247 -0.00847936 0.02489619
v -0.03639264 -0.00656003 0.02486288
v -0.03701231 -0.03697565 0.02528462
v -0.03893630 -0.03862583 0.02586888
v -0.03638570 -0.03710691 0.02497818
v -0.03678087 -0.03905948 0.02520155
v -0.03721402 -0.03896879 0.02541262
v -0.03718578 -0.04100809 0.02547100
v -0.03736082 -0.04097159 0.02555307
v -0.03932668 -0.04058032 0.02606962
v -0.03738370 -0.04192567 0.02562991
v -0.03760343 -0.04295155 0.02580073
v -0.03739820 -0.04299371 0.02571829
v -0.03800271 -0.04490246 0.02604353
v -0.03752035 -0.04500088 0.02586432
v -0.03836650 -0.04686772 0.02611849
v -0.03875250 -0.02646391 0.02534636
v -0.03779211 -0.01239922 0.02506698
v -0.03881330 -0.01627644 0.02518307
v -0.03590366 -0.00461761 0.02479995
v -0.03542285 -0.00267374 0.02473516
v -0.03837514 -0.01432504 0.02510862
v -0.03224544 -0.00330866 0.02384548
v -0.03405217 -0.00090363 0.02450924
v -0.03913812 -0.02842034 0.02552459
v -0.03136682 -0.00348373 0.02361054
v -0.03925466 -0.01822727 0.02525680
v -0.03497064 -0.00072482 0.02466389
v -0.03970604 -0.04253929 0.02621819
v -0.03954556 -0.02020465 0.02536460
v -0.03192332 -0.00132651 0.02396767
v -0.03365516 0.00104819 0.02427719
v -0.03155531 0.00063705 0.02387276
v -0.03002719 0.00033730 0.02356658
v -0.03044519 -0.00161765 0.02364560
v -0.03950886 -0.03038280 0.02563238
v -0.03488808 0.00128933 0.02450890
v -0.04009656 -0.04449375 0.02641956
v -0.04046424 -0.04645744 0.02651286
v -0.04080370 -0.04843256 0.02647273
v -0.03324912 0.00299635 0.02400237
v -0.03113764 0.00258050 0.02354298
v -0.03015292 0.00238821 0.02336441
v -0.03721526 -0.00639970 0.02500536
v -0.03499234 0.00333644 0.02431159
v -0.03685553 -0.00443278 0.02494964
v -0.03649512 -0.00246614 0.02489071
v -0.03042775 -0.00571814 0.02312985
v -0.03281883 0.00493469 0.02361285
v -0.03755694 -0.00837393 0.02497568
v -0.03791942 -0.01033973 0.02504440
v -0.03828492 -0.01230431 0.02512743
v -0.03863536 -0.01427500 0.02513918
v -0.03574661 0.00145593 0.02464181
v -0.03534268 0.00340494 0.02437700
v -0.03612737 -0.00050247 0.02479702
v -0.03743033 0.00381114 0.02472369
v -0.03704762 0.00576875 0.02455925
v -0.03517586 0.00539755 0.02409633
v -0.03522676 0.00743525 0.02391111
v -0.03492128 0.00534688 0.02402955
v -0.03450757 0.00729194 0.02371846
v -0.03665432 0.00772208 0.02434473
v -0.03521210 0.00946138 0.02374074
v -0.03626059 0.00967522 0.02412817
v -0.03512025 0.00442685 0.02419119
v -0.03518480 0.01148528 0.02357323
v -0.03407261 0.00922839 0.02330690
v -0.03518922 0.01351478 0.02339854
v -0.03584821 0.01162082 0.02382341
v -0.03798246 0.01204589 0.02439052
v -0.03759638 0.01400214 0.02421018
v -0.03543595 0.01356646 0.02351920
v -0.03719584 0.01595253 0.02396140
v -0.03835331 0.01008348 0.02449885
v -0.03938124 0.01434877 0.02449235
v -0.03956274 0.01235208 0.02462493
v -0.03928146 0.01635790 0.02429846
v -0.03888429 0.01830966 0.02406565
v -0.03939680 0.01579049 0.02436562
v -0.03935575 0.01840171 0.02415074
v -0.03917390 0.02039833 0.02401823
v -0.03849852 0.02026603 0.02388672
v -0.03676785 0.01789180 0.02358275
v -0.03866848 0.02233785 0.02395902
v -0.03814038 0.02223358 0.02383853
v -0.03816445 0.02427763 0.02389949
v -0.03635297 0.01983638 0.02326615
v -0.03873087 0.00812378 0.02463893
v -0.03994701 -0.02216252 0.02544737
v -0.03899793 -0.01624076 0.02520833
v -0.03935868 -0.01820727 0.02526889
v -0.03989009 -0.03234101 0.02578979
v -0.04025563 -0.03430558 0.02587299
v -0.03777945 0.02420002 0.02377712
v -0.03790040 0.02625975 0.02378560
v -0.03739921 0.02615864 0.02362440
v -0.03987191 0.02460817 0.02414655
v -0.03951485 0.02657617 0.02410346
v -0.03730889 0.02818408 0.02374589
v -0.02982391 -0.00173748 0.02356535
v -0.02945981 0.00022767 0.02348895
v -0.02773901 -0.00214257 0.02323168
v -0.02738419 -0.00017366 0.02319919
v -0.02564637 -0.00255079 0.02286139
v -0.03780695 0.00185107 0.02485934
v -0.03972989 -0.02016954 0.02537890
v -0.02905994 0.00217833 0.02324337
v -0.04021419 0.02263418 0.02411974
v -0.04056918 0.02066535 0.02415304
v -0.04094324 0.01870424 0.02427656
v -0.03961425 -0.00798002 0.02517882
v -0.04043662 -0.02410853 0.02543012
v -0.03910251 0.00616169 0.02475099
v -0.04061521 -0.03627255 0.02592801
v -0.03818016 -0.00011039 0.02497881
v -0.03854376 -0.00207574 0.02505284
v -0.02700736 0.00178633 0.02306257
v -0.04080472 -0.02607205 0.02552546
v -0.03947632 0.00420047 0.02487328
v -0.03918128 0.02855368 0.02417150
v -0.03685198 0.03013217 0.02367568
v -0.03926382 -0.00600933 0.02516712
v -0.03883817 0.03052733 0.02419442
v -0.03641070 0.03208301 0.02360194
v -0.03847145 0.03249142 0.02410563
v -0.03622681 0.03407928 0.02346990
v -0.03809801 0.03445279 0.02398507
v -0.03608579 0.03608311 0.02332815
v -0.03889052 -0.00404791 0.02504721
v -0.03941928 0.01638420 0.02431004
v -0.03967591 0.01440505 0.02451842
v -0.04005355 0.01244538 0.02465886
v -0.04130436 0.01673788 0.02433881
v -0.04009426 -0.02213457 0.02545659
v -0.04033704 -0.01191250 0.02530602
v -0.03996491 -0.00995061 0.02519165
v -0.04038825 0.01046833 0.02459620
v -0.04035701 0.01065340 0.02460247
v -0.04097982 -0.03823750 0.02600678
v -0.03014768 -0.00371896 0.02345095
v -0.02804633 -0.00413071 0.02303945
v -0.04020814 -0.02279325 0.02544617
v -0.03983399 0.00223272 0.02491926
v -0.04138536 -0.01782576 0.02532714
v -0.04102034 -0.01586099 0.02524640
v -0.03772579 0.03641464 0.02387024
v -0.03977216 0.03680412 0.02402164
v -0.03939222 0.03876286 0.02387031
v -0.03733868 0.03837047 0.02368499
v -0.03901892 0.04072427 0.02375039
v -0.03695790 0.04032885 0.02352968
v -0.03866434 0.04269328 0.02371904
v -0.03656551 0.04228255 0.02331948
v -0.03826508 0.04464418 0.02347634
v -0.03616797 0.04423415 0.02308491
v -0.03786599 0.04659517 0.02323443
v -0.03993660 0.04699447 0.02350050
v -0.04030777 0.04503217 0.02361031
v -0.03951828 0.04893765 0.02316760
v -0.04104399 0.04110512 0.02380106
v -0.04067525 0.04306840 0.02370271
v -0.03238291 0.00687075 0.02319670
v -0.04065286 -0.01389721 0.02515402
v -0.04075258 0.00850328 0.02467367
v -0.04107211 0.00682762 0.02477885
v -0.04045139 0.01048019 0.02459734
v -0.03573600 0.04617182 0.02268745
v -0.04147720 0.00457153 0.02480951
v -0.03742445 0.04852895 0.02279168
v -0.04011596 0.03483075 0.02400200
v -0.02862035 0.00411290 0.02280985
v -0.03025252 0.00644724 0.02264784
v -0.03102733 0.00659996 0.02281898
v -0.04049660 0.04709930 0.02350394
v -0.03602516 0.03810113 0.02316819
v -0.03579976 0.04009006 0.02304555
v -0.03705868 0.02813333 0.02365951
v -0.04134276 -0.04020311 0.02607769
v -0.04019286 0.00026545 0.02497092
v -0.03906952 0.05086850 0.02269071
v -0.03698034 0.05046168 0.02233679
v -0.02451560 0.00332908 0.02245021
v -0.02656769 0.00372088 0.02262870
v -0.02495275 0.00139352 0.02287219
v -0.04114878 -0.02804532 0.02550701
v -0.04266208 -0.01352277 0.02512968
v -0.04162535 -0.00760482 0.02516336
v -0.04126595 -0.00563777 0.02510921
v -0.04089738 -0.00367443 0.02501168
v -0.04171150 -0.04216638 0.02617607
v -0.04054030 -0.00170644 0.02496849
v -0.04197039 -0.00957769 0.02514960
v -0.04109619 -0.05042671 0.02621036
v -0.04167792 0.01477656 0.02445999
v -0.03670254 0.03010170 0.02362075
v -0.03634545 0.03206969 0.02357755
v -0.02577083 -0.00341650 0.02273636
v -0.03156146 0.00872293 0.02252431
v -0.04209770 -0.04412258 0.02635700
v -0.04246809 -0.04608517 0.02646316
v -0.04281259 -0.04805826 0.02644681
v -0.04313072 -0.05004203 0.02630575
v -0.04173106 -0.01979836 0.02531651
v -0.04122771 0.04925704 0.02316466
v -0.04232948 -0.01154487 0.02520230
v -0.04239504 0.01084178 0.02456033
v -0.04274005 0.00886890 0.02454644
v -0.04150782 -0.03001252 0.02555949
v -0.04090133 0.04514199 0.02358596
v -0.04091082 0.00853254 0.02466698
v -0.04046798 0.03286072 0.02402126
v -0.04083110 0.03089517 0.02409300
v -0.04117011 0.02891986 0.02405072
v -0.04087813 -0.02402692 0.02541016
v -0.02815648 0.00603764 0.02226147
v -0.02610803 0.00564732 0.02210026
v -0.02544237 0.00552015 0.02204067
v -0.02441089 0.00330940 0.02244798
v -0.02362424 0.00114186 0.02279985
v -0.02291929 0.00100926 0.02278187
v -0.02249768 0.00295112 0.02243343
v -0.04188415 -0.03197271 0.02569375
v -0.02646305 -0.00444332 0.02267794
v -0.04204514 0.01281268 0.02455112
v -0.04138322 0.03912991 0.02375982
v -0.03594580 0.02178407 0.02298600
v -0.04182304 0.00259898 0.02479949
v -0.02091608 0.00063726 0.02283464
v -0.02049397 0.00257892 0.02248382
v -0.01889908 0.00025968 0.02282215
v -0.01848173 0.00220326 0.02249386
v -0.01688302 -0.00011753 0.02281416
v -0.01648007 0.00183189 0.02255397
v -0.01486464 -0.00049567 0.02279519
v -0.01504913 0.00156309 0.02252511
v -0.01463927 -0.00053796 0.02279163
v -0.01284781 -0.00087319 0.02278349
v -0.01475312 0.00003757 0.02271829
v -0.01446014 0.00145311 0.02252766
v -0.01246080 0.00108268 0.02259875
v -0.04242615 -0.02374207 0.02531264
v -0.04278102 -0.02571095 0.02534538
v -0.04133782 -0.02597452 0.02547973
v -0.04149828 0.02694016 0.02395713
v -0.04193318 0.04736378 0.02341638
v -0.04228850 0.04539507 0.02345121
v -0.04152908 0.04931273 0.02315075
v -0.04223255 -0.03394423 0.02569584
v -0.04259017 -0.03591199 0.02574157
v -0.04206970 -0.02177382 0.02527245
v -0.04299507 -0.01550052 0.02505890
v -0.04251425 -0.00134629 0.02477733
v -0.04286799 -0.00331564 0.02480469
v -0.04215452 0.00062062 0.02472159
v -0.04263667 0.04342348 0.02345223
v -0.04174267 0.03716288 0.02381417
v -0.04208693 0.03518970 0.02379670
v -0.02449101 0.00343051 0.02242068
v -0.02405227 0.00525403 0.02190440
v -0.01402098 0.00338786 0.02209618
v -0.04160617 0.04323767 0.02360001
v -0.01203171 0.00302151 0.02221491
v -0.01046052 0.00071187 0.02266540
v -0.01005634 0.00266078 0.02239939
v -0.00844568 0.00033516 0.02266315
v -0.00807671 0.00229833 0.02256370
v -0.04243455 0.03321787 0.02379514
v -0.04310456 -0.02769253 0.02522990
v -0.04294563 -0.03788065 0.02577709
v -0.04306090 -0.02743178 0.02524026
v -0.04322971 -0.00528175 0.02486980
v -0.04358838 -0.00724910 0.02492051
v -0.04253309 0.02102143 0.02391435
v -0.04217509 0.02298904 0.02386681
v -0.04183726 0.02496484 0.02391470
v -0.04334879 -0.01746987 0.02508617
v -0.04297801 0.04144910 0.02342095
v -0.04107524 0.05124152 0.02264983
v -0.04393052 -0.00922314 0.02489305
v -0.04146721 0.04958063 0.02308632
v -0.01601170 0.00375480 0.02198434
v -0.01615809 0.00314466 0.02215528
v -0.04330118 -0.03984925 0.02581304
v -0.04287894 0.04202793 0.02343454
v -0.04402728 -0.02142030 0.02500380
v -0.04367843 -0.01944898 0.02499956
v -0.04061975 0.05316966 0.02214112
v -0.04349126 0.04966811 0.02290387
v -0.04237819 0.00473406 0.02468201
v -0.04343028 0.00492323 0.02451959
v -0.04307776 0.00689306 0.02449798
v -0.04369423 0.00293759 0.02455762
v -0.04309785 0.05148038 0.02257898
v -0.04327118 0.05164637 0.02252813
v -0.04306928 0.05160980 0.02255364
v -0.04261474 0.05353833 0.02204943
v -0.04503423 0.05196631 0.02231989
v -0.04366087 -0.04181618 0.02586857
v -0.04410225 0.00097016 0.02440639
v -0.03972177 -0.05069853 0.02588678
v -0.02201964 0.00487012 0.02181801
v -0.04288839 0.01905272 0.02394909
v -0.04324686 0.01708529 0.02399887
v -0.03585972 0.04821552 0.02233720
v -0.03624789 0.05031273 0.02207559
v -0.04345245 -0.02966424 0.02522959
v -0.04387650 0.04771152 0.02308028
v -0.04542918 0.05001367 0.02254224
v -0.04460893 -0.01317360 0.02481027
v -0.04426332 -0.01120096 0.02482138
v -0.04277425 0.03124285 0.02375614
v -0.03858172 0.05278356 0.02202917
v -0.03192042 0.00879605 0.02265490
v -0.03362642 0.01116029 0.02284215
v -0.04481842 0.05289904 0.02209381
v -0.04458268 0.05389605 0.02182981
v -0.04480505 -0.00297043 0.02443900
v -0.04444513 -0.00100359 0.02438237
v -0.04403439 -0.04377753 0.02598952
v -0.04440153 -0.04574143 0.02608033
v -0.02976065 0.00836064 0.02196701
v -0.01714294 0.00396131 0.02187717
v -0.04435815 -0.02339891 0.02492300
v -0.04360847 0.01511913 0.02406348
v -0.02000306 0.00449270 0.02180752
v -0.01798964 0.00411657 0.02181203
v -0.04515856 -0.00493987 0.02446526
v -0.04492413 -0.01515855 0.02465533
v -0.03559390 0.04675964 0.02251804
v -0.03571124 0.04210316 0.02289191
v -0.04409987 0.02332927 0.02344299
v -0.00957865 0.00457993 0.02178564
v -0.00760070 0.00421816 0.02195792
v -0.00606359 0.00192232 0.02256961
v -0.00585741 0.00276270 0.02231406
v -0.00696841 0.00410028 0.02196469
v -0.00560015 0.00384723 0.02202324
v -0.00404759 0.00154514 0.02256188
v -0.00361971 0.00348446 0.02218375
v -0.00204653 0.00117401 0.02262481
v -0.00163978 0.00312188 0.02234665
v -0.00004708 0.00080353 0.02269537
v 0.00035396 0.00275372 0.02244423
v 0.00196382 0.00042842 0.02271177
v 0.00235278 0.00238350 0.02251779
v 0.00079934 0.00468595 0.02198335
v -0.00119313 0.00505360 0.02187973
v 0.00281147 0.00431033 0.02199389
v 0.00436227 0.00200895 0.02254082
v 0.00298228 0.00427876 0.02200151
v 0.00442857 0.00230203 0.02247648
v 0.00461296 0.00196227 0.02254455
v 0.00636579 0.00163683 0.02259217
v 0.00478925 0.00394863 0.02216696
v 0.00677139 0.00358517 0.02231945
v 0.00838516 0.00125828 0.02256845
v 0.00877655 0.00321238 0.02236298
v 0.00722804 0.00551283 0.02180524
v 0.00921557 0.00514718 0.02193218
v 0.01120342 0.00478140 0.02205762
v 0.01076616 0.00284589 0.02248010
v 0.01277217 0.00247275 0.02251959
v 0.01301287 0.00444313 0.02205643
v 0.01317095 0.00420684 0.02211008
v 0.01425381 0.00219542 0.02251119
v 0.01478904 0.00209522 0.02250776
v 0.01321603 0.00440560 0.02206592
v 0.01520953 0.00403753 0.02216460
v 0.01680879 0.00171652 0.02248231
v 0.01721025 0.00366654 0.02222917
v 0.01884766 0.00133007 0.02236635
v 0.01924021 0.00328370 0.02215542
v 0.02086790 0.00095118 0.02233861
v 0.02126686 0.00290221 0.02209730
v 0.02222608 0.00272303 0.02209991
v 0.02261485 0.00062571 0.02236165
v 0.02287748 0.00057660 0.02236122
v 0.02327870 0.00252671 0.02210926
v 0.02491724 0.00018980 0.02224111
v 0.02532417 0.00213760 0.02196210
v 0.02697463 -0.00020415 0.02203756
v 0.02735284 0.00175529 0.02189444
v 0.02576158 0.00407305 0.02153891
v 0.02373833 0.00445317 0.02158091
v 0.02777291 0.00369777 0.02155327
v 0.02936637 0.00137910 0.02189837
v 0.02972014 0.00301114 0.02160804
v 0.02959013 0.00335798 0.02155086
v 0.03008984 0.00124108 0.02183773
v 0.02978792 0.00332098 0.02155020
v 0.03142204 0.00098586 0.02170296
v 0.03182090 0.00293693 0.02146216
v 0.03385392 0.00255285 0.02137390
v 0.03345196 0.00060304 0.02162939
v 0.03550057 0.00021265 0.02146739
v 0.03589196 0.00216675 0.02126190
v 0.03730934 0.00190154 0.02125595
v 0.03728674 -0.00012319 0.02142452
v 0.03752511 -0.00016799 0.02141929
v 0.03790470 0.00179089 0.02126960
v 0.03956256 -0.00055386 0.02131007
v 0.03992309 0.00141274 0.02125055
v 0.03831078 0.00373903 0.02099463
v 0.04031230 0.00336772 0.02105541
v 0.04194104 0.00103477 0.02123361
v 0.04231602 0.00299551 0.02110576
v 0.04396078 0.00065607 0.02120816
v 0.04433525 0.00261702 0.02108272
v 0.04583752 0.00233105 0.02097057
v 0.04591381 0.00028887 0.02116154
v 0.04598568 0.00027529 0.02115833
v 0.04637988 0.00222824 0.02093957
v 0.04801006 -0.00010529 0.02111097
v 0.04840801 0.00184615 0.02087445
v 0.05004887 -0.00049170 0.02099535
v 0.05042929 0.00146683 0.02084176
v 0.05208496 -0.00087702 0.02089258
v 0.05246325 0.00108238 0.02074903
v 0.05408458 0.00078145 0.02079522
v 0.05357100 -0.00115663 0.02085259
v 0.05411038 -0.00125802 0.02084026
v 0.05446438 0.00071122 0.02081164
v 0.05357357 0.00290035 0.02050579
v 0.05286780 0.00303114 0.02048131
v 0.05085229 0.00340813 0.02048674
v 0.03671118 0.00403582 0.02094677
v 0.03630525 0.00411197 0.02095280
v 0.03427726 0.00449401 0.02101725
v 0.05486029 0.00266348 0.02058478
v 0.05649161 0.00032949 0.02075081
v 0.05687443 0.00228706 0.02058584
v 0.05853256 -0.00005779 0.02062505
v 0.05890200 0.00190519 0.02052338
v 0.06092869 0.00152368 0.02046508
v 0.06055626 -0.00043809 0.02058089
v 0.06231354 0.00126377 0.02044207
v 0.06196390 -0.00070325 0.02053657
v 0.06258334 -0.00081976 0.02052074
v 0.06294757 0.00114533 0.02044372
v 0.06173214 0.00339508 0.02013670
v 0.06335100 0.00309454 0.02018130
v 0.06495658 0.00077099 0.02046907
v 0.06534197 0.00272750 0.02029194
v 0.06697416 0.00039316 0.02045385
v 0.06733407 0.00236000 0.02039731
v 0.06900561 0.00000973 0.02037305
v 0.06936247 0.00197780 0.02033090
v 0.07137831 0.00160068 0.02032392
v 0.06134393 0.00346811 0.02014676
v 0.05932402 0.00384687 0.02017300
v 0.05729885 0.00422776 0.02022409
v 0.03226291 0.00487052 0.02101720
v 0.04884400 0.00378218 0.02045798
v 0.04681884 0.00416307 0.02050906
v 0.06978865 0.00391781 0.01996082
v 0.07096286 0.00370062 0.02001044
v 0.07147833 0.00208274 0.02025793
v 0.07178406 0.00354897 0.02005052
v 0.07157860 0.00156323 0.02032360
v 0.07339645 0.00122263 0.02030604
v 0.07378500 0.00317789 0.02011399
v 0.07544567 0.00083200 0.02014118
v 0.07582818 0.00278970 0.01997770
v 0.07748230 0.00044646 0.02003587
v 0.07786185 0.00240536 0.01988636
v 0.07957511 0.00208658 0.01991780
v 0.07902821 0.00015436 0.01996763
v 0.07951334 0.00006319 0.01995699
v 0.07986773 0.00203228 0.01992654
v 0.08152705 -0.00031306 0.01996009
v 0.08188760 0.00165354 0.01990049
v 0.08353756 -0.00068802 0.01997830
v 0.08390523 0.00127570 0.01988506
v 0.08556612 -0.00107029 0.01991117
v 0.08591631 0.00090051 0.01990059
v 0.08792882 0.00052474 0.01990938
v 0.08428316 0.00323524 0.01974324
v 0.08629809 0.00285849 0.01974055
v 0.08830610 0.00248455 0.01977063
v 0.08873823 0.00240404 0.01977624
v 0.08855910 0.00040693 0.01990936
v 0.08995903 0.00014180 0.01983442
v 0.09032681 0.00210546 0.01974062
v 0.08229245 0.00360218 0.01963131
v 0.08028628 0.00397538 0.01959258
v 0.05529472 0.00460014 0.02017568
v 0.07850600 0.00430396 0.01950196
v 0.07829235 0.00434362 0.01949590
v 0.07626495 0.00472541 0.01955752
v 0.06778596 0.00428960 0.01990559
v 0.07424805 0.00510296 0.01956954
v 0.05303612 0.00377448 0.02031733
v 0.05330009 0.00496866 0.02008234
v 0.04480975 0.00453745 0.02048408
v 0.04473502 0.00423052 0.02057489
v 0.08841919 0.00298245 0.01965928
v 0.08874707 0.00441856 0.01933060
v 0.09073835 0.00405139 0.01943979
v 0.09235106 0.00172494 0.01969385
v 0.09275569 0.00367367 0.01942574
v 0.09444036 0.00131807 0.01933935
v 0.09408327 -0.00064992 0.01938260
v 0.09484005 0.00326881 0.01909461
v 0.03025387 0.00524488 0.02099202
v 0.08731030 0.00468475 0.01927913
v 0.08674606 0.00478967 0.01926742
v 0.09511910 0.00118377 0.01917820
v 0.09469256 -0.00076967 0.01925528
v 0.09379173 -0.00251765 0.01921451
v 0.09377313 -0.00263693 0.01920372
v 0.05169219 0.00526107 0.01990597
v 0.02149398 0.00386810 0.02184711
v 0.02171837 0.00483195 0.02160740
v 0.02083497 0.00499725 0.02161113
v 0.01969801 0.00521090 0.02163576
v 0.08474826 0.00515948 0.01918906
v 0.09514044 0.00320873 0.01900934
v 0.05132982 0.00532732 0.01987370
v 0.01767944 0.00558912 0.02165566
v 0.06579507 0.00465661 0.01979454
v 0.09621306 -0.00107318 0.01883657
v 0.04077310 0.00529370 0.02052153
v -0.00511496 0.00174448 0.02255818
v 0.01567161 0.00596299 0.02162473
v 0.06381636 0.00501869 0.01962588
v 0.03878212 0.00566075 0.02041092
v 0.00524597 0.00587627 0.02165246
v 0.07225247 0.00547187 0.01948067
v 0.04278539 0.00491802 0.02053137
v 0.04444545 0.00460543 0.02048158
v 0.09590629 -0.00306156 0.01864174
v -0.04376267 0.02530533 0.02349386
v -0.04342298 0.02728036 0.02353297
v -0.04309795 0.02926133 0.02364140
v -0.04415449 -0.03360515 0.02525860
v -0.04380373 -0.03163458 0.02524535
v 0.06182710 0.00538504 0.01950710
v 0.01368839 0.00632690 0.02147739
v -0.04330409 0.03946856 0.02331748
v 0.02826301 0.00561188 0.02088080
v -0.00315152 0.00540744 0.02161495
v 0.08276155 0.00552480 0.01905820
v 0.08077016 0.00589201 0.01894955
v -0.04473594 -0.04771860 0.02601626
v 0.06141764 0.00374870 0.02003994
v 0.00283551 0.00440285 0.02195986
v 0.03638018 0.00439911 0.02084570
v -0.04420643 0.04573252 0.02299499
v -0.04455516 0.04376116 0.02299868
v 0.07832735 0.00448174 0.01944898
v 0.01151239 0.00595722 0.02160962
v 0.03679208 0.00602741 0.02029586
v 0.03469449 0.00600436 0.02035193
v -0.04444762 0.02135751 0.02344204
v 0.00328534 0.00623102 0.02139825
v 0.00111502 0.00582194 0.02147467
v 0.01170500 0.00669087 0.02133084
v -0.04550207 -0.00691335 0.02444429
v 0.04933431 0.00569620 0.01978453
v -0.04526266 -0.01713406 0.02461079
v 0.07027991 0.00583146 0.01928289
v 0.06995466 0.00455478 0.01972419
v 0.02809859 0.00495951 0.02109845
v 0.02728043 0.00579430 0.02085403
v 0.09659269 0.00088568 0.01868673
v 0.05972113 0.00529603 0.01954884
v -0.04395399 0.01314646 0.02405198
v -0.04479647 0.01938619 0.02344629
v -0.04449772 -0.03557873 0.02523629
v -0.04485261 -0.03754762 0.02526911
v 0.07666773 0.00622644 0.01894878
v -0.04504811 -0.04970479 0.02584698
v -0.04578309 0.04804439 0.02257041
v 0.02625111 0.00598740 0.02086915
v 0.02423689 0.00636386 0.02086843
v 0.04732006 0.00607267 0.01978397
v -0.00750321 0.00458133 0.02181046
v -0.04520053 -0.03951931 0.02526897
v -0.04364306 0.03749324 0.02327503
v -0.04398581 0.03551944 0.02325039
v -0.04583136 -0.00889260 0.02435598
v -0.04557625 -0.01911966 0.02444823
v -0.00509854 0.00575669 0.02129637
v -0.01153845 0.00493434 0.02152752
v 0.06819086 0.00574213 0.01924969
v 0.05983872 0.00575103 0.01938415
v 0.05897715 0.00590999 0.01933900
v 0.02223646 0.00673473 0.02080252
v -0.04534753 -0.02933604 0.02466532
v -0.04499952 -0.02736437 0.02466501
v -0.04592837 -0.04344977 0.02542003
v -0.04555207 -0.04148955 0.02528592
v -0.04466156 -0.02538864 0.02471228
v -0.04432829 0.03354554 0.02322452
v -0.04587837 0.03584663 0.02267420
v -0.04552741 0.03781710 0.02265998
v -0.04519035 0.03979320 0.02271147
v -0.01351414 0.00529520 0.02134455
v -0.04447258 -0.02542131 0.02476972
v 0.09701677 0.00282653 0.01832656
v 0.09497661 0.00382143 0.01892225
v 0.09379247 0.00547533 0.01853034
v 0.09328854 0.00557047 0.01855105
v 0.09532076 0.00518672 0.01846659
v -0.00708665 0.00612257 0.02117217
v -0.02764292 0.00794225 0.02147804
v -0.04462943 0.04328649 0.02295675
v -0.04486279 0.04177313 0.02280794
v -0.04428202 0.01116671 0.02395775
v -0.04513269 0.01740975 0.02339083
v -0.04653276 -0.02507010 0.02403505
v -0.04464420 -0.02527876 0.02472124
v -0.04614782 -0.01087704 0.02420704
v -0.00927252 0.00573923 0.02133731
v -0.00906826 0.00648582 0.02101719
v -0.04129697 -0.05223796 0.02568560
v -0.04333688 -0.05207115 0.02563496
v -0.04166439 -0.05238443 0.02562047
v 0.09125586 0.00595441 0.01863768
v -0.01549208 0.00565696 0.02117225
v -0.04568392 -0.03131241 0.02461060
v -0.04603124 -0.03328436 0.02460760
v 0.08682253 0.00506401 0.01914355
v -0.04620932 0.03386805 0.02259376
v 0.00968830 0.00682203 0.02114998
v -0.04341379 -0.05293922 0.02529817
v 0.02024026 0.00710389 0.02071657
v 0.05783690 0.00612247 0.01932484
v -0.01790707 0.00441132 0.02167712
v 0.08926551 0.00632120 0.01852410
v 0.09749111 0.00474703 0.01772870
v 0.07560239 0.00684509 0.01867061
v -0.04590588 -0.02109877 0.02436157
v -0.04580463 0.04600730 0.02247538
v -0.04506967 0.04384889 0.02281554
v -0.04609047 0.04605626 0.02237846
v -0.04605541 0.04628116 0.02239892
v 0.07479901 0.00699243 0.01860917
v -0.04464370 0.03156067 0.02307057
v -0.04674036 0.04209425 0.02216081
v 0.03480119 0.00639442 0.02018479
v 0.03396074 0.00654992 0.02015012
v 0.03279664 0.00676696 0.02013835
v 0.01987553 0.00583308 0.02133676
v 0.00132049 0.00658748 0.02116397
v -0.04461407 0.00918857 0.02388248
v -0.03714776 0.05250026 0.02169808
v -0.04642287 0.04407828 0.02230494
v 0.08728907 0.00668236 0.01834467
v -0.03555337 0.02373776 0.02277558
v -0.02597303 0.00612538 0.02187667
v -0.04620209 -0.02309142 0.02411678
v -0.01113788 0.00638322 0.02088786
v -0.04636581 -0.03526146 0.02454430
v 0.04303294 0.00574810 0.02008516
v -0.02735878 0.00788706 0.02143291
v 0.05136032 0.00543264 0.01982112
v -0.04631499 0.02167450 0.02274668
v -0.04595729 0.02364222 0.02270054
v -0.01745855 0.00601408 0.02094565
v -0.03668735 0.05153332 0.02187819
v -0.00073741 0.00653513 0.02102203
v 0.06831317 0.00618869 0.01905759
v -0.03594793 0.03402130 0.02334305
v -0.01967944 0.00555283 0.02120473
v -0.03534811 0.01557154 0.02318886
v -0.03524143 0.01440218 0.02331152
v 0.08502737 0.00608359 0.01867678
v -0.04528635 0.02759573 0.02281867
v 0.09809275 -0.00146392 0.01798212
v 0.09740511 -0.00337130 0.01800007
v 0.09833146 0.00052267 0.01786250
v 0.05583467 0.00649407 0.01926744
v -0.04686528 0.05228063 0.02171407
v -0.04691691 0.05228949 0.02169692
v -0.04696566 0.05026964 0.02186503
v 0.03081189 0.00713149 0.01999822
v 0.05797223 0.00656314 0.01907066
v -0.04495451 0.02957394 0.02289488
v -0.04546936 0.01543349 0.02333743
v 0.06634355 0.00648272 0.01879578
v -0.03561427 0.01764723 0.02295488
v -0.04388245 0.00499952 0.02434129
v -0.04493587 0.00720629 0.02375877
v -0.04529266 0.00523819 0.02380060
v -0.04679753 0.00752097 0.02303641
v -0.04387426 0.00702680 0.02416946
v -0.04488961 0.00923470 0.02376579
v -0.04468413 0.00875070 0.02385067
v -0.04647037 0.00950107 0.02313474
v 0.01811273 0.00702581 0.02086200
v 0.05384477 0.00686068 0.01915168
v -0.04561314 0.02561546 0.02271853
v -0.03554214 0.03596956 0.02306945
v -0.04612373 0.01147330 0.02314098
v -0.04630069 -0.00069139 0.02363111
v -0.04595890 0.00128279 0.02366026
v -0.04206834 0.05542964 0.02111064
v -0.04563261 0.00326326 0.02376274
v -0.03526088 0.04809200 0.02208586
v -0.04570428 -0.02317523 0.02431705
v -0.04611469 -0.02252224 0.02417439
v -0.02555671 0.00753664 0.02113815
v -0.02349090 0.00713928 0.02089480
v 0.09825654 0.00256461 0.01767184
v 0.09802729 0.00463378 0.01744622
v 0.00864474 0.00724271 0.02089337
v -0.03514428 0.02568468 0.02248636
v -0.04525386 -0.05215990 0.02484248
v -0.04708843 -0.05143037 0.02432374
v -0.04621141 -0.05158200 0.02459058
v -0.04705528 -0.05117385 0.02437725
v -0.04649520 0.03187122 0.02230013
v 0.00778893 0.00739827 0.02079788
v -0.03556794 0.04410658 0.02275067
v -0.03554340 0.04613098 0.02258254
v -0.01302560 0.00690763 0.02044392
v -0.04006059 0.05505580 0.02114193
v -0.04713164 0.02790376 0.02201882
v -0.04525763 0.01132836 0.02350875
v -0.04578101 0.01344710 0.02316569
v 0.04955626 0.00640459 0.01935655
v -0.03511659 0.03790982 0.02270233
v -0.04678686 0.02987673 0.02203380
v -0.03913100 0.05487897 0.02107519
v -0.03819540 0.05408896 0.02134060
v -0.04727183 0.05032064 0.02172992
v -0.04689646 0.04822871 0.02205439
v -0.03177999 0.00930138 0.02242859
v -0.01100496 0.00683089 0.02064981
v 0.00975209 0.00704250 0.02104012
v -0.02145009 0.00675205 0.02076970
v -0.02128215 0.00672049 0.02076596
v 0.02883433 0.00749310 0.01982415
v -0.04570925 0.01389001 0.02319396
v -0.04555708 0.01340993 0.02326723
v 0.04122491 0.00669882 0.01962157
v -0.03232583 0.01088654 0.02217749
v 0.02637492 0.00636158 0.02061404
v -0.03553009 0.01966109 0.02280026
v -0.03543087 0.02167229 0.02264904
v -0.04400527 0.05577480 0.02074433
v -0.04698484 -0.02092053 0.02385332
v -0.04662971 0.01968935 0.02258944
v 0.09336262 0.00581023 0.01841080
v 0.01652886 0.00778588 0.02046212
v 0.01825353 0.00746922 0.02058588
v -0.04744410 0.02591770 0.02185092
v -0.04634640 0.01557794 0.02291476
v -0.04637369 0.01761147 0.02273489
v -0.04733683 -0.01882969 0.02359990
v 0.06598460 0.00660787 0.01870919
v -0.03644519 0.05235756 0.02145123
v -0.04644161 0.05420961 0.02109450
v 0.09158679 0.00693327 0.01793926
v -0.01942493 0.00637117 0.02071865
v 0.00583855 0.00774888 0.02049520
v 0.06440058 0.00689468 0.01850819
v -0.04744383 0.02388647 0.02197143
v -0.04740317 0.02185059 0.02215433
v -0.04755471 0.02526415 0.02183004
v 0.08317057 0.00677341 0.01822521
v -0.03136507 0.01068373 0.02167374
v 0.05613466 0.00735578 0.01861435
v -0.03086660 -0.00943146 0.02217415
v -0.03465656 0.02815487 0.02225770
v -0.03439084 0.02960476 0.02221420
v 0.06242975 0.00725357 0.01830222
v -0.03312192 0.01306857 0.02210157
v -0.03800957 0.05466444 0.02096854
v 0.09388768 0.00744042 0.01736275
v 0.09591179 0.00705996 0.01731668
v 0.09700685 0.00684258 0.01704140
v 0.09773687 0.00559295 0.01730271
v 0.04771748 0.00719083 0.01890054
v -0.04672531 0.01907776 0.02253502
v -0.04691047 0.01973492 0.02243961
v -0.04762181 0.02594661 0.02175742
v -0.00262362 0.00706759 0.02057772
v -0.00061425 0.00693175 0.02078730
v -0.03469637 0.03985223 0.02236047
v 0.03291485 0.00710697 0.01988133
v -0.04521586 -0.05174946 0.02499449
v 0.03954894 0.00749825 0.01919884
v -0.03473999 0.04999363 0.02126772
v 0.03938684 0.00752843 0.01919624
v -0.01496225 0.00717025 0.02001205
v -0.04810934 0.02806136 0.02147331
v 0.00783436 0.00752713 0.02069771
v 0.02455831 0.00726639 0.02015257
v -0.00452049 0.00754300 0.02013604
v -0.00524676 0.00775969 0.01996397
v -0.00645222 0.00797823 0.01981691
v -0.00843822 0.00834326 0.01968274
v -0.03425333 0.04178542 0.02191066
v -0.02318696 0.00803496 0.02025077
v -0.02142986 0.00681176 0.02072692
v 0.00391347 0.00808923 0.02007281
v -0.03496620 0.01548882 0.02294299
v 0.09816849 -0.00353846 0.01746932
v 0.08974585 0.00770793 0.01748378
v -0.02759161 0.00808965 0.02136635
v -0.00255247 0.00727743 0.02042710
v 0.03105876 0.00780057 0.01942960
v 0.00198144 0.00843241 0.01968333
v -0.00449220 0.00762372 0.02007400
v -0.03077172 0.01232340 0.02033163
v -0.03378806 0.04370958 0.02135563
v -0.03577053 0.05419693 0.01990569
v -0.02692207 0.00976291 0.01971399
v 0.09811359 0.00660753 0.01642997
v 0.09848356 -0.00155344 0.01762487
v -0.03994947 0.05532837 0.02086370
v 0.09889875 0.00039101 0.01730678
v -0.04179891 0.05605756 0.02041032
v 0.09975033 -0.00185065 0.01631427
v 0.09931200 -0.00380202 0.01638868
v -0.00238362 -0.00080208 0.02257341
v -0.00440323 -0.00042343 0.02259824
v -0.00037106 -0.00117786 0.02258198
v 0.00166347 -0.00156255 0.02248656
v -0.00269005 -0.00279058 0.02237702
v -0.00470724 -0.00241292 0.02239038
v 0.00398758 0.00004809 0.02266732
v -0.00674884 -0.00202537 0.02251920
v -0.00547261 -0.00022112 0.02265087
v -0.00643716 -0.00003899 0.02269080
v -0.00672888 -0.00189965 0.02252902
v -0.00681733 -0.00201253 0.02251999
v -0.00877976 -0.00164215 0.02259753
v -0.01080773 -0.00126012 0.02266187
v -0.00063941 -0.00318179 0.02220542
v 0.00391950 -0.00042148 0.02260205
v 0.00260127 -0.00174016 0.02243629
v 0.00369157 -0.00194463 0.02242163
v 0.00437410 -0.00002430 0.02266414
v 0.00570574 -0.00232107 0.02242252
v 0.00599954 -0.00032745 0.02267871
v 0.00775022 -0.00270978 0.02228009
v -0.01108276 -0.00326134 0.02231689
v 0.00802119 -0.00070692 0.02264425
v -0.01312856 -0.00287209 0.02246560
v 0.01006335 -0.00109469 0.02251278
v 0.01040651 0.00087893 0.02253542
v 0.01241756 0.00050376 0.02255113
v 0.01358709 0.00028436 0.02253387
v 0.01412002 -0.00185905 0.02238060
v 0.01443968 0.00012410 0.02251443
v 0.01614395 -0.00223944 0.02233537
v 0.01646675 -0.00025756 0.02245432
v 0.01850021 -0.00064182 0.02236399
v 0.01819666 -0.00263149 0.02215395
v 0.02052152 -0.00102115 0.02233115
v 0.02157026 -0.00121867 0.02229875
v 0.02255368 -0.00140487 0.02224697
v 0.02460320 -0.00179563 0.02208067
v 0.02666481 -0.00219128 0.02185717
v 0.02902325 -0.00059454 0.02187551
v 0.02032759 -0.00237206 0.02213481
v 0.02023542 -0.00301789 0.02203855
v 0.01973171 -0.00292293 0.02205601
v 0.02227073 -0.00340289 0.02193945
v -0.01518213 -0.00247970 0.02265105
v -0.01493243 -0.00092172 0.02276252
v -0.01597392 -0.00233115 0.02266303
v -0.01719583 -0.00210345 0.02264793
v -0.01920185 -0.00173031 0.02260843
v -0.02124854 -0.00134070 0.02276135
v -0.02326476 -0.00096343 0.02277014
v -0.02425251 -0.00077598 0.02283124
v -0.02357060 -0.00295218 0.02257089
v -0.02151856 -0.00334395 0.02239267
v -0.02531469 -0.00057251 0.02293839
v -0.02522849 -0.00263247 0.02278388
v -0.02593542 -0.00454633 0.02258273
v 0.02940592 -0.00066694 0.02185652
v 0.03106480 -0.00098207 0.02174693
v 0.02894920 -0.00111339 0.02179820
v 0.02874097 -0.00259283 0.02156484
v 0.02789171 -0.00242844 0.02168725
v 0.03311271 -0.00137217 0.02158823
v 0.03516700 -0.00176486 0.02139937
v 0.03600636 -0.00192595 0.02130821
v 0.03723033 -0.00216121 0.02116776
v 0.03926744 -0.00254694 0.02106015
v 0.04133607 -0.00294544 0.02080344
v 0.03078862 -0.00298283 0.02140739
v 0.04160131 -0.00094025 0.02119473
v 0.04363367 -0.00132406 0.02110958
v 0.04348447 -0.00245990 0.02088335
v 0.04484719 -0.00155162 0.02109365
v 0.04565835 -0.00170475 0.02106082
v 0.04769012 -0.00208832 0.02097848
v 0.04973513 -0.00247725 0.02083350
v 0.05383492 -0.00325907 0.02049734
v 0.05588480 -0.00364997 0.02032932
v 0.05615518 -0.00164686 0.02069631
v 0.05821378 -0.00204130 0.02048706
v 0.06025318 -0.00242796 0.02036861
v 0.06039827 -0.00245567 0.02035565
v 0.06230670 -0.00282033 0.02018339
v 0.06435112 -0.00320902 0.02004123
v 0.03285896 -0.00338201 0.02114262
v 0.03504771 -0.00272958 0.02117437
v 0.06461271 -0.00120236 0.02044977
v 0.06639470 -0.00359737 0.01990303
v -0.00496650 -0.00442053 0.02197078
v -0.00701370 -0.00403072 0.02212611
v -0.00902936 -0.00365367 0.02213226
v -0.00899744 -0.00341275 0.02217902
v -0.00924232 -0.00361330 0.02214442
v 0.00141005 -0.00357252 0.02203939
v 0.00342511 -0.00394932 0.02203611
v 0.00547885 -0.00434179 0.02184984
v 0.00156800 -0.00237831 0.02227250
v 0.00032774 -0.00336766 0.02209503
v 0.02435065 -0.00380596 0.02162935
v 0.02649474 -0.00362106 0.02149405
v 0.04252033 -0.00316971 0.02074032
v 0.04337272 -0.00333098 0.02069803
v 0.01184535 -0.00348972 0.02196595
v 0.00982195 -0.00310954 0.02200872
v 0.00983192 -0.00303323 0.02202412
v 0.00975502 -0.00309681 0.02201330
v -0.01944400 -0.00374485 0.02210793
v 0.06664822 -0.00158744 0.02034972
v 0.06869123 -0.00197556 0.02021425
v 0.07078910 -0.00032615 0.02031847
v 0.06939685 -0.00210918 0.02017682
v 0.07072907 -0.00236158 0.02010317
v 0.07103298 -0.00037206 0.02031153
v 0.07277770 -0.00275198 0.01994111
v 0.07306617 -0.00075620 0.02022247
v 0.07511438 -0.00114643 0.02006236
v 0.07716942 -0.00153942 0.01986994
v 0.07769548 -0.00163916 0.01983946
v 0.07920305 -0.00192374 0.01977882
v 0.08121961 -0.00230115 0.01976844
v 0.08325540 -0.00268634 0.01966707
v 0.08735137 -0.00140867 0.01980951
v 0.08771229 -0.00079945 0.01983364
v 0.08760578 -0.00145705 0.01979149
v 0.08962937 -0.00183731 0.01974785
v 0.08733878 -0.00346151 0.01940857
v 0.06859094 -0.00274110 0.02006057
v 0.06722898 -0.00375532 0.01985950
v 0.06843226 -0.00398329 0.01979329
v 0.08939973 -0.00385690 0.01918820
v 0.07691126 -0.00354748 0.01944516
v 0.07710848 -0.00203915 0.01974962
v 0.07541721 -0.00326582 0.01949713
v 0.07123287 0.00076954 0.02031847
v 0.09170276 -0.00223773 0.01946867
v 0.09201577 -0.00025188 0.01963393
v 0.09372562 -0.00262776 0.01920997
v 0.07894935 -0.00393360 0.01933293
v 0.08099086 -0.00432112 0.01920453
v 0.08304471 -0.00452359 0.01916582
v 0.08302358 -0.00470507 0.01911770
v 0.00756885 -0.00451701 0.02167276
v 0.00729012 -0.00469054 0.02162870
v 0.08505153 -0.00508709 0.01905345
v 0.07487370 -0.00316156 0.01955492
v 0.07463618 -0.00517798 0.01903250
v 0.07482051 -0.00365611 0.01940441
v 0.04541593 -0.00371918 0.02056158
v 0.07322026 -0.00490683 0.01917321
v 0.01387933 -0.00387418 0.02187318
v 0.06630575 -0.00434317 0.01971467
v 0.00754252 -0.00473828 0.02161657
v 0.00957219 -0.00512099 0.02154421
v 0.01163278 -0.00551624 0.02132550
v 0.03492185 -0.00377819 0.02091305
v 0.03698419 -0.00417414 0.02068608
v 0.03392797 -0.00358789 0.02101115
v 0.04747568 -0.00411408 0.02034687
v 0.06023577 -0.00257427 0.02033146
v 0.07048936 -0.00437711 0.01959111
v 0.01593996 -0.00426943 0.02165434
v 0.01807348 -0.00380782 0.02178125
v 0.03905970 -0.00457542 0.02039686
v 0.06413978 -0.00523604 0.01939496
v 0.06209654 -0.00484783 0.01953156
v 0.08710565 -0.00547971 0.01886536
v 0.08278692 -0.00466059 0.01912305
v 0.06002109 -0.00444657 0.01982053
v 0.04122333 -0.00393328 0.02053152
v 0.04956910 -0.00415035 0.02026294
v 0.07256896 -0.00478005 0.01928252
v 0.08917351 -0.00587789 0.01861231
v 0.06616608 -0.00561739 0.01933849
v 0.06438077 -0.00528140 0.01938808
v 0.02642682 -0.00420751 0.02133698
v 0.02848592 -0.00460214 0.02112537
v 0.02582798 -0.00409297 0.02139351
v 0.04110909 -0.00496612 0.02023117
v 0.03987833 -0.00473218 0.02031560
v 0.05157034 -0.00489382 0.02003496
v 0.09960926 -0.00691944 -0.00584649
v 0.09845845 -0.00838893 -0.00596394
v 0.09891670 -0.00830947 -0.00792524
v 0.09980642 -0.00704844 -0.00784512
v 0.09932429 -0.00850105 -0.00987403
v 0.10005844 -0.00718712 -0.00983133
v 0.09970066 -0.00885966 -0.01181512
v 0.10053577 -0.00736557 -0.01176651
v 0.10013683 -0.00889833 -0.01377097
v 0.09892065 -0.00901505 -0.00991535
v 0.09836080 -0.00882205 -0.00799886
v 0.09940029 -0.00919390 -0.01185000
v 0.09983685 -0.00936515 -0.01379441
v 0.10046991 -0.00504262 -0.00582525
v 0.10075278 -0.00749807 -0.01376065
v 0.10056768 -0.00515408 -0.00784639
v 0.10038836 -0.00493402 -0.00380043
v 0.10071947 -0.00527507 -0.00985530
v 0.10114726 -0.00544477 -0.01180170
v 0.10133266 -0.00557169 -0.01380300
v 0.10066354 -0.00754029 -0.01503835
v 0.10061420 -0.00756782 -0.01583533
v 0.09990170 -0.00947080 -0.01582301
v 0.09905490 -0.00941556 -0.01805810
v 0.10006971 -0.00756593 -0.01800194
v 0.09890982 -0.00958344 -0.01807440
v 0.09896790 -0.00940548 -0.01819215
v 0.09946766 -0.00749528 -0.01891032
v 0.09732630 -0.00917994 -0.01995558
v 0.09764423 -0.00810283 -0.02052005
v 0.09829966 -0.00734777 -0.02044614
v 0.09789522 -0.00729775 -0.02100090
v 0.10100342 -0.00098512 -0.00400850
v 0.10100012 0.00104418 -0.00418294
v 0.10104500 0.00113047 -0.00212949
v 0.10096771 -0.00107302 -0.00605988
v 0.10099656 0.00095061 -0.00622704
v 0.10098725 -0.00073923 -0.00198162
v 0.10098363 -0.00089275 -0.00208525
v 0.10098242 -0.00088721 -0.00196997
v 0.10085229 -0.00308137 -0.00591233
v 0.10082734 -0.00298276 -0.00387469
v 0.10082898 -0.00294273 -0.00299968
v 0.10081204 -0.00288586 -0.00183487
v 0.10087328 -0.00317928 -0.00795087
v 0.10111927 0.00116493 -0.00108088
v 0.10116174 0.00120407 -0.00005975
v 0.10112996 -0.00081904 0.00010674
v 0.10126763 -0.00074913 0.00218121
v 0.10143878 0.00134359 0.00408958
v 0.10140596 -0.00067934 0.00425583
v 0.10128889 0.00127584 0.00201233
v 0.10107760 -0.00274431 0.00231186
v 0.10164569 0.00139106 0.00595808
v 0.10136450 -0.00222814 0.00437967
v 0.10148815 -0.00065775 0.00505728
v 0.10134054 -0.00269651 0.00441471
v 0.10147226 -0.00262555 0.00648783
v 0.10156778 -0.00061369 0.00633578
v 0.10165801 0.00139911 0.00618252
v 0.10159699 -0.00052464 0.00838568
v 0.10167279 0.00149071 0.00822916
v 0.10153030 -0.00254159 0.00854427
v 0.10131902 -0.00270186 0.00421136
v 0.10155753 -0.00042347 0.01042003
v 0.10085758 -0.00279969 0.00021874
v 0.10152574 0.00161086 0.01023914
v 0.10110133 0.00224325 -0.00016150
v 0.10103827 0.00325458 -0.00026141
v 0.10106974 0.00329761 0.00079947
v 0.10108115 0.00334122 0.00179159
v 0.10088891 0.00318673 -0.00233853
v 0.10124557 0.00340641 0.00387212
v 0.10140041 0.00347329 0.00595048
v 0.10079268 0.00310951 -0.00440362
v 0.10163633 0.00159832 0.00616088
v 0.10108470 -0.00118787 -0.00807667
v 0.10106004 0.00084520 -0.00825595
v 0.10087967 0.00299995 -0.00642720
v 0.10087322 0.00293786 -0.00780010
v 0.10091939 0.00240488 -0.00841922
v 0.10088375 0.00290503 -0.00846957
v 0.10143176 -0.00242999 0.01056524
v 0.10120230 -0.00130283 -0.01009333
v 0.10116836 0.00073188 -0.01027471
v 0.10112768 0.00114703 -0.01031885
v 0.10117180 0.00070431 -0.01085862
v 0.10123732 0.00062550 -0.01230238
v 0.10129540 -0.00032779 -0.01220848
v 0.10133011 -0.00151380 -0.01415096
v 0.10135015 -0.00148054 -0.01334835
v 0.10138292 -0.00223173 -0.01407833
v 0.10116128 0.00054472 -0.01436289
v 0.10107190 0.00268341 -0.01251354
v 0.10100908 0.00278871 -0.01048448
v 0.10075986 0.00392356 -0.00653161
v 0.10147336 0.00309862 0.00804934
v 0.10140820 0.00356612 0.00799554
v 0.10103057 -0.00330124 -0.00995853
v 0.10142912 -0.00143706 -0.01208524
v 0.10154612 -0.00358063 -0.01392834
v 0.10143879 -0.00346749 -0.01190936
v 0.10058410 0.00508083 -0.00666784
v 0.10056787 0.00498949 -0.00871481
v 0.10048649 0.00483317 -0.00461592
v 0.10045262 0.00522083 -0.00416434
v 0.10041993 0.00520401 -0.00466174
v 0.10048995 0.00528586 -0.00260259
v 0.10061016 0.00535885 -0.00053207
v 0.10121377 0.00369463 0.00999479
v 0.10128452 0.00364996 0.00931267
v 0.10062142 0.00545107 0.00151377
v 0.10096685 0.00389593 0.00171994
v 0.10076679 0.00519779 0.00361754
v 0.10105364 -0.00358793 -0.01608318
v 0.10092603 0.00383962 0.01197291
v 0.10132117 -0.00358142 -0.01485728
v 0.10069011 0.00556398 0.00424141
v 0.10070711 0.00562435 0.00561976
v 0.10066794 0.00553706 0.00356760
v 0.10115479 0.00177053 0.01219841
v 0.10126313 -0.00027731 0.01239664
v 0.10081718 0.00192431 0.01416524
v 0.10059480 0.00399228 0.01394117
v 0.10115971 -0.00228778 0.01254691
v 0.10069180 0.00265629 -0.01464292
v 0.10083667 -0.00152092 -0.01630601
v 0.10125770 -0.00452221 0.00865622
v 0.10120350 -0.00441844 0.01068723
v 0.10118037 -0.00460277 0.00659541
v 0.10085877 -0.00011174 0.01434835
v 0.10084214 -0.00213753 0.01451827
v 0.10098889 -0.00466318 0.00450875
v 0.10092556 -0.00427518 0.01266757
v 0.10074494 -0.00471433 0.00241021
v 0.10096193 -0.00466986 0.00425456
v 0.10062425 -0.00412780 0.01464261
v 0.10092653 -0.00559423 -0.01593827
v 0.10104483 -0.00558212 -0.01519606
v 0.10043400 -0.00475367 0.00029649
v 0.10028637 -0.00482182 -0.00178024
v 0.10030554 -0.00484335 -0.00216953
v 0.10081451 0.00431810 0.01190837
v 0.10038590 0.00492740 -0.01079931
v 0.10043899 0.00468127 0.01384925
v 0.10030932 -0.00557951 -0.01812136
v 0.10116969 0.00384615 0.00997250
v 0.10064969 0.00572869 0.00765005
v 0.10048043 0.00057066 -0.01656039
v 0.10041120 0.00057303 -0.01678971
v 0.10042688 0.00090493 -0.01660033
v 0.10046513 0.00266380 -0.01539883
v 0.10048377 0.00358148 -0.01476610
v 0.10026095 0.00263812 -0.01678380
v 0.10031830 0.00475092 -0.01490121
v 0.09992368 0.00057471 -0.01872979
v 0.10010080 -0.00148526 -0.01851597
v 0.10029445 -0.00149230 -0.01788344
v 0.10014590 -0.00297045 -0.01837928
v 0.09956379 0.00700699 -0.01320250
v 0.09955251 0.00710319 -0.01116177
v 0.10054308 0.00584171 0.00966919
v 0.10033070 0.00597340 0.01166438
v 0.10001905 0.00612260 0.01363708
v 0.10003550 0.00592759 -0.01095902
v 0.09974710 0.00675678 -0.00903962
v 0.10018190 -0.00352829 -0.01832391
v 0.09945238 0.00268660 -0.01901022
v 0.10023833 0.00587769 -0.00270645
v 0.09996335 0.00677872 -0.00079036
v 0.09967649 0.00761621 0.00112865
v 0.10018058 0.00680592 0.00745865
v 0.10049250 0.00610252 0.00553346
v 0.09953059 0.00479572 -0.01712291
v 0.09930798 0.00480575 -0.01780796
v 0.09932594 0.00326643 -0.01908659
v 0.09885652 0.00482047 -0.01931888
v 0.09965452 0.00765669 0.00125722
v 0.09957065 0.00775942 0.00314537
v 0.09984243 0.00736901 0.00939032
v 0.09928458 0.00696206 -0.01530903
v 0.10008130 -0.00351858 -0.01852113
v 0.09948512 0.00720929 -0.00913374
v 0.09948684 0.00783874 0.01132629
v 0.09862027 0.00897976 -0.01151950
v 0.09947536 0.00787044 0.00516708
v 0.09927531 0.00536774 -0.01722585
v 0.09918422 0.00696849 -0.01557647
v 0.09856256 0.00699527 -0.01751586
v 0.09909324 0.00810514 0.01327163
v 0.09892132 0.00821821 -0.01344201
v 0.09916995 0.00717620 -0.01535160
v 0.09928868 0.00270095 -0.01936268
v 0.09918385 0.00745086 -0.00511540
v 0.09912268 0.00755586 -0.00308596
v 0.09786261 0.00706443 -0.01885362
v 0.09911296 0.00065951 -0.02017743
v 0.09983191 -0.00553020 -0.01898742
v 0.09939055 0.00797962 0.00719116
v 0.09931802 0.00808662 0.00921802
v 0.09903366 0.00768426 -0.00516713
v 0.10010045 0.00412953 0.01491406
v 0.09794005 0.00492045 -0.02086598
v 0.09923808 0.00819493 0.01124321
v 0.09967034 0.00294113 0.01588711
v 0.09934795 0.00761031 -0.00099165
v 0.09790581 0.00629243 -0.01964587
v 0.09885767 -0.00134971 -0.02061580
v 0.09890201 -0.00339663 -0.02065710
v 0.09882130 -0.00541112 -0.02050168
v 0.09863802 -0.00337337 -0.02122276
v 0.09875475 -0.00216159 -0.02079397
v 0.09832415 -0.00535887 -0.02138398
v 0.09971407 0.00221319 0.01595868
v 0.09778150 0.00799953 -0.01776695
v 0.09805303 0.00930232 -0.01371838
v 0.09964751 0.00765165 0.00111949
v 0.09729889 -0.00115772 -0.02277102
v 0.09981919 0.00016592 0.01615618
v 0.09860313 -0.00131517 -0.02089848
v 0.09748534 0.00087939 -0.02200697
v 0.09762487 0.00241721 -0.02142483
v 0.09805025 0.00081112 -0.02119740
v 0.09749881 0.00293715 -0.02149599
v 0.09611801 0.00310645 -0.02342188
v 0.09624693 0.00516685 -0.02238571
v 0.09851358 0.00737614 0.01526287
v 0.09902803 0.00639169 0.01545591
v 0.09956296 0.00426857 0.01575076
v 0.09768889 0.00290956 -0.02132391
v 0.09687876 0.00507529 -0.02181012
v 0.09716564 0.00714759 -0.01987555
v 0.09945781 0.00227720 0.01630814
v 0.09597881 0.00108247 -0.02370987
v 0.09625908 -0.00099571 -0.02347270
v 0.09585911 0.00109870 -0.02384314
v 0.09590665 0.00147625 -0.02375884
v 0.09628014 0.00726602 -0.02089675
v 0.09700703 -0.00315212 -0.02303634
v 0.09675292 -0.00514031 -0.02301346
v 0.09624751 0.00567201 -0.02199465
v -0.01732297 -0.00213604 -0.02275076
v -0.01934289 -0.00175728 -0.02272449
v -0.01898152 0.00020898 -0.02278798
v -0.02099492 0.00058510 -0.02279254
v -0.02136500 -0.00137762 -0.02268787
v -0.01714533 -0.00013950 -0.02290206
v -0.01776869 -0.00406814 -0.02228827
v -0.02303334 0.00097137 -0.02267873
v -0.02336702 -0.00100610 -0.02274623
v -0.02541713 -0.00061511 -0.02257714
v -0.02268722 0.00294380 -0.02267007
v -0.02379356 -0.00294596 -0.02237448
v -0.02548335 -0.00094787 -0.02254406
v -0.02456884 0.00126476 -0.02254018
v -0.01666542 0.00136114 -0.02292910
v -0.01693970 -0.00017866 -0.02291786
v -0.01975487 -0.00370303 -0.02242157
v -0.02540186 -0.00264567 -0.02238147
v -0.02407741 -0.00404975 -0.02198128
v -0.02427169 -0.00486492 -0.02175864
v -0.02229746 -0.00522519 -0.02156879
v -0.01658855 0.00179173 -0.02293296
v -0.01862516 0.00217726 -0.02282776
v -0.01838907 0.00419425 -0.02229856
v -0.02044353 0.00458701 -0.02210891
v -0.01829106 0.00565981 -0.02158942
v -0.01699149 0.00601371 -0.02134500
v -0.01621197 0.00586444 -0.02142238
v -0.01621027 0.00616832 -0.02119310
v -0.01825208 0.00625139 -0.02130056
v -0.01635162 0.00380839 -0.02240776
v -0.02041311 0.00493054 -0.02197556
v -0.02392242 0.00317940 -0.02256746
v -0.02064009 0.00255400 -0.02282509
v -0.01579180 -0.00442948 -0.02211097
v -0.02580344 -0.00257126 -0.02239568
v -0.02269471 -0.00515213 -0.02159462
v -0.01421289 0.00623060 -0.02077621
v -0.01422435 0.00549876 -0.02129583
v -0.01220689 0.00633904 -0.02036145
v -0.01221564 0.00512453 -0.02126908
v -0.01013610 0.00679405 -0.01996267
v -0.01017548 0.00473756 -0.02139112
v -0.01238263 0.00307954 -0.02212517
v -0.00997626 0.00680442 -0.01992977
v -0.00807225 0.00643767 -0.02016546
v -0.00816880 0.00436415 -0.02135477
v -0.00602687 0.00604859 -0.02031216
v -0.00397347 0.00565626 -0.02049683
v -0.00399390 0.00541156 -0.02059727
v -0.00359515 0.00558412 -0.02052776
v -0.00610108 0.00476188 -0.02098708
v -0.00818523 0.00423535 -0.02138257
v -0.01722210 -0.00215467 -0.02274576
v -0.01566819 -0.00392737 -0.02226551
v -0.01461476 -0.00464352 -0.02198151
v -0.01381964 -0.00478890 -0.02191132
v -0.01531588 -0.00250962 -0.02271633
v -0.02538015 -0.00039574 -0.02256951
v -0.01646390 0.00176896 -0.02292141
v -0.01461173 0.00143042 -0.02275535
v -0.01492374 -0.00055582 -0.02292538
v -0.01293784 -0.00092081 -0.02279070
v -0.01259152 0.00105153 -0.02278302
v -0.01239919 0.00293803 -0.02216228
v -0.01094494 -0.00128864 -0.02268920
v -0.01134729 -0.00323829 -0.02243183
v -0.00932179 -0.00361932 -0.02248450
v -0.00986419 -0.00551226 -0.02156466
v -0.01184702 -0.00514851 -0.02171383
v -0.00789757 -0.00586944 -0.02133879
v -0.00736854 -0.00397109 -0.02219541
v -0.00590480 -0.00623721 -0.02123662
v -0.00541992 -0.00432098 -0.02188437
v -0.00391508 -0.00660375 -0.02112004
v -0.00345796 -0.00467627 -0.02163645
v -0.00194945 -0.00696053 -0.02088950
v -0.00315030 -0.00473218 -0.02160183
v -0.00169131 -0.00588906 -0.02119437
v -0.00000872 -0.00730722 -0.02054114
v 0.00014673 -0.00667924 -0.02073818
v 0.00051191 -0.00540547 -0.02135802
v 0.00245242 -0.00575207 -0.02100862
v 0.00096558 -0.00347660 -0.02185815
v 0.00289494 -0.00381869 -0.02145601
v 0.00203184 -0.00721762 -0.02029359
v 0.00442310 -0.00611090 -0.02080194
v -0.00100977 -0.00311588 -0.02204271
v -0.00059591 -0.00117089 -0.02235449
v -0.00258270 -0.00080554 -0.02248492
v -0.00231671 0.00119935 -0.02209722
v -0.00299393 -0.00275160 -0.02218560
v -0.00031165 0.00082660 -0.02205318
v -0.00461493 -0.00042178 -0.02240042
v -0.00003151 0.00282575 -0.02173236
v 0.00172631 0.00044052 -0.02216479
v -0.00069628 0.00294962 -0.02174077
v 0.00192502 -0.00765108 -0.02015974
v 0.00204051 0.00242588 -0.02200512
v 0.00370305 0.00007924 -0.02198679
v 0.00333218 -0.00188316 -0.02187837
v 0.00405528 0.00204920 -0.02200706
v 0.00569020 -0.00028625 -0.02185804
v 0.00603994 0.00168471 -0.02186652
v 0.00801356 0.00132470 -0.02167376
v 0.00632504 0.00368186 -0.02156919
v 0.00833390 0.00330757 -0.02154312
v 0.01030007 0.00295057 -0.02131515
v 0.00855460 0.00533080 -0.02094114
v 0.01012612 0.00184351 -0.02140970
v 0.01057814 0.00495056 -0.02098455
v 0.01260365 0.00456953 -0.02103725
v 0.01248906 0.00386157 -0.02108298
v 0.01066640 0.00702743 -0.01975604
v 0.00645933 0.00574008 -0.02055840
v 0.00225606 0.00445120 -0.02137878
v 0.00898091 0.00114764 -0.02159220
v 0.01134616 0.00275896 -0.02123017
v 0.00533118 -0.00225346 -0.02180568
v 0.01289002 0.00451522 -0.02105418
v 0.01480841 0.00564639 -0.02074551
v 0.01485357 0.00621023 -0.02050555
v 0.01609197 0.00597888 -0.02050264
v 0.01468855 0.00416444 -0.02137096
v 0.01688951 0.00615654 -0.02034926
v 0.00136284 -0.00152488 -0.02209139
v 0.00003424 0.00334260 -0.02161999
v -0.00220033 0.00201134 -0.02197837
v -0.00202854 0.00319525 -0.02181438
v -0.00146366 -0.00504466 -0.02154156
v -0.00694501 -0.00203001 -0.02255292
v -0.00602673 -0.00219585 -0.02242702
v -0.00538346 -0.00028065 -0.02245502
v -0.00659203 -0.00006036 -0.02257673
v -0.00859266 0.00031060 -0.02264170
v -0.00839623 0.00234366 -0.02192488
v -0.01038658 0.00271044 -0.02203852
v -0.00634634 0.00195275 -0.02209293
v -0.00509973 -0.00287677 -0.02217277
v -0.00891820 -0.00167017 -0.02274772
v -0.00454180 0.00010818 -0.02231039
v -0.01203082 0.00301536 -0.02209103
v 0.01687681 0.00583011 -0.02054757
v 0.00023597 0.00483003 -0.02135171
v -0.00186420 0.00524130 -0.02094581
v 0.00029277 0.00691964 -0.01997438
v 0.00239562 0.00650729 -0.02039294
v 0.00443345 0.00612126 -0.02050397
v 0.00435360 0.00520378 -0.02086628
v 0.00227312 0.00469687 -0.02126267
v 0.00618542 0.00579262 -0.02052947
v -0.00182336 0.00640028 -0.02022310
v -0.01331843 -0.00287928 -0.02263633
v 0.01276314 0.00661755 -0.02014572
v -0.01723591 -0.00169098 -0.02278838
v -0.02623347 -0.00450971 -0.02200744
v -0.02481582 -0.00675716 -0.02083061
v -0.02674455 -0.00641532 -0.02123572
v -0.02779536 -0.00220383 -0.02250188
v -0.02744145 -0.00023456 -0.02253007
v -0.02944870 0.00013908 -0.02256373
v -0.02917169 0.00213950 -0.02222814
v -0.03119535 0.00251978 -0.02218414
v -0.02712291 0.00174904 -0.02239094
v -0.02887555 0.00413217 -0.02198303
v -0.03147169 0.00051909 -0.02252295
v -0.03349205 0.00089804 -0.02249457
v -0.03214885 0.00269664 -0.02221374
v -0.03095551 0.00401931 -0.02207472
v -0.03319194 0.00288910 -0.02226827
v -0.03087870 0.00450415 -0.02203610
v -0.03287727 0.00487427 -0.02211079
v -0.03263743 0.00688974 -0.02159939
v -0.03485184 0.00523467 -0.02229905
v -0.03517319 0.00325221 -0.02242492
v -0.03548872 0.00126739 -0.02257827
v -0.03680074 0.00558467 -0.02260876
v -0.03710923 0.00359700 -0.02279542
v -0.03743822 0.00161763 -0.02288515
v -0.03907270 0.00395290 -0.02303623
v -0.03780014 -0.00034840 -0.02281908
v -0.03579728 -0.00063675 -0.02269958
v -0.03586460 -0.00070506 -0.02270796
v -0.03940986 0.00197685 -0.02308726
v -0.03814848 -0.00231993 -0.02281723
v -0.03425453 0.00103952 -0.02251698
v -0.03639076 -0.00264092 -0.02265344
v -0.03617253 -0.00268089 -0.02263550
v -0.03629722 -0.00331142 -0.02257626
v -0.03460704 -0.00498822 -0.02215809
v -0.03418384 -0.00304701 -0.02251405
v -0.03265929 -0.00533776 -0.02184295
v -0.03304105 -0.00729575 -0.02168301
v -0.03112745 -0.00763146 -0.02120630
v -0.03326031 -0.00831135 -0.02150622
v -0.03431989 -0.00706382 -0.02183701
v -0.03346403 -0.00923705 -0.02132805
v -0.03500656 -0.00693902 -0.02191411
v -0.03539524 -0.00889421 -0.02172144
v -0.03694670 -0.00659256 -0.02226523
v -0.03733397 -0.00854833 -0.02207927
v -0.03886803 -0.00625373 -0.02270536
v -0.03850089 -0.00428981 -0.02279613
v -0.03924876 -0.00821214 -0.02255032
v -0.04081193 -0.00590575 -0.02303873
v -0.04117825 -0.00787000 -0.02295182
v -0.04276530 -0.00555393 -0.02332724
v -0.04311973 -0.00752300 -0.02329662
v -0.04153858 -0.00983667 -0.02289325
v -0.04348137 -0.00948915 -0.02323187
v -0.04189147 -0.01180636 -0.02286989
v -0.03999298 -0.01213595 -0.02232175
v -0.04034745 -0.01410500 -0.02229090
v -0.03849211 -0.01441711 -0.02153863
v -0.03811465 -0.01245737 -0.02167821
v -0.04227631 -0.01376311 -0.02269540
v -0.04072744 -0.01606371 -0.02213936
v -0.04266852 -0.01571687 -0.02248604
v -0.04109806 -0.01802622 -0.02203212
v -0.04305023 -0.01767489 -0.02232632
v -0.04146612 -0.01998976 -0.02193698
v -0.03956721 -0.02031952 -0.02139081
v -0.03989135 -0.02230085 -0.02150345
v -0.03800357 -0.02262610 -0.02090464
v -0.04345858 -0.01962211 -0.02204059
v -0.04389095 -0.02155961 -0.02164124
v -0.04182195 -0.02195826 -0.02189969
v -0.04424392 -0.01340553 -0.02291657
v -0.04594367 -0.02114806 -0.02103694
v -0.04430227 -0.02350563 -0.02134148
v -0.04616049 -0.02313852 -0.02091236
v -0.03831050 -0.02461440 -0.02109865
v -0.03967141 -0.02437788 -0.02148589
v -0.04016749 -0.02401732 -0.02162163
v -0.04386438 -0.01144663 -0.02306599
v -0.04470264 -0.02545609 -0.02109353
v -0.04257973 -0.02587657 -0.02160701
v -0.04297766 -0.02782802 -0.02137055
v -0.04081016 -0.02620563 -0.02157012
v -0.04040682 -0.02424810 -0.02165246
v -0.04057351 -0.02624979 -0.02156848
v -0.04100163 -0.02820056 -0.02143980
v -0.04132800 -0.03016944 -0.02129132
v -0.04104125 -0.02869191 -0.02140611
v -0.04511402 -0.02740209 -0.02079344
v -0.04335380 -0.02978829 -0.02123724
v -0.04094532 -0.03023922 -0.02125335
v -0.04143379 -0.03079195 -0.02130928
v -0.04166471 -0.03214568 -0.02134449
v -0.04200842 -0.03208033 -0.02132045
v -0.04201317 -0.03389166 -0.02116637
v -0.04205508 -0.03410019 -0.02114381
v -0.04008478 -0.03445886 -0.02093535
v -0.03970868 -0.03249857 -0.02106853
v -0.03895067 -0.03464866 -0.02045419
v -0.04195675 -0.03411816 -0.02113505
v -0.04048706 -0.03640856 -0.02067837
v -0.04089983 -0.03633341 -0.02072197
v -0.04065135 -0.03722957 -0.02059272
v -0.04087933 -0.03836229 -0.02046873
v -0.03860690 -0.03673072 -0.02004350
v -0.03899870 -0.03868463 -0.01983603
v -0.03935940 -0.04065117 -0.01977573
v -0.04127463 -0.04031481 -0.02024475
v -0.03971183 -0.04262104 -0.01975457
v -0.04166395 -0.04226973 -0.02004903
v -0.04324412 -0.03995646 -0.02045700
v -0.04362929 -0.04191307 -0.02028095
v -0.04200793 -0.04424302 -0.02006781
v -0.04401806 -0.04386822 -0.02008783
v -0.03778982 -0.04296015 -0.01931765
v -0.04005718 -0.04459378 -0.01976688
v -0.04285302 -0.03800224 -0.02066113
v -0.04002358 -0.03648805 -0.02052350
v -0.03935462 -0.03052936 -0.02109740
v -0.04240483 -0.00358732 -0.02338648
v -0.04607712 -0.02518195 -0.02071978
v -0.03962774 -0.01017126 -0.02240352
v -0.04045242 -0.00393874 -0.02309338
v -0.03839009 -0.02513190 -0.02115048
v -0.03583320 -0.01082945 -0.02129564
v -0.03068966 -0.00569616 -0.02163132
v -0.02921317 -0.00796744 -0.02073286
v -0.02870978 -0.00605871 -0.02146817
v -0.03120777 -0.00795395 -0.02110294
v -0.03025965 -0.00375770 -0.02201949
v -0.03222496 -0.00340105 -0.02225158
v -0.03656039 -0.00463641 -0.02244673
v -0.03481260 -0.00599238 -0.02203290
v -0.03580968 -0.00071523 -0.02270595
v -0.03874581 0.00593312 -0.02293658
v -0.04207461 -0.00160845 -0.02330262
v -0.04406172 -0.00124297 -0.02343156
v -0.04368470 0.00071694 -0.02356907
v -0.04173651 0.00036723 -0.02325599
v -0.04335660 0.00269668 -0.02347513
v -0.04138863 0.00233895 -0.02325564
v -0.04302209 0.00467381 -0.02341156
v -0.04461024 0.00699032 -0.02378178
v -0.04266987 0.00664377 -0.02343176
v -0.04427636 0.00896770 -0.02371523
v -0.04231721 0.00861355 -0.02345402
v -0.04392891 0.01093960 -0.02371284
v -0.04195201 0.01057825 -0.02353559
v -0.04493932 0.01113419 -0.02358853
v -0.04036589 0.00826257 -0.02315575
v -0.03998930 0.01022266 -0.02329123
v -0.04160393 0.01254989 -0.02353623
v -0.03960585 0.01217997 -0.02345917
v -0.04123764 0.01451415 -0.02362296
v -0.04318875 0.01486505 -0.02392220
v -0.03927894 0.01416018 -0.02335964
v -0.04086864 0.01647731 -0.02372253
v -0.03898452 0.01615355 -0.02310639
v -0.04056549 0.01846714 -0.02351061
v -0.04250118 0.01881180 -0.02388276
v -0.04211819 0.02076929 -0.02404852
v -0.04022355 0.02044126 -0.02348217
v -0.03926296 0.01824733 -0.02299761
v -0.03988974 0.02038665 -0.02331327
v -0.04006248 0.02141129 -0.02343751
v -0.03989208 0.02241963 -0.02340419
v -0.04050964 0.02252478 -0.02362737
v -0.04143343 0.02471719 -0.02399580
v -0.03955777 0.02439685 -0.02333964
v -0.04108509 0.02668872 -0.02399766
v -0.03922414 0.02637434 -0.02327190
v -0.04072939 0.02865727 -0.02403428
v -0.04190986 0.02682931 -0.02429190
v -0.04242070 0.02894818 -0.02458129
v -0.04225724 0.03094935 -0.02468981
v -0.04244251 0.02992545 -0.02466958
v -0.04462089 0.02935472 -0.02468351
v -0.04273147 0.02900303 -0.02465168
v -0.04405628 0.02720810 -0.02477806
v -0.04295181 0.02700544 -0.02469610
v -0.04514399 0.02534136 -0.02550096
v -0.04327328 0.02502302 -0.02482140
v -0.04363783 0.02305806 -0.02474287
v -0.04529093 0.02336855 -0.02471032
v -0.04421488 0.03130290 -0.02495816
v -0.04475120 0.02124457 -0.02441438
v -0.04497384 0.01925515 -0.02429111
v -0.04442585 0.01915199 -0.02430709
v -0.04475534 0.01717283 -0.02439441
v -0.03776548 0.02411027 -0.02228911
v -0.03886439 0.02834124 -0.02332774
v -0.04039535 0.03063459 -0.02396851
v -0.03746306 0.02610040 -0.02207370
v -0.03807865 0.02212450 -0.02245361
v -0.04146158 0.02454980 -0.02400197
v -0.04261407 0.02898126 -0.02464782
v -0.04175756 0.02273585 -0.02410849
v -0.04405679 0.02111512 -0.02440694
v -0.03876345 0.01773742 -0.02284837
v -0.03744795 0.01385793 -0.02249213
v -0.03805328 0.00987787 -0.02292063
v -0.03729141 0.01498916 -0.02230190
v -0.03771013 0.01185150 -0.02289788
v -0.03679845 0.01375497 -0.02209203
v -0.03717018 0.01585804 -0.02216013
v -0.03690968 0.01786515 -0.02174645
v -0.03577795 0.01246249 -0.02176565
v -0.04527081 0.01322141 -0.02383730
v -0.04547407 0.01370669 -0.02392182
v -0.04151345 0.02473064 -0.02402842
v -0.04358178 0.01291162 -0.02370895
v -0.03648577 0.00756972 -0.02245274
v -0.03457986 0.00723713 -0.02193968
v -0.03066867 0.00653170 -0.02138362
v -0.02868639 0.00616817 -0.02123186
v -0.02880413 0.00490551 -0.02169582
v -0.02662323 0.00594961 -0.02132420
v -0.03245645 0.00892906 -0.02080948
v -0.03058862 0.00835435 -0.02031696
v -0.02694585 0.00583589 -0.02138266
v -0.02444342 0.00698792 -0.02095231
v -0.03197825 0.00884690 -0.02065288
v -0.02452992 0.00536340 -0.02183612
v -0.02823287 -0.00413925 -0.02207823
v -0.03336571 0.00174845 -0.02238979
v -0.02247656 0.00497109 -0.02202060
v -0.03854155 0.03032310 -0.02320894
v -0.04006422 0.03261309 -0.02388890
v -0.03823264 0.03231061 -0.02302420
v -0.03973981 0.03459431 -0.02377757
v -0.04161096 0.03491283 -0.02445507
v -0.04128834 0.03689478 -0.02433523
v -0.03942487 0.03657937 -0.02362138
v -0.04099579 0.03888889 -0.02407315
v -0.04292024 0.03922899 -0.02449851
v -0.04256657 0.04119838 -0.02452554
v -0.04454362 0.04155978 -0.02470206
v -0.04415123 0.04351346 -0.02491230
v -0.04221842 0.04316997 -0.02452649
v -0.04570990 0.04382386 -0.02449884
v -0.04597957 0.04524538 -0.02467755
v -0.04578621 0.04180862 -0.02434243
v -0.04581792 0.04586179 -0.02491100
v -0.04489194 0.03958823 -0.02470032
v -0.04067763 0.04087266 -0.02393221
v -0.03791894 0.03429617 -0.02286217
v 0.01041371 0.00707515 -0.01974546
v 0.01066868 0.00711836 -0.01969526
v 0.00863991 0.00740886 -0.01969869
v -0.01452880 0.00216832 -0.02254655
v -0.03839265 0.02013905 -0.02261426
v -0.00407694 0.00358555 -0.02165341
v -0.04191857 0.03292480 -0.02464588
v -0.04356984 0.03526687 -0.02471753
v -0.02181903 -0.00330635 -0.02218602
v -0.02680532 0.00373303 -0.02224730
v -0.04011567 -0.00196252 -0.02304040
v -0.02548266 -0.00060269 -0.02257346
v -0.03054860 0.00444296 -0.02202498
v -0.03761630 0.03628621 -0.02264786
v -0.03658519 0.03409873 -0.02173735
v -0.03693515 0.03618921 -0.02199031
v -0.02281660 -0.00712754 -0.02075896
v -0.03795426 0.04042649 -0.02256852
v -0.03819659 0.04249796 -0.02279710
v -0.03851132 0.04254720 -0.02300499
v -0.03818677 0.04452838 -0.02289424
v -0.03833249 0.04366252 -0.02292553
v -0.03908216 0.04468297 -0.02317137
v -0.03976554 0.04684109 -0.02330886
v -0.03998427 0.04544919 -0.02342766
v -0.04076390 0.04700847 -0.02372597
v -0.04135175 0.04915680 -0.02368831
v -0.04151713 0.04787204 -0.02395913
v -0.03946998 0.04883399 -0.02306100
v -0.04117915 0.05119952 -0.02285875
v -0.03923628 0.05085196 -0.02252054
v -0.03912763 0.05240434 -0.02179070
v -0.04112761 0.05232816 -0.02220695
v -0.04106979 0.05326785 -0.02173007
v -0.03907347 0.05289864 -0.02164467
v -0.03904404 0.05499932 -0.02013789
v -0.03987965 0.05515570 -0.02013388
v -0.04105971 0.05506357 -0.02037544
v -0.03904279 0.05523037 -0.01996337
v -0.04312229 0.05365981 -0.02154966
v -0.04160723 0.04714767 -0.02412571
v -0.03759140 0.04851247 -0.02241867
v -0.04318005 0.05157059 -0.02292244
v -0.04007014 0.04485184 -0.02351396
v -0.04190619 0.04515614 -0.02435749
v -0.03789317 0.04652208 -0.02263715
v -0.03886009 0.04057586 -0.02300110
v -0.04440153 -0.04582553 -0.01991981
v -0.04478395 -0.04778325 -0.01975676
v -0.04521225 -0.04972240 -0.01937669
v -0.04316904 -0.05011060 -0.01951314
v -0.04357965 -0.05205691 -0.01921673
v -0.04164744 -0.05240015 -0.01882806
v -0.04121488 -0.05046273 -0.01922832
v -0.03973552 -0.05273518 -0.01834344
v -0.03929629 -0.05080046 -0.01877522
v -0.03784397 -0.05306195 -0.01776242
v -0.03739351 -0.05113178 -0.01824735
v -0.03889127 -0.04885189 -0.01904522
v -0.03700661 -0.04917587 -0.01843162
v -0.03840175 -0.05494866 -0.01676979
v -0.03850438 -0.04689598 -0.01922939
v -0.04080373 -0.04851664 -0.01952726
v -0.04020974 -0.05465573 -0.01774611
v -0.04403759 -0.05398405 -0.01869638
v -0.04276025 -0.04816355 -0.01980092
v -0.04073338 0.00629879 -0.02306335
v -0.03840410 0.00790734 -0.02290703
v -0.00793418 0.00432113 -0.02133684
v -0.03976706 0.00000890 -0.02304353
v -0.04037328 0.04286200 -0.02372594
v -0.02508232 0.00136190 -0.02251499
v -0.04043021 -0.04655532 -0.01964825
v -0.03814364 -0.04492946 -0.01928990
v 0.00646662 0.00588474 -0.02047791
v -0.04330778 0.04950970 -0.02396424
v -0.04350891 0.04747855 -0.02465879
v -0.03773176 -0.01049983 -0.02184346
v 0.01896094 0.00542534 -0.02087758
v 0.01877409 0.00338840 -0.02163968
v 0.02103119 0.00502619 -0.02114193
v 0.02096870 0.00436070 -0.02138457
v 0.02234610 0.00478098 -0.02112939
v 0.02308224 0.00504441 -0.02099633
v 0.02306728 0.00464087 -0.02124473
v 0.02497289 0.00219578 -0.02237626
v 0.02294837 0.00257641 -0.02232822
v 0.02723525 0.00383143 -0.02190342
v 0.02717098 0.00329966 -0.02203400
v 0.02805225 0.00367979 -0.02188026
v 0.02934407 0.00430195 -0.02166045
v 0.02928678 0.00343986 -0.02207922
v 0.02947726 0.00547533 -0.02133428
v 0.02509084 0.00217369 -0.02237731
v 0.02495653 0.00207601 -0.02239734
v 0.03069381 0.00524234 -0.02145564
v 0.03154908 0.00507554 -0.02160606
v 0.03156966 0.00558516 -0.02129985
v 0.03365070 0.00609506 -0.02090360
v 0.03358913 0.00468862 -0.02172755
v 0.03336784 0.00266563 -0.02232677
v 0.03535730 0.00229920 -0.02220895
v 0.03563230 0.00430044 -0.02186383
v 0.03573747 0.00637045 -0.02071533
v 0.03761216 0.00393789 -0.02170061
v 0.03507218 0.00649838 -0.02063764
v 0.03530553 0.00195254 -0.02225047
v 0.03317664 0.00118667 -0.02263492
v 0.03112223 0.00102319 -0.02287887
v 0.03217886 0.00082863 -0.02281519
v 0.03102143 0.00027998 -0.02301288
v 0.02882221 -0.00059721 -0.02317357
v 0.02907346 0.00141365 -0.02271613
v 0.02966922 -0.00075720 -0.02320992
v 0.02849718 -0.00257818 -0.02328202
v 0.02862385 -0.00260144 -0.02327300
v 0.03003980 -0.00487625 -0.02269637
v 0.02806713 -0.00451662 -0.02289363
v 0.02960329 -0.00681207 -0.02227744
v 0.03157703 -0.00717213 -0.02208524
v 0.02765921 -0.00646402 -0.02260996
v 0.02601639 -0.00412536 -0.02272155
v 0.03014621 -0.00440243 -0.02279700
v 0.02559963 -0.00606919 -0.02239605
v 0.02648265 -0.00220160 -0.02328124
v 0.03100804 -0.00505091 -0.02255930
v 0.02395593 -0.00373018 -0.02250352
v 0.02354046 -0.00567452 -0.02218411
v 0.02290931 -0.00352749 -0.02235035
v 0.02316343 -0.00560105 -0.02211910
v 0.02245456 -0.00141852 -0.02262704
v 0.02189188 -0.00333353 -0.02226844
v 0.02231021 -0.00139035 -0.02260139
v 0.02318460 0.00048137 -0.02263538
v 0.02022561 -0.00098539 -0.02226913
v 0.01978030 -0.00291764 -0.02180859
v 0.02060366 0.00097411 -0.02241153
v 0.01851534 0.00138058 -0.02206169
v 0.01811780 -0.00057102 -0.02182708
v 0.01773229 -0.00252750 -0.02164941
v 0.01939118 -0.00487266 -0.02161381
v 0.01733667 -0.00447988 -0.02142389
v 0.01720387 -0.00242642 -0.02159932
v 0.01731927 -0.00454007 -0.02139397
v 0.01896874 -0.00633909 -0.02089126
v 0.01885774 -0.00676922 -0.02073637
v 0.01681705 -0.00638204 -0.02061180
v 0.02079930 -0.00711625 -0.02039194
v 0.01745606 -0.00044221 -0.02171589
v 0.01569086 -0.00214002 -0.02152140
v 0.01606329 -0.00017824 -0.02163718
v 0.01403346 0.00020454 -0.02156404
v 0.01437818 0.00217753 -0.02154875
v 0.01367967 -0.00176479 -0.02153642
v 0.01200187 0.00058803 -0.02148253
v 0.01641550 0.00179172 -0.02165732
v 0.01168920 -0.00139795 -0.02164947
v 0.01531409 -0.00410003 -0.02138503
v 0.01332263 -0.00373279 -0.02149339
v 0.01723037 -0.00445981 -0.02141963
v 0.02145969 -0.00527111 -0.02186997
v 0.03047978 -0.00294183 -0.02313171
v 0.03085022 -0.00097925 -0.02323812
v 0.03576836 0.00222389 -0.02217587
v 0.03510095 0.00029041 -0.02264228
v 0.03736921 0.00192368 -0.02219735
v 0.03135384 0.00304200 -0.02232851
v 0.03711463 -0.00008583 -0.02263901
v 0.03683476 -0.00208509 -0.02296108
v 0.03880407 -0.00244336 -0.02274796
v 0.03845211 -0.00441342 -0.02272899
v 0.03646968 -0.00404984 -0.02288007
v 0.03799702 -0.00634172 -0.02222218
v 0.03602514 -0.00598241 -0.02242316
v 0.03444794 -0.00367034 -0.02284520
v 0.03400824 -0.00560486 -0.02241116
v 0.03553377 -0.00789601 -0.02174469
v 0.03739036 -0.00820863 -0.02099831
v 0.04043023 -0.00477526 -0.02255755
v 0.04079970 -0.00281229 -0.02265933
v 0.03481254 -0.00170539 -0.02292394
v 0.03997778 -0.00670463 -0.02206317
v 0.04194360 -0.00706148 -0.02183352
v 0.04105467 -0.00488936 -0.02250075
v 0.04133678 -0.00892832 -0.02060891
v 0.04223287 -0.00585307 -0.02216918
v 0.04391343 -0.00741996 -0.02162286
v 0.04395421 -0.00726760 -0.02168420
v 0.04421092 -0.00747508 -0.02161218
v 0.04593485 -0.00779934 -0.02165621
v 0.04447427 -0.00553450 -0.02262994
v 0.04649505 -0.00591362 -0.02266032
v 0.04487889 -0.00358576 -0.02289802
v 0.04283506 -0.00319731 -0.02275866
v 0.04690989 -0.00396902 -0.02297674
v 0.04847106 -0.00627460 -0.02247884
v 0.04891035 -0.00433991 -0.02291094
v 0.04728210 -0.00200716 -0.02309150
v 0.04860541 -0.00225864 -0.02318120
v 0.04903597 -0.00030590 -0.02325737
v 0.04765025 -0.00004365 -0.02318703
v 0.04553795 0.00037253 -0.02272375
v 0.04581718 0.00237206 -0.02239864
v 0.04795436 0.00194580 -0.02297963
v 0.04815195 0.00397837 -0.02226834
v 0.04681063 0.00423844 -0.02206550
v 0.04821640 0.00491137 -0.02182595
v 0.05024354 0.00566135 -0.02146165
v 0.05034661 0.00564146 -0.02147521
v 0.04594666 0.00339193 -0.02217566
v 0.04998283 0.00156356 -0.02304637
v 0.04831373 0.00602548 -0.02138762
v 0.04609043 0.00437399 -0.02204525
v 0.04508465 0.00251432 -0.02228274
v 0.04933241 -0.00239823 -0.02326151
v 0.04316076 -0.00121661 -0.02265340
v 0.04219950 -0.00103396 -0.02258883
v 0.04335112 0.00012952 -0.02244501
v 0.04112385 -0.00083096 -0.02254673
v 0.04970050 -0.00043470 -0.02335678
v 0.05135748 -0.00277909 -0.02331218
v 0.05094864 -0.00472611 -0.02302412
v 0.05297854 -0.00510892 -0.02309761
v 0.05338673 -0.00316163 -0.02338259
v 0.05498809 -0.00548349 -0.02307485
v 0.05246191 -0.00701229 -0.02229964
v 0.05059268 -0.00599504 -0.02244122
v 0.04903799 -0.00436370 -0.02290953
v 0.05129122 -0.00679005 -0.02222549
v 0.05231240 -0.00741822 -0.02195584
v 0.05184722 -0.00887595 -0.02103783
v 0.05174081 -0.00082173 -0.02347951
v 0.05448743 -0.00739333 -0.02235240
v 0.05540875 -0.00354125 -0.02341879
v 0.05696026 -0.00584292 -0.02287521
v 0.05690300 -0.00381716 -0.02334511
v 0.05760768 -0.00191279 -0.02335920
v 0.05731111 -0.00429469 -0.02321796
v 0.05893484 -0.00620333 -0.02268702
v 0.05896436 -0.00607352 -0.02271618
v 0.05943027 -0.00429137 -0.02338467
v 0.06094164 -0.00657678 -0.02265122
v 0.06145268 -0.00467115 -0.02342274
v 0.05979002 -0.00232446 -0.02344047
v 0.05775733 -0.00194052 -0.02335379
v 0.06009149 -0.00033394 -0.02322060
v 0.05928115 -0.00017940 -0.02315385
v 0.06182836 -0.00271069 -0.02355391
v 0.06295877 -0.00695442 -0.02266428
v 0.06075584 -0.00711277 -0.02224851
v 0.06256793 -0.00804177 -0.02178592
v 0.06232361 -0.00880978 -0.02130561
v 0.06494427 -0.00731925 -0.02252776
v 0.06037330 -0.00845921 -0.02160865
v 0.05777781 -0.00179785 -0.02333307
v 0.05806336 0.00004815 -0.02315547
v 0.05845655 -0.00812222 -0.02207041
v 0.05577109 -0.00157539 -0.02348686
v 0.06020286 0.00055243 -0.02302167
v 0.04344922 0.00077917 -0.02237195
v 0.04145516 0.00114747 -0.02246798
v 0.03941034 0.00153632 -0.02232392
v 0.04174820 0.00314140 -0.02220824
v 0.04792742 -0.00816703 -0.02155314
v 0.04523257 -0.00161640 -0.02292513
v 0.03964778 0.00355277 -0.02180114
v 0.05044249 -0.00663373 -0.02227576
v 0.05914959 -0.00624234 -0.02266257
v 0.04897213 -0.00404129 -0.02295106
v 0.05740738 -0.00391140 -0.02334435
v 0.05034976 0.00570113 -0.02144260
v 0.04242554 -0.00514407 -0.02246741
v 0.05044511 0.00771418 -0.02029512
v 0.05251036 0.00731705 -0.02053585
v 0.05429836 0.00697450 -0.02071694
v 0.05457464 0.00705688 -0.02066558
v 0.05457196 0.00692140 -0.02075931
v 0.06036819 0.00166659 -0.02288354
v 0.05837239 0.00203559 -0.02297137
v 0.05635142 0.00241478 -0.02294012
v 0.05851805 0.00408922 -0.02201437
v 0.05199728 0.00118702 -0.02304674
v 0.05094534 0.00138586 -0.02299860
v 0.06212876 -0.00071974 -0.02332895
v 0.06383875 -0.00308559 -0.02353507
v 0.05213784 0.00227152 -0.02282235
v 0.06234311 0.00130605 -0.02269694
v 0.06417800 -0.00111038 -0.02349390
v 0.05330192 0.00299869 -0.02263853
v 0.05427297 0.00281726 -0.02263698
v 0.05431416 0.00329115 -0.02244959
v 0.05646003 0.00414787 -0.02206933
v 0.05450249 0.00483693 -0.02207668
v 0.05649712 0.00446840 -0.02198331
v 0.05401751 0.00080812 -0.02307450
v 0.05227348 0.00318775 -0.02270733
v 0.05670796 0.00649562 -0.02133472
v 0.05874826 0.00610860 -0.02145738
v 0.06093212 0.00777605 -0.02061319
v 0.06084997 0.00638663 -0.02133303
v 0.05978233 0.00591251 -0.02151812
v 0.05858910 0.00491465 -0.02168492
v 0.06299798 0.00725479 -0.02095329
v 0.06300743 0.00737485 -0.02090149
v 0.06315617 0.00734584 -0.02092765
v 0.06287160 0.00531724 -0.02190495
v 0.06080666 0.00571425 -0.02166568
v 0.06511918 0.00695889 -0.02136216
v 0.06490388 0.00493347 -0.02198967
v 0.06724208 0.00653841 -0.02187560
v 0.06942962 0.00820437 -0.02104877
v 0.06942490 0.00739554 -0.02165813
v 0.06760145 0.00646716 -0.02196410
v 0.06940288 0.00610258 -0.02256833
v 0.06698288 0.00453077 -0.02229546
v 0.06910165 0.00411197 -0.02278936
v 0.07115227 0.00372077 -0.02296087
v 0.06878980 0.00212566 -0.02296012
v 0.06671344 0.00252728 -0.02266688
v 0.06848078 0.00013819 -0.02314430
v 0.07008823 0.00187666 -0.02309675
v 0.06892565 0.00005310 -0.02318638
v 0.07058736 -0.00027567 -0.02358054
v 0.06821785 -0.00186792 -0.02354651
v 0.07026429 -0.00225743 -0.02369826
v 0.06991104 -0.00422697 -0.02367317
v 0.06787887 -0.00384325 -0.02358898
v 0.06638460 -0.00152718 -0.02358823
v 0.06585606 -0.00346262 -0.02353425
v 0.06747232 -0.00542287 -0.02302477
v 0.06938267 -0.00612559 -0.02281970
v 0.06739659 -0.00576053 -0.02295350
v 0.07190715 -0.00459610 -0.02358684
v 0.06649241 0.00050418 -0.02326729
v 0.06621457 -0.00149589 -0.02359894
v 0.07230904 -0.00264626 -0.02384200
v 0.06621182 0.00468367 -0.02210515
v 0.06469341 0.00292291 -0.02227538
v 0.07086607 0.00172407 -0.02325300
v 0.06836872 -0.00062715 -0.02324587
v 0.07108530 0.00328285 -0.02300638
v 0.07058604 0.00796917 -0.02146179
v 0.07146858 0.00570527 -0.02281120
v 0.07279303 0.00545677 -0.02283151
v 0.07355824 0.00588940 -0.02270679
v 0.07372450 0.00734353 -0.02230784
v 0.07552704 0.00700301 -0.02238595
v 0.07577600 0.00713071 -0.02234426
v 0.07576571 0.00695614 -0.02243485
v 0.07798715 0.00833668 -0.02198010
v 0.07587336 0.00902516 -0.02129804
v 0.07798911 0.00860758 -0.02177768
v 0.07863006 0.00848412 -0.02185682
v 0.08007264 0.00820305 -0.02210486
v 0.08215610 0.00779854 -0.02243173
v 0.08415395 0.00742872 -0.02235357
v 0.08411549 0.00688004 -0.02261129
v 0.08200487 0.00621190 -0.02300024
v 0.08195781 0.00576624 -0.02313971
v 0.08133836 0.00588326 -0.02311300
v 0.08161725 0.00379156 -0.02317470
v 0.08016681 0.00406129 -0.02320466
v 0.07930347 0.00217673 -0.02340431
v 0.08132493 0.00179734 -0.02343786
v 0.08106657 -0.00021064 -0.02386171
v 0.08308271 -0.00058788 -0.02387008
v 0.08278559 -0.00258016 -0.02411056
v 0.08497266 -0.00093846 -0.02381205
v 0.08509654 -0.00086717 -0.02379197
v 0.08537058 0.00103745 -0.02351789
v 0.08292444 -0.00260573 -0.02410228
v 0.08241532 -0.00454280 -0.02400499
v 0.08478986 -0.00295259 -0.02406279
v 0.08443857 -0.00492292 -0.02404698
v 0.08644736 -0.00529718 -0.02402062
v 0.08681762 -0.00333454 -0.02412616
v 0.08845296 -0.00567015 -0.02397917
v 0.08886714 -0.00372529 -0.02429245
v 0.09043205 -0.00603238 -0.02381227
v 0.09085131 -0.00408958 -0.02414960
v 0.08916150 -0.00173189 -0.02403894
v 0.09119195 -0.00211492 -0.02411502
v 0.08948788 0.00024854 -0.02393689
v 0.09159299 -0.00016473 -0.02436615
v 0.08742832 0.00064336 -0.02372310
v 0.08985454 0.00221265 -0.02402540
v 0.09197949 0.00179134 -0.02454853
v 0.09214979 0.00175819 -0.02457713
v 0.09188212 -0.00225201 -0.02429037
v 0.09157556 -0.00422664 -0.02418611
v 0.09294555 -0.00449845 -0.02452747
v 0.09334363 -0.00254705 -0.02476459
v 0.09493070 -0.00486314 -0.02438928
v 0.09439683 -0.00675951 -0.02350975
v 0.09667165 -0.00512891 -0.02309584
v 0.09485432 -0.00683396 -0.02326979
v 0.09527857 -0.00289140 -0.02438889
v 0.09024418 0.00416745 -0.02422259
v 0.09232412 0.00376438 -0.02453278
v 0.09040354 0.00621553 -0.02333043
v 0.09253089 0.00579325 -0.02386492
v 0.09448037 0.00544301 -0.02355795
v 0.09447432 0.00680915 -0.02246684
v 0.09448144 0.00755519 -0.02191702
v 0.09440128 0.00338958 -0.02424086
v 0.09429274 0.00346555 -0.02427031
v 0.08989103 -0.00792587 -0.02289893
v 0.09185673 -0.00828268 -0.02266872
v 0.08774963 0.00262584 -0.02359706
v 0.09659829 -0.00544711 -0.02301988
v 0.09622928 -0.00706235 -0.02264916
v 0.09240138 -0.00639065 -0.02359922
v 0.08787271 -0.00754775 -0.02288023
v 0.08711776 -0.00134347 -0.02389999
v 0.08414737 -0.00594520 -0.02355785
v 0.08668719 0.00078769 -0.02359741
v 0.08336762 0.00140935 -0.02357185
v 0.07948338 0.00334567 -0.02328786
v 0.09195451 -0.00023606 -0.02444767
v 0.07864982 0.00230028 -0.02337456
v 0.07698187 0.00056506 -0.02359694
v 0.09030067 0.00623615 -0.02330004
v 0.09041045 0.00631483 -0.02328357
v 0.08831643 0.00662151 -0.02298631
v 0.08621447 0.00703350 -0.02257194
v 0.08809605 0.00459815 -0.02358980
v 0.08623365 0.00758849 -0.02222419
v 0.07729155 0.00255226 -0.02341586
v 0.08401439 0.00537262 -0.02333940
v 0.07902435 0.00017716 -0.02372990
v 0.07962132 0.00416061 -0.02326190
v 0.07763914 0.00452409 -0.02341418
v 0.07559029 0.00491458 -0.02325103
v 0.07527762 0.00292860 -0.02341795
v 0.07497342 0.00093919 -0.02362491
v 0.07322283 0.00332149 -0.02322668
v 0.07294770 0.00132030 -0.02357121
v 0.07467742 -0.00105355 -0.02387068
v 0.07692029 0.00057678 -0.02359260
v 0.07490647 -0.00109657 -0.02387503
v 0.07457097 -0.00168836 -0.02389529
v 0.07435030 -0.00303367 -0.02396920
v 0.07388757 -0.00294547 -0.02393212
v 0.07421123 -0.00361297 -0.02380655
v 0.07672454 -0.00144333 -0.02402561
v 0.07594071 -0.00535109 -0.02360967
v 0.07490463 -0.00515367 -0.02352807
v 0.07576952 -0.00589979 -0.02328136
v 0.07540590 -0.00724709 -0.02272569
v 0.07736886 -0.00760280 -0.02248255
v 0.07759054 -0.00678099 -0.02282097
v 0.07931902 -0.00795331 -0.02217880
v 0.07942449 -0.00759305 -0.02236377
v 0.08023722 -0.00812345 -0.02214656
v 0.08134996 -0.00833654 -0.02225721
v 0.07994953 -0.00609606 -0.02351546
v 0.07699384 0.00065031 -0.02358335
v 0.08262759 -0.00458206 -0.02399582
v 0.08522912 0.00722536 -0.02240544
v 0.09428745 0.00340853 -0.02429135
v 0.09408421 0.00137823 -0.02497595
v 0.09555800 -0.00089196 -0.02406473
v 0.09677226 -0.00311499 -0.02318277
v 0.07351185 0.00531705 -0.02294789
v 0.06513810 0.00808076 -0.02057161
v 0.06711552 0.00566407 -0.02199806
v 0.06261818 0.00330727 -0.02235216
v 0.07994572 0.00614184 -0.02315049
v 0.03912608 -0.00046116 -0.02262523
v 0.03186171 -0.00584815 -0.02231059
v 0.08370305 0.00338611 -0.02351259
v 0.08076989 -0.00220310 -0.02410423
v 0.06343683 -0.00503543 -0.02327980
v 0.03245142 -0.00330105 -0.02292963
v 0.07265749 -0.00067478 -0.02384436
v 0.01131620 -0.00335949 -0.02153097
v 0.01283343 -0.00564727 -0.02082522
v 0.01081797 -0.00527031 -0.02082006
v 0.00930318 -0.00298352 -0.02153733
v 0.00900077 -0.00417709 -0.02113212
v 0.00745002 -0.00263963 -0.02159156
v 0.00995170 -0.00510983 -0.02085125
v 0.00759021 -0.00109991 -0.02169375
v 0.00968764 -0.00102662 -0.02171004
v 0.00883624 -0.00490701 -0.02097443
v 0.01071551 -0.00562693 -0.02064551
v 0.07162312 0.00775530 -0.02189621
v 0.04192324 0.00518311 -0.02139027
v 0.04131642 0.00530223 -0.02126663
v 0.03969661 0.00419742 -0.02151445
v 0.03870057 0.00373515 -0.02168542
v 0.03985229 0.00558254 -0.02112259
v 0.04194649 0.00561061 -0.02115984
v 0.04204097 0.00724805 -0.02030115
v 0.03995459 0.00765373 -0.01996051
v 0.04409946 0.00685366 -0.02050992
v 0.04475301 0.00672449 -0.02066195
v 0.07640467 -0.00342639 -0.02415845
v 0.01768693 0.00154577 -0.02183730
v 0.01246669 -0.00688176 -0.02016790
v 0.01228881 -0.00753931 -0.01989484
v 0.01423306 -0.00788743 -0.01956318
v 0.01433068 -0.00753312 -0.01971811
v 0.04379214 0.00071370 -0.02240180
v 0.01031861 -0.00718068 -0.02010376
v 0.06202154 0.00136570 -0.02270685
v 0.04624933 0.00642226 -0.02115092
v 0.07872955 -0.00181607 -0.02398138
v 0.08606303 0.00498222 -0.02350154
v 0.06442965 0.00090030 -0.02303834
v 0.02265367 0.00058315 -0.02258017
v 0.02737303 0.00588825 -0.02090914
v 0.02704430 0.00179616 -0.02264613
v 0.01916002 0.00331453 -0.02167734
v 0.02108614 0.00711654 -0.01975588
v 0.01672884 0.00377742 -0.02149360
v -0.03514881 0.01143514 -0.02154470
v -0.03421046 0.01022487 -0.02124272
v -0.03913929 0.03857631 -0.02332634
v 0.07391218 -0.00496883 -0.02354264
v 0.08820729 0.00457686 -0.02360050
v -0.04316206 0.05206755 -0.02261470
v -0.04445783 0.05393492 -0.02099713
v -0.04420521 0.05176741 -0.02280951
v -0.04282350 0.01682973 -0.02400404
v 0.00863221 0.00684696 -0.02010251
v 0.01480590 -0.00600683 -0.02062705
v -0.04551735 -0.02935135 -0.02053148
v 0.08194351 -0.00646432 -0.02341903
v 0.08330251 -0.00868802 -0.02196480
v -0.04376514 0.04546971 -0.02509272
v -0.02258373 0.00394139 -0.02234971
v 0.06798725 -0.00586744 -0.02287785
v 0.06061268 0.00368020 -0.02239406
v 0.00835230 -0.00682362 -0.02033110
v 0.00687486 -0.00455195 -0.02122508
v 0.00730272 -0.00261263 -0.02160308
v 0.00640503 -0.00647428 -0.02064850
v 0.05247995 0.00521675 -0.02203803
v 0.00489459 -0.00418924 -0.02138637
v 0.08591384 -0.00711831 -0.02308400
v 0.08589650 -0.00718668 -0.02306072
v 0.07139944 -0.00650308 -0.02283107
v 0.01001003 0.00095543 -0.02158909
v -0.02234701 -0.00541582 -0.02149854
v 0.07840890 -0.00379880 -0.02411053
v 0.07793389 -0.00571903 -0.02350946
v -0.01029693 0.00356148 -0.02177126
v -0.04212888 -0.05431777 -0.01819656
v 0.05724605 0.00433138 -0.02191889
v -0.04313378 0.05459097 -0.02077341
v 0.08042983 -0.00417798 -0.02414158
v 0.05647078 -0.00775729 -0.02220569
v 0.04409427 0.00647753 -0.02078005
v -0.04245896 -0.03604924 -0.02087928
v 0.09256299 0.00720723 -0.02290495
v -0.00341013 -0.00446108 -0.02167996
v -0.01438570 0.00345149 -0.02217856
v 0.00428387 0.00406923 -0.02144238
v 0.06886708 -0.00802938 -0.02202664
v 0.06691546 -0.00767828 -0.02232349
v -0.03588803 0.01155285 -0.02198837
v 0.02474803 0.00017424 -0.02295857
v 0.08756488 0.00266151 -0.02357231
v -0.03380197 -0.00108906 -0.02267450
v 0.08614615 -0.00723171 -0.02302519
v 0.08724344 -0.00940550 -0.02154944
v 0.08530787 -0.00906089 -0.02192216
v -0.04371826 -0.03175329 -0.02115911
v -0.03823592 -0.03476835 -0.02015244
v -0.04342861 0.04826934 -0.02439721
v -0.04462677 0.04769017 -0.02460090
v 0.09261533 -0.00550855 -0.02385656
v 0.00177492 0.00454224 -0.02135474
v -0.04631424 0.03987308 -0.02428834
v 0.02441513 -0.00180355 -0.02302978
v -0.00498376 -0.00238501 -0.02230163
v -0.04094805 -0.02821071 -0.02144269
v -0.03897183 -0.02857178 -0.02126224
v -0.03860866 -0.02660626 -0.02133424
v -0.03182386 -0.00145089 -0.02250296
v -0.00299087 0.00132584 -0.02208679
v 0.03779529 0.00597633 -0.02092089
v 0.07139020 0.00367562 -0.02297555
v 0.03936150 -0.00856764 -0.02079382
v 0.09379614 -0.00862884 -0.02231413
v 0.03747182 0.00291848 -0.02187525
v -0.04527997 0.03763279 -0.02451074
v 0.05023739 0.00357307 -0.02260456
v -0.03626476 -0.01276727 -0.02090013
v 0.06925094 -0.00653096 -0.02255392
v 0.07102780 -0.00764844 -0.02208263
v -0.04533798 0.04989262 -0.02388937
v 0.04983445 0.00057209 -0.02316376
v 0.01868144 0.00274753 -0.02172996
v 0.00383886 -0.00798689 -0.01968418
v 0.04109110 -0.00286707 -0.02266619
v -0.03431781 0.00924361 -0.02153332
v -0.03562721 -0.00480439 -0.02230681
v 0.04377061 0.00276162 -0.02224629
v 0.05606487 0.00041824 -0.02323058
v 0.04990320 -0.00852792 -0.02137060
v -0.03778893 0.01595849 -0.02249006
v 0.05249750 0.00656787 -0.02106280
v 0.05374099 -0.00119250 -0.02341241
v 0.06543740 -0.00540635 -0.02321450
v -0.04323387 0.03724342 -0.02466084
v 0.03283112 -0.00134221 -0.02307979
v -0.04107364 0.00432399 -0.02309970
v 0.08571468 0.00301070 -0.02349967
v 0.07082599 -0.00838344 -0.02176433
v 0.03311710 0.00065457 -0.02278666
v -0.03870193 0.01815171 -0.02279717
v -0.02029782 -0.00559574 -0.02149914
v -0.04220002 -0.02391775 -0.02175722
v 0.08508524 -0.00095960 -0.02381407
v 0.06235938 0.00146612 -0.02264404
v -0.04385379 0.03326926 -0.02502032
v 0.07791713 0.00652412 -0.02308319
v -0.04239091 -0.04620053 -0.01990209
v -0.02981716 -0.00182430 -0.02246669
v -0.01058551 0.00067840 -0.02274347
v 0.02681404 -0.00022320 -0.02320290
v -0.04574665 0.04649151 -0.02473500
v -0.02097373 0.00468776 -0.02207328
v -0.04515058 0.01522029 -0.02417072
v 0.08392612 -0.00682798 -0.02326882
v -0.02663274 0.00577575 -0.02141766
v 0.03199833 -0.00523015 -0.02243224
v 0.07276207 -0.00872825 -0.02139395
v 0.09677633 -0.00449459 -0.02306379
v 0.09407051 0.00344795 -0.02431578
v 0.04404393 0.00476353 -0.02189322
v -0.03619214 0.00956341 -0.02219574
v -0.04252793 -0.05552071 -0.01737203
v -0.04061678 -0.05591978 -0.01693387
v -0.02473029 0.00333194 -0.02253430
v 0.02089620 0.00296824 -0.02214937
v 0.09371317 -0.00058411 -0.02486673
v 0.06460555 0.00285946 -0.02228851
v 0.09395833 -0.00667584 -0.02347273
v 0.01230333 0.00257855 -0.02126260
v -0.00432560 0.00157365 -0.02212311
v 0.06585295 -0.00346205 -0.02353431
v -0.04278004 -0.05616667 -0.01676224
v -0.00615581 0.00398819 -0.02134826
v 0.08792511 0.00364197 -0.02358010
v 0.09433203 -0.00694793 -0.02337044
v 0.07341692 -0.00688086 -0.02284578
v -0.04021031 -0.02428428 -0.02164058
v 0.06461578 0.00293754 -0.02227285
v -0.04330784 0.05850625 0.00141950
v -0.04485382 0.05848682 -0.00095700
v -0.04529532 0.05849696 0.00100016
v -0.04691822 0.05806594 -0.00135735
v -0.04647658 0.05805655 -0.00331455
v -0.04739955 0.05786302 0.00060963
v -0.04443223 0.05837012 -0.00290924
v -0.04602930 0.05807731 -0.00527313
v -0.04808572 0.05769917 -0.00567546
v -0.04400752 0.05827016 -0.00486226
v -0.04825021 0.05757493 -0.00159688
v -0.04373723 0.05858122 0.00337367
v -0.04754797 0.05820396 -0.00765636
v -0.04963039 0.05768671 -0.00805227
v -0.04288479 0.05839740 -0.00053311
v -0.04573827 0.05849932 0.00295768
v -0.04835378 0.05749901 -0.00366363
v -0.04555049 0.05826677 -0.00723949
v -0.04176992 0.05848260 0.00379798
v -0.04219706 0.05856960 0.00575159
v -0.04024854 0.05837050 0.00618053
v -0.04066185 0.05853144 0.00813074
v -0.04262594 0.05864725 0.00770564
v -0.03874176 0.05818027 0.00856669
v -0.04110339 0.05854139 0.01008791
v -0.04307093 0.05863873 0.00966366
v -0.04154141 0.05857013 0.01204421
v -0.03962101 0.05822059 0.01248009
v -0.04352354 0.05858945 0.01162356
v -0.04199031 0.05854073 0.01400319
v -0.04509144 0.05845272 0.00925247
v -0.04556678 0.05828183 0.01121798
v -0.04006556 0.05821445 0.01443800
v -0.04399102 0.05846059 0.01358713
v -0.03983703 0.05819990 0.00423077
v -0.04698473 0.05791684 0.01094949
v -0.04666550 0.05828302 0.00688291
v -0.03918432 0.05818471 0.01052411
v -0.04462678 0.05856646 0.00728960
v -0.03834827 0.05791325 0.00662137
v -0.04804561 0.05763303 0.00049275
v -0.04656562 0.05793708 0.01308771
v -0.04765447 0.05773637 0.01082337
v -0.04818105 0.05729132 0.01280151
v -0.04945285 0.05636657 0.00850913
v -0.04871609 0.05680105 0.01478174
v -0.04714379 0.05696132 0.01715174
v -0.04605422 0.05610074 0.01950710
v -0.04574899 0.05617198 0.01956552
v -0.04657017 0.05765800 0.01516199
v -0.04884715 0.05723486 0.00651147
v -0.04833489 0.05760327 0.00453686
v -0.04767440 0.05785014 0.00670670
v -0.04792363 0.05779992 0.00460696
v -0.04791581 0.05771389 0.00277278
v -0.05015345 0.05612551 0.00222760
v -0.04962309 0.05659079 0.00024853
v -0.03796458 0.05759379 0.00467848
v -0.03646449 0.05736780 0.00706628
v -0.03611281 0.05687709 0.00513128
v -0.03755979 0.05738725 0.00273037
v -0.03574841 0.05645446 0.00319314
v -0.03721797 0.05684382 0.00079780
v -0.03903761 0.05773247 0.00033707
v -0.03863958 0.05748972 -0.00160937
v -0.04054501 0.05791935 -0.00204894
v -0.04013844 0.05772235 -0.00399748
v -0.04205847 0.05807387 -0.00443345
v -0.03823618 0.05727575 -0.00355713
v -0.03972345 0.05757038 -0.00594810
v -0.03782003 0.05713001 -0.00550804
v -0.03929010 0.05751665 -0.00790325
v -0.03740137 0.05699767 -0.00745956
v -0.03601811 0.05614658 -0.00504294
v -0.03559949 0.05601401 -0.00699445
v -0.03461412 0.05540642 -0.00263142
v -0.04119943 0.05792539 -0.00834186
v -0.03641028 0.05642061 -0.00309794
v -0.03896471 0.05751916 -0.00933788
v -0.03785786 0.05729866 -0.00963319
v -0.03884237 0.05753983 -0.00986195
v -0.03673034 0.05705354 -0.01037866
v -0.03650730 0.05703658 -0.01137661
v -0.03634523 0.05693751 -0.01133387
v -0.03567597 0.05672520 -0.01322558
v -0.03607460 0.05697937 -0.01333160
v -0.03796680 0.05747978 -0.01377443
v -0.03760248 0.05705669 -0.01571255
v -0.03952404 0.05740003 -0.01614814
v -0.03948838 0.05729192 -0.01638983
v -0.04144543 0.05764522 -0.01666096
v -0.04145843 0.05767476 -0.01658057
v -0.03921750 0.05666785 -0.01807201
v -0.03728263 0.05639570 -0.01763971
v -0.04117579 0.05681468 -0.01849855
v -0.03756322 0.05695153 -0.01596783
v -0.03987214 0.05790986 -0.01421402
v -0.04107144 0.05793309 -0.00890097
v -0.04311688 0.05829072 -0.00877846
v -0.04163773 0.05795266 -0.00638549
v -0.04094238 0.05816561 -0.00010266
v -0.03538559 0.05602337 0.00125539
v -0.03416434 0.05508914 0.00159353
v -0.03410120 0.05498380 -0.00043546
v -0.03419288 0.05518839 0.00363035
v -0.04073970 0.05801276 -0.01030351
v -0.04307015 0.05830326 -0.00897504
v -0.04462553 0.05847099 -0.01116416
v -0.04507364 0.05844574 -0.00920537
v -0.04657288 0.05867635 -0.01159339
v -0.04615808 0.05852336 -0.01354396
v -0.04380723 0.05810451 -0.01506252
v -0.04452611 0.05845362 -0.01161665
v -0.04494152 0.05845453 -0.01328091
v -0.04344707 0.05765919 -0.01699962
v -0.04329709 0.05608942 -0.01888487
v -0.04371823 0.05592731 -0.01896001
v -0.04327422 0.05583395 -0.01918490
v -0.04344699 0.05809658 -0.01498569
v -0.03943144 0.05799765 0.00228247
v -0.04447341 0.05846613 -0.01113159
v -0.04028976 0.05804781 -0.01226276
v -0.04219805 0.05846211 -0.01270162
v -0.04263899 0.05847526 -0.01074460
v -0.04180890 0.05817192 -0.01464587
v -0.04605149 0.05806079 0.01318580
v -0.03685312 0.05766076 0.00901040
v -0.04786860 0.05772577 0.00257359
v -0.04252987 0.05802624 0.01598454
v -0.04452859 0.05795677 0.01556798
v -0.03840054 0.05753144 -0.01181919
v -0.03771550 0.05779140 0.01291963
v -0.04417739 0.05859855 0.00533050
v -0.03815490 0.05781278 0.01487628
v -0.03867270 0.05741472 0.01685225
v -0.03681837 0.05671172 0.01730443
v -0.03711149 0.05641331 0.01836607
v -0.03917613 0.05681019 0.01860392
v -0.03924606 0.05671942 0.01884194
v -0.04117277 0.05703522 0.01840762
v -0.04108502 0.05714399 0.01810495
v -0.04308675 0.05741910 0.01797016
v -0.04371619 0.05642380 0.01997367
v -0.03608198 0.05618120 0.01750551
v -0.03489809 0.05587807 0.01573037
v -0.03629741 0.05712665 0.01532767
v -0.04059401 0.05775940 0.01641660
v -0.04247731 0.05820524 -0.00248188
v -0.03694238 0.05708108 -0.00942104
v -0.04910061 0.05701385 -0.00172861
v -0.04108277 0.05538571 -0.02002262
v -0.04623811 0.05791307 0.01389465
v -0.03737891 0.05608499 0.01929095
v -0.04356436 0.05826888 -0.00681983
v -0.03728277 0.05773430 0.01096464
v -0.04134878 0.05836355 0.00184584
v -0.03681730 0.05661524 -0.00114929
v -0.04506881 0.05743877 0.01754949
v -0.04156639 0.05767050 -0.01660303
v -0.04702093 0.05865145 -0.00963462
v -0.03503908 0.05674220 0.00947251
v -0.04397727 0.05823133 -0.01421300
v -0.03419702 0.05566014 0.01384587
v -0.03500495 0.05568762 -0.00068676
v -0.04541432 0.05782811 0.01539176
v -0.03543122 0.05701645 0.01141750
v -0.03516585 0.05596179 -0.00894967
v -0.04419106 0.05842321 -0.01311959
v -0.03585194 0.05713775 0.01336953
v -0.04618222 0.05849635 0.00491545
v -0.04474892 0.05774926 0.01637905
v -0.04301844 0.05748772 0.01772203
v -0.04858875 0.05738014 -0.00370312
v -0.04792377 0.05770574 0.00256364
v -0.03512268 -0.03128061 0.02394141
v -0.03466593 -0.02935299 0.02342671
v -0.03441176 -0.02941392 0.02313558
v -0.03445376 -0.03143522 0.02329976
v -0.03313471 -0.03176221 0.02155523
v -0.03313146 -0.03379150 0.02172966
v -0.03444391 -0.03346568 0.02347568
v -0.03462029 -0.03546328 0.02360942
v -0.03559123 -0.03320345 0.02451192
v -0.03423717 -0.02741403 0.02304444
v -0.03233758 -0.03199708 0.01969248
v -0.03286670 -0.03386760 0.02115239
v -0.03325393 -0.03519944 0.02182431
v -0.03312220 -0.02973569 0.02138437
v -0.03232743 -0.03261488 0.01974752
v -0.03201081 -0.03210164 0.01874953
v -0.03164574 -0.03018466 0.01763220
v -0.03167396 -0.03149099 0.01773808
v -0.03129585 -0.03034061 0.01566816
v -0.03165880 -0.02815364 0.01745555
v -0.03136790 -0.03222575 0.01581433
v -0.03127026 -0.02831641 0.01550027
v -0.03109590 -0.03047010 0.01367016
v -0.03107451 -0.02844516 0.01350131
v -0.03074067 -0.03062700 0.01170733
v -0.03072142 -0.02860168 0.01153800
v -0.03101838 -0.02642635 0.01334033
v -0.03069181 -0.02657818 0.01137101
v -0.03050911 -0.02873335 0.00954279
v -0.03048296 -0.02670925 0.00937502
v -0.03058584 -0.02456817 0.01122132
v -0.03133423 -0.02627640 0.01531209
v -0.03036263 -0.02470176 0.00922859
v -0.03047537 -0.02255894 0.01107265
v -0.03077710 -0.02241149 0.01304760
v -0.03034143 -0.02682843 0.00736379
v -0.03025787 -0.02268788 0.00915791
v -0.03007507 -0.02064930 0.00993921
v -0.03017319 -0.02058355 0.01096740
v -0.03022156 -0.02481520 0.00734011
v -0.03050578 -0.02043065 0.01293536
v -0.03080791 -0.03264385 0.01186579
v -0.03090582 -0.02441749 0.01319214
v -0.02957669 -0.01873854 0.00922758
v -0.02966196 -0.01864505 0.01090950
v -0.02997394 -0.02071292 0.00896924
v -0.02943932 -0.01840071 0.00888429
v -0.02889828 -0.01684531 0.00886549
v -0.02897569 -0.01673744 0.01089125
v -0.02761744 -0.01494842 0.01102519
v -0.02769130 -0.01502959 0.00896518
v -0.02656326 -0.01363750 0.00908444
v -0.02716365 -0.01447743 0.01108080
v -0.02590421 -0.01322204 0.01123954
v -0.02786225 -0.01509363 0.00688317
v -0.02602611 -0.01310633 0.01325522
v -0.02658546 -0.01329023 0.00699866
v -0.02624658 -0.01325583 0.00911871
v -0.02762474 -0.01457205 0.01304279
v -0.02916513 -0.01660981 0.01289163
v -0.02866211 -0.01661481 0.00684432
v -0.02687279 -0.01333373 0.00489029
v -0.03216197 -0.02797064 0.01938488
v -0.03218468 -0.02593791 0.01920604
v -0.03290515 -0.02571656 0.02108615
v -0.03293186 -0.02774057 0.02125379
v -0.03292985 -0.02368348 0.02090686
v -0.03220618 -0.02390540 0.01902748
v -0.03211168 -0.02189336 0.01887519
v -0.03163669 -0.02410010 0.01711318
v -0.03146248 -0.02210213 0.01697894
v -0.03290563 -0.02271240 0.02082884
v -0.03252077 -0.02177135 0.01986288
v -0.03288191 -0.02166323 0.02074403
v -0.03258844 -0.01968630 0.02063680
v -0.03212317 -0.01981978 0.01962799
v -0.03174247 -0.01992980 0.01878512
v -0.03380245 -0.02547748 0.02263398
v -0.03053892 -0.03278552 0.00988342
v -0.03040799 -0.02884540 0.00752241
v -0.03054220 -0.03075623 0.00970899
v -0.02789349 -0.01487487 0.00480648
v -0.02723345 -0.01371585 0.00279541
v -0.02698142 -0.01340876 0.00282240
v -0.02696942 -0.01345669 0.00183164
v -0.02828147 -0.01520806 0.00270163
v -0.02695482 -0.01350766 0.00078513
v -0.02842025 -0.01527777 0.00062691
v -0.02923775 -0.01716222 0.00061544
v -0.02912703 -0.01708756 0.00268381
v -0.02965488 -0.01911733 0.00069465
v -0.02924583 -0.01719927 -0.00022080
v -0.02963145 -0.01915570 -0.00004261
v -0.02878082 -0.01611490 -0.00142899
v -0.02924651 -0.01725488 -0.00142984
v -0.02839126 -0.01543277 -0.00261741
v -0.02835403 -0.01547787 -0.00344467
v -0.02817419 -0.01524165 -0.00342688
v -0.02930127 -0.01733942 -0.00348553
v -0.02965906 -0.01930500 -0.00339287
v -0.02958254 -0.01922430 -0.00133225
v -0.02957484 -0.01903725 0.00275607
v -0.02844433 -0.01536773 -0.00142184
v -0.02986300 -0.01936321 -0.00548236
v -0.02941083 -0.01741429 -0.00555363
v -0.02895945 -0.01702292 0.00476505
v -0.02766258 -0.01487668 -0.00540134
v -0.02991799 -0.02109961 0.00080875
v -0.02940145 -0.01897364 0.00483864
v -0.02885097 -0.01691985 0.00744047
v -0.02787690 -0.01480843 0.01300972
v -0.02805840 -0.01515322 0.00479545
v -0.03013117 -0.02134461 -0.00536941
v -0.03038083 -0.02139476 -0.00746924
v -0.03057993 -0.02338834 -0.00734065
v -0.03039406 -0.02332693 -0.00525526
v -0.03064174 -0.02540615 -0.00718095
v -0.03067662 -0.02339696 -0.00791958
v -0.03087760 -0.02542817 -0.00861485
v -0.03097609 -0.02747007 -0.00912628
v -0.03061911 -0.02743886 -0.00700214
v -0.03088647 -0.02951460 -0.00893229
v -0.03045533 -0.02949648 -0.00679135
v -0.03042577 -0.02737878 -0.00491505
v -0.03030110 -0.02899271 -0.00475052
v -0.03040205 -0.02729405 -0.00298130
v -0.03027150 -0.02943472 -0.00470642
v -0.03095429 -0.02544520 -0.00929504
v -0.03086466 -0.02343230 -0.00944843
v -0.03142180 -0.02545690 -0.01144422
v -0.03132503 -0.02344526 -0.01159599
v -0.03168334 -0.02342856 -0.01268640
v -0.03195768 -0.02543006 -0.01303462
v -0.03139829 -0.02143139 -0.01238881
v -0.03205872 -0.02340999 -0.01380546
v -0.03194251 -0.02140177 -0.01395283
v -0.03113516 -0.01942535 -0.01198756
v -0.03196639 -0.01936884 -0.01413193
v -0.03248347 -0.01931859 -0.01513842
v -0.03075308 -0.01746748 -0.01214902
v -0.03167873 -0.01739089 -0.01424047
v -0.03022911 -0.01556709 -0.01298171
v -0.03274196 -0.02132652 -0.01556167
v -0.03090056 -0.01549950 -0.01423790
v -0.02968360 -0.01393047 -0.01411499
v -0.02978642 -0.01560191 -0.01194227
v -0.02948745 -0.01372016 -0.01409153
v -0.02829246 -0.01383684 -0.01177758
v -0.02900190 -0.01564615 -0.00972128
v -0.03118397 -0.02144143 -0.01173773
v -0.03078584 -0.03156108 -0.00873581
v -0.03040084 -0.02728897 -0.00286612
v -0.03028506 -0.02933812 -0.00266620
v -0.03218998 -0.02541554 -0.01366150
v -0.03041743 -0.03153189 -0.00660907
v -0.03079497 -0.03358819 -0.00856418
v -0.03044879 -0.03215504 -0.00656235
v -0.03039746 -0.03152114 -0.00629507
v -0.03128968 -0.03359509 -0.01071952
v -0.03050573 -0.03354502 -0.00645538
v -0.03119755 -0.03564006 -0.01052496
v -0.03164961 -0.03356595 -0.01154688
v -0.03184411 -0.03559979 -0.01227281
v -0.03198315 -0.03559563 -0.01274619
v -0.03212841 -0.03354128 -0.01295278
v -0.03195850 -0.03762871 -0.01256692
v -0.03321024 -0.03547329 -0.01506741
v -0.03303720 -0.03753255 -0.01485453
v -0.03299705 -0.03345956 -0.01470190
v -0.03322103 -0.03522777 -0.01509071
v -0.03115571 -0.03767618 -0.01034179
v -0.03196689 -0.03676966 -0.01264224
v -0.03148963 -0.02747365 -0.01128589
v -0.03168645 -0.01541617 -0.01561678
v -0.03275356 -0.03144556 -0.01420772
v -0.03078248 -0.03561911 -0.00838766
v -0.03335020 -0.03341987 -0.01527281
v -0.03105487 -0.02746899 -0.00942231
v -0.03122263 -0.02951366 -0.01027472
v -0.03140306 -0.02951764 -0.01109259
v -0.03134432 -0.03106678 -0.01094754
v -0.03049216 -0.02533834 -0.00510378
v -0.03028157 -0.02721581 -0.00079581
v -0.03016945 -0.02926432 -0.00059673
v -0.03024955 -0.03137310 -0.00248447
v -0.03020298 -0.02713548 0.00126528
v -0.03015182 -0.02917322 0.00145056
v -0.03023172 -0.02703620 0.00330206
v -0.03012782 -0.02502582 0.00315190
v -0.03017514 -0.02492326 0.00518447
v -0.03008712 -0.02291007 0.00503072
v -0.03011515 -0.02281092 0.00706766
v -0.02982744 -0.02083298 0.00695913
v -0.03021324 -0.02482233 0.00721913
v -0.03021888 -0.02906718 0.00347866
v -0.03008932 -0.02300389 0.00298693
v -0.03019281 -0.02510855 0.00109389
v -0.03031981 -0.02692645 0.00532540
v -0.02980518 -0.02093111 0.00492088
v -0.03012758 -0.03130042 -0.00041355
v -0.03196534 -0.03965621 -0.01239477
v -0.03132195 -0.03156067 -0.01090053
v -0.03110684 -0.03971351 -0.01015703
v -0.03091423 -0.03764970 -0.00878854
v -0.03195599 -0.04168659 -0.01221896
v -0.03233389 -0.03962665 -0.01324790
v -0.03260978 -0.04162754 -0.01358884
v -0.03114901 -0.04064549 -0.01008616
v -0.03309181 -0.04158035 -0.01451951
v -0.03303950 -0.03956085 -0.01468136
v -0.03378654 -0.03947764 -0.01590519
v -0.03411407 -0.04145762 -0.01600182
v -0.03499102 -0.04133940 -0.01699297
v -0.03483827 -0.03933762 -0.01713207
v -0.03538622 -0.03926908 -0.01786690
v -0.03571923 -0.04124683 -0.01793763
v -0.03506467 -0.03728671 -0.01774201
v -0.03305083 -0.04361629 -0.01433654
v -0.03714258 -0.03899706 -0.01908743
v -0.03348342 -0.03748781 -0.01569311
v -0.03676746 -0.03703639 -0.01921598
v -0.03485295 -0.04339247 -0.01678801
v -0.03210648 -0.04368874 -0.01207936
v -0.03106292 -0.03970208 -0.00973118
v -0.03024188 -0.03146866 -0.00452602
v -0.03012858 -0.01939369 -0.00722011
v -0.03749059 -0.04096874 -0.01908719
v -0.03116089 -0.03248735 0.01382913
v -0.03168615 -0.03220625 0.01779674
v -0.03053445 -0.03481503 0.01005813
v -0.03081657 -0.03402047 0.01198182
v -0.03056157 -0.03480122 0.01024767
v -0.03053485 -0.03488542 0.01006407
v -0.03081812 -0.03467077 0.01203717
v -0.03069580 -0.01747014 -0.01197455
v -0.03223980 -0.01771911 0.02054208
v -0.03226313 -0.03148879 -0.01315699
v -0.02634652 -0.01326963 0.00841413
v -0.03129178 -0.04172202 -0.01029457
v -0.02817474 -0.01384719 -0.01152492
v -0.02887139 -0.01546446 -0.00970925
v -0.02726637 -0.01392371 -0.00950188
v -0.02896543 -0.01563956 -0.00943050
v -0.03033136 -0.02090310 -0.00750088
v -0.03015950 -0.01940510 -0.00759280
v -0.02689769 -0.01392508 -0.00803694
v -0.03040018 -0.02139630 -0.00758130
v -0.03024925 -0.02269305 0.00908058
v -0.03319427 -0.02361119 0.02140292
v -0.03057447 -0.03683670 0.01022276
v -0.03078265 -0.03670575 0.01221889
v -0.03125169 -0.03450005 0.01398226
v -0.03118530 -0.03654049 0.01417099
v -0.03054197 -0.03887114 0.01040381
v -0.03032307 -0.03900398 0.00841010
v -0.03031087 -0.04103486 0.00858655
v -0.03048080 -0.04091066 0.01059136
v -0.03017740 -0.04115262 0.00657350
v -0.03042973 -0.03695645 0.00821225
v -0.03077931 -0.03873505 0.01239334
v -0.03140048 -0.03437959 0.01599185
v -0.03040916 -0.04304622 0.00873798
v -0.03045405 -0.04294409 0.01077111
v -0.03054901 -0.04505026 0.00888000
v -0.03051876 -0.04514980 0.00684356
v -0.03078902 -0.04713084 0.00695604
v -0.03076787 -0.04722878 0.00491754
v -0.03046700 -0.04525314 0.00481199
v -0.03126052 -0.04917054 0.00497965
v -0.03125157 -0.04907792 0.00702497
v -0.03133157 -0.04925221 0.00292027
v -0.03083642 -0.04731088 0.00285872
v -0.03203706 -0.05106222 0.00497746
v -0.03056400 -0.04495341 0.01091990
v -0.03065751 -0.04281398 0.01276831
v -0.03069956 -0.04401808 0.01286252
v -0.03065205 -0.04488832 0.01197472
v -0.03080799 -0.04693908 0.01103833
v -0.03074231 -0.04482774 0.01292280
v -0.03096756 -0.04681672 0.01304547
v -0.03110106 -0.04467022 0.01488483
v -0.03130301 -0.04666331 0.01501278
v -0.03138170 -0.04877234 0.01312536
v -0.03168187 -0.04862516 0.01510067
v -0.03180385 -0.05072656 0.01320344
v -0.03206237 -0.05058673 0.01518818
v -0.03131148 -0.04884647 0.01180222
v -0.03158897 -0.04651864 0.01699131
v -0.03210640 -0.05154469 0.01320953
v -0.03194348 -0.04848479 0.01708470
v -0.03269366 -0.05231435 0.01520264
v -0.03302297 -0.05235172 0.01718758
v -0.03106604 -0.04360661 0.01480117
v -0.03085945 -0.04702420 0.00898338
v -0.03142343 -0.04451913 0.01685511
v -0.03178316 -0.05076804 0.01238750
v -0.03034259 -0.04315217 0.00670977
v -0.03141718 -0.03640537 0.01616176
v -0.03176250 -0.03422149 0.01795314
v -0.03174619 -0.03625310 0.01813053
v -0.03137109 -0.03844221 0.01634589
v -0.03169791 -0.03829033 0.01831515
v -0.03240249 -0.03604307 0.02002517
v -0.03130512 -0.04048258 0.01653452
v -0.03237335 -0.03807693 0.02020546
v -0.03169226 -0.04032005 0.01849013
v -0.03110284 -0.04061248 0.01453705
v -0.03330663 -0.03578931 0.02186367
v -0.03327113 -0.03782429 0.02204540
v -0.03391529 -0.03766813 0.02282082
v -0.03436700 -0.03959780 0.02331167
v -0.03473206 -0.03747226 0.02375780
v -0.03334952 -0.03983918 0.02220134
v -0.03481220 -0.04153010 0.02377168
v -0.03341987 -0.04185547 0.02235910
v -0.03250794 -0.04211061 0.02052236
v -0.03273291 -0.04409963 0.02064510
v -0.03353091 -0.04386460 0.02250764
v -0.03302296 -0.04607717 0.02075309
v -0.03186583 -0.04231813 0.01862450
v -0.03220304 -0.04426014 0.01931191
v -0.03194804 -0.04358098 0.01871525
v -0.03511500 -0.04349084 0.02419214
v -0.03511186 -0.04276718 0.02413085
v -0.03377037 -0.04585107 0.02262710
v -0.03270787 -0.04616830 0.02005404
v -0.03493863 -0.03946454 0.02388470
v -0.03038331 -0.03493591 0.00804907
v -0.03275978 -0.05249237 0.01520391
v -0.03325023 -0.03546963 -0.01515019
v -0.03231659 -0.03402951 0.01987093
v -0.03282235 -0.05245977 0.01565748
v -0.03329996 -0.05318587 0.01720045
v -0.03344533 -0.05218298 0.01913521
v -0.03369812 -0.05294387 0.01914692
v -0.03390289 -0.05202213 0.02076914
v -0.03408794 -0.05409830 0.01916335
v -0.03285528 -0.05025839 0.01909516
v -0.03347177 -0.05005539 0.02099882
v -0.03398330 -0.05199384 0.02105665
v -0.03365877 -0.05426824 0.01721727
v -0.03039920 -0.02714538 -0.00287806
v -0.03233066 -0.02944815 -0.01334598
v -0.03338922 -0.03576860 0.02197818
v -0.03339009 -0.05440986 0.01523483
v -0.03328771 -0.05452213 0.01321473
v -0.03457193 -0.05632423 0.01309755
v -0.03472652 -0.05620274 0.01510583
v -0.03350681 -0.05457767 0.01112182
v -0.03449654 -0.05608037 0.01104126
v -0.03384226 -0.05495216 0.00903161
v -0.03500782 -0.05643572 0.00891224
v -0.03514147 -0.05650633 0.00683868
v -0.03370311 -0.05473144 0.00699077
v -0.03365537 -0.05467433 0.00842294
v -0.03492247 -0.05385682 0.02101762
v -0.03549088 -0.05587944 0.01901928
v -0.03069765 -0.04077819 0.01258553
v -0.03081053 -0.04693676 0.01107842
v -0.03030409 -0.02522111 -0.00179869
v -0.03330961 -0.02531216 -0.01595838
v -0.03333970 -0.02733557 -0.01579150
v -0.03236799 -0.05043859 0.01716224
v -0.03333872 -0.02531005 -0.01603066
v -0.03327409 -0.02488802 -0.01598718
v -0.03316351 -0.02330922 -0.01609898
v -0.03360681 -0.02731408 -0.01640844
v -0.03476112 -0.02717893 -0.01815674
v -0.03486686 -0.02918899 -0.01800700
v -0.03389854 -0.02930854 -0.01667441
v -0.03512907 -0.02713688 -0.01873645
v -0.03483558 -0.02514313 -0.01847880
v -0.03652863 -0.02489676 -0.01999884
v -0.03682997 -0.02688732 -0.02021933
v -0.03623770 -0.02290197 -0.01972906
v -0.03471611 -0.02435133 -0.01838932
v -0.03487339 -0.02310168 -0.01852955
v -0.03594410 -0.02090827 -0.01947196
v -0.03527851 -0.02100147 -0.01879500
v -0.03425083 -0.02115474 -0.01795297
v -0.03397517 -0.01915377 -0.01761096
v -0.03531241 -0.01896677 -0.01897637
v -0.03562358 -0.01892547 -0.01934220
v -0.03362259 -0.01718395 -0.01763285
v -0.03326203 -0.01923440 -0.01646868
v -0.03297403 -0.01725651 -0.01657714
v -0.03497154 -0.01699820 -0.01907286
v -0.03321917 -0.01523473 -0.01789528
v -0.03769428 -0.02063875 -0.02072174
v -0.03501083 -0.03119230 -0.01786592
v -0.03544408 -0.02912191 -0.01889228
v -0.03472924 -0.02515583 -0.01832321
v -0.03420950 -0.03129521 -0.01684942
v -0.03341882 -0.02935032 -0.01563573
v -0.03495057 -0.03323165 -0.01767858
v -0.03137209 -0.03235588 0.01582458
v -0.03217391 -0.04632121 0.01890211
v -0.02853940 -0.01563356 -0.00757324
v -0.03168234 -0.02612077 0.01727653
v -0.03448539 -0.03329609 -0.01719030
v -0.03315619 -0.04808237 0.02089661
v -0.03369311 -0.04999447 0.02142279
v -0.03332255 -0.04803194 0.02131584
v -0.03015796 -0.03332378 -0.00024674
v -0.03012601 -0.03330436 0.00030398
v -0.03009085 -0.03324142 0.00181175
v -0.03017097 -0.03110436 0.00366320
v -0.03010033 -0.03314554 0.00385289
v -0.03024615 -0.03099688 0.00568946
v -0.03019440 -0.03303473 0.00587488
v -0.03008169 -0.03517755 0.00403081
v -0.03020185 -0.03506214 0.00604688
v -0.03009304 -0.03526975 0.00198495
v -0.03004179 -0.03721332 0.00421354
v -0.03017916 -0.03709487 0.00622571
v -0.03008559 -0.03923430 0.00437731
v -0.03017066 -0.03768133 0.00627772
v -0.03009310 -0.03932718 0.00233232
v -0.03013584 -0.04134836 0.00249633
v -0.03009358 -0.03964116 0.00441045
v -0.03022036 -0.04142765 0.00043389
v -0.03022697 -0.03939776 0.00025870
v -0.03030327 -0.04150723 -0.00162817
v -0.03039192 -0.04352029 -0.00147456
v -0.03046068 -0.04360236 -0.00353343
v -0.03073703 -0.04558231 -0.00342233
v -0.03058464 -0.04551500 -0.00134452
v -0.03117886 -0.04753307 -0.00334871
v -0.03104131 -0.04746314 -0.00127426
v -0.03100708 -0.04562320 -0.00540419
v -0.03139947 -0.04757691 -0.00519397
v -0.03142718 -0.04758345 -0.00544824
v -0.03102609 -0.04562550 -0.00553109
v -0.03178132 -0.04954966 -0.00535476
v -0.03175834 -0.04954416 -0.00514235
v -0.03211813 -0.05151894 -0.00525736
v -0.03210801 -0.05151516 -0.00513422
v -0.03288271 -0.05331853 -0.00321355
v -0.03282920 -0.05342217 -0.00524472
v -0.03386532 -0.05526804 -0.00530571
v -0.03399438 -0.05515106 -0.00329165
v -0.03412026 -0.05503464 -0.00127687
v -0.03289075 -0.05331075 -0.00307739
v -0.03342361 -0.05394957 -0.00122251
v -0.03413397 -0.05493802 0.00076331
v -0.03401974 -0.05476668 0.00077279
v -0.03302262 -0.05310542 0.00084134
v -0.03551771 -0.05681676 -0.00141970
v -0.03564054 -0.05670088 0.00059577
v -0.03414461 -0.05484194 0.00280420
v -0.03287900 -0.05350759 -0.00729929
v -0.03301126 -0.05301323 0.00288720
v -0.03288852 -0.05294068 0.00495830
v -0.03374631 -0.05538325 -0.00732204
v -0.03299842 -0.05320390 -0.00119647
v -0.03206875 -0.05115084 0.00292699
v -0.03533059 -0.05694399 -0.00342060
v -0.03413997 -0.05491740 0.00118619
v -0.03460202 -0.05550971 0.00276468
v -0.03199035 -0.05144729 -0.00318512
v -0.03228999 -0.05158282 -0.00733957
v -0.03168298 -0.04763251 -0.00754947
v -0.03139676 -0.04565429 -0.00765834
v -0.03070178 -0.04365402 -0.00563132
v -0.03113012 -0.04367263 -0.00777163
v -0.03164590 -0.04570453 -0.00975805
v -0.03142107 -0.04371549 -0.00988082
v -0.03048331 -0.04166386 -0.00575553
v -0.03091124 -0.04168255 -0.00789575
v -0.03039161 -0.04164726 -0.00502372
v -0.03026993 -0.03958392 -0.00395329
v -0.03183523 -0.04769985 -0.00962724
v -0.03066714 -0.04364827 -0.00536631
v -0.03156754 -0.04949318 -0.00326305
v -0.03045766 -0.04544320 0.00072753
v -0.03029669 -0.04160259 -0.00366997
v -0.03032067 -0.04343866 0.00058486
v -0.03012496 -0.04131592 0.00324410
v -0.03012755 -0.04125562 0.00454150
v -0.03023606 -0.04335938 0.00264732
v -0.03009930 -0.03921369 0.00476874
v -0.03023467 -0.03451664 -0.00016083
v -0.03029646 -0.03542226 -0.00214771
v -0.03028451 -0.03535278 -0.00059226
v -0.03043799 -0.03742601 -0.00200607
v -0.03034881 -0.03753596 -0.00402916
v -0.03034902 -0.03550719 -0.00420290
v -0.03051368 -0.03760107 -0.00610980
v -0.03054742 -0.03556638 -0.00629113
v -0.03081225 -0.03764258 -0.00822071
v -0.03041747 -0.03741156 -0.00160931
v -0.03032084 -0.03735248 0.00006375
v -0.03074535 -0.03560547 -0.00794141
v -0.03041382 -0.03784725 -0.00196490
v -0.03020244 -0.02959988 0.00352774
v -0.03223490 -0.02743039 -0.01336921
v -0.03285145 -0.05326071 -0.00321189
v -0.03391955 -0.05175633 0.02104979
v -0.03013518 -0.02309000 0.00093325
v -0.03024623 -0.04337941 0.00217174
v -0.03043584 -0.04541523 0.00142270
v -0.03096905 -0.02668691 -0.00919184
v -0.03010881 -0.03729570 0.00215507
v -0.03029395 -0.03532850 -0.00010385
v -0.03018983 -0.04252822 0.00258593
v -0.03226747 -0.02998074 0.01953467
v -0.03389586 -0.05479163 0.00490383
v -0.03118633 -0.03856902 0.01434444
v -0.03642499 -0.03506247 -0.01919006
v -0.03786683 -0.03280522 -0.02025241
v -0.03609933 -0.03308175 -0.01908456
v -0.03752397 -0.03083147 -0.02022833
v -0.03849060 -0.03270113 -0.02052367
v -0.03856081 -0.03066002 -0.02071327
v -0.03486019 -0.03574580 -0.01744422
v -0.03793933 -0.02874098 -0.02074620
v -0.03027576 -0.03339720 -0.00231671
v -0.03792017 -0.02671564 -0.02091555
v -0.03080167 -0.03641508 -0.00832357
v -0.03122470 -0.03383177 0.01393075
v -0.03041868 -0.03663609 0.00818716
v -0.03034928 -0.03291320 0.00788309
v -0.03153007 -0.04940559 -0.00121127
v -0.03032195 -0.02786711 0.00540548
v -0.03032994 -0.02688392 0.00620678
v -0.03240179 -0.04010064 0.02037271
v -0.03737453 -0.01865564 -0.02058830
v -0.03046666 -0.03963807 -0.00592545
v -0.02991924 -0.02115175 -0.00032722
v -0.03229176 -0.02742630 -0.01351086
v -0.03453022 -0.02315419 -0.01827732
v -0.03420521 -0.02742165 0.02300867
v -0.03176225 -0.01785334 0.01956666
v -0.03182515 -0.01576356 0.02046231
v -0.03145875 -0.01586365 0.01977694
v -0.03138827 -0.01459459 0.02045457
v -0.03109502 -0.01386369 0.02045398
v -0.03130722 -0.01381240 0.02070616
v -0.03017810 -0.01199679 0.02048797
v -0.02993343 -0.01416289 0.01867379
v -0.02876656 -0.01234009 0.01876439
v -0.02897812 -0.01442568 0.01684688
v -0.03008260 -0.01625949 0.01677041
v -0.02833359 -0.01362007 0.01691415
v -0.02844126 -0.01242122 0.01832361
v -0.02801026 -0.01426242 0.01498614
v -0.02960438 -0.01643809 0.01483543
v -0.03030048 -0.01834396 0.01485146
v -0.03069927 -0.01817938 0.01680442
v -0.02880584 -0.01021024 0.02062509
v -0.02749034 -0.01265952 0.01701016
v -0.03111804 -0.01177641 0.02145723
v -0.03081756 -0.01603558 0.01864723
v -0.02939410 -0.01888073 0.00688359
v -0.03110479 -0.02225946 0.01501667
v -0.03032613 -0.02895405 0.00549766
v -0.03026870 -0.02518936 -0.00096659
v -0.03189451 -0.05099317 0.00705303
v -0.03212755 -0.04967697 -0.00951976
v -0.03217062 -0.04770392 -0.01107522
v -0.03247631 -0.04969271 -0.01127512
v -0.03254804 -0.04969697 -0.01165829
v -0.03284720 -0.05167290 -0.01155236
v -0.03280709 -0.05167136 -0.01135637
v -0.03339835 -0.05360435 -0.01150350
v -0.03408698 -0.05357703 -0.01370277
v -0.03478555 -0.05548247 -0.01368730
v -0.03445415 -0.05355622 -0.01473998
v -0.03415388 -0.05549974 -0.01150094
v -0.03553404 -0.05728490 -0.01163985
v -0.03514426 -0.05614069 -0.01370677
v -0.03507418 -0.05727185 -0.00949240
v -0.03377695 -0.05550377 -0.01006036
v -0.03325312 -0.05360332 -0.01089240
v -0.03405171 -0.05617492 -0.00937018
v -0.03493446 -0.05547430 -0.01411384
v -0.03356383 -0.05164063 -0.01375797
v -0.03242188 -0.05165375 -0.00941274
v -0.03232817 -0.04770706 -0.01178219
v -0.02960587 -0.01370689 -0.01428397
v -0.03043294 -0.04535336 0.00277642
v -0.03028165 -0.04325713 0.00468028
v -0.03205579 -0.05124733 0.00088663
v -0.03156526 -0.04988675 0.00292519
v -0.03134328 -0.04927293 0.00242340
v -0.03603257 -0.04323253 -0.01810134
v -0.03189694 -0.04570214 -0.01072383
v -0.03221694 -0.04569796 -0.01193068
v -0.03321758 -0.04764431 -0.01402692
v -0.03310082 -0.04563619 -0.01417417
v -0.03315569 -0.04563166 -0.01429836
v -0.03344401 -0.04762751 -0.01458049
v -0.03308025 -0.04509826 -0.01421588
v -0.03466966 -0.04748226 -0.01639911
v -0.03453693 -0.04547696 -0.01654274
v -0.03468456 -0.04950834 -0.01622879
v -0.03373885 -0.04962070 -0.01483171
v -0.03496462 -0.04745097 -0.01691626
v -0.03526370 -0.04944244 -0.01714746
v -0.03666335 -0.04720229 -0.01840944
v -0.03563746 -0.05140368 -0.01702536
v -0.03608065 -0.05333679 -0.01657481
v -0.03564661 -0.05339600 -0.01609931
v -0.03775967 -0.05505182 -0.01640422
v -0.03853603 -0.05541147 -0.01653754
v -0.03487327 -0.05150376 -0.01609784
v -0.03465113 -0.04546531 -0.01675322
v -0.03633828 -0.05427719 -0.01617007
v -0.03204133 -0.05134408 -0.00115338
v -0.03059472 -0.03355386 -0.00700795
v -0.02710179 -0.01424866 -0.00738792
v -0.03475078 -0.03732436 -0.01728594
v -0.03016575 -0.03912594 0.00640244
v -0.03288229 -0.04362978 -0.01394572
v -0.02986052 -0.02101555 0.00286506
v -0.03198934 -0.04432505 0.01877022
v -0.03577476 -0.03110059 -0.01897396
v -0.03302843 -0.02332311 -0.01585252
v -0.03125546 -0.02426159 0.01515623
v -0.03214735 -0.01734212 -0.01508249
v -0.03438974 -0.04345857 -0.01634373
v -0.03138571 -0.04249706 0.01668996
v -0.03198916 -0.04960719 -0.00744513
v -0.02825847 -0.01558894 -0.00546632
v -0.02995354 -0.01849939 0.01288675
v -0.03074171 -0.02029481 0.01492521
v -0.03207084 -0.03762059 -0.01284631
v -0.03140152 -0.03155382 -0.01107448
v -0.03240369 -0.04830937 0.01902375
v -0.03672836 -0.05716834 -0.01395365
v -0.03022043 -0.02381681 -0.00107390
v -0.03336868 -0.04964635 -0.01388746
v -0.03018934 -0.02315498 -0.00069552
v -0.02955437 -0.01875824 0.00889058
v -0.03124707 -0.04898451 0.00906927
v -0.03179148 -0.05091715 0.00911966
v -0.03176138 -0.05082826 0.01116977
v -0.03317216 -0.02127898 -0.01627463
v -0.02656497 -0.01291703 0.01517647
v -0.03507243 -0.04146964 0.02402809
v -0.03249748 -0.02943666 -0.01377310
v -0.02674770 -0.01373262 -0.00325454
v -0.02662293 -0.01384885 -0.00526957
v -0.03065900 -0.02143987 -0.00957554
v -0.03311532 -0.04745372 0.02085142
v -0.03458597 -0.05666099 -0.00739014
v -0.03252270 -0.05262842 0.01321431
v -0.02991374 -0.02119457 -0.00123358
v -0.03292555 -0.05359358 -0.00935313
v -0.03026348 -0.03957972 -0.00383615
v -0.03227657 -0.01535087 -0.01659286
v -0.03703223 -0.01668166 -0.02056159
v -0.03885308 -0.01638352 -0.02147701
v -0.03666834 -0.01471643 -0.02063699
v -0.03489277 -0.01499623 -0.01950730
v -0.03447027 -0.01305474 -0.01985998
v -0.03395189 -0.01115208 -0.02066622
v -0.03219600 -0.01142390 -0.01944344
v -0.03338977 -0.01321991 -0.01906198
v -0.03250599 -0.01252719 -0.01893446
v -0.03273420 -0.01331854 -0.01854345
v -0.03051103 -0.01166701 -0.01788522
v -0.03157921 -0.01151071 -0.01882558
v -0.02980205 -0.00984155 -0.01959308
v -0.03021572 -0.01089798 -0.01858982
v -0.03161601 -0.00954620 -0.02054114
v -0.03028975 -0.02325114 -0.00318834
v -0.03046378 -0.01944560 -0.00970501
v -0.03348912 -0.03136663 -0.01547796
v -0.03531073 -0.04548503 0.02432150
v -0.03569078 -0.04539950 0.02463585
v -0.03038961 -0.02526223 -0.00303727
v -0.03447313 -0.01505744 -0.01913366
v -0.03923283 -0.01834233 -0.02132662
v -0.02997355 -0.02127822 -0.00329041
v -0.03120256 -0.04172534 -0.01000502
v -0.03527759 -0.04345422 0.02432726
v -0.03159747 -0.04371081 -0.01049447
v -0.03030289 -0.03947856 -0.00180178
v -0.03501032 -0.05605845 0.01708484
v -0.03598771 -0.03515550 0.02474146
v -0.03527065 -0.01695580 -0.01936572
v -0.03031143 -0.03348511 -0.00436808
v -0.03030653 -0.02944536 -0.00507922
v -0.02995018 -0.01750752 -0.00976238
v -0.03722384 -0.05709902 -0.01445887
v -0.03252081 -0.05272296 0.01117145
v -0.03089360 -0.00975470 0.02204153
v -0.03363317 -0.05549742 -0.00933971
v -0.03659237 -0.05524215 -0.01580011
v -0.02686762 -0.01361726 -0.00123841
v -0.02873221 -0.01194813 -0.01677094
v -0.03135219 -0.03236839 0.01563380
v -0.03259857 -0.05280344 0.00911055
v -0.03633350 -0.04522326 -0.01832376
v -0.03020411 -0.02317204 -0.00112565
v -0.03362346 -0.05465129 0.00905211
v -0.03479290 -0.03528416 -0.01738164
v -0.03026556 -0.03942622 -0.00384973
v -0.03133531 -0.01797293 0.01870365
v -0.03229114 -0.02788077 -0.01347182
v -0.03139651 -0.04300243 0.01673094
v -0.03404262 -0.05161028 -0.01504076
v -0.03103958 -0.04265235 0.01472507
v -0.02802463 -0.01514192 0.00517740
v -0.03084071 -0.03966627 -0.00805347
v -0.02882354 -0.01695270 0.00683913
v -0.03128110 -0.04888430 0.01110486
v -0.03714747 -0.02887134 -0.02036337
v -0.03025194 -0.02902813 0.00419176
v -0.03314922 -0.05361658 0.00701241
v -0.03109367 -0.02013850 0.01688879
v -0.02837585 -0.01462617 0.01494000
v -0.03025140 -0.02274530 0.00908459
v -0.03039470 -0.03087646 0.00769911
v -0.03490703 -0.03526805 -0.01749502
v -0.03458633 -0.04490430 -0.01660221
v -0.03110528 -0.01942660 -0.01189360
v -0.03509363 -0.05700483 -0.00541666
v -0.03416357 -0.02707022 0.02298738
v -0.03021968 -0.02494780 0.00722851
v -0.03035451 -0.03699772 0.00762208
v -0.03084843 -0.04736075 0.00172846
v -0.03142799 -0.04932940 0.00085514
v -0.03205321 -0.05109801 0.00413576
v -0.03236698 -0.05180377 0.00497120
v -0.03279021 -0.05286382 0.00702385
v -0.03283468 -0.05289411 0.00618662
v -0.03088924 -0.04739577 0.00080347
v -0.03546770 -0.05663717 0.00267821
v -0.02897376 -0.01250501 -0.01613834
v -0.02793983 -0.01205876 -0.01595798
v 0.09861787 -0.00839639 0.00227582
v 0.09868235 -0.00832606 0.00228343
v 0.09863778 -0.00839309 0.00242797
v 0.09642823 -0.00976192 0.00192986
v 0.09616779 -0.00994465 0.00293735
v 0.09812264 -0.00894833 0.00426974
v 0.09635282 -0.00993118 0.00397977
v 0.09589496 -0.00994458 0.00183278
v 0.09430130 -0.01051729 0.00154493
v 0.09478950 -0.01027762 -0.00042375
v 0.09271538 -0.01075047 -0.00082171
v 0.09225913 -0.01081925 0.00113909
v 0.09674409 -0.00990602 0.00611168
v 0.09318446 -0.01061303 -0.00278567
v 0.09112752 -0.01099397 -0.00318787
v 0.09155626 -0.01107241 -0.00514188
v 0.09367360 -0.01036834 -0.00475458
v 0.09044135 -0.01119929 -0.00331534
v 0.09018202 -0.01105932 -0.00133079
v 0.08899801 -0.01176317 -0.00357217
v 0.08941355 -0.01191220 -0.00552292
v 0.08859912 -0.01152508 -0.00162552
v 0.08738373 -0.01214805 -0.00593181
v 0.09026305 -0.01098375 0.00063680
v 0.08776931 -0.01245737 -0.00787518
v 0.08584203 -0.01214463 -0.00830936
v 0.08545933 -0.01181989 -0.00636670
v 0.08621230 -0.01253587 -0.01024894
v 0.08427027 -0.01230203 -0.01067949
v 0.08469750 -0.01238850 -0.01263313
v 0.08274008 -0.01223704 -0.01305987
v 0.08319789 -0.01215991 -0.01502105
v 0.08123230 -0.01205212 -0.01544578
v 0.08173310 -0.01174503 -0.01741757
v 0.08815751 -0.01275268 -0.00981919
v 0.07979553 -0.01148734 -0.01784921
v 0.08047077 -0.01024700 -0.01986402
v 0.08388734 -0.01197853 -0.00873677
v 0.07852533 -0.01003140 -0.02029373
v 0.07785371 -0.01125236 -0.01827981
v 0.07658180 -0.00980558 -0.02072390
v 0.07943741 -0.01178715 -0.01650171
v 0.07760641 -0.01148490 -0.01736912
v 0.07729190 -0.01188588 -0.01629297
v 0.07926404 -0.01195864 -0.01586986
v 0.07878053 -0.01217323 -0.01390233
v 0.08076326 -0.01218933 -0.01348183
v 0.08119579 -0.01205999 -0.01529070
v 0.07679234 -0.01218635 -0.01432149
v 0.08032856 -0.01214277 -0.01152635
v 0.08053814 -0.01012035 -0.02006282
v 0.07833610 -0.01217874 -0.01194445
v 0.08368942 -0.01190238 -0.01699055
v 0.07532457 -0.01178743 -0.01671727
v 0.08516685 -0.01224965 -0.01459716
v 0.08284628 -0.01217029 -0.01099178
v 0.07591328 -0.01101001 -0.01871074
v 0.08202151 -0.01195508 -0.00966767
v 0.08978263 -0.01230981 -0.00746222
v 0.08233670 -0.01088792 -0.01941471
v 0.07863909 -0.00979054 -0.02060832
v 0.07673321 -0.00945796 -0.02112155
v 0.07474513 -0.00900809 -0.02118043
v 0.07288148 -0.00835493 -0.02163030
v 0.07471845 -0.00908128 -0.02111964
v 0.08698293 -0.01192016 -0.00398469
v 0.08567862 -0.01188389 -0.01657165
v 0.08713036 -0.01236856 -0.01417191
v 0.08768298 -0.01178424 -0.01615648
v 0.08625810 -0.01115583 -0.01856284
v 0.08805606 -0.01140790 -0.01751042
v 0.08981796 -0.01168217 -0.01631612
v 0.08964433 -0.01191473 -0.01573070
v 0.09189636 -0.01208462 -0.01661904
v 0.09147742 -0.01273138 -0.01527329
v 0.09097166 -0.01306501 -0.01330028
v 0.08821060 -0.01133366 -0.01813488
v 0.09358152 -0.01232780 -0.01506169
v 0.08909549 -0.01247883 -0.01374707
v 0.09304791 -0.01258075 -0.01290285
v 0.09267402 -0.01220889 -0.01096236
v 0.09207325 -0.01191587 -0.01726852
v 0.09296944 -0.01202225 -0.01091590
v 0.09361849 -0.01223100 -0.01281218
v 0.09197613 -0.01119828 -0.00709370
v 0.09413342 -0.01028045 -0.00671626
v 0.09234800 -0.01158094 -0.00903369
v 0.09117398 -0.01151699 -0.00723598
v 0.09198528 -0.01175437 -0.00909552
v 0.09453470 -0.01050577 -0.00866350
v 0.09488478 -0.01100505 -0.01059811
v 0.09505019 -0.01026653 -0.00857501
v 0.09584826 -0.01050157 -0.01043754
v 0.09703880 -0.01010471 -0.01021985
v 0.09665350 -0.00979391 -0.00827656
v 0.09489429 -0.01005061 -0.00452374
v 0.09533626 -0.01004721 -0.00265821
v 0.09575649 -0.00984854 -0.00435878
v 0.09625247 -0.00956722 -0.00632938
v 0.09792950 -0.00884663 -0.00398522
v 0.09819478 -0.00865301 -0.00500559
v 0.09742291 -0.00918475 -0.00201200
v 0.09819890 -0.00860506 -0.00394895
v 0.09959845 -0.00682333 -0.00380565
v 0.09818132 -0.00850776 -0.00190964
v 0.09745152 -0.01026884 -0.01216991
v 0.09806184 -0.00867508 -0.00602328
v 0.09531515 -0.01107473 -0.01255252
v 0.09526949 -0.01008182 -0.00239040
v 0.07511320 -0.00915371 -0.02109015
v 0.08105641 -0.01204284 -0.01548376
v 0.09401197 -0.01216739 -0.01683716
v 0.09353125 -0.01236708 -0.01487032
v 0.09758716 -0.00944097 0.00625008
v 0.09692521 -0.00984378 0.00819599
v 0.09542163 -0.01040288 0.00587467
v 0.09016961 -0.01147665 -0.01770853
v 0.09496596 -0.01046852 0.00783532
v 0.09338847 -0.01065662 0.00546661
v 0.08663517 -0.01264569 -0.01220151
v 0.09294460 -0.01065912 0.00742435
v 0.09138970 -0.01072634 0.00505006
v 0.09096625 -0.01061960 0.00700277
v 0.09069134 -0.01095536 -0.00123202
v 0.09925496 -0.00832041 0.00650670
v 0.09932524 -0.00823860 0.00856590
v 0.08998005 -0.01064686 0.00679663
v 0.09051701 -0.01083582 0.00487496
v 0.08934523 -0.01104056 0.00464479
v 0.08896122 -0.01072281 0.00658776
v 0.08979054 -0.01103030 0.00268669
v 0.08727795 -0.01147682 0.00424514
v 0.08687556 -0.01125741 0.00619265
v 0.08527507 -0.01156850 0.00382961
v 0.08571623 -0.01158050 0.00187253
v 0.08373500 -0.01155639 0.00145166
v 0.08416444 -0.01163105 -0.00050253
v 0.08614902 -0.01163724 -0.00008248
v 0.08329243 -0.01155194 0.00340908
v 0.08460490 -0.01164675 -0.00245943
v 0.08288557 -0.01161200 0.00127686
v 0.08288967 -0.01170692 -0.00076550
v 0.08215639 -0.01175043 -0.00091678
v 0.08172436 -0.01168959 0.00103804
v 0.08017041 -0.01175173 -0.00133648
v 0.07973108 -0.01172995 0.00062014
v 0.08128004 -0.01169453 0.00299589
v 0.08062471 -0.01169339 -0.00329680
v 0.07862820 -0.01175105 -0.00371390
v 0.08251875 -0.01171713 -0.00249071
v 0.07907668 -0.01172384 -0.00567278
v 0.08105908 -0.01174171 -0.00525220
v 0.07951620 -0.01174459 -0.00762946
v 0.07752024 -0.01179926 -0.00804670
v 0.07928685 -0.01173442 0.00257797
v 0.08083332 -0.01171233 0.00495434
v 0.08283514 -0.01162629 0.00537014
v 0.08238415 -0.01166691 0.00732964
v 0.08039400 -0.01169054 0.00691096
v 0.08322369 -0.01156330 0.00370375
v 0.08368681 -0.01156498 0.00554492
v 0.07884095 -0.01174780 0.00453622
v 0.07841263 -0.01166714 0.00649012
v 0.07686980 -0.01166980 0.00411286
v 0.07644235 -0.01158449 0.00606655
v 0.08198298 -0.01144099 0.00927685
v 0.08307366 -0.01126837 0.00949262
v 0.07998176 -0.01152385 0.00886091
v 0.07817739 -0.01179068 -0.00175445
v 0.08394706 -0.01151671 0.00764716
v 0.08211145 -0.01100436 0.01131798
v 0.07489507 -0.01161090 0.00369038
v 0.07532183 -0.01169989 0.00173686
v 0.07333869 -0.01168601 0.00131646
v 0.07292277 -0.01153900 0.00326731
v 0.07179120 -0.01149443 0.00302429
v 0.07143574 -0.01133750 0.00498707
v 0.07216878 -0.01165527 0.00106652
v 0.07135998 -0.01164839 0.00089496
v 0.07376089 -0.01179939 -0.00063594
v 0.07250801 -0.01138580 0.00521787
v 0.07168098 -0.01128657 0.00708591
v 0.07053464 -0.01131964 0.00479506
v 0.07010585 -0.01124147 0.00674908
v 0.06854262 -0.01135327 0.00437685
v 0.07103559 -0.01107847 0.00898302
v 0.06895429 -0.01152299 0.00242705
v 0.06811600 -0.01126352 0.00633034
v 0.06655809 -0.01134677 0.00395679
v 0.06612377 -0.01129823 0.00591218
v 0.06456621 -0.01137964 0.00353854
v 0.06969949 -0.01104336 0.00869758
v 0.06414338 -0.01126961 0.00549110
v 0.06499660 -0.01144923 0.00158412
v 0.06300501 -0.01148056 0.00116581
v 0.06341681 -0.01164961 -0.00078403
v 0.06697264 -0.01150115 0.00200628
v 0.06144505 -0.01157484 -0.00120723
v 0.06186345 -0.01170854 -0.00315870
v 0.06030712 -0.01159072 -0.00144642
v 0.05998260 -0.01143924 0.00052337
v 0.05945108 -0.01161888 -0.00162496
v 0.06053261 -0.01172471 -0.00343864
v 0.06227165 -0.01189688 -0.00510764
v 0.06073194 -0.01188281 -0.00748568
v 0.06270629 -0.01194374 -0.00706311
v 0.06115944 -0.01196784 -0.00943938
v 0.06041249 -0.01189193 -0.00755242
v 0.06038213 -0.01198077 -0.00960259
v 0.05916616 -0.01200822 -0.00985728
v 0.05958440 -0.01214280 -0.01180871
v 0.05758999 -0.01218919 -0.01222633
v 0.05714892 -0.01217673 -0.01026927
v 0.05872986 -0.01197024 -0.00790141
v 0.06068662 -0.01212871 -0.01157691
v 0.06002631 -0.01215076 -0.01376597
v 0.06023233 -0.01214275 -0.01372310
v 0.06203106 -0.01204905 -0.01335089
v 0.06052636 -0.01184767 -0.01573757
v 0.06313523 -0.01202108 -0.00901717
v 0.06470171 -0.01189191 -0.00664574
v 0.06251120 -0.01185244 -0.01531759
v 0.06107452 -0.01128717 -0.01772103
v 0.05903336 -0.01148152 0.00032633
v 0.05745538 -0.01167221 -0.00204227
v 0.05702554 -0.01159964 -0.00008799
v 0.05862138 -0.01131340 0.00227621
v 0.05544714 -0.01179258 -0.00245648
v 0.05501707 -0.01172129 -0.00050214
v 0.05662267 -0.01138285 0.00185965
v 0.05344530 -0.01187874 -0.00287227
v 0.05788072 -0.01176877 -0.00399544
v 0.05302830 -0.01173749 -0.00092115
v 0.05387669 -0.01194296 -0.00482693
v 0.05188972 -0.01194957 -0.00524639
v 0.05231705 -0.01203554 -0.00720005
v 0.05430449 -0.01202638 -0.00678071
v 0.05035663 -0.01190007 -0.00762606
v 0.05079080 -0.01194005 -0.00342815
v 0.04946437 -0.01192932 -0.00370946
v 0.05978742 -0.01131059 0.00252245
v 0.06303136 -0.01144178 -0.01729415
v 0.06446807 -0.01200687 -0.01489070
v 0.06337403 -0.01090850 -0.01839158
v 0.06151520 -0.01059497 -0.01912734
v 0.05802902 -0.01221252 -0.01418288
v 0.06513289 -0.01195729 -0.00860035
v 0.06668725 -0.01189297 -0.00622593
v 0.06624733 -0.01187436 -0.00426916
v 0.06822033 -0.01194253 -0.00384625
v 0.06865898 -0.01196788 -0.00580271
v 0.07019373 -0.01200851 -0.00342345
v 0.06977675 -0.01186716 -0.00147234
v 0.06779603 -0.01184033 -0.00189334
v 0.06712289 -0.01193447 -0.00818164
v 0.07063304 -0.01203035 -0.00538007
v 0.07217666 -0.01202351 -0.00300300
v 0.05274311 -0.01212828 -0.00915340
v 0.06425715 -0.01189815 -0.00468782
v 0.05472563 -0.01214546 -0.00873285
v 0.05630300 -0.01195806 -0.00636410
v 0.05093241 -0.01187084 -0.00135278
v 0.04902165 -0.01192572 -0.00175200
v 0.05041045 -0.01168452 0.00057229
v 0.04862512 -0.01167496 0.00019407
v 0.04704391 -0.01188292 -0.00217373
v 0.04662473 -0.01175333 -0.00022208
v 0.04822370 -0.01145040 0.00214134
v 0.04621825 -0.01155587 0.00172645
v 0.04781107 -0.01128576 0.00409138
v 0.04906515 -0.01125870 0.00435416
v 0.04882775 -0.01112260 0.00634368
v 0.04580514 -0.01139383 0.00367660
v 0.04422504 -0.01159583 0.00130853
v 0.04380282 -0.01148252 0.00326093
v 0.04539848 -0.01119727 0.00562517
v 0.04748945 -0.01187145 -0.00413189
v 0.04464190 -0.01173781 -0.00064255
v 0.04951843 -0.01143290 0.00241354
v 0.04337998 -0.01137257 0.00521349
v 0.04178088 -0.01167623 0.00285010
v 0.04135429 -0.01158633 0.00480358
v 0.04296205 -0.01123632 0.00716483
v 0.04094918 -0.01138145 0.00675176
v 0.04256255 -0.01100147 0.00911163
v 0.04054135 -0.01119116 0.00870062
v 0.03856664 -0.01113218 0.00827814
v 0.03864199 -0.01118343 0.00790556
v 0.04218234 -0.01066341 0.01105367
v 0.04016865 -0.01081294 0.01064081
v 0.04420148 -0.01048468 0.01146519
v 0.03947188 -0.01140604 0.00644159
v 0.04382804 -0.01011045 0.01340557
v 0.04476370 -0.01002858 0.01359635
v 0.04354941 -0.00972008 0.01536460
v 0.04582606 -0.01004470 0.01382230
v 0.04621839 -0.01031795 0.01187727
v 0.04780216 -0.01009627 0.01424444
v 0.04587360 -0.01031865 0.01180445
v 0.04819334 -0.01037565 0.01229969
v 0.04858926 -0.01062962 0.01035377
v 0.05018818 -0.01032693 0.01271720
v 0.05058575 -0.01057213 0.01077088
v 0.05220409 -0.01016553 0.01312952
v 0.05260559 -0.01038963 0.01118223
v 0.05424566 -0.00986680 0.01353551
v 0.05462608 -0.01020374 0.01159342
v 0.05298946 -0.01070812 0.00923929
v 0.05502053 -0.01046561 0.00964787
v 0.05340341 -0.01086568 0.00728892
v 0.05463135 -0.00983545 0.01361436
v 0.05181175 -0.00989234 0.01507456
v 0.04744938 -0.00961149 0.01617971
v 0.04949252 -0.00930438 0.01658531
v 0.04728323 -0.00826137 0.01796522
v 0.04938738 -0.00867425 0.01754048
v 0.05108420 -0.00902106 0.01689752
v 0.05098191 -0.01082483 0.00882491
v 0.05542562 -0.01067055 0.00769969
v 0.04543490 -0.00976528 0.01576704
v 0.05604727 -0.01017953 0.01189177
v 0.04934083 -0.00774377 0.01847099
v 0.05661306 -0.01019707 0.01201287
v 0.05623367 -0.00985464 0.01395471
v 0.05822328 -0.00983391 0.01437352
v 0.05858909 -0.01024899 0.01243503
v 0.05700238 -0.01048637 0.01006858
v 0.05791126 -0.00913108 0.01629874
v 0.05997765 -0.00869954 0.01669861
v 0.05780550 -0.00821378 0.01748039
v 0.05997101 -0.00865152 0.01676537
v 0.05616582 -0.00788912 0.01787480
v 0.05586655 -0.00944654 0.01589352
v 0.05986626 -0.00692333 0.01857434
v 0.05777176 -0.00750523 0.01818141
v 0.05386634 -0.00952401 0.01547733
v 0.06023084 -0.00971718 0.01478790
v 0.05380331 -0.01109835 0.00534202
v 0.03980787 -0.01160812 0.00242720
v 0.05569202 -0.00800813 0.01778483
v 0.08404158 -0.01105119 0.00967864
v 0.08369127 -0.01055316 0.01161330
v 0.08578886 -0.00995475 0.01200547
v 0.08615927 -0.01034521 0.01006585
v 0.08817014 -0.01021079 0.01047941
v 0.08763688 -0.00995073 0.01239578
v 0.08540076 -0.00965892 0.01394946
v 0.08334417 -0.01003796 0.01354718
v 0.08302580 -0.00936911 0.01547397
v 0.08429197 -0.00917203 0.01572475
v 0.08296230 -0.00890548 0.01611553
v 0.08077704 -0.00845975 0.01692396
v 0.08284675 -0.00795484 0.01736639
v 0.08142453 -0.01083461 0.01221490
v 0.08093194 -0.00994753 0.01508087
v 0.08786683 -0.01001323 0.01197246
v 0.08777377 -0.00995919 0.01242544
v 0.08505846 -0.00911802 0.01588215
v 0.08651162 -0.01083230 0.00813068
v 0.08125113 -0.01061207 0.01315388
v 0.04739225 -0.01115430 0.00604295
v 0.04459185 -0.01076840 0.00952065
v 0.05897213 -0.01057191 0.01049229
v 0.05583875 -0.01083245 0.00574952
v 0.05421589 -0.01126323 0.00339200
v 0.05220958 -0.01137331 0.00297731
v 0.05260457 -0.01163229 0.00103163
v 0.05623133 -0.01110431 0.00380443
v 0.05782832 -0.01081194 0.00616834
v 0.06157742 -0.01210384 -0.01139074
v 0.05587247 -0.01188923 -0.00440965
v 0.06498614 -0.01160736 -0.01686675
v 0.06643118 -0.01212795 -0.01446536
v 0.06597652 -0.01218818 -0.01250496
v 0.06794054 -0.01230435 -0.01207984
v 0.06753307 -0.01211216 -0.01013107
v 0.06950209 -0.01220162 -0.00970719
v 0.06991964 -0.01233988 -0.01165844
v 0.07148581 -0.01221238 -0.00928693
v 0.07106511 -0.01209096 -0.00733490
v 0.07246808 -0.01208491 -0.00703885
v 0.07192633 -0.01222781 -0.01124385
v 0.07248301 -0.01199334 -0.00499218
v 0.07305227 -0.01208334 -0.00691549
v 0.07037635 -0.01226866 -0.01361935
v 0.07207198 -0.01223464 -0.01189222
v 0.07221781 -0.01222916 -0.01118212
v 0.07183008 -0.01225494 -0.01331323
v 0.07348881 -0.01212005 -0.00887143
v 0.03843947 -0.01112965 0.00825104
v 0.05910032 -0.01122545 -0.01814364
v 0.06400765 -0.01209798 -0.01292888
v 0.05178893 -0.01125162 0.00492933
v 0.06170500 -0.01028626 -0.01972481
v 0.06364600 -0.01052564 -0.01929401
v 0.06426999 -0.00915876 -0.02098400
v 0.05978486 -0.00993535 -0.02016075
v 0.04980212 -0.01125733 0.00450983
v 0.04938394 -0.01112243 0.00646124
v 0.04024074 -0.01166443 0.00047217
v 0.03945761 -0.01159193 0.00235177
v 0.03947575 -0.01152112 0.00396133
v 0.03891760 -0.01159084 0.00018617
v 0.04066772 -0.01175229 -0.00148141
v 0.03876999 -0.01165900 -0.00189055
v 0.03827434 -0.01156100 0.00004764
v 0.03911505 -0.01180753 -0.00385625
v 0.04109002 -0.01186517 -0.00343383
v 0.03954548 -0.01187689 -0.00581068
v 0.04152998 -0.01188351 -0.00539061
v 0.04308693 -0.01180535 -0.00301683
v 0.04351888 -0.01186661 -0.00497163
v 0.04197160 -0.01189306 -0.00734780
v 0.04395378 -0.01191205 -0.00692716
v 0.03894224 -0.01174438 -0.00304404
v 0.04242942 -0.01181589 -0.00930898
v 0.04440251 -0.01188356 -0.00888610
v 0.04289316 -0.01170707 -0.01127163
v 0.04484775 -0.01187367 -0.01084419
v 0.04339239 -0.01140835 -0.01324303
v 0.04090719 -0.01170828 -0.01169133
v 0.04142317 -0.01131998 -0.01366686
v 0.04594866 -0.01186315 -0.00650966
v 0.04532480 -0.01169365 -0.01281011
v 0.04385435 -0.01130901 -0.01520523
v 0.04579597 -0.01154506 -0.01477459
v 0.04044598 -0.01180361 -0.00972931
v 0.04727115 -0.01190433 -0.01238064
v 0.04639963 -0.01182262 -0.00846915
v 0.03783735 -0.01152672 0.00200369
v 0.05560045 -0.01220953 -0.01264515
v 0.05515474 -0.01222194 -0.01068695
v 0.05362612 -0.01214851 -0.01306773
v 0.07506495 -0.01193920 -0.00650238
v 0.07462273 -0.01193292 -0.00454504
v 0.07550298 -0.01196791 -0.00845868
v 0.07795144 -0.01186450 -0.01000131
v 0.07592564 -0.01207885 -0.01041119
v 0.05987046 -0.01174739 -0.00357667
v 0.07262613 -0.01199105 -0.00496212
v 0.06571750 -0.01109958 0.00786065
v 0.06373241 -0.01109615 0.00744073
v 0.06532482 -0.01082826 0.00980576
v 0.06732016 -0.01077688 0.01022316
v 0.06333233 -0.01086438 0.00938767
v 0.06174844 -0.01108671 0.00702053
v 0.06134862 -0.01085354 0.00896741
v 0.06293949 -0.01059390 0.01133282
v 0.05979150 -0.01093262 0.00659367
v 0.06019525 -0.01114475 0.00464582
v 0.06095739 -0.01057446 0.01091217
v 0.06257047 -0.01019601 0.01327211
v 0.05806637 -0.01081846 0.00621922
v 0.06692044 -0.01054325 0.01217001
v 0.06931129 -0.01074805 0.01064159
v 0.06655800 -0.01011013 0.01410767
v 0.05936534 -0.01084041 0.00854704
v 0.06492558 -0.01059202 0.01175250
v 0.05101842 -0.01186667 -0.00133496
v 0.04222262 -0.01168508 0.00089288
v 0.04702533 -0.00821057 0.01802149
v 0.06839407 -0.01225019 -0.01403996
v 0.07236465 -0.01225493 -0.01320022
v 0.05410655 -0.01195036 -0.01503449
v 0.08148177 -0.01173648 -0.00711436
v 0.08181310 -0.01170535 -0.00509592
v 0.05317577 -0.01218568 -0.01110838
v 0.07094802 -0.01148022 0.00284484
v 0.05078186 -0.01199728 -0.00957920
v 0.06622939 -0.00951302 -0.02072395
v 0.04580970 -0.01153454 -0.01482703
v 0.04597445 -0.01156112 -0.01473549
v 0.04395725 -0.01122360 -0.01559300
v 0.04435958 -0.01097820 -0.01717811
v 0.04240818 -0.01079451 -0.01760634
v 0.04304319 -0.00976938 -0.01961123
v 0.04498828 -0.00998683 -0.01918145
v 0.04518160 -0.00960687 -0.01973890
v 0.04708565 -0.00993871 -0.01921705
v 0.04575736 -0.00824444 -0.02121941
v 0.04763408 -0.00882770 -0.02077275
v 0.04950768 -0.00942762 -0.02032533
v 0.05142167 -0.00981145 -0.01988788
v 0.05097704 -0.01063612 -0.01856732
v 0.05381145 -0.00923216 -0.02080065
v 0.05333274 -0.01021091 -0.01944970
v 0.05577666 -0.00958877 -0.02056811
v 0.05524686 -0.01059407 -0.01901227
v 0.05772774 -0.00993965 -0.02026871
v 0.05715202 -0.01102517 -0.01857264
v 0.05473984 -0.01128145 -0.01730932
v 0.05411289 -0.00840932 -0.02149039
v 0.05666850 -0.01162326 -0.01690388
v 0.05596685 -0.00911429 -0.02103812
v 0.04906764 -0.01030212 -0.01906387
v 0.04327715 -0.00927487 -0.02025886
v 0.05287310 -0.01096473 -0.01800769
v 0.06700713 -0.01008494 0.01420045
v 0.06650603 -0.00998031 0.01443823
v 0.08638796 -0.00963613 0.01415619
v 0.05213974 -0.01184914 -0.01545892
v 0.06258312 -0.01136550 0.00311813
v 0.07176767 -0.01183947 -0.00105386
v 0.08851992 -0.01020077 0.01055249
v 0.04216065 -0.01093528 -0.01662314
v 0.07731268 -0.01167253 0.00215536
v 0.07708278 -0.01176749 -0.00609053
v 0.05408169 -0.00969686 0.01439188
v 0.06855636 -0.01004255 0.01452431
v 0.06557767 -0.01081488 -0.01886092
v 0.06815777 -0.00985471 -0.02031720
v 0.07447427 -0.01149001 0.00564244
v 0.06524255 -0.01122594 -0.01770163
v 0.06751530 -0.01107222 -0.01842929
v 0.04047162 -0.01053140 -0.01803823
v 0.04035448 -0.01064309 -0.01760804
v 0.03857183 -0.01007162 -0.01847919
v 0.03842292 -0.01030011 -0.01799979
v 0.03925397 -0.00879432 -0.02049571
v 0.03791726 -0.01120139 -0.01646948
v 0.03593022 -0.01120835 -0.01688892
v 0.03658957 -0.00999691 -0.01885611
v 0.03462316 -0.00994961 -0.01932434
v 0.03398179 -0.01100878 -0.01731788
v 0.03269200 -0.00965761 -0.01975756
v 0.03205126 -0.01071341 -0.01775126
v 0.03079996 -0.00915635 -0.02020044
v 0.03015688 -0.01022464 -0.01819356
v 0.03364121 -0.01135472 -0.01608375
v 0.02825937 -0.00975266 -0.01863508
v 0.02979285 -0.01067473 -0.01693701
v 0.02781247 -0.01031198 -0.01709778
v 0.02768548 -0.01045080 -0.01664526
v 0.02637035 -0.00923523 -0.01907869
v 0.02584942 -0.00995625 -0.01734056
v 0.03637624 -0.00996149 -0.01895274
v 0.02958122 -0.01093228 -0.01620330
v 0.02903277 -0.01149431 -0.01421976
v 0.02712832 -0.01105941 -0.01465958
v 0.03096048 -0.01180472 -0.01378569
v 0.03050198 -0.01188552 -0.01182434
v 0.03249392 -0.01185235 -0.01140611
v 0.03205092 -0.01185020 -0.00944858
v 0.03405400 -0.01175742 -0.00903310
v 0.03005028 -0.01192994 -0.00986466
v 0.03163582 -0.01169886 -0.00749793
v 0.02964225 -0.01174073 -0.00791576
v 0.03119760 -0.01167116 -0.00554158
v 0.02923028 -0.01157263 -0.00596588
v 0.02766527 -0.01169388 -0.00833768
v 0.02806462 -0.01192955 -0.01028444
v 0.03316315 -0.01177914 -0.00511684
v 0.03076314 -0.01162333 -0.00358616
v 0.02879652 -0.01152107 -0.00401063
v 0.03294612 -0.01180526 -0.01336591
v 0.03448666 -0.01181489 -0.01098807
v 0.03360877 -0.01176727 -0.00707502
v 0.02724723 -0.01155824 -0.00638631
v 0.03032223 -0.01161003 -0.00162914
v 0.03229274 -0.01169150 -0.00120563
v 0.03187660 -0.01154564 0.00074527
v 0.03386851 -0.01151265 0.00116351
v 0.03343931 -0.01143669 0.00311764
v 0.03541798 -0.01147450 0.00353914
v 0.03499145 -0.01138425 0.00549261
v 0.03145437 -0.01143241 0.00269768
v 0.03429348 -0.01161121 -0.00078957
v 0.03585514 -0.01150784 0.00158305
v 0.03301567 -0.01133097 0.00507039
v 0.03698543 -0.01134016 0.00591034
v 0.03657939 -0.01114031 0.00785875
v 0.02989673 -0.01151428 0.00032407
v 0.03150532 -0.01126203 -0.01576834
v 0.03272347 -0.01175924 -0.00316013
v 0.03739397 -0.01162880 -0.01449215
v 0.03285935 -0.00936477 -0.02026823
v 0.02886298 -0.00862484 -0.02042136
v 0.02694668 -0.00828804 -0.02088525
v 0.03476897 -0.00969887 -0.01977275
v 0.02449710 -0.00863339 -0.01952620
v 0.03736896 -0.00825546 -0.02094032
v 0.02988798 -0.00881648 -0.02042232
v 0.02704409 -0.00800288 -0.02109314
v 0.02577654 -0.01003990 -0.01708397
v 0.06625286 -0.00937042 0.01603119
v 0.03991553 -0.01113434 -0.01605281
v 0.07008194 -0.01019470 -0.01989051
v 0.08150348 -0.01173630 -0.00721008
v 0.08306218 -0.01164878 -0.00483672
v 0.07207956 -0.01130581 0.00717181
v 0.08857588 -0.01041222 0.00853107
v 0.06629266 -0.00936188 -0.02088553
v 0.03906785 -0.01180577 -0.00386638
v 0.03714110 -0.01174450 -0.00427892
v 0.03756881 -0.01182843 -0.00623267
v 0.03880409 -0.01185343 -0.00596941
v 0.06946454 -0.01126748 -0.01800053
v 0.06892459 -0.01178406 -0.01601908
v 0.06847108 -0.01175637 -0.01611732
v 0.07202386 -0.01054187 -0.01954779
v 0.07011991 -0.01013342 -0.02001044
v 0.07141301 -0.01146686 -0.01757157
v 0.06442522 -0.00872896 -0.02133447
v 0.06429400 -0.00952374 0.01537334
v 0.05144868 -0.01193693 -0.00328934
v 0.07240983 -0.01216884 -0.00909533
v 0.06828348 -0.00913032 0.01643988
v 0.07035511 -0.00867077 0.01683846
v 0.06609097 -0.00786438 0.01791938
v 0.06817973 -0.00810624 0.01769584
v 0.07034279 -0.00854298 0.01699245
v 0.07062677 -0.00860079 0.01688989
v 0.07030190 -0.00658328 0.01869984
v 0.08772446 -0.01146013 0.00228674
v 0.02518085 -0.00734754 -0.02154311
v 0.07057151 -0.00988523 0.01493682
v 0.07090154 -0.01049173 0.01300716
v 0.07389112 -0.01085881 -0.01885192
v 0.07336974 -0.01162205 -0.01714466
v 0.07284154 -0.01207578 -0.01516611
v 0.08313757 -0.01156226 0.00337723
v 0.02346878 -0.00588341 -0.02203038
v 0.02284498 -0.00750545 -0.02054005
v 0.02106933 -0.00716601 -0.02037642
v 0.02266917 -0.00778916 -0.01998489
v 0.02006806 -0.00870921 -0.01840460
v 0.01813669 -0.00841833 -0.01883777
v 0.01996979 -0.00889290 -0.01811383
v 0.01806944 -0.00856256 -0.01865321
v 0.02193249 -0.00924849 -0.01786943
v 0.01745756 -0.00967950 -0.01682200
v 0.01549223 -0.00957033 -0.01724679
v 0.01692820 -0.01013940 -0.01484317
v 0.01888625 -0.01028753 -0.01441658
v 0.01870374 -0.01049274 -0.01377066
v 0.02052386 -0.01079058 -0.01285175
v 0.01828235 -0.01114626 -0.01241936
v 0.02083364 -0.01049270 -0.01398736
v 0.02244850 -0.01113076 -0.01242728
v 0.02274888 -0.01086987 -0.01355021
v 0.01626665 -0.01130655 -0.01283173
v 0.01774105 -0.01167002 -0.01043759
v 0.01973647 -0.01161823 -0.01002021
v 0.01574406 -0.01173021 -0.01085457
v 0.01727743 -0.01177821 -0.00847497
v 0.01927224 -0.01172968 -0.00805745
v 0.01635377 -0.01185476 -0.00866367
v 0.01559085 -0.01178391 -0.01021998
v 0.01550126 -0.01161011 -0.00681347
v 0.01426843 -0.01137333 -0.01324841
v 0.02026769 -0.01114835 -0.01199950
v 0.02135214 -0.01009090 -0.01596351
v 0.01525701 -0.01196375 -0.00888618
v 0.02329191 -0.01033685 -0.01553241
v 0.02466853 -0.01122339 -0.01311415
v 0.01686931 -0.01158949 -0.00652605
v 0.02435001 -0.01146157 -0.01189342
v 0.01666016 -0.01016273 -0.01489783
v 0.01523084 -0.00996483 -0.01640012
v 0.01485598 -0.01060213 -0.01524160
v 0.01533062 -0.01176841 -0.01093870
v 0.01615758 -0.00822756 -0.01913815
v 0.01538647 -0.01149565 -0.00479618
v 0.01644694 -0.01147700 -0.00457360
v 0.01560686 -0.01144033 -0.00270297
v 0.01601216 -0.01143090 -0.00261810
v 0.01588801 -0.01146492 -0.00209648
v 0.01400543 -0.01154320 -0.00303269
v 0.01553991 -0.01158526 -0.00065336
v 0.01354202 -0.01165027 -0.00107012
v 0.01197878 -0.01176207 -0.00344236
v 0.01241662 -0.01179183 -0.00539861
v 0.01040177 -0.01194759 -0.00581119
v 0.01081676 -0.01209957 -0.00776181
v 0.00884256 -0.01203783 -0.00818442
v 0.00927805 -0.01208013 -0.01014010
v 0.01124606 -0.01217497 -0.00971596
v 0.00976745 -0.01183400 -0.01210907
v 0.00779984 -0.01173705 -0.01253330
v 0.00838269 -0.01099096 -0.01452533
v 0.00730983 -0.01198642 -0.01056418
v 0.00842117 -0.01192009 -0.00623222
v 0.01034370 -0.01112324 -0.01409947
v 0.00640258 -0.01096087 -0.01494647
v 0.01282423 -0.01198327 -0.00734741
v 0.01172625 -0.01197813 -0.01168266
v 0.01042743 -0.01101064 -0.01438142
v 0.01163021 -0.01120958 -0.01382012
v 0.00996907 -0.01189035 -0.00385620
v 0.01508344 -0.01165519 0.00130749
v 0.01708472 -0.01157205 0.00172342
v 0.01718745 -0.01155188 0.00128555
v 0.01663276 -0.01161786 0.00368316
v 0.01782005 -0.01154829 0.00392818
v 0.01744769 -0.01138837 0.00588713
v 0.01864139 -0.01149536 0.00409727
v 0.01822412 -0.01135557 0.00604845
v 0.02025113 -0.01113479 0.00645804
v 0.02065376 -0.01135289 0.00451046
v 0.02227792 -0.01091513 0.00686767
v 0.02267173 -0.01118044 0.00492227
v 0.02430148 -0.01071278 0.00727810
v 0.02468266 -0.01104565 0.00533582
v 0.02310507 -0.01123424 0.00296713
v 0.02510355 -0.01116603 0.00338374
v 0.02107895 -0.01145027 0.00255733
v 0.02389526 -0.01051389 0.00922656
v 0.02354320 -0.01126243 0.00101080
v 0.02662655 -0.01107369 0.00574914
v 0.02187565 -0.01069513 0.00881515
v 0.02446390 -0.01050363 0.00934588
v 0.02553141 -0.01124918 0.00142995
v 0.02400926 -0.01114116 -0.00095242
v 0.02583423 -0.01118402 0.00014376
v 0.02539258 -0.01113854 -0.00066023
v 0.02445323 -0.01113809 -0.00291019
v 0.02499681 -0.01116290 -0.00279316
v 0.02641106 -0.01128738 -0.00248354
v 0.01462165 -0.01175358 0.00326966
v 0.02200436 -0.01124370 -0.00136745
v 0.01621971 -0.01145550 0.00563330
v 0.02482844 -0.01150291 -0.00485099
v 0.02283973 -0.01151881 -0.00527002
v 0.02515915 -0.01072053 0.00746007
v 0.02655196 -0.01124894 0.00164566
v 0.02379653 -0.01029165 0.01123802
v 0.02587958 -0.01052146 0.00964667
v 0.02242444 -0.01136841 -0.00331933
v 0.02595141 -0.01142557 -0.00462023
v 0.02548113 -0.01028100 0.01159321
v 0.02327915 -0.01154007 -0.00722667
v 0.02746060 -0.01031451 0.01201452
v 0.02703136 -0.01023877 0.01396865
v 0.02902559 -0.01019337 0.01438632
v 0.02867852 -0.00967800 0.01632018
v 0.02664966 -0.00990874 0.01591106
v 0.03072597 -0.00934785 0.01672472
v 0.03105397 -0.00996520 0.01479556
v 0.02841586 -0.00879900 0.01816473
v 0.03306059 -0.00985350 0.01521017
v 0.02946952 -0.01019053 0.01242856
v 0.00858092 -0.01070211 -0.01517549
v 0.02675702 -0.01119092 0.00373540
v 0.02832880 -0.00878014 0.01822074
v 0.01307740 -0.01176379 0.00089274
v 0.02633995 -0.00919349 0.01783571
v 0.02381691 -0.01020104 0.01328592
v 0.02598936 -0.01117132 -0.00053127
v 0.01659854 -0.01152113 -0.00043507
v 0.02504652 -0.01023402 0.01354867
v 0.02527594 -0.01148097 -0.00680963
v 0.01738241 -0.01156526 0.00178577
v 0.01800414 -0.01139746 -0.00219988
v 0.01091815 -0.01042210 -0.01608942
v 0.01230167 -0.01127181 -0.01367286
v 0.01845102 -0.01137885 -0.00415837
v 0.01351483 -0.00952577 -0.01766861
v 0.03070683 -0.00928755 0.01685623
v 0.03047108 -0.00833936 0.01863585
v 0.03273721 -0.00921141 0.01713819
v 0.03257209 -0.00772263 0.01902718
v 0.03478625 -0.00887271 0.01754234
v 0.03506201 -0.00976959 0.01562606
v 0.03302814 -0.00978838 0.01540418
v 0.03324629 -0.00983636 0.01524796
v 0.03683588 -0.00853090 0.01794634
v 0.03706090 -0.00969923 0.01604258
v 0.03907955 -0.00952312 0.01645422
v 0.03742992 -0.01009715 0.01410330
v 0.03738124 -0.00844315 0.01805411
v 0.03894444 -0.00875397 0.01765004
v 0.04142000 -0.00999758 0.01493823
v 0.03546035 -0.01001063 0.01367955
v 0.03940946 -0.01013031 0.01452459
v 0.03888999 -0.00816511 0.01834924
v 0.03469962 -0.00791341 0.01867229
v 0.03044822 -0.00707019 0.01972562
v 0.03257053 -0.00749043 0.01921498
v 0.02839219 -0.00667680 0.01992273
v 0.03055627 -0.00551140 0.02046310
v 0.02841268 -0.00635591 0.02008227
v 0.03127631 -0.00514866 0.02058425
v 0.03059200 -0.00501581 0.02069147
v 0.03276171 -0.00433601 0.02082867
v 0.02788222 -0.00657841 0.01998919
v 0.02627471 -0.00625851 0.02041053
v 0.02623165 -0.00740076 0.01971069
v 0.03265967 -0.00541391 0.02043935
v 0.02412200 -0.00793858 0.01941897
v 0.01942377 -0.00978398 -0.01639742
v 0.02418619 -0.00585196 0.02076132
v 0.02198492 -0.00751236 0.01999945
v 0.02300495 -0.00562349 0.02092779
v 0.02426547 -0.00492397 0.02113436
v 0.02205365 -0.00613346 0.02077036
v 0.02082499 -0.00703182 -0.02043956
v 0.03301047 -0.00757762 0.01910743
v 0.01990770 -0.00711038 0.02029683
v 0.01991557 -0.00694854 0.02038818
v 0.01961213 -0.00705347 0.02033302
v 0.01998151 -0.00896788 0.01852366
v 0.01778376 -0.00773003 0.02000445
v 0.01906291 -0.00907947 0.01833903
v 0.01785910 -0.00883262 0.01881271
v 0.01794843 -0.00922118 0.01811557
v 0.01571258 -0.00840257 0.01943791
v 0.02202420 -0.00866321 0.01892937
v 0.02009684 -0.00929961 0.01775603
v 0.03681394 -0.00833041 0.01819943
v 0.02001762 -0.00504229 0.02142284
v 0.02209900 -0.00544595 0.02110582
v 0.02437480 -0.00798816 0.01936846
v 0.01781543 -0.00670231 0.02066534
v 0.02027457 -0.00977219 0.01660311
v 0.01622232 -0.00803655 -0.01927514
v 0.09271174 -0.01087209 -0.01927427
v 0.09253892 -0.01045737 0.00937267
v 0.09055131 -0.01046738 0.00895338
v 0.09215624 -0.01013254 0.01131533
v 0.09418338 -0.00991102 0.01172487
v 0.09382358 -0.01070095 0.00351102
v 0.08266961 -0.01221757 -0.01273359
v 0.09455868 -0.01027530 0.00978404
v 0.08068379 -0.00844108 0.01695079
v 0.07871539 -0.00881023 0.01656630
v 0.07866713 -0.00804453 0.01737598
v 0.07872969 -0.00636157 0.01841104
v 0.07657659 -0.00763716 0.01773632
v 0.06887347 -0.01181786 -0.01581974
v 0.09994480 -0.00745132 0.00657811
v 0.02196270 -0.00919658 -0.01796237
v 0.09015187 -0.01023220 0.01090016
v 0.08656442 -0.01117455 -0.01849649
v 0.10037390 -0.00654430 0.00539029
v 0.10046543 -0.00650530 0.00660717
v 0.10081528 -0.00516642 0.00451514
v 0.10058734 -0.00643262 0.00867807
v 0.10027013 -0.00656505 0.00451965
v 0.09459622 -0.01141381 -0.01882953
v 0.09606728 -0.01179519 -0.01643456
v 0.07263428 -0.00947308 0.01533758
v 0.09380311 -0.00957330 0.01366693
v 0.08231657 -0.01213061 -0.01110715
v 0.09692803 -0.00946018 -0.00004167
v 0.09048793 -0.01092490 0.00282508
v 0.03090411 -0.00932882 0.01676075
v 0.09694328 -0.00981940 0.00879801
v 0.09657928 -0.01142813 -0.01840911
v 0.09760930 -0.01109497 -0.01616854
v 0.09708550 -0.01109673 -0.01833047
v 0.09823817 -0.01080460 -0.01606047
v 0.09257777 -0.01192126 -0.01031329
v 0.03681442 -0.01074866 0.00992626
v 0.03870001 -0.01165586 -0.00190561
v 0.09488690 -0.01074389 -0.01959094
v 0.09293735 -0.01039362 -0.01989754
v 0.09782780 -0.01062790 -0.01411099
v 0.02840582 -0.00876477 0.01823571
v 0.09342446 -0.00943126 -0.02129832
v 0.09541755 -0.00939188 -0.02088038
v 0.09624161 -0.00901329 -0.02073859
v 0.06649008 -0.00777657 0.01799623
v 0.04345700 -0.00972331 0.01534535
v 0.04629884 -0.01122687 -0.01674689
v 0.09463676 -0.01009936 -0.00662536
v 0.03660477 -0.00997167 -0.01890356
v 0.09149060 -0.00915371 -0.02173088
v 0.09024189 -0.01098776 0.00072710
v 0.06012379 -0.00868180 0.01672798
v 0.09706468 -0.01090465 -0.01424861
v 0.08267349 -0.01223400 -0.01307421
v 0.09670748 -0.01104192 -0.01867418
v 0.09108414 -0.01008238 -0.02065990
v 0.08958168 -0.00874273 -0.02216959
v 0.08917336 -0.00974781 -0.02114992
v 0.08775602 -0.00788632 -0.02262883
v 0.09559523 -0.00891816 -0.02129572
v 0.04754391 -0.01179759 -0.01350172
v 0.09937326 -0.00700187 0.00026475
v 0.06820242 -0.00976831 -0.02044703
v 0.08145135 -0.01173571 -0.00722115
v 0.09707966 -0.00978393 0.00822352
v 0.01984348 -0.01094352 0.00840684
v 0.09998018 -0.00660808 0.00241068
v 0.08077378 -0.00842154 0.01696814
v 0.08079633 -0.00635494 0.01847875
v 0.08285872 -0.00675091 0.01825156
v 0.08492832 -0.00714980 0.01799027
v 0.08087301 -0.00551850 0.01879193
v 0.07875982 -0.00596946 0.01858349
v 0.07670480 -0.00557647 0.01877583
v 0.08701876 -0.00688195 0.01815645
v 0.08573260 -0.00730334 0.01792064
v 0.08915789 -0.00606134 0.01853837
v 0.08699199 -0.00754629 0.01775701
v 0.07452063 -0.00724379 0.01793308
v 0.07242725 -0.00683527 0.01830687
v 0.07252953 -0.00528919 0.01905994
v 0.07054395 -0.00646325 0.01874073
v 0.07451936 -0.00763945 0.01763043
v 0.08943827 -0.00592858 0.01858628
v 0.09121053 -0.00807555 0.01709337
v 0.09053569 -0.00824517 0.01696524
v 0.09126254 -0.00839727 0.01661307
v 0.09352604 -0.00868342 0.01558353
v 0.09334092 -0.00730164 0.01747745
v 0.09301051 -0.00877612 0.01548249
v 0.09358617 -0.00889904 0.01515008
v 0.09563966 -0.00799925 0.01597175
v 0.09146120 -0.00910662 0.01518328
v 0.09407222 -0.00684056 0.01759256
v 0.09559442 -0.00716047 0.01682503
v 0.09673814 -0.00740523 0.01615309
v 0.09570331 -0.00528655 0.01780431
v 0.09804679 -0.00811697 0.01443931
v 0.09796619 -0.00768174 0.01513427
v 0.09845982 -0.00780327 0.01449976
v 0.09840563 -0.00856935 0.01250254
v 0.09821236 -0.00563667 0.01631331
v 0.09908439 -0.00800769 0.01259793
v 0.09885159 -0.00855566 0.01054428
v 0.09930460 -0.00814076 0.01060452
v 0.10030410 -0.00619422 0.01270050
v 0.10062864 -0.00634570 0.01073072
v 0.09690746 -0.00974644 0.01023526
v 0.09984435 -0.00601888 0.01463966
v 0.09125802 -0.00628282 0.01828051
v 0.09587110 -0.00913321 0.01406640
v 0.07553936 -0.00743902 0.01782889
v 0.07031017 -0.00641715 0.01879277
v 0.09960673 -0.00663638 0.00028281
v 0.09956368 -0.00665549 -0.00030607
v 0.10017208 -0.00510040 -0.00178055
v 0.03938503 -0.01149818 0.00437976
v 0.03671690 -0.01164180 -0.00232602
v 0.03372158 -0.01001445 0.01331232
v 0.03347144 -0.01002759 0.01326057
v 0.03385085 -0.01036993 0.01131873
v 0.03185251 -0.01043740 0.01090208
v 0.03221606 -0.01086453 0.00896414
v 0.03021951 -0.01092239 0.00854705
v 0.03061128 -0.01119860 0.00660216
v 0.02865204 -0.01105687 0.00617586
v 0.02824703 -0.01085150 0.00812402
v 0.02906280 -0.01123145 0.00422628
v 0.03259094 -0.01123112 0.00702342
v 0.03422092 -0.01076222 0.00937919
v 0.02984846 -0.01053536 0.01048683
v 0.03491734 -0.01031967 0.01153987
v 0.00687401 -0.01194590 -0.00860842
v 0.07481461 -0.01214355 -0.01474323
v 0.06216457 -0.01123256 0.00506963
v 0.02348984 -0.01031070 0.01117482
v 0.06823262 -0.00601505 0.01909166
v 0.00645300 -0.01182609 -0.00665631
v 0.00536212 -0.01175533 -0.00689297
v 0.00548459 -0.01187114 -0.00890852
v 0.00625304 -0.01187189 -0.00580915
v 0.00490736 -0.01184378 -0.00903289
v 0.00513897 -0.01186001 -0.01006812
v 0.00337662 -0.01178172 -0.01141314
v 0.00487242 -0.01185732 -0.01109047
v 0.00355703 -0.01165863 -0.01211379
v 0.00292298 -0.01183651 -0.00945298
v 0.00138778 -0.01179829 -0.01183213
v 0.00387263 -0.01150024 -0.01338374
v 0.00190867 -0.01138370 -0.01380887
v 0.00243351 -0.01094799 -0.01578659
v 0.00046798 -0.01083987 -0.01621134
v 0.00147655 -0.01135224 -0.01390291
v 0.00011120 -0.01114168 -0.01487127
v 0.00110415 -0.00980854 -0.01821651
v 0.00303511 -0.00977397 -0.01752797
v 0.00490395 -0.01009154 -0.01683951
v 0.00313071 -0.00959017 -0.01780682
v 0.00508216 -0.00977358 -0.01737860
v -0.00006036 -0.01129435 -0.01423276
v -0.00079395 -0.00933970 -0.01865789
v 0.00124841 -0.00948966 -0.01860497
v -0.00205732 -0.01135437 -0.01464975
v -0.00162977 -0.01087589 -0.01616459
v -0.00402399 -0.01125238 -0.01507421
v -0.00256881 -0.01171870 -0.01267532
v -0.00353474 -0.01054368 -0.01668212
v -0.00341705 -0.01037743 -0.01707218
v -0.00597622 -0.01107314 -0.01550224
v -0.00537883 -0.01023613 -0.01748763
v -0.00791963 -0.01084668 -0.01593244
v -0.00647863 -0.01138884 -0.01353005
v -0.00843002 -0.01120505 -0.01395829
v -0.00987478 -0.01068305 -0.01635974
v -0.00694747 -0.01152494 -0.01156615
v -0.00889456 -0.01131821 -0.01199544
v -0.00721877 -0.01160353 -0.01042958
v -0.00895571 -0.01133938 -0.01174198
v -0.00924689 -0.01130014 -0.01207147
v -0.00938143 -0.01155077 -0.01002710
v -0.00742197 -0.01169138 -0.00960085
v -0.00790065 -0.01188009 -0.00763452
v -0.00987347 -0.01181102 -0.00805747
v -0.00835167 -0.01192088 -0.00567502
v -0.00638714 -0.01203438 -0.00525002
v -0.00680442 -0.01189464 -0.00329884
v -0.00483789 -0.01199739 -0.00287434
v -0.00524308 -0.01179299 -0.00092614
v -0.00327655 -0.01189575 -0.00050164
v -0.00721977 -0.01174459 -0.00134813
v -0.00305262 -0.01197288 -0.00155043
v -0.00317899 -0.01189994 -0.00048066
v -0.00333651 -0.01185790 -0.00020744
v -0.00130369 -0.01196460 -0.00007870
v -0.00367313 -0.01164525 0.00144444
v -0.00170635 -0.01174667 0.00186888
v -0.00211500 -0.01156080 0.00381793
v -0.00408431 -0.01147291 0.00339412
v -0.00251884 -0.01134917 0.00576580
v -0.00448949 -0.01126847 0.00534232
v -0.00293863 -0.01122285 0.00771761
v -0.00096991 -0.01131391 0.00814157
v -0.00137075 -0.01108621 0.01008870
v -0.00336330 -0.01112268 0.00967062
v -0.00175342 -0.01076133 0.01203134
v 0.00025549 -0.01063738 0.01244539
v -0.00009994 -0.01016673 0.01438132
v 0.00189556 -0.01011451 0.01479867
v 0.00226431 -0.01051385 0.01285946
v -0.00048781 -0.00986970 0.01632525
v 0.00081707 -0.00982278 0.01659707
v -0.00068763 -0.00950011 0.01749541
v 0.00150371 -0.00983876 0.01674358
v -0.00082390 -0.00929561 0.01825641
v 0.00120612 -0.00905866 0.01866525
v 0.00116306 -0.00769772 0.01991573
v 0.00324274 -0.00878646 0.01907246
v 0.00117668 -0.00684404 0.02052077
v -0.00137350 -0.00934200 0.01814420
v 0.00327993 -0.00621531 0.02091154
v 0.00120913 -0.00560377 0.02134381
v 0.00329020 -0.00600730 0.02102829
v 0.00369969 -0.00608564 0.02098917
v 0.00530179 -0.00839424 0.01947413
v -0.00083996 -0.00521318 0.02150809
v 0.00532441 -0.00639185 0.02093441
v 0.00540472 -0.00547140 0.02129701
v 0.00736169 -0.00799745 0.01987560
v 0.00502263 -0.00844203 0.01941922
v -0.00212386 -0.01037102 0.01397098
v 0.00738718 -0.00678798 0.02070540
v 0.00945362 -0.00742934 0.02026917
v 0.00946231 -0.00718911 0.02041797
v 0.00954447 -0.00931544 0.01839850
v 0.00743647 -0.00892056 0.01882620
v 0.00946310 -0.00931986 0.01838168
v 0.00956120 -0.00934177 0.01830413
v 0.00986444 -0.00997575 0.01647132
v 0.01180417 -0.00982721 0.01686863
v 0.01224259 -0.01024852 0.01494603
v 0.01190595 -0.00985211 0.01674121
v 0.01316578 -0.01016170 0.01513375
v 0.01424667 -0.01015038 0.01536126
v 0.01663567 -0.01036513 0.01383330
v 0.01021173 -0.01048991 0.01453740
v 0.00819818 -0.01063871 0.01412450
v 0.00858693 -0.01093107 0.01218035
v 0.00660147 -0.01092961 0.01176052
v 0.00621347 -0.01063326 0.01370448
v 0.00424159 -0.01055910 0.01328130
v 0.00449026 -0.01071858 0.01205915
v 0.00581741 -0.01038002 0.01565043
v 0.00385524 -0.01025393 0.01522486
v 0.00699978 -0.01117085 0.00981401
v 0.00896418 -0.01128499 0.01023904
v 0.00740361 -0.01138251 0.00786615
v 0.00548452 -0.00978877 0.01758080
v 0.00625848 -0.01115987 0.00965637
v 0.00497594 -0.01083933 0.01140917
v 0.00782173 -0.01028056 0.01606561
v 0.00937839 -0.01144114 0.00828861
v 0.01095940 -0.01123426 0.01065646
v 0.00781059 -0.01157735 0.00591750
v 0.00978397 -0.01164343 0.00634031
v 0.00822732 -0.01172000 0.00396645
v 0.01020725 -0.01175105 0.00438764
v 0.00751907 -0.01157074 0.00585531
v 0.00862783 -0.01194946 0.00201940
v 0.01063039 -0.01185943 0.00243501
v 0.00908554 -0.01187285 0.00005824
v 0.01135297 -0.01150084 0.00871112
v 0.00782003 -0.01171806 0.00388019
v 0.01108874 -0.01177946 0.00047370
v 0.00953301 -0.01185108 -0.00190039
v 0.00379846 -0.01053733 0.01318577
v 0.00753363 -0.01192406 -0.00231678
v 0.01218918 -0.01177146 0.00480835
v 0.00783344 -0.01190884 -0.00020335
v 0.01624044 -0.01010744 0.01577904
v 0.01701571 -0.01070406 0.01189130
v 0.01551114 -0.01076401 0.01157838
v 0.01501206 -0.01079993 0.01147596
v 0.01540445 -0.01107277 0.00953091
v 0.01336483 -0.01136106 0.00912444
v 0.01376676 -0.01158289 0.00717704
v 0.01580968 -0.01127697 0.00758270
v 0.01620621 -0.01098087 0.00969252
v 0.01866114 -0.01015255 0.01424326
v 0.01904261 -0.01048383 0.01230091
v 0.02067759 -0.00998820 0.01465544
v 0.02106582 -0.01028336 0.01271142
v 0.01058730 -0.01085280 0.01259650
v 0.01943173 -0.01077424 0.01035667
v 0.00693946 -0.01137425 0.00776732
v 0.00747144 -0.01192602 -0.00204371
v 0.00708901 -0.01193061 -0.00035885
v 0.00554983 -0.01191370 -0.00273702
v 0.00510915 -0.01189919 -0.00078006
v 0.00665937 -0.01185703 0.00159538
v 0.00467563 -0.01184635 0.00117513
v 0.00355959 -0.01193783 -0.00315567
v 0.00401390 -0.01187941 -0.00511599
v 0.00599077 -0.01192688 -0.00469404
v 0.00202707 -0.01188525 -0.00553548
v 0.00249127 -0.01177395 -0.00749824
v 0.00048804 -0.01186755 -0.00791369
v 0.00002040 -0.01199728 -0.00595008
v 0.00155975 -0.01201326 -0.00357195
v -0.00151260 -0.01194729 -0.00832977
v -0.00105751 -0.01188474 -0.01029028
v -0.00198468 -0.01210074 -0.00636507
v -0.00303137 -0.01182119 -0.01071297
v -0.00349183 -0.01191249 -0.00875114
v 0.00738607 -0.01192409 -0.00234797
v 0.01157199 -0.00909187 0.01880795
v 0.00990010 -0.00727406 0.02035026
v 0.01153587 -0.00758960 0.02013795
v 0.01363293 -0.00868956 0.01920917
v 0.01360532 -0.00798843 0.01987737
v 0.01371572 -0.00592053 0.02100114
v 0.01359654 -0.00589767 0.02101380
v 0.01535718 -0.00833130 0.01954298
v 0.01372345 -0.00583313 0.02103510
v 0.01587589 -0.00494125 0.02141374
v 0.00063344 -0.01098750 0.01050390
v -0.00492034 -0.01120134 0.00729685
v 0.00531352 -0.00850006 0.01933987
v -0.00495473 -0.01130395 0.00524701
v -0.00055973 -0.01149163 0.00619213
v 0.00025596 -0.01187204 0.00229442
v 0.00067380 -0.01200876 0.00034309
v -0.00087554 -0.01204618 -0.00203257
v 0.00111409 -0.01202539 -0.00161377
v 0.00267378 -0.01193255 0.00075934
v 0.00224827 -0.01183688 0.00271256
v 0.00187829 -0.01010002 0.01488621
v -0.00445757 -0.01148589 0.00331633
v 0.01187800 -0.00982691 0.01688422
v 0.00624331 -0.01171074 0.00354626
v 0.00858715 -0.01194764 0.00201065
v 0.01156935 -0.00673383 0.02065687
v -0.00043927 -0.01208432 -0.00398844
v -0.00566601 -0.01168346 0.00102644
v -0.00442747 -0.01217381 -0.00482383
v -0.00878698 -0.01187762 -0.00371938
v -0.00293430 -0.01203733 -0.00246853
v -0.00263692 -0.01218401 -0.00444446
v -0.00397185 -0.01210841 -0.00678448
v -0.01135552 -0.01148847 -0.01044973
v -0.01185224 -0.01177373 -0.00847895
v -0.01334691 -0.01151871 -0.01086810
v -0.01382822 -0.01172153 -0.00890112
v -0.01284274 -0.01119360 -0.01284071
v -0.01485788 -0.01135090 -0.01325322
v -0.01431090 -0.01079671 -0.01523640
v -0.01234489 -0.01090224 -0.01481177
v -0.01230868 -0.01086003 -0.01493873
v -0.01230508 -0.01182427 -0.00651899
v -0.01427281 -0.01172795 -0.00694319
v -0.01275649 -0.01186711 -0.00455939
v -0.01076991 -0.01186263 -0.00413984
v -0.01119422 -0.01176049 -0.00218692
v -0.01319299 -0.01183022 -0.00260346
v -0.01473830 -0.01184615 -0.00498012
v -0.01162854 -0.01171197 -0.00023153
v -0.01362908 -0.01179115 -0.00064764
v -0.01205755 -0.01163496 0.00172255
v -0.01007817 -0.01166898 0.00214388
v -0.01048864 -0.01149283 0.00409338
v -0.00850097 -0.01148249 0.00451267
v -0.00808547 -0.01163173 0.00256192
v -0.00650944 -0.01145151 0.00493100
v -0.00692591 -0.01130745 0.00688199
v -0.00891533 -0.01132712 0.00646313
v -0.00734675 -0.01118677 0.00883405
v -0.00535380 -0.01114815 0.00925203
v -0.00497589 -0.01119392 0.00754789
v -0.00931269 -0.01108083 0.00840940
v -0.00775401 -0.01099340 0.01078276
v -0.00972695 -0.01092497 0.01035984
v -0.01131491 -0.01116902 0.00799371
v -0.01172646 -0.01099867 0.00994348
v -0.01013929 -0.01075879 0.01230981
v -0.01212885 -0.01077924 0.01189099
v -0.01371593 -0.01101859 0.00952464
v -0.01412718 -0.01084661 0.01147434
v -0.01256040 -0.01071587 0.01384570
v -0.01454545 -0.01071219 0.01342577
v -0.01294037 -0.01037655 0.01578768
v -0.01607609 -0.01064963 0.01104549
v -0.01650442 -0.01056902 0.01299940
v -0.01803680 -0.01051574 0.01061956
v -0.01789224 -0.01057851 0.01270685
v -0.01828539 -0.01055196 0.01168884
v -0.01849551 -0.01059764 0.01258096
v -0.01857442 -0.01055233 0.01050905
v -0.02006658 -0.01075137 0.01021066
v -0.01764374 -0.01078502 0.00867435
v -0.01492830 -0.01038829 0.01536846
v -0.01858109 -0.01036274 0.01459412
v -0.01093293 -0.01026045 0.01620209
v -0.01055595 -0.01061575 0.01426084
v -0.01332297 -0.01128844 0.00757945
v -0.00813840 -0.01067776 0.01272583
v -0.01090632 -0.01135522 0.00604467
v -0.01406650 -0.01175914 0.00130851
v -0.01437391 -0.01176464 0.00124400
v -0.01482962 -0.01159001 0.00318407
v -0.01605811 -0.01179056 0.00089020
v -0.01644675 -0.01149763 0.00283432
v -0.01500217 -0.01146535 0.00518828
v -0.01684294 -0.01124509 0.00478031
v -0.01624136 -0.01115246 0.00695090
v -0.01490070 -0.01147776 0.00521079
v -0.01725008 -0.01105109 0.00672899
v -0.01752798 -0.01085872 0.00810585
v -0.01838887 -0.01126431 0.00240380
v -0.01878117 -0.01099093 0.00434883
v -0.01562317 -0.01183584 -0.00106534
v -0.01801740 -0.01164908 0.00046392
v -0.01448257 -0.01161299 0.00325940
v -0.01581861 -0.01174643 -0.00931973
v -0.01629271 -0.01077571 -0.01565713
v -0.00593592 -0.01199249 -0.00720958
v -0.01685841 -0.01143000 -0.01366933
v -0.01826749 -0.01071710 -0.01607959
v -0.01596004 -0.01025984 -0.01672394
v -0.01785714 -0.00993082 -0.01727869
v -0.01758207 -0.00942229 -0.01809691
v -0.01566022 -0.00976404 -0.01766140
v -0.01512357 -0.00848601 -0.01903495
v -0.01317866 -0.00883440 -0.01870639
v -0.01374171 -0.01012372 -0.01722505
v -0.01701820 -0.00815799 -0.01960139
v -0.01674105 -0.00729496 -0.02015262
v -0.01861099 -0.00667549 -0.02060094
v -0.01895183 -0.00781417 -0.01998333
v -0.02054195 -0.00638242 -0.02103422
v -0.02087702 -0.00747377 -0.02040520
v -0.02342158 -0.00879255 -0.01938523
v -0.02531879 -0.00831897 -0.01982683
v -0.02727173 -0.00814349 -0.02025468
v -0.02348577 -0.00896913 -0.01923937
v -0.02541818 -0.00862581 -0.01962711
v -0.02854107 -0.00808363 -0.02052813
v -0.02148730 -0.00906785 -0.01895278
v -0.02924434 -0.00807328 -0.02067768
v -0.01127794 -0.00916489 -0.01816875
v -0.01178507 -0.01027938 -0.01679812
v -0.00931461 -0.00952074 -0.01792734
v -0.01296351 -0.00833251 -0.01926526
v -0.01836670 -0.00593854 -0.02110530
v -0.01104062 -0.00866876 -0.01883000
v -0.01482269 -0.00765546 -0.01971624
v -0.02025338 -0.01071790 -0.01649931
v -0.01970691 -0.00962096 -0.01805734
v -0.02221528 -0.01059037 -0.01692496
v -0.02077735 -0.01130003 -0.01463953
v -0.02258949 -0.01100542 -0.01559619
v -0.02278039 -0.01124155 -0.01493731
v -0.02081238 -0.01133640 -0.01451317
v -0.02479986 -0.01142201 -0.01534875
v -0.02333571 -0.01184033 -0.01295207
v -0.02537863 -0.01214628 -0.01335773
v -0.02384600 -0.01219819 -0.01097795
v -0.02498161 -0.01239240 -0.01120137
v -0.02559723 -0.01233918 -0.01254290
v -0.02618149 -0.01227485 -0.01351643
v -0.02745574 -0.01263512 -0.01375495
v -0.02716019 -0.01214549 -0.01467835
v -0.02593214 -0.01273536 -0.01137294
v -0.02183902 -0.01208455 -0.01056342
v -0.02231461 -0.01225681 -0.00859786
v -0.02027082 -0.01194619 -0.00819242
v -0.02072985 -0.01202982 -0.00623093
v -0.01872008 -0.01190125 -0.00581710
v -0.01826680 -0.01184840 -0.00777716
v -0.02278587 -0.01240583 -0.00663336
v -0.01982474 -0.01193187 -0.01015070
v -0.01915908 -0.01187774 -0.00386056
v -0.01717298 -0.01187580 -0.00344089
v -0.02381067 -0.01250483 -0.00889287
v -0.02116917 -0.01200803 -0.00427431
v -0.01671777 -0.01181261 -0.00540143
v -0.02326728 -0.01250652 -0.00672650
v -0.02684647 -0.01174770 -0.01575349
v -0.02441039 -0.01070726 -0.01651139
v -0.02414582 -0.01029507 -0.01735833
v -0.01411994 -0.01056578 -0.01589959
v -0.01882314 -0.01131764 -0.01409428
v -0.01463657 -0.01181249 -0.00085878
v -0.00964404 -0.01171856 0.00018854
v -0.01534541 -0.01158699 -0.01128471
v -0.01162677 -0.01097436 -0.01465380
v -0.00602272 -0.01177492 -0.00929791
v -0.01920259 -0.01087333 0.00630103
v -0.01050452 -0.01115142 -0.01394436
v -0.01087641 -0.01129740 -0.01241617
v -0.02073615 -0.01082639 0.00392148
v -0.02118819 -0.01087261 0.00588124
v -0.02277222 -0.01109565 0.00351413
v -0.02325332 -0.01129737 0.00548106
v -0.02164988 -0.01097048 0.00784338
v -0.02373070 -0.01147916 0.00744707
v -0.02212488 -0.01113957 0.00980880
v -0.02426678 -0.01167070 0.00735015
v -0.02402610 -0.01165749 0.00861236
v -0.02596229 -0.01279447 0.00708795
v -0.02541243 -0.01222491 0.00510406
v -0.02493331 -0.01203378 0.00313762
v -0.02672036 -0.01334298 0.00082060
v -0.02447068 -0.01193091 0.00117525
v -0.02625380 -0.01321904 -0.00114275
v -0.02428987 -0.01199000 0.00033089
v -0.02445071 -0.01192086 0.00117861
v -0.02408164 -0.01208019 -0.00078108
v -0.02580401 -0.01318485 -0.00310195
v -0.02369795 -0.01224211 -0.00273747
v -0.02363893 -0.01222536 -0.00272642
v -0.02344101 -0.01233381 -0.00368472
v -0.02323792 -0.01245215 -0.00467360
v -0.02384781 -0.01165043 0.00948833
v -0.02233309 -0.01111849 0.00155756
v -0.02455387 -0.01171424 0.00524183
v -0.01040072 -0.01112463 -0.01438176
v -0.00732751 -0.00988621 -0.01779834
v -0.00537539 -0.01023083 -0.01749870
v -0.00453023 -0.01158859 -0.01310108
v -0.00058701 -0.01173972 -0.01225459
v -0.00545945 -0.01181555 -0.00917537
v 0.00441939 -0.01094724 -0.01536686
v -0.00149779 -0.01073309 -0.01663602
v -0.00070882 -0.00913628 -0.01887526
v 0.00575533 -0.00832375 -0.01922107
v 0.00762934 -0.00864343 -0.01855711
v 0.00585131 -0.00803081 -0.01941658
v 0.00781603 -0.00814327 -0.01899163
v 0.00955563 -0.00898427 -0.01814045
v 0.00971194 -0.00862383 -0.01854972
v 0.01152575 -0.00934287 -0.01793114
v 0.01158941 -0.00920306 -0.01810325
v 0.00702698 -0.00999250 -0.01694875
v 0.00394379 -0.00761233 -0.01985563
v -0.00265484 -0.00878744 -0.01919857
v -0.00458531 -0.00837610 -0.01954184
v -0.00646047 -0.00778452 -0.01998887
v -0.00460622 -0.00843643 -0.01949651
v -0.00828840 -0.00694025 -0.02044756
v -0.01017645 -0.00641761 -0.02089142
v -0.00853710 -0.00772303 -0.01995944
v -0.01203505 -0.00573748 -0.02134253
v -0.01388123 -0.00499082 -0.02179672
v 0.00209850 -0.00962169 -0.01802232
v -0.00656326 -0.00808313 -0.01976772
v 0.00448871 -0.01171134 -0.00708137
v 0.00542081 -0.01136680 0.00744566
v -0.00373057 -0.00859301 -0.01934258
v 0.06908841 -0.01204260 -0.00775689
v 0.02627783 -0.01076298 0.00770018
v 0.00311196 -0.01196045 -0.00119700
v 0.07086677 -0.01201709 -0.01558858
v 0.01262222 -0.01182684 0.00285327
v 0.05461252 -0.01151346 0.00144591
v 0.04497942 -0.01106707 0.00757679
v 0.03103220 -0.01131885 0.00465007
v -0.02054354 -0.01093089 0.01217657
v 0.07167339 -0.01110667 0.00912026
v 0.07366176 -0.01109256 0.00953937
v 0.07328563 -0.01073271 0.01148040
v 0.07529149 -0.01062502 0.01189520
v 0.07493388 -0.01016607 0.01383167
v 0.07695583 -0.00997235 0.01424250
v 0.07472264 -0.00943823 0.01533139
v 0.07406044 -0.00930095 0.01562432
v 0.07465707 -0.00927487 0.01574820
v 0.07692795 -0.00989208 0.01442814
v 0.07729273 -0.01054211 0.01231114
v 0.07926501 -0.01061411 0.01273422
v 0.07129492 -0.01075931 0.01106187
v 0.07565364 -0.01105970 0.00995761
v 0.07730179 -0.00996717 0.01431518
v 0.09012890 -0.01282944 -0.00939589
v -0.00609137 -0.01158700 0.00297962
v 0.03491931 -0.01187235 -0.01294305
v 0.03650390 -0.01164633 -0.01057608
v 0.03658327 -0.01164992 -0.01055900
v 0.07575451 -0.01117418 -0.01813770
v 0.07948705 -0.00610696 0.01854934
v 0.04889678 -0.01179422 -0.00794372
v 0.08686938 -0.01025768 -0.02056188
v -0.01489644 -0.01186083 -0.00296093
v 0.00534301 -0.01188521 -0.01098860
v 0.05829716 -0.01191302 -0.00594642
v 0.07575336 -0.01176337 -0.00021784
v 0.06425401 -0.00944059 0.01561467
v -0.00285978 -0.01203820 -0.00245270
v 0.06581836 -0.01179717 -0.00231509
v -0.01782112 -0.01183617 -0.00973535
v -0.01932472 -0.01162892 -0.01212230
v -0.01758469 -0.01171444 -0.01068436
v -0.01845019 -0.01161051 -0.01193901
v -0.01916073 -0.01151545 -0.01275791
v -0.01681929 -0.01170991 -0.00748303
v -0.01696233 -0.01177887 -0.00955872
v 0.03740328 -0.01147680 0.00395901
v 0.02465981 -0.00993074 0.01549231
v 0.02622972 -0.00835291 0.01897734
v 0.07243872 -0.00814717 0.01723408
v -0.02032791 -0.01101445 0.00197252
v 0.03998630 -0.01189071 -0.00776767
v 0.04812152 -0.01090376 0.00822701
v -0.02405343 -0.01207080 -0.00077592
v 0.05822436 -0.01106532 0.00422240
v 0.02390511 -0.00960810 -0.01767195
v 0.07801083 -0.01144459 0.00843749
v 0.06200043 -0.00850140 0.01710923
v 0.06089593 -0.00669514 0.01877247
v 0.06212947 -0.00908640 0.01608371
v 0.06192662 -0.00689162 0.01868937
v 0.06197425 -0.00626929 0.01896395
v 0.06412519 -0.00538545 0.01934296
v 0.06399411 -0.00728966 0.01843804
v 0.05987688 -0.00650078 0.01885670
v 0.01782950 -0.01109464 0.00799405
v 0.05671437 -0.01212941 -0.00831383
v 0.03457644 -0.01123239 0.00744324
v 0.01754075 -0.01150444 -0.00023732
v 0.02498532 -0.00793299 -0.02113601
v 0.01742320 -0.01089615 0.00994253
v -0.01953840 -0.00926493 -0.01852393
v 0.04839474 -0.01177250 -0.00805170
v 0.04880745 -0.01193665 -0.01000176
v 0.00679794 -0.01191451 -0.00452447
v 0.03605229 -0.01169026 -0.00861643
v 0.09067350 -0.01133446 -0.00530605
v 0.08911257 -0.00796582 0.01725459
v 0.08430453 -0.01098372 -0.01899054
v -0.00015757 -0.01171220 0.00424468
v 0.00142499 -0.01149704 0.00661214
v -0.01248916 -0.01157193 0.00367727
v -0.02133327 -0.01175095 -0.01253643
v 0.03628274 -0.01159236 -0.00037068
v 0.01951690 -0.01155574 0.00018480
v -0.00407351 -0.01164787 0.00136003
v 0.08119002 -0.00877119 -0.02188969
v 0.08309287 -0.00921459 -0.02144949
v 0.09947736 -0.00670776 -0.00178979
v 0.06103414 -0.01140103 0.00074238
v 0.00501944 -0.01114198 0.00939292
v -0.01624997 -0.01168202 -0.00736507
v -0.01565282 -0.01182156 -0.00517554
v 0.04919245 -0.01194060 -0.00992004
v 0.05784555 -0.00968696 -0.02059196
v 0.02306582 -0.01020704 0.01312767
v 0.00264789 -0.01083387 0.01091658
v 0.04698605 -0.01095530 0.00799140
v 0.06539432 -0.01169364 -0.00036223
v -0.01962549 -0.01076371 0.00825360
v -0.00285123 -0.00951810 0.01784691
v -0.00291750 -0.00903631 0.01851487
v -0.00505696 -0.00860913 0.01910664
v -0.00487933 -0.00974476 0.01743760
v -0.00548732 -0.00852181 0.01925573
v -0.00507540 -0.00842157 0.01933422
v -0.00718324 -0.00670266 0.02079283
v -0.00620506 -0.00627223 0.02096276
v -0.00715952 -0.00608427 0.02116992
v -0.00503634 -0.00584040 0.02117284
v -0.00288452 -0.00495187 0.02155164
v -0.00287744 -0.00482730 0.02161744
v -0.00266384 -0.00486844 0.02159114
v -0.00070151 -0.00389649 0.02192274
v -0.00721571 -0.00817413 0.01978971
v -0.00929554 -0.00777110 0.02009937
v -0.00929240 -0.00736296 0.02040352
v -0.00924047 -0.00568078 0.02148491
v -0.00507370 -0.00648973 0.02083190
v -0.01014887 -0.00760496 0.02024319
v -0.00919663 -0.00922276 0.01853163
v -0.01139299 -0.00797741 0.02001208
v -0.01123594 -0.00950935 0.01812509
v -0.01345631 -0.00839247 0.01961146
v -0.01334533 -0.00912215 0.01855296
v -0.01135849 -0.00951442 0.01809961
v -0.01543999 -0.00871311 0.01893281
v -0.01546825 -0.00853268 0.01919816
v -0.01548704 -0.00658144 0.02080140
v -0.01624802 -0.00643442 0.02090504
v -0.01605194 -0.00859194 0.01907985
v -0.01525910 -0.00978588 0.01729831
v -0.01757654 -0.00681619 0.02065689
v -0.01546162 -0.00612502 0.02104478
v -0.01345809 -0.00696386 0.02073243
v -0.01122200 -0.00954280 0.01803750
v -0.01749587 -0.00875674 0.01878873
v -0.01724617 -0.00979304 0.01687888
v -0.01926376 -0.00996342 0.01646698
v -0.01955500 -0.00914940 0.01838707
v -0.02157150 -0.00964660 0.01800338
v -0.01979150 -0.01005493 0.01636325
v -0.01900874 -0.01025899 0.01511078
v -0.02177620 -0.00803694 0.01987365
v -0.02164163 -0.00963195 0.01803678
v -0.02163749 -0.00966702 0.01799118
v -0.02394263 -0.00913934 0.01939275
v -0.02377411 -0.01047427 0.01760863
v -0.02345011 -0.01111302 0.01568046
v -0.02508592 -0.01105512 0.01738106
v -0.02395858 -0.01134827 0.01559311
v -0.02307115 -0.01145776 0.01373872
v -0.02334959 -0.01154994 0.01368776
v -0.02262292 -0.01143190 0.01177990
v -0.02096366 -0.01080638 0.01412845
v -0.02526940 -0.01259469 0.01337138
v -0.02480009 -0.01245606 0.01140736
v -0.02567039 -0.01236782 0.01531855
v -0.02614536 -0.01016457 0.01913222
v -0.02606072 -0.01083343 0.01823741
v -0.02691732 -0.01063772 0.01900955
v -0.02853716 -0.00996485 0.02066088
v -0.02702313 -0.00849612 0.02085518
v -0.02844058 -0.00819626 0.02161246
v -0.02980251 -0.00791143 0.02226895
v -0.02853219 -0.01027178 0.02039977
v -0.02616748 -0.00867757 0.02038847
v -0.02615560 -0.00784721 0.02098301
v -0.02839141 -0.00613173 0.02241487
v -0.02071928 -0.00767407 0.02006600
v -0.02178858 -0.00745982 0.02037799
v -0.02394158 -0.00702715 0.02103384
v -0.02391456 -0.00648135 0.02133980
v -0.02464516 -0.00688705 0.02122009
v -0.02381293 -0.00496664 0.02207125
v -0.01945669 -0.00387913 0.02205934
v -0.01962422 -0.00578447 0.02131443
v -0.01923109 -0.00378506 0.02209898
v -0.01965987 -0.00733826 0.02026120
v -0.01740881 -0.00412980 0.02200940
v -0.02132919 -0.01038980 0.01606687
v -0.00715195 -0.00890740 0.01893686
v -0.00452264 -0.01020863 0.01550135
v -0.00652140 -0.01027829 0.01508481
v -0.00612154 -0.01051125 0.01313792
v -0.00411772 -0.01041450 0.01355322
v -0.00773523 -0.01034224 0.01483369
v -0.00693180 -0.01057823 0.01297237
v -0.00577908 -0.01086861 0.01134749
v 0.06007487 -0.01212422 -0.01395969
v 0.05844952 -0.01190527 -0.01580000
v 0.05657952 -0.01171585 -0.01658317
v 0.09936224 -0.00819584 0.00857006
v 0.05606751 -0.01208293 -0.01460861
v 0.04979955 -0.01003391 0.01466132
v 0.04923763 -0.01200736 -0.01195613
v 0.03891762 -0.01172882 -0.01211015
v 0.01176085 -0.01169081 0.00676225
v -0.00920895 -0.01176300 -0.00176704
v -0.01645711 -0.01173179 -0.00648930
v -0.01505347 -0.01186095 -0.00360019
v 0.03949313 -0.01150400 0.00440311
v 0.08160171 -0.01110861 0.01121915
v -0.01530178 -0.01125142 0.00715799
v -0.01045790 -0.00738441 -0.02040206
v 0.08349494 -0.01170571 -0.00679173
v 0.04506963 -0.01182162 -0.00259632
v 0.04682811 -0.01190246 -0.01042310
v 0.05021351 -0.01142861 0.00256010
v 0.02837089 -0.01142600 -0.00205739
v 0.01686501 -0.00444575 0.02158041
v 0.08253736 -0.01049073 -0.01999115
v 0.00102583 -0.01126037 0.00855886
v 0.00302635 -0.01118130 0.00897497
v 0.02520966 -0.01070054 -0.01509588
v 0.07603352 -0.01139952 0.00801565
v 0.06456253 -0.01016217 0.01369031
v 0.02751012 -0.01128678 0.00185145
v 0.08260800 -0.01170650 -0.00287643
v 0.07391513 -0.01221140 -0.01082484
v 0.02682743 -0.01143199 -0.00443450
v 0.06771203 -0.01105258 0.00827824
v 0.06737601 -0.01171528 0.00005852
v 0.03889628 -0.00662185 0.01952389
v 0.02794428 -0.01133619 -0.00010390
v 0.01403880 -0.01159464 -0.01240700
v 0.08706935 -0.00898348 0.01629571
v 0.08492420 -0.00746416 0.01776353
v -0.00359588 -0.01210899 -0.00670495
v 0.04659790 -0.01065972 0.00993540
v 0.00342070 -0.01144372 0.00702945
v 0.07764110 -0.01105050 0.01037695
v 0.08657841 -0.01171215 -0.00203665
v -0.02731916 -0.00829521 -0.02016349
v 0.01298029 -0.01104617 0.01106755
v 0.03846416 -0.01178265 -0.01015004
v 0.01999858 -0.01135094 -0.00178227
v 0.07913094 -0.01034500 0.01353583
v -0.01032843 -0.01187285 -0.00609699
v -0.01518598 -0.01186902 -0.00302144
v 0.03684140 -0.00622892 0.01971554
v 0.04265730 -0.01173170 -0.00106260
v 0.07417136 -0.01197557 -0.00258545
v -0.01752621 -0.00830748 0.01927273
v 0.00463563 -0.01082316 0.01133585
v 0.01885937 -0.01156634 -0.00610735
v -0.00299716 -0.00689143 0.02053777
v 0.09890843 -0.00835346 0.00438492
v 0.02128509 -0.01158461 -0.00764438
v 0.04098213 -0.00759585 0.01874275
v -0.02823652 -0.00598428 0.02243498
v 0.01677106 -0.01117476 0.00777717
v -0.00498868 -0.01120376 0.00728262
v 0.05137914 -0.01107179 0.00687866
v 0.03515722 -0.01173454 -0.00469914
v 0.07774790 -0.01171626 0.00019975
v 0.06057951 -0.01022394 0.01285363
v -0.02424367 -0.01185137 0.00942186
v 0.04898366 -0.01089178 0.00840823
v -0.01726761 -0.00279124 0.02242895
v -0.00554764 -0.01184103 -0.00880583
v 0.01487487 -0.01163606 -0.00694366
v 0.06383815 -0.01176759 -0.00273621
v 0.02897863 -0.00827678 -0.02066075
v -0.02810157 -0.01371812 -0.01174739
v 0.07666169 -0.00917382 0.01616331
v -0.02535046 -0.01313054 -0.00506208
v 0.07406007 -0.01133381 0.00759286
v 0.05790602 -0.01069596 0.00822619
v 0.02153188 -0.01139930 0.00059735
v -0.02609476 -0.00659441 0.02169051
v 0.01225978 -0.01131344 -0.01352036
v 0.00186268 -0.01141172 -0.01362767
v -0.00250995 -0.01006442 0.01591447
v -0.02395281 -0.00905814 0.01950097
v 0.01907671 -0.01153856 0.00214164
v 0.02708239 -0.01120296 0.00380521
v -0.01537484 -0.00451426 0.02191665
v -0.01331850 -0.00490778 0.02171810
v -0.01118479 -0.00449139 0.02180899
v -0.01240388 -0.00508409 0.02160203
v 0.00348502 -0.00986243 0.01716444
v 0.02619660 -0.01177013 -0.01109971
v 0.02414399 -0.01165755 -0.01113651
v 0.02609709 -0.01183215 -0.01070869
v 0.02568467 -0.01166644 -0.00875871
v 0.02688068 -0.01187218 -0.01053962
v 0.01590732 -0.00951741 0.01770947
v 0.01445280 -0.01152196 -0.00499129
v 0.02220547 -0.01140492 -0.01156791
v -0.01689487 -0.01028576 0.01494397
v 0.02852661 -0.01183008 -0.01224666
v -0.02316288 -0.01243074 -0.00465957
v 0.02614652 -0.01164841 -0.00866262
v 0.06969752 -0.01074813 0.01072324
v -0.01289986 -0.01139701 0.00562683
v 0.05120623 -0.01209905 -0.01153214
v 0.04970165 -0.01189705 -0.01391884
v 0.06060543 -0.01132244 0.00269638
v -0.02436741 -0.01261558 -0.00900108
v 0.00321583 -0.00808979 0.01973405
v 0.03470454 -0.00693774 0.01941076
v -0.01760919 -0.01183733 -0.00148503
v 0.06936093 -0.01171964 0.00047849
v 0.05727500 -0.01049039 0.01012656
v 0.01825179 -0.00997040 0.01619249
v 0.01153529 -0.01176259 -0.00148471
v 0.06555192 -0.01208764 -0.01055197
v 0.08484961 -0.01147253 0.00578281
v 0.01371620 -0.01195555 -0.01126394
v 0.05961719 -0.01026558 -0.01967778
v 0.00091967 -0.01193053 -0.00986841
v 0.07659884 -0.00713793 0.01802707
v 0.02228430 -0.00964384 0.01701695
v 0.08738883 -0.00964645 0.01436865
v 0.08939607 -0.00953138 0.01478310
v 0.05767996 -0.01178653 -0.01634449
v 0.09800326 -0.00597771 0.01629831
v 0.04519348 -0.00868467 0.01767485
v 0.05741384 -0.01065724 0.00811884
v 0.02412588 -0.00804289 0.01932053
v 0.04906874 -0.01197584 -0.01118589
v -0.00853156 -0.01040899 0.01467107
v 0.04344543 -0.00969828 0.01541593
v 0.03819089 -0.01077027 0.01021908
v 0.03607594 -0.01058346 0.01051538
v 0.04793925 -0.01183720 -0.00609109
v 0.04550963 -0.01183979 -0.00455311
v -0.00375175 -0.01082871 0.01161469
v 0.00425080 -0.01174702 0.00312818
v -0.00300107 -0.00794756 0.01973212
v 0.05688778 -0.01039405 0.01064651
v 0.04892882 -0.01198828 -0.01202304
v -0.02487359 -0.01295147 -0.00702796
v 0.08974025 -0.01006220 0.01284995
v -0.01637999 -0.00630386 -0.02097449
v -0.01324755 -0.00964779 0.01771171
v 0.05164967 -0.01209885 -0.01348978
v -0.02057648 -0.01132948 -0.01446390
v -0.00914653 -0.00915908 -0.01838763
v 0.00583188 -0.01164190 -0.01295745
v 0.04692378 -0.01025559 -0.01874930
v 0.05154462 -0.00894931 0.01698870
v 0.05159426 -0.00912874 0.01662978
v 0.05132787 -0.00694114 0.01882231
v 0.04939033 -0.00656283 0.01917257
v 0.04731870 -0.00616312 0.01944345
v 0.04953253 -0.00450781 0.02014590
v 0.04905355 -0.00441686 0.02017678
v 0.04740373 -0.00511139 0.01988749
v 0.04527558 -0.00577495 0.01957949
v 0.04318411 -0.00536721 0.01994422
v 0.04550882 -0.00582002 0.01954760
v 0.05148665 -0.00688729 0.01885126
v 0.05361895 -0.00610322 0.01923487
v 0.05366111 -0.00530129 0.01967356
v 0.05522654 -0.00560043 0.01953165
v 0.05357665 -0.00737970 0.01842704
v 0.05571267 -0.00569287 0.01949758
v 0.05573616 -0.00539983 0.01962221
v 0.04526192 -0.00594638 0.01950623
v 0.04309924 -0.00689301 0.01913011
v 0.04306818 -0.00743287 0.01884661
v 0.04209685 -0.00724662 0.01894849
v 0.05148370 -0.00697135 0.01879882
v 0.08915034 -0.00847387 0.01669197
v 0.01323846 -0.01213934 -0.00929784
v 0.04638703 -0.01045035 0.01102955
v 0.05269715 -0.01123916 -0.01744467
v 0.04881785 -0.01074603 -0.01830692
v 0.08234614 -0.01170521 -0.00293190
v 0.00899078 -0.01010985 -0.01652358
v 0.01261161 -0.01064646 0.01300675
v 0.03978513 -0.01049264 0.01258367
v -0.02420269 -0.01246465 -0.00961074
v 0.06402661 -0.00828502 0.01751902
v 0.00751646 -0.00954162 0.01798917
v 0.03584627 -0.01031815 0.01173610
v 0.04098665 -0.00702915 0.01916434
v -0.00566158 -0.01089660 0.01121679
v -0.00479539 -0.01114366 0.00936968
v 0.01797945 -0.00465613 0.02153546
v 0.02369020 -0.01171313 -0.00917632
v 0.08440998 -0.01145241 0.00773951
v -0.01568649 -0.01093742 0.00910114
v -0.00499336 -0.01169415 -0.01113859
v -0.02849037 -0.01208667 0.01880108
v 0.06695389 -0.01170361 -0.01644255
v 0.09559421 -0.00998571 -0.00027863
v -0.02456087 -0.01180721 0.00319695
v 0.03146756 -0.01012467 0.01284528
v -0.00689411 -0.00990013 0.01702500
v -0.02821564 -0.01082126 -0.01817359
v 0.02184313 -0.00966431 0.01692545
v -0.01126151 -0.00530156 0.02151646
v 0.05018913 -0.01166122 -0.01588734
v 0.09075087 -0.01073910 -0.01970016
v -0.02597594 -0.01163035 0.01724217
v 0.01343495 -0.00967679 -0.01743361
v 0.07067339 -0.01210752 -0.01480525
v 0.04712214 -0.01063319 0.01004395
v 0.04515807 -0.00783998 0.01848933
v 0.04727761 -0.00815831 0.01807034
v 0.04824871 -0.01141875 -0.01631828
v -0.01733881 -0.01162797 -0.01170258
v 0.04313452 -0.00907641 0.01727315
v 0.07256785 -0.01199613 -0.00470878
v -0.00269313 -0.00887664 -0.01909900
v 0.03657085 -0.00617721 0.01974016
v -0.02158466 -0.00929978 -0.01870364
v -0.01996324 -0.01143563 0.00003431
v -0.01441003 -0.00666239 -0.02076442
v 0.07291018 -0.01036916 0.01342127
v 0.07960133 -0.01118696 0.01080300
v 0.02043938 -0.01136484 -0.00373925
v 0.09662084 -0.00986647 0.01018495
v 0.03343507 -0.01156155 -0.01533477
v 0.00677490 -0.01040997 -0.01616107
v -0.02794608 -0.01015391 -0.01884376
v 0.06817577 -0.00733441 0.01831471
v 0.02268269 -0.00988461 0.01507043
v -0.01783677 -0.01077671 0.00863283
v 0.09182169 -0.01078733 0.00309525
v 0.02785786 -0.01056134 0.01006827
v 0.01688746 -0.01019645 -0.01470774
v 0.04190026 -0.01113970 -0.01563280
v 0.09591970 -0.01011041 0.00390356
v 0.05778323 -0.00609215 0.01923176
v -0.01964645 -0.00788809 0.01977358
v 0.09336164 -0.00669549 0.01785826
v 0.09572075 -0.00509902 0.01787342
v 0.09357198 -0.00466807 0.01850924
v 0.08522933 -0.00938433 0.01492027
v 0.03900916 -0.00515537 0.02016810
v 0.06707861 -0.01153024 -0.01685810
v -0.01756809 -0.00617791 0.02111687
v -0.00244272 -0.01217907 -0.00440383
v -0.01335680 -0.00548795 0.02143517
v -0.02195391 -0.01146203 -0.00038423
v 0.05358349 -0.00955633 0.01542031
v -0.00575073 -0.01089959 0.01119820
v 0.03939637 -0.01153967 -0.01407649
v 0.08179456 -0.01189049 -0.00918670
v 0.03537606 -0.00829380 -0.02135831
v 0.00583076 -0.01154576 0.00549628
v 0.00383011 -0.01162555 0.00508020
v 0.05359916 -0.00858126 0.01739150
v 0.09177124 -0.00982011 0.01325855
v 0.00182707 -0.01171810 0.00466471
v 0.02084503 -0.01156676 -0.00568757
v 0.09538521 -0.01004304 -0.00236926
v -0.00765012 -0.01167480 0.00060628
v 0.09128390 -0.00422557 0.01883061
v 0.09151748 -0.00406120 0.01886592
v 0.09028436 -0.01098318 0.00073568
v 0.03474420 -0.00581885 0.02010740
v 0.03173954 -0.01102384 -0.01661687
v 0.09523740 -0.00926331 0.01394358
v 0.08191705 -0.01189590 -0.00916034
v 0.08504115 -0.01168501 -0.00441529
v 0.03089160 -0.00900713 -0.02048876
v 0.08816255 -0.01148855 0.00033043
v 0.09149517 -0.00426625 0.01880467
v 0.04774620 -0.01173500 -0.01434607
v 0.05060932 -0.01168320 0.00061421
v 0.07435756 -0.01221654 -0.01278223
v 0.05465469 -0.01138999 -0.01701795
v 0.00194430 -0.01011591 0.01480909
v 0.04114148 -0.00931984 -0.02005172
v 0.06355982 -0.01212169 -0.01097016
v 0.08917233 -0.01041011 0.00865697
v 0.05901123 -0.01107941 0.00438994
v -0.01955641 -0.01163129 -0.00191429
v 0.09051330 -0.01314505 -0.01133896
v 0.07993983 -0.01185031 -0.00958221
v -0.01889944 -0.01038652 0.01452886
v 0.08037002 -0.01060284 0.01296684
v 0.06224961 -0.00954045 0.01519951
v 0.09584862 -0.00512533 0.01782122
v 0.03620724 -0.01075913 0.00979880
v 0.09568111 -0.01148899 -0.01449105
v 0.07634262 -0.01222017 -0.01236230
v 0.07663095 -0.01181261 -0.00413083
v -0.00727906 -0.00979181 -0.01793870
v 0.02430396 -0.00946236 0.01742835
v 0.05854495 -0.01182452 -0.01615839
v 0.08440860 -0.01080929 -0.01931411
v 0.07893455 -0.01000991 0.01466399
v 0.00798237 -0.01189548 -0.00427573
v 0.06608829 -0.00769850 0.01806048
v 0.08858121 -0.01285805 -0.01177196
v 0.01419233 -0.01167830 0.00522381
v 0.03685378 -0.00606296 0.01979019
v -0.01139068 -0.00736186 0.02048148
v 0.01286126 -0.01065015 -0.01565914
v 0.09829084 -0.00843288 0.00015845
v 0.01388084 -0.00973541 0.01729976
v -0.01240391 -0.00703558 -0.02072544
v 0.07255084 -0.01181690 -0.00089023
v 0.08880954 -0.01050148 -0.02013087
v 0.05568726 -0.00779519 0.01797176
v 0.07618066 -0.01184950 -0.00217150
v 0.03472624 -0.01166810 -0.00274457
v 0.03895886 -0.01140599 0.00633313
v 0.01574513 -0.00630314 0.02092994
v -0.02317509 -0.01244151 -0.00494270
v 0.03558862 -0.01179875 -0.00665380
v 0.02256017 -0.00988505 0.01504457
v -0.02156489 -0.01175296 -0.00232844
v 0.02277263 -0.00940111 -0.01777365
v -0.02825478 -0.00615890 0.02237954
v -0.02670940 -0.01392779 -0.00733244
v 0.02171868 -0.01163705 -0.00959958
v 0.09362531 -0.01232641 -0.01485392
v -0.00389315 -0.01207179 -0.00710340
v 0.04180208 -0.01032562 0.01299573
v 0.02658823 -0.01157673 -0.01267810
v 0.06394319 -0.00945003 0.01554977
v 0.08627830 -0.01112721 -0.01862974
v 0.07255381 -0.00899915 0.01606212
v 0.05074928 -0.01103659 -0.01787377
v 0.02147450 -0.01046910 0.01076236
v -0.02652001 -0.01350832 -0.00937968
v 0.02947330 -0.01140747 0.00227677
v 0.09616880 -0.01065234 -0.01240823
v 0.09802828 -0.00559428 0.01648658
v 0.08495615 -0.00986973 -0.02099952
v -0.02332355 -0.01164874 0.01165037
v -0.02408667 -0.00910854 0.01947699
v 0.02570052 -0.01147550 -0.00672035
v 0.03780878 -0.01044238 0.01216159
v 0.09932815 -0.00823337 0.00869134
v 0.02386116 -0.00966350 -0.01752108
v 0.07397460 -0.01075821 -0.01914211
v 0.07203123 -0.01053158 -0.01957232
v 0.02666293 -0.01107489 0.00575693
v 0.07307269 -0.01200320 -0.00281533
v 0.02275169 -0.00993553 0.01472612
v 0.01569904 -0.00825959 0.01960910
f 2873 2872 2847
f 2859 2749 2847
f 2859 2847 2872
f 2852 2755 2749
f 2852 2749 2859
f 2851 2761 2755
f 2851 2755 2852
f 2836 2761 2851
f 2873 2847 2772
f 2873 2772 2855
f 2741 2847 2749
f 2772 2847 2741
f 2742 2749 2755
f 2741 2749 2742
f 2756 2755 2761
f 2742 2755 2756
f 2761 2836 2835
f 2771 2761 2835
f 2756 2761 2771
f 2828 2771 2835
f 2862 2866 2854
f 2854 2866 2855
f 2772 2854 2855
f 2765 2854 2772
f 2730 2772 2741
f 2765 2772 2730
f 2731 2741 2742
f 2730 2741 2731
f 2757 2742 2756
f 2731 2742 2757
f 2758 2756 2771
f 2757 2756 2758
f 2771 2828 2803
f 2771 2803 2758
f 2862 2854 2850
f 2862 2850 2864
f 2763 2854 2765
f 2850 2854 2763
f 2713 2765 2730
f 2763 2765 2713
f 2729 2730 2731
f 2713 2730 2729
f 2737 2731 2757
f 2729 2731 2737
f 2759 2757 2758
f 2737 2757 2759
f 2758 2803 2802
f 2758 2802 2759
f 2864 2850 2861
f 2864 2861 2865
f 2764 2850 2763
f 2861 2850 2764
f 2711 2763 2713
f 2764 2763 2711
f 2712 2713 2729
f 2711 2713 2712
f 2734 2729 2737
f 2712 2729 2734
f 2738 2737 2759
f 2734 2737 2738
f 2759 2802 2804
f 2810 2759 2804
f 2738 2759 2810
f 2893 2810 2804
f 2865 2861 2871
f 2865 2871 2877
f 2768 2861 2764
f 2871 2861 2768
f 2709 2764 2711
f 2768 2764 2709
f 2710 2711 2712
f 2709 2711 2710
f 2728 2712 2734
f 2710 2712 2728
f 2733 2734 2738
f 2728 2734 2733
f 2746 2738 2810
f 2733 2738 2746
f 2810 2893 2892
f 2810 2892 2746
f 2876 2877 2871
f 2848 2875 2876
f 2871 2848 2876
f 2768 2848 2871
f 2708 2768 2709
f 2848 2768 2708
f 2707 2709 2710
f 2708 2709 2707
f 2727 2710 2728
f 2707 2710 2727
f 2732 2728 2733
f 2727 2728 2732
f 2739 2733 2746
f 2732 2733 2739
f 2746 2892 2823
f 2746 2823 2739
f 2875 2848 2858
f 2875 2858 2878
f 2721 2848 2708
f 2858 2848 2721
f 2701 2708 2707
f 2721 2708 2701
f 2702 2707 2727
f 2701 2707 2702
f 2726 2727 2732
f 2702 2727 2726
f 2735 2732 2739
f 2726 2732 2735
f 2739 2823 2824
f 2819 2739 2824
f 2735 2739 2819
f 2826 2819 2824
f 2878 2858 2863
f 2878 2863 2879
f 2762 2858 2721
f 2863 2858 2762
f 2697 2721 2701
f 2762 2721 2697
f 2699 2701 2702
f 2697 2701 2699
f 2724 2702 2726
f 2699 2702 2724
f 2736 2726 2735
f 2724 2726 2736
f 2815 2735 2819
f 2736 2735 2815
f 2819 2826 2805
f 2819 2805 2815
f 2870 2879 2863
f 2773 2869 2870
f 2863 2773 2870
f 2762 2773 2863
f 2696 2762 2697
f 2773 2762 2696
f 2698 2697 2699
f 2696 2697 2698
f 2725 2699 2724
f 2698 2699 2725
f 2743 2724 2736
f 2725 2724 2743
f 2814 2736 2815
f 2743 2736 2814
f 2815 2805 2789
f 2815 2789 2814
f 2869 2773 2849
f 2869 2849 2885
f 2753 2773 2696
f 2849 2773 2753
f 2700 2696 2698
f 2753 2696 2700
f 2703 2698 2725
f 2700 2698 2703
f 2744 2725 2743
f 2703 2725 2744
f 2800 2743 2814
f 2744 2743 2800
f 2814 2789 2787
f 2814 2787 2800
f 2885 2849 2856
f 2885 2856 2889
f 2754 2849 2753
f 2856 2849 2754
f 2705 2753 2700
f 2754 2753 2705
f 2704 2700 2703
f 2705 2700 2704
f 2740 2703 2744
f 2704 2703 2740
f 2782 2744 2800
f 2740 2744 2782
f 2800 2787 2785
f 2800 2785 2782
f 2889 2856 2868
f 2889 2868 12
f 2752 2856 2754
f 2868 2856 2752
f 2714 2754 2705
f 2752 2754 2714
f 2706 2705 2704
f 2714 2705 2706
f 2745 2704 2740
f 2706 2704 2745
f 2776 2740 2782
f 2745 2740 2776
f 2782 2785 2781
f 2782 2781 2776
f 10 12 2868
f 2769 13 10
f 2868 2769 10
f 2752 2769 2868
f 2716 2752 2714
f 2769 2752 2716
f 2715 2714 2706
f 2716 2714 2715
f 2722 2706 2745
f 2715 2706 2722
f 2774 2745 2776
f 2722 2745 2774
f 2776 2781 2777
f 2775 2776 2777
f 2774 2776 2775
f 2778 2775 2777
f 13 2769 2770
f 13 2770 2857
f 2719 2769 2716
f 2770 2769 2719
f 2717 2716 2715
f 2719 2716 2717
f 2718 2715 2722
f 2717 2715 2718
f 2767 2722 2774
f 2718 2722 2767
f 2775 2779 2780
f 2767 2775 2780
f 2774 2775 2767
f 2779 2775 2778
f 2857 2770 2846
f 2857 2846 2845
f 2750 2770 2719
f 2846 2770 2750
f 2720 2719 2717
f 2750 2719 2720
f 2723 2717 2718
f 2720 2717 2723
f 2760 2718 2767
f 2723 2718 2760
f 2767 2780 2792
f 2767 2792 2760
f 2844 2845 2846
f 2766 2843 2844
f 2846 2766 2844
f 2750 2766 2846
f 2748 2750 2720
f 2766 2750 2748
f 2747 2720 2723
f 2748 2720 2747
f 2751 2723 2760
f 2747 2723 2751
f 2760 2792 2794
f 2760 2794 2751
f 2833 2843 2766
f 2833 2766 2748
f 2833 2748 2816
f 2816 2748 2747
f 2816 2747 2811
f 2811 2747 2751
f 2811 2751 2801
f 2801 2751 2794
f 4925 4924 4927
f 4928 2860 4927
f 4928 4927 4924
f 4929 2853 2860
f 4929 2860 4928
f 4345 2838 2853
f 4345 2853 4929
f 4333 4344 2838
f 4333 2838 4345
f 4332 4344 4333
f 2913 4923 2884
f 2884 4923 4925
f 2884 4925 4927
f 2873 2884 4927
f 2872 2873 4927
f 2872 4927 2859
f 2859 4927 2860
f 2859 2860 2852
f 2852 2860 2853
f 2852 2853 2851
f 2851 2853 2838
f 2851 2838 2836
f 2838 2837 2836
f 2838 4344 2837
f 4344 4332 4326
f 4344 4326 2837
f 2913 2884 2867
f 2913 2867 17
f 2855 2867 2873
f 2873 2867 2884
f 2837 2835 2836
f 4275 2829 2828
f 4275 2828 2835
f 4326 4275 2835
f 2837 4326 2835
f 4274 2829 4275
f 7811 15 2882
f 2882 15 17
f 2882 17 2867
f 2862 2882 2867
f 2866 2862 2867
f 2866 2867 2855
f 2809 2803 2829
f 2829 2803 2828
f 2829 4274 2898
f 2829 2898 2809
f 7811 2882 2883
f 7811 2883 8134
f 2864 2883 2862
f 2862 2883 2882
f 2808 2802 2809
f 2809 2802 2803
f 2809 2898 3
f 2 2809 3
f 2808 2809 2
f 1 2 3
f 8134 2883 2899
f 8134 2899 7802
f 2865 2899 2864
f 2864 2899 2883
f 2808 2804 2802
f 2804 2808 2893
f 2808 2894 2893
f 2808 2 2894
f 2 1 2896
f 2 2896 2894
f 7802 2899 2903
f 7802 2903 7801
f 2877 2903 2865
f 2865 2903 2899
f 2830 2892 2894
f 2894 2892 2893
f 2894 2896 2895
f 2894 2895 2830
f 2917 7801 2903
f 2920 2917 2887
f 2887 2917 2876
f 2917 2903 2876
f 2903 2877 2876
f 2875 2887 2876
f 2825 2823 2830
f 2830 2823 2892
f 2830 2895 6
f 5 2830 6
f 2825 2830 5
f 4 5 6
f 2920 2887 2888
f 2920 2888 7806
f 2878 2888 2875
f 2875 2888 2887
f 2825 2824 2823
f 2824 2825 2826
f 2825 2817 2826
f 2825 5 2817
f 5 4 4035
f 5 4035 2817
f 7806 2888 2911
f 7806 2911 7807
f 2879 2911 2878
f 2878 2911 2888
f 2790 2805 2817
f 2817 2805 2826
f 2817 4035 4038
f 2817 4038 2790
f 7807 2911 9
f 7807 9 8
f 2870 2880 2879
f 2880 2911 2879
f 2880 9 2911
f 2869 2880 2870
f 2788 2789 2790
f 2790 2789 2805
f 2790 4038 4051
f 2790 4051 2788
f 7 8 9
f 2881 8184 7
f 9 2881 7
f 2880 2881 9
f 2885 2881 2869
f 2869 2881 2880
f 2786 2787 2788
f 2788 2787 2789
f 2788 4051 4042
f 2827 2788 4042
f 2786 2788 2827
f 4043 2827 4042
f 8184 2881 2902
f 8184 2902 7903
f 2889 2902 2885
f 2885 2902 2881
f 2784 2785 2786
f 2786 2785 2787
f 2818 2786 2827
f 2784 2786 2818
f 2827 4043 4045
f 2827 4045 2818
f 7903 2902 2912
f 7903 2912 7902
f 12 2912 2889
f 2889 2912 2902
f 2783 2781 2784
f 2784 2781 2785
f 2807 2784 2818
f 2783 2784 2807
f 2818 4045 2890
f 2818 2890 2807
f 7902 2912 2914
f 7902 2914 7911
f 10 11 12
f 11 2912 12
f 11 2914 2912
f 13 11 10
f 2783 2777 2781
f 2777 2783 2778
f 2783 2798 2778
f 2783 2807 2798
f 2807 2890 4048
f 2807 4048 2798
f 2919 7911 2914
f 14 2918 2919
f 2914 14 2919
f 11 14 2914
f 2857 14 13
f 13 14 11
f 2791 2780 2779
f 2778 2798 2779
f 2798 2791 2779
f 2798 2797 2791
f 2798 4048 2897
f 2798 2897 2797
f 2918 14 2842
f 2918 2842 2916
f 2845 2842 2857
f 2857 2842 14
f 2793 2792 2791
f 2791 2792 2780
f 2796 2791 2797
f 2793 2791 2796
f 2797 2897 2891
f 2797 2891 2796
f 2916 2842 2841
f 2916 2841 8026
f 2844 2840 2845
f 2840 2842 2845
f 2840 2841 2842
f 2843 2840 2844
f 2795 2794 2793
f 2793 2794 2792
f 2799 2793 2796
f 2795 2793 2799
f 2796 2891 4879
f 2796 4879 2799
f 8026 2841 2886
f 8026 2886 8024
f 2839 2841 2840
f 2886 2841 2839
f 2833 2832 2843
f 2832 2840 2843
f 2832 2839 2840
f 2816 2822 2833
f 2833 2822 2832
f 2811 2812 2816
f 2816 2812 2822
f 2801 2806 2811
f 2811 2806 2812
f 2794 2795 2801
f 2795 2806 2801
f 2795 2813 2806
f 2799 4889 4895
f 2813 2799 4895
f 2795 2799 2813
f 4889 2799 4879
f 2915 8024 2886
f 2874 8084 2915
f 2886 2874 2915
f 2839 2874 2886
f 2834 2839 2832
f 2874 2839 2834
f 2831 2832 2822
f 2834 2832 2831
f 2821 2822 2812
f 2831 2822 2821
f 2820 2812 2806
f 2821 2812 2820
f 2813 4897 4899
f 2820 2813 4899
f 2806 2813 2820
f 4897 2813 4895
f 8140 8084 2874
f 8140 2874 2834
f 8140 2834 2901
f 2901 2834 2831
f 2901 2831 2900
f 2900 2831 2821
f 2900 2821 7274
f 7274 2821 2820
f 7274 2820 4900
f 4900 2820 4899
f 5606 5605 5614
f 5771 5697 5614
f 5771 5614 5605
f 5699 5697 5771
f 4917 4920 4922
f 4924 4925 4922
f 4920 4924 4922
f 4926 4924 4920
f 5614 4928 5606
f 4928 4926 5606
f 4928 4924 4926
f 4928 5614 4929
f 4929 5614 5697
f 5699 5698 5697
f 5698 4929 5697
f 5698 4345 4929
f 4345 4267 4333
f 5698 4267 4345
f 4235 4327 4332
f 4333 4235 4332
f 4267 4235 4333
f 4179 4327 4235
f 4908 4907 4921
f 4921 4907 4917
f 4921 4917 4922
f 2913 4921 4922
f 4923 2913 4922
f 4923 4922 4925
f 4325 4326 4327
f 4327 4326 4332
f 4327 4179 4176
f 4327 4176 4325
f 4908 4921 16
f 4908 16 7810
f 17 16 2913
f 2913 16 4921
f 4325 4275 4326
f 4181 4273 4274
f 4181 4274 4275
f 4176 4181 4275
f 4325 4176 4275
f 4182 4273 4181
f 7810 16 15
f 7811 7810 15
f 7791 7810 7811
f 15 16 17
f 4341 2898 4273
f 4273 2898 4274
f 4273 4182 4201
f 4273 4201 4341
f 8134 7791 7811
f 8134 7795 7791
f 4341 3 2898
f 2905 2904 1
f 2905 1 3
f 4201 2905 3
f 4341 4201 3
f 2906 2904 2905
f 7802 7795 8134
f 7802 7799 7795
f 2908 2896 2904
f 2904 2896 1
f 2904 2906 2907
f 2904 2907 2908
f 7801 7799 7802
f 7801 7800 7799
f 2910 2895 2908
f 2908 2895 2896
f 2908 2907 2909
f 2908 2909 2910
f 7801 2917 7804
f 7803 7801 7804
f 7800 7801 7803
f 2920 7804 2917
f 2910 6 2895
f 4 6 2910
f 2909 4 2910
f 3958 4 2909
f 7803 7804 7805
f 7803 7805 8151
f 7806 7805 2920
f 2920 7805 7804
f 4037 4035 3960
f 4035 3958 3960
f 4035 4 3958
f 4033 4037 3960
f 7809 8151 7805
f 7805 7806 7809
f 7806 7808 7809
f 7806 7807 7808
f 4050 4038 4037
f 4037 4038 4035
f 4037 4033 3995
f 4037 3995 4050
f 8 7808 7807
f 8 7961 7808
f 4049 4051 4050
f 4050 4051 4038
f 4050 3995 3997
f 4050 3997 4049
f 8 7 7913
f 7904 8 7913
f 7961 8 7904
f 8184 7913 7
f 4049 4042 4051
f 3999 4044 4043
f 3999 4043 4042
f 3997 3999 4042
f 4049 3997 4042
f 3057 4044 3999
f 7912 7904 7913
f 7913 8184 7912
f 8184 7899 7912
f 8184 7903 7899
f 4046 4045 4044
f 4044 4045 4043
f 4044 3057 3056
f 4044 3056 4046
f 7902 7899 7903
f 7902 7896 7899
f 4047 2890 4046
f 4046 2890 4045
f 4046 3056 3055
f 4046 3055 4047
f 7911 7896 7902
f 7911 7895 7896
f 3061 4048 4047
f 4047 4048 2890
f 4047 3055 3054
f 4047 3054 3061
f 7911 2919 8173
f 7894 7911 8173
f 7895 7911 7894
f 2918 8173 2919
f 4894 2897 3061
f 3061 2897 4048
f 3061 3054 3058
f 3061 3058 4894
f 7894 8173 8100
f 7894 8100 7908
f 2916 8100 2918
f 2918 8100 8173
f 4855 2891 4894
f 4894 2891 2897
f 4894 3058 4847
f 4894 4847 4855
f 7908 8100 8029
f 7908 8029 8143
f 8026 8029 2916
f 2916 8029 8100
f 4846 4842 4855
f 4842 2891 4855
f 4842 4879 2891
f 4846 4855 4847
f 8027 8143 8029
f 8029 8026 8027
f 8026 8023 8027
f 8026 8024 8023
f 4888 4895 4889
f 4840 4888 4889
f 4879 4840 4889
f 4842 4840 4879
f 8024 2915 8025
f 8021 8024 8025
f 8023 8024 8021
f 8084 8025 2915
f 4896 4899 4897
f 4838 4896 4897
f 4838 4897 4895
f 4839 4838 4895
f 4888 4839 4895
f 4839 4888 4840
f 8030 8021 8025
f 8030 8025 8084
f 8140 8030 8084
f 8144 8030 8140
f 8058 8144 8059
f 8144 2901 8059
f 8144 8140 2901
f 2900 7265 2901
f 2901 7265 8059
f 7274 7264 2900
f 2900 7264 7265
f 4900 4902 7274
f 7274 4902 7264
f 4901 4902 4900
f 4901 4900 4899
f 4869 4901 4899
f 4896 4869 4899
f 4869 4896 4838
f 6690 8058 8059
f 6690 8059 7265
f 6690 7265 6693
f 6693 7265 7264
f 6693 7264 7178
f 7178 7264 4902
f 7178 4902 6694
f 6694 4902 4901
f 5288 5181 5604
f 5605 5606 5604
f 5181 5605 5604
f 5190 5605 5181
f 5605 5560 5771
f 5190 5560 5605
f 4343 5700 5699
f 5771 4343 5699
f 5560 4343 5771
f 4342 4291 5700
f 4342 5700 4343
f 4272 4291 4342
f 4913 4919 4920
f 4913 4920 4917
f 5604 4926 5288
f 4926 4919 5288
f 4926 4920 4919
f 4926 5604 5606
f 5700 5698 5699
f 5698 5700 4267
f 4267 5700 4291
f 4272 4204 4291
f 4204 4267 4291
f 4204 4235 4267
f 4179 4235 4204
f 4179 4204 4175
f 4905 4906 4907
f 4905 4907 4908
f 4917 4907 4913
f 4913 4907 4906
f 4180 4176 4174
f 4176 4175 4174
f 4176 4179 4175
f 4172 4180 4174
f 7810 4905 4908
f 7810 7794 4905
f 4180 4181 4176
f 4182 4181 4180
f 4172 4182 4180
f 4168 4182 4172
f 7788 7790 7789
f 7790 7794 7789
f 7794 7791 7789
f 7794 7810 7791
f 4200 4201 4145
f 4201 4168 4145
f 4201 4182 4168
f 4135 4200 4145
f 7788 7789 7787
f 7788 7787 7746
f 7795 7787 7791
f 7791 7787 7789
f 4200 2905 4201
f 2906 2905 4200
f 4135 2906 4200
f 3767 2906 4135
f 7786 7746 7787
f 7787 7795 7786
f 7795 7783 7786
f 7795 7799 7783
f 3767 2907 2906
f 3768 2907 3767
f 7800 7783 7799
f 7800 8101 7783
f 3946 2909 3887
f 2909 3768 3887
f 2909 2907 3768
f 3920 3946 3887
f 7803 8101 7800
f 7803 8141 8101
f 3959 3958 3946
f 3946 3958 2909
f 3946 3920 3923
f 3946 3923 3959
f 8151 8141 7803
f 8151 8148 8141
f 3959 3960 3958
f 4033 3960 3959
f 3923 4033 3959
f 3925 4033 3923
f 8151 7809 8165
f 8181 8151 8165
f 8148 8151 8181
f 7808 8165 7809
f 3996 3995 3928
f 3995 3925 3928
f 3995 4033 3925
f 3929 3996 3928
f 8182 8181 8165
f 8165 7808 8182
f 7808 7907 8182
f 7808 7961 7907
f 3998 3997 3996
f 3996 3997 3995
f 3996 3929 3060
f 3996 3060 3998
f 7904 7907 7961
f 7904 7906 7907
f 3998 3999 3997
f 3057 3999 3998
f 3060 3057 3998
f 3049 3057 3060
f 7904 7912 7900
f 7901 7904 7900
f 7906 7904 7901
f 7899 7900 7912
f 3049 3056 3057
f 3047 3056 3049
f 7901 7900 7898
f 7901 7898 7909
f 7896 7898 7899
f 7899 7898 7900
f 3047 3055 3056
f 3042 3055 3047
f 7897 7909 7898
f 7898 7896 7897
f 7896 7892 7897
f 7896 7895 7892
f 3042 3054 3055
f 3051 3054 3042
f 7894 7892 7895
f 7894 7893 7892
f 3051 3058 3054
f 3059 3058 3051
f 7908 7893 7894
f 7908 7905 7893
f 3059 4847 3058
f 4848 4847 3059
f 8143 7905 7908
f 8143 8103 7905
f 4843 4842 4846
f 4845 4843 4846
f 4847 4845 4846
f 4848 4845 4847
f 8028 8103 8143
f 8028 8143 8027
f 8027 8023 8028
f 8028 8023 8019
f 4844 4841 4843
f 4841 4842 4843
f 4841 4840 4842
f 4844 4843 4845
f 8021 8019 8023
f 8021 8020 8019
f 4837 4838 4839
f 4833 4837 4839
f 4840 4833 4839
f 4841 4833 4840
f 8022 8020 8021
f 8022 8021 8030
f 8057 8022 8062
f 8022 8144 8062
f 8022 8030 8144
f 8058 8062 8144
f 4877 4901 4869
f 4868 4877 4869
f 4868 4869 4838
f 4832 4868 4838
f 4837 4832 4838
f 4832 4837 4833
f 8056 8057 8062
f 8056 8062 8058
f 6690 8056 8058
f 6686 8056 6690
f 6684 6690 6693
f 6684 6686 6690
f 6682 6693 7178
f 6682 6684 6693
f 6681 7178 6694
f 6681 6682 7178
f 6694 4901 4877
f 4872 6694 4877
f 6681 6694 4872
f 4872 4877 4868
f 18 19 20
f 5181 5288 20
f 19 5181 20
f 5027 5181 19
f 5181 5189 5190
f 5027 5189 5181
f 5190 5532 5560
f 5189 5532 5190
f 5560 4348 4343
f 5532 4348 5560
f 4343 4316 4342
f 4348 4316 4343
f 4272 4342 4316
f 4272 4316 4271
f 4909 4912 4911
f 4911 4912 18
f 4911 18 20
f 4913 4911 20
f 4919 4913 20
f 4919 20 5288
f 4271 4203 4272
f 4272 4203 4204
f 4175 4204 4203
f 4175 4203 4177
f 4909 4911 4906
f 4905 4909 4906
f 4910 4909 4905
f 4906 4911 4913
f 4177 4173 4175
f 4175 4173 4174
f 4172 4174 4173
f 4172 4173 4167
f 7793 7856 7952
f 7856 4910 7952
f 4910 7794 7952
f 4910 4905 7794
f 4167 4168 4172
f 4165 4168 4167
f 7793 7952 7790
f 7788 7793 7790
f 7792 7793 7788
f 7790 7952 7794
f 4165 4134 4168
f 4168 4134 4145
f 4135 4145 4134
f 4135 4134 3765
f 7746 7792 7788
f 7746 7817 7792
f 3765 3767 4135
f 3763 3767 3765
f 7746 7786 7745
f 7740 7746 7745
f 7817 7746 7740
f 7783 7745 7786
f 3763 3768 3767
f 3764 3768 3763
f 7740 7745 7743
f 7740 7743 7739
f 8101 7743 7783
f 7783 7743 7745
f 3764 3766 3768
f 3768 3766 3887
f 3920 3887 3766
f 3920 3766 3922
f 7750 7739 7743
f 7743 8101 7750
f 8101 8091 7750
f 8101 8141 8091
f 3922 3923 3920
f 3924 3923 3922
f 8148 8091 8141
f 8148 8090 8091
f 3927 3925 3926
f 3925 3924 3926
f 3925 3923 3924
f 3930 3927 3926
f 8181 8090 8148
f 8181 8012 8090
f 3927 3928 3925
f 3929 3928 3927
f 3930 3929 3927
f 3931 3929 3930
f 8181 8182 8180
f 7727 8181 8180
f 8012 8181 7727
f 7907 8180 8182
f 3931 3060 3929
f 3053 3060 3931
f 8179 7727 8180
f 8180 7907 8179
f 7907 7910 8179
f 7907 7906 7910
f 3053 3049 3060
f 3048 3049 3053
f 7901 7910 7906
f 7901 8037 7910
f 3048 3047 3049
f 3043 3047 3048
f 7909 8037 7901
f 7909 8063 8037
f 3041 3042 3040
f 3042 3043 3040
f 3042 3047 3043
f 3039 3041 3040
f 7909 7897 7951
f 7914 7909 7951
f 8063 7909 7914
f 7892 7951 7897
f 3052 3051 3041
f 3041 3051 3042
f 3041 3039 3034
f 3041 3034 3052
f 7891 7914 7951
f 7951 7892 7891
f 7892 7890 7891
f 7892 7893 7890
f 22 3059 3052
f 3052 3059 3051
f 3052 3034 23
f 3052 23 22
f 7905 7890 7893
f 7905 7915 7890
f 21 4849 22
f 4849 3059 22
f 4849 4848 3059
f 21 22 23
f 8103 7915 7905
f 8103 8032 7915
f 4806 4807 4865
f 4849 4806 4865
f 4845 4849 4865
f 4848 4849 4845
f 8018 8032 8103
f 8018 8103 8028
f 8028 8019 8018
f 8018 8019 8017
f 4865 4807 4844
f 4807 4841 4844
f 4807 4904 4841
f 4865 4844 4845
f 8020 8017 8019
f 8020 8031 8017
f 4904 4833 4841
f 4831 4833 4904
f 8157 8031 8020
f 8157 8020 8022
f 8022 8057 8157
f 8157 8057 8060
f 4830 4870 4832
f 4832 4870 4868
f 4832 4833 4831
f 4832 4831 4830
f 8055 8060 8057
f 8055 8057 8056
f 6687 8056 6686
f 6687 8055 8056
f 6685 6686 6684
f 6685 6687 6686
f 6683 6684 6682
f 6683 6685 6684
f 6680 6682 6681
f 6680 6683 6682
f 6679 6681 4872
f 6679 6680 6681
f 4872 4868 4870
f 4872 4870 6679
f 4918 5003 19
f 4918 19 18
f 19 5026 5027
f 5003 5026 19
f 5027 5188 5189
f 5026 5188 5027
f 5189 5308 5532
f 5188 5308 5189
f 5532 4349 4348
f 5308 4349 5532
f 4348 4288 4316
f 4349 4288 4348
f 4271 4316 4288
f 4271 4288 4282
f 4914 4916 4912
f 4914 4912 4909
f 18 4912 4918
f 4918 4912 4916
f 4282 4221 4271
f 4271 4221 4203
f 4177 4203 4221
f 4177 4221 4183
f 4910 4914 4909
f 4910 4915 4914
f 4183 4178 4177
f 4177 4178 4173
f 4167 4173 4178
f 4167 4178 4166
f 7855 7857 7856
f 7855 7856 7793
f 4910 7856 4915
f 4915 7856 7857
f 4166 4165 4167
f 4163 4165 4166
f 7792 7855 7793
f 7792 8083 7855
f 4163 4133 4165
f 4165 4133 4134
f 3765 4134 4133
f 3765 4133 3762
f 7817 8083 7792
f 7817 7744 8083
f 3762 3763 3765
f 3761 3763 3762
f 7740 7744 7817
f 7740 7738 7744
f 3754 3764 3753
f 3764 3761 3753
f 3764 3763 3761
f 3745 3754 3753
f 7739 7738 7740
f 7739 7737 7738
f 3754 3766 3764
f 3922 3766 3754
f 3745 3922 3754
f 3746 3922 3745
f 7741 7737 7739
f 7741 7739 7750
f 7750 8091 7741
f 7741 8091 8162
f 3746 3924 3922
f 3756 3924 3746
f 8090 8162 8091
f 8090 8089 8162
f 3756 3936 3924
f 3924 3936 3926
f 3930 3926 3936
f 3930 3936 3948
f 8012 8089 8090
f 8012 7724 8089
f 3948 3931 3930
f 3016 3931 3948
f 7727 7724 8012
f 7727 7723 7724
f 3016 3053 3931
f 3014 3053 3016
f 7727 8179 8038
f 7725 7727 8038
f 7723 7727 7725
f 7910 8038 8179
f 3014 3048 3053
f 3046 3048 3014
f 8039 7725 8038
f 8038 7910 8039
f 7910 8178 8039
f 7910 8037 8178
f 3046 3043 3048
f 3045 3043 3046
f 8063 8178 8037
f 8063 7977 8178
f 3045 3038 3043
f 3043 3038 3040
f 3039 3040 3038
f 3039 3038 3033
f 7914 7977 8063
f 7914 7928 7977
f 3033 3034 3039
f 3032 3034 3033
f 7889 7928 7914
f 7889 7914 7891
f 7891 7890 7889
f 7889 7890 7888
f 3032 23 3034
f 4421 23 3032
f 7915 7888 7890
f 7915 8077 7888
f 4850 4815 21
f 21 4815 4849
f 21 23 4421
f 21 4421 4850
f 8032 8077 7915
f 8032 8013 8077
f 4804 4803 4806
f 4806 4803 4807
f 4806 4849 4815
f 4806 4815 4804
f 8015 8013 8032
f 8015 8032 8018
f 8018 8017 8015
f 8015 8017 8016
f 4803 4904 4807
f 4903 4904 4803
f 8031 8016 8017
f 8031 8086 8016
f 4903 4831 4904
f 4828 4831 4903
f 8051 8086 8031
f 8051 8031 8157
f 8157 8060 8051
f 8051 8060 8050
f 4827 4882 4830
f 4830 4882 4870
f 4830 4831 4828
f 4830 4828 4827
f 8053 8050 8060
f 8053 8060 8055
f 6689 8055 6687
f 6689 8053 8055
f 6688 6687 6685
f 6688 6689 6687
f 6692 6685 6683
f 6692 6688 6685
f 6695 6683 6680
f 6695 6692 6683
f 6678 6680 6679
f 6678 6695 6680
f 6679 4870 4882
f 6679 4882 6678
f 5002 5001 5003
f 5002 5003 4918
f 5003 5025 5026
f 5001 5025 5003
f 5026 5187 5188
f 5025 5187 5026
f 5188 5307 5308
f 5187 5307 5188
f 5308 5579 4349
f 5307 5579 5308
f 4349 4284 4288
f 5579 4284 4349
f 4282 4288 4284
f 4282 4284 4283
f 8124 8125 4916
f 8124 4916 4914
f 4918 4916 5002
f 5002 4916 8125
f 4283 4231 4282
f 4282 4231 4221
f 4183 4221 4231
f 4183 4231 4185
f 4915 8124 4914
f 4915 7779 8124
f 4185 4184 4183
f 4183 4184 4178
f 4166 4178 4184
f 4166 4184 4164
f 7855 8099 7857
f 8099 7773 7857
f 7773 4915 7857
f 7773 7779 4915
f 4132 4163 4140
f 4163 4164 4140
f 4163 4166 4164
f 4131 4132 4140
f 7851 7780 8099
f 7855 7851 8099
f 8083 7851 7855
f 8099 7780 7773
f 4132 4133 4163
f 3762 4133 4132
f 4131 3762 4132
f 3760 3762 4131
f 7744 7851 8083
f 7744 7742 7851
f 3760 3761 3762
f 3759 3761 3760
f 7738 7742 7744
f 7738 7736 7742
f 3759 3742 3761
f 3761 3742 3753
f 3745 3753 3742
f 3745 3742 3741
f 7737 7736 7738
f 7737 7734 7736
f 3741 3746 3745
f 3747 3746 3741
f 7813 7734 7737
f 7813 7737 7741
f 7741 8162 7813
f 7813 8162 7732
f 3747 3756 3746
f 3751 3756 3747
f 8089 7732 8162
f 8089 7748 7732
f 3751 3757 3756
f 3756 3757 3936
f 3948 3936 3757
f 3948 3757 3015
f 7724 7748 8089
f 7724 7720 7748
f 3015 3016 3948
f 3012 3016 3015
f 7723 7720 7724
f 7723 7721 7720
f 3012 3014 3016
f 3013 3014 3012
f 7725 7721 7723
f 7725 7726 7721
f 3013 3046 3014
f 3050 3046 3013
f 8177 7726 7725
f 8177 7725 8039
f 8039 8178 8177
f 8177 8178 8183
f 3050 3045 3046
f 3044 3045 3050
f 7977 8183 8178
f 7977 7883 8183
f 3044 3035 3045
f 3045 3035 3038
f 3033 3038 3035
f 3033 3035 3031
f 7928 7883 7977
f 7928 7882 7883
f 3031 3032 3033
f 3030 3032 3031
f 7885 7882 7928
f 7885 7928 7889
f 7889 7888 7885
f 7885 7888 7886
f 3030 4421 3032
f 4420 4421 3030
f 8077 7886 7888
f 8077 7916 7886
f 4851 4815 4850
f 4852 4851 4850
f 4421 4852 4850
f 4420 4852 4421
f 8013 7916 8077
f 8013 7926 7916
f 4802 4803 4804
f 4795 4802 4804
f 4795 4804 4815
f 4796 4795 4815
f 4851 4796 4815
f 4796 4851 4852
f 8014 7926 8013
f 8014 8013 8015
f 8015 8016 8014
f 8014 8016 8033
f 4794 4800 4802
f 4800 4803 4802
f 4800 4903 4803
f 4794 4802 4795
f 8086 8033 8016
f 8086 8043 8033
f 4800 4828 4903
f 4829 4828 4800
f 8046 8043 8086
f 8046 8086 8051
f 8051 8050 8046
f 8046 8050 8048
f 4822 4882 4827
f 4820 4822 4827
f 4828 4820 4827
f 4829 4820 4828
f 8052 8048 8050
f 8052 8050 8053
f 8054 8053 6689
f 8054 8052 8053
f 6691 6689 6688
f 6691 8054 6689
f 6702 6688 6692
f 6702 6691 6688
f 7249 6692 6695
f 7249 6702 6692
f 6677 6695 6678
f 6677 7249 6695
f 6678 4882 4822
f 4821 6678 4822
f 6677 6678 4821
f 4821 4822 4820
f 5000 4999 5001
f 5000 5001 5002
f 5001 5016 5025
f 4999 5016 5001
f 5025 5178 5187
f 5016 5178 5025
f 5187 5286 5307
f 5178 5286 5187
f 5307 5580 5579
f 5286 5580 5307
f 5579 4289 4284
f 5580 4289 5579
f 4283 4284 4289
f 4283 4289 4313
f 7777 8131 8125
f 7777 8125 8124
f 5002 8125 5000
f 5000 8125 8131
f 4313 4252 4283
f 4283 4252 4231
f 4187 4186 4185
f 4231 4187 4185
f 4252 4187 4231
f 4160 4186 4187
f 7779 7777 8124
f 7779 7772 7777
f 4186 4184 4185
f 4164 4184 4186
f 4160 4164 4186
f 4159 4164 4160
f 7773 7772 7779
f 7773 7771 7772
f 4159 4130 4164
f 4164 4130 4140
f 4131 4140 4130
f 4131 4130 4129
f 8070 7775 7780
f 8070 7780 7851
f 7773 7780 7771
f 7771 7780 7775
f 4129 3760 4131
f 3739 3760 4129
f 7742 8070 7851
f 7742 7749 8070
f 3743 3759 3740
f 3759 3739 3740
f 3759 3760 3739
f 3744 3743 3740
f 7736 7749 7742
f 7736 7735 7749
f 3743 3742 3759
f 3741 3742 3743
f 3744 3741 3743
f 3748 3741 3744
f 7734 7735 7736
f 7734 7733 7735
f 3748 3747 3741
f 3749 3747 3748
f 7731 7733 7734
f 7731 7734 7813
f 7813 7732 7731
f 7731 7732 7728
f 3749 3751 3747
f 3884 3751 3749
f 7748 7728 7732
f 7748 7718 7728
f 3884 3888 3751
f 3751 3888 3757
f 3015 3757 3888
f 3015 3888 3009
f 7720 7718 7748
f 7720 7719 7718
f 3009 3012 3015
f 3008 3012 3009
f 7721 7719 7720
f 7721 7722 7719
f 3008 3013 3012
f 3011 3013 3008
f 7726 7722 7721
f 7726 8035 7722
f 3011 3050 3013
f 3037 3050 3011
f 7955 8035 7726
f 7955 7726 8177
f 8177 8183 7955
f 7955 8183 7929
f 3036 3044 3027
f 3044 3037 3027
f 3044 3050 3037
f 3024 3036 3027
f 7883 7929 8183
f 7883 7881 7929
f 3036 3035 3044
f 3031 3035 3036
f 3024 3031 3036
f 3023 3031 3024
f 7882 7881 7883
f 7882 7880 7881
f 3023 3030 3031
f 3025 3030 3023
f 7884 7880 7882
f 7884 7882 7885
f 7885 7886 7884
f 7884 7886 7887
f 3025 4420 3030
f 4419 4420 3025
f 7916 7887 7886
f 7916 7917 7887
f 4419 4852 4420
f 4853 4852 4419
f 7926 7917 7916
f 7926 7920 7917
f 4790 4792 4796
f 4796 4792 4795
f 4796 4852 4853
f 4796 4853 4790
f 8041 7920 7926
f 8041 7926 8014
f 8014 8033 8041
f 8041 8033 8042
f 4793 4799 4794
f 4794 4799 4800
f 4794 4795 4792
f 4794 4792 4793
f 8043 8042 8033
f 8043 8044 8042
f 4799 4829 4800
f 4819 4829 4799
f 8045 8044 8043
f 8045 8043 8046
f 8046 8048 8045
f 8045 8048 8049
f 4819 4820 4829
f 4818 4820 4819
f 8061 8049 8048
f 8061 8048 8052
f 8149 8052 8054
f 8149 8061 8052
f 6703 8054 6691
f 6703 8149 8054
f 6499 6691 6702
f 6499 6703 6691
f 6496 6702 7249
f 6496 6499 6702
f 6497 7249 6677
f 6497 6496 7249
f 4823 6677 4821
f 4823 6497 6677
f 4821 4820 4818
f 4821 4818 4823
f 5000 4998 4999
f 4999 4998 4996
f 4997 4999 4996
f 5016 4999 4997
f 5016 5166 5178
f 4997 5166 5016
f 5178 5271 5286
f 5166 5271 5178
f 5286 5566 5580
f 5271 5566 5286
f 5580 4312 4289
f 5566 4312 5580
f 4313 4289 4312
f 4313 4312 4310
f 7777 7778 8131
f 7778 8094 8131
f 8131 8094 5000
f 8094 4995 5000
f 4995 4998 5000
f 4998 4995 4996
f 4310 4311 4313
f 4313 4311 4252
f 4252 4205 4187
f 4311 4205 4252
f 4160 4187 4205
f 4160 4205 4158
f 7769 7768 7778
f 7777 7769 7778
f 7772 7769 7777
f 7778 7768 8094
f 4158 4159 4160
f 4155 4159 4158
f 7771 7769 7772
f 7771 7770 7769
f 4155 4127 4159
f 4159 4127 4130
f 4129 4130 4127
f 4129 4127 4126
f 8070 7776 7775
f 7776 7774 7775
f 7774 7771 7775
f 7774 7770 7771
f 4126 3739 4129
f 3404 3739 4126
f 7749 8156 7776
f 7749 7776 8070
f 7774 7776 8076
f 8076 7776 8156
f 3404 3738 3739
f 3739 3738 3740
f 3744 3740 3738
f 3744 3738 3750
f 7735 7747 8156
f 7735 8156 7749
f 8076 8156 8158
f 8158 8156 7747
f 3750 3748 3744
f 3752 3748 3750
f 7733 7730 7747
f 7733 7747 7735
f 8158 7747 7729
f 7729 7747 7730
f 3752 3749 3748
f 3755 3749 3752
f 7731 7730 7733
f 7731 7728 7730
f 7728 7729 7730
f 7728 7717 7729
f 3886 3884 3885
f 3884 3755 3885
f 3884 3749 3755
f 3879 3886 3885
f 7718 7717 7728
f 7718 7716 7717
f 3886 3888 3884
f 3009 3888 3886
f 3879 3009 3886
f 3003 3009 3879
f 7719 7716 7718
f 7719 7751 7716
f 3003 3008 3009
f 3002 3008 3003
f 7722 7751 7719
f 7722 8036 7751
f 3002 3011 3008
f 3004 3011 3002
f 8035 8036 7722
f 8035 7934 8036
f 3004 3037 3011
f 3029 3037 3004
f 7954 7934 8035
f 7954 8035 7955
f 7955 7929 7954
f 7954 7929 7931
f 3029 3026 3037
f 3037 3026 3027
f 3024 3027 3026
f 3024 3026 3022
f 7881 7931 7929
f 7881 7878 7931
f 3022 3023 3024
f 3018 3023 3022
f 7880 7878 7881
f 7880 7879 7878
f 3018 3025 3023
f 3021 3025 3018
f 7927 7879 7880
f 7927 7880 7884
f 7884 7887 7927
f 7927 7887 7918
f 3021 4419 3025
f 4418 4419 3021
f 7917 7918 7887
f 7917 7919 7918
f 4418 4853 4419
f 4854 4853 4418
f 7920 7919 7917
f 7920 7921 7919
f 4789 4788 4790
f 4790 4788 4792
f 4790 4853 4854
f 4790 4854 4789
f 8132 7921 7920
f 8132 7920 8041
f 8041 8042 8132
f 8132 8042 7677
f 4798 4799 4793
f 4786 4798 4793
f 4792 4786 4793
f 4788 4786 4792
f 8044 8047 8068
f 7677 8044 8068
f 8042 8044 7677
f 8047 7672 8068
f 4797 4801 4798
f 4801 4799 4798
f 4801 4819 4799
f 4797 4798 4786
f 8045 8047 8044
f 8171 8075 8049
f 8049 8075 8045
f 8075 7672 8045
f 7672 8047 8045
f 8171 7676 8075
f 4801 4818 4819
f 4817 4818 4801
f 8061 8171 8049
f 8040 7676 8171
f 8061 8040 8171
f 8149 8040 8061
f 6498 8149 6703
f 6498 8040 8149
f 6492 6703 6499
f 6492 6498 6703
f 6493 6499 6496
f 6493 6492 6499
f 6495 6496 6497
f 6495 6493 6496
f 4824 6497 4823
f 4824 6495 6497
f 4823 4818 4817
f 4823 4817 4824
f 4994 4991 4997
f 4994 4997 4996
f 4997 5127 5166
f 4991 5127 4997
f 5166 5257 5271
f 5127 5257 5166
f 5271 5558 5566
f 5257 5558 5271
f 5566 4308 4312
f 5558 4308 5566
f 4307 4309 4310
f 4312 4307 4310
f 4308 4307 4312
f 4270 4309 4307
f 7781 4993 4995
f 7781 4995 8094
f 4996 4995 4994
f 4994 4995 4993
f 4309 4311 4310
f 4270 4222 4309
f 4222 4311 4309
f 4222 4205 4311
f 4158 4205 4222
f 4158 4222 4157
f 7767 7765 7768
f 7767 7768 7769
f 8094 7768 7781
f 7781 7768 7765
f 4157 4155 4158
f 4156 4155 4157
f 7770 7767 7769
f 7770 7980 7767
f 4156 4125 4155
f 4155 4125 4127
f 4126 4127 4125
f 4126 4125 3402
f 7774 7980 7770
f 7774 7760 7980
f 3402 3404 4126
f 3401 3404 3402
f 8076 7760 7774
f 8076 7758 7760
f 3401 3403 3404
f 3404 3403 3738
f 3750 3738 3403
f 3750 3403 3721
f 8158 7758 8076
f 8158 7761 7758
f 3721 3752 3750
f 3758 3752 3721
f 7729 7761 8158
f 7729 7812 7761
f 3758 3755 3752
f 3736 3755 3758
f 7717 7812 7729
f 7717 7711 7812
f 3736 3878 3755
f 3755 3878 3885
f 3879 3885 3878
f 3879 3878 3010
f 7716 7711 7717
f 7716 7710 7711
f 3010 3003 3879
f 3000 3003 3010
f 7751 7710 7716
f 7751 7712 7710
f 3000 3002 3003
f 2999 3002 3000
f 8036 7712 7751
f 8036 7933 7712
f 2999 3004 3002
f 2996 3004 2999
f 7934 7959 7932
f 7933 7934 7932
f 8036 7934 7933
f 7959 7873 7932
f 3028 3029 3007
f 3029 2996 3007
f 3029 3004 2996
f 3006 3028 3007
f 7954 7959 7934
f 7954 7931 7959
f 7931 7873 7959
f 7931 7875 7873
f 3028 3026 3029
f 3022 3026 3028
f 3006 3022 3028
f 3019 3022 3006
f 7878 7875 7931
f 7878 7877 7875
f 3019 3018 3022
f 3017 3018 3019
f 7879 7877 7878
f 7879 7930 7877
f 25 3021 26
f 3021 3017 26
f 3021 3018 3017
f 24 25 26
f 7924 7930 7879
f 7924 7879 7927
f 7927 7918 7924
f 7924 7918 7922
f 4422 4417 25
f 4417 3021 25
f 4417 4418 3021
f 4422 25 24
f 7919 7922 7918
f 7919 7923 7922
f 4417 4854 4418
f 4836 4854 4417
f 7921 7923 7919
f 7921 8130 7923
f 4791 4787 4789
f 4789 4787 4788
f 4789 4854 4836
f 4789 4836 4791
f 7693 8130 7921
f 7693 7921 8132
f 8132 7677 7693
f 7693 7677 7659
f 4787 4786 4788
f 4782 4786 4787
f 7661 7659 7677
f 7661 7677 8068
f 8068 7672 7661
f 7661 7672 7663
f 4805 4801 4797
f 4778 4805 4797
f 4786 4778 4797
f 4782 4778 4786
f 7666 7663 7672
f 7666 7672 8075
f 8075 7676 7666
f 7666 7676 7667
f 4777 4810 4805
f 4810 4801 4805
f 4810 4817 4801
f 4777 4805 4778
f 7670 7667 7676
f 7670 7676 8040
f 7681 8040 6498
f 7681 7670 8040
f 6490 6498 6492
f 6490 7681 6498
f 6491 6492 6493
f 6491 6490 6492
f 6494 6493 6495
f 6494 6491 6493
f 4811 6495 4824
f 4811 6494 6495
f 4824 4817 4810
f 4824 4810 4811
f 4990 4986 4991
f 4990 4991 4994
f 4991 5102 5127
f 4986 5102 4991
f 5127 5237 5257
f 5102 5237 5127
f 5257 5557 5558
f 5237 5557 5257
f 5558 5642 4308
f 5557 5642 5558
f 4308 4269 4307
f 5642 4269 4308
f 4270 4307 4269
f 4270 4269 4254
f 7766 4992 4993
f 7766 4993 7781
f 4994 4993 4990
f 4990 4993 4992
f 4254 4229 4270
f 4270 4229 4222
f 4157 4222 4229
f 4157 4229 4128
f 7763 7764 7765
f 7763 7765 7767
f 7781 7765 7766
f 7766 7765 7764
f 4124 4156 4123
f 4156 4128 4123
f 4156 4157 4128
f 4122 4124 4123
f 7980 7763 7767
f 7980 7759 7763
f 4124 4125 4156
f 3402 4125 4124
f 4122 3402 4124
f 3400 3402 4122
f 7760 7759 7980
f 7760 7756 7759
f 3400 3401 3402
f 3232 3401 3400
f 7758 7756 7760
f 7758 7755 7756
f 3232 3227 3401
f 3401 3227 3403
f 3721 3403 3227
f 3721 3227 3225
f 7761 7755 7758
f 7761 7962 7755
f 3225 3758 3721
f 3224 3758 3225
f 7812 7962 7761
f 7812 7714 7962
f 3224 3736 3758
f 3228 3736 3224
f 7711 7714 7812
f 7711 7708 7714
f 3228 3859 3736
f 3736 3859 3878
f 3010 3878 3859
f 3010 3859 3001
f 7710 7708 7711
f 7710 7709 7708
f 3001 3000 3010
f 2998 3000 3001
f 7712 7709 7710
f 7712 8067 7709
f 2998 2999 3000
f 2994 2999 2998
f 7933 7874 7935
f 8067 7933 7935
f 7712 7933 8067
f 7874 7870 7935
f 2997 2996 2995
f 2996 2994 2995
f 2996 2999 2994
f 2970 2997 2995
f 7932 7874 7933
f 7932 7873 7874
f 7873 7870 7874
f 7873 7872 7870
f 2997 3007 2996
f 3006 3007 2997
f 2970 3006 2997
f 2971 3006 2970
f 7875 7872 7873
f 7875 7876 7872
f 2971 3019 3006
f 3020 3019 2971
f 7877 7876 7875
f 7877 8133 7876
f 4414 3017 4413
f 3017 3020 4413
f 3017 3019 3020
f 4412 4414 4413
f 7930 8133 7877
f 7930 8104 8133
f 4414 26 3017
f 24 26 4414
f 4412 24 4414
f 4415 24 4412
f 7925 8104 7930
f 7925 7930 7924
f 7924 7922 7925
f 7925 7922 7982
f 4423 4417 4422
f 4416 4423 4422
f 24 4416 4422
f 4415 4416 24
f 7923 7982 7922
f 7923 8160 7982
f 4768 4771 4423
f 4771 4417 4423
f 4771 4836 4417
f 4768 4423 4416
f 8130 7662 7678
f 8160 8130 7678
f 7923 8130 8160
f 7662 7657 7678
f 4785 4781 4791
f 4791 4781 4787
f 4791 4836 4771
f 4791 4771 4785
f 7693 7662 8130
f 7693 7659 7662
f 7659 7657 7662
f 7659 7655 7657
f 4781 4782 4787
f 4780 4782 4781
f 7660 7655 7659
f 7660 7659 7661
f 7661 7663 7660
f 7660 7663 7664
f 4780 4778 4782
f 4776 4778 4780
f 7665 7664 7663
f 7665 7663 7666
f 7666 7667 7665
f 7665 7667 7668
f 4775 4808 4777
f 4777 4808 4810
f 4777 4778 4776
f 4777 4776 4775
f 7669 7668 7667
f 7669 7667 7670
f 7673 7670 7681
f 7673 7669 7670
f 6489 7681 6490
f 6489 7673 7681
f 6487 6490 6491
f 6487 6489 6490
f 6500 6491 6494
f 6500 6487 6491
f 4812 6494 4811
f 4812 6500 6494
f 4811 4810 4808
f 4811 4808 4812
f 4982 4981 4986
f 4982 4986 4990
f 4986 5081 5102
f 4981 5081 4986
f 5102 5236 5237
f 5081 5236 5102
f 5237 5523 5557
f 5236 5523 5237
f 5557 5610 5642
f 5523 5610 5557
f 5642 4268 4269
f 5610 4268 5642
f 4254 4269 4268
f 4254 4268 4253
f 7462 8135 4992
f 7462 4992 7766
f 4990 4992 4982
f 4982 4992 8135
f 4253 4225 4254
f 4254 4225 4229
f 4128 4229 4225
f 4128 4225 4119
f 7762 7798 7764
f 7762 7764 7763
f 7766 7764 7462
f 7462 7764 7798
f 4119 4120 4128
f 4128 4120 4123
f 4122 4123 4120
f 4122 4120 4121
f 7759 7762 7763
f 7759 7757 7762
f 4121 3400 4122
f 3231 3400 4121
f 7756 7757 7759
f 7756 7754 7757
f 3226 3232 3229
f 3232 3231 3229
f 3232 3400 3231
f 3223 3226 3229
f 7755 7754 7756
f 7755 7752 7754
f 3226 3227 3232
f 3225 3227 3226
f 3223 3225 3226
f 3221 3225 3223
f 7962 7752 7755
f 7962 7707 7752
f 3221 3224 3225
f 3220 3224 3221
f 7714 7707 7962
f 7714 7705 7707
f 3237 3228 3236
f 3228 3220 3236
f 3228 3224 3220
f 3238 3237 3236
f 7708 7705 7714
f 7708 7704 7705
f 3237 3859 3228
f 3001 3859 3237
f 3238 3001 3237
f 3005 3001 3238
f 7709 7704 7708
f 7709 7713 7704
f 3005 2998 3001
f 2990 2998 3005
f 8067 7871 8176
f 7713 8067 8176
f 7709 8067 7713
f 7871 7869 8176
f 2990 2994 2998
f 2989 2994 2990
f 7935 7871 8067
f 7935 7870 7871
f 7870 7869 7871
f 7870 7868 7869
f 2989 2969 2994
f 2994 2969 2995
f 2970 2995 2969
f 2970 2969 2966
f 7872 7868 7870
f 7872 7957 7868
f 2966 2971 2970
f 2964 2971 2966
f 7876 7957 7872
f 7876 7946 7957
f 4411 3020 4407
f 3020 2964 4407
f 3020 2971 2964
f 4406 4411 4407
f 8133 7948 7945
f 7946 8133 7945
f 7876 8133 7946
f 7948 7939 7945
f 4411 4413 3020
f 4412 4413 4411
f 4406 4412 4411
f 4408 4412 4406
f 8104 8153 7948
f 8104 7948 8133
f 7939 7948 7940
f 7940 7948 8153
f 4408 4415 4412
f 4409 4415 4408
f 7925 8153 8104
f 7925 7982 8153
f 7982 7940 8153
f 7982 7942 7940
f 4409 4416 4415
f 4424 4416 4409
f 8160 7942 7982
f 8160 7944 7942
f 4738 4735 4768
f 4768 4735 4771
f 4768 4416 4424
f 4768 4424 4738
f 7658 7944 8160
f 7658 8160 7678
f 7678 7657 7658
f 7658 7657 7625
f 4783 4781 4785
f 4740 4783 4785
f 4771 4740 4785
f 4735 4740 4771
f 7655 7625 7657
f 7655 7620 7625
f 4784 4779 4783
f 4779 4781 4783
f 4779 4780 4781
f 4784 4783 4740
f 8081 7620 7655
f 8081 7655 7660
f 7660 7664 8081
f 8081 7664 7622
f 4779 4776 4780
f 4774 4776 4779
f 7674 7622 7664
f 7674 7664 7665
f 7665 7668 7674
f 7674 7668 8066
f 4773 4809 4775
f 4775 4809 4808
f 4775 4776 4774
f 4775 4774 4773
f 7671 8066 7668
f 7671 7668 7669
f 7675 7669 7673
f 7675 7671 7669
f 6488 7673 6489
f 6488 7675 7673
f 6501 6488 6486
f 6488 6487 6486
f 6488 6489 6487
f 6486 6487 6485
f 6487 7184 6485
f 6487 6500 7184
f 4866 6500 4812
f 4866 7184 6500
f 4812 4808 4809
f 4812 4809 4866
f 6484 6501 6486
f 6484 6486 6485
f 4980 4976 4981
f 4980 4981 4982
f 4981 5080 5081
f 4976 5080 4981
f 5081 5210 5236
f 5080 5210 5081
f 5236 5524 5523
f 5210 5524 5236
f 5523 5609 5610
f 5524 5609 5523
f 5610 4264 4268
f 5609 4264 5610
f 4253 4268 4264
f 4253 4264 4243
f 7461 7463 8135
f 7461 8135 7462
f 4982 8135 4980
f 4980 8135 7463
f 4243 4224 4253
f 4253 4224 4225
f 4119 4225 4224
f 4119 4224 4117
f 7762 7467 7798
f 7467 7460 7798
f 7460 7462 7798
f 7460 7461 7462
f 4117 4116 4119
f 4119 4116 4120
f 4121 4120 4116
f 4121 4116 3234
f 7785 7466 7467
f 7762 7785 7467
f 7757 7785 7762
f 7467 7466 7460
f 3234 3231 4121
f 3233 3231 3234
f 7754 7785 7757
f 7754 7753 7785
f 3233 3230 3231
f 3231 3230 3229
f 3223 3229 3230
f 3223 3230 3222
f 7752 7753 7754
f 7752 7715 7753
f 3222 3221 3223
f 3218 3221 3222
f 7707 7715 7752
f 7707 7706 7715
f 28 3220 29
f 3220 3218 29
f 3220 3221 3218
f 27 28 29
f 7705 7706 7707
f 7705 7688 7706
f 28 3236 3220
f 3238 3236 28
f 27 3238 28
f 3466 3238 27
f 7704 7687 7686
f 7688 7704 7686
f 7705 7704 7688
f 7687 7684 7686
f 3466 3005 3238
f 3256 3005 3466
f 7713 7975 7687
f 7713 7687 7704
f 7684 7687 7782
f 7782 7687 7975
f 3256 2990 3005
f 2987 2990 3256
f 8176 7975 7713
f 8176 7869 7975
f 7869 7782 7975
f 7869 7866 7782
f 2968 2989 2988
f 2989 2987 2988
f 2989 2990 2987
f 2967 2968 2988
f 7868 7866 7869
f 7868 7865 7866
f 2968 2969 2989
f 2966 2969 2968
f 2967 2966 2968
f 2965 2966 2967
f 7957 7865 7868
f 7957 7867 7865
f 2963 2964 2962
f 2964 2965 2962
f 2964 2966 2965
f 2959 2963 2962
f 7946 7867 7957
f 7946 7958 7867
f 2963 4407 2964
f 4406 4407 2963
f 2959 4406 2963
f 2941 4406 2959
f 7938 7958 7946
f 7938 7946 7945
f 7945 7939 7938
f 7938 7939 7937
f 2941 4408 4406
f 2940 4408 2941
f 7940 7937 7939
f 7940 7941 7937
f 2940 4409 4408
f 4410 4409 2940
f 7942 7941 7940
f 7942 7943 7941
f 4410 4424 4409
f 2956 4424 4410
f 7944 7973 7947
f 7943 7944 7947
f 7942 7944 7943
f 7973 7630 7947
f 4734 4735 4738
f 4719 4734 4738
f 4424 4719 4738
f 2956 4719 4424
f 7658 7973 7944
f 7658 7625 7973
f 7625 7630 7973
f 7625 7615 7630
f 4732 4733 4734
f 4733 4735 4734
f 4733 4740 4735
f 4732 4734 4719
f 7620 7626 7617
f 7615 7620 7617
f 7625 7620 7615
f 7626 7618 7617
f 4813 4779 4784
f 4737 4813 4784
f 4740 4737 4784
f 4733 4737 4740
f 8081 7626 7620
f 8081 7622 7626
f 7622 7618 7626
f 7622 7621 7618
f 4765 4767 4813
f 4767 4779 4813
f 4767 4774 4779
f 4765 4813 4737
f 7784 7621 7622
f 7784 7622 7674
f 7969 8152 8066
f 8152 7674 8066
f 8152 7784 7674
f 7969 8170 8152
f 4772 4867 4773
f 4773 4867 4809
f 4773 4774 4767
f 4773 4767 4772
f 7671 7969 8066
f 7963 8170 7969
f 7671 7963 7969
f 7675 7963 7671
f 7199 7675 6488
f 7199 7963 7675
f 6488 6501 7199
f 7199 6501 6482
f 6479 6483 7184
f 7184 6483 6485
f 4873 7184 4866
f 4873 6479 7184
f 4866 4809 4867
f 4866 4867 4873
f 6480 6482 6501
f 6480 6501 6484
f 6484 6485 6483
f 6484 6483 6480
f 4975 4974 4976
f 4975 4976 4980
f 4976 5023 5080
f 4974 5023 4976
f 5080 5196 5210
f 5023 5196 5080
f 5210 5294 5524
f 5196 5294 5210
f 5524 5577 5609
f 5294 5577 5524
f 5609 4290 4264
f 5577 4290 5609
f 4241 4242 4243
f 4264 4241 4243
f 4290 4241 4264
f 4198 4242 4241
f 7458 7455 7463
f 7458 7463 7461
f 4980 7463 4975
f 4975 7463 7455
f 4242 4224 4243
f 4118 4115 4117
f 4118 4117 4224
f 4198 4118 4224
f 4242 4198 4224
f 4111 4115 4118
f 7460 7458 7461
f 7460 7459 7458
f 4115 4116 4117
f 3234 4116 4115
f 4111 3234 4115
f 3235 3234 4111
f 7785 7469 7466
f 7469 7465 7466
f 7465 7460 7466
f 7465 7459 7460
f 3641 3233 3642
f 3233 3235 3642
f 3233 3234 3235
f 3644 3641 3642
f 7683 7470 7469
f 7785 7683 7469
f 7753 7683 7785
f 7469 7470 7465
f 3641 3230 3233
f 3222 3230 3641
f 3644 3222 3641
f 3241 3222 3644
f 7715 7683 7753
f 7715 7850 7683
f 3241 3218 3222
f 3219 3218 3241
f 7706 7974 8147
f 7850 7706 8147
f 7715 7706 7850
f 7974 7682 8147
f 3219 3205 3218
f 3218 3205 29
f 27 29 3205
f 27 3205 3203
f 7688 7685 7974
f 7688 7974 7706
f 7682 7974 7496
f 7496 7974 7685
f 3203 3466 27
f 3206 3466 3203
f 7686 7685 7688
f 7686 7684 7685
f 7684 7496 7685
f 7684 7533 7496
f 3206 3256 3466
f 3255 3256 3206
f 7782 7533 7684
f 7782 7976 7533
f 2983 2987 2984
f 2987 3255 2984
f 2987 3256 3255
f 2982 2983 2984
f 7866 7976 7782
f 7866 7864 7976
f 2983 2988 2987
f 2967 2988 2983
f 2982 2967 2983
f 2973 2967 2982
f 7865 7864 7866
f 7865 7862 7864
f 2973 2965 2967
f 2972 2965 2973
f 7867 7862 7865
f 7867 7860 7862
f 2972 2960 2965
f 2965 2960 2962
f 2959 2962 2960
f 2959 2960 2961
f 7958 7936 7859
f 7860 7958 7859
f 7867 7958 7860
f 7936 7858 7859
f 2961 2941 2959
f 2936 2941 2961
f 7938 7936 7958
f 7938 7937 7936
f 7937 7858 7936
f 7937 7971 7858
f 2936 2940 2941
f 2937 2940 2936
f 7941 7971 7937
f 7941 8137 7971
f 2937 4410 2940
f 2943 4410 2937
f 7943 8137 7941
f 7943 7614 8137
f 2943 2956 4410
f 2955 2956 2943
f 8064 7614 7943
f 8064 7943 7947
f 7947 7630 8064
f 8064 7630 7610
f 2955 4719 2956
f 4718 4719 2955
f 7615 7610 7630
f 7615 7613 7610
f 4729 4731 4732
f 4732 4731 4733
f 4732 4719 4718
f 4732 4718 4729
f 7616 7613 7615
f 7616 7615 7617
f 7617 7618 7616
f 7616 7618 7619
f 4731 4737 4733
f 4764 4737 4731
f 7621 7624 7623
f 7619 7621 7623
f 7618 7621 7619
f 7624 7631 7623
f 4766 4767 4765
f 4763 4766 4765
f 4737 4763 4765
f 4764 4763 4737
f 7784 7624 7621
f 7854 7631 7624
f 7784 7854 7624
f 8152 7854 7784
f 8152 8170 7854
f 7854 8170 7849
f 4875 4874 4772
f 4772 4874 4867
f 4772 4767 4766
f 4761 4772 4766
f 4875 4772 4761
f 4761 4766 4763
f 7965 7849 8170
f 7965 8170 7963
f 7964 7963 7199
f 7964 7965 7963
f 7199 6482 7964
f 7964 6482 7967
f 6478 6483 6479
f 6478 6479 6477
f 6479 7198 6477
f 6479 4873 7198
f 4873 4867 4874
f 4873 4874 7198
f 6481 7967 6482
f 6481 6482 6480
f 6480 6483 6478
f 6476 6480 6478
f 6481 6480 6476
f 6476 6478 6477
f 4973 4972 4974
f 4973 4974 4975
f 4974 5012 5023
f 4972 5012 4974
f 5023 5173 5196
f 5012 5173 5023
f 5196 5256 5294
f 5173 5256 5196
f 5294 5578 5577
f 5256 5578 5294
f 5577 4353 4290
f 5578 4353 5577
f 4290 4240 4241
f 4353 4240 4290
f 4198 4241 4240
f 4198 4240 4188
f 7457 7456 7455
f 7457 7455 7458
f 4975 7455 4973
f 4973 7455 7456
f 4188 4161 4198
f 4198 4161 4118
f 4111 4118 4161
f 4111 4161 4097
f 7459 7457 7458
f 7459 7468 7457
f 4097 3235 4111
f 3648 3235 4097
f 7465 7468 7459
f 7465 7960 7468
f 3648 3643 3235
f 3235 3643 3642
f 3644 3642 3643
f 3644 3643 3645
f 7683 7472 7470
f 7472 7471 7470
f 7471 7465 7470
f 7471 7960 7465
f 3645 3241 3644
f 3216 3241 3645
f 7850 7475 7472
f 7850 7472 7683
f 7471 7472 7473
f 7473 7472 7475
f 3204 3219 3207
f 3219 3216 3207
f 3219 3241 3216
f 3202 3204 3207
f 8147 7475 7850
f 8147 7682 7475
f 7682 7473 7475
f 7682 7477 7473
f 3204 3205 3219
f 3203 3205 3204
f 3202 3203 3204
f 3200 3203 3202
f 7496 7477 7682
f 7496 7479 7477
f 3200 3206 3203
f 3199 3206 3200
f 7533 7479 7496
f 7533 7535 7479
f 3199 3255 3206
f 3247 3255 3199
f 7976 7535 7533
f 7976 8169 7535
f 3247 2985 3255
f 3255 2985 2984
f 2982 2984 2985
f 2982 2985 2976
f 7864 8169 7976
f 7864 7863 8169
f 2976 2973 2982
f 2974 2973 2976
f 7862 7863 7864
f 7862 7861 7863
f 2974 2972 2973
f 2975 2972 2974
f 7860 30 32
f 7861 7860 32
f 7862 7860 7861
f 30 31 32
f 2975 2986 2972
f 2972 2986 2960
f 2961 2960 2986
f 2961 2986 2935
f 7859 30 7860
f 7859 7858 30
f 7858 31 30
f 7858 7654 31
f 2935 2936 2961
f 2934 2936 2935
f 7971 7654 7858
f 7971 7639 7654
f 2934 2937 2936
f 2938 2937 2934
f 8137 7639 7971
f 8137 7679 7639
f 2938 2943 2937
f 2939 2943 2938
f 7614 7611 7612
f 7679 7614 7612
f 8137 7614 7679
f 7611 7609 7612
f 2939 2955 2943
f 2954 2955 2939
f 8064 7611 7614
f 8064 7610 7611
f 7610 7609 7611
f 7610 7605 7609
f 2954 4718 2955
f 4717 4718 2954
f 7613 7605 7610
f 7613 7656 7605
f 4727 4728 4729
f 4729 4728 4731
f 4729 4718 4717
f 4729 4717 4727
f 8082 7656 7613
f 8082 7613 7616
f 7616 7619 8082
f 8082 7619 7691
f 4728 4764 4731
f 4762 4764 4728
f 7629 7691 7619
f 7629 7619 7623
f 7623 7631 7629
f 7629 7631 8123
f 4762 4763 4764
f 4760 4763 4762
f 7847 8123 7631
f 7847 7631 7854
f 7854 7849 7847
f 7847 7849 7844
f 4876 4874 4875
f 4876 4875 4883
f 4875 4759 4883
f 4875 4761 4759
f 4761 4763 4760
f 4761 4760 4759
f 8071 7844 7849
f 8071 7849 7965
f 7966 7965 7964
f 7966 8071 7965
f 7964 7967 7966
f 7966 7967 7968
f 6470 6474 6475
f 6477 7198 6475
f 7198 6470 6475
f 7198 6473 6470
f 7198 4874 4876
f 7157 7198 4876
f 6473 7198 7157
f 7157 4876 4883
f 6502 7968 7967
f 6502 7967 6481
f 6476 6475 6474
f 6502 6476 6474
f 6481 6476 6502
f 6475 6476 6477
f 5231 5230 5258
f 5587 5258 5230
f 4971 4970 4972
f 4971 4972 4973
f 4972 5004 5012
f 4970 5004 4972
f 5012 5106 5173
f 5004 5106 5012
f 5258 5256 5231
f 5256 5106 5231
f 5256 5173 5106
f 5587 5581 5258
f 5581 5256 5258
f 5581 5578 5256
f 5578 5599 4353
f 5581 5599 5578
f 4353 4236 4240
f 5599 4236 4353
f 4188 4240 4236
f 4188 4236 4189
f 7986 7464 7456
f 7986 7456 7457
f 4973 7456 4971
f 4971 7456 7464
f 4189 4170 4188
f 4188 4170 4161
f 4097 4161 4170
f 4097 4170 4096
f 7468 7986 7457
f 7468 7520 7986
f 3646 3648 3649
f 3648 4096 3649
f 3648 4097 4096
f 3647 3646 3649
f 7960 7520 7468
f 7960 7517 7520
f 3646 3643 3648
f 3645 3643 3646
f 3647 3645 3646
f 3217 3645 3647
f 7471 7517 7960
f 7471 7474 7517
f 3217 3216 3645
f 3214 3216 3217
f 7473 7474 7471
f 7473 7476 7474
f 3214 3208 3216
f 3216 3208 3207
f 3202 3207 3208
f 3202 3208 3201
f 7477 7476 7473
f 7477 7478 7476
f 3201 3200 3202
f 3194 3200 3201
f 7479 7478 7477
f 7479 7480 7478
f 3194 3199 3200
f 3197 3199 3194
f 7535 7480 7479
f 7535 7483 7480
f 2981 3247 2992
f 3247 3197 2992
f 3247 3199 3197
f 2978 2981 2992
f 8169 7483 7535
f 8169 7534 7483
f 2981 2985 3247
f 2976 2985 2981
f 2978 2976 2981
f 2977 2976 2978
f 7863 7534 8169
f 7863 8010 7534
f 2977 2974 2976
f 2979 2974 2977
f 7861 7949 8164
f 8010 7861 8164
f 7863 7861 8010
f 7949 7649 8164
f 4064 2975 2991
f 2975 2979 2991
f 2975 2974 2979
f 3119 4064 2991
f 32 7949 7861
f 32 31 7949
f 31 7649 7949
f 31 7641 7649
f 4064 2986 2975
f 2935 2986 4064
f 3119 2935 4064
f 2926 2935 3119
f 7654 7641 31
f 7654 7638 7641
f 2926 2934 2935
f 2925 2934 2926
f 7639 7638 7654
f 7639 7607 7638
f 2925 2938 2934
f 2931 2938 2925
f 7679 7607 7639
f 7679 7581 7607
f 2949 2939 2948
f 2939 2931 2948
f 2939 2938 2931
f 2950 2949 2948
f 8138 7581 7679
f 8138 7679 7612
f 7612 7609 8138
f 8138 7609 7577
f 2953 2954 2949
f 2949 2954 2939
f 2949 2950 2952
f 2949 2952 2953
f 7605 7577 7609
f 7605 7576 7577
f 4637 4716 2953
f 4716 2954 2953
f 4716 4717 2954
f 4637 2953 2952
f 7656 7635 7633
f 7576 7656 7633
f 7605 7656 7576
f 7635 7634 7633
f 4726 4728 4727
f 4715 4726 4727
f 4717 4715 4727
f 4716 4715 4717
f 8082 7635 7656
f 8082 7691 7635
f 7691 7634 7635
f 7691 7797 7634
f 4721 4730 4726
f 4730 4728 4726
f 4730 4762 4728
f 4721 4726 4715
f 8095 7797 7691
f 8095 7691 7629
f 7629 8123 8095
f 8095 8123 7848
f 4730 4760 4762
f 4758 4760 4730
f 7824 7848 8123
f 7824 8123 7847
f 7847 7844 7824
f 7824 7844 7823
f 4745 4885 4759
f 4759 4885 4883
f 4759 4760 4758
f 4759 4758 4745
f 7845 7823 7844
f 7845 7844 8071
f 8163 8071 7966
f 8163 7845 8071
f 7966 7968 8163
f 8163 7968 7970
f 6471 6474 6470
f 6471 6470 6469
f 6470 6465 6469
f 6470 6473 6465
f 6472 6473 7157
f 6472 6465 6473
f 7157 4883 4885
f 7157 4885 6472
f 7208 7970 7968
f 7208 7968 6502
f 6502 6474 6471
f 7207 6502 6471
f 7208 6502 7207
f 7207 6471 6469
f 5202 5229 5230
f 5202 5230 5231
f 5311 5600 5587
f 5230 5311 5587
f 5229 5311 5230
f 5689 5600 5311
f 4934 4969 4970
f 4934 4970 4971
f 4970 4977 5004
f 4969 4977 4970
f 5004 5100 5106
f 4977 5100 5004
f 5231 5106 5202
f 5202 5106 5100
f 5600 5581 5587
f 5689 5640 5600
f 5640 5581 5600
f 5640 5599 5581
f 5599 4237 4236
f 5640 4237 5599
f 4189 4236 4237
f 4189 4237 4191
f 7986 8174 7464
f 8174 4935 7464
f 4935 4971 7464
f 4935 4934 4971
f 4191 4190 4189
f 4189 4190 4170
f 4096 4170 4190
f 4096 4190 4095
f 7519 7532 8174
f 7986 7519 8174
f 7520 7519 7986
f 8174 7532 4935
f 4095 3650 4096
f 4096 3650 3649
f 3647 3649 3650
f 3647 3650 4085
f 7517 7519 7520
f 7517 7518 7519
f 4085 3217 3647
f 3213 3217 4085
f 7474 7518 7517
f 7474 7853 7518
f 3209 3214 3211
f 3214 3213 3211
f 3214 3217 3213
f 3210 3209 3211
f 7476 7853 7474
f 7476 7486 7853
f 3209 3208 3214
f 3201 3208 3209
f 3210 3201 3209
f 3195 3201 3210
f 7478 7486 7476
f 7478 7481 7486
f 3195 3194 3201
f 3190 3194 3195
f 7480 7481 7478
f 7480 7482 7481
f 3198 3197 3189
f 3197 3190 3189
f 3197 3194 3190
f 3183 3198 3189
f 7483 7482 7480
f 7483 7484 7482
f 3198 2992 3197
f 2978 2992 3198
f 3183 2978 3198
f 2993 2978 3183
f 7534 7484 7483
f 7534 7490 7484
f 2993 2977 2978
f 2980 2977 2993
f 8010 7978 7979
f 7490 8010 7979
f 7534 8010 7490
f 7978 7652 7979
f 4062 2979 4063
f 2979 2980 4063
f 2979 2977 2980
f 3118 4062 4063
f 8164 7978 8010
f 8164 7649 7978
f 7649 7652 7978
f 7649 7642 7652
f 4062 2991 2979
f 3119 2991 4062
f 3118 3119 4062
f 3117 3119 3118
f 7641 7642 7649
f 7641 7640 7642
f 3117 2926 3119
f 2923 2926 3117
f 7638 7640 7641
f 7638 7637 7640
f 2923 2925 2926
f 2922 2925 2923
f 7607 7637 7638
f 7607 7606 7637
f 2932 2931 2930
f 2931 2922 2930
f 2931 2925 2922
f 2951 2932 2930
f 7581 7579 7580
f 7606 7581 7580
f 7607 7581 7606
f 7579 7578 7580
f 2932 2948 2931
f 2950 2948 2932
f 2951 2950 2932
f 2957 2950 2951
f 8138 7579 7581
f 8138 7577 7579
f 7577 7578 7579
f 7577 7575 7578
f 2957 2952 2950
f 2958 2952 2957
f 7576 7575 7577
f 7576 7574 7575
f 4634 4713 4637
f 4637 4713 4716
f 4637 2952 2958
f 4637 2958 4634
f 7632 7574 7576
f 7632 7576 7633
f 7633 7634 7632
f 7632 7634 7627
f 4713 4715 4716
f 4714 4715 4713
f 7797 8155 7950
f 7627 7797 7950
f 7634 7797 7627
f 8155 7984 7950
f 4739 4736 4721
f 4721 4736 4730
f 4721 4715 4714
f 4721 4714 4739
f 8095 8155 7797
f 8095 7848 8155
f 7848 7984 8155
f 7848 7816 7984
f 4736 4758 4730
f 4742 4758 4736
f 7821 7816 7848
f 7821 7848 7824
f 7824 7823 7821
f 7821 7823 7822
f 4744 6504 4745
f 4745 6504 4885
f 4745 4758 4742
f 4745 4742 4744
f 7825 7822 7823
f 7825 7823 7845
f 7828 7845 8163
f 7828 7825 7845
f 8163 7970 7828
f 7828 7970 7972
f 6464 6466 6465
f 6465 6466 6469
f 6463 6465 6472
f 6463 6464 6465
f 6472 4885 6504
f 6472 6504 6463
f 7209 7972 7970
f 7209 7970 7208
f 6468 7208 7207
f 6468 7209 7208
f 7207 6469 6466
f 7207 6466 6468
f 5077 5122 5130
f 5229 5202 5130
f 5122 5229 5130
f 5238 5229 5122
f 5229 5273 5311
f 5238 5273 5229
f 5621 5690 5689
f 5311 5621 5689
f 5273 5621 5311
f 5731 5690 5621
f 4934 4932 4969
f 4969 4932 4936
f 4963 4969 4936
f 4977 4969 4963
f 5130 5100 5077
f 5100 4963 5077
f 5100 4977 4963
f 5100 5130 5202
f 5690 5640 5689
f 5731 4238 5690
f 4238 5640 5690
f 4238 4237 5640
f 4193 4192 4191
f 4237 4193 4191
f 4238 4193 4237
f 4194 4192 4193
f 4930 4931 4932
f 4934 4930 4932
f 4935 4930 4934
f 4932 4931 4936
f 4192 4190 4191
f 4095 4190 4192
f 4194 4095 4192
f 4092 4095 4194
f 7521 7703 7532
f 7521 7532 7519
f 4935 7532 4930
f 4930 7532 7703
f 4092 4090 4095
f 4095 4090 3650
f 4085 3650 4090
f 4085 4090 4084
f 7518 7521 7519
f 7518 7522 7521
f 4084 3213 4085
f 3215 3213 4084
f 7853 7522 7518
f 7853 7524 7522
f 3215 3212 3213
f 3213 3212 3211
f 3210 3211 3212
f 3210 3212 3239
f 7486 7524 7853
f 7486 8073 7524
f 3239 3195 3210
f 3182 3195 3239
f 7481 8073 7486
f 7481 7497 8073
f 3188 3190 3181
f 3190 3182 3181
f 3190 3195 3182
f 3178 3188 3181
f 7482 7497 7481
f 7482 7485 7497
f 3188 3189 3190
f 3183 3189 3188
f 3178 3183 3188
f 3177 3183 3178
f 7484 7485 7482
f 7484 7487 7485
f 3177 2993 3183
f 3242 2993 3177
f 7490 8175 7494
f 7487 7490 7494
f 7484 7490 7487
f 8175 7648 7494
f 3242 2980 2993
f 3191 2980 3242
f 7979 8175 7490
f 7979 7652 8175
f 7652 7648 8175
f 7652 7644 7648
f 3191 3193 2980
f 2980 3193 4063
f 3118 4063 3193
f 3118 3193 3116
f 7642 7644 7652
f 7642 7643 7644
f 3116 3117 3118
f 2927 3117 3116
f 7640 7643 7642
f 7640 7651 7643
f 2927 2923 3117
f 2921 2923 2927
f 7637 7651 7640
f 7637 8011 7651
f 2921 2922 2923
f 35 2922 2921
f 7606 7796 7814
f 8011 7606 7814
f 7637 7606 8011
f 7796 8126 7814
f 35 34 2922
f 2922 34 2930
f 2951 2930 34
f 2951 34 3380
f 7580 7796 7606
f 7580 7578 7796
f 7578 8126 7796
f 7578 7636 8126
f 3380 2957 2951
f 3855 2957 3380
f 7575 7636 7578
f 7575 7571 7636
f 3855 2958 2957
f 3965 2958 3855
f 7574 7956 7573
f 7571 7574 7573
f 7575 7574 7571
f 7956 7582 7573
f 4635 4713 4634
f 4633 4635 4634
f 2958 4633 4634
f 3965 4633 2958
f 7632 7956 7574
f 7632 7627 7956
f 7627 7582 7956
f 7627 7584 7582
f 4712 4711 4635
f 4711 4713 4635
f 4711 4714 4713
f 4712 4635 4633
f 7587 7584 7627
f 7587 7627 7950
f 7950 7984 7587
f 7587 7984 7608
f 4769 4741 4739
f 4739 4741 4736
f 4739 4714 4711
f 4739 4711 4769
f 7816 7608 7984
f 7816 7815 7608
f 4741 4742 4736
f 4743 4742 4741
f 7818 7815 7816
f 7818 7816 7821
f 7821 7822 7818
f 7818 7822 7846
f 4746 6458 4744
f 4744 6458 6504
f 4744 4742 4743
f 4744 4743 4746
f 7826 7846 7822
f 7826 7822 7825
f 7827 7825 7828
f 7827 7826 7825
f 6507 6459 7972
f 6459 7828 7972
f 6459 7827 7828
f 6507 6460 6459
f 7244 6467 6464
f 6464 6467 6466
f 6457 6464 6463
f 6457 7244 6464
f 6463 6504 6458
f 6463 6458 6457
f 7209 6507 7972
f 7279 6460 6507
f 7209 7279 6507
f 6468 7279 7209
f 6468 6466 6467
f 6468 6467 7279
f 5017 5094 5122
f 5017 5122 5077
f 5122 5191 5238
f 5094 5191 5122
f 5238 5274 5273
f 5191 5274 5238
f 5273 5570 5621
f 5274 5570 5273
f 5731 5621 5570
f 5731 5570 5739
f 4938 4962 4963
f 4938 4963 4936
f 5077 4963 5017
f 5017 4963 4962
f 5739 4315 5731
f 5731 4315 4238
f 4238 4196 4193
f 4315 4196 4238
f 4194 4193 4196
f 4194 4196 4151
f 4933 4937 4931
f 4933 4931 4930
f 4936 4931 4938
f 4938 4931 4937
f 4091 4092 4093
f 4092 4151 4093
f 4092 4194 4151
f 4083 4091 4093
f 7521 7526 7703
f 7526 7528 7703
f 7528 4930 7703
f 7528 4933 4930
f 4091 4090 4092
f 4084 4090 4091
f 4083 4084 4091
f 4076 4084 4083
f 7523 7527 7526
f 7521 7523 7526
f 7522 7523 7521
f 7526 7527 7528
f 4099 3215 4077
f 3215 4076 4077
f 3215 4084 4076
f 4082 4099 4077
f 7524 7523 7522
f 7524 7525 7523
f 4099 3212 3215
f 3239 3212 4099
f 4082 3239 4099
f 3240 3239 4082
f 8073 7525 7524
f 8073 8009 7525
f 3240 3182 3239
f 3186 3182 3240
f 7497 8009 8073
f 7497 7489 8009
f 3186 3180 3182
f 3182 3180 3181
f 3178 3181 3180
f 3178 3180 3107
f 7485 7489 7497
f 7485 7488 7489
f 3107 3177 3178
f 3106 3177 3107
f 7487 8168 7491
f 7488 7487 7491
f 7485 7487 7488
f 8168 7702 7491
f 3106 3242 3177
f 3096 3242 3106
f 7494 8168 7487
f 7494 7648 8168
f 7648 7702 8168
f 7648 7646 7702
f 3192 3191 3098
f 3191 3096 3098
f 3191 3242 3096
f 3100 3192 3098
f 7644 7646 7648
f 7644 7645 7646
f 3192 3193 3191
f 3116 3193 3192
f 3100 3116 3192
f 3115 3116 3100
f 7643 7645 7644
f 7643 7650 7645
f 3115 2927 3116
f 2928 2927 3115
f 7651 7650 7643
f 7651 7953 7650
f 2928 2921 2927
f 2924 2921 2928
f 8011 8085 8087
f 7953 8011 8087
f 7651 8011 7953
f 8085 8150 8087
f 33 35 2942
f 35 2924 2942
f 35 2921 2924
f 3378 33 2942
f 7814 8085 8011
f 7814 8126 8085
f 8126 8150 8085
f 8126 8121 8150
f 33 34 35
f 3380 34 33
f 3378 3380 33
f 3379 3380 3378
f 7636 8121 8126
f 7636 7570 8121
f 3379 3855 3380
f 3892 3855 3379
f 7571 7570 7636
f 7571 7569 7570
f 3892 3965 3855
f 3961 3965 3892
f 7572 7569 7571
f 7572 7571 7573
f 7573 7582 7572
f 7572 7582 7583
f 3961 4633 3965
f 4632 4633 3961
f 7584 7583 7582
f 7584 7585 7583
f 4708 4709 4712
f 4712 4709 4711
f 4712 4633 4632
f 4712 4632 4708
f 7586 7585 7584
f 7586 7584 7587
f 7587 7608 7586
f 7586 7608 7589
f 4770 4741 4769
f 4710 4770 4769
f 4711 4710 4769
f 4709 4710 4711
f 7815 7819 8072
f 7589 7815 8072
f 7608 7815 7589
f 7819 7820 8072
f 4757 4747 4770
f 4747 4741 4770
f 4747 4743 4741
f 4757 4770 4710
f 7818 7819 7815
f 7830 7985 7846
f 7846 7985 7818
f 7985 7820 7818
f 7820 7819 7818
f 7830 7831 7985
f 4748 6456 4746
f 4746 6456 6458
f 4746 4743 4747
f 4746 4747 4748
f 7826 7830 7846
f 7829 7831 7830
f 7826 7829 7830
f 7827 7829 7826
f 6451 7827 6459
f 6451 7829 7827
f 6461 6450 6460
f 6450 6459 6460
f 6450 6451 6459
f 6467 7244 6461
f 7244 6450 6461
f 7244 6454 6450
f 6453 7244 6457
f 6453 6454 7244
f 6457 6458 6456
f 6457 6456 6453
f 7279 6461 6460
f 6461 7279 6467
f 5014 5079 5094
f 5014 5094 5017
f 5094 5132 5191
f 5079 5132 5094
f 5191 5264 5274
f 5132 5264 5191
f 5274 5548 5570
f 5264 5548 5274
f 4352 4330 5739
f 5570 4352 5739
f 5548 4352 5570
f 4329 4330 4352
f 4947 4961 4962
f 4947 4962 4938
f 5017 4962 5014
f 5014 4962 4961
f 4330 4315 5739
f 4329 4226 4330
f 4226 4315 4330
f 4226 4196 4315
f 4151 4196 4226
f 4151 4226 4150
f 4941 4940 4937
f 4941 4937 4933
f 4938 4937 4947
f 4947 4937 4940
f 4150 4094 4151
f 4151 4094 4093
f 4083 4093 4094
f 4083 4094 4081
f 7528 4941 4933
f 7528 7529 4941
f 4081 4076 4083
f 4067 4076 4081
f 7531 7530 7527
f 7531 7527 7523
f 7528 7527 7529
f 7529 7527 7530
f 4067 4066 4076
f 4076 4066 4077
f 4082 4077 4066
f 4082 4066 4080
f 7525 7531 7523
f 7525 8166 7531
f 4080 3240 4082
f 3185 3240 4080
f 8009 8166 7525
f 8009 8080 8166
f 3179 3186 3184
f 3186 3185 3184
f 3186 3240 3185
f 3108 3179 3184
f 7489 8080 8009
f 7489 7495 8080
f 3179 3180 3186
f 3107 3180 3179
f 3108 3107 3179
f 3105 3107 3108
f 7488 7495 7489
f 7488 7493 7495
f 3105 3106 3107
f 3091 3106 3105
f 7492 7493 7488
f 7492 7488 7491
f 7491 7702 7492
f 7492 7702 7500
f 3097 3096 3095
f 3096 3091 3095
f 3096 3106 3091
f 3099 3097 3095
f 7646 7500 7702
f 7646 7647 7500
f 3097 3098 3096
f 3100 3098 3097
f 3099 3100 3097
f 3114 3100 3099
f 7645 7647 7646
f 7645 7653 7647
f 3114 3115 3100
f 2933 3115 3114
f 7650 7653 7645
f 7650 8069 7653
f 2933 2928 3115
f 2929 2928 2933
f 7953 8069 7650
f 7953 7562 8069
f 2944 2924 2945
f 2924 2929 2945
f 2924 2928 2929
f 3360 2944 2945
f 7983 7562 7953
f 7983 7953 8087
f 8087 8150 7983
f 7983 8150 8102
f 2944 2942 2924
f 3378 2942 2944
f 3360 3378 2944
f 3361 3378 3360
f 8121 8102 8150
f 8121 8129 8102
f 3361 3379 3378
f 3581 3379 3361
f 7570 8129 8121
f 7570 7567 8129
f 3581 3892 3379
f 3880 3892 3581
f 7569 7567 7570
f 7569 7568 7567
f 3880 3961 3892
f 3968 3961 3880
f 7701 7568 7569
f 7701 7569 7572
f 7572 7583 7701
f 7701 7583 8098
f 3968 4632 3961
f 4631 4632 3968
f 7585 8098 7583
f 7585 7604 8098
f 4707 4705 4708
f 4708 4705 4709
f 4708 4632 4631
f 4708 4631 4707
f 7588 7604 7585
f 7588 7585 7586
f 7586 7589 7588
f 7588 7589 7590
f 4705 4710 4709
f 4706 4710 4705
f 7597 7590 7589
f 7597 7589 8072
f 8072 7820 7597
f 7597 7820 8092
f 4725 4750 4757
f 4757 4750 4747
f 4757 4710 4706
f 4757 4706 4725
f 7834 8092 7820
f 7834 7820 7985
f 7985 7831 7834
f 7834 7831 7833
f 4751 6456 4748
f 4749 4751 4748
f 4747 4749 4748
f 4750 4749 4747
f 7832 7833 7831
f 7832 7831 7829
f 7843 7829 6451
f 7843 7832 7829
f 6449 6451 6450
f 6449 7843 6451
f 6448 6450 6454
f 6448 6449 6450
f 6452 6454 6453
f 6452 6448 6454
f 6453 6456 4751
f 4752 6453 4751
f 6452 6453 4752
f 4752 4751 4749
f 5006 5078 5079
f 5006 5079 5014
f 5079 5133 5132
f 5078 5133 5079
f 5132 5239 5264
f 5133 5239 5132
f 5264 5316 5548
f 5239 5316 5264
f 5548 4347 4352
f 5316 4347 5548
f 4329 4352 4347
f 4329 4347 4328
f 4946 4954 4961
f 4946 4961 4947
f 5014 4961 5006
f 5006 4961 4954
f 4328 4227 4329
f 4329 4227 4226
f 4150 4226 4227
f 4150 4227 4152
f 4939 4942 4940
f 4939 4940 4941
f 4947 4940 4946
f 4946 4940 4942
f 4152 4148 4150
f 4150 4148 4094
f 4081 4094 4148
f 4081 4148 4069
f 7529 4939 4941
f 7529 7690 4939
f 4065 4067 4068
f 4067 4069 4068
f 4067 4081 4069
f 4079 4065 4068
f 8154 7987 7530
f 8154 7530 7531
f 7529 7530 7690
f 7690 7530 7987
f 4065 4066 4067
f 4080 4066 4065
f 4079 4080 4065
f 3127 4080 4079
f 8166 8154 7531
f 8166 8003 8154
f 3127 3185 4080
f 3123 3185 3127
f 8080 8003 8166
f 8080 8002 8003
f 3123 3124 3185
f 3185 3124 3184
f 3108 3184 3124
f 3108 3124 3103
f 7495 8002 8080
f 7495 8079 8002
f 3103 3105 3108
f 3090 3105 3103
f 7493 8079 7495
f 7493 7499 8079
f 3090 3091 3105
f 3089 3091 3090
f 7498 7499 7493
f 7498 7493 7492
f 7492 7500 7498
f 7498 7500 8088
f 3089 3092 3091
f 3091 3092 3095
f 3099 3095 3092
f 3099 3092 3110
f 7647 8088 7500
f 7647 8008 8088
f 3110 3114 3099
f 3126 3114 3110
f 7653 8008 7647
f 7653 7563 8008
f 3126 2933 3114
f 3169 2933 3126
f 8069 7563 7653
f 8069 7556 7563
f 2946 2929 2947
f 2929 3169 2947
f 2929 2933 3169
f 3359 2946 2947
f 7562 7556 8069
f 7562 7545 7556
f 2946 2945 2929
f 3360 2945 2946
f 3359 3360 2946
f 3358 3360 3359
f 7547 7545 7562
f 7547 7562 7983
f 7983 8102 7547
f 7547 8102 7555
f 3358 3361 3360
f 3370 3361 3358
f 8129 7555 8102
f 8129 7554 7555
f 3370 3581 3361
f 3857 3581 3370
f 7567 7554 8129
f 7567 7558 7554
f 3640 3880 3639
f 3880 3857 3639
f 3880 3581 3857
f 3636 3640 3639
f 7568 7698 7680
f 7558 7568 7680
f 7567 7568 7558
f 7698 7699 7680
f 3970 3968 3640
f 3640 3968 3880
f 3640 3636 3969
f 3640 3969 3970
f 7701 7698 7568
f 7701 8098 7698
f 8098 7699 7698
f 8098 8122 7699
f 4625 4630 3970
f 4630 3968 3970
f 4630 4631 3968
f 4625 3970 3969
f 7604 8122 8098
f 7604 8172 8122
f 4704 4705 4707
f 4629 4704 4707
f 4631 4629 4707
f 4630 4629 4631
f 7591 8172 7604
f 7591 7604 7588
f 7588 7590 7591
f 7591 7590 7592
f 4657 4655 4704
f 4655 4705 4704
f 4655 4706 4705
f 4657 4704 4629
f 7593 7592 7590
f 7593 7590 7597
f 7597 8092 7593
f 7593 8092 7839
f 4724 4753 4725
f 4725 4753 4750
f 4725 4706 4655
f 4725 4655 4724
f 7835 7839 8092
f 7835 8092 7834
f 7834 7833 7835
f 7835 7833 7836
f 4753 4749 4750
f 4754 4749 4753
f 7837 7836 7833
f 7837 7833 7832
f 7981 7832 7843
f 7981 7837 7832
f 8128 7843 6449
f 8128 7981 7843
f 6446 6449 6448
f 6446 8128 6449
f 6447 6448 6452
f 6447 6446 6448
f 4756 6452 4752
f 4756 6447 6452
f 4752 4749 4754
f 4752 4754 4756
f 5009 5040 5078
f 5009 5078 5006
f 5078 5151 5133
f 5040 5151 5078
f 5133 5174 5239
f 5151 5174 5133
f 5239 5297 5316
f 5174 5297 5239
f 5316 4338 4347
f 5297 4338 5316
f 4328 4347 4338
f 4328 4338 4324
f 4945 4953 4954
f 4945 4954 4946
f 5006 4954 5009
f 5009 4954 4953
f 4324 4239 4328
f 4328 4239 4227
f 4153 4149 4152
f 4227 4153 4152
f 4239 4153 4227
f 4154 4149 4153
f 4943 4944 4942
f 4943 4942 4939
f 4946 4942 4945
f 4945 4942 4944
f 4149 4148 4152
f 4069 4148 4149
f 4154 4069 4149
f 4071 4069 4154
f 7690 4943 4939
f 7690 7988 4943
f 4071 4070 4069
f 4069 4070 4068
f 4079 4068 4070
f 4079 4070 4078
f 8007 7989 7987
f 8007 7987 8154
f 7690 7987 7988
f 7988 7987 7989
f 4078 3127 4079
f 3125 3127 4078
f 8003 8007 8154
f 8003 7997 8007
f 3120 3123 3121
f 3123 3125 3121
f 3123 3127 3125
f 3104 3120 3121
f 8002 7997 8003
f 8002 8001 7997
f 3120 3124 3123
f 3103 3124 3120
f 3104 3103 3120
f 3102 3103 3104
f 8079 8001 8002
f 8079 7514 8001
f 3102 3090 3103
f 3077 3090 3102
f 7499 7514 8079
f 7499 7503 7514
f 3088 3089 3087
f 3089 3077 3087
f 3089 3090 3077
f 3086 3088 3087
f 7499 7498 7501
f 7502 7499 7501
f 7503 7499 7502
f 8088 7501 7498
f 3088 3092 3089
f 3110 3092 3088
f 3086 3110 3088
f 3109 3110 3086
f 7564 7502 7501
f 7501 8088 7564
f 8088 8161 7564
f 8088 8008 8161
f 3109 3126 3110
f 3168 3126 3109
f 7563 8161 8008
f 7563 7560 8161
f 3168 3169 3126
f 3375 3169 3168
f 7556 7560 7563
f 7556 7544 7560
f 3375 3362 3169
f 3169 3362 2947
f 3359 2947 3362
f 3359 3362 3357
f 7545 7544 7556
f 7545 7543 7544
f 3357 3358 3359
f 3352 3358 3357
f 7546 7543 7545
f 7546 7545 7547
f 7547 7555 7546
f 7546 7555 7549
f 3352 3370 3358
f 3354 3370 3352
f 7554 7549 7555
f 7554 7553 7549
f 3637 3857 3638
f 3857 3354 3638
f 3857 3370 3354
f 3634 3637 3638
f 7558 7553 7554
f 7558 7559 7553
f 3637 3639 3857
f 3636 3639 3637
f 3634 3636 3637
f 3635 3636 3634
f 38 7559 7558
f 38 7558 7680
f 7680 7699 38
f 38 7699 36
f 3635 3969 3636
f 3971 3969 3635
f 8122 36 7699
f 8122 8139 36
f 4623 4626 4625
f 4625 4626 4630
f 4625 3969 3971
f 4625 3971 4623
f 8172 8139 8122
f 8172 7689 8139
f 4626 4629 4630
f 4628 4629 4626
f 7594 7689 8172
f 7594 8172 7591
f 7591 7592 7594
f 7594 7592 7595
f 4659 4653 4657
f 4657 4653 4655
f 4657 4629 4628
f 4657 4628 4659
f 8074 7595 7592
f 8074 7592 7593
f 7593 7839 8074
f 8074 7839 7840
f 4656 4753 4724
f 4652 4656 4724
f 4655 4652 4724
f 4653 4652 4655
f 7838 7840 7839
f 7838 7839 7835
f 7835 7836 7838
f 7838 7836 7841
f 4651 4755 4656
f 4755 4753 4656
f 4755 4754 4753
f 4651 4656 4652
f 8136 7841 7836
f 8136 7836 7837
f 8106 7837 7981
f 8106 8136 7837
f 8107 7981 8128
f 8107 8106 7981
f 6444 8128 6446
f 6444 8107 8128
f 6445 6446 6447
f 6445 6444 6446
f 4814 6447 4756
f 4814 6445 6447
f 4756 4754 4755
f 4756 4755 4814
f 5005 5039 5040
f 5005 5040 5009
f 5040 5123 5151
f 5039 5123 5040
f 5151 5193 5174
f 5123 5193 5151
f 5174 5298 5297
f 5193 5298 5174
f 5297 5601 4338
f 5298 5601 5297
f 4323 4263 4324
f 4338 4323 4324
f 5601 4323 4338
f 4261 4263 4323
f 4948 4952 4953
f 4948 4953 4945
f 5009 4953 5005
f 5005 4953 4952
f 4263 4239 4324
f 4261 4169 4263
f 4169 4239 4263
f 4169 4153 4239
f 4154 4153 4169
f 4154 4169 4086
f 4949 4950 4944
f 4949 4944 4943
f 4945 4944 4948
f 4948 4944 4950
f 4086 4071 4154
f 4073 4071 4086
f 7991 7992 7990
f 7992 4949 7990
f 4949 7988 7990
f 4949 4943 7988
f 4073 4072 4071
f 4071 4072 4070
f 4078 4070 4072
f 4078 4072 3680
f 7991 7990 7989
f 8007 7991 7989
f 7994 7991 8007
f 7989 7990 7988
f 3680 3125 4078
f 3679 3125 3680
f 7997 7994 8007
f 7997 7996 7994
f 3679 3122 3125
f 3125 3122 3121
f 3104 3121 3122
f 3104 3122 3112
f 8001 7996 7997
f 8001 8167 7996
f 3112 3102 3104
f 3074 3102 3112
f 7514 8167 8001
f 7514 7565 8167
f 3074 3077 3102
f 3075 3077 3074
f 7503 7565 7514
f 7503 7504 7565
f 3075 3084 3077
f 3077 3084 3087
f 3086 3087 3084
f 3086 3084 3085
f 7502 7504 7503
f 7502 7505 7504
f 3085 3109 3086
f 3131 3109 3085
f 7502 7564 7515
f 7509 7502 7515
f 7505 7502 7509
f 8161 7515 7564
f 3131 3168 3109
f 3376 3168 3131
f 8159 7509 7515
f 7515 8161 8159
f 8161 7566 8159
f 8161 7560 7566
f 3363 3375 3366
f 3375 3376 3366
f 3375 3168 3376
f 3364 3363 3366
f 7544 7566 7560
f 7544 7540 7566
f 3363 3362 3375
f 3357 3362 3363
f 3364 3357 3363
f 3350 3357 3364
f 7543 7540 7544
f 7543 7542 7540
f 3350 3352 3357
f 3349 3352 3350
f 7543 7546 7548
f 7557 7543 7548
f 7542 7543 7557
f 7549 7548 7546
f 3369 3354 3355
f 3354 3349 3355
f 3354 3352 3349
f 3368 3369 3355
f 7550 7557 7548
f 7548 7549 7550
f 7549 7551 7550
f 7549 7553 7551
f 3369 3638 3354
f 3634 3638 3369
f 3368 3634 3369
f 3397 3634 3368
f 7559 7551 7553
f 7559 8078 7551
f 3397 3635 3634
f 3689 3635 3397
f 7559 38 37
f 7852 7559 37
f 8078 7559 7852
f 36 37 38
f 3689 3971 3635
f 3989 3971 3689
f 7697 7852 37
f 37 36 7697
f 36 7603 7697
f 36 8139 7603
f 4624 4626 4623
f 4616 4624 4623
f 3971 4616 4623
f 3989 4616 3971
f 7689 7603 8139
f 7689 7600 7603
f 4636 4627 4624
f 4627 4626 4624
f 4627 4628 4626
f 4636 4624 4616
f 7596 7600 7689
f 7596 7689 7594
f 7594 7595 7596
f 7596 7595 7598
f 4658 4653 4659
f 4638 4658 4659
f 4628 4638 4659
f 4627 4638 4628
f 7628 7598 7595
f 7628 7595 8074
f 8074 7840 7628
f 7628 7840 8105
f 4643 4645 4658
f 4645 4653 4658
f 4645 4652 4653
f 4643 4658 4638
f 7842 8105 7840
f 7842 7840 7838
f 7838 7841 7842
f 7842 7841 8127
f 44 43 4651
f 4651 43 4755
f 4651 4652 4645
f 4651 4645 44
f 8109 8127 7841
f 8109 7841 8136
f 8108 8136 8106
f 8108 8109 8136
f 6441 8106 8107
f 6441 8108 8106
f 6440 8107 6444
f 6440 6441 8107
f 6443 6444 6445
f 6443 6440 6444
f 6455 6445 4814
f 6455 6443 6445
f 4814 4755 43
f 4814 43 6455
f 4987 5038 5039
f 4987 5039 5005
f 5039 5124 5123
f 5038 5124 5039
f 5123 5180 5193
f 5124 5180 5123
f 5193 5267 5298
f 5180 5267 5193
f 5298 5569 5601
f 5267 5569 5298
f 5601 4318 4323
f 5569 4318 5601
f 4261 4323 4318
f 4261 4318 4262
f 4951 4964 4952
f 4951 4952 4948
f 5005 4952 4987
f 4987 4952 4964
f 4262 4195 4261
f 4261 4195 4169
f 4086 4169 4195
f 4086 4195 4087
f 4957 4955 4950
f 4957 4950 4949
f 4948 4950 4951
f 4951 4950 4955
f 4074 4073 4075
f 4073 4087 4075
f 4073 4086 4087
f 4100 4074 4075
f 7993 8006 7992
f 7993 7992 7991
f 4949 7992 4957
f 4957 7992 8006
f 4074 4072 4073
f 3680 4072 4074
f 4100 3680 4074
f 3681 3680 4100
f 7994 7993 7991
f 7994 7995 7993
f 3399 3679 3682
f 3679 3681 3682
f 3679 3680 3681
f 3071 3399 3682
f 8005 7999 7998
f 7999 7995 7998
f 7995 7996 7998
f 7995 7994 7996
f 3399 3122 3679
f 3112 3122 3399
f 3071 3112 3399
f 3070 3112 3071
f 8005 7998 8000
f 8005 8000 8093
f 8167 8000 7996
f 7996 8000 7998
f 3070 3074 3112
f 3073 3074 3070
f 8093 8000 7513
f 8093 7513 7510
f 7565 7513 8167
f 8167 7513 8000
f 3083 3075 3076
f 3075 3073 3076
f 3075 3074 3073
f 3082 3083 3076
f 7510 7513 7507
f 7510 7507 7508
f 7504 7507 7565
f 7565 7507 7513
f 3083 3084 3075
f 3085 3084 3083
f 3082 3085 3083
f 3129 3085 3082
f 7508 7507 7506
f 7508 7506 7512
f 7505 7506 7504
f 7504 7506 7507
f 3129 3131 3085
f 3130 3131 3129
f 7692 7512 7506
f 7506 7505 7692
f 7505 7511 7692
f 7505 7509 7511
f 3130 3376 3131
f 3377 3376 3130
f 7509 8159 7536
f 7516 7509 7536
f 7511 7509 7516
f 7566 7536 8159
f 3377 3365 3376
f 3376 3365 3366
f 3364 3366 3365
f 3364 3365 3351
f 7516 7536 7537
f 7516 7537 7538
f 7540 7537 7566
f 7566 7537 7536
f 3351 3350 3364
f 3347 3350 3351
f 7539 7538 7537
f 7537 7540 7539
f 7540 7541 7539
f 7540 7542 7541
f 3347 3349 3350
f 3348 3349 3347
f 7557 7541 7542
f 7557 8145 7541
f 3348 3367 3349
f 3349 3367 3355
f 3368 3355 3367
f 3368 3367 3374
f 7557 7550 7552
f 8096 7557 7552
f 8145 7557 8096
f 7551 7552 7550
f 3374 3397 3368
f 3396 3397 3374
f 8096 7552 7561
f 8096 7561 8097
f 8078 7561 7551
f 7551 7561 7552
f 3396 3689 3397
f 3688 3689 3396
f 8097 7561 8065
f 8097 8065 10073
f 7852 8065 8078
f 8078 8065 7561
f 3688 3989 3689
f 3987 3989 3688
f 7700 10073 8065
f 7696 7700 7695
f 7695 7700 7697
f 7700 8065 7697
f 8065 7852 7697
f 7603 7695 7697
f 3987 4616 3989
f 4615 4616 3987
f 7694 7696 7695
f 7695 7603 7694
f 7603 7602 7694
f 7603 7600 7602
f 4649 4648 4636
f 4636 4648 4627
f 4636 4616 4615
f 4636 4615 4649
f 7600 7596 7599
f 7601 7600 7599
f 7602 7600 7601
f 7598 7599 7596
f 4648 4638 4627
f 4642 4638 4648
f 8034 7601 7599
f 40 8034 41
f 41 8034 7628
f 8034 7599 7628
f 7599 7598 7628
f 8105 41 7628
f 4641 4644 4643
f 4643 4644 4645
f 4643 4638 4642
f 4643 4642 4641
f 39 40 41
f 39 41 8105
f 7842 39 8105
f 8115 39 7842
f 7842 8127 8115
f 8115 8127 8113
f 42 43 44
f 4646 42 44
f 4645 4646 44
f 4644 4646 4645
f 8110 8113 8127
f 8110 8127 8109
f 7219 8109 8108
f 7219 8110 8109
f 6442 8108 6441
f 6442 7219 8108
f 6439 6441 6440
f 6439 6442 6441
f 6438 6440 6443
f 6438 6439 6440
f 6462 6443 6455
f 6462 6438 6443
f 6455 43 42
f 4669 6455 42
f 6462 6455 4669
f 4669 42 4646
f 4988 5037 5038
f 4988 5038 4987
f 5038 5099 5124
f 5037 5099 5038
f 5124 5175 5180
f 5099 5175 5124
f 5180 5260 5267
f 5175 5260 5180
f 5267 5546 5569
f 5260 5546 5267
f 5569 4319 4318
f 5546 4319 5569
f 4262 4318 4319
f 4262 4319 4320
f 4956 4965 4964
f 4956 4964 4951
f 4987 4964 4988
f 4988 4964 4965
f 4320 4220 4262
f 4262 4220 4195
f 4087 4195 4220
f 4087 4220 4089
f 4958 4959 4955
f 4958 4955 4957
f 4951 4955 4956
f 4956 4955 4959
f 4089 4088 4087
f 4087 4088 4075
f 4100 4075 4088
f 4100 4088 4101
f 8004 8142 8006
f 8004 8006 7993
f 4957 8006 4958
f 4958 8006 8142
f 4101 3681 4100
f 4102 3681 4101
f 9722 9727 9948
f 9727 8004 9948
f 8004 7995 9948
f 8004 7993 7995
f 4102 4105 3681
f 3681 4105 3682
f 3071 3682 4105
f 3071 4105 3069
f 9711 9721 9959
f 9959 9721 9722
f 9959 9722 9948
f 8005 9959 9948
f 7999 8005 9948
f 7999 9948 7995
f 3069 3070 3071
f 3068 3070 3069
f 9711 9959 9719
f 9711 9719 9712
f 8093 9719 8005
f 8005 9719 9959
f 3078 3073 3079
f 3073 3068 3079
f 3073 3070 3068
f 3080 3078 3079
f 9712 9719 9717
f 9712 9717 9714
f 7510 9717 8093
f 8093 9717 9719
f 3078 3076 3073
f 3082 3076 3078
f 3080 3082 3078
f 3093 3082 3080
f 9714 9717 9718
f 9714 9718 10089
f 7508 9718 7510
f 7510 9718 9717
f 3093 3129 3082
f 3128 3129 3093
f 10089 9718 9819
f 10089 9819 9525
f 7512 9819 7508
f 7508 9819 9718
f 3128 3130 3129
f 3706 3130 3128
f 9510 9525 9819
f 9509 9510 9511
f 9511 9510 7692
f 9510 9819 7692
f 9819 7512 7692
f 7511 9511 7692
f 3356 3377 3708
f 3377 3706 3708
f 3377 3130 3706
f 3353 3356 3708
f 9509 9511 9512
f 9509 9512 9527
f 7516 9512 7511
f 7511 9512 9511
f 3356 3365 3377
f 3351 3365 3356
f 3353 3351 3356
f 3346 3351 3353
f 9527 9512 9513
f 9527 9513 9951
f 7538 9513 7516
f 7516 9513 9512
f 3346 3347 3351
f 3343 3347 3346
f 9951 9513 9515
f 9951 9515 9518
f 7539 9514 7538
f 9514 9513 7538
f 9514 9515 9513
f 7541 9514 7539
f 3373 3348 3371
f 3348 3343 3371
f 3348 3347 3343
f 3372 3373 3371
f 9517 9518 9515
f 9516 9519 9517
f 9515 9516 9517
f 9514 9516 9515
f 8145 9516 7541
f 7541 9516 9514
f 3373 3367 3348
f 3374 3367 3373
f 3372 3374 3373
f 3395 3374 3372
f 9519 9516 9520
f 9519 9520 9521
f 8096 9520 8145
f 8145 9520 9516
f 3395 3396 3374
f 3398 3396 3395
f 9854 9523 9524
f 9524 9523 9521
f 9520 9524 9521
f 9828 9524 9520
f 8097 9828 8096
f 8096 9828 9520
f 3398 3688 3396
f 3902 3688 3398
f 10067 9854 9524
f 9895 9488 10067
f 9524 9895 10067
f 9828 9895 9524
f 10073 9895 8097
f 8097 9895 9828
f 3902 3987 3688
f 3988 3987 3902
f 9488 9895 9861
f 9488 9861 9485
f 7700 10084 10073
f 10084 9895 10073
f 10084 9861 9895
f 7696 10084 7700
f 3988 4615 3987
f 4614 4615 3988
f 9936 9485 9861
f 9474 9469 9936
f 9861 9474 9936
f 10084 9474 9861
f 7694 9826 7696
f 9826 10084 7696
f 9826 9474 10084
f 7602 9826 7694
f 4650 4647 4649
f 4649 4647 4648
f 4649 4615 4614
f 4649 4614 4650
f 9470 9469 9474
f 9472 9471 9470
f 9474 9472 9470
f 9826 9472 9474
f 7601 9472 7602
f 7602 9472 9826
f 4647 4642 4648
f 4640 4642 4647
f 9473 9471 9472
f 8186 9473 8185
f 8185 9473 8034
f 9473 9472 8034
f 9472 7601 8034
f 40 8185 8034
f 4618 4654 4641
f 4641 4654 4644
f 4641 4642 4640
f 4641 4640 4618
f 8146 8186 8185
f 8146 8185 40
f 39 8146 40
f 8116 8146 39
f 8117 8116 8114
f 8116 8115 8114
f 8116 39 8115
f 8113 8114 8115
f 4654 4646 4644
f 4665 4646 4654
f 8112 8117 8114
f 8112 8114 8113
f 8110 8112 8113
f 8111 8112 8110
f 6508 8110 7219
f 6508 8111 8110
f 6707 7219 6442
f 6707 6508 7219
f 6505 6442 6439
f 6505 6707 6442
f 6436 6439 6438
f 6436 6505 6439
f 6437 6438 6462
f 6437 6436 6438
f 4667 6462 4669
f 4667 6437 6462
f 4669 4646 4665
f 4669 4665 4667
f 4989 5031 5037
f 4989 5037 4988
f 5037 5110 5099
f 5031 5110 5037
f 5099 5176 5175
f 5110 5176 5099
f 5175 5259 5260
f 5176 5259 5175
f 5260 5315 5546
f 5259 5315 5260
f 5546 4314 4319
f 5315 4314 5546
f 4320 4319 4314
f 4320 4314 4279
f 4984 4966 4960
f 4965 4956 4960
f 4966 4965 4960
f 4967 4965 4966
f 4988 4965 4989
f 4989 4965 4967
f 4279 4230 4320
f 4320 4230 4220
f 4089 4220 4230
f 4089 4230 4113
f 9726 4985 5753
f 5753 4985 4984
f 5753 4984 4960
f 4958 5753 4960
f 4959 4958 4960
f 4959 4960 4956
f 4113 4098 4089
f 4089 4098 4088
f 4101 4088 4098
f 4101 4098 4103
f 9724 9725 9723
f 9723 9725 9726
f 9723 9726 5753
f 8004 9723 5753
f 8142 8004 5753
f 8142 5753 4958
f 4106 4102 4104
f 4102 4103 4104
f 4102 4101 4103
f 3101 4106 4104
f 10090 9728 9720
f 9720 9728 9724
f 9720 9724 9723
f 9722 9720 9723
f 9727 9722 9723
f 9727 9723 8004
f 4106 4105 4102
f 3069 4105 4106
f 3101 3069 4106
f 3067 3069 3101
f 9702 9706 9707
f 9708 9709 9707
f 9708 9707 9706
f 9709 9708 10090
f 9709 10090 9720
f 9711 9709 9720
f 9721 9711 9720
f 9721 9720 9722
f 3067 3068 3069
f 3065 3068 3067
f 9702 9707 9742
f 9702 9742 9703
f 9710 9707 9709
f 9742 9707 9710
f 9712 9710 9711
f 9711 9710 9709
f 3065 3081 3068
f 3068 3081 3079
f 3080 3079 3081
f 3080 3081 3094
f 9403 9704 10037
f 10037 9704 9703
f 9742 10037 9703
f 9716 10037 9742
f 9713 9742 9710
f 9716 9742 9713
f 9714 9713 9712
f 9712 9713 9710
f 3094 3093 3080
f 3111 3093 3094
f 9403 10037 9398
f 9403 9398 9396
f 9569 10037 9716
f 9398 10037 9569
f 9715 9716 9713
f 9569 9716 9715
f 10089 9715 9714
f 9714 9715 9713
f 3111 3128 3093
f 3132 3128 3111
f 9397 9396 9398
f 9400 9399 9397
f 9398 9400 9397
f 9569 9400 9398
f 9508 9569 9715
f 9400 9569 9508
f 9525 9508 10089
f 10089 9508 9715
f 3707 3706 3171
f 3706 3132 3171
f 3706 3128 3132
f 3170 3707 3171
f 9399 9400 9661
f 9399 9661 9983
f 9506 9400 9508
f 9661 9400 9506
f 9510 9507 9525
f 9507 9508 9525
f 9507 9506 9508
f 9509 9507 9510
f 3707 3708 3706
f 3353 3708 3707
f 3170 3353 3707
f 3394 3353 3170
f 9416 9419 9418
f 9418 9419 9983
f 9661 9418 9983
f 9499 9418 9661
f 9503 9661 9506
f 9499 9661 9503
f 9505 9506 9507
f 9503 9506 9505
f 9527 9505 9509
f 9509 9505 9507
f 3394 3346 3353
f 3341 3346 3394
f 9416 9418 9415
f 9416 9415 9414
f 9421 9418 9499
f 9415 9418 9421
f 9502 9499 9503
f 9421 9499 9502
f 9504 9503 9505
f 9502 9503 9504
f 9951 9504 9527
f 9527 9504 9505
f 3341 3343 3346
f 3342 3343 3341
f 9414 9415 9413
f 9414 9413 9411
f 9420 9415 9421
f 9413 9415 9420
f 9612 9421 9502
f 9420 9421 9612
f 9526 9502 9504
f 9612 9502 9526
f 9518 9526 9951
f 9951 9526 9504
f 3342 3344 3343
f 3343 3344 3371
f 3372 3371 3344
f 3372 3344 3441
f 9411 9413 9412
f 9411 9412 9410
f 9423 9413 9420
f 9412 9413 9423
f 9972 9420 9612
f 9423 9420 9972
f 10000 9612 9526
f 9972 9612 10000
f 9517 9615 9518
f 9615 9526 9518
f 9615 10000 9526
f 9519 9615 9517
f 3441 3395 3372
f 3440 3395 3441
f 9410 9412 9422
f 9410 9422 9494
f 9864 9412 9423
f 9422 9412 9864
f 10034 9423 9972
f 9864 9423 10034
f 10070 9972 10000
f 10034 9972 10070
f 9522 10000 9615
f 10070 10000 9522
f 9521 9522 9519
f 9519 9522 9615
f 3440 3398 3395
f 3860 3398 3440
f 9494 9422 9801
f 9494 9801 9594
f 9484 9422 9864
f 9801 9422 9484
f 9483 9864 10034
f 9484 9864 9483
f 9486 10034 10070
f 9483 10034 9486
f 9854 9486 9523
f 9486 9522 9523
f 9486 10070 9522
f 9523 9522 9521
f 3860 3902 3398
f 3950 3902 3860
f 9762 9594 9801
f 9487 9654 9762
f 9801 9487 9762
f 9484 9487 9801
f 9479 9484 9483
f 9487 9484 9479
f 9478 9483 9486
f 9479 9483 9478
f 10067 9481 9854
f 9481 9486 9854
f 9481 9478 9486
f 9488 9481 10067
f 3950 3988 3902
f 3991 3988 3950
f 9761 9654 9487
f 9480 9606 9761
f 9487 9480 9761
f 9479 9480 9487
f 9477 9479 9478
f 9480 9479 9477
f 9476 9478 9481
f 9477 9478 9476
f 9485 9476 9488
f 9488 9476 9481
f 3991 4614 3988
f 4613 4614 3991
f 9606 9480 9601
f 9606 9601 9607
f 9482 9480 9477
f 9601 9480 9482
f 9475 9477 9476
f 9482 9477 9475
f 9936 9468 9485
f 9468 9476 9485
f 9468 9475 9476
f 9469 9468 9936
f 4661 4660 4650
f 4650 4660 4647
f 4650 4614 4613
f 4650 4613 4661
f 9603 9607 9601
f 9602 9604 9603
f 9601 9602 9603
f 9482 9602 9601
f 9644 9482 9475
f 9602 9482 9644
f 9466 9475 9468
f 9644 9475 9466
f 9470 9467 9469
f 9467 9468 9469
f 9467 9466 9468
f 9471 9467 9470
f 4660 4640 4647
f 4617 4640 4660
f 9605 9604 9602
f 9464 9900 9605
f 9602 9464 9605
f 9644 9464 9602
f 9463 9644 9466
f 9464 9644 9463
f 9465 9466 9467
f 9463 9466 9465
f 9473 9489 9471
f 9489 9467 9471
f 9489 9465 9467
f 8186 9489 9473
f 4612 4664 4618
f 4618 4664 4654
f 4618 4640 4617
f 4618 4617 4612
f 9461 9900 9464
f 9461 9464 9463
f 9461 9463 9462
f 9462 9463 9465
f 9462 9465 9490
f 47 46 9490
f 9465 47 9490
f 9489 47 9465
f 8146 9954 8186
f 9954 9489 8186
f 9954 47 9489
f 8116 8119 8146
f 8146 8119 9954
f 8117 8119 8116
f 4664 4665 4654
f 4666 4665 4664
f 45 46 47
f 45 47 9954
f 45 9954 9980
f 9980 9954 8119
f 9980 8119 8118
f 8118 8119 8117
f 8112 8118 8117
f 8120 8118 8112
f 6424 8112 8111
f 6424 8120 8112
f 6426 8111 6508
f 6426 6424 8111
f 6428 6508 6707
f 6428 6426 6508
f 6431 6707 6505
f 6431 6428 6707
f 6433 6505 6436
f 6433 6431 6505
f 6435 6436 6437
f 6435 6433 6436
f 4668 6437 4667
f 4668 6435 6437
f 4667 4665 4666
f 4667 4666 4668
f 5007 5033 5031
f 5007 5031 4989
f 5031 5117 5110
f 5033 5117 5031
f 5110 5177 5176
f 5117 5177 5110
f 5176 5241 5259
f 5177 5241 5176
f 5259 5305 5315
f 5241 5305 5259
f 5315 4334 4314
f 5305 4334 5315
f 4277 4278 4279
f 4314 4277 4279
f 4334 4277 4314
f 4234 4278 4277
f 4983 4978 4966
f 4983 4966 4984
f 4966 4968 4967
f 4978 4968 4966
f 4989 4967 5007
f 5007 4967 4968
f 4278 4230 4279
f 4114 4107 4113
f 4114 4113 4230
f 4234 4114 4230
f 4278 4234 4230
f 4146 4107 4114
f 9730 5035 4985
f 9730 4985 9726
f 4984 4985 4983
f 4983 4985 5035
f 4107 4098 4113
f 4103 4098 4107
f 4146 4103 4107
f 4144 4103 4146
f 9735 9832 9729
f 9725 9724 9729
f 9832 9725 9729
f 10072 9725 9832
f 9726 9725 9730
f 9730 9725 10072
f 4144 4108 4103
f 4103 4108 4104
f 3101 4104 4108
f 3101 4108 3072
f 9731 9732 9705
f 9733 9836 9705
f 9733 9705 9732
f 9836 9733 9735
f 9836 9735 9729
f 10090 9836 9729
f 9728 10090 9729
f 9728 9729 9724
f 3072 3067 3101
f 3066 3067 3072
f 9692 9805 9698
f 9990 9701 9698
f 9990 9698 9805
f 9701 9990 9731
f 9701 9731 9705
f 9702 9701 9705
f 9706 9702 9705
f 9706 9705 9708
f 9708 9705 9836
f 9708 9836 10090
f 3066 3065 3067
f 3064 3065 3066
f 9687 9686 9898
f 9688 9693 9898
f 9688 9898 9686
f 9693 9688 9692
f 9698 9693 9692
f 9699 9693 9698
f 9700 9698 9701
f 9699 9698 9700
f 9703 9700 9702
f 9702 9700 9701
f 3064 3063 3065
f 3065 3063 3081
f 3094 3081 3063
f 3094 3063 3113
f 48 49 50
f 9697 9404 50
f 9697 50 49
f 9404 9697 9687
f 9898 9404 9687
f 9392 9404 9898
f 9402 9898 9693
f 9392 9898 9402
f 9852 9693 9699
f 9402 9693 9852
f 9403 9852 9704
f 9852 9700 9704
f 9852 9699 9700
f 9704 9700 9703
f 3113 3111 3094
f 3133 3111 3113
f 48 50 9884
f 48 9884 9748
f 9405 50 9404
f 9884 50 9405
f 9390 9404 9392
f 9405 9404 9390
f 9391 9392 9402
f 9390 9392 9391
f 9394 9402 9852
f 9391 9402 9394
f 9396 9394 9403
f 9403 9394 9852
f 3153 3132 3152
f 3132 3133 3152
f 3132 3111 3133
f 3161 3153 3152
f 9748 9884 9407
f 9748 9407 9749
f 9386 9884 9405
f 9407 9884 9386
f 9387 9405 9390
f 9386 9405 9387
f 9389 9390 9391
f 9387 9390 9389
f 9393 9391 9394
f 9389 9391 9393
f 9397 9395 9396
f 9395 9394 9396
f 9395 9393 9394
f 9399 9395 9397
f 3153 3171 3132
f 3170 3171 3153
f 3161 3170 3153
f 3157 3170 3161
f 9941 9750 10002
f 10002 9750 9749
f 9407 10002 9749
f 9382 10002 9407
f 9383 9407 9386
f 9382 9407 9383
f 9385 9386 9387
f 9383 9386 9385
f 9388 9387 9389
f 9385 9387 9388
f 9946 9389 9393
f 9388 9389 9946
f 9401 9393 9395
f 9946 9393 9401
f 9983 9401 9399
f 9399 9401 9395
f 3157 3394 3170
f 3158 3394 3157
f 9941 10002 9379
f 9941 9379 9942
f 9378 10002 9382
f 9379 10002 9378
f 9381 9382 9383
f 9378 9382 9381
f 9384 9383 9385
f 9381 9383 9384
f 9406 9385 9388
f 9384 9385 9406
f 9765 9388 9946
f 9406 9388 9765
f 9416 9765 9419
f 9765 9401 9419
f 9765 9946 9401
f 9419 9401 9983
f 3158 3341 3394
f 3187 3341 3158
f 9380 9942 9379
f 9376 9814 9380
f 9379 9376 9380
f 9378 9376 9379
f 9377 9378 9381
f 9376 9378 9377
f 9408 9381 9384
f 9377 9381 9408
f 9857 9384 9406
f 9408 9384 9857
f 9417 9406 9765
f 9857 9406 9417
f 9414 9417 9416
f 9416 9417 9765
f 3345 3342 3463
f 3342 3187 3463
f 3342 3341 3187
f 3442 3345 3463
f 9814 9376 9375
f 9814 9375 9331
f 9373 9376 9377
f 9375 9376 9373
f 9372 9377 9408
f 9373 9377 9372
f 9643 9408 9857
f 9372 9408 9643
f 9424 9857 9417
f 9643 9857 9424
f 9411 9424 9414
f 9414 9424 9417
f 3345 3344 3342
f 3441 3344 3345
f 3442 3441 3345
f 3439 3441 3442
f 9331 9375 9586
f 9331 9586 9340
f 9374 9375 9373
f 9586 9375 9374
f 9371 9373 9372
f 9374 9373 9371
f 9370 9372 9643
f 9371 9372 9370
f 9409 9643 9424
f 9370 9643 9409
f 9410 9409 9411
f 9411 9409 9424
f 3439 3440 3441
f 3438 3440 3439
f 9340 9586 9346
f 9340 9346 9647
f 10013 9586 9374
f 9346 9586 10013
f 9495 9374 9371
f 10013 9374 9495
f 9368 9371 9370
f 9495 9371 9368
f 9369 9370 9409
f 9368 9370 9369
f 9494 9369 9410
f 9410 9369 9409
f 3438 3860 3440
f 3893 3860 3438
f 9195 9196 9192
f 9192 9196 9647
f 9346 9192 9647
f 9191 9192 9346
f 9193 9346 10013
f 9191 9346 9193
f 9760 10013 9495
f 9193 10013 9760
f 9365 9495 9368
f 9760 9495 9365
f 9366 9368 9369
f 9365 9368 9366
f 9594 9366 9494
f 9494 9366 9369
f 3918 3950 3910
f 3950 3893 3910
f 3950 3860 3893
f 3856 3918 3910
f 9194 9195 9192
f 9190 9349 9194
f 9192 9190 9194
f 9191 9190 9192
f 9189 9191 9193
f 9190 9191 9189
f 9348 9193 9760
f 9189 9193 9348
f 9364 9760 9365
f 9348 9760 9364
f 9363 9365 9366
f 9364 9365 9363
f 9762 9367 9594
f 9367 9366 9594
f 9367 9363 9366
f 9654 9367 9762
f 4621 4004 3918
f 4004 3950 3918
f 4004 3991 3950
f 4621 3918 3856
f 9349 9190 9347
f 9349 9347 9350
f 9188 9190 9189
f 9347 9190 9188
f 9187 9189 9348
f 9188 9189 9187
f 9800 9348 9364
f 9187 9348 9800
f 9361 9364 9363
f 9800 9364 9361
f 9362 9363 9367
f 9361 9363 9362
f 9761 9653 9654
f 9653 9367 9654
f 9653 9362 9367
f 9606 9653 9761
f 4004 4613 3991
f 4602 4613 4004
f 9350 9347 9351
f 9350 9351 9790
f 9427 9347 9188
f 9351 9347 9427
f 9185 9188 9187
f 9427 9188 9185
f 9186 9187 9800
f 9185 9187 9186
f 9353 9800 9361
f 9186 9800 9353
f 9355 9361 9362
f 9353 9361 9355
f 9425 9362 9653
f 9355 9362 9425
f 9607 9425 9606
f 9606 9425 9653
f 4663 4662 4661
f 4661 4662 4660
f 4661 4613 4602
f 4661 4602 4663
f 10076 9790 9351
f 10076 9351 9427
f 10076 9427 9822
f 9184 9498 9822
f 9427 9184 9822
f 9185 9184 9427
f 9183 9185 9186
f 9184 9185 9183
f 9352 9186 9353
f 9183 9186 9352
f 9354 9353 9355
f 9352 9353 9354
f 9496 9355 9425
f 9354 9355 9496
f 9603 9966 9607
f 9966 9425 9607
f 9966 9496 9425
f 9604 9966 9603
f 4662 4617 4660
f 4608 4617 4662
f 9180 9498 9184
f 9180 9184 9183
f 9180 9183 9181
f 9501 9182 9181
f 9183 9501 9181
f 9352 9501 9183
f 9356 9352 9354
f 9501 9352 9356
f 9357 9354 9496
f 9356 9354 9357
f 9428 9496 9966
f 9357 9496 9428
f 9605 9493 9604
f 9493 9966 9604
f 9493 9428 9966
f 9900 9493 9605
f 56 55 4612
f 4612 55 4664
f 4612 4617 4608
f 4612 4608 56
f 9500 9182 9501
f 9359 9497 9500
f 9501 9359 9500
f 9356 9359 9501
f 9358 9356 9357
f 9359 9356 9358
f 9426 9357 9428
f 9358 9357 9426
f 9429 9428 9493
f 9426 9428 9429
f 9461 9458 9900
f 9458 9493 9900
f 9458 9429 9493
f 9462 9460 9461
f 9461 9460 9458
f 9490 9491 9462
f 9462 9491 9460
f 46 9491 9490
f 55 4666 4664
f 4670 4666 55
f 9360 9497 9359
f 9360 9359 9358
f 9360 9358 9492
f 9492 9358 9426
f 9492 9426 9430
f 9430 9426 9429
f 9430 9429 9431
f 9431 9429 9458
f 9431 9458 9459
f 9459 9458 9460
f 9459 9460 9971
f 9971 9460 9491
f 9971 9491 9446
f 9446 9491 46
f 45 9446 46
f 9447 9446 45
f 9795 45 9980
f 9795 9447 45
f 9448 9795 9450
f 9795 8118 9450
f 9795 9980 8118
f 8120 6512 8118
f 8118 6512 9450
f 6424 6422 8120
f 8120 6422 6512
f 6422 6424 6423
f 6424 6425 6423
f 6424 6426 6425
f 6427 6426 6428
f 6427 6425 6426
f 6429 6428 6431
f 6429 6427 6428
f 6432 6431 6433
f 6432 6429 6431
f 6434 6433 6435
f 6434 6432 6433
f 4720 6435 4668
f 4720 6434 6435
f 4668 4666 4670
f 4668 4670 4720
f 6510 9448 9450
f 6510 9450 6512
f 6510 6512 6421
f 6421 6512 6422
f 6421 6422 6420
f 6420 6422 6423
f 5008 5034 5033
f 5008 5033 5007
f 5033 5104 5117
f 5034 5104 5033
f 5117 5179 5177
f 5104 5179 5117
f 5177 5240 5241
f 5179 5240 5177
f 5241 5306 5305
f 5240 5306 5241
f 5305 5684 4334
f 5306 5684 5305
f 4334 4276 4277
f 5684 4276 4334
f 4234 4277 4276
f 4234 4276 4244
f 5013 5010 4978
f 5013 4978 4983
f 4978 4979 4968
f 5010 4979 4978
f 5007 4968 5008
f 5008 4968 4979
f 4244 4202 4234
f 4234 4202 4114
f 4146 4114 4202
f 4146 4202 4142
f 5211 5129 9812
f 5035 9730 9812
f 5129 5035 9812
f 5128 5035 5129
f 4983 5035 5013
f 5013 5035 5128
f 4109 4144 4143
f 4144 4142 4143
f 4144 4146 4142
f 4110 4109 4143
f 51 52 53
f 9736 9734 53
f 9736 53 52
f 9832 9735 9734
f 9736 9832 9734
f 5863 9832 9736
f 9812 10072 5211
f 10072 5863 5211
f 10072 9832 5863
f 10072 9812 9730
f 4109 4108 4144
f 3072 4108 4109
f 4110 3072 4109
f 3249 3072 4110
f 9691 9997 9694
f 9738 9740 9694
f 9738 9694 9997
f 9740 9738 51
f 9740 51 53
f 9731 9740 53
f 9732 9731 53
f 9732 53 9733
f 9733 53 9734
f 9733 9734 9735
f 3249 3066 3072
f 3248 3066 3249
f 9681 10055 9683
f 9696 9685 9683
f 9696 9683 10055
f 9690 9689 9685
f 9690 9685 9696
f 9689 9690 9691
f 9689 9691 9694
f 9692 9689 9694
f 9805 9692 9694
f 9805 9694 9990
f 9990 9694 9740
f 9990 9740 9731
f 3062 3064 3250
f 3064 3248 3250
f 3064 3066 3248
f 3134 3062 3250
f 9666 9676 9743
f 9677 9682 9743
f 9677 9743 9676
f 9682 9677 9681
f 9683 9682 9681
f 9684 9682 9683
f 9687 9684 9686
f 9684 9685 9686
f 9684 9683 9685
f 9686 9685 9688
f 9688 9685 9689
f 9688 9689 9692
f 3062 3063 3064
f 3113 3063 3062
f 3134 3113 3062
f 3135 3113 3134
f 9222 9663 9662
f 9664 9665 9662
f 9664 9662 9663
f 9665 9664 9666
f 9743 9665 9666
f 9953 9665 9743
f 48 9953 49
f 9953 9682 49
f 9953 9743 9682
f 49 9682 9697
f 9697 9682 9684
f 9697 9684 9687
f 3135 3133 3113
f 3138 3133 3135
f 9214 9215 9213
f 9213 9215 9222
f 9662 9213 9222
f 9835 9213 9662
f 9744 9662 9665
f 9835 9662 9744
f 9745 9665 9953
f 9744 9665 9745
f 9748 9745 48
f 48 9745 9953
f 3138 3151 3133
f 3133 3151 3152
f 3161 3152 3151
f 3161 3151 3150
f 10029 9339 9211
f 9211 9339 9214
f 9213 9211 9214
f 9210 9211 9213
f 9233 9213 9835
f 9210 9213 9233
f 9747 9835 9744
f 9233 9835 9747
f 9746 9744 9745
f 9747 9744 9746
f 9749 9746 9748
f 9748 9746 9745
f 3150 3157 3161
f 3156 3157 3150
f 10029 9211 9212
f 10029 9212 9278
f 9209 9211 9210
f 9212 9211 9209
f 9208 9210 9233
f 9209 9210 9208
f 9890 9233 9747
f 9208 9233 9890
f 9941 9890 9750
f 9890 9746 9750
f 9890 9747 9746
f 9750 9746 9749
f 3156 3158 3157
f 3159 3158 3156
f 9262 9254 9806
f 9806 9254 9278
f 9212 9806 9278
f 9658 9806 9212
f 9328 9212 9209
f 9658 9212 9328
f 9206 9209 9208
f 9328 9209 9206
f 9207 9208 9890
f 9206 9208 9207
f 9942 9207 9941
f 9941 9207 9890
f 3464 3187 3465
f 3187 3159 3465
f 3187 3158 3159
f 3454 3464 3465
f 9262 9806 9652
f 9262 9652 9261
f 9775 9806 9658
f 9652 9806 9775
f 9774 9658 9328
f 9775 9658 9774
f 9205 9328 9206
f 9774 9328 9205
f 9204 9206 9207
f 9205 9206 9204
f 9380 9329 9942
f 9329 9207 9942
f 9329 9204 9207
f 9814 9329 9380
f 3464 3463 3187
f 3442 3463 3464
f 3454 3442 3464
f 3429 3442 3454
f 9261 9652 9559
f 9261 9559 9297
f 9792 9652 9775
f 9559 9652 9792
f 9642 9775 9774
f 9792 9775 9642
f 9332 9774 9205
f 9642 9774 9332
f 9202 9205 9204
f 9332 9205 9202
f 9203 9204 9329
f 9202 9204 9203
f 9331 9203 9814
f 9814 9203 9329
f 3429 3439 3442
f 3435 3439 3429
f 9297 9559 10006
f 9297 10006 9270
f 10007 9559 9792
f 10006 9559 10007
f 10010 9792 9642
f 10007 9792 10010
f 9641 9642 9332
f 10010 9642 9641
f 9200 9332 9202
f 9641 9332 9200
f 9201 9202 9203
f 9200 9202 9201
f 9340 9201 9331
f 9331 9201 9203
f 3435 3438 3439
f 3437 3438 3435
f 9270 10006 9342
f 9270 9342 9275
f 9891 10006 10007
f 9342 10006 9891
f 9338 10007 10010
f 9891 10007 9338
f 9333 10010 9641
f 9338 10010 9333
f 9199 9641 9200
f 9333 9641 9199
f 9198 9200 9201
f 9199 9200 9198
f 9647 9198 9340
f 9340 9198 9201
f 3909 3893 3655
f 3893 3437 3655
f 3893 3438 3437
f 3654 3909 3655
f 9275 9342 9302
f 9275 9302 9343
f 9303 9342 9891
f 9302 9342 9303
f 9337 9891 9338
f 9303 9891 9337
f 9334 9338 9333
f 9337 9338 9334
f 9197 9333 9199
f 9334 9333 9197
f 9195 9197 9196
f 9197 9198 9196
f 9197 9199 9198
f 9196 9198 9647
f 3909 3910 3893
f 3856 3910 3909
f 3654 3856 3909
f 3677 3856 3654
f 9343 9302 9299
f 9343 9299 9281
f 9301 9302 9303
f 9299 9302 9301
f 9563 9303 9337
f 9301 9303 9563
f 9336 9337 9334
f 9563 9337 9336
f 9335 9334 9197
f 9336 9334 9335
f 9194 9599 9195
f 9599 9197 9195
f 9599 9335 9197
f 9349 9599 9194
f 4601 4004 4621
f 4619 4601 4621
f 3856 4619 4621
f 3677 4619 3856
f 9298 9281 9299
f 9300 9317 9298
f 9299 9300 9298
f 9301 9300 9299
f 9304 9301 9563
f 9300 9301 9304
f 9311 9563 9336
f 9304 9563 9311
f 9345 9336 9335
f 9311 9336 9345
f 9998 9335 9599
f 9345 9335 9998
f 9350 9998 9349
f 9349 9998 9599
f 4600 4599 4601
f 4599 4004 4601
f 4599 4602 4004
f 4600 4601 4619
f 9317 9300 9306
f 9317 9306 9636
f 9305 9300 9304
f 9306 9300 9305
f 9307 9304 9311
f 9305 9304 9307
f 9310 9311 9345
f 9307 9311 9310
f 9314 9345 9998
f 9310 9345 9314
f 9790 9314 9350
f 9350 9314 9998
f 4674 4662 4663
f 4598 4674 4663
f 4602 4598 4663
f 4599 4598 4602
f 9144 9636 9306
f 9558 9142 9144
f 9306 9558 9144
f 9305 9558 9306
f 9308 9305 9307
f 9558 9305 9308
f 9309 9307 9310
f 9308 9307 9309
f 9312 9310 9314
f 9309 9310 9312
f 10076 9316 9790
f 9316 9314 9790
f 9316 9312 9314
f 9822 9533 10076
f 10076 9533 9316
f 9498 9533 9822
f 4585 4607 4674
f 4607 4662 4674
f 4607 4608 4662
f 4585 4674 4598
f 9142 9558 9145
f 9142 9145 9143
f 9150 9558 9308
f 9145 9558 9150
f 9873 9308 9309
f 9150 9308 9873
f 9313 9309 9312
f 9873 9309 9313
f 9315 9312 9316
f 9313 9312 9315
f 9947 9316 9533
f 9315 9316 9947
f 9180 9178 9498
f 9178 9533 9498
f 9178 9947 9533
f 9181 9179 9180
f 9180 9179 9178
f 9182 9179 9181
f 54 55 56
f 4592 54 56
f 4608 4592 56
f 4607 4592 4608
f 9146 9143 9145
f 9147 9148 9146
f 9145 9147 9146
f 9150 9147 9145
f 9151 9150 9873
f 9147 9150 9151
f 9532 9873 9313
f 9151 9873 9532
f 9169 9313 9315
f 9532 9313 9169
f 9531 9315 9947
f 9169 9315 9531
f 9175 9947 9178
f 9531 9947 9175
f 9176 9178 9179
f 9175 9178 9176
f 9500 9528 9182
f 9528 9179 9182
f 9528 9176 9179
f 9497 9528 9500
f 4593 4671 54
f 4671 55 54
f 4671 4670 55
f 4593 54 4592
f 9149 9148 9147
f 9149 9147 9151
f 9149 9151 9834
f 9163 9156 9834
f 9151 9163 9834
f 9532 9163 9151
f 9166 9532 9169
f 9163 9532 9166
f 9168 9169 9531
f 9166 9169 9168
f 9172 9531 9175
f 9168 9531 9172
f 9174 9175 9176
f 9172 9175 9174
f 9177 9176 9528
f 9174 9176 9177
f 9360 9452 9497
f 9452 9528 9497
f 9452 9177 9528
f 9492 9436 9360
f 9360 9436 9452
f 9430 9433 9492
f 9492 9433 9436
f 9431 9432 9430
f 9430 9432 9433
f 9459 9633 9431
f 9431 9633 9432
f 9971 9449 9459
f 9459 9449 9633
f 9446 9443 9971
f 9971 9443 9449
f 9447 9444 9446
f 9446 9444 9443
f 9795 9445 9447
f 9447 9445 9444
f 9448 9445 9795
f 6516 6423 6425
f 6516 6425 7228
f 6425 6515 7228
f 6425 6427 6515
f 6430 6427 6429
f 6430 6515 6427
f 6506 6429 6432
f 6506 6430 6429
f 6503 6432 6434
f 6503 6506 6432
f 4890 6434 4720
f 4890 6503 6434
f 4720 4670 4671
f 4720 4671 4890
f 9157 9156 9163
f 9157 9163 9166
f 9157 9166 9167
f 9167 9166 9168
f 9167 9168 9170
f 9170 9168 9172
f 9170 9172 9173
f 9173 9172 9174
f 9173 9174 9529
f 9529 9174 9177
f 9529 9177 9453
f 9453 9177 9452
f 9453 9452 9451
f 9451 9452 9436
f 9451 9436 9435
f 9435 9436 9433
f 9435 9433 9434
f 9434 9433 9432
f 9434 9432 9437
f 9437 9432 9633
f 9437 9633 9440
f 9440 9633 9449
f 9440 9449 9442
f 9442 9449 9443
f 9442 9443 6646
f 6646 9443 9444
f 6646 9444 6384
f 6384 9444 9445
f 6384 9445 6385
f 6385 9445 9448
f 6510 6385 9448
f 6511 6385 6510
f 6509 6510 6421
f 6509 6511 6510
f 6419 6421 6420
f 6419 6509 6421
f 6420 6423 6516
f 6417 6420 6516
f 6419 6420 6417
f 6417 6516 7228
f 5015 5043 5034
f 5015 5034 5008
f 5034 5103 5104
f 5043 5103 5034
f 5104 5167 5179
f 5103 5167 5104
f 5179 5242 5240
f 5167 5242 5179
f 5240 5287 5306
f 5242 5287 5240
f 5306 5685 5684
f 5287 5685 5306
f 5684 4281 4276
f 5685 4281 5684
f 4244 4276 4281
f 4244 4281 4246
f 5022 5018 5010
f 5022 5010 5013
f 5010 5011 4979
f 5018 5011 5010
f 5008 4979 5015
f 5015 4979 5011
f 4246 4219 4244
f 4244 4219 4202
f 4142 4202 4219
f 4142 4219 4141
f 5862 5092 5185
f 5129 5211 5185
f 5092 5129 5185
f 5090 5129 5092
f 5129 5088 5128
f 5090 5088 5129
f 5013 5128 5022
f 5022 5128 5088
f 4141 4112 4142
f 4142 4112 4143
f 4110 4143 4112
f 4110 4112 3254
f 9739 5913 9737
f 52 51 9737
f 5913 52 9737
f 5860 52 5913
f 52 5859 9736
f 5860 5859 52
f 5185 5863 5862
f 5863 5859 5862
f 5863 9736 5859
f 5863 5185 5211
f 3254 3249 4110
f 3251 3249 3254
f 9842 9840 9999
f 9839 9695 9999
f 9839 9999 9840
f 9997 9691 9695
f 9839 9997 9695
f 9741 9997 9839
f 9737 9738 9739
f 9738 9741 9739
f 9738 9997 9741
f 9738 9737 51
f 3145 3248 3144
f 3248 3251 3144
f 3248 3249 3251
f 3139 3145 3144
f 9669 9670 9668
f 9679 9678 9668
f 9679 9668 9670
f 10055 9681 9678
f 9679 10055 9678
f 9956 10055 9679
f 9999 9696 9842
f 9696 9956 9842
f 9696 10055 9956
f 9696 9999 9690
f 9690 9999 9695
f 9690 9695 9691
f 3145 3250 3248
f 3134 3250 3145
f 3139 3134 3145
f 3136 3134 3139
f 65 9808 9892
f 9680 9667 9892
f 9680 9892 9808
f 9667 9680 9669
f 9667 9669 9668
f 9666 9667 9668
f 9676 9666 9668
f 9676 9668 9677
f 9677 9668 9678
f 9677 9678 9681
f 3136 3135 3134
f 3137 3135 3136
f 9232 9862 9220
f 9219 9218 9220
f 9219 9220 9862
f 63 9217 9218
f 63 9218 9219
f 9217 63 65
f 9217 65 9892
f 9222 9217 9892
f 9663 9222 9892
f 9663 9892 9664
f 9664 9892 9667
f 9664 9667 9666
f 3147 3138 3146
f 3138 3137 3146
f 3138 3135 3137
f 3148 3147 3146
f 9239 9238 9938
f 9330 9260 9938
f 9330 9938 9238
f 9260 9330 9232
f 9220 9260 9232
f 9843 9260 9220
f 9216 9220 9218
f 9843 9220 9216
f 9214 9216 9215
f 9216 9217 9215
f 9216 9218 9217
f 9215 9217 9222
f 3147 3151 3138
f 3150 3151 3147
f 3148 3150 3147
f 3154 3150 3148
f 9242 9240 9241
f 9241 9240 9239
f 9938 9241 9239
f 9263 9241 9938
f 9255 9938 9260
f 9263 9938 9255
f 9256 9260 9843
f 9255 9260 9256
f 10029 9256 9339
f 9256 9216 9339
f 9256 9843 9216
f 9339 9216 9214
f 3154 3156 3150
f 3160 3156 3154
f 9245 9244 9243
f 9243 9244 9242
f 9241 9243 9242
f 9248 9243 9241
f 9249 9241 9263
f 9248 9241 9249
f 9252 9263 9255
f 9249 9263 9252
f 9253 9255 9256
f 9252 9255 9253
f 9278 9253 10029
f 10029 9253 9256
f 3160 3159 3156
f 3164 3159 3160
f 57 58 59
f 59 58 9245
f 9243 59 9245
f 9934 59 9243
f 9295 9243 9248
f 9934 9243 9295
f 9250 9248 9249
f 9295 9248 9250
f 9251 9249 9252
f 9250 9249 9251
f 9262 9251 9254
f 9251 9253 9254
f 9251 9252 9253
f 9254 9253 9278
f 3164 3455 3159
f 3159 3455 3465
f 3454 3465 3455
f 3454 3455 3416
f 57 59 9285
f 57 9285 9284
f 9796 59 9934
f 9285 59 9796
f 9265 9934 9295
f 9796 9934 9265
f 9258 9295 9250
f 9265 9295 9258
f 9257 9250 9251
f 9258 9250 9257
f 9261 9257 9262
f 9262 9257 9251
f 3416 3429 3454
f 3417 3429 3416
f 9284 9285 9286
f 9284 9286 9290
f 9287 9285 9796
f 9286 9285 9287
f 9274 9796 9265
f 9287 9796 9274
f 9264 9265 9258
f 9274 9265 9264
f 9259 9258 9257
f 9264 9258 9259
f 9297 9259 9261
f 9261 9259 9257
f 3417 3435 3429
f 3434 3435 3417
f 9290 9286 9289
f 9290 9289 9813
f 9288 9286 9287
f 9289 9286 9288
f 9759 9287 9274
f 9288 9287 9759
f 9267 9274 9264
f 9759 9274 9267
f 9266 9264 9259
f 9267 9264 9266
f 9270 9266 9297
f 9297 9266 9259
f 3580 3437 3579
f 3437 3434 3579
f 3437 3435 3434
f 3578 3580 3579
f 9813 9289 8907
f 9813 8907 8881
f 10053 9289 9288
f 8907 9289 10053
f 9280 9288 9759
f 10053 9288 9280
f 9269 9759 9267
f 9280 9759 9269
f 9268 9267 9266
f 9269 9267 9268
f 9275 9268 9270
f 9270 9268 9266
f 3580 3655 3437
f 3654 3655 3580
f 3578 3654 3580
f 3653 3654 3578
f 8881 8907 8879
f 8881 8879 8880
f 8905 8907 10053
f 8879 8907 8905
f 9565 10053 9280
f 8905 10053 9565
f 9272 9280 9269
f 9565 9280 9272
f 9271 9269 9268
f 9272 9269 9271
f 9343 9271 9275
f 9275 9271 9268
f 3653 3677 3654
f 3678 3677 3653
f 8880 8879 8877
f 8880 8877 8938
f 8876 8879 8905
f 8877 8879 8876
f 8931 8905 9565
f 8876 8905 8931
f 9276 9565 9272
f 8931 9565 9276
f 9273 9272 9271
f 9276 9272 9273
f 9281 9273 9343
f 9343 9273 9271
f 3678 4619 3677
f 4620 4619 3678
f 8878 8938 8877
f 8855 8935 8878
f 8877 8855 8878
f 8876 8855 8877
f 8856 8876 8931
f 8855 8876 8856
f 9868 8931 9276
f 8856 8931 9868
f 9277 9276 9273
f 9868 9276 9277
f 9298 9279 9281
f 9279 9273 9281
f 9279 9277 9273
f 9317 9279 9298
f 4590 4597 4600
f 4600 4597 4599
f 4600 4619 4620
f 4600 4620 4590
f 8853 8935 8855
f 8854 8851 8853
f 8855 8854 8853
f 8856 8854 8855
f 8857 8856 9868
f 8854 8856 8857
f 8875 9868 9277
f 8857 9868 8875
f 10050 9277 9279
f 8875 9277 10050
f 9636 10050 9317
f 9317 10050 9279
f 4597 4598 4599
f 4596 4598 4597
f 8851 8854 9850
f 8851 9850 8849
f 8858 8854 8857
f 9850 8854 8858
f 8859 8857 8875
f 8858 8857 8859
f 8868 8875 10050
f 8859 8875 8868
f 9144 9141 9636
f 9141 10050 9636
f 9141 8868 10050
f 9142 9141 9144
f 4583 4573 4585
f 4585 4573 4607
f 4585 4598 4596
f 4585 4596 4583
f 8849 9850 9823
f 8849 9823 8835
f 8871 9850 8858
f 9823 9850 8871
f 8860 8858 8859
f 8871 8858 8860
f 8861 8859 8868
f 8860 8859 8861
f 9136 8868 9141
f 8861 8868 9136
f 9143 9136 9142
f 9142 9136 9141
f 4573 4592 4607
f 4591 4592 4573
f 8835 9823 8839
f 8835 8839 8833
f 9928 9823 8871
f 8839 9823 9928
f 8863 8871 8860
f 9928 8871 8863
f 8862 8860 8861
f 8863 8860 8862
f 8867 8861 9136
f 8862 8861 8867
f 9146 9595 9143
f 9595 9136 9143
f 9595 8867 9136
f 9148 9595 9146
f 4606 4887 4593
f 4593 4887 4671
f 4593 4592 4591
f 4593 4591 4606
f 8834 8833 8839
f 9871 8847 8834
f 8839 9871 8834
f 9928 9871 8839
f 8872 9928 8863
f 9871 9928 8872
f 8864 8863 8862
f 8872 8863 8864
f 8865 8862 8867
f 8864 8862 8865
f 9902 8867 9595
f 8865 8867 9902
f 9149 9152 9148
f 9152 9595 9148
f 9152 9902 9595
f 9834 9153 9149
f 9149 9153 9152
f 9156 9153 9834
f 6416 7228 6515
f 6416 6515 6414
f 6515 6412 6414
f 6515 6430 6412
f 6640 6430 6506
f 6640 6412 6430
f 6519 6506 6503
f 6519 6640 6506
f 6520 6503 4890
f 6520 6519 6503
f 4890 4671 4887
f 4890 4887 6520
f 9787 8847 9871
f 9787 9871 8872
f 9787 8872 9833
f 8869 8874 9833
f 8872 8869 9833
f 8864 8869 8872
f 8866 8864 8865
f 8869 8864 8866
f 8870 8865 9902
f 8866 8865 8870
f 9534 9902 9152
f 8870 9902 9534
f 9154 9152 9153
f 9534 9152 9154
f 9157 9155 9156
f 9155 9153 9156
f 9155 9154 9153
f 9167 9535 9157
f 9157 9535 9155
f 9170 9171 9167
f 9167 9171 9535
f 9173 9530 9170
f 9170 9530 9171
f 9529 10045 9173
f 9173 10045 9530
f 9453 9901 9529
f 9529 9901 10045
f 9451 9456 9453
f 9453 9456 9901
f 9435 9454 9451
f 9451 9454 9456
f 9434 9457 9435
f 9435 9457 9454
f 9437 9438 9434
f 9434 9438 9457
f 9440 9439 9437
f 9437 9439 9438
f 9442 9441 9440
f 9440 9441 9439
f 6646 7174 9442
f 9442 7174 9441
f 7174 6646 6264
f 6646 6247 6264
f 6646 6384 6247
f 6383 6384 6385
f 6383 6247 6384
f 6607 6385 6511
f 6607 6383 6385
f 6513 6511 6509
f 6513 6607 6511
f 6514 6509 6419
f 6514 6513 6509
f 6418 6419 6417
f 6418 6514 6419
f 6417 7228 6416
f 6415 6417 6416
f 6418 6417 6415
f 6415 6416 6414
f 8873 8874 8869
f 8873 8869 8866
f 8873 8866 8928
f 8928 8866 8870
f 8928 8870 9979
f 9979 8870 9534
f 9979 9534 9160
f 9160 9534 9154
f 9160 9154 9159
f 9158 9556 9159
f 9154 9158 9159
f 9155 9158 9154
f 9164 9155 9535
f 9158 9155 9164
f 9969 9535 9171
f 9164 9535 9969
f 9530 9550 9560
f 9969 9530 9560
f 9171 9530 9969
f 9550 9530 10045
f 9550 10045 9557
f 9557 10045 9901
f 9557 9901 9553
f 9553 9901 9456
f 9553 9456 9766
f 9766 9456 9454
f 9766 9454 10059
f 10059 9454 9457
f 10059 9457 9973
f 9973 9457 9438
f 9973 9438 9897
f 9897 9438 9439
f 9897 9439 9455
f 9455 9439 9441
f 9455 9441 7243
f 7243 9441 7174
f 7243 7174 6248
f 6248 7174 6264
f 9165 9556 9158
f 9165 9158 9164
f 9165 9164 9536
f 9536 9164 9969
f 9536 9969 9547
f 9547 9969 9560
f 5280 62 61
f 60 61 62
f 5024 5041 5043
f 5024 5043 5015
f 5043 5093 5103
f 5041 5093 5043
f 5103 5131 5167
f 5093 5131 5103
f 5167 5215 5242
f 5131 5215 5167
f 61 5287 5280
f 5287 5215 5280
f 5287 5242 5215
f 60 5687 61
f 5687 5287 61
f 5687 5685 5287
f 5685 4285 4281
f 5687 4285 5685
f 4247 4223 4246
f 4281 4247 4246
f 4285 4247 4281
f 4199 4223 4247
f 5021 5020 5018
f 5021 5018 5022
f 5018 5019 5011
f 5020 5019 5018
f 5015 5011 5024
f 5024 5011 5019
f 4223 4219 4246
f 4141 4219 4223
f 4199 4141 4223
f 4138 4141 4199
f 5858 5861 5092
f 5858 5092 5862
f 5092 5091 5090
f 5861 5091 5092
f 5090 5089 5088
f 5091 5089 5090
f 5022 5088 5021
f 5021 5088 5089
f 4138 4136 4141
f 4141 4136 4112
f 3254 4112 4136
f 3254 4136 3253
f 5853 5854 9821
f 5913 9739 9821
f 5854 5913 9821
f 5855 5913 5854
f 5913 5856 5860
f 5855 5856 5913
f 5860 5857 5859
f 5856 5857 5860
f 5862 5859 5858
f 5858 5859 5857
f 3253 3251 3254
f 3252 3251 3253
f 5899 5828 9841
f 9840 9842 9841
f 5828 9840 9841
f 5830 9840 5828
f 9840 5851 9839
f 5830 5851 9840
f 9821 9741 5853
f 9741 5851 5853
f 9741 9839 5851
f 9741 9821 9739
f 3252 3143 3251
f 3251 3143 3144
f 3139 3144 3143
f 3139 3143 3140
f 9674 9673 9672
f 5895 9671 9672
f 5895 9672 9673
f 9670 9669 9671
f 5895 9670 9671
f 5896 9670 5895
f 9670 5897 9679
f 5896 5897 9670
f 9841 9956 5899
f 9956 5897 5899
f 9956 9679 5897
f 9956 9841 9842
f 3140 3136 3139
f 3141 3136 3140
f 9226 9225 9223
f 9224 9221 9223
f 9224 9223 9225
f 9228 64 9221
f 9228 9221 9224
f 64 9228 9674
f 64 9674 9672
f 65 64 9672
f 9808 65 9672
f 9808 9672 9680
f 9680 9672 9671
f 9680 9671 9669
f 3141 3137 3136
f 3142 3137 3141
f 9319 9236 9235
f 9234 9231 9235
f 9234 9235 9236
f 9229 9227 9231
f 9229 9231 9234
f 9227 9229 9226
f 9227 9226 9223
f 9232 9227 9223
f 9862 9232 9223
f 9862 9223 9219
f 9219 9223 9221
f 9219 9221 63
f 63 9221 64
f 63 64 65
f 3142 3149 3137
f 3137 3149 3146
f 3148 3146 3149
f 3148 3149 3155
f 9325 9322 9321
f 9320 9318 9321
f 9320 9321 9322
f 9318 9320 9319
f 9235 9318 9319
f 9237 9318 9235
f 9239 9237 9238
f 9237 9231 9238
f 9237 9235 9231
f 9238 9231 9330
f 9330 9231 9227
f 9330 9227 9232
f 3155 3154 3148
f 3162 3154 3155
f 8989 8990 8991
f 8992 9849 8991
f 8992 8991 8990
f 9849 8992 9325
f 9321 9849 9325
f 10058 9849 9321
f 9341 9321 9318
f 10058 9321 9341
f 9242 9341 9240
f 9341 9237 9240
f 9341 9318 9237
f 9240 9237 9239
f 3162 3160 3154
f 3163 3160 3162
f 9955 8994 9000
f 9000 8994 8989
f 8991 9000 8989
f 9867 9000 8991
f 9282 8991 9849
f 9867 8991 9282
f 9246 9849 10058
f 9282 9849 9246
f 9245 9246 9244
f 9246 9341 9244
f 9246 10058 9341
f 9244 9341 9242
f 3456 3164 3457
f 3164 3163 3457
f 3164 3160 3163
f 3415 3456 3457
f 9955 9000 9293
f 9955 9293 10069
f 9291 9000 9867
f 9293 9000 9291
f 9247 9867 9282
f 9291 9867 9247
f 57 9247 58
f 9247 9246 58
f 9247 9282 9246
f 58 9246 9245
f 3456 3455 3164
f 3416 3455 3456
f 3415 3416 3456
f 3414 3416 3415
f 8933 10099 9657
f 9657 10099 10069
f 9293 9657 10069
f 9294 9657 9293
f 9292 9293 9291
f 9294 9293 9292
f 9283 9291 9247
f 9292 9291 9283
f 9284 9283 57
f 57 9283 9247
f 3414 3417 3416
f 3418 3417 3414
f 8933 9657 9139
f 8933 9139 8912
f 10083 9657 9294
f 9139 9657 10083
f 9296 9294 9292
f 10083 9294 9296
f 9632 9292 9283
f 9296 9292 9632
f 9290 9632 9284
f 9284 9632 9283
f 3436 3434 3433
f 3434 3418 3433
f 3434 3417 3418
f 3432 3436 3433
f 8912 9139 8893
f 8912 8893 8897
f 8896 9139 10083
f 8893 9139 8896
f 9069 10083 9296
f 8896 10083 9069
f 9627 9296 9632
f 9069 9296 9627
f 9813 9627 9290
f 9290 9627 9632
f 3436 3579 3434
f 3578 3579 3436
f 3432 3578 3436
f 3451 3578 3432
f 8897 8893 8888
f 8897 8888 8910
f 8886 8893 8896
f 8888 8893 8886
f 8884 8896 9069
f 8886 8896 8884
f 8883 9069 9627
f 8884 9069 8883
f 8881 8883 9813
f 9813 8883 9627
f 3451 3653 3578
f 3609 3653 3451
f 8910 8888 8889
f 8910 8889 8895
f 8887 8888 8886
f 8889 8888 8887
f 8885 8886 8884
f 8887 8886 8885
f 8882 8884 8883
f 8885 8884 8882
f 8880 8882 8881
f 8881 8882 8883
f 3609 3678 3653
f 3718 3678 3609
f 8895 8889 8891
f 8895 8891 8929
f 8890 8889 8887
f 8891 8889 8890
f 8892 8887 8885
f 8890 8887 8892
f 9837 8885 8882
f 8892 8885 9837
f 8938 9837 8880
f 8880 9837 8882
f 3718 4620 3678
f 4402 4620 3718
f 8929 8891 8898
f 8929 8898 8911
f 8894 8891 8890
f 8898 8891 8894
f 9831 8890 8892
f 8894 8890 9831
f 9646 8892 9837
f 9831 8892 9646
f 8878 9630 8938
f 9630 9837 8938
f 9630 9646 9837
f 8935 9630 8878
f 4589 4588 4590
f 4590 4588 4597
f 4590 4620 4402
f 4590 4402 4589
f 8900 8911 8898
f 8899 8901 8900
f 8898 8899 8900
f 8894 8899 8898
f 8906 8894 9831
f 8899 8894 8906
f 9798 9831 9646
f 8906 9831 9798
f 8939 9646 9630
f 9798 9646 8939
f 8853 8852 8935
f 8852 9630 8935
f 8852 8939 9630
f 8851 8852 8853
f 4588 4596 4597
f 4595 4596 4588
f 8901 8899 8902
f 8901 8902 8903
f 8914 8899 8906
f 8902 8899 8914
f 9976 8906 9798
f 8914 8906 9976
f 8942 9798 8939
f 9976 9798 8942
f 8850 8939 8852
f 8942 8939 8850
f 8849 8850 8851
f 8851 8850 8852
f 4571 4573 4583
f 4569 4571 4583
f 4596 4569 4583
f 4595 4569 4596
f 8903 8902 8908
f 8903 8908 8915
f 8909 8902 8914
f 8908 8902 8909
f 10011 8914 9976
f 8909 8914 10011
f 9807 9976 8942
f 10011 9976 9807
f 8842 8942 8850
f 9807 8942 8842
f 8835 8842 8849
f 8849 8842 8850
f 4570 4572 4571
f 4572 4573 4571
f 4572 4591 4573
f 4570 4571 4569
f 8915 8908 8937
f 8915 8937 10091
f 8917 8908 8909
f 8937 8908 8917
f 9810 8909 10011
f 8917 8909 9810
f 8832 10011 9807
f 9810 10011 8832
f 8831 9807 8842
f 8832 9807 8831
f 8833 8831 8835
f 8835 8831 8842
f 4681 4887 4606
f 4594 4681 4606
f 4591 4594 4606
f 4572 4594 4591
f 10091 8937 9847
f 10091 9847 9855
f 9944 8937 8917
f 9847 8937 9944
f 10074 8917 9810
f 9944 8917 10074
f 8829 9810 8832
f 10074 9810 8829
f 8828 8832 8831
f 8829 8832 8828
f 8834 8830 8833
f 8830 8831 8833
f 8830 8828 8831
f 8847 8830 8834
f 6408 6410 6412
f 6412 6410 6414
f 6699 6412 6640
f 6699 6408 6412
f 6522 6640 6519
f 6522 6699 6640
f 6521 6519 6520
f 6521 6522 6519
f 6520 4887 4681
f 4680 6520 4681
f 6521 6520 4680
f 4680 4681 4594
f 9855 9847 9846
f 9855 9846 9848
f 9845 9847 9944
f 9846 9847 9845
f 9851 9944 10074
f 9845 9944 9851
f 8837 10074 8829
f 9851 10074 8837
f 8823 8829 8828
f 8837 8829 8823
f 8827 8828 8830
f 8823 8828 8827
f 9787 8836 8847
f 8836 8830 8847
f 8836 8827 8830
f 9833 8941 9787
f 9787 8941 8836
f 8874 8941 9833
f 6246 6264 6247
f 6246 6247 6245
f 6247 6263 6245
f 6247 6383 6263
f 6386 6383 6607
f 6386 6263 6383
f 7250 6607 6513
f 7250 6386 6607
f 7210 6513 6514
f 7210 7250 6513
f 7194 6514 6418
f 7194 7210 6514
f 6517 6418 6415
f 6517 7194 6418
f 6415 6414 6410
f 6415 6410 6517
f 9844 9848 9846
f 9844 9846 9845
f 9844 9845 8843
f 8843 9845 9851
f 8843 9851 8825
f 8825 9851 8837
f 8825 8837 8822
f 8822 8837 8823
f 8822 8823 8821
f 8821 8823 8827
f 8821 8827 9986
f 8846 8844 9986
f 8827 8846 9986
f 8836 8846 8827
f 10056 8836 8941
f 8846 8836 10056
f 8873 8940 8874
f 8940 8941 8874
f 8940 10056 8941
f 8928 9933 8873
f 8873 9933 8940
f 9979 9545 8928
f 8928 9545 9933
f 9160 9162 9979
f 9979 9162 9545
f 9159 9161 9160
f 9160 9161 9162
f 9556 9161 9159
f 9548 9560 9550
f 9557 9549 9550
f 9550 9549 9548
f 9553 9551 9557
f 9557 9551 9549
f 9766 9552 9553
f 9553 9552 9551
f 10059 9554 9766
f 9766 9554 9552
f 9973 9555 10059
f 10059 9555 9554
f 9555 9973 6283
f 9973 6262 6283
f 9973 9897 6262
f 6234 9897 9455
f 6234 6262 9897
f 6244 9455 7243
f 6244 6234 9455
f 6638 7243 6248
f 6638 6244 7243
f 6248 6264 6246
f 6239 6248 6246
f 6638 6248 6239
f 6239 6246 6245
f 8845 8844 8846
f 8845 8846 10056
f 8845 10056 9960
f 9960 10056 8940
f 9960 8940 9543
f 9543 8940 9933
f 9543 9933 9541
f 9541 9933 9545
f 9541 9545 9538
f 9538 9545 9162
f 9538 9162 9537
f 9537 9162 9161
f 9537 9161 7225
f 7225 9161 9556
f 9165 7225 9556
f 6325 7225 9165
f 6307 9165 9536
f 6307 6325 9165
f 6304 9536 9547
f 6304 6307 9536
f 9547 9560 9548
f 6302 9547 9548
f 6304 9547 6302
f 6302 9548 9549
f 6302 9549 6300
f 6300 9549 9551
f 6300 9551 6298
f 6298 9551 9552
f 6298 9552 6296
f 6296 9552 9554
f 6296 9554 6297
f 6297 9554 9555
f 6297 9555 6284
f 6284 9555 6283
f 5277 5278 62
f 5277 62 5280
f 60 62 5278
f 60 5278 5671
f 5032 5042 5041
f 5032 5041 5024
f 5041 5044 5093
f 5042 5044 5041
f 5093 5107 5131
f 5044 5107 5093
f 5131 5156 5215
f 5107 5156 5131
f 5280 5215 5277
f 5277 5215 5156
f 5671 5673 60
f 60 5673 5687
f 5687 4336 4285
f 5673 4336 5687
f 4285 4251 4247
f 4336 4251 4285
f 4199 4247 4251
f 4199 4251 4171
f 5030 5029 5020
f 5030 5020 5021
f 5020 5028 5019
f 5029 5028 5020
f 5024 5019 5032
f 5032 5019 5028
f 4137 4138 4139
f 4138 4171 4139
f 4138 4199 4171
f 4147 4137 4139
f 5207 5172 5861
f 5207 5861 5858
f 5861 5105 5091
f 5172 5105 5861
f 5091 5095 5089
f 5105 5095 5091
f 5021 5089 5030
f 5030 5089 5095
f 4137 4136 4138
f 3253 4136 4137
f 4147 3253 4137
f 3389 3253 4147
f 5224 5222 5852
f 5854 5853 5852
f 5222 5854 5852
f 5220 5854 5222
f 5854 5218 5855
f 5220 5218 5854
f 5855 5216 5856
f 5218 5216 5855
f 5856 5208 5857
f 5216 5208 5856
f 5858 5857 5207
f 5207 5857 5208
f 3387 3252 3388
f 3252 3389 3388
f 3252 3253 3389
f 3392 3387 3388
f 5817 5818 5898
f 5828 5899 5898
f 5818 5828 5898
f 5819 5828 5818
f 5828 5225 5830
f 5819 5225 5828
f 5852 5851 5224
f 5851 5225 5224
f 5851 5830 5225
f 5851 5852 5853
f 3387 3143 3252
f 3140 3143 3387
f 3392 3140 3387
f 3340 3140 3392
f 5904 5820 9675
f 9673 9674 9675
f 5820 9673 9675
f 5810 9673 5820
f 9673 5811 5895
f 5810 5811 9673
f 5895 5813 5896
f 5811 5813 5895
f 5898 5897 5817
f 5897 5813 5817
f 5897 5896 5813
f 5897 5898 5899
f 3340 3141 3140
f 3172 3141 3340
f 5949 5902 9230
f 9225 9226 9230
f 5902 9225 9230
f 5901 9225 5902
f 9225 5900 9224
f 5901 5900 9225
f 9675 9228 5904
f 9228 5900 5904
f 9228 9224 5900
f 9228 9675 9674
f 3244 3142 3246
f 3142 3172 3246
f 3142 3141 3172
f 3243 3244 3246
f 9324 5960 9344
f 9236 9319 9344
f 5960 9236 9344
f 5959 9236 5960
f 9236 5958 9234
f 5959 5958 9236
f 9230 9229 5949
f 9229 5958 5949
f 9229 9234 5958
f 9229 9230 9226
f 3244 3149 3142
f 3155 3149 3244
f 3243 3155 3244
f 3165 3155 3243
f 8986 8999 8988
f 10066 10100 8988
f 10066 8988 8999
f 9322 9325 10100
f 10066 9322 10100
f 9323 9322 10066
f 9344 9320 9324
f 9320 9323 9324
f 9320 9322 9323
f 9320 9344 9319
f 3165 3162 3155
f 3166 3162 3165
f 8998 8975 9882
f 8978 8993 9882
f 8978 9882 8975
f 8984 8987 8993
f 8984 8993 8978
f 8987 8984 8986
f 8987 8986 8988
f 8989 8987 8988
f 8990 8989 8988
f 8990 8988 8992
f 8992 8988 10100
f 8992 10100 9325
f 3458 3163 3460
f 3163 3166 3460
f 3163 3162 3166
f 3459 3458 3460
f 8930 9610 8932
f 8932 9610 8998
f 9882 8932 8998
f 10046 8932 9882
f 9875 9882 8993
f 10046 9882 9875
f 9955 9875 8994
f 9875 8987 8994
f 9875 8993 8987
f 8994 8987 8989
f 3458 3457 3163
f 3415 3457 3458
f 3459 3415 3458
f 3412 3415 3459
f 9032 8944 8923
f 8925 8921 8923
f 8925 8923 8944
f 8921 8925 8930
f 8932 8921 8930
f 8922 8921 8932
f 9609 8932 10046
f 8922 8932 9609
f 9982 10046 9875
f 9609 10046 9982
f 10069 9982 9955
f 9955 9982 9875
f 3412 3414 3415
f 3413 3414 3412
f 8951 8950 8926
f 8926 8950 9032
f 8923 8926 9032
f 8924 8926 8923
f 8920 8923 8921
f 8924 8923 8920
f 8919 8921 8922
f 8920 8921 8919
f 8936 8922 9609
f 8919 8922 8936
f 8933 8936 10099
f 8936 9982 10099
f 8936 9609 9982
f 10099 9982 10069
f 3413 3418 3414
f 3419 3418 3413
f 8951 8926 9123
f 8951 9123 9122
f 9952 8926 8924
f 9123 8926 9952
f 8927 8924 8920
f 9952 8924 8927
f 8918 8920 8919
f 8927 8920 8918
f 8916 8919 8936
f 8918 8919 8916
f 8912 8916 8933
f 8933 8916 8936
f 3419 3423 3418
f 3418 3423 3433
f 3432 3433 3423
f 3432 3423 3444
f 9122 9123 9124
f 9122 9124 9135
f 9125 9123 9952
f 9124 9123 9125
f 9134 9952 8927
f 9125 9952 9134
f 9985 8927 8918
f 9134 8927 9985
f 8913 8918 8916
f 9985 8918 8913
f 8897 8913 8912
f 8912 8913 8916
f 3444 3451 3432
f 3450 3451 3444
f 9039 9887 10041
f 10041 9887 9135
f 9124 10041 9135
f 9133 10041 9124
f 9126 9124 9125
f 9133 9124 9126
f 9127 9125 9134
f 9126 9125 9127
f 9130 9134 9985
f 9127 9134 9130
f 9562 9985 8913
f 9130 9985 9562
f 8910 9562 8897
f 8897 9562 8913
f 3450 3609 3451
f 3608 3609 3450
f 9039 10041 8757
f 9039 8757 8576
f 9629 10041 9133
f 8757 10041 9629
f 9132 9133 9126
f 9629 9133 9132
f 9128 9126 9127
f 9132 9126 9128
f 9129 9127 9130
f 9128 9127 9129
f 10097 9130 9562
f 9129 9130 10097
f 8895 10097 8910
f 8910 10097 9562
f 3608 3718 3609
f 3861 3718 3608
f 8478 8474 10065
f 10065 8474 8576
f 8757 10065 8576
f 8756 10065 8757
f 8751 8757 9629
f 8756 8757 8751
f 8755 9629 9132
f 8751 9629 8755
f 9568 9132 9128
f 8755 9132 9568
f 9131 9128 9129
f 9568 9128 9131
f 9838 9129 10097
f 9131 9129 9838
f 8929 9838 8895
f 8895 9838 10097
f 3861 4402 3718
f 4401 4402 3861
f 8478 10065 9120
f 8478 9120 9763
f 9608 10065 8756
f 9120 10065 9608
f 8750 8756 8751
f 9608 8756 8750
f 8749 8751 8755
f 8750 8751 8749
f 8752 8755 9568
f 8749 8755 8752
f 10085 9568 9131
f 8752 9568 10085
f 9779 9131 9838
f 10085 9131 9779
f 8911 9779 8929
f 8929 9779 9838
f 4587 4588 4589
f 4547 4587 4589
f 4402 4547 4589
f 4401 4547 4402
f 8588 9763 9120
f 8616 8587 8588
f 9120 8616 8588
f 9608 8616 9120
f 8754 9608 8750
f 8616 9608 8754
f 8748 8750 8749
f 8754 8750 8748
f 8747 8749 8752
f 8748 8749 8747
f 8758 8752 10085
f 8747 8752 8758
f 9786 10085 9779
f 8758 10085 9786
f 8900 8934 8911
f 8934 9779 8911
f 8934 9786 9779
f 8901 8934 8900
f 4586 4568 4587
f 4568 4588 4587
f 4568 4595 4588
f 4586 4587 4547
f 8587 8616 8592
f 8587 8592 8589
f 9645 8616 8754
f 8592 8616 9645
f 8753 8754 8748
f 9645 8754 8753
f 8746 8748 8747
f 8753 8748 8746
f 8745 8747 8758
f 8746 8747 8745
f 9771 8758 9786
f 8745 8758 9771
f 8904 9786 8934
f 9771 9786 8904
f 8903 8904 8901
f 8901 8904 8934
f 4568 4569 4595
f 4567 4569 4568
f 8589 8592 9040
f 8589 9040 8591
f 9121 8592 9645
f 9040 8592 9121
f 10064 9645 8753
f 9121 9645 10064
f 8760 8753 8746
f 10064 8753 8760
f 8739 8746 8745
f 8760 8746 8739
f 8740 8745 9771
f 8739 8745 8740
f 9782 9771 8904
f 8740 9771 9782
f 8915 9782 8903
f 8903 9782 8904
f 4582 4675 4570
f 4570 4675 4572
f 4570 4569 4567
f 4570 4567 4582
f 8601 8591 9040
f 8780 8779 8601
f 9040 8780 8601
f 9121 8780 9040
f 9816 9121 10064
f 8780 9121 9816
f 8738 10064 8760
f 9816 10064 8738
f 8734 8760 8739
f 8738 8760 8734
f 8735 8739 8740
f 8734 8739 8735
f 8744 8740 9782
f 8735 8740 8744
f 10091 8744 8915
f 8915 8744 9782
f 4675 4594 4572
f 4676 4594 4675
f 8779 8780 8781
f 8779 8781 8782
f 10068 8780 9816
f 8781 8780 10068
f 8743 9816 8738
f 10068 9816 8743
f 8732 8738 8734
f 8743 8738 8732
f 8733 8734 8735
f 8732 8734 8733
f 8736 8735 8744
f 8733 8735 8736
f 9855 8736 10091
f 10091 8736 8744
f 6403 6413 6409
f 6410 6408 6409
f 6408 6403 6409
f 6408 6406 6403
f 6411 6408 6699
f 6411 6406 6408
f 6524 6699 6522
f 6524 6411 6699
f 6523 6522 6521
f 6523 6524 6522
f 4682 6521 4680
f 4682 6523 6521
f 4680 4594 4676
f 4680 4676 4682
f 71 8782 8781
f 9637 69 71
f 8781 9637 71
f 10068 9637 8781
f 8730 10068 8743
f 9637 10068 8730
f 8729 8743 8732
f 8730 8743 8729
f 8731 8732 8733
f 8729 8732 8731
f 8737 8733 8736
f 8731 8733 8737
f 9848 8737 9855
f 9855 8737 8736
f 6240 6245 6263
f 6240 6263 6641
f 6263 6387 6641
f 6263 6386 6387
f 6388 6386 7250
f 6388 6387 6386
f 6393 7250 7210
f 6393 6388 7250
f 6394 7210 7194
f 6394 6393 7210
f 6517 6409 6413
f 6394 6517 6413
f 7194 6517 6394
f 6409 6517 6410
f 69 9637 9588
f 69 9588 9589
f 8742 9637 8730
f 9588 9637 8742
f 8728 8730 8729
f 8742 8730 8728
f 8727 8729 8731
f 8728 8729 8727
f 9853 8731 8737
f 8727 8731 9853
f 9844 10078 9848
f 10078 8737 9848
f 10078 9853 8737
f 8843 8841 9844
f 9844 8841 10078
f 8825 8826 8843
f 8843 8826 8841
f 8822 8824 8825
f 8825 8824 8826
f 8821 8820 8822
f 8822 8820 8824
f 9986 8819 8821
f 8821 8819 8820
f 8844 8819 9986
f 6282 6283 6262
f 6282 6262 6281
f 6262 6228 6281
f 6262 6234 6228
f 6229 6234 6244
f 6229 6228 6234
f 6232 6244 6638
f 6232 6229 6244
f 6236 6638 6239
f 6236 6232 6638
f 6239 6245 6240
f 6237 6239 6240
f 6236 6239 6237
f 6237 6240 6641
f 77 9589 9588
f 9587 75 77
f 9588 9587 77
f 8742 9587 9588
f 8741 8742 8728
f 9587 8742 8741
f 8726 8728 8727
f 8741 8728 8726
f 8724 8727 9853
f 8726 8727 8724
f 8725 9853 10078
f 8724 9853 8725
f 9776 10078 8841
f 8725 10078 9776
f 8840 8841 8826
f 9776 8841 8840
f 8838 8826 8824
f 8840 8826 8838
f 8976 8824 8820
f 8838 8824 8976
f 8817 8820 8819
f 8976 8820 8817
f 8845 8818 8844
f 8818 8819 8844
f 8818 8817 8819
f 9960 8943 8845
f 8845 8943 8818
f 9543 9544 9960
f 9960 9544 8943
f 9541 9542 9543
f 9543 9542 9544
f 9538 9540 9541
f 9541 9540 9542
f 9537 9539 9538
f 9538 9539 9540
f 7225 9546 9537
f 9537 9546 9539
f 6325 6313 7225
f 7225 6313 9546
f 6307 6308 6325
f 6325 6308 6313
f 6304 6306 6307
f 6307 6306 6308
f 6306 6304 6305
f 6304 6303 6305
f 6304 6302 6303
f 6301 6302 6300
f 6301 6303 6302
f 6299 6300 6298
f 6299 6301 6300
f 6295 6298 6296
f 6295 6299 6298
f 6294 6296 6297
f 6294 6295 6296
f 6380 6297 6284
f 6380 6294 6297
f 6284 6283 6282
f 6285 6284 6282
f 6380 6284 6285
f 6285 6282 6281
f 80 75 9587
f 9978 78 80
f 9587 9978 80
f 8741 9978 9587
f 8759 8741 8726
f 9978 8741 8759
f 8723 8726 8724
f 8759 8726 8723
f 8719 8724 8725
f 8723 8724 8719
f 8770 8725 9776
f 8719 8725 8770
f 10094 9776 8840
f 8770 9776 10094
f 8838 8816 10071
f 10094 8838 10071
f 8840 8838 10094
f 8816 8838 8976
f 8816 8976 8814
f 8814 8976 8817
f 8814 8817 8815
f 8815 8817 8818
f 8815 8818 8848
f 8848 8818 8943
f 8848 8943 7131
f 7131 8943 9544
f 7131 9544 7130
f 7130 9544 9542
f 7130 9542 7134
f 7134 9542 9540
f 7134 9540 7164
f 7164 9540 9539
f 7164 9539 7167
f 7167 9539 9546
f 7167 9546 6314
f 6314 9546 6313
f 6314 6313 6310
f 6310 6313 6308
f 6310 6308 6309
f 6309 6308 6306
f 6309 6306 6357
f 6357 6306 6305
f 8715 78 9978
f 8715 9978 8759
f 8715 8759 10018
f 10018 8759 8723
f 10018 8723 8717
f 8717 8723 8719
f 8717 8719 8718
f 8718 8719 8770
f 8718 8770 8721
f 8721 8770 10094
f 8721 10094 9617
f 9617 10094 10071
f 66 67 68
f 5278 5277 68
f 67 5278 68
f 5279 5278 67
f 5671 5278 5279
f 5671 5279 5675
f 5032 5053 5042
f 5042 5053 5046
f 5045 5042 5046
f 5044 5042 5045
f 5044 5101 5107
f 5045 5101 5044
f 68 5156 66
f 5156 5101 66
f 5156 5107 5101
f 5156 68 5277
f 5675 5672 5671
f 5671 5672 5673
f 5673 5674 4336
f 5672 5674 5673
f 4336 4256 4251
f 5674 4256 4336
f 4171 4251 4256
f 4171 4256 4206
f 81 83 5029
f 81 5029 5030
f 5029 5036 5028
f 83 5036 5029
f 5032 5028 5053
f 5028 5048 5053
f 5028 5036 5048
f 5053 5048 5046
f 4206 4162 4171
f 4171 4162 4139
f 4147 4139 4162
f 4147 4162 3905
f 5206 5170 5172
f 5206 5172 5207
f 5172 5171 5105
f 5170 5171 5172
f 5105 5159 5095
f 5171 5159 5105
f 5030 5095 81
f 81 5095 5159
f 3390 3389 3391
f 3389 3905 3391
f 3389 4147 3905
f 3393 3390 3391
f 5224 5226 5222
f 5222 5226 5223
f 5221 5222 5223
f 5220 5222 5221
f 5220 5219 5218
f 5221 5219 5220
f 5218 5217 5216
f 5219 5217 5218
f 5216 5209 5208
f 5217 5209 5216
f 5207 5208 5206
f 5206 5208 5209
f 3390 3388 3389
f 3392 3388 3390
f 3393 3392 3390
f 3339 3392 3393
f 5814 5815 5816
f 5818 5817 5816
f 5815 5818 5816
f 5253 5818 5815
f 5818 5251 5819
f 5253 5251 5818
f 5819 5228 5225
f 5251 5228 5819
f 5224 5225 5226
f 5225 5227 5226
f 5225 5228 5227
f 5226 5227 5223
f 3339 3340 3392
f 3334 3340 3339
f 5822 5809 5903
f 5820 5904 5903
f 5809 5820 5903
f 5808 5820 5809
f 5820 5806 5810
f 5808 5806 5820
f 5810 5807 5811
f 5806 5807 5810
f 5816 5813 5814
f 5813 5807 5814
f 5813 5811 5807
f 5813 5816 5817
f 3334 3172 3340
f 3335 3172 3334
f 5912 5827 5948
f 5902 5949 5948
f 5827 5902 5948
f 5825 5902 5827
f 5902 5823 5901
f 5825 5823 5902
f 5903 5900 5822
f 5900 5823 5822
f 5900 5901 5823
f 5900 5903 5904
f 3335 3245 3172
f 3172 3245 3246
f 3243 3246 3245
f 3243 3245 3196
f 9772 5967 9327
f 5956 9326 9327
f 5956 9327 5967
f 5960 9324 9326
f 5956 5960 9326
f 5909 5960 5956
f 5960 5910 5959
f 5909 5910 5960
f 5948 5958 5912
f 5958 5910 5912
f 5958 5959 5910
f 5958 5948 5949
f 3196 3165 3243
f 3167 3165 3196
f 8979 8997 8981
f 8996 8985 8981
f 8996 8981 8997
f 8999 8986 8985
f 8996 8999 8985
f 9943 8999 8996
f 9327 10066 9772
f 10066 9943 9772
f 10066 8999 9943
f 10066 9327 9323
f 9323 9327 9326
f 9323 9326 9324
f 3167 3166 3165
f 3173 3166 3167
f 8971 8972 8973
f 8975 8998 8973
f 8972 8975 8973
f 8977 8975 8972
f 8981 8978 8979
f 8978 8977 8979
f 8978 8975 8977
f 8978 8981 8984
f 8984 8981 8985
f 8984 8985 8986
f 3173 3461 3166
f 3166 3461 3460
f 3459 3460 3461
f 3459 3461 3410
f 8983 8964 8947
f 8963 8945 8947
f 8963 8947 8964
f 8965 9044 8945
f 8965 8945 8963
f 9044 8965 8971
f 9044 8971 8973
f 8930 9044 8973
f 9610 8930 8973
f 9610 8973 8998
f 3410 3412 3459
f 3411 3412 3410
f 8956 8995 8952
f 8962 8948 8952
f 8962 8952 8995
f 8948 8962 8983
f 8947 8948 8983
f 8946 8948 8947
f 9032 8946 8944
f 8946 8945 8944
f 8946 8947 8945
f 8944 8945 8925
f 8925 8945 9044
f 8925 9044 8930
f 3411 3413 3412
f 3420 3413 3411
f 89 8957 8954
f 8954 8957 8956
f 8952 8954 8956
f 8953 8954 8952
f 8949 8952 8948
f 8953 8952 8949
f 8951 8949 8950
f 8949 8946 8950
f 8949 8948 8946
f 8950 8946 9032
f 3422 3419 3421
f 3419 3420 3421
f 3419 3413 3420
f 3443 3422 3421
f 8481 9885 9049
f 87 8958 9049
f 87 9049 9885
f 8958 87 89
f 8954 8958 89
f 8960 8958 8954
f 8955 8954 8953
f 8960 8954 8955
f 8959 8953 8949
f 8955 8953 8959
f 9122 8959 8951
f 8951 8959 8949
f 3422 3423 3419
f 3444 3423 3422
f 3443 3444 3422
f 3447 3444 3443
f 8481 9049 8479
f 8481 8479 8480
f 10077 9049 8958
f 8479 9049 10077
f 9935 8958 8960
f 10077 8958 9935
f 10092 8960 8955
f 9935 8960 10092
f 9939 8955 8959
f 10092 8955 9939
f 9135 9939 9122
f 9122 9939 8959
f 3447 3450 3444
f 3449 3450 3447
f 8480 8479 8477
f 8480 8477 8485
f 8475 8479 10077
f 8477 8479 8475
f 8476 10077 9935
f 8475 10077 8476
f 9886 9935 10092
f 8476 9935 9886
f 9039 9886 9887
f 9886 9939 9887
f 9886 10092 9939
f 9887 9939 9135
f 3449 3608 3450
f 3687 3608 3449
f 9962 9929 9791
f 9791 9929 8485
f 8477 9791 8485
f 8548 9791 8477
f 8471 8477 8475
f 8548 8477 8471
f 8472 8475 8476
f 8471 8475 8472
f 8473 8476 9886
f 8472 8476 8473
f 8576 8473 9039
f 9039 8473 9886
f 3852 3861 3851
f 3861 3687 3851
f 3861 3608 3687
f 3850 3852 3851
f 9962 9791 9659
f 9962 9659 9614
f 9567 9791 8548
f 9659 9791 9567
f 8469 8548 8471
f 9567 8548 8469
f 8470 8471 8472
f 8469 8471 8470
f 8478 8470 8474
f 8470 8473 8474
f 8470 8472 8473
f 8474 8473 8576
f 4398 4399 3852
f 4399 3861 3852
f 4399 4401 3861
f 4398 3852 3850
f 9614 9659 8547
f 9614 8547 8458
f 8462 9659 9567
f 8547 9659 8462
f 8466 9567 8469
f 8462 9567 8466
f 8468 8469 8470
f 8466 8469 8468
f 9763 8468 8478
f 8478 8468 8470
f 4399 4547 4401
f 4546 4547 4399
f 8458 8547 8456
f 8458 8456 8457
f 8459 8547 8462
f 8456 8547 8459
f 8461 8462 8466
f 8459 8462 8461
f 8467 8466 8468
f 8461 8466 8467
f 8588 8525 9763
f 8525 8468 9763
f 8525 8467 8468
f 8587 8525 8588
f 4581 4566 4586
f 4586 4566 4568
f 4586 4547 4546
f 4586 4546 4581
f 8457 8456 8454
f 8457 8454 8465
f 8455 8456 8459
f 8454 8456 8455
f 8460 8459 8461
f 8455 8459 8460
f 8646 8461 8467
f 8460 8461 8646
f 8586 8467 8525
f 8646 8467 8586
f 8589 8586 8587
f 8587 8586 8525
f 4566 4567 4568
f 4565 4567 4566
f 8465 8454 8451
f 8465 8451 8450
f 8453 8454 8455
f 8451 8454 8453
f 8464 8455 8460
f 8453 8455 8464
f 9803 8460 8646
f 8464 8460 9803
f 8590 8646 8586
f 9803 8646 8590
f 8591 8590 8589
f 8589 8590 8586
f 4605 4677 4582
f 4582 4677 4675
f 4582 4567 4565
f 4582 4565 4605
f 8450 8451 8449
f 8450 8449 8448
f 8452 8451 8453
f 8449 8451 8452
f 9768 8453 8464
f 8452 8453 9768
f 8597 8464 9803
f 9768 8464 8597
f 8594 9803 8590
f 8597 9803 8594
f 8601 8593 8591
f 8593 8590 8591
f 8593 8594 8590
f 8779 8593 8601
f 4677 4676 4675
f 4678 4676 4677
f 8448 8449 8426
f 8448 8426 8425
f 8463 8449 8452
f 8426 8449 8463
f 9889 8452 9768
f 8463 8452 9889
f 8598 9768 8597
f 9889 9768 8598
f 8596 8597 8594
f 8598 8597 8596
f 8595 8594 8593
f 8596 8594 8595
f 8782 8595 8779
f 8779 8595 8593
f 6397 6395 6608
f 6413 6403 6608
f 6403 6397 6608
f 6403 6402 6397
f 6405 6403 6406
f 6405 6402 6403
f 6407 6406 6411
f 6407 6405 6406
f 7238 6411 6524
f 7238 6407 6411
f 6525 6524 6523
f 6525 7238 6524
f 4722 6523 4682
f 4722 6525 6523
f 4682 4676 4678
f 4682 4678 4722
f 8425 8426 74
f 8425 74 73
f 9888 8426 8463
f 74 8426 9888
f 8609 8463 9889
f 9888 8463 8609
f 8600 9889 8598
f 8609 9889 8600
f 8599 8598 8596
f 8600 8598 8599
f 9613 8596 8595
f 8599 8596 9613
f 71 70 8782
f 70 8595 8782
f 70 9613 8595
f 69 70 71
f 6701 6241 6286
f 6641 6387 6286
f 6387 6701 6286
f 6387 6391 6701
f 6389 6387 6388
f 6389 6391 6387
f 6390 6388 6393
f 6390 6389 6388
f 6394 6608 6395
f 6390 6394 6395
f 6393 6394 6390
f 6608 6394 6413
f 72 73 74
f 9634 9592 72
f 74 9634 72
f 9888 9634 74
f 8615 9888 8609
f 9634 9888 8615
f 8603 8609 8600
f 8615 8609 8603
f 8602 8600 8599
f 8603 8600 8602
f 8613 8599 9613
f 8602 8599 8613
f 9797 9613 70
f 8613 9613 9797
f 9589 9797 69
f 69 9797 70
f 6382 6281 6228
f 6382 6228 6233
f 6228 6230 6233
f 6228 6229 6230
f 6231 6229 6232
f 6231 6230 6229
f 6235 6232 6236
f 6235 6231 6232
f 6237 6286 6241
f 6235 6237 6241
f 6236 6237 6235
f 6286 6237 6641
f 9592 9634 9635
f 9592 9635 9655
f 9769 9634 8615
f 9635 9634 9769
f 8605 8615 8603
f 9769 8615 8605
f 8604 8603 8602
f 8605 8603 8604
f 8607 8602 8613
f 8604 8602 8607
f 9758 8613 9797
f 8607 8613 9758
f 77 76 9589
f 76 9797 9589
f 76 9758 9797
f 75 76 77
f 7186 6305 6303
f 6301 6366 6303
f 6303 6366 7186
f 6366 6301 6359
f 6301 6358 6359
f 6301 6299 6358
f 6367 6299 6295
f 6367 6358 6299
f 6293 6295 6294
f 6293 6367 6295
f 6290 6294 6380
f 6290 6293 6294
f 6289 6380 6285
f 6289 6290 6380
f 6285 6281 6382
f 6243 6285 6382
f 6289 6285 6243
f 6243 6382 6233
f 9883 9655 9635
f 8614 9894 9883
f 9635 8614 9883
f 9769 8614 9635
f 8610 9769 8605
f 8614 9769 8610
f 8606 8605 8604
f 8610 8605 8606
f 8608 8604 8607
f 8606 8604 8608
f 10003 8607 9758
f 8608 8607 10003
f 8761 9758 76
f 10003 9758 8761
f 80 79 75
f 79 76 75
f 79 8761 76
f 78 79 80
f 9017 10071 8816
f 8814 8812 8816
f 8816 8812 9017
f 8815 8813 8814
f 8814 8813 8812
f 8848 9001 8815
f 8815 9001 8813
f 7131 7132 8848
f 8848 7132 9001
f 7130 7129 7131
f 7131 7129 7132
f 7134 7115 7130
f 7130 7115 7129
f 7115 7134 7111
f 7134 7114 7111
f 7134 7164 7114
f 7165 7164 7167
f 7165 7114 7164
f 7169 7167 6314
f 7169 7165 7167
f 6312 6314 6310
f 6312 7169 6314
f 6311 6310 6309
f 6311 6312 6310
f 6315 6309 6357
f 6315 6311 6309
f 6357 6305 7186
f 6319 6357 7186
f 6315 6357 6319
f 6319 7186 6366
f 6319 6366 7206
f 7206 6366 6359
f 9064 9894 8614
f 8612 8658 9064
f 8614 8612 9064
f 8610 8612 8614
f 8611 8610 8606
f 8612 8610 8611
f 9987 8606 8608
f 8611 8606 9987
f 8772 8608 10003
f 9987 8608 8772
f 8706 10003 8761
f 8772 10003 8706
f 8707 8761 79
f 8706 8761 8707
f 8715 8710 78
f 8710 79 78
f 8710 8707 79
f 10018 8712 8715
f 8715 8712 8710
f 8717 8714 10018
f 10018 8714 8712
f 8718 8716 8717
f 8717 8716 8714
f 8721 8720 8718
f 8718 8720 8716
f 9617 8766 8721
f 8721 8766 8720
f 10071 9017 9617
f 9017 8766 9617
f 9017 8811 8766
f 8812 6777 8810
f 8811 8812 8810
f 9017 8812 8811
f 6777 8812 8813
f 6777 8813 6775
f 6775 8813 9001
f 6775 9001 6776
f 6776 9001 7132
f 6776 7132 7156
f 7156 7132 7129
f 7156 7129 7106
f 7106 7129 7115
f 7106 7115 7107
f 7107 7115 7111
f 8657 8658 8612
f 8657 8612 8611
f 8657 8611 8659
f 8659 8611 9987
f 8659 9987 8691
f 8691 9987 8772
f 8691 8772 8702
f 8702 8772 8706
f 8702 8706 8704
f 8704 8706 8707
f 8704 8707 8708
f 8709 8722 8708
f 8707 8709 8708
f 8710 8709 8707
f 8711 8710 8712
f 8709 8710 8711
f 8713 8712 8714
f 8711 8712 8713
f 8716 8763 8768
f 8713 8716 8768
f 8714 8716 8713
f 8763 8716 8720
f 8763 8720 8764
f 8764 8720 8766
f 8764 8766 9631
f 9631 8766 8811
f 9631 8811 8809
f 8809 8811 8810
f 8765 8722 8709
f 8765 8709 8711
f 8765 8711 8762
f 8762 8711 8713
f 8762 8713 10022
f 10022 8713 8768
f 66 5153 67
f 67 5153 5198
f 5195 67 5198
f 5279 67 5195
f 5634 5677 5675
f 5279 5634 5675
f 5195 5634 5279
f 5676 5677 5634
f 5047 5050 5045
f 5047 5045 5046
f 5045 5076 5101
f 5050 5076 5045
f 66 5101 5153
f 5101 5152 5153
f 5101 5076 5152
f 5153 5152 5198
f 5677 5672 5675
f 5676 5678 5677
f 5678 5672 5677
f 5678 5674 5672
f 5674 4265 4256
f 5678 4265 5674
f 4206 4256 4265
f 4206 4265 4228
f 81 82 83
f 83 82 5161
f 5150 83 5161
f 5036 83 5150
f 5036 5049 5048
f 5150 5049 5036
f 5046 5048 5047
f 5047 5048 5049
f 4228 4197 4206
f 4206 4197 4162
f 3905 4162 4197
f 3905 4197 3907
f 5206 5246 5170
f 5170 5246 5205
f 5204 5170 5205
f 5171 5170 5204
f 5171 5203 5159
f 5204 5203 5171
f 81 5159 82
f 5159 5160 82
f 5159 5203 5160
f 82 5160 5161
f 3907 3906 3905
f 3905 3906 3391
f 3393 3391 3906
f 3393 3906 3338
f 5223 5270 5221
f 5221 5270 5310
f 5314 5221 5310
f 5219 5221 5314
f 5219 5313 5217
f 5314 5313 5219
f 5217 5289 5209
f 5313 5289 5217
f 5206 5209 5246
f 5209 5247 5246
f 5209 5289 5247
f 5246 5247 5205
f 3338 3339 3393
f 3333 3339 3338
f 5511 5322 5815
f 5511 5815 5814
f 5815 5254 5253
f 5322 5254 5815
f 5253 5252 5251
f 5254 5252 5253
f 5251 5250 5228
f 5252 5250 5251
f 5228 5248 5227
f 5250 5248 5228
f 5223 5227 5270
f 5227 5269 5270
f 5227 5248 5269
f 5270 5269 5310
f 3333 3334 3339
f 3331 3334 3333
f 5824 5812 5821
f 5809 5822 5821
f 5812 5809 5821
f 5332 5809 5812
f 5809 5330 5808
f 5332 5330 5809
f 5808 5328 5806
f 5330 5328 5808
f 5806 5326 5807
f 5328 5326 5806
f 5814 5807 5511
f 5511 5807 5326
f 3329 3335 3328
f 3335 3331 3328
f 3335 3334 3331
f 3258 3329 3328
f 84 85 86
f 5831 5911 86
f 5831 86 85
f 5827 5912 5911
f 5831 5827 5911
f 5829 5827 5831
f 5827 5826 5825
f 5829 5826 5827
f 5821 5823 5824
f 5823 5826 5824
f 5823 5825 5826
f 5823 5821 5822
f 3329 3245 3335
f 3196 3245 3329
f 3258 3196 3329
f 3175 3196 3258
f 5849 5840 5968
f 5967 9772 5968
f 5840 5967 5968
f 5837 5967 5840
f 5967 5835 5956
f 5837 5835 5967
f 86 5909 84
f 5909 5835 84
f 5909 5956 5835
f 5909 86 5910
f 5910 86 5911
f 5910 5911 5912
f 3175 3167 3196
f 3174 3167 3175
f 5983 5905 8980
f 8997 8979 8980
f 5905 8997 8980
f 5850 8997 5905
f 8997 5848 8996
f 5850 5848 8997
f 5968 9943 5849
f 9943 5848 5849
f 9943 8996 5848
f 9943 5968 9772
f 3174 3173 3167
f 3386 3173 3174
f 8968 8969 8966
f 5982 8967 8966
f 5982 8966 8969
f 8972 8971 8967
f 5982 8972 8967
f 5981 8972 5982
f 8980 8977 5983
f 8977 5981 5983
f 8977 8972 5981
f 8977 8980 8979
f 3386 3409 3173
f 3173 3409 3461
f 3410 3461 3409
f 3410 3409 3407
f 9970 10017 9863
f 8964 8983 9863
f 10017 8964 9863
f 8974 8964 10017
f 8966 8963 8968
f 8963 8974 8968
f 8963 8964 8974
f 8963 8966 8965
f 8965 8966 8967
f 8965 8967 8971
f 3407 3411 3410
f 3452 3411 3407
f 9925 9940 9811
f 9785 8961 9811
f 9785 9811 9940
f 8995 8956 8961
f 9785 8995 8961
f 9802 8995 9785
f 9863 8962 9970
f 8962 9802 9970
f 8962 8995 9802
f 8962 9863 8983
f 3452 3420 3411
f 3425 3420 3452
f 8647 9963 9880
f 9924 9967 9880
f 9924 9880 9963
f 9967 9924 9925
f 9811 9967 9925
f 88 9967 9811
f 89 88 8957
f 88 8961 8957
f 88 9811 8961
f 8957 8961 8956
f 3425 3424 3420
f 3420 3424 3421
f 3443 3421 3424
f 3443 3424 3445
f 8503 8502 8500
f 8501 8499 8500
f 8501 8500 8502
f 8499 8501 8647
f 9880 8499 8647
f 8506 8499 9880
f 8481 8506 9885
f 8506 9967 9885
f 8506 9880 9967
f 9885 9967 87
f 87 9967 88
f 87 88 89
f 3445 3447 3443
f 3448 3447 3445
f 10001 9905 8498
f 8498 9905 8503
f 8500 8498 8503
f 9756 8498 8500
f 8484 8500 8499
f 9756 8500 8484
f 8482 8499 8506
f 8484 8499 8482
f 8480 8482 8481
f 8481 8482 8506
f 3448 3449 3447
f 3577 3449 3448
f 8497 8694 8492
f 8492 8694 10001
f 8498 8492 10001
f 8490 8492 8498
f 8488 8498 9756
f 8490 8498 8488
f 8486 9756 8484
f 8488 9756 8486
f 8483 8484 8482
f 8486 8484 8483
f 8485 8483 8480
f 8480 8483 8482
f 3577 3687 3449
f 92 3687 3577
f 8497 8492 8493
f 8497 8493 8507
f 8491 8492 8490
f 8493 8492 8491
f 8489 8490 8488
f 8491 8490 8489
f 8487 8488 8486
f 8489 8488 8487
f 9962 8487 9929
f 8487 8483 9929
f 8487 8486 8483
f 9929 8483 8485
f 92 91 3687
f 3687 91 3851
f 3850 3851 91
f 3850 91 3842
f 9866 9893 8513
f 8513 9893 8507
f 8493 8513 8507
f 8495 8513 8493
f 8494 8493 8491
f 8495 8493 8494
f 8504 8491 8489
f 8494 8491 8504
f 9820 8489 8487
f 8504 8489 9820
f 9614 9820 9962
f 9962 9820 8487
f 4400 4399 4398
f 4396 4400 4398
f 3850 4396 4398
f 3842 4396 3850
f 9866 8513 9881
f 9866 9881 9830
f 8505 8513 8495
f 9881 8513 8505
f 8496 8495 8494
f 8505 8495 8496
f 9815 8494 8504
f 8496 8494 9815
f 8585 8504 9820
f 9815 8504 8585
f 8458 8585 9614
f 9614 8585 9820
f 4543 4544 4400
f 4544 4399 4400
f 4544 4546 4399
f 4543 4400 4396
f 9830 9881 8555
f 9830 8555 8639
f 8550 9881 8505
f 8555 9881 8550
f 8524 8505 8496
f 8550 8505 8524
f 8579 8496 9815
f 8524 8496 8579
f 8584 9815 8585
f 8579 9815 8584
f 8457 8584 8458
f 8458 8584 8585
f 4558 4560 4581
f 4581 4560 4566
f 4581 4546 4544
f 4581 4544 4558
f 8639 8555 9616
f 8639 9616 10033
f 8554 8555 8550
f 9616 8555 8554
f 8551 8550 8524
f 8554 8550 8551
f 8552 8524 8579
f 8551 8524 8552
f 9770 8579 8584
f 8552 8579 9770
f 8465 9770 8457
f 8457 9770 8584
f 4560 4565 4566
f 4561 4565 4560
f 10033 9616 8413
f 10033 8413 8427
f 8416 9616 8554
f 8413 9616 8416
f 9566 8554 8551
f 8416 8554 9566
f 8553 8551 8552
f 9566 8551 8553
f 10026 8552 9770
f 8553 8552 10026
f 8450 10026 8465
f 8465 10026 9770
f 4825 4677 4605
f 4564 4825 4605
f 4565 4564 4605
f 4561 4564 4565
f 8427 8413 8410
f 8427 8410 8387
f 8412 8413 8416
f 8410 8413 8412
f 8415 8416 9566
f 8412 8416 8415
f 8419 9566 8553
f 8415 9566 8419
f 8645 8553 10026
f 8419 8553 8645
f 8448 8645 8450
f 8450 8645 10026
f 4575 4679 4825
f 4679 4677 4825
f 4679 4678 4677
f 4575 4825 4564
f 8387 8410 8388
f 8387 8388 8386
f 8411 8410 8412
f 8388 8410 8411
f 8414 8412 8415
f 8411 8412 8414
f 8417 8415 8419
f 8414 8415 8417
f 8791 8419 8645
f 8417 8419 8791
f 8425 8791 8448
f 8448 8791 8645
f 6398 6642 6396
f 6395 6397 6396
f 6397 6398 6396
f 6397 6399 6398
f 6401 6397 6402
f 6401 6399 6397
f 6404 6402 6405
f 6404 6401 6402
f 6518 6405 6407
f 6518 6404 6405
f 6696 6407 7238
f 6696 6518 6407
f 6527 7238 6525
f 6527 6696 7238
f 6526 6525 4722
f 6526 6527 6525
f 4722 4678 4679
f 4722 4679 6526
f 8386 8388 8625
f 8386 8625 8389
f 8418 8388 8411
f 8625 8388 8418
f 8557 8411 8414
f 8418 8411 8557
f 8420 8414 8417
f 8557 8414 8420
f 8421 8417 8791
f 8420 8417 8421
f 73 8421 8425
f 8425 8421 8791
f 7266 6260 6701
f 6701 6260 6241
f 6639 6701 6391
f 6639 7266 6701
f 6392 6391 6389
f 6392 6639 6391
f 6390 6396 6642
f 6392 6390 6642
f 6389 6390 6392
f 6396 6390 6395
f 98 8389 8625
f 9596 96 98
f 8625 9596 98
f 8418 9596 8625
f 8447 8418 8557
f 9596 8418 8447
f 8423 8557 8420
f 8447 8557 8423
f 8422 8420 8421
f 8423 8420 8422
f 72 8424 73
f 8424 8421 73
f 8424 8422 8421
f 9592 8424 72
f 6249 6287 6242
f 6233 6230 6242
f 6230 6249 6242
f 6230 6250 6249
f 6261 6230 6231
f 6261 6250 6230
f 6238 6231 6235
f 6238 6261 6231
f 6235 6241 6260
f 6235 6260 6238
f 96 9596 8400
f 96 8400 8394
f 9628 9596 8447
f 8400 9596 9628
f 8446 8447 8423
f 9628 8447 8446
f 8444 8423 8422
f 8446 8423 8444
f 8655 8422 8424
f 8444 8422 8655
f 9655 8655 9592
f 9592 8655 8424
f 6361 6360 6358
f 6358 6360 6359
f 6362 6358 6367
f 6362 6361 6358
f 7251 6367 6293
f 7251 6362 6367
f 6291 6293 6290
f 6291 7251 6293
f 6288 6290 6289
f 6288 6291 6290
f 6243 6242 6287
f 6288 6243 6287
f 6289 6243 6288
f 6242 6243 6233
f 8394 8400 8396
f 8394 8396 8395
f 8399 8400 9628
f 8396 8400 8399
f 8618 9628 8446
f 8399 9628 8618
f 8653 8446 8444
f 8618 8446 8653
f 9858 8444 8655
f 8653 8444 9858
f 9883 9757 9655
f 9757 8655 9655
f 9757 9858 8655
f 9894 9757 9883
f 7109 7111 7114
f 7109 7114 7110
f 7114 7166 7110
f 7114 7165 7166
f 6346 7165 7169
f 6346 7166 7165
f 6328 7169 6312
f 6328 6346 7169
f 6353 6312 6311
f 6353 6328 6312
f 6316 6311 6315
f 6316 6353 6311
f 6317 6315 6319
f 6317 6316 6315
f 6321 6319 7206
f 6321 6317 6319
f 7206 6359 6360
f 7206 6360 6321
f 8395 8396 8397
f 8395 8397 8401
f 8398 8396 8399
f 8397 8396 8398
f 8617 8399 8618
f 8398 8399 8617
f 8619 8618 8653
f 8617 8618 8619
f 9899 8653 9858
f 8619 8653 9899
f 9859 9858 9757
f 9899 9858 9859
f 9064 10025 9894
f 10025 9757 9894
f 10025 9859 9757
f 8658 10025 9064
f 8982 8810 6777
f 6775 6774 6777
f 6777 6774 8982
f 6776 6773 6775
f 6775 6773 6774
f 6773 6776 6789
f 6776 6787 6789
f 6776 7156 6787
f 6788 7156 7106
f 6788 6787 7156
f 7105 7106 7107
f 7105 6788 7106
f 7107 7111 7109
f 7108 7107 7109
f 7105 7107 7108
f 7108 7109 7110
f 8401 8397 8402
f 8401 8402 8403
f 8432 8397 8398
f 8402 8397 8432
f 9755 8398 8617
f 8432 8398 9755
f 8650 8617 8619
f 9755 8617 8650
f 8687 8619 9899
f 8650 8619 8687
f 9957 9899 9859
f 8687 9899 9957
f 9965 9859 10025
f 9957 9859 9965
f 8657 9050 8658
f 9050 10025 8658
f 9050 9965 10025
f 8659 8660 8657
f 8657 8660 9050
f 8691 8661 8659
f 8659 8661 8660
f 8702 8701 8691
f 8691 8701 8661
f 8704 8703 8702
f 8702 8703 8701
f 8708 9052 8704
f 8704 9052 8703
f 8722 9052 8708
f 9825 8768 8763
f 8764 8769 8763
f 8763 8769 9825
f 9631 8801 8764
f 8764 8801 8769
f 8809 8808 9631
f 9631 8808 8801
f 6759 8808 8809
f 6759 8809 8810
f 6790 6759 8810
f 8982 6790 8810
f 6790 8982 6774
f 6790 6774 6770
f 6770 6774 6773
f 6770 6773 6771
f 6771 6773 6789
f 9751 8403 8402
f 9751 8402 8432
f 9751 8432 9752
f 9753 9878 9752
f 8432 9753 9752
f 9755 9753 8432
f 10028 9755 8650
f 9753 9755 10028
f 9930 8650 8687
f 10028 8650 9930
f 10082 8687 9957
f 9930 8687 10082
f 9931 9957 9965
f 10082 9957 9931
f 9903 9965 9050
f 9931 9965 9903
f 8663 9050 8660
f 9903 9050 8663
f 8662 8660 8661
f 8663 8660 8662
f 10030 8661 8701
f 8662 8661 10030
f 8705 8701 8703
f 10030 8701 8705
f 8767 8703 9052
f 8705 8703 8767
f 8765 10005 8722
f 10005 9052 8722
f 10005 8767 9052
f 10005 8765 100
f 8765 101 100
f 8765 8762 101
f 6749 8762 10022
f 6749 101 8762
f 10022 8768 9825
f 6748 10022 9825
f 6749 10022 6748
f 6748 9825 8769
f 6748 8769 6750
f 6750 8769 8801
f 6750 8801 6753
f 6753 8801 8808
f 6753 8808 6757
f 6757 8808 6759
f 8679 9878 9753
f 8679 9753 10028
f 8679 10028 8677
f 8677 10028 9930
f 8677 9930 8683
f 8683 9930 10082
f 8683 10082 8670
f 8670 10082 9931
f 8670 9931 8681
f 8681 9931 9903
f 8681 9903 8665
f 8665 9903 8663
f 8665 8663 8664
f 8664 8663 8662
f 8664 8662 8682
f 8682 8662 10030
f 8682 10030 6814
f 6814 10030 8705
f 6814 8705 7214
f 7214 8705 8767
f 7214 8767 6807
f 6807 8767 10005
f 6807 10005 6806
f 6806 10005 100
f 5154 5194 5195
f 5154 5195 5198
f 5195 5597 5634
f 5194 5597 5195
f 5676 5634 5597
f 5676 5597 5708
f 5051 5052 5050
f 5051 5050 5047
f 5050 5062 5076
f 5052 5062 5050
f 5076 5125 5152
f 5062 5125 5076
f 5198 5152 5154
f 5154 5152 5125
f 5708 5683 5676
f 5676 5683 5678
f 5678 4255 4265
f 5683 4255 5678
f 4228 4265 4255
f 4228 4255 104
f 5186 5301 5150
f 5186 5150 5161
f 5150 5055 5049
f 5301 5055 5150
f 5047 5049 5051
f 5051 5049 5055
f 104 103 4228
f 4228 103 4197
f 3907 4197 103
f 3907 103 3932
f 5205 5639 5204
f 5204 5639 5644
f 5594 5204 5644
f 5203 5204 5594
f 5203 5309 5160
f 5594 5309 5203
f 5161 5160 5186
f 5186 5160 5309
f 3932 3908 3907
f 3907 3908 3906
f 3338 3906 3908
f 3338 3908 3336
f 5310 5617 5314
f 5653 5313 5314
f 5653 5314 5617
f 5313 5653 5721
f 5720 5313 5721
f 5289 5313 5720
f 5289 5692 5247
f 5720 5692 5289
f 5205 5247 5639
f 5247 5691 5639
f 5247 5692 5691
f 5639 5691 5644
f 3336 3333 3338
f 3332 3333 3336
f 5511 5323 5322
f 5322 5323 5324
f 5321 5322 5324
f 5254 5322 5321
f 5254 5320 5252
f 5321 5320 5254
f 5252 5572 5250
f 5320 5572 5252
f 5250 5586 5248
f 5572 5586 5250
f 5248 5608 5269
f 5586 5608 5248
f 5310 5269 5617
f 5269 5648 5617
f 5269 5608 5648
f 5617 5648 5653
f 5653 5648 5744
f 5653 5744 5721
f 3301 3331 3302
f 3331 3332 3302
f 3331 3333 3332
f 3259 3301 3302
f 5340 5337 5812
f 5340 5812 5824
f 5812 5333 5332
f 5337 5333 5812
f 5332 5331 5330
f 5333 5331 5332
f 5330 5329 5328
f 5331 5329 5330
f 5328 5327 5326
f 5329 5327 5328
f 5511 5326 5323
f 5326 5325 5323
f 5326 5327 5325
f 5323 5325 5324
f 3301 3328 3331
f 3258 3328 3301
f 3259 3258 3301
f 3257 3258 3259
f 5834 5833 85
f 5834 85 84
f 85 5832 5831
f 5833 5832 85
f 5831 5344 5829
f 5832 5344 5831
f 5829 5341 5826
f 5344 5341 5829
f 5824 5826 5340
f 5340 5826 5341
f 3257 3175 3258
f 3176 3175 3257
f 5842 5841 5847
f 5840 5849 5847
f 5841 5840 5847
f 5839 5840 5841
f 5840 5838 5837
f 5839 5838 5840
f 5837 5836 5835
f 5838 5836 5837
f 84 5835 5834
f 5834 5835 5836
f 3176 3174 3175
f 3385 3174 3176
f 5868 5845 5906
f 5905 5983 5906
f 5845 5905 5906
f 5844 5905 5845
f 5905 5843 5850
f 5844 5843 5905
f 5847 5848 5842
f 5848 5843 5842
f 5848 5850 5843
f 5848 5847 5849
f 3408 3386 3430
f 3386 3385 3430
f 3386 3174 3385
f 3405 3408 3430
f 5963 5891 8970
f 8969 8968 8970
f 5891 8969 8970
f 5875 8969 5891
f 8969 5867 5982
f 5875 5867 8969
f 5906 5981 5868
f 5981 5867 5868
f 5981 5982 5867
f 5981 5906 5983
f 3408 3409 3386
f 3407 3409 3408
f 3405 3407 3408
f 3406 3407 3405
f 5985 5969 9995
f 5962 10054 9995
f 5962 9995 5969
f 10017 9970 10054
f 5962 10017 10054
f 5961 10017 5962
f 8970 8974 5963
f 8974 5961 5963
f 8974 10017 5961
f 8974 8970 8968
f 3406 3452 3407
f 3428 3452 3406
f 9914 9912 9922
f 9913 9923 9922
f 9913 9922 9912
f 9940 9925 9923
f 9913 9940 9923
f 5984 9940 9913
f 9995 9785 5985
f 9785 5984 5985
f 9785 9940 5984
f 9785 9995 9802
f 9802 9995 10054
f 9802 10054 9970
f 3426 3425 3427
f 3425 3428 3427
f 3425 3452 3428
f 3446 3426 3427
f 9906 9907 8508
f 9908 9964 8508
f 9908 8508 9907
f 9964 9908 9914
f 9964 9914 9922
f 8647 9964 9922
f 9963 8647 9922
f 9963 9922 9924
f 9924 9922 9923
f 9924 9923 9925
f 3426 3424 3425
f 3445 3424 3426
f 3446 3445 3426
f 3467 3445 3446
f 8518 10062 8526
f 9919 10008 8526
f 9919 8526 10062
f 9926 9904 10008
f 9926 10008 9919
f 9904 9926 9906
f 9904 9906 8508
f 8503 9904 8508
f 8502 8503 8508
f 8502 8508 8501
f 8501 8508 9964
f 8501 9964 8647
f 3467 3448 3445
f 3468 3448 3467
f 9055 8517 8515
f 8516 8514 8515
f 8516 8515 8517
f 8514 8516 8518
f 8526 8514 8518
f 8519 8514 8526
f 8522 8526 10008
f 8519 8526 8522
f 10001 8522 9905
f 8522 9904 9905
f 8522 10008 9904
f 9905 9904 8503
f 3468 3577 3448
f 3838 3577 3468
f 10079 9621 10039
f 10039 9621 9055
f 8515 10039 9055
f 8523 10039 8515
f 8511 8515 8514
f 8523 8515 8511
f 8510 8514 8519
f 8511 8514 8510
f 8497 8510 8694
f 8510 8522 8694
f 8510 8519 8522
f 8694 8522 10001
f 90 92 3839
f 92 3838 3839
f 92 3577 3838
f 3841 90 3839
f 8684 8685 8642
f 8790 9778 8642
f 8790 8642 8685
f 9778 8790 10079
f 10039 9778 10079
f 8638 9778 10039
f 9818 10039 8523
f 8638 10039 9818
f 8512 8523 8511
f 9818 8523 8512
f 8509 8511 8510
f 8512 8511 8509
f 8507 8509 8497
f 8497 8509 8510
f 90 91 92
f 3842 91 90
f 3841 3842 90
f 3847 3842 3841
f 93 94 95
f 95 94 8684
f 8642 95 8684
f 8640 95 8642
f 8644 8642 9778
f 8640 8642 8644
f 8634 9778 8638
f 8644 9778 8634
f 8637 8638 9818
f 8634 8638 8637
f 8549 9818 8512
f 8637 9818 8549
f 9866 8549 9893
f 8549 8509 9893
f 8549 8512 8509
f 9893 8509 8507
f 3847 4396 3842
f 4390 4396 3847
f 93 95 8641
f 93 8641 9856
f 8630 95 8640
f 8641 95 8630
f 8629 8640 8644
f 8630 8640 8629
f 8631 8644 8634
f 8629 8644 8631
f 8633 8634 8637
f 8631 8634 8633
f 8643 8637 8549
f 8633 8637 8643
f 9830 8643 9866
f 9866 8643 8549
f 4541 4540 4543
f 4543 4540 4544
f 4543 4396 4390
f 4543 4390 4541
f 9856 8641 8378
f 9856 8378 8372
f 9783 8641 8630
f 8378 8641 9783
f 8627 8630 8629
f 9783 8630 8627
f 8628 8629 8631
f 8627 8629 8628
f 8632 8631 8633
f 8628 8631 8632
f 8635 8633 8643
f 8632 8633 8635
f 8639 8635 9830
f 9830 8635 8643
f 4557 4559 4558
f 4558 4559 4560
f 4558 4544 4540
f 4558 4540 4557
f 8372 8378 8370
f 8372 8370 8368
f 8374 8378 9783
f 8370 8378 8374
f 8376 9783 8627
f 8374 9783 8376
f 8379 8627 8628
f 8376 8627 8379
f 9138 8628 8632
f 8379 8628 9138
f 8636 8632 8635
f 9138 8632 8636
f 10033 8636 8639
f 8639 8636 8635
f 4559 4561 4560
f 4562 4561 4559
f 8368 8370 8369
f 8368 8369 8363
f 8371 8370 8374
f 8369 8370 8371
f 8375 8374 8376
f 8371 8374 8375
f 8377 8376 8379
f 8375 8376 8377
f 8688 8379 9138
f 8377 8379 8688
f 9860 9138 8636
f 8688 9138 9860
f 8427 9860 10033
f 10033 9860 8636
f 4562 4564 4561
f 4574 4564 4562
f 8363 8369 8654
f 8363 8654 8362
f 8373 8369 8371
f 8654 8369 8373
f 8383 8371 8375
f 8373 8371 8383
f 8380 8375 8377
f 8383 8375 8380
f 8381 8377 8688
f 8380 8377 8381
f 9651 8688 9860
f 8381 8688 9651
f 8387 9651 8427
f 8427 9651 9860
f 4576 4826 4575
f 4575 4826 4679
f 4575 4564 4574
f 4575 4574 4576
f 8362 8654 8365
f 8362 8365 8364
f 9865 8654 8373
f 8365 8654 9865
f 9784 8373 8383
f 9865 8373 9784
f 9660 8383 8380
f 9784 8383 9660
f 8382 8380 8381
f 9660 8380 8382
f 8384 8381 9651
f 8382 8381 8384
f 8386 8384 8387
f 8387 8384 9651
f 6598 6603 6599
f 6642 6398 6599
f 6398 6598 6599
f 6398 6597 6598
f 6400 6398 6399
f 6400 6597 6398
f 6596 6399 6401
f 6596 6400 6399
f 6595 6401 6404
f 6595 6596 6401
f 6697 6404 6518
f 6697 6595 6404
f 6533 6518 6696
f 6533 6697 6518
f 6529 6696 6527
f 6529 6533 6696
f 6528 6527 6526
f 6528 6529 6527
f 6526 4679 4826
f 6526 4826 6528
f 8364 8365 8689
f 8364 8689 10060
f 8439 8365 9865
f 8689 8365 8439
f 8440 9865 9784
f 8439 9865 8440
f 9600 9784 9660
f 8440 9784 9600
f 9824 9660 8382
f 9600 9660 9824
f 8385 8382 8384
f 9824 8382 8385
f 8389 8385 8386
f 8386 8385 8384
f 6609 7254 7161
f 6260 7266 7161
f 7266 6609 7161
f 7266 6606 6609
f 7257 7266 6639
f 7257 6606 7266
f 6392 6599 6603
f 7257 6392 6603
f 6639 6392 7257
f 6599 6392 6642
f 10060 8689 8443
f 10060 8443 10098
f 8438 8689 8439
f 8443 8689 8438
f 8436 8439 8440
f 8438 8439 8436
f 8435 8440 9600
f 8436 8440 8435
f 8445 9600 9824
f 8435 9600 8445
f 8390 9824 8385
f 8445 9824 8390
f 98 97 8389
f 97 8385 8389
f 97 8390 8385
f 96 97 98
f 6271 6369 6292
f 6633 7187 6292
f 6292 7187 6271
f 6287 6249 6633
f 6249 7187 6633
f 6249 6258 7187
f 6251 6249 6250
f 6251 6258 6249
f 6252 6250 6261
f 6252 6251 6250
f 6238 7161 7254
f 6252 6238 7254
f 6261 6238 6252
f 7161 6238 6260
f 9968 10098 8443
f 8442 8569 9968
f 8443 8442 9968
f 8438 8442 8443
f 8437 8438 8436
f 8442 8438 8437
f 8434 8436 8435
f 8437 8436 8434
f 8407 8435 8445
f 8434 8435 8407
f 8392 8445 8390
f 8407 8445 8392
f 8391 8390 97
f 8392 8390 8391
f 8394 8391 96
f 96 8391 97
f 7272 7211 6368
f 6360 6361 6368
f 6361 7272 6368
f 6361 6365 7272
f 6363 6361 6362
f 6363 6365 6361
f 6364 6362 7251
f 6364 6363 6362
f 6291 6292 6369
f 6364 6291 6369
f 7251 6291 6364
f 6292 6291 6288
f 6292 6288 6633
f 6633 6288 6287
f 8569 8442 8566
f 8569 8566 8567
f 9561 8442 8437
f 8566 8442 9561
f 8441 8437 8434
f 9561 8437 8441
f 8433 8434 8407
f 8441 8434 8433
f 8406 8407 8392
f 8433 8407 8406
f 8393 8392 8391
f 8406 8392 8393
f 8395 8393 8394
f 8394 8393 8391
f 7112 7110 7166
f 7112 7166 110
f 7166 6330 110
f 7166 6346 6330
f 6327 6346 6328
f 6327 6330 6346
f 6323 6328 6353
f 6323 6327 6328
f 6320 6353 6316
f 6320 6323 6353
f 6318 6316 6317
f 6318 6320 6316
f 6321 6368 7211
f 6318 6321 7211
f 6317 6321 6318
f 6368 6321 6360
f 8567 8566 8565
f 8567 8565 8792
f 8563 8566 9561
f 8565 8566 8563
f 8562 9561 8441
f 8563 9561 8562
f 9869 8441 8433
f 8562 8441 9869
f 10031 8433 8406
f 9869 8433 10031
f 8556 8406 8393
f 10031 8406 8556
f 8401 8556 8395
f 8395 8556 8393
f 6779 6772 6787
f 6787 6772 6789
f 6783 6787 6788
f 6783 6779 6787
f 6786 6788 7105
f 6786 6783 6788
f 7113 7105 7108
f 7113 6786 7105
f 7108 7110 7112
f 109 7108 7112
f 7113 7108 109
f 109 7112 110
f 8792 8565 8568
f 8792 8568 8573
f 8564 8565 8563
f 8568 8565 8564
f 8561 8563 8562
f 8564 8563 8561
f 8560 8562 9869
f 8561 8562 8560
f 8578 9869 10031
f 8560 9869 8578
f 8404 10031 8556
f 8578 10031 8404
f 8403 8404 8401
f 8401 8404 8556
f 6761 6758 6790
f 6790 6758 6759
f 6765 6790 6770
f 6765 6761 6790
f 6769 6770 6771
f 6769 6765 6770
f 6771 6789 6772
f 6771 6772 6769
f 8572 8573 8568
f 8571 8574 8572
f 8568 8571 8572
f 8564 8571 8568
f 8648 8564 8561
f 8571 8564 8648
f 8559 8561 8560
f 8648 8561 8559
f 8429 8560 8578
f 8559 8560 8429
f 8408 8578 8404
f 8429 8578 8408
f 9751 8405 8403
f 8405 8404 8403
f 8405 8408 8404
f 9752 10047 9751
f 9751 10047 8405
f 9878 10047 9752
f 99 100 101
f 6749 7099 101
f 101 7099 99
f 7099 6749 6755
f 6749 6746 6755
f 6749 6748 6746
f 6747 6748 6750
f 6747 6746 6748
f 6751 6750 6753
f 6751 6747 6750
f 6756 6753 6757
f 6756 6751 6753
f 6757 6759 6758
f 6757 6758 6756
f 9961 8574 8571
f 9961 8571 8648
f 9961 8648 9015
f 9949 8785 9015
f 8648 9949 9015
f 8559 9949 8648
f 8558 8559 8429
f 9949 8559 8558
f 8428 8429 8408
f 8558 8429 8428
f 8409 8408 8405
f 8428 8408 8409
f 8577 8405 10047
f 8409 8405 8577
f 8679 8676 9878
f 8676 10047 9878
f 8676 8577 10047
f 8677 8674 8679
f 8679 8674 8676
f 8683 8672 8677
f 8677 8672 8674
f 8670 8669 8683
f 8683 8669 8672
f 8681 8668 8670
f 8670 8668 8669
f 8665 8667 8681
f 8681 8667 8668
f 8664 8666 8665
f 8665 8666 8667
f 8666 8664 6818
f 8664 6816 6818
f 8664 8682 6816
f 6812 8682 6814
f 6812 6816 8682
f 6811 6814 7214
f 6811 6812 6814
f 6802 7214 6807
f 6802 6811 7214
f 6803 6807 6806
f 6803 6802 6807
f 6806 100 99
f 6805 6806 99
f 6803 6806 6805
f 6805 99 7099
f 6805 7099 7258
f 7258 7099 6755
f 9996 8785 9949
f 9996 9949 8558
f 9996 8558 8699
f 8699 8558 8428
f 8699 8428 8430
f 8430 8428 8409
f 8430 8409 8431
f 8431 8409 8577
f 8431 8577 9872
f 9872 8577 8676
f 9872 8676 8675
f 8675 8676 8674
f 8675 8674 8673
f 8673 8674 8672
f 8673 8672 8671
f 8671 8672 8669
f 8671 8669 6860
f 6860 8669 8668
f 6860 8668 7231
f 7231 8668 8667
f 7231 8667 6893
f 6893 8667 8666
f 6893 8666 6819
f 6819 8666 6818
f 5064 5120 5126
f 5194 5154 5126
f 5120 5194 5126
f 5212 5194 5120
f 5194 5555 5597
f 5212 5555 5194
f 5708 5597 5555
f 5708 5555 5724
f 5054 5057 5052
f 5054 5052 5051
f 5052 5058 5062
f 5057 5058 5052
f 5126 5125 5064
f 5125 5058 5064
f 5125 5062 5058
f 5125 5126 5154
f 5724 5709 5708
f 5708 5709 5683
f 5683 4280 4255
f 5709 4280 5683
f 4249 102 104
f 4255 4249 104
f 4280 4249 4255
f 4207 102 4249
f 5186 5717 5301
f 5301 5717 5726
f 5302 5301 5726
f 5055 5301 5302
f 5051 5055 5054
f 5054 5055 5302
f 102 103 104
f 3934 3933 3932
f 3934 3932 103
f 4207 3934 103
f 102 4207 103
f 3949 3933 3934
f 5644 5790 5594
f 105 5309 5594
f 105 5594 5790
f 105 107 5309
f 5309 107 5186
f 107 5751 5186
f 5751 5717 5186
f 5717 5751 5726
f 3933 3908 3932
f 3336 3908 3933
f 3949 3336 3933
f 3337 3336 3949
f 5721 5785 5720
f 5784 5692 5720
f 5784 5720 5785
f 2679 5691 5692
f 2679 5692 5784
f 2679 2680 5691
f 5691 2680 5644
f 2680 5798 5644
f 5798 5790 5644
f 5790 5798 105
f 105 5798 106
f 105 106 107
f 3337 3332 3336
f 3330 3332 3337
f 5324 5565 5321
f 5602 5320 5321
f 5602 5321 5565
f 5641 5572 5320
f 5641 5320 5602
f 5705 5586 5572
f 5705 5572 5641
f 5775 5608 5586
f 5775 5586 5705
f 2657 5648 5608
f 2657 5608 5775
f 2639 5744 5648
f 2639 5648 2657
f 2639 2593 5744
f 5744 2593 5721
f 2593 2638 5721
f 2638 5785 5721
f 5785 2638 5784
f 5784 2638 2640
f 5784 2640 2679
f 2679 2640 2641
f 2679 2641 2680
f 3330 3263 3332
f 3332 3263 3302
f 3259 3302 3263
f 3259 3263 3260
f 5340 5339 5337
f 5337 5339 5338
f 5336 5337 5338
f 5333 5337 5336
f 5333 5334 5331
f 5336 5334 5333
f 5331 5335 5329
f 5334 5335 5331
f 5329 5529 5327
f 5335 5529 5329
f 5327 5571 5325
f 5529 5571 5327
f 5324 5325 5565
f 5325 5593 5565
f 5325 5571 5593
f 5565 5593 5602
f 5602 5593 5603
f 5602 5603 5641
f 5641 5603 5718
f 5641 5718 5705
f 5705 5718 2659
f 5705 2659 5775
f 5775 2659 2611
f 5775 2611 2657
f 2657 2611 2588
f 2657 2588 2639
f 2639 2588 2587
f 2639 2587 2593
f 3260 3257 3259
f 3261 3257 3260
f 5353 5350 5833
f 5353 5833 5834
f 5833 5349 5832
f 5350 5349 5833
f 5832 5345 5344
f 5349 5345 5832
f 5344 5343 5341
f 5345 5343 5344
f 5340 5341 5339
f 5341 5342 5339
f 5341 5343 5342
f 5339 5342 5338
f 3261 3176 3257
f 3262 3176 3261
f 5364 5361 5841
f 5364 5841 5842
f 5841 5359 5839
f 5361 5359 5841
f 5839 5357 5838
f 5359 5357 5839
f 5838 5354 5836
f 5357 5354 5838
f 5834 5836 5353
f 5353 5836 5354
f 3431 3385 3322
f 3385 3262 3322
f 3385 3176 3262
f 3321 3431 3322
f 5864 5846 5866
f 5845 5868 5866
f 5846 5845 5866
f 5369 5845 5846
f 5845 5367 5844
f 5369 5367 5845
f 5844 5365 5843
f 5367 5365 5844
f 5842 5843 5364
f 5364 5843 5365
f 3431 3430 3385
f 3405 3430 3431
f 3321 3405 3431
f 3324 3405 3321
f 5871 5870 5892
f 5891 5963 5892
f 5870 5891 5892
f 5869 5891 5870
f 5891 5865 5875
f 5869 5865 5891
f 5866 5867 5864
f 5867 5865 5864
f 5867 5875 5865
f 5867 5866 5868
f 3324 3406 3405
f 3462 3406 3324
f 5907 5874 5975
f 5969 5985 5975
f 5874 5969 5975
f 5873 5969 5874
f 5969 5872 5962
f 5873 5872 5969
f 5892 5961 5871
f 5961 5872 5871
f 5961 5962 5872
f 5961 5892 5963
f 3462 3428 3406
f 3480 3428 3462
f 9910 5964 9911
f 9912 9914 9911
f 5964 9912 9911
f 5954 9912 5964
f 9912 5908 9913
f 5954 5908 9912
f 5975 5984 5907
f 5984 5908 5907
f 5984 9913 5908
f 5984 5975 5985
f 3480 3453 3428
f 3428 3453 3427
f 3446 3427 3453
f 3446 3453 3470
f 9918 9917 9916
f 5986 9915 9916
f 5986 9916 9917
f 9907 9906 9915
f 5986 9907 9915
f 9909 9907 5986
f 9911 9908 9910
f 9908 9909 9910
f 9908 9907 9909
f 9908 9911 9914
f 3470 3467 3446
f 3469 3467 3470
f 9620 9626 8520
f 9989 8521 8520
f 9989 8520 9626
f 10062 8518 8521
f 9989 10062 8521
f 9920 10062 9989
f 9916 9919 9918
f 9919 9920 9918
f 9919 10062 9920
f 9919 9916 9926
f 9926 9916 9915
f 9926 9915 9906
f 3469 3468 3467
f 3846 3468 3469
f 9048 10051 8795
f 9625 9937 8795
f 9625 8795 10051
f 9622 9619 9937
f 9622 9937 9625
f 9619 9622 9620
f 9619 9620 8520
f 9055 9619 8520
f 8517 9055 8520
f 8517 8520 8516
f 8516 8520 8521
f 8516 8521 8518
f 3840 3838 3844
f 3838 3846 3844
f 3838 3468 3846
f 3843 3840 3844
f 8798 8797 8794
f 8796 8793 8794
f 8796 8794 8797
f 8793 8796 9048
f 8795 8793 9048
f 8771 8793 8795
f 9598 8795 9937
f 8771 8795 9598
f 10079 9598 9621
f 9598 9619 9621
f 9598 9937 9619
f 9621 9619 9055
f 3840 3839 3838
f 3841 3839 3840
f 3843 3841 3840
f 3848 3841 3843
f 9577 10081 9027
f 9027 10081 8798
f 8794 9027 8798
f 8802 9027 8794
f 8695 8794 8793
f 8802 8794 8695
f 8684 8695 8685
f 8695 8771 8685
f 8695 8793 8771
f 8685 8771 8790
f 8790 8771 9598
f 8790 9598 10079
f 3848 3847 3841
f 3858 3847 3848
f 9584 9579 9575
f 9576 9574 9575
f 9576 9575 9579
f 9574 9576 9577
f 9027 9574 9577
f 9974 9574 9027
f 8803 9027 8802
f 9974 9027 8803
f 93 8803 94
f 8803 8695 94
f 8803 8802 8695
f 94 8695 8684
f 3858 4390 3847
f 4384 4390 3858
f 10038 9799 9581
f 9581 9799 9584
f 9575 9581 9584
f 9580 9581 9575
f 9573 9575 9574
f 9580 9575 9573
f 9572 9574 9974
f 9573 9574 9572
f 9582 9974 8803
f 9572 9974 9582
f 9856 9582 93
f 93 9582 8803
f 4542 4539 4541
f 4541 4539 4540
f 4541 4390 4384
f 4541 4384 4542
f 8357 8540 9764
f 9764 8540 10038
f 9581 9764 10038
f 9975 9764 9581
f 9793 9581 9580
f 9975 9581 9793
f 9583 9580 9573
f 9793 9580 9583
f 9571 9573 9572
f 9583 9573 9571
f 9570 9572 9582
f 9571 9572 9570
f 8372 9570 9856
f 9856 9570 9582
f 4556 4559 4557
f 4537 4556 4557
f 4540 4537 4557
f 4539 4537 4540
f 8357 9764 8352
f 8357 8352 8353
f 8354 9764 9975
f 8352 9764 8354
f 9618 9975 9793
f 8354 9975 9618
f 9777 9793 9583
f 9618 9793 9777
f 9829 9583 9571
f 9777 9583 9829
f 8776 9571 9570
f 9829 9571 8776
f 8368 8776 8372
f 8372 8776 9570
f 4536 4563 4556
f 4563 4559 4556
f 4563 4562 4559
f 4536 4556 4537
f 8353 8352 8344
f 8353 8344 8356
f 8345 8352 8354
f 8344 8352 8345
f 8349 8354 9618
f 8345 8354 8349
f 8351 9618 9777
f 8349 9618 8351
f 8698 9777 9829
f 8351 9777 8698
f 8367 9829 8776
f 8698 9829 8367
f 8363 8367 8368
f 8368 8367 8776
f 4563 4574 4562
f 4577 4574 4563
f 8356 8344 8343
f 8356 8343 8347
f 8342 8344 8345
f 8343 8344 8342
f 8348 8345 8349
f 8342 8345 8348
f 8350 8349 8351
f 8348 8349 8350
f 8358 8351 8698
f 8350 8351 8358
f 8361 8698 8367
f 8358 8698 8361
f 8362 8361 8363
f 8363 8361 8367
f 2676 116 6602
f 6602 6605 2676
f 4584 6532 4576
f 4576 6532 4826
f 4576 4574 4577
f 4576 4577 4584
f 8346 8347 8343
f 8333 8807 8346
f 8343 8333 8346
f 8342 8333 8343
f 8341 8342 8348
f 8333 8342 8341
f 8692 8348 8350
f 8341 8348 8692
f 8359 8350 8358
f 8692 8350 8359
f 8360 8358 8361
f 8359 8358 8360
f 8364 8360 8362
f 8362 8360 8361
f 2600 2663 6604
f 6600 2601 6604
f 6604 2601 2600
f 6603 6598 6600
f 6598 2601 6600
f 6598 115 2601
f 6597 6602 116
f 115 6597 116
f 6598 6597 115
f 6601 6605 6602
f 6597 6601 6602
f 6400 6601 6597
f 7227 6400 6596
f 7227 6601 6400
f 7263 6596 6595
f 7263 7227 6596
f 6584 6595 6697
f 6584 7263 6595
f 6534 6697 6533
f 6534 6584 6697
f 6531 6533 6529
f 6531 6534 6533
f 6530 6529 6528
f 6530 6531 6529
f 6528 4826 6532
f 6528 6532 6530
f 8807 8333 8330
f 8807 8330 8327
f 8332 8333 8341
f 8330 8333 8332
f 9817 8341 8692
f 8332 8341 9817
f 9597 8692 8359
f 9817 8692 9597
f 8366 8359 8360
f 9597 8359 8366
f 10060 8366 8364
f 8364 8366 8360
f 6257 6254 6253
f 6259 2690 6253
f 6253 2690 6257
f 7254 6609 6259
f 6609 2690 6259
f 6609 2662 2690
f 6606 6604 2663
f 2662 6606 2663
f 6609 6606 2662
f 6604 6606 7257
f 6604 7257 6600
f 6600 7257 6603
f 8327 8330 8329
f 8327 8329 8328
f 8331 8330 8332
f 8329 8330 8331
f 8355 8332 9817
f 8331 8332 8355
f 10063 9817 9597
f 8355 9817 10063
f 9804 9597 8366
f 10063 9597 9804
f 10098 9804 10060
f 10060 9804 8366
f 6274 6698 6280
f 7177 6270 6280
f 6280 6270 6274
f 6369 6271 7177
f 6271 6270 7177
f 6271 6268 6270
f 6266 6271 7187
f 6266 6268 6271
f 6255 7187 6258
f 6255 6266 7187
f 6251 6253 6254
f 6255 6251 6254
f 6258 6251 6255
f 6253 6251 6252
f 6253 6252 6259
f 6259 6252 7254
f 8336 8328 8329
f 8334 9932 8336
f 8329 8334 8336
f 8331 8334 8329
f 8335 8331 8355
f 8334 8331 8335
f 10044 8355 10063
f 8335 8355 10044
f 8621 10063 9804
f 10044 10063 8621
f 9968 8626 10098
f 8626 9804 10098
f 8626 8621 9804
f 8569 8626 9968
f 6356 6324 6355
f 7211 7272 6355
f 7272 6356 6355
f 7272 6635 6356
f 7275 7272 6365
f 7275 6635 7272
f 6363 6280 6698
f 7275 6363 6698
f 6365 6363 7275
f 6280 6363 6364
f 6280 6364 7177
f 7177 6364 6369
f 9932 8334 8338
f 9932 8338 8652
f 8337 8334 8335
f 8338 8334 8337
f 8693 8335 10044
f 8337 8335 8693
f 8620 10044 8621
f 8693 10044 8620
f 8570 8621 8626
f 8620 8621 8570
f 8567 8570 8569
f 8569 8570 8626
f 6332 6344 108
f 110 6330 108
f 6330 6332 108
f 6330 6331 6332
f 6329 6330 6327
f 6329 6331 6330
f 6326 6327 6323
f 6326 6329 6327
f 6322 6323 6320
f 6322 6326 6323
f 6318 6355 6324
f 6322 6318 6324
f 6320 6318 6322
f 6355 6318 7211
f 8651 8652 8338
f 8339 9067 8651
f 8338 8339 8651
f 8337 8339 8338
f 8340 8337 8693
f 8339 8337 8340
f 8622 8693 8620
f 8340 8693 8622
f 8575 8620 8570
f 8622 8620 8575
f 8792 8575 8567
f 8567 8575 8570
f 6780 6778 6779
f 6779 6778 6772
f 6781 6779 6783
f 6781 6780 6779
f 6784 6783 6786
f 6784 6781 6783
f 7173 6786 7113
f 7173 6784 6786
f 109 108 6344
f 7173 109 6344
f 7113 109 7173
f 108 109 110
f 9067 8339 10036
f 9067 10036 10004
f 8623 8339 8340
f 10036 8339 8623
f 8624 8340 8622
f 8623 8340 8624
f 9781 8622 8575
f 8624 8622 9781
f 8573 9781 8792
f 8792 9781 8575
f 6762 6760 6761
f 6761 6760 6758
f 6764 6761 6765
f 6764 6762 6761
f 6768 6765 6769
f 6768 6764 6765
f 6769 6772 6778
f 6769 6778 6768
f 8242 8244 9029
f 9029 8244 10004
f 10036 9029 10004
f 8236 9029 10036
f 8238 10036 8623
f 8236 10036 8238
f 10043 8623 8624
f 8238 8623 10043
f 10027 8624 9781
f 10043 8624 10027
f 8572 8649 8573
f 8649 9781 8573
f 8649 10027 9781
f 8574 8649 8572
f 6752 6755 6746
f 6752 6746 6745
f 6746 6744 6745
f 6746 6747 6744
f 6754 6747 6751
f 6754 6744 6747
f 7205 6751 6756
f 7205 6754 6751
f 6756 6758 6760
f 6756 6760 7205
f 9008 8242 9029
f 8233 9057 9008
f 9029 8233 9008
f 8236 8233 9029
f 8232 8236 8238
f 8233 8236 8232
f 8235 8238 10043
f 8232 8238 8235
f 9137 10043 10027
f 8235 10043 9137
f 8806 10027 8649
f 9137 10027 8806
f 9961 9564 8574
f 9564 8649 8574
f 9564 8806 8649
f 9015 8784 9961
f 9961 8784 9564
f 8785 8784 9015
f 6817 6818 6816
f 6812 6815 6816
f 6816 6815 6817
f 6815 6812 6813
f 6812 6808 6813
f 6812 6811 6808
f 6800 6811 6802
f 6800 6808 6811
f 6801 6802 6803
f 6801 6800 6802
f 6804 6803 6805
f 6804 6801 6803
f 7103 6805 7258
f 7103 6804 6805
f 7258 6755 6752
f 6791 7258 6752
f 7103 7258 6791
f 6791 6752 6745
f 8234 9057 8233
f 8231 8297 8234
f 8233 8231 8234
f 8232 8231 8233
f 8230 8232 8235
f 8231 8232 8230
f 8240 8235 9137
f 8230 8235 8240
f 8805 9137 8806
f 8240 9137 8805
f 8788 8806 9564
f 8805 8806 8788
f 8783 9564 8784
f 8788 9564 8783
f 9996 8700 8785
f 8700 8784 8785
f 8700 8783 8784
f 8699 8696 9996
f 9996 8696 8700
f 8430 8581 8699
f 8699 8581 8696
f 8431 8580 8430
f 8430 8580 8581
f 9872 8583 8431
f 8431 8583 8580
f 8675 9656 9872
f 9872 9656 8583
f 8673 8680 8675
f 8675 8680 9656
f 8671 8678 8673
f 8673 8678 8680
f 6860 6859 8671
f 8671 6859 8678
f 6859 6860 6858
f 6860 6896 6858
f 6860 7231 6896
f 6825 7231 6893
f 6825 6896 7231
f 6821 6893 6819
f 6821 6825 6893
f 6819 6818 6817
f 6820 6819 6817
f 6821 6819 6820
f 6820 6817 6815
f 6820 6815 6901
f 6901 6815 6813
f 8228 8297 8231
f 8228 8231 8230
f 8228 8230 8229
f 8229 8230 8240
f 8229 8240 9590
f 9590 8240 8805
f 9590 8805 8804
f 8804 8805 8788
f 8804 8788 8786
f 8786 8788 8783
f 8786 8783 8773
f 8773 8783 8700
f 8773 8700 8697
f 8697 8700 8696
f 8697 8696 8656
f 8656 8696 8581
f 8656 8581 8582
f 8582 8581 8580
f 8582 8580 6881
f 6881 8580 8583
f 6881 8583 6883
f 6883 8583 9656
f 6883 9656 6886
f 6886 9656 8680
f 6886 8680 7182
f 7182 8680 8678
f 7182 8678 6862
f 6862 8678 6859
f 6862 6859 6855
f 6855 6859 6858
f 5063 5119 5120
f 5063 5120 5064
f 5120 5182 5212
f 5119 5182 5120
f 5212 5312 5555
f 5182 5312 5212
f 5668 5723 5724
f 5555 5668 5724
f 5312 5668 5555
f 5737 5723 5668
f 5056 5060 5057
f 5056 5057 5054
f 5057 5059 5058
f 5060 5059 5057
f 5064 5058 5063
f 5063 5058 5059
f 5723 5709 5724
f 5737 4337 5723
f 4337 5709 5723
f 4337 4280 5709
f 4280 4248 4249
f 4337 4248 4280
f 4207 4249 4248
f 4207 4248 4211
f 917 5757 5302
f 917 5302 5726
f 5054 5302 5056
f 5056 5302 5757
f 4211 4208 4207
f 4207 4208 3934
f 3949 3934 4208
f 3949 4208 3911
f 107 5795 5751
f 5795 868 5751
f 868 5726 5751
f 868 917 5726
f 3911 3337 3949
f 3383 3337 3911
f 2680 2652 5798
f 2573 106 5798
f 2573 5798 2652
f 2573 2695 106
f 106 2695 107
f 2695 923 107
f 923 5795 107
f 5795 923 868
f 3264 3330 3266
f 3330 3383 3266
f 3330 3337 3383
f 3265 3264 3266
f 2593 2497 2638
f 2499 2640 2638
f 2499 2638 2497
f 2504 2641 2640
f 2504 2640 2499
f 2652 2680 2641
f 2504 2652 2641
f 2478 2652 2504
f 2555 2573 2530
f 2573 2478 2530
f 2573 2652 2478
f 2573 2555 2695
f 3264 3263 3330
f 3260 3263 3264
f 3265 3260 3264
f 3273 3260 3265
f 5338 5534 5336
f 5544 5334 5336
f 5544 5336 5534
f 5650 5335 5334
f 5650 5334 5544
f 5767 5529 5335
f 5767 5335 5650
f 5779 5571 5529
f 5779 5529 5767
f 5571 5779 5780
f 5781 5571 5780
f 5593 5571 5781
f 5593 5782 5603
f 5781 5782 5593
f 5603 2623 5718
f 5782 2623 5603
f 2623 2521 2522
f 2659 2623 2522
f 5718 2623 2659
f 2505 2611 2659
f 2505 2659 2522
f 2506 2588 2611
f 2506 2611 2505
f 2360 2587 2588
f 2360 2588 2506
f 2497 2593 2587
f 2360 2497 2587
f 2359 2497 2360
f 2497 2411 2499
f 2497 2359 2411
f 2499 2412 2504
f 2499 2411 2412
f 2468 2478 2467
f 2478 2412 2467
f 2478 2504 2412
f 2478 2468 2530
f 3273 3261 3260
f 3275 3261 3273
f 5353 5352 5350
f 5350 5352 5351
f 5348 5350 5351
f 5349 5350 5348
f 5349 5347 5345
f 5348 5347 5349
f 5345 5346 5343
f 5347 5346 5345
f 5343 5515 5342
f 5346 5515 5343
f 5338 5342 5534
f 5342 5543 5534
f 5342 5515 5543
f 5534 5543 5544
f 5544 5543 5633
f 5544 5633 5650
f 5650 5633 5768
f 5650 5768 5767
f 5767 5768 5791
f 5767 5791 5779
f 5779 5791 5794
f 5779 5794 5780
f 2521 2496 2522
f 2522 2496 2505
f 2505 2496 2495
f 2505 2495 2506
f 2506 2495 2420
f 2506 2420 2360
f 2360 2420 2387
f 2322 2324 2387
f 2324 2360 2387
f 2324 2359 2360
f 2359 2326 2411
f 2359 2324 2326
f 2423 2412 2327
f 2412 2326 2327
f 2412 2411 2326
f 2412 2423 2467
f 3275 3262 3261
f 3277 3262 3275
f 5363 5362 5361
f 5363 5361 5364
f 5361 5360 5359
f 5362 5360 5361
f 5359 5358 5357
f 5360 5358 5359
f 5357 5356 5354
f 5358 5356 5357
f 5353 5354 5352
f 5354 5355 5352
f 5354 5356 5355
f 5352 5355 5351
f 2322 2323 2324
f 2324 2323 2326
f 2326 2323 2325
f 2326 2325 2327
f 3277 3278 3262
f 3262 3278 3322
f 3321 3322 3278
f 3321 3278 3313
f 5377 5374 5846
f 5377 5846 5864
f 5846 5370 5369
f 5374 5370 5846
f 5369 5368 5367
f 5370 5368 5369
f 5367 5366 5365
f 5368 5366 5367
f 5364 5365 5363
f 5363 5365 5366
f 3313 3324 3321
f 3317 3324 3313
f 5386 5383 5870
f 5386 5870 5871
f 5870 5382 5869
f 5383 5382 5870
f 5869 5379 5865
f 5382 5379 5869
f 5864 5865 5377
f 5377 5865 5379
f 3317 3462 3324
f 3325 3462 3317
f 5879 5877 5878
f 5874 5907 5878
f 5877 5874 5878
f 5876 5874 5877
f 5874 5389 5873
f 5876 5389 5874
f 5873 5387 5872
f 5389 5387 5873
f 5871 5872 5386
f 5386 5872 5387
f 3477 3480 3479
f 3480 3325 3479
f 3480 3462 3325
f 3476 3477 3479
f 111 112 113
f 5882 5976 113
f 5882 113 112
f 5964 9910 5976
f 5882 5964 5976
f 5881 5964 5882
f 5964 5880 5954
f 5881 5880 5964
f 5878 5908 5879
f 5908 5880 5879
f 5908 5954 5880
f 5908 5878 5907
f 3477 3453 3480
f 3470 3453 3477
f 3476 3470 3477
f 3471 3470 3476
f 119 5884 9921
f 9917 9918 9921
f 5884 9917 9921
f 5883 9917 5884
f 113 5986 111
f 5986 5883 111
f 5986 9917 5883
f 5986 113 9909
f 9909 113 5976
f 9909 5976 9910
f 3471 3469 3470
f 3472 3469 3471
f 5980 5970 9624
f 5971 9623 9624
f 5971 9624 5970
f 9626 9620 9623
f 5971 9626 9623
f 5974 9626 5971
f 9626 117 9989
f 5974 117 9626
f 9921 9920 119
f 9920 117 119
f 9920 9989 117
f 9920 9921 9918
f 3472 3846 3469
f 122 3846 3472
f 9085 9116 8799
f 9140 9981 8799
f 9140 8799 9116
f 10051 9048 9981
f 9140 10051 9981
f 5979 10051 9140
f 9624 9625 5980
f 9625 5979 5980
f 9625 10051 5979
f 9625 9624 9622
f 9622 9624 9623
f 9622 9623 9620
f 122 121 3846
f 3846 121 3844
f 3843 3844 121
f 3843 121 3845
f 9115 9082 9086
f 9083 9611 9086
f 9083 9086 9082
f 9611 9083 9085
f 9611 9085 8799
f 8798 9611 8799
f 8797 8798 8799
f 8797 8799 8796
f 8796 8799 9981
f 8796 9981 9048
f 3845 3848 3843
f 3849 3848 3845
f 9010 9012 9011
f 9014 9827 9011
f 9014 9011 9012
f 9827 9014 9115
f 9086 9827 9115
f 9578 9827 9086
f 9577 9578 10081
f 9578 9611 10081
f 9578 9086 9611
f 10081 9611 8798
f 3849 3858 3848
f 4367 3858 3849
f 8536 8537 8535
f 8538 8541 8535
f 8538 8535 8537
f 8541 8538 9010
f 9011 8541 9010
f 10049 8541 9011
f 9584 10049 9579
f 10049 9827 9579
f 10049 9011 9827
f 9579 9827 9576
f 9576 9827 9578
f 9576 9578 9577
f 4367 4384 3858
f 4383 4384 4367
f 8686 9994 8533
f 8533 9994 8536
f 8535 8533 8536
f 8534 8533 8535
f 8546 8535 8541
f 8534 8535 8546
f 10038 8546 9799
f 8546 10049 9799
f 8546 8541 10049
f 9799 10049 9584
f 4545 4538 4542
f 4542 4538 4539
f 4542 4384 4383
f 4542 4383 4545
f 8686 8533 8529
f 8686 8529 8532
f 8528 8533 8534
f 8529 8533 8528
f 8357 8528 8540
f 8528 8546 8540
f 8528 8534 8546
f 8540 8546 10038
f 4538 4537 4539
f 4513 4537 4538
f 8690 8542 8531
f 8531 8542 8532
f 8529 8531 8532
f 8530 8531 8529
f 8527 8529 8528
f 8530 8529 8527
f 8353 8527 8357
f 8357 8527 8528
f 4535 4578 4536
f 4536 4578 4563
f 4536 4537 4513
f 4536 4513 4535
f 8690 8531 8777
f 8690 8777 10032
f 8545 8531 8530
f 8777 8531 8545
f 9945 8530 8527
f 8545 8530 9945
f 8356 9945 8353
f 8353 9945 8527
f 2533 2546 2535
f 2550 2534 2535
f 2535 2534 2533
f 2607 2559 2550
f 2550 2559 2534
f 2643 919 2607
f 2607 919 2559
f 2643 928 919
f 4578 4577 4563
f 4579 4577 4578
f 10032 8777 8316
f 10032 8316 8313
f 8319 8777 8545
f 8316 8777 8319
f 9870 8545 9945
f 8319 8545 9870
f 8347 9870 8356
f 8356 9870 9945
f 2547 2566 2553
f 2547 2553 2546
f 2553 2535 2546
f 2553 2552 2535
f 2535 2551 2550
f 2535 2552 2551
f 2550 114 2607
f 2550 2551 114
f 114 116 2676
f 2643 114 2676
f 2607 114 2643
f 924 874 6605
f 6605 874 2676
f 874 928 2676
f 928 2643 2676
f 7147 905 924
f 924 905 874
f 7147 7146 905
f 4609 6591 4584
f 4584 6591 6532
f 4584 4577 4579
f 4584 4579 4609
f 8313 8316 8315
f 8313 8315 8314
f 8318 8316 8319
f 8315 8316 8318
f 8320 8319 9870
f 8318 8319 8320
f 8346 8325 8347
f 8325 9870 8347
f 8325 8320 9870
f 8807 8325 8346
f 2605 2636 2608
f 2592 2565 2608
f 2608 2565 2605
f 2565 2592 2566
f 2592 2553 2566
f 2592 2599 2553
f 2599 2663 2600
f 2552 2599 2600
f 2553 2599 2552
f 2552 2600 2601
f 2552 2601 2551
f 2551 2601 115
f 2551 115 114
f 114 115 116
f 6601 924 6605
f 924 6601 7227
f 924 7227 7147
f 7191 7146 7147
f 7227 7191 7147
f 7263 7191 7227
f 6586 7263 6584
f 6586 7191 7263
f 6536 6584 6534
f 6536 6586 6584
f 6535 6534 6531
f 6535 6536 6534
f 6594 6531 6530
f 6594 6535 6531
f 6530 6532 6591
f 6530 6591 6594
f 8314 8315 8317
f 8314 8317 9031
f 8800 8315 8318
f 8317 8315 8800
f 8321 8318 8320
f 8800 8318 8321
f 8322 8320 8325
f 8321 8320 8322
f 8327 8322 8807
f 8807 8322 8325
f 2683 6272 6269
f 6267 2685 6269
f 6269 2685 2683
f 6265 2672 6267
f 6267 2672 2685
f 6256 2665 6265
f 6265 2665 2672
f 2665 6256 2636
f 2636 6256 2608
f 6256 6254 2608
f 6254 6257 2608
f 2608 6257 2690
f 2608 2690 2592
f 2592 2690 2662
f 2592 2662 2599
f 2599 2662 2663
f 9031 8317 9054
f 9031 9054 10016
f 10023 8317 8800
f 9054 8317 10023
f 8324 8800 8321
f 10023 8800 8324
f 8323 8321 8322
f 8324 8321 8323
f 8328 8323 8327
f 8327 8323 8322
f 6276 6278 6277
f 6279 6275 6277
f 6277 6275 6276
f 6698 6274 6279
f 6274 6275 6279
f 6274 6273 6275
f 6270 6269 6272
f 6273 6270 6272
f 6274 6270 6273
f 6269 6270 6268
f 6269 6268 6267
f 6267 6268 6266
f 6267 6266 6265
f 6265 6266 6255
f 6265 6255 6256
f 6256 6255 6254
f 8210 10016 9054
f 8208 8205 8210
f 9054 8208 8210
f 10023 8208 9054
f 9794 10023 8324
f 8208 10023 9794
f 8326 8324 8323
f 9794 8324 8326
f 8336 9780 8328
f 9780 8323 8328
f 9780 8326 8323
f 9932 9780 8336
f 6371 7203 6354
f 6324 6356 6354
f 6356 6371 6354
f 6356 6372 6371
f 6635 6277 6278
f 6372 6635 6278
f 6356 6635 6372
f 6277 6635 7275
f 6277 7275 6279
f 6279 7275 6698
f 8205 8208 8206
f 8205 8206 8204
f 8252 8208 9794
f 8206 8208 8252
f 10021 9794 8326
f 8252 9794 10021
f 8775 8326 9780
f 10021 8326 8775
f 8652 8775 9932
f 9932 8775 9780
f 6335 6345 6337
f 6344 6332 6337
f 6332 6335 6337
f 6332 6334 6335
f 6333 6332 6331
f 6333 6334 6332
f 7188 6331 6329
f 7188 6333 6331
f 6343 6329 6326
f 6343 7188 6329
f 6322 6354 7203
f 6343 6322 7203
f 6326 6322 6343
f 6354 6322 6324
f 8204 8206 8207
f 8204 8207 9638
f 8209 8206 8252
f 8207 8206 8209
f 8213 8252 10021
f 8209 8252 8213
f 9767 10021 8775
f 8213 10021 9767
f 8651 8774 8652
f 8774 8775 8652
f 8774 9767 8775
f 9067 8774 8651
f 6785 7128 6780
f 6780 7128 6778
f 6782 6780 6781
f 6782 6785 6780
f 7271 6781 6784
f 7271 6782 6781
f 7173 6337 6345
f 7271 7173 6345
f 6784 7173 7271
f 6337 7173 6344
f 9638 8207 8245
f 9638 8245 8274
f 8211 8207 8209
f 8245 8207 8211
f 8212 8209 8213
f 8211 8209 8212
f 8224 8213 9767
f 8212 8213 8224
f 10020 9767 8774
f 8224 9767 10020
f 10004 10020 9067
f 9067 10020 8774
f 7140 6763 6762
f 6762 6763 6760
f 6766 6762 6764
f 6766 7140 6762
f 6767 6764 6768
f 6767 6766 6764
f 6768 6778 7128
f 6768 7128 6767
f 8274 8245 9585
f 8274 9585 8275
f 8221 8245 8211
f 9585 8245 8221
f 8214 8211 8212
f 8221 8211 8214
f 8215 8212 8224
f 8214 8212 8215
f 8242 8215 8244
f 8215 10020 8244
f 8215 8224 10020
f 8244 10020 10004
f 6741 6743 6744
f 6744 6743 6745
f 7252 6744 6754
f 7252 6741 6744
f 7192 6754 7205
f 7192 7252 6754
f 7205 6760 6763
f 7205 6763 7192
f 8269 9038 8267
f 8267 9038 8275
f 9585 8267 8275
f 10035 8267 9585
f 10052 9585 8221
f 10035 9585 10052
f 8306 8221 8214
f 10052 8221 8306
f 8216 8214 8215
f 8306 8214 8216
f 9008 8217 8242
f 8217 8215 8242
f 8217 8216 8215
f 9057 8217 9008
f 6809 7226 6808
f 6808 7226 6813
f 6799 6808 6800
f 6799 6809 6808
f 6798 6800 6801
f 6798 6799 6800
f 6810 6801 6804
f 6810 6798 6801
f 7237 6804 7103
f 7237 6810 6804
f 6792 7103 6791
f 6792 7237 7103
f 6791 6745 6743
f 6791 6743 6792
f 8269 8267 8266
f 8269 8266 8270
f 8262 8267 10035
f 8266 8267 8262
f 8265 10035 10052
f 8262 10035 8265
f 8254 10052 8306
f 8265 10052 8254
f 8241 8306 8216
f 8254 8306 8241
f 8218 8216 8217
f 8241 8216 8218
f 8234 8219 9057
f 8219 8217 9057
f 8219 8218 8217
f 8297 8219 8234
f 6856 6858 6896
f 6856 6896 6857
f 6896 6826 6857
f 6896 6825 6826
f 6824 6825 6821
f 6824 6826 6825
f 6822 6821 6820
f 6822 6824 6821
f 6823 6820 6901
f 6823 6822 6820
f 6901 6813 7226
f 6901 7226 6823
f 8270 8266 8299
f 8270 8299 10075
f 8261 8266 8262
f 8299 8266 8261
f 8259 8262 8265
f 8261 8262 8259
f 8255 8265 8254
f 8259 8265 8255
f 8253 8254 8241
f 8255 8254 8253
f 8239 8241 8218
f 8253 8241 8239
f 8220 8218 8219
f 8239 8218 8220
f 8228 8222 8297
f 8222 8219 8297
f 8222 8220 8219
f 8229 8226 8228
f 8228 8226 8222
f 9590 8243 8229
f 8229 8243 8226
f 8804 10095 9590
f 9590 10095 8243
f 8786 10096 8804
f 8804 10096 10095
f 8773 8787 8786
f 8786 8787 10096
f 8697 9066 8773
f 8773 9066 8787
f 8656 8778 8697
f 8697 8778 9066
f 8582 8789 8656
f 8656 8789 8778
f 6881 6880 8582
f 8582 6880 8789
f 6883 6879 6881
f 6881 6879 6880
f 6879 6883 6897
f 6883 6868 6897
f 6883 6886 6868
f 6864 6886 7182
f 6864 6868 6886
f 6854 7182 6862
f 6854 6864 7182
f 6852 6862 6855
f 6852 6854 6862
f 6855 6858 6856
f 6851 6855 6856
f 6852 6855 6851
f 6851 6856 6857
f 8264 10075 8299
f 8264 8299 8261
f 8264 8261 8260
f 8260 8261 8259
f 8260 8259 8258
f 8258 8259 8255
f 8258 8255 8257
f 8256 9019 8257
f 8255 8256 8257
f 8253 8256 8255
f 9640 8253 8239
f 8256 8253 9640
f 8246 8239 8220
f 9640 8239 8246
f 8223 8220 8222
f 8246 8220 8223
f 8225 8222 8226
f 8223 8222 8225
f 8227 8226 8243
f 8225 8226 8227
f 10095 8251 8296
f 8227 10095 8296
f 8243 10095 8227
f 8251 10095 10096
f 8251 10096 7259
f 7259 10096 8787
f 7259 8787 7240
f 7240 8787 9066
f 7240 9066 7189
f 7189 9066 8778
f 7189 8778 7190
f 7190 8778 8789
f 7190 8789 6882
f 6882 8789 6880
f 6882 6880 6878
f 6878 6880 6879
f 6878 6879 6871
f 6871 6879 6897
f 10080 9019 8256
f 10080 8256 9640
f 10080 9640 10048
f 10048 9640 8246
f 10048 8246 9773
f 9773 8246 8223
f 9773 8223 8237
f 8237 8223 8225
f 8237 8225 8247
f 8247 8225 8227
f 8247 8227 8248
f 8248 8227 8296
f 5063 5067 5119
f 5119 5067 5118
f 5121 5119 5118
f 5182 5119 5121
f 5182 5291 5312
f 5121 5291 5182
f 5312 5598 5668
f 5291 5598 5312
f 5737 5668 5598
f 5737 5598 5738
f 5056 5655 5060
f 5060 5655 5654
f 5061 5060 5654
f 5059 5060 5061
f 5063 5059 5067
f 5059 5065 5067
f 5059 5061 5065
f 5067 5065 5118
f 5738 4351 5737
f 5737 4351 4337
f 4337 4250 4248
f 4351 4250 4337
f 4211 4248 4250
f 4211 4250 4216
f 917 910 5757
f 910 869 5757
f 5757 869 5056
f 869 5787 5056
f 5787 5655 5056
f 5655 5787 5654
f 4216 4209 4211
f 4211 4209 4208
f 3911 4208 4209
f 3911 4209 3384
f 855 876 910
f 917 855 910
f 868 855 917
f 910 876 869
f 3384 3383 3911
f 3381 3383 3384
f 2695 857 923
f 857 843 923
f 843 868 923
f 843 855 868
f 3381 3267 3383
f 3383 3267 3266
f 3265 3266 3267
f 3265 3267 3268
f 2530 2511 2555
f 857 2695 2555
f 2511 857 2555
f 906 857 2511
f 843 857 842
f 842 857 906
f 3268 3273 3265
f 3274 3273 3268
f 5780 2612 5781
f 2560 5782 5781
f 2560 5781 2612
f 2538 2623 5782
f 2538 5782 2560
f 2538 2521 2623
f 2467 2422 2468
f 2511 2530 2468
f 2422 2511 2468
f 2549 2511 2422
f 2511 914 906
f 2511 2549 914
f 842 906 854
f 854 906 914
f 3274 3275 3273
f 3276 3275 3274
f 5351 5539 5348
f 5613 5347 5348
f 5613 5348 5539
f 5347 5613 5695
f 5702 5347 5695
f 5346 5347 5702
f 5346 5745 5515
f 5702 5745 5346
f 5515 5786 5543
f 5745 5786 5515
f 5543 5793 5633
f 5786 5793 5543
f 5633 2671 5768
f 5793 2671 5633
f 5768 2632 5791
f 2671 2632 5768
f 5791 2519 5794
f 2632 2519 5791
f 5780 5794 2612
f 5794 2507 2612
f 5794 2519 2507
f 2332 2334 2507
f 2334 2612 2507
f 2334 2560 2612
f 2560 2301 2538
f 2560 2334 2301
f 2329 2496 2521
f 2538 2329 2521
f 2301 2329 2538
f 2314 2495 2496
f 2314 2496 2329
f 2310 2420 2495
f 2310 2495 2314
f 2321 2387 2420
f 2321 2420 2310
f 2321 2322 2387
f 2327 2303 2423
f 2422 2467 2423
f 2303 2422 2423
f 2393 2422 2303
f 2422 2512 2549
f 2422 2393 2512
f 901 914 2581
f 914 2512 2581
f 914 2549 2512
f 914 901 854
f 3319 3277 3320
f 3277 3276 3320
f 3277 3275 3276
f 3308 3319 3320
f 5363 5500 5362
f 5362 5500 5502
f 5503 5362 5502
f 5360 5362 5503
f 5360 5507 5358
f 5503 5507 5360
f 5358 5512 5356
f 5507 5512 5358
f 5356 5526 5355
f 5512 5526 5356
f 5351 5355 5539
f 5355 5545 5539
f 5355 5526 5545
f 5539 5545 5613
f 5613 5545 5719
f 5613 5719 5695
f 2332 2283 2334
f 2334 2283 2301
f 2301 2283 2264
f 2147 2146 2264
f 2146 2301 2264
f 2146 2329 2301
f 2329 2177 2314
f 2329 2146 2177
f 2314 2203 2310
f 2314 2177 2203
f 2310 2227 2321
f 2310 2203 2227
f 2228 2323 2322
f 2321 2228 2322
f 2227 2228 2321
f 2239 2325 2323
f 2239 2323 2228
f 2303 2327 2325
f 2239 2303 2325
f 2302 2303 2239
f 2303 2365 2393
f 2303 2302 2365
f 2393 2513 2512
f 2393 2365 2513
f 2581 2512 2578
f 2578 2512 2513
f 3319 3278 3277
f 3313 3278 3319
f 3308 3313 3319
f 3310 3313 3308
f 5377 5375 5374
f 5374 5375 5376
f 5373 5374 5376
f 5370 5374 5373
f 5370 5371 5368
f 5373 5371 5370
f 5368 5372 5366
f 5371 5372 5368
f 5363 5366 5500
f 5366 5501 5500
f 5366 5372 5501
f 5500 5501 5502
f 2147 2145 2146
f 2144 2140 2145
f 2140 2146 2145
f 2140 2177 2146
f 2177 2138 2203
f 2177 2140 2138
f 2203 2134 2227
f 2203 2138 2134
f 2227 2152 2228
f 2227 2134 2152
f 2228 2181 2239
f 2228 2152 2181
f 2239 2256 2302
f 2239 2181 2256
f 2302 2304 2365
f 2302 2256 2304
f 2365 2460 2513
f 2365 2304 2460
f 2578 2513 2524
f 2524 2513 2460
f 3310 3317 3313
f 3312 3317 3310
f 5385 5384 5383
f 5385 5383 5386
f 5383 5381 5382
f 5384 5381 5383
f 5382 5380 5379
f 5381 5380 5382
f 5377 5379 5375
f 5379 5378 5375
f 5379 5380 5378
f 5375 5378 5376
f 2144 2141 2140
f 2142 2139 2141
f 2139 2140 2141
f 2139 2138 2140
f 2138 2135 2134
f 2138 2139 2135
f 2134 2136 2152
f 2134 2135 2136
f 2152 2137 2181
f 2152 2136 2137
f 2181 2205 2256
f 2181 2137 2205
f 2256 2288 2304
f 2256 2205 2288
f 2304 2373 2460
f 2304 2288 2373
f 2524 2460 2525
f 2460 2472 2525
f 2460 2373 2472
f 2472 2615 2525
f 3478 3325 3316
f 3325 3312 3316
f 3325 3317 3312
f 3318 3478 3316
f 5398 5395 5877
f 5398 5877 5879
f 5877 5393 5876
f 5395 5393 5877
f 5876 5390 5389
f 5393 5390 5876
f 5389 5388 5387
f 5390 5388 5389
f 5386 5387 5385
f 5385 5387 5388
f 2142 2143 2139
f 2133 2131 2143
f 2131 2139 2143
f 2131 2135 2139
f 2135 2096 2136
f 2135 2131 2096
f 2136 2095 2137
f 2136 2096 2095
f 2137 2100 2205
f 2137 2095 2100
f 2205 2217 2288
f 2205 2100 2217
f 2288 2368 2373
f 2288 2217 2368
f 2373 2435 2472
f 2373 2368 2435
f 2615 2472 2575
f 2575 2472 2435
f 3478 3479 3325
f 3476 3479 3478
f 3318 3476 3478
f 3474 3476 3318
f 5408 5405 112
f 5408 112 111
f 112 5403 5882
f 5405 5403 112
f 5882 5401 5881
f 5403 5401 5882
f 5881 5399 5880
f 5401 5399 5881
f 5879 5880 5398
f 5398 5880 5399
f 2133 2132 2131
f 2083 2085 2132
f 2085 2131 2132
f 2085 2096 2131
f 2096 2088 2095
f 2096 2085 2088
f 2095 2091 2100
f 2095 2088 2091
f 2100 2123 2217
f 2100 2091 2123
f 2217 2362 2368
f 2217 2123 2362
f 2368 2436 2435
f 2368 2362 2436
f 2575 2435 2574
f 2574 2435 2436
f 3474 3471 3476
f 3473 3471 3474
f 5888 5887 5965
f 5886 118 5965
f 5886 5965 5887
f 5884 119 118
f 5886 5884 118
f 5885 5884 5886
f 5884 5409 5883
f 5885 5409 5884
f 111 5883 5408
f 5408 5883 5409
f 2083 2084 2085
f 2087 2086 2084
f 2086 2085 2084
f 2086 2088 2085
f 2088 2089 2091
f 2088 2086 2089
f 2091 2099 2123
f 2091 2089 2099
f 2123 2267 2362
f 2123 2099 2267
f 2362 2418 2436
f 2362 2267 2418
f 2574 2436 2583
f 2583 2436 2418
f 3473 3472 3471
f 3585 3472 3473
f 5934 5894 5957
f 5970 5980 5957
f 5894 5970 5957
f 5890 5970 5894
f 5970 5889 5971
f 5890 5889 5970
f 5965 5974 5888
f 5974 5889 5888
f 5974 5971 5889
f 5974 5965 117
f 117 5965 118
f 117 118 119
f 2086 2087 2098
f 2098 2087 2130
f 2086 2090 2089
f 2086 2098 2090
f 2089 2092 2099
f 2089 2090 2092
f 2099 2233 2267
f 2099 2092 2233
f 2267 2300 2418
f 2267 2233 2300
f 2583 2418 2563
f 2563 2418 2300
f 120 122 3589
f 122 3585 3589
f 122 3472 3585
f 3592 120 3589
f 5955 5977 9084
f 9116 9085 9084
f 5977 9116 9084
f 5966 9116 5977
f 9116 5935 9140
f 5966 5935 9116
f 5957 5979 5934
f 5979 5935 5934
f 5979 9140 5935
f 5979 5957 5980
f 2130 2129 2098
f 2128 2094 2129
f 2094 2098 2129
f 2094 2090 2098
f 2090 2093 2092
f 2090 2094 2093
f 2092 2210 2233
f 2092 2093 2210
f 2233 2271 2300
f 2233 2210 2271
f 2563 2300 2564
f 2300 2425 2564
f 2300 2271 2425
f 2425 2603 2564
f 120 121 122
f 3845 121 120
f 3592 3845 120
f 3919 3845 3592
f 9591 9076 9013
f 9077 9874 9013
f 9077 9013 9076
f 9082 9115 9874
f 9077 9082 9874
f 5952 9082 9077
f 9084 9083 5955
f 9083 5952 5955
f 9083 9082 5952
f 9083 9084 9085
f 2128 2125 2094
f 2126 2097 2125
f 2097 2094 2125
f 2097 2093 2094
f 2093 2211 2210
f 2093 2097 2211
f 2210 2270 2271
f 2210 2211 2270
f 2426 2425 2424
f 2425 2270 2424
f 2425 2271 2270
f 2425 2426 2603
f 3919 3849 3845
f 4366 3849 3919
f 9079 9074 9789
f 9073 8539 9789
f 9073 9789 9074
f 9072 9071 8539
f 9072 8539 9073
f 9071 9072 9591
f 9071 9591 9013
f 9010 9071 9013
f 9012 9010 9013
f 9012 9013 9014
f 9014 9013 9874
f 9014 9874 9115
f 2097 2126 2127
f 2127 2126 2196
f 2097 2207 2211
f 2097 2127 2207
f 2211 2245 2270
f 2211 2207 2245
f 2424 2270 2335
f 2335 2270 2245
f 4366 4367 3849
f 4378 4367 4366
f 9089 9639 9927
f 9081 9788 9927
f 9081 9927 9639
f 9788 9081 9079
f 9789 9788 9079
f 8544 9788 9789
f 8536 8544 8537
f 8544 8539 8537
f 8544 9789 8539
f 8537 8539 8538
f 8538 8539 9071
f 8538 9071 9010
f 2196 2197 2127
f 2127 2197 2207
f 2207 2197 2208
f 2207 2208 2245
f 2245 2208 2244
f 2245 2244 2335
f 4378 4383 4367
f 4387 4383 4378
f 9093 9090 9096
f 9096 9090 9089
f 9927 9096 9089
f 9877 9096 9927
f 9876 9927 9788
f 9877 9927 9876
f 8686 9876 9994
f 9876 8544 9994
f 9876 9788 8544
f 9994 8544 8536
f 2223 2224 2226
f 2285 2266 2226
f 2226 2266 2223
f 2285 2374 2266
f 4520 4514 4545
f 4545 4514 4538
f 4545 4383 4387
f 4545 4387 4520
f 10019 9094 9028
f 9028 9094 9093
f 9096 9028 9093
f 10009 9028 9096
f 9896 9096 9877
f 10009 9096 9896
f 8543 9877 9876
f 9896 9877 8543
f 8532 8543 8686
f 8686 8543 9876
f 2226 2224 2311
f 2311 2224 2312
f 2226 2313 2285
f 2226 2311 2313
f 2374 2285 2548
f 2285 2487 2548
f 2285 2313 2487
f 2619 918 2487
f 2487 918 2548
f 2619 927 918
f 4514 4513 4538
f 4512 4513 4514
f 123 124 125
f 125 124 10019
f 9028 125 10019
f 9006 125 9028
f 9005 9028 10009
f 9006 9028 9005
f 9018 10009 9896
f 9005 10009 9018
f 8690 9018 8542
f 9018 8543 8542
f 9018 9896 8543
f 8542 8543 8532
f 2370 2384 2363
f 2370 2363 2312
f 2363 2311 2312
f 2363 2388 2311
f 2311 2421 2313
f 2311 2388 2421
f 2313 2517 2487
f 2313 2421 2517
f 2487 2580 2619
f 2487 2517 2580
f 927 2619 877
f 2619 920 877
f 2619 2580 920
f 920 878 877
f 4672 4578 4535
f 4511 4672 4535
f 4513 4511 4535
f 4512 4511 4513
f 123 125 9977
f 123 9977 9111
f 9009 125 9006
f 9977 125 9009
f 9003 9006 9005
f 9009 9006 9003
f 9004 9005 9018
f 9003 9005 9004
f 10032 9004 8690
f 8690 9004 9018
f 2475 2476 2442
f 2475 2442 2384
f 2442 2363 2384
f 2442 2441 2363
f 2363 2440 2388
f 2363 2441 2440
f 2440 2546 2533
f 2421 2440 2533
f 2388 2440 2421
f 2421 2533 2534
f 2421 2534 2517
f 2517 2534 2559
f 2517 2559 2580
f 2580 2559 919
f 2580 919 920
f 866 808 928
f 928 808 919
f 808 878 919
f 878 920 919
f 866 826 808
f 4673 4580 4672
f 4580 4578 4672
f 4580 4579 4578
f 4673 4672 4511
f 9033 9111 9977
f 8304 8301 9033
f 9977 8304 9033
f 9009 8304 9977
f 8307 9009 9003
f 8304 9009 8307
f 8309 9003 9004
f 8307 9003 8309
f 8313 8309 10032
f 10032 8309 9004
f 2515 2518 2514
f 2515 2514 2476
f 2514 2442 2476
f 2514 2536 2442
f 2442 2537 2441
f 2442 2536 2537
f 2537 2566 2547
f 2440 2537 2547
f 2441 2537 2440
f 2440 2547 2546
f 874 866 928
f 822 826 866
f 874 822 866
f 905 822 874
f 6590 896 7146
f 896 905 7146
f 896 822 905
f 6590 6587 896
f 6592 6591 4609
f 4603 6592 4609
f 4579 4603 4609
f 4580 4603 4579
f 8301 8304 8302
f 8301 8302 8199
f 8305 8304 8307
f 8302 8304 8305
f 8308 8307 8309
f 8305 8307 8308
f 8314 8308 8313
f 8313 8308 8309
f 126 127 128
f 2595 2586 128
f 128 2586 126
f 2664 2543 2595
f 2595 2543 2586
f 2650 2542 2664
f 2664 2542 2543
f 2542 2650 2518
f 2650 2514 2518
f 2650 2606 2514
f 2606 2636 2605
f 2536 2606 2605
f 2514 2606 2536
f 2536 2605 2565
f 2536 2565 2537
f 2537 2565 2566
f 7191 6590 7146
f 6583 6587 6590
f 7191 6583 6590
f 6586 6583 7191
f 6539 6586 6536
f 6539 6583 6586
f 6537 6536 6535
f 6537 6539 6536
f 6538 6535 6594
f 6538 6537 6535
f 6594 6591 6592
f 7255 6594 6592
f 6538 6594 7255
f 7255 6592 4603
f 8199 8302 9988
f 8199 9988 8193
f 9007 8302 8305
f 9988 8302 9007
f 9984 8305 8308
f 9007 8305 9984
f 9031 9984 8314
f 8314 9984 8308
f 129 130 131
f 2649 2584 131
f 131 2584 129
f 2584 2649 127
f 2649 128 127
f 2649 2648 128
f 2648 6272 2683
f 2595 2648 2683
f 128 2648 2595
f 2595 2683 2685
f 2595 2685 2664
f 2664 2685 2672
f 2664 2672 2650
f 2650 2672 2665
f 2650 2665 2606
f 2606 2665 2636
f 8191 8193 9988
f 8195 8194 8191
f 9988 8195 8191
f 9007 8195 9988
f 8198 9007 9984
f 8195 9007 8198
f 10016 8198 9031
f 9031 8198 9984
f 2678 2691 6379
f 2678 6379 130
f 130 6379 131
f 6379 6278 131
f 6278 6276 131
f 131 6276 6275
f 131 6275 2649
f 2649 6275 6273
f 2649 6273 2648
f 2648 6273 6272
f 8194 8195 8196
f 8194 8196 9950
f 8197 8195 8198
f 8196 8195 8197
f 8210 8310 10016
f 8310 8198 10016
f 8310 8197 8198
f 8205 8310 8210
f 6375 6378 6376
f 6377 6374 6376
f 6376 6374 6375
f 7203 6371 6377
f 6371 6374 6377
f 6371 6373 6374
f 6372 6379 2691
f 6373 6372 2691
f 6371 6372 6373
f 6379 6372 6278
f 9950 8196 8295
f 9950 8295 10012
f 8200 8196 8197
f 8295 8196 8200
f 8201 8197 8310
f 8200 8197 8201
f 8204 8201 8205
f 8205 8201 8310
f 6339 6347 6340
f 6345 6335 6340
f 6335 6339 6340
f 6335 6338 6339
f 6336 6335 6334
f 6336 6338 6335
f 6342 6334 6333
f 6342 6336 6334
f 7188 6376 6378
f 6342 7188 6378
f 6333 7188 6342
f 6376 7188 6343
f 6376 6343 6377
f 6377 6343 7203
f 8283 10012 8295
f 8203 8282 8283
f 8295 8203 8283
f 8200 8203 8295
f 8202 8200 8201
f 8203 8200 8202
f 9638 8202 8204
f 8204 8202 8201
f 6709 7143 7224
f 7128 6785 7224
f 6785 6709 7224
f 6785 7145 6709
f 6351 6785 6782
f 6351 7145 6785
f 7271 6340 6347
f 6351 7271 6347
f 6782 7271 6351
f 6340 7271 6345
f 8282 8203 8272
f 8282 8272 9051
f 8271 8203 8202
f 8272 8203 8271
f 8274 8271 9638
f 9638 8271 8202
f 6715 6723 6724
f 6763 7140 6724
f 7140 6715 6724
f 7140 6716 6715
f 7267 7140 6766
f 7267 6716 7140
f 6767 7224 7143
f 7267 6767 7143
f 6766 6767 7267
f 7224 6767 7128
f 9051 8272 8276
f 9051 8276 8278
f 8273 8272 8271
f 8276 8272 8273
f 8275 8273 8274
f 8274 8273 8271
f 6738 6739 6740
f 6743 6741 6740
f 6741 6738 6740
f 6741 6742 6738
f 7142 6741 7252
f 7142 6742 6741
f 7192 6724 6723
f 7142 7192 6723
f 7252 7192 7142
f 6724 7192 6763
f 8278 8276 8277
f 8278 8277 8279
f 8269 8277 9038
f 8277 8273 9038
f 8277 8276 8273
f 9038 8273 8275
f 6848 6846 6809
f 6809 6846 7226
f 7098 6809 6799
f 7098 6848 6809
f 6797 6799 6798
f 6797 7098 6799
f 6794 6798 6810
f 6794 6797 6798
f 7241 6810 7237
f 7241 6794 6810
f 6792 6740 6739
f 7241 6792 6739
f 7237 6792 7241
f 6740 6792 6743
f 8279 8277 8294
f 8279 8294 10086
f 8270 8294 8269
f 8269 8294 8277
f 6898 6857 6826
f 6898 6826 6828
f 6826 6827 6828
f 6826 6824 6827
f 6894 6824 6822
f 6894 6827 6824
f 6845 6822 6823
f 6845 6894 6822
f 6823 7226 6846
f 6823 6846 6845
f 10086 8294 10042
f 10086 10042 9056
f 10075 10042 8270
f 8270 10042 8294
f 6869 6897 6868
f 6864 6867 6868
f 6868 6867 6869
f 6867 6864 6865
f 6864 6863 6865
f 6864 6854 6863
f 6853 6854 6852
f 6853 6863 6854
f 6850 6852 6851
f 6850 6853 6852
f 6851 6857 6898
f 6844 6851 6898
f 6850 6851 6844
f 6844 6898 6828
f 9056 10042 9026
f 9056 9026 9035
f 8264 8298 10075
f 8298 10042 10075
f 8298 9026 10042
f 8260 8268 8264
f 8264 8268 8298
f 8258 8303 8260
f 8260 8303 8268
f 8257 8263 8258
f 8258 8263 8303
f 9019 8263 8257
f 8249 8296 8251
f 7259 8250 8251
f 8251 8250 8249
f 7240 7221 7259
f 7259 7221 8250
f 7189 7220 7240
f 7240 7220 7221
f 7220 7189 7162
f 7189 6961 7162
f 7189 7190 6961
f 7235 7190 6882
f 7235 6961 7190
f 7102 6882 6878
f 7102 7235 6882
f 6872 6878 6871
f 6872 7102 6878
f 6871 6897 6869
f 6870 6871 6869
f 6872 6871 6870
f 6870 6869 6867
f 6870 6867 6899
f 6899 6867 6865
f 9035 9026 9034
f 9035 9034 9036
f 9025 9026 8298
f 9034 9026 9025
f 9002 8298 8268
f 9025 8298 9002
f 9958 8268 8303
f 9002 8268 9958
f 10061 8303 8263
f 9958 8303 10061
f 10080 9593 9019
f 9593 8263 9019
f 9593 10061 8263
f 10048 10088 10080
f 10080 10088 9593
f 9773 9649 10048
f 10048 9649 10088
f 8237 9648 9773
f 9773 9648 9649
f 9648 8237 7083
f 8237 7081 7083
f 8237 8247 7081
f 7079 8247 8248
f 7079 7081 8247
f 8248 8296 8249
f 7078 8248 8249
f 7079 8248 7078
f 7078 8249 8250
f 7078 8250 7278
f 7278 8250 7221
f 7278 7221 7172
f 7172 7221 7220
f 7172 7220 6960
f 6960 7220 7162
f 9058 9036 9034
f 9058 9034 9025
f 9058 9025 9041
f 9041 9025 9002
f 9041 9002 9042
f 9042 9002 9958
f 9042 9958 9059
f 9059 9958 10061
f 9059 10061 9061
f 9061 10061 9593
f 9061 9593 7196
f 7196 9593 10088
f 7196 10088 7197
f 7197 10088 9649
f 7197 9649 7159
f 7159 9649 9648
f 7159 9648 7084
f 7084 9648 7083
f 5068 5098 5121
f 5068 5121 5118
f 5121 5290 5291
f 5098 5290 5121
f 5291 5556 5598
f 5290 5556 5291
f 5732 5764 5738
f 5598 5732 5738
f 5556 5732 5598
f 5765 5764 5732
f 5670 5071 5061
f 5670 5061 5654
f 5061 5066 5065
f 5071 5066 5061
f 5118 5065 5068
f 5068 5065 5066
f 5764 4351 5738
f 5765 4245 5764
f 4245 4351 5764
f 4245 4250 4351
f 4216 4250 4245
f 4216 4245 4215
f 865 904 5787
f 865 5787 869
f 5654 5787 5670
f 5670 5787 904
f 4215 4210 4216
f 4216 4210 4209
f 3384 4209 4210
f 3384 4210 3382
f 855 660 876
f 660 613 876
f 613 869 876
f 613 865 869
f 3269 3381 3272
f 3381 3382 3272
f 3381 3384 3382
f 3271 3269 3272
f 843 670 660
f 843 660 855
f 613 660 589
f 589 660 670
f 3269 3267 3381
f 3268 3267 3269
f 3271 3268 3269
f 3270 3268 3271
f 842 671 670
f 842 670 843
f 589 670 590
f 590 670 671
f 3270 3274 3268
f 3279 3274 3270
f 854 720 671
f 854 671 842
f 590 671 591
f 591 671 720
f 3297 3276 3296
f 3276 3279 3296
f 3276 3274 3279
f 3298 3297 3296
f 5695 5777 5702
f 2666 5745 5702
f 2666 5702 5777
f 2596 5786 5745
f 2596 5745 2666
f 2571 5793 5786
f 2571 5786 2596
f 2510 2671 5793
f 2510 5793 2571
f 2466 2632 2671
f 2466 2671 2510
f 2369 2519 2632
f 2369 2632 2466
f 2333 2507 2519
f 2333 2519 2369
f 2333 2332 2507
f 2581 902 901
f 720 854 901
f 902 720 901
f 823 720 902
f 591 720 661
f 661 720 823
f 3297 3320 3276
f 3308 3320 3297
f 3298 3308 3297
f 3309 3308 3298
f 5502 5632 5503
f 5679 5507 5503
f 5679 5503 5632
f 5507 5679 5734
f 2682 5507 5734
f 5512 5507 2682
f 5512 2681 5526
f 2682 2681 5512
f 5526 2651 5545
f 2681 2651 5526
f 5545 2629 5719
f 2651 2629 5545
f 5695 5719 5777
f 5719 2620 5777
f 5719 2629 2620
f 5777 2620 2666
f 2666 2620 2604
f 2666 2604 2596
f 2596 2604 2562
f 2458 2459 2562
f 2459 2596 2562
f 2459 2571 2596
f 2571 2385 2510
f 2571 2459 2385
f 2510 2309 2466
f 2510 2385 2309
f 2466 2265 2369
f 2466 2309 2265
f 2369 2235 2333
f 2369 2265 2235
f 2183 2283 2332
f 2333 2183 2332
f 2235 2183 2333
f 2150 2264 2283
f 2150 2283 2183
f 2150 2147 2264
f 2578 2577 902
f 2578 902 2581
f 902 863 823
f 902 2577 863
f 661 823 719
f 719 823 863
f 3309 3310 3308
f 3311 3310 3309
f 5376 5551 5373
f 5373 5551 5552
f 5562 5373 5552
f 5371 5373 5562
f 5371 5563 5372
f 5562 5563 5371
f 5372 5576 5501
f 5563 5576 5372
f 5502 5501 5632
f 5501 5615 5632
f 5501 5576 5615
f 5632 5615 5679
f 5679 5615 5735
f 5679 5735 5734
f 2458 2398 2459
f 2459 2398 2385
f 2385 2398 2315
f 2385 2315 2309
f 2309 2315 2291
f 2048 2047 2291
f 2047 2309 2291
f 2047 2265 2309
f 2265 2078 2235
f 2265 2047 2078
f 2235 2077 2183
f 2235 2078 2077
f 2183 2118 2150
f 2183 2077 2118
f 2148 2145 2147
f 2150 2148 2147
f 2118 2148 2150
f 2148 2144 2145
f 2524 2576 2577
f 2524 2577 2578
f 2577 860 863
f 2577 2576 860
f 719 863 816
f 816 863 860
f 3315 3312 3314
f 3312 3311 3314
f 3312 3310 3311
f 3326 3315 3314
f 5414 5415 5384
f 5414 5384 5385
f 5384 5416 5381
f 5415 5416 5384
f 5381 5440 5380
f 5416 5440 5381
f 5380 5492 5378
f 5440 5492 5380
f 5376 5378 5551
f 5378 5528 5551
f 5378 5492 5528
f 5551 5528 5552
f 2048 2046 2047
f 2034 2038 2046
f 2038 2047 2046
f 2038 2078 2047
f 2078 2039 2077
f 2078 2038 2039
f 2077 2076 2118
f 2077 2039 2076
f 2118 2119 2148
f 2118 2076 2119
f 2149 2141 2144
f 2148 2149 2144
f 2119 2149 2148
f 2149 2142 2141
f 2525 2576 2524
f 2576 2525 2615
f 889 2576 2615
f 860 2576 889
f 816 860 838
f 838 860 889
f 3315 3316 3312
f 3318 3316 3315
f 3326 3318 3315
f 3481 3318 3326
f 5397 5396 5395
f 5397 5395 5398
f 5395 5394 5393
f 5396 5394 5395
f 5393 5392 5390
f 5394 5392 5393
f 5390 5391 5388
f 5392 5391 5390
f 5385 5388 5414
f 5414 5388 5391
f 2038 2034 2030
f 2030 2034 2027
f 2038 2032 2039
f 2038 2030 2032
f 2039 2043 2076
f 2039 2032 2043
f 2076 2050 2119
f 2076 2043 2050
f 2119 2120 2149
f 2119 2050 2120
f 2172 2143 2142
f 2149 2172 2142
f 2120 2172 2149
f 2172 2133 2143
f 2575 891 889
f 2575 889 2615
f 838 889 839
f 839 889 891
f 3481 3474 3318
f 3475 3474 3481
f 5407 5406 5405
f 5407 5405 5408
f 5405 5404 5403
f 5406 5404 5405
f 5403 5402 5401
f 5404 5402 5403
f 5401 5400 5399
f 5402 5400 5401
f 5398 5399 5397
f 5397 5399 5400
f 2030 2027 2029
f 2029 2027 2028
f 2030 2031 2032
f 2030 2029 2031
f 2032 2042 2043
f 2032 2031 2042
f 2043 2044 2050
f 2043 2042 2044
f 2050 2067 2120
f 2050 2044 2067
f 2120 2074 2172
f 2120 2067 2074
f 2075 2132 2133
f 2172 2075 2133
f 2074 2075 2172
f 2075 2083 2132
f 2574 899 891
f 2574 891 2575
f 839 891 853
f 853 891 899
f 3475 3473 3474
f 3586 3473 3475
f 5425 5423 5887
f 5425 5887 5888
f 5887 5420 5886
f 5423 5420 5887
f 5886 5418 5885
f 5420 5418 5886
f 5885 5410 5409
f 5418 5410 5885
f 5408 5409 5407
f 5407 5409 5410
f 2028 2033 2029
f 2037 2036 2033
f 2036 2029 2033
f 2036 2031 2029
f 2031 2045 2042
f 2031 2036 2045
f 2042 2056 2044
f 2042 2045 2056
f 2044 2065 2067
f 2044 2056 2065
f 2067 2066 2074
f 2067 2065 2066
f 2074 2069 2075
f 2074 2066 2069
f 2082 2084 2083
f 2075 2082 2083
f 2069 2082 2075
f 2082 2087 2084
f 2583 913 899
f 2583 899 2574
f 853 899 847
f 899 846 847
f 899 913 846
f 846 699 847
f 3588 3585 3587
f 3585 3586 3587
f 3585 3473 3586
f 3591 3588 3587
f 5917 5915 5933
f 5894 5934 5933
f 5915 5894 5933
f 5914 5894 5915
f 5894 5893 5890
f 5914 5893 5894
f 5890 5426 5889
f 5893 5426 5890
f 5888 5889 5425
f 5425 5889 5426
f 2036 2037 2051
f 2051 2037 2052
f 2036 2055 2045
f 2036 2051 2055
f 2045 2057 2056
f 2045 2055 2057
f 2056 2058 2065
f 2056 2057 2058
f 2065 2064 2066
f 2065 2058 2064
f 2066 2068 2069
f 2066 2064 2068
f 2069 2070 2082
f 2069 2068 2070
f 2070 2130 2087
f 2070 2087 2082
f 2563 2609 913
f 2563 913 2583
f 913 875 846
f 913 2609 875
f 699 846 698
f 698 846 875
f 3588 3589 3585
f 3592 3589 3588
f 3591 3592 3588
f 3651 3592 3591
f 5939 5951 5953
f 5977 5955 5953
f 5951 5977 5953
f 5920 5977 5951
f 5977 5918 5966
f 5920 5918 5977
f 5933 5935 5917
f 5935 5918 5917
f 5935 5966 5918
f 5935 5933 5934
f 2052 2117 2051
f 132 134 2117
f 134 2051 2117
f 134 2055 2051
f 2055 2060 2057
f 2055 134 2060
f 2057 2059 2058
f 2057 2060 2059
f 2058 2061 2064
f 2058 2059 2061
f 2064 2063 2068
f 2064 2061 2063
f 2068 2081 2070
f 2068 2063 2081
f 2173 2129 2130
f 2070 2173 2130
f 2081 2173 2070
f 2173 2128 2129
f 2564 2609 2563
f 2609 2564 2603
f 894 2609 2603
f 875 2609 894
f 698 875 715
f 715 875 894
f 3651 3919 3592
f 4365 3919 3651
f 5973 5945 9075
f 9076 9591 9075
f 5945 9076 9075
f 5944 9076 5945
f 9076 5937 9077
f 5944 5937 9076
f 5953 5952 5939
f 5952 5937 5939
f 5952 9077 5937
f 5952 5953 5955
f 132 133 134
f 134 133 2060
f 2060 133 2101
f 2104 2079 2101
f 2079 2060 2101
f 2079 2059 2060
f 2059 2071 2061
f 2059 2079 2071
f 2061 2062 2063
f 2061 2071 2062
f 2063 2121 2081
f 2063 2062 2121
f 2081 2122 2173
f 2081 2121 2122
f 2234 2125 2128
f 2173 2234 2128
f 2122 2234 2173
f 2234 2126 2125
f 2424 2357 2426
f 894 2603 2426
f 2357 894 2426
f 909 894 2357
f 715 894 813
f 813 894 909
f 4362 4366 4363
f 4366 4365 4363
f 4366 3919 4365
f 4361 4362 4363
f 9087 5978 9080
f 5972 9078 9080
f 5972 9080 5978
f 9074 9079 9078
f 5972 9074 9078
f 5950 9074 5972
f 9074 5947 9073
f 5950 5947 9074
f 9075 9072 5973
f 9072 5947 5973
f 9072 9073 5947
f 9072 9075 9591
f 2104 2102 2079
f 2103 2073 2102
f 2073 2079 2102
f 2073 2071 2079
f 2071 2072 2062
f 2071 2073 2072
f 2062 2174 2121
f 2062 2072 2174
f 2121 2163 2122
f 2121 2174 2163
f 2122 2206 2234
f 2122 2163 2206
f 2206 2196 2126
f 2206 2126 2234
f 2335 2348 2357
f 2335 2357 2424
f 2357 2558 909
f 2357 2348 2558
f 813 909 890
f 890 909 2558
f 4382 4380 4362
f 4380 4366 4362
f 4380 4378 4366
f 4382 4362 4361
f 9097 9991 9092
f 9113 9088 9092
f 9113 9092 9991
f 9088 9113 9087
f 9088 9087 9080
f 9089 9088 9080
f 9639 9089 9080
f 9639 9080 9081
f 9081 9080 9078
f 9081 9078 9079
f 2103 2180 2073
f 2193 2192 2180
f 2192 2073 2180
f 2192 2072 2073
f 2072 2175 2174
f 2072 2192 2175
f 2174 2162 2163
f 2174 2175 2162
f 2163 2164 2206
f 2163 2162 2164
f 2220 2197 2196
f 2206 2220 2196
f 2164 2220 2206
f 2209 2208 2197
f 2209 2197 2220
f 2222 2244 2208
f 2222 2208 2209
f 2348 2335 2244
f 2222 2348 2244
f 2347 2348 2222
f 2348 2479 2558
f 2348 2347 2479
f 890 2558 704
f 2558 873 704
f 2558 2479 873
f 873 769 704
f 4380 4387 4378
f 4386 4387 4380
f 9099 9098 9095
f 9095 9098 9097
f 9092 9095 9097
f 9091 9095 9092
f 9093 9091 9090
f 9091 9088 9090
f 9091 9092 9088
f 9090 9088 9089
f 2193 2194 2192
f 2192 2194 2175
f 2175 2194 2176
f 1971 1973 2176
f 1973 2175 2176
f 1973 2162 2175
f 2162 1976 2164
f 2162 1973 1976
f 2164 2219 2220
f 2164 1976 2219
f 2220 2221 2209
f 2220 2219 2221
f 2221 2224 2223
f 2222 2221 2223
f 2209 2221 2222
f 2222 2223 2266
f 2222 2266 2347
f 2347 2266 2374
f 2409 2347 2374
f 2479 2347 2409
f 2479 916 873
f 2479 2409 916
f 769 873 818
f 818 873 916
f 4517 4514 4520
f 4723 4517 4520
f 4387 4723 4520
f 4386 4723 4387
f 9103 9102 9101
f 9101 9102 9099
f 9095 9101 9099
f 9114 9101 9095
f 10019 9114 9094
f 9114 9091 9094
f 9114 9095 9091
f 9094 9091 9093
f 1971 1972 1973
f 1975 1974 1972
f 1974 1973 1972
f 1974 1976 1973
f 1976 2218 2219
f 1976 1974 2218
f 2219 2225 2221
f 2219 2218 2225
f 2225 2312 2224
f 2225 2224 2221
f 2548 2409 2374
f 2409 2548 918
f 2409 918 916
f 867 765 927
f 927 765 918
f 765 818 918
f 818 916 918
f 867 814 765
f 4518 4510 4517
f 4510 4514 4517
f 4510 4512 4514
f 4518 4517 4723
f 9103 9101 9104
f 9103 9104 9106
f 123 9104 124
f 9104 9114 124
f 9104 9101 9114
f 124 9114 10019
f 2294 2295 2305
f 2294 2305 1975
f 2305 1974 1975
f 2305 2399 1974
f 1974 2431 2218
f 1974 2399 2431
f 2431 2384 2370
f 2225 2431 2370
f 2218 2431 2225
f 2225 2370 2312
f 877 867 927
f 809 708 878
f 878 708 877
f 708 814 877
f 814 867 877
f 809 770 708
f 4510 4511 4512
f 4509 4511 4510
f 9106 9104 9107
f 9106 9107 9108
f 9111 9107 123
f 123 9107 9104
f 2299 2337 2338
f 2364 2343 2338
f 2338 2343 2299
f 2392 2390 2364
f 2364 2390 2343
f 2404 2391 2392
f 2392 2391 2390
f 2391 2404 2295
f 2404 2305 2295
f 2404 2405 2305
f 2305 2439 2399
f 2305 2405 2439
f 2439 2476 2475
f 2431 2439 2475
f 2399 2439 2431
f 2431 2475 2384
f 808 809 878
f 807 806 826
f 826 806 808
f 806 770 808
f 770 809 808
f 807 773 806
f 4893 4580 4673
f 4898 4893 4673
f 4511 4898 4673
f 4509 4898 4511
f 10093 9108 9107
f 8312 10093 9068
f 9068 10093 9033
f 10093 9107 9033
f 9107 9111 9033
f 8301 9068 9033
f 2340 2341 2339
f 2340 2339 2337
f 2339 2338 2337
f 2339 2382 2338
f 2338 2383 2364
f 2338 2382 2383
f 2364 2452 2392
f 2364 2383 2452
f 2392 2541 2404
f 2392 2452 2541
f 2404 2532 2405
f 2404 2541 2532
f 2532 2518 2515
f 2439 2532 2515
f 2405 2532 2439
f 2439 2515 2476
f 822 807 826
f 817 773 807
f 822 817 807
f 896 817 822
f 6585 6588 6587
f 6588 896 6587
f 6588 817 896
f 6585 7232 6588
f 4881 4604 4893
f 4604 4580 4893
f 4604 4603 4580
f 4881 4893 4898
f 8312 9068 8300
f 8312 8300 8311
f 8199 8300 8301
f 8301 8300 9068
f 2471 2480 2456
f 2471 2456 2341
f 2456 2339 2341
f 2456 2481 2339
f 2339 2490 2382
f 2339 2481 2490
f 2490 127 126
f 2383 2490 126
f 2382 2490 2383
f 2383 126 2586
f 2383 2586 2452
f 2452 2586 2543
f 2452 2543 2541
f 2541 2543 2542
f 2541 2542 2532
f 2532 2542 2518
f 6583 6585 6587
f 6541 7232 6585
f 6583 6541 6585
f 6539 6541 6583
f 6540 6539 6537
f 6540 6541 6539
f 7154 6537 6538
f 7154 6540 6537
f 6572 6538 7255
f 6572 7154 6538
f 7255 4603 4604
f 7255 4604 6572
f 8311 8300 8192
f 8311 8192 9809
f 8193 8192 8199
f 8199 8192 8300
f 2554 2557 2508
f 2554 2508 2480
f 2508 2456 2480
f 2508 2572 2456
f 2572 130 129
f 2481 2572 129
f 2456 2572 2481
f 2481 129 2584
f 2481 2584 2490
f 2490 2584 127
f 8189 9809 8192
f 8187 8189 8190
f 8190 8189 8191
f 8189 8192 8191
f 8192 8193 8191
f 8194 8190 8191
f 2653 2655 2654
f 2644 2625 2654
f 2654 2625 2653
f 2625 2644 2557
f 2644 2508 2557
f 2644 2677 2508
f 2677 2691 2678
f 2572 2677 2678
f 2508 2677 2572
f 2572 2678 130
f 8187 8190 9030
f 8187 9030 10057
f 9950 9030 8194
f 8194 9030 8190
f 6632 6630 7155
f 6704 2656 7155
f 7155 2656 6632
f 2656 6704 2655
f 2655 6704 2654
f 6704 6378 2654
f 6378 6375 2654
f 2654 6375 6374
f 2654 6374 2644
f 2644 6374 6373
f 2644 6373 2677
f 2677 6373 2691
f 10057 9030 8288
f 10057 8288 8291
f 10012 8288 9950
f 9950 8288 9030
f 6349 6350 6348
f 6347 6339 6348
f 6339 6349 6348
f 6339 6381 6349
f 6341 6339 6338
f 6341 6381 6339
f 6336 7155 6630
f 6341 6336 6630
f 6338 6336 6341
f 7155 6336 6342
f 7155 6342 6704
f 6704 6342 6378
f 8291 8288 8286
f 8291 8286 8289
f 8283 8284 10012
f 8284 8288 10012
f 8284 8286 8288
f 8282 8284 8283
f 6710 6712 6711
f 7143 6709 6711
f 6709 6710 6711
f 6709 6708 6710
f 6370 6709 7145
f 6370 6708 6709
f 6351 6348 6350
f 6370 6351 6350
f 7145 6351 6370
f 6348 6351 6347
f 8287 8289 8286
f 8285 8293 8287
f 8286 8285 8287
f 8284 8285 8286
f 9051 8285 8282
f 8282 8285 8284
f 6717 6719 6718
f 6723 6715 6718
f 6715 6717 6718
f 6715 142 6717
f 6714 6715 6716
f 6714 142 6715
f 7267 6711 6712
f 6714 7267 6712
f 6716 7267 6714
f 6711 7267 7143
f 8293 8285 8281
f 8293 8281 5997
f 8278 8281 9051
f 9051 8281 8285
f 6731 6793 6736
f 6737 6730 6736
f 6736 6730 6731
f 6739 6738 6737
f 6738 6730 6737
f 6738 6796 6730
f 6721 6738 6742
f 6721 6796 6738
f 7142 6718 6719
f 6721 7142 6719
f 6742 7142 6721
f 6718 7142 6723
f 5997 8281 8280
f 5997 8280 5996
f 8279 8280 8278
f 8278 8280 8281
f 6889 7133 6847
f 6846 6848 6847
f 6848 6889 6847
f 6848 6890 6889
f 6891 6848 7098
f 6891 6890 6848
f 6795 7098 6797
f 6795 6891 7098
f 6794 6736 6793
f 6795 6794 6793
f 6797 6794 6795
f 6736 6794 7241
f 6736 7241 6737
f 6737 7241 6739
f 5996 8280 8292
f 5996 8292 5998
f 10086 8292 8279
f 8279 8292 8280
f 6830 6829 6827
f 6827 6829 6828
f 6831 6827 6894
f 6831 6830 6827
f 6845 6847 7133
f 6831 6845 7133
f 6894 6845 6831
f 6847 6845 6846
f 5998 8292 9043
f 5998 9043 5999
f 9056 9043 10086
f 10086 9043 8292
f 6887 6866 6863
f 6863 6866 6865
f 7234 6863 6853
f 7234 6887 6863
f 6861 6853 6850
f 6861 7234 6853
f 6849 6850 6844
f 6849 6861 6850
f 6844 6828 6829
f 6844 6829 6849
f 5999 9043 9037
f 5999 9037 6009
f 9035 9037 9056
f 9056 9037 9043
f 6959 7162 6961
f 6959 6961 6958
f 6961 7273 6958
f 6961 7235 7273
f 6914 7235 7102
f 6914 7273 7235
f 6877 7102 6872
f 6877 6914 7102
f 6873 6872 6870
f 6873 6877 6872
f 6874 6870 6899
f 6874 6873 6870
f 6899 6865 6866
f 6899 6866 6874
f 6009 9037 6012
f 6009 6012 6010
f 9036 6012 9035
f 9035 6012 9037
f 7082 7083 7081
f 7079 7080 7081
f 7081 7080 7082
f 7078 7077 7079
f 7079 7077 7080
f 7077 7078 7076
f 7078 7149 7076
f 7078 7278 7149
f 6962 7278 7172
f 6962 7149 7278
f 6955 7172 6960
f 6955 6962 7172
f 6960 7162 6959
f 6956 6960 6959
f 6955 6960 6956
f 6956 6959 6958
f 6013 6010 6012
f 6013 6012 9036
f 9058 6013 9036
f 6015 6013 9058
f 9047 6015 9046
f 6015 9041 9046
f 6015 9058 9041
f 9042 9045 9041
f 9041 9045 9046
f 9059 9053 9042
f 9042 9053 9045
f 9061 9060 9059
f 9059 9060 9053
f 7196 9062 9061
f 9061 9062 9060
f 9062 7196 7195
f 7196 7171 7195
f 7196 7197 7171
f 7256 7197 7159
f 7256 7171 7197
f 7158 7159 7084
f 7158 7256 7159
f 7084 7083 7082
f 7085 7084 7082
f 7158 7084 7085
f 7085 7082 7080
f 7085 7080 7176
f 7176 7080 7077
f 7176 7077 7075
f 7075 7077 7076
f 9063 9047 9046
f 9063 9046 9045
f 9063 9045 7215
f 7215 9045 9053
f 7215 9053 7037
f 7037 9053 9060
f 7037 9060 7036
f 7036 9060 9062
f 7036 9062 7042
f 7042 9062 7195
f 5069 5097 5098
f 5069 5098 5068
f 5098 5261 5290
f 5097 5261 5098
f 5290 5542 5556
f 5261 5542 5290
f 5556 5646 5732
f 5542 5646 5556
f 5765 5732 5646
f 5765 5646 5748
f 5728 5075 5071
f 5728 5071 5670
f 5071 5070 5066
f 5075 5070 5071
f 5068 5066 5069
f 5069 5066 5070
f 5748 4266 5765
f 5765 4266 4245
f 4214 4212 4215
f 4245 4214 4215
f 4266 4214 4245
f 4213 4212 4214
f 677 903 904
f 677 904 865
f 5670 904 5728
f 5728 904 903
f 4212 4210 4215
f 3382 4210 4212
f 4213 3382 4212
f 3729 3382 4213
f 613 677 865
f 613 575 677
f 3729 3728 3382
f 3382 3728 3272
f 3271 3272 3728
f 3271 3728 3307
f 589 575 613
f 589 570 575
f 3307 3270 3271
f 3280 3270 3307
f 590 570 589
f 590 568 570
f 3280 3279 3270
f 3281 3279 3280
f 591 568 590
f 591 569 568
f 3281 3282 3279
f 3279 3282 3296
f 3298 3296 3282
f 3298 3282 3300
f 661 569 591
f 661 583 569
f 3300 3309 3298
f 3554 3309 3300
f 5734 2646 2682
f 2626 2681 2682
f 2626 2682 2646
f 2579 2651 2681
f 2579 2681 2626
f 2520 2629 2651
f 2520 2651 2579
f 2500 2620 2629
f 2500 2629 2520
f 2470 2604 2620
f 2470 2620 2500
f 2457 2562 2604
f 2457 2604 2470
f 2457 2458 2562
f 719 621 557
f 583 719 557
f 661 719 583
f 621 544 557
f 3554 3311 3309
f 3553 3311 3554
f 5552 5727 5562
f 5778 5563 5562
f 5778 5562 5727
f 2660 5576 5563
f 2660 5563 5778
f 2591 5615 5576
f 2591 5576 2660
f 2556 5735 5615
f 2556 5615 2591
f 2646 5734 5735
f 2556 2646 5735
f 2455 2646 2556
f 2646 2345 2626
f 2646 2455 2345
f 2626 2344 2579
f 2626 2345 2344
f 2579 2238 2520
f 2579 2344 2238
f 2520 2212 2500
f 2520 2238 2212
f 2500 2202 2470
f 2500 2212 2202
f 2470 2178 2457
f 2470 2202 2178
f 2151 2398 2458
f 2457 2151 2458
f 2178 2151 2457
f 2124 2315 2398
f 2124 2398 2151
f 2049 2291 2315
f 2049 2315 2124
f 2049 2048 2291
f 816 669 621
f 816 621 719
f 544 621 563
f 563 621 669
f 3553 3323 3311
f 3311 3323 3314
f 3326 3314 3323
f 3326 3323 3327
f 5414 5535 5415
f 5541 5416 5415
f 5541 5415 5535
f 5416 5541 5630
f 5631 5416 5630
f 5440 5416 5631
f 5440 5665 5492
f 5631 5665 5440
f 5492 5722 5528
f 5665 5722 5492
f 5552 5528 5727
f 5528 2669 5727
f 5528 5722 2669
f 5727 2669 5778
f 5778 2669 2647
f 5778 2647 2660
f 2660 2647 2590
f 2660 2590 2591
f 2591 2590 2531
f 2591 2531 2556
f 2556 2531 2454
f 2556 2454 2455
f 2455 2454 2361
f 2455 2361 2345
f 2345 2361 2328
f 2345 2328 2344
f 2344 2328 2241
f 2344 2241 2238
f 2238 2241 2231
f 2198 2200 2231
f 2200 2238 2231
f 2200 2212 2238
f 2212 2153 2202
f 2212 2200 2153
f 2202 2080 2178
f 2202 2153 2080
f 2178 2024 2151
f 2178 2080 2024
f 2151 2022 2124
f 2151 2024 2022
f 2124 2023 2049
f 2124 2022 2023
f 2035 2046 2048
f 2049 2035 2048
f 2023 2035 2049
f 2035 2034 2046
f 838 668 669
f 838 669 816
f 563 669 562
f 562 669 668
f 3327 3481 3326
f 3482 3481 3327
f 5397 5483 5396
f 5396 5483 5518
f 5517 5396 5518
f 5394 5396 5517
f 5394 5510 5392
f 5517 5510 5394
f 5392 5514 5391
f 5510 5514 5392
f 5414 5391 5535
f 5391 5540 5535
f 5391 5514 5540
f 5535 5540 5541
f 5541 5540 5629
f 5541 5629 5630
f 2198 2155 2200
f 2200 2155 2153
f 2153 2155 2154
f 2005 2006 2154
f 2006 2153 2154
f 2006 2080 2153
f 2080 2008 2024
f 2080 2006 2008
f 2024 2018 2022
f 2024 2008 2018
f 2022 2021 2023
f 2022 2018 2021
f 2023 2025 2035
f 2023 2021 2025
f 2025 2027 2034
f 2025 2034 2035
f 839 688 668
f 839 668 838
f 562 668 560
f 560 668 688
f 3482 3475 3481
f 3483 3475 3482
f 5411 5412 5406
f 5411 5406 5407
f 5406 5413 5404
f 5412 5413 5406
f 5404 5441 5402
f 5413 5441 5404
f 5402 5442 5400
f 5441 5442 5402
f 5397 5400 5483
f 5400 5482 5483
f 5400 5442 5482
f 5483 5482 5518
f 2006 2005 1997
f 1997 2005 1995
f 2006 2007 2008
f 2006 1997 2007
f 2008 2009 2018
f 2008 2007 2009
f 2018 2019 2021
f 2018 2009 2019
f 2021 2026 2025
f 2021 2019 2026
f 2026 2028 2027
f 2026 2027 2025
f 853 700 688
f 853 688 839
f 560 688 561
f 561 688 700
f 3590 3586 3487
f 3586 3483 3487
f 3586 3475 3483
f 3881 3590 3487
f 5424 5422 5423
f 5424 5423 5425
f 5423 5421 5420
f 5422 5421 5423
f 5420 5419 5418
f 5421 5419 5420
f 5418 5417 5410
f 5419 5417 5418
f 5407 5410 5411
f 5411 5410 5417
f 1995 1996 1997
f 1999 1998 1996
f 1998 1997 1996
f 1998 2007 1997
f 2007 2004 2009
f 2007 1998 2004
f 2009 2020 2019
f 2009 2004 2020
f 2019 2041 2026
f 2019 2020 2041
f 2040 2033 2028
f 2026 2040 2028
f 2041 2040 2026
f 2040 2037 2033
f 847 700 853
f 847 699 700
f 699 561 700
f 699 572 561
f 3590 3587 3586
f 3591 3587 3590
f 3881 3591 3590
f 3522 3591 3881
f 5916 5434 5915
f 5916 5915 5917
f 5915 5432 5914
f 5434 5432 5915
f 5914 5430 5893
f 5432 5430 5914
f 5893 5427 5426
f 5430 5427 5893
f 5425 5426 5424
f 5424 5426 5427
f 1999 2003 1998
f 2000 2002 2003
f 2002 1998 2003
f 2002 2004 1998
f 2004 2167 2020
f 2004 2002 2167
f 2020 2168 2041
f 2020 2167 2168
f 2041 2105 2040
f 2041 2168 2105
f 2105 2052 2037
f 2105 2037 2040
f 698 585 573
f 572 698 573
f 699 698 572
f 585 565 573
f 3652 3651 3524
f 3651 3522 3524
f 3651 3591 3522
f 3525 3652 3524
f 5924 5923 5938
f 5951 5939 5938
f 5923 5951 5938
f 5922 5951 5923
f 5951 5921 5920
f 5922 5921 5951
f 5920 5919 5918
f 5921 5919 5920
f 5917 5918 5916
f 5916 5918 5919
f 2000 2001 2002
f 2106 2108 2001
f 2108 2002 2001
f 2108 2167 2002
f 2167 2169 2168
f 2167 2108 2169
f 2168 2170 2105
f 2168 2169 2170
f 2179 2117 2052
f 2105 2179 2052
f 2170 2179 2105
f 2179 132 2117
f 715 614 585
f 715 585 698
f 565 585 567
f 567 585 614
f 4364 4365 3652
f 3652 4365 3651
f 3652 3525 3607
f 3652 3607 4364
f 135 136 137
f 5927 5946 137
f 5927 137 136
f 5945 5973 5946
f 5927 5945 5946
f 5926 5945 5927
f 5945 5925 5944
f 5926 5925 5945
f 5938 5937 5924
f 5937 5925 5924
f 5937 5944 5925
f 5937 5938 5939
f 2106 2107 2108
f 1978 1979 2107
f 1979 2108 2107
f 1979 2169 2108
f 2169 2171 2170
f 2169 1979 2171
f 2170 2213 2179
f 2170 2171 2213
f 2214 133 132
f 2179 2214 132
f 2213 2214 2179
f 2165 2101 133
f 2165 133 2214
f 2165 2104 2101
f 813 684 614
f 813 614 715
f 567 614 542
f 542 614 684
f 4364 4363 4365
f 4361 4363 4364
f 3607 4361 4364
f 4368 4361 3607
f 10014 5936 5978
f 10014 5978 9087
f 5978 5932 5972
f 5936 5932 5978
f 137 5950 135
f 5950 5932 135
f 5950 5972 5932
f 5950 137 5947
f 5947 137 5946
f 5947 5946 5973
f 1978 1977 1979
f 1903 1879 1977
f 1879 1979 1977
f 1879 2171 1979
f 2171 1882 2213
f 2171 1879 1882
f 2213 1897 2214
f 2213 1882 1897
f 2214 1981 2165
f 2214 1897 1981
f 2166 2102 2104
f 2165 2166 2104
f 1981 2166 2165
f 2166 2103 2102
f 890 703 684
f 890 684 813
f 542 684 531
f 531 684 703
f 4385 4380 4382
f 4381 4385 4382
f 4361 4381 4382
f 4368 4381 4361
f 10040 9992 9100
f 9991 9097 9100
f 9992 9991 9100
f 9993 9991 9992
f 9991 10024 9113
f 9993 10024 9991
f 9087 9113 10014
f 10014 9113 10024
f 1902 1864 1869
f 1902 1869 1903
f 1869 1879 1903
f 1869 1871 1879
f 1879 1880 1882
f 1879 1871 1880
f 1882 1883 1897
f 1882 1880 1883
f 1897 1898 1981
f 1897 1883 1898
f 1981 1906 2166
f 1981 1898 1906
f 2195 2180 2103
f 2166 2195 2103
f 1906 2195 2166
f 2195 2193 2180
f 704 703 890
f 617 528 769
f 769 528 704
f 528 531 704
f 531 703 704
f 617 527 528
f 4388 4386 4385
f 4385 4386 4380
f 4385 4381 4389
f 4385 4389 4388
f 9105 10087 9879
f 9879 10087 10040
f 9879 10040 9100
f 9099 9879 9100
f 9098 9099 9100
f 9098 9100 9097
f 1869 1864 1868
f 1868 1864 1865
f 1869 1870 1871
f 1869 1868 1870
f 1871 1881 1880
f 1871 1870 1881
f 1880 1884 1883
f 1880 1881 1884
f 1883 1899 1898
f 1883 1884 1899
f 1898 1900 1906
f 1898 1899 1900
f 1906 1928 2195
f 1906 1900 1928
f 1962 2194 2193
f 2195 1962 2193
f 1928 1962 2195
f 1969 2176 2194
f 1969 2194 1962
f 1969 1971 2176
f 818 710 617
f 818 617 769
f 527 617 634
f 634 617 710
f 4532 4534 4388
f 4534 4386 4388
f 4534 4723 4386
f 4532 4388 4389
f 9105 9879 9102
f 9103 9105 9102
f 9112 9105 9103
f 9102 9879 9099
f 1868 1865 1874
f 1874 1865 1876
f 1868 1872 1870
f 1868 1874 1872
f 1870 1873 1881
f 1870 1872 1873
f 1881 1886 1884
f 1881 1873 1886
f 1884 1946 1899
f 1884 1886 1946
f 1899 1901 1900
f 1899 1946 1901
f 1900 1927 1928
f 1900 1901 1927
f 1928 1961 1962
f 1928 1927 1961
f 1962 1965 1969
f 1962 1961 1965
f 1970 1972 1971
f 1969 1970 1971
f 1965 1970 1969
f 1970 1975 1972
f 765 710 818
f 707 690 814
f 814 690 765
f 690 634 765
f 634 710 765
f 707 689 690
f 4519 4506 4518
f 4518 4506 4510
f 4518 4723 4534
f 4518 4534 4519
f 9106 9112 9103
f 9106 9109 9112
f 1876 1885 1874
f 1888 1877 1885
f 1877 1874 1885
f 1877 1872 1874
f 1872 1875 1873
f 1872 1877 1875
f 1873 1933 1886
f 1873 1875 1933
f 1886 1984 1946
f 1886 1933 1984
f 1946 1986 1901
f 1946 1984 1986
f 1901 2389 1927
f 1901 1986 2389
f 1927 2316 1961
f 1927 2389 2316
f 1961 2293 1965
f 1961 2316 2293
f 2293 2295 2294
f 1970 2293 2294
f 1965 2293 1970
f 1970 2294 1975
f 708 707 814
f 805 738 770
f 770 738 708
f 738 689 708
f 689 707 708
f 805 764 738
f 4506 4509 4510
f 4505 4509 4506
f 9108 9109 9106
f 9108 9110 9109
f 1877 1888 1887
f 1887 1888 1889
f 1877 1878 1875
f 1877 1887 1878
f 1875 1951 1933
f 1875 1878 1951
f 1933 1985 1984
f 1933 1951 1985
f 1985 2337 2299
f 1986 1985 2299
f 1984 1985 1986
f 1986 2299 2343
f 1986 2343 2389
f 2389 2343 2390
f 2389 2390 2316
f 2316 2390 2391
f 2316 2391 2293
f 2293 2391 2295
f 806 805 770
f 806 773 805
f 773 764 805
f 773 733 764
f 4505 4898 4509
f 4880 4898 4505
f 9108 10093 9754
f 9023 9108 9754
f 9110 9108 9023
f 8312 9754 10093
f 1887 1889 1949
f 1949 1889 1950
f 1887 1983 1878
f 1887 1949 1983
f 1878 2342 1951
f 1878 1983 2342
f 2342 2341 2340
f 1985 2342 2340
f 1951 2342 1985
f 1985 2340 2337
f 774 733 773
f 774 773 817
f 6589 817 6588
f 6589 774 817
f 6582 7242 7232
f 7242 6588 7232
f 7242 6589 6588
f 6582 6546 7242
f 4816 6570 4881
f 4881 6570 4604
f 4881 4898 4880
f 4881 4880 4816
f 9023 9754 9016
f 9023 9016 9021
f 8311 9016 8312
f 8312 9016 9754
f 2261 2269 2260
f 2261 2260 1950
f 2260 1949 1950
f 2260 2318 1949
f 1949 2375 1983
f 1949 2318 2375
f 2375 2480 2471
f 2342 2375 2471
f 1983 2375 2342
f 2342 2471 2341
f 6541 6582 7232
f 6542 6546 6582
f 6541 6542 6582
f 6540 6542 6541
f 6543 6540 7154
f 6543 6542 6540
f 6571 7154 6572
f 6571 6543 7154
f 6572 4604 6570
f 6572 6570 6571
f 9020 9021 9016
f 9016 8311 9020
f 8311 9024 9020
f 8311 9809 9024
f 2417 2445 2444
f 2417 2444 2269
f 2444 2260 2269
f 2444 2469 2260
f 2260 2477 2318
f 2260 2469 2477
f 2477 2557 2554
f 2375 2477 2554
f 2318 2477 2375
f 2375 2554 2480
f 9809 8189 8188
f 9070 9809 8188
f 9024 9809 9070
f 8187 8188 8189
f 2446 2503 2502
f 2446 2502 2445
f 2502 2444 2445
f 2502 2597 2444
f 2597 2655 2653
f 2469 2597 2653
f 2444 2597 2469
f 2469 2653 2625
f 2469 2625 2477
f 2477 2625 2557
f 9070 8188 9065
f 9070 9065 9117
f 10057 9065 8187
f 8187 9065 8188
f 2614 2621 2617
f 2667 2616 2617
f 2617 2616 2614
f 6631 2618 2667
f 2667 2618 2616
f 2618 6631 2503
f 2503 6631 2502
f 6631 6630 2502
f 6630 6632 2502
f 2502 6632 2656
f 2502 2656 2597
f 2597 2656 2655
f 9118 9117 9065
f 9065 10057 9118
f 10057 9650 9118
f 10057 8291 9650
f 2675 2689 2694
f 6352 2622 2694
f 2694 2622 2675
f 2622 6352 2621
f 2621 6352 2617
f 6352 6350 2617
f 6350 6349 2617
f 2617 6349 6381
f 2617 6381 2667
f 2667 6381 6341
f 2667 6341 6631
f 6631 6341 6630
f 8289 9650 8291
f 8289 8290 9650
f 138 139 140
f 6713 141 140
f 140 141 138
f 6712 6710 6713
f 6710 141 6713
f 6710 7144 141
f 6708 2694 2689
f 7144 6708 2689
f 6710 6708 7144
f 2694 6708 6370
f 2694 6370 6352
f 6352 6370 6350
f 8289 8287 5988
f 5987 8289 5988
f 8290 8289 5987
f 8293 5988 8287
f 6722 6725 6720
f 6719 6717 6720
f 6717 6722 6720
f 6717 7141 6722
f 142 140 139
f 7141 142 139
f 6717 142 7141
f 140 142 6714
f 140 6714 6713
f 6713 6714 6712
f 5987 5988 5989
f 5987 5989 5990
f 5997 5989 8293
f 8293 5989 5988
f 6734 7120 7216
f 6793 6731 7216
f 6731 6734 7216
f 6731 6732 6734
f 6729 6731 6730
f 6729 6732 6731
f 6726 6730 6796
f 6726 6729 6730
f 6721 6720 6725
f 6726 6721 6725
f 6796 6721 6726
f 6720 6721 6719
f 5990 5989 5991
f 5990 5991 5992
f 5996 5991 5997
f 5997 5991 5989
f 7229 6843 6889
f 6889 6843 7133
f 6892 6889 6890
f 6892 7229 6889
f 6895 6890 6891
f 6895 6892 6890
f 6795 7216 7120
f 6895 6795 7120
f 6891 6795 6895
f 7216 6795 6793
f 5992 5991 5993
f 5992 5993 5994
f 5998 5993 5996
f 5996 5993 5991
f 6840 6912 7223
f 6829 6830 7223
f 6830 6840 7223
f 6830 6833 6840
f 6832 6830 6831
f 6832 6833 6830
f 6831 7133 6843
f 6831 6843 6832
f 5994 5993 5995
f 5994 5995 6001
f 5999 5995 5998
f 5998 5995 5993
f 6885 6876 6884
f 6866 6887 6884
f 6887 6885 6884
f 6887 7230 6885
f 6924 6887 7234
f 6924 7230 6887
f 6911 7234 6861
f 6911 6924 7234
f 6849 7223 6912
f 6911 6849 6912
f 6861 6849 6911
f 7223 6849 6829
f 6007 6001 5995
f 5995 5999 6007
f 5999 6008 6007
f 5999 6009 6008
f 6964 6957 7273
f 7273 6957 6958
f 6917 7273 6914
f 6917 6964 7273
f 6913 6914 6877
f 6913 6917 6914
f 6875 6877 6873
f 6875 6913 6877
f 6874 6884 6876
f 6875 6874 6876
f 6873 6874 6875
f 6884 6874 6866
f 6010 6008 6009
f 6010 6011 6008
f 7073 7076 7149
f 7073 7149 7072
f 7149 6965 7072
f 7149 6962 6965
f 6954 6962 6955
f 6954 6965 6962
f 6953 6955 6956
f 6953 6954 6955
f 6956 6958 6957
f 6956 6957 6953
f 6014 6011 6010
f 6014 6010 6013
f 6017 6014 6016
f 6014 6015 6016
f 6014 6013 6015
f 9047 6016 6015
f 7170 7195 7171
f 7256 7044 7171
f 7171 7044 7170
f 7044 7256 7087
f 7256 7001 7087
f 7256 7158 7001
f 7181 7158 7085
f 7181 7001 7158
f 7175 7085 7176
f 7175 7181 7085
f 7127 7176 7075
f 7127 7175 7176
f 7075 7076 7073
f 7071 7075 7073
f 7127 7075 7071
f 7071 7073 7072
f 6018 6017 6016
f 6018 6016 9047
f 9063 6018 9047
f 7040 6018 9063
f 7025 7040 7277
f 7040 7215 7277
f 7040 9063 7215
f 7277 7215 7270
f 7215 7041 7270
f 7215 7037 7041
f 7008 7037 7036
f 7008 7041 7037
f 7006 7036 7042
f 7006 7008 7036
f 7042 7195 7170
f 7004 7042 7170
f 7006 7042 7004
f 7004 7170 7044
f 7004 7044 7003
f 7003 7044 7087
f 7023 7025 7277
f 7023 7277 7270
f 5072 5096 5097
f 5072 5097 5069
f 5097 5262 5261
f 5096 5262 5097
f 5261 5319 5542
f 5262 5319 5261
f 5542 5647 5646
f 5319 5647 5542
f 5748 5646 5647
f 5748 5647 5747
f 5729 5214 5075
f 5729 5075 5728
f 5075 5073 5070
f 5214 5073 5075
f 5069 5070 5072
f 5072 5070 5073
f 5747 4340 5748
f 5748 4340 4266
f 4266 4217 4214
f 4340 4217 4266
f 4213 4214 4217
f 4213 4217 3921
f 677 659 903
f 659 622 903
f 622 5728 903
f 622 5729 5728
f 3921 3729 4213
f 3731 3729 3921
f 507 648 659
f 677 507 659
f 575 507 677
f 659 648 622
f 3731 3730 3729
f 3729 3730 3728
f 3307 3728 3730
f 3307 3730 3685
f 570 507 575
f 570 456 507
f 3685 3280 3307
f 3285 3280 3685
f 568 530 455
f 456 568 455
f 570 568 456
f 530 452 455
f 3283 3281 3284
f 3281 3285 3284
f 3281 3280 3285
f 3287 3283 3284
f 569 529 530
f 569 530 568
f 452 530 417
f 417 530 529
f 3283 3282 3281
f 3300 3282 3283
f 3287 3300 3283
f 3561 3300 3287
f 583 543 529
f 583 529 569
f 417 529 418
f 418 529 543
f 3561 3554 3300
f 3555 3554 3561
f 557 543 583
f 557 544 543
f 544 418 543
f 544 442 418
f 3557 3553 3556
f 3553 3555 3556
f 3553 3554 3555
f 3565 3557 3556
f 563 442 544
f 563 445 442
f 3557 3323 3553
f 3327 3323 3557
f 3565 3327 3557
f 3511 3327 3565
f 5630 5770 5631
f 5792 5665 5631
f 5792 5631 5770
f 2661 5722 5665
f 2661 5665 5792
f 2528 2669 5722
f 2528 5722 2661
f 2529 2647 2669
f 2529 2669 2528
f 2419 2590 2647
f 2419 2647 2529
f 2306 2531 2590
f 2306 2590 2419
f 2273 2454 2531
f 2273 2531 2306
f 2272 2361 2454
f 2272 2454 2273
f 2282 2328 2361
f 2282 2361 2272
f 2229 2241 2328
f 2229 2328 2282
f 2199 2231 2241
f 2199 2241 2229
f 2199 2198 2231
f 562 445 563
f 562 444 445
f 3511 3482 3327
f 3484 3482 3511
f 5518 5643 5517
f 5725 5510 5517
f 5725 5517 5643
f 5510 5725 5772
f 5774 5510 5772
f 5514 5510 5774
f 5514 1605 5540
f 5774 1605 5514
f 5540 1595 5629
f 1605 1595 5540
f 5630 5629 5770
f 5629 1596 5770
f 5629 1595 1596
f 5770 1596 5792
f 5792 1596 2613
f 5792 2613 2661
f 2661 2613 2527
f 2661 2527 2528
f 2528 2527 2526
f 2528 2526 2529
f 2529 2526 2453
f 2529 2453 2419
f 2419 2453 2371
f 2330 2320 2371
f 2320 2419 2371
f 2320 2306 2419
f 2306 2242 2273
f 2306 2320 2242
f 2273 2204 2272
f 2273 2242 2204
f 2272 2191 2282
f 2272 2204 2191
f 2282 2017 2229
f 2282 2191 2017
f 2229 2013 2199
f 2229 2017 2013
f 2011 2155 2198
f 2199 2011 2198
f 2013 2011 2199
f 2010 2154 2155
f 2010 2155 2011
f 2010 2005 2154
f 560 444 562
f 560 428 444
f 3486 3483 3485
f 3483 3484 3485
f 3483 3482 3484
f 3489 3486 3485
f 5411 5480 5412
f 5412 5480 5499
f 5506 5412 5499
f 5413 5412 5506
f 5413 5547 5441
f 5506 5547 5413
f 5441 5564 5442
f 5547 5564 5441
f 5442 1617 5482
f 5564 1617 5442
f 5518 5482 5643
f 5482 1607 5643
f 5482 1617 1607
f 5643 1607 5725
f 5725 1607 1606
f 5725 1606 5772
f 2330 2280 2320
f 2320 2280 2242
f 2242 2280 2279
f 2278 2230 2279
f 2230 2242 2279
f 2230 2204 2242
f 2204 2157 2191
f 2204 2230 2157
f 2191 2054 2017
f 2191 2157 2054
f 2017 2015 2013
f 2017 2054 2015
f 2013 2012 2011
f 2013 2015 2012
f 2011 1994 2010
f 2011 2012 1994
f 1994 1995 2005
f 1994 2005 2010
f 561 550 427
f 428 561 427
f 560 561 428
f 550 424 427
f 3486 3487 3483
f 3881 3487 3486
f 3489 3881 3486
f 3512 3881 3489
f 5428 5437 5422
f 5428 5422 5424
f 5422 5438 5421
f 5437 5438 5422
f 5421 5439 5419
f 5438 5439 5421
f 5419 5474 5417
f 5439 5474 5419
f 5411 5417 5480
f 5417 5481 5480
f 5417 5474 5481
f 5480 5481 5499
f 2278 2275 2230
f 143 145 2275
f 145 2230 2275
f 145 2157 2230
f 2157 2109 2054
f 2157 145 2109
f 2054 2053 2015
f 2054 2109 2053
f 2015 2014 2012
f 2015 2053 2014
f 2012 1993 1994
f 2012 2014 1993
f 1992 1996 1995
f 1994 1992 1995
f 1993 1992 1994
f 1992 1999 1996
f 572 564 550
f 572 550 561
f 424 550 425
f 425 550 564
f 3512 3522 3881
f 3521 3522 3512
f 5447 5436 5940
f 5434 5916 5940
f 5436 5434 5940
f 5435 5434 5436
f 5434 5433 5432
f 5435 5433 5434
f 5432 5431 5430
f 5433 5431 5432
f 5430 5429 5427
f 5431 5429 5430
f 5424 5427 5428
f 5428 5427 5429
f 143 144 145
f 2161 2116 144
f 2116 145 144
f 2116 2109 145
f 2109 2110 2053
f 2109 2116 2110
f 2053 2016 2014
f 2053 2110 2016
f 2014 1968 1993
f 2014 2016 1968
f 1993 1967 1992
f 1993 1968 1967
f 1966 2003 1999
f 1992 1966 1999
f 1967 1966 1992
f 1966 2000 2003
f 573 564 572
f 573 565 564
f 565 425 564
f 565 440 425
f 3521 3523 3522
f 3522 3523 3524
f 3525 3524 3523
f 3525 3523 3526
f 5455 5452 5923
f 5455 5923 5924
f 5923 5450 5922
f 5452 5450 5923
f 5922 5448 5921
f 5450 5448 5922
f 5940 5919 5447
f 5919 5448 5447
f 5919 5921 5448
f 5919 5940 5916
f 2161 2115 2116
f 2114 2112 2115
f 2112 2116 2115
f 2112 2110 2116
f 2110 2111 2016
f 2110 2112 2111
f 2016 1932 1968
f 2016 2111 1932
f 1968 1925 1967
f 1968 1932 1925
f 1967 1923 1966
f 1967 1925 1923
f 1924 2001 2000
f 1966 1924 2000
f 1923 1924 1966
f 1924 2106 2001
f 567 440 565
f 567 434 440
f 3526 3607 3525
f 3606 3607 3526
f 5928 5462 136
f 5928 136 135
f 136 5460 5927
f 5462 5460 136
f 5927 5458 5926
f 5460 5458 5927
f 5926 5456 5925
f 5458 5456 5926
f 5924 5925 5455
f 5455 5925 5456
f 2114 2113 2112
f 1918 1912 2113
f 1912 2112 2113
f 1912 2111 2112
f 2111 1911 1932
f 2111 1912 1911
f 1932 1895 1925
f 1932 1911 1895
f 1925 1894 1923
f 1925 1895 1894
f 1923 1896 1924
f 1923 1894 1896
f 1922 2107 2106
f 1924 1922 2106
f 1896 1922 1924
f 1922 1978 2107
f 542 434 567
f 542 435 434
f 3606 4368 3607
f 4369 4368 3606
f 5943 5941 10015
f 5936 10014 10015
f 5941 5936 10015
f 5931 5936 5941
f 5936 5930 5932
f 5931 5930 5936
f 135 5932 5928
f 5928 5932 5930
f 1918 1913 1912
f 1844 1843 1913
f 1843 1912 1913
f 1843 1911 1912
f 1911 1893 1895
f 1911 1843 1893
f 1895 1867 1894
f 1895 1893 1867
f 1894 1866 1896
f 1894 1867 1866
f 1896 1904 1922
f 1896 1866 1904
f 1905 1977 1978
f 1922 1905 1978
f 1904 1905 1922
f 1905 1903 1977
f 531 484 438
f 435 531 438
f 542 531 435
f 484 439 438
f 4369 4381 4368
f 4379 4381 4369
f 5659 5519 9992
f 5659 9992 10040
f 9992 5498 9993
f 5519 5498 9992
f 10015 10024 5943
f 10024 5498 5943
f 10024 9993 5498
f 10024 10015 10014
f 1843 1844 1826
f 1826 1844 1827
f 1843 1842 1893
f 1843 1826 1842
f 1893 1845 1867
f 1893 1842 1845
f 1867 1861 1866
f 1867 1845 1861
f 1866 1863 1904
f 1866 1861 1863
f 1863 1864 1902
f 1905 1863 1902
f 1904 1863 1905
f 1905 1902 1903
f 528 484 531
f 528 527 484
f 527 439 484
f 527 551 439
f 4379 4389 4381
f 4395 4389 4379
f 5805 5788 10087
f 5805 10087 9105
f 10040 10087 5659
f 5659 10087 5788
f 1827 1825 1826
f 1814 1813 1825
f 1813 1826 1825
f 1813 1842 1826
f 1842 1840 1845
f 1842 1813 1840
f 1845 1860 1861
f 1845 1840 1860
f 1861 1862 1863
f 1861 1860 1862
f 1862 1865 1864
f 1862 1864 1863
f 634 655 654
f 551 634 654
f 527 634 551
f 655 653 654
f 4529 4530 4532
f 4532 4530 4534
f 4532 4389 4395
f 4532 4395 4529
f 9112 5805 9105
f 9112 6123 5805
f 1813 1814 1811
f 1811 1814 1815
f 1813 1812 1840
f 1813 1811 1812
f 1840 1841 1860
f 1840 1812 1841
f 1860 1859 1862
f 1860 1841 1859
f 1859 1876 1865
f 1859 1865 1862
f 690 655 634
f 690 689 655
f 689 653 655
f 689 723 653
f 4531 4503 4519
f 4519 4503 4506
f 4519 4534 4530
f 4519 4530 4531
f 9109 6123 9112
f 9109 6120 6123
f 1828 1852 1807
f 1828 1807 1815
f 1807 1811 1815
f 1807 1806 1811
f 1811 1810 1812
f 1811 1806 1810
f 1812 1817 1841
f 1812 1810 1817
f 1841 1858 1859
f 1841 1817 1858
f 1891 1885 1876
f 1859 1891 1876
f 1858 1891 1859
f 1891 1888 1885
f 728 723 689
f 728 689 738
f 738 764 728
f 728 764 724
f 4503 4505 4506
f 4490 4505 4503
f 9110 6120 9109
f 9110 6115 6120
f 1807 1852 1801
f 1801 1852 1802
f 1807 1803 1806
f 1807 1801 1803
f 1806 1805 1810
f 1806 1803 1805
f 1810 1809 1817
f 1810 1805 1809
f 1817 1857 1858
f 1817 1809 1857
f 1858 1890 1891
f 1858 1857 1890
f 1890 1889 1888
f 1890 1888 1891
f 733 775 732
f 724 733 732
f 764 733 724
f 775 828 732
f 4490 4880 4505
f 4487 4880 4490
f 9023 6115 9110
f 9023 6114 6115
f 1802 1799 1801
f 1798 1800 1799
f 1800 1801 1799
f 1800 1803 1801
f 1803 1804 1805
f 1803 1800 1804
f 1805 1808 1809
f 1805 1804 1808
f 1809 1846 1857
f 1809 1808 1846
f 1857 1892 1890
f 1857 1846 1892
f 1892 1950 1889
f 1892 1889 1890
f 774 775 733
f 858 828 775
f 774 858 775
f 6589 858 774
f 6634 6589 7242
f 6634 858 6589
f 7242 6546 6634
f 6634 6546 6547
f 4702 6569 4816
f 4816 6569 6570
f 4816 4880 4487
f 4816 4487 4702
f 9021 6114 9023
f 9021 6116 6114
f 1797 1850 1849
f 1797 1849 1798
f 1849 1800 1798
f 1849 1910 1800
f 1800 1926 1804
f 1800 1910 1926
f 1804 2247 1808
f 1804 1926 2247
f 1808 2268 1846
f 1808 2247 2268
f 2268 2269 2261
f 1892 2268 2261
f 1846 2268 1892
f 1892 2261 1950
f 6545 6547 6546
f 6545 6546 6542
f 6544 6542 6543
f 6544 6545 6542
f 6581 6543 6571
f 6581 6544 6543
f 6571 6570 6569
f 6571 6569 6581
f 9021 9020 9022
f 6119 9021 9022
f 6116 9021 6119
f 9024 9022 9020
f 1849 1850 1954
f 1954 1850 1956
f 1849 1955 1910
f 1849 1954 1955
f 1910 2281 1926
f 1910 1955 2281
f 1926 2416 2247
f 1926 2281 2416
f 2416 2445 2417
f 2268 2416 2417
f 2247 2416 2268
f 2268 2417 2269
f 6122 6119 9022
f 9022 9024 6122
f 9024 6121 6122
f 9024 9070 6121
f 2434 2448 2447
f 2463 2433 2447
f 2447 2433 2434
f 2433 2463 1956
f 2463 1954 1956
f 2463 2464 1954
f 1954 2465 1955
f 1954 2464 2465
f 1955 2491 2281
f 1955 2465 2491
f 2491 2503 2446
f 2416 2491 2446
f 2281 2491 2416
f 2416 2446 2445
f 9117 6121 9070
f 9117 6126 6121
f 2449 2450 2461
f 2449 2461 2448
f 2461 2447 2448
f 2461 2492 2447
f 2447 2516 2463
f 2447 2492 2516
f 2516 2621 2614
f 2464 2516 2614
f 2463 2516 2464
f 2464 2614 2616
f 2464 2616 2465
f 2465 2616 2618
f 2465 2618 2491
f 2491 2618 2503
f 9117 9118 9119
f 6127 9117 9119
f 6126 9117 6127
f 9650 9119 9118
f 2567 2568 149
f 2635 2569 149
f 149 2569 2567
f 2569 2635 2450
f 2635 2461 2450
f 2635 2670 2461
f 2670 2689 2675
f 2492 2670 2675
f 2461 2670 2492
f 2492 2675 2622
f 2492 2622 2516
f 2516 2622 2621
f 6128 6127 9119
f 9119 9650 6128
f 9650 6003 6128
f 9650 8290 6003
f 146 147 148
f 2686 2624 148
f 148 2624 146
f 2624 2686 2568
f 2568 2686 149
f 2686 139 149
f 139 138 149
f 149 138 141
f 149 141 2635
f 2635 141 7144
f 2635 7144 2670
f 2670 7144 2689
f 5987 6003 8290
f 5987 6000 6003
f 2688 6735 6728
f 6727 2687 6728
f 6728 2687 2688
f 2687 6727 147
f 147 6727 148
f 6727 6725 148
f 6725 6722 148
f 148 6722 7141
f 148 7141 2686
f 2686 7141 139
f 5990 6000 5987
f 5990 6002 6000
f 7121 7118 7119
f 7120 6734 7119
f 6734 7121 7119
f 6734 7212 7121
f 6733 6734 6732
f 6733 7212 6734
f 6729 6728 6735
f 6733 6729 6735
f 6732 6729 6733
f 6728 6729 6726
f 6728 6726 6727
f 6727 6726 6725
f 5992 6002 5990
f 5992 6004 6002
f 6842 6835 6839
f 6843 7229 6839
f 7229 6842 6839
f 7229 7262 6842
f 7117 7229 6892
f 7117 7262 7229
f 6895 7119 7118
f 7117 6895 7118
f 6892 6895 7117
f 7119 6895 7120
f 5994 6004 5992
f 5994 6005 6004
f 6925 6918 6915
f 6912 6840 6915
f 6840 6925 6915
f 6840 7218 6925
f 6834 6840 6833
f 6834 7218 6840
f 6832 6839 6835
f 6834 6832 6835
f 6833 6832 6834
f 6839 6832 6843
f 6001 6005 5994
f 6001 6006 6005
f 6907 7135 6888
f 6876 6885 6888
f 6885 6907 6888
f 6885 6908 6907
f 6909 6885 7230
f 6909 6908 6885
f 6919 7230 6924
f 6919 6909 7230
f 6911 6915 6918
f 6919 6911 6918
f 6924 6911 6919
f 6915 6911 6912
f 6125 6006 6001
f 6125 6001 6007
f 6007 6008 6125
f 6125 6008 6124
f 6949 6951 6969
f 6957 6964 6969
f 6964 6949 6969
f 6964 6963 6949
f 7139 6964 6917
f 7139 6963 6964
f 6916 6917 6913
f 6916 7139 6917
f 6875 6888 7135
f 6916 6875 7135
f 6913 6875 6916
f 6888 6875 6876
f 6011 6124 6008
f 6011 6132 6124
f 7067 7069 7070
f 7072 6965 7070
f 6965 7067 7070
f 6965 7104 7067
f 6952 6965 6954
f 6952 7104 6965
f 6953 6969 6951
f 6952 6953 6951
f 6954 6953 6952
f 6969 6953 6957
f 6184 6132 6011
f 6184 6011 6014
f 6014 6017 6184
f 6184 6017 6196
f 6996 7000 7001
f 7001 7000 7087
f 7101 7001 7181
f 7101 6996 7001
f 7137 7181 7175
f 7137 7101 7181
f 7074 7175 7127
f 7074 7137 7175
f 7071 7070 7069
f 7074 7071 7069
f 7127 7071 7074
f 7070 7071 7072
f 6199 6196 6017
f 6199 6017 6018
f 6226 6199 7039
f 6199 7040 7039
f 6199 6018 7040
f 7025 7039 7040
f 7202 7270 7041
f 7202 7041 7019
f 7041 7009 7019
f 7041 7008 7009
f 7007 7008 7006
f 7007 7009 7008
f 7005 7006 7004
f 7005 7007 7006
f 7002 7004 7003
f 7002 7005 7004
f 7003 7087 7000
f 7003 7000 7002
f 7024 6226 7039
f 7024 7039 7025
f 7023 7024 7025
f 7022 7024 7023
f 7023 7270 7202
f 7020 7023 7202
f 7022 7023 7020
f 7020 7202 7019
f 5074 5085 5096
f 5074 5096 5072
f 5096 5263 5262
f 5085 5263 5096
f 5262 5520 5319
f 5263 5520 5262
f 5319 5681 5647
f 5520 5681 5319
f 5736 5749 5747
f 5647 5736 5747
f 5681 5736 5647
f 5766 5749 5736
f 912 5638 5214
f 912 5214 5729
f 5214 5082 5073
f 5638 5082 5214
f 5072 5073 5074
f 5074 5073 5082
f 5749 4340 5747
f 5766 4218 5749
f 4218 4340 5749
f 4218 4217 4340
f 3921 4217 4218
f 3921 4218 3882
f 622 912 5729
f 622 620 912
f 3732 3731 3734
f 3731 3882 3734
f 3731 3921 3882
f 3733 3732 3734
f 507 499 648
f 499 498 648
f 498 622 648
f 498 620 622
f 3732 3730 3731
f 3685 3730 3732
f 3733 3685 3732
f 3290 3685 3733
f 456 454 499
f 456 499 507
f 498 499 415
f 415 499 454
f 3286 3285 3289
f 3285 3290 3289
f 3285 3685 3290
f 3288 3286 3289
f 455 454 456
f 455 452 454
f 452 415 454
f 452 412 415
f 3286 3284 3285
f 3287 3284 3286
f 3288 3287 3286
f 3562 3287 3288
f 417 412 452
f 417 413 412
f 3562 3561 3287
f 3560 3561 3562
f 418 413 417
f 418 414 413
f 3558 3555 3559
f 3555 3560 3559
f 3555 3561 3560
f 3566 3558 3559
f 442 414 418
f 442 407 414
f 3558 3556 3555
f 3565 3556 3558
f 3566 3565 3558
f 3507 3565 3566
f 445 407 442
f 445 406 407
f 3507 3511 3565
f 3508 3511 3507
f 444 443 404
f 406 444 404
f 445 444 406
f 443 403 404
f 3488 3484 3520
f 3484 3508 3520
f 3484 3511 3508
f 3491 3488 3520
f 5772 1568 5774
f 1544 1605 5774
f 1544 5774 1568
f 1532 1595 1605
f 1532 1605 1544
f 1533 1596 1595
f 1533 1595 1532
f 2430 2613 1596
f 2430 1596 1533
f 2415 2527 2613
f 2415 2613 2430
f 2432 2526 2527
f 2432 2527 2415
f 2410 2453 2526
f 2410 2526 2432
f 2331 2371 2453
f 2331 2453 2410
f 2331 2330 2371
f 428 426 443
f 428 443 444
f 403 443 408
f 408 443 426
f 3488 3485 3484
f 3489 3485 3488
f 3491 3489 3488
f 3490 3489 3491
f 5499 5645 5506
f 5710 5547 5506
f 5710 5506 5645
f 5763 5564 5547
f 5763 5547 5710
f 1614 1617 5564
f 1614 5564 5763
f 1579 1607 1617
f 1579 1617 1614
f 1557 1606 1607
f 1557 1607 1579
f 1568 5772 1606
f 1557 1568 1606
f 1508 1568 1557
f 1568 1504 1544
f 1568 1508 1504
f 1544 1502 1532
f 1544 1504 1502
f 1532 1506 1533
f 1532 1502 1506
f 1533 2437 2430
f 1533 1506 2437
f 2430 2396 2415
f 2430 2437 2396
f 2415 2376 2432
f 2415 2396 2376
f 2432 2346 2410
f 2432 2376 2346
f 2410 2336 2331
f 2410 2346 2336
f 2290 2280 2330
f 2331 2290 2330
f 2336 2290 2331
f 2289 2279 2280
f 2289 2280 2290
f 2289 2278 2279
f 427 426 428
f 427 424 426
f 424 408 426
f 424 422 408
f 3490 3512 3489
f 3496 3512 3490
f 5428 5533 5437
f 5554 5438 5437
f 5554 5437 5533
f 5438 5554 5575
f 5616 5438 5575
f 5439 5438 5616
f 5439 5661 5474
f 5616 5661 5439
f 5474 5680 5481
f 5661 5680 5474
f 5499 5481 5645
f 5481 1598 5645
f 5481 5680 1598
f 5645 1598 5710
f 5710 1598 1597
f 5710 1597 5763
f 5763 1597 1583
f 5763 1583 1614
f 1614 1583 1565
f 1614 1565 1579
f 1579 1565 1556
f 1579 1556 1557
f 1557 1556 1522
f 1557 1522 1508
f 1508 1522 1500
f 1508 1500 1504
f 1504 1500 1501
f 1504 1501 1502
f 1502 1501 1503
f 1502 1503 1506
f 1506 1503 2438
f 1506 2438 2437
f 2437 2438 2397
f 2437 2397 2396
f 2396 2397 2395
f 2396 2395 2376
f 2376 2395 2377
f 2276 2251 2377
f 2251 2376 2377
f 2251 2346 2376
f 2346 2249 2336
f 2346 2251 2249
f 2336 2252 2290
f 2336 2249 2252
f 2290 2246 2289
f 2290 2252 2246
f 2232 2275 2278
f 2289 2232 2278
f 2246 2232 2289
f 2232 143 2275
f 425 422 424
f 425 429 422
f 3496 3521 3512
f 3610 3521 3496
f 5447 5445 5436
f 5436 5445 5444
f 5443 5436 5444
f 5435 5436 5443
f 5435 5478 5433
f 5443 5478 5435
f 5433 5508 5431
f 5478 5508 5433
f 5431 5513 5429
f 5508 5513 5431
f 5428 5429 5533
f 5429 5525 5533
f 5429 5513 5525
f 5533 5525 5554
f 5554 5525 5574
f 5554 5574 5575
f 2276 2250 2251
f 2251 2250 2249
f 2249 2250 2248
f 1991 1990 2248
f 1990 2249 2248
f 1990 2252 2249
f 2252 2190 2246
f 2252 1990 2190
f 2246 2189 2232
f 2246 2190 2189
f 2182 144 143
f 2232 2182 143
f 2189 2182 2232
f 2182 2161 144
f 440 429 425
f 440 431 429
f 3610 3593 3521
f 3521 3593 3523
f 3526 3523 3593
f 3526 3593 3594
f 5454 5453 5452
f 5454 5452 5455
f 5452 5451 5450
f 5453 5451 5452
f 5450 5449 5448
f 5451 5449 5450
f 5447 5448 5445
f 5448 5446 5445
f 5448 5449 5446
f 5445 5446 5444
f 1991 1989 1990
f 1835 1834 1989
f 1834 1990 1989
f 1834 2190 1990
f 2190 1963 2189
f 2190 1834 1963
f 2189 2158 2182
f 2189 1963 2158
f 2160 2115 2161
f 2182 2160 2161
f 2158 2160 2182
f 2160 2114 2115
f 434 431 440
f 434 433 431
f 3594 3606 3526
f 3600 3606 3594
f 5469 5464 5929
f 5462 5928 5929
f 5464 5462 5929
f 5463 5462 5464
f 5462 5461 5460
f 5463 5461 5462
f 5460 5459 5458
f 5461 5459 5460
f 5458 5457 5456
f 5459 5457 5458
f 5455 5456 5454
f 5454 5456 5457
f 1834 1835 1833
f 1833 1835 1836
f 1834 1832 1963
f 1834 1833 1832
f 1963 1964 2158
f 1963 1832 1964
f 2158 2159 2160
f 2158 1964 2159
f 1931 2113 2114
f 2160 1931 2114
f 2159 1931 2160
f 1931 1918 2113
f 435 437 436
f 433 435 436
f 434 435 433
f 437 268 436
f 3600 4369 3606
f 4370 4369 3600
f 5496 5490 5497
f 5941 5943 5497
f 5490 5941 5497
f 5942 5941 5490
f 5941 5470 5931
f 5942 5470 5941
f 5929 5930 5469
f 5930 5470 5469
f 5930 5931 5470
f 5930 5929 5928
f 150 151 152
f 150 152 1836
f 152 1833 1836
f 152 1947 1833
f 1833 1831 1832
f 1833 1947 1831
f 1832 1829 1964
f 1832 1831 1829
f 1964 1824 2159
f 1964 1829 1824
f 2159 1847 1931
f 2159 1824 1847
f 1848 1913 1918
f 1931 1848 1918
f 1847 1848 1931
f 1848 1844 1913
f 438 437 435
f 438 439 437
f 439 268 437
f 439 262 268
f 4370 4379 4369
f 4374 4379 4370
f 5658 5509 5519
f 5658 5519 5659
f 5497 5498 5496
f 5498 5509 5496
f 5498 5519 5509
f 5498 5497 5943
f 152 151 1738
f 1738 151 1736
f 152 1743 1947
f 152 1738 1743
f 1947 1948 1831
f 1947 1743 1948
f 1831 1830 1829
f 1831 1948 1830
f 1829 1823 1824
f 1829 1830 1823
f 1824 1821 1847
f 1824 1823 1821
f 1847 1820 1848
f 1847 1821 1820
f 1820 1827 1844
f 1820 1844 1848
f 551 262 439
f 551 582 262
f 4374 4395 4379
f 4394 4395 4374
f 5804 5800 5788
f 5804 5788 5805
f 5659 5788 5658
f 5658 5788 5800
f 1738 1736 1716
f 1716 1736 1733
f 1738 1712 1743
f 1738 1716 1712
f 1743 1742 1948
f 1743 1712 1742
f 1948 1945 1830
f 1948 1742 1945
f 1830 1929 1823
f 1830 1945 1929
f 1823 1822 1821
f 1823 1929 1822
f 1821 1819 1820
f 1821 1822 1819
f 1818 1825 1827
f 1820 1818 1827
f 1819 1818 1820
f 1818 1814 1825
f 652 582 551
f 652 551 654
f 654 653 652
f 652 653 651
f 4526 4527 4529
f 4529 4527 4530
f 4529 4395 4394
f 4529 4394 4526
f 6123 5804 5805
f 6123 6118 5804
f 1716 1733 1707
f 1707 1733 1705
f 1716 1708 1712
f 1716 1707 1708
f 1712 1711 1742
f 1712 1708 1711
f 1742 1725 1945
f 1742 1711 1725
f 1945 1727 1929
f 1945 1725 1727
f 1929 1930 1822
f 1929 1727 1930
f 1822 1851 1819
f 1822 1930 1851
f 1819 1816 1818
f 1819 1851 1816
f 1816 1815 1814
f 1816 1814 1818
f 723 726 727
f 651 723 727
f 653 723 651
f 726 725 727
f 4508 4503 4531
f 4504 4508 4531
f 4530 4504 4531
f 4527 4504 4530
f 6120 6118 6123
f 6120 6111 6118
f 1705 1706 1707
f 1703 1709 1706
f 1709 1707 1706
f 1709 1708 1707
f 1708 1710 1711
f 1708 1709 1710
f 1711 1724 1725
f 1711 1710 1724
f 1725 1726 1727
f 1725 1724 1726
f 1727 1728 1930
f 1727 1726 1728
f 1930 1789 1851
f 1930 1728 1789
f 1789 1852 1828
f 1816 1789 1828
f 1851 1789 1816
f 1816 1828 1815
f 728 726 723
f 728 724 726
f 724 725 726
f 724 729 725
f 4507 4488 4508
f 4488 4503 4508
f 4488 4490 4503
f 4507 4508 4504
f 6115 6111 6120
f 6115 6069 6111
f 1709 1703 1695
f 1695 1703 1693
f 1709 1713 1710
f 1709 1695 1713
f 1710 1714 1724
f 1710 1713 1714
f 1724 1723 1726
f 1724 1714 1723
f 1726 1734 1728
f 1726 1723 1734
f 1728 1788 1789
f 1728 1734 1788
f 1788 1802 1852
f 1788 1852 1789
f 730 729 724
f 730 724 732
f 732 828 730
f 730 828 798
f 4488 4487 4490
f 4486 4487 4488
f 6114 6069 6115
f 6114 6049 6069
f 1695 1693 1692
f 1692 1693 1689
f 1695 1699 1713
f 1695 1692 1699
f 1713 1715 1714
f 1713 1699 1715
f 1714 1722 1723
f 1714 1715 1722
f 1723 1729 1734
f 1723 1722 1729
f 1734 1787 1788
f 1734 1729 1787
f 1790 1799 1802
f 1788 1790 1802
f 1787 1790 1788
f 1790 1798 1799
f 827 798 828
f 827 828 858
f 6577 858 6634
f 6577 827 858
f 6548 6549 6547
f 6549 6634 6547
f 6549 6577 6634
f 6548 6550 6549
f 4856 6567 4702
f 4702 6567 6569
f 4702 4487 4486
f 4702 4486 4856
f 6116 6049 6114
f 6116 6044 6049
f 1692 1689 1691
f 1691 1689 1690
f 1692 1700 1699
f 1692 1691 1700
f 1699 1701 1715
f 1699 1700 1701
f 1715 1717 1722
f 1715 1701 1717
f 1722 1774 1729
f 1722 1717 1774
f 1729 1786 1787
f 1729 1774 1786
f 1786 1850 1797
f 1790 1786 1797
f 1787 1786 1790
f 1790 1797 1798
f 6545 6548 6547
f 6580 6550 6548
f 6545 6580 6548
f 6544 6580 6545
f 6566 6544 6581
f 6566 6580 6544
f 6581 6569 6567
f 6581 6567 6566
f 6119 6044 6116
f 6119 6043 6044
f 1691 1690 1718
f 1718 1690 1719
f 1691 1721 1700
f 1691 1718 1721
f 1700 1854 1701
f 1700 1721 1854
f 1701 1853 1717
f 1701 1854 1853
f 1717 1909 1774
f 1717 1853 1909
f 1774 1952 1786
f 1774 1909 1952
f 1952 1956 1850
f 1952 1850 1786
f 6050 6043 6119
f 6050 6119 6122
f 6122 6121 6050
f 6050 6121 6039
f 1718 1719 1856
f 1856 1719 1785
f 1718 1953 1721
f 1718 1856 1953
f 1721 2255 1854
f 1721 1953 2255
f 1854 2317 1853
f 1854 2255 2317
f 2317 2448 2434
f 1909 2317 2434
f 1853 2317 1909
f 1909 2434 2433
f 1909 2433 1952
f 1952 2433 1956
f 6126 6039 6121
f 6126 6052 6039
f 1959 1982 1960
f 1959 1960 1785
f 1960 1856 1785
f 1960 2277 1856
f 1856 2307 1953
f 1856 2277 2307
f 1953 2358 2255
f 1953 2307 2358
f 2358 2450 2449
f 2317 2358 2449
f 2255 2358 2317
f 2317 2449 2448
f 6127 6052 6126
f 6127 6030 6052
f 2401 2402 2400
f 2401 2400 1982
f 2400 1960 1982
f 2400 2498 1960
f 1960 2501 2277
f 1960 2498 2501
f 2501 2568 2567
f 2307 2501 2567
f 2277 2501 2307
f 2307 2567 2569
f 2307 2569 2358
f 2358 2569 2450
f 6029 6030 6127
f 6029 6127 6128
f 6128 6003 6029
f 6029 6003 6028
f 2483 2486 2485
f 2509 2484 2485
f 2485 2484 2483
f 2484 2509 2402
f 2509 2400 2402
f 2509 2589 2400
f 2589 147 146
f 2498 2589 146
f 2400 2589 2498
f 2498 146 2624
f 2498 2624 2501
f 2501 2624 2568
f 6000 6028 6003
f 6000 6027 6028
f 2628 2637 2598
f 2628 2598 2486
f 2598 2485 2486
f 2598 2668 2485
f 2668 6735 2688
f 2509 2668 2688
f 2485 2668 2509
f 2509 2688 2687
f 2509 2687 2589
f 2589 2687 147
f 6002 6027 6000
f 6002 6031 6027
f 7125 7126 7183
f 7122 7123 7183
f 7183 7123 7125
f 7118 7121 7122
f 7121 7123 7122
f 7121 7124 7123
f 7212 2598 2637
f 7124 7212 2637
f 7121 7212 7124
f 2598 7212 6733
f 2598 6733 2668
f 2668 6733 6735
f 6004 6031 6002
f 6004 6085 6031
f 6841 6837 6836
f 6835 6842 6836
f 6842 6841 6836
f 6842 7136 6841
f 7262 7183 7126
f 7136 7262 7126
f 6842 7262 7136
f 7183 7262 7117
f 7183 7117 7122
f 7122 7117 7118
f 6005 6085 6004
f 6005 6088 6085
f 6923 7179 6921
f 6920 6922 6921
f 6921 6922 6923
f 6918 6925 6920
f 6925 6922 6920
f 6925 7168 6922
f 6838 6925 7218
f 6838 7168 6925
f 6834 6836 6837
f 6838 6834 6837
f 7218 6834 6838
f 6836 6834 6835
f 6006 6088 6005
f 6006 6087 6088
f 7280 6967 7269
f 7246 7096 7269
f 7269 7096 7280
f 7135 6907 7246
f 6907 7096 7246
f 6907 7163 7096
f 6910 6907 6908
f 6910 7163 6907
f 6909 6921 7179
f 6910 6909 7179
f 6908 6909 6910
f 6921 6909 6919
f 6921 6919 6920
f 6920 6919 6918
f 6103 6087 6006
f 6103 6006 6125
f 6125 6124 6103
f 6103 6124 6101
f 6947 6950 6949
f 6949 6950 6951
f 6948 6949 6963
f 6948 6947 6949
f 7139 7269 6967
f 6948 7139 6967
f 6963 7139 6948
f 7269 7139 6916
f 7269 6916 7246
f 7246 6916 7135
f 6132 6101 6124
f 6132 6153 6101
f 7064 7068 7067
f 7067 7068 7069
f 7066 7067 7104
f 7066 7064 7067
f 6968 7104 6952
f 6968 7066 7104
f 6952 6951 6950
f 6952 6950 6968
f 6168 6153 6132
f 6168 6132 6184
f 6184 6196 6168
f 6168 6196 6195
f 6995 6997 6996
f 6996 6997 7000
f 6994 6996 7101
f 6994 6995 6996
f 7059 7101 7137
f 7059 6994 7101
f 7050 7137 7074
f 7050 7059 7137
f 7074 7069 7068
f 7074 7068 7050
f 6197 6195 6196
f 6197 6196 6199
f 7260 6225 6226
f 6225 6199 6226
f 6225 6197 6199
f 7260 7092 6225
f 7011 7018 7009
f 7009 7018 7019
f 7010 7009 7007
f 7010 7011 7009
f 7043 7007 7005
f 7043 7010 7007
f 7245 7005 7002
f 7245 7043 7005
f 7002 7000 6997
f 7002 6997 7245
f 7024 7260 6226
f 7026 7092 7260
f 7024 7026 7260
f 7022 7026 7024
f 7021 7022 7020
f 7021 7026 7022
f 7020 7019 7018
f 7020 7018 7021
f 5083 5086 5085
f 5083 5085 5074
f 5085 5232 5263
f 5086 5232 5085
f 5263 5521 5520
f 5232 5521 5263
f 5520 5657 5681
f 5521 5657 5520
f 5681 5707 5736
f 5657 5707 5681
f 5766 5736 5707
f 5766 5707 5776
f 911 5696 5638
f 911 5638 912
f 5638 5084 5082
f 5696 5084 5638
f 5074 5082 5083
f 5083 5082 5084
f 5776 4232 5766
f 5766 4232 4218
f 3882 4218 4232
f 3882 4232 3955
f 620 911 912
f 620 619 911
f 3955 3891 3882
f 3882 3891 3734
f 3733 3734 3891
f 3733 3891 3306
f 498 619 620
f 498 420 619
f 3306 3290 3733
f 3292 3290 3306
f 415 420 498
f 415 410 420
f 3292 3291 3290
f 3290 3291 3289
f 3288 3289 3291
f 3288 3291 3690
f 412 410 415
f 412 411 410
f 3690 3562 3288
f 3563 3562 3690
f 413 411 412
f 413 377 411
f 3564 3560 3567
f 3560 3563 3567
f 3560 3562 3563
f 3568 3564 3567
f 414 377 413
f 414 441 377
f 3564 3559 3560
f 3566 3559 3564
f 3568 3566 3564
f 3506 3566 3568
f 407 441 414
f 407 161 441
f 3506 3507 3566
f 3502 3507 3506
f 406 405 159
f 161 406 159
f 407 406 161
f 405 402 159
f 3501 3508 3500
f 3508 3502 3500
f 3508 3507 3502
f 3493 3501 3500
f 404 405 406
f 404 403 405
f 403 402 405
f 403 401 402
f 3501 3520 3508
f 3491 3520 3501
f 3493 3491 3501
f 3492 3491 3493
f 408 401 403
f 408 421 401
f 3492 3490 3491
f 3494 3490 3492
f 422 421 408
f 422 423 421
f 3494 3496 3490
f 3551 3496 3494
f 5575 5666 5616
f 5752 5661 5616
f 5752 5616 5666
f 1569 5680 5661
f 1569 5661 5752
f 1555 1598 5680
f 1555 5680 1569
f 1519 1597 1598
f 1519 1598 1555
f 1486 1583 1597
f 1486 1597 1519
f 1477 1565 1583
f 1477 1583 1486
f 1446 1556 1565
f 1446 1565 1477
f 1403 1522 1556
f 1403 1556 1446
f 1402 1500 1522
f 1402 1522 1403
f 1408 1501 1500
f 1408 1500 1402
f 1505 1503 1501
f 1505 1501 1408
f 2286 2438 1503
f 2286 1503 1505
f 2287 2397 2438
f 2287 2438 2286
f 2319 2395 2397
f 2319 2397 2287
f 2292 2377 2395
f 2292 2395 2319
f 2292 2276 2377
f 429 423 422
f 429 430 423
f 3595 3610 3598
f 3610 3551 3598
f 3610 3496 3551
f 3596 3595 3598
f 5444 5550 5443
f 5573 5478 5443
f 5573 5443 5550
f 5669 5508 5478
f 5669 5478 5573
f 5508 5669 5740
f 5746 5508 5740
f 5513 5508 5746
f 5513 5756 5525
f 5746 5756 5513
f 5525 1587 5574
f 5756 1587 5525
f 5575 5574 5666
f 5574 1577 5666
f 5574 1587 1577
f 5666 1577 5752
f 5752 1577 1560
f 5752 1560 1569
f 1569 1560 1543
f 1569 1543 1555
f 1555 1543 1518
f 1555 1518 1519
f 1519 1518 1487
f 1519 1487 1486
f 1486 1487 1485
f 1486 1485 1477
f 1477 1485 1447
f 1477 1447 1446
f 1446 1447 1422
f 1446 1422 1403
f 1403 1422 1395
f 1392 1394 1395
f 1394 1403 1395
f 1394 1402 1403
f 1402 1396 1408
f 1402 1394 1396
f 1408 2237 1505
f 1408 1396 2237
f 1505 2236 2286
f 1505 2237 2236
f 2286 2216 2287
f 2286 2236 2216
f 2287 2215 2319
f 2287 2216 2215
f 2319 2240 2292
f 2319 2215 2240
f 2201 2250 2276
f 2292 2201 2276
f 2240 2201 2292
f 2156 2248 2250
f 2156 2250 2201
f 2156 1991 2248
f 431 430 429
f 431 432 430
f 3595 3593 3610
f 3594 3593 3595
f 3596 3594 3595
f 3597 3594 3596
f 5475 5476 5453
f 5475 5453 5454
f 5453 5477 5451
f 5476 5477 5453
f 5451 5479 5449
f 5477 5479 5451
f 5449 5516 5446
f 5479 5516 5449
f 5444 5446 5550
f 5446 5549 5550
f 5446 5516 5549
f 5550 5549 5573
f 5573 5549 5651
f 5573 5651 5669
f 5669 5651 1610
f 5669 1610 5740
f 1392 1391 1394
f 1394 1391 1396
f 1396 1391 2274
f 1396 2274 2237
f 2237 2274 2254
f 153 155 2254
f 155 2237 2254
f 155 2236 2237
f 2236 1938 2216
f 2236 155 1938
f 2216 1939 2215
f 2216 1938 1939
f 2215 1941 2240
f 2215 1939 1941
f 2240 1943 2201
f 2240 1941 1943
f 2201 1839 2156
f 2201 1943 1839
f 1838 1989 1991
f 2156 1838 1991
f 1839 1838 2156
f 1838 1835 1989
f 433 432 431
f 433 265 432
f 3597 3600 3594
f 3605 3600 3597
f 5468 5467 5464
f 5468 5464 5469
f 5464 5466 5463
f 5467 5466 5464
f 5463 5465 5461
f 5466 5465 5463
f 5461 5472 5459
f 5465 5472 5461
f 5459 5473 5457
f 5472 5473 5459
f 5454 5457 5475
f 5475 5457 5473
f 153 154 155
f 155 154 1938
f 1938 154 1937
f 1935 1936 1937
f 1936 1938 1937
f 1936 1939 1938
f 1939 1940 1941
f 1939 1936 1940
f 1941 1942 1943
f 1941 1940 1942
f 1943 1855 1839
f 1943 1942 1855
f 1839 1837 1838
f 1839 1855 1837
f 1837 1836 1835
f 1837 1835 1838
f 263 265 433
f 263 433 436
f 436 268 263
f 263 268 258
f 3605 4370 3600
f 4371 4370 3605
f 5495 5489 5490
f 5495 5490 5496
f 5490 5487 5942
f 5489 5487 5490
f 5942 5471 5470
f 5487 5471 5942
f 5469 5470 5468
f 5468 5470 5471
f 1934 1795 1793
f 1934 1793 1935
f 1793 1936 1935
f 1793 1794 1936
f 1936 1907 1940
f 1936 1794 1907
f 1940 1740 1942
f 1940 1907 1740
f 1942 1739 1855
f 1942 1740 1739
f 1739 151 150
f 1837 1739 150
f 1855 1739 1837
f 1837 150 1836
f 262 258 268
f 262 261 258
f 4371 4374 4370
f 4373 4374 4371
f 5660 5553 5509
f 5660 5509 5658
f 5496 5509 5495
f 5495 5509 5553
f 1793 1795 1791
f 1791 1795 1792
f 1793 1777 1794
f 1793 1791 1777
f 1794 1745 1907
f 1794 1777 1745
f 1907 1741 1740
f 1907 1745 1741
f 1740 1737 1739
f 1740 1741 1737
f 1737 1736 151
f 1737 151 1739
f 582 261 262
f 582 606 261
f 4373 4394 4374
f 4858 4394 4373
f 6205 5802 5800
f 6205 5800 5804
f 5658 5800 5660
f 5660 5800 5802
f 1791 1792 1753
f 1753 1792 1759
f 1791 1751 1777
f 1791 1753 1751
f 1777 1746 1745
f 1777 1751 1746
f 1745 1744 1741
f 1745 1746 1744
f 1741 1735 1737
f 1741 1744 1735
f 1735 1733 1736
f 1735 1736 1737
f 650 606 582
f 650 582 652
f 652 651 650
f 650 651 649
f 4525 4524 4526
f 4526 4524 4527
f 4526 4394 4858
f 4526 4858 4525
f 6118 6205 5804
f 6118 6117 6205
f 1753 1759 1754
f 1754 1759 1757
f 1753 1752 1751
f 1753 1754 1752
f 1751 1748 1746
f 1751 1752 1748
f 1746 1747 1744
f 1746 1748 1747
f 1744 1704 1735
f 1744 1747 1704
f 1704 1705 1733
f 1704 1733 1735
f 735 649 651
f 735 651 727
f 727 725 735
f 735 725 734
f 4524 4504 4527
f 4497 4504 4524
f 6111 6117 6118
f 6111 6108 6117
f 1754 1757 1756
f 1756 1757 1765
f 1754 1755 1752
f 1754 1756 1755
f 1752 1749 1748
f 1752 1755 1749
f 1748 1730 1747
f 1748 1749 1730
f 1747 1697 1704
f 1747 1730 1697
f 1702 1706 1705
f 1704 1702 1705
f 1697 1702 1704
f 1702 1703 1706
f 729 731 754
f 734 729 754
f 725 729 734
f 731 779 754
f 4489 4488 4507
f 4493 4489 4507
f 4504 4493 4507
f 4497 4493 4504
f 6069 6108 6111
f 6069 6051 6108
f 1756 1765 1677
f 1677 1765 1767
f 1756 1766 1755
f 1756 1677 1766
f 1755 1750 1749
f 1755 1766 1750
f 1749 1698 1730
f 1749 1750 1698
f 1730 1696 1697
f 1730 1698 1696
f 1697 1694 1702
f 1697 1696 1694
f 1694 1693 1703
f 1694 1703 1702
f 730 731 729
f 730 798 731
f 798 779 731
f 798 781 779
f 4491 4486 4489
f 4489 4486 4488
f 4489 4493 4492
f 4489 4492 4491
f 6049 6051 6069
f 6049 6047 6051
f 1769 1628 1633
f 1769 1633 1767
f 1633 1677 1767
f 1633 1657 1677
f 1677 1676 1766
f 1677 1657 1676
f 1766 1679 1750
f 1766 1676 1679
f 1750 1685 1698
f 1750 1679 1685
f 1698 1686 1696
f 1698 1685 1686
f 1696 1688 1694
f 1696 1686 1688
f 1688 1689 1693
f 1688 1693 1694
f 799 781 798
f 799 798 827
f 6573 827 6577
f 6573 799 827
f 6552 6577 6549
f 6552 6573 6577
f 6578 6551 6550
f 6551 6549 6550
f 6551 6552 6549
f 6578 6593 6551
f 4857 6567 4856
f 4486 4491 4856
f 4491 4857 4856
f 4491 4878 4857
f 4491 4492 4495
f 4491 4495 4878
f 6044 6047 6049
f 6044 6045 6047
f 1628 1632 1633
f 1650 1656 1632
f 1656 1633 1632
f 1656 1657 1633
f 1657 1660 1676
f 1657 1656 1660
f 1676 1678 1679
f 1676 1660 1678
f 1679 1680 1685
f 1679 1678 1680
f 1685 1683 1686
f 1685 1680 1683
f 1686 1687 1688
f 1686 1683 1687
f 1687 1690 1689
f 1687 1689 1688
f 6580 6578 6550
f 6565 6593 6578
f 6580 6565 6578
f 6566 6565 6580
f 6566 6567 4857
f 6564 6566 4857
f 6565 6566 6564
f 6564 4857 4878
f 6564 4878 4884
f 4884 4878 4495
f 6043 6041 6042
f 6045 6043 6042
f 6044 6043 6045
f 6041 6037 6042
f 1650 1651 1656
f 1662 1661 1651
f 1661 1656 1651
f 1661 1660 1656
f 1660 1663 1678
f 1660 1661 1663
f 1678 1681 1680
f 1678 1663 1681
f 1680 1682 1683
f 1680 1681 1682
f 1683 1684 1687
f 1683 1682 1684
f 1684 1719 1690
f 1684 1690 1687
f 6050 6041 6043
f 6050 6039 6041
f 6039 6037 6041
f 6039 6035 6037
f 1661 1662 1731
f 1731 1662 1732
f 1661 1780 1663
f 1661 1731 1780
f 1663 1783 1681
f 1663 1780 1783
f 1681 1775 1682
f 1681 1783 1775
f 1682 1720 1684
f 1682 1775 1720
f 1720 1785 1719
f 1720 1719 1684
f 6052 6035 6039
f 6052 6034 6035
f 1731 1732 1908
f 1908 1732 1917
f 1731 1781 1780
f 1731 1908 1781
f 1780 1782 1783
f 1780 1781 1782
f 1783 1784 1775
f 1783 1782 1784
f 1784 1982 1959
f 1720 1784 1959
f 1775 1784 1720
f 1720 1959 1785
f 6030 6034 6052
f 6030 6026 6034
f 1958 2350 2366
f 1958 2366 1917
f 2366 1908 1917
f 2366 2367 1908
f 1908 2413 1781
f 1908 2367 2413
f 1781 2403 1782
f 1781 2413 2403
f 2403 2402 2401
f 1784 2403 2401
f 1782 2403 1784
f 1784 2401 1982
f 6025 6026 6030
f 6025 6030 6029
f 6029 6028 6025
f 6025 6028 6019
f 2366 2350 2462
f 2462 2350 2378
f 2366 2482 2367
f 2366 2462 2482
f 2482 2486 2483
f 2413 2482 2483
f 2367 2482 2413
f 2413 2483 2484
f 2413 2484 2403
f 2403 2484 2402
f 6027 6019 6028
f 6027 6022 6019
f 2381 2523 2540
f 2539 2380 2540
f 2540 2380 2381
f 2380 2539 2378
f 2539 2462 2378
f 2539 2585 2462
f 2585 2637 2628
f 2482 2585 2628
f 2462 2585 2482
f 2482 2628 2486
f 6031 6022 6027
f 6031 6063 6022
f 2633 2642 2634
f 2658 2594 2634
f 2634 2594 2633
f 2594 2658 2523
f 2523 2658 2540
f 2658 7126 2540
f 7126 7125 2540
f 2540 7125 7123
f 2540 7123 2539
f 2539 7123 7124
f 2539 7124 2585
f 2585 7124 2637
f 6085 6063 6031
f 6085 6070 6063
f 6903 6904 7233
f 6900 6902 7233
f 7233 6902 6903
f 6902 6900 2642
f 2642 6900 2634
f 6900 6837 2634
f 6837 6841 2634
f 2634 6841 7136
f 2634 7136 2658
f 2658 7136 7126
f 6088 6070 6085
f 6088 6086 6070
f 6927 6930 6931
f 7179 6923 6931
f 6923 6927 6931
f 6923 6926 6927
f 6906 6923 6922
f 6906 6926 6923
f 7168 7233 6904
f 6906 7168 6904
f 6922 7168 6906
f 7233 7168 6838
f 7233 6838 6900
f 6900 6838 6837
f 6087 6078 6077
f 6086 6087 6077
f 6088 6087 6086
f 6078 6076 6077
f 6938 6966 7280
f 7280 6966 6967
f 6935 7280 7096
f 6935 6938 7280
f 6936 7096 7163
f 6936 6935 7096
f 6910 6931 6930
f 6936 6910 6930
f 7163 6910 6936
f 6931 6910 7179
f 6103 6078 6087
f 6103 6101 6078
f 6101 6076 6078
f 6101 6113 6076
f 6946 7213 6970
f 6950 6947 6970
f 6947 6946 6970
f 6947 6945 6946
f 6944 6947 6948
f 6944 6945 6947
f 6948 6967 6966
f 6948 6966 6944
f 6153 6145 6144
f 6113 6153 6144
f 6101 6153 6113
f 6145 6143 6144
f 7057 7049 7086
f 7068 7064 7086
f 7064 7057 7086
f 7064 7063 7057
f 7065 7064 7066
f 7065 7063 7064
f 6968 6970 7213
f 7065 6968 7213
f 7066 6968 7065
f 6970 6968 6950
f 6168 6145 6153
f 6198 6194 6195
f 6195 6194 6168
f 6194 6143 6168
f 6143 6145 6168
f 6198 6206 6194
f 6999 7045 6998
f 6997 6995 6998
f 6995 6999 6998
f 6995 7046 6999
f 6993 6995 6994
f 6993 7046 6995
f 6992 6994 7059
f 6992 6993 6994
f 7050 7086 7049
f 6992 7050 7049
f 7059 7050 6992
f 7086 7050 7068
f 6197 6198 6195
f 6204 6206 6198
f 6197 6204 6198
f 6225 6204 6197
f 6225 7092 6204
f 6204 7092 6221
f 7013 7048 7011
f 7011 7048 7018
f 7012 7011 7010
f 7012 7013 7011
f 7014 7010 7043
f 7014 7012 7010
f 7245 6998 7045
f 7014 7245 7045
f 7043 7245 7014
f 6998 7245 6997
f 7091 6221 7092
f 7091 7092 7026
f 7268 7026 7021
f 7268 7091 7026
f 7021 7018 7048
f 7021 7048 7268
f 5087 5108 5086
f 5087 5086 5083
f 5086 5201 5232
f 5108 5201 5086
f 5232 5522 5521
f 5201 5522 5232
f 5521 5667 5657
f 5522 5667 5521
f 5657 5712 5707
f 5667 5712 5657
f 5776 5707 5712
f 5776 5712 4346
f 911 156 5696
f 5696 156 158
f 5165 5696 158
f 5084 5696 5165
f 5083 5084 5087
f 5087 5084 5165
f 4346 4233 5776
f 5776 4233 4232
f 3955 4232 4233
f 3955 4233 3992
f 588 157 156
f 911 588 156
f 619 588 911
f 156 157 158
f 3992 3956 3955
f 3955 3956 3891
f 3306 3891 3956
f 3306 3956 3295
f 420 588 619
f 420 409 588
f 3293 3292 3294
f 3292 3295 3294
f 3292 3306 3295
f 3691 3293 3294
f 410 409 420
f 410 371 409
f 3293 3291 3292
f 3690 3291 3293
f 3691 3690 3293
f 3571 3690 3691
f 411 371 410
f 411 369 371
f 3571 3563 3690
f 3570 3563 3571
f 377 369 411
f 377 368 369
f 3570 3569 3563
f 3563 3569 3567
f 3568 3567 3569
f 3568 3569 3573
f 441 368 377
f 441 394 368
f 3573 3506 3568
f 3505 3506 3573
f 161 160 393
f 394 161 393
f 441 161 394
f 160 390 393
f 3505 3502 3506
f 3504 3502 3505
f 159 160 161
f 159 402 160
f 402 390 160
f 402 388 390
f 3504 3497 3502
f 3502 3497 3500
f 3493 3500 3497
f 3493 3497 3495
f 401 388 402
f 401 389 388
f 3495 3492 3493
f 3513 3492 3495
f 421 389 401
f 421 256 389
f 3513 3494 3492
f 3516 3494 3513
f 423 256 421
f 423 247 256
f 3516 3551 3494
f 170 3551 3516
f 430 247 423
f 430 246 247
f 170 169 3551
f 3551 169 3598
f 3596 3598 169
f 3596 169 3599
f 5740 1609 5746
f 1580 5756 5746
f 1580 5746 1609
f 1563 1587 5756
f 1563 5756 1580
f 1525 1577 1587
f 1525 1587 1563
f 1480 1560 1577
f 1480 1577 1525
f 1466 1543 1560
f 1466 1560 1480
f 1456 1518 1543
f 1456 1543 1466
f 1423 1487 1518
f 1423 1518 1456
f 1387 1485 1487
f 1387 1487 1423
f 1367 1447 1485
f 1367 1485 1387
f 1388 1422 1447
f 1388 1447 1367
f 1393 1395 1422
f 1393 1422 1388
f 1393 1392 1395
f 432 246 430
f 432 251 246
f 3599 3597 3596
f 3601 3597 3599
f 5475 5538 5476
f 5559 5477 5476
f 5559 5476 5538
f 5477 5559 5620
f 5626 5477 5620
f 5479 5477 5626
f 5479 1599 5516
f 5626 1599 5479
f 5516 1578 5549
f 1599 1578 5516
f 5549 1559 5651
f 1578 1559 5549
f 5651 1553 1610
f 1559 1553 5651
f 5740 1610 1609
f 1610 1545 1609
f 1610 1553 1545
f 1609 1545 1580
f 1580 1545 1513
f 1580 1513 1563
f 1563 1513 1479
f 1563 1479 1525
f 1525 1479 1478
f 1525 1478 1480
f 1480 1478 1428
f 1480 1428 1466
f 1466 1428 1427
f 1333 1335 1427
f 1335 1466 1427
f 1335 1456 1466
f 1456 1298 1423
f 1456 1335 1298
f 1423 1299 1387
f 1423 1298 1299
f 1387 1300 1367
f 1387 1299 1300
f 1367 1321 1388
f 1367 1300 1321
f 1388 1323 1393
f 1388 1321 1323
f 1362 1391 1392
f 1393 1362 1392
f 1323 1362 1393
f 1364 2274 1391
f 1364 1391 1362
f 2185 2254 2274
f 2185 2274 1364
f 2185 153 2254
f 265 264 266
f 251 265 266
f 432 265 251
f 264 257 266
f 3601 3605 3597
f 3604 3605 3601
f 5468 5484 5467
f 5467 5484 5493
f 5494 5467 5493
f 5466 5467 5494
f 5466 5504 5465
f 5494 5504 5466
f 5465 5530 5472
f 5504 5530 5465
f 5472 5531 5473
f 5530 5531 5472
f 5475 5473 5538
f 5473 1613 5538
f 5473 5531 1613
f 5538 1613 5559
f 5559 1613 1608
f 5559 1608 5620
f 1333 1307 1335
f 1335 1307 1298
f 1298 1307 1228
f 1196 1198 1228
f 1198 1298 1228
f 1198 1299 1298
f 1299 1245 1300
f 1299 1198 1245
f 1300 1261 1321
f 1300 1245 1261
f 1321 1301 1323
f 1321 1261 1301
f 1323 1310 1362
f 1323 1301 1310
f 1362 1363 1364
f 1362 1310 1363
f 1364 2187 2185
f 1364 1363 2187
f 2184 154 153
f 2185 2184 153
f 2187 2184 2185
f 1944 1937 154
f 1944 154 2184
f 1944 1935 1937
f 263 264 265
f 263 258 264
f 258 257 264
f 258 259 257
f 3604 4371 3605
f 4372 4371 3604
f 5505 5491 5489
f 5505 5489 5495
f 5489 5488 5487
f 5491 5488 5489
f 5487 5486 5471
f 5488 5486 5487
f 5468 5471 5484
f 5471 5485 5484
f 5471 5486 5485
f 5484 5485 5493
f 1196 1197 1198
f 1198 1197 1245
f 1245 1197 1248
f 1246 1247 1248
f 1247 1245 1248
f 1247 1261 1245
f 1261 1290 1301
f 1261 1247 1290
f 1301 1291 1310
f 1301 1290 1291
f 1310 1311 1363
f 1310 1291 1311
f 1363 2188 2187
f 1363 1311 2188
f 2187 2186 2184
f 2187 2188 2186
f 2186 1795 1934
f 1944 2186 1934
f 2184 2186 1944
f 1944 1934 1935
f 261 259 258
f 261 260 259
f 4376 4373 4375
f 4373 4372 4375
f 4373 4371 4372
f 3935 4376 4375
f 5693 5588 5553
f 5693 5553 5660
f 5495 5553 5505
f 5505 5553 5588
f 1246 1282 1247
f 1247 1282 1290
f 1290 1282 1288
f 1287 1289 1288
f 1289 1290 1288
f 1289 1291 1290
f 1291 1316 1311
f 1291 1289 1316
f 1311 2243 2188
f 1311 1316 2243
f 2188 1796 2186
f 2188 2243 1796
f 1796 1792 1795
f 1796 1795 2186
f 606 260 261
f 606 176 260
f 4392 4391 4376
f 4391 4373 4376
f 4391 4858 4373
f 4392 4376 3935
f 6200 6219 5802
f 6200 5802 6205
f 5660 5802 5693
f 5693 5802 6219
f 1289 1287 1375
f 1375 1287 1382
f 1289 1779 1316
f 1289 1375 1779
f 1316 1761 2243
f 1316 1779 1761
f 2243 1760 1796
f 2243 1761 1760
f 1760 1759 1792
f 1760 1792 1796
f 174 176 606
f 174 606 650
f 650 649 174
f 174 649 646
f 4528 4521 4525
f 4525 4521 4524
f 4525 4858 4391
f 4525 4391 4528
f 6117 6200 6205
f 6117 6109 6200
f 1375 1382 1980
f 1980 1382 2407
f 1375 1772 1779
f 1375 1980 1772
f 1779 1762 1761
f 1779 1772 1762
f 1761 1758 1760
f 1761 1762 1758
f 1758 1757 1759
f 1758 1759 1760
f 736 646 649
f 736 649 735
f 735 734 736
f 736 734 722
f 4521 4497 4524
f 4496 4497 4521
f 6108 6109 6117
f 6108 6107 6109
f 2408 2494 2308
f 2408 2308 2407
f 2308 1980 2407
f 2308 1773 1980
f 1980 1771 1772
f 1980 1773 1771
f 1772 1764 1762
f 1772 1771 1764
f 1762 1763 1758
f 1762 1764 1763
f 1763 1765 1757
f 1763 1757 1758
f 737 722 734
f 737 734 754
f 754 779 737
f 737 779 778
f 4496 4493 4497
f 4494 4493 4496
f 6051 6107 6108
f 6051 6053 6107
f 2308 2494 1914
f 1914 2494 2406
f 2308 1675 1773
f 2308 1914 1675
f 1773 1674 1771
f 1773 1675 1674
f 1771 1770 1764
f 1771 1674 1770
f 1764 1768 1763
f 1764 1770 1768
f 1768 1767 1765
f 1768 1765 1763
f 781 800 780
f 778 781 780
f 779 781 778
f 800 886 780
f 4516 4555 4523
f 4494 4516 4523
f 4492 4494 4523
f 4493 4494 4492
f 6047 6053 6051
f 6047 6048 6053
f 1914 2406 1659
f 1659 2406 2352
f 1914 1639 1675
f 1914 1659 1639
f 1675 1634 1674
f 1675 1639 1634
f 1674 1626 1770
f 1674 1634 1626
f 1626 1628 1769
f 1768 1626 1769
f 1770 1626 1768
f 1768 1769 1767
f 799 800 781
f 6576 886 800
f 799 6576 800
f 6573 6576 799
f 6554 6573 6552
f 6554 6576 6573
f 6553 6552 6551
f 6553 6554 6552
f 6551 6593 6553
f 6553 6593 6556
f 4871 6562 4892
f 4871 4892 4555
f 4892 4523 4555
f 4892 4891 4523
f 4891 4495 4492
f 4891 4492 4523
f 6045 6048 6047
f 6045 6046 6048
f 2353 2386 1776
f 2353 1776 2352
f 1776 1659 2352
f 1776 1645 1659
f 1659 1640 1639
f 1659 1645 1640
f 1639 1635 1634
f 1639 1640 1635
f 1634 1629 1626
f 1634 1635 1629
f 1627 1632 1628
f 1626 1627 1628
f 1629 1627 1626
f 1627 1650 1632
f 6563 6556 6593
f 6563 6593 6565
f 6564 4892 6562
f 6563 6564 6562
f 6565 6564 6563
f 4892 6564 4884
f 4892 4884 4891
f 4891 4884 4495
f 6040 6046 6045
f 6040 6045 6042
f 6042 6037 6040
f 6040 6037 6036
f 1776 2386 164
f 164 2386 162
f 1776 1643 1645
f 1776 164 1643
f 1645 1641 1640
f 1645 1643 1641
f 1640 1636 1635
f 1640 1641 1636
f 1635 1631 1629
f 1635 1636 1631
f 1629 1630 1627
f 1629 1631 1630
f 1648 1651 1650
f 1627 1648 1650
f 1630 1648 1627
f 1648 1662 1651
f 6035 6036 6037
f 6035 6038 6036
f 162 163 164
f 1664 1644 163
f 1644 164 163
f 1644 1643 164
f 1643 1642 1641
f 1643 1644 1642
f 1641 1638 1636
f 1641 1642 1638
f 1636 1637 1631
f 1636 1638 1637
f 1631 1646 1630
f 1631 1637 1646
f 1630 1649 1648
f 1630 1646 1649
f 1649 1732 1662
f 1649 1662 1648
f 6034 6038 6035
f 6034 6033 6038
f 1644 1664 1654
f 1654 1664 1667
f 1644 1653 1642
f 1644 1654 1653
f 1642 1652 1638
f 1642 1653 1652
f 1638 1647 1637
f 1638 1652 1647
f 1637 1655 1646
f 1637 1647 1655
f 1646 1658 1649
f 1646 1655 1658
f 1658 1917 1732
f 1658 1732 1649
f 6026 6024 6032
f 6033 6026 6032
f 6034 6026 6033
f 6024 6021 6032
f 1667 1670 1654
f 1672 1671 1670
f 1671 1654 1670
f 1671 1653 1654
f 1653 1673 1652
f 1653 1671 1673
f 1652 1778 1647
f 1652 1673 1778
f 1647 1957 1655
f 1647 1778 1957
f 1957 2350 1958
f 1658 1957 1958
f 1655 1957 1658
f 1658 1958 1917
f 6025 6024 6026
f 6025 6019 6024
f 6019 6021 6024
f 6019 6020 6021
f 1671 1672 2257
f 2257 1672 2258
f 1671 2259 1673
f 1671 2257 2259
f 1673 2284 1778
f 1673 2259 2284
f 1778 2349 1957
f 1778 2284 2349
f 2349 2378 2350
f 2349 2350 1957
f 6022 6020 6019
f 6022 6023 6020
f 2355 2356 2354
f 2355 2354 2258
f 2354 2257 2258
f 2354 2372 2257
f 2257 2379 2259
f 2257 2372 2379
f 2379 2523 2381
f 2284 2379 2381
f 2259 2379 2284
f 2284 2381 2380
f 2284 2380 2349
f 2349 2380 2378
f 6063 6023 6022
f 6063 6064 6023
f 2474 2489 2473
f 2474 2473 2356
f 2473 2354 2356
f 2473 2570 2354
f 2570 2642 2633
f 2372 2570 2633
f 2354 2570 2372
f 2372 2633 2594
f 2372 2594 2379
f 2379 2594 2523
f 6070 6064 6063
f 6070 6071 6064
f 2627 2631 2645
f 6905 2582 2645
f 2645 2582 2627
f 2582 6905 2489
f 2489 6905 2473
f 6905 6904 2473
f 6904 6903 2473
f 2473 6903 6902
f 2473 6902 2570
f 2570 6902 2642
f 6086 6075 6073
f 6071 6086 6073
f 6070 6086 6071
f 6075 6074 6073
f 6933 6934 6932
f 6929 6928 6932
f 6932 6928 6933
f 6930 6927 6929
f 6927 6928 6929
f 6927 2684 6928
f 6926 2645 2631
f 2684 6926 2631
f 6927 6926 2684
f 2645 6926 6906
f 2645 6906 6905
f 6905 6906 6904
f 6077 6075 6086
f 6077 6076 6075
f 6076 6074 6075
f 6076 6079 6074
f 6939 6942 7095
f 6966 6938 7095
f 6938 6939 7095
f 6938 6937 6939
f 6935 6932 6934
f 6937 6935 6934
f 6938 6935 6937
f 6932 6935 6936
f 6932 6936 6929
f 6929 6936 6930
f 6113 6079 6076
f 6113 6135 6079
f 6972 6973 6946
f 6946 6973 7213
f 6943 6946 6945
f 6943 6972 6946
f 6944 7095 6942
f 6943 6944 6942
f 6945 6944 6943
f 7095 6944 6966
f 6136 6135 6113
f 6136 6113 6144
f 6144 6143 6136
f 6136 6143 6142
f 7060 6991 7047
f 7049 7057 7047
f 7057 7060 7047
f 7057 7061 7060
f 7062 7057 7063
f 7062 7061 7057
f 7093 7063 7065
f 7093 7062 7063
f 7065 7213 6973
f 7065 6973 7093
f 6183 6142 6143
f 6183 6143 6194
f 6194 6206 6183
f 6183 6206 6209
f 7239 7193 6999
f 6999 7193 7045
f 7100 6999 7046
f 7100 7239 6999
f 6990 7046 6993
f 6990 7100 7046
f 6992 7047 6991
f 6990 6992 6991
f 6993 6992 6990
f 7047 6992 7049
f 6207 6209 6206
f 6207 6206 6204
f 6204 6221 6207
f 6207 6221 6220
f 7016 7017 7013
f 7013 7017 7048
f 7015 7013 7012
f 7015 7016 7013
f 7038 7012 7014
f 7038 7015 7012
f 7014 7045 7193
f 7014 7193 7038
f 6222 6220 6221
f 6222 6221 7091
f 7090 7091 7268
f 7090 6222 7091
f 7268 7048 7017
f 7268 7017 7090
f 5109 5111 5108
f 5109 5108 5087
f 5108 5200 5201
f 5111 5200 5108
f 5201 5299 5522
f 5200 5299 5201
f 5522 5627 5667
f 5299 5627 5522
f 5667 5701 5712
f 5627 5701 5667
f 4317 4321 4346
f 5712 4317 4346
f 5701 4317 5712
f 4257 4321 4317
f 862 5755 5754
f 5165 158 5754
f 5755 5165 5754
f 5183 5165 5755
f 5087 5165 5109
f 5109 5165 5183
f 4321 4233 4346
f 3994 3993 3992
f 3994 3992 4233
f 4257 3994 4233
f 4321 4257 4233
f 3941 3993 3994
f 862 5754 157
f 588 862 157
f 558 862 588
f 157 5754 158
f 3993 3956 3992
f 3295 3956 3993
f 3941 3295 3993
f 3303 3295 3941
f 409 558 588
f 409 372 558
f 3303 3299 3295
f 3295 3299 3294
f 3691 3294 3299
f 3691 3299 3735
f 371 372 409
f 371 370 372
f 3735 3571 3691
f 3572 3571 3735
f 369 370 371
f 369 361 370
f 166 3570 167
f 3570 3572 167
f 3570 3571 3572
f 165 166 167
f 368 361 369
f 368 362 361
f 166 3569 3570
f 3573 3569 166
f 165 3573 166
f 3574 3573 165
f 394 392 367
f 362 394 367
f 368 394 362
f 392 366 367
f 3574 3505 3573
f 3510 3505 3574
f 393 392 394
f 393 390 392
f 390 366 392
f 390 381 366
f 3499 3504 3503
f 3504 3510 3503
f 3504 3505 3510
f 3498 3499 3503
f 388 381 390
f 388 385 381
f 3499 3497 3504
f 3495 3497 3499
f 3498 3495 3499
f 3515 3495 3498
f 389 385 388
f 389 387 385
f 3515 3513 3495
f 3514 3513 3515
f 256 387 389
f 256 255 387
f 3514 3516 3513
f 3517 3516 3514
f 247 255 256
f 247 245 255
f 168 170 3626
f 170 3517 3626
f 170 3516 3517
f 3612 168 3626
f 246 245 247
f 246 234 245
f 168 169 170
f 3599 169 168
f 3612 3599 168
f 3602 3599 3612
f 251 267 250
f 234 251 250
f 246 251 234
f 267 232 250
f 3602 3601 3599
f 3603 3601 3602
f 5620 1564 5626
f 1542 1599 5626
f 1542 5626 1564
f 1517 1578 1599
f 1517 1599 1542
f 1492 1559 1578
f 1492 1578 1517
f 1493 1553 1559
f 1493 1559 1492
f 1494 1545 1553
f 1494 1553 1493
f 1444 1513 1545
f 1444 1545 1494
f 1404 1479 1513
f 1404 1513 1444
f 1368 1478 1479
f 1368 1479 1404
f 1357 1428 1478
f 1357 1478 1368
f 1334 1427 1428
f 1334 1428 1357
f 1334 1333 1427
f 266 267 251
f 266 257 267
f 257 232 267
f 257 230 232
f 172 3604 173
f 3604 3603 173
f 3604 3601 3603
f 171 172 173
f 5493 5611 5494
f 5656 5504 5494
f 5656 5494 5611
f 5750 5530 5504
f 5750 5504 5656
f 1604 5531 5530
f 1604 5530 5750
f 1558 1613 5531
f 1558 5531 1604
f 1536 1608 1613
f 1536 1613 1558
f 1564 5620 1608
f 1536 1564 1608
f 1481 1564 1536
f 1564 1454 1542
f 1564 1481 1454
f 1542 1424 1517
f 1542 1454 1424
f 1517 1414 1492
f 1517 1424 1414
f 1492 1412 1493
f 1492 1414 1412
f 1493 1372 1494
f 1493 1412 1372
f 1494 1337 1444
f 1494 1372 1337
f 1444 1336 1404
f 1444 1337 1336
f 1404 1308 1368
f 1404 1336 1308
f 1368 1244 1357
f 1368 1308 1244
f 1357 1178 1334
f 1357 1244 1178
f 1192 1307 1333
f 1334 1192 1333
f 1178 1192 1334
f 1194 1228 1307
f 1194 1307 1192
f 1194 1196 1228
f 259 230 257
f 259 231 230
f 4377 4372 172
f 172 4372 3604
f 172 171 3806
f 172 3806 4377
f 5505 5589 5491
f 5491 5589 5590
f 5591 5491 5590
f 5488 5491 5591
f 5488 5607 5486
f 5591 5607 5488
f 5486 5618 5485
f 5607 5618 5486
f 5493 5485 5611
f 5485 5637 5611
f 5485 5618 5637
f 5611 5637 5656
f 5656 5637 1582
f 5656 1582 5750
f 5750 1582 1570
f 5750 1570 1604
f 1604 1570 1548
f 1604 1548 1558
f 1558 1548 1535
f 1558 1535 1536
f 1536 1535 1499
f 1536 1499 1481
f 1481 1499 1455
f 1481 1455 1454
f 1454 1455 1425
f 1454 1425 1424
f 1424 1425 1415
f 1424 1415 1414
f 1414 1415 1413
f 1414 1413 1412
f 1412 1413 1373
f 1412 1373 1372
f 1372 1373 1356
f 1372 1356 1337
f 1337 1356 1329
f 1207 1166 1329
f 1166 1337 1329
f 1166 1336 1337
f 1336 1167 1308
f 1336 1166 1167
f 1308 1168 1244
f 1308 1167 1168
f 1244 1177 1178
f 1244 1168 1177
f 1178 1179 1192
f 1178 1177 1179
f 1192 1193 1194
f 1192 1179 1193
f 1195 1197 1196
f 1194 1195 1196
f 1193 1195 1194
f 1249 1248 1197
f 1249 1197 1195
f 1249 1246 1248
f 260 231 259
f 260 487 231
f 4377 4375 4372
f 3935 4375 4377
f 3806 3935 4377
f 3809 3935 3806
f 5694 5619 5588
f 5694 5588 5693
f 5505 5588 5589
f 5588 5592 5589
f 5588 5619 5592
f 5589 5592 5590
f 1207 1165 1166
f 1093 1095 1165
f 1095 1166 1165
f 1095 1167 1166
f 1167 1099 1168
f 1167 1095 1099
f 1168 1096 1177
f 1168 1099 1096
f 1177 1121 1179
f 1177 1096 1121
f 1179 1229 1193
f 1179 1121 1229
f 1193 1252 1195
f 1193 1229 1252
f 1195 1279 1249
f 1195 1252 1279
f 1281 1282 1246
f 1249 1281 1246
f 1279 1281 1249
f 1286 1288 1282
f 1286 1282 1281
f 1286 1287 1288
f 176 175 629
f 487 176 629
f 260 176 487
f 175 627 629
f 4393 4391 4392
f 4397 4393 4392
f 3935 4397 4392
f 3809 4397 3935
f 6200 6191 6219
f 6191 6215 6219
f 6215 5693 6219
f 6215 5694 5693
f 1093 1094 1095
f 1089 1091 1094
f 1091 1095 1094
f 1091 1099 1095
f 1099 1097 1096
f 1099 1091 1097
f 1096 1098 1121
f 1096 1097 1098
f 1121 1230 1229
f 1121 1098 1230
f 1229 1250 1252
f 1229 1230 1250
f 1252 1278 1279
f 1252 1250 1278
f 1279 1280 1281
f 1279 1278 1280
f 1281 1285 1286
f 1281 1280 1285
f 1285 1382 1287
f 1285 1287 1286
f 174 175 176
f 174 646 175
f 646 627 175
f 646 628 627
f 4533 4521 4528
f 4697 4533 4528
f 4697 4528 4391
f 4694 4697 4391
f 4393 4694 4391
f 4694 4393 4397
f 6110 6188 6191
f 6200 6110 6191
f 6109 6110 6200
f 6191 6188 6215
f 1089 1090 1091
f 1102 1100 1090
f 1100 1091 1090
f 1100 1097 1091
f 1097 1101 1098
f 1097 1100 1101
f 1098 1234 1230
f 1098 1101 1234
f 1230 1251 1250
f 1230 1234 1251
f 1250 1284 1278
f 1250 1251 1284
f 1278 1283 1280
f 1278 1284 1283
f 1280 1369 1285
f 1280 1283 1369
f 1369 2407 1382
f 1369 1382 1285
f 672 628 646
f 672 646 736
f 736 722 672
f 672 722 713
f 4548 4498 4533
f 4498 4521 4533
f 4498 4496 4521
f 4548 4533 4697
f 6107 6110 6109
f 6107 6102 6110
f 1102 1118 1100
f 1119 1117 1118
f 1117 1100 1118
f 1117 1101 1100
f 1101 1257 1234
f 1101 1117 1257
f 1234 1259 1251
f 1234 1257 1259
f 1251 1317 1284
f 1251 1259 1317
f 1284 1318 1283
f 1284 1317 1318
f 1318 2494 2408
f 1369 1318 2408
f 1283 1318 1369
f 1369 2408 2407
f 721 713 722
f 721 722 737
f 737 778 721
f 721 778 776
f 4498 4494 4496
f 4499 4494 4498
f 6053 6102 6107
f 6053 6096 6102
f 1119 182 1117
f 181 1162 182
f 1162 1117 182
f 1162 1257 1117
f 1257 1258 1259
f 1257 1162 1258
f 1259 1303 1317
f 1259 1258 1303
f 1317 1399 1318
f 1317 1303 1399
f 1399 2406 2494
f 1399 2494 1318
f 777 776 778
f 777 778 780
f 780 886 777
f 777 886 885
f 4554 4555 4516
f 4515 4554 4516
f 4494 4515 4516
f 4499 4515 4494
f 6048 6083 6097
f 6096 6048 6097
f 6053 6048 6096
f 6083 6084 6097
f 1162 181 1130
f 1130 181 1129
f 1162 1233 1258
f 1162 1130 1233
f 1258 1260 1303
f 1258 1233 1260
f 1303 2394 1399
f 1303 1260 2394
f 2394 2352 2406
f 2394 2406 1399
f 907 885 886
f 907 886 6576
f 6574 6576 6554
f 6574 907 6576
f 6555 6554 6553
f 6555 6574 6554
f 6553 6556 6555
f 6555 6556 6557
f 6560 6561 4871
f 4871 6561 6562
f 4871 4555 4554
f 4553 4871 4554
f 6560 4871 4553
f 4553 4554 4515
f 6046 6062 6083
f 6046 6083 6048
f 6084 6083 6060
f 6060 6083 6062
f 1129 1132 1130
f 1136 1140 1132
f 1140 1130 1132
f 1140 1233 1130
f 1233 1315 1260
f 1233 1140 1315
f 1315 2386 2353
f 2394 1315 2353
f 1260 1315 2394
f 2394 2353 2352
f 6579 6557 6556
f 6579 6556 6563
f 6563 6562 6561
f 6563 6561 6579
f 6040 6062 6046
f 6040 6036 6062
f 6036 6060 6062
f 6036 6059 6060
f 1140 1136 1139
f 1139 1136 1137
f 1140 1381 1315
f 1140 1139 1381
f 1381 162 2386
f 1381 2386 1315
f 6038 6059 6036
f 6038 6057 6059
f 1139 1137 1235
f 1235 1137 1172
f 1139 2253 1381
f 1139 1235 2253
f 1665 163 162
f 1381 1665 162
f 2253 1665 1381
f 1665 1664 163
f 6033 6054 6056
f 6057 6033 6056
f 6038 6033 6057
f 6054 6055 6056
f 1235 1172 1305
f 1305 1172 1324
f 1235 1921 2253
f 1235 1305 1921
f 2253 1666 1665
f 2253 1921 1666
f 1666 1667 1664
f 1666 1664 1665
f 6032 6054 6033
f 6032 6021 6054
f 6021 6055 6054
f 6021 6058 6055
f 1305 1324 1987
f 1987 1324 2296
f 1305 1919 1921
f 1305 1987 1919
f 1921 1669 1666
f 1921 1919 1669
f 1668 1670 1667
f 1666 1668 1667
f 1669 1668 1666
f 1668 1672 1670
f 6020 6058 6021
f 6020 6061 6058
f 1987 2296 1988
f 1988 2296 2297
f 1987 1920 1919
f 1987 1988 1920
f 1919 1916 1669
f 1919 1920 1916
f 1669 1915 1668
f 1669 1916 1915
f 1915 2258 1672
f 1915 1672 1668
f 6023 6061 6020
f 6023 6065 6061
f 1988 2297 2263
f 2263 2297 2298
f 1988 2262 1920
f 1988 2263 2262
f 1920 2351 1916
f 1920 2262 2351
f 2351 2356 2355
f 1915 2351 2355
f 1916 2351 1915
f 1915 2355 2258
f 6064 6067 6066
f 6065 6064 6066
f 6023 6064 6065
f 6067 6068 6066
f 2428 2429 2427
f 2428 2427 2298
f 2427 2263 2298
f 2427 2493 2263
f 2263 2488 2262
f 2263 2493 2488
f 2488 2489 2474
f 2351 2488 2474
f 2262 2488 2351
f 2351 2474 2356
f 6071 6072 6067
f 6071 6067 6064
f 6068 6067 6081
f 6081 6067 6072
f 2602 2610 2561
f 2544 2545 2561
f 2561 2545 2602
f 2545 2544 2429
f 2544 2427 2429
f 2544 2630 2427
f 2630 2631 2627
f 2493 2630 2627
f 2427 2630 2493
f 2493 2627 2582
f 2493 2582 2488
f 2488 2582 2489
f 6073 6072 6071
f 6073 6074 6072
f 6074 6081 6072
f 6074 6080 6081
f 2673 2693 7094
f 2673 7094 2610
f 2610 7094 2561
f 7094 6934 2561
f 6934 6933 2561
f 2561 6933 6928
f 2561 6928 2544
f 2544 6928 2684
f 2544 2684 2630
f 2630 2684 2631
f 6079 6080 6074
f 6079 6112 6080
f 6940 6971 6941
f 6942 6939 6941
f 6939 6940 6941
f 6939 2692 6940
f 6937 7094 2693
f 2692 6937 2693
f 6939 6937 2692
f 7094 6937 6934
f 6135 6137 6138
f 6112 6135 6138
f 6079 6135 6112
f 6137 6140 6138
f 6975 6976 6974
f 6973 6972 6974
f 6972 6975 6974
f 6972 7116 6975
f 6943 6941 6971
f 7116 6943 6971
f 6972 6943 7116
f 6941 6943 6942
f 6136 6137 6135
f 6136 6142 6137
f 6142 6140 6137
f 6142 6154 6140
f 7097 6989 7060
f 7060 6989 6991
f 7248 7060 7061
f 7248 7097 7060
f 6978 7061 7062
f 6978 7248 7061
f 7093 6974 6976
f 6978 7093 6976
f 7062 7093 6978
f 6974 7093 6973
f 6179 6154 6142
f 6179 6142 6183
f 6208 6216 6209
f 6216 6183 6209
f 6216 6179 6183
f 6208 6210 6216
f 7055 7150 7276
f 7193 7239 7276
f 7239 7055 7276
f 7239 7138 7055
f 7058 7239 7100
f 7058 7138 7239
f 6988 7100 6990
f 6988 7058 7100
f 6990 6991 6989
f 6990 6989 6988
f 6207 6208 6209
f 6223 6211 6220
f 6220 6211 6207
f 6211 6210 6207
f 6210 6208 6207
f 6223 7034 6211
f 7028 7261 7016
f 7016 7261 7017
f 7027 7016 7015
f 7027 7028 7016
f 7038 7276 7150
f 7027 7038 7150
f 7015 7038 7027
f 7276 7038 7193
f 6222 6223 6220
f 7089 7034 6223
f 6222 7089 6223
f 7090 7089 6222
f 7090 7017 7261
f 7090 7261 7089
f 5112 5113 5111
f 5112 5111 5109
f 5111 5199 5200
f 5113 5199 5111
f 5200 5255 5299
f 5199 5255 5200
f 5299 5582 5627
f 5255 5582 5299
f 5627 5612 5701
f 5582 5612 5627
f 5701 4286 4317
f 5612 4286 5701
f 4257 4317 4286
f 4257 4286 4260
f 862 861 5755
f 5755 861 900
f 5184 5755 900
f 5183 5755 5184
f 5109 5183 5112
f 5112 5183 5184
f 4260 4258 4257
f 4257 4258 3994
f 3941 3994 4258
f 3941 4258 3709
f 559 848 861
f 862 559 861
f 558 559 862
f 861 848 900
f 3304 3303 3305
f 3303 3709 3305
f 3303 3941 3709
f 3957 3304 3305
f 372 559 558
f 372 360 559
f 3304 3299 3303
f 3735 3299 3304
f 3957 3735 3304
f 3583 3735 3957
f 370 360 372
f 370 359 360
f 3583 3572 3735
f 3582 3572 3583
f 361 359 370
f 361 358 359
f 3582 3576 3572
f 3572 3576 167
f 165 167 3576
f 165 3576 3575
f 362 364 363
f 358 362 363
f 361 362 358
f 364 365 363
f 3575 3574 165
f 3528 3574 3575
f 367 364 362
f 367 366 364
f 366 365 364
f 366 380 365
f 3528 3510 3574
f 3527 3510 3528
f 381 380 366
f 381 382 380
f 3527 3509 3510
f 3510 3509 3503
f 3498 3503 3509
f 3498 3509 3533
f 385 382 381
f 385 386 382
f 3533 3515 3498
f 3519 3515 3533
f 387 386 385
f 387 391 386
f 3519 3514 3515
f 3518 3514 3519
f 255 391 387
f 255 254 391
f 3518 3517 3514
f 3627 3517 3518
f 245 254 255
f 245 233 254
f 3627 3614 3517
f 3517 3614 3626
f 3612 3626 3614
f 3612 3614 3613
f 234 177 179
f 233 234 179
f 245 234 233
f 177 178 179
f 3613 3602 3612
f 3618 3602 3613
f 250 177 234
f 250 232 177
f 232 178 177
f 232 228 178
f 3618 3603 3602
f 3620 3603 3618
f 230 228 232
f 230 225 228
f 3620 3804 3603
f 3603 3804 173
f 171 173 3804
f 171 3804 3803
f 231 225 230
f 231 457 225
f 3803 3806 171
f 3805 3806 3803
f 5590 5733 5591
f 5743 5607 5591
f 5743 5591 5733
f 5789 5618 5607
f 5789 5607 5743
f 1585 5637 5618
f 1585 5618 5789
f 1547 1582 5637
f 1547 5637 1585
f 1509 1570 1582
f 1509 1582 1547
f 1495 1548 1570
f 1495 1570 1509
f 1418 1535 1548
f 1418 1548 1495
f 1378 1499 1535
f 1378 1535 1418
f 1358 1455 1499
f 1358 1499 1378
f 1349 1425 1455
f 1349 1455 1358
f 1348 1415 1425
f 1348 1425 1349
f 1347 1413 1415
f 1347 1415 1348
f 1322 1373 1413
f 1322 1413 1347
f 1277 1356 1373
f 1277 1373 1322
f 1222 1329 1356
f 1222 1356 1277
f 1222 1207 1329
f 487 457 231
f 487 522 457
f 3805 3809 3806
f 3808 3809 3805
f 5694 5762 5619
f 5619 5762 5761
f 5760 5619 5761
f 5592 5619 5760
f 5590 5592 5733
f 5592 5759 5733
f 5592 5760 5759
f 5733 5759 5743
f 5743 5759 1600
f 5743 1600 5789
f 5789 1600 1576
f 5789 1576 1585
f 1585 1576 1546
f 1585 1546 1547
f 1547 1546 1510
f 1547 1510 1509
f 1509 1510 1496
f 1509 1496 1495
f 1495 1496 1451
f 1495 1451 1418
f 1418 1451 1417
f 1332 1361 1417
f 1361 1418 1417
f 1361 1378 1418
f 1378 1330 1358
f 1378 1361 1330
f 1358 1225 1349
f 1358 1330 1225
f 1349 1224 1348
f 1349 1225 1224
f 1348 1226 1347
f 1348 1224 1226
f 1347 1180 1322
f 1347 1226 1180
f 1322 1164 1277
f 1322 1180 1164
f 1277 1163 1222
f 1277 1164 1163
f 1092 1165 1207
f 1222 1092 1207
f 1163 1092 1222
f 1092 1093 1165
f 626 522 487
f 626 487 629
f 629 627 626
f 626 627 618
f 3808 4397 3809
f 4403 4397 3808
f 6214 5799 5762
f 5694 6214 5762
f 6215 6214 5694
f 5762 5799 5761
f 1332 1331 1361
f 1361 1331 1330
f 1330 1331 1227
f 1330 1227 1225
f 1225 1227 1223
f 1203 1204 1223
f 1204 1225 1223
f 1204 1224 1225
f 1224 1175 1226
f 1224 1204 1175
f 1226 1086 1180
f 1226 1175 1086
f 1180 1082 1164
f 1180 1086 1082
f 1164 1081 1163
f 1164 1082 1081
f 1163 1084 1092
f 1163 1081 1084
f 1085 1094 1093
f 1092 1085 1093
f 1084 1085 1092
f 1085 1089 1094
f 628 633 630
f 618 628 630
f 627 628 618
f 633 632 630
f 4693 4622 4694
f 4694 4622 4697
f 4694 4397 4403
f 4694 4403 4693
f 6110 6131 6188
f 6131 6150 6188
f 6150 6215 6188
f 6150 6214 6215
f 1203 1202 1204
f 1204 1202 1175
f 1175 1202 1174
f 957 1014 1174
f 1014 1175 1174
f 1014 1086 1175
f 1086 1083 1082
f 1086 1014 1083
f 1082 1079 1081
f 1082 1083 1079
f 1081 1078 1084
f 1081 1079 1078
f 1084 1080 1085
f 1084 1078 1080
f 1088 1090 1089
f 1085 1088 1089
f 1080 1088 1085
f 1088 1102 1090
f 672 633 628
f 672 713 633
f 713 632 633
f 713 711 632
f 4549 4500 4548
f 4548 4500 4498
f 4548 4697 4622
f 4548 4622 4549
f 6102 6129 6131
f 6102 6131 6110
f 6150 6131 6149
f 6149 6131 6129
f 1014 957 958
f 958 957 956
f 1014 959 1083
f 1014 958 959
f 1083 1087 1079
f 1083 959 1087
f 1079 1070 1078
f 1079 1087 1070
f 1078 1072 1080
f 1078 1070 1072
f 1080 1074 1088
f 1080 1072 1074
f 1120 1118 1102
f 1088 1120 1102
f 1074 1120 1088
f 1120 1119 1118
f 712 711 713
f 712 713 721
f 721 776 712
f 712 776 756
f 4500 4499 4498
f 4501 4499 4500
f 6096 6133 6129
f 6096 6129 6102
f 6149 6129 6148
f 6148 6129 6133
f 956 955 958
f 951 954 955
f 954 958 955
f 954 959 958
f 959 1010 1087
f 959 954 1010
f 1087 1076 1070
f 1087 1010 1076
f 1070 1071 1072
f 1070 1076 1071
f 1072 1073 1074
f 1072 1071 1073
f 1074 1125 1120
f 1074 1073 1125
f 180 182 1119
f 1120 180 1119
f 1125 180 1120
f 180 181 182
f 772 756 776
f 772 776 777
f 777 885 772
f 772 885 881
f 4501 4515 4499
f 4550 4515 4501
f 6097 6133 6096
f 6097 6084 6133
f 6084 6148 6133
f 6084 6134 6148
f 954 951 950
f 950 951 948
f 954 1009 1010
f 954 950 1009
f 1010 1063 1076
f 1010 1009 1063
f 1076 1069 1071
f 1076 1063 1069
f 1071 1075 1073
f 1071 1069 1075
f 1073 1127 1125
f 1073 1075 1127
f 1125 1126 180
f 1125 1127 1126
f 1126 1129 181
f 1126 181 180
f 884 881 885
f 884 885 907
f 6610 907 6574
f 6610 884 907
f 6575 6574 6555
f 6575 6610 6574
f 6559 6558 6557
f 6558 6555 6557
f 6558 6575 6555
f 6561 6560 6559
f 6560 6558 6559
f 6560 6568 6558
f 4639 6560 4553
f 4639 6568 6560
f 4553 4515 4550
f 4553 4550 4639
f 6060 6134 6084
f 6060 6105 6134
f 948 949 950
f 974 1011 949
f 1011 950 949
f 1011 1009 950
f 1009 1012 1063
f 1009 1011 1012
f 1063 1064 1069
f 1063 1012 1064
f 1069 1077 1075
f 1069 1064 1077
f 1075 1128 1127
f 1075 1077 1128
f 1127 1133 1126
f 1127 1128 1133
f 1131 1132 1129
f 1126 1131 1129
f 1133 1131 1126
f 1131 1136 1132
f 6579 6559 6557
f 6559 6579 6561
f 6059 6100 6104
f 6105 6059 6104
f 6060 6059 6105
f 6100 6106 6104
f 1011 974 1003
f 1003 974 972
f 1011 1013 1012
f 1011 1003 1013
f 1012 1065 1064
f 1012 1013 1065
f 1064 1066 1077
f 1064 1065 1066
f 1077 1141 1128
f 1077 1066 1141
f 1128 1134 1133
f 1128 1141 1134
f 1133 1135 1131
f 1133 1134 1135
f 1135 1137 1136
f 1135 1136 1131
f 6057 6099 6100
f 6057 6100 6059
f 6106 6100 6098
f 6098 6100 6099
f 972 973 1003
f 975 1002 973
f 1002 1003 973
f 1002 1013 1003
f 1013 1068 1065
f 1013 1002 1068
f 1065 1067 1066
f 1065 1068 1067
f 1066 1190 1141
f 1066 1067 1190
f 1141 1170 1134
f 1141 1190 1170
f 1134 1138 1135
f 1134 1170 1138
f 1138 1172 1137
f 1138 1137 1135
f 6056 6099 6057
f 6056 6055 6099
f 6055 6098 6099
f 6055 6095 6098
f 975 977 1002
f 1123 1143 977
f 1143 1002 977
f 1143 1068 1002
f 1068 1206 1067
f 1068 1143 1206
f 1067 1210 1190
f 1067 1206 1210
f 1190 1214 1170
f 1190 1210 1214
f 1170 1171 1138
f 1170 1214 1171
f 1171 1324 1172
f 1171 1172 1138
f 6058 6095 6055
f 6058 6094 6095
f 1123 1124 1143
f 1212 1208 1124
f 1208 1143 1124
f 1208 1206 1143
f 1206 1209 1210
f 1206 1208 1209
f 1210 1213 1214
f 1210 1209 1213
f 1214 1320 1171
f 1214 1213 1320
f 1320 2296 1324
f 1320 1324 1171
f 6061 6091 6092
f 6094 6061 6092
f 6058 6061 6094
f 6091 6093 6092
f 1212 1211 1208
f 1208 1211 1209
f 1209 1211 1215
f 1220 1219 1215
f 1219 1209 1215
f 1219 1213 1209
f 1213 1437 1320
f 1213 1219 1437
f 1437 2297 2296
f 1437 2296 1320
f 6065 6082 6091
f 6065 6091 6061
f 6093 6091 6089
f 6089 6091 6082
f 1327 1328 1326
f 1327 1326 1220
f 1326 1219 1220
f 1326 2451 1219
f 1219 2414 1437
f 1219 2451 2414
f 2414 2298 2297
f 2414 2297 1437
f 6066 6082 6065
f 6066 6068 6082
f 6068 6089 6082
f 6068 6090 6089
f 1489 1490 1488
f 1489 1488 1328
f 1488 1326 1328
f 1488 1516 1326
f 1326 2443 2451
f 1326 1516 2443
f 2443 2429 2428
f 2414 2443 2428
f 2451 2443 2414
f 2414 2428 2298
f 6081 6090 6068
f 6081 6130 6090
f 1531 1540 1530
f 1531 1530 1490
f 1530 1488 1490
f 1530 1566 1488
f 1566 2610 2602
f 1516 1566 2602
f 1488 1566 1516
f 1516 2602 2545
f 1516 2545 2443
f 2443 2545 2429
f 6080 183 185
f 6130 6080 185
f 6081 6080 6130
f 183 184 185
f 1581 1572 1588
f 1581 1588 1540
f 1588 1530 1540
f 1588 2674 1530
f 2674 2693 2673
f 1566 2674 2673
f 1530 2674 1566
f 1566 2673 2610
f 6112 6139 183
f 6112 183 6080
f 184 183 6141
f 6141 183 6139
f 1573 1602 1601
f 1603 1571 1601
f 1601 1571 1573
f 1571 1603 1572
f 1572 1603 1588
f 1603 6971 1588
f 6971 6940 1588
f 1588 6940 2692
f 1588 2692 2674
f 2674 2692 2693
f 6138 6139 6112
f 6138 6140 6139
f 6140 6141 6139
f 6140 6160 6141
f 6981 6982 6979
f 6977 6980 6979
f 6979 6980 6981
f 6980 6977 1602
f 1602 6977 1601
f 6977 6976 1601
f 6976 6975 1601
f 1601 6975 7116
f 1601 7116 1603
f 1603 7116 6971
f 6154 6162 6161
f 6160 6154 6161
f 6140 6154 6160
f 6162 6163 6161
f 6985 7088 6986
f 6987 6984 6986
f 6986 6984 6985
f 6989 7097 6987
f 7097 6984 6987
f 7097 6983 6984
f 7248 6979 6982
f 6983 7248 6982
f 7097 7248 6983
f 6979 7248 6978
f 6979 6978 6977
f 6977 6978 6976
f 6179 6162 6154
f 6189 6163 6162
f 6179 6189 6162
f 6216 6189 6179
f 6216 6210 6189
f 6189 6210 6217
f 7053 7051 7055
f 7055 7051 7150
f 7054 7055 7138
f 7054 7053 7055
f 7058 6986 7088
f 7054 7058 7088
f 7138 7058 7054
f 6986 7058 6988
f 6986 6988 6987
f 6987 6988 6989
f 6212 6217 6210
f 6212 6210 6211
f 7035 7031 7034
f 7031 6211 7034
f 7031 6212 6211
f 7261 7028 7035
f 7028 7031 7035
f 7028 7030 7031
f 7029 7028 7027
f 7029 7030 7028
f 7027 7150 7051
f 7027 7051 7029
f 7089 7035 7034
f 7035 7089 7261
f 5114 5115 5113
f 5114 5113 5112
f 5113 5158 5199
f 5115 5158 5113
f 5199 5245 5255
f 5158 5245 5199
f 5255 5568 5582
f 5245 5568 5255
f 5582 5583 5612
f 5568 5583 5582
f 5612 4287 4286
f 5583 4287 5612
f 4260 4286 4287
f 4260 4287 4292
f 872 5652 5184
f 872 5184 900
f 5112 5184 5114
f 5114 5184 5652
f 4292 4259 4260
f 4260 4259 4258
f 3709 4258 4259
f 3709 4259 3939
f 504 705 848
f 504 848 559
f 900 848 872
f 872 848 705
f 3939 3737 3709
f 3709 3737 3305
f 3957 3305 3737
f 3957 3737 3552
f 360 504 559
f 360 357 504
f 3552 3583 3957
f 3546 3583 3552
f 359 357 360
f 359 356 357
f 3584 3582 3545
f 3582 3546 3545
f 3582 3583 3546
f 3541 3584 3545
f 358 356 359
f 358 375 356
f 3584 3576 3582
f 3575 3576 3584
f 3541 3575 3584
f 3539 3575 3541
f 373 375 358
f 373 358 363
f 363 365 373
f 373 365 374
f 3539 3528 3575
f 3529 3528 3539
f 380 374 365
f 380 383 374
f 3532 3527 3530
f 3527 3529 3530
f 3527 3528 3529
f 3531 3532 3530
f 382 383 380
f 382 384 383
f 3532 3509 3527
f 3533 3509 3532
f 3531 3533 3532
f 3550 3533 3531
f 386 384 382
f 386 395 384
f 3550 3519 3533
f 3670 3519 3550
f 391 395 386
f 391 398 395
f 3670 3518 3519
f 3628 3518 3670
f 254 398 391
f 254 252 398
f 3615 3627 3676
f 3627 3628 3676
f 3627 3518 3628
f 3616 3615 3676
f 233 252 254
f 233 236 252
f 3615 3614 3627
f 3613 3614 3615
f 3616 3613 3615
f 3617 3613 3616
f 235 236 233
f 235 233 179
f 179 178 235
f 235 178 229
f 3617 3618 3613
f 3619 3618 3617
f 228 229 178
f 228 227 229
f 3619 3620 3618
f 3633 3620 3619
f 225 227 228
f 225 226 227
f 3633 3798 3620
f 3620 3798 3804
f 3803 3804 3798
f 3803 3798 3797
f 457 226 225
f 457 512 226
f 3797 3805 3803
f 3800 3805 3797
f 522 521 517
f 512 522 517
f 457 522 512
f 521 516 517
f 3800 3808 3805
f 3810 3808 3800
f 5761 1584 5760
f 1554 5759 5760
f 1554 5760 1584
f 1523 1600 5759
f 1523 5759 1554
f 1476 1576 1600
f 1476 1600 1523
f 1407 1546 1576
f 1407 1576 1476
f 1406 1510 1546
f 1406 1546 1407
f 1405 1496 1510
f 1405 1510 1406
f 1377 1451 1496
f 1377 1496 1405
f 1376 1417 1451
f 1376 1451 1377
f 1376 1332 1417
f 626 521 522
f 626 618 521
f 618 516 521
f 618 612 516
f 3810 4403 3808
f 4404 4403 3810
f 6214 6213 5799
f 6213 1619 5799
f 5799 1619 5761
f 1619 1515 5761
f 1515 1584 5761
f 1584 1515 1554
f 1554 1515 1514
f 1554 1514 1523
f 1523 1514 1465
f 1523 1465 1476
f 1476 1465 1438
f 1476 1438 1407
f 1407 1438 1416
f 1386 1385 1416
f 1385 1407 1416
f 1385 1406 1407
f 1406 1383 1405
f 1406 1385 1383
f 1405 1325 1377
f 1405 1383 1325
f 1377 1309 1376
f 1377 1325 1309
f 1221 1331 1332
f 1376 1221 1332
f 1309 1221 1376
f 1200 1227 1331
f 1200 1331 1221
f 1201 1223 1227
f 1201 1227 1200
f 1201 1203 1223
f 631 612 618
f 631 618 630
f 630 632 631
f 631 632 643
f 4695 4692 4693
f 4693 4692 4622
f 4693 4403 4404
f 4693 4404 4695
f 6150 6176 6213
f 6150 6213 6214
f 1619 6213 1618
f 1618 6213 6176
f 1386 1384 1385
f 1385 1384 1383
f 1383 1384 1360
f 1383 1360 1325
f 1325 1360 1359
f 1161 1185 1359
f 1185 1325 1359
f 1185 1309 1325
f 1309 1184 1221
f 1309 1185 1184
f 1221 1186 1200
f 1221 1184 1186
f 1200 1199 1201
f 1200 1186 1199
f 1173 1202 1203
f 1201 1173 1203
f 1199 1173 1201
f 1004 1174 1202
f 1004 1202 1173
f 1004 957 1174
f 711 186 188
f 643 711 188
f 632 711 643
f 186 187 188
f 4522 4500 4549
f 4688 4522 4549
f 4622 4688 4549
f 4692 4688 4622
f 6149 6170 6176
f 6149 6176 6150
f 1618 6176 6190
f 6190 6176 6170
f 1185 1161 191
f 191 1161 189
f 1185 1183 1184
f 1185 191 1183
f 1184 1182 1186
f 1184 1183 1182
f 1186 1169 1199
f 1186 1182 1169
f 1199 1030 1173
f 1199 1169 1030
f 1173 953 1004
f 1173 1030 953
f 953 956 957
f 953 957 1004
f 712 186 711
f 712 756 186
f 756 187 186
f 756 753 187
f 4611 4502 4522
f 4502 4500 4522
f 4502 4501 4500
f 4611 4522 4688
f 6148 6166 6170
f 6148 6170 6149
f 6190 6170 6186
f 6186 6170 6166
f 189 190 191
f 191 190 1183
f 1183 190 1187
f 1032 1034 1187
f 1034 1183 1187
f 1034 1182 1183
f 1182 1035 1169
f 1182 1034 1035
f 1169 961 1030
f 1169 1035 961
f 1030 946 953
f 1030 961 946
f 952 955 956
f 953 952 956
f 946 952 953
f 952 951 955
f 757 753 756
f 757 756 772
f 772 881 757
f 757 881 880
f 4502 4550 4501
f 4551 4550 4502
f 6134 6158 6166
f 6134 6166 6148
f 6186 6166 6185
f 6185 6166 6158
f 1034 1032 194
f 194 1032 192
f 1034 985 1035
f 1034 194 985
f 1035 960 961
f 1035 985 960
f 961 944 946
f 961 960 944
f 946 945 952
f 946 944 945
f 945 948 951
f 945 951 952
f 882 880 881
f 882 881 884
f 6612 884 6610
f 6612 882 884
f 6611 6610 6575
f 6611 6612 6610
f 6636 6575 6558
f 6636 6611 6575
f 7247 6558 6568
f 7247 6636 6558
f 4703 6568 4639
f 4703 7247 6568
f 4639 4550 4551
f 4639 4551 4703
f 6105 6159 6158
f 6105 6158 6134
f 6185 6158 6172
f 6172 6158 6159
f 192 193 194
f 983 979 193
f 979 194 193
f 979 985 194
f 985 935 960
f 985 979 935
f 960 943 944
f 960 935 943
f 944 942 945
f 944 943 942
f 947 949 948
f 945 947 948
f 942 947 945
f 947 974 949
f 6104 6159 6105
f 6104 6106 6159
f 6106 6172 6159
f 6106 6165 6172
f 983 980 979
f 981 936 980
f 936 979 980
f 936 935 979
f 935 937 943
f 935 936 937
f 943 929 942
f 943 937 929
f 942 932 947
f 942 929 932
f 932 972 974
f 932 974 947
f 6098 6157 6164
f 6165 6098 6164
f 6106 6098 6165
f 6157 6203 6164
f 981 992 936
f 993 938 992
f 938 936 992
f 938 937 936
f 937 930 929
f 937 938 930
f 929 931 932
f 929 930 931
f 933 973 972
f 932 933 972
f 931 933 932
f 933 975 973
f 6095 6156 6157
f 6095 6157 6098
f 6203 6157 6192
f 6192 6157 6156
f 938 993 941
f 941 993 994
f 938 940 930
f 938 941 940
f 930 939 931
f 930 940 939
f 931 934 933
f 931 939 934
f 976 977 975
f 933 976 975
f 934 976 933
f 976 1123 977
f 6094 6155 6156
f 6094 6156 6095
f 6192 6156 6181
f 6181 6156 6155
f 994 963 941
f 964 962 963
f 962 941 963
f 962 940 941
f 940 966 939
f 940 962 966
f 939 968 934
f 939 966 968
f 934 978 976
f 934 968 978
f 1122 1124 1123
f 976 1122 1123
f 978 1122 976
f 1122 1212 1124
f 6092 6155 6094
f 6092 6093 6155
f 6093 6181 6155
f 6093 6180 6181
f 962 964 970
f 970 964 1040
f 962 967 966
f 962 970 967
f 966 969 968
f 966 967 969
f 968 1001 978
f 968 969 1001
f 978 1231 1122
f 978 1001 1231
f 1217 1211 1212
f 1122 1217 1212
f 1231 1217 1122
f 1216 1215 1211
f 1216 1211 1217
f 1216 1220 1215
f 6089 6180 6093
f 6089 197 6180
f 970 1040 1041
f 1041 1040 1054
f 970 971 967
f 970 1041 971
f 967 1038 969
f 967 971 1038
f 969 1176 1001
f 969 1038 1176
f 1001 1232 1231
f 1001 1176 1232
f 1231 1218 1217
f 1231 1232 1218
f 1218 1328 1327
f 1216 1218 1327
f 1217 1218 1216
f 1216 1327 1220
f 6090 6152 195
f 197 6090 195
f 6089 6090 197
f 6152 6169 195
f 1054 1056 1041
f 1057 1042 1056
f 1042 1041 1056
f 1042 971 1041
f 971 1043 1038
f 971 1042 1043
f 1038 1044 1176
f 1038 1043 1044
f 1176 1312 1232
f 1176 1044 1312
f 1312 1490 1489
f 1218 1312 1489
f 1232 1312 1218
f 1218 1489 1328
f 6130 6151 6152
f 6130 6152 6090
f 6169 6152 6147
f 6147 6152 6151
f 1042 1057 1339
f 1339 1057 1338
f 1042 1366 1043
f 1042 1339 1366
f 1043 1441 1044
f 1043 1366 1441
f 1441 1540 1531
f 1312 1441 1531
f 1044 1441 1312
f 1312 1531 1490
f 185 6151 6130
f 185 184 6151
f 184 6147 6151
f 184 6146 6147
f 1440 1442 1439
f 1440 1439 1338
f 1439 1339 1338
f 1439 1507 1339
f 1339 1524 1366
f 1339 1507 1524
f 1524 1572 1581
f 1441 1524 1581
f 1366 1524 1441
f 1441 1581 1540
f 6141 6146 184
f 6141 6167 6146
f 1443 1473 1472
f 1443 1472 1442
f 1472 1439 1442
f 1472 1539 1439
f 1539 1602 1573
f 1507 1539 1573
f 1439 1539 1507
f 1507 1573 1571
f 1507 1571 1524
f 1524 1571 1572
f 6160 6173 6174
f 6167 6160 6174
f 6141 6160 6167
f 6173 6175 6174
f 1615 1611 1616
f 1620 1586 1616
f 1616 1586 1615
f 1623 1575 1620
f 1620 1575 1586
f 1575 1623 1473
f 1473 1623 1472
f 1623 6982 1472
f 6982 6981 1472
f 1472 6981 6980
f 1472 6980 1539
f 1539 6980 1602
f 6161 6173 6160
f 6193 6182 6163
f 6163 6182 6161
f 6182 6175 6161
f 6175 6173 6161
f 6193 6218 6182
f 1589 1612 1625
f 7056 1590 1625
f 1625 1590 1589
f 1590 7056 1611
f 1611 7056 1616
f 7056 7088 1616
f 7088 6985 1616
f 1616 6985 6984
f 1616 6984 1620
f 1620 6984 6983
f 1620 6983 1623
f 1623 6983 6982
f 6189 6193 6163
f 6227 6224 6217
f 6217 6224 6189
f 6224 6218 6189
f 6218 6193 6189
f 7032 7033 6227
f 6227 7033 6224
f 7185 1624 7032
f 7032 1624 7033
f 7052 1622 7185
f 7185 1622 1624
f 1622 7052 1612
f 1612 7052 1625
f 7052 7051 1625
f 7051 7053 1625
f 1625 7053 7054
f 1625 7054 7056
f 7056 7054 7088
f 6212 6227 6217
f 6227 6212 7031
f 6227 7031 7032
f 7032 7031 7030
f 7032 7030 7185
f 7185 7030 7029
f 7185 7029 7052
f 7052 7029 7051
f 5116 5134 5115
f 5116 5115 5114
f 5115 5135 5158
f 5134 5135 5115
f 5158 5244 5245
f 5135 5244 5158
f 5245 5567 5568
f 5244 5567 5245
f 5568 5584 5583
f 5567 5584 5568
f 5583 4335 4287
f 5584 4335 5583
f 4293 4294 4292
f 4287 4293 4292
f 4335 4293 4287
f 4018 4294 4293
f 692 5682 5652
f 692 5652 872
f 5114 5652 5116
f 5116 5652 5682
f 4294 4259 4292
f 3943 3942 3939
f 3943 3939 4259
f 4018 3943 4259
f 4294 4018 4259
f 4005 3942 3943
f 486 693 705
f 486 705 504
f 872 705 692
f 692 705 693
f 3942 3737 3939
f 3552 3737 3942
f 4005 3552 3942
f 3548 3552 4005
f 357 486 504
f 357 354 486
f 3544 3546 3547
f 3546 3548 3547
f 3546 3552 3548
f 3543 3544 3547
f 356 355 353
f 354 356 353
f 357 356 354
f 355 351 353
f 3544 3545 3546
f 3541 3545 3544
f 3543 3541 3544
f 3540 3541 3543
f 375 376 355
f 375 355 356
f 351 355 349
f 349 355 376
f 3540 3539 3541
f 3538 3539 3540
f 373 376 375
f 373 374 376
f 374 349 376
f 374 335 349
f 3536 3529 3537
f 3529 3538 3537
f 3529 3539 3538
f 3535 3536 3537
f 383 335 374
f 383 334 335
f 3536 3530 3529
f 3531 3530 3536
f 3535 3531 3536
f 3534 3531 3535
f 384 334 383
f 384 396 334
f 3534 3550 3531
f 3667 3550 3534
f 395 396 384
f 395 397 396
f 3667 3670 3550
f 3669 3670 3667
f 398 397 395
f 398 399 397
f 3675 3628 3674
f 3628 3669 3674
f 3628 3670 3669
f 3631 3675 3674
f 252 399 398
f 252 253 399
f 3675 3676 3628
f 3616 3676 3675
f 3631 3616 3675
f 3622 3616 3631
f 236 237 249
f 253 236 249
f 252 236 253
f 237 238 249
f 3622 3617 3616
f 3621 3617 3622
f 235 237 236
f 235 229 237
f 229 238 237
f 229 239 238
f 3621 3619 3617
f 3792 3619 3621
f 227 239 229
f 227 243 239
f 3794 3633 3793
f 3633 3792 3793
f 3633 3619 3792
f 3795 3794 3793
f 226 243 227
f 226 269 243
f 3794 3798 3633
f 3797 3798 3794
f 3795 3797 3794
f 3799 3797 3795
f 512 513 514
f 269 512 514
f 226 512 269
f 513 515 514
f 3799 3800 3797
f 3801 3800 3799
f 517 513 512
f 517 516 513
f 516 515 513
f 516 519 515
f 3801 3810 3800
f 3945 3810 3801
f 612 519 516
f 612 611 519
f 3945 4404 3810
f 4405 4404 3945
f 1619 1497 1515
f 1453 1514 1515
f 1453 1515 1497
f 1390 1465 1514
f 1390 1514 1453
f 1389 1438 1465
f 1389 1465 1390
f 1380 1416 1438
f 1380 1438 1389
f 1380 1386 1416
f 642 611 612
f 642 612 631
f 631 643 642
f 642 643 644
f 4861 4860 4695
f 4695 4860 4692
f 4695 4404 4405
f 4695 4405 4861
f 1618 1467 1497
f 1618 1497 1619
f 1497 1297 1453
f 1497 1467 1297
f 1453 1241 1390
f 1453 1297 1241
f 1390 1243 1389
f 1390 1241 1243
f 1389 1158 1380
f 1389 1243 1158
f 1156 1384 1386
f 1380 1156 1386
f 1158 1156 1380
f 1155 1360 1384
f 1155 1384 1156
f 1157 1359 1360
f 1157 1360 1155
f 1157 1161 1359
f 714 644 643
f 714 643 188
f 188 187 714
f 714 187 743
f 4860 4688 4692
f 4687 4688 4860
f 6190 1482 1467
f 6190 1467 1618
f 1467 1319 1297
f 1467 1482 1319
f 1297 1242 1241
f 1297 1319 1242
f 1241 1240 1243
f 1241 1242 1240
f 1243 1151 1158
f 1243 1240 1151
f 1158 1150 1156
f 1158 1151 1150
f 1156 1147 1155
f 1156 1150 1147
f 1155 1149 1157
f 1155 1147 1149
f 1149 189 1161
f 1149 1161 1157
f 753 758 752
f 743 753 752
f 187 753 743
f 758 835 752
f 4610 4502 4611
f 4684 4610 4611
f 4688 4684 4611
f 4687 4684 4688
f 6186 1534 1482
f 6186 1482 6190
f 1482 1419 1319
f 1482 1534 1419
f 1319 1302 1242
f 1319 1419 1302
f 1242 1236 1240
f 1242 1302 1236
f 1240 1152 1151
f 1240 1236 1152
f 1151 1145 1150
f 1151 1152 1145
f 1150 1146 1147
f 1150 1145 1146
f 1147 1148 1149
f 1147 1146 1148
f 1036 190 189
f 1149 1036 189
f 1148 1036 1149
f 1033 1187 190
f 1033 190 1036
f 1033 1032 1187
f 757 758 753
f 883 852 880
f 880 852 757
f 852 835 757
f 835 758 757
f 883 6644 852
f 4683 4552 4610
f 4552 4502 4610
f 4552 4551 4502
f 4683 4610 4684
f 6185 1549 1534
f 6185 1534 6186
f 1534 1426 1419
f 1534 1549 1426
f 1296 1302 1445
f 1302 1426 1445
f 1302 1419 1426
f 1302 1296 1236
f 1236 1296 1295
f 1293 1159 1295
f 1159 1236 1295
f 1159 1152 1236
f 1152 1153 1145
f 1152 1159 1153
f 1145 1144 1146
f 1145 1153 1144
f 1146 1037 1148
f 1146 1144 1037
f 1148 1023 1036
f 1148 1037 1023
f 1036 1031 1033
f 1036 1023 1031
f 1031 192 1032
f 1031 1032 1033
f 882 883 880
f 6629 6644 883
f 882 6629 883
f 6612 6629 882
f 6613 6612 6611
f 6613 6629 6612
f 6614 6611 6636
f 6614 6613 6611
f 6637 6636 7247
f 6637 6614 6636
f 4886 7247 4703
f 4886 6637 7247
f 4703 4551 4552
f 4703 4552 4886
f 6172 1567 1549
f 6172 1549 6185
f 1549 1484 1426
f 1549 1567 1484
f 1445 1426 1452
f 1452 1426 1484
f 1293 1160 1159
f 1159 1160 1153
f 1153 1160 1154
f 1142 1026 1154
f 1026 1153 1154
f 1026 1144 1153
f 1144 1024 1037
f 1144 1026 1024
f 1037 1022 1023
f 1037 1024 1022
f 1023 987 1031
f 1023 1022 987
f 984 193 192
f 1031 984 192
f 987 984 1031
f 984 983 193
f 6165 1594 1567
f 6165 1567 6172
f 1567 1483 1484
f 1567 1594 1483
f 1452 1484 1432
f 1484 1431 1432
f 1484 1483 1431
f 1431 1430 1432
f 1142 1027 1026
f 1028 1025 1027
f 1025 1026 1027
f 1025 1024 1026
f 1024 1008 1022
f 1024 1025 1008
f 1022 989 987
f 1022 1008 989
f 987 986 984
f 987 989 986
f 982 980 983
f 984 982 983
f 986 982 984
f 982 981 980
f 6164 1594 6165
f 1594 6164 6203
f 1498 1594 6203
f 1483 1594 1498
f 1483 1435 1431
f 1483 1498 1435
f 1430 1431 1433
f 1433 1431 1435
f 1025 1028 1029
f 1029 1028 1108
f 1025 1007 1008
f 1025 1029 1007
f 1008 1005 989
f 1008 1007 1005
f 989 996 986
f 989 1005 996
f 986 988 982
f 986 996 988
f 990 992 981
f 982 990 981
f 988 990 982
f 990 993 992
f 6192 1541 1498
f 6192 1498 6203
f 1498 1450 1435
f 1498 1541 1450
f 1433 1435 1434
f 1434 1435 1450
f 1108 1107 1029
f 1103 1017 1107
f 1017 1029 1107
f 1017 1007 1029
f 1007 1006 1005
f 1007 1017 1006
f 1005 999 996
f 1005 1006 999
f 996 995 988
f 996 999 995
f 988 991 990
f 988 995 991
f 991 994 993
f 991 993 990
f 6181 1593 1541
f 6181 1541 6192
f 1541 1474 1450
f 1541 1593 1474
f 1434 1450 1448
f 1448 1450 1474
f 1103 1019 1017
f 1020 1018 1019
f 1018 1017 1019
f 1018 1006 1017
f 1006 1000 999
f 1006 1018 1000
f 999 998 995
f 999 1000 998
f 995 997 991
f 995 998 997
f 965 963 994
f 991 965 994
f 997 965 991
f 965 964 963
f 6180 6187 1593
f 6180 1593 6181
f 1593 1520 1474
f 1593 6187 1520
f 1448 1474 1475
f 1475 1474 1520
f 1018 1020 1059
f 1059 1020 1060
f 1018 1046 1000
f 1018 1059 1046
f 1000 1045 998
f 1000 1046 1045
f 998 1015 997
f 998 1045 1015
f 997 1016 965
f 997 1015 1016
f 1016 1040 964
f 1016 964 965
f 197 196 6187
f 197 6187 6180
f 6187 1537 1520
f 6187 196 1537
f 1475 1520 1521
f 1521 1520 1537
f 1059 1060 1061
f 1061 1060 1113
f 1059 1051 1046
f 1059 1061 1051
f 1046 1047 1045
f 1046 1051 1047
f 1045 1048 1015
f 1045 1047 1048
f 1015 1053 1016
f 1015 1048 1053
f 1053 1054 1040
f 1053 1040 1016
f 195 196 197
f 196 195 6169
f 1561 196 6169
f 1537 196 1561
f 1521 1537 1538
f 1538 1537 1561
f 1113 1114 1061
f 1116 1062 1114
f 1062 1061 1114
f 1062 1051 1061
f 1051 1050 1047
f 1051 1062 1050
f 1047 1049 1048
f 1047 1050 1049
f 1048 1052 1053
f 1048 1049 1052
f 1055 1056 1054
f 1053 1055 1054
f 1052 1055 1053
f 1055 1057 1056
f 6147 6171 1561
f 6147 1561 6169
f 1538 1561 1562
f 1562 1561 6171
f 1274 1275 1273
f 1274 1273 1116
f 1273 1062 1116
f 1273 1254 1062
f 1062 1253 1050
f 1062 1254 1253
f 1050 1255 1049
f 1050 1253 1255
f 1049 1314 1052
f 1049 1255 1314
f 1052 1313 1055
f 1052 1314 1313
f 1313 1338 1057
f 1313 1057 1055
f 6146 6177 6171
f 6146 6171 6147
f 1562 6171 6202
f 6202 6171 6177
f 1273 1275 1353
f 1353 1275 1354
f 1273 1352 1254
f 1273 1353 1352
f 1254 1355 1253
f 1254 1352 1355
f 1253 1374 1255
f 1253 1355 1374
f 1255 1398 1314
f 1255 1374 1398
f 1398 1442 1440
f 1313 1398 1440
f 1314 1398 1313
f 1313 1440 1338
f 6167 6178 6177
f 6167 6177 6146
f 6202 6177 1592
f 6177 1574 1592
f 6177 6178 1574
f 1574 1591 1592
f 1410 1411 1409
f 1410 1409 1354
f 1409 1353 1354
f 1409 1420 1353
f 1353 1421 1352
f 1353 1420 1421
f 1352 1429 1355
f 1352 1421 1429
f 1355 1471 1374
f 1355 1429 1471
f 1471 1473 1443
f 1398 1471 1443
f 1374 1471 1398
f 1398 1443 1442
f 6174 6178 6167
f 6178 6174 6175
f 6201 6178 6175
f 1574 6178 6201
f 1591 1574 1552
f 1574 1550 1552
f 1574 6201 1550
f 1550 1551 1552
f 1460 1461 1459
f 1457 1458 1459
f 1459 1458 1460
f 1458 1457 1411
f 1457 1409 1411
f 1457 1511 1409
f 1409 1512 1420
f 1409 1511 1512
f 1512 1611 1615
f 1421 1512 1615
f 1420 1512 1421
f 1421 1615 1586
f 1421 1586 1429
f 1429 1586 1575
f 1429 1575 1471
f 1471 1575 1473
f 6182 6201 6175
f 6201 6182 6218
f 1621 6201 6218
f 1550 6201 1621
f 1551 1550 1527
f 1550 1526 1527
f 1550 1621 1526
f 1527 1526 1461
f 1526 1459 1461
f 1526 1528 1459
f 1459 1529 1457
f 1459 1528 1529
f 1529 1612 1589
f 1511 1529 1589
f 1457 1529 1511
f 1511 1589 1590
f 1511 1590 1512
f 1512 1590 1611
f 6224 1621 6218
f 1621 6224 7033
f 1621 7033 1526
f 1526 7033 1624
f 1526 1624 1528
f 1528 1624 1622
f 1528 1622 1529
f 1529 1622 1612
f 5163 5137 5134
f 5163 5134 5116
f 5134 5136 5135
f 5137 5136 5134
f 5135 5213 5244
f 5136 5213 5135
f 5244 5527 5567
f 5213 5527 5244
f 5567 5585 5584
f 5527 5585 5567
f 5584 4354 4335
f 5585 4354 5584
f 4335 4295 4293
f 4354 4295 4335
f 4018 4293 4295
f 4018 4295 4013
f 691 5711 5682
f 691 5682 692
f 5116 5682 5163
f 5163 5682 5711
f 4013 4008 4018
f 4018 4008 3943
f 4005 3943 4008
f 4005 4008 3944
f 486 497 693
f 497 547 693
f 547 692 693
f 547 691 692
f 3944 3548 4005
f 3684 3548 3944
f 354 352 497
f 354 497 486
f 547 497 350
f 350 497 352
f 3684 3683 3548
f 3548 3683 3547
f 3543 3547 3683
f 3543 3683 3549
f 353 352 354
f 353 351 352
f 351 350 352
f 351 346 350
f 3549 3540 3543
f 3542 3540 3549
f 349 346 351
f 349 348 346
f 3542 3538 3540
f 3657 3538 3542
f 335 348 349
f 335 333 348
f 3657 3656 3538
f 3538 3656 3537
f 3535 3537 3656
f 3535 3656 3661
f 334 333 335
f 334 320 333
f 3661 3534 3535
f 3664 3534 3661
f 396 320 334
f 396 317 320
f 3664 3667 3534
f 3666 3667 3664
f 397 317 396
f 397 313 317
f 3673 3669 3672
f 3669 3666 3672
f 3669 3667 3666
f 3630 3673 3672
f 399 313 397
f 399 400 313
f 3673 3674 3669
f 3631 3674 3673
f 3630 3631 3673
f 3624 3631 3630
f 253 248 288
f 400 253 288
f 399 253 400
f 248 241 288
f 3624 3622 3631
f 3623 3622 3624
f 249 248 253
f 249 238 248
f 238 241 248
f 238 240 241
f 3623 3621 3622
f 3790 3621 3623
f 239 240 238
f 239 242 240
f 3790 3792 3621
f 3791 3792 3790
f 243 242 239
f 243 244 242
f 3791 3796 3792
f 3792 3796 3793
f 3795 3793 3796
f 3795 3796 3812
f 269 244 243
f 269 270 244
f 3812 3799 3795
f 3802 3799 3812
f 518 270 269
f 518 269 514
f 514 515 518
f 518 515 506
f 3802 3801 3799
f 3807 3801 3802
f 519 506 515
f 519 520 506
f 3807 3945 3801
f 3990 3945 3807
f 611 639 635
f 520 611 635
f 519 611 520
f 639 640 635
f 3990 4405 3945
f 4859 4405 3990
f 642 639 611
f 642 644 639
f 644 640 639
f 644 645 640
f 4863 4862 4861
f 4861 4862 4860
f 4861 4405 4859
f 4861 4859 4863
f 702 645 644
f 702 644 714
f 714 743 702
f 702 743 742
f 4862 4687 4860
f 4686 4687 4862
f 744 742 743
f 744 743 752
f 752 835 744
f 744 835 831
f 4686 4684 4687
f 4685 4684 4686
f 834 831 835
f 834 835 852
f 852 6644 834
f 834 6644 6645
f 4690 4700 4683
f 4683 4700 4552
f 4683 4684 4685
f 4683 4685 4690
f 1445 1345 1296
f 1294 1295 1296
f 1294 1296 1345
f 1294 1293 1295
f 6643 6645 6644
f 6643 6644 6629
f 6616 6629 6613
f 6616 6643 6629
f 6615 6613 6614
f 6615 6616 6613
f 7236 6614 6637
f 7236 6615 6614
f 7217 6637 4886
f 7217 7236 6637
f 4886 4552 4700
f 4886 4700 7217
f 1452 1370 1345
f 1452 1345 1445
f 1345 1346 1294
f 1345 1370 1346
f 1189 1160 1293
f 1294 1189 1293
f 1346 1189 1294
f 1181 1154 1160
f 1181 1160 1189
f 1181 1142 1154
f 1432 1370 1452
f 1370 1432 1430
f 1371 1370 1430
f 1346 1370 1371
f 1346 1276 1189
f 1346 1371 1276
f 1189 1188 1181
f 1189 1276 1188
f 1039 1027 1142
f 1181 1039 1142
f 1188 1039 1181
f 1039 1028 1027
f 1433 1379 1371
f 1433 1371 1430
f 1371 1292 1276
f 1371 1379 1292
f 1276 1191 1188
f 1276 1292 1191
f 1188 1109 1039
f 1188 1191 1109
f 1109 1108 1028
f 1109 1028 1039
f 1434 1436 1379
f 1434 1379 1433
f 1379 1271 1292
f 1379 1436 1271
f 1292 1256 1191
f 1292 1271 1256
f 1191 1106 1109
f 1191 1256 1106
f 1104 1107 1108
f 1109 1104 1108
f 1106 1104 1109
f 1104 1103 1107
f 1448 1449 1436
f 1448 1436 1434
f 1436 1270 1271
f 1436 1449 1270
f 1271 1269 1256
f 1271 1270 1269
f 1256 1111 1106
f 1256 1269 1111
f 1106 1105 1104
f 1106 1111 1105
f 1021 1019 1103
f 1104 1021 1103
f 1105 1021 1104
f 1021 1020 1019
f 1475 1469 1449
f 1475 1449 1448
f 1449 1304 1270
f 1449 1469 1304
f 1270 1262 1269
f 1270 1304 1262
f 1269 1205 1111
f 1269 1262 1205
f 1111 1110 1105
f 1111 1205 1110
f 1105 1058 1021
f 1105 1110 1058
f 1058 1060 1020
f 1058 1020 1021
f 1521 1468 1469
f 1521 1469 1475
f 1469 1340 1304
f 1469 1468 1340
f 1304 1263 1262
f 1304 1340 1263
f 1262 1239 1205
f 1262 1263 1239
f 1205 1237 1110
f 1205 1239 1237
f 1110 1112 1058
f 1110 1237 1112
f 1112 1113 1060
f 1112 1060 1058
f 1538 1463 1468
f 1538 1468 1521
f 1468 1341 1340
f 1468 1463 1341
f 1340 1266 1263
f 1340 1341 1266
f 1263 1264 1239
f 1263 1266 1264
f 1239 1265 1237
f 1239 1264 1265
f 1237 1238 1112
f 1237 1265 1238
f 1115 1114 1113
f 1112 1115 1113
f 1238 1115 1112
f 1115 1116 1114
f 1562 1462 1463
f 1562 1463 1538
f 1463 1342 1341
f 1463 1462 1342
f 1341 1306 1266
f 1341 1342 1306
f 1266 1267 1264
f 1266 1306 1267
f 1264 1268 1265
f 1264 1267 1268
f 1265 1272 1238
f 1265 1268 1272
f 1272 1275 1274
f 1115 1272 1274
f 1238 1272 1115
f 1115 1274 1116
f 6202 1491 1462
f 6202 1462 1562
f 1462 1365 1342
f 1462 1491 1365
f 1342 1343 1306
f 1342 1365 1343
f 1306 1344 1267
f 1306 1343 1344
f 1267 1350 1268
f 1267 1344 1350
f 1268 1351 1272
f 1268 1350 1351
f 1351 1354 1275
f 1351 1275 1272
f 1592 1491 6202
f 1491 1592 1591
f 1464 1491 1591
f 1365 1491 1464
f 1365 1400 1343
f 1365 1464 1400
f 1343 1401 1344
f 1343 1400 1401
f 1344 1397 1350
f 1344 1401 1397
f 1397 1411 1410
f 1351 1397 1410
f 1350 1397 1351
f 1351 1410 1354
f 1552 1464 1591
f 1464 1552 1551
f 1470 1464 1551
f 1400 1464 1470
f 1470 1461 1460
f 1401 1470 1460
f 1400 1470 1401
f 1401 1460 1458
f 1401 1458 1397
f 1397 1458 1411
f 1527 1470 1551
f 1470 1527 1461
f 5164 5139 5137
f 5164 5137 5163
f 5137 5138 5136
f 5139 5138 5137
f 5136 5148 5213
f 5138 5148 5136
f 5213 5265 5527
f 5148 5265 5213
f 5527 5596 5585
f 5265 5596 5527
f 5585 5628 4354
f 5596 5628 5585
f 4354 4296 4295
f 5628 4296 4354
f 4013 4295 4296
f 4013 4296 4297
f 675 5769 5711
f 675 5711 691
f 5163 5711 5164
f 5164 5711 5769
f 4297 4007 4013
f 4013 4007 4008
f 3944 4008 4007
f 3944 4007 3695
f 547 675 691
f 547 548 675
f 3695 3684 3944
f 3693 3684 3695
f 350 548 547
f 350 347 548
f 3693 3692 3684
f 3684 3692 3683
f 3549 3683 3692
f 3549 3692 3611
f 346 347 350
f 346 344 347
f 3611 3542 3549
f 3659 3542 3611
f 348 344 346
f 348 343 344
f 3658 3657 3660
f 3657 3659 3660
f 3657 3542 3659
f 3662 3658 3660
f 333 343 348
f 333 324 343
f 3658 3656 3657
f 3661 3656 3658
f 3662 3661 3658
f 3663 3661 3662
f 320 324 333
f 320 319 324
f 3663 3664 3661
f 3665 3664 3663
f 317 319 320
f 317 315 319
f 3671 3666 3668
f 3666 3665 3668
f 3666 3664 3665
f 3632 3671 3668
f 313 286 312
f 315 313 312
f 317 313 315
f 286 285 312
f 3671 3672 3666
f 3630 3672 3671
f 3632 3630 3671
f 3629 3630 3632
f 400 287 286
f 400 286 313
f 285 286 284
f 284 286 287
f 3629 3624 3630
f 3625 3624 3629
f 288 287 400
f 288 241 287
f 241 284 287
f 241 276 284
f 3625 3623 3624
f 3705 3623 3625
f 240 276 241
f 240 277 276
f 3705 3790 3623
f 3789 3790 3705
f 242 277 240
f 242 275 277
f 3813 3791 3814
f 3791 3789 3814
f 3791 3790 3789
f 3815 3813 3814
f 244 275 242
f 244 271 275
f 3813 3796 3791
f 3812 3796 3813
f 3815 3812 3813
f 3817 3812 3815
f 270 273 272
f 271 270 272
f 244 270 271
f 273 274 272
f 3817 3802 3812
f 3825 3802 3817
f 518 273 270
f 518 506 273
f 506 274 273
f 506 494 274
f 3825 3807 3802
f 3937 3807 3825
f 520 494 506
f 520 490 494
f 3937 3990 3807
f 3953 3990 3937
f 636 490 520
f 636 520 635
f 635 640 636
f 636 640 641
f 3953 4859 3990
f 4458 4859 3953
f 645 641 640
f 645 662 641
f 4864 4862 4863
f 4701 4864 4863
f 4859 4701 4863
f 4458 4701 4859
f 663 662 645
f 663 645 702
f 702 742 663
f 663 742 746
f 4698 4689 4864
f 4689 4862 4864
f 4689 4686 4862
f 4698 4864 4701
f 745 746 742
f 745 742 744
f 744 831 745
f 745 831 830
f 4689 4685 4686
f 4691 4685 4689
f 832 830 831
f 832 831 834
f 198 200 6645
f 200 834 6645
f 200 832 834
f 198 199 200
f 4699 7204 4690
f 4690 7204 4700
f 4690 4685 4691
f 4690 4691 4699
f 6643 198 6645
f 7148 199 198
f 6643 7148 198
f 6616 7148 6643
f 6617 6616 6615
f 6617 7148 6616
f 6618 6615 7236
f 6618 6617 6615
f 6627 7236 7217
f 6627 6618 7236
f 7217 4700 7204
f 7217 7204 6627
f 5249 5243 5272
f 5537 5595 5272
f 5537 5272 5243
f 5623 5595 5537
f 5318 5141 5139
f 5318 5139 5164
f 5139 5140 5138
f 5141 5140 5139
f 5138 5149 5148
f 5140 5149 5138
f 5272 5265 5249
f 5265 5149 5249
f 5265 5148 5149
f 5265 5272 5596
f 5596 5272 5595
f 5623 5636 5595
f 5636 5596 5595
f 5636 5628 5596
f 5628 4299 4296
f 5636 4299 5628
f 4298 4012 4297
f 4296 4298 4297
f 4299 4298 4296
f 4003 4012 4298
f 676 5783 5769
f 676 5769 675
f 5164 5769 5318
f 5318 5769 5783
f 4012 4007 4297
f 3695 4007 4012
f 4003 3695 4012
f 3696 3695 4003
f 548 676 675
f 548 545 676
f 3694 3693 3697
f 3693 3696 3697
f 3693 3695 3696
f 3719 3694 3697
f 347 545 548
f 347 345 545
f 3694 3692 3693
f 3611 3692 3694
f 3719 3611 3694
f 3710 3611 3719
f 344 345 347
f 344 340 345
f 3710 3659 3611
f 3711 3659 3710
f 343 340 344
f 343 330 340
f 3711 3714 3659
f 3659 3714 3660
f 3662 3660 3714
f 3662 3714 3716
f 324 330 343
f 324 325 330
f 3716 3663 3662
f 3686 3663 3716
f 319 314 326
f 325 319 326
f 324 319 325
f 314 327 326
f 3686 3665 3663
f 3722 3665 3686
f 315 311 314
f 315 314 319
f 327 314 310
f 310 314 311
f 3722 3727 3665
f 3665 3727 3668
f 3632 3668 3727
f 3632 3727 3702
f 312 311 315
f 312 285 311
f 285 310 311
f 285 283 310
f 3702 3629 3632
f 3700 3629 3702
f 284 283 285
f 284 279 283
f 3700 3625 3629
f 3701 3625 3700
f 276 279 284
f 276 278 279
f 3701 3705 3625
f 3788 3705 3701
f 277 278 276
f 277 289 278
f 3788 3789 3705
f 203 3789 3788
f 275 289 277
f 275 292 289
f 203 202 3789
f 3789 202 3814
f 3815 3814 202
f 3815 202 3816
f 271 298 299
f 292 271 299
f 275 271 292
f 298 296 299
f 3816 3817 3815
f 3821 3817 3816
f 272 298 271
f 272 274 298
f 274 296 298
f 274 300 296
f 3821 3825 3817
f 3823 3825 3821
f 494 300 274
f 494 470 300
f 3823 3937 3825
f 3938 3937 3823
f 490 470 494
f 490 474 470
f 3954 3953 3917
f 3953 3938 3917
f 3953 3937 3938
f 3915 3954 3917
f 637 474 490
f 637 490 636
f 636 641 637
f 637 641 657
f 4429 4432 3954
f 4432 3953 3954
f 4432 4458 3953
f 4429 3954 3915
f 662 664 665
f 657 662 665
f 641 662 657
f 664 666 665
f 4432 4701 4458
f 4435 4701 4432
f 663 664 662
f 663 746 664
f 746 666 664
f 746 748 666
f 4696 4689 4698
f 4443 4696 4698
f 4701 4443 4698
f 4435 4443 4701
f 747 748 746
f 747 746 745
f 745 830 747
f 747 830 825
f 4452 4453 4696
f 4453 4689 4696
f 4453 4691 4689
f 4452 4696 4443
f 833 825 830
f 833 830 832
f 879 832 200
f 879 833 832
f 200 199 879
f 879 199 6647
f 4834 6625 4699
f 4699 6625 7204
f 4699 4691 4453
f 4699 4453 4834
f 6676 6647 199
f 6676 199 7148
f 6628 7148 6617
f 6628 6676 7148
f 6619 6617 6618
f 6619 6628 6617
f 6620 6618 6627
f 6620 6619 6618
f 6627 7204 6625
f 6627 6625 6620
f 5197 5234 5243
f 5197 5243 5249
f 5243 5536 5537
f 5234 5536 5243
f 5623 5537 5536
f 5623 5536 5622
f 5703 5143 5141
f 5703 5141 5318
f 5141 5142 5140
f 5143 5142 5141
f 5140 5146 5149
f 5142 5146 5140
f 5249 5149 5197
f 5197 5149 5146
f 5622 5624 5623
f 5623 5624 5636
f 5636 4322 4299
f 5624 4322 5636
f 4299 4300 4298
f 4322 4300 4299
f 4003 4298 4300
f 4003 4300 3975
f 686 5796 5783
f 686 5783 676
f 5318 5783 5703
f 5703 5783 5796
f 3975 3696 4003
f 3699 3696 3975
f 545 686 676
f 545 546 686
f 3699 3698 3696
f 3696 3698 3697
f 3719 3697 3698
f 3719 3698 3720
f 345 546 545
f 345 341 546
f 3720 3710 3719
f 3712 3710 3720
f 340 341 345
f 340 337 341
f 3712 3711 3710
f 3713 3711 3712
f 330 337 340
f 330 331 337
f 3713 3715 3711
f 3711 3715 3714
f 3716 3714 3715
f 3716 3715 3717
f 325 331 330
f 325 332 331
f 3717 3686 3716
f 3723 3686 3717
f 328 332 325
f 328 325 326
f 326 327 328
f 328 327 316
f 3723 3722 3686
f 3724 3722 3723
f 310 316 327
f 310 309 316
f 3724 3704 3722
f 3722 3704 3727
f 3702 3727 3704
f 3702 3704 3703
f 283 309 310
f 283 282 309
f 3703 3700 3702
f 3769 3700 3703
f 279 282 283
f 279 280 282
f 3769 3701 3700
f 3770 3701 3769
f 278 280 279
f 278 281 280
f 3770 3788 3701
f 3787 3788 3770
f 289 281 278
f 289 290 281
f 201 203 3820
f 203 3787 3820
f 203 3788 3787
f 3819 201 3820
f 292 294 293
f 290 292 293
f 289 292 290
f 294 295 293
f 201 202 203
f 3816 202 201
f 3819 3816 201
f 3818 3816 3819
f 299 294 292
f 299 296 294
f 296 295 294
f 296 297 295
f 3818 3821 3816
f 3822 3821 3818
f 300 297 296
f 300 453 297
f 3853 3823 3824
f 3823 3822 3824
f 3823 3821 3822
f 3854 3853 3824
f 470 453 300
f 470 468 453
f 3916 3938 3853
f 3853 3938 3823
f 3853 3854 3899
f 3853 3899 3916
f 474 468 470
f 474 471 468
f 3916 3917 3938
f 3915 3917 3916
f 3899 3915 3916
f 3913 3915 3899
f 638 471 474
f 638 474 637
f 637 657 638
f 638 657 656
f 4427 4428 4429
f 4429 4428 4432
f 4429 3915 3913
f 4429 3913 4427
f 667 656 657
f 667 657 665
f 665 666 667
f 667 666 673
f 4428 4435 4432
f 4436 4435 4428
f 748 750 749
f 673 748 749
f 666 748 673
f 750 751 749
f 4436 4443 4435
f 4442 4443 4436
f 747 750 748
f 836 824 825
f 825 824 747
f 824 751 747
f 751 750 747
f 836 850 824
f 4449 4451 4452
f 4452 4451 4453
f 4452 4443 4442
f 4452 4442 4449
f 833 836 825
f 837 850 836
f 833 837 836
f 879 837 833
f 879 6647 837
f 837 6647 6648
f 4835 6623 4834
f 4834 6623 6625
f 4834 4453 4451
f 4834 4451 4835
f 6649 6648 6647
f 6649 6647 6676
f 6700 6676 6628
f 6700 6649 6676
f 6622 6628 6619
f 6622 6700 6628
f 6621 6619 6620
f 6621 6622 6619
f 6620 6625 6623
f 6620 6623 6621
f 5162 5233 5234
f 5162 5234 5197
f 5234 5295 5536
f 5233 5295 5234
f 5561 5625 5622
f 5536 5561 5622
f 5295 5561 5536
f 5716 5625 5561
f 5704 5155 5143
f 5704 5143 5703
f 5143 5144 5142
f 5155 5144 5143
f 5142 5145 5146
f 5144 5145 5142
f 5197 5146 5162
f 5162 5146 5145
f 5625 5624 5622
f 5716 4350 5625
f 4350 5624 5625
f 4350 4322 5624
f 4322 4301 4300
f 4350 4301 4322
f 3975 4300 4301
f 3975 4301 3976
f 686 687 5796
f 687 697 5796
f 697 5703 5796
f 697 5704 5703
f 3912 3699 3951
f 3699 3976 3951
f 3699 3975 3976
f 3947 3912 3951
f 532 701 687
f 686 532 687
f 546 532 686
f 687 701 697
f 3912 3698 3699
f 3720 3698 3912
f 3947 3720 3912
f 3874 3720 3947
f 341 532 546
f 341 342 532
f 3904 3712 3873
f 3712 3874 3873
f 3712 3720 3874
f 3870 3904 3873
f 337 342 341
f 337 338 342
f 3903 3713 3904
f 3904 3713 3712
f 3904 3870 3867
f 3904 3867 3903
f 331 336 339
f 338 331 339
f 337 331 338
f 336 379 339
f 3903 3715 3713
f 3717 3715 3903
f 3867 3717 3903
f 3726 3717 3867
f 332 329 336
f 332 336 331
f 379 336 321
f 321 336 329
f 3726 3723 3717
f 3725 3723 3726
f 328 329 332
f 328 316 329
f 316 321 329
f 316 318 321
f 3725 3724 3723
f 3781 3724 3725
f 309 318 316
f 309 308 318
f 3781 3782 3724
f 3724 3782 3704
f 3703 3704 3782
f 3703 3782 3777
f 282 308 309
f 282 306 308
f 3777 3769 3703
f 3771 3769 3777
f 280 306 282
f 280 305 306
f 3771 3770 3769
f 3772 3770 3771
f 281 305 280
f 281 291 305
f 3772 3787 3770
f 3883 3787 3772
f 290 303 304
f 291 290 304
f 281 290 291
f 303 302 304
f 3883 3834 3787
f 3787 3834 3820
f 3819 3820 3834
f 3819 3834 3827
f 293 303 290
f 293 295 303
f 295 302 303
f 295 301 302
f 3827 3818 3819
f 3826 3818 3827
f 297 301 295
f 297 461 301
f 3826 3822 3818
f 3832 3822 3826
f 453 461 297
f 453 462 461
f 3832 3894 3822
f 3822 3894 3824
f 3854 3824 3894
f 3854 3894 3896
f 468 462 453
f 468 469 462
f 3896 3899 3854
f 3898 3899 3896
f 471 473 472
f 469 471 472
f 468 471 469
f 473 482 472
f 3898 3913 3899
f 3914 3913 3898
f 638 473 471
f 638 656 473
f 656 482 473
f 656 605 482
f 4425 4426 4427
f 4427 4426 4428
f 4427 3913 3914
f 4427 3914 4425
f 674 605 656
f 674 656 667
f 667 673 674
f 674 673 682
f 4426 4436 4428
f 4441 4436 4426
f 739 682 673
f 739 673 749
f 749 751 739
f 739 751 785
f 4441 4442 4436
f 4445 4442 4441
f 787 785 751
f 787 751 824
f 824 850 787
f 787 850 819
f 4448 4450 4449
f 4449 4450 4451
f 4449 4442 4445
f 4449 4445 4448
f 851 819 850
f 851 850 837
f 6651 6650 6648
f 6650 837 6648
f 6650 851 837
f 6651 6652 6650
f 6624 6623 4835
f 4455 6624 4835
f 4451 4455 4835
f 4450 4455 4451
f 6649 6651 6648
f 6673 6652 6651
f 6649 6673 6651
f 6700 6673 6649
f 6674 6700 6622
f 6674 6673 6700
f 7160 6622 6621
f 7160 6674 6622
f 6621 6623 6624
f 6626 6621 6624
f 7160 6621 6626
f 6626 6624 4455
f 5192 5235 5233
f 5192 5233 5162
f 5233 5276 5295
f 5235 5276 5233
f 5295 5296 5561
f 5276 5296 5295
f 5716 5561 5296
f 5716 5296 5664
f 5704 5317 5155
f 5155 5317 5292
f 5157 5155 5292
f 5144 5155 5157
f 5144 5147 5145
f 5157 5147 5144
f 5162 5145 5192
f 5192 5145 5147
f 5664 5715 5716
f 5716 5715 4350
f 4350 4302 4301
f 5715 4302 4350
f 3976 4301 4302
f 3976 4302 4303
f 696 5688 5317
f 5704 696 5317
f 697 696 5704
f 5317 5688 5292
f 4303 4014 3976
f 3976 4014 3951
f 3947 3951 4014
f 3947 4014 3876
f 532 549 701
f 549 578 701
f 578 697 701
f 578 696 697
f 3872 3874 3875
f 3874 3876 3875
f 3874 3947 3876
f 3871 3872 3875
f 342 448 549
f 342 549 532
f 578 549 449
f 449 549 448
f 3872 3873 3874
f 3870 3873 3872
f 3871 3870 3872
f 3868 3870 3871
f 338 446 448
f 338 448 342
f 449 448 447
f 447 448 446
f 3868 3867 3870
f 3863 3867 3868
f 339 446 338
f 339 379 446
f 379 447 446
f 379 378 447
f 3863 3726 3867
f 3862 3726 3863
f 321 378 379
f 321 323 378
f 3862 3725 3726
f 3783 3725 3862
f 318 323 321
f 318 322 323
f 3779 3781 3780
f 3781 3783 3780
f 3781 3725 3783
f 3778 3779 3780
f 308 322 318
f 308 307 322
f 3779 3782 3781
f 3777 3782 3779
f 3778 3777 3779
f 3775 3777 3778
f 306 307 308
f 306 459 307
f 3775 3771 3777
f 3774 3771 3775
f 305 450 458
f 459 305 458
f 306 305 459
f 450 467 458
f 3774 3772 3771
f 3773 3772 3774
f 291 416 450
f 291 450 305
f 467 450 466
f 466 450 416
f 3773 3883 3772
f 3940 3883 3773
f 304 416 291
f 304 302 416
f 302 466 416
f 302 465 466
f 3940 3833 3883
f 3883 3833 3834
f 3827 3834 3833
f 3827 3833 3828
f 301 465 302
f 301 464 465
f 3828 3826 3827
f 3829 3826 3828
f 461 464 301
f 461 463 464
f 3829 3832 3826
f 3836 3832 3829
f 462 463 461
f 462 475 463
f 3836 3895 3832
f 3832 3895 3894
f 3896 3894 3895
f 3896 3895 3897
f 469 477 476
f 475 469 476
f 462 469 475
f 477 485 476
f 3897 3898 3896
f 3900 3898 3897
f 472 477 469
f 472 482 477
f 482 485 477
f 482 501 485
f 3900 3914 3898
f 3986 3914 3900
f 605 604 603
f 501 605 603
f 482 605 501
f 604 602 603
f 4431 4430 4425
f 4425 4430 4426
f 4425 3914 3986
f 4425 3986 4431
f 674 604 605
f 674 682 604
f 682 602 604
f 682 740 602
f 4430 4441 4426
f 4437 4441 4430
f 741 740 682
f 741 682 739
f 739 785 741
f 741 785 784
f 4437 4445 4441
f 4439 4445 4437
f 786 784 785
f 786 785 787
f 787 819 786
f 786 819 795
f 4444 4454 4448
f 4448 4454 4450
f 4448 4445 4439
f 4448 4439 4444
f 815 795 819
f 815 819 851
f 6675 851 6650
f 6675 815 851
f 6654 6653 6652
f 6653 6650 6652
f 6653 6675 6650
f 6654 6655 6653
f 4475 7201 7253
f 4454 4475 7253
f 4455 4454 7253
f 4450 4454 4455
f 6673 6654 6652
f 6670 6655 6654
f 6673 6670 6654
f 6674 6670 6673
f 6706 6674 7160
f 6706 6670 6674
f 6626 7253 7201
f 6706 6626 7201
f 7160 6626 6706
f 7253 6626 4455
f 5192 5268 5235
f 5281 5276 5235
f 5281 5235 5268
f 5276 5281 5282
f 5285 5276 5282
f 5296 5276 5285
f 5664 5296 5285
f 5664 5285 5662
f 5293 5169 5157
f 5293 5157 5292
f 5157 5168 5147
f 5169 5168 5157
f 5192 5147 5268
f 5147 5266 5268
f 5147 5168 5266
f 5268 5266 5281
f 5281 5266 5283
f 5281 5283 5282
f 5662 5663 5664
f 5664 5663 5715
f 5715 4305 4302
f 5663 4305 5715
f 4303 4302 4305
f 4303 4305 4304
f 685 5773 5688
f 685 5688 696
f 5292 5688 5293
f 5293 5688 5773
f 4304 4030 4303
f 4303 4030 4014
f 3876 4014 4030
f 3876 4030 3890
f 578 685 696
f 578 587 685
f 3890 3889 3876
f 3876 3889 3875
f 3871 3875 3889
f 3871 3889 3869
f 449 587 578
f 449 496 587
f 3869 3868 3871
f 3866 3868 3869
f 447 496 449
f 447 451 496
f 3866 3863 3868
f 3864 3863 3866
f 378 451 447
f 378 419 451
f 3864 3862 3863
f 3865 3862 3864
f 323 419 378
f 323 483 419
f 3785 3783 3877
f 3783 3865 3877
f 3783 3862 3865
f 3786 3785 3877
f 322 483 323
f 322 460 483
f 3785 3780 3783
f 3778 3780 3785
f 3786 3778 3785
f 3784 3778 3786
f 307 204 206
f 460 307 206
f 322 307 460
f 204 205 206
f 3784 3775 3778
f 3776 3775 3784
f 459 488 204
f 459 204 307
f 205 204 489
f 489 204 488
f 3776 3774 3775
f 3811 3774 3776
f 458 488 459
f 458 467 488
f 467 489 488
f 467 500 489
f 3811 3773 3774
f 3952 3773 3811
f 466 500 467
f 466 491 500
f 3835 3940 3901
f 3940 3952 3901
f 3940 3773 3952
f 3831 3835 3901
f 465 491 466
f 465 492 491
f 3835 3833 3940
f 3828 3833 3835
f 3831 3828 3835
f 3830 3828 3831
f 464 492 465
f 464 480 492
f 3830 3829 3828
f 3837 3829 3830
f 463 478 479
f 480 463 479
f 464 463 480
f 478 481 479
f 3837 3836 3829
f 3966 3836 3837
f 475 495 478
f 475 478 463
f 481 478 493
f 493 478 495
f 3966 3963 3836
f 3836 3963 3895
f 3897 3895 3963
f 3897 3963 3962
f 476 495 475
f 476 485 495
f 485 493 495
f 485 505 493
f 3962 3900 3897
f 3964 3900 3962
f 501 505 485
f 501 538 505
f 3964 3986 3900
f 4446 3986 3964
f 601 538 501
f 601 501 603
f 603 602 601
f 601 602 596
f 4434 4433 4431
f 4431 4433 4430
f 4431 3986 4446
f 4431 4446 4434
f 740 760 761
f 596 740 761
f 602 740 596
f 760 763 761
f 4433 4437 4430
f 4438 4437 4433
f 741 760 740
f 207 209 784
f 784 209 741
f 209 763 741
f 763 760 741
f 207 208 209
f 4438 4439 4437
f 4440 4439 4438
f 786 207 784
f 786 795 207
f 795 208 207
f 795 794 208
f 4457 4459 4444
f 4444 4459 4454
f 4444 4439 4440
f 4444 4440 4457
f 796 794 795
f 796 795 815
f 6671 815 6675
f 6671 796 815
f 6658 6675 6653
f 6658 6671 6675
f 6657 6656 6655
f 6656 6653 6655
f 6656 6658 6653
f 7200 6705 6657
f 6657 6705 6656
f 7201 4475 7200
f 4475 6705 7200
f 4475 7222 6705
f 4475 4454 4459
f 4475 4459 7222
f 6670 6657 6655
f 6657 6670 6706
f 6657 6706 7200
f 7200 6706 7201
f 5282 5303 5285
f 5303 5662 5285
f 5293 5649 5169
f 5169 5649 5635
f 5300 5169 5635
f 5168 5169 5300
f 5168 5275 5266
f 5300 5275 5168
f 5266 5284 5283
f 5275 5284 5266
f 5282 5283 5303
f 5283 5304 5303
f 5283 5284 5304
f 5303 5304 5662
f 5304 5663 5662
f 5304 5742 5663
f 5663 4339 4305
f 5742 4339 5663
f 4304 4305 4339
f 4304 4339 4331
f 685 782 5773
f 782 856 5773
f 5773 856 5293
f 856 5741 5293
f 5741 5649 5293
f 5649 5741 5635
f 4331 4306 4304
f 4304 4306 4030
f 3890 4030 4306
f 3890 4306 4031
f 678 771 782
f 685 678 782
f 587 678 685
f 782 771 856
f 3889 3890 4015
f 3890 4016 4015
f 3890 4031 4016
f 4015 3869 3889
f 496 678 587
f 496 566 678
f 4016 4017 4015
f 3869 4015 4017
f 4006 3869 4017
f 3866 3869 4006
f 451 566 496
f 451 536 566
f 4006 3864 3866
f 4002 3864 4006
f 419 536 451
f 419 511 536
f 4002 3865 3864
f 4001 3865 4002
f 483 511 419
f 483 508 511
f 4001 212 3865
f 3865 212 3877
f 3786 3877 212
f 3786 212 211
f 460 510 509
f 508 460 509
f 483 460 508
f 510 534 509
f 211 3784 3786
f 3967 3784 211
f 206 510 460
f 206 205 510
f 205 534 510
f 205 533 534
f 3967 3776 3784
f 3974 3776 3967
f 489 533 205
f 489 539 533
f 3974 3811 3776
f 3972 3811 3974
f 500 539 489
f 500 556 539
f 3972 3952 3811
f 3973 3952 3972
f 491 556 500
f 491 526 556
f 3901 3952 3978
f 3952 3977 3978
f 3952 3973 3977
f 3978 3831 3901
f 492 503 525
f 526 492 525
f 491 492 526
f 503 523 525
f 3977 3979 3978
f 3831 3978 3979
f 3981 3831 3979
f 3830 3831 3981
f 480 502 503
f 480 503 492
f 523 503 524
f 524 503 502
f 3981 3837 3830
f 3983 3837 3981
f 479 502 480
f 479 481 502
f 481 524 502
f 481 537 524
f 3983 3966 3837
f 4000 3966 3983
f 493 537 481
f 493 535 537
f 3963 3966 4024
f 3966 4019 4024
f 3966 4000 4019
f 4024 3962 3963
f 505 535 493
f 505 552 535
f 4024 4019 4023
f 4023 4019 4021
f 4023 3964 3962
f 4023 3962 4024
f 538 554 553
f 552 538 553
f 505 538 552
f 554 555 553
f 4023 4021 4026
f 4026 4021 4025
f 4026 4446 3964
f 4026 3964 4023
f 601 554 538
f 601 596 554
f 596 555 554
f 596 597 555
f 4026 4025 4434
f 4025 4433 4434
f 4025 4456 4433
f 4026 4434 4446
f 762 597 596
f 762 596 761
f 761 763 762
f 762 763 766
f 4456 4438 4433
f 4447 4438 4456
f 788 766 763
f 788 763 209
f 209 208 788
f 788 208 789
f 4468 4479 4467
f 4447 4468 4467
f 4440 4447 4467
f 4438 4447 4440
f 794 797 793
f 789 794 793
f 208 794 789
f 797 897 793
f 4480 7153 4478
f 4480 4478 4479
f 4479 4478 4467
f 4478 4459 4467
f 4459 4457 4467
f 4467 4457 4440
f 796 797 794
f 893 897 797
f 796 893 797
f 6671 893 796
f 6660 6671 6658
f 6660 893 6671
f 6659 6658 6656
f 6659 6660 6658
f 6672 6656 6705
f 6672 6659 6656
f 7222 4478 7153
f 6672 7222 7153
f 6705 7222 6672
f 4478 7222 4459
f 5635 5714 5300
f 5300 5714 5713
f 5706 5300 5713
f 5275 5300 5706
f 5275 5686 5284
f 5706 5686 5275
f 5284 5730 5304
f 5686 5730 5284
f 5304 4360 5742
f 5730 4360 5304
f 4360 7328 4357
f 4339 4360 4357
f 5742 4360 4339
f 4357 4331 4339
f 915 5797 5741
f 915 5741 856
f 5635 5741 5714
f 5741 5758 5714
f 5741 5797 5758
f 5714 5758 5713
f 7328 4358 4357
f 4358 4359 4355
f 4358 4355 4306
f 4357 4358 4306
f 4331 4357 4306
f 4355 4031 4306
f 678 695 771
f 695 718 771
f 718 856 771
f 718 915 856
f 4359 4356 4355
f 4031 4355 4356
f 4059 4031 4356
f 4016 4031 4059
f 566 607 695
f 566 695 678
f 718 695 683
f 683 695 607
f 4017 4016 4036
f 4016 4055 4036
f 4016 4059 4055
f 4036 4006 4017
f 536 574 607
f 536 607 566
f 683 607 625
f 625 607 574
f 4036 4055 4052
f 4052 4055 4054
f 4052 4002 4006
f 4052 4006 4036
f 511 541 574
f 511 574 536
f 625 574 581
f 581 574 541
f 4054 4053 4052
f 4002 4052 4053
f 4058 4002 4053
f 4001 4002 4058
f 508 540 541
f 508 541 511
f 581 541 571
f 571 541 540
f 212 4001 210
f 4001 4039 210
f 4001 4058 4039
f 210 211 212
f 509 540 508
f 509 534 540
f 534 571 540
f 534 586 571
f 210 4039 4034
f 4034 4039 4040
f 4034 3967 211
f 4034 211 210
f 533 586 534
f 533 584 586
f 4040 4041 4034
f 3967 4034 4041
f 4032 3967 4041
f 3974 3967 4032
f 539 577 580
f 584 539 580
f 533 539 584
f 577 610 580
f 4032 3972 3974
f 4011 3972 4032
f 556 576 577
f 556 577 539
f 610 577 609
f 609 577 576
f 4011 3973 3972
f 3985 3973 4011
f 526 579 576
f 526 576 556
f 609 576 615
f 615 576 579
f 3985 3977 3973
f 3984 3977 3985
f 525 579 526
f 525 523 579
f 523 615 579
f 523 616 615
f 3984 3980 3977
f 3977 3980 3979
f 3981 3979 3980
f 3981 3980 3982
f 524 616 523
f 524 624 616
f 3982 3983 3981
f 4009 3983 3982
f 537 624 524
f 537 623 624
f 4009 4000 3983
f 4010 4000 4009
f 535 595 647
f 623 535 647
f 537 535 623
f 595 681 647
f 4010 4019 4000
f 4020 4019 4010
f 552 592 595
f 552 595 535
f 681 595 593
f 593 595 592
f 4020 4021 4019
f 4022 4021 4020
f 553 592 552
f 553 555 592
f 555 593 592
f 555 594 593
f 4022 4025 4021
f 4460 4025 4022
f 597 599 598
f 594 597 598
f 555 597 594
f 599 600 598
f 4460 4456 4025
f 4464 4456 4460
f 762 599 597
f 762 766 599
f 766 600 599
f 766 801 600
f 4465 4466 4469
f 4464 4465 4469
f 4447 4464 4469
f 4456 4464 4447
f 790 801 766
f 790 766 788
f 788 789 790
f 790 789 791
f 4471 7152 4472
f 4471 4472 4466
f 4466 4472 4469
f 4472 4479 4469
f 4479 4468 4469
f 4469 4468 4447
f 792 791 789
f 792 789 793
f 898 908 897
f 908 793 897
f 908 792 793
f 6661 6664 898
f 898 6664 908
f 6662 6663 6661
f 6661 6663 6664
f 7151 6669 6662
f 6662 6669 6663
f 6669 7151 7152
f 7152 7151 4472
f 7151 7153 4472
f 7153 4480 4472
f 4472 4480 4479
f 893 898 897
f 898 893 6660
f 898 6660 6661
f 6661 6660 6659
f 6661 6659 6662
f 6662 6659 6672
f 6662 6672 7151
f 7151 6672 7153
f 5713 5801 5706
f 5803 5686 5706
f 5803 5706 5801
f 7423 5730 5686
f 7423 5686 5803
f 7329 4360 5730
f 7329 5730 7423
f 7329 7328 4360
f 915 922 5797
f 7433 5758 5797
f 7433 5797 922
f 5801 5713 5758
f 7433 5801 5758
f 7419 5801 7433
f 5801 7420 5803
f 5801 7419 7420
f 5803 7422 7423
f 5803 7420 7422
f 7423 7438 7329
f 7423 7422 7438
f 7327 4358 7328
f 7329 7327 7328
f 7438 7327 7329
f 7327 4359 4358
f 718 845 922
f 718 922 915
f 7417 7433 7424
f 7433 845 7424
f 7433 922 845
f 7433 7417 7419
f 7419 7417 7418
f 7419 7418 7420
f 7420 7418 7421
f 7420 7421 7422
f 7422 7421 7452
f 7422 7452 7438
f 7438 7452 7451
f 7445 7330 7451
f 7330 7438 7451
f 7330 7327 7438
f 7326 4356 4359
f 7327 7326 4359
f 7330 7326 7327
f 7326 4059 4356
f 683 844 845
f 683 845 718
f 7424 845 7425
f 7425 845 844
f 7445 7432 7330
f 7322 7324 7432
f 7324 7330 7432
f 7324 7326 7330
f 7324 4055 4059
f 7324 4059 7326
f 625 812 844
f 625 844 683
f 7425 844 7443
f 7443 844 812
f 7324 7322 7323
f 7323 7322 7316
f 7323 4054 4055
f 7323 4055 7324
f 581 759 812
f 581 812 625
f 7443 812 895
f 895 812 759
f 7323 7316 215
f 215 7316 213
f 7325 4053 4054
f 7323 7325 4054
f 215 7325 7323
f 7325 4058 4053
f 571 709 759
f 571 759 581
f 895 759 849
f 849 759 709
f 213 214 215
f 7333 7331 214
f 7331 215 214
f 7331 7325 215
f 7331 4039 4058
f 7331 4058 7325
f 586 680 709
f 586 709 571
f 849 709 820
f 820 709 680
f 7331 7333 7332
f 7332 7333 7334
f 7332 4040 4039
f 7332 4039 7331
f 584 679 680
f 584 680 586
f 820 680 821
f 821 680 679
f 7334 7335 7332
f 7335 7454 7336
f 7335 7336 4041
f 7332 7335 4041
f 4040 7332 4041
f 7336 4032 4041
f 580 679 584
f 783 829 610
f 610 829 580
f 829 821 580
f 821 679 580
f 783 7385 829
f 7336 7454 7337
f 7337 7454 7321
f 7337 4011 4032
f 7337 4032 7336
f 609 768 783
f 609 783 610
f 7385 783 7383
f 7383 783 768
f 7337 7321 7430
f 7430 7321 7291
f 7430 3985 4011
f 7430 4011 7337
f 615 767 768
f 615 768 609
f 7383 768 7384
f 7384 768 767
f 7430 7291 7453
f 7453 7291 7297
f 7453 3984 3985
f 7453 3985 7430
f 616 755 767
f 616 767 615
f 7384 767 871
f 871 767 755
f 7297 4061 7453
f 4061 4060 4056
f 4061 4056 3980
f 7453 4061 3980
f 3984 7453 3980
f 4056 3982 3980
f 624 216 755
f 624 755 616
f 871 755 870
f 870 755 216
f 4060 4057 4056
f 3982 4056 4057
f 4029 3982 4057
f 4009 3982 4029
f 623 694 216
f 623 216 624
f 870 216 218
f 216 217 218
f 216 694 217
f 217 219 218
f 4029 4010 4009
f 4027 4010 4029
f 647 694 623
f 694 647 681
f 706 694 681
f 217 694 706
f 219 217 220
f 220 217 706
f 4027 4020 4010
f 4028 4020 4027
f 593 658 706
f 593 706 681
f 220 706 859
f 859 706 658
f 4028 4022 4020
f 4461 4022 4028
f 594 608 658
f 594 658 593
f 859 658 716
f 716 658 608
f 4477 4474 4462
f 4461 4477 4462
f 4460 4461 4462
f 4022 4461 4460
f 598 608 594
f 598 600 608
f 600 716 608
f 600 717 716
f 4462 4474 4463
f 4463 4474 4473
f 4463 4464 4460
f 4463 4460 4462
f 801 802 803
f 717 801 803
f 600 801 717
f 802 804 803
f 4485 7397 4470
f 4485 4470 4473
f 4473 4470 4463
f 4470 4466 4463
f 4466 4465 4463
f 4463 4465 4464
f 790 802 801
f 810 811 791
f 791 811 790
f 811 804 790
f 804 802 790
f 810 925 811
f 7431 6666 6667
f 7180 7398 6667
f 6667 7398 7431
f 7398 7180 7397
f 7397 7180 4470
f 7180 7152 4470
f 7152 4471 4470
f 4470 4471 4466
f 792 810 791
f 921 925 810
f 792 921 810
f 908 921 792
f 6665 908 6664
f 6665 921 908
f 6663 6667 6666
f 6665 6663 6666
f 6664 6663 6665
f 6667 6663 6669
f 6667 6669 7180
f 7180 6669 7152
f 7424 7416 7417
f 7415 7418 7417
f 7415 7417 7416
f 7427 7421 7418
f 7427 7418 7415
f 7409 7452 7421
f 7409 7421 7427
f 7410 7451 7452
f 7410 7452 7409
f 7410 7445 7451
f 7425 7426 7416
f 7425 7416 7424
f 7416 7414 7415
f 7416 7426 7414
f 7415 7313 7427
f 7415 7414 7313
f 7427 7310 7409
f 7427 7313 7310
f 7409 7314 7410
f 7409 7310 7314
f 7406 7432 7445
f 7410 7406 7445
f 7314 7406 7410
f 7406 7322 7432
f 7443 7449 7426
f 7443 7426 7425
f 7426 7412 7414
f 7426 7449 7412
f 7414 7308 7313
f 7414 7412 7308
f 7313 7307 7310
f 7313 7308 7307
f 7310 7309 7314
f 7310 7307 7309
f 7314 7312 7406
f 7314 7309 7312
f 7312 7316 7322
f 7312 7322 7406
f 895 7446 7449
f 895 7449 7443
f 7449 7435 7412
f 7449 7446 7435
f 7412 7318 7308
f 7412 7435 7318
f 7308 7305 7307
f 7308 7318 7305
f 7307 7306 7309
f 7307 7305 7306
f 7309 7311 7312
f 7309 7306 7311
f 7311 213 7316
f 7311 7316 7312
f 849 7441 7446
f 849 7446 895
f 7446 7407 7435
f 7446 7441 7407
f 7435 7304 7318
f 7435 7407 7304
f 7318 7302 7305
f 7318 7304 7302
f 7305 7303 7306
f 7305 7302 7303
f 7306 7319 7311
f 7306 7303 7319
f 7317 214 213
f 7311 7317 213
f 7319 7317 7311
f 7317 7333 214
f 820 888 7441
f 820 7441 849
f 7441 7339 7407
f 7441 888 7339
f 7407 7320 7304
f 7407 7339 7320
f 7304 7301 7302
f 7304 7320 7301
f 7302 7300 7303
f 7302 7301 7300
f 7303 7413 7319
f 7303 7300 7413
f 7319 7450 7317
f 7319 7413 7450
f 7450 7334 7333
f 7450 7333 7317
f 821 887 888
f 821 888 820
f 888 7340 7339
f 888 887 7340
f 7339 7338 7320
f 7339 7340 7338
f 7320 7315 7301
f 7320 7338 7315
f 7301 7299 7300
f 7301 7315 7299
f 7300 7292 7413
f 7300 7299 7292
f 7413 7296 7450
f 7413 7292 7296
f 7408 7335 7334
f 7450 7408 7334
f 7296 7408 7450
f 7408 7454 7335
f 829 887 821
f 887 829 7385
f 7342 887 7385
f 7340 887 7342
f 7340 7341 7338
f 7340 7342 7341
f 7338 7400 7315
f 7338 7341 7400
f 7315 7436 7299
f 7315 7400 7436
f 7299 7281 7292
f 7299 7436 7281
f 7292 7283 7296
f 7292 7281 7283
f 7296 7286 7408
f 7296 7283 7286
f 7286 7321 7454
f 7286 7454 7408
f 7383 7382 7342
f 7383 7342 7385
f 7342 7343 7341
f 7342 7382 7343
f 7341 7344 7400
f 7341 7343 7344
f 7400 7381 7436
f 7400 7344 7381
f 7436 7295 7281
f 7436 7381 7295
f 7281 7282 7283
f 7281 7295 7282
f 7283 7284 7286
f 7283 7282 7284
f 7284 7291 7321
f 7284 7321 7286
f 7384 7444 7382
f 7384 7382 7383
f 7382 7437 7343
f 7382 7444 7437
f 7343 7345 7344
f 7343 7437 7345
f 7344 7346 7381
f 7344 7345 7346
f 7381 7428 7295
f 7381 7346 7428
f 7295 7287 7282
f 7295 7428 7287
f 7282 7285 7284
f 7282 7287 7285
f 7285 7297 7291
f 7285 7291 7284
f 871 7356 7444
f 871 7444 7384
f 7444 7358 7437
f 7444 7356 7358
f 7437 7349 7345
f 7437 7358 7349
f 7345 7347 7346
f 7345 7349 7347
f 7346 7348 7428
f 7346 7347 7348
f 7428 7290 7287
f 7428 7348 7290
f 7287 7288 7285
f 7287 7290 7288
f 7289 4061 7297
f 7285 7289 7297
f 7288 7289 7285
f 7289 4060 4061
f 870 221 7356
f 870 7356 871
f 7356 7354 7358
f 7356 221 7354
f 7358 7351 7349
f 7358 7354 7351
f 7349 7350 7347
f 7349 7351 7350
f 7347 7380 7348
f 7347 7350 7380
f 7348 7434 7290
f 7348 7380 7434
f 7290 7298 7288
f 7290 7434 7298
f 7288 7293 7289
f 7288 7298 7293
f 7294 4057 4060
f 7289 7294 4060
f 7293 7294 7289
f 7294 4029 4057
f 218 221 870
f 221 218 219
f 7355 221 219
f 7354 221 7355
f 7354 7353 7351
f 7354 7355 7353
f 7351 7352 7350
f 7351 7353 7352
f 7350 7357 7380
f 7350 7352 7357
f 7380 7379 7434
f 7380 7357 7379
f 7434 7389 7298
f 7434 7379 7389
f 7298 7440 7293
f 7298 7389 7440
f 7293 4484 7294
f 7293 7440 4484
f 4484 4027 4029
f 4484 4029 7294
f 220 7447 7355
f 220 7355 219
f 7355 7429 7353
f 7355 7447 7429
f 7359 7352 7360
f 7352 7429 7360
f 7352 7353 7429
f 7352 7359 7357
f 7357 7359 7378
f 7357 7378 7379
f 7379 7378 7387
f 7401 7388 7387
f 7388 7379 7387
f 7388 7389 7379
f 7389 7390 7440
f 7389 7388 7390
f 7440 4481 4484
f 7440 7390 4481
f 4481 4028 4027
f 4481 4027 4484
f 859 864 7447
f 859 7447 220
f 7362 7429 7364
f 7429 864 7364
f 7429 7447 864
f 7429 7362 7360
f 7401 7393 7388
f 7394 7391 7393
f 7391 7388 7393
f 7391 7390 7388
f 7390 4476 4481
f 7390 7391 4476
f 4476 4461 4028
f 4476 4028 4481
f 716 840 864
f 716 864 859
f 7364 864 7365
f 7365 864 840
f 7442 7399 7392
f 7442 7392 7394
f 7392 7391 7394
f 7392 4482 7391
f 4482 4474 4477
f 4476 4482 4477
f 7391 4482 4476
f 4476 4477 4461
f 717 841 840
f 717 840 716
f 7365 840 224
f 224 840 841
f 7392 7399 7395
f 7395 7399 7439
f 7392 4483 4482
f 7392 7395 4483
f 4483 4473 4474
f 4483 4474 4482
f 803 841 717
f 892 222 804
f 804 222 803
f 222 224 803
f 224 841 803
f 7374 7376 892
f 892 7376 222
f 7373 7370 7374
f 7374 7370 7376
f 7375 7371 7373
f 7373 7371 7370
f 7371 7375 7439
f 7375 7395 7439
f 7375 7396 7395
f 7396 7397 4485
f 4483 7396 4485
f 7395 7396 4483
f 4483 4485 4473
f 811 892 804
f 892 811 925
f 926 892 925
f 7374 892 926
f 7374 6668 7373
f 7374 926 6668
f 6668 6666 7431
f 7375 6668 7431
f 7373 6668 7375
f 7375 7431 7398
f 7375 7398 7396
f 7396 7398 7397
f 921 926 925
f 926 921 6665
f 926 6665 6668
f 6668 6665 6666
f 7360 7361 7359
f 7386 7378 7359
f 7386 7359 7361
f 7404 7387 7378
f 7404 7378 7386
f 7404 7401 7387
f 7364 7363 7362
f 7361 7360 7362
f 7363 7361 7362
f 7411 7361 7363
f 7361 7402 7386
f 7361 7411 7402
f 7386 7403 7404
f 7386 7402 7403
f 7448 7393 7401
f 7404 7448 7401
f 7403 7448 7404
f 7448 7394 7393
f 7365 7366 7363
f 7365 7363 7364
f 7363 7367 7411
f 7363 7366 7367
f 7411 7377 7402
f 7411 7367 7377
f 7402 7405 7403
f 7402 7377 7405
f 7405 7399 7442
f 7448 7405 7442
f 7403 7405 7448
f 7448 7442 7394
f 224 223 7366
f 224 7366 7365
f 7366 7368 7367
f 7366 223 7368
f 7367 7369 7377
f 7367 7368 7369
f 7377 7372 7405
f 7377 7369 7372
f 7372 7439 7399
f 7372 7399 7405
f 222 223 224
f 223 222 7376
f 223 7376 7368
f 7368 7376 7370
f 7368 7370 7369
f 7369 7370 7371
f 7369 7371 7372
f 7372 7371 7439

