# https://github.com/mikedh/trimesh
v -0.04626146 -0.06867108 -0.01212261
v -0.04637029 -0.06864163 -0.01212897
v -0.04628117 -0.06866201 -0.01195731
v -0.04603867 -0.06854699 -0.01411778
v -0.04678182 -0.06834683 -0.01416143
v -0.04582641 -0.06829615 -0.01609244
v -0.04675507 -0.06802378 -0.01614319
v -0.04564550 -0.06766846 -0.01800609
v -0.04577266 -0.06763915 -0.01801440
v -0.04563956 -0.06761642 -0.01808641
v -0.04599435 -0.06861740 -0.01208549
v -0.04412630 -0.06825365 -0.01337273
v -0.04407030 -0.06824696 -0.01386055
v -0.04385559 -0.06802560 -0.01583997
v -0.04376743 -0.06766882 -0.01680087
v -0.04536083 -0.06761261 -0.01796676
v -0.04393026 -0.06816306 -0.01383157
v -0.04344363 -0.06781038 -0.01576013
v -0.04856940 -0.06769118 -0.01015737
v -0.04946117 -0.06718392 -0.01016419
v -0.04876902 -0.06737864 -0.00860577
v -0.04832613 -0.06781319 -0.01219239
v -0.04981082 -0.06688512 -0.01218948
v -0.04809534 -0.06778529 -0.01420314
v -0.04975641 -0.06656029 -0.01416804
v -0.04788717 -0.06748525 -0.01616983
v -0.04954516 -0.06622536 -0.01612846
v -0.04772782 -0.06659841 -0.01804152
v -0.04862989 -0.06584505 -0.01800743
v -0.04768663 -0.06561471 -0.01894565
v -0.04700273 -0.06816709 -0.00599522
v -0.04809189 -0.06773832 -0.00603609
v -0.04724454 -0.06799759 -0.00399924
v -0.04675298 -0.06836710 -0.00804287
v -0.04859759 -0.06744959 -0.00807944
v -0.04650748 -0.06851598 -0.01008223
v -0.04559548 -0.06546699 -0.01966496
v -0.04590319 -0.06534800 -0.01967687
v -0.04559708 -0.06531281 -0.01973701
v -0.04524781 -0.06810355 -0.00376101
v -0.04715255 -0.06799911 -0.00394258
v -0.04535739 -0.06802551 -0.00285723
v -0.04501433 -0.06810791 -0.00577698
v -0.04477549 -0.06817675 -0.00780339
v -0.04454369 -0.06816088 -0.00981608
v -0.04430553 -0.06822153 -0.01184116
v -0.04368798 -0.06723802 -0.01772774
v -0.04361649 -0.06529472 -0.01942841
v -0.04361584 -0.06518739 -0.01949385
v -0.04472149 -0.06784244 -0.00366137
v -0.04380564 -0.06746209 -0.00554028
v -0.04302698 -0.06709059 -0.00743506
v -0.04268976 -0.06674753 -0.00938090
v -0.04264798 -0.06671345 -0.00957000
v -0.04244894 -0.06657759 -0.01136637
v -0.04220617 -0.06669359 -0.01340041
v -0.04197255 -0.06669968 -0.01541666
v -0.04180598 -0.06589961 -0.01730240
v -0.04176034 -0.06526690 -0.01804945
v -0.04343526 -0.06518896 -0.01939139
v -0.04208524 -0.06638725 -0.01129582
v -0.04111891 -0.06600365 -0.01316889
v -0.04058911 -0.06564818 -0.01509246
v -0.04109930 -0.06535974 -0.01713633
v -0.05071606 -0.06584756 -0.01006757
v -0.05125701 -0.06532143 -0.01003445
v -0.05096485 -0.06561938 -0.00804388
v -0.05048750 -0.06579267 -0.01207395
v -0.05110127 -0.06499006 -0.01200128
v -0.05025566 -0.06577741 -0.01408675
v -0.05114703 -0.06467169 -0.01399143
v -0.05004441 -0.06551449 -0.01605945
v -0.05099967 -0.06434087 -0.01595923
v -0.04992443 -0.06415417 -0.01785449
v -0.05006588 -0.06395937 -0.01783607
v -0.04992097 -0.06391822 -0.01801581
v -0.04979007 -0.06702884 0.00002618
v -0.05027079 -0.06686449 0.00000389
v -0.04988778 -0.06696744 0.00083661
v -0.04955511 -0.06705107 -0.00199269
v -0.05089564 -0.06658343 -0.00205324
v -0.04931622 -0.06712049 -0.00401919
v -0.05106632 -0.06627311 -0.00405783
v -0.04907934 -0.06716569 -0.00604177
v -0.05108249 -0.06595283 -0.00604456
v -0.04883770 -0.06726812 -0.00807362
v -0.05096287 -0.06562379 -0.00801557
v -0.04768612 -0.06429692 -0.01968420
v -0.04835310 -0.06352766 -0.01962279
v -0.04769524 -0.06339436 -0.02010821
v -0.04821369 -0.06762151 0.00416942
v -0.04882559 -0.06741400 0.00414077
v -0.04836514 -0.06758939 0.00546073
v -0.04798093 -0.06761722 0.00215485
v -0.04947439 -0.06713449 0.00208087
v -0.04774437 -0.06765866 0.00013288
v -0.04750099 -0.06778205 -0.00190236
v -0.04725041 -0.06799203 -0.00395162
v -0.04562754 -0.06312807 -0.02069083
v -0.04644632 -0.06770773 0.00637940
v -0.04736589 -0.06764126 0.00629447
v -0.04652145 -0.06768815 0.00701797
v -0.04620570 -0.06779792 0.00434953
v -0.04597564 -0.06776116 0.00234022
v -0.04573966 -0.06779564 0.00031937
v -0.04549803 -0.06789800 -0.00171247
v -0.04362086 -0.06296120 -0.02069064
v -0.04573218 -0.06753597 0.00648345
v -0.04428686 -0.06714987 0.00484102
v -0.04426649 -0.06714734 0.00466352
v -0.04404834 -0.06696735 0.00267739
v -0.04383359 -0.06674658 0.00069787
v -0.04359408 -0.06682344 -0.00132984
v -0.04335734 -0.06686700 -0.00335216
v -0.04311866 -0.06693380 -0.00537824
v -0.04288322 -0.06696183 -0.00739804
v -0.04266954 -0.06672806 -0.00937546
v -0.04170552 -0.06430451 -0.01905944
v -0.04168105 -0.06290331 -0.02005167
v -0.04421148 -0.06711665 0.00467451
v -0.04366626 -0.06676019 0.00275273
v -0.04319533 -0.06640851 0.00082235
v -0.04233425 -0.06603170 -0.00106289
v -0.04156908 -0.06566106 -0.00295923
v -0.04139107 -0.06553407 -0.00365220
v -0.04124542 -0.06549007 -0.00493585
v -0.04100061 -0.06563072 -0.00697388
v -0.04077715 -0.06551458 -0.00897035
v -0.04058114 -0.06506840 -0.01091338
v -0.04033552 -0.06521867 -0.01295297
v -0.04010126 -0.06523250 -0.01497048
v -0.03993033 -0.06448471 -0.01686468
v -0.03983589 -0.06299967 -0.01850848
v -0.03996793 -0.06298728 -0.01865283
v -0.04099203 -0.06530255 -0.00487733
v -0.04009625 -0.06492350 -0.00675857
v -0.03952288 -0.06456522 -0.00867709
v -0.03927666 -0.06422803 -0.01063346
v -0.03852562 -0.06396770 -0.01185567
v -0.03844203 -0.06401840 -0.01255000
v -0.03820134 -0.06410952 -0.01458001
v -0.03802874 -0.06338187 -0.01647748
v -0.03800005 -0.06311121 -0.01687632
v -0.03783608 -0.06381387 -0.01245167
v -0.03634821 -0.06352262 -0.01348632
v -0.03625403 -0.06355627 -0.01428178
v -0.03620528 -0.06328969 -0.01485173
v -0.03740398 -0.06314337 -0.01637139
v -0.03585993 -0.06336519 -0.01420793
v -0.05192183 -0.06536439 0.00008697
v -0.05226120 -0.06501454 0.00011112
v -0.05210887 -0.06524934 0.00163980
v -0.05166524 -0.06564657 -0.00197398
v -0.05229996 -0.06469571 -0.00187821
v -0.05141894 -0.06580512 -0.00401491
v -0.05235471 -0.06437792 -0.00386940
v -0.05118773 -0.06578219 -0.00602646
v -0.05229158 -0.06405252 -0.00584694
v -0.05096873 -0.06561247 -0.00801425
v -0.05214960 -0.06372205 -0.00781537
v -0.05199767 -0.06339093 -0.00978265
v -0.05184513 -0.06305978 -0.01174986
v -0.05178400 -0.06273452 -0.01372764
v -0.05169859 -0.06240769 -0.01570261
v -0.05101369 -0.06204223 -0.01760823
v -0.04994629 -0.06172510 -0.01901875
v -0.05097041 -0.06685146 0.01013122
v -0.05196444 -0.06660203 0.01006971
v -0.05115539 -0.06679883 0.01170099
v -0.05075493 -0.06663942 0.00815028
v -0.05192346 -0.06627807 0.00808960
v -0.05053446 -0.06648735 0.00615963
v -0.05185491 -0.06595233 0.00611268
v -0.05030213 -0.06647790 0.00414590
v -0.05190781 -0.06563441 0.00412171
v -0.05004760 -0.06673532 0.00208896
v -0.05207398 -0.06532380 0.00211763
v -0.04965136 -0.06163311 -0.01943550
v -0.04774518 -0.06124139 -0.02087586
v -0.04916908 -0.06734604 0.01227508
v -0.05097372 -0.06685951 0.01216916
v -0.04940385 -0.06704775 0.01413846
v -0.04892890 -0.06743087 0.01024608
v -0.04870262 -0.06734867 0.00824412
v -0.04845693 -0.06749991 0.00620438
v -0.04695071 -0.06113774 -0.02110795
v -0.04565938 -0.06189582 -0.02110209
v -0.04567193 -0.06096603 -0.02151160
v -0.04743778 -0.06699851 0.01455527
v -0.04819871 -0.06700200 0.01447502
v -0.04744853 -0.06696459 0.01462934
v -0.04716424 -0.06748444 0.01246134
v -0.04692339 -0.06757740 0.01043102
v -0.04669140 -0.06756384 0.00841795
v -0.04362977 -0.06233219 -0.02096407
v -0.04364508 -0.06076630 -0.02170408
v -0.04545712 -0.06684628 0.01478858
v -0.04546209 -0.06683071 0.01482288
v -0.04519146 -0.06723757 0.01270997
v -0.04495852 -0.06723540 0.01069505
v -0.04473481 -0.06712224 0.00869811
v -0.04450246 -0.06711301 0.00668434
v -0.04167366 -0.06188480 -0.02068298
v -0.04168403 -0.06067380 -0.02126798
v -0.04541322 -0.06682249 0.01479723
v -0.04412809 -0.06641835 0.01296104
v -0.04349518 -0.06605624 0.01104940
v -0.04289483 -0.06575030 0.00946806
v -0.04285296 -0.06578207 0.00912373
v -0.04261847 -0.06579854 0.00710580
v -0.04241443 -0.06544898 0.00514713
v -0.04218347 -0.06542295 0.00313607
v -0.04195263 -0.06539558 0.00112524
v -0.04171732 -0.06542194 -0.00089429
v -0.04147314 -0.06555501 -0.00293110
v -0.03982923 -0.06289746 -0.01862299
v -0.03977590 -0.06073584 -0.02028831
v -0.03977576 -0.06066730 -0.02032770
v -0.04270739 -0.06568414 0.00915568
v -0.04175657 -0.06530154 0.00728081
v -0.04159199 -0.06496961 0.00531500
v -0.04095651 -0.06460733 0.00340366
v -0.04009831 -0.06423070 0.00151808
v -0.04003776 -0.06419759 0.00134467
v -0.03983361 -0.06410402 -0.00047227
v -0.03960213 -0.06408435 -0.00248435
v -0.03936776 -0.06409950 -0.00450207
v -0.03912498 -0.06421561 -0.00653613
v -0.03890157 -0.06409897 -0.00853251
v -0.03868298 -0.06392419 -0.01051948
v -0.03790336 -0.06208648 -0.01828304
v -0.03785550 -0.06064128 -0.01950189
v -0.03959477 -0.06066369 -0.02025704
v -0.03891627 -0.06383320 -0.00033004
v -0.03770440 -0.06349836 -0.00177581
v -0.03765887 -0.06348245 -0.00217825
v -0.03744126 -0.06329599 -0.00416333
v -0.03721198 -0.06324991 -0.00617113
v -0.03698874 -0.06313111 -0.00816716
v -0.03676381 -0.06303275 -0.01016650
v -0.03649746 -0.06343223 -0.01224644
v -0.03609204 -0.06270109 -0.01615861
v -0.03598061 -0.06123800 -0.01793701
v -0.03595351 -0.06064503 -0.01850159
v -0.03755910 -0.06342442 -0.00215790
v -0.03709486 -0.06307317 -0.00408905
v -0.03633837 -0.06270310 -0.00598640
v -0.03573847 -0.06234311 -0.00790185
v -0.03534458 -0.06199641 -0.00984114
v -0.03479675 -0.06186323 -0.01038231
v -0.03460189 -0.06225698 -0.01184752
v -0.03434247 -0.06257318 -0.01391397
v -0.03418506 -0.06166300 -0.01578189
v -0.03411288 -0.06074876 -0.01691521
v -0.03509185 -0.06069482 -0.01775131
v -0.03368786 -0.06156831 -0.01163435
v -0.03248375 -0.06119718 -0.01330830
v -0.03246203 -0.06121605 -0.01348560
v -0.03244640 -0.06113631 -0.01366510
v -0.03303093 -0.06088333 -0.01552806
v -0.03241490 -0.06116495 -0.01347195
v -0.05306918 -0.06558361 0.01012780
v -0.05357485 -0.06472760 0.01022090
v -0.05331051 -0.06497322 0.01187395
v -0.05287843 -0.06507428 0.00819499
v -0.05327111 -0.06438670 0.00827118
v -0.05269540 -0.06447205 0.00627722
v -0.05293222 -0.06404353 0.00632553
v -0.05247528 -0.06431570 0.00428727
v -0.05276770 -0.06371161 0.00435971
v -0.05218112 -0.06504966 0.00215318
v -0.05291930 -0.06340005 0.00235732
v -0.05297669 -0.06308243 0.00036583
v -0.05293329 -0.06275830 -0.00161400
v -0.05289718 -0.06243465 -0.00359467
v -0.05285915 -0.06211088 -0.00557512
v -0.05273541 -0.06178158 -0.00754566
v -0.05254713 -0.06144812 -0.00950873
v -0.05241363 -0.06111819 -0.01147814
v -0.05226183 -0.06078709 -0.01344543
v -0.05210561 -0.06045570 -0.01541222
v -0.05163666 -0.06010415 -0.01734282
v -0.04996730 -0.06083591 -0.01933257
v -0.05051013 -0.05971023 -0.01919736
v -0.05000113 -0.05958009 -0.01973970
v -0.05151753 -0.06587903 0.01431917
v -0.05232795 -0.06528989 0.01433484
v -0.05166873 -0.06540101 0.01535996
v -0.05121854 -0.06667097 0.01217570
v -0.05320861 -0.06502532 0.01224812
v -0.04779021 -0.06024249 -0.02104310
v -0.04849251 -0.05925888 -0.02094882
v -0.04782148 -0.05913135 -0.02139183
v -0.04978888 -0.06549958 0.01660453
v -0.04996969 -0.06545923 0.01659248
v -0.04979754 -0.06545495 0.01665448
v -0.04943515 -0.06694977 0.01435450
v -0.04572851 -0.05882387 -0.02221588
v -0.04780144 -0.06542893 0.01682463
v -0.04781867 -0.06533341 0.01692034
v -0.04371702 -0.05864916 -0.02226168
v -0.04581983 -0.06528814 0.01705609
v -0.04583496 -0.06520398 0.01714002
v -0.04174122 -0.05853262 -0.02196649
v -0.04559345 -0.06517721 0.01709871
v -0.04360603 -0.06513619 0.01527409
v -0.04370482 -0.06483593 0.01596090
v -0.04335223 -0.06538484 0.01321857
v -0.04310507 -0.06555362 0.01117598
v -0.03979668 -0.05846701 -0.02137269
v -0.04310523 -0.06469553 0.01540168
v -0.04205369 -0.06430644 0.01353847
v -0.04125015 -0.06393899 0.01168149
v -0.04124583 -0.06394161 0.01164561
v -0.04097981 -0.06433718 0.00956631
v -0.04072844 -0.06455667 0.00751551
v -0.04052176 -0.06423881 0.00555170
v -0.04029705 -0.06413766 0.00355281
v -0.04005851 -0.06420286 0.00152699
v -0.03784770 -0.05995280 -0.01995288
v -0.03785297 -0.05840278 -0.02077090
v -0.04122913 -0.06393198 0.01164900
v -0.03924881 -0.06348303 0.00989322
v -0.03903019 -0.06342455 0.00964429
v -0.03881027 -0.06365307 0.00787046
v -0.03859548 -0.06343274 0.00589086
v -0.03837054 -0.06333433 0.00389153
v -0.03813346 -0.06338205 0.00186854
v -0.03788938 -0.06351386 -0.00016807
v -0.03591710 -0.05919876 -0.01962215
v -0.03591909 -0.05835455 -0.02007526
v -0.03805559 -0.06308481 0.00804640
v -0.03735510 -0.06271834 0.00614258
v -0.03659533 -0.06234806 0.00424561
v -0.03642641 -0.06228463 0.00394059
v -0.03622777 -0.06232839 0.00224778
v -0.03598792 -0.06240940 0.00021940
v -0.03576434 -0.06229467 -0.00177729
v -0.03554775 -0.06209594 -0.00376039
v -0.03531718 -0.06206533 -0.00577070
v -0.03509180 -0.06197236 -0.00777091
v -0.03487914 -0.06172641 -0.00974636
v -0.03407304 -0.06020694 -0.01756143
v -0.03401432 -0.05835377 -0.01910147
v -0.03447444 -0.05835549 -0.01932727
v -0.03556088 -0.06196007 0.00238042
v -0.03457910 -0.06157547 0.00050914
v -0.03405503 -0.06122038 -0.00141509
v -0.03379596 -0.06088236 -0.00336997
v -0.03355859 -0.06071442 -0.00428541
v -0.03344400 -0.06062089 -0.00532819
v -0.03322358 -0.06046824 -0.00731875
v -0.03299074 -0.06046489 -0.00933347
v -0.03271826 -0.06093812 -0.01142534
v -0.03230402 -0.06031296 -0.01535467
v -0.03219653 -0.05880252 -0.01712541
v -0.03217146 -0.05845387 -0.01753638
v -0.03330523 -0.06052941 -0.00529806
v -0.03272672 -0.06017080 -0.00721599
v -0.03216523 -0.05981329 -0.00913589
v -0.03104128 -0.05941953 -0.01099073
v -0.03064688 -0.05907381 -0.01293013
v -0.03064839 -0.05907512 -0.01291634
v -0.03064622 -0.05907158 -0.01293711
v -0.03077418 -0.05875967 -0.01492954
v -0.03178669 -0.05850360 -0.01703151
v -0.03064592 -0.05907273 -0.01292985
v -0.05337611 -0.06469617 0.01228673
v -0.05404191 -0.06310080 0.01248920
v -0.05366031 -0.06330890 0.01397075
v -0.05437260 -0.06280078 0.01046609
v -0.05402130 -0.06245682 0.00852188
v -0.05363728 -0.06211075 0.00658145
v -0.05333612 -0.06177002 0.00463143
v -0.05322480 -0.06144152 0.00265946
v -0.05323035 -0.06112055 0.00067397
v -0.05321489 -0.06079823 -0.00130910
v -0.05313426 -0.06047171 -0.00328462
v -0.05314893 -0.06015133 -0.00527117
v -0.05309436 -0.05982649 -0.00724971
v -0.05291610 -0.05949368 -0.00921394
v -0.05285234 -0.05916824 -0.01119142
v -0.05272573 -0.05883876 -0.01316162
v -0.05256418 -0.05850703 -0.01512779
v -0.05201439 -0.05815027 -0.01704904
v -0.05113155 -0.05777205 -0.01893177
v -0.05009392 -0.05749693 -0.02009813
v -0.05188711 -0.06423827 0.01660005
v -0.05239619 -0.06363739 0.01664927
v -0.05199910 -0.06370504 0.01727118
v -0.05348331 -0.06338612 0.01453867
v -0.04943321 -0.05734128 -0.02072016
v -0.04788556 -0.05700140 -0.02202453
v -0.05011205 -0.06373312 0.01841411
v -0.04693434 -0.05685892 -0.02241596
v -0.04577651 -0.05768465 -0.02243562
v -0.04579107 -0.05669144 -0.02286309
v -0.04811696 -0.06358514 0.01852504
v -0.04373124 -0.05830935 -0.02232809
v -0.04377486 -0.05650904 -0.02295396
v -0.04611059 -0.06341879 0.01852823
v -0.04175957 -0.05804896 -0.02207727
v -0.04180269 -0.05639843 -0.02262403
v -0.04393181 -0.06402209 0.01746971
v -0.04406354 -0.06318613 0.01814279
v -0.03982954 -0.05728801 -0.02174542
v -0.03984348 -0.05630891 -0.02217042
v -0.04296969 -0.06302990 0.01773969
v -0.04177113 -0.06323137 0.01579112
v -0.04190373 -0.06276972 0.01668021
v -0.04149333 -0.06376858 0.01368888
v -0.03786348 -0.05696025 -0.02148369
v -0.03786838 -0.05619352 -0.02186847
v -0.04078132 -0.06256754 0.01600798
v -0.03970383 -0.06228797 0.01483460
v -0.03961109 -0.06243306 0.01411376
v -0.03934015 -0.06288787 0.01202486
v -0.03906484 -0.06339515 0.00992747
v -0.03590345 -0.05655995 -0.02121022
v -0.03590316 -0.05609421 -0.02147224
v -0.03917647 -0.06214280 0.01420877
v -0.03788695 -0.06173837 0.01237308
v -0.03737363 -0.06159389 0.01174433
v -0.03718908 -0.06198164 0.01036497
v -0.03693651 -0.06221554 0.00831184
v -0.03670358 -0.06221326 0.00629694
v -0.03646705 -0.06225434 0.00427503
v -0.03400853 -0.05817976 -0.01924852
v -0.03397697 -0.05605852 -0.02070314
v -0.03481061 -0.05607760 -0.02101353
v -0.03638853 -0.06132048 0.01056156
v -0.03554904 -0.06094506 0.00867382
v -0.03487663 -0.06062798 0.00706067
v -0.03483908 -0.06066444 0.00675634
v -0.03459216 -0.06083042 0.00471421
v -0.03433911 -0.06107006 0.00266015
v -0.03409142 -0.06124526 0.00061652
v -0.03387201 -0.06108048 -0.00137207
v -0.03366399 -0.06077867 -0.00333847
v -0.03209901 -0.05717219 -0.01887674
v -0.03207520 -0.05606262 -0.01970075
v -0.03477349 -0.06057375 0.00677868
v -0.03401418 -0.06020349 0.00488166
v -0.03313228 -0.05982534 0.00299883
v -0.03245052 -0.05946007 0.00109284
v -0.03217273 -0.05932489 0.00040049
v -0.03202058 -0.05937447 -0.00088722
v -0.03181050 -0.05909742 -0.00285763
v -0.03157706 -0.05910135 -0.00487353
v -0.03133968 -0.05915254 -0.00689709
v -0.03111251 -0.05908102 -0.00890077
v -0.03086446 -0.05926057 -0.01094510
v -0.03046758 -0.05842672 -0.01484064
v -0.03031793 -0.05742317 -0.01669344
v -0.03022694 -0.05615394 -0.01818714
v -0.03055277 -0.05612453 -0.01853615
v -0.03171917 -0.05909162 -0.00080741
v -0.03143255 -0.05875182 -0.00275911
v -0.03078063 -0.05838849 -0.00466855
v -0.02996565 -0.05801464 -0.00655913
v -0.02954173 -0.05766600 -0.00849494
v -0.02906170 -0.05735832 -0.01014891
v -0.02902992 -0.05735155 -0.01042739
v -0.02887987 -0.05698070 -0.01238809
v -0.02894600 -0.05716976 -0.01125418
v -0.02893883 -0.05666317 -0.01437976
v -0.02904206 -0.05634850 -0.01637655
v -0.02898969 -0.05730910 -0.01041594
v -0.05314101 -0.05785497 -0.01099760
v -0.05328108 -0.05721765 -0.01090354
v -0.05332554 -0.05742565 -0.00964153
v -0.05288544 -0.05812492 -0.01305656
v -0.05316366 -0.05688876 -0.01287481
v -0.05271339 -0.05739070 -0.01495297
v -0.05283198 -0.05654606 -0.01482129
v -0.05274228 -0.05647513 -0.01521333
v -0.05426669 -0.06113706 0.01280067
v -0.05386103 -0.06140162 0.01464331
v -0.05442038 -0.06082564 0.01079804
v -0.05405395 -0.06048070 0.00885558
v -0.05381398 -0.06014391 0.00689848
v -0.05360447 -0.05980909 0.00493787
v -0.05355856 -0.05948480 0.00295833
v -0.05351159 -0.05916045 0.00097891
v -0.05348923 -0.05883769 -0.00100336
v -0.05355640 -0.05852069 -0.00299598
v -0.05340614 -0.05818968 -0.00496345
v -0.05338433 -0.05786695 -0.00694578
v -0.05335095 -0.05754348 -0.00892677
v -0.05238849 -0.05619616 -0.01675484
v -0.05137531 -0.05580954 -0.01862249
v -0.05017010 -0.05559466 -0.02049934
v -0.05023357 -0.05541464 -0.02047527
v -0.05017855 -0.05540047 -0.02053451
v -0.05331488 -0.06171837 0.01688048
v -0.05226509 -0.06190413 0.01856730
v -0.05381565 -0.06142932 0.01483770
v -0.04800518 -0.05496197 -0.02212658
v -0.05026442 -0.06258490 0.01909165
v -0.05149308 -0.06192229 0.01907607
v -0.05037073 -0.06192031 0.01964048
v -0.04788619 -0.05494204 -0.02218859
v -0.04586697 -0.05458076 -0.02338286
v -0.04831312 -0.06207965 0.01938210
v -0.04836157 -0.06174940 0.01961696
v -0.04387025 -0.05443013 -0.02328747
v -0.04690631 -0.06162669 0.01960664
v -0.04635561 -0.06158372 0.01962410
v -0.04189134 -0.05430852 -0.02302198
v -0.04432373 -0.06137577 0.01938350
v -0.03990264 -0.05417095 -0.02285008
v -0.04211804 -0.06186320 0.01802787
v -0.04223481 -0.06107490 0.01859816
v -0.03790996 -0.05402690 -0.02271613
v -0.04105135 -0.06092805 0.01829907
v -0.03988679 -0.06192106 0.01621191
v -0.04014857 -0.06077838 0.01783834
v -0.03593571 -0.05391289 -0.02240609
v -0.03817215 -0.06042118 0.01664727
v -0.03772257 -0.06117301 0.01452641
v -0.03800232 -0.06038406 0.01650523
v -0.03746655 -0.06144841 0.01246656
v -0.03397467 -0.05578402 -0.02087594
v -0.03397973 -0.05382865 -0.02192155
v -0.03617269 -0.05997100 0.01489371
v -0.03576617 -0.05984325 0.01431344
v -0.03559026 -0.06004131 0.01290301
v -0.03531091 -0.06059713 0.01079777
v -0.03507636 -0.06061433 0.00877972
v -0.03205270 -0.05492614 -0.02052840
v -0.03204896 -0.05378550 -0.02119615
v -0.03506323 -0.05957817 0.01303719
v -0.03361696 -0.05916364 0.01121964
v -0.03338282 -0.05906254 0.01071542
v -0.03320344 -0.05916675 0.00922273
v -0.03297044 -0.05916536 0.00720769
v -0.03273523 -0.05919054 0.00518835
v -0.03249119 -0.05932188 0.00315182
v -0.03226230 -0.05927098 0.00114480
v -0.03020770 -0.05594569 -0.01846952
v -0.03015172 -0.05381593 -0.02014000
v -0.03015164 -0.05379685 -0.02015124
v -0.03271538 -0.05878422 0.00933908
v -0.03206495 -0.05842098 0.00742947
v -0.03134703 -0.05805339 0.00552766
v -0.03067510 -0.05768876 0.00362054
v -0.03059375 -0.05762066 0.00324165
v -0.03041744 -0.05748605 0.00164242
v -0.03018470 -0.05748148 -0.00037210
v -0.02996044 -0.05737498 -0.00237012
v -0.02971446 -0.05752964 -0.00441043
v -0.02946857 -0.05768319 -0.00645055
v -0.02925332 -0.05746838 -0.00843104
v -0.02883129 -0.05693693 -0.01237553
v -0.02864060 -0.05642682 -0.01430822
v -0.02845151 -0.05589744 -0.01623778
v -0.02831394 -0.05474860 -0.01806706
v -0.02828117 -0.05385196 -0.01884986
v -0.03012727 -0.05379757 -0.02013431
v -0.03026958 -0.05734130 0.00168259
v -0.02967374 -0.05698158 -0.00023333
v -0.02903086 -0.05661882 -0.00214382
v -0.02812723 -0.05623927 -0.00402414
v -0.02771795 -0.05603743 -0.00506065
v -0.02761107 -0.05605017 -0.00597752
v -0.02737830 -0.05604604 -0.00799212
v -0.02717534 -0.05568347 -0.00994868
v -0.02698787 -0.05513460 -0.01187509
v -0.02679997 -0.05459092 -0.01380234
v -0.02672673 -0.05442208 -0.01452955
v -0.02667807 -0.05421793 -0.01576562
v -0.02729945 -0.05393665 -0.01782235
v -0.02739278 -0.05587061 -0.00592404
v -0.02679464 -0.05551074 -0.00783970
v -0.02662472 -0.05517847 -0.00980489
v -0.02669295 -0.05486154 -0.01179764
v -0.02674390 -0.05454350 -0.01378838
v -0.05352280 -0.05525501 -0.01059402
v -0.05352760 -0.05552055 -0.00895618
v -0.05327752 -0.05491788 -0.01255050
v -0.05288076 -0.05537843 -0.01462720
v -0.05298884 -0.05464257 -0.01410282
v -0.05442731 -0.05916919 0.01311956
v -0.05401044 -0.05941074 0.01482579
v -0.05446275 -0.05885015 0.01113061
v -0.05411731 -0.05850656 0.00918572
v -0.05395905 -0.05817504 0.00721918
v -0.05389227 -0.05784941 0.00524205
v -0.05383458 -0.05752437 0.00326387
v -0.05377287 -0.05719907 0.00128616
v -0.05365839 -0.05687037 -0.00068545
v -0.05365661 -0.05654893 -0.00267010
v -0.05361035 -0.05622462 -0.00464960
v -0.05355236 -0.05589956 -0.00662774
v -0.05353075 -0.05557684 -0.00861009
v -0.05292140 -0.05457360 -0.01449416
v -0.05239367 -0.05421827 -0.01641797
v -0.05158124 -0.05384459 -0.01830884
v -0.05024267 -0.05472207 -0.02035808
v -0.05036320 -0.05346701 -0.02001538
v -0.05334239 -0.05974192 0.01721477
v -0.05244228 -0.05995851 0.01901508
v -0.05392195 -0.05945795 0.01516287
v -0.05027396 -0.05343902 -0.02014247
v -0.04845017 -0.05300016 -0.02191635
v -0.04802921 -0.05456603 -0.02213942
v -0.04811689 -0.05290964 -0.02230430
v -0.05219260 -0.05998915 0.01933262
v -0.05058567 -0.06003622 0.02044895
v -0.04601047 -0.05258024 -0.02325681
v -0.04858236 -0.05987484 0.02048132
v -0.04399857 -0.05240486 -0.02330653
v -0.04638057 -0.06134900 0.01970905
v -0.04656740 -0.05969448 0.02040241
v -0.04201298 -0.05227236 -0.02310486
v -0.04458152 -0.05949865 0.02021304
v -0.04454065 -0.05949490 0.02021089
v -0.04162476 -0.05223897 -0.02311167
v -0.03995934 -0.05292455 -0.02305429
v -0.03998984 -0.05207869 -0.02326182
v -0.04248340 -0.05924563 0.01972803
v -0.03794253 -0.05320699 -0.02289135
v -0.03797778 -0.05190305 -0.02331303
v -0.04026221 -0.06021012 0.01850415
v -0.04044569 -0.05902820 0.01943183
v -0.03596544 -0.05301177 -0.02265108
v -0.03598443 -0.05175791 -0.02318548
v -0.03836377 -0.05906930 0.01889750
v -0.03840947 -0.05881320 0.01914987
v -0.03802740 -0.06031084 0.01668125
v -0.03402188 -0.05241353 -0.02234556
v -0.03403375 -0.05168231 -0.02265030
v -0.03782339 -0.05874180 0.01900994
v -0.03632389 -0.05851776 0.01839637
v -0.03613062 -0.05915008 0.01707782
v -0.03584793 -0.05974610 0.01496607
v -0.03207385 -0.05186897 -0.02204874
v -0.03207773 -0.05159800 -0.02216617
v -0.03506717 -0.05824285 0.01734392
v -0.03408574 -0.05797367 0.01618539
v -0.03398662 -0.05815886 0.01543169
v -0.03372243 -0.05853241 0.01335595
v -0.03344699 -0.05904139 0.01125829
v -0.03015413 -0.05156652 -0.02137235
v -0.03158181 -0.05159176 -0.02194994
v -0.03352681 -0.05782226 0.01553725
v -0.03199437 -0.05740218 0.01372966
v -0.03179806 -0.05734888 0.01350127
v -0.03156163 -0.05774333 0.01167710
v -0.03132097 -0.05783401 0.00964715
v -0.03109990 -0.05768907 0.00765535
v -0.03086646 -0.05769303 0.00563944
v -0.03063650 -0.05765499 0.00363034
v -0.02826018 -0.05259216 -0.01973322
v -0.02825389 -0.05157312 -0.02035530
v -0.03069026 -0.05699681 0.01189566
v -0.02975931 -0.05661549 0.01001850
v -0.02939199 -0.05627050 0.00807614
v -0.02910522 -0.05606381 0.00694674
v -0.02901178 -0.05602602 0.00611798
v -0.02880106 -0.05575680 0.00414630
v -0.02856110 -0.05583909 0.00211771
v -0.02832885 -0.05582867 0.00010413
v -0.02808464 -0.05596195 -0.00193271
v -0.02784532 -0.05603657 -0.00396005
v -0.02660317 -0.05415428 -0.01574692
v -0.02644339 -0.05327245 -0.01761943
v -0.02637990 -0.05162250 -0.01908749
v -0.02682847 -0.05160675 -0.01941525
v -0.02882798 -0.05591282 0.00615653
v -0.02849719 -0.05557018 0.00420994
v -0.02772236 -0.05519892 0.00231472
v -0.02709582 -0.05483722 0.00040234
v -0.02622530 -0.05447387 -0.00139486
v -0.02621456 -0.05448019 -0.00148416
v -0.02597664 -0.05453797 -0.00350878
v -0.02575901 -0.05435177 -0.00549390
v -0.02553983 -0.05418418 -0.00748204
v -0.02533214 -0.05387844 -0.00944781
v -0.02514387 -0.05333923 -0.01137578
v -0.02492600 -0.05315597 -0.01336138
v -0.02472467 -0.05277367 -0.01531475
v -0.02457167 -0.05181047 -0.01717409
v -0.02456974 -0.05177589 -0.01721003
v -0.02618717 -0.05445734 -0.00147740
v -0.02551491 -0.05409269 -0.00338449
v -0.02518237 -0.05374994 -0.00533087
v -0.02473370 -0.05339970 -0.00726382
v -0.02440296 -0.05305706 -0.00921041
v -0.02438659 -0.05273468 -0.01119337
v -0.02401518 -0.05238942 -0.01313526
v -0.02392990 -0.05206260 -0.01511025
v -0.02453113 -0.05178003 -0.01716465
v -0.05360929 -0.05502751 -0.00852460
v -0.05380993 -0.05361662 -0.00830491
v -0.05378436 -0.05370462 -0.00774821
v -0.05351750 -0.05332833 -0.01026479
v -0.05353149 -0.05329254 -0.01016377
v -0.05323484 -0.05392398 -0.01237648
v -0.05452776 -0.05719745 0.01344542
v -0.05416270 -0.05742451 0.01503551
v -0.05455715 -0.05687802 0.01145717
v -0.05415938 -0.05653106 0.00951833
v -0.05407304 -0.05620417 0.00754346
v -0.05414066 -0.05588721 0.00555079
v -0.05396093 -0.05555430 0.00358673
v -0.05388352 -0.05522799 0.00161083
v -0.05375894 -0.05489863 -0.00035961
v -0.05367162 -0.05457168 -0.00233436
v -0.05365394 -0.05424922 -0.00431717
v -0.05370312 -0.05393106 -0.00630771
v -0.05351723 -0.05327644 -0.01025591
v -0.05318741 -0.05293386 -0.01220261
v -0.05284767 -0.05259064 -0.01414816
v -0.05239507 -0.05224015 -0.01608066
v -0.05160823 -0.05186812 -0.01797449
v -0.05053070 -0.05150562 -0.01966008
v -0.05331335 -0.05776184 0.01755560
v -0.05256422 -0.05792286 0.01893515
v -0.05404702 -0.05748779 0.01548588
v -0.05042024 -0.05147023 -0.01982192
v -0.04864115 -0.05103425 -0.02160097
v -0.04827614 -0.05093480 -0.02202777
v -0.05215182 -0.05800831 0.01967481
v -0.05076043 -0.05808664 0.02087355
v -0.04614177 -0.05055984 -0.02324739
v -0.04876739 -0.05794201 0.02100406
v -0.04575909 -0.05052720 -0.02325244
v -0.04404410 -0.05174482 -0.02328063
v -0.04413125 -0.05038672 -0.02328385
v -0.04676952 -0.05778950 0.02108844
v -0.04203001 -0.05199457 -0.02311240
v -0.04211330 -0.05020149 -0.02339131
v -0.04454463 -0.05945667 0.02022406
v -0.04474870 -0.05759959 0.02095357
v -0.04008710 -0.05000282 -0.02357753
v -0.04322387 -0.05743295 0.02070756
v -0.04270870 -0.05737843 0.02063551
v -0.03807206 -0.04982234 -0.02365715
v -0.04070679 -0.05721935 0.02068131
v -0.03606694 -0.04965801 -0.02364206
v -0.03870931 -0.05706746 0.02076932
v -0.03408481 -0.04953116 -0.02340732
v -0.03645416 -0.05806285 0.01926910
v -0.03668023 -0.05686411 0.02055564
v -0.03210472 -0.04940762 -0.02315312
v -0.03463547 -0.05655814 0.01971618
v -0.03426780 -0.05758105 0.01754050
v -0.03458157 -0.05654733 0.01967710
v -0.03015626 -0.05095848 -0.02169268
v -0.03016310 -0.04934678 -0.02253142
v -0.03254986 -0.05610241 0.01797258
v -0.03210958 -0.05676079 0.01586669
v -0.03237905 -0.05606133 0.01780656
v -0.03183213 -0.05729381 0.01376513
v -0.02825971 -0.04979491 -0.02129565
v -0.02825818 -0.04934575 -0.02155913
v -0.03073214 -0.05566395 0.01619800
v -0.03012375 -0.05548929 0.01543172
v -0.02996296 -0.05580114 0.01421544
v -0.02969063 -0.05627262 0.01212385
v -0.02944763 -0.05639145 0.01008935
v -0.02923420 -0.05615473 0.00811241
v -0.02636828 -0.05137276 -0.01932715
v -0.02634369 -0.04932912 -0.02067824
v -0.02746568 -0.04934828 -0.02113633
v -0.02929390 -0.05524993 0.01437951
v -0.02806984 -0.05484973 0.01253626
v -0.02775279 -0.05472879 0.01195212
v -0.02757626 -0.05492519 0.01053538
v -0.02733470 -0.05502664 0.00850370
v -0.02710997 -0.05492581 0.00650475
v -0.02689161 -0.05474832 0.00451822
v -0.02667609 -0.05453680 0.00253720
v -0.02645297 -0.05441655 0.00054140
v -0.02447570 -0.05016144 -0.01892239
v -0.02445976 -0.04936230 -0.01950541
v -0.02708512 -0.05446494 0.01066531
v -0.02625914 -0.05409039 0.00877601
v -0.02559845 -0.05372649 0.00686758
v -0.02502607 -0.05338850 0.00507389
v -0.02501157 -0.05338635 0.00494737
v -0.02478005 -0.05336714 0.00293522
v -0.02456027 -0.05320673 0.00094592
v -0.02434876 -0.05294697 -0.00102729
v -0.02413544 -0.05270901 -0.00300403
v -0.02392210 -0.05247114 -0.00498079
v -0.02369318 -0.05242072 -0.00698789
v -0.02347275 -0.05226811 -0.00897845
v -0.02326533 -0.05195919 -0.01094370
v -0.02305466 -0.05168936 -0.01291528
v -0.02285403 -0.05129865 -0.01486730
v -0.02267026 -0.05070536 -0.01678652
v -0.02255419 -0.04936020 -0.01853937
v -0.02263277 -0.04935815 -0.01859243
v -0.02498894 -0.05336588 0.00495323
v -0.02434894 -0.05300331 0.00304242
v -0.02391853 -0.05265425 0.00110735
v -0.02366637 -0.05231668 -0.00084833
v -0.02330541 -0.05197209 -0.00279143
v -0.02304324 -0.05163387 -0.00474595
v -0.02237277 -0.05126934 -0.00665325
v -0.02161629 -0.05093508 -0.00832932
v -0.02158918 -0.05094858 -0.00855617
v -0.02136709 -0.05081605 -0.01054998
v -0.02115151 -0.05060515 -0.01253110
v -0.02094512 -0.05028379 -0.01449434
v -0.02075780 -0.04973319 -0.01642047
v -0.02073375 -0.04949686 -0.01675998
v -0.02150471 -0.05089207 -0.00853768
v -0.02089768 -0.05053163 -0.01045232
v -0.02039183 -0.05017770 -0.01237865
v -0.02017918 -0.04984268 -0.01433891
v -0.02034137 -0.04953180 -0.01634252
v -0.05379782 -0.05276086 -0.00815766
v -0.05469236 -0.05522983 0.01376385
v -0.05432513 -0.05545482 0.01534233
v -0.05463835 -0.05490502 0.01178525
v -0.05431635 -0.05456295 0.00983765
v -0.05423587 -0.05423643 0.00786210
v -0.05427785 -0.05391782 0.00587240
v -0.05415122 -0.05358833 0.00390219
v -0.05398747 -0.05325645 0.00193628
v -0.05381429 -0.05292397 -0.00002854
v -0.05366577 -0.05259307 -0.00199621
v -0.05362403 -0.05226906 -0.00397623
v -0.05368053 -0.05195138 -0.00596762
v -0.05377228 -0.05163597 -0.00796308
v -0.05345314 -0.05129407 -0.00991102
v -0.05305901 -0.05094735 -0.01185028
v -0.05271795 -0.05060405 -0.01379568
v -0.05215693 -0.05024657 -0.01571563
v -0.05142647 -0.04987817 -0.01761599
v -0.05077956 -0.04967679 -0.01852756
v -0.05317089 -0.05577442 0.01790955
v -0.05268932 -0.05589235 0.01888541
v -0.05419669 -0.05551921 0.01580604
v -0.05014456 -0.04947423 -0.01945255
v -0.04842028 -0.04986411 -0.02137823
v -0.04851247 -0.04908556 -0.02101495
v -0.05217627 -0.05603165 0.02000946
v -0.05090520 -0.05608817 0.02101165
v -0.04818921 -0.04902690 -0.02121122
v -0.04635149 -0.04866723 -0.02248875
v -0.04893754 -0.05598490 0.02138462
v -0.04485947 -0.04849099 -0.02281090
v -0.04429827 -0.04842452 -0.02293317
v -0.04694542 -0.05584177 0.02152394
v -0.04224890 -0.04818809 -0.02334074
v -0.04492331 -0.05564977 0.02137679
v -0.04021583 -0.04797821 -0.02359268
v -0.04280569 -0.05639822 0.02092785
v -0.04290326 -0.05546110 0.02124922
v -0.03820988 -0.04781255 -0.02358542
v -0.04087310 -0.05566802 0.02125473
v -0.04091008 -0.05531624 0.02137841
v -0.03619477 -0.04763194 -0.02366576
v -0.03891969 -0.05518815 0.02154108
v -0.03892080 -0.05517774 0.02154486
v -0.03515861 -0.04754449 -0.02367360
v -0.03416683 -0.04786792 -0.02362495
v -0.03418439 -0.04745905 -0.02370088
v -0.03890493 -0.05517638 0.02154463
v -0.03690474 -0.05499559 0.02145548
v -0.03215222 -0.04812380 -0.02345771
v -0.03217738 -0.04729165 -0.02370381
v -0.03459254 -0.05647937 0.01973411
v -0.03482752 -0.05471377 0.02078185
v -0.03019408 -0.04770083 -0.02318057
v -0.03020499 -0.04718066 -0.02337608
v -0.03330256 -0.05449401 0.02020784
v -0.03241041 -0.05594667 0.01801375
v -0.03273168 -0.05440160 0.01993029
v -0.02826385 -0.04712060 -0.02274979
v -0.02898771 -0.04714681 -0.02295977
v -0.03069591 -0.05400470 0.01852451
v -0.03024851 -0.05517065 0.01633278
v -0.03056602 -0.05397566 0.01841183
v -0.02633919 -0.04891967 -0.02094529
v -0.02632504 -0.04706434 -0.02210124
v -0.02855341 -0.05354531 0.01678750
v -0.02810053 -0.05422731 0.01467889
v -0.02837105 -0.05350195 0.01661339
v -0.02783333 -0.05463713 0.01259728
v -0.02443766 -0.04781599 -0.02055795
v -0.02442576 -0.04707251 -0.02107502
v -0.02670502 -0.05310486 0.01501646
v -0.02608351 -0.05287738 0.01393057
v -0.02598017 -0.05295195 0.01307876
v -0.02573573 -0.05308806 0.01104146
v -0.02548182 -0.05333805 0.00898572
v -0.02524227 -0.05341544 0.00695793
v -0.02255150 -0.04933040 -0.01857919
v -0.02252316 -0.04707525 -0.02008058
v -0.02301752 -0.04708339 -0.02028431
v -0.02571629 -0.05271982 0.01314598
v -0.02493331 -0.05234804 0.01125170
v -0.02416411 -0.05197714 0.00935583
v -0.02357849 -0.05161808 0.00743872
v -0.02317502 -0.05150140 0.00546119
v -0.02330740 -0.05145661 0.00658060
v -0.02292717 -0.05167859 0.00341724
v -0.02270176 -0.05158587 0.00141699
v -0.02248676 -0.05136807 -0.00056302
v -0.02226954 -0.05117689 -0.00254733
v -0.02206117 -0.05087940 -0.00451444
v -0.02183164 -0.05083620 -0.00652271
v -0.02062996 -0.04846735 -0.01823081
v -0.02059738 -0.04704023 -0.01930756
v -0.02291311 -0.05125387 0.00553083
v -0.02207723 -0.05087868 0.00364267
v -0.02152519 -0.05052178 0.00172168
v -0.02120104 -0.05017957 -0.00022568
v -0.02075706 -0.04982963 -0.00215917
v -0.02028393 -0.04947782 -0.00408929
v -0.02013596 -0.04939160 -0.00454583
v -0.01995749 -0.04940343 -0.00608210
v -0.01970889 -0.04958954 -0.00812749
v -0.01947142 -0.04964190 -0.01015123
v -0.01924591 -0.04955040 -0.01215168
v -0.01903800 -0.04924733 -0.01411788
v -0.01883896 -0.04883760 -0.01606682
v -0.01870526 -0.04764235 -0.01788859
v -0.01868799 -0.04703191 -0.01837796
v -0.01958663 -0.04911155 -0.00599348
v -0.01859068 -0.04872605 -0.00786313
v -0.01768750 -0.04834652 -0.00974350
v -0.01753598 -0.04825786 -0.01021331
v -0.01736734 -0.04817075 -0.01171967
v -0.01715550 -0.04791494 -0.01369352
v -0.01695576 -0.04751366 -0.01564382
v -0.01691587 -0.04724730 -0.01613703
v -0.01779213 -0.04706796 -0.01769501
v -0.01710737 -0.04798781 -0.01166125
v -0.01680516 -0.04764701 -0.01361114
v -0.01667492 -0.04731729 -0.01558092
v -0.05442338 -0.05323427 0.01413244
v -0.05436086 -0.05327868 0.01443889
v -0.05446978 -0.05291593 0.01214222
v -0.05412541 -0.05257242 0.01019721
v -0.05404375 -0.05224583 0.00822180
v -0.05406650 -0.05192597 0.00623432
v -0.05398428 -0.05159935 0.00425898
v -0.05377331 -0.05126443 0.00229853
v -0.05355944 -0.05092932 0.00033842
v -0.05324213 -0.05058755 -0.00160973
v -0.05307982 -0.05025577 -0.00357580
v -0.05304878 -0.04993244 -0.00555706
v -0.05301052 -0.04960865 -0.00753749
v -0.05283873 -0.04927626 -0.00950247
v -0.05242046 -0.04892798 -0.01143894
v -0.05212055 -0.04858733 -0.01338910
v -0.05154344 -0.04822881 -0.01530719
v -0.05099269 -0.04850719 -0.01733670
v -0.05114497 -0.04803791 -0.01628169
v -0.05303176 -0.05378723 0.01826312
v -0.05280191 -0.05384146 0.01871617
v -0.05394048 -0.05352447 0.01617316
v -0.05079698 -0.04785938 -0.01720570
v -0.04941689 -0.04744912 -0.01903090
v -0.04879348 -0.04730913 -0.01957535
v -0.05148894 -0.05400913 0.02042644
v -0.05100570 -0.05401758 0.02072690
v -0.04702143 -0.04697342 -0.02073866
v -0.04663903 -0.04690145 -0.02098675
v -0.04906478 -0.05395788 0.02135531
v -0.04435822 -0.04796806 -0.02266922
v -0.04452423 -0.04655837 -0.02201946
v -0.04709594 -0.05385270 0.02171707
v -0.04356682 -0.04642946 -0.02232390
v -0.04244263 -0.04626942 -0.02273492
v -0.04511004 -0.05371969 0.02191575
v -0.04039862 -0.04604172 -0.02309132
v -0.04311039 -0.05356428 0.02198310
v -0.03837110 -0.04584090 -0.02329018
v -0.04112133 -0.05342613 0.02215165
v -0.03635800 -0.04566357 -0.02335131
v -0.03911969 -0.05326749 0.02220004
v -0.03532613 -0.04557707 -0.02335550
v -0.03434277 -0.04548277 -0.02343278
v -0.03705180 -0.05368002 0.02199389
v -0.03711531 -0.05310436 0.02222216
v -0.03231287 -0.04527807 -0.02365433
v -0.03666502 -0.05305381 0.02214121
v -0.03506467 -0.05286587 0.02180250
v -0.03029686 -0.04509600 -0.02374328
v -0.03282702 -0.05374049 0.02038617
v -0.03297934 -0.05257083 0.02105133
v -0.02827281 -0.04683459 -0.02283167
v -0.02831575 -0.04497082 -0.02349875
v -0.03209349 -0.05243787 0.02068517
v -0.03058979 -0.05387019 0.01855857
v -0.03087545 -0.05224554 0.02012292
v -0.02636436 -0.04581416 -0.02245781
v -0.02638773 -0.04493213 -0.02274714
v -0.02892621 -0.05191243 0.01906670
v -0.02840186 -0.05340726 0.01682691
v -0.02874660 -0.05187958 0.01895605
v -0.02445263 -0.04488192 -0.02206314
v -0.02465195 -0.04488917 -0.02212075
v -0.02654552 -0.05176022 0.01730221
v -0.02660562 -0.05149385 0.01767332
v -0.02623080 -0.05274141 0.01512811
v -0.02252078 -0.04689686 -0.02020049
v -0.02251195 -0.04482262 -0.02143242
v -0.02604806 -0.05140563 0.01741478
v -0.02441010 -0.05101926 0.01586966
v -0.02437613 -0.05107430 0.01560666
v -0.02412475 -0.05129394 0.01355583
v -0.02388401 -0.05138553 0.01152574
v -0.02364359 -0.05147331 0.00949627
v -0.02341262 -0.05144752 0.00748518
v -0.02059949 -0.04603080 -0.01985162
v -0.02059308 -0.04479885 -0.02059341
v -0.02424959 -0.05096840 0.01563797
v -0.02329928 -0.05058583 0.01376304
v -0.02250325 -0.05021321 0.01187027
v -0.02184189 -0.04993730 0.01050571
v -0.02177405 -0.04998506 0.00994586
v -0.02153724 -0.05002954 0.00792340
v -0.02131090 -0.04994802 0.00592133
v -0.02107960 -0.04992618 0.00390960
v -0.02085083 -0.04987390 0.00190280
v -0.02063697 -0.04964231 -0.00007497
v -0.02041371 -0.04952388 -0.00207107
v -0.02019043 -0.04940555 -0.00406717
v -0.01868278 -0.04510969 -0.01949384
v -0.01867793 -0.04478114 -0.01971885
v -0.02159234 -0.04983318 0.00999079
v -0.02080114 -0.04946087 0.00809746
v -0.02014427 -0.04909721 0.00618860
v -0.01961526 -0.04874180 0.00426494
v -0.01915976 -0.04839112 0.00233278
v -0.01884170 -0.04815135 0.00101513
v -0.01877190 -0.04810030 0.00038332
v -0.01854838 -0.04798491 -0.00161326
v -0.01831828 -0.04794868 -0.00362266
v -0.01807447 -0.04807730 -0.00565875
v -0.01783009 -0.04821265 -0.00769592
v -0.01759151 -0.04827835 -0.00972182
v -0.01680669 -0.04650315 -0.01749550
v -0.01675951 -0.04475812 -0.01887546
v -0.01795881 -0.04477916 -0.01936167
v -0.01868106 -0.04803895 0.00040330
v -0.01806342 -0.04767782 -0.00151011
v -0.01745885 -0.04731753 -0.00342502
v -0.01658749 -0.04694005 -0.00530908
v -0.01608474 -0.04676179 -0.00615192
v -0.01594549 -0.04690547 -0.00727564
v -0.01570606 -0.04698137 -0.00930319
v -0.01547688 -0.04693402 -0.01131079
v -0.01526647 -0.04666101 -0.01328186
v -0.01506694 -0.04625712 -0.01523174
v -0.01492527 -0.04515767 -0.01706902
v -0.01490371 -0.04483713 -0.01743398
v -0.01544722 -0.04654524 -0.00716203
v -0.01449241 -0.04616239 -0.00903643
v -0.01380138 -0.04579653 -0.01094135
v -0.01346018 -0.04545322 -0.01288673
v -0.01366004 -0.04514477 -0.01489470
v -0.01447547 -0.04487600 -0.01697388
v -0.05436345 -0.05282500 0.01420854
v -0.05428161 -0.05100616 0.01248772
v -0.05401331 -0.05142912 0.01040398
v -0.05383336 -0.05078996 0.00849219
v -0.05375042 -0.05004951 0.00736271
v -0.05375171 -0.04992747 0.00660821
v -0.05356526 -0.04959413 0.00464492
v -0.05338474 -0.04926118 0.00268095
v -0.05322718 -0.04892970 0.00071433
v -0.05282159 -0.04894051 -0.00128473
v -0.05292688 -0.04870744 -0.00050432
v -0.05258956 -0.04892749 -0.00329788
v -0.05240570 -0.04833524 -0.00521727
v -0.05220409 -0.04795643 -0.00717121
v -0.05199270 -0.04769513 -0.00914417
v -0.05176620 -0.04761552 -0.01114655
v -0.05154207 -0.04750752 -0.01314433
v -0.05129241 -0.04770639 -0.01519179
v -0.05284766 -0.05268920 0.01846971
v -0.05288159 -0.05173695 0.01823255
v -0.05351509 -0.05151885 0.01655983
v -0.05417759 -0.05124022 0.01449835
v -0.05427494 -0.05092517 0.01250224
v -0.05393392 -0.05058187 0.01055683
v -0.05376436 -0.05024961 0.00859159
v -0.05273059 -0.04857637 -0.00121308
v -0.05233135 -0.04822932 -0.00315175
v -0.05223457 -0.04790176 -0.00512541
v -0.05201241 -0.04756612 -0.00708456
v -0.05172067 -0.04722599 -0.00903567
v -0.05140490 -0.04688432 -0.01098399
v -0.05100419 -0.04653717 -0.01292249
v -0.05037508 -0.04617530 -0.01483457
v -0.04937969 -0.04578983 -0.01670428
v -0.04892674 -0.04657762 -0.01883092
v -0.04919791 -0.04573384 -0.01695675
v -0.05105001 -0.05313943 0.02062076
v -0.05110739 -0.05194894 0.02045357
v -0.05273332 -0.05178979 0.01863512
v -0.04813736 -0.04538844 -0.01854542
v -0.04670120 -0.04656679 -0.02063577
v -0.04694373 -0.04516363 -0.01932089
v -0.04994693 -0.05193155 0.02094229
v -0.04918135 -0.05191350 0.02122412
v -0.04553960 -0.04489971 -0.02022977
v -0.04479312 -0.04476221 -0.02069559
v -0.04723008 -0.05183692 0.02175361
v -0.04260846 -0.04503963 -0.02198647
v -0.04268212 -0.04442535 -0.02169187
v -0.04527622 -0.05175614 0.02225843
v -0.04219070 -0.04436257 -0.02182724
v -0.04059159 -0.04412183 -0.02249272
v -0.04328684 -0.05161748 0.02242393
v -0.03853221 -0.04386909 -0.02299588
v -0.04131062 -0.05150025 0.02271510
v -0.03682238 -0.04369528 -0.02319111
v -0.03645320 -0.04434439 -0.02326319
v -0.03649966 -0.04366007 -0.02324281
v -0.03931409 -0.05134993 0.02281228
v -0.03447588 -0.04346533 -0.02340598
v -0.03732141 -0.05120587 0.02294620
v -0.03244636 -0.04326125 -0.02362393
v -0.03539513 -0.05099376 0.02262558
v -0.03527954 -0.05098166 0.02261025
v -0.03043485 -0.04308652 -0.02366985
v -0.03323334 -0.05075040 0.02223299
v -0.02843528 -0.04293125 -0.02360169
v -0.03104437 -0.05120746 0.02100490
v -0.03116139 -0.05047716 0.02160964
v -0.02645996 -0.04281549 -0.02330192
v -0.03007871 -0.05032982 0.02125571
v -0.02877382 -0.05173789 0.01911243
v -0.02907575 -0.05018162 0.02085554
v -0.02445603 -0.04479225 -0.02208371
v -0.02450469 -0.04273239 -0.02281067
v -0.02713266 -0.04981864 0.01961164
v -0.02692640 -0.04978226 0.01949293
v -0.02253472 -0.04392645 -0.02173488
v -0.02255390 -0.04265661 -0.02227654
v -0.02467888 -0.05023712 0.01775745
v -0.02482068 -0.04945399 0.01854696
v -0.02061796 -0.04300587 -0.02137719
v -0.02062310 -0.04261340 -0.02155147
v -0.02359372 -0.04926925 0.01803616
v -0.02251519 -0.04948264 0.01607299
v -0.02268755 -0.04908106 0.01733927
v -0.02226067 -0.04973996 0.01401607
v -0.02202036 -0.04982651 0.01198679
v -0.01867588 -0.04254345 -0.02098321
v -0.01947109 -0.04257708 -0.02118398
v -0.02174127 -0.04882854 0.01626559
v -0.02057525 -0.04843207 0.01441562
v -0.02031133 -0.04831198 0.01380937
v -0.02014873 -0.04836338 0.01243232
v -0.01990406 -0.04850231 0.01039457
v -0.01966590 -0.04856288 0.00836950
v -0.01943372 -0.04855156 0.00635606
v -0.01921144 -0.04842131 0.00436189
v -0.01899218 -0.04825473 0.00237359
v -0.01674992 -0.04438281 -0.01916750
v -0.01672254 -0.04246350 -0.02047347
v -0.01973669 -0.04805671 0.01252777
v -0.01884765 -0.04767809 0.01064576
v -0.01814810 -0.04731168 0.00874183
v -0.01760257 -0.04695520 0.00682008
v -0.01755677 -0.04692633 0.00666527
v -0.01734710 -0.04687047 0.00482161
v -0.01711626 -0.04684310 0.00281078
v -0.01688960 -0.04676551 0.00080807
v -0.01666279 -0.04668967 -0.00119491
v -0.01644520 -0.04650301 -0.00317996
v -0.01620075 -0.04663918 -0.00521727
v -0.01482890 -0.04351350 -0.01881811
v -0.01481612 -0.04246002 -0.01951552
v -0.01702928 -0.04659693 0.00490155
v -0.01634385 -0.04623144 0.00299598
v -0.01577479 -0.04587344 0.00107696
v -0.01521092 -0.04551578 -0.00084267
v -0.01468271 -0.04516041 -0.00276642
v -0.01453711 -0.04510867 -0.00301125
v -0.01431598 -0.04533410 -0.00479733
v -0.01406118 -0.04559483 -0.00685480
v -0.01381875 -0.04570675 -0.00888818
v -0.01359129 -0.04563874 -0.01089244
v -0.01337902 -0.04538808 -0.01286712
v -0.01319489 -0.04479905 -0.01478703
v -0.01302672 -0.04401820 -0.01667589
v -0.01295338 -0.04252773 -0.01814030
v -0.01335669 -0.04250436 -0.01849184
v -0.01364149 -0.04477199 -0.00463083
v -0.01235598 -0.04436782 -0.00646698
v -0.01212261 -0.04427719 -0.00690691
v -0.01193981 -0.04433154 -0.00845689
v -0.01172263 -0.04413996 -0.01044114
v -0.01152320 -0.04373483 -0.01239082
v -0.01132276 -0.04334199 -0.01434249
v -0.01120339 -0.04277919 -0.01568792
v -0.01138060 -0.04269834 -0.01627840
v -0.01144886 -0.04398803 -0.00834689
v -0.01109034 -0.04364361 -0.01029027
v -0.01105795 -0.04332019 -0.01227138
v -0.01093816 -0.04299115 -0.01424237
v -0.05368746 -0.04974127 0.00664670
v -0.05348763 -0.04934097 0.00469624
v -0.05328523 -0.04897176 0.00274074
v -0.05308413 -0.04858680 0.00078780
v -0.05286020 -0.04973558 0.01693261
v -0.05285849 -0.04946491 0.01676702
v -0.05353922 -0.04922084 0.01490967
v -0.05370326 -0.04891009 0.01290584
v -0.05328110 -0.04856156 0.01096982
v -0.05317592 -0.04823346 0.00899714
v -0.05301983 -0.04790208 0.00703034
v -0.05284651 -0.04756958 0.00506554
v -0.05261606 -0.04723341 0.00310735
v -0.05218070 -0.04688403 0.00117285
v -0.05168026 -0.04653045 -0.00075411
v -0.05121667 -0.04617925 -0.00268533
v -0.05083864 -0.04583357 -0.00462646
v -0.05060569 -0.04549723 -0.00658436
v -0.05019002 -0.04540294 -0.00856443
v -0.05032670 -0.04533899 -0.00741848
v -0.04997189 -0.04522276 -0.01055053
v -0.04975213 -0.04506225 -0.01253981
v -0.04950759 -0.04519952 -0.01457729
v -0.04924032 -0.04561015 -0.01665903
v -0.05160859 -0.04973907 0.01910270
v -0.05114688 -0.04977891 0.01958598
v -0.05279147 -0.04949398 0.01698102
v -0.04994982 -0.04513364 -0.00849334
v -0.04952825 -0.04478514 -0.01042943
v -0.04907763 -0.04443478 -0.01236216
v -0.04844470 -0.04407267 -0.01427379
v -0.04767155 -0.04370152 -0.01616921
v -0.04713738 -0.04412531 -0.01822526
v -0.04735717 -0.04360302 -0.01661615
v -0.04920735 -0.05132799 0.02112267
v -0.04927605 -0.04983343 0.02088393
v -0.04632249 -0.04329325 -0.01799801
v -0.04491282 -0.04410270 -0.02002820
v -0.04512740 -0.04307259 -0.01874707
v -0.04759211 -0.04980156 0.02155216
v -0.04735008 -0.04979811 0.02165519
v -0.04387079 -0.04281393 -0.01969926
v -0.04297096 -0.04266167 -0.02017750
v -0.04539764 -0.04971963 0.02217352
v -0.04081629 -0.04262112 -0.02138628
v -0.04085638 -0.04231897 -0.02120802
v -0.04342975 -0.04961599 0.02254432
v -0.04061870 -0.04228303 -0.02130792
v -0.03874354 -0.04197910 -0.02222191
v -0.04145941 -0.04950833 0.02289161
v -0.03659726 -0.04261233 -0.02298279
v -0.03667879 -0.04171760 -0.02277643
v -0.03948293 -0.04939070 0.02318038
v -0.03643405 -0.04169202 -0.02280871
v -0.03463229 -0.04148585 -0.02315660
v -0.03750799 -0.04927555 0.02348375
v -0.03259684 -0.04127210 -0.02343124
v -0.03529107 -0.05088358 0.02265527
v -0.03550387 -0.04911286 0.02350843
v -0.03058514 -0.04109706 -0.02347895
v -0.03367668 -0.04890478 0.02316184
v -0.03345674 -0.04888008 0.02312227
v -0.02857543 -0.04092524 -0.02350776
v -0.03141226 -0.04865161 0.02276135
v -0.02657529 -0.04076903 -0.02344509
v -0.02920152 -0.04939827 0.02150645
v -0.02934229 -0.04838160 0.02215692
v -0.02460357 -0.04065915 -0.02311086
v -0.02827739 -0.04823550 0.02180155
v -0.02696116 -0.04956571 0.01967274
v -0.02723725 -0.04805445 0.02121757
v -0.02263924 -0.04056130 -0.02270612
v -0.02565144 -0.04774495 0.02012046
v -0.02508657 -0.04765291 0.01984217
v -0.02066741 -0.04045124 -0.02237294
v -0.02284018 -0.04837801 0.01826708
v -0.02299020 -0.04733989 0.01898561
v -0.01867896 -0.04235283 -0.02106280
v -0.01869704 -0.04034353 -0.02202594
v -0.02172310 -0.04717046 0.01859002
v -0.02066007 -0.04782099 0.01655066
v -0.02089567 -0.04702985 0.01814657
v -0.02038940 -0.04827260 0.01446228
v -0.01672606 -0.04186681 -0.02077546
v -0.01674438 -0.04026471 -0.02150967
v -0.01927720 -0.04669151 0.01688810
v -0.01866300 -0.04649472 0.01598803
v -0.01853030 -0.04665873 0.01493221
v -0.01827526 -0.04692234 0.01287427
v -0.01803323 -0.04702956 0.01084165
v -0.01780012 -0.04702941 0.00882641
v -0.01757508 -0.04693225 0.00682687
v -0.01481509 -0.04087674 -0.02040651
v -0.01482369 -0.04023797 -0.02068804
v -0.01809854 -0.04629423 0.01503959
v -0.01716524 -0.04591276 0.01316270
v -0.01632555 -0.04553732 0.01127498
v -0.01609584 -0.04541446 0.01063407
v -0.01593951 -0.04543373 0.00929340
v -0.01571406 -0.04534155 0.00729306
v -0.01549075 -0.04522366 0.00529688
v -0.01524978 -0.04531804 0.00326633
v -0.01502300 -0.04524184 0.00126340
v -0.01479534 -0.04517626 -0.00074124
v -0.01457052 -0.04507656 -0.00274037
v -0.01293656 -0.04229937 -0.01841289
v -0.01290227 -0.04021006 -0.01987333
v -0.01364462 -0.04022336 -0.02017252
v -0.01566259 -0.04517327 0.00936682
v -0.01516694 -0.04482001 0.00743930
v -0.01466563 -0.04446638 0.00551244
v -0.01399481 -0.04410182 0.00360519
v -0.01345326 -0.04374560 0.00168298
v -0.01302661 -0.04351602 0.00048404
v -0.01293754 -0.04354681 -0.00026879
v -0.01269467 -0.04366409 -0.00230304
v -0.01245122 -0.04378834 -0.00433842
v -0.01218139 -0.04422977 -0.00642515
v -0.01115533 -0.04255217 -0.01622989
v -0.01102851 -0.04127416 -0.01803826
v -0.01099762 -0.04020947 -0.01889844
v -0.01273043 -0.04337769 -0.00021826
v -0.01175238 -0.04299333 -0.00208997
v -0.01085954 -0.04261447 -0.00397155
v -0.01050127 -0.04250391 -0.00447045
v -0.01031305 -0.04272708 -0.00597322
v -0.01006483 -0.04290871 -0.00801788
v -0.00985508 -0.04262769 -0.00998765
v -0.00966223 -0.04214352 -0.01192454
v -0.00945600 -0.04182026 -0.01388747
v -0.00927331 -0.04121398 -0.01580459
v -0.00915592 -0.04031147 -0.01732219
v -0.00940041 -0.04027117 -0.01769672
v -0.00974453 -0.04222129 -0.00582742
v -0.00876653 -0.04183694 -0.00769914
v -0.00836459 -0.04148971 -0.00963749
v -0.00834657 -0.04116723 -0.01162026
v -0.00816384 -0.04083413 -0.01358398
v -0.00828464 -0.04052059 -0.01558280
v -0.05280786 -0.04756200 0.01526922
v -0.05271637 -0.04699894 0.01416464
v -0.05276785 -0.04687159 0.01335152
v -0.05242631 -0.04654381 0.01140352
v -0.05243984 -0.04654828 0.01152296
v -0.05221589 -0.04627087 0.00943244
v -0.05198149 -0.04628628 0.00741468
v -0.05177445 -0.04597284 0.00545016
v -0.05155646 -0.04579095 0.00346434
v -0.05133150 -0.04569279 0.00146497
v -0.05109523 -0.04573072 -0.00055644
v -0.05086135 -0.04573991 -0.00257319
v -0.05063772 -0.04562582 -0.00456998
v -0.05042913 -0.04533090 -0.00653750
v -0.05115029 -0.04913083 0.01925444
v -0.05114158 -0.04753589 0.01829052
v -0.05169429 -0.04744505 0.01744541
v -0.05265980 -0.04718595 0.01534887
v -0.05242014 -0.04652786 0.01140689
v -0.05217883 -0.04619098 0.00944995
v -0.05175017 -0.04584203 0.00751469
v -0.05149373 -0.04550418 0.00555950
v -0.05107840 -0.04515609 0.00362269
v -0.05062280 -0.04480541 0.00169054
v -0.04999045 -0.04444333 -0.00022116
v -0.04928362 -0.04407645 -0.00212425
v -0.04878642 -0.04391822 -0.00408488
v -0.04890510 -0.04389122 -0.00307400
v -0.04855176 -0.04393678 -0.00610315
v -0.04832769 -0.04382804 -0.00810081
v -0.04810666 -0.04368267 -0.01009254
v -0.04788872 -0.04350028 -0.01207828
v -0.04766788 -0.04335257 -0.01406963
v -0.04742540 -0.04346519 -0.01610313
v -0.05000547 -0.04765754 0.01962562
v -0.04933622 -0.04769712 0.02021397
v -0.04849627 -0.04370439 -0.00401803
v -0.04761779 -0.04332645 -0.00590126
v -0.04715553 -0.04297534 -0.00783264
v -0.04671530 -0.04262564 -0.00976657
v -0.04638237 -0.04228286 -0.01171291
v -0.04595462 -0.04193397 -0.01364828
v -0.04557171 -0.04178636 -0.01562268
v -0.04572297 -0.04180879 -0.01430255
v -0.04529279 -0.04233700 -0.01772709
v -0.04735877 -0.04958768 0.02161307
v -0.04745235 -0.04773039 0.02138733
v -0.04529572 -0.04157019 -0.01555691
v -0.04398749 -0.04116455 -0.01739043
v -0.04309025 -0.04204969 -0.01948717
v -0.04335037 -0.04104560 -0.01779788
v -0.04547626 -0.04825533 0.02203743
v -0.04551284 -0.04767299 0.02202920
v -0.04168628 -0.04069493 -0.01910909
v -0.04117408 -0.04060233 -0.01941790
v -0.04481004 -0.04764404 0.02221145
v -0.04356679 -0.04760494 0.02260862
v -0.03902960 -0.04020239 -0.02078663
v -0.03902373 -0.04020134 -0.02079013
v -0.04159984 -0.04750281 0.02298831
v -0.03690067 -0.03984482 -0.02190165
v -0.03962083 -0.04738104 0.02325282
v -0.03542762 -0.03964894 -0.02235482
v -0.03482319 -0.03956256 -0.02257784
v -0.03765869 -0.04728677 0.02367858
v -0.03274829 -0.03928454 -0.02322925
v -0.03568099 -0.04716712 0.02395556
v -0.03072327 -0.03908777 -0.02340432
v -0.03349248 -0.04854227 0.02324296
v -0.03365623 -0.04697079 0.02378307
v -0.02870595 -0.03890358 -0.02350569
v -0.03274883 -0.04686676 0.02360664
v -0.03160949 -0.04673866 0.02340067
v -0.02830939 -0.03886888 -0.02351626
v -0.02663016 -0.03981549 -0.02350196
v -0.02668264 -0.03870961 -0.02366438
v -0.02955117 -0.04648764 0.02290756
v -0.02465584 -0.03958697 -0.02325630
v -0.02468919 -0.03856431 -0.02353775
v -0.02742872 -0.04674696 0.02214433
v -0.02748897 -0.04623030 0.02237741
v -0.02270744 -0.03904685 -0.02296020
v -0.02272171 -0.03846132 -0.02316312
v -0.02712776 -0.04618319 0.02227201
v -0.02517011 -0.04713378 0.02027511
v -0.02538235 -0.04590056 0.02142292
v -0.02074164 -0.03871608 -0.02269799
v -0.02074790 -0.03834803 -0.02284887
v -0.02359009 -0.04563388 0.02069638
v -0.02328921 -0.04559280 0.02059718
v -0.01877341 -0.03841432 -0.02244047
v -0.01877709 -0.03823962 -0.02250600
v -0.02099407 -0.04660809 0.01876228
v -0.02121620 -0.04531783 0.01996372
v -0.01681057 -0.03813820 -0.02212214
v -0.01792725 -0.03819981 -0.02231530
v -0.01912238 -0.04514563 0.01920770
v -0.01914046 -0.04503844 0.01930429
v -0.01879098 -0.04632730 0.01700113
v -0.01485692 -0.03805776 -0.02161536
v -0.01897538 -0.04501516 0.01924534
v -0.01698617 -0.04463101 0.01789438
v -0.01692363 -0.04481279 0.01745498
v -0.01666338 -0.04513896 0.01538691
v -0.01641854 -0.04527990 0.01334883
v -0.01617505 -0.04540469 0.01131336
v -0.01290084 -0.03992596 -0.02004393
v -0.01290984 -0.03798801 -0.02104584
v -0.01663026 -0.04454271 0.01753176
v -0.01560792 -0.04415550 0.01566517
v -0.01487743 -0.04378710 0.01376482
v -0.01442573 -0.04356171 0.01260465
v -0.01433055 -0.04361532 0.01181171
v -0.01409250 -0.04367469 0.00978683
v -0.01386465 -0.04361129 0.00778183
v -0.01363121 -0.04361524 0.00576593
v -0.01339904 -0.04360376 0.00375252
v -0.01317399 -0.04350674 0.00175296
v -0.01097966 -0.03905867 -0.01969486
v -0.01097991 -0.03794623 -0.02031245
v -0.01410802 -0.04341619 0.01186897
v -0.01336861 -0.04304722 0.00996965
v -0.01276208 -0.04268680 0.00805496
v -0.01215090 -0.04232609 0.00614081
v -0.01157368 -0.04201719 0.00452926
v -0.01153708 -0.04202441 0.00421686
v -0.01129946 -0.04207858 0.00219283
v -0.01106123 -0.04213996 0.00016763
v -0.01081631 -0.04228187 -0.00187061
v -0.01057329 -0.04240099 -0.00390516
v -0.00912891 -0.04014731 -0.01764717
v -0.00905925 -0.03818194 -0.01934426
v -0.00905708 -0.03791601 -0.01951122
v -0.01145868 -0.04196016 0.00423603
v -0.01071252 -0.04159075 0.00233749
v -0.00988448 -0.04121606 0.00044842
v -0.00902149 -0.04083912 -0.00143660
v -0.00892260 -0.04080018 -0.00162636
v -0.00870087 -0.04094738 -0.00346117
v -0.00845955 -0.04104598 -0.00549240
v -0.00820649 -0.04128573 -0.00754648
v -0.00798358 -0.04116298 -0.00954187
v -0.00778492 -0.04074874 -0.01149008
v -0.00757935 -0.04041755 -0.01345172
v -0.00738069 -0.04000325 -0.01539992
v -0.00722169 -0.03911214 -0.01727092
v -0.00715754 -0.03792376 -0.01848747
v -0.00850621 -0.03791400 -0.01924066
v -0.00813388 -0.04046060 -0.00331878
v -0.00746159 -0.04009595 -0.00522586
v -0.00675501 -0.03972909 -0.00712898
v -0.00621470 -0.03949057 -0.00832474
v -0.00612577 -0.03953369 -0.00906944
v -0.00590398 -0.03939753 -0.01106267
v -0.00569143 -0.03915028 -0.01303790
v -0.00550108 -0.03863600 -0.01496991
v -0.00543875 -0.03822605 -0.01573715
v -0.00594911 -0.03807053 -0.01696001
v -0.00588516 -0.03935170 -0.00901321
v -0.00538935 -0.03899843 -0.01094071
v -0.00507085 -0.03865658 -0.01288872
v -0.00513620 -0.03833947 -0.01488113
v -0.05264716 -0.04669127 0.01339491
v -0.05113057 -0.04656514 0.01765453
v -0.05106143 -0.04517091 0.01628006
v -0.05122642 -0.04511536 0.01585215
v -0.05130154 -0.04479888 0.01385861
v -0.05089572 -0.04445140 0.01192070
v -0.05054422 -0.04410743 0.00997651
v -0.05018725 -0.04389273 0.00801084
v -0.05030157 -0.04393262 0.00902139
v -0.04995670 -0.04386186 0.00600057
v -0.04972932 -0.04379281 0.00399648
v -0.04949442 -0.04381429 0.00197774
v -0.04925773 -0.04385720 -0.00004447
v -0.04902271 -0.04388013 -0.00206345
v -0.04933223 -0.04702359 0.01980424
v -0.04933177 -0.04545550 0.01892662
v -0.05032502 -0.04537860 0.01794127
v -0.05005065 -0.04375429 0.00804875
v -0.04939251 -0.04339056 0.00614003
v -0.04868411 -0.04302358 0.00423712
v -0.04788459 -0.04265073 0.00234476
v -0.04738298 -0.04243167 0.00039497
v -0.04748233 -0.04244157 0.00125941
v -0.04714530 -0.04248653 -0.00162917
v -0.04690684 -0.04255074 -0.00365484
v -0.04667166 -0.04257555 -0.00567412
v -0.04644885 -0.04245161 -0.00766932
v -0.04623116 -0.04226610 -0.00965455
v -0.04601846 -0.04202067 -0.01163008
v -0.04580133 -0.04182840 -0.01361422
v -0.04746151 -0.04554960 0.02025152
v -0.04746133 -0.04551067 0.02022832
v -0.04718054 -0.04228403 0.00044135
v -0.04636327 -0.04191004 -0.00144896
v -0.04557957 -0.04153821 -0.00334316
v -0.04499977 -0.04117952 -0.00526094
v -0.04458908 -0.04084586 -0.00720070
v -0.04460888 -0.04086217 -0.00702043
v -0.04436500 -0.04073719 -0.00919837
v -0.04414685 -0.04055728 -0.01118451
v -0.04392745 -0.04039235 -0.01317308
v -0.04369157 -0.04042558 -0.01519372
v -0.04342915 -0.04077780 -0.01726601
v -0.04741014 -0.04551207 0.02026330
v -0.04558825 -0.04556151 0.02150472
v -0.04456889 -0.04083043 -0.00719595
v -0.04398656 -0.04047158 -0.00911344
v -0.04346844 -0.04011686 -0.01103836
v -0.04298716 -0.03976452 -0.01296754
v -0.04238816 -0.03940460 -0.01488310
v -0.04157457 -0.03910969 -0.01678729
v -0.04161495 -0.03908643 -0.01645121
v -0.04124277 -0.04029621 -0.01899464
v -0.04359852 -0.04686568 0.02247106
v -0.04366702 -0.04553391 0.02232127
v -0.04147417 -0.03902437 -0.01676223
v -0.03955824 -0.03857957 -0.01852545
v -0.03902458 -0.04019706 -0.02078519
v -0.03937735 -0.03854325 -0.01865689
v -0.04171587 -0.04553512 0.02289513
v -0.04172023 -0.04546465 0.02289361
v -0.03717783 -0.03843475 -0.02029123
v -0.03723511 -0.03815547 -0.01995165
v -0.04139902 -0.04544601 0.02294350
v -0.03974764 -0.04535333 0.02321943
v -0.03686084 -0.03808442 -0.02019828
v -0.03489201 -0.03914873 -0.02221341
v -0.03509700 -0.03777441 -0.02120702
v -0.03777624 -0.04524396 0.02355667
v -0.03369621 -0.03755915 -0.02181706
v -0.03298632 -0.03743807 -0.02220026
v -0.03582195 -0.04516248 0.02405734
v -0.03090781 -0.03715415 -0.02288620
v -0.03380827 -0.04498420 0.02399067
v -0.02904940 -0.03693836 -0.02326439
v -0.02878380 -0.03788793 -0.02339858
v -0.02885547 -0.03691288 -0.02332218
v -0.03308066 -0.04490994 0.02390573
v -0.03177937 -0.04478114 0.02377868
v -0.02680591 -0.03667613 -0.02373161
v -0.02973141 -0.04454700 0.02338454
v -0.02479466 -0.03650182 -0.02377503
v -0.02767672 -0.04430189 0.02292610
v -0.02279944 -0.03635364 -0.02366533
v -0.02648342 -0.04416345 0.02268402
v -0.02561755 -0.04404949 0.02242490
v -0.02081100 -0.03621649 -0.02349094
v -0.02332571 -0.04534314 0.02077366
v -0.02355300 -0.04378832 0.02187230
v -0.01884804 -0.03612088 -0.02307305
v -0.02152722 -0.04352273 0.02127248
v -0.02148218 -0.04351693 0.02125980
v -0.01682262 -0.03790302 -0.02214903
v -0.01687808 -0.03601385 -0.02272208
v -0.01940224 -0.04323068 0.02056021
v -0.01490613 -0.03697926 -0.02179082
v -0.01492713 -0.03593781 -0.02218947
v -0.01728587 -0.04326026 0.01972158
v -0.01733075 -0.04295820 0.01994129
v -0.01297536 -0.03622714 -0.02146040
v -0.01298125 -0.03587003 -0.02160847
v -0.01696041 -0.04290710 0.01981590
v -0.01506930 -0.04314161 0.01793419
v -0.01521392 -0.04261182 0.01888920
v -0.01480959 -0.04346141 0.01586715
v -0.01457250 -0.04350917 0.01384415
v -0.01102553 -0.03578622 -0.02112140
v -0.01170995 -0.03582092 -0.02125863
v -0.01430974 -0.04241495 0.01813766
v -0.01317382 -0.04202042 0.01628421
v -0.01285839 -0.04187646 0.01555701
v -0.01270936 -0.04194390 0.01430622
v -0.01246891 -0.04203211 0.01227667
v -0.01222900 -0.04211378 0.01024819
v -0.01199737 -0.04209591 0.00823581
v -0.01177150 -0.04200871 0.00623467
v -0.00905931 -0.03568529 -0.02073470
v -0.01235766 -0.04164650 0.01439377
v -0.01148362 -0.04126885 0.01251002
v -0.01048045 -0.04088288 0.01064121
v -0.01025970 -0.04074482 0.00990187
v -0.01012236 -0.04067332 0.00867478
v -0.00989911 -0.04055469 0.00667872
v -0.00967011 -0.04050528 0.00467145
v -0.00943431 -0.04053753 0.00265097
v -0.00919131 -0.04065630 0.00061648
v -0.00894764 -0.04078315 -0.00141932
v -0.00713640 -0.03733473 -0.01899845
v -0.00712889 -0.03564270 -0.02000601
v -0.00995223 -0.04052751 0.00871746
v -0.00942657 -0.04017231 0.00679342
v -0.00878436 -0.03980960 0.00488286
v -0.00806949 -0.03944221 0.00298070
v -0.00735112 -0.03910818 0.00128645
v -0.00732592 -0.03911812 0.00107416
v -0.00707315 -0.03935441 -0.00097936
v -0.00683748 -0.03938515 -0.00299960
v -0.00660974 -0.03932054 -0.00500441
v -0.00637312 -0.03936258 -0.00702648
v -0.00534684 -0.03768772 -0.01683166
v -0.00524775 -0.03607618 -0.01858604
v -0.00523388 -0.03565782 -0.01893901
v -0.00726460 -0.03906901 0.00108895
v -0.00629054 -0.03868491 -0.00078322
v -0.00558137 -0.03831789 -0.00268604
v -0.00488465 -0.03795166 -0.00459030
v -0.00467848 -0.03785603 -0.00507510
v -0.00450083 -0.03790740 -0.00658224
v -0.00425661 -0.03804087 -0.00861911
v -0.00403331 -0.03792286 -0.01061527
v -0.00382358 -0.03764169 -0.01258502
v -0.00362820 -0.03718794 -0.01452682
v -0.00347683 -0.03620511 -0.01638298
v -0.00343509 -0.03582974 -0.01695288
v -0.00468563 -0.03568957 -0.01846124
v -0.00412843 -0.03758160 -0.00648767
v -0.00330693 -0.03720734 -0.00837750
v -0.00264675 -0.03684347 -0.01028598
v -0.00233120 -0.03650181 -0.01223433
v -0.00236323 -0.03618255 -0.01422289
v -0.00302319 -0.03590376 -0.01628408
v -0.05103601 -0.04489913 0.01590897
v -0.05085385 -0.04428645 0.01399289
v -0.05062985 -0.04417690 0.01199536
v -0.05041359 -0.04397418 0.01001291
v -0.04930568 -0.04454005 0.01819103
v -0.04918237 -0.04321973 0.01638951
v -0.04899471 -0.04267317 0.01446273
v -0.04877020 -0.04256976 0.01246420
v -0.04855783 -0.04232031 0.01048932
v -0.04833318 -0.04221845 0.00849055
v -0.04809319 -0.04230106 0.00646191
v -0.04785224 -0.04239531 0.00443139
v -0.04761575 -0.04243586 0.00240956
v -0.04741415 -0.04331616 0.01859783
v -0.04740093 -0.04317785 0.01840651
v -0.04885833 -0.04298452 0.01646356
v -0.04899311 -0.04267188 0.01446312
v -0.04847988 -0.04231748 0.01253763
v -0.04816542 -0.04197589 0.01058915
v -0.04758984 -0.04161747 0.00867088
v -0.04667673 -0.04123731 0.00679166
v -0.04597768 -0.04096735 0.00487122
v -0.04603420 -0.04095055 0.00535046
v -0.04574600 -0.04095010 0.00285875
v -0.04551557 -0.04091774 0.00084872
v -0.04527546 -0.04100183 -0.00118016
v -0.04503662 -0.04107059 -0.00320655
v -0.04480827 -0.04101337 -0.00521255
v -0.04559295 -0.04404956 0.02070303
v -0.04557232 -0.04330117 0.02010773
v -0.04720661 -0.04319940 0.01863947
v -0.04585309 -0.04086290 0.00490208
v -0.04524823 -0.04050260 0.00298720
v -0.04460794 -0.04014001 0.00107641
v -0.04375570 -0.03976376 -0.00080986
v -0.04316976 -0.03955022 -0.00275176
v -0.04325761 -0.03952901 -0.00200405
v -0.04294713 -0.03942404 -0.00474659
v -0.04271252 -0.03944205 -0.00676478
v -0.04248288 -0.03940016 -0.00877326
v -0.04226058 -0.03927012 -0.01076747
v -0.04203998 -0.03911970 -0.01275838
v -0.04181966 -0.03896573 -0.01474872
v -0.04459753 -0.04335258 0.02092613
v -0.04371514 -0.04337795 0.02153615
v -0.04296974 -0.03939179 -0.00270379
v -0.04246748 -0.03903810 -0.00463054
v -0.04168483 -0.03866633 -0.00652486
v -0.04096754 -0.03829878 -0.00842674
v -0.04042467 -0.03794248 -0.01034879
v -0.04015416 -0.03782718 -0.01234048
v -0.04035512 -0.03790229 -0.01056130
v -0.03993727 -0.03763205 -0.01432415
v -0.03971159 -0.03754256 -0.01632493
v -0.03940430 -0.03843439 -0.01848457
v -0.04181004 -0.04337661 0.02250666
v -0.03982454 -0.03758248 -0.01226423
v -0.03937529 -0.03723220 -0.01419711
v -0.03882787 -0.03687560 -0.01611864
v -0.03755279 -0.03672940 -0.01799989
v -0.03762840 -0.03656200 -0.01743950
v -0.03976959 -0.04496947 0.02319536
v -0.03986620 -0.04331217 0.02310724
v -0.03725314 -0.03645279 -0.01792133
v -0.03534453 -0.03651076 -0.01977109
v -0.03544019 -0.03609932 -0.01917336
v -0.03783155 -0.04430485 0.02351162
v -0.03789989 -0.04321108 0.02349303
v -0.03488483 -0.03597884 -0.01963223
v -0.03309150 -0.03683054 -0.02162946
v -0.03327448 -0.03567329 -0.02069235
v -0.03680865 -0.04317195 0.02381197
v -0.03595254 -0.04314091 0.02406002
v -0.03208497 -0.03547708 -0.02129320
v -0.03114861 -0.03531218 -0.02183077
v -0.03474203 -0.04303877 0.02405103
v -0.03389583 -0.04369258 0.02402807
v -0.03394532 -0.04297317 0.02405513
v -0.02891570 -0.03630196 -0.02314183
v -0.02904059 -0.03498017 -0.02279861
v -0.03192802 -0.04278900 0.02395389
v -0.02874517 -0.03494052 -0.02289172
v -0.02694867 -0.03467439 -0.02361268
v -0.02988963 -0.04257045 0.02365115
v -0.02491652 -0.03446603 -0.02385572
v -0.02785319 -0.04235509 0.02336709
v -0.02291351 -0.03430515 -0.02382043
v -0.02589194 -0.04214710 0.02308991
v -0.02581605 -0.04213859 0.02307630
v -0.02090496 -0.03413522 -0.02383816
v -0.02376651 -0.04190188 0.02266710
v -0.01892639 -0.03401417 -0.02356943
v -0.02148804 -0.04347176 0.02128528
v -0.02171684 -0.04166496 0.02225667
v -0.01697177 -0.03393216 -0.02307182
v -0.02004779 -0.04144915 0.02178109
v -0.01964970 -0.04139956 0.02167929
v -0.01499860 -0.03381989 -0.02275157
v -0.01759329 -0.04115165 0.02120439
v -0.01303182 -0.03371805 -0.02237019
v -0.01547216 -0.04110072 0.02027985
v -0.01550895 -0.04085824 0.02046279
v -0.01103052 -0.03564429 -0.02115738
v -0.01105981 -0.03360769 -0.02203880
v -0.01519549 -0.04081512 0.02035753
v -0.01323085 -0.04127961 0.01844429
v -0.01341164 -0.04054367 0.01959721
v -0.01295305 -0.04181686 0.01634205
v -0.00907100 -0.03523791 -0.02088293
v -0.00910361 -0.03352309 -0.02155635
v -0.01221567 -0.04030177 0.01871737
v -0.01114925 -0.03996009 0.01715467
v -0.01110824 -0.04003123 0.01683979
v -0.01085524 -0.04027021 0.01478583
v -0.01059434 -0.04060435 0.01271647
v -0.01034600 -0.04078736 0.01067158
v -0.00715385 -0.03432203 -0.02052599
v -0.00716866 -0.03347312 -0.02087091
v -0.01095625 -0.03989928 0.01687821
v -0.00992554 -0.03951153 0.01501258
v -0.00872645 -0.03911293 0.01316644
v -0.00872462 -0.03911212 0.01316233
v -0.00848501 -0.03919623 0.01113783
v -0.00825157 -0.03920010 0.00912194
v -0.00802363 -0.03913785 0.00711675
v -0.00779411 -0.03909464 0.00510849
v -0.00756452 -0.03905221 0.00310009
v -0.00523000 -0.03348678 -0.02018211
v -0.00523045 -0.03341784 -0.02021664
v -0.00791614 -0.03873939 0.01127532
v -0.00727429 -0.03837670 0.00936471
v -0.00671267 -0.03801918 0.00744483
v -0.00608887 -0.03765766 0.00553214
v -0.00584007 -0.03751463 0.00477646
v -0.00569945 -0.03751020 0.00355839
v -0.00545732 -0.03761865 0.00152557
v -0.00521600 -0.03771725 -0.00050566
v -0.00497874 -0.03776697 -0.00252897
v -0.00474079 -0.03782511 -0.00455365
v -0.00335344 -0.03488576 -0.01818466
v -0.00330915 -0.03339011 -0.01940083
v -0.00509285 -0.03341626 -0.02015572
v -0.00546071 -0.03729585 0.00361995
v -0.00474483 -0.03692839 0.00171790
v -0.00405809 -0.03656281 -0.00018751
v -0.00332811 -0.03619444 -0.00208792
v -0.00302802 -0.03603529 -0.00291684
v -0.00289318 -0.03607324 -0.00406138
v -0.00265685 -0.03611181 -0.00608289
v -0.00240622 -0.03632237 -0.00813224
v -0.00216494 -0.03642054 -0.01016340
v -0.00195007 -0.03620118 -0.01214315
v -0.00175715 -0.03571783 -0.01408017
v -0.00157519 -0.03510278 -0.01599586
v -0.00147941 -0.03351161 -0.01771029
v -0.00153708 -0.03350843 -0.01775955
v -0.00259912 -0.03582614 -0.00398844
v -0.00188196 -0.03545860 -0.00589034
v -0.00087619 -0.03507246 -0.00775885
v -0.00043192 -0.03490789 -0.00854717
v -0.00028745 -0.03502787 -0.00972928
v -0.00007210 -0.03481426 -0.01170996
v 0.00012599 -0.03439304 -0.01365703
v 0.00027814 -0.03375073 -0.01533026
v 0.00023506 -0.03371555 -0.01556971
v 0.00013409 -0.03468603 -0.00962683
v 0.00054872 -0.03433798 -0.01156372
v 0.00058971 -0.03401402 -0.01354383
v -0.04729137 -0.04198957 0.01679732
v -0.04710808 -0.04139038 0.01487906
v -0.04690490 -0.04103050 0.01292206
v -0.04669279 -0.04077784 0.01094769
v -0.04646326 -0.04073476 0.00893940
v -0.04621604 -0.04090433 0.00689669
v -0.04553034 -0.04199945 0.01901965
v -0.04539340 -0.04084309 0.01719159
v -0.04536971 -0.04073661 0.01692747
v -0.04583294 -0.04049000 0.01516614
v -0.04570109 -0.04016018 0.01319654
v -0.04533405 -0.03981520 0.01125415
v -0.04461819 -0.03944775 0.00935211
v -0.04433467 -0.03955825 0.00732327
v -0.04456688 -0.03942828 0.00925825
v -0.04410515 -0.03951510 0.00531499
v -0.04388154 -0.03940077 0.00331823
v -0.04364807 -0.03940498 0.00130228
v -0.04340747 -0.03949499 -0.00072755
v -0.04371750 -0.04263237 0.02114112
v -0.04365767 -0.04104991 0.01974233
v -0.04403209 -0.04101659 0.01934416
v -0.04529602 -0.04077672 0.01721310
v -0.04367326 -0.03906553 0.00747656
v -0.04306835 -0.03870522 0.00556168
v -0.04252043 -0.03834858 0.00364021
v -0.04180381 -0.03798108 0.00173826
v -0.04153610 -0.03802867 -0.00028151
v -0.04176273 -0.03796182 0.00164043
v -0.04130256 -0.03803375 -0.00229759
v -0.04107614 -0.03795322 -0.00429982
v -0.04083764 -0.03801800 -0.00632557
v -0.04060421 -0.03802172 -0.00834144
v -0.04038038 -0.03791000 -0.01033862
v -0.04182000 -0.04148027 0.02153629
v -0.04181547 -0.04115109 0.02131375
v -0.04105116 -0.03761125 -0.00015953
v -0.04036729 -0.03724585 -0.00206528
v -0.03971566 -0.03688253 -0.00397475
v -0.03910211 -0.03652167 -0.00588863
v -0.03874455 -0.03641471 -0.00787262
v -0.03890926 -0.03641499 -0.00644851
v -0.03851717 -0.03634573 -0.00987672
v -0.03828714 -0.03630852 -0.01188596
v -0.03806297 -0.03620105 -0.01388382
v -0.03783833 -0.03609906 -0.01588258
v -0.04129784 -0.04116171 0.02164530
v -0.03993138 -0.04118400 0.02248502
v -0.03846605 -0.03615935 -0.00779990
v -0.03793636 -0.03580389 -0.00972348
v -0.03730313 -0.03544176 -0.01163509
v -0.03668092 -0.03508034 -0.01354796
v -0.03603849 -0.03471761 -0.01545850
v -0.03569448 -0.03510609 -0.01752843
v -0.03594751 -0.03469169 -0.01557190
v -0.03799029 -0.04112403 0.02311181
v -0.03467144 -0.03430819 -0.01728522
v -0.03349221 -0.03481555 -0.01928799
v -0.03369977 -0.03413198 -0.01787446
v -0.03597273 -0.04268773 0.02398208
v -0.03603932 -0.04104796 0.02364425
v -0.03249820 -0.03384681 -0.01901868
v -0.03127389 -0.03471789 -0.02107878
v -0.03148910 -0.03363270 -0.01982287
v -0.03405012 -0.04090958 0.02381145
v -0.03007281 -0.03336919 -0.02072297
v -0.02933485 -0.03322534 -0.02123237
v -0.03203678 -0.04073186 0.02374799
v -0.02718954 -0.03308983 -0.02241316
v -0.02721827 -0.03287937 -0.02228206
v -0.03001746 -0.04054439 0.02362745
v -0.02696995 -0.03284790 -0.02234890
v -0.02513239 -0.03258345 -0.02303836
v -0.02800167 -0.04036269 0.02354069
v -0.02309059 -0.03235935 -0.02337366
v -0.02586273 -0.04160890 0.02318479
v -0.02598748 -0.04018358 0.02346911
v -0.02105884 -0.03215162 -0.02361300
v -0.02572960 -0.04015842 0.02344617
v -0.02395485 -0.03997443 0.02322147
v -0.01907657 -0.03202454 -0.02337958
v -0.02191470 -0.03975303 0.02290195
v -0.01830610 -0.03196823 -0.02333155
v -0.01706261 -0.03221460 -0.02324341
v -0.01707668 -0.03186875 -0.02331445
v -0.01975099 -0.04039046 0.02199277
v -0.01984566 -0.03948453 0.02230643
v -0.01507257 -0.03217523 -0.02302837
v -0.01508819 -0.03173152 -0.02314050
v -0.01921734 -0.03941741 0.02221463
v -0.01781630 -0.03928072 0.02209003
v -0.01313134 -0.03164587 -0.02266427
v -0.01390073 -0.03168433 -0.02282196
v -0.01577531 -0.03905794 0.02176247
v -0.01114743 -0.03151610 -0.02244660
v -0.01364248 -0.03913324 0.02080702
v -0.01369839 -0.03877660 0.02109164
v -0.00916846 -0.03139440 -0.02218162
v -0.01326532 -0.03871251 0.02091828
v -0.01139486 -0.03938796 0.01895919
v -0.01159766 -0.03845647 0.02019347
v -0.00720469 -0.03129746 -0.02177152
v -0.01023235 -0.03819573 0.01928427
v -0.00925519 -0.03834467 0.01732148
v -0.00940070 -0.03797952 0.01837598
v -0.00898651 -0.03877226 0.01523700
v -0.00872515 -0.03911189 0.01316675
v -0.00523603 -0.03119256 -0.02140813
v -0.00857559 -0.03776764 0.01749107
v -0.00720747 -0.03735814 0.01566447
v -0.00709217 -0.03732075 0.01549270
v -0.00685712 -0.03760541 0.01361930
v -0.00661521 -0.03771108 0.01158693
v -0.00638896 -0.03762862 0.00958501
v -0.00616199 -0.03755464 0.00758172
v -0.00593128 -0.03752565 0.00557115
v -0.00329340 -0.03280479 -0.01986304
v -0.00328631 -0.03111851 -0.02086382
v -0.00609824 -0.03696534 0.01380793
v -0.00523324 -0.03658827 0.01192314
v -0.00460156 -0.03622623 0.01001136
v -0.00443033 -0.03608620 0.00923435
v -0.00429955 -0.03598107 0.00804513
v -0.00407208 -0.03591309 0.00604087
v -0.00383344 -0.03597956 0.00401485
v -0.00360305 -0.03594670 0.00200490
v -0.00337341 -0.03590496 -0.00000361
v -0.00313194 -0.03600530 -0.00203512
v -0.00147714 -0.03347875 -0.01774821
v -0.00138475 -0.03178673 -0.01948956
v -0.00137323 -0.03110419 -0.01996947
v -0.00415959 -0.03587643 0.00807763
v -0.00354926 -0.03551577 0.00616338
v -0.00282573 -0.03514782 0.00426222
v -0.00221031 -0.03478683 0.00234856
v -0.00177684 -0.03443757 0.00041385
v -0.00140028 -0.03425160 -0.00054145
v -0.00127937 -0.03431307 -0.00155250
v -0.00103357 -0.03446559 -0.00359245
v -0.00079353 -0.03454880 -0.00562119
v -0.00054016 -0.03479234 -0.00767588
v 0.00029869 -0.03366668 -0.01555471
v 0.00044567 -0.03263106 -0.01740232
v 0.00050308 -0.03114978 -0.01872384
v -0.00033126 -0.03113117 -0.01926744
v -0.00102788 -0.03406798 -0.00148436
v -0.00023494 -0.03369556 -0.00337749
v 0.00074233 -0.03331125 -0.00524930
v 0.00116827 -0.03316909 -0.00590866
v 0.00133344 -0.03335286 -0.00723418
v 0.00158006 -0.03351518 -0.00927572
v 0.00180160 -0.03337598 -0.01126845
v 0.00199510 -0.03289965 -0.01320661
v 0.00217136 -0.03221609 -0.01511121
v 0.00229428 -0.03133408 -0.01666521
v 0.00211154 -0.03129507 -0.01700002
v 0.00182170 -0.03292037 -0.00710929
v 0.00269517 -0.03254276 -0.00899310
v 0.00323605 -0.03218658 -0.01091539
v 0.00338008 -0.03185597 -0.01288358
v 0.00310371 -0.03155246 -0.01490040
v -0.04522632 -0.04004908 0.01530486
v -0.04502630 -0.03965112 0.01335403
v -0.04481187 -0.03942646 0.01137513
v -0.04457936 -0.03941916 0.00936105
v -0.04364378 -0.04071584 0.01943612
v -0.04350733 -0.03955354 0.01760902
v -0.04333448 -0.03882892 0.01571106
v -0.04314195 -0.03834091 0.01377480
v -0.04293061 -0.03807908 0.01180192
v -0.04270260 -0.03801772 0.00979659
v -0.04246425 -0.03808061 0.00777114
v -0.04223778 -0.03800064 0.00576882
v -0.04200919 -0.03794624 0.00376237
v -0.04177518 -0.03795696 0.00174537
v -0.04176505 -0.03933804 0.01986783
v -0.04169198 -0.03871547 0.01888930
v -0.04213149 -0.03859456 0.01791664
v -0.04265749 -0.03830714 0.01587094
v -0.04267317 -0.03798682 0.01388428
v -0.04238783 -0.03764711 0.01193243
v -0.04182935 -0.03728980 0.01001218
v -0.04105646 -0.03691866 0.00811674
v -0.04036407 -0.03656257 0.00621030
v -0.04037099 -0.03656272 0.00627018
v -0.04013559 -0.03650682 0.00420406
v -0.03991900 -0.03630807 0.00222097
v -0.03968234 -0.03635069 0.00019880
v -0.03944419 -0.03641124 -0.00182626
v -0.03920713 -0.03645857 -0.00384919
v -0.03897779 -0.03641317 -0.00585711
v -0.03992445 -0.04030466 0.02193528
v -0.03988948 -0.03888135 0.02084000
v -0.04089047 -0.03883591 0.02004505
v -0.04035081 -0.03655186 0.00621351
v -0.03972686 -0.03619033 0.00430083
v -0.03936221 -0.03584551 0.00235816
v -0.03868974 -0.03548084 0.00045110
v -0.03789391 -0.03510823 -0.00144169
v -0.03735068 -0.03481302 -0.00337413
v -0.03739920 -0.03482307 -0.00294902
v -0.03711649 -0.03482587 -0.00539148
v -0.03689024 -0.03474323 -0.00739336
v -0.03666548 -0.03464275 -0.00939236
v -0.03643324 -0.03463225 -0.01140592
v -0.03619945 -0.03464032 -0.01342250
v -0.03596513 -0.03465487 -0.01544012
v -0.03798403 -0.03966870 0.02224690
v -0.03797826 -0.03887005 0.02175207
v -0.03727651 -0.03474712 -0.00335513
v -0.03661317 -0.03438305 -0.00526324
v -0.03605862 -0.03402599 -0.00718395
v -0.03554350 -0.03367146 -0.00910921
v -0.03492708 -0.03331042 -0.01102276
v -0.03433348 -0.03310917 -0.01296596
v -0.03441733 -0.03306698 -0.01226460
v -0.03410132 -0.03309762 -0.01497935
v -0.03382268 -0.03364498 -0.01708323
v -0.03610945 -0.03884912 0.02258295
v -0.03606087 -0.03884870 0.02260531
v -0.03412858 -0.03293763 -0.01291524
v -0.03348282 -0.03257469 -0.01482540
v -0.03233015 -0.03217908 -0.01667691
v -0.03166069 -0.03287010 -0.01876438
v -0.03190649 -0.03207852 -0.01708046
v -0.03410962 -0.03877216 0.02313496
v -0.03058747 -0.03174545 -0.01846018
v -0.02945068 -0.03267263 -0.02053902
v -0.02968275 -0.03155793 -0.01915375
v -0.03212092 -0.03863461 0.02330702
v -0.02814463 -0.03126670 -0.02016245
v -0.02752803 -0.03114981 -0.02056775
v -0.03011504 -0.03846904 0.02331479
v -0.02534323 -0.03132229 -0.02191835
v -0.02541699 -0.03081287 -0.02156449
v -0.02983528 -0.03844479 0.02330872
v -0.02807013 -0.03903497 0.02339281
v -0.02810752 -0.03830081 0.02330701
v -0.02486265 -0.03073387 -0.02176766
v -0.02331168 -0.03048526 -0.02250651
v -0.02600998 -0.03983851 0.02347139
v -0.02611733 -0.03816083 0.02346478
v -0.02122103 -0.03018156 -0.02330842
v -0.02410855 -0.03799053 0.02344488
v -0.02103136 -0.03016564 -0.02330932
v -0.01910183 -0.03166280 -0.02336274
v -0.01920519 -0.02999977 -0.02339569
v -0.02207845 -0.03778550 0.02322138
v -0.01718705 -0.02981423 -0.02350499
v -0.02005266 -0.03758750 0.02303906
v -0.01520250 -0.02968343 -0.02329337
v -0.01795903 -0.03796952 0.02259335
v -0.01802300 -0.03738319 0.02281976
v -0.01314547 -0.03137897 -0.02269080
v -0.01320845 -0.02953715 -0.02317247
v -0.01735706 -0.03731931 0.02276729
v -0.01600040 -0.03719038 0.02266787
v -0.01116006 -0.03128386 -0.02246674
v -0.01122875 -0.02941426 -0.02291453
v -0.01396382 -0.03697478 0.02238243
v -0.00918948 -0.03101043 -0.02221381
v -0.00925181 -0.02929586 -0.02263019
v -0.01180468 -0.03726338 0.02131840
v -0.01189275 -0.03670298 0.02176753
v -0.00724156 -0.03046460 -0.02191678
v -0.00727337 -0.02917501 -0.02236025
v -0.01120658 -0.03660162 0.02149390
v -0.00956177 -0.03746136 0.01947975
v -0.00978546 -0.03637216 0.02080665
v -0.00529079 -0.02995295 -0.02162529
v -0.00530809 -0.02907562 -0.02196455
v -0.00835860 -0.03609675 0.01983849
v -0.00739832 -0.03670413 0.01779573
v -0.00761169 -0.03593301 0.01921076
v -0.00711693 -0.03728451 0.01568651
v -0.00335727 -0.02923403 -0.02130024
v -0.00336302 -0.02900916 -0.02137578
v -0.00616692 -0.03563419 0.01810717
v -0.00540176 -0.03543492 0.01726936
v -0.00525297 -0.03572907 0.01614698
v -0.00499899 -0.03597994 0.01409111
v -0.00475109 -0.03615775 0.01204706
v -0.00451817 -0.03615528 0.01003219
v -0.00139976 -0.02891305 -0.02096083
v -0.00251039 -0.02897206 -0.02116689
v -0.00461022 -0.03521254 0.01630239
v -0.00339533 -0.03481292 0.01445807
v -0.00301256 -0.03464467 0.01361537
v -0.00288169 -0.03466772 0.01249694
v -0.00264946 -0.03465713 0.01048339
v -0.00242356 -0.03457027 0.00848219
v -0.00220174 -0.03443450 0.00648890
v -0.00196908 -0.03442902 0.00447452
v -0.00173836 -0.03440022 0.00246392
v -0.00151993 -0.03422356 0.00047726
v 0.00051751 -0.03069185 -0.01910365
v 0.00054235 -0.02885142 -0.02034374
v -0.00260427 -0.03444062 0.01256472
v -0.00190048 -0.03407394 0.01066128
v -0.00145972 -0.03372421 0.00872742
v -0.00082171 -0.03336177 0.00681637
v -0.00018898 -0.03299967 0.00490471
v -0.00004955 -0.03291933 0.00448008
v 0.00012963 -0.03289330 0.00291654
v 0.00034849 -0.03272189 0.00092902
v 0.00057724 -0.03266930 -0.00107773
v 0.00082019 -0.03278751 -0.00311213
v 0.00107374 -0.03303322 -0.00516717
v 0.00231746 -0.03116983 -0.01695710
v 0.00239913 -0.02934890 -0.01867758
v 0.00240655 -0.02891674 -0.01898248
v 0.00042804 -0.03263858 0.00299123
v 0.00088737 -0.03228766 0.00105951
v 0.00157304 -0.03192215 -0.00084602
v 0.00232570 -0.03155232 -0.00274381
v 0.00283470 -0.03132233 -0.00390297
v 0.00292876 -0.03137037 -0.00468931
v 0.00318605 -0.03166108 -0.00675164
v 0.00343205 -0.03181586 -0.00879196
v 0.00366522 -0.03181656 -0.01080734
v 0.00387290 -0.03151067 -0.01277308
v 0.00405805 -0.03093396 -0.01469499
v 0.00422109 -0.03009136 -0.01657384
v 0.00428494 -0.02895894 -0.01775678
v 0.00306034 -0.02893438 -0.01853764
v 0.00317185 -0.03117646 -0.00463078
v 0.00421987 -0.03078760 -0.00649441
v 0.00500822 -0.03041547 -0.00838806
v 0.00542256 -0.03020835 -0.00945460
v 0.00552701 -0.03023509 -0.01034265
v 0.00574905 -0.03010193 -0.01233636
v 0.00594256 -0.02962570 -0.01427453
v 0.00600690 -0.02925608 -0.01503663
v 0.00552025 -0.02909718 -0.01626824
v 0.00573648 -0.03004721 -0.01028867
v 0.00623655 -0.02969366 -0.01221568
v 0.00627239 -0.02937003 -0.01419639
v -0.04162520 -0.03821672 0.01803410
v -0.04146335 -0.03735981 0.01615755
v -0.04127318 -0.03684338 0.01422590
v -0.04106574 -0.03653468 0.01226061
v -0.04083847 -0.03646436 0.01025672
v -0.04060049 -0.03652280 0.00823200
v -0.03985620 -0.03832242 0.02024091
v -0.03973391 -0.03698989 0.01844137
v -0.03957296 -0.03613115 0.01657152
v -0.03957575 -0.03613031 0.01656490
v -0.03988054 -0.03582863 0.01454479
v -0.03973159 -0.03549771 0.01257717
v -0.03917091 -0.03514025 0.01065717
v -0.03872896 -0.03505852 0.00867771
v -0.03888648 -0.03501243 0.01001373
v -0.03850133 -0.03499261 0.00667312
v -0.03827534 -0.03490684 0.00467174
v -0.03805722 -0.03472652 0.00268567
v -0.03782496 -0.03471623 0.00067207
v -0.03758087 -0.03484810 -0.00136455
v -0.03791770 -0.03766330 0.02055628
v -0.03783737 -0.03640607 0.01916140
v -0.03845539 -0.03637944 0.01867935
v -0.03834563 -0.03476574 0.00876779
v -0.03773282 -0.03440493 0.00685382
v -0.03721559 -0.03405027 0.00492880
v -0.03682903 -0.03370403 0.00298867
v -0.03620656 -0.03334259 0.00107582
v -0.03572245 -0.03322618 -0.00089331
v -0.03586023 -0.03318403 0.00027428
v -0.03549140 -0.03320132 -0.00290455
v -0.03525652 -0.03322252 -0.00492325
v -0.03502877 -0.03315803 -0.00692807
v -0.03480470 -0.03304924 -0.00892573
v -0.03457371 -0.03302369 -0.01093685
v -0.03606040 -0.03883075 0.02259121
v -0.03600373 -0.03670921 0.02091940
v -0.03599698 -0.03651020 0.02075011
v -0.03545623 -0.03297292 -0.00082224
v -0.03483998 -0.03261188 -0.00273580
v -0.03408511 -0.03224191 -0.00463333
v -0.03337957 -0.03187511 -0.00653657
v -0.03293219 -0.03159664 -0.00848190
v -0.03300263 -0.03163047 -0.00785412
v -0.03269912 -0.03159613 -0.01049708
v -0.03246332 -0.03162837 -0.01251757
v -0.03223389 -0.03158398 -0.01452565
v -0.03197895 -0.03184643 -0.01658340
v -0.03410871 -0.03833026 0.02288090
v -0.03410821 -0.03653549 0.02187671
v -0.03559021 -0.03651612 0.02099563
v -0.03283478 -0.03151868 -0.00845841
v -0.03215455 -0.03115352 -0.01036457
v -0.03141547 -0.03078456 -0.01226393
v -0.03060044 -0.03041072 -0.01415450
v -0.03011381 -0.03030521 -0.01612523
v -0.03027092 -0.03028206 -0.01477992
v -0.02981873 -0.03105021 -0.01826110
v -0.03213594 -0.03808316 0.02312957
v -0.03218384 -0.03650277 0.02266327
v -0.02977445 -0.03003616 -0.01604381
v -0.02816791 -0.02961130 -0.01784282
v -0.02761506 -0.03077652 -0.02002339
v -0.02792256 -0.02955837 -0.01804373
v -0.03012035 -0.03835084 0.02329490
v -0.03021254 -0.03639355 0.02300138
v -0.02603833 -0.02915274 -0.01958133
v -0.02573263 -0.02909288 -0.01979404
v -0.02822002 -0.03624977 0.02313686
v -0.02353638 -0.02908021 -0.02134672
v -0.02359113 -0.02870630 -0.02108178
v -0.02624174 -0.03612919 0.02340838
v -0.02329307 -0.02865450 -0.02124862
v -0.02144874 -0.02831828 -0.02237794
v -0.02423568 -0.03596333 0.02341450
v -0.01987297 -0.02811277 -0.02283785
v -0.01937693 -0.02804528 -0.02299990
v -0.02222076 -0.03578304 0.02333600
v -0.01735033 -0.02784594 -0.02319003
v -0.02021361 -0.03561541 0.02333172
v -0.01533289 -0.02766154 -0.02329260
v -0.01821217 -0.03545708 0.02338198
v -0.01332223 -0.02748820 -0.02333036
v -0.01618646 -0.03531531 0.02323170
v -0.01619119 -0.03526692 0.02324564
v -0.01133379 -0.02735105 -0.02315596
v -0.01615974 -0.03526392 0.02324327
v -0.01416537 -0.03506886 0.02306299
v -0.00933867 -0.02720304 -0.02304525
v -0.01213092 -0.03485674 0.02279791
v -0.00734138 -0.02705148 -0.02295532
v -0.00998563 -0.03516802 0.02186628
v -0.01007095 -0.03460304 0.02228909
v -0.00536363 -0.02693175 -0.02267880
v -0.00940505 -0.03450729 0.02203977
v -0.00773268 -0.03548681 0.02000807
v -0.00797904 -0.03429729 0.02147515
v -0.00340865 -0.02684914 -0.02218471
v -0.00620854 -0.03397997 0.02042468
v -0.00553974 -0.03508409 0.01826666
v -0.00583269 -0.03390280 0.02014108
v -0.00140602 -0.02872813 -0.02100967
v -0.00143491 -0.02673597 -0.02186977
v -0.00385905 -0.03350723 0.01871160
v -0.00338920 -0.03417145 0.01660781
v -0.00365565 -0.03345830 0.01851385
v -0.00312197 -0.03458169 0.01452613
v 0.00050953 -0.02779314 -0.02064965
v 0.00049029 -0.02670187 -0.02109130
v -0.00220370 -0.03307923 0.01691824
v -0.00131947 -0.03275447 0.01536644
v -0.00127616 -0.03280802 0.01502193
v -0.00102381 -0.03303926 0.01296923
v -0.00078141 -0.03315095 0.01093589
v -0.00056673 -0.03292923 0.00895652
v -0.00033109 -0.03295961 0.00693633
v -0.00010091 -0.03292431 0.00492678
v 0.00239617 -0.02669928 -0.02012815
v 0.00175859 -0.02671872 -0.02033560
v -0.00113683 -0.03268915 0.01505680
v -0.00011800 -0.03230217 0.01318980
v 0.00070128 -0.03192805 0.01129972
v 0.00115378 -0.03157756 0.00936721
v 0.00140280 -0.03142146 0.00853088
v 0.00153106 -0.03138250 0.00740031
v 0.00176617 -0.03140639 0.00538118
v 0.00199618 -0.03136907 0.00337196
v 0.00222186 -0.03127962 0.00137117
v 0.00245898 -0.03132782 -0.00065189
v 0.00268870 -0.03128694 -0.00266054
v 0.00431865 -0.02846161 -0.01832527
v 0.00435003 -0.02661850 -0.01962332
v 0.00172697 -0.03121930 0.00744866
v 0.00246685 -0.03085029 0.00554940
v 0.00314807 -0.03048507 0.00364335
v 0.00369341 -0.03012860 0.00172158
v 0.00425425 -0.02987791 0.00046118
v 0.00433396 -0.02990493 -0.00021288
v 0.00457738 -0.03002876 -0.00224819
v 0.00480749 -0.02999260 -0.00425760
v 0.00504865 -0.03008930 -0.00628852
v 0.00528832 -0.03016812 -0.00831655
v 0.00610126 -0.02873100 -0.01614495
v 0.00622832 -0.02745576 -0.01795377
v 0.00626120 -0.02660728 -0.01871075
v 0.00453557 -0.02975300 -0.00016586
v 0.00543287 -0.02937385 -0.00204691
v 0.00609982 -0.02900955 -0.00395461
v 0.00680920 -0.02864251 -0.00585741
v 0.00696499 -0.02856367 -0.00626433
v 0.00715030 -0.02858891 -0.00785223
v 0.00738425 -0.02859895 -0.00986912
v 0.00760232 -0.02841807 -0.01185510
v 0.00781690 -0.02819510 -0.01383427
v 0.00799212 -0.02749899 -0.01573684
v 0.00807541 -0.02675407 -0.01687193
v 0.00749259 -0.02667052 -0.01768747
v 0.00749163 -0.02827720 -0.00776332
v 0.00819067 -0.02791083 -0.00966731
v 0.00859560 -0.02756341 -0.01160532
v 0.00915194 -0.02720623 -0.01352582
v 0.00888986 -0.02690180 -0.01554098
v -0.03957247 -0.03612812 0.01656562
v -0.03939410 -0.03546984 0.01465692
v -0.03919259 -0.03508987 0.01270317
v -0.03896899 -0.03497547 0.01070642
v -0.03781771 -0.03606264 0.01880015
v -0.03768423 -0.03486473 0.01697881
v -0.03750356 -0.03423409 0.01506564
v -0.03730693 -0.03379534 0.01312140
v -0.03709385 -0.03355447 0.01114513
v -0.03686811 -0.03346577 0.00914423
v -0.03663538 -0.03346113 0.00712971
v -0.03640886 -0.03338184 0.00512728
v -0.03618999 -0.03321054 0.00313975
v -0.03596140 -0.03315606 0.00113330
v -0.03591473 -0.03497645 0.01918465
v -0.03579914 -0.03395342 0.01761542
v -0.03604488 -0.03392455 0.01731081
v -0.03660871 -0.03363956 0.01526074
v -0.03661636 -0.03331873 0.01327500
v -0.03642551 -0.03298510 0.01131222
v -0.03596934 -0.03263438 0.00938014
v -0.03532822 -0.03227174 0.00746945
v -0.03478596 -0.03191547 0.00554733
v -0.03431781 -0.03175396 0.00358422
v -0.03444248 -0.03174255 0.00465564
v -0.03410133 -0.03155400 0.00160132
v -0.03387112 -0.03151901 -0.00040828
v -0.03363263 -0.03158354 -0.00243399
v -0.03339415 -0.03164805 -0.00445970
v -0.03315776 -0.03168746 -0.00648134
v -0.03408194 -0.03584926 0.02126728
v -0.03401273 -0.03414552 0.01971980
v -0.03429071 -0.03413282 0.01949858
v -0.03406190 -0.03154748 0.00364623
v -0.03367200 -0.03120103 0.00170648
v -0.03309608 -0.03084259 -0.00021175
v -0.03234852 -0.03047309 -0.00211013
v -0.03164082 -0.03010616 -0.00401311
v -0.03129717 -0.03009157 -0.00601432
v -0.03148820 -0.03003143 -0.00439635
v -0.03106541 -0.03007525 -0.00802694
v -0.03083517 -0.03004060 -0.01003660
v -0.03059318 -0.03014727 -0.01206913
v -0.03035381 -0.03022254 -0.01409658
v -0.03216382 -0.03494508 0.02162232
v -0.03214747 -0.03420912 0.02107097
v -0.03091390 -0.02973799 -0.00591388
v -0.03023857 -0.02937315 -0.00782061
v -0.02951027 -0.02900489 -0.00972122
v -0.02871653 -0.02874453 -0.01163338
v -0.02877292 -0.02870978 -0.01116530
v -0.02848427 -0.02873418 -0.01364697
v -0.02824741 -0.02877919 -0.01566952
v -0.02796106 -0.02941926 -0.01778840
v -0.03054713 -0.03421289 0.02191647
v -0.03024723 -0.03421571 0.02208797
v -0.02855685 -0.02862212 -0.01159578
v -0.02785116 -0.02825532 -0.01349900
v -0.02712664 -0.02788730 -0.01540004
v -0.02611169 -0.02768846 -0.01729954
v -0.02617708 -0.02758280 -0.01679315
v -0.02578069 -0.02886533 -0.01950533
v -0.02830976 -0.03416164 0.02274933
v -0.02589093 -0.02748634 -0.01724195
v -0.02406292 -0.02704721 -0.01901535
v -0.02392689 -0.02701910 -0.01911912
v -0.02633720 -0.03405039 0.02307555
v -0.02174768 -0.02662002 -0.02073978
v -0.02175417 -0.02658165 -0.02070506
v -0.02432323 -0.03387163 0.02300606
v -0.02171344 -0.02657448 -0.02072842
v -0.01943872 -0.02761218 -0.02270700
v -0.01962349 -0.02621271 -0.02188938
v -0.02232678 -0.03372144 0.02310398
v -0.01818097 -0.02602550 -0.02230465
v -0.01754678 -0.02593172 -0.02255816
v -0.02034048 -0.03358779 0.02329890
v -0.01547167 -0.02565333 -0.02321168
v -0.01835780 -0.03346004 0.02352836
v -0.01345585 -0.02547158 -0.02329873
v -0.01635531 -0.03330000 0.02356859
v -0.01145602 -0.02531587 -0.02323312
v -0.01627754 -0.03329329 0.02356711
v -0.01434323 -0.03312434 0.02351723
v -0.00945125 -0.02515213 -0.02321462
v -0.01233705 -0.03295829 0.02352226
v -0.00890803 -0.02510659 -0.02321685
v -0.00740509 -0.02569558 -0.02316000
v -0.00744128 -0.02497991 -0.02324581
v -0.01031433 -0.03276529 0.02336922
v -0.00542241 -0.02556758 -0.02293061
v -0.00545463 -0.02484567 -0.02305434
v -0.00816160 -0.03313254 0.02240446
v -0.00825286 -0.03250914 0.02284605
v -0.00345755 -0.02522541 -0.02266655
v -0.00346883 -0.02471284 -0.02285465
v -0.00750222 -0.03240644 0.02259736
v -0.00589690 -0.03359266 0.02052337
v -0.00615898 -0.03220017 0.02201328
v -0.00148296 -0.02500026 -0.02242144
v -0.00149151 -0.02459382 -0.02257398
v -0.00426112 -0.03187625 0.02098742
v -0.00369059 -0.03335058 0.01875596
v -0.00403174 -0.03183683 0.02086178
v 0.00045072 -0.02453199 -0.02195805
v -0.00059157 -0.02457063 -0.02225484
v -0.00185159 -0.03149512 0.01926500
v -0.00186945 -0.03141638 0.01937551
v -0.00153850 -0.03245669 0.01709407
v 0.00239142 -0.02645336 -0.02022409
v 0.00240041 -0.02445799 -0.02141347
v -0.00175347 -0.03139332 0.01929264
v 0.00003572 -0.03095669 0.01751476
v 0.00058620 -0.03123354 0.01548549
v 0.00038271 -0.03084946 0.01703067
v 0.00083996 -0.03148170 0.01343005
v 0.00108302 -0.03160125 0.01139543
v 0.00130415 -0.03145706 0.00940351
v 0.00433954 -0.02590985 -0.01992743
v 0.00434908 -0.02438568 -0.02085901
v 0.00134492 -0.03055100 0.01568135
v 0.00222985 -0.03017264 0.01379886
v 0.00291521 -0.02982569 0.01200784
v 0.00292913 -0.02983131 0.01189063
v 0.00317139 -0.02994117 0.00985758
v 0.00340362 -0.02993054 0.00784403
v 0.00363577 -0.02991892 0.00583065
v 0.00386858 -0.02991521 0.00381599
v 0.00409431 -0.02982636 0.00181510
v 0.00627326 -0.02519321 -0.01960275
v 0.00627039 -0.02435793 -0.02004336
v 0.00295889 -0.02980434 0.01189834
v 0.00372175 -0.02943385 0.01000174
v 0.00445038 -0.02906557 0.00810117
v 0.00505233 -0.02870545 0.00618595
v 0.00572502 -0.02835002 0.00433600
v 0.00573182 -0.02835114 0.00427785
v 0.00597056 -0.02841880 0.00225164
v 0.00620660 -0.02845391 0.00023069
v 0.00644397 -0.02850499 -0.00179285
v 0.00667956 -0.02853482 -0.00381294
v 0.00691409 -0.02855177 -0.00583095
v 0.00812965 -0.02634973 -0.01756605
v 0.00819269 -0.02432858 -0.01923702
v 0.00812857 -0.02432999 -0.01926128
v 0.00574549 -0.02833946 0.00428128
v 0.00649754 -0.02796967 0.00238342
v 0.00717372 -0.02760477 0.00047679
v 0.00781702 -0.02724199 -0.00143365
v 0.00848185 -0.02687782 -0.00334160
v 0.00857587 -0.02680745 -0.00372796
v 0.00875423 -0.02671001 -0.00532412
v 0.00899160 -0.02676119 -0.00734768
v 0.00923529 -0.02688830 -0.00938352
v 0.00946314 -0.02682492 -0.01138852
v 0.00969023 -0.02675247 -0.01339206
v 0.00988280 -0.02626498 -0.01532840
v 0.01002522 -0.02517452 -0.01716713
v 0.01007086 -0.02437115 -0.01800918
v 0.00897269 -0.02652486 -0.00526967
v 0.00964535 -0.02616019 -0.00717671
v 0.01047166 -0.02578561 -0.00906598
v 0.01122655 -0.02541564 -0.01096351
v 0.01139100 -0.02532310 -0.01145062
v 0.01156223 -0.02529376 -0.01294724
v 0.01175383 -0.02479459 -0.01488170
v 0.01176777 -0.02470910 -0.01504982
v 0.01105418 -0.02446277 -0.01693800
v 0.01185301 -0.02505394 -0.01287589
v 0.01183558 -0.02473374 -0.01486276
v -0.03578414 -0.03374374 0.01736895
v -0.03562576 -0.03284511 0.01549916
v -0.03543191 -0.03237298 0.01356033
v -0.03523130 -0.03198224 0.01160832
v -0.03501251 -0.03180991 0.00962095
v -0.03478138 -0.03178604 0.00760955
v -0.03455434 -0.03171298 0.00560612
v -0.03400677 -0.03395018 0.01955946
v -0.03390265 -0.03239921 0.01779528
v -0.03373265 -0.03164028 0.01590287
v -0.03360554 -0.03124757 0.01458524
v -0.03368242 -0.03115143 0.01395186
v -0.03373670 -0.03083360 0.01196073
v -0.03338000 -0.03048929 0.01001714
v -0.03291668 -0.03023958 0.00806857
v -0.03300360 -0.03026661 0.00883501
v -0.03269388 -0.03011549 0.00607340
v -0.03246360 -0.03008147 0.00406364
v -0.03223859 -0.02998394 0.00206416
v -0.03200985 -0.02993125 0.00005743
v -0.03177728 -0.02992469 -0.00195677
v -0.03153678 -0.03001343 -0.00398641
v -0.03211231 -0.03276152 0.01996055
v -0.03203928 -0.03179843 0.01879267
v -0.03271565 -0.03173177 0.01803339
v -0.03344201 -0.03145726 0.01596452
v -0.03279225 -0.03013009 0.00810028
v -0.03232121 -0.02977841 0.00616991
v -0.03174176 -0.02941974 0.00425209
v -0.03117817 -0.02906210 0.00233243
v -0.03057041 -0.02870161 0.00041788
v -0.03005038 -0.02834677 -0.00150681
v -0.02968236 -0.02834342 -0.00350739
v -0.02987030 -0.02826376 -0.00192706
v -0.02944515 -0.02839266 -0.00553062
v -0.02920572 -0.02846848 -0.00755816
v -0.02896244 -0.02859069 -0.00959321
v -0.03024856 -0.03400650 0.02198293
v -0.03025126 -0.03198791 0.02088166
v -0.03094130 -0.03193875 0.02022350
v -0.02928813 -0.02797632 -0.00340349
v -0.02857317 -0.02760892 -0.00530564
v -0.02778333 -0.02723670 -0.00719913
v -0.02709478 -0.02707981 -0.00913995
v -0.02719175 -0.02700198 -0.00834505
v -0.02684295 -0.02730486 -0.01119165
v -0.02661253 -0.02727239 -0.01320166
v -0.02638260 -0.02723415 -0.01521073
v -0.02834625 -0.03291228 0.02236874
v -0.02836998 -0.03202540 0.02207977
v -0.02680115 -0.02685208 -0.00907036
v -0.02569031 -0.02645916 -0.01092672
v -0.02493175 -0.02608895 -0.01282382
v -0.02450031 -0.02589915 -0.01478595
v -0.02463514 -0.02593892 -0.01359822
v -0.02425463 -0.02605019 -0.01682566
v -0.02394791 -0.02693512 -0.01898419
v -0.02638755 -0.03249602 0.02264479
v -0.02640881 -0.03193271 0.02251482
v -0.02427196 -0.02572511 -0.01473235
v -0.02344488 -0.02535048 -0.01662153
v -0.02209976 -0.02518975 -0.01849297
v -0.02216579 -0.02501807 -0.01801773
v -0.02437462 -0.03273171 0.02281530
v -0.02442259 -0.03179919 0.02271046
v -0.02177642 -0.02492164 -0.01841338
v -0.01988899 -0.02500128 -0.02026906
v -0.01998971 -0.02457514 -0.01963578
v -0.02236882 -0.03288184 0.02299966
v -0.02243701 -0.03166671 0.02291220
v -0.01932641 -0.02444242 -0.02011483
v -0.01762374 -0.02546797 -0.02215121
v -0.01782256 -0.02414677 -0.02116847
v -0.02041565 -0.03239908 0.02328648
v -0.02047056 -0.03156541 0.02329677
v -0.01657800 -0.02394398 -0.02178175
v -0.01570229 -0.02379480 -0.02225335
v -0.01849194 -0.03156205 0.02363065
v -0.01849953 -0.03145663 0.02363749
v -0.01362126 -0.02350677 -0.02296337
v -0.01636398 -0.03318091 0.02357724
v -0.01650197 -0.03130463 0.02372478
v -0.01191705 -0.02332228 -0.02322745
v -0.01155150 -0.02377463 -0.02326635
v -0.01158034 -0.02328410 -0.02329032
v -0.01450701 -0.03115687 0.02383699
v -0.00949236 -0.02456593 -0.02318579
v -0.00958634 -0.02313790 -0.02316897
v -0.01251010 -0.03100593 0.02393056
v -0.00758847 -0.02298539 -0.02308458
v -0.01049868 -0.03083135 0.02388551
v -0.00558057 -0.02281655 -0.02309598
v -0.00844911 -0.03059458 0.02347597
v -0.00356644 -0.02263753 -0.02316699
v -0.00663748 -0.03037249 0.02303486
v -0.00638756 -0.03033830 0.02295201
v -0.00157024 -0.02248774 -0.02306670
v -0.00407153 -0.03157330 0.02105895
v -0.00430180 -0.03004256 0.02219682
v 0.00043542 -0.02409925 -0.02206691
v 0.00039676 -0.02238556 -0.02268736
v -0.00296120 -0.02981425 0.02147526
v -0.00217828 -0.02968529 0.02108090
v 0.00236472 -0.02332940 -0.02173362
v 0.00234730 -0.02231018 -0.02215085
v -0.00012015 -0.02930984 0.01981905
v 0.00030520 -0.03065775 0.01759396
v -0.00003241 -0.02929159 0.01975141
v 0.00431831 -0.02285177 -0.02144763
v 0.00430731 -0.02221937 -0.02170487
v 0.00194030 -0.02885573 0.01807255
v 0.00243368 -0.02947998 0.01597803
v 0.00217869 -0.02879159 0.01779882
v 0.00268828 -0.02973831 0.01392095
v 0.00623627 -0.02217916 -0.02096219
v 0.00533394 -0.02221054 -0.02123192
v 0.00348125 -0.02843510 0.01626595
v 0.00453622 -0.02805297 0.01444752
v 0.00454208 -0.02806075 0.01440119
v 0.00478827 -0.02821791 0.01236048
v 0.00502912 -0.02831086 0.01033017
v 0.00526854 -0.02838671 0.00830262
v 0.00549596 -0.02831815 0.00629846
v 0.00819287 -0.02430696 -0.01925062
v 0.00817696 -0.02211984 -0.02033156
v 0.00456066 -0.02804421 0.01440595
v 0.00541028 -0.02766813 0.01251938
v 0.00624857 -0.02729279 0.01063150
v 0.00687259 -0.02693125 0.00871883
v 0.00723976 -0.02675047 0.00779078
v 0.00736217 -0.02678994 0.00675452
v 0.00759807 -0.02682332 0.00473385
v 0.00783673 -0.02689004 0.00270779
v 0.00806817 -0.02686981 0.00069580
v 0.00829881 -0.02684002 -0.00131464
v 0.00853150 -0.02683493 -0.00332908
v 0.01010640 -0.02334770 -0.01888666
v 0.01010203 -0.02208597 -0.01955180
v 0.00764703 -0.02656001 0.00682357
v 0.00839017 -0.02619080 0.00492468
v 0.00920451 -0.02581699 0.00303403
v 0.00992603 -0.02547610 0.00129900
v 0.00994604 -0.02548173 0.00112918
v 0.01018141 -0.02550885 -0.00089048
v 0.01040763 -0.02542592 -0.00289232
v 0.01062301 -0.02521264 -0.00487305
v 0.01085026 -0.02514203 -0.00687689
v 0.01109519 -0.02528410 -0.00891515
v 0.01133212 -0.02532990 -0.01093783
v 0.01191475 -0.02392661 -0.01675645
v 0.01200398 -0.02219657 -0.01849164
v 0.01200308 -0.02209125 -0.01854247
v 0.00999230 -0.02544490 0.00114030
v 0.01071821 -0.02507680 -0.00076058
v 0.01135629 -0.02471435 -0.00267162
v 0.01176630 -0.02436660 -0.00460904
v 0.01234441 -0.02400802 -0.00652702
v 0.01287112 -0.02377997 -0.00766515
v 0.01296678 -0.02382054 -0.00846955
v 0.01320825 -0.02392088 -0.01050106
v 0.01343349 -0.02382616 -0.01250099
v 0.01364551 -0.02357254 -0.01447520
v 0.01382352 -0.02291001 -0.01638321
v 0.01389349 -0.02211386 -0.01743162
v 0.01222612 -0.02208770 -0.01844981
v 0.01318707 -0.02363239 -0.00841440
v 0.01408035 -0.02325350 -0.01029592
v 0.01478222 -0.02288695 -0.01219958
v 0.01531423 -0.02253134 -0.01412289
v 0.01496880 -0.02223227 -0.01614770
v -0.03354850 -0.03105159 0.01398291
v -0.03335692 -0.03055209 0.01204851
v -0.03314408 -0.03030829 0.01007271
v -0.03200240 -0.03128011 0.01818511
v -0.03184155 -0.03041127 0.01631050
v -0.03166621 -0.02971653 0.01440771
v -0.03147963 -0.02915706 0.01248301
v -0.03126927 -0.02888347 0.01051204
v -0.03105647 -0.02863919 0.00853632
v -0.03083806 -0.02846236 0.00654968
v -0.03060902 -0.02841331 0.00454236
v -0.03037568 -0.02841596 0.00252666
v -0.03014804 -0.02835015 0.00052205
v -0.02992333 -0.02824897 -0.00147683
v -0.03022790 -0.03145203 0.02038121
v -0.03010967 -0.03007073 0.01858956
v -0.02993587 -0.02935752 0.01668975
v -0.02988989 -0.02916462 0.01618476
v -0.03039002 -0.02896103 0.01467019
v -0.03077870 -0.02866475 0.01264037
v -0.03061611 -0.02833295 0.01067433
v -0.03031726 -0.02799237 0.00872405
v -0.02996505 -0.02764834 0.00677994
v -0.02939261 -0.02729013 0.00486130
v -0.02867642 -0.02692265 0.00295930
v -0.02827740 -0.02687509 0.00096951
v -0.02844586 -0.02681136 0.00239030
v -0.02805265 -0.02677441 -0.00102945
v -0.02782261 -0.02673742 -0.00303873
v -0.02758691 -0.02676851 -0.00505903
v -0.02734414 -0.02688460 -0.00709308
v -0.02832635 -0.03034864 0.02076850
v -0.02827990 -0.02964423 0.01997449
v -0.02929761 -0.02953327 0.01876625
v -0.02977575 -0.02924276 0.01672609
v -0.02790199 -0.02655142 0.00106403
v -0.02729143 -0.02619075 -0.00085020
v -0.02670197 -0.02583143 -0.00276686
v -0.02604436 -0.02546773 -0.00467564
v -0.02547613 -0.02537789 -0.00664050
v -0.02560777 -0.02528959 -0.00555174
v -0.02522077 -0.02564533 -0.00869906
v -0.02496427 -0.02592647 -0.01075984
v -0.02472966 -0.02594447 -0.01277802
v -0.02716812 -0.02971736 0.02099744
v -0.02642771 -0.02972912 0.02145047
v -0.02508838 -0.02508480 -0.00654991
v -0.02404348 -0.02469614 -0.00841389
v -0.02309738 -0.02440638 -0.01030509
v -0.02313692 -0.02436629 -0.00998561
v -0.02285608 -0.02450478 -0.01233629
v -0.02262813 -0.02444258 -0.01434148
v -0.02239032 -0.02449909 -0.01636589
v -0.02449970 -0.02969048 0.02220227
v -0.02297446 -0.02430592 -0.01027509
v -0.02209547 -0.02392795 -0.01215826
v -0.02131758 -0.02355649 -0.01405313
v -0.02055604 -0.02318609 -0.01594989
v -0.02022521 -0.02376170 -0.01805312
v -0.02049987 -0.02317215 -0.01600714
v -0.02255314 -0.02962159 0.02277678
v -0.01912147 -0.02277232 -0.01776879
v -0.01804327 -0.02322668 -0.01977311
v -0.01822156 -0.02256262 -0.01860177
v -0.02060562 -0.02955112 0.02334208
v -0.01712842 -0.02232255 -0.01952310
v -0.01582559 -0.02312134 -0.02156265
v -0.01602179 -0.02208109 -0.02044608
v -0.01864563 -0.02946035 0.02378836
v -0.01479560 -0.02185089 -0.02123810
v -0.01385665 -0.02165599 -0.02195959
v -0.01665981 -0.02932749 0.02398785
v -0.01166724 -0.02238296 -0.02304105
v -0.01176699 -0.02135390 -0.02275206
v -0.01466238 -0.02917569 0.02407636
v -0.01136335 -0.02130837 -0.02282592
v -0.00972557 -0.02113043 -0.02308370
v -0.01266810 -0.02902904 0.02419506
v -0.00772273 -0.02096982 -0.02304679
v -0.01066091 -0.02886134 0.02419038
v -0.00572827 -0.02082287 -0.02292986
v -0.00862046 -0.02863945 0.02386805
v -0.00370020 -0.02062114 -0.02313405
v -0.00646390 -0.02957823 0.02318853
v -0.00657551 -0.02841021 0.02350262
v -0.00168477 -0.02044002 -0.02321741
v -0.00610290 -0.02835982 0.02343417
v -0.00453043 -0.02818077 0.02313605
v 0.00030959 -0.02029324 -0.02309944
v -0.00229459 -0.02897172 0.02168878
v -0.00245540 -0.02790252 0.02248329
v 0.00229656 -0.02015850 -0.02291095
v -0.00145326 -0.02773885 0.02198717
v -0.00004751 -0.02921989 0.01984200
v -0.00033487 -0.02755012 0.02139596
v 0.00427203 -0.02004248 -0.02261266
v 0.00143554 -0.02723136 0.02033648
v 0.00213220 -0.02865800 0.01812637
v 0.00180809 -0.02716117 0.02009434
v 0.00622503 -0.02181049 -0.02107040
v 0.00620870 -0.01998972 -0.02194360
v 0.00396733 -0.02675604 0.01864293
v 0.00396572 -0.02674831 0.01865256
v 0.00427873 -0.02769733 0.01647529
v 0.00814831 -0.02096844 -0.02072541
v 0.00813568 -0.01995273 -0.02118207
v 0.00397694 -0.02674626 0.01864561
v 0.00578301 -0.02630854 0.01686968
v 0.00640100 -0.02644484 0.01487145
v 0.00622917 -0.02616300 0.01619990
v 0.00665360 -0.02667912 0.01281826
v 0.00689619 -0.02679297 0.01078456
v 0.00712391 -0.02672813 0.00877979
v 0.01007286 -0.02014159 -0.02038289
v 0.01006898 -0.01990545 -0.02048088
v 0.00705940 -0.02590496 0.01503247
v 0.00822922 -0.02550825 0.01318294
v 0.00864749 -0.02532531 0.01226780
v 0.00877026 -0.02535912 0.01122535
v 0.00900328 -0.02535800 0.00921027
v 0.00923748 -0.02537100 0.00719290
v 0.00946941 -0.02535674 0.00517994
v 0.00970794 -0.02542185 0.00315414
v 0.01202541 -0.01982048 -0.02000061
v 0.01095626 -0.01986999 -0.02024408
v 0.00909358 -0.02513122 0.01129808
v 0.00993274 -0.02475581 0.00941029
v 0.01063234 -0.02438940 0.00750637
v 0.01124912 -0.02402833 0.00559286
v 0.01139300 -0.02395442 0.00521019
v 0.01158044 -0.02396916 0.00359797
v 0.01181697 -0.02401016 0.00157607
v 0.01205093 -0.02402035 -0.00044084
v 0.01227988 -0.02397023 -0.00244799
v 0.01249957 -0.02380881 -0.00443713
v 0.01272502 -0.02371657 -0.00643746
v 0.01394293 -0.02154287 -0.01817715
v 0.01396609 -0.01976118 -0.01936992
v 0.01194188 -0.02366236 0.00368815
v 0.01269246 -0.02329267 0.00179012
v 0.01336822 -0.02292780 -0.00011656
v 0.01393384 -0.02257002 -0.00203598
v 0.01430242 -0.02231640 -0.00341328
v 0.01436675 -0.02229215 -0.00398293
v 0.01459986 -0.02229202 -0.00599818
v 0.01483990 -0.02237530 -0.00802692
v 0.01508505 -0.02251995 -0.01006560
v 0.01531694 -0.02250517 -0.01207848
v 0.01554013 -0.02238577 -0.01407441
v 0.01572616 -0.02181974 -0.01599804
v 0.01585631 -0.02058164 -0.01781287
v 0.01586567 -0.01976884 -0.01834667
v 0.01445878 -0.02221487 -0.00396011
v 0.01512519 -0.02185059 -0.00586788
v 0.01599389 -0.02147329 -0.00775224
v 0.01681222 -0.02109923 -0.00964243
v 0.01699454 -0.02103250 -0.00996092
v 0.01720609 -0.02125266 -0.01166705
v 0.01743838 -0.02124274 -0.01368070
v 0.01763832 -0.02084391 -0.01563140
v 0.01776767 -0.01977257 -0.01734643
v 0.01761952 -0.01976190 -0.01748845
v 0.01791754 -0.02070667 -0.01149943
v 0.01866862 -0.02033694 -0.01339740
v 0.01886172 -0.02000317 -0.01535991
v -0.02976918 -0.02855882 0.01480379
v -0.02959353 -0.02786785 0.01290039
v -0.02939990 -0.02739314 0.01096197
v -0.02918952 -0.02711976 0.00899096
v -0.02897605 -0.02688346 0.00701395
v -0.02875227 -0.02677124 0.00501686
v -0.02851799 -0.02678525 0.00299932
v -0.02822790 -0.02872951 0.01901535
v -0.02806843 -0.02784395 0.01714345
v -0.02789851 -0.02708413 0.01525119
v -0.02773353 -0.02651947 0.01351039
v -0.02775550 -0.02649170 0.01332756
v -0.02777018 -0.02617132 0.01134101
v -0.02754887 -0.02583573 0.00938176
v -0.02720395 -0.02549218 0.00743680
v -0.02688403 -0.02526738 0.00546898
v -0.02702070 -0.02535780 0.00670083
v -0.02666129 -0.02514260 0.00347391
v -0.02641671 -0.02528034 0.00143635
v -0.02618136 -0.02530722 -0.00058327
v -0.02595794 -0.02519068 -0.00257967
v -0.02572375 -0.02520352 -0.00459701
v -0.02642000 -0.02930299 0.02114644
v -0.02636272 -0.02738884 0.01958483
v -0.02653804 -0.02737721 0.01942294
v -0.02737441 -0.02710979 0.01734134
v -0.02762613 -0.02680469 0.01532737
v -0.02672673 -0.02514010 0.00550716
v -0.02625741 -0.02478853 0.00357659
v -0.02543066 -0.02441393 0.00168738
v -0.02458990 -0.02403842 -0.00020022
v -0.02408119 -0.02378905 -0.00214409
v -0.02415858 -0.02379687 -0.00147075
v -0.02384786 -0.02379161 -0.00415977
v -0.02360503 -0.02390835 -0.00619394
v -0.02335454 -0.02411726 -0.00824302
v -0.02450348 -0.02837962 0.02150459
v -0.02450414 -0.02746333 0.02099985
v -0.02392958 -0.02367455 -0.00210869
v -0.02318738 -0.02330539 -0.00400769
v -0.02236959 -0.02293136 -0.00589794
v -0.02148366 -0.02264508 -0.00779603
v -0.02152506 -0.02260847 -0.00745860
v -0.02123042 -0.02288706 -0.00985047
v -0.02098618 -0.02302087 -0.01188739
v -0.02074551 -0.02311163 -0.01391735
v -0.02050935 -0.02314820 -0.01593853
v -0.02288276 -0.02746297 0.02183062
v -0.02260059 -0.02746454 0.02198524
v -0.02136800 -0.02254549 -0.00776693
v -0.02035235 -0.02215872 -0.00963430
v -0.01937504 -0.02177441 -0.01150610
v -0.01887395 -0.02164769 -0.01347169
v -0.01900880 -0.02161117 -0.01232628
v -0.01865517 -0.02147525 -0.01545904
v -0.01837208 -0.02207606 -0.01757157
v -0.02070500 -0.02747871 0.02304666
v -0.01855263 -0.02140008 -0.01339581
v -0.01813092 -0.02105158 -0.01533189
v -0.01675899 -0.02064185 -0.01715804
v -0.01619846 -0.02144111 -0.01927538
v -0.01646611 -0.02057080 -0.01744642
v -0.01877055 -0.02742955 0.02373684
v -0.01486534 -0.02019848 -0.01892384
v -0.01400042 -0.02109961 -0.02102669
v -0.01424819 -0.02005968 -0.01946416
v -0.01680116 -0.02732347 0.02409336
v -0.01263417 -0.01973337 -0.02065060
v -0.01206805 -0.01961016 -0.02112088
v -0.01481430 -0.02718889 0.02428284
v -0.00991985 -0.01942614 -0.02235371
v -0.00994039 -0.01924612 -0.02227645
v -0.01281197 -0.02702911 0.02432458
v -0.00974155 -0.01922563 -0.02230084
v -0.00790749 -0.01903654 -0.02252665
v -0.01080516 -0.02686205 0.02432361
v -0.00589601 -0.01886184 -0.02257235
v -0.00877430 -0.02665578 0.02409281
v -0.00385361 -0.01863677 -0.02291332
v -0.00674137 -0.02644613 0.02384223
v -0.00183313 -0.01844742 -0.02304493
v -0.00611080 -0.02638211 0.02377073
v -0.00470893 -0.02623728 0.02359636
v 0.00017450 -0.01827901 -0.02305378
v -0.00266140 -0.02600386 0.02320642
v 0.00092890 -0.01821666 -0.02305138
v 0.00222256 -0.01881735 -0.02301843
v 0.00218446 -0.01810680 -0.02308491
v -0.00056096 -0.02584931 0.02240292
v -0.00057838 -0.02571258 0.02247734
v 0.00421522 -0.01880938 -0.02280848
v 0.00417930 -0.01795923 -0.02297164
v -0.00046506 -0.02569694 0.02243896
v 0.00174518 -0.02680756 0.02044119
v 0.00151061 -0.02541158 0.02169126
v 0.00612962 -0.01788421 -0.02243302
v 0.00598829 -0.01789060 -0.02246613
v 0.00305960 -0.02514847 0.02086182
v 0.00363694 -0.02504973 0.02054847
v 0.00807042 -0.01782471 -0.02180345
v 0.00579721 -0.02479090 0.01916973
v 0.00577282 -0.02467232 0.01931453
v 0.00612775 -0.02596229 0.01696483
v 0.01002382 -0.01774467 -0.02129428
v 0.00593832 -0.02464163 0.01920997
v 0.00796294 -0.02420651 0.01756233
v 0.00797991 -0.02426502 0.01744827
v 0.00826739 -0.02491863 0.01532719
v 0.00852916 -0.02526322 0.01325614
v 0.01202105 -0.01959894 -0.02008638
v 0.01198504 -0.01765190 -0.02085975
v 0.00806799 -0.02418306 0.01747147
v 0.00964178 -0.02376032 0.01566867
v 0.01026572 -0.02355710 0.01473394
v 0.01039669 -0.02375070 0.01370966
v 0.01064744 -0.02396277 0.01166007
v 0.01088776 -0.02404939 0.00963078
v 0.01111781 -0.02401249 0.00762149
v 0.01134609 -0.02395428 0.00561565
v 0.01395520 -0.01888747 -0.01976254
v 0.01393171 -0.01758283 -0.02028629
v 0.01086735 -0.02336001 0.01382558
v 0.01191709 -0.02297104 0.01196216
v 0.01263812 -0.02260324 0.01006072
v 0.01280171 -0.02252765 0.00967779
v 0.01299276 -0.02258933 0.00806055
v 0.01322176 -0.02253971 0.00605331
v 0.01344921 -0.02247161 0.00404907
v 0.01368331 -0.02248344 0.00203189
v 0.01391497 -0.02246588 0.00001947
v 0.01414213 -0.02239434 -0.00198421
v 0.01586015 -0.01782496 -0.01938186
v 0.01585806 -0.01754688 -0.01951870
v 0.01341182 -0.02223206 0.00816536
v 0.01403221 -0.02187075 0.00625228
v 0.01471947 -0.02150514 0.00434692
v 0.01549602 -0.02113377 0.00245190
v 0.01560414 -0.02106400 0.00207648
v 0.01578489 -0.02098219 0.00046833
v 0.01601309 -0.02092317 -0.00153738
v 0.01623783 -0.02082244 -0.00353634
v 0.01646205 -0.02071535 -0.00553427
v 0.01670821 -0.02087223 -0.00757493
v 0.01695059 -0.02098362 -0.00960823
v 0.01777645 -0.01970176 -0.01746177
v 0.01779780 -0.01748909 -0.01887911
v 0.01661003 -0.01752741 -0.01925260
v 0.01604536 -0.02077704 0.00053059
v 0.01665686 -0.02041631 -0.00138352
v 0.01721720 -0.02005888 -0.00330356
v 0.01772502 -0.01970483 -0.00522967
v 0.01853310 -0.01939414 -0.00673365
v 0.01858145 -0.01942840 -0.00713252
v 0.01882597 -0.01956559 -0.00917000
v 0.01907543 -0.01976208 -0.01121707
v 0.01931424 -0.01983045 -0.01324341
v 0.01952390 -0.01954846 -0.01521302
v 0.01968136 -0.01863884 -0.01708103
v 0.01971049 -0.01747541 -0.01798094
v 0.01870479 -0.01932036 -0.00710118
v 0.01949314 -0.01894823 -0.00899484
v 0.02029009 -0.01857555 -0.01088750
v 0.02106364 -0.01820437 -0.01278287
v 0.02133318 -0.01786568 -0.01473655
v 0.02125142 -0.01754962 -0.01673086
v -0.02771700 -0.02646371 0.01333636
v -0.02752330 -0.02598977 0.01139782
v -0.02731778 -0.02565796 0.00943628
v -0.02710510 -0.02541224 0.00746079
v -0.02635906 -0.02723276 0.01946632
v -0.02622738 -0.02601322 0.01764849
v -0.02604862 -0.02535961 0.01573903
v -0.02584895 -0.02495744 0.01378888
v -0.02565400 -0.02449862 0.01184789
v -0.02545362 -0.02410502 0.00989634
v -0.02524445 -0.02381705 0.00792770
v -0.02501788 -0.02373838 0.00592517
v -0.02479776 -0.02358200 0.00393522
v -0.02455816 -0.02366005 0.00190732
v -0.02431301 -0.02380471 -0.00013136
v -0.02448368 -0.02581478 0.01990454
v -0.02440839 -0.02507292 0.01884035
v -0.02488456 -0.02497111 0.01796683
v -0.02507292 -0.02466192 0.01596019
v -0.02481315 -0.02432386 0.01400539
v -0.02497260 -0.02401281 0.01200209
v -0.02491833 -0.02368799 0.01002352
v -0.02461853 -0.02334734 0.00807335
v -0.02395196 -0.02298306 0.00616560
v -0.02345640 -0.02262980 0.00423808
v -0.02270514 -0.02226006 0.00234013
v -0.02244152 -0.02233990 0.00031444
v -0.02267387 -0.02224626 0.00227092
v -0.02220787 -0.02234623 -0.00170185
v -0.02197171 -0.02238283 -0.00372304
v -0.02173420 -0.02243563 -0.00574686
v -0.02260399 -0.02725136 0.02189590
v -0.02260950 -0.02524468 0.02082552
v -0.02348249 -0.02520208 0.02011387
v -0.02182207 -0.02188183 0.00045743
v -0.02111641 -0.02151503 -0.00144580
v -0.02014504 -0.02113110 -0.00331829
v -0.01985322 -0.02108499 -0.00531954
v -0.02006235 -0.02109373 -0.00350670
v -0.01961511 -0.02114493 -0.00734451
v -0.01936510 -0.02134810 -0.00939266
v -0.01911561 -0.02154498 -0.01143980
v -0.02073862 -0.02571296 0.02235362
v -0.02074287 -0.02530605 0.02216360
v -0.01937113 -0.02075991 -0.00521361
v -0.01843209 -0.02037807 -0.00708984
v -0.01747834 -0.02006688 -0.00897658
v -0.01751526 -0.02004617 -0.00866895
v -0.01724240 -0.02010085 -0.01099735
v -0.01700601 -0.02014014 -0.01301897
v -0.01678222 -0.02002801 -0.01501608
v -0.01651576 -0.02042889 -0.01709625
v -0.02014611 -0.02530839 0.02248466
v -0.01885256 -0.02532883 0.02327551
v -0.01734973 -0.01998699 -0.00894949
v -0.01648956 -0.01961023 -0.01083484
v -0.01571877 -0.01923923 -0.01273053
v -0.01534573 -0.01889387 -0.01467223
v -0.01465955 -0.01878032 -0.01662070
v -0.01476746 -0.01867154 -0.01574847
v -0.01434535 -0.01975530 -0.01879380
v -0.01691497 -0.02527455 0.02393568
v -0.01436183 -0.01850914 -0.01654327
v -0.01265581 -0.01807787 -0.01833078
v -0.01215903 -0.01927294 -0.02052231
v -0.01247000 -0.01803081 -0.01852599
v -0.01494054 -0.02516024 0.02424395
v -0.01036359 -0.01760882 -0.02005047
v -0.01029790 -0.01759437 -0.02010599
v -0.01294786 -0.02501619 0.02437790
v -0.00802599 -0.01823020 -0.02195144
v -0.00817472 -0.01723765 -0.02121868
v -0.01093708 -0.02484265 0.02433899
v -0.00680311 -0.01705805 -0.02162346
v -0.00610246 -0.01696392 -0.02184491
v -0.00891763 -0.02465499 0.02421724
v -0.00402590 -0.01668317 -0.02251230
v -0.00689365 -0.02445993 0.02405219
v -0.00198797 -0.01646539 -0.02281056
v -0.00674122 -0.02444451 0.02403528
v -0.00486735 -0.02426108 0.02386493
v -0.00083874 -0.01635235 -0.02291838
v 0.00012866 -0.01760810 -0.02303134
v 0.00004093 -0.01626231 -0.02302265
v -0.00284283 -0.02406514 0.02369471
v 0.00205576 -0.01608217 -0.02310025
v -0.00079233 -0.02382687 0.02327632
v 0.00406706 -0.01590777 -0.02314418
v 0.00080821 -0.02363667 0.02292372
v 0.00126257 -0.02358143 0.02281595
v 0.00612598 -0.01781680 -0.02243913
v 0.00603285 -0.01580754 -0.02275341
v 0.00355051 -0.02454734 0.02101576
v 0.00334046 -0.02329851 0.02213588
v 0.00798587 -0.01621247 -0.02197074
v 0.00796953 -0.01575474 -0.02208453
v 0.00494271 -0.02304890 0.02141713
v 0.00544734 -0.02296836 0.02117890
v 0.00992107 -0.01567775 -0.02155750
v 0.00891310 -0.01572389 -0.02179033
v 0.00762379 -0.02278620 0.01970293
v 0.00758366 -0.02259023 0.01994072
v 0.01189378 -0.01556625 -0.02123278
v 0.00788984 -0.02253764 0.01977319
v 0.00982377 -0.02246799 0.01794785
v 0.00974213 -0.02217599 0.01849086
v 0.01012840 -0.02332783 0.01579339
v 0.01386956 -0.01544973 -0.02093743
v 0.01024711 -0.02206441 0.01806101
v 0.01194589 -0.02163360 0.01627267
v 0.01225938 -0.02218019 0.01417258
v 0.01198658 -0.02162165 0.01621975
v 0.01251730 -0.02247835 0.01210904
v 0.01275264 -0.02250511 0.01008944
v 0.01583526 -0.01534965 -0.02054573
v 0.01336699 -0.02122070 0.01445221
v 0.01436060 -0.02085615 0.01271083
v 0.01437724 -0.02087469 0.01257732
v 0.01460983 -0.02086835 0.01056308
v 0.01484885 -0.02093929 0.00853633
v 0.01508607 -0.02098858 0.00651309
v 0.01532133 -0.02101434 0.00449365
v 0.01556028 -0.02108447 0.00246704
v 0.01780198 -0.01720586 -0.01907297
v 0.01779765 -0.01525496 -0.02012247
v 0.01443138 -0.02083078 0.01259048
v 0.01510487 -0.02046605 0.01068353
v 0.01595548 -0.02008991 0.00879708
v 0.01669925 -0.01972066 0.00689826
v 0.01709891 -0.01949699 0.00572199
v 0.01718737 -0.01948407 0.00495005
v 0.01742757 -0.01956916 0.00292101
v 0.01765871 -0.01954540 0.00090959
v 0.01788710 -0.01948864 -0.00109648
v 0.01810933 -0.01935768 -0.00309055
v 0.01833373 -0.01925290 -0.00508885
v 0.01973276 -0.01645395 -0.01874258
v 0.01972898 -0.01521090 -0.01940241
v 0.01734409 -0.01935777 0.00498800
v 0.01813204 -0.01898567 0.00309430
v 0.01882606 -0.01861962 0.00118973
v 0.01941701 -0.01826021 -0.00072677
v 0.01982477 -0.01791261 -0.00266445
v 0.02005291 -0.01778633 -0.00332729
v 0.02020423 -0.01777614 -0.00464111
v 0.02044431 -0.01785986 -0.00666993
v 0.02068118 -0.01790503 -0.00869251
v 0.02092151 -0.01799168 -0.01072180
v 0.02116401 -0.01810450 -0.01275533
v 0.02137417 -0.01782853 -0.01472592
v 0.02156533 -0.01732398 -0.01665950
v 0.02160641 -0.01525467 -0.01816748
v 0.02136588 -0.01524270 -0.01836499
v 0.02048658 -0.01754864 -0.00457275
v 0.02128108 -0.01717611 -0.00646569
v 0.02202677 -0.01680673 -0.00836429
v 0.02277695 -0.01645041 -0.01017989
v 0.02278693 -0.01645391 -0.01026419
v 0.02302716 -0.01653945 -0.01229330
v 0.02325622 -0.01649060 -0.01430066
v 0.02344513 -0.01595915 -0.01622989
v 0.02347250 -0.01531691 -0.01682433
v 0.02280819 -0.01643505 -0.01025875
v 0.02352685 -0.01606741 -0.01216047
v 0.02410037 -0.01570913 -0.01407898
v 0.02413338 -0.01538567 -0.01606001
v -0.02435380 -0.02457346 0.01809023
v -0.02417032 -0.02397665 0.01617158
v -0.02395920 -0.02371227 0.01419912
v -0.02377204 -0.02315962 0.01227332
v -0.02357319 -0.02274770 0.01032474
v -0.02336168 -0.02248791 0.00835153
v -0.02313366 -0.02242661 0.00634619
v -0.02291350 -0.02227077 0.00435616
v -0.02268263 -0.02224378 0.00234526
v -0.02259113 -0.02460318 0.02030935
v -0.02246918 -0.02326659 0.01851046
v -0.02228759 -0.02264702 0.01659550
v -0.02207357 -0.02241741 0.01461741
v -0.02189214 -0.02184127 0.01272803
v -0.02189517 -0.02183626 0.01269555
v -0.02174185 -0.02150506 0.01072844
v -0.02147163 -0.02124622 0.00876121
v -0.02162105 -0.02139948 0.01013832
v -0.02124615 -0.02115437 0.00676082
v -0.02102625 -0.02099541 0.00477129
v -0.02080346 -0.02087124 0.00277612
v -0.02056000 -0.02099567 0.00074072
v -0.02032995 -0.02095878 -0.00126858
v -0.02008560 -0.02109386 -0.00330571
v -0.02070093 -0.02336335 0.02071873
v -0.02067096 -0.02295449 0.02023191
v -0.02180037 -0.02279413 0.01866107
v -0.02209366 -0.02249170 0.01664230
v -0.02173963 -0.02214756 0.01469840
v -0.02135520 -0.02115882 0.00878831
v -0.02077996 -0.02080042 0.00687000
v -0.02029484 -0.02044783 0.00494127
v -0.01971977 -0.02008945 0.00302294
v -0.01887653 -0.01971378 0.00113563
v -0.01844690 -0.01963292 -0.00084527
v -0.01860411 -0.01958624 0.00048775
v -0.01820619 -0.01972422 -0.00287532
v -0.01796390 -0.01983448 -0.00490843
v -0.01772356 -0.01992138 -0.00693776
v -0.01884934 -0.02446205 0.02276479
v -0.01884274 -0.02307845 0.02193685
v -0.02014629 -0.02300885 0.02083726
v -0.01806420 -0.01934011 -0.00075526
v -0.01708772 -0.01895585 -0.00262715
v -0.01606910 -0.01864990 -0.00450800
v -0.01610600 -0.01861852 -0.00420654
v -0.01583825 -0.01862274 -0.00651886
v -0.01559519 -0.01874230 -0.00855348
v -0.01535316 -0.01884935 -0.01058608
v -0.01512226 -0.01882274 -0.01259704
v -0.01491405 -0.01852325 -0.01456382
v -0.01694734 -0.02336411 0.02315120
v -0.01695120 -0.02309922 0.02303700
v -0.01594311 -0.01856077 -0.00447960
v -0.01532347 -0.01819951 -0.00639278
v -0.01459418 -0.01783119 -0.00829327
v -0.01382108 -0.01746004 -0.01018869
v -0.01326816 -0.01714880 -0.01211738
v -0.01330159 -0.01715163 -0.01182686
v -0.01305075 -0.01696000 -0.01410208
v -0.01280977 -0.01705454 -0.01613265
v -0.01250696 -0.01789240 -0.01828355
v -0.01592993 -0.02305845 0.02330985
v -0.01499913 -0.02302136 0.02355892
v -0.01320929 -0.01709929 -0.01210277
v -0.01278379 -0.01675054 -0.01403840
v -0.01202499 -0.01638032 -0.01593548
v -0.01066403 -0.01608425 -0.01778217
v -0.01069354 -0.01600475 -0.01757138
v -0.01030885 -0.01755190 -0.02003503
v -0.01303699 -0.02292707 0.02398454
v -0.01052749 -0.01596249 -0.01774711
v -0.00847115 -0.01568083 -0.01952346
v -0.00849892 -0.01553161 -0.01936647
v -0.01105274 -0.02279676 0.02419904
v -0.00831190 -0.01549838 -0.01947567
v -0.00617922 -0.01646820 -0.02145753
v -0.00636836 -0.01516286 -0.02054968
v -0.00905822 -0.02264971 0.02431540
v -0.00524963 -0.01497971 -0.02110629
v -0.00424228 -0.01480142 -0.02169010
v -0.00766462 -0.02252580 0.02426594
v -0.00693670 -0.02389362 0.02410880
v -0.00704632 -0.02247435 0.02426580
v -0.00217827 -0.01454113 -0.02223748
v -0.00502922 -0.02229051 0.02416647
v -0.00024281 -0.01433572 -0.02251197
v -0.00014093 -0.01432430 -0.02253016
v -0.00300324 -0.02209218 0.02398226
v 0.00189452 -0.01411056 -0.02280478
v -0.00096956 -0.02188133 0.02372462
v 0.00389384 -0.01395568 -0.02273427
v 0.00118414 -0.02286481 0.02309474
v 0.00106015 -0.02167693 0.02350480
v 0.00587174 -0.01383572 -0.02245916
v 0.00175353 -0.02159752 0.02337054
v 0.00312250 -0.02141934 0.02297319
v 0.00784056 -0.01373055 -0.02209729
v 0.00536790 -0.02243204 0.02156687
v 0.00518522 -0.02116115 0.02243806
v 0.00987142 -0.01491667 -0.02155230
v 0.00980471 -0.01363299 -0.02169082
v 0.00643038 -0.02097480 0.02192669
v 0.00728139 -0.02084844 0.02158338
v 0.01184235 -0.01464752 -0.02130007
v 0.01179915 -0.01348608 -0.02157364
v 0.00946800 -0.02099340 0.02020183
v 0.00938049 -0.02053097 0.02070074
v 0.01381860 -0.01444223 -0.02105817
v 0.01378314 -0.01335619 -0.02135668
v 0.00998626 -0.02042432 0.02035317
v 0.01166930 -0.02069107 0.01844418
v 0.01153186 -0.02012831 0.01931873
v 0.01197840 -0.02160470 0.01628100
v 0.01577896 -0.01404591 -0.02078534
v 0.01575932 -0.01323903 -0.02106512
v 0.01246105 -0.01994351 0.01865459
v 0.01372736 -0.01965375 0.01751528
v 0.01383932 -0.02001279 0.01674738
v 0.01411887 -0.02057099 0.01464175
v 0.01771918 -0.01340753 -0.02047333
v 0.01771226 -0.01315975 -0.02055152
v 0.01442070 -0.01949589 0.01689642
v 0.01588770 -0.01908003 0.01508127
v 0.01624081 -0.01931459 0.01303855
v 0.01601074 -0.01903594 0.01487216
v 0.01648006 -0.01938832 0.01101135
v 0.01672061 -0.01947773 0.00898161
v 0.01695628 -0.01950845 0.00696137
v 0.01967708 -0.01306110 -0.02015142
v 0.01883738 -0.01310610 -0.02030486
v 0.01699262 -0.01868750 0.01322423
v 0.01778262 -0.01831526 0.01133076
v 0.01846490 -0.01794997 0.00942483
v 0.01865924 -0.01782315 0.00874131
v 0.01880498 -0.01776964 0.00745153
v 0.01904260 -0.01782374 0.00542750
v 0.01928565 -0.01794314 0.00339291
v 0.01952399 -0.01800592 0.00136748
v 0.01975488 -0.01797917 -0.00064345
v 0.01997217 -0.01778888 -0.00262791
v 0.02161225 -0.01508537 -0.01831236
v 0.02162385 -0.01299186 -0.01957895
v 0.01903793 -0.01759172 0.00750626
v 0.01977421 -0.01722294 0.00560658
v 0.02054832 -0.01685173 0.00371128
v 0.02130325 -0.01648176 0.00181375
v 0.02142874 -0.01641316 0.00145447
v 0.02161689 -0.01640039 -0.00017920
v 0.02183856 -0.01626270 -0.00217218
v 0.02206901 -0.01623070 -0.00418226
v 0.02230528 -0.01626856 -0.00620365
v 0.02254278 -0.01632127 -0.00822745
v 0.02352589 -0.01412729 -0.01794860
v 0.02354396 -0.01296609 -0.01875169
v 0.02195592 -0.01611837 -0.00009560
v 0.02240088 -0.01576837 -0.00202898
v 0.02297375 -0.01541013 -0.00394757
v 0.02360087 -0.01504839 -0.00585987
v 0.02434961 -0.01467881 -0.00775812
v 0.02463312 -0.01468489 -0.00976914
v 0.02441947 -0.01464263 -0.00794573
v 0.02486846 -0.01471165 -0.01178874
v 0.02509820 -0.01467102 -0.01379743
v 0.02529931 -0.01428615 -0.01575038
v 0.02537223 -0.01308996 -0.01704722
v 0.02498064 -0.01303153 -0.01760938
v 0.02503329 -0.01431343 -0.00966388
v 0.02566830 -0.01395118 -0.01157528
v 0.02613602 -0.01359972 -0.01350603
v 0.02644034 -0.01325878 -0.01545568
v -0.02188915 -0.02183193 0.01269692
v -0.02168657 -0.02146473 0.01074110
v -0.02058762 -0.02192281 0.01893667
v -0.02040593 -0.02130448 0.01702151
v -0.02020414 -0.02092778 0.01506722
v -0.02001526 -0.02039595 0.01313806
v -0.01980883 -0.02007505 0.01117474
v -0.01959296 -0.01986776 0.00919303
v -0.01936344 -0.01982444 0.00718478
v -0.01914559 -0.01964086 0.00519924
v -0.01891705 -0.01958585 0.00319288
v -0.01868415 -0.01958325 0.00117803
v -0.01881378 -0.02208681 0.02113405
v -0.01869604 -0.02069961 0.01934335
v -0.01866093 -0.02054779 0.01895529
v -0.01901901 -0.02031534 0.01733543
v -0.01905594 -0.01999639 0.01534631
v -0.01914042 -0.01968051 0.01335169
v -0.01891814 -0.01934486 0.01139255
v -0.01848056 -0.01899534 0.00945831
v -0.01770218 -0.01862385 0.00756350
v -0.01725706 -0.01838093 0.00561187
v -0.01734876 -0.01840941 0.00642043
v -0.01702743 -0.01833900 0.00360339
v -0.01679958 -0.01827568 0.00159838
v -0.01656838 -0.01825262 -0.00041315
v -0.01632096 -0.01842457 -0.00245625
v -0.01690121 -0.02111589 0.02149989
v -0.01688508 -0.02075710 0.02116060
v -0.01855428 -0.02060671 0.01937404
v -0.01709030 -0.01826310 0.00564943
v -0.01645148 -0.01790060 0.00373847
v -0.01586005 -0.01754116 0.00182204
v -0.01515119 -0.01717416 -0.00008082
v -0.01443828 -0.01709432 -0.00203224
v -0.01455616 -0.01696177 -0.00108705
v -0.01419209 -0.01725147 -0.00407294
v -0.01396599 -0.01716709 -0.00607455
v -0.01373345 -0.01716014 -0.00808869
v -0.01349975 -0.01716726 -0.01010510
v -0.01500573 -0.02274241 0.02346051
v -0.01502742 -0.02083308 0.02258433
v -0.01628002 -0.02078147 0.02162197
v -0.01405811 -0.01678239 -0.00193923
v -0.01309020 -0.01639869 -0.00381211
v -0.01242132 -0.01603426 -0.00571959
v -0.01186188 -0.01569631 -0.00764304
v -0.01188061 -0.01570489 -0.00747635
v -0.01163625 -0.01560632 -0.00964374
v -0.01140937 -0.01553138 -0.01164687
v -0.01118815 -0.01538830 -0.01363898
v -0.01095524 -0.01538583 -0.01565384
v -0.01307040 -0.02204515 0.02378205
v -0.01311847 -0.02082548 0.02351809
v -0.01183442 -0.01567511 -0.00763655
v -0.01128782 -0.01531856 -0.00955818
v -0.01076271 -0.01496340 -0.01148229
v -0.01022605 -0.01460749 -0.01340506
v -0.00953142 -0.01424140 -0.01530956
v -0.00880908 -0.01442057 -0.01730418
v -0.00897671 -0.01407586 -0.01604709
v -0.01111880 -0.02154354 0.02407192
v -0.01116522 -0.02074570 0.02402878
v -0.00820648 -0.01383469 -0.01714115
v -0.00663992 -0.01373186 -0.01899928
v -0.00669766 -0.01346513 -0.01864876
v -0.00911470 -0.02167312 0.02425961
v -0.00918145 -0.02061617 0.02424783
v -0.00635586 -0.01339410 -0.01891193
v -0.00439265 -0.01398239 -0.02084644
v -0.00454677 -0.01306326 -0.02002612
v -0.00717809 -0.02045471 0.02427976
v -0.00316443 -0.01286711 -0.02052761
v -0.00245501 -0.01275774 -0.02083871
v -0.00516400 -0.02027577 0.02420917
v -0.00015206 -0.01423281 -0.02248492
v -0.00037385 -0.01246950 -0.02154996
v -0.00314558 -0.02008978 0.02409723
v 0.00169825 -0.01251333 -0.02199789
v 0.00166766 -0.01224588 -0.02188248
v -0.00113650 -0.01991900 0.02407450
v 0.00222050 -0.01219875 -0.02188955
v 0.00368808 -0.01205662 -0.02201353
v 0.00088399 -0.01972963 0.02394280
v 0.00568347 -0.01190816 -0.02190544
v 0.00199567 -0.01960370 0.02373603
v 0.00293553 -0.01948966 0.02351447
v 0.00768604 -0.01174799 -0.02186598
v 0.00497217 -0.01927397 0.02322849
v 0.00968400 -0.01159533 -0.02178250
v 0.00715592 -0.01996369 0.02217513
v 0.00702356 -0.01903425 0.02280161
v 0.01168881 -0.01143153 -0.02176436
v 0.00807517 -0.01889058 0.02245443
v 0.00910200 -0.01875044 0.02211631
v 0.01368886 -0.01127547 -0.02170082
v 0.01127637 -0.01876959 0.02077051
v 0.01121356 -0.01841265 0.02111458
v 0.01568061 -0.01113292 -0.02155804
v 0.01162031 -0.01834079 0.02087966
v 0.01350648 -0.01881378 0.01895675
v 0.01334871 -0.01803644 0.01988762
v 0.01765397 -0.01102037 -0.02123946
v 0.01446088 -0.01783641 0.01922339
v 0.01569561 -0.01836525 0.01722276
v 0.01550166 -0.01763119 0.01849049
v 0.01598163 -0.01900121 0.01510454
v 0.01967296 -0.01293203 -0.02018769
v 0.01963328 -0.01089811 -0.02097782
v 0.01678442 -0.01736534 0.01750732
v 0.01772959 -0.01710378 0.01637718
v 0.01783713 -0.01734416 0.01558147
v 0.01810455 -0.01775662 0.01349943
v 0.01834426 -0.01783590 0.01147133
v 0.01857856 -0.01785012 0.00945376
v 0.02162042 -0.01238073 -0.01988978
v 0.02161506 -0.01077182 -0.02073975
v 0.01833421 -0.01694414 0.01570174
v 0.01956191 -0.01654370 0.01385891
v 0.02012257 -0.01630738 0.01268718
v 0.02021409 -0.01635110 0.01192037
v 0.02045110 -0.01639794 0.00989752
v 0.02067821 -0.01632573 0.00789394
v 0.02090839 -0.01629034 0.00588441
v 0.02114440 -0.01632513 0.00386351
v 0.02138444 -0.01640837 0.00183477
v 0.02355365 -0.01165816 -0.01956414
v 0.02355619 -0.01071179 -0.02011332
v 0.02044347 -0.01616556 0.01197603
v 0.02119047 -0.01579610 0.01007759
v 0.02173235 -0.01543985 0.00815542
v 0.02236283 -0.01507790 0.00624350
v 0.02298017 -0.01475381 0.00455875
v 0.02300728 -0.01475680 0.00432607
v 0.02324164 -0.01477181 0.00230838
v 0.02347407 -0.01476356 0.00029445
v 0.02369067 -0.01456486 -0.00168865
v 0.02391722 -0.01448592 -0.00369114
v 0.02415101 -0.01449408 -0.00570772
v 0.02439579 -0.01463425 -0.00774568
v 0.02540410 -0.01274329 -0.01751588
v 0.02544814 -0.01073188 -0.01901720
v 0.02505753 -0.01072702 -0.01924786
v 0.02305423 -0.01471202 0.00433862
v 0.02366068 -0.01435161 0.00242392
v 0.02433142 -0.01398706 0.00051666
v 0.02473302 -0.01363986 -0.00142173
v 0.02521103 -0.01328773 -0.00335129
v 0.02590484 -0.01292169 -0.00525589
v 0.02604501 -0.01286252 -0.00554939
v 0.02625278 -0.01299505 -0.00727165
v 0.02648986 -0.01304277 -0.00929464
v 0.02671927 -0.01299817 -0.01130268
v 0.02694224 -0.01287618 -0.01329820
v 0.02716179 -0.01271301 -0.01528705
v 0.02729527 -0.01151501 -0.01710837
v 0.02731127 -0.01079896 -0.01764562
v 0.02673740 -0.01254671 -0.00714443
v 0.02752348 -0.01217473 -0.00903835
v 0.02825459 -0.01180629 -0.01093863
v 0.02881178 -0.01145698 -0.01281010
v 0.02881736 -0.01145496 -0.01285945
v 0.02903675 -0.01128998 -0.01484801
v 0.02907404 -0.01102958 -0.01531543
v 0.02829917 -0.01083944 -0.01688803
v 0.02882667 -0.01144810 -0.01285731
v 0.02931102 -0.01109556 -0.01478613
v -0.01853039 -0.01988842 0.01745941
v -0.01834091 -0.01936376 0.01552908
v -0.01815314 -0.01881849 0.01360209
v -0.01794795 -0.01848266 0.01164119
v -0.01772383 -0.01837452 0.00964344
v -0.01748465 -0.01844739 0.00761638
v -0.01682526 -0.01922616 0.01979055
v -0.01667801 -0.01819375 0.01794243
v -0.01666871 -0.01817012 0.01784885
v -0.01668756 -0.01786554 0.01595775
v -0.01673624 -0.01754735 0.01396727
v -0.01648699 -0.01720996 0.01201125
v -0.01591361 -0.01685169 0.01009272
v -0.01562076 -0.01689126 0.00807696
v -0.01583515 -0.01681170 0.00988602
v -0.01539104 -0.01685041 0.00606831
v -0.01516522 -0.01676262 0.00406725
v -0.01493223 -0.01676115 0.00205223
v -0.01469470 -0.01681419 0.00002838
v -0.01501422 -0.01983745 0.02191552
v -0.01496128 -0.01849093 0.02070773
v -0.01555062 -0.01843492 0.02005897
v -0.01666722 -0.01818555 0.01794495
v -0.01515823 -0.01648168 0.00819525
v -0.01452651 -0.01611965 0.00628347
v -0.01391241 -0.01575875 0.00436966
v -0.01321959 -0.01539278 0.00246495
v -0.01282459 -0.01533275 0.00047687
v -0.01299232 -0.01528221 0.00189872
v -0.01257141 -0.01557393 -0.00157744
v -0.01232352 -0.01575154 -0.00362146
v -0.01209087 -0.01574599 -0.00563582
v -0.01341074 -0.01861834 0.02229135
v -0.01314634 -0.01863652 0.02253953
v -0.01244750 -0.01502170 0.00056941
v -0.01140909 -0.01463345 -0.00129532
v -0.01050061 -0.01425358 -0.00317509
v -0.01022502 -0.01421338 -0.00517905
v -0.01043727 -0.01422169 -0.00333955
v -0.01000074 -0.01410704 -0.00717710
v -0.00978353 -0.01391586 -0.00916141
v -0.00955570 -0.01385222 -0.01116637
v -0.00932815 -0.01378535 -0.01317081
v -0.00909391 -0.01379878 -0.01518825
v -0.01127509 -0.01869037 0.02383353
v -0.00981733 -0.01388822 -0.00508090
v -0.00935372 -0.01353702 -0.00701212
v -0.00900764 -0.01319339 -0.00895694
v -0.00852506 -0.01284097 -0.01088597
v -0.00789531 -0.01247906 -0.01279797
v -0.00731855 -0.01212057 -0.01471611
v -0.00696949 -0.01257227 -0.01679629
v -0.00722618 -0.01209205 -0.01484479
v -0.00930585 -0.01858452 0.02419137
v -0.00601377 -0.01171516 -0.01655003
v -0.00477520 -0.01218573 -0.01854032
v -0.00495956 -0.01150159 -0.01732765
v -0.00731600 -0.01844507 0.02435231
v -0.00315924 -0.01120987 -0.01820468
v -0.00252051 -0.01252542 -0.02040191
v -0.00284652 -0.01116139 -0.01834352
v -0.00530900 -0.01827770 0.02434952
v -0.00063114 -0.01127557 -0.01999091
v -0.00071725 -0.01079475 -0.01951436
v -0.00329391 -0.01809713 0.02426941
v 0.00003097 -0.01068296 -0.01982050
v 0.00139380 -0.01045780 -0.02051116
v -0.00128770 -0.01793102 0.02427404
v 0.00359653 -0.01137065 -0.02160424
v 0.00346227 -0.01019024 -0.02110124
v 0.00073719 -0.01773449 0.02410034
v 0.00486121 -0.01005035 -0.02124661
v 0.00549650 -0.00997848 -0.02136416
v 0.00152338 -0.01765591 0.02401887
v 0.00276714 -0.01752970 0.02387826
v 0.00753480 -0.00976009 -0.02166600
v 0.00479041 -0.01733579 0.02371994
v 0.00954749 -0.00958343 -0.02172324
v 0.00682544 -0.01712273 0.02344935
v 0.01155864 -0.00940928 -0.02176572
v 0.00891878 -0.01719269 0.02283239
v 0.00888239 -0.01687396 0.02296941
v 0.01355905 -0.00925264 -0.02170557
v 0.00910248 -0.01684615 0.02291074
v 0.01095484 -0.01659991 0.02234130
v 0.01555755 -0.00909910 -0.02162726
v 0.01304220 -0.01627094 0.02138161
v 0.01306296 -0.01626773 0.02137246
v 0.01754127 -0.00896965 -0.02140770
v 0.01533698 -0.01685611 0.01948234
v 0.01517421 -0.01593046 0.02037379
v 0.01953225 -0.00882837 -0.02125756
v 0.01632796 -0.01573786 0.01977684
v 0.01754104 -0.01658701 0.01771930
v 0.01730959 -0.01555386 0.01914458
v 0.02152280 -0.00868780 -0.02110320
v 0.01907537 -0.01523948 0.01810980
v 0.01970173 -0.01579657 0.01604067
v 0.01946158 -0.01515019 0.01775664
v 0.01996891 -0.01620605 0.01395911
v 0.02350013 -0.00856876 -0.02082265
v 0.02083801 -0.01480456 0.01632885
v 0.02176895 -0.01449330 0.01488439
v 0.02182674 -0.01457698 0.01443150
v 0.02207484 -0.01475723 0.01238706
v 0.02230956 -0.01477643 0.01036869
v 0.02253824 -0.01472305 0.00836206
v 0.02277239 -0.01473545 0.00634479
v 0.02545216 -0.01051827 -0.01917094
v 0.02543625 -0.00851688 -0.02014842
v 0.02199945 -0.01440839 0.01447834
v 0.02284536 -0.01403255 0.01259134
v 0.02344333 -0.01367269 0.01067566
v 0.02399177 -0.01331602 0.00875425
v 0.02459589 -0.01298970 0.00704887
v 0.02462102 -0.01299584 0.00683508
v 0.02485971 -0.01306282 0.00480897
v 0.02509813 -0.01312663 0.00278337
v 0.02533030 -0.01311527 0.00076995
v 0.02554559 -0.01290084 -0.00121060
v 0.02576734 -0.01276418 -0.00320374
v 0.02600592 -0.01282987 -0.00522964
v 0.02735396 -0.00941788 -0.01878413
v 0.02734728 -0.00850590 -0.01923444
v 0.02466960 -0.01295102 0.00684781
v 0.02540218 -0.01258248 0.00494770
v 0.02612995 -0.01221426 0.00304703
v 0.02670221 -0.01185605 0.00112838
v 0.02702576 -0.01151388 -0.00081905
v 0.02755924 -0.01115817 -0.00274219
v 0.02764556 -0.01112313 -0.00291431
v 0.02786987 -0.01127438 -0.00476916
v 0.02810922 -0.01134928 -0.00679655
v 0.02835066 -0.01144941 -0.00882803
v 0.02859009 -0.01152530 -0.01085558
v 0.02918581 -0.01027928 -0.01669965
v 0.02925028 -0.00850799 -0.01824382
v 0.02897070 -0.00849662 -0.01845773
v 0.02844924 -0.01077949 -0.00462409
v 0.02933716 -0.01040095 -0.00650623
v 0.03014090 -0.01002783 -0.00839811
v 0.03025318 -0.00997695 -0.00865470
v 0.03046124 -0.01005637 -0.01040911
v 0.03069300 -0.01004006 -0.01242173
v 0.03091354 -0.00988887 -0.01441252
v 0.03106838 -0.00894774 -0.01627543
v 0.03108674 -0.00861853 -0.01661753
v 0.03102331 -0.00964964 -0.01028088
v 0.03170646 -0.00928429 -0.01218671
v 0.03212892 -0.00893574 -0.01412270
v 0.03151188 -0.00865418 -0.01617892
v -0.01648658 -0.01769261 0.01600829
v -0.01629569 -0.01718485 0.01407522
v -0.01608706 -0.01689047 0.01210762
v -0.01586073 -0.01680885 0.01010557
v -0.01493572 -0.01797844 0.02020121
v -0.01479259 -0.01689644 0.01836111
v -0.01460423 -0.01635830 0.01643296
v -0.01440535 -0.01594668 0.01448433
v -0.01419734 -0.01564482 0.01251794
v -0.01397723 -0.01548845 0.01052799
v -0.01375461 -0.01536218 0.00853316
v -0.01352134 -0.01536402 0.00651760
v -0.01329647 -0.01526487 0.00451839
v -0.01306433 -0.01525316 0.00250502
v -0.01314082 -0.01839559 0.02235761
v -0.01304423 -0.01675410 0.02060808
v -0.01289824 -0.01599783 0.01892468
v -0.01298685 -0.01597015 0.01870816
v -0.01333635 -0.01567135 0.01668288
v -0.01329538 -0.01534738 0.01470276
v -0.01313696 -0.01501585 0.01273624
v -0.01260838 -0.01466046 0.01081253
v -0.01214435 -0.01430923 0.00888136
v -0.01164232 -0.01398980 0.00694874
v -0.01168074 -0.01401373 0.00729420
v -0.01141971 -0.01386344 0.00495393
v -0.01120268 -0.01367002 0.00296997
v -0.01095818 -0.01380682 0.00093256
v -0.01070454 -0.01405356 -0.00112265
v -0.01045760 -0.01421977 -0.00316482
v -0.01124863 -0.01717968 0.02276311
v -0.01119750 -0.01632954 0.02184746
v -0.01208329 -0.01623324 0.02079753
v -0.01159239 -0.01395234 0.00696035
v -0.01107877 -0.01359791 0.00503491
v -0.01067670 -0.01325068 0.00309657
v -0.00973506 -0.01286867 0.00122065
v -0.00883462 -0.01256996 -0.00067380
v -0.00887209 -0.01253995 -0.00036654
v -0.00858955 -0.01271359 -0.00271232
v -0.00836520 -0.01260827 -0.00471053
v -0.00814253 -0.01248261 -0.00670546
v -0.00792720 -0.01226871 -0.00868609
v -0.00770532 -0.01213359 -0.01067948
v -0.00747344 -0.01211878 -0.01269235
v -0.00724499 -0.01206263 -0.01469853
v -0.00930144 -0.01662495 0.02306158
v -0.00929942 -0.01633967 0.02288517
v -0.00873189 -0.01248270 -0.00064816
v -0.00780326 -0.01210153 -0.00252559
v -0.00734611 -0.01175074 -0.00445756
v -0.00669673 -0.01138757 -0.00636730
v -0.00634767 -0.01104375 -0.00831177
v -0.00583204 -0.01069036 -0.01023718
v -0.00583327 -0.01069106 -0.01022612
v -0.00560380 -0.01063173 -0.01224295
v -0.00537415 -0.01059003 -0.01425146
v -0.00510143 -0.01106615 -0.01634381
v -0.00846375 -0.01632131 0.02320107
v -0.00737902 -0.01631341 0.02370958
v -0.00582997 -0.01068906 -0.01023674
v -0.00513787 -0.01032314 -0.01214153
v -0.00430916 -0.00994841 -0.01403052
v -0.00320819 -0.00986290 -0.01594035
v -0.00332042 -0.00969931 -0.01506123
v -0.00287563 -0.01105854 -0.01814918
v -0.00539880 -0.01618966 0.02396250
v -0.00269873 -0.00952330 -0.01582909
v -0.00099596 -0.00969204 -0.01771929
v -0.00112382 -0.00922294 -0.01687528
v -0.00338786 -0.01601586 0.02392206
v -0.00027250 -0.00904562 -0.01753328
v 0.00123180 -0.00970795 -0.01952847
v 0.00105207 -0.00878033 -0.01849149
v -0.00257328 -0.01594170 0.02388246
v -0.00136162 -0.01622263 0.02396137
v -0.00137893 -0.01584532 0.02390073
v 0.00241400 -0.00855116 -0.01920737
v 0.00318015 -0.00841562 -0.01965103
v 0.00071619 -0.01723849 0.02400558
v 0.00064196 -0.01565530 0.02376524
v 0.00543853 -0.00955131 -0.02110104
v 0.00526813 -0.00811626 -0.02042746
v 0.00264545 -0.01549365 0.02379597
v 0.00636989 -0.00797490 -0.02073462
v 0.00734566 -0.00783395 -0.02110399
v 0.00464840 -0.01533285 0.02383173
v 0.00942245 -0.00755283 -0.02177353
v 0.00666701 -0.01514655 0.02371804
v 0.01144107 -0.00736650 -0.02188739
v 0.00870301 -0.01493190 0.02343812
v 0.01343235 -0.00722474 -0.02174005
v 0.00944511 -0.01484585 0.02328784
v 0.01074959 -0.01470001 0.02305716
v 0.01541993 -0.00708900 -0.02155741
v 0.01305912 -0.01623786 0.02138903
v 0.01282366 -0.01442333 0.02241363
v 0.01740983 -0.00694948 -0.02139691
v 0.01425307 -0.01421468 0.02185916
v 0.01491218 -0.01412310 0.02163206
v 0.01775953 -0.00691957 -0.02140197
v 0.01946348 -0.00761061 -0.02134148
v 0.01942724 -0.00676513 -0.02149917
v 0.01715081 -0.01469806 0.02004037
v 0.01700087 -0.01382258 0.02084883
v 0.02147621 -0.00784399 -0.02117060
v 0.02143001 -0.00660464 -0.02146163
v 0.01821285 -0.01363817 0.02033235
v 0.01939648 -0.01492925 0.01819634
v 0.01910591 -0.01349543 0.01990946
v 0.02345973 -0.00772604 -0.02094284
v 0.02341774 -0.00646866 -0.02128038
v 0.02111504 -0.01312981 0.01868322
v 0.02155708 -0.01413764 0.01651789
v 0.02125298 -0.01309978 0.01856859
v 0.02536948 -0.00672127 -0.02057151
v 0.02536064 -0.00640572 -0.02067094
v 0.02298090 -0.01268824 0.01691420
v 0.02367234 -0.01280099 0.01492768
v 0.02351468 -0.01251733 0.01613266
v 0.02392447 -0.01302950 0.01287542
v 0.02415595 -0.01300986 0.01086334
v 0.02438455 -0.01295550 0.00885687
v 0.02729623 -0.00635471 -0.01999163
v 0.02583859 -0.00639892 -0.02046741
v 0.02420079 -0.01228830 0.01507046
v 0.02520107 -0.01190252 0.01320132
v 0.02585264 -0.01153920 0.01129184
v 0.02613120 -0.01135663 0.01030716
v 0.02624204 -0.01132235 0.00932993
v 0.02647551 -0.01132666 0.00731396
v 0.02671796 -0.01143890 0.00528053
v 0.02695299 -0.01146188 0.00326154
v 0.02718105 -0.01140107 0.00125612
v 0.02739585 -0.01118075 -0.00072348
v 0.02762255 -0.01110364 -0.00272626
v 0.02925732 -0.00833627 -0.01840037
v 0.02923288 -0.00630198 -0.01932237
v 0.02642478 -0.01118101 0.00937317
v 0.02712304 -0.01081468 0.00746909
v 0.02791365 -0.01044241 0.00557569
v 0.02854972 -0.01008009 0.00366442
v 0.02902732 -0.00974028 0.00181075
v 0.02903594 -0.00973668 0.00173423
v 0.02926366 -0.00967179 -0.00027053
v 0.02949265 -0.00962213 -0.00227775
v 0.02973154 -0.00969150 -0.00430425
v 0.02998005 -0.00987654 -0.00634947
v 0.03022072 -0.00996739 -0.00837944
v 0.03116784 -0.00734071 -0.01803054
v 0.03116634 -0.00625443 -0.01862277
v 0.02904838 -0.00972663 0.00173725
v 0.02964518 -0.00936685 -0.00017857
v 0.03036746 -0.00899898 -0.00207987
v 0.03119849 -0.00862410 -0.00396859
v 0.03174217 -0.00841936 -0.00495395
v 0.03186082 -0.00852334 -0.00592174
v 0.03211447 -0.00877022 -0.00797697
v 0.03234594 -0.00875038 -0.00998902
v 0.03257285 -0.00867575 -0.01199220
v 0.03279099 -0.00849576 -0.01397833
v 0.03297232 -0.00787310 -0.01589279
v 0.03308683 -0.00644704 -0.01767720
v 0.03309190 -0.00621977 -0.01784762
v 0.03236465 -0.00822762 -0.00581855
v 0.03402239 -0.00780672 -0.00756680
v 0.03402826 -0.00781403 -0.00761351
v 0.03426153 -0.00781584 -0.00962907
v 0.03448205 -0.00766440 -0.01161981
v 0.03470674 -0.00756301 -0.01361866
v 0.03489288 -0.00699820 -0.01554249
v 0.03498832 -0.00623260 -0.01679408
v 0.03387261 -0.00620249 -0.01755322
v 0.03407469 -0.00779609 -0.00760559
v 0.03545199 -0.00738601 -0.00943112
v 0.03631618 -0.00700899 -0.01131600
v 0.03644125 -0.00696814 -0.01150408
v 0.03664453 -0.00689541 -0.01330192
v 0.03683280 -0.00635621 -0.01522990
v 0.03683739 -0.00632258 -0.01528827
v 0.03779008 -0.00659268 -0.01313036
v 0.03696323 -0.00632464 -0.01521086
v -0.01288136 -0.01590943 0.01872956
v -0.01269724 -0.01532038 0.01680965
v -0.01250013 -0.01488737 0.01486449
v -0.01230070 -0.01448239 0.01291479
v -0.01208119 -0.01431880 0.01092600
v -0.01186543 -0.01411004 0.00894453
v -0.01113589 -0.01573236 0.02098215
v -0.01098309 -0.01476666 0.01912322
v -0.01079900 -0.01417713 0.01720340
v -0.01059999 -0.01376704 0.01525452
v -0.01039461 -0.01343352 0.01329325
v -0.01018866 -0.01310693 0.01133086
v -0.00997953 -0.01281852 0.00936228
v -0.00977480 -0.01247726 0.00740226
v -0.00955572 -0.01230840 0.00541434
v -0.00933191 -0.01219657 0.00341717
v -0.00908440 -0.01236961 0.00137390
v -0.00921938 -0.01480874 0.02134034
v -0.00909901 -0.01377870 0.01972591
v -0.00926309 -0.01375195 0.01947638
v -0.00991891 -0.01347289 0.01741567
v -0.00984676 -0.01314692 0.01543916
v -0.00947413 -0.01280158 0.01349741
v -0.00912055 -0.01245747 0.01155346
v -0.00889805 -0.01212180 0.00959435
v -0.00886278 -0.01179821 0.00761358
v -0.00848051 -0.01145225 0.00567294
v -0.00794483 -0.01109640 0.00375006
v -0.00721718 -0.01085338 0.00182802
v -0.00728504 -0.01082256 0.00239750
v -0.00696893 -0.01103536 -0.00021670
v -0.00671757 -0.01125470 -0.00226748
v -0.00649600 -0.01111587 -0.00426027
v -0.00626912 -0.01104092 -0.00626340
v -0.00605682 -0.01079053 -0.00823813
v -0.00736263 -0.01596959 0.02337634
v -0.00731888 -0.01398102 0.02189021
v -0.00761332 -0.01396696 0.02165207
v -0.00705762 -0.01071790 0.00186784
v -0.00622929 -0.01034320 -0.00002120
v -0.00534352 -0.00996479 -0.00190359
v -0.00462172 -0.00968456 -0.00381989
v -0.00466759 -0.00966035 -0.00343688
v -0.00440534 -0.00948333 -0.00580258
v -0.00418211 -0.00936453 -0.00779861
v -0.00395019 -0.00935009 -0.00981154
v -0.00372391 -0.00926793 -0.01181350
v -0.00348371 -0.00935301 -0.01384254
v -0.00539269 -0.01568849 0.02363051
v -0.00540587 -0.01396680 0.02278523
v -0.00444842 -0.00958578 -0.00378490
v -0.00393879 -0.00923161 -0.00571080
v -0.00322103 -0.00886403 -0.00761262
v -0.00235702 -0.00848703 -0.00949753
v -0.00205619 -0.00814632 -0.01144758
v -0.00160751 -0.00794488 -0.01340592
v -0.00173994 -0.00799262 -0.01223450
v -0.00132962 -0.00848314 -0.01550832
v -0.00339027 -0.01579794 0.02382146
v -0.00343828 -0.01386365 0.02315890
v -0.00142054 -0.00778403 -0.01335890
v -0.00019039 -0.00738343 -0.01520146
v 0.00084724 -0.00788708 -0.01721842
v 0.00066216 -0.00718136 -0.01601163
v -0.00143052 -0.01369502 0.02314879
v 0.00167409 -0.00694195 -0.01697063
v 0.00307091 -0.00785378 -0.01901963
v 0.00286420 -0.00669614 -0.01787759
v 0.00058706 -0.01351039 0.02304486
v 0.00408757 -0.00646509 -0.01867630
v 0.00502905 -0.00627151 -0.01938837
v 0.00256974 -0.01338265 0.02327438
v 0.00691485 -0.00596156 -0.02033411
v 0.00714934 -0.00591950 -0.02047344
v 0.00454261 -0.01327088 0.02359753
v 0.00925797 -0.00558649 -0.02144715
v 0.00652657 -0.01314105 0.02381485
v 0.01085242 -0.00538648 -0.02186348
v 0.01136774 -0.00613822 -0.02193777
v 0.01131840 -0.00533203 -0.02196038
v 0.00853423 -0.01297257 0.02380561
v 0.01340206 -0.00663123 -0.02180892
v 0.01332349 -0.00516776 -0.02194499
v 0.00995379 -0.01283485 0.02368416
v 0.01055805 -0.01277778 0.02364209
v 0.01539522 -0.00662918 -0.02159993
v 0.01531893 -0.00501922 -0.02183740
v 0.01260748 -0.01254125 0.02323395
v 0.01739606 -0.00671963 -0.02140590
v 0.01730815 -0.00488080 -0.02167041
v 0.01480571 -0.01327128 0.02207795
v 0.01467944 -0.01226800 0.02261054
v 0.01934121 -0.00467096 -0.02192216
v 0.01559358 -0.01215007 0.02235170
v 0.01674589 -0.01200373 0.02203979
v 0.02135163 -0.00449800 -0.02195766
v 0.01899213 -0.01287049 0.02054489
v 0.01880836 -0.01174595 0.02150704
v 0.02335010 -0.00434451 -0.02187906
v 0.02020899 -0.01153130 0.02090073
v 0.02123016 -0.01300988 0.01871573
v 0.02091617 -0.01141429 0.02054124
v 0.02530965 -0.00425445 -0.02142860
v 0.02306659 -0.01112355 0.01922977
v 0.02304928 -0.01104138 0.01933365
v 0.02339424 -0.01226004 0.01703052
v 0.02726610 -0.00555859 -0.02017462
v 0.02723556 -0.00421921 -0.02065686
v 0.02317787 -0.01101865 0.01925931
v 0.02511251 -0.01057265 0.01749825
v 0.02551691 -0.01101241 0.01542589
v 0.02526975 -0.01052612 0.01729162
v 0.02577986 -0.01137118 0.01335255
v 0.02601521 -0.01139804 0.01133294
v 0.02918831 -0.00470363 -0.01982755
v 0.02918039 -0.00415314 -0.02006580
v 0.02666300 -0.01015140 0.01569275
v 0.02763491 -0.00977506 0.01386736
v 0.02764079 -0.00977942 0.01381890
v 0.02788448 -0.00990642 0.01178308
v 0.02810928 -0.00980644 0.00978400
v 0.02833521 -0.00972004 0.00778272
v 0.02857196 -0.00976368 0.00576039
v 0.02880988 -0.00982148 0.00373577
v 0.03113187 -0.00410532 -0.01952203
v 0.03113146 -0.00407690 -0.01953435
v 0.02765586 -0.00976610 0.01382275
v 0.02852751 -0.00938860 0.01193873
v 0.02912481 -0.00902878 0.01002297
v 0.02980110 -0.00866387 0.00811635
v 0.03041952 -0.00834044 0.00643618
v 0.03044621 -0.00833207 0.00620082
v 0.03067940 -0.00833301 0.00418540
v 0.03091822 -0.00840150 0.00215905
v 0.03114246 -0.00829486 0.00016105
v 0.03137587 -0.00829834 -0.00185478
v 0.03161174 -0.00833141 -0.00387540
v 0.03311166 -0.00395320 -0.01928116
v 0.03239462 -0.00399820 -0.01937157
v 0.03049753 -0.00829767 0.00621206
v 0.03127231 -0.00792641 0.00431683
v 0.03210159 -0.00755165 0.00242790
v 0.03288005 -0.00718015 0.00053310
v 0.03308544 -0.00709924 0.00013880
v 0.03327637 -0.00718227 -0.00146544
v 0.03352032 -0.00731254 -0.00350179
v 0.03376843 -0.00749279 -0.00554624
v 0.03503664 -0.00592388 -0.01738384
v 0.03402619 -0.00389305 -0.01918283
v 0.03509619 -0.00383695 -0.01906125
v 0.03509663 -0.00382171 -0.01907358
v 0.03422084 -0.00677242 -0.00129665
v 0.03541609 -0.00640442 -0.00295575
v 0.03543837 -0.00640759 -0.00314663
v 0.03569082 -0.00664002 -0.00519952
v 0.03595873 -0.00705826 -0.00728249
v 0.03619615 -0.00711005 -0.00930614
v 0.03641791 -0.00697355 -0.01129931
v 0.03698840 -0.00542409 -0.01709426
v 0.03707788 -0.00369712 -0.01882995
v 0.03707792 -0.00369622 -0.01883083
v 0.03556132 -0.00636471 -0.00312644
v 0.03758947 -0.00596589 -0.00454801
v 0.03763171 -0.00600964 -0.00488880
v 0.03788394 -0.00623936 -0.00694126
v 0.03812791 -0.00636993 -0.00897766
v 0.03835967 -0.00635356 -0.01099027
v 0.03859497 -0.00637980 -0.01300979
v 0.03879044 -0.00592721 -0.01495178
v 0.03895316 -0.00508073 -0.01683001
v 0.03906071 -0.00357103 -0.01860087
v 0.03906092 -0.00356795 -0.01860440
v 0.03797560 -0.00588780 -0.00483202
v 0.03976697 -0.00552065 -0.00617961
v 0.03982301 -0.00558717 -0.00662701
v 0.04007320 -0.00579241 -0.00867550
v 0.04031343 -0.00587793 -0.01070461
v 0.04056613 -0.00611336 -0.01275799
v 0.04075587 -0.00559188 -0.01468883
v 0.04091738 -0.00473091 -0.01656472
v 0.04105453 -0.00357696 -0.01839317
v 0.04106952 -0.00339796 -0.01862248
v 0.04031389 -0.00541579 -0.00654639
v 0.04190154 -0.00514537 -0.00740111
v 0.04202882 -0.00533908 -0.00839345
v 0.04229065 -0.00568439 -0.01046462
v 0.04254119 -0.00589384 -0.01251379
v 0.04273073 -0.00536983 -0.01444422
v 0.04289157 -0.00450084 -0.01631881
v 0.04300180 -0.00335233 -0.01791162
v 0.04203333 -0.00337703 -0.01825660
v 0.04399437 -0.00500521 -0.00813073
v 0.04394718 -0.00491502 -0.00777306
v 0.04426520 -0.00545863 -0.01021940
v 0.04451286 -0.00563351 -0.01226298
v 0.04470042 -0.00508575 -0.01418957
v 0.04485112 -0.00409476 -0.01604440
v 0.04491834 -0.00333237 -0.01705029
v 0.04546534 -0.00476248 -0.00793534
v 0.04597834 -0.00470826 -0.00800669
v 0.04622305 -0.00503215 -0.00994170
v 0.04646912 -0.00518791 -0.01198218
v 0.04665547 -0.00462564 -0.01390642
v 0.04681427 -0.00373207 -0.01577702
v 0.04684675 -0.00329305 -0.01630242
v 0.04817375 -0.00451974 -0.00965008
v 0.04806405 -0.00441260 -0.00876145
v 0.04840834 -0.00453740 -0.01166820
v 0.04860611 -0.00411244 -0.01361467
v 0.04874584 -0.00330153 -0.01527438
v 0.04842817 -0.00328624 -0.01553202
v 0.04932229 -0.00419259 -0.00947404
v 0.05023846 -0.00397241 -0.01036347
v 0.05035554 -0.00398290 -0.01136977
v 0.05054955 -0.00351271 -0.01330892
v 0.05056294 -0.00344361 -0.01346318
v 0.05126210 -0.00374626 -0.01123450
v 0.05074517 -0.00345825 -0.01327915
v -0.00908357 -0.01363880 0.01951448
v -0.00892970 -0.01268606 0.01765345
v -0.00873254 -0.01225366 0.01570818
v -0.00850967 -0.01213046 0.01371286
v -0.00829533 -0.01190475 0.01173414
v -0.00808675 -0.01160969 0.00976664
v -0.00788984 -0.01117431 0.00782186
v -0.00767853 -0.01091218 0.00584903
v -0.00745864 -0.01075310 0.00385952
v -0.00730898 -0.01381178 0.02171040
v -0.00720018 -0.01231714 0.01993710
v -0.00703786 -0.01146581 0.01805966
v -0.00684473 -0.01098513 0.01612221
v -0.00662580 -0.01081449 0.01413457
v -0.00640668 -0.01064627 0.01214654
v -0.00618861 -0.01046533 0.01016056
v -0.00598145 -0.01015323 0.00819583
v -0.00580092 -0.00952091 0.00628293
v -0.00559532 -0.00919004 0.00432123
v -0.00535661 -0.00925728 0.00229507
v -0.00511941 -0.00930636 0.00027187
v -0.00486634 -0.00954629 -0.00178224
v -0.00536899 -0.01317055 0.02202287
v -0.00527189 -0.01153524 0.02027235
v -0.00526826 -0.01150818 0.02022592
v -0.00671716 -0.01128833 0.01812351
v -0.00682597 -0.01097402 0.01612607
v -0.00629392 -0.01061841 0.01420276
v -0.00586233 -0.01026927 0.01226783
v -0.00518494 -0.00990429 0.01036134
v -0.00457000 -0.00954334 0.00844762
v -0.00507123 -0.00925432 0.00640479
v -0.00485354 -0.00891896 0.00444512
v -0.00354505 -0.00851331 0.00261163
v -0.00319809 -0.00844072 0.00062067
v -0.00340313 -0.00846868 0.00240883
v -0.00295809 -0.00852351 -0.00140800
v -0.00271702 -0.00861905 -0.00343873
v -0.00249041 -0.00854081 -0.00544133
v -0.00226645 -0.00843072 -0.00743877
v -0.00204019 -0.00834829 -0.00944069
v -0.00183352 -0.00803035 -0.01140449
v -0.00340870 -0.01277343 0.02229583
v -0.00335991 -0.01150157 0.02116550
v -0.00519261 -0.01151141 0.02028471
v -0.00190233 -0.00808612 0.00081680
v -0.00101868 -0.00787522 -0.00109439
v -0.00114599 -0.00789365 0.00001643
v -0.00080726 -0.00761438 -0.00306742
v -0.00059904 -0.00731505 -0.00503423
v -0.00039294 -0.00699021 -0.00699691
v -0.00017925 -0.00675663 -0.00897436
v 0.00001771 -0.00632189 -0.01091924
v 0.00023650 -0.00614965 -0.01290662
v 0.00050368 -0.00655924 -0.01498820
v -0.00142298 -0.01268207 0.02251928
v -0.00141865 -0.01144131 0.02179060
v -0.00075331 -0.00769075 -0.00103514
v -0.00046989 -0.00735116 -0.00298720
v -0.00025866 -0.00701623 -0.00494762
v -0.00006391 -0.00668235 -0.00690995
v 0.00023164 -0.00634198 -0.00886061
v 0.00032215 -0.00601482 -0.01083499
v 0.00066863 -0.00567117 -0.01277976
v 0.00145238 -0.00529934 -0.01467395
v 0.00263304 -0.00539194 -0.01660583
v 0.00254025 -0.00498969 -0.01602780
v 0.00056526 -0.01262098 0.02273784
v 0.00053253 -0.01136489 0.02232101
v 0.00292738 -0.00488296 -0.01648818
v 0.00479534 -0.00462086 -0.01828760
v 0.00477217 -0.00445576 -0.01817927
v 0.00252879 -0.01226285 0.02300448
v 0.00248900 -0.01127985 0.02280088
v 0.00486776 -0.00443659 -0.01824858
v 0.00704041 -0.00484487 -0.02013046
v 0.00695628 -0.00399974 -0.01987401
v 0.00447135 -0.01165246 0.02331196
v 0.00444854 -0.01118980 0.02325133
v 0.00712989 -0.00396948 -0.01997176
v 0.00908146 -0.00363978 -0.02100572
v 0.00643898 -0.01134359 0.02357062
v 0.00642431 -0.01107332 0.02354686
v 0.01036638 -0.00343958 -0.02158223
v 0.01117520 -0.00333103 -0.02183723
v 0.00844158 -0.01145518 0.02376122
v 0.00840860 -0.01094294 0.02376097
v 0.01320590 -0.00312501 -0.02206650
v 0.01040798 -0.01078798 0.02383094
v 0.01521618 -0.00295228 -0.02210068
v 0.01242626 -0.01060220 0.02372026
v 0.01720895 -0.00280810 -0.02196753
v 0.01446974 -0.01037536 0.02336894
v 0.01923660 -0.00260706 -0.02216767
v 0.01655863 -0.01038083 0.02275454
v 0.01652927 -0.01012238 0.02286432
v 0.02124887 -0.00243109 -0.02222083
v 0.01673012 -0.01009860 0.02282064
v 0.01858827 -0.00987026 0.02236478
v 0.02183729 -0.00237902 -0.02224017
v 0.02328929 -0.00287403 -0.02217262
v 0.02327309 -0.00223564 -0.02238818
v 0.02078791 -0.01049541 0.02113806
v 0.02066625 -0.00958720 0.02168387
v 0.02526214 -0.00262788 -0.02192411
v 0.02525279 -0.00211274 -0.02213022
v 0.02146649 -0.00947204 0.02138367
v 0.02275643 -0.00928425 0.02088640
v 0.02720631 -0.00203691 -0.02161977
v 0.02720631 -0.00203251 -0.02162218
v 0.02489268 -0.00911284 0.01976394
v 0.02486228 -0.00895577 0.01993923
v 0.02523724 -0.01045267 0.01753177
v 0.02915782 -0.00195554 -0.02109502
v 0.02722262 -0.00203196 -0.02161722
v 0.02509704 -0.00891675 0.01981879
v 0.02700528 -0.00856676 0.01863725
v 0.02710187 -0.00890542 0.01799092
v 0.02739391 -0.00961388 0.01586096
v 0.03111669 -0.00186660 -0.02063806
v 0.02774723 -0.00842463 0.01814050
v 0.02921428 -0.00807019 0.01670478
v 0.02926852 -0.00818658 0.01630069
v 0.02951591 -0.00835818 0.01425765
v 0.02976258 -0.00852112 0.01221601
v 0.02999196 -0.00847626 0.01020800
v 0.03022070 -0.00842352 0.00820128
v 0.03311152 -0.00394105 -0.01928677
v 0.03310418 -0.00173101 -0.02045450
v 0.02957876 -0.00798528 0.01636751
v 0.03084264 -0.00758250 0.01452886
v 0.03161413 -0.00726260 0.01294914
v 0.03165178 -0.00726928 0.01262733
v 0.03189149 -0.00734855 0.01059923
v 0.03212812 -0.00739072 0.00857714
v 0.03234677 -0.00721676 0.00659004
v 0.03257185 -0.00712015 0.00459041
v 0.03280222 -0.00708710 0.00258050
v 0.03303502 -0.00708336 0.00056584
v 0.03510098 -0.00158025 -0.02035989
v 0.03179974 -0.00719950 0.01265472
v 0.03295647 -0.00680363 0.01080367
v 0.03399747 -0.00648190 0.00935118
v 0.03404784 -0.00650585 0.00892905
v 0.03427352 -0.00641644 0.00692826
v 0.03449431 -0.00626823 0.00493699
v 0.03472231 -0.00620670 0.00293169
v 0.03495946 -0.00625515 0.00090858
v 0.03520249 -0.00637429 -0.00112597
v 0.03709792 -0.00142926 -0.02026663
v 0.03430606 -0.00639533 0.00897494
v 0.03517682 -0.00601789 0.00709081
v 0.03623193 -0.00562857 0.00522801
v 0.03648351 -0.00553385 0.00477219
v 0.03665445 -0.00547110 0.00325944
v 0.03689012 -0.00550172 0.00123922
v 0.03713487 -0.00564160 -0.00079869
v 0.03737752 -0.00575619 -0.00283251
v 0.03853609 -0.00130286 -0.02030852
v 0.03911374 -0.00140571 -0.02026560
v 0.03911599 -0.00124383 -0.02037528
v 0.03750370 -0.00522529 0.00339027
v 0.03876014 -0.00492707 0.00219363
v 0.03883592 -0.00493038 0.00154037
v 0.03907865 -0.00504602 -0.00049361
v 0.03931755 -0.00511555 -0.00252013
v 0.03956512 -0.00528925 -0.00456352
v 0.04112942 -0.00167458 -0.02010046
v 0.04114107 -0.00104698 -0.02055080
v 0.03974175 -0.00475973 0.00166431
v 0.04087787 -0.00457923 0.00113300
v 0.04103699 -0.00462540 -0.00021685
v 0.04127085 -0.00463428 -0.00223356
v 0.04151130 -0.00472247 -0.00426310
v 0.04176015 -0.00491169 -0.00630899
v 0.04301508 -0.00318295 -0.01812072
v 0.04310713 -0.00148688 -0.01986141
v 0.04313017 -0.00090876 -0.02038268
v 0.04301394 -0.00442860 0.00002367
v 0.04289951 -0.00438799 0.00099032
v 0.04324240 -0.00437254 -0.00198252
v 0.04347415 -0.00435616 -0.00399513
v 0.04371807 -0.00448604 -0.00603142
v 0.04497186 -0.00274362 -0.01784093
v 0.04506654 -0.00107915 -0.01958674
v 0.04507886 -0.00083640 -0.01982852
v 0.04499680 -0.00430281 0.00025270
v 0.04489027 -0.00424706 0.00114256
v 0.04522656 -0.00426245 -0.00175603
v 0.04545593 -0.00421736 -0.00376400
v 0.04569531 -0.00429272 -0.00579146
v 0.04596085 -0.00468254 -0.00786983
v 0.04692727 -0.00228785 -0.01755849
v 0.04699627 -0.00081501 -0.01897554
v 0.04574948 -0.00083800 -0.01947411
v 0.04696717 -0.00402679 0.00050605
v 0.04693571 -0.00401703 0.00077254
v 0.04720147 -0.00404113 -0.00151154
v 0.04743277 -0.00401925 -0.00352326
v 0.04766246 -0.00397797 -0.00553184
v 0.04791869 -0.00425592 -0.00759210
v 0.04876396 -0.00320747 -0.01548343
v 0.04889436 -0.00197243 -0.01729876
v 0.04895406 -0.00072782 -0.01850831
v 0.04749830 -0.00393854 0.00057670
v 0.04903279 -0.00370285 -0.00009080
v 0.04916754 -0.00371345 -0.00124983
v 0.04939810 -0.00368271 -0.00326012
v 0.04962566 -0.00361583 -0.00526455
v 0.04987368 -0.00379510 -0.00730884
v 0.05012086 -0.00396408 -0.00935146
v 0.05071869 -0.00274349 -0.01519965
v 0.05086671 -0.00172033 -0.01704928
v 0.05092155 -0.00062483 -0.01813366
v 0.05048766 -0.00342457 -0.00106235
v 0.05119916 -0.00327575 -0.00161607
v 0.05135595 -0.00325620 -0.00298240
v 0.05158965 -0.00326319 -0.00499880
v 0.05182815 -0.00332796 -0.00702455
v 0.05206873 -0.00341771 -0.00905434
v 0.05230641 -0.00347249 -0.01107848
v 0.05249956 -0.00299195 -0.01301595
v 0.05267769 -0.00233078 -0.01492418
v 0.05284912 -0.00158913 -0.01681938
v 0.05291542 -0.00047884 -0.01801112
v 0.05333077 -0.00303376 -0.00273773
v 0.05326653 -0.00300998 -0.00219565
v 0.05354828 -0.00284608 -0.00472261
v 0.05378549 -0.00289531 -0.00674584
v 0.05402282 -0.00294592 -0.00876930
v 0.05425350 -0.00291672 -0.01077984
v 0.05445489 -0.00253517 -0.01273334
v 0.05464976 -0.00207536 -0.01467416
v 0.05481883 -0.00130521 -0.01656475
v 0.05487581 -0.00038742 -0.01756869
v 0.05438795 -0.00285189 -0.00259603
v 0.05537922 -0.00267035 -0.00320815
v 0.05552539 -0.00265126 -0.00448241
v 0.05575729 -0.00263651 -0.00649528
v 0.05598458 -0.00256652 -0.00849922
v 0.05621451 -0.00252821 -0.01050828
v 0.05641990 -0.00219483 -0.01246958
v 0.05661862 -0.00178127 -0.01441789
v 0.05678023 -0.00092142 -0.01629395
v 0.05683081 -0.00030477 -0.01707478
v 0.05750057 -0.00243306 -0.00423842
v 0.05743717 -0.00241995 -0.00369762
v 0.05772566 -0.00233658 -0.00623806
v 0.05795045 -0.00223645 -0.00823712
v 0.05818504 -0.00225414 -0.01025525
v 0.05839624 -0.00199063 -0.01222785
v 0.05859473 -0.00157426 -0.01417571
v 0.05875228 -0.00066576 -0.01604390
v 0.05879661 -0.00020453 -0.01668405
v 0.05844559 -0.00226907 -0.00411152
v 0.05954789 -0.00208353 -0.00469129
v 0.05969610 -0.00206143 -0.00598486
v 0.05992661 -0.00203013 -0.00799505
v 0.06016588 -0.00210408 -0.01002229
v 0.06037462 -0.00181097 -0.01199010
v 0.06057324 -0.00139625 -0.01393823
v 0.06073144 -0.00049549 -0.01580767
v 0.06077847 -0.00007811 -0.01644674
v 0.06167358 -0.00187106 -0.00574537
v 0.06158426 -0.00186828 -0.00497473
v 0.06190276 -0.00182369 -0.00775297
v 0.06215272 -0.00202618 -0.00980101
v 0.06237142 -0.00185282 -0.01178821
v 0.06257106 -0.00145038 -0.01373833
v 0.06273308 -0.00059554 -0.01561520
v 0.06280577 0.00012235 -0.01664350
v 0.06322604 -0.00163967 -0.00554338
v 0.06366781 -0.00157615 -0.00570880
v 0.06387514 -0.00157191 -0.00750354
v 0.06412338 -0.00175377 -0.00954825
v 0.06435052 -0.00168189 -0.01155188
v 0.06455381 -0.00132318 -0.01350907
v 0.06471868 -0.00050265 -0.01539150
v 0.06479997 0.00026888 -0.01652409
v 0.06584414 -0.00127945 -0.00724753
v 0.06575449 -0.00127891 -0.00647283
v 0.06609969 -0.00154915 -0.00930646
v 0.06633116 -0.00152945 -0.01131853
v 0.06653637 -0.00119390 -0.01327948
v 0.06670481 -0.00041621 -0.01516884
v 0.06678930 0.00040747 -0.01635813
v 0.06782361 -0.00111294 -0.00701191
v 0.06777116 -0.00109576 -0.00656808
v 0.06807394 -0.00131993 -0.00906069
v 0.06830780 -0.00132885 -0.01107740
v 0.06851452 -0.00101143 -0.01304127
v 0.06868745 -0.00028780 -0.01493939
v 0.06879660 0.00057534 -0.01636384
v 0.06862663 -0.00097031 -0.00690352
v 0.06985261 -0.00080706 -0.00728207
v 0.07003645 -0.00094948 -0.00879205
v 0.07027037 -0.00095917 -0.01080888
v 0.07048206 -0.00070154 -0.01278244
v 0.07065366 0.00003817 -0.01467796
v 0.07076158 0.00067426 -0.01596530
v 0.07199618 -0.00054564 -0.00851801
v 0.07193644 -0.00051445 -0.00801894
v 0.07223473 -0.00061091 -0.01054384
v 0.07244597 -0.00034788 -0.01251652
v 0.07261414 0.00043303 -0.01440537
v 0.07267791 0.00069388 -0.01510200
v 0.07316571 -0.00035646 -0.00836331
v 0.07401681 -0.00022751 -0.00872263
v 0.07419597 -0.00022525 -0.01027274
v 0.07440584 0.00005433 -0.01224275
v 0.07454256 0.00062929 -0.01374503
v 0.07386414 0.00065252 -0.01423707
v 0.07618110 -0.00012673 -0.01004813
v 0.07595499 -0.00017228 -0.00806802
v 0.07638994 0.00016517 -0.01201614
v 0.07653617 0.00077485 -0.01361995
v 0.07773163 -0.00040856 -0.00585456
v 0.07740164 -0.00040480 -0.00588846
v 0.07771686 -0.00040436 -0.00572927
v 0.07795927 -0.00034268 -0.00785916
v 0.07597588 -0.00017536 -0.00803824
v 0.07818836 -0.00029433 -0.00986660
v 0.07839391 0.00003719 -0.01182819
v 0.07853178 0.00092367 -0.01351397
v 0.07849404 -0.00033440 -0.00576210
v 0.07972927 -0.00022816 -0.00578378
v 0.07995493 -0.00037082 -0.00765505
v 0.08018613 -0.00034780 -0.00966659
v 0.08038901 0.00001573 -0.01162300
v 0.07882915 0.00097249 -0.01366274
v 0.08056464 0.00070689 -0.01352638
v 0.08065708 0.00128384 -0.01464689
v 0.08193092 -0.00016254 -0.00741267
v 0.08177256 -0.00000163 -0.00613330
v 0.08216790 -0.00020891 -0.00943544
v 0.08237209 0.00013890 -0.01139440
v 0.08255361 0.00075930 -0.01330923
v 0.08265986 0.00144435 -0.01460939
v 0.08342917 0.00030496 -0.00717608
v 0.08394109 0.00042898 -0.00767915
v 0.08411088 0.00039635 -0.00912879
v 0.08433704 0.00048002 -0.01113051
v 0.08451468 0.00114705 -0.01303779
v 0.08455826 0.00143476 -0.01357486
v 0.08478951 0.00071395 -0.00900357
v 0.08562287 0.00108898 -0.01089202
v 0.08524162 0.00138574 -0.01292097
v -0.00512974 -0.01044152 0.01843414
v -0.00494305 -0.00988331 0.01650925
v -0.00473186 -0.00961961 0.01453667
v -0.00452705 -0.00927928 0.01257650
v -0.00428408 -0.00939778 0.01054205
v -0.00405696 -0.00932564 0.00853847
v -0.00386133 -0.00887485 0.00659618
v -0.00365668 -0.00853261 0.00463632
v -0.00342892 -0.00846817 0.00263149
v -0.00333162 -0.01089731 0.02058428
v -0.00320429 -0.00962549 0.01877491
v -0.00303953 -0.00880358 0.01689270
v -0.00297745 -0.00864391 0.01626710
v -0.00307207 -0.00843255 0.01491293
v -0.00296006 -0.00810401 0.01294103
v -0.00239873 -0.00809952 0.01096089
v -0.00256034 -0.00796417 0.01228259
v -0.00214594 -0.00833614 0.00890732
v -0.00191771 -0.00827736 0.00690157
v -0.00169650 -0.00813422 0.00490948
v -0.00147371 -0.00801001 0.00291432
v -0.00125191 -0.00787387 0.00092110
v -0.00139684 -0.01019355 0.02090688
v -0.00135382 -0.00910128 0.01992645
v -0.00224968 -0.00902220 0.01897776
v -0.00297318 -0.00874751 0.01690922
v -0.00199915 -0.00772076 0.01106733
v -0.00101783 -0.00733620 0.00919600
v -0.00016470 -0.00695989 0.00730983
v 0.00018657 -0.00680864 0.00533274
v 0.00002719 -0.00685072 0.00673403
v 0.00040231 -0.00659970 0.00335130
v 0.00062038 -0.00641877 0.00136532
v 0.00083849 -0.00623823 -0.00062071
v 0.00104288 -0.00589291 -0.00258007
v 0.00124296 -0.00549568 -0.00453103
v 0.00143547 -0.00500749 -0.00646726
v 0.00163890 -0.00465043 -0.00842473
v 0.00182906 -0.00413397 -0.01035638
v 0.00200019 -0.00363541 -0.01211358
v 0.00200426 -0.00360687 -0.01228779
v 0.00225933 -0.00370160 -0.01431691
v 0.00202882 -0.00358877 -0.01238700
v 0.00051791 -0.00924883 0.02126848
v 0.00051792 -0.00915432 0.02121576
v 0.00043273 -0.00660007 0.00539409
v 0.00077174 -0.00625690 0.00344845
v 0.00115682 -0.00591076 0.00150815
v 0.00150265 -0.00556714 -0.00043670
v 0.00165877 -0.00523576 -0.00240350
v 0.00180385 -0.00490509 -0.00437156
v 0.00182327 -0.00458251 -0.00635417
v 0.00193947 -0.00425370 -0.00832558
v 0.00196471 -0.00393075 -0.01030751
v 0.00248300 -0.00325470 -0.01421726
v 0.00357307 -0.00286312 -0.01607602
v 0.00454707 -0.00258821 -0.01727377
v 0.00072990 -0.00915151 0.02130728
v 0.00243683 -0.00913049 0.02205438
v 0.00512085 -0.00244205 -0.01788183
v 0.00680219 -0.00201648 -0.01964681
v 0.00435872 -0.00910181 0.02286463
v 0.00683237 -0.00201043 -0.01966870
v 0.00893661 -0.00164145 -0.02086688
v 0.00631895 -0.00901065 0.02330856
v 0.00982047 -0.00149654 -0.02130790
v 0.01102879 -0.00133526 -0.02168337
v 0.00829460 -0.00889435 0.02360521
v 0.01306816 -0.00111511 -0.02199551
v 0.01027896 -0.00876386 0.02381862
v 0.01508699 -0.00092845 -0.02211133
v 0.01226839 -0.00862510 0.02398359
v 0.01709666 -0.00075670 -0.02213973
v 0.01428660 -0.00843945 0.02387366
v 0.01837785 -0.00062374 -0.02230287
v 0.01917032 -0.00128299 -0.02233238
v 0.01913199 -0.00054316 -0.02241317
v 0.01633878 -0.00819843 0.02343921
v 0.02122857 -0.00206360 -0.02225008
v 0.02114873 -0.00035990 -0.02250906
v 0.01736719 -0.00807932 0.02323181
v 0.01839055 -0.00795810 0.02300873
v 0.02317312 -0.00016417 -0.02267802
v 0.02044959 -0.00770590 0.02250877
v 0.02517647 -0.00000274 -0.02264598
v 0.02256418 -0.00788569 0.02176920
v 0.02250742 -0.00745568 0.02202035
v 0.02716287 0.00013107 -0.02245203
v 0.02295521 -0.00739788 0.02189336
v 0.02457267 -0.00719336 0.02146099
v 0.02914679 -0.00140155 -0.02130825
v 0.02912802 0.00023025 -0.02205507
v 0.02673668 -0.00731748 0.02026325
v 0.02666303 -0.00689012 0.02066182
v 0.03108310 -0.00071607 -0.02098861
v 0.03106844 0.00028914 -0.02142194
v 0.02739552 -0.00679040 0.02042214
v 0.02897468 -0.00745648 0.01843415
v 0.02875734 -0.00658046 0.01982493
v 0.03306338 -0.00055937 -0.02075458
v 0.03304582 0.00040826 -0.02114185
v 0.03056123 -0.00626506 0.01880348
v 0.03116198 -0.00698595 0.01670372
v 0.03089468 -0.00620066 0.01857700
v 0.03141723 -0.00725200 0.01464539
v 0.03506917 -0.00070928 -0.02057019
v 0.03504617 0.00056481 -0.02108117
v 0.03306686 -0.00592254 0.01708454
v 0.03303251 -0.00582007 0.01732434
v 0.03333363 -0.00632717 0.01500377
v 0.03357543 -0.00643160 0.01297160
v 0.03380506 -0.00638971 0.01096312
v 0.03708194 -0.00094309 -0.02039937
v 0.03705605 0.00073689 -0.02111153
v 0.03341512 -0.00575982 0.01714876
v 0.03514723 -0.00532687 0.01536427
v 0.03525781 -0.00529694 0.01523618
v 0.03549572 -0.00555355 0.01332241
v 0.03573705 -0.00565220 0.01129118
v 0.03597529 -0.00571390 0.00926592
v 0.03619914 -0.00560245 0.00726870
v 0.03642868 -0.00555940 0.00526041
v 0.03908594 0.00094158 -0.02133302
v 0.03721145 -0.00487252 0.01361820
v 0.03745778 -0.00481507 0.01338989
v 0.03767597 -0.00499819 0.01160572
v 0.03791735 -0.00509755 0.00957437
v 0.03814223 -0.00499852 0.00757514
v 0.03836720 -0.00490050 0.00557574
v 0.03860270 -0.00492919 0.00355583
v 0.04112517 0.00116149 -0.02164376
v 0.03936804 -0.00441221 0.01188281
v 0.03964699 -0.00435075 0.01164648
v 0.03986030 -0.00449195 0.00988107
v 0.04009849 -0.00455290 0.00785594
v 0.04032799 -0.00450939 0.00584772
v 0.04056321 -0.00453469 0.00382836
v 0.04079920 -0.00456921 0.00180751
v 0.04123497 0.00117061 -0.02164371
v 0.04313227 0.00101365 -0.02147187
v 0.04312772 0.00132163 -0.02160412
v 0.04181535 -0.00403171 0.01016425
v 0.04176318 -0.00400542 0.01060054
v 0.04206384 -0.00421657 0.00811905
v 0.04230351 -0.00429536 0.00609103
v 0.04253783 -0.00430985 0.00407342
v 0.04277482 -0.00435637 0.00205063
v 0.04510053 0.00131499 -0.02121442
v 0.04510044 0.00143313 -0.02127941
v 0.04380037 -0.00393193 0.01038906
v 0.04373672 -0.00389257 0.01091734
v 0.04404522 -0.00407306 0.00835095
v 0.04428178 -0.00411439 0.00632900
v 0.04451876 -0.00416081 0.00430622
v 0.04475350 -0.00418039 0.00228778
v 0.04700026 -0.00036263 -0.01926208
v 0.04704045 0.00149136 -0.02064238
v 0.04546928 0.00144349 -0.02115390
v 0.04579089 -0.00389830 0.01060317
v 0.04566092 -0.00386012 0.01170550
v 0.04603190 -0.00399322 0.00857254
v 0.04626459 -0.00398804 0.00655811
v 0.04649579 -0.00396503 0.00454658
v 0.04672889 -0.00396474 0.00253136
v 0.04895938 0.00004868 -0.01898683
v 0.04897883 0.00154690 -0.01998965
v 0.04777902 -0.00383593 0.01082193
v 0.04759744 -0.00380760 0.01237595
v 0.04801661 -0.00388968 0.00879797
v 0.04824876 -0.00387805 0.00678458
v 0.04847684 -0.00381744 0.00477913
v 0.04870270 -0.00373025 0.00277798
v 0.04893363 -0.00370395 0.00076698
v 0.05094188 0.00017875 -0.01875711
v 0.05096286 0.00167687 -0.01977314
v 0.04975249 -0.00359720 0.01106924
v 0.04965413 -0.00355922 0.01189836
v 0.04999317 -0.00368814 0.00903926
v 0.05022534 -0.00367671 0.00702584
v 0.05045043 -0.00358018 0.00502621
v 0.05067578 -0.00348685 0.00302605
v 0.05090570 -0.00344837 0.00101702
v 0.05112576 -0.00329146 -0.00097285
v 0.05293752 0.00015091 -0.01855295
v 0.05295280 0.00181644 -0.01961296
v 0.05173057 -0.00341397 0.01130757
v 0.05167179 -0.00337447 0.01179369
v 0.05196661 -0.00344905 0.00928663
v 0.05219574 -0.00340118 0.00727911
v 0.05242299 -0.00333066 0.00527527
v 0.05265039 -0.00326184 0.00327114
v 0.05286972 -0.00309613 0.00128270
v 0.05309057 -0.00294864 -0.00070868
v 0.05490922 0.00041086 -0.01830220
v 0.05494953 0.00196709 -0.01951769
v 0.05370849 -0.00322876 0.01154622
v 0.05367566 -0.00321218 0.01182073
v 0.05394269 -0.00324184 0.00952884
v 0.05416981 -0.00316968 0.00752526
v 0.05440052 -0.00314080 0.00551467
v 0.05462288 -0.00301147 0.00352034
v 0.05484363 -0.00286267 0.00152916
v 0.05506764 -0.00275324 -0.00046839
v 0.05529598 -0.00269583 -0.00247436
v 0.05688597 0.00061005 -0.01806129
v 0.05693437 0.00209836 -0.01930884
v 0.05568857 -0.00306961 0.01178065
v 0.05567094 -0.00306390 0.01192988
v 0.05592409 -0.00309846 0.00976071
v 0.05615065 -0.00301960 0.00775822
v 0.05637718 -0.00294042 0.00575577
v 0.05659616 -0.00277048 0.00376802
v 0.05681747 -0.00262850 0.00177574
v 0.05704110 -0.00251440 -0.00022106
v 0.05726602 -0.00241587 -0.00222037
v 0.05887432 0.00066981 -0.01784295
v 0.05891815 0.00222791 -0.01908990
v 0.05640690 -0.00299282 0.01186894
v 0.05770213 -0.00285710 0.01169598
v 0.05789575 -0.00283801 0.01001154
v 0.05812629 -0.00280701 0.00800130
v 0.05835237 -0.00272242 0.00599973
v 0.05856851 -0.00251837 0.00401749
v 0.05879476 -0.00243576 0.00201560
v 0.05901938 -0.00233355 0.00001689
v 0.05924410 -0.00223263 -0.00198204
v 0.05946671 -0.00210626 -0.00397685
v 0.06086329 0.00072211 -0.01762582
v 0.06090505 0.00236255 -0.01890076
v 0.05985704 -0.00245291 0.01028255
v 0.05985514 -0.00245176 0.01029830
v 0.06008992 -0.00245003 0.00826775
v 0.06031586 -0.00236378 0.00626645
v 0.06054053 -0.00226224 0.00426762
v 0.06076465 -0.00215401 0.00226988
v 0.06099034 -0.00206475 0.00026906
v 0.06121731 -0.00199083 -0.00173423
v 0.06144039 -0.00187018 -0.00372997
v 0.06285573 0.00073270 -0.01741544
v 0.06290505 0.00251852 -0.01883671
v 0.05987691 -0.00244788 0.01028549
v 0.06200536 -0.00205098 0.00892733
v 0.06205197 -0.00207414 0.00853727
v 0.06228054 -0.00201947 0.00653085
v 0.06250781 -0.00194907 0.00452699
v 0.06273746 -0.00190737 0.00251847
v 0.06296398 -0.00182810 0.00051604
v 0.06318568 -0.00169079 -0.00147700
v 0.06340978 -0.00158243 -0.00347472
v 0.06364259 -0.00157867 -0.00548937
v 0.06484447 0.00078774 -0.01719787
v 0.06489481 0.00265781 -0.01867488
v 0.06266583 -0.00194682 0.00862325
v 0.06414180 -0.00167266 0.00768802
v 0.06424574 -0.00168127 0.00679427
v 0.06446978 -0.00157217 0.00479667
v 0.06470526 -0.00160054 0.00277681
v 0.06493942 -0.00161312 0.00075951
v 0.06516237 -0.00149092 -0.00123597
v 0.06538469 -0.00136110 -0.00323022
v 0.06561351 -0.00130942 -0.00523712
v 0.06683149 0.00086353 -0.01697693
v 0.06689782 0.00281869 -0.01863960
v 0.06621670 -0.00141249 0.00704645
v 0.06620697 -0.00141047 0.00712944
v 0.06643943 -0.00128764 0.00505139
v 0.06667558 -0.00132405 0.00303023
v 0.06691310 -0.00137692 0.00100641
v 0.06714373 -0.00134710 -0.00100403
v 0.06736079 -0.00115405 -0.00298804
v 0.06758661 -0.00106623 -0.00498909
v 0.06882545 0.00085587 -0.01676951
v 0.06708520 0.00283652 -0.01865346
v 0.06891998 0.00252218 -0.01851502
v 0.06892352 0.00301655 -0.01882105
v 0.06649697 -0.00137860 0.00708157
v 0.06824783 -0.00118790 0.00680310
v 0.06843058 -0.00126153 0.00526428
v 0.06866156 -0.00123580 0.00325319
v 0.06889928 -0.00129110 0.00122897
v 0.06912074 -0.00115097 -0.00076361
v 0.06933365 -0.00090799 -0.00273954
v 0.06955882 -0.00081242 -0.00473933
v 0.06978809 -0.00076622 -0.00674712
v 0.07080707 0.00099649 -0.01653808
v 0.07091552 0.00249539 -0.01831069
v 0.07092447 0.00317408 -0.01876612
v 0.07040446 -0.00102778 0.00551079
v 0.07029593 -0.00095354 0.00640770
v 0.07064937 -0.00116957 0.00347257
v 0.07088160 -0.00115890 0.00145903
v 0.07109962 -0.00097736 -0.00052684
v 0.07131684 -0.00078625 -0.00251117
v 0.07153183 -0.00056822 -0.00449114
v 0.07175649 -0.00046654 -0.00648994
v 0.07278575 0.00117257 -0.01630091
v 0.07290992 0.00248243 -0.01810412
v 0.07292035 0.00332334 -0.01866272
v 0.07236886 -0.00068001 0.00577575
v 0.07236829 -0.00067964 0.00578044
v 0.07261662 -0.00085605 0.00373199
v 0.07285695 -0.00094280 0.00170268
v 0.07309312 -0.00097950 -0.00031852
v 0.07330458 -0.00071905 -0.00229162
v 0.07352539 -0.00057115 -0.00428295
v 0.07374096 -0.00036020 -0.00626406
v 0.07396379 -0.00023647 -0.00825929
v 0.07457950 0.00076917 -0.01414229
v 0.07475125 0.00150702 -0.01603810
v 0.07488203 0.00273742 -0.01785418
v 0.07489502 0.00343804 -0.01835671
v 0.07238651 -0.00067773 0.00577799
v 0.07440062 -0.00047098 0.00553569
v 0.07458841 -0.00059716 0.00398257
v 0.07482715 -0.00066484 0.00195635
v 0.07505775 -0.00063458 -0.00005402
v 0.07528853 -0.00060643 -0.00206473
v 0.07551945 -0.00058000 -0.00407571
v 0.07573550 -0.00037487 -0.00605777
v 0.07595187 -0.00017341 -0.00804042
v 0.07656388 0.00087671 -0.01391621
v 0.07673493 0.00162289 -0.01581068
v 0.07687583 0.00273177 -0.01764643
v 0.07689391 0.00359221 -0.01828211
v 0.07617821 -0.00011205 0.00423175
v 0.07657298 -0.00003411 0.00395317
v 0.07678319 -0.00021653 0.00223759
v 0.07701933 -0.00025294 0.00021643
v 0.07724779 -0.00019696 -0.00178977
v 0.07748975 -0.00030321 -0.00382224
v 0.07854659 0.00100421 -0.01368691
v 0.07872286 0.00168771 -0.01559152
v 0.07884299 0.00304621 -0.01738686
v 0.07885901 0.00369131 -0.01788469
v 0.07872955 0.00034807 0.00253765
v 0.07871938 0.00036044 0.00261868
v 0.07897952 0.00014543 0.00048958
v 0.07921069 0.00016887 -0.00152189
v 0.07945830 -0.00000536 -0.00356536
v 0.07970909 -0.00021785 -0.00561502
v 0.08072031 0.00163807 -0.01539089
v 0.08082115 0.00322852 -0.01714868
v 0.08083615 0.00381004 -0.01760232
v 0.07945484 0.00042044 0.00262592
v 0.08072026 0.00051786 0.00267425
v 0.08097286 0.00014522 0.00069821
v 0.08121056 0.00009008 -0.00132598
v 0.08143490 0.00019565 -0.00332415
v 0.08167697 0.00008797 -0.00535685
v 0.08270891 0.00169486 -0.01517304
v 0.08281227 0.00325503 -0.01693573
v 0.08282965 0.00395542 -0.01747619
v 0.08294670 0.00037936 0.00094478
v 0.08274356 0.00071181 0.00251573
v 0.08319001 0.00025692 -0.00109030
v 0.08340429 0.00048331 -0.00306892
v 0.08363812 0.00047474 -0.00508557
v 0.08387486 0.00043122 -0.00710788
v 0.08467424 0.00203146 -0.01490988
v 0.08475357 0.00388043 -0.01662582
v 0.08475569 0.00399088 -0.01670567
v 0.08489406 0.00093200 0.00124291
v 0.08483098 0.00101024 0.00174469
v 0.08513851 0.00079571 -0.00079442
v 0.08535512 0.00099418 -0.00277755
v 0.08557595 0.00114196 -0.00476889
v 0.08580606 0.00117808 -0.00677831
v 0.08602534 0.00134450 -0.00876663
v 0.08625189 0.00142341 -0.01076912
v 0.08645785 0.00175004 -0.01273151
v 0.08662391 0.00255619 -0.01461627
v 0.08665499 0.00398274 -0.01567966
v 0.08502535 0.00399267 -0.01657822
v 0.08555542 0.00113492 0.00134676
v 0.08705438 0.00153029 -0.00032538
v 0.08707077 0.00152989 -0.00046690
v 0.08728609 0.00174389 -0.00244752
v 0.08750143 0.00195765 -0.00442818
v 0.08772040 0.00212777 -0.00641590
v 0.08792111 0.00251741 -0.00836809
v 0.08813218 0.00278251 -0.01034043
v 0.08836937 0.00273353 -0.01236363
v 0.08854787 0.00339025 -0.01427258
v 0.08855454 0.00397502 -0.01465605
v 0.08712928 0.00155767 -0.00045603
v 0.08760887 0.00190990 -0.00238541
v 0.08805846 0.00226020 -0.00431825
v 0.08851671 0.00261105 -0.00625010
v 0.08849227 0.00293080 -0.00823777
v 0.08869841 0.00326541 -0.01019878
v 0.08934150 0.00362818 -0.01210924
v 0.08924181 0.00394308 -0.01410563
v -0.00285118 -0.00826533 0.01496458
v -0.00265078 -0.00787194 0.01301300
v -0.00131215 -0.00840894 0.01918052
v -0.00117926 -0.00720381 0.01736035
v -0.00104776 -0.00636814 0.01575801
v -0.00114346 -0.00633004 0.01547349
v -0.00081205 -0.00601320 0.01352257
v -0.00085155 -0.00604839 0.01388367
v -0.00055184 -0.00633899 0.01145456
v -0.00029545 -0.00661883 0.00939400
v -0.00004300 -0.00685125 0.00734111
v 0.00201632 -0.00358260 -0.01228239
v 0.00057423 -0.00712307 0.01959735
v 0.00059774 -0.00678988 0.01920848
v -0.00051242 -0.00661070 0.01753134
v -0.00078529 -0.00598564 0.01353007
v 0.00023102 -0.00559882 0.01166278
v 0.00098023 -0.00522921 0.00976460
v 0.00166663 -0.00486365 0.00785915
v 0.00199949 -0.00463956 0.00589255
v 0.00189679 -0.00467287 0.00679893
v 0.00222134 -0.00450403 0.00389923
v 0.00243590 -0.00428094 0.00192008
v 0.00264152 -0.00395039 -0.00004167
v 0.00284507 -0.00359491 -0.00199939
v 0.00304093 -0.00314685 -0.00394212
v 0.00323954 -0.00273202 -0.00589023
v 0.00343724 -0.00230615 -0.00783655
v 0.00347045 -0.00210835 -0.00823387
v 0.00319527 -0.00187322 -0.00982769
v 0.00303018 -0.00156254 -0.01183164
v 0.00317400 -0.00123194 -0.01379985
v 0.00389864 -0.00086392 -0.01570088
v 0.00433469 -0.00069994 -0.01648975
v 0.00242857 -0.00825497 0.02163804
v 0.00242032 -0.00692303 0.02096732
v 0.00098662 -0.00683542 0.01968960
v 0.00209422 -0.00451477 0.00592376
v 0.00249375 -0.00416770 0.00398512
v 0.00281009 -0.00382599 0.00203686
v 0.00296974 -0.00349438 0.00007048
v 0.00316914 -0.00316020 -0.00189131
v 0.00328059 -0.00283169 -0.00386327
v 0.00342117 -0.00250131 -0.00583186
v 0.00353697 -0.00217252 -0.00780331
v 0.00503221 -0.00046954 -0.01755461
v 0.00676762 -0.00156499 -0.01959949
v 0.00655777 -0.00004990 -0.01936299
v 0.00664859 -0.00003242 -0.01942431
v 0.00432293 -0.00706509 0.02203933
v 0.00432057 -0.00692960 0.02198419
v 0.00879195 0.00035719 -0.02072979
v 0.00456039 -0.00692643 0.02208785
v 0.00623738 -0.00690920 0.02284299
v 0.00931201 0.00044892 -0.02102924
v 0.01089394 0.00067937 -0.02164007
v 0.00818931 -0.00683155 0.02336613
v 0.01294619 0.00092050 -0.02207514
v 0.01015925 -0.00672457 0.02371739
v 0.01497869 0.00112944 -0.02232160
v 0.01213317 -0.00661109 0.02403052
v 0.01527571 0.00115457 -0.02232424
v 0.01703403 0.00043598 -0.02226276
v 0.01698844 0.00130130 -0.02235066
v 0.01414205 -0.00644064 0.02400972
v 0.01900290 0.00148085 -0.02242481
v 0.01617610 -0.00622917 0.02374847
v 0.02102380 0.00167087 -0.02256038
v 0.01753037 -0.00609058 0.02358816
v 0.01820967 -0.00601849 0.02349181
v 0.02306306 0.00189084 -0.02287147
v 0.02024405 -0.00580648 0.02322741
v 0.02505509 0.00203383 -0.02273131
v 0.02229051 -0.00557479 0.02284759
v 0.02705549 0.00219047 -0.02267112
v 0.02434664 -0.00535042 0.02238830
v 0.02434431 -0.00533113 0.02239766
v 0.02902819 0.00230195 -0.02234625
v 0.02436275 -0.00532895 0.02239365
v 0.02640602 -0.00507459 0.02187219
v 0.03100007 0.00241210 -0.02201359
v 0.02859705 -0.00571898 0.02073070
v 0.02845102 -0.00484528 0.02150636
v 0.03298183 0.00253836 -0.02177537
v 0.02992054 -0.00464945 0.02105170
v 0.03084935 -0.00602987 0.01887377
v 0.03052790 -0.00456402 0.02083599
v 0.03498806 0.00270449 -0.02177087
v 0.03273485 -0.00473360 0.01929228
v 0.03262281 -0.00425336 0.01999332
v 0.03692627 0.00287116 -0.02180464
v 0.03699958 0.00285004 -0.02180057
v 0.03699878 0.00287794 -0.02180925
v 0.03401506 -0.00406426 0.01954048
v 0.03497769 -0.00493076 0.01745376
v 0.03470538 -0.00396283 0.01926862
v 0.03523941 -0.00527464 0.01538283
v 0.03904948 0.00216971 -0.02170205
v 0.03901867 0.00306633 -0.02193522
v 0.03690534 -0.00414122 0.01779025
v 0.03677157 -0.00369899 0.01870033
v 0.03717132 -0.00453630 0.01571102
v 0.03742575 -0.00479252 0.01365428
v 0.04112461 0.00118611 -0.02165261
v 0.04104955 0.00327262 -0.02216615
v 0.03884318 -0.00347409 0.01810691
v 0.03883247 -0.00344376 0.01818256
v 0.03911123 -0.00389407 0.01602366
v 0.03937161 -0.00422195 0.01395531
v 0.03961431 -0.00433708 0.01192141
v 0.04306495 0.00345369 -0.02224921
v 0.03900510 -0.00342135 0.01813286
v 0.04092889 -0.00313065 0.01732553
v 0.04106374 -0.00340346 0.01631175
v 0.04133123 -0.00381665 0.01422959
v 0.04157567 -0.00395289 0.01219227
v 0.04505947 0.00360075 -0.02213289
v 0.04302791 -0.00305293 0.01657716
v 0.04296424 -0.00291707 0.01705191
v 0.04330989 -0.00364039 0.01446679
v 0.04355791 -0.00381963 0.01242251
v 0.04703476 0.00202544 -0.02089074
v 0.04701445 0.00368335 -0.02163877
v 0.04500117 -0.00281176 0.01682486
v 0.04497136 -0.00274949 0.01704791
v 0.04529670 -0.00356216 0.01468812
v 0.04555321 -0.00384341 0.01262732
v 0.04896207 0.00281918 -0.02055358
v 0.04894680 0.00372910 -0.02092856
v 0.04698324 -0.00267644 0.01705543
v 0.04695630 -0.00261806 0.01725579
v 0.04728626 -0.00351699 0.01490410
v 0.04754295 -0.00380041 0.01284295
v 0.05091075 0.00335588 -0.02025803
v 0.05089909 0.00380731 -0.02040870
v 0.04896408 -0.00252645 0.01728838
v 0.04894372 -0.00248257 0.01743994
v 0.04925649 -0.00323934 0.01515771
v 0.04951245 -0.00351400 0.01309798
v 0.05290741 0.00331568 -0.02005588
v 0.05289511 0.00395681 -0.02030669
v 0.05094113 -0.00233084 0.01752871
v 0.05094113 -0.00233082 0.01752878
v 0.05122761 -0.00297245 0.01540958
v 0.05148492 -0.00326326 0.01334724
v 0.05492975 0.00296682 -0.01990369
v 0.05491034 0.00413760 -0.02038813
v 0.05094182 -0.00233077 0.01752880
v 0.05293924 -0.00217793 0.01761086
v 0.05320135 -0.00273699 0.01565636
v 0.05346605 -0.00311676 0.01357962
v 0.05693041 0.00287860 -0.01970930
v 0.05691607 0.00430292 -0.02037888
v 0.05518369 -0.00260492 0.01588641
v 0.05493073 -0.00203582 0.01775617
v 0.05544880 -0.00298957 0.01380887
v 0.05891095 0.00303229 -0.01947576
v 0.05890537 0.00444146 -0.02021260
v 0.05714307 -0.00219690 0.01616112
v 0.05696904 -0.00181741 0.01745422
v 0.05742380 -0.00276932 0.01405319
v 0.05766433 -0.00285851 0.01202349
v 0.06090552 0.00301725 -0.01926953
v 0.06090247 0.00459271 -0.02012090
v 0.05862630 -0.00151422 0.01643285
v 0.05912142 -0.00141309 0.01606253
v 0.05933655 -0.00180059 0.01441868
v 0.05960387 -0.00221187 0.01233684
v 0.06290841 0.00290212 -0.01907950
v 0.06290766 0.00475715 -0.02010644
v 0.06127264 -0.00111244 0.01473875
v 0.06124506 -0.00105563 0.01494549
v 0.06155199 -0.00166840 0.01263348
v 0.06180553 -0.00191392 0.01057847
v 0.06489838 0.00294248 -0.01886431
v 0.06490225 0.00490431 -0.01999073
v 0.06195534 -0.00097836 0.01483309
v 0.06329865 -0.00081232 0.01449759
v 0.06349849 -0.00110538 0.01293329
v 0.06377178 -0.00158844 0.01083983
v 0.06401100 -0.00166180 0.00881268
v 0.06689831 0.00286299 -0.01866851
v 0.06689739 0.00505237 -0.01988029
v 0.06548163 -0.00098304 0.01316176
v 0.06529479 -0.00066262 0.01459844
v 0.06574155 -0.00130527 0.01109433
v 0.06598048 -0.00137522 0.00906774
v 0.06891063 0.00522992 -0.01994276
v 0.06746496 -0.00086294 0.01338987
v 0.06725250 -0.00057557 0.01506648
v 0.06771474 -0.00106320 0.01134219
v 0.06795120 -0.00110339 0.00932041
v 0.06819023 -0.00117453 0.00729363
v 0.07058833 0.00536183 -0.01989561
v 0.07091221 0.00533805 -0.01986576
v 0.07091129 0.00538697 -0.01988502
v 0.06944160 -0.00066229 0.01363102
v 0.06920958 -0.00048954 0.01554051
v 0.06967825 -0.00070481 0.01160887
v 0.06991443 -0.00074167 0.00958764
v 0.07015957 -0.00088615 0.00754898
v 0.07289807 0.00542773 -0.01964258
v 0.07289617 0.00551831 -0.01967653
v 0.07141068 -0.00037089 0.01388686
v 0.07119576 -0.00035608 0.01573655
v 0.07163902 -0.00031351 0.01188088
v 0.07186771 -0.00026019 0.00987425
v 0.07212073 -0.00049957 0.00782023
v 0.07489587 0.00537396 -0.01944262
v 0.07488961 0.00566361 -0.01954993
v 0.07319323 0.00006719 0.01414819
v 0.07338680 0.00011123 0.01397562
v 0.07359472 0.00013888 0.01216278
v 0.07382057 0.00022627 0.01016166
v 0.07406770 0.00005772 0.00811911
v 0.07433914 -0.00040301 0.00602926
v 0.07689710 0.00527885 -0.01924935
v 0.07688871 0.00581811 -0.01947723
v 0.07555543 0.00053099 0.01243492
v 0.07554972 0.00053271 0.01248332
v 0.07579214 0.00048775 0.01041266
v 0.07603155 0.00041215 0.00838516
v 0.07627970 0.00023131 0.00634061
v 0.07653071 0.00001620 0.00429053
v 0.07887673 0.00544345 -0.01901404
v 0.07887185 0.00594662 -0.01925220
v 0.07565638 0.00054725 0.01244827
v 0.07764678 0.00084686 0.01162011
v 0.07775685 0.00083178 0.01067702
v 0.07799014 0.00082967 0.00866141
v 0.07822502 0.00080849 0.00664272
v 0.07846640 0.00070919 0.00461138
v 0.08085879 0.00557880 -0.01878346
v 0.08085832 0.00608054 -0.01905891
v 0.07974123 0.00093927 0.01090308
v 0.07960793 0.00093953 0.01205528
v 0.07997700 0.00090740 0.00888266
v 0.08022546 0.00072288 0.00683752
v 0.08045055 0.00081942 0.00483789
v 0.08070707 0.00053798 0.00277706
v 0.08285475 0.00554710 -0.01857993
v 0.08285352 0.00622871 -0.01894907
v 0.08172983 0.00099598 0.01112093
v 0.08155063 0.00100212 0.01266668
v 0.08196859 0.00092820 0.00909469
v 0.08221049 0.00082263 0.00706234
v 0.08243023 0.00098342 0.00507310
v 0.08267626 0.00082814 0.00303270
v 0.08480406 0.00607623 -0.01828561
v 0.08480384 0.00630372 -0.01841043
v 0.08369622 0.00131979 0.01138201
v 0.08364749 0.00131596 0.01180540
v 0.08393769 0.00121941 0.00935050
v 0.08417541 0.00116399 0.00732626
v 0.08438409 0.00145783 0.00535857
v 0.08462535 0.00136001 0.00332747
v 0.08668110 0.00467144 -0.01628910
v 0.08669600 0.00628396 -0.01731628
v 0.08520114 0.00630355 -0.01820526
v 0.08397476 0.00140465 0.01142565
v 0.08585459 0.00184712 0.00965825
v 0.08588293 0.00185562 0.00962033
v 0.08610909 0.00188108 0.00765102
v 0.08631473 0.00221150 0.00568924
v 0.08654189 0.00228314 0.00368558
v 0.08681611 0.00178892 0.00159030
v 0.08858710 0.00572136 -0.01591046
v 0.08858744 0.00626301 -0.01621513
v 0.08682280 0.00223084 0.00778540
v 0.08705908 0.00256739 0.00582788
v 0.08766736 0.00292792 0.00391339
v 0.08856426 0.00330704 0.00203229
v 0.08892011 0.00326103 0.00002202
v 0.08872542 0.00338455 0.00163632
v 0.08915471 0.00324321 -0.00199613
v 0.08936927 0.00346631 -0.00397528
v 0.08956825 0.00387681 -0.00592409
v 0.08974175 0.00459354 -0.00782332
v 0.08992968 0.00513685 -0.00975063
v 0.09017268 0.00501809 -0.01178512
v 0.09035427 0.00563761 -0.01370009
v 0.09036089 0.00604979 -0.01398692
v 0.08928260 0.00624525 -0.01574828
v 0.08923904 0.00367185 0.00012549
v 0.08977524 0.00402773 -0.00179734
v 0.09003654 0.00436589 -0.00375196
v 0.09008876 0.00469058 -0.00573077
v 0.09002086 0.00500753 -0.00772348
v 0.09004389 0.00533034 -0.00970567
v 0.09048674 0.00568020 -0.01163929
v 0.09051192 0.00600315 -0.01362123
v -0.00102996 -0.00619605 0.01550823
v 0.00065551 -0.00529758 0.01787761
v 0.00078137 -0.00425624 0.01620946
v 0.00071527 -0.00423204 0.01602598
v 0.00073276 -0.00390958 0.01404315
v 0.00126273 -0.00418975 0.01201117
v 0.00107429 -0.00377889 0.01341132
v 0.00151593 -0.00443127 0.00995680
v 0.00176962 -0.00467864 0.00790149
v 0.00354368 -0.00078304 -0.00960524
v 0.00358458 0.00031201 -0.01056895
v 0.00342392 0.00044106 -0.01144862
v 0.00336441 0.00075855 -0.01344035
v 0.00389452 0.00111404 -0.01536389
v 0.00417111 0.00126785 -0.01617193
v 0.00243164 -0.00548901 0.02007055
v 0.00245952 -0.00462477 0.01934808
v 0.00145659 -0.00450559 0.01809658
v 0.00175912 -0.00352212 0.01217702
v 0.00243898 -0.00315698 0.01027081
v 0.00291625 -0.00280490 0.00834117
v 0.00329245 -0.00245933 0.00639984
v 0.00343919 -0.00212855 0.00443196
v 0.00354731 -0.00180026 0.00245962
v 0.00385334 -0.00145921 0.00051016
v 0.00416084 -0.00111807 -0.00143912
v 0.00436283 -0.00078373 -0.00340060
v 0.00458361 -0.00044818 -0.00535992
v 0.00444467 -0.00013581 -0.00736084
v 0.00389922 0.00015037 -0.00940879
v 0.00456175 0.00147836 -0.01727155
v 0.00604392 0.00189520 -0.01908495
v 0.00651843 0.00198983 -0.01942570
v 0.00328379 -0.00470916 0.02029280
v 0.00428086 -0.00475995 0.02111878
v 0.00841867 0.00236957 -0.02079511
v 0.00872748 0.00164014 -0.02088721
v 0.00868273 0.00241356 -0.02093122
v 0.00620817 -0.00576562 0.02245837
v 0.00618238 -0.00476445 0.02212352
v 0.01077948 0.00272722 -0.02179146
v 0.00780085 -0.00473938 0.02280016
v 0.00810546 -0.00473382 0.02292233
v 0.01254956 0.00295711 -0.02230211
v 0.01286165 0.00266920 -0.02231856
v 0.01284444 0.00298904 -0.02234790
v 0.01005444 -0.00466100 0.02347380
v 0.01497281 0.00125240 -0.02233926
v 0.01487563 0.00319585 -0.02258183
v 0.01202281 -0.00455656 0.02383993
v 0.01688823 0.00337237 -0.02263820
v 0.01400304 -0.00443281 0.02409288
v 0.01889042 0.00353191 -0.02259509
v 0.01600140 -0.00427949 0.02417250
v 0.02090585 0.00371304 -0.02267848
v 0.01808513 -0.00476809 0.02387184
v 0.01801941 -0.00409417 0.02406449
v 0.02293973 0.00392422 -0.02293808
v 0.01839822 -0.00405643 0.02402602
v 0.02005154 -0.00388584 0.02382164
v 0.02459441 0.00405466 -0.02289367
v 0.02494929 0.00393650 -0.02287667
v 0.02494164 0.00408333 -0.02289236
v 0.02209103 -0.00366549 0.02350835
v 0.02695720 0.00376105 -0.02269641
v 0.02693097 0.00422191 -0.02272635
v 0.02413884 -0.00343160 0.02311568
v 0.02893465 0.00395191 -0.02245685
v 0.02891707 0.00435524 -0.02252961
v 0.02565163 -0.00326767 0.02288021
v 0.02617782 -0.00321210 0.02280731
v 0.03088010 0.00445096 -0.02211237
v 0.03010629 0.00440987 -0.02225608
v 0.02820253 -0.00301586 0.02263533
v 0.03286599 0.00458395 -0.02191356
v 0.03046777 -0.00424490 0.02117800
v 0.03024176 -0.00279594 0.02232455
v 0.03320833 0.00460978 -0.02189724
v 0.03490877 0.00402219 -0.02181948
v 0.03486879 0.00474449 -0.02187627
v 0.03234131 -0.00280468 0.02161982
v 0.03230098 -0.00254347 0.02182294
v 0.03689469 0.00494267 -0.02205967
v 0.03285609 -0.00248205 0.02172874
v 0.03464733 -0.00376155 0.01965831
v 0.03434961 -0.00230823 0.02142237
v 0.03893418 0.00516301 -0.02237290
v 0.03657865 -0.00301617 0.01998764
v 0.03637825 -0.00210558 0.02121278
v 0.04094057 0.00532941 -0.02236996
v 0.03853437 -0.00256400 0.02026951
v 0.03838672 -0.00193580 0.02119591
v 0.04295907 0.00551552 -0.02248258
v 0.04049171 -0.00213139 0.02054821
v 0.04040040 -0.00175753 0.02112927
v 0.04078773 -0.00288771 0.01841050
v 0.04495585 0.00566626 -0.02238785
v 0.04236495 -0.00154793 0.02084384
v 0.04243834 -0.00153972 0.02083081
v 0.04275126 -0.00252957 0.01867715
v 0.04692116 0.00576570 -0.02199242
v 0.04472449 -0.00228796 0.01892493
v 0.04444608 -0.00137114 0.02082096
v 0.04888385 0.00586087 -0.02157195
v 0.04669975 -0.00207082 0.01916874
v 0.04642248 -0.00125362 0.02111041
v 0.05085488 0.00596965 -0.02123122
v 0.04868006 -0.00191441 0.01940273
v 0.04839605 -0.00114071 0.02142689
v 0.05284249 0.00610543 -0.02104880
v 0.05065636 -0.00170970 0.01964453
v 0.05038150 -0.00100844 0.02162994
v 0.05484671 0.00626828 -0.02102507
v 0.05263110 -0.00148630 0.01988936
v 0.05240629 -0.00081207 0.02145716
v 0.05291763 -0.00212850 0.01777013
v 0.05683645 0.00640754 -0.02086309
v 0.05460350 -0.00123481 0.02013874
v 0.05443484 -0.00060956 0.02124844
v 0.05489651 -0.00195495 0.01800689
v 0.05882339 0.00654224 -0.02067432
v 0.05656241 -0.00082107 0.02041439
v 0.05645896 -0.00041428 0.02108208
v 0.05685857 -0.00157910 0.01827640
v 0.06082113 0.00669454 -0.02058870
v 0.05825201 -0.00020277 0.02069673
v 0.05851567 -0.00016589 0.02060437
v 0.05878636 -0.00079117 0.01861262
v 0.05906302 -0.00131475 0.01651260
v 0.06175215 0.00677060 -0.02058027
v 0.06284065 0.00651971 -0.02050912
v 0.06282747 0.00686085 -0.02058525
v 0.06072287 -0.00010811 0.01893187
v 0.06059206 0.00011459 0.01993861
v 0.06099520 -0.00057965 0.01684027
v 0.06485150 0.00630893 -0.02033458
v 0.06482519 0.00701310 -0.02049939
v 0.06269107 0.00019395 0.01918943
v 0.06262891 0.00033061 0.01965064
v 0.06296448 -0.00029058 0.01709573
v 0.06323549 -0.00074613 0.01500672
v 0.06683186 0.00646481 -0.02010068
v 0.06680420 0.00713487 -0.02023484
v 0.06467670 0.00028634 0.01941306
v 0.06460826 0.00045294 0.01991195
v 0.06495653 -0.00027531 0.01730687
v 0.06521322 -0.00055872 0.01524572
v 0.06889577 0.00561612 -0.02002941
v 0.06882707 0.00732812 -0.02038932
v 0.06666440 0.00035401 0.01963267
v 0.06658184 0.00056586 0.02022837
v 0.06695278 -0.00031051 0.01750983
v 0.06720264 -0.00051178 0.01546198
v 0.07082940 0.00748790 -0.02034755
v 0.06864319 0.00052863 0.01986961
v 0.06857596 0.00071226 0.02034850
v 0.06894015 -0.00023890 0.01773009
v 0.06919253 -0.00047051 0.01567733
v 0.07281641 0.00762271 -0.02015943
v 0.07062146 0.00070961 0.02010757
v 0.07057286 0.00086318 0.02044219
v 0.07091877 -0.00006224 0.01796735
v 0.07117540 -0.00034493 0.01590632
v 0.07481846 0.00778203 -0.02011500
v 0.07200816 0.00100507 0.02030314
v 0.07260173 0.00106621 0.02023041
v 0.07288223 0.00029686 0.01823415
v 0.07312179 0.00021939 0.01620634
v 0.07336357 0.00011519 0.01417421
v 0.07682557 0.00794959 -0.02011892
v 0.07483758 0.00075339 0.01851672
v 0.07460428 0.00122635 0.02027005
v 0.07507878 0.00065624 0.01648573
v 0.07531411 0.00062954 0.01446614
v 0.07880800 0.00807694 -0.01988707
v 0.07680022 0.00112220 0.01878509
v 0.07664555 0.00144958 0.01993986
v 0.07704899 0.00093409 0.01673938
v 0.07728354 0.00091682 0.01472131
v 0.07752217 0.00085060 0.01269533
v 0.08079297 0.00820843 -0.01967948
v 0.07878053 0.00127867 0.01901909
v 0.07864592 0.00160616 0.02000033
v 0.07903255 0.00105138 0.01696703
v 0.07927354 0.00095674 0.01493644
v 0.07950912 0.00092714 0.01291639
v 0.08279721 0.00837131 -0.01965592
v 0.08076211 0.00141989 0.01925061
v 0.08064731 0.00176439 0.02005113
v 0.08101601 0.00116995 0.01719489
v 0.08126201 0.00101505 0.01515455
v 0.08149597 0.00100498 0.01313765
v 0.08476347 0.00847230 -0.01926955
v 0.08250660 0.00200296 0.01953270
v 0.08271783 0.00203530 0.01944149
v 0.08296989 0.00164416 0.01748032
v 0.08322228 0.00141244 0.01542754
v 0.08346125 0.00134213 0.01340090
v 0.08667982 0.00748969 -0.01784812
v 0.08666760 0.00847204 -0.01828971
v 0.08489971 0.00240769 0.01781259
v 0.08487330 0.00244465 0.01802026
v 0.08515608 0.00212810 0.01575206
v 0.08539035 0.00211427 0.01373456
v 0.08562343 0.00211473 0.01171937
v 0.08587782 0.00185897 0.00966270
v 0.08853865 0.00841788 -0.01699387
v 0.08765819 0.00844011 -0.01758357
v 0.08506402 0.00248910 0.01784368
v 0.08689316 0.00292830 0.01607042
v 0.08714054 0.00303613 0.01553144
v 0.08730476 0.00306297 0.01409681
v 0.08752654 0.00319929 0.01210361
v 0.08775432 0.00326355 0.01009875
v 0.08798118 0.00333874 0.00809566
v 0.08818593 0.00367985 0.00613562
v 0.08841145 0.00377114 0.00413513
v 0.08867050 0.00345939 0.00206940
v 0.09036361 0.00828860 -0.01525774
v 0.09035379 0.00829251 -0.01528690
v 0.08765686 0.00329884 0.01417391
v 0.08807127 0.00364687 0.01223699
v 0.08842194 0.00399080 0.01029270
v 0.08882504 0.00433810 0.00835448
v 0.08896951 0.00466873 0.00638634
v 0.08927133 0.00500951 0.00443640
v 0.08962201 0.00535343 0.00249212
v 0.09005804 0.00570285 0.00055770
v 0.09045605 0.00604983 -0.00138111
v 0.09069938 0.00638683 -0.00333781
v 0.09059290 0.00670130 -0.00533498
v 0.09075996 0.00703339 -0.00730051
v 0.09087137 0.00736189 -0.00927247
v 0.09112520 0.00769957 -0.01122796
v 0.09097617 0.00801129 -0.01323005
v 0.00078800 -0.00408767 0.01605822
v 0.00095578 -0.00330210 0.01417013
v 0.00310717 0.00239887 -0.01114778
v 0.00341142 0.00226419 -0.01015952
v 0.00282700 0.00270214 -0.01316505
v 0.00284222 0.00302444 -0.01514814
v 0.00424908 0.00194710 -0.01722432
v 0.00327382 0.00337358 -0.01708306
v 0.00430445 0.00371952 -0.01869046
v 0.00245887 -0.00301361 0.01845603
v 0.00248705 -0.00234552 0.01784023
v 0.00180286 -0.00218372 0.01648926
v 0.00145086 -0.00188508 0.01446369
v 0.00221664 -0.00151441 0.01256742
v 0.00295805 -0.00114531 0.01066833
v 0.00346256 -0.00106704 0.00869483
v 0.00338078 -0.00088907 0.00930270
v 0.00370756 -0.00120991 0.00665644
v 0.00387860 -0.00046351 0.00476201
v 0.00403634 0.00017928 0.00304023
v 0.00404010 0.00020972 0.00285409
v 0.00419717 0.00054117 0.00088741
v 0.00447363 0.00079079 -0.00108073
v 0.00440656 0.00078261 -0.00049638
v 0.00452538 0.00097624 -0.00163141
v 0.00461251 0.00121059 -0.00303425
v 0.00481905 0.00154522 -0.00499521
v 0.00471353 0.00185974 -0.00699226
v 0.00387904 0.00212729 -0.00907365
v 0.00449670 0.00377372 -0.01892646
v 0.00648520 0.00417006 -0.02035312
v 0.00426293 -0.00354091 0.02059459
v 0.00425724 -0.00256405 0.02009956
v 0.00283088 -0.00243880 0.01859303
v 0.00354495 -0.00078616 0.00875137
v 0.00396302 -0.00043789 0.00681488
v 0.00396831 -0.00011623 0.00483064
v 0.00448661 0.00088115 -0.00106396
v 0.00696238 0.00425394 -0.02062609
v 0.00859860 0.00451084 -0.02137235
v 0.00539453 -0.00259491 0.02087443
v 0.00612831 -0.00261820 0.02139529
v 0.01052368 0.00480477 -0.02219898
v 0.01070727 0.00460576 -0.02221372
v 0.01069579 0.00482519 -0.02223672
v 0.00809782 -0.00451919 0.02286881
v 0.00803609 -0.00261249 0.02234019
v 0.01274049 0.00505402 -0.02259973
v 0.01000417 -0.00347343 0.02324677
v 0.00996774 -0.00256790 0.02305715
v 0.01477224 0.00526174 -0.02283898
v 0.01191869 -0.00252601 0.02360881
v 0.01191704 -0.00249456 0.02360554
v 0.01678366 0.00543632 -0.02288404
v 0.01198503 -0.00249151 0.02362165
v 0.01387306 -0.00241025 0.02408972
v 0.01878229 0.00559008 -0.02280700
v 0.01584406 -0.00230153 0.02443072
v 0.02078164 0.00574500 -0.02273676
v 0.01784452 -0.00214481 0.02449042
v 0.02258258 0.00590323 -0.02278891
v 0.02281963 0.00557580 -0.02281996
v 0.02279526 0.00592317 -0.02280283
v 0.01864602 -0.00206224 0.02439216
v 0.01988266 -0.00192668 0.02419010
v 0.02481361 0.00610905 -0.02291407
v 0.02191810 -0.00171294 0.02391556
v 0.02681696 0.00627049 -0.02288206
v 0.02395565 -0.00149577 0.02362084
v 0.02881116 0.00641701 -0.02276264
v 0.02608792 -0.00232005 0.02308754
v 0.02598221 -0.00129650 0.02343111
v 0.03086214 0.00474340 -0.02212005
v 0.03078110 0.00652401 -0.02241150
v 0.02682862 -0.00121359 0.02335384
v 0.02800386 -0.00110525 0.02328839
v 0.03285539 0.00474426 -0.02191125
v 0.03275111 0.00663111 -0.02206095
v 0.03003221 -0.00090307 0.02308155
v 0.03474726 0.00678081 -0.02196011
v 0.03206762 -0.00068938 0.02280732
v 0.03677076 0.00697508 -0.02212059
v 0.03421515 -0.00136819 0.02206103
v 0.03410526 -0.00047207 0.02251180
v 0.03879248 0.00716646 -0.02226406
v 0.03577952 -0.00031543 0.02240439
v 0.03612622 -0.00028193 0.02237557
v 0.04079093 0.00731991 -0.02218525
v 0.03812257 -0.00013191 0.02247453
v 0.04280774 0.00750328 -0.02228176
v 0.04011617 0.00001365 0.02259961
v 0.04440481 0.00763088 -0.02224946
v 0.04484284 0.00721613 -0.02227436
v 0.04480959 0.00766227 -0.02223541
v 0.04243448 -0.00152358 0.02085527
v 0.04211465 0.00016714 0.02267821
v 0.04681923 0.00741976 -0.02203273
v 0.04679554 0.00779536 -0.02203721
v 0.04439785 -0.00116350 0.02112223
v 0.04409827 0.00029642 0.02289873
v 0.04877127 0.00791179 -0.02174134
v 0.04867962 0.00790637 -0.02175497
v 0.04638570 -0.00109777 0.02134153
v 0.04607232 0.00041013 0.02321056
v 0.04883547 0.00791641 -0.02173694
v 0.05078151 0.00771261 -0.02156799
v 0.05076491 0.00805739 -0.02161652
v 0.04837408 -0.00103831 0.02155982
v 0.04805255 0.00053388 0.02346349
v 0.05277676 0.00768943 -0.02136308
v 0.05275410 0.00819576 -0.02144929
v 0.05035641 -0.00090619 0.02178988
v 0.05004500 0.00067756 0.02359962
v 0.05478770 0.00747764 -0.02118870
v 0.05474604 0.00833861 -0.02130826
v 0.05230514 -0.00037013 0.02208532
v 0.05207578 0.00088369 0.02336966
v 0.05677391 0.00756314 -0.02096620
v 0.05672681 0.00846324 -0.02106052
v 0.05423052 0.00044685 0.02242625
v 0.05412722 0.00112351 0.02294222
v 0.05877210 0.00750456 -0.02076702
v 0.05871889 0.00860632 -0.02092087
v 0.05616850 0.00111220 0.02274262
v 0.05614166 0.00130300 0.02286837
v 0.06079364 0.00716530 -0.02061327
v 0.06071144 0.00875015 -0.02078564
v 0.05726046 0.00139023 0.02290436
v 0.05849715 -0.00011680 0.02073706
v 0.05814473 0.00146398 0.02290308
v 0.06271097 0.00890536 -0.02071710
v 0.06044674 0.00040906 0.02103086
v 0.06015935 0.00164380 0.02282736
v 0.06470335 0.00904893 -0.02058036
v 0.06239572 0.00094219 0.02132583
v 0.06219084 0.00185109 0.02259060
v 0.06670648 0.00921000 -0.02054620
v 0.06436878 0.00118573 0.02157392
v 0.06419650 0.00201628 0.02260060
v 0.06871407 0.00937834 -0.02055463
v 0.06633935 0.00145928 0.02182687
v 0.06620313 0.00218307 0.02260128
v 0.07072622 0.00955412 -0.02060667
v 0.06830088 0.00184147 0.02209741
v 0.06821316 0.00235540 0.02256944
v 0.07271862 0.00969772 -0.02047012
v 0.07026070 0.00224433 0.02237129
v 0.07021724 0.00251802 0.02259455
v 0.07471699 0.00985105 -0.02039052
v 0.07221844 0.00267215 0.02264921
v 0.07221796 0.00267517 0.02265168
v 0.07257928 0.00113643 0.02038533
v 0.07671717 0.01000732 -0.02032824
v 0.07223864 0.00267682 0.02265212
v 0.07422795 0.00284743 0.02262028
v 0.07455309 0.00137103 0.02063198
v 0.07869931 0.01013418 -0.02009352
v 0.07650722 0.00184227 0.02091693
v 0.07624414 0.00302979 0.02252963
v 0.08069325 0.01028028 -0.01997162
v 0.07846770 0.00223707 0.02118951
v 0.07827687 0.00323911 0.02228095
v 0.08107497 0.01031541 -0.01999246
v 0.08273504 0.00978929 -0.01990844
v 0.08271430 0.01047056 -0.02010867
v 0.08041352 0.00280821 0.02149063
v 0.08029511 0.00342482 0.02217071
v 0.08471283 0.00997596 -0.01966955
v 0.08470183 0.01060623 -0.01992558
v 0.08232719 0.00364830 0.02183427
v 0.08270030 0.00208267 0.01956658
v 0.08233723 0.00364943 0.02183245
v 0.08661242 0.01061649 -0.01900739
v 0.08552847 0.01060241 -0.01947730
v 0.08460170 0.00318784 0.01995415
v 0.08441641 0.00393445 0.02114004
v 0.08847495 0.00987265 -0.01725368
v 0.08845874 0.01052203 -0.01747531
v 0.08573965 0.00418954 0.02024416
v 0.08676269 0.00397476 0.01827495
v 0.08661414 0.00441266 0.01931521
v 0.08707041 0.00307781 0.01611448
v 0.09036369 0.00832716 -0.01527995
v 0.09029336 0.01040850 -0.01583152
v 0.08888514 0.01049741 -0.01710416
v 0.08729850 0.00461132 0.01843963
v 0.08845467 0.00500715 0.01658852
v 0.08912160 0.00518495 0.01464900
v 0.08905965 0.00529465 0.01512343
v 0.08933038 0.00547756 0.01268110
v 0.08941434 0.00587267 0.01173515
v 0.08934269 0.00602836 0.01073669
v 0.08945709 0.00635705 0.00876507
v 0.08952016 0.00668244 0.00678751
v 0.08985265 0.00702519 0.00484112
v 0.09017212 0.00736710 0.00289322
v 0.09045094 0.00770640 0.00094063
v 0.09065076 0.00804060 -0.00102111
v 0.09082959 0.00837345 -0.00298528
v 0.09076531 0.00869063 -0.00497756
v 0.09100763 0.00902757 -0.00693438
v 0.09113710 0.00935724 -0.00890426
v 0.09132700 0.00969080 -0.01086714
v 0.09136892 0.01001482 -0.01284715
v 0.09102624 0.01031406 -0.01487164
v 0.08922440 0.00537808 0.01469271
v 0.08944909 0.00571389 0.01273385
v 0.00183656 0.00418444 -0.01505552
v 0.00096613 0.00488176 -0.01502768
v 0.00165819 0.00474473 -0.01382568
v 0.00205546 0.00435539 -0.01704311
v 0.00061609 0.00518053 -0.01705302
v 0.00220828 0.00532074 -0.01890210
v 0.00163296 0.00556738 -0.01892025
v 0.00224280 0.00569744 -0.01941032
v 0.00226629 0.00432290 -0.01090758
v 0.00318060 0.00412241 -0.00919940
v 0.00196463 0.00462479 -0.01292733
v 0.00431912 0.00390780 -0.01892217
v 0.00388758 0.00603401 -0.02064429
v 0.00439552 0.00579208 -0.02063239
v 0.00440273 0.00611406 -0.02087413
v 0.00245858 -0.00020718 0.01689509
v 0.00245928 -0.00015641 0.01686076
v 0.00179666 0.00011542 0.01484117
v 0.00221351 0.00046361 0.01290453
v 0.00290988 0.00082981 0.01100024
v 0.00312620 0.00093043 0.01048982
v 0.00403223 0.00049215 0.00290145
v 0.00393509 0.00224865 0.00276266
v 0.00375897 0.00249115 0.00117420
v 0.00445258 0.00104386 -0.00103976
v 0.00403118 0.00283002 -0.00077917
v 0.00427065 0.00316678 -0.00273632
v 0.00455930 0.00350670 -0.00468778
v 0.00440142 0.00381785 -0.00669089
v 0.00350127 0.00408117 -0.00877987
v 0.00648875 0.00459077 -0.02061821
v 0.00648729 0.00640784 -0.02161786
v 0.00397376 -0.00038692 0.01906271
v 0.00421130 -0.00040455 0.01929361
v 0.00247235 -0.00016236 0.01690418
v 0.00376855 0.00120647 0.00911471
v 0.00418005 0.00155432 0.00717746
v 0.00414147 0.00187315 0.00518815
v 0.00397577 0.00218380 0.00318413
v 0.00856812 0.00635912 -0.02213853
v 0.00810688 0.00662724 -0.02214107
v 0.00855603 0.00667584 -0.02221052
v 0.00610724 -0.00174931 0.02109330
v 0.00606363 -0.00048923 0.02076833
v 0.01059487 0.00689511 -0.02251750
v 0.00734685 -0.00049087 0.02143774
v 0.00796209 -0.00049873 0.02180238
v 0.01263049 0.00710914 -0.02279375
v 0.00987526 -0.00048425 0.02269586
v 0.01465540 0.00730571 -0.02296771
v 0.01180003 -0.00045086 0.02347848
v 0.01667016 0.00748573 -0.02304461
v 0.01378093 -0.00095002 0.02407261
v 0.01374446 -0.00038544 0.02407334
v 0.01865687 0.00762005 -0.02285363
v 0.01506482 -0.00031481 0.02431538
v 0.01571323 -0.00028037 0.02443575
v 0.01983295 0.00770425 -0.02276950
v 0.02066532 0.00751140 -0.02271527
v 0.02064962 0.00776423 -0.02272042
v 0.01660921 -0.00021528 0.02449403
v 0.01773801 -0.00059456 0.02454749
v 0.01770666 -0.00013509 0.02456248
v 0.02267090 0.00795489 -0.02285969
v 0.01973248 0.00006296 0.02437993
v 0.02467263 0.00811368 -0.02281217
v 0.02175357 0.00025330 0.02424248
v 0.02668546 0.00829056 -0.02287065
v 0.02378146 0.00045474 0.02404005
v 0.02869080 0.00845524 -0.02285763
v 0.02580096 0.00064250 0.02391777
v 0.03066061 0.00856202 -0.02250524
v 0.02783383 0.00065467 0.02377778
v 0.02781720 0.00082493 0.02382672
v 0.03264304 0.00868937 -0.02227340
v 0.02789881 0.00083360 0.02381511
v 0.02984704 0.00102954 0.02360569
v 0.03463525 0.00883265 -0.02213492
v 0.03188254 0.00124338 0.02333050
v 0.03663218 0.00898362 -0.02204157
v 0.03389841 0.00142522 0.02324297
v 0.03864167 0.00915506 -0.02206818
v 0.03609485 -0.00000208 0.02249085
v 0.03592105 0.00161809 0.02309070
v 0.04063199 0.00929527 -0.02191173
v 0.03801690 0.00085485 0.02283825
v 0.03791967 0.00177182 0.02316790
v 0.04263523 0.00945653 -0.02187866
v 0.03998644 0.00114079 0.02309320
v 0.03989894 0.00189401 0.02343001
v 0.04435887 0.00960614 -0.02191730
v 0.04464663 0.00963109 -0.02192358
v 0.04195864 0.00139471 0.02334297
v 0.04187959 0.00201845 0.02367888
v 0.04663483 0.00976783 -0.02174675
v 0.04394740 0.00144951 0.02356051
v 0.04386096 0.00214408 0.02392081
v 0.04876985 0.00793313 -0.02174096
v 0.04864031 0.00993275 -0.02173513
v 0.04595773 0.00124504 0.02373607
v 0.04583003 0.00224965 0.02428033
v 0.05064561 0.01009736 -0.02172173
v 0.04795245 0.00122826 0.02394202
v 0.04781021 0.00237333 0.02453367
v 0.05262426 0.01021855 -0.02145376
v 0.04990577 0.00170920 0.02422854
v 0.04980869 0.00252682 0.02461225
v 0.05460168 0.01033773 -0.02117406
v 0.05104603 0.00264664 0.02450783
v 0.05183380 0.00272372 0.02443640
v 0.05658295 0.01046317 -0.02093103
v 0.05387570 0.00294799 0.02410012
v 0.05857928 0.01061318 -0.02083202
v 0.05590921 0.00315858 0.02384405
v 0.06056938 0.01075302 -0.02067343
v 0.05811333 0.00169524 0.02304567
v 0.05792093 0.00333366 0.02379609
v 0.06255965 0.01089315 -0.02051645
v 0.06003671 0.00253618 0.02339048
v 0.05992613 0.00349811 0.02381044
v 0.06455700 0.01104480 -0.02042710
v 0.06153487 0.00364392 0.02373628
v 0.06194403 0.00368326 0.02370348
v 0.06657131 0.01122410 -0.02049975
v 0.06395321 0.00385418 0.02367987
v 0.06857935 0.01139317 -0.02051252
v 0.06595151 0.00400740 0.02376008
v 0.07059098 0.01156810 -0.02055956
v 0.06795226 0.00416459 0.02381700
v 0.07258084 0.01170757 -0.02039876
v 0.06996189 0.00433626 0.02378903
v 0.07457653 0.01185652 -0.02029353
v 0.07197314 0.00451057 0.02374558
v 0.07548908 0.01193365 -0.02030114
v 0.07664250 0.01114289 -0.02031530
v 0.07658695 0.01202947 -0.02032900
v 0.07415194 0.00339142 0.02297432
v 0.07399115 0.00469591 0.02363753
v 0.07864794 0.01099711 -0.02013023
v 0.07858405 0.01218072 -0.02023727
v 0.07603619 0.00470275 0.02339527
v 0.07601513 0.00489097 0.02347246
v 0.08068044 0.01052602 -0.01999783
v 0.08059982 0.01236240 -0.02032391
v 0.07632384 0.00491831 0.02346216
v 0.07802680 0.00506595 0.02342505
v 0.08263525 0.01257613 -0.02059840
v 0.08002813 0.00522411 0.02347631
v 0.08463139 0.01272581 -0.02049751
v 0.08233652 0.00365372 0.02183617
v 0.08207366 0.00545427 0.02310547
v 0.08658149 0.01147482 -0.01921824
v 0.08656115 0.01276733 -0.01976250
v 0.08419833 0.00523489 0.02230081
v 0.08413285 0.00570671 0.02260407
v 0.08842544 0.01270213 -0.01840200
v 0.08771511 0.01272155 -0.01888688
v 0.08459476 0.00577265 0.02243405
v 0.08643354 0.00512946 0.02047714
v 0.08625960 0.00606926 0.02145721
v 0.09022010 0.01252348 -0.01637643
v 0.09002916 0.01254935 -0.01663435
v 0.08710366 0.00625566 0.02073942
v 0.08822765 0.00664942 0.01888458
v 0.08882226 0.00598108 0.01679315
v 0.08860998 0.00679623 0.01817416
v 0.08949368 0.00631700 0.01080173
v 0.08967225 0.00697275 0.00889263
v 0.08981210 0.00809423 0.00705892
v 0.09006192 0.00789333 0.00501113
v 0.09029713 0.00786824 0.00299180
v 0.09050709 0.00814660 0.00102160
v 0.09069637 0.00867366 -0.00090834
v 0.09084711 0.00966422 -0.00276324
v 0.09082803 0.01041088 -0.00301436
v 0.09074828 0.01066775 -0.00464206
v 0.09083558 0.01099470 -0.00661681
v 0.09101016 0.01132728 -0.00858147
v 0.09128342 0.01166621 -0.01053471
v 0.09149126 0.01200093 -0.01249552
v 0.09141059 0.01231706 -0.01448970
v 0.08926073 0.00703732 0.01701923
v 0.09005106 0.00740958 0.01512580
v 0.09024397 0.00774334 0.01316327
v 0.09023385 0.00806401 0.01117725
v 0.09006097 0.00837419 0.00917240
v 0.08992917 0.00868702 0.00717230
v 0.09028303 0.00903115 0.00522838
v 0.09059946 0.00937287 0.00328013
v 0.09067860 0.00969929 0.00130443
v 0.09079348 0.01002802 -0.00066713
v 0.09085595 0.01035337 -0.00264475
v -0.00430936 0.00617978 -0.01535849
v -0.00560014 0.00643682 -0.01544976
v -0.00449644 0.00625918 -0.01378544
v -0.00411019 0.00658792 -0.01730768
v -0.00477431 0.00681137 -0.01733909
v -0.00403525 0.00701077 -0.01819113
v -0.00253223 0.00597632 -0.01316750
v -0.00414626 0.00620919 -0.01329673
v -0.00270025 0.00608303 -0.01177453
v -0.00228173 0.00576722 -0.01521662
v -0.00206696 0.00598784 -0.01719617
v -0.00329731 0.00722788 -0.01915309
v -0.00189274 0.00669599 -0.01909679
v -0.00181099 0.00753221 -0.02026937
v -0.00076172 0.00585235 -0.01096364
v -0.00193237 0.00603054 -0.01105579
v -0.00084714 0.00599962 -0.01030723
v -0.00050376 0.00555360 -0.01302727
v -0.00024295 0.00522064 -0.01509644
v -0.00002440 0.00539583 -0.01708334
v 0.00015962 0.00598611 -0.01900305
v -0.00073017 0.00771464 -0.02084098
v 0.00028060 0.00733447 -0.02080003
v 0.00030913 0.00788395 -0.02135285
v 0.00100494 0.00577472 -0.00875228
v 0.00074742 0.00588192 -0.00876095
v 0.00097509 0.00586589 -0.00854499
v 0.00130413 0.00498025 -0.01089616
v 0.00154828 0.00484762 -0.01293290
v 0.00233176 0.00663901 -0.02070395
v 0.00239284 0.00817633 -0.02208841
v 0.00280112 0.00534211 -0.00659839
v 0.00242142 0.00566847 -0.00658246
v 0.00265070 0.00549323 -0.00538215
v 0.00311462 0.00437570 -0.00877010
v 0.00443482 0.00812237 -0.02227041
v 0.00364073 0.00831764 -0.02232023
v 0.00443346 0.00839850 -0.02241243
v 0.00242462 0.00020110 0.01696119
v 0.00220692 0.00179876 0.01721095
v 0.00228049 0.00178660 0.01732384
v 0.00116932 0.00205322 0.01510607
v 0.00117598 0.00237497 0.01312199
v 0.00158743 0.00272281 0.01118474
v 0.00319099 0.00219816 0.00922343
v 0.00259175 0.00310886 0.00931606
v 0.00332821 0.00335120 0.00739483
v 0.00326295 0.00347344 0.00740885
v 0.00357406 0.00319808 0.00535477
v 0.00329836 0.00379704 0.00542809
v 0.00386734 0.00247476 0.00322241
v 0.00316833 0.00410999 0.00342820
v 0.00269415 0.00440075 0.00138850
v 0.00261003 0.00471666 -0.00060608
v 0.00262175 0.00503874 -0.00258958
v 0.00275283 0.00536851 -0.00455927
v 0.00647143 0.00760190 -0.02214601
v 0.00644389 0.00857149 -0.02244812
v 0.00380838 0.00158064 0.01938105
v 0.00404816 0.00156396 0.01960728
v 0.00847249 0.00877408 -0.02265730
v 0.00591701 0.00150621 0.02092414
v 0.01049806 0.00897172 -0.02283753
v 0.00754940 0.00150041 0.02179865
v 0.00781749 0.00150001 0.02193885
v 0.01252239 0.00916735 -0.02300594
v 0.00974416 0.00153648 0.02270342
v 0.01406695 0.00931088 -0.02309902
v 0.01455848 0.00903698 -0.02309429
v 0.01454072 0.00935319 -0.02311695
v 0.01167708 0.00158313 0.02340826
v 0.01663439 0.00804393 -0.02304639
v 0.01653996 0.00950794 -0.02304571
v 0.01363216 0.00166591 0.02390139
v 0.01863779 0.00792274 -0.02285734
v 0.01853181 0.00965063 -0.02290382
v 0.01570203 -0.00008172 0.02442185
v 0.01559611 0.00176314 0.02430979
v 0.02051975 0.00978696 -0.02272462
v 0.01758670 0.00190379 0.02446365
v 0.02251040 0.00992770 -0.02257128
v 0.01960263 0.00208572 0.02437555
v 0.02450296 0.01007154 -0.02243610
v 0.02161994 0.00226992 0.02427416
v 0.02651506 0.01024725 -0.02248770
v 0.02364289 0.00246330 0.02411893
v 0.02851664 0.01040580 -0.02243877
v 0.02564278 0.00261909 0.02418402
v 0.03049742 0.01053045 -0.02219112
v 0.02765159 0.00278943 0.02416389
v 0.03247377 0.01064789 -0.02190119
v 0.02781711 0.00280656 0.02414313
v 0.02968520 0.00300017 0.02390691
v 0.03445788 0.01077797 -0.02168537
v 0.03171713 0.00320819 0.02366586
v 0.03643942 0.01090387 -0.02144500
v 0.03372060 0.00336983 0.02369672
v 0.03844567 0.01107003 -0.02144070
v 0.03574633 0.00356774 0.02351494
v 0.04043867 0.01121460 -0.02130977
v 0.03774738 0.00372543 0.02356892
v 0.04243864 0.01137053 -0.02124547
v 0.03971865 0.00383459 0.02390740
v 0.04463087 0.00976472 -0.02186177
v 0.04443537 0.01152118 -0.02115024
v 0.04168902 0.00394228 0.02425447
v 0.04656823 0.01043755 -0.02154419
v 0.04644686 0.01169588 -0.02119593
v 0.04367255 0.00407140 0.02447590
v 0.04784171 0.01180882 -0.02117694
v 0.04845115 0.01185886 -0.02117294
v 0.04565690 0.00420188 0.02468938
v 0.05045635 0.01202330 -0.02115856
v 0.04763885 0.00432844 0.02492587
v 0.05244345 0.01215825 -0.02097127
v 0.04962081 0.00445503 0.02516216
v 0.05441069 0.01226085 -0.02059436
v 0.05172809 0.00376521 0.02477005
v 0.05164132 0.00464442 0.02503034
v 0.05640151 0.01240187 -0.02044261
v 0.05244227 0.00471484 0.02500681
v 0.05365627 0.00482477 0.02495149
v 0.05841097 0.01257327 -0.02046901
v 0.05567528 0.00501172 0.02483398
v 0.06040446 0.01271864 -0.02034278
v 0.05770264 0.00521229 0.02463658
v 0.06238563 0.01284392 -0.02009881
v 0.05971950 0.00539575 0.02453953
v 0.06438931 0.01300589 -0.02006994
v 0.06191054 0.00397278 0.02383171
v 0.06172680 0.00556362 0.02453386
v 0.06639033 0.01316354 -0.02001574
v 0.06382944 0.00486760 0.02418524
v 0.06372547 0.00571743 0.02461055
v 0.06840819 0.01334862 -0.02012225
v 0.06575857 0.00563936 0.02451884
v 0.06573000 0.00588078 0.02463136
v 0.07041457 0.01351499 -0.02011918
v 0.06622742 0.00592455 0.02461657
v 0.06774248 0.00605710 0.02457617
v 0.07241598 0.01367327 -0.02006865
v 0.06975910 0.00624016 0.02448141
v 0.07442420 0.01384264 -0.02008313
v 0.07177818 0.00642724 0.02436316
v 0.07445400 0.01384516 -0.02008340
v 0.07643934 0.01402330 -0.02016378
v 0.07380187 0.00662182 0.02420089
v 0.07845987 0.01421273 -0.02029583
v 0.07582217 0.00681089 0.02407094
v 0.08049735 0.01442978 -0.02058982
v 0.07790089 0.00624917 0.02385428
v 0.07782538 0.00697209 0.02410432
v 0.08252721 0.01463443 -0.02081110
v 0.07894191 0.00706525 0.02410248
v 0.07983318 0.00714078 0.02409386
v 0.08451491 0.01477036 -0.02062955
v 0.08186938 0.00735574 0.02381211
v 0.08647117 0.01485505 -0.02014766
v 0.08394118 0.00762874 0.02319017
v 0.08840128 0.01356125 -0.01867181
v 0.08837558 0.01485526 -0.01917057
v 0.08497136 0.00777515 0.02281509
v 0.08603734 0.00794142 0.02233563
v 0.09020441 0.01304509 -0.01653144
v 0.09016389 0.01466625 -0.01708428
v 0.08910906 0.01478961 -0.01838816
v 0.08759382 0.00826547 0.02113359
v 0.08847269 0.00738126 0.01903508
v 0.08826220 0.00846384 0.02025166
v 0.09069811 0.01243352 -0.00301799
v 0.09066442 0.01264057 -0.00431429
v 0.09071268 0.01296501 -0.00629355
v 0.09101362 0.01330572 -0.00824359
v 0.09132255 0.01364696 -0.01019271
v 0.09155983 0.01398357 -0.01215011
v 0.09163693 0.01430987 -0.01412605
v 0.09078574 0.01457633 -0.01620936
v 0.08894719 0.00867402 0.01930529
v 0.08977098 0.00904843 0.01741573
v 0.09039031 0.00940967 0.01550252
v 0.09058660 0.00974364 0.01354038
v 0.09053481 0.01006163 0.01154953
v 0.09030021 0.01036783 0.00953755
v 0.09012823 0.01067807 0.00753280
v 0.09036032 0.01101435 0.00557480
v 0.09053481 0.01134692 0.00361013
v 0.09065256 0.01167583 0.00163890
v 0.09077143 0.01200482 -0.00033220
v 0.09073534 0.01232382 -0.00232123
v -0.01085624 0.00739038 -0.01175797
v -0.01097070 0.00742629 -0.01176383
v -0.01087602 0.00740704 -0.01159625
v -0.01062371 0.00739743 -0.01377210
v -0.01159817 0.00770718 -0.01382126
v -0.01040064 0.00751820 -0.01576781
v -0.01165438 0.00802488 -0.01581262
v -0.01022944 0.00826261 -0.01766257
v -0.01068629 0.00840859 -0.01768549
v -0.01018405 0.00853471 -0.01820647
v -0.00904309 0.00675377 -0.00963711
v -0.01006690 0.00716321 -0.00967443
v -0.00923312 0.00698107 -0.00812098
v -0.00880043 0.00663899 -0.01167095
v -0.00857900 0.00677949 -0.01366347
v -0.00836210 0.00697446 -0.01564717
v -0.00818905 0.00769672 -0.01754551
v -0.00849642 0.00887104 -0.01941702
v -0.00804545 0.00877306 -0.01938653
v -0.00803358 0.00893591 -0.01957990
v -0.00726762 0.00657018 -0.00744290
v -0.00873373 0.00692780 -0.00753536
v -0.00740551 0.00685611 -0.00641015
v -0.00700128 0.00617078 -0.00952282
v -0.00676806 0.00616950 -0.01153829
v -0.00655390 0.00639741 -0.01351666
v -0.00633503 0.00656868 -0.01550420
v -0.00615812 0.00724456 -0.01741005
v -0.00599411 0.00807544 -0.01929080
v -0.00590971 0.00929375 -0.02069916
v -0.00528254 0.00666922 -0.00721820
v -0.00545747 0.00692742 -0.00584976
v -0.00501120 0.00620973 -0.00930785
v -0.00477430 0.00616422 -0.01133048
v -0.00454913 0.00625971 -0.01333029
v -0.00395055 0.00747138 -0.01917993
v -0.00519658 0.00940502 -0.02102016
v -0.00384246 0.00897466 -0.02095183
v -0.00381095 0.00961066 -0.02157854
v -0.00332502 0.00709975 -0.00693984
v -0.00339082 0.00719202 -0.00642247
v -0.00302708 0.00632034 -0.00908128
v -0.00277640 0.00610915 -0.01113073
v -0.00177696 0.00810683 -0.02088366
v -0.00170861 0.00993342 -0.02249214
v -0.00134887 0.00730615 -0.00669776
v -0.00137629 0.00737168 -0.00649725
v -0.00102613 0.00622860 -0.00888747
v 0.00034012 0.00942165 -0.02247740
v -0.00138681 0.00997187 -0.02256432
v 0.00033836 0.01016595 -0.02287687
v 0.00069105 0.00674592 -0.00657979
v 0.00042352 0.00720141 -0.00452084
v 0.00239940 0.00862856 -0.02239713
v 0.00237631 0.01038376 -0.02317531
v 0.00037727 0.00365358 0.01529617
v 0.00019194 0.00396845 0.01533049
v 0.00032905 0.00394413 0.01555115
v 0.00065204 0.00315279 0.01319984
v -0.00023196 0.00426246 0.01329660
v 0.00084435 0.00364344 0.01126400
v -0.00001724 0.00459762 0.01133659
v 0.00099780 0.00460129 0.00940380
v 0.00061018 0.00495938 0.00942431
v 0.00108969 0.00518372 0.00828491
v 0.00184581 0.00561681 0.00150714
v 0.00134755 0.00629219 0.00157020
v 0.00162371 0.00605398 0.00318358
v 0.00210367 0.00531933 -0.00055628
v 0.00097916 0.00658978 -0.00045726
v 0.00234066 0.00527275 -0.00257908
v 0.00057582 0.00688511 -0.00248877
v 0.00255111 0.00554520 -0.00455024
v 0.00043459 0.00719733 -0.00448996
v 0.00438739 0.01055781 -0.02321722
v 0.00145628 0.00372861 0.01746159
v 0.00205033 0.00364590 0.01827771
v 0.00144500 0.00533450 0.00753603
v 0.00197357 0.00568989 0.00561232
v 0.00172465 0.00599517 0.00359868
v 0.00639823 0.01073145 -0.02325671
v 0.00335773 0.00352982 0.01966640
v 0.00386669 0.00350261 0.02009599
v 0.00839801 0.01088707 -0.02319058
v 0.00572879 0.00343386 0.02147732
v 0.01040203 0.01104960 -0.02316497
v 0.00679178 0.00342980 0.02204848
v 0.00763424 0.00343574 0.02244464
v 0.01057646 0.01106416 -0.02316531
v 0.01246058 0.01029436 -0.02309940
v 0.01240954 0.01121782 -0.02317269
v 0.00957469 0.00349468 0.02307748
v 0.01440421 0.01136511 -0.02305774
v 0.01153481 0.00358567 0.02352247
v 0.01637956 0.01148091 -0.02275820
v 0.01350749 0.00369713 0.02384747
v 0.01838689 0.01164884 -0.02276423
v 0.01548190 0.00381140 0.02415597
v 0.02038227 0.01179729 -0.02265609
v 0.01747432 0.00395502 0.02429244
v 0.02237292 0.01193803 -0.02250275
v 0.01947635 0.00411430 0.02433707
v 0.02435013 0.01205686 -0.02222097
v 0.02148569 0.00428551 0.02431181
v 0.02634486 0.01220425 -0.02210661
v 0.02349398 0.00445500 0.02429663
v 0.02832283 0.01232432 -0.02183211
v 0.02549115 0.00460636 0.02438775
v 0.03028287 0.01241519 -0.02138642
v 0.02651826 0.00470107 0.02433036
v 0.02762625 0.00315051 0.02418183
v 0.02750950 0.00479224 0.02427647
v 0.03225476 0.01252536 -0.02105388
v 0.02953799 0.00499465 0.02406834
v 0.03424528 0.01266589 -0.02089928
v 0.03156041 0.00518716 0.02391819
v 0.03621697 0.01277573 -0.02056480
v 0.03356383 0.00534872 0.02394951
v 0.03820814 0.01291732 -0.02041646
v 0.03557614 0.00552475 0.02389596
v 0.04022381 0.01309883 -0.02050211
v 0.03757796 0.00568369 0.02394262
v 0.04222253 0.01325273 -0.02042586
v 0.03954875 0.00579208 0.02428563
v 0.04422847 0.01341838 -0.02041855
v 0.04151622 0.00589504 0.02466044
v 0.04623198 0.01358007 -0.02038802
v 0.04351169 0.00604364 0.02476771
v 0.04841986 0.01214117 -0.02105973
v 0.04824617 0.01375919 -0.02045964
v 0.04549878 0.00617858 0.02495504
v 0.05032470 0.01320501 -0.02067884
v 0.05024763 0.01391753 -0.02040948
v 0.04748475 0.00631169 0.02515313
v 0.05228354 0.01361965 -0.02040305
v 0.05223653 0.01405543 -0.02023950
v 0.04944786 0.00640756 0.02556951
v 0.05430378 0.01329600 -0.02024678
v 0.05421188 0.01417124 -0.01994000
v 0.05143904 0.00654915 0.02571784
v 0.05533663 0.01427005 -0.01997249
v 0.05622420 0.01434729 -0.01999362
v 0.05355545 0.00576051 0.02530173
v 0.05345257 0.00672719 0.02565258
v 0.05823815 0.01452600 -0.02006283
v 0.05529475 0.00687689 0.02567425
v 0.05545683 0.00689010 0.02567593
v 0.06024398 0.01469148 -0.02005455
v 0.05746728 0.00706311 0.02564015
v 0.06222870 0.01482256 -0.01984455
v 0.05948192 0.00724294 0.02556434
v 0.06422491 0.01497236 -0.01974432
v 0.06149270 0.00741648 0.02552538
v 0.06623893 0.01515118 -0.01981421
v 0.06349279 0.00757261 0.02558853
v 0.06825835 0.01533881 -0.01993569
v 0.06551314 0.00776176 0.02545810
v 0.07025842 0.01549490 -0.01987236
v 0.06762311 0.00718781 0.02497818
v 0.06753862 0.00795926 0.02527876
v 0.07227796 0.01568273 -0.01999502
v 0.06835966 0.00804018 0.02520069
v 0.06956063 0.00815110 0.02513254
v 0.07237163 0.01568919 -0.01998680
v 0.07441296 0.01398294 -0.02006419
v 0.07426721 0.01582118 -0.01982828
v 0.07157983 0.00833837 0.02501316
v 0.07627140 0.01598399 -0.01980428
v 0.07359894 0.00852548 0.02489465
v 0.07832751 0.01623140 -0.02027623
v 0.07560961 0.00869885 0.02485675
v 0.08036886 0.01645477 -0.02060725
v 0.07762472 0.00887946 0.02477638
v 0.08237923 0.01662765 -0.02064230
v 0.07971378 0.00841866 0.02441416
v 0.07965235 0.00908046 0.02457650
v 0.08437127 0.01677065 -0.02050217
v 0.07991026 0.00910588 0.02455197
v 0.08168489 0.00928948 0.02432961
v 0.08632498 0.01685120 -0.01999603
v 0.08375074 0.00955277 0.02376459
v 0.08822582 0.01684557 -0.01898471
v 0.08525333 0.00977154 0.02318518
v 0.08584243 0.00985816 0.02295274
v 0.09003166 0.01668514 -0.01706591
v 0.08913113 0.01676925 -0.01804814
v 0.08802750 0.00993116 0.02146315
v 0.08798595 0.01024803 0.02164576
v 0.09053373 0.01440001 -0.00269254
v 0.09045215 0.01460511 -0.00400137
v 0.09065847 0.01493973 -0.00596235
v 0.09101496 0.01528403 -0.00790596
v 0.09124177 0.01561997 -0.00986458
v 0.09146973 0.01595599 -0.01182306
v 0.09157950 0.01628439 -0.01379522
v 0.09088831 0.01656117 -0.01586002
v 0.08812674 0.01027804 0.02153271
v 0.08950730 0.01068833 0.01970756
v 0.09022669 0.01105602 0.01780592
v 0.09063139 0.01099859 0.01579882
v 0.09052366 0.01128028 0.01657322
v 0.09074575 0.01164221 0.01445160
v 0.09076430 0.01173331 0.01389841
v 0.09068687 0.01204965 0.01190460
v 0.09023191 0.01234165 0.00986712
v 0.09021972 0.01266219 0.00788086
v 0.09029460 0.01298834 0.00590467
v 0.09026676 0.01330787 0.00391660
v 0.09035628 0.01363496 0.00194210
v 0.09043608 0.01396143 -0.00003352
v 0.09059089 0.01429273 -0.00200046
v 0.09068724 0.01140702 0.01587434
v -0.01496990 0.00891749 -0.01192808
v -0.01552519 0.00911100 -0.01195320
v -0.01509678 0.00896969 -0.01086024
v -0.01474115 0.00897008 -0.01393483
v -0.01584212 0.00941190 -0.01397471
v -0.01451446 0.00904729 -0.01593760
v -0.01618316 0.00971125 -0.01599901
v -0.01431906 0.00950083 -0.01787944
v -0.01575732 0.01006001 -0.01793461
v -0.01420559 0.01042203 -0.01937359
v -0.01315873 0.00830470 -0.00980336
v -0.01474642 0.00883986 -0.00987826
v -0.01339953 0.00863230 -0.00790413
v -0.01291043 0.00812223 -0.01184816
v -0.01267244 0.00806361 -0.01387292
v -0.01246205 0.00833689 -0.01584394
v -0.01227661 0.00891011 -0.01776641
v -0.01386649 0.01050319 -0.01970073
v -0.01211829 0.00980941 -0.01963608
v -0.01206012 0.01081508 -0.02069926
v -0.01161817 0.00814275 -0.00559038
v -0.01225943 0.00835749 -0.00562088
v -0.01180133 0.00813350 -0.00400189
v -0.01136930 0.00795338 -0.00763630
v -0.01327128 0.00861361 -0.00772277
v -0.01110796 0.00761404 -0.00970650
v -0.01007199 0.00917241 -0.01953054
v -0.01075662 0.01102493 -0.02132585
v -0.00996889 0.01073574 -0.02129272
v -0.00995203 0.01114719 -0.02166772
v -0.01005770 0.00774135 -0.00141617
v -0.01067622 0.00781687 -0.00146803
v -0.01016592 0.00769532 -0.00045501
v -0.00982788 0.00778096 -0.00342502
v -0.01161433 0.00807774 -0.00356140
v -0.00956783 0.00745722 -0.00549270
v -0.00930319 0.00707812 -0.00756933
v -0.00793556 0.01025460 -0.02116195
v -0.00787821 0.01142347 -0.02230888
v -0.00806378 0.00773413 -0.00120867
v -0.00823302 0.00774194 0.00025004
v -0.00782241 0.00763493 -0.00324000
v -0.00754568 0.00711050 -0.00534016
v -0.00589303 0.00966296 -0.02104907
v -0.00583713 0.01164640 -0.02263729
v -0.00732667 0.00602093 0.01081423
v -0.00759745 0.00608734 0.01079722
v -0.00735786 0.00606482 0.01105942
v -0.00711471 0.00627522 0.00884013
v -0.00796035 0.00638527 0.00877039
v -0.00701211 0.00662828 0.00775649
v -0.00651208 0.00743819 0.00298261
v -0.00658012 0.00743820 0.00297549
v -0.00652615 0.00742021 0.00311429
v -0.00629753 0.00766145 0.00100349
v -0.00738015 0.00770796 0.00089809
v -0.00605972 0.00760496 -0.00102092
v -0.00580675 0.00736633 -0.00307482
v -0.00554563 0.00702957 -0.00514460
v -0.00379680 0.01122854 -0.02260222
v -0.00546547 0.01168724 -0.02269864
v -0.00379165 0.01187650 -0.02300780
v -0.00532251 0.00589056 0.01100179
v -0.00549115 0.00600358 0.01239671
v -0.00512068 0.00626676 0.00904743
v -0.00498518 0.00682813 0.00756332
v -0.00452554 0.00751970 0.00320447
v -0.00464279 0.00738612 0.00429250
v -0.00429974 0.00760764 0.00120344
v -0.00407300 0.00768433 -0.00079941
v -0.00383153 0.00758395 -0.00283092
v -0.00358379 0.00740818 -0.00487464
v -0.00171015 0.01010634 -0.02257522
v -0.00174493 0.01210860 -0.02338999
v -0.00356237 0.00589130 0.01322584
v -0.00443933 0.00596954 0.01314738
v -0.00362428 0.00594261 0.01373245
v -0.00332400 0.00582811 0.01120035
v -0.00312263 0.00620990 0.00924689
v -0.00425985 0.00694508 0.00721359
v -0.00294391 0.00686389 0.00733750
v -0.00275186 0.00735769 0.00540217
v -0.00297220 0.00734938 0.00537769
v -0.00345238 0.00763976 0.00333729
v -0.00273017 0.00739970 0.00519124
v -0.00251232 0.00775471 0.00311023
v -0.00232134 0.00778714 0.00144117
v -0.00208974 0.00780528 -0.00057116
v -0.00185303 0.00776219 -0.00259340
v -0.00162074 0.00777204 -0.00460707
v 0.00027578 0.01229834 -0.02352382
v -0.00175171 0.00528467 0.01535156
v -0.00281676 0.00575278 0.01531993
v -0.00187260 0.00569391 0.01616865
v -0.00150033 0.00506513 0.01330076
v -0.00128028 0.00522221 0.01131092
v -0.00108935 0.00572940 0.00937777
v -0.00091471 0.00643248 0.00747632
v -0.00072669 0.00697471 0.00554884
v -0.00236852 0.00770961 0.00346267
v -0.00051424 0.00722320 0.00357380
v -0.00026888 0.00707604 0.00153471
v -0.00003684 0.00708897 -0.00047846
v 0.00019762 0.00707279 -0.00249634
v 0.00041987 0.00720350 -0.00449045
v 0.00228586 0.01247074 -0.02355610
v 0.00001519 0.00520412 0.01756245
v -0.00049281 0.00558122 0.01757361
v -0.00005910 0.00554596 0.01801422
v 0.00115856 0.00547121 0.00752937
v 0.00134606 0.00601975 0.00560291
v 0.00157463 0.00607442 0.00359649
v 0.00428090 0.01261863 -0.02344466
v 0.00176319 0.00535091 0.01981014
v 0.00171516 0.00540219 0.01981386
v 0.00175566 0.00540006 0.01984782
v 0.00574312 0.01273090 -0.02338693
v 0.00629429 0.01253455 -0.02336273
v 0.00628022 0.01277350 -0.02337416
v 0.00361549 0.00532760 0.02125091
v 0.00831103 0.01225303 -0.02319964
v 0.00827054 0.01291371 -0.02321769
v 0.00552571 0.00533727 0.02217257
v 0.01039034 0.01121920 -0.02315834
v 0.01026576 0.01306190 -0.02310802
v 0.00573047 0.00533963 0.02226319
v 0.00744956 0.00536916 0.02296397
v 0.01226193 0.01321163 -0.02300738
v 0.00939865 0.00544216 0.02351440
v 0.01424550 0.01334084 -0.02278642
v 0.01137960 0.00556710 0.02376037
v 0.01622097 0.01345685 -0.02248809
v 0.01337368 0.00571343 0.02388097
v 0.01821589 0.01360454 -0.02237552
v 0.01536398 0.00585361 0.02403760
v 0.02019033 0.01371887 -0.02206735
v 0.01736348 0.00600877 0.02410638
v 0.02216713 0.01383704 -0.02178170
v 0.01935760 0.00615517 0.02422657
v 0.02411940 0.01391524 -0.02126173
v 0.02135127 0.00630083 0.02435108
v 0.02613865 0.01360287 -0.02110314
v 0.02608562 0.01401616 -0.02087499
v 0.02412394 0.01391545 -0.02126072
v 0.02336219 0.00647460 0.02431078
v 0.02813968 0.01351014 -0.02090948
v 0.02805577 0.01412349 -0.02052578
v 0.02343203 0.00648040 0.02431083
v 0.02543799 0.00549430 0.02435260
v 0.02536848 0.00664082 0.02431477
v 0.03016179 0.01316401 -0.02075685
v 0.03001844 0.01421863 -0.02010513
v 0.02738136 0.00681780 0.02425573
v 0.03216245 0.01307571 -0.02056249
v 0.03199090 0.01432974 -0.01977809
v 0.02939840 0.00700154 0.02415700
v 0.03413881 0.01327965 -0.02032081
v 0.03397446 0.01445892 -0.01955703
v 0.03142459 0.00720019 0.02397086
v 0.03612996 0.01330581 -0.02010791
v 0.03596024 0.01459172 -0.01935712
v 0.03343702 0.00737644 0.02391609
v 0.03809586 0.01363545 -0.01984588
v 0.03794976 0.01473062 -0.01919297
v 0.03544889 0.00755175 0.02386675
v 0.04002809 0.01437001 -0.01951830
v 0.03995556 0.01489606 -0.01918441
v 0.03731372 0.00769633 0.02393176
v 0.03745301 0.00763475 0.02393583
v 0.03744811 0.00770646 0.02393824
v 0.04154343 0.01503805 -0.01924570
v 0.04197114 0.01507743 -0.01926922
v 0.03769838 0.00772112 0.02397625
v 0.03942160 0.00781924 0.02425546
v 0.04397251 0.01523563 -0.01921822
v 0.04140659 0.00795076 0.02446287
v 0.04595743 0.01536703 -0.01901017
v 0.04254608 0.00803353 0.02453701
v 0.04341171 0.00789037 0.02460321
v 0.04339924 0.00809476 0.02459713
v 0.04796215 0.01553071 -0.01899125
v 0.04540905 0.00784201 0.02480404
v 0.04538522 0.00822789 0.02479506
v 0.04997944 0.01571485 -0.01909235
v 0.04670238 0.00830138 0.02501780
v 0.04735628 0.00833670 0.02513560
v 0.05199278 0.01589257 -0.01915574
v 0.04932061 0.00843455 0.02554032
v 0.05396709 0.01600668 -0.01884634
v 0.05129124 0.00854266 0.02588497
v 0.05618780 0.01461013 -0.01982537
v 0.05596808 0.01616428 -0.01879181
v 0.05328134 0.00868251 0.02604354
v 0.05810283 0.01555142 -0.01946432
v 0.05799581 0.01636544 -0.01899263
v 0.05543886 0.00708201 0.02572433
v 0.05527357 0.00882582 0.02618177
v 0.06002960 0.01635156 -0.01912613
v 0.06000617 0.01653831 -0.01902762
v 0.05730436 0.00861886 0.02618179
v 0.05726642 0.00897016 0.02631405
v 0.06082615 0.01660204 -0.01900001
v 0.06200605 0.01669410 -0.01896247
v 0.05815990 0.00903976 0.02634315
v 0.05926548 0.00912460 0.02638706
v 0.06400378 0.01684637 -0.01887674
v 0.06127171 0.00929072 0.02639164
v 0.06600912 0.01701105 -0.01886373
v 0.06327080 0.00944523 0.02646431
v 0.06805680 0.01724473 -0.01925517
v 0.06530885 0.00966321 0.02616489
v 0.07005901 0.01740430 -0.01921220
v 0.06735782 0.00989898 0.02576113
v 0.07205728 0.01755747 -0.01913173
v 0.06857434 0.01003224 0.02556300
v 0.06939265 0.01011172 0.02549242
v 0.07424254 0.01603208 -0.01973246
v 0.07406201 0.01772115 -0.01911284
v 0.07141136 0.01029820 0.02537766
v 0.07615101 0.01705223 -0.01935864
v 0.07606734 0.01788582 -0.01909978
v 0.07342775 0.01048088 0.02528519
v 0.07638662 0.01792616 -0.01918489
v 0.07814710 0.01817178 -0.01979770
v 0.07544711 0.01066841 0.02516425
v 0.08019527 0.01840625 -0.02019374
v 0.07746826 0.01085886 0.02502618
v 0.08219189 0.01855672 -0.02009742
v 0.07948689 0.01104520 0.02491222
v 0.08417884 0.01869143 -0.01990877
v 0.07983799 0.01107945 0.02488108
v 0.08151661 0.01124962 0.02469234
v 0.08611304 0.01874017 -0.01921615
v 0.08357473 0.01150030 0.02420119
v 0.08799659 0.01870638 -0.01803970
v 0.08525978 0.01175018 0.02352340
v 0.08566902 0.01180994 0.02336447
v 0.08980895 0.01855658 -0.01618326
v 0.08824185 0.01869016 -0.01781353
v 0.08779332 0.01216849 0.02224109
v 0.09040816 0.01642976 -0.00273784
v 0.09041734 0.01658109 -0.00366792
v 0.09075267 0.01640536 -0.00570246
v 0.09061891 0.01677321 -0.00475106
v 0.09089248 0.01721903 -0.00736441
v 0.09090581 0.01725522 -0.00758112
v 0.09107118 0.01758720 -0.00954684
v 0.09126097 0.01792076 -0.01150974
v 0.09111057 0.01823239 -0.01351199
v 0.09023121 0.01849704 -0.01559856
v 0.08829024 0.01226680 0.02188910
v 0.08971447 0.01267991 0.02006900
v 0.09032424 0.01188872 0.01795819
v 0.09013013 0.01287335 0.01908763
v 0.09077238 0.01210621 0.01396287
v 0.09071616 0.01382837 0.01348948
v 0.09048738 0.01401501 0.01221900
v 0.09022322 0.01431931 0.01020359
v 0.09035581 0.01464918 0.00823407
v 0.09034980 0.01497012 0.00624853
v 0.09030689 0.01528868 0.00425871
v 0.09029331 0.01560913 0.00227229
v 0.09038869 0.01593660 0.00029847
v 0.09041428 0.01625957 -0.00168342
v 0.09079565 0.01692680 -0.00560901
v 0.09045691 0.01304908 0.01817003
v 0.09084405 0.01339535 0.01622996
v 0.09079245 0.01371335 0.01423914
v -0.02089331 0.01104047 -0.01422566
v -0.02095077 0.01106090 -0.01422819
v -0.02092833 0.01101065 -0.01390630
v -0.02075965 0.01128554 -0.01551765
v -0.01952749 0.01017658 -0.00811105
v -0.01955973 0.01018657 -0.00811272
v -0.01953492 0.01017811 -0.00804770
v -0.01928632 0.01007968 -0.01014200
v -0.02041734 0.01045263 -0.01019678
v -0.01905243 0.01007042 -0.01215876
v -0.02083306 0.01074716 -0.01222972
v -0.01883526 0.01026215 -0.01414299
v -0.02066110 0.01140089 -0.01617953
v -0.01862494 0.01053628 -0.01611388
v -0.01845652 0.01131414 -0.01800322
v -0.01957957 0.01179191 -0.01803927
v -0.01830301 0.01218569 -0.01981582
v -0.01772420 0.00965852 -0.00597099
v -0.01862705 0.00992535 -0.00601998
v -0.01787865 0.00977392 -0.00470007
v -0.01748362 0.00956882 -0.00800078
v -0.01724431 0.00949432 -0.01002810
v -0.01701409 0.00952912 -0.01203773
v -0.01679844 0.00973911 -0.01401900
v -0.01657484 0.00985360 -0.01601573
v -0.01637878 0.01029917 -0.01795886
v -0.01826056 0.01219824 -0.01987155
v -0.01623693 0.01139650 -0.01979648
v -0.01616984 0.01255869 -0.02102394
v -0.01617840 0.00943353 -0.00176822
v -0.01619721 0.00943929 -0.00176920
v -0.01618128 0.00943673 -0.00174516
v -0.01593004 0.00925027 -0.00381315
v -0.01737955 0.00968442 -0.00389082
v -0.01569438 0.00921968 -0.00583337
v -0.01545193 0.00910750 -0.00786679
v -0.01520860 0.00898470 -0.00990194
v -0.01417793 0.01060677 -0.01971567
v -0.01527207 0.01271216 -0.02151070
v -0.01407872 0.01221680 -0.02147029
v -0.01404862 0.01291221 -0.02211788
v -0.01439274 0.00912737 0.00040615
v -0.01464314 0.00921812 0.00039542
v -0.01443629 0.00917712 0.00075493
v -0.01412466 0.00870703 -0.00167717
v -0.01388447 0.00862198 -0.00370620
v -0.01366167 0.00874610 -0.00570137
v -0.01342117 0.00865730 -0.00773101
v -0.01202571 0.01149917 -0.02137780
v -0.01196157 0.01321005 -0.02288546
v -0.01282450 0.00863266 0.00456525
v -0.01296927 0.00868335 0.00455875
v -0.01288075 0.00860879 0.00506476
v -0.01259276 0.00864920 0.00255267
v -0.01348211 0.00897162 0.00251457
v -0.01232459 0.00822774 0.00046917
v -0.01207702 0.00805396 -0.00157423
v -0.01184892 0.00811422 -0.00357973
v -0.00990589 0.01278108 -0.02297687
v -0.01143000 0.01328108 -0.02305112
v -0.00989674 0.01347168 -0.02344075
v -0.01143138 0.00744052 0.01062672
v -0.01217324 0.00777067 0.01060538
v -0.01156042 0.00765714 0.01162153
v -0.01119426 0.00739236 0.00860366
v -0.01256928 0.00806647 0.00857472
v -0.01098043 0.00762420 0.00662592
v -0.01269801 0.00837950 0.00657498
v -0.01075536 0.00772099 0.00462633
v -0.01051870 0.00767839 0.00260417
v -0.01028640 0.00768825 0.00059050
v -0.00786801 0.01224528 -0.02285495
v -0.00786637 0.01367715 -0.02366686
v -0.00964588 0.00713635 0.01280141
v -0.01071884 0.00754308 0.01275847
v -0.00978563 0.00744610 0.01383694
v -0.00936605 0.00657467 0.01069521
v -0.00913437 0.00659200 0.00868275
v -0.00893427 0.00698897 0.00673175
v -0.00871877 0.00720078 0.00475078
v -0.00850890 0.00748032 0.00278077
v -0.00829783 0.00774534 0.00080841
v -0.00584254 0.01185876 -0.02270886
v -0.00587808 0.01381404 -0.02349093
v -0.00788695 0.00715168 0.01502782
v -0.00855427 0.00736125 0.01499371
v -0.00795006 0.00733412 0.01547171
v -0.00759658 0.00646329 0.01290111
v -0.00693594 0.00692865 0.00693065
v -0.00672398 0.00718306 0.00495657
v -0.00384486 0.01402416 -0.02374429
v -0.00585192 0.00665016 0.01515529
v -0.00604691 0.00733226 0.01646096
v -0.00557224 0.00609032 0.01304939
v -0.00494803 0.00699371 0.00714985
v -0.00473873 0.00728008 0.00518094
v -0.00182470 0.01421299 -0.02387280
v -0.00381790 0.00616077 0.01528473
v -0.00414243 0.00733258 0.01743743
v -0.00255011 0.00773487 0.00344797
v -0.00029744 0.01431984 -0.02374820
v 0.00016816 0.01429203 -0.02370421
v 0.00016507 0.01435230 -0.02371106
v -0.00207340 0.00634956 0.01753922
v -0.00407646 0.00732850 0.01749654
v -0.00231628 0.00720524 0.01916222
v 0.00218565 0.01400141 -0.02354259
v 0.00215526 0.01449228 -0.02355328
v -0.00034659 0.00675109 0.01982815
v -0.00135064 0.00718284 0.01979670
v -0.00043194 0.00717274 0.02033107
v 0.00420241 0.01371959 -0.02337955
v 0.00414170 0.01462617 -0.02335977
v 0.00147134 0.00717109 0.02131906
v 0.00614146 0.01478175 -0.02329341
v 0.00340507 0.00721908 0.02201613
v 0.00811984 0.01490250 -0.02302291
v 0.00542091 0.00650272 0.02242920
v 0.00513470 0.00727946 0.02253175
v 0.00535087 0.00728673 0.02259790
v 0.01011009 0.01504259 -0.02286576
v 0.00729143 0.00734584 0.02322974
v 0.01210805 0.01519524 -0.02278221
v 0.00925795 0.00744726 0.02361358
v 0.01408923 0.01532055 -0.02253844
v 0.01124319 0.00757917 0.02381868
v 0.01605140 0.01541488 -0.02211304
v 0.01324374 0.00773605 0.02387745
v 0.01801710 0.01551496 -0.02172134
v 0.01524304 0.00789088 0.02394816
v 0.02005756 0.01481879 -0.02153229
v 0.01997225 0.01559784 -0.02122884
v 0.01860294 0.01553787 -0.02156189
v 0.01724689 0.00805314 0.02397538
v 0.02207529 0.01452526 -0.02137114
v 0.02193412 0.01569169 -0.02080062
v 0.01780597 0.00809606 0.02399751
v 0.01927068 0.00774685 0.02409126
v 0.01924542 0.00820673 0.02405340
v 0.02411927 0.01391612 -0.02126109
v 0.02388152 0.01576194 -0.02023409
v 0.02128600 0.00748236 0.02425711
v 0.02123920 0.00835256 0.02417691
v 0.02581848 0.01581518 -0.01956781
v 0.02335982 0.00651446 0.02430908
v 0.02324034 0.00851040 0.02423003
v 0.02776420 0.01588270 -0.01898528
v 0.02525125 0.00868415 0.02418984
v 0.02970139 0.01589664 -0.01829921
v 0.02969384 0.01592403 -0.01824919
v 0.02958623 0.01592436 -0.01830654
v 0.02726518 0.00886283 0.02412079
v 0.03171009 0.01571183 -0.01812046
v 0.03162406 0.01596628 -0.01751852
v 0.02928304 0.00904792 0.02401421
v 0.03366912 0.01612408 -0.01784506
v 0.03365175 0.01616738 -0.01771900
v 0.03131954 0.00926337 0.02372957
v 0.03404615 0.01621178 -0.01779063
v 0.03566891 0.01635133 -0.01781891
v 0.03197235 0.00933033 0.02365136
v 0.03338375 0.00862801 0.02367930
v 0.03334818 0.00946603 0.02352000
v 0.03766506 0.01650104 -0.01771817
v 0.03543491 0.00793268 0.02377540
v 0.03536230 0.00964502 0.02344911
v 0.03966334 0.01665420 -0.01763764
v 0.03735470 0.00978861 0.02358574
v 0.04195501 0.01516838 -0.01918038
v 0.04166387 0.01681105 -0.01757871
v 0.03941414 0.00802178 0.02420715
v 0.03932935 0.00990328 0.02389192
v 0.04391559 0.01556202 -0.01890799
v 0.04365122 0.01694642 -0.01739388
v 0.04140093 0.00810027 0.02442852
v 0.04131406 0.01003434 0.02410197
v 0.04590114 0.01565542 -0.01868421
v 0.04561061 0.01703621 -0.01694185
v 0.04331236 0.01018755 0.02418224
v 0.04786431 0.01601794 -0.01841686
v 0.04758497 0.01715040 -0.01663289
v 0.04529486 0.01031501 0.02441346
v 0.04981489 0.01653181 -0.01812500
v 0.04960177 0.01733376 -0.01672938
v 0.04734953 0.00847730 0.02511555
v 0.04724809 0.01039476 0.02492430
v 0.05176090 0.01710066 -0.01782425
v 0.05165354 0.01757410 -0.01715988
v 0.04926805 0.00937676 0.02546983
v 0.04920437 0.01047950 0.02540590
v 0.05373652 0.01731351 -0.01758113
v 0.05365880 0.01773865 -0.01714611
v 0.05118074 0.01034619 0.02583543
v 0.05116689 0.01057440 0.02582799
v 0.05571254 0.01752151 -0.01733879
v 0.05564959 0.01787963 -0.01699413
v 0.05225434 0.01063740 0.02599750
v 0.05314097 0.01068812 0.02613967
v 0.05684382 0.01800230 -0.01713834
v 0.05768546 0.01809406 -0.01727279
v 0.05512743 0.01082204 0.02633301
v 0.05971632 0.01830032 -0.01750350
v 0.05523485 0.01082948 0.02634227
v 0.05717969 0.01011785 0.02642446
v 0.05711515 0.01095801 0.02651433
v 0.06198105 0.01685502 -0.01883596
v 0.06173328 0.01848395 -0.01760157
v 0.05910188 0.01109236 0.02670514
v 0.06393782 0.01729442 -0.01855616
v 0.06374195 0.01865405 -0.01762032
v 0.06109033 0.01122952 0.02687945
v 0.06587941 0.01791649 -0.01824679
v 0.06575408 0.01882979 -0.01767216
v 0.06306815 0.01134935 0.02715537
v 0.06738813 0.01900315 -0.01790347
v 0.06779194 0.01904747 -0.01796978
v 0.06513138 0.01160838 0.02661534
v 0.06979981 0.01921628 -0.01798097
v 0.06721220 0.01189605 0.02590739
v 0.07178872 0.01935419 -0.01781104
v 0.06779972 0.01196054 0.02581087
v 0.06923656 0.01209174 0.02573865
v 0.07382693 0.01957242 -0.01811198
v 0.07125243 0.01227357 0.02565112
v 0.07587929 0.01981374 -0.01854820
v 0.07327244 0.01246215 0.02552401
v 0.07664901 0.01992129 -0.01881707
v 0.07796412 0.02010795 -0.01929447
v 0.07529609 0.01265668 0.02536206
v 0.08000057 0.02032333 -0.01957862
v 0.07730661 0.01282981 0.02532557
v 0.08198847 0.02045959 -0.01939901
v 0.07932063 0.01300862 0.02525574
v 0.08395933 0.02056809 -0.01905671
v 0.07975795 0.01305251 0.02520930
v 0.08135812 0.01322570 0.02496159
v 0.08587156 0.02058102 -0.01815415
v 0.08341478 0.01347401 0.02448439
v 0.08793581 0.01915781 -0.01776579
v 0.08775158 0.02054148 -0.01694402
v 0.08664534 0.02056550 -0.01766073
v 0.08508512 0.01371714 0.02384067
v 0.08550478 0.01377665 0.02368867
v 0.08966138 0.01957416 -0.01547446
v 0.08953171 0.02033915 -0.01477966
v 0.08918622 0.02040792 -0.01538196
v 0.08764017 0.01415328 0.02245932
v 0.09047565 0.01693324 -0.00360174
v 0.09089688 0.01747428 -0.00754468
v 0.09080664 0.01931351 -0.00778920
v 0.09071584 0.01954252 -0.00925047
v 0.09061223 0.01985717 -0.01124731
v 0.09028541 0.02015743 -0.01326996
v 0.08800168 0.01422642 0.02219319
v 0.08957297 0.01464901 0.02039010
v 0.08993562 0.01479073 0.01970099
v 0.09054500 0.01578381 0.01387972
v 0.09030406 0.01598142 0.01253527
v 0.09022023 0.01629734 0.01054072
v 0.09036079 0.01662773 0.00857212
v 0.09038312 0.01695049 0.00658986
v 0.09026870 0.01726444 0.00459177
v 0.09022616 0.01758302 0.00260200
v 0.09034927 0.01791228 0.00063139
v 0.09052250 0.01824477 -0.00133343
v 0.09079263 0.01858350 -0.00328703
v 0.09096284 0.01891579 -0.00525219
v 0.09081638 0.01922768 -0.00725399
v 0.09044547 0.01502656 0.01850618
v 0.09070528 0.01536463 0.01655138
v 0.09062910 0.01568104 0.01455772
v -0.02522956 0.01244105 -0.01240098
v -0.02523276 0.01244184 -0.01240118
v -0.02523382 0.01243523 -0.01236090
v -0.02502258 0.01275533 -0.01436537
v -0.02508657 0.01277259 -0.01436912
v -0.02481115 0.01301612 -0.01633841
v -0.02508215 0.01309420 -0.01635346
v -0.02477219 0.01318753 -0.01677073
v -0.02385698 0.01149593 -0.00629953
v -0.02408822 0.01155163 -0.00631423
v -0.02389935 0.01150664 -0.00593928
v -0.02362437 0.01150205 -0.00831380
v -0.02507154 0.01180958 -0.00841283
v -0.02340306 0.01164395 -0.01030609
v -0.02529671 0.01211640 -0.01042373
v -0.02317347 0.01168639 -0.01231449
v -0.02296107 0.01193542 -0.01428944
v -0.02274760 0.01217168 -0.01626645
v -0.02395642 0.01348807 -0.01820810
v -0.02257091 0.01285007 -0.01817190
v -0.02242283 0.01387251 -0.02002164
v -0.02249779 0.01390339 -0.02002422
v -0.02241700 0.01392234 -0.02009973
v -0.02228634 0.01097226 -0.00214511
v -0.02243234 0.01101570 -0.00215298
v -0.02230862 0.01099565 -0.00196560
v -0.02204987 0.01093196 -0.00416690
v -0.02318357 0.01128861 -0.00422473
v -0.02181920 0.01096137 -0.00617740
v -0.02158126 0.01090340 -0.00820205
v -0.02134169 0.01082582 -0.01022987
v -0.02111080 0.01085251 -0.01224082
v -0.02069112 0.01141234 -0.01618072
v -0.02051396 0.01208506 -0.01808708
v -0.02035513 0.01297822 -0.01995775
v -0.02028177 0.01436753 -0.02175273
v -0.02023633 0.01435272 -0.02175050
v -0.02023506 0.01437482 -0.02177376
v -0.02050204 0.01068249 0.00003191
v -0.02091605 0.01079209 0.00000727
v -0.02056180 0.01073903 0.00051699
v -0.02024329 0.01037436 -0.00203324
v -0.02000492 0.01031115 -0.00405874
v -0.01977068 0.01029766 -0.00607618
v -0.01829780 0.01220866 -0.01987367
v -0.01817896 0.01358263 -0.02166650
v -0.01813257 0.01469783 -0.02268885
v -0.01872922 0.01053085 0.00223129
v -0.01904787 0.01059116 0.00220822
v -0.01880269 0.01050244 0.00288222
v -0.01847211 0.01024229 0.00016931
v -0.01821583 0.00996381 -0.00189104
v -0.01797288 0.00984558 -0.00392544
v -0.01613556 0.01298060 -0.02155530
v -0.01608067 0.01493838 -0.02312060
v -0.01714117 0.00979787 0.00635182
v -0.01798137 0.01001724 0.00630129
v -0.01730976 0.00983206 0.00779019
v -0.01691589 0.00989200 0.00435180
v -0.01849685 0.01030534 0.00425681
v -0.01668636 0.00993511 0.00234351
v -0.01643622 0.00973054 0.00029513
v -0.01401629 0.01426902 -0.02315332
v -0.01570482 0.01498381 -0.02320814
v -0.01400818 0.01521249 -0.02374903
v -0.01558192 0.00941104 0.01052839
v -0.01584094 0.00951253 0.01051859
v -0.01561880 0.00948442 0.01080635
v -0.01533042 0.00919009 0.00847736
v -0.01708697 0.00975356 0.00838961
v -0.01509374 0.00914725 0.00645516
v -0.01486780 0.00923354 0.00445386
v -0.01464002 0.00929768 0.00244898
v -0.01196139 0.01352865 -0.02306451
v -0.01197968 0.01541491 -0.02395726
v -0.01379305 0.00906638 0.01269653
v -0.01425315 0.00929353 0.01268711
v -0.01386893 0.00923277 0.01325985
v -0.01350410 0.00839509 0.01057259
v -0.01326944 0.00837657 0.00855432
v -0.01304740 0.00850971 0.00656061
v -0.00995264 0.01561495 -0.02415149
v -0.01201199 0.00881565 0.01487987
v -0.01265849 0.00907498 0.01485643
v -0.01208351 0.00903906 0.01537370
v -0.01170491 0.00792642 0.01272064
v -0.00793592 0.01579819 -0.02424727
v -0.00993745 0.00783917 0.01493045
v -0.01023384 0.00895005 0.01687379
v -0.00697414 0.01586779 -0.02418306
v -0.00593500 0.01577326 -0.02409041
v -0.00594171 0.01594472 -0.02412789
v -0.00821501 0.00829315 0.01722787
v -0.00978639 0.00893874 0.01717351
v -0.00835515 0.00890834 0.01809662
v -0.00392347 0.01555432 -0.02391719
v -0.00395122 0.01608520 -0.02397298
v -0.00618235 0.00782011 0.01735996
v -0.00645265 0.00890543 0.01909203
v -0.00184726 0.01455772 -0.02386986
v -0.00195215 0.01623967 -0.02390013
v -0.00447983 0.00851372 0.01969617
v -0.00546772 0.00889573 0.01965793
v -0.00456017 0.00888618 0.02018321
v -0.00415103 0.00736328 0.01749467
v 0.00003770 0.01637910 -0.02373909
v -0.00241121 0.00760836 0.01975827
v -0.00265751 0.00888353 0.02117707
v 0.00203763 0.01653497 -0.02367448
v -0.00071413 0.00894724 0.02178198
v 0.00403348 0.01668417 -0.02357072
v 0.00124790 0.00904134 0.02220869
v 0.00601283 0.01680651 -0.02330949
v 0.00321680 0.00914663 0.02256986
v 0.00797218 0.01689624 -0.02285716
v 0.00381283 0.00917249 0.02271631
v 0.00517362 0.00923224 0.02304635
v 0.00994479 0.01700759 -0.02253151
v 0.00713674 0.00932812 0.02346270
v 0.01191598 0.01711660 -0.02219218
v 0.00912083 0.00945817 0.02367867
v 0.01388149 0.01721638 -0.02179874
v 0.01112091 0.00961429 0.02374191
v 0.01596655 0.01607363 -0.02174647
v 0.01582222 0.01727577 -0.02116851
v 0.01401016 0.01722011 -0.02175569
v 0.01312021 0.00976911 0.02381268
v 0.01799147 0.01569369 -0.02159932
v 0.01777105 0.01734835 -0.02061565
v 0.01325690 0.00978111 0.02380877
v 0.01519366 0.00883354 0.02384986
v 0.01513227 0.00994475 0.02376144
v 0.01972286 0.01742580 -0.02009129
v 0.01723964 0.00820041 0.02395603
v 0.01714278 0.01011785 0.02372510
v 0.02166219 0.01748290 -0.01944766
v 0.01915716 0.01029727 0.02365175
v 0.02358973 0.01748012 -0.01866886
v 0.02358267 0.01750930 -0.01862407
v 0.02349727 0.01751018 -0.01867341
v 0.02114477 0.01043306 0.02383410
v 0.02563423 0.01686476 -0.01855981
v 0.02547509 0.01748996 -0.01753238
v 0.02313914 0.01057986 0.02395191
v 0.02735601 0.01732679 -0.01626109
v 0.02729172 0.01734711 -0.01571668
v 0.02708471 0.01742005 -0.01627358
v 0.02766717 0.01638848 -0.01842825
v 0.02514122 0.01073923 0.02399608
v 0.02913636 0.01708455 -0.01407637
v 0.02900637 0.01703807 -0.01292674
v 0.02848040 0.01718867 -0.01412728
v 0.02938200 0.01693401 -0.01611601
v 0.02715335 0.01091497 0.02394425
v 0.03093389 0.01663571 -0.01192510
v 0.03074113 0.01676180 -0.01032898
v 0.02934735 0.01692322 -0.01204214
v 0.03116626 0.01664473 -0.01393891
v 0.03140504 0.01657663 -0.01596520
v 0.02917415 0.01110484 0.02380960
v 0.03269017 0.01668299 -0.00969352
v 0.03262916 0.01673530 -0.00919529
v 0.03160144 0.01674716 -0.00979654
v 0.03293228 0.01657484 -0.01172629
v 0.03316581 0.01656989 -0.01374236
v 0.03339305 0.01664053 -0.01574619
v 0.02964135 0.01115833 0.02371920
v 0.03129528 0.00977203 0.02365584
v 0.03123313 0.01135694 0.02331015
v 0.03468912 0.01661522 -0.00949583
v 0.03455424 0.01676918 -0.00841553
v 0.03492688 0.01655943 -0.01152012
v 0.03514753 0.01670938 -0.01351111
v 0.03536298 0.01692180 -0.01549199
v 0.03562873 0.01652939 -0.01757078
v 0.03326649 0.01156727 0.02305555
v 0.03666324 0.01684613 -0.00924978
v 0.03650907 0.01685155 -0.00792007
v 0.03689430 0.01687079 -0.01126105
v 0.03712423 0.01690911 -0.01327012
v 0.03734241 0.01708878 -0.01525629
v 0.03759896 0.01680701 -0.01731717
v 0.03530001 0.01177789 0.02279931
v 0.03862768 0.01719334 -0.00898491
v 0.03862100 0.01718993 -0.00892523
v 0.03885611 0.01724965 -0.01099106
v 0.03909010 0.01723924 -0.01300801
v 0.03931233 0.01737009 -0.01500209
v 0.03956632 0.01711914 -0.01705798
v 0.03728908 0.01191606 0.02296773
v 0.03868510 0.01720366 -0.00897714
v 0.04061920 0.01764963 -0.01073826
v 0.04104633 0.01768518 -0.01272715
v 0.04083579 0.01769594 -0.01091305
v 0.04127558 0.01773170 -0.01473488
v 0.04153788 0.01738079 -0.01680696
v 0.03926922 0.01203966 0.02322151
v 0.04218725 0.01807201 -0.01254172
v 0.04324036 0.01807485 -0.01447067
v 0.04308275 0.01825438 -0.01320820
v 0.04352578 0.01744598 -0.01658774
v 0.04125580 0.01217377 0.02341376
v 0.04522842 0.01813807 -0.01425177
v 0.04509219 0.01842575 -0.01323436
v 0.04552830 0.01733539 -0.01639698
v 0.04323409 0.01229436 0.02368519
v 0.04721550 0.01821308 -0.01403096
v 0.04705104 0.01851466 -0.01277723
v 0.04751729 0.01738737 -0.01617990
v 0.04520310 0.01239984 0.02404522
v 0.04919202 0.01841512 -0.01378959
v 0.04902361 0.01862594 -0.01245121
v 0.04948251 0.01772524 -0.01591654
v 0.04717279 0.01250642 0.02439882
v 0.05114995 0.01884064 -0.01351204
v 0.05108212 0.01887726 -0.01294606
v 0.05142636 0.01832009 -0.01561157
v 0.04913500 0.01260082 0.02482381
v 0.05191227 0.01902006 -0.01340163
v 0.05338211 0.01877183 -0.01532978
v 0.05317197 0.01917967 -0.01374036
v 0.05109950 0.01269894 0.02522699
v 0.05534885 0.01909138 -0.01506938
v 0.05518867 0.01936286 -0.01383585
v 0.05313857 0.01077287 0.02611317
v 0.05307965 0.01282258 0.02548057
v 0.05730112 0.01958502 -0.01478080
v 0.05726844 0.01964884 -0.01453391
v 0.05764172 0.01829265 -0.01700529
v 0.05512691 0.01083281 0.02633154
v 0.05503767 0.01291014 0.02594567
v 0.05771550 0.01971537 -0.01471519
v 0.05958119 0.01894009 -0.01669181
v 0.05933260 0.01990937 -0.01508271
v 0.05701100 0.01302266 0.02626440
v 0.06152501 0.01953532 -0.01638678
v 0.06136607 0.02011989 -0.01533842
v 0.05900805 0.01317382 0.02635670
v 0.06348584 0.01992592 -0.01611489
v 0.06338835 0.02031219 -0.01548730
v 0.06100225 0.01332035 0.02647610
v 0.06544666 0.02031671 -0.01584296
v 0.06540526 0.02049571 -0.01558476
v 0.06299318 0.01346155 0.02662673
v 0.06629719 0.02058974 -0.01570734
v 0.06777048 0.01914586 -0.01783910
v 0.06743845 0.02070578 -0.01583782
v 0.06503477 0.01368531 0.02629346
v 0.06973208 0.01952718 -0.01756871
v 0.06945753 0.02089285 -0.01595605
v 0.06604555 0.01382572 0.02594543
v 0.06716424 0.01270497 0.02587134
v 0.06708902 0.01392969 0.02583925
v 0.07170577 0.01976328 -0.01732182
v 0.07147294 0.02107395 -0.01603929
v 0.06912572 0.01414548 0.02555269
v 0.07360281 0.02092092 -0.01692575
v 0.07353472 0.02133060 -0.01656538
v 0.07116814 0.01437059 0.02521146
v 0.07401412 0.02140838 -0.01679953
v 0.07564444 0.02166538 -0.01754948
v 0.07319394 0.01456861 0.02502903
v 0.07775439 0.02174063 -0.01839098
v 0.07772340 0.02195004 -0.01823977
v 0.07439024 0.01468481 0.02492586
v 0.07523105 0.01438324 0.02496243
v 0.07521144 0.01475310 0.02492592
v 0.07812178 0.02199442 -0.01830923
v 0.07975429 0.02215636 -0.01847082
v 0.07724448 0.01414143 0.02513195
v 0.07720526 0.01489902 0.02504893
v 0.08171505 0.02224839 -0.01803196
v 0.07929447 0.01346017 0.02523032
v 0.07920847 0.01506021 0.02508237
v 0.08369417 0.02222379 -0.01768677
v 0.08367071 0.02233210 -0.01754430
v 0.08293026 0.02230430 -0.01775300
v 0.08124099 0.01526920 0.02483568
v 0.08577038 0.02122717 -0.01763945
v 0.08556919 0.02232264 -0.01651052
v 0.08328790 0.01550162 0.02445162
v 0.08746173 0.02205503 -0.01528150
v 0.08741804 0.02223230 -0.01500261
v 0.08709076 0.02225110 -0.01528688
v 0.08475186 0.01567389 0.02413959
v 0.08534075 0.01574372 0.02401078
v 0.08925914 0.02160762 -0.01313000
v 0.08913435 0.02192596 -0.01222856
v 0.08885921 0.02204374 -0.01309746
v 0.08746349 0.01609973 0.02290226
v 0.09042498 0.02034531 -0.00506463
v 0.09027102 0.02067502 -0.00391739
v 0.09019989 0.02084485 -0.00500297
v 0.08988683 0.02114600 -0.00702404
v 0.09073396 0.01943313 -0.00722757
v 0.08961645 0.02144990 -0.00904017
v 0.08940824 0.02175780 -0.01104910
v 0.08791926 0.01619934 0.02252113
v 0.08951619 0.01662357 0.02072101
v 0.08975347 0.01672826 0.02019623
v 0.09044721 0.01785883 0.01356904
v 0.09037774 0.01796439 0.01288126
v 0.09015868 0.01827160 0.01087107
v 0.09016349 0.01859323 0.00888678
v 0.09009843 0.01891036 0.00689440
v 0.08982845 0.01921429 0.00487832
v 0.08987067 0.01953834 0.00289835
v 0.09008161 0.01987325 0.00093790
v 0.09027241 0.02020687 -0.00102488
v 0.09029742 0.02052981 -0.00300684
v 0.09026273 0.01699301 0.01882251
v 0.09057214 0.01733427 0.01687345
v 0.09054250 0.01765369 0.01488517
v -0.03134027 0.01401305 -0.01277249
v -0.03137562 0.01402419 -0.01277429
v -0.03135025 0.01401193 -0.01268554
v -0.03111899 0.01415542 -0.01476470
v -0.03172140 0.01432323 -0.01479914
v -0.03091886 0.01455204 -0.01671576
v -0.03138182 0.01466644 -0.01674471
v -0.03088104 0.01477658 -0.01716781
v -0.02973585 0.01308333 -0.00868380
v -0.03075515 0.01342153 -0.00873281
v -0.02995232 0.01318675 -0.00687008
v -0.02950889 0.01315728 -0.01068710
v -0.03097003 0.01372900 -0.01074252
v -0.02928312 0.01324569 -0.01268805
v -0.02907851 0.01358837 -0.01464784
v -0.02888402 0.01405281 -0.01658792
v -0.02887900 0.01514906 -0.01844004
v -0.02873953 0.01511839 -0.01843067
v -0.02872883 0.01518062 -0.01855784
v -0.02817708 0.01270233 -0.00450629
v -0.02881761 0.01290374 -0.00453898
v -0.02833103 0.01272556 -0.00318833
v -0.02792813 0.01251194 -0.00655238
v -0.02985138 0.01315845 -0.00664342
v -0.02768257 0.01236239 -0.00859185
v -0.02745903 0.01247749 -0.01058848
v -0.02725101 0.01277930 -0.01255489
v -0.02704937 0.01315779 -0.01450888
v -0.02684938 0.01355600 -0.01645968
v -0.02668284 0.01435648 -0.01834535
v -0.02720199 0.01557846 -0.02023091
v -0.02653252 0.01535206 -0.02019945
v -0.02647259 0.01575416 -0.02094153
v -0.02661390 0.01226838 -0.00033735
v -0.02699929 0.01237828 -0.00035894
v -0.02669899 0.01228190 0.00039066
v -0.02637284 0.01217290 -0.00236807
v -0.02803620 0.01263278 -0.00246374
v -0.02612977 0.01205318 -0.00440271
v -0.02588689 0.01193578 -0.00643699
v -0.02565259 0.01192161 -0.00845454
v -0.02543801 0.01214447 -0.01043373
v -0.02463623 0.01371585 -0.01824040
v -0.02446871 0.01450447 -0.02012800
v -0.02523753 0.01602638 -0.02198852
v -0.02433897 0.01574742 -0.02194204
v -0.02431883 0.01616073 -0.02234642
v -0.02505280 0.01185944 0.00383564
v -0.02505838 0.01186071 0.00383528
v -0.02505364 0.01185992 0.00384262
v -0.02481088 0.01175361 0.00180325
v -0.02617414 0.01211013 0.00172136
v -0.02456826 0.01163925 -0.00023053
v -0.02432874 0.01156228 -0.00225826
v -0.02409381 0.01154051 -0.00427705
v -0.02228254 0.01498864 -0.02185622
v -0.02222513 0.01646940 -0.02317744
v -0.02326177 0.01148872 0.00599956
v -0.02378654 0.01162135 0.00596725
v -0.02334237 0.01154537 0.00666480
v -0.02301221 0.01129110 0.00395230
v -0.02277375 0.01122683 0.00192663
v -0.02253616 0.01117306 -0.00009734
v -0.02017288 0.01639272 -0.02343551
v -0.02092780 0.01662544 -0.02347484
v -0.02017131 0.01671309 -0.02362760
v -0.02146972 0.01110579 0.00816150
v -0.02248116 0.01138415 0.00810310
v -0.02160240 0.01127758 0.00921287
v -0.02122224 0.01093316 0.00611828
v -0.02098453 0.01087798 0.00409409
v -0.02075029 0.01086442 0.00207663
v -0.01811760 0.01564777 -0.02334745
v -0.01811888 0.01695450 -0.02406437
v -0.01968222 0.01077768 0.01033231
v -0.02088883 0.01116544 0.01027215
v -0.01982318 0.01107377 0.01138591
v -0.01942307 0.01046469 0.00826637
v -0.01918238 0.01037359 0.00623636
v -0.01895452 0.01043686 0.00423134
v -0.01608006 0.01511614 -0.02322485
v -0.01608477 0.01716607 -0.02432617
v -0.01791536 0.01069767 0.01254328
v -0.01874558 0.01098224 0.01250492
v -0.01801865 0.01091120 0.01331720
v -0.01763312 0.01010705 0.01043240
v -0.01737827 0.00984566 0.00837482
v -0.01406422 0.01735554 -0.02445852
v -0.01614139 0.01053209 0.01474041
v -0.01678351 0.01078736 0.01471674
v -0.01622025 0.01073865 0.01530704
v -0.01585831 0.00993136 0.01262789
v -0.01206389 0.01751205 -0.02439760
v -0.01437843 0.01049890 0.01695896
v -0.01464370 0.01060394 0.01694911
v -0.01440423 0.01059480 0.01712859
v -0.01407077 0.00960274 0.01479862
v -0.01134591 0.01756427 -0.02435130
v -0.01004866 0.01730047 -0.02426050
v -0.01006857 0.01766041 -0.02428890
v -0.01232489 0.00977489 0.01705042
v -0.01252540 0.01055332 0.01835010
v -0.00795174 0.01605486 -0.02425349
v -0.00805484 0.01783875 -0.02435598
v -0.01027613 0.00910832 0.01715117
v -0.01061803 0.01055833 0.01929902
v -0.00605388 0.01799629 -0.02430114
v -0.00859127 0.01001423 0.01952176
v -0.01032183 0.01056113 0.01943390
v -0.00870017 0.01058045 0.02014774
v -0.00406129 0.01814020 -0.02416637
v -0.00653921 0.00930798 0.01961609
v -0.00678054 0.01060545 0.02097952
v -0.00208090 0.01826423 -0.02391505
v -0.00485797 0.01063525 0.02178318
v -0.00008441 0.01841448 -0.02381744
v -0.00290231 0.01071023 0.02227569
v -0.00292284 0.01071664 0.02227464
v -0.00290321 0.01071750 0.02227942
v 0.00190579 0.01855449 -0.02365983
v -0.00087872 0.01034622 0.02242543
v -0.00093443 0.01082261 0.02264162
v 0.00388160 0.01867105 -0.02336474
v 0.00112887 0.01017462 0.02260631
v 0.00104726 0.01094874 0.02288059
v 0.00582825 0.01874009 -0.02279109
v 0.00310995 0.01032186 0.02283881
v 0.00303973 0.01109245 0.02301653
v 0.00777324 0.01880642 -0.02220154
v 0.00501391 0.01120635 0.02332722
v 0.00981213 0.01817122 -0.02203289
v 0.00973502 0.01890010 -0.02177235
v 0.00824980 0.01882711 -0.02208455
v 0.00700153 0.01134215 0.02350949
v 0.01184677 0.01767441 -0.02190465
v 0.01169670 0.01899364 -0.02134234
v 0.00826690 0.01143776 0.02356902
v 0.00901274 0.01124975 0.02361502
v 0.00899801 0.01149240 0.02360712
v 0.01387321 0.01727618 -0.02176046
v 0.01363830 0.01905445 -0.02072044
v 0.01108064 0.01035297 0.02367851
v 0.01100558 0.01166071 0.02359884
v 0.01555854 0.01908044 -0.01989444
v 0.01311643 0.00984239 0.02380451
v 0.01300988 0.01182370 0.02362178
v 0.01748994 0.01912463 -0.01917513
v 0.01501995 0.01199607 0.02358967
v 0.01950626 0.01864433 -0.01889771
v 0.01939346 0.01912336 -0.01818940
v 0.01794678 0.01913071 -0.01897799
v 0.01704212 0.01218818 0.02344190
v 0.02154822 0.01805957 -0.01878371
v 0.02126143 0.01906419 -0.01686418
v 0.01906388 0.01237963 0.02329800
v 0.02281653 0.01836807 -0.01247931
v 0.02275664 0.01839754 -0.01197803
v 0.02255168 0.01846350 -0.01249076
v 0.02220226 0.01876230 -0.01451603
v 0.02304198 0.01846030 -0.01447965
v 0.02168374 0.01905021 -0.01656086
v 0.02326595 0.01857024 -0.01647711
v 0.02106774 0.01254189 0.02332519
v 0.02462040 0.01784308 -0.01034037
v 0.02438293 0.01794449 -0.00834401
v 0.02348587 0.01820238 -0.01039785
v 0.02486290 0.01773018 -0.01237392
v 0.02508677 0.01784136 -0.01437118
v 0.02531147 0.01794258 -0.01637006
v 0.02306693 0.01269655 0.02339696
v 0.02617906 0.01746343 -0.00616264
v 0.02598966 0.01745957 -0.00452314
v 0.02555741 0.01769323 -0.00618851
v 0.02440810 0.01794048 -0.00830631
v 0.02640993 0.01749039 -0.00817354
v 0.02664887 0.01742047 -0.01020013
v 0.02689210 0.01729881 -0.01223508
v 0.02711872 0.01737693 -0.01423770
v 0.02399030 0.01277237 0.02340298
v 0.02507564 0.01265380 0.02349637
v 0.02506972 0.01285708 0.02343430
v 0.02773889 0.01706969 -0.00198719
v 0.02768178 0.01711383 -0.00151809
v 0.02739938 0.01716928 -0.00200574
v 0.02617295 0.01741157 -0.00413246
v 0.02797613 0.01702012 -0.00401048
v 0.02820196 0.01710776 -0.00601156
v 0.02843350 0.01712676 -0.00802374
v 0.02866842 0.01710505 -0.01004252
v 0.02890979 0.01700580 -0.01207386
v 0.02710481 0.01222282 0.02363526
v 0.02708481 0.01303765 0.02335415
v 0.02950802 0.01696236 0.00021936
v 0.02949858 0.01697124 0.00029606
v 0.02940786 0.01697740 0.00021144
v 0.02975004 0.01685532 -0.00181323
v 0.02998388 0.01684661 -0.00382990
v 0.03021186 0.01690839 -0.00583517
v 0.03044444 0.01691494 -0.00784937
v 0.03068692 0.01680234 -0.00988286
v 0.02916029 0.01147547 0.02372294
v 0.02912158 0.01325355 0.02306692
v 0.03150292 0.01694340 0.00042496
v 0.03140297 0.01697141 0.00127340
v 0.03174248 0.01686588 -0.00160286
v 0.03197521 0.01687062 -0.00361735
v 0.03220487 0.01691211 -0.00562590
v 0.03244087 0.01687746 -0.00764677
v 0.03120440 0.01354449 0.02233986
v 0.03349266 0.01698649 0.00064060
v 0.03331384 0.01698214 0.00218889
v 0.03372562 0.01698838 -0.00137436
v 0.03395319 0.01705503 -0.00337883
v 0.03418675 0.01704967 -0.00539497
v 0.03443323 0.01688903 -0.00743624
v 0.03145094 0.01357450 0.02228115
v 0.03325315 0.01300116 0.02237200
v 0.03326198 0.01379431 0.02185376
v 0.03525018 0.01701866 0.00286974
v 0.03524201 0.01702106 0.00293907
v 0.03494475 0.01701290 0.00283678
v 0.03547419 0.01712825 0.00087221
v 0.03569998 0.01721628 -0.00112880
v 0.03593171 0.01723303 -0.00314135
v 0.03617810 0.01707335 -0.00518247
v 0.03642888 0.01686099 -0.00723211
v 0.03529029 0.01247438 0.02249538
v 0.03531466 0.01403613 0.02141461
v 0.03583436 0.01707023 0.00293969
v 0.03744939 0.01734608 0.00111614
v 0.03726662 0.01721715 0.00276797
v 0.03767492 0.01743734 -0.00088435
v 0.03791205 0.01738908 -0.00290743
v 0.03815393 0.01728370 -0.00493975
v 0.03840212 0.01710244 -0.00698436
v 0.03728128 0.01250236 0.02270858
v 0.03732083 0.01420216 0.02141972
v 0.03826424 0.01754814 0.00123591
v 0.03963444 0.01784371 -0.00060990
v 0.03955363 0.01784085 0.00009026
v 0.03987809 0.01771713 -0.00264566
v 0.04011767 0.01763935 -0.00467351
v 0.04035980 0.01753098 -0.00670632
v 0.04058988 0.01756752 -0.00871567
v 0.04081224 0.01769680 -0.01071000
v 0.03926335 0.01263758 0.02293913
v 0.03930083 0.01432554 0.02167480
v 0.04024577 0.01799717 -0.00051972
v 0.04183660 0.01813559 -0.00236925
v 0.04170200 0.01823862 -0.00126307
v 0.04207584 0.01806195 -0.00439643
v 0.04231169 0.01802908 -0.00641702
v 0.04253908 0.01809802 -0.00842112
v 0.04275426 0.01831371 -0.01040147
v 0.04298584 0.01833213 -0.01241375
v 0.04124511 0.01277658 0.02317030
v 0.04126269 0.01441937 0.02210316
v 0.04379984 0.01849726 -0.00210203
v 0.04376851 0.01850298 -0.00183434
v 0.04403210 0.01850758 -0.00411563
v 0.04426080 0.01856074 -0.00612228
v 0.04448800 0.01863187 -0.00812603
v 0.04471239 0.01873676 -0.01012432
v 0.04495122 0.01866812 -0.01215069
v 0.04321827 0.01301897 0.02341820
v 0.04321345 0.01449511 0.02263748
v 0.04574059 0.01867260 -0.00186896
v 0.04599527 0.01887015 -0.00384826
v 0.04577989 0.01867751 -0.00187906
v 0.04621333 0.01905115 -0.00583423
v 0.04644688 0.01904589 -0.00785034
v 0.04669767 0.01883342 -0.00990001
v 0.04694197 0.01869898 -0.01193703
v 0.04518244 0.01336949 0.02368361
v 0.04515934 0.01456290 0.02321845
v 0.04698605 0.01907419 -0.00370974
v 0.04795149 0.01945773 -0.00558291
v 0.04841819 0.01931057 -0.00759883
v 0.04818562 0.01949467 -0.00569082
v 0.04869062 0.01883787 -0.00969062
v 0.04893235 0.01873432 -0.01172265
v 0.04714127 0.01378422 0.02395942
v 0.04711411 0.01464517 0.02371455
v 0.05039537 0.01950466 -0.00735875
v 0.05020974 0.01968996 -0.00585723
v 0.05066270 0.01909331 -0.00944060
v 0.05090727 0.01895562 -0.01147816
v 0.04910212 0.01417460 0.02423128
v 0.04908249 0.01474962 0.02408061
v 0.05237223 0.01970258 -0.00711804
v 0.05221137 0.01984860 -0.00580878
v 0.05263093 0.01939496 -0.00918310
v 0.05286792 0.01934836 -0.01120591
v 0.05310693 0.01927751 -0.01323265
v 0.05105274 0.01468802 0.02452306
v 0.05104698 0.01484773 0.02448386
v 0.05434860 0.01990631 -0.00687640
v 0.05424601 0.02006104 -0.00607571
v 0.05459469 0.01975034 -0.00891691
v 0.05483186 0.01970162 -0.01094006
v 0.05507991 0.01952209 -0.01298439
v 0.05198473 0.01489779 0.02465641
v 0.05301367 0.01494943 0.02486608
v 0.05609980 0.02030417 -0.00662520
v 0.05655648 0.02012946 -0.00864687
v 0.05631990 0.02033742 -0.00671747
v 0.05680155 0.01998580 -0.01068539
v 0.05703604 0.01996922 -0.01270334
v 0.05499547 0.01507574 0.02510399
v 0.05851395 0.02056053 -0.00836842
v 0.05841541 0.02064905 -0.00756589
v 0.05876741 0.02031589 -0.01042329
v 0.05900358 0.02027920 -0.01244449
v 0.05925124 0.02010436 -0.01448806
v 0.05696974 0.01518979 0.02541378
v 0.05977158 0.02086212 -0.00818532
v 0.06072034 0.02080160 -0.01013599
v 0.06052632 0.02098577 -0.00856133
v 0.06096089 0.02071217 -0.01216574
v 0.06121223 0.02049316 -0.01421645
v 0.05895106 0.01531533 0.02565625
v 0.06266973 0.02132978 -0.00984182
v 0.06265413 0.02135004 -0.00971826
v 0.06291642 0.02116662 -0.01188350
v 0.06317303 0.02088412 -0.01394450
v 0.06094236 0.01545713 0.02580339
v 0.06279881 0.02137854 -0.00981999
v 0.06486242 0.02173550 -0.01158274
v 0.06482228 0.02178004 -0.01126054
v 0.06513050 0.02131520 -0.01366605
v 0.06221950 0.01555737 0.02584032
v 0.06294578 0.01549219 0.02590523
v 0.06294004 0.01560933 0.02588957
v 0.06519929 0.02185456 -0.01152717
v 0.06708149 0.02182410 -0.01337500
v 0.06693471 0.02211924 -0.01227053
v 0.06739634 0.02084142 -0.01554935
v 0.06498324 0.01496149 0.02602798
v 0.06493476 0.01575669 0.02600409
v 0.06903063 0.02235534 -0.01308033
v 0.06900848 0.02239544 -0.01291124
v 0.06935587 0.02124767 -0.01527492
v 0.06696349 0.01618442 0.02440424
v 0.06711856 0.01605698 0.02439873
v 0.06711368 0.01620425 0.02435892
v 0.06935650 0.02244380 -0.01303113
v 0.07131032 0.02171510 -0.01499058
v 0.07105731 0.02263099 -0.01331363
v 0.06909414 0.01627028 0.02464193
v 0.06909184 0.01632464 0.02463155
v 0.07322812 0.02262305 -0.01463493
v 0.07312246 0.02289313 -0.01387195
v 0.07114811 0.01554113 0.02473255
v 0.07111272 0.01651464 0.02449614
v 0.07440131 0.02309023 -0.01443242
v 0.07546309 0.02252051 -0.01645813
v 0.07522455 0.02321548 -0.01478318
v 0.07318045 0.01507194 0.02486526
v 0.07312054 0.01668336 0.02448544
v 0.07739550 0.02325287 -0.01613091
v 0.07727598 0.02345527 -0.01521043
v 0.07512230 0.01684222 0.02453260
v 0.07937493 0.02341989 -0.01589520
v 0.07925009 0.02356906 -0.01489908
v 0.07967921 0.02256419 -0.01804899
v 0.07713271 0.01701515 0.02449725
v 0.08136930 0.02340718 -0.01568859
v 0.08121591 0.02366935 -0.01450862
v 0.08168565 0.02240649 -0.01786586
v 0.07915737 0.01721131 0.02432570
v 0.08336712 0.02335312 -0.01548868
v 0.08317295 0.02375531 -0.01403419
v 0.08118847 0.01741798 0.02409259
v 0.08510031 0.02367796 -0.01321217
v 0.08506766 0.02373971 -0.01296438
v 0.08453215 0.02374311 -0.01326053
v 0.08539540 0.02293276 -0.01534807
v 0.08134770 0.01743273 0.02408329
v 0.08323162 0.01685797 0.02418245
v 0.08319843 0.01759018 0.02406153
v 0.08687858 0.02346073 -0.01102340
v 0.08683197 0.02351159 -0.01064887
v 0.08661397 0.02355595 -0.01103486
v 0.08714834 0.02302010 -0.01311000
v 0.08521994 0.01778121 0.02392008
v 0.08847175 0.02266613 -0.00691284
v 0.08830646 0.02281116 -0.00556470
v 0.08806307 0.02300669 -0.00689753
v 0.08750985 0.02329236 -0.00894637
v 0.08873005 0.02236336 -0.00897713
v 0.08898409 0.02211184 -0.01103311
v 0.08731948 0.01809941 0.02303322
v 0.08923441 0.02064574 0.00506033
v 0.08912542 0.02104246 0.00578149
v 0.08901431 0.02114005 0.00512162
v 0.08896527 0.02145821 0.00313109
v 0.08948649 0.02041768 0.00300815
v 0.08910851 0.02178876 0.00116281
v 0.08969207 0.02074883 0.00104649
v 0.08918244 0.02211485 -0.00081349
v 0.08990971 0.02093491 -0.00093865
v 0.08890847 0.02241852 -0.00283003
v 0.09015638 0.02077191 -0.00298030
v 0.08843196 0.02270914 -0.00487001
v 0.08755303 0.01815396 0.02281625
v 0.08895670 0.01856574 0.02099376
v 0.08969974 0.01887509 0.01946463
v 0.09019199 0.01967728 0.01476230
v 0.09008700 0.01992388 0.01318511
v 0.08972914 0.02022214 0.01115886
v 0.08954203 0.02053141 0.00915236
v 0.08934983 0.02084034 0.00714528
v 0.08983958 0.01894396 0.01911104
v 0.09013462 0.01928430 0.01716032
v 0.09020555 0.01961019 0.01518367
v -0.03544278 0.01540624 -0.01296427
v -0.03636131 0.01568111 -0.01301354
v -0.03564658 0.01545144 -0.01122763
v -0.03521028 0.01541368 -0.01497833
v -0.03691866 0.01596652 -0.01506286
v -0.03500209 0.01571338 -0.01694508
v -0.03672760 0.01630015 -0.01702561
v -0.03484720 0.01665390 -0.01880809
v -0.03508767 0.01672716 -0.01882076
v -0.03482810 0.01678527 -0.01904635
v -0.03408454 0.01463349 -0.00683492
v -0.03470895 0.01482362 -0.00686784
v -0.03425319 0.01461885 -0.00536877
v -0.03384757 0.01458721 -0.00885767
v -0.03520015 0.01511329 -0.00890952
v -0.03362082 0.01466373 -0.01086055
v -0.03555285 0.01541189 -0.01093517
v -0.03338778 0.01466465 -0.01287567
v -0.03316131 0.01474457 -0.01487799
v -0.03295685 0.01508912 -0.01683748
v -0.03280341 0.01604707 -0.01869766
v -0.03266933 0.01720000 -0.02049908
v -0.03251172 0.01408366 -0.00268473
v -0.03329184 0.01427230 -0.00273422
v -0.03268023 0.01407891 -0.00122539
v -0.03226978 0.01397751 -0.00471718
v -0.03407087 0.01454342 -0.00480918
v -0.03202477 0.01383455 -0.00675559
v -0.03178872 0.01379923 -0.00877657
v -0.03157210 0.01399764 -0.01075972
v -0.03076244 0.01547420 -0.01858174
v -0.03263960 0.01720625 -0.02052243
v -0.03061429 0.01649578 -0.02043162
v -0.03046883 0.01754979 -0.02227625
v -0.03080060 0.01764609 -0.02229455
v -0.03045632 0.01770310 -0.02246984
v -0.03094755 0.01363770 0.00148226
v -0.03139670 0.01375178 0.00145471
v -0.03101498 0.01368936 0.00203641
v -0.03069945 0.01345760 -0.00056215
v -0.03249786 0.01400215 -0.00065752
v -0.03046494 0.01344078 -0.00258014
v -0.03022667 0.01337891 -0.00460542
v -0.02997906 0.01320458 -0.00664891
v -0.02857476 0.01594016 -0.02031290
v -0.02843086 0.01701290 -0.02215451
v -0.02837394 0.01799334 -0.02319282
v -0.02914732 0.01315647 0.00362829
v -0.03021860 0.01350638 0.00357584
v -0.02936433 0.01327602 0.00543769
v -0.02889699 0.01294955 0.00157953
v -0.02865682 0.01286467 -0.00044948
v -0.02841411 0.01274935 -0.00248341
v -0.02638757 0.01641210 -0.02204310
v -0.02632171 0.01823443 -0.02362773
v -0.02759148 0.01281080 0.00781152
v -0.02823012 0.01299188 0.00777556
v -0.02768433 0.01291051 0.00855860
v -0.02734372 0.01263468 0.00576775
v -0.02924750 0.01324764 0.00567302
v -0.02709153 0.01240534 0.00371535
v -0.02684990 0.01230304 0.00168353
v -0.02428403 0.01788979 -0.02361048
v -0.02587856 0.01828461 -0.02371005
v -0.02428394 0.01845196 -0.02392449
v -0.02580683 0.01251678 0.00998785
v -0.02672092 0.01276782 0.00993499
v -0.02590210 0.01271159 0.01070298
v -0.02554924 0.01222256 0.00792496
v -0.02530252 0.01205897 0.00588321
v -0.02222566 0.01710757 -0.02352845
v -0.02224561 0.01867040 -0.02422661
v -0.02377370 0.01203821 0.01011904
v -0.02404726 0.01263102 0.01215362
v -0.02351325 0.01170951 0.00805057
v -0.02021592 0.01887476 -0.02444620
v -0.02201499 0.01205612 0.01234587
v -0.02395088 0.01262501 0.01224027
v -0.02221317 0.01251662 0.01380255
v -0.02173273 0.01146531 0.01023496
v -0.01820565 0.01904748 -0.02448034
v -0.02025122 0.01201326 0.01456286
v -0.02156927 0.01245717 0.01450061
v -0.02038396 0.01239428 0.01549806
v -0.01996670 0.01139523 0.01244755
v -0.01620754 0.01920037 -0.02439819
v -0.01850682 0.01220326 0.01681755
v -0.01880662 0.01231388 0.01680504
v -0.01853357 0.01230644 0.01699128
v -0.01819820 0.01129542 0.01465532
v -0.01508668 0.01930142 -0.02444654
v -0.01413780 0.01853292 -0.02447831
v -0.01418697 0.01938987 -0.02453070
v -0.01644309 0.01135670 0.01688917
v -0.01666032 0.01225586 0.01826610
v -0.01207435 0.01768973 -0.02440615
v -0.01217500 0.01956536 -0.02458105
v -0.01475605 0.01223635 0.01925550
v -0.01479498 0.01225109 0.01925394
v -0.01475889 0.01225120 0.01927177
v -0.01017417 0.01972268 -0.02452489
v -0.01270205 0.01150675 0.01934605
v -0.01283602 0.01228147 0.02007265
v -0.00818274 0.01986470 -0.02437905
v -0.01064147 0.01069807 0.01942380
v -0.01089407 0.01234287 0.02069114
v -0.00618359 0.02001930 -0.02430691
v -0.00895094 0.01240615 0.02129851
v -0.00419355 0.02015904 -0.02414770
v -0.00699631 0.01248820 0.02179589
v -0.00221849 0.02027438 -0.02384546
v -0.00504146 0.01257060 0.02229123
v -0.00024358 0.02038946 -0.02354173
v -0.00406160 0.01262147 0.02248038
v -0.00307488 0.01267211 0.02267454
v 0.00172418 0.02049290 -0.02316973
v -0.00110072 0.01278598 0.02298538
v 0.00367802 0.02057365 -0.02266474
v 0.00089251 0.01293093 0.02311402
v 0.00566757 0.02006990 -0.02214285
v 0.00560796 0.02061546 -0.02193149
v 0.00505285 0.02059931 -0.02211688
v 0.00224565 0.01302794 0.02320998
v 0.00293575 0.01241629 0.02317788
v 0.00288391 0.01307290 0.02326021
v 0.00775319 0.01896016 -0.02211384
v 0.00754793 0.02067361 -0.02129401
v 0.00495380 0.01211901 0.02333841
v 0.00487945 0.01322160 0.02336686
v 0.00949957 0.02075078 -0.02076801
v 0.00697774 0.01175081 0.02348747
v 0.00687960 0.01337782 0.02342947
v 0.01145301 0.02083088 -0.02025923
v 0.00888928 0.01354957 0.02340102
v 0.01336636 0.02084564 -0.01936741
v 0.01089969 0.01372252 0.02336560
v 0.01538665 0.02024308 -0.01905622
v 0.01526641 0.02083874 -0.01834858
v 0.01404577 0.02085753 -0.01909177
v 0.01290451 0.01388634 0.02338362
v 0.01745496 0.01934148 -0.01899352
v 0.01711424 0.02074673 -0.01683092
v 0.01491978 0.01406720 0.02330178
v 0.01869611 0.01997659 -0.01263624
v 0.01856259 0.02000371 -0.01149712
v 0.01819436 0.02016091 -0.01265732
v 0.01787850 0.02046188 -0.01467871
v 0.01892352 0.02004516 -0.01464041
v 0.01720361 0.02073971 -0.01674163
v 0.01916226 0.01997751 -0.01666662
v 0.01695824 0.01428587 0.02299833
v 0.02027245 0.01938437 -0.00849292
v 0.02017776 0.01953256 -0.00775695
v 0.01957474 0.01960722 -0.00852794
v 0.01882664 0.01988033 -0.01059933
v 0.02051659 0.01925177 -0.01052965
v 0.02075945 0.01913468 -0.01256387
v 0.02098576 0.01921647 -0.01456590
v 0.02122071 0.01919449 -0.01658472
v 0.01736239 0.01432346 0.02297377
v 0.01901054 0.01367752 0.02303610
v 0.01898219 0.01448087 0.02283362
v 0.02205646 0.01909808 -0.00631534
v 0.02187700 0.01919841 -0.00481984
v 0.02120320 0.01939084 -0.00635472
v 0.02232531 0.01866852 -0.00840015
v 0.02257269 0.01849694 -0.01044319
v 0.02104444 0.01318954 0.02316577
v 0.02100531 0.01467453 0.02267673
v 0.02340952 0.01838764 -0.00017589
v 0.02333019 0.01846327 0.00046776
v 0.02294754 0.01853928 -0.00019838
v 0.02235334 0.01882232 -0.00225197
v 0.02365029 0.01829558 -0.00220606
v 0.02207322 0.01912559 -0.00426922
v 0.02387797 0.01836104 -0.00421073
v 0.02412144 0.01823651 -0.00624615
v 0.02437856 0.01794797 -0.00830813
v 0.02306055 0.01291551 0.02333007
v 0.02302529 0.01486307 0.02254991
v 0.02518221 0.01823744 0.00202372
v 0.02513824 0.01830643 0.00236544
v 0.02474508 0.01833380 0.00199440
v 0.02544434 0.01788860 -0.00004802
v 0.02569333 0.01769784 -0.00209416
v 0.02594547 0.01746914 -0.00414645
v 0.02504409 0.01504968 0.02243435
v 0.02695162 0.01812680 0.00422974
v 0.02694003 0.01813940 0.00432292
v 0.02686417 0.01814904 0.00422438
v 0.02721892 0.01771576 0.00214793
v 0.02748190 0.01735672 0.00007454
v 0.02658133 0.01523890 0.02205532
v 0.02709587 0.01513313 0.02209114
v 0.02709833 0.01529406 0.02198019
v 0.02898216 0.01767923 0.00436595
v 0.02873148 0.01795551 0.00637919
v 0.02924347 0.01734036 0.00229582
v 0.02913476 0.01458526 0.02221112
v 0.02914884 0.01553234 0.02156177
v 0.03074943 0.01759434 0.00657613
v 0.03054597 0.01780917 0.00821533
v 0.02878525 0.01795152 0.00643145
v 0.03100849 0.01728242 0.00451037
v 0.03125899 0.01707336 0.00246126
v 0.03120490 0.01366157 0.02227024
v 0.03122371 0.01581034 0.02091051
v 0.03250104 0.01769759 0.00881678
v 0.03243202 0.01777946 0.00936786
v 0.03120441 0.01778610 0.00869614
v 0.03275772 0.01741428 0.00675565
v 0.03301345 0.01714247 0.00469638
v 0.03325790 0.01700616 0.00265905
v 0.03181449 0.01589747 0.02067582
v 0.03329493 0.01530172 0.02072917
v 0.03334869 0.01616999 0.01978064
v 0.03448864 0.01776642 0.00903658
v 0.03437380 0.01784056 0.00998801
v 0.03474707 0.01746206 0.00697205
v 0.03500207 0.01719892 0.00491418
v 0.03533073 0.01479098 0.02085515
v 0.03521800 0.01643813 0.01908468
v 0.03543021 0.01639775 0.01910000
v 0.03543903 0.01647318 0.01898174
v 0.03646259 0.01799933 0.00928295
v 0.03638979 0.01802259 0.00989937
v 0.03672149 0.01768937 0.00721751
v 0.03698329 0.01734449 0.00514641
v 0.03722830 0.01720153 0.00310801
v 0.03733413 0.01466975 0.02104419
v 0.03744086 0.01618941 0.01927494
v 0.03749278 0.01671676 0.01853224
v 0.03743887 0.01818788 0.00941732
v 0.03867330 0.01818842 0.00750697
v 0.03848738 0.01833760 0.00903114
v 0.03893537 0.01784032 0.00543535
v 0.03917853 0.01771959 0.00340054
v 0.03939884 0.01787359 0.00141020
v 0.03931515 0.01481760 0.02127679
v 0.03941872 0.01637524 0.01951369
v 0.03946147 0.01682171 0.01889539
v 0.04063361 0.01858531 0.00777988
v 0.04058318 0.01864971 0.00817993
v 0.04087591 0.01847491 0.00574674
v 0.04111469 0.01840681 0.00372045
v 0.04134263 0.01846909 0.00171527
v 0.04158447 0.01836416 -0.00031698
v 0.04127912 0.01517051 0.02154258
v 0.04139217 0.01661419 0.01976103
v 0.04141967 0.01690957 0.01935871
v 0.04142135 0.01876585 0.00789314
v 0.04283558 0.01887947 0.00602090
v 0.04268511 0.01897180 0.00727027
v 0.04307563 0.01879610 0.00399214
v 0.04331787 0.01868652 0.00195914
v 0.04355838 0.01859759 -0.00007052
v 0.04323496 0.01562120 0.02182421
v 0.04336505 0.01685988 0.02000947
v 0.04337935 0.01699984 0.01980791
v 0.04480176 0.01920585 0.00628240
v 0.04475858 0.01924750 0.00663248
v 0.04504778 0.01905074 0.00424203
v 0.04529957 0.01882623 0.00219042
v 0.04554987 0.01861957 0.00014170
v 0.04577827 0.01867630 -0.00186438
v 0.04517613 0.01624826 0.02213439
v 0.04526878 0.01697563 0.02092820
v 0.04395220 0.01700101 0.02009501
v 0.04554926 0.01935320 0.00638579
v 0.04701650 0.01934645 0.00449857
v 0.04684119 0.01953811 0.00590734
v 0.04727598 0.01902957 0.00243200
v 0.04752893 0.01879108 0.00037813
v 0.04775802 0.01883944 -0.00162931
v 0.04795218 0.01930789 -0.00356874
v 0.04816794 0.01951652 -0.00555023
v 0.04712987 0.01672412 0.02242009
v 0.04715836 0.01695166 0.02204700
v 0.04896975 0.01982829 0.00478523
v 0.04894553 0.01986413 0.00497460
v 0.04922742 0.01953310 0.00272218
v 0.04947925 0.01930812 0.00067049
v 0.04971510 0.01927521 -0.00135010
v 0.04991094 0.01972340 -0.00329280
v 0.05013705 0.01980767 -0.00529443
v 0.04825423 0.01695693 0.02257750
v 0.04908383 0.01698619 0.02282299
v 0.04940507 0.01992301 0.00484696
v 0.05118944 0.01990937 0.00299176
v 0.05101390 0.02013152 0.00438551
v 0.05144136 0.01968336 0.00093991
v 0.05167356 0.01969434 -0.00107358
v 0.05187994 0.02001579 -0.00303681
v 0.05211686 0.01997007 -0.00505947
v 0.05101878 0.01703615 0.02350844
v 0.05315207 0.02027837 0.00326016
v 0.05306764 0.02037507 0.00393624
v 0.05339981 0.02010260 0.00121644
v 0.05363782 0.02004380 -0.00080834
v 0.05385040 0.02029064 -0.00278365
v 0.05407824 0.02035408 -0.00478864
v 0.05300391 0.01519475 0.02481376
v 0.05294469 0.01707139 0.02428019
v 0.05512033 0.02057975 0.00351761
v 0.05510660 0.02059455 0.00362802
v 0.05537001 0.02038059 0.00147011
v 0.05561217 0.02027189 -0.00056275
v 0.05582356 0.02053303 -0.00253574
v 0.05604312 0.02069606 -0.00452461
v 0.05630459 0.02035520 -0.00659506
v 0.05498303 0.01536553 0.02505007
v 0.05490366 0.01716050 0.02473622
v 0.05573311 0.02065214 0.00359411
v 0.05734113 0.02064745 0.00172197
v 0.05712843 0.02078609 0.00348357
v 0.05757910 0.02058916 -0.00030273
v 0.05779079 0.02084672 -0.00227629
v 0.05800757 0.02104324 -0.00425974
v 0.05825768 0.02083887 -0.00630809
v 0.05695133 0.01566637 0.02530744
v 0.05688163 0.01728057 0.02501070
v 0.05929607 0.02110895 0.00200535
v 0.05924902 0.02113860 0.00239556
v 0.05953190 0.02107633 -0.00001519
v 0.05974168 0.02135697 -0.00198503
v 0.05995707 0.02157008 -0.00396579
v 0.06020467 0.02139596 -0.00600924
v 0.06046690 0.02104594 -0.00808117
v 0.05892287 0.01592823 0.02555849
v 0.05885035 0.01738558 0.02537349
v 0.05979704 0.02123537 0.00207936
v 0.06148404 0.02157145 0.00027362
v 0.06142492 0.02158122 0.00077932
v 0.06170369 0.02173338 -0.00171543
v 0.06191454 0.02200115 -0.00368734
v 0.06214086 0.02208287 -0.00568938
v 0.06240336 0.02172961 -0.00776183
v 0.06091486 0.01594423 0.02576975
v 0.06081615 0.01748582 0.02576428
v 0.06192304 0.02169370 0.00034043
v 0.06360531 0.02212344 -0.00144982
v 0.06388207 0.02231120 -0.00342848
v 0.06367488 0.02214455 -0.00154448
v 0.06410391 0.02244685 -0.00542179
v 0.06433974 0.02241414 -0.00744235
v 0.06460189 0.02206507 -0.00951412
v 0.06290656 0.01596368 0.02598156
v 0.06274860 0.01753172 0.02647357
v 0.06189775 0.01751486 0.02614058
v 0.06585481 0.02255871 -0.00317975
v 0.06583044 0.02255404 -0.00296651
v 0.06607231 0.02274640 -0.00516463
v 0.06628940 0.02293919 -0.00714868
v 0.06652581 0.02289949 -0.00917038
v 0.06680258 0.02237467 -0.01127060
v 0.06488278 0.01616939 0.02622353
v 0.06470355 0.01761428 0.02696791
v 0.06620360 0.02261221 -0.00313411
v 0.06804170 0.02303415 -0.00490938
v 0.06801828 0.02301613 -0.00469690
v 0.06826141 0.02319536 -0.00689855
v 0.06849681 0.02316797 -0.00891825
v 0.06875478 0.02286913 -0.01098189
v 0.06683160 0.01670432 0.02651879
v 0.06670640 0.01777490 0.02700472
v 0.06708386 0.01647424 0.02446628
v 0.06851009 0.02308217 -0.00485216
v 0.07024266 0.02334047 -0.00666639
v 0.07007602 0.02326621 -0.00518444
v 0.07048901 0.02318135 -0.00870742
v 0.07072111 0.02319368 -0.01072069
v 0.07097909 0.02289472 -0.01278435
v 0.06785370 0.01789869 0.02682954
v 0.06823254 0.01824442 0.02488851
v 0.06906291 0.01851186 0.02366315
v 0.07222263 0.02350103 -0.00643174
v 0.07213969 0.02352594 -0.00572861
v 0.07246540 0.02338501 -0.00846578
v 0.07270363 0.02332345 -0.01049101
v 0.07293816 0.02330651 -0.01250902
v 0.07008220 0.01868495 0.02311762
v 0.07112938 0.01856914 0.02320748
v 0.07113054 0.01877806 0.02308108
v 0.07338200 0.02371747 -0.00627345
v 0.07444037 0.02360554 -0.00822142
v 0.07422731 0.02382471 -0.00650161
v 0.07467905 0.02353872 -0.01024750
v 0.07491611 0.02349134 -0.01227043
v 0.07515660 0.02340261 -0.01430006
v 0.07313108 0.01846836 0.02339983
v 0.07312975 0.01893274 0.02315267
v 0.07639764 0.02403902 -0.00794258
v 0.07632858 0.02414573 -0.00740501
v 0.07664691 0.02384489 -0.00998927
v 0.07689493 0.02366570 -0.01203354
v 0.07712189 0.02373965 -0.01403684
v 0.07513128 0.01838563 0.02359510
v 0.07512863 0.01908691 0.02322733
v 0.07837086 0.02428066 -0.00769479
v 0.07834554 0.02432934 -0.00750301
v 0.07861413 0.02415861 -0.00972982
v 0.07886657 0.02392632 -0.01178269
v 0.07910818 0.02382427 -0.01381447
v 0.07713971 0.01820407 0.02377438
v 0.07712235 0.01923265 0.02335134
v 0.07915278 0.02441069 -0.00759076
v 0.08058455 0.02443402 -0.00947657
v 0.08039356 0.02456356 -0.00789763
v 0.08083410 0.02423638 -0.01152383
v 0.08108943 0.02396931 -0.01358233
v 0.07915944 0.01788652 0.02393163
v 0.07913323 0.01940635 0.02331149
v 0.08256202 0.02462463 -0.00923705
v 0.08241015 0.02474659 -0.00799217
v 0.08281579 0.02437624 -0.01129252
v 0.08308407 0.02395353 -0.01337622
v 0.08118674 0.01747798 0.02407416
v 0.08117539 0.01963103 0.02297277
v 0.08431832 0.02467147 -0.00700553
v 0.08429027 0.02470720 -0.00678293
v 0.08384614 0.02471315 -0.00704785
v 0.08458052 0.02432182 -0.00907740
v 0.08483368 0.02408083 -0.01113168
v 0.08316028 0.01976239 0.02318116
v 0.08610266 0.02438130 -0.00482858
v 0.08603805 0.02445215 -0.00430951
v 0.08573402 0.02451349 -0.00484462
v 0.08636973 0.02397301 -0.00690994
v 0.08662685 0.02368453 -0.00897191
v 0.08518351 0.01995623 0.02302319
v 0.08747229 0.02347163 0.00127861
v 0.08734511 0.02347888 0.00237399
v 0.08724453 0.02364686 0.00128467
v 0.08706759 0.02395678 -0.00072065
v 0.08770284 0.02350244 -0.00073166
v 0.08660294 0.02424816 -0.00275925
v 0.08795280 0.02329996 -0.00277971
v 0.08822087 0.02287971 -0.00486301
v 0.08544815 0.01999653 0.02291024
v 0.08731575 0.01848873 0.02284852
v 0.08734007 0.02036735 0.02159165
v 0.08865442 0.02201345 0.00931227
v 0.08852425 0.02229715 0.01027947
v 0.08834288 0.02243235 0.00935113
v 0.08807836 0.02273663 0.00733567
v 0.08892211 0.02159772 0.00722971
v 0.08775171 0.02303690 0.00531304
v 0.08742041 0.02333687 0.00328986
v 0.08767667 0.02046147 0.02118317
v 0.08880280 0.02085537 0.01932858
v 0.08971162 0.01925443 0.01915061
v 0.08938518 0.02121422 0.01741110
v 0.08987823 0.02005408 0.01726480
v 0.08941939 0.02153775 0.01543021
v 0.09013110 0.01981661 0.01521109
v 0.08924110 0.02184759 0.01342473
v 0.08871267 0.02213486 0.01137875
v -0.04134760 0.01730566 -0.01529804
v -0.04242652 0.01758979 -0.01536251
v -0.04153678 0.01739681 -0.01371336
v -0.04112305 0.01740864 -0.01729663
v -0.04304948 0.01787096 -0.01741942
v -0.04096220 0.01827753 -0.01917123
v -0.04110595 0.01831754 -0.01917946
v -0.04095374 0.01834697 -0.01928305
v -0.03978072 0.01682718 -0.01113630
v -0.04056211 0.01706729 -0.01117714
v -0.03995085 0.01687800 -0.00969384
v -0.03953715 0.01670154 -0.01317191
v -0.04134818 0.01733796 -0.01325292
v -0.03929931 0.01664473 -0.01519637
v -0.03908308 0.01684773 -0.01717877
v -0.03891128 0.01758503 -0.01907468
v -0.03881009 0.01873704 -0.02059124
v -0.03841518 0.01596665 -0.00502116
v -0.03911782 0.01619639 -0.00505552
v -0.03859099 0.01599078 -0.00351478
v -0.03819281 0.01609581 -0.00701551
v -0.03940380 0.01649929 -0.00707345
v -0.03796459 0.01615469 -0.00902124
v -0.03974777 0.01679845 -0.00909809
v -0.03772625 0.01609191 -0.01104667
v -0.03748639 0.01601091 -0.01307505
v -0.03725786 0.01606601 -0.01508139
v -0.03705117 0.01638375 -0.01704522
v -0.03687938 0.01712116 -0.01894111
v -0.03826209 0.01882213 -0.02083534
v -0.03674810 0.01834556 -0.02075816
v -0.03666769 0.01912509 -0.02188757
v -0.03683998 0.01538813 -0.00087562
v -0.03766737 0.01564722 -0.00091803
v -0.03697552 0.01552010 0.00022262
v -0.03659723 0.01527234 -0.00290963
v -0.03841592 0.01592030 -0.00298947
v -0.03636304 0.01525942 -0.00492698
v -0.03613460 0.01531572 -0.00693313
v -0.03590843 0.01539926 -0.00893488
v -0.03568016 0.01545748 -0.01094071
v -0.03469638 0.01764343 -0.02066316
v -0.03571480 0.01930762 -0.02252553
v -0.03456950 0.01892077 -0.02247164
v -0.03452599 0.01951199 -0.02317720
v -0.03528435 0.01504495 0.00330802
v -0.03558036 0.01513907 0.00329309
v -0.03534206 0.01507876 0.00378808
v -0.03504343 0.01495116 0.00127757
v -0.03639343 0.01540799 0.00121418
v -0.03479683 0.01478901 -0.00076395
v -0.03454605 0.01457672 -0.00281358
v -0.03431626 0.01461673 -0.00482236
v -0.03266723 0.01721260 -0.02052424
v -0.03250929 0.01811647 -0.02239318
v -0.03252240 0.01983468 -0.02414110
v -0.03241626 0.01980077 -0.02413577
v -0.03241472 0.01984929 -0.02417604
v -0.03347983 0.01451214 0.00544569
v -0.03458319 0.01488201 0.00539329
v -0.03368430 0.01467700 0.00712147
v -0.03322595 0.01426246 0.00339001
v -0.03298558 0.01417524 0.00136062
v -0.03274467 0.01408156 -0.00066981
v -0.03037256 0.01919512 -0.02402516
v -0.03036291 0.02008971 -0.02460702
v -0.03167991 0.01403463 0.00759232
v -0.03349441 0.01463085 0.00750408
v -0.03194031 0.01441577 0.00963110
v -0.03143843 0.01393405 0.00556077
v -0.03119512 0.01381148 0.00352566
v -0.02833713 0.01868885 -0.02389845
v -0.02832517 0.02030719 -0.02490351
v -0.02989819 0.01377586 0.00977435
v -0.03190855 0.01441172 0.00967238
v -0.03013407 0.01425599 0.01154604
v -0.02963443 0.01340743 0.00769945
v -0.02939159 0.01329060 0.00566527
v -0.02631624 0.01835732 -0.02374346
v -0.02631500 0.02047973 -0.02493660
v -0.02813519 0.01374224 0.01199284
v -0.02978070 0.01422753 0.01190337
v -0.02831607 0.01411538 0.01334862
v -0.02784900 0.01310419 0.00987428
v -0.02430281 0.02065558 -0.02498901
v -0.02636923 0.01367303 0.01420557
v -0.02758884 0.01404746 0.01414177
v -0.02649212 0.01398445 0.01509446
v -0.02609051 0.01312480 0.01210155
v -0.02250494 0.02080157 -0.02496718
v -0.02229659 0.02076334 -0.02495189
v -0.02229810 0.02081923 -0.02497000
v -0.02433256 0.01315182 0.01432985
v -0.02460676 0.01395361 0.01625356
v -0.02405791 0.01265245 0.01223375
v -0.02027768 0.02045559 -0.02479305
v -0.02029610 0.02097848 -0.02492511
v -0.02260750 0.01357440 0.01662219
v -0.02416061 0.01394707 0.01652319
v -0.02271490 0.01393336 0.01735062
v -0.02230103 0.01269240 0.01446414
v -0.01828226 0.02043043 -0.02458845
v -0.01831436 0.02110469 -0.02468661
v -0.02056455 0.01297771 0.01673426
v -0.02080157 0.01394808 0.01824263
v -0.01624730 0.01992978 -0.02446084
v -0.01630882 0.02126970 -0.02467552
v -0.01888457 0.01394217 0.01911432
v -0.01894816 0.01396166 0.01911099
v -0.01888858 0.01396227 0.01913779
v -0.01430832 0.02142650 -0.02461632
v -0.01681959 0.01308057 0.01918351
v -0.01697497 0.01397746 0.02002711
v -0.01230679 0.02158496 -0.02456683
v -0.01504201 0.01402419 0.02073151
v -0.01031552 0.02172671 -0.02441942
v -0.01308209 0.01411485 0.02117843
v -0.00834134 0.02184061 -0.02410878
v -0.01113167 0.01419002 0.02171615
v -0.00634907 0.02198399 -0.02397087
v -0.00916148 0.01429742 0.02206491
v -0.00436477 0.02211439 -0.02375692
v -0.00718832 0.01440967 0.02238527
v -0.00240707 0.02220143 -0.02328880
v -0.00511393 0.01333487 0.02249192
v -0.00642457 0.01444741 0.02254452
v -0.00522599 0.01450426 0.02280917
v -0.00046350 0.02226544 -0.02268569
v -0.00325351 0.01461539 0.02313609
v 0.00151847 0.02202322 -0.02224396
v 0.00148145 0.02233171 -0.02209581
v 0.00088309 0.02230881 -0.02226175
v -0.00126607 0.01475089 0.02332012
v 0.00356987 0.02132490 -0.02214834
v 0.00342854 0.02240146 -0.02152631
v 0.00038247 0.01488609 0.02333193
v 0.00080462 0.01407326 0.02323746
v 0.00073905 0.01491521 0.02333524
v 0.00537085 0.02246342 -0.02091120
v 0.00273885 0.01507086 0.02340121
v 0.00727042 0.02245574 -0.01988782
v 0.00474921 0.01524373 0.02336621
v 0.00922795 0.02239210 -0.01933431
v 0.00920250 0.02250103 -0.01917496
v 0.00876063 0.02249515 -0.01936566
v 0.00675935 0.01541623 0.02333341
v 0.01125403 0.02199822 -0.01918942
v 0.01111867 0.02252040 -0.01831017
v 0.00877111 0.01559138 0.02328503
v 0.01331846 0.02114332 -0.01911915
v 0.01301154 0.02250179 -0.01722271
v 0.01078536 0.01577057 0.02321296
v 0.01478061 0.02192398 -0.01475358
v 0.01455062 0.02190663 -0.01275562
v 0.01407699 0.02219511 -0.01478098
v 0.01349709 0.02247907 -0.01683291
v 0.01502523 0.02178568 -0.01679123
v 0.01279921 0.01594912 0.02314469
v 0.01613486 0.02119920 -0.00861645
v 0.01606773 0.02127566 -0.00807864
v 0.01587733 0.02134717 -0.00861817
v 0.01544019 0.02164032 -0.01065359
v 0.01637292 0.02113988 -0.01064132
v 0.01455380 0.02190452 -0.01274097
v 0.01662014 0.02097026 -0.01268404
v 0.01685522 0.02094671 -0.01470312
v 0.01710116 0.02079254 -0.01674334
v 0.01438876 0.01611005 0.02296727
v 0.01484189 0.01586580 0.02297303
v 0.01483071 0.01615643 0.02290782
v 0.01794570 0.02059041 -0.00649108
v 0.01772448 0.02087227 -0.00473568
v 0.01673339 0.02108101 -0.00653429
v 0.01821052 0.02020923 -0.00856805
v 0.01845493 0.02007342 -0.01060530
v 0.01695198 0.01446182 0.02295441
v 0.01690241 0.01642926 0.02228686
v 0.01927692 0.02014255 -0.00030912
v 0.01919954 0.02017277 0.00034300
v 0.01903842 0.02026558 -0.00031310
v 0.01867229 0.02056331 -0.00234030
v 0.01950605 0.02019048 -0.00231663
v 0.01788074 0.02083363 -0.00441672
v 0.01974496 0.02012087 -0.00434316
v 0.02000308 0.01982026 -0.00640709
v 0.01896085 0.01668048 0.02179263
v 0.02109544 0.01944141 0.00180130
v 0.02087988 0.01980782 0.00346064
v 0.01979375 0.01999294 0.00175913
v 0.02134846 0.01920204 -0.00025272
v 0.02158269 0.01918864 -0.00227015
v 0.02181244 0.01922916 -0.00427886
v 0.02003190 0.01679504 0.02163519
v 0.02099730 0.01655921 0.02169602
v 0.02099969 0.01689975 0.02148561
v 0.02287047 0.01926310 0.00399636
v 0.02265448 0.01959647 0.00567786
v 0.02124400 0.01976507 0.00391174
v 0.02314685 0.01874297 0.00189689
v 0.02303468 0.01602944 0.02181892
v 0.02304782 0.01713416 0.02108987
v 0.02439354 0.01931137 0.00824337
v 0.02438770 0.01931769 0.00829039
v 0.02435772 0.01932309 0.00824162
v 0.02304408 0.01955976 0.00610481
v 0.02463893 0.01916385 0.00620422
v 0.02490930 0.01871590 0.00411644
v 0.02505636 0.01568851 0.02197239
v 0.02508507 0.01735084 0.02079810
v 0.02618465 0.01893973 0.01040714
v 0.02608018 0.01897253 0.01129201
v 0.02572365 0.01908979 0.01038448
v 0.02643152 0.01877446 0.00836512
v 0.02669111 0.01845614 0.00629832
v 0.02630541 0.01752066 0.02037603
v 0.02714819 0.01730698 0.02042780
v 0.02729057 0.01784170 0.01889905
v 0.02774913 0.01849018 0.01457355
v 0.02768587 0.01848591 0.01512283
v 0.02725028 0.01854553 0.01453077
v 0.02665024 0.01882818 0.01247651
v 0.02797730 0.01854962 0.01256791
v 0.02821768 0.01846235 0.01053852
v 0.02845261 0.01844049 0.00851972
v 0.02872550 0.01796232 0.00642704
v 0.02918463 0.01678849 0.02055253
v 0.02768955 0.01793119 0.01855129
v 0.02933569 0.01777508 0.01869698
v 0.02917083 0.01834797 0.01673779
v 0.02952327 0.01832265 0.01677036
v 0.02975584 0.01832917 0.01475615
v 0.02999444 0.01826329 0.01273022
v 0.03023535 0.01816957 0.01069978
v 0.03049437 0.01785811 0.00863410
v 0.03123125 0.01614763 0.02065744
v 0.03135462 0.01746723 0.01885581
v 0.03152568 0.01821334 0.01696133
v 0.03176002 0.01819867 0.01494369
v 0.03200152 0.01809787 0.01291211
v 0.03224098 0.01802161 0.01088450
v 0.03338720 0.01699512 0.01898804
v 0.03354241 0.01793181 0.01712442
v 0.03376723 0.01803168 0.01512532
v 0.03400454 0.01798123 0.01310189
v 0.03424017 0.01795101 0.01108173
v 0.03555404 0.01771175 0.01729746
v 0.03577302 0.01788169 0.01530970
v 0.03599820 0.01797715 0.01330989
v 0.03622103 0.01810087 0.01131466
v 0.03755085 0.01766981 0.01749933
v 0.03774840 0.01809743 0.01555329
v 0.03796029 0.01835260 0.01357934
v 0.03816906 0.01864538 0.01161147
v 0.03842227 0.01840375 0.00955709
v 0.03953018 0.01783802 0.01773523
v 0.03971661 0.01839928 0.01581082
v 0.03991271 0.01884443 0.01386762
v 0.04012047 0.01914928 0.01190171
v 0.04036686 0.01898964 0.00986060
v 0.04150418 0.01807025 0.01798149
v 0.04168053 0.01875284 0.01607673
v 0.04187074 0.01926877 0.01414498
v 0.04208464 0.01949975 0.01216711
v 0.04232534 0.01940861 0.01013709
v 0.04258664 0.01906978 0.00806698
v 0.04347673 0.01832001 0.01823058
v 0.04365518 0.01897725 0.01632172
v 0.04383801 0.01958187 0.01440434
v 0.04404805 0.01985945 0.01243401
v 0.04428890 0.01976642 0.01040368
v 0.04454449 0.01949621 0.00834467
v 0.04531081 0.01743173 0.02031071
v 0.04543862 0.01869789 0.01850042
v 0.04561849 0.01933817 0.01658881
v 0.04580712 0.01987304 0.01466014
v 0.04601868 0.02013217 0.01268682
v 0.04625465 0.02009796 0.01066602
v 0.04649993 0.01995170 0.00862708
v 0.04676056 0.01962091 0.00655826
v 0.04726345 0.01792087 0.02059856
v 0.04740620 0.01900739 0.01875919
v 0.04757426 0.01978963 0.01687056
v 0.04778058 0.02011183 0.01490746
v 0.04798707 0.02043192 0.01294401
v 0.04821504 0.02049382 0.01093877
v 0.04845446 0.02041813 0.00891125
v 0.04871172 0.02012783 0.00684899
v 0.04908392 0.01719630 0.02270519
v 0.04921685 0.01840092 0.02088494
v 0.04936276 0.01944939 0.01903941
v 0.04949368 0.01988846 0.01766305
v 0.04841452 0.01990945 0.01697896
v 0.04853170 0.02023833 0.01500767
v 0.04876267 0.02057454 0.01304953
v 0.05017735 0.02086665 0.01120779
v 0.05007617 0.02083772 0.01209864
v 0.05041401 0.02082412 0.00918564
v 0.05067011 0.02054777 0.00712564
v 0.05093141 0.02020891 0.00505552
v 0.05102430 0.01783277 0.02301689
v 0.05116423 0.01895324 0.02118302
v 0.05125889 0.01966182 0.01996991
v 0.05030984 0.01971027 0.01918306
v 0.05122147 0.02105432 0.01134911
v 0.05237788 0.02117824 0.00945163
v 0.05221069 0.02121292 0.01087760
v 0.05262867 0.02096570 0.00740196
v 0.05289581 0.02055661 0.00532047
v 0.05295780 0.01855206 0.02334200
v 0.05311779 0.01943127 0.02146907
v 0.05316235 0.01966048 0.02095613
v 0.05434949 0.02143919 0.00970254
v 0.05427658 0.02147628 0.01031221
v 0.05460022 0.02122744 0.00765300
v 0.05485625 0.02095204 0.00559315
v 0.05480845 0.01935753 0.02367314
v 0.05487810 0.01935322 0.02373556
v 0.05408687 0.01963236 0.02160482
v 0.05632425 0.02166240 0.00994734
v 0.05630550 0.02167938 0.01009999
v 0.05656574 0.02156179 0.00791579
v 0.05681940 0.02131475 0.00586053
v 0.05709298 0.02082824 0.00376651
v 0.05684004 0.01944717 0.02416322
v 0.05659768 0.02172211 0.00998615
v 0.05852650 0.02195319 0.00818782
v 0.05841704 0.02201714 0.00909844
v 0.05878045 0.02170275 0.00613201
v 0.05904108 0.02137200 0.00406320
v 0.05873239 0.01942772 0.02525557
v 0.06017505 0.02227398 0.00841511
v 0.06074371 0.02206419 0.00639919
v 0.06050526 0.02231688 0.00831975
v 0.06099866 0.02180165 0.00434142
v 0.06124269 0.02167047 0.00230492
v 0.06065116 0.01911475 0.02628302
v 0.06046245 0.01940058 0.02631203
v 0.06061994 0.01940045 0.02639377
v 0.06270084 0.02249927 0.00667829
v 0.06258950 0.02261013 0.00757909
v 0.06294562 0.02235903 0.00464032
v 0.06318835 0.02224349 0.00260635
v 0.06342960 0.02214572 0.00057526
v 0.06366351 0.02213613 -0.00144156
v 0.06256139 0.01946101 0.02701708
v 0.06408875 0.02284752 0.00688298
v 0.06489940 0.02283453 0.00492596
v 0.06470505 0.02295442 0.00653930
v 0.06513779 0.02277111 0.00290043
v 0.06538100 0.02264976 0.00086552
v 0.06562323 0.02254014 -0.00116749
v 0.06457231 0.01963478 0.02697683
v 0.06500353 0.02032318 0.02286545
v 0.06499864 0.02032955 0.02290418
v 0.06498246 0.02033452 0.02286518
v 0.06500945 0.02034717 0.02280091
v 0.06686808 0.02313076 0.00518258
v 0.06670787 0.02311500 0.00657635
v 0.06709621 0.02319073 0.00317702
v 0.06733702 0.02309828 0.00114679
v 0.06758409 0.02293041 -0.00089565
v 0.06782086 0.02288654 -0.00291801
v 0.06591159 0.01975175 0.02694236
v 0.06660284 0.01945486 0.02696407
v 0.06669805 0.02012376 0.02504848
v 0.06678451 0.02007341 0.02504894
v 0.06706189 0.01954125 0.02294753
v 0.06717894 0.02077936 0.02124584
v 0.06862852 0.02312789 0.00740604
v 0.06862010 0.02312793 0.00747886
v 0.06835983 0.02312277 0.00737704
v 0.06885178 0.02324644 0.00540997
v 0.06906597 0.02347396 0.00343154
v 0.06930167 0.02344291 0.00141125
v 0.06954612 0.02330670 -0.00062607
v 0.06978175 0.02327650 -0.00264622
v 0.07001735 0.02324662 -0.00466632
v 0.06910878 0.01889720 0.02305193
v 0.06742186 0.02081305 0.02116250
v 0.06919139 0.02070673 0.02132961
v 0.06922335 0.02100770 0.02088565
v 0.06890817 0.02315811 0.00744047
v 0.07082655 0.02346952 0.00565475
v 0.07068391 0.02338790 0.00693328
v 0.07104213 0.02368036 0.00367362
v 0.07125880 0.02387812 0.00169037
v 0.07149803 0.02380459 -0.00033680
v 0.07173643 0.02374103 -0.00236235
v 0.07197967 0.02361938 -0.00439731
v 0.07107478 0.02104846 0.02158506
v 0.07115430 0.02105116 0.02160925
v 0.07280746 0.02361871 0.00588757
v 0.07268294 0.02354231 0.00700654
v 0.07301571 0.02391769 0.00392070
v 0.07322422 0.02421351 0.00195333
v 0.07344816 0.02432392 -0.00004406
v 0.07368181 0.02431753 -0.00206036
v 0.07392715 0.02417053 -0.00409942
v 0.07418513 0.02387163 -0.00616308
v 0.07125403 0.02106001 0.02160579
v 0.07315238 0.02101518 0.02179687
v 0.07317348 0.02123839 0.02149008
v 0.07351503 0.02377632 0.00598853
v 0.07452386 0.02416266 0.00412037
v 0.07516368 0.02452521 0.00220953
v 0.07541914 0.02459255 0.00020809
v 0.07519370 0.02453064 0.00219144
v 0.07564483 0.02468179 -0.00179273
v 0.07587740 0.02468834 -0.00380693
v 0.07613462 0.02439861 -0.00586910
v 0.07514168 0.02106349 0.02201335
v 0.07516645 0.02138291 0.02162130
v 0.07738597 0.02491100 0.00046831
v 0.07731691 0.02488741 0.00107845
v 0.07761716 0.02493411 -0.00154321
v 0.07784171 0.02503719 -0.00354179
v 0.07809555 0.02478807 -0.00559739
v 0.07713001 0.02112355 0.02223174
v 0.07714744 0.02150791 0.02186691
v 0.07794276 0.02502563 0.00054615
v 0.07956947 0.02542731 -0.00125471
v 0.07954401 0.02541347 -0.00102692
v 0.07981134 0.02532202 -0.00328702
v 0.08006149 0.02511717 -0.00533544
v 0.08033623 0.02461684 -0.00743171
v 0.07913194 0.02102003 0.02242365
v 0.07914614 0.02166176 0.02194337
v 0.07995328 0.02547653 -0.00120613
v 0.08177323 0.02569987 -0.00301718
v 0.08161864 0.02569108 -0.00167587
v 0.08203787 0.02532094 -0.00509379
v 0.08231077 0.02484258 -0.00718650
v 0.08118858 0.02025863 0.02250905
v 0.08116014 0.02184056 0.02187361
v 0.08354333 0.02558096 -0.00081250
v 0.08336743 0.02543767 0.00078791
v 0.08253156 0.02564268 -0.00090789
v 0.08378231 0.02551043 -0.00283919
v 0.08405131 0.02507898 -0.00492430
v 0.08316660 0.02044267 0.02274751
v 0.08317720 0.02202434 0.02177470
v 0.08512235 0.02495652 0.00332560
v 0.08500495 0.02500294 0.00431462
v 0.08465065 0.02513660 0.00330694
v 0.08342084 0.02537867 0.00117983
v 0.08536581 0.02483215 0.00129020
v 0.08559745 0.02484992 -0.00072219
v 0.08584085 0.02472634 -0.00275746
v 0.08518609 0.02012795 0.02290522
v 0.08522666 0.02226092 0.02136625
v 0.08670713 0.02426277 0.00745249
v 0.08656257 0.02443799 0.00860459
v 0.08628003 0.02459896 0.00746513
v 0.08535453 0.02486064 0.00537322
v 0.08697505 0.02384444 0.00536950
v 0.08723525 0.02351877 0.00330151
v 0.08545571 0.02229656 0.02126373
v 0.08734982 0.02088197 0.02122069
v 0.08740812 0.02271261 0.01969685
v 0.08807816 0.02333624 0.01355695
v 0.08794439 0.02358655 0.01457394
v 0.08775325 0.02372992 0.01359010
v 0.08727755 0.02402059 0.01155022
v 0.08836809 0.02265325 0.01143112
v 0.08678060 0.02430989 0.00950788
v 0.08754769 0.02275270 0.01952087
v 0.08807236 0.02310784 0.01759671
v 0.08814937 0.02343413 0.01562077
v -0.04768322 0.01877895 -0.01367026
v -0.04804091 0.01888487 -0.01368963
v -0.04774300 0.01882719 -0.01318029
v -0.04743958 0.01865242 -0.01570601
v -0.04899156 0.01914493 -0.01578445
v -0.04722839 0.01891613 -0.01767858
v -0.04908301 0.01946036 -0.01777988
v -0.04707735 0.01990296 -0.01953409
v -0.04710232 0.01990933 -0.01953562
v -0.04707617 0.01991389 -0.01955039
v -0.04611992 0.01834361 -0.00950154
v -0.04619217 0.01836136 -0.00950608
v -0.04613306 0.01834750 -0.00939010
v -0.04588987 0.01838048 -0.01151084
v -0.04690705 0.01863661 -0.01157362
v -0.04564537 0.01824356 -0.01354827
v -0.04540992 0.01821550 -0.01556808
v -0.04518805 0.01835083 -0.01756143
v -0.04502404 0.01918164 -0.01944220
v -0.04491102 0.02033900 -0.02106397
v -0.04432150 0.01788412 -0.00735200
v -0.04517257 0.01810574 -0.00740328
v -0.04451636 0.01787885 -0.00566457
v -0.04408469 0.01783964 -0.00937446
v -0.04385067 0.01782884 -0.01139148
v -0.04361264 0.01776975 -0.01341631
v -0.04338381 0.01782131 -0.01542323
v -0.04315731 0.01790093 -0.01742560
v -0.04299881 0.01879803 -0.01929564
v -0.04457621 0.02039344 -0.02122826
v -0.04286535 0.01999622 -0.02111693
v -0.04280157 0.02067335 -0.02204551
v -0.04275131 0.01736578 -0.00319672
v -0.04348157 0.01757207 -0.00323797
v -0.04289587 0.01741635 -0.00197517
v -0.04251810 0.01736471 -0.00521216
v -0.04436938 0.01783618 -0.00532552
v -0.04229148 0.01744289 -0.00721477
v -0.04205834 0.01744253 -0.00923009
v -0.04182594 0.01745119 -0.01124395
v -0.04158941 0.01741018 -0.01326585
v -0.04082925 0.01948193 -0.02099152
v -0.04097419 0.02094690 -0.02279644
v -0.04071212 0.02087641 -0.02278103
v -0.04070346 0.02098921 -0.02291870
v -0.04093847 0.01673294 -0.00107524
v -0.04257655 0.01730907 -0.00114843
v -0.04118671 0.01709836 0.00086718
v -0.04070322 0.01670728 -0.00309466
v -0.04046996 0.01670555 -0.00511020
v -0.04024637 0.01682011 -0.00710692
v -0.04001976 0.01689839 -0.00910951
v -0.03879078 0.01893908 -0.02087074
v -0.03867152 0.02030798 -0.02266439
v -0.03860937 0.02129852 -0.02375348
v -0.03939236 0.01650421 0.00312693
v -0.04017371 0.01682127 0.00309922
v -0.03954806 0.01666546 0.00438310
v -0.03913870 0.01625719 0.00107167
v -0.04110771 0.01708241 0.00100633
v -0.03888980 0.01606746 -0.00097431
v -0.03865232 0.01601502 -0.00299806
v -0.03662447 0.01966199 -0.02256031
v -0.03655510 0.02154294 -0.02420788
v -0.03782293 0.01599508 0.00728370
v -0.03859703 0.01628023 0.00725131
v -0.03793892 0.01618447 0.00818093
v -0.03758254 0.01590763 0.00525428
v -0.03918114 0.01656391 0.00519889
v -0.03733415 0.01572401 0.00320929
v -0.03709296 0.01562700 0.00117832
v -0.03449018 0.02076990 -0.02418755
v -0.03641166 0.02156226 -0.02425352
v -0.03448530 0.02181267 -0.02481066
v -0.03603731 0.01568954 0.00945816
v -0.03701735 0.01606071 0.00941889
v -0.03616875 0.01596591 0.01044047
v -0.03577589 0.01534925 0.00738781
v -0.03553078 0.01520507 0.00534920
v -0.03243315 0.02205363 -0.02524480
v -0.03427791 0.01569920 0.01168366
v -0.03490414 0.01587557 0.01164819
v -0.03434158 0.01584024 0.01215546
v -0.03399382 0.01508627 0.00956917
v -0.03372985 0.01471538 0.00749386
v -0.03040469 0.02225599 -0.02545264
v -0.03251475 0.01566357 0.01390182
v -0.03262761 0.01570096 0.01389638
v -0.03252543 0.01569661 0.01397573
v -0.03222078 0.01493197 0.01176812
v -0.03194534 0.01442310 0.00967047
v -0.02972828 0.02231429 -0.02546527
v -0.02837910 0.02199628 -0.02537828
v -0.02839050 0.02243510 -0.02552421
v -0.03046590 0.01499594 0.01400240
v -0.03066219 0.01562971 0.01534626
v -0.03017798 0.01433708 0.01188047
v -0.02637352 0.02184890 -0.02519348
v -0.02639615 0.02258187 -0.02540622
v -0.02874178 0.01542977 0.01629656
v -0.02924701 0.01559750 0.01627229
v -0.02878403 0.01558713 0.01657419
v -0.02841678 0.01432505 0.01410246
v -0.02433062 0.02125278 -0.02508132
v -0.02438681 0.02275306 -0.02543140
v -0.02668138 0.01462326 0.01637466
v -0.02690759 0.01554175 0.01781854
v -0.02239414 0.02289710 -0.02529739
v -0.02498882 0.01543660 0.01873026
v -0.02530792 0.01553003 0.01871280
v -0.02501043 0.01553013 0.01886498
v -0.02464367 0.01408960 0.01649693
v -0.02039465 0.02305224 -0.02522844
v -0.02295419 0.01493988 0.01885851
v -0.02308583 0.01556324 0.01964926
v -0.01841292 0.02317845 -0.02498994
v -0.02092420 0.01449903 0.01899581
v -0.02115014 0.01561441 0.02032765
v -0.01643690 0.02329534 -0.02469678
v -0.01919450 0.01569810 0.02081542
v -0.01445049 0.02342917 -0.02450293
v -0.01724548 0.01577100 0.02136639
v -0.01246555 0.02356062 -0.02429512
v -0.01528588 0.01586114 0.02181639
v -0.01049168 0.02367401 -0.02398147
v -0.01327814 0.01563050 0.02202890
v -0.01480754 0.01588540 0.02191229
v -0.01332063 0.01596049 0.02221237
v -0.00849283 0.02382812 -0.02390647
v -0.01127075 0.01546127 0.02221017
v -0.01133907 0.01608642 0.02245252
v -0.00652445 0.02393256 -0.02354032
v -0.00925946 0.01524521 0.02238386
v -0.00936078 0.01620702 0.02272393
v -0.00456810 0.02401741 -0.02305938
v -0.00724233 0.01495898 0.02254619
v -0.00738029 0.01633120 0.02297432
v -0.00263094 0.02407097 -0.02239500
v -0.00540675 0.01644406 0.02329112
v -0.00053922 0.02279709 -0.02232734
v -0.00070516 0.02410600 -0.02162202
v -0.00245409 0.02407197 -0.02231030
v -0.00341451 0.01658738 0.02342934
v 0.00123252 0.02416042 -0.02096264
v -0.00141228 0.01674699 0.02347204
v 0.00316873 0.02421244 -0.02028927
v -0.00133286 0.01675377 0.02347098
v 0.00059796 0.01691967 0.02343821
v 0.00509196 0.02418782 -0.01946094
v 0.00508238 0.02422769 -0.01940031
v 0.00498288 0.02422992 -0.01946518
v 0.00260943 0.01709434 0.02339265
v 0.00718456 0.02299413 -0.01944552
v 0.00693737 0.02414735 -0.01795104
v 0.00462717 0.01727923 0.02328719
v 0.00887979 0.02377536 -0.01709512
v 0.00872837 0.02396274 -0.01589052
v 0.00798676 0.02410218 -0.01713285
v 0.00664088 0.01745754 0.02322027
v 0.01044772 0.02328420 -0.01293544
v 0.01028168 0.02339077 -0.01155940
v 0.00982236 0.02357782 -0.01295081
v 0.00922876 0.02386089 -0.01500433
v 0.01067597 0.02334275 -0.01494122
v 0.01092127 0.02319634 -0.01698019
v 0.00865887 0.01764284 0.02311242
v 0.01200467 0.02292518 -0.00875436
v 0.01193491 0.02298164 -0.00818277
v 0.01161949 0.02305099 -0.00877322
v 0.01059339 0.02330619 -0.01087677
v 0.01225328 0.02273894 -0.01079978
v 0.01250117 0.02256128 -0.01284380
v 0.01272751 0.02264281 -0.01484587
v 0.01295901 0.02266228 -0.01685798
v 0.01068184 0.01783624 0.02295710
v 0.01380402 0.02245457 -0.00660662
v 0.01363521 0.02264921 -0.00525577
v 0.01282989 0.02280767 -0.00664836
v 0.01405927 0.02218841 -0.00866497
v 0.01429721 0.02213038 -0.01068963
v 0.01454897 0.02190625 -0.01274118
v 0.01096898 0.01786788 0.02290915
v 0.01276626 0.01685547 0.02292458
v 0.01272890 0.01806892 0.02257149
v 0.01536231 0.02207929 -0.00242818
v 0.01523823 0.02215825 -0.00139952
v 0.01487520 0.02229683 -0.00244206
v 0.01395183 0.02255865 -0.00453372
v 0.01561714 0.02181830 -0.00448570
v 0.01588307 0.02142377 -0.00656483
v 0.01480561 0.01834991 0.02190274
v 0.01695034 0.02134659 0.00169240
v 0.01677116 0.02155306 0.00312635
v 0.01621711 0.02174066 0.00168287
v 0.01552691 0.02201751 -0.00038182
v 0.01719702 0.02118350 -0.00034927
v 0.01743692 0.02110198 -0.00237773
v 0.01768626 0.02090691 -0.00442458
v 0.01593244 0.01850908 0.02149845
v 0.01689767 0.01791776 0.02149862
v 0.01691224 0.01867965 0.02094819
v 0.01851485 0.02089665 0.00585875
v 0.01839023 0.02108826 0.00682929
v 0.01795255 0.02120986 0.00585332
v 0.01708417 0.02147522 0.00376802
v 0.01876786 0.02065742 0.00380476
v 0.01903310 0.02027124 0.00172698
v 0.01896310 0.01705076 0.02156693
v 0.01900720 0.01899038 0.02010507
v 0.02030502 0.02053629 0.00802434
v 0.02008219 0.02074223 0.00983598
v 0.01918506 0.02096796 0.00798074
v 0.02055998 0.02027370 0.00596657
v 0.02082496 0.01989058 0.00388928
v 0.01961503 0.01906772 0.01993959
v 0.02104977 0.01873125 0.02003238
v 0.02087182 0.01947004 0.01810012
v 0.02122935 0.01937485 0.01812131
v 0.02132998 0.01967238 0.01708561
v 0.02164655 0.01996442 0.01418622
v 0.02150117 0.01995135 0.01545037
v 0.02112850 0.02012923 0.01416011
v 0.02070248 0.02042310 0.01212598
v 0.02187487 0.02002209 0.01218029
v 0.02022918 0.02071392 0.01008637
v 0.02210001 0.02011806 0.01018056
v 0.02234535 0.01997106 0.00814150
v 0.02260375 0.01966709 0.00607703
v 0.02308115 0.01827356 0.02016695
v 0.02325548 0.01898041 0.01826612
v 0.02174135 0.01984740 0.01621585
v 0.02345283 0.01941046 0.01632047
v 0.02368626 0.01940668 0.01430459
v 0.02390912 0.01953001 0.01230930
v 0.02413325 0.01963813 0.01031154
v 0.02510575 0.01789754 0.02031474
v 0.02528249 0.01857537 0.01840921
v 0.02548378 0.01895802 0.01645589
v 0.02572606 0.01884784 0.01442279
v 0.02594467 0.01902225 0.01243576
v 0.02732510 0.01798270 0.01852193
v 0.02751259 0.01853129 0.01659547
v 0.04954325 0.02008218 0.01712659
v 0.04974318 0.02048120 0.01517592
v 0.04994888 0.02081085 0.01321402
v 0.05130629 0.02004809 0.01934500
v 0.05149914 0.02053223 0.01740811
v 0.05170634 0.02084378 0.01544328
v 0.05191237 0.02116953 0.01348075
v 0.05214078 0.02122607 0.01147464
v 0.05327462 0.02034852 0.01960230
v 0.05346629 0.02084685 0.01766771
v 0.05366802 0.02122430 0.01571355
v 0.05388101 0.02146619 0.01373744
v 0.05410726 0.02154877 0.01173555
v 0.05488099 0.01939523 0.02368717
v 0.05507001 0.01992546 0.02175774
v 0.05524270 0.02065194 0.01986008
v 0.05542876 0.02121773 0.01793641
v 0.05562838 0.02162058 0.01598637
v 0.05584188 0.02185645 0.01400929
v 0.05607428 0.02186500 0.01199541
v 0.05685617 0.01961340 0.02393115
v 0.05703844 0.02022478 0.02201486
v 0.05721094 0.02095354 0.02011757
v 0.05739618 0.02152914 0.01819549
v 0.05759044 0.02199635 0.01625586
v 0.05779393 0.02235265 0.01429828
v 0.05802818 0.02233899 0.01228080
v 0.05828095 0.02210275 0.01022729
v 0.05878990 0.02032984 0.02425580
v 0.05899462 0.02067131 0.02229581
v 0.05918931 0.02113329 0.02035534
v 0.05937421 0.02171304 0.01843393
v 0.05956383 0.02223604 0.01650333
v 0.05975117 0.02278642 0.01457717
v 0.05998461 0.02278259 0.01256128
v 0.06023588 0.02256424 0.01051067
v 0.06048820 0.02233338 0.00845803
v 0.06061553 0.01954320 0.02635238
v 0.06072306 0.02105315 0.02458156
v 0.06094751 0.02115734 0.02258316
v 0.06116480 0.02134767 0.02059871
v 0.06135342 0.02188266 0.01867005
v 0.06154357 0.02239934 0.01673843
v 0.06174136 0.02282402 0.01479192
v 0.06195780 0.02302460 0.01280913
v 0.06220151 0.02289721 0.01077324
v 0.06245044 0.02270714 0.00872720
v 0.06256270 0.02009810 0.02665088
v 0.06270970 0.02113355 0.02480324
v 0.06294414 0.02111760 0.02278539
v 0.06315910 0.02133594 0.02080547
v 0.06334180 0.02194212 0.01888834
v 0.06352324 0.02256349 0.01697367
v 0.06372493 0.02294127 0.01501956
v 0.06393908 0.02316934 0.01304122
v 0.06418076 0.02306635 0.01100928
v 0.06441661 0.02303348 0.00898870
v 0.06465458 0.02297518 0.00696399
v 0.06457259 0.01989882 0.02682728
v 0.06474075 0.02067990 0.02493846
v 0.06518402 0.02095592 0.02095262
v 0.06533436 0.02195125 0.01909849
v 0.06550765 0.02267053 0.01719966
v 0.06570469 0.02310437 0.01525463
v 0.06592298 0.02328257 0.01326822
v 0.06616543 0.02317041 0.01123479
v 0.06640326 0.02311370 0.00921035
v 0.06663673 0.02310946 0.00719440
v 0.06718692 0.02084086 0.02114265
v 0.06732804 0.02194698 0.01930646
v 0.06748732 0.02283467 0.01743490
v 0.06767938 0.02332835 0.01549956
v 0.06790078 0.02346918 0.01350709
v 0.06813926 0.02340472 0.01148139
v 0.06838362 0.02326959 0.00944425
v 0.06930457 0.02214875 0.01954779
v 0.06944661 0.02324388 0.01770981
v 0.06963898 0.02373374 0.01577385
v 0.06986135 0.02386301 0.01377951
v 0.07009895 0.02380905 0.01175551
v 0.07035882 0.02348740 0.00968817
v 0.07060223 0.02336366 0.00765288
v 0.07115468 0.02106785 0.02159673
v 0.07126653 0.02252581 0.01981749
v 0.07141728 0.02351620 0.01796256
v 0.07151652 0.02387581 0.01690432
v 0.07064569 0.02396301 0.01591834
v 0.07155711 0.02434307 0.01403892
v 0.07205374 0.02427241 0.01203919
v 0.07184051 0.02440381 0.01380933
v 0.07232342 0.02383274 0.00995275
v 0.07258189 0.02352789 0.00788813
v 0.07324384 0.02271833 0.02005732
v 0.07339394 0.02371655 0.01820366
v 0.07346593 0.02394936 0.01745157
v 0.07401669 0.02463750 0.01230696
v 0.07389013 0.02464065 0.01339931
v 0.07427240 0.02436589 0.01024772
v 0.07453210 0.02404623 0.00818071
v 0.07475838 0.02412849 0.00617876
v 0.07498126 0.02425160 0.00418342
v 0.07519124 0.02452979 0.00221320
v 0.07522782 0.02283065 0.02028417
v 0.07536683 0.02394383 0.01846232
v 0.07528388 0.02394059 0.01843972
v 0.07495105 0.02488311 0.01244667
v 0.07620766 0.02506401 0.01056940
v 0.07607915 0.02510467 0.01165768
v 0.07644564 0.02500547 0.00854466
v 0.07670303 0.02471367 0.00648216
v 0.07693988 0.02466884 0.00445964
v 0.07715788 0.02485056 0.00247379
v 0.07720539 0.02302001 0.02052349
v 0.07729185 0.02397761 0.01924262
v 0.07721474 0.02535032 0.01072367
v 0.07838107 0.02570160 0.00886602
v 0.07833588 0.02567903 0.00926918
v 0.07863254 0.02548084 0.00681502
v 0.07888172 0.02528773 0.00476849
v 0.07911870 0.02524128 0.00274571
v 0.07934461 0.02532799 0.00074448
v 0.07918282 0.02321112 0.02076309
v 0.07921893 0.02401477 0.02000317
v 0.07916858 0.02579756 0.00896483
v 0.08059564 0.02584424 0.00708251
v 0.08039003 0.02592325 0.00881595
v 0.08084730 0.02562133 0.00503116
v 0.08108081 0.02561660 0.00301513
v 0.08132359 0.02550041 0.00098106
v 0.08154193 0.02567812 -0.00100544
v 0.08117555 0.02321822 0.02097291
v 0.08119971 0.02413942 0.02025081
v 0.08235559 0.02584729 0.00930694
v 0.08227772 0.02589620 0.00995288
v 0.08095654 0.02591278 0.00917165
v 0.08259594 0.02576031 0.00727759
v 0.08284851 0.02552644 0.00522446
v 0.08307322 0.02562752 0.00322556
v 0.08332529 0.02539963 0.00117341
v 0.08319617 0.02288994 0.02112843
v 0.08324209 0.02436446 0.01990999
v 0.08437631 0.02551788 0.00946227
v 0.08414149 0.02583018 0.01131821
v 0.08461623 0.02543609 0.00743377
v 0.08488108 0.02505448 0.00535672
v 0.08523105 0.02239028 0.02125620
v 0.08459162 0.02454042 0.01951640
v 0.08530658 0.02428498 0.01954767
v 0.08535312 0.02470139 0.01891333
v 0.08590507 0.02549775 0.01369821
v 0.08586845 0.02554118 0.01399059
v 0.08571370 0.02557671 0.01369164
v 0.08431232 0.02580772 0.01154469
v 0.08617734 0.02502695 0.01160673
v 0.08645142 0.02453443 0.00951173
v 0.08741419 0.02291090 0.01953389
v 0.08640735 0.02497876 0.01774159
v 0.08756811 0.02386310 0.01767277
v 0.08640718 0.02530008 0.01575672
v 0.08779603 0.02392559 0.01566762
v -0.05357451 0.02051572 -0.01603036
v -0.05439067 0.02077520 -0.01607153
v -0.05371607 0.02063751 -0.01487442
v -0.05335932 0.02073124 -0.01801073
v -0.05449270 0.02108995 -0.01806818
v -0.05324577 0.02140394 -0.01936710
v -0.05177829 0.02008271 -0.01387652
v -0.05318929 0.02053130 -0.01394770
v -0.05199127 0.02034501 -0.01218147
v -0.05152929 0.01989167 -0.01592272
v -0.05130529 0.02000127 -0.01792024
v -0.05275897 0.02152301 -0.01985248
v -0.05115188 0.02095972 -0.01978034
v -0.05106967 0.02184690 -0.02098533
v -0.05045516 0.01973203 -0.00767884
v -0.05047998 0.01974193 -0.00767975
v -0.05046010 0.01973697 -0.00763888
v -0.05020688 0.01954971 -0.00972362
v -0.05119319 0.02001729 -0.00974710
v -0.04996969 0.01950074 -0.01174681
v -0.05182512 0.02029789 -0.01180505
v -0.04972234 0.01932971 -0.01378976
v -0.04948547 0.01928450 -0.01581235
v -0.04927027 0.01949995 -0.01779273
v -0.04910228 0.02028305 -0.01968122
v -0.05010570 0.02201532 -0.02153041
v -0.04898313 0.02165333 -0.02147465
v -0.04894619 0.02220411 -0.02210090
v -0.04865023 0.01919433 -0.00554196
v -0.04943484 0.01948796 -0.00557400
v -0.04878870 0.01935744 -0.00443579
v -0.04839666 0.01894833 -0.00759704
v -0.04815738 0.01887429 -0.00962430
v -0.04792479 0.01888068 -0.01163853
v -0.04693967 0.02105047 -0.02136359
v -0.04685004 0.02251677 -0.02295532
v -0.04709183 0.01881777 -0.00136372
v -0.04750882 0.01896943 -0.00138150
v -0.04717466 0.01888443 -0.00068476
v -0.04684126 0.01860799 -0.00341295
v -0.04829116 0.01924034 -0.00345685
v -0.04659646 0.01846750 -0.00545096
v -0.04636037 0.01843177 -0.00747200
v -0.04489658 0.02045205 -0.02125180
v -0.04654966 0.02256581 -0.02310392
v -0.04478340 0.02189411 -0.02303361
v -0.04473520 0.02285991 -0.02398839
v -0.04528962 0.01831277 0.00077845
v -0.04648317 0.01871421 0.00072199
v -0.04549439 0.01851936 0.00243357
v -0.04503677 0.01807541 -0.00127524
v -0.04479071 0.01791987 -0.00331568
v -0.04455423 0.01787937 -0.00533750
v -0.04274478 0.02134941 -0.02291313
v -0.04266995 0.02312221 -0.02454763
v -0.04374879 0.01814750 0.00499089
v -0.04404206 0.01822888 0.00497407
v -0.04379752 0.01818135 0.00539330
v -0.04349730 0.01792660 0.00293987
v -0.04524611 0.01847261 0.00284994
v -0.04324303 0.01767220 0.00088342
v -0.04299035 0.01743707 -0.00116991
v -0.04063316 0.02272997 -0.02449623
v -0.04231648 0.02315994 -0.02459909
v -0.04062725 0.02334779 -0.02489156
v -0.04194059 0.01757038 0.00712139
v -0.04303755 0.01797229 0.00707512
v -0.04212645 0.01780129 0.00859950
v -0.04169526 0.01742353 0.00508235
v -0.04144958 0.01727253 0.00304264
v -0.04120358 0.01711762 0.00100230
v -0.03858514 0.02207231 -0.02439403
v -0.03858173 0.02357795 -0.02526239
v -0.04014273 0.01711759 0.00927202
v -0.04177341 0.01773243 0.00920621
v -0.04035642 0.01758249 0.01086037
v -0.03987902 0.01674982 0.00719722
v -0.03964472 0.01673555 0.00517964
v -0.03655287 0.02160391 -0.02426120
v -0.03653913 0.02380334 -0.02560527
v -0.03836894 0.01695426 0.01146951
v -0.03988659 0.01753270 0.01140932
v -0.03854790 0.01742643 0.01275351
v -0.03809145 0.01642071 0.00936787
v -0.03453085 0.02397281 -0.02562035
v -0.03661061 0.01697680 0.01369709
v -0.03763215 0.01735666 0.01365495
v -0.03672008 0.01730181 0.01446235
v -0.03631588 0.01623604 0.01156190
v -0.03399628 0.02401746 -0.02562150
v -0.03249027 0.02349354 -0.02555322
v -0.03251518 0.02415433 -0.02570602
v -0.03456063 0.01629559 0.01379547
v -0.03485326 0.01724075 0.01579866
v -0.03042027 0.02257156 -0.02549382
v -0.03049190 0.02434825 -0.02586440
v -0.03284246 0.01680093 0.01610121
v -0.03447426 0.01723885 0.01600510
v -0.03295010 0.01723891 0.01678775
v -0.02848978 0.02450767 -0.02582059
v -0.03079631 0.01616571 0.01620704
v -0.03104216 0.01724487 0.01773119
v -0.02649098 0.02466169 -0.02574508
v -0.02909696 0.01689738 0.01854942
v -0.02982068 0.01721742 0.01852825
v -0.02916165 0.01720612 0.01893667
v -0.02449605 0.02480941 -0.02563264
v -0.02704216 0.01615822 0.01863842
v -0.02725108 0.01721636 0.01985496
v -0.02250835 0.02494534 -0.02545110
v -0.02530504 0.01728440 0.02043448
v -0.02052798 0.02506934 -0.02519963
v -0.02334620 0.01737330 0.02089171
v -0.01855029 0.02518895 -0.02492242
v -0.02139317 0.01745274 0.02140439
v -0.01659362 0.02527431 -0.02444446
v -0.01940542 0.01740171 0.02168965
v -0.02016107 0.01751861 0.02163049
v -0.01942379 0.01755881 0.02176098
v -0.01462468 0.02537968 -0.02408375
v -0.01735884 0.01676139 0.02179465
v -0.01745765 0.01765961 0.02214845
v -0.01265946 0.02547899 -0.02368754
v -0.01530640 0.01605051 0.02188823
v -0.01548945 0.01776377 0.02251624
v -0.01067017 0.02561750 -0.02352114
v -0.01351166 0.01788355 0.02279240
v -0.00870457 0.02571743 -0.02312857
v -0.01152342 0.01802037 0.02296877
v -0.00675239 0.02579547 -0.02260768
v -0.00952975 0.01816602 0.02309331
v -0.00471933 0.02512325 -0.02236809
v -0.00481532 0.02584890 -0.02194251
v -0.00616796 0.02581085 -0.02240244
v -0.00753896 0.01830699 0.02324531
v -0.00264658 0.02416834 -0.02231402
v -0.00290738 0.02585484 -0.02099903
v -0.00554656 0.01845059 0.02338191
v -0.00099894 0.02586161 -0.02006036
v -0.00496456 0.01849795 0.02338836
v -0.00348855 0.01775874 0.02341676
v -0.00354304 0.01861230 0.02341233
v 0.00100007 0.02545331 -0.01967340
v 0.00090232 0.02585667 -0.01905309
v -0.00027047 0.02586959 -0.01973539
v -0.00141477 0.01679134 0.02346882
v -0.00152727 0.01879398 0.02332566
v 0.00303893 0.02490577 -0.01955338
v 0.00279071 0.02583077 -0.01792288
v 0.00049018 0.01897839 0.02322305
v 0.00475290 0.02546156 -0.01723947
v 0.00459786 0.02567248 -0.01601668
v 0.00372791 0.02580594 -0.01728802
v 0.00251224 0.01917032 0.02307628
v 0.00629620 0.02526670 -0.01303182
v 0.00627136 0.02529638 -0.01283367
v 0.00616139 0.02532012 -0.01303682
v 0.00523909 0.02558200 -0.01512836
v 0.00653985 0.02514000 -0.01506760
v 0.00681866 0.02459069 -0.01717179
v 0.00452952 0.01935446 0.02297524
v 0.00765989 0.02442842 -0.00691307
v 0.00764798 0.02443645 -0.00681460
v 0.00761296 0.02444969 -0.00691436
v 0.00727737 0.02474939 -0.00893803
v 0.00789247 0.02443483 -0.00892730
v 0.00700926 0.02505343 -0.01095389
v 0.00811914 0.02451233 -0.01093002
v 0.00836719 0.02433279 -0.01297435
v 0.00861871 0.02411157 -0.01502542
v 0.00655102 0.01954547 0.02283394
v 0.00945961 0.02395321 -0.00476607
v 0.00931920 0.02405664 -0.00360984
v 0.00872861 0.02420026 -0.00480045
v 0.00970125 0.02385077 -0.00679792
v 0.00995460 0.02360747 -0.00885257
v 0.01020021 0.02345727 -0.01089215
v 0.00697421 0.01958866 0.02278453
v 0.00861639 0.01881804 0.02282497
v 0.00858752 0.01976093 0.02254926
v 0.01125587 0.02351972 -0.00261232
v 0.01103894 0.02375589 -0.00086855
v 0.00983798 0.02395043 -0.00268727
v 0.01150665 0.02330731 -0.00466197
v 0.01175475 0.02312724 -0.00670639
v 0.01067841 0.01799206 0.02289992
v 0.01065166 0.02002144 0.02200054
v 0.01304473 0.02317519 -0.00044417
v 0.01278697 0.02350125 0.00160245
v 0.01123821 0.02371935 -0.00054045
v 0.01329521 0.02296645 -0.00249322
v 0.01355019 0.02270354 -0.00455105
v 0.01229392 0.02025282 0.02141504
v 0.01273416 0.02004433 0.02142556
v 0.01274725 0.02033319 0.02115145
v 0.01459857 0.02285344 0.00374294
v 0.01441786 0.02305571 0.00519248
v 0.01373034 0.02323730 0.00371754
v 0.01279778 0.02349853 0.00162481
v 0.01486253 0.02248271 0.00166766
v 0.01511781 0.02221619 -0.00039075
v 0.01481204 0.01902763 0.02146963
v 0.01487530 0.02069784 0.01999227
v 0.01616163 0.02242095 0.00791212
v 0.01598641 0.02250856 0.00937811
v 0.01552561 0.02271035 0.00789491
v 0.01469948 0.02297843 0.00581449
v 0.01641791 0.02214246 0.00585177
v 0.01669151 0.02165579 0.00375772
v 0.01542194 0.02077572 0.01979203
v 0.01694649 0.02013354 0.01984207
v 0.01630203 0.02115377 0.01790898
v 0.01711948 0.02085649 0.01794384
v 0.01669231 0.02150024 0.01596927
v 0.01731925 0.02125752 0.01599350
v 0.01659188 0.02181509 0.01397280
v 0.01753856 0.02142353 0.01400511
v 0.01663593 0.02213926 0.01199305
v 0.01775227 0.02165687 0.01202762
v 0.01618922 0.02243179 0.00995652
v 0.01798573 0.02165271 0.01001168
v 0.01824248 0.02136855 0.00795041
v 0.01901480 0.01923194 0.01990477
v 0.01917918 0.02005848 0.01802331
v 0.01937103 0.02055458 0.01608836
v 0.01959702 0.02064027 0.01408697
v 0.01982043 0.02075702 0.01209060
v 0.02005200 0.02077558 0.01007835
v 0.02141553 0.01993920 0.01619740
v 0.07159589 0.02417154 0.01605339
v 0.07180919 0.02440988 0.01407671
v 0.07357660 0.02432317 0.01628660
v 0.07378450 0.02462633 0.01432041
v 0.07536773 0.02395136 0.01845034
v 0.07554849 0.02458089 0.01653699
v 0.07574285 0.02504688 0.01459716
v 0.07596980 0.02512103 0.01259390
v 0.07732507 0.02438394 0.01872903
v 0.07747465 0.02538840 0.01687638
v 0.07767450 0.02578838 0.01492586
v 0.07791185 0.02573749 0.01290236
v 0.07815879 0.02557120 0.01086017
v 0.07927523 0.02490288 0.01902171
v 0.07941270 0.02605283 0.01719260
v 0.07961110 0.02647028 0.01524492
v 0.07986556 0.02621368 0.01318811
v 0.08012683 0.02587524 0.01111806
v 0.08035491 0.02593580 0.00911260
v 0.08125288 0.02509130 0.01926087
v 0.08139579 0.02617589 0.01742119
v 0.08158943 0.02665054 0.01548277
v 0.08185234 0.02629231 0.01340951
v 0.08210809 0.02602021 0.01135019
v 0.08326728 0.02483788 0.01942851
v 0.08341435 0.02587246 0.01758073
v 0.08360493 0.02638389 0.01564826
v 0.08386157 0.02610100 0.01358720
v 0.08411494 0.02585752 0.01153252
v 0.08545365 0.02531956 0.01769989
v 0.08565579 0.02569209 0.01574493
v -0.05792045 0.02203289 -0.01418681
v -0.05835623 0.02217654 -0.01420792
v -0.05799946 0.02209811 -0.01354015
v -0.05769378 0.02211035 -0.01618953
v -0.05864656 0.02247916 -0.01622635
v -0.05748180 0.02236455 -0.01816364
v -0.05860456 0.02280319 -0.01820635
v -0.05735721 0.02314475 -0.01967536
v -0.05611433 0.02148081 -0.01205225
v -0.05734267 0.02192054 -0.01210582
v -0.05632386 0.02172543 -0.01037720
v -0.05586373 0.02127057 -0.01410155
v -0.05562248 0.02117276 -0.01613265
v -0.05540617 0.02137486 -0.01811520
v -0.05711528 0.02322049 -0.02001893
v -0.05525239 0.02232876 -0.01997604
v -0.05511453 0.02347405 -0.02180589
v -0.05555013 0.02364268 -0.02182273
v -0.05509145 0.02373382 -0.02215010
v -0.05456618 0.02122755 -0.00785406
v -0.05516514 0.02141822 -0.00788423
v -0.05470684 0.02125729 -0.00665470
v -0.05432679 0.02115213 -0.00988153
v -0.05603849 0.02168326 -0.00997011
v -0.05407634 0.02094365 -0.01193055
v -0.05382262 0.02069599 -0.01398591
v -0.05320216 0.02164449 -0.01987815
v -0.05306332 0.02277810 -0.02170990
v -0.05295717 0.02410864 -0.02336886
v -0.05300783 0.02085158 -0.00367573
v -0.05320104 0.02090215 -0.00368733
v -0.05303679 0.02087555 -0.00343868
v -0.05275178 0.02057591 -0.00573562
v -0.05442664 0.02114449 -0.00581395
v -0.05251397 0.02051949 -0.00776002
v -0.05227710 0.02047438 -0.00978259
v -0.05203623 0.02038113 -0.01181295
v -0.05102284 0.02221107 -0.02159303
v -0.05268734 0.02414849 -0.02347642
v -0.05091012 0.02365862 -0.02337395
v -0.05087268 0.02440230 -0.02411190
v -0.05120203 0.02030337 -0.00154055
v -0.05213837 0.02064931 -0.00157955
v -0.05136776 0.02049218 -0.00021304
v -0.05094942 0.02006896 -0.00359376
v -0.05070496 0.01993265 -0.00563109
v -0.04887365 0.02313986 -0.02324927
v -0.04881800 0.02464739 -0.02457028
v -0.04965758 0.02009459 0.00266485
v -0.04982789 0.02015556 0.00265742
v -0.04968721 0.02012756 0.00290264
v -0.04939584 0.01975048 0.00059387
v -0.05095811 0.02040404 0.00054183
v -0.04914444 0.01953070 -0.00145697
v -0.04890681 0.01947633 -0.00348104
v -0.04684057 0.02266178 -0.02311800
v -0.04731707 0.02481590 -0.02484006
v -0.04677197 0.02463986 -0.02481304
v -0.04676861 0.02488385 -0.02497799
v -0.04784908 0.01951390 0.00479477
v -0.04879809 0.01990060 0.00476139
v -0.04808094 0.01964190 0.00672784
v -0.04759478 0.01925917 0.00273826
v -0.04734189 0.01902148 0.00068452
v -0.04471946 0.02392822 -0.02471958
v -0.04470637 0.02514126 -0.02550858
v -0.04629674 0.01921033 0.00898482
v -0.04679351 0.01938713 0.00896298
v -0.04636379 0.01933693 0.00949385
v -0.04603797 0.01890186 0.00691961
v -0.04804324 0.01962792 0.00683356
v -0.04579231 0.01875099 0.00487993
v -0.04554413 0.01856990 0.00283534
v -0.04267033 0.02325717 -0.02461955
v -0.04267557 0.02534744 -0.02573881
v -0.04452935 0.01912391 0.01119475
v -0.04477328 0.01919600 0.01118152
v -0.04455477 0.01918167 0.01138229
v -0.04425069 0.01857626 0.00909083
v -0.04399651 0.01832300 0.00703457
v -0.04066688 0.02551757 -0.02575772
v -0.04247805 0.01842674 0.01129056
v -0.04271837 0.01907105 0.01300911
v -0.04220066 0.01789441 0.00918911
v -0.03866278 0.02568023 -0.02573289
v -0.04072946 0.01856640 0.01353709
v -0.04215790 0.01904323 0.01346891
v -0.04086145 0.01899385 0.01443999
v -0.04042744 0.01773790 0.01138771
v -0.03818501 0.02572574 -0.02576856
v -0.03657865 0.02471677 -0.02577253
v -0.03663092 0.02588814 -0.02597327
v -0.03899606 0.01888864 0.01581319
v -0.03908431 0.01891998 0.01580930
v -0.03900390 0.01891768 0.01586480
v -0.03867005 0.01777179 0.01361712
v -0.03454425 0.02422292 -0.02564381
v -0.03462482 0.02605405 -0.02596749
v -0.03693767 0.01810629 0.01589520
v -0.03712374 0.01887836 0.01707361
v -0.03262921 0.02620287 -0.02586151
v -0.03488155 0.01735127 0.01598164
v -0.03522772 0.01886489 0.01813094
v -0.03062887 0.02635941 -0.02580079
v -0.03322595 0.01860894 0.01840917
v -0.03470128 0.01888112 0.01830116
v -0.03328345 0.01893005 0.01872733
v -0.02862546 0.02652094 -0.02576931
v -0.03117837 0.01795649 0.01851221
v -0.03135709 0.01896602 0.01949479
v -0.02663409 0.02666285 -0.02562279
v -0.02944375 0.01898077 0.02038671
v -0.02464245 0.02680521 -0.02547894
v -0.02749647 0.01905084 0.02095432
v -0.02266728 0.02692072 -0.02517771
v -0.02552175 0.01916561 0.02125990
v -0.02069605 0.02702982 -0.02483889
v -0.02354118 0.01928993 0.02150949
v -0.01874528 0.02710557 -0.02430456
v -0.02156443 0.01940801 0.02179562
v -0.01679017 0.02718838 -0.02381167
v -0.02139240 0.01941748 0.02182553
v -0.01959364 0.01951639 0.02213871
v -0.01484544 0.02725430 -0.02321971
v -0.01761597 0.01963598 0.02241602
v -0.01287208 0.02728112 -0.02285341
v -0.01287991 0.02735409 -0.02282636
v -0.01310802 0.02734182 -0.02286776
v -0.01563646 0.01975856 0.02267579
v -0.01085679 0.02701692 -0.02268752
v -0.01091144 0.02745870 -0.02246119
v -0.01365529 0.01988385 0.02291971
v -0.00883369 0.02665891 -0.02253681
v -0.00895323 0.02754657 -0.02199797
v -0.01166716 0.02002048 0.02309714
v -0.00678800 0.02602926 -0.02243008
v -0.00702583 0.02758424 -0.02124043
v -0.01021922 0.02013753 0.02311799
v -0.00963657 0.01977944 0.02311790
v -0.00966426 0.02018119 0.02313342
v -0.00512994 0.02757056 -0.02018187
v -0.00758581 0.01908875 0.02321475
v -0.00766541 0.02033529 0.02320845
v -0.00310679 0.02689868 -0.01985674
v -0.00326528 0.02750597 -0.01882492
v -0.00463664 0.02756643 -0.01990297
v -0.00555810 0.01867530 0.02335648
v -0.00565728 0.02050453 0.02319477
v -0.00137125 0.02719527 -0.01758480
v -0.00148890 0.02729752 -0.01662472
v -0.00193575 0.02741917 -0.01760569
v -0.00104546 0.02608100 -0.01978045
v -0.00363932 0.02068977 0.02308723
v 0.00041641 0.02686511 -0.01541432
v 0.00022622 0.02698925 -0.01383929
v -0.00071914 0.02717625 -0.01548011
v 0.00067203 0.02659451 -0.01747339
v -0.00161049 0.02089274 0.02287584
v 0.00220423 0.02653302 -0.01324415
v 0.00199287 0.02676494 -0.01154613
v 0.00057785 0.02693851 -0.01334523
v 0.00245618 0.02630668 -0.01529606
v 0.00270842 0.02607668 -0.01734855
v 0.00041033 0.02108264 0.02274100
v 0.00374071 0.02642008 -0.00902324
v 0.00363256 0.02633376 -0.00804022
v 0.00353210 0.02648625 -0.00903379
v 0.00230526 0.02672851 -0.01116056
v 0.00398039 0.02634124 -0.01105127
v 0.00423867 0.02603867 -0.01311551
v 0.00449318 0.02578143 -0.01517242
v 0.00195296 0.02124329 0.02254117
v 0.00245255 0.02102890 0.02255689
v 0.00244418 0.02129379 0.02248162
v 0.00511347 0.02547272 -0.00292215
v 0.00504922 0.02553908 -0.00240361
v 0.00470625 0.02559794 -0.00294341
v 0.00390107 0.02586738 -0.00502140
v 0.00535674 0.02535076 -0.00495716
v 0.00368472 0.02617476 -0.00703128
v 0.00558631 0.02539335 -0.00696553
v 0.00581112 0.02549322 -0.00896462
v 0.00604348 0.02550232 -0.01097841
v 0.00451089 0.02024706 0.02263899
v 0.00448874 0.02152237 0.02212005
v 0.00689825 0.02517727 -0.00074605
v 0.00679789 0.02528548 0.00006131
v 0.00619906 0.02537282 -0.00078588
v 0.00714984 0.02495519 -0.00279726
v 0.00740505 0.02468958 -0.00485553
v 0.00654771 0.01972407 0.02276298
v 0.00653470 0.02175326 0.02174498
v 0.00868509 0.02485698 0.00142603
v 0.00852904 0.02500333 0.00269357
v 0.00768347 0.02514716 0.00137068
v 0.00894002 0.02459473 -0.00063169
v 0.00920842 0.02417049 -0.00271563
v 0.00827198 0.02197184 0.02128727
v 0.00859678 0.02185672 0.02130164
v 0.00861277 0.02203646 0.02106322
v 0.01047889 0.02445306 0.00358457
v 0.01023942 0.02468732 0.00552427
v 0.00903592 0.02491299 0.00351198
v 0.01073279 0.02420316 0.00152885
v 0.01099886 0.02380694 -0.00055056
v 0.01065047 0.02113079 0.02139278
v 0.01074208 0.02240317 0.01989196
v 0.01180954 0.02401205 0.00976763
v 0.01162817 0.02384719 0.01142736
v 0.01158479 0.02411328 0.00976138
v 0.01124711 0.02441285 0.00773746
v 0.01203457 0.02410924 0.00776810
v 0.01031454 0.02467407 0.00564474
v 0.01227251 0.02405125 0.00574345
v 0.01252942 0.02376525 0.00368189
v 0.01278420 0.02350474 0.00162445
v 0.01115532 0.02247899 0.01963596
v 0.01281348 0.02189341 0.01970964
v 0.01199659 0.02285452 0.01774842
v 0.01299414 0.02252411 0.01779648
v 0.01225890 0.02319275 0.01579391
v 0.01319418 0.02292184 0.01584560
v 0.01186385 0.02348862 0.01376336
v 0.01341160 0.02311064 0.01386090
v 0.01167822 0.02379798 0.01175704
v 0.01362676 0.02332646 0.01188057
v 0.01384911 0.02345599 0.00988628
v 0.01408613 0.02340907 0.00786342
v 0.01434044 0.02315425 0.00580690
v 0.01488282 0.02097946 0.01977034
v 0.01505603 0.02169978 0.01787169
v 0.01524370 0.02224620 0.01594489
v 0.01546864 0.02234443 0.01394552
v 0.01567990 0.02260727 0.01197281
v 0.01591649 0.02256555 0.00995079
v -0.06184819 0.02412748 -0.01628031
v -0.06204750 0.02423821 -0.01628229
v -0.06198115 0.02405037 -0.01508795
v -0.06163341 0.02434796 -0.01825988
v -0.06199276 0.02456306 -0.01826081
v -0.06159926 0.02467271 -0.01873600
v -0.06025219 0.02329891 -0.01217525
v -0.06102419 0.02366150 -0.01219421
v -0.06040843 0.02351002 -0.01094214
v -0.05998275 0.02286224 -0.01426121
v -0.06195873 0.02392260 -0.01428717
v -0.05975244 0.02289592 -0.01627102
v -0.05954280 0.02317826 -0.01824058
v -0.06065235 0.02497076 -0.02009060
v -0.05939678 0.02422547 -0.02008631
v -0.05929615 0.02532266 -0.02156752
v -0.05867406 0.02268526 -0.00803540
v -0.05970796 0.02310368 -0.00807225
v -0.05889675 0.02287022 -0.00621337
v -0.05842675 0.02251454 -0.01007830
v -0.06015524 0.02339618 -0.01010884
v -0.05816837 0.02221081 -0.01214274
v -0.05732669 0.02330239 -0.02002708
v -0.05894189 0.02540232 -0.02187760
v -0.05719422 0.02451255 -0.02184644
v -0.05711500 0.02577385 -0.02323399
v -0.05711682 0.02232267 -0.00385491
v -0.05772380 0.02258890 -0.00387303
v -0.05725466 0.02244293 -0.00273033
v -0.05685287 0.02195190 -0.00593020
v -0.05879782 0.02284101 -0.00598212
v -0.05661019 0.02183696 -0.00796407
v -0.05637124 0.02176689 -0.00999068
v -0.05501667 0.02510038 -0.02355788
v -0.05660976 0.02587394 -0.02359268
v -0.05496494 0.02617437 -0.02460346
v -0.05555234 0.02187308 0.00031150
v -0.05604066 0.02205472 0.00029137
v -0.05566282 0.02193374 0.00123281
v -0.05530357 0.02168487 -0.00173423
v -0.05686321 0.02232304 -0.00178863
v -0.05505082 0.02144882 -0.00378771
v -0.05480403 0.02128442 -0.00582959
v -0.05295197 0.02424205 -0.02348816
v -0.05290532 0.02642751 -0.02510896
v -0.05399348 0.02149097 0.00448884
v -0.05414353 0.02153433 0.00448053
v -0.05401418 0.02151713 0.00465328
v -0.05374857 0.02134923 0.00245063
v -0.05515172 0.02179069 0.00237905
v -0.05350545 0.02122899 0.00041590
v -0.05325921 0.02107113 -0.00162492
v -0.05084404 0.02566701 -0.02506408
v -0.05281446 0.02643985 -0.02513851
v -0.05084312 0.02668485 -0.02563914
v -0.05220744 0.02118036 0.00666248
v -0.05261150 0.02131174 0.00664260
v -0.05226733 0.02126056 0.00713554
v -0.05194423 0.02081853 0.00458864
v -0.05170205 0.02070960 0.00255574
v -0.05145884 0.02058826 0.00052084
v -0.04880709 0.02514244 -0.02494034
v -0.04879415 0.02692062 -0.02604285
v -0.05041484 0.02079083 0.00882335
v -0.05121385 0.02108049 0.00878912
v -0.05051548 0.02101214 0.00957009
v -0.05015881 0.02051540 0.00676350
v -0.04990967 0.02032267 0.00471703
v -0.04677020 0.02711564 -0.02620768
v -0.04863929 0.02060635 0.01101742
v -0.04932573 0.02088084 0.01099239
v -0.04872890 0.02082032 0.01167285
v -0.04835626 0.02000619 0.00890499
v -0.04809352 0.01965000 0.00683206
v -0.04543683 0.02723662 -0.02626994
v -0.04474138 0.02699463 -0.02623843
v -0.04475082 0.02730320 -0.02632877
v -0.04687697 0.02058086 0.01323722
v -0.04721017 0.02069586 0.01322196
v -0.04690623 0.02068731 0.01343089
v -0.04657843 0.01979430 0.01109462
v -0.04268897 0.02628415 -0.02614478
v -0.04271951 0.02751019 -0.02656378
v -0.04482738 0.01990433 0.01333636
v -0.04502527 0.02064930 0.01463204
v -0.04068989 0.02621489 -0.02594733
v -0.04073365 0.02764314 -0.02636477
v -0.04311086 0.02042950 0.01564531
v -0.04355240 0.02061026 0.01562992
v -0.04315164 0.02059934 0.01590322
v -0.04277906 0.01924302 0.01343797
v -0.03867582 0.02596541 -0.02577905
v -0.03873586 0.02779551 -0.02627958
v -0.04105431 0.01966927 0.01573090
v -0.04127113 0.02056058 0.01710879
v -0.03671770 0.02798108 -0.02638901
v -0.03936805 0.02055862 0.01809862
v -0.03473304 0.02811207 -0.02617849
v -0.03730764 0.01975169 0.01817684
v -0.03936760 0.02055862 0.01809885
v -0.03745392 0.02057466 0.01898295
v -0.03275228 0.02823669 -0.02593067
v -0.03525085 0.01898866 0.01826198
v -0.03551659 0.02062851 0.01964563
v -0.03076958 0.02836447 -0.02570135
v -0.03357239 0.02069356 0.02024267
v -0.02878283 0.02849886 -0.02551079
v -0.03161572 0.02077892 0.02072065
v -0.02679576 0.02863376 -0.02532323
v -0.02965275 0.02087455 0.02113840
v -0.02481595 0.02875684 -0.02506636
v -0.02767537 0.02099367 0.02141848
v -0.02285311 0.02885226 -0.02464736
v -0.02569187 0.02112275 0.02164020
v -0.02090849 0.02891799 -0.02405430
v -0.02370474 0.02125776 0.02182711
v -0.01896443 0.02898280 -0.02345589
v -0.02171584 0.02139564 0.02199720
v -0.01700564 0.02907162 -0.02299816
v -0.01965358 0.02038544 0.02217268
v -0.01973461 0.02152103 0.02224056
v -0.01489609 0.02765007 -0.02300235
v -0.01506527 0.02913042 -0.02236449
v -0.01693497 0.02907342 -0.02297297
v -0.01766869 0.02048678 0.02239775
v -0.01774620 0.02165812 0.02241528
v -0.01313213 0.02917745 -0.02166184
v -0.01569283 0.02069673 0.02264040
v -0.01576169 0.02178885 0.02262731
v -0.01119710 0.02922754 -0.02097715
v -0.01371264 0.02085462 0.02287463
v -0.01377837 0.02191766 0.02285059
v -0.00927886 0.02920854 -0.02010879
v -0.00928693 0.02923714 -0.02005504
v -0.00938739 0.02923850 -0.02011504
v -0.01169784 0.02059634 0.02304148
v -0.01178337 0.02206548 0.02296243
v -0.00723012 0.02854213 -0.02000801
v -0.00743917 0.02914501 -0.01853669
v -0.00978737 0.02221495 0.02306464
v -0.00549328 0.02882308 -0.01773860
v -0.00564428 0.02896673 -0.01651328
v -0.00647931 0.02910458 -0.01779380
v -0.00517347 0.02778071 -0.01992261
v -0.00777902 0.02238452 0.02304895
v -0.00394183 0.02853015 -0.01354683
v -0.00398983 0.02855958 -0.01314830
v -0.00415544 0.02861170 -0.01355528
v -0.00507413 0.02887381 -0.01564640
v -0.00370277 0.02845864 -0.01557367
v -0.00343889 0.02808876 -0.01764881
v -0.00574911 0.02258925 0.02282720
v -0.00237116 0.02800611 -0.00939247
v -0.00240367 0.02804115 -0.00913096
v -0.00254605 0.02807276 -0.00939941
v -0.00331013 0.02834485 -0.01147265
v -0.00212687 0.02787173 -0.01142949
v -0.00187619 0.02766056 -0.01347894
v -0.00162758 0.02747431 -0.01552436
v -0.00370904 0.02281053 0.02250844
v -0.00057028 0.02751707 -0.00724771
v -0.00077380 0.02759394 -0.00553118
v -0.00145257 0.02782191 -0.00728807
v -0.00032605 0.02738337 -0.00928462
v -0.00008493 0.02728721 -0.01131545
v 0.00016810 0.02704783 -0.01336947
v -0.00255061 0.02293128 0.02235769
v -0.00166248 0.02257250 0.02238945
v -0.00167425 0.02302320 0.02224015
v 0.00100973 0.02688074 -0.00311153
v 0.00078877 0.02703707 -0.00128852
v 0.00011127 0.02728004 -0.00313747
v -0.00064034 0.02755293 -0.00520926
v 0.00124147 0.02689724 -0.00512413
v 0.00146830 0.02697286 -0.00712715
v 0.00170283 0.02695590 -0.00914516
v 0.00194845 0.02680556 -0.01118476
v 0.00038981 0.02186350 0.02248334
v 0.00037293 0.02325606 0.02185350
v 0.00254654 0.02676375 0.00110872
v 0.00253572 0.02678065 0.00119288
v 0.00247602 0.02678979 0.00110578
v 0.00092322 0.02701104 -0.00105869
v 0.00280333 0.02647921 -0.00095261
v 0.00306373 0.02615118 -0.00302098
v 0.00330215 0.02608742 -0.00504656
v 0.00352232 0.02624308 -0.00703663
v 0.00244332 0.02352676 0.02124504
v 0.00432912 0.02649476 0.00328910
v 0.00429455 0.02654361 0.00356074
v 0.00410502 0.02657345 0.00327907
v 0.00458576 0.02621194 0.00122805
v 0.00485233 0.02580972 -0.00085233
v 0.00336557 0.02363387 0.02105720
v 0.00448612 0.02334774 0.02112569
v 0.00452816 0.02382100 0.02049861
v 0.00610368 0.02632213 0.00548509
v 0.00607431 0.02634068 0.00572862
v 0.00593876 0.02637030 0.00547604
v 0.00636976 0.02592582 0.00340566
v 0.00663178 0.02557826 0.00133413
v 0.00651737 0.02289174 0.02126053
v 0.00661351 0.02411606 0.01974736
v 0.00767541 0.02578529 0.00963737
v 0.00762179 0.02575920 0.01011552
v 0.00753504 0.02583052 0.00963039
v 0.00690199 0.02611105 0.00757231
v 0.00790914 0.02577803 0.00762093
v 0.00815851 0.02558255 0.00557402
v 0.00842638 0.02516476 0.00349112
v 0.00723440 0.02420452 0.01951987
v 0.00866613 0.02382567 0.01960512
v 0.00865503 0.02461740 0.01769936
v 0.00883865 0.02455425 0.01770780
v 0.00888682 0.02495366 0.01574132
v 0.00904453 0.02488178 0.01574556
v 0.00843906 0.02524613 0.01370467
v 0.00928172 0.02483280 0.01372237
v 0.00791788 0.02553387 0.01165953
v 0.00950416 0.02496120 0.01172789
v 0.00972827 0.02506946 0.00973015
v 0.00996984 0.02496783 0.00769843
v 0.01022481 0.02470509 0.00564064
v 0.01075112 0.02272353 0.01963536
v 0.01091922 0.02350526 0.01774665
v 0.01112634 0.02381786 0.01578199
v 0.01137055 0.02368442 0.01374512
v 0.01159133 0.02383282 0.01175388
v -0.06420373 0.02567978 -0.01422241
v -0.06429014 0.02575058 -0.01421938
v -0.06424398 0.02570044 -0.01388598
v -0.06396199 0.02557606 -0.01625447
v -0.06442762 0.02606304 -0.01622013
v -0.06372757 0.02556046 -0.01827226
v -0.06456259 0.02637567 -0.01822060
v -0.06365033 0.02666789 -0.01955698
v -0.06281634 0.02455648 -0.00814980
v -0.06329259 0.02485089 -0.00814943
v -0.06299475 0.02463293 -0.00665003
v -0.06258784 0.02461208 -0.01015607
v -0.06349747 0.02515901 -0.01015798
v -0.06232644 0.02427196 -0.01222639
v -0.06404397 0.02544512 -0.01220605
v -0.06206990 0.02399036 -0.01428724
v -0.06147977 0.02530351 -0.02012045
v -0.06337690 0.02677340 -0.02006829
v -0.06134992 0.02654515 -0.02193471
v -0.06231183 0.02716337 -0.02192994
v -0.06129314 0.02740596 -0.02290510
v -0.06123592 0.02391520 -0.00401442
v -0.06198037 0.02429281 -0.00402794
v -0.06138831 0.02414755 -0.00282647
v -0.06096969 0.02351718 -0.00609412
v -0.06288972 0.02455553 -0.00611798
v -0.06073589 0.02350892 -0.00811072
v -0.06050713 0.02356126 -0.01011752
v -0.05926879 0.02548948 -0.02189695
v -0.06031828 0.02761316 -0.02368419
v -0.05915095 0.02687542 -0.02368785
v -0.05910163 0.02787403 -0.02467050
v -0.05967197 0.02347198 0.00015302
v -0.06027063 0.02376034 0.00013954
v -0.05982798 0.02358701 0.00143768
v -0.05942038 0.02324987 -0.00189820
v -0.06095880 0.02403732 -0.00192491
v -0.05917633 0.02311845 -0.00393474
v -0.05892395 0.02288691 -0.00598749
v -0.05709000 0.02606226 -0.02361082
v -0.05703126 0.02814470 -0.02527878
v -0.05810708 0.02301743 0.00431863
v -0.05860226 0.02322521 0.00430224
v -0.05821562 0.02311128 0.00520467
v -0.05785244 0.02275868 0.00226147
v -0.05954430 0.02348583 0.00220841
v -0.05760524 0.02258935 0.00021879
v -0.05736427 0.02249504 -0.00181174
v -0.05495944 0.02721511 -0.02523079
v -0.05699842 0.02814844 -0.02528501
v -0.05497817 0.02838718 -0.02572183
v -0.05654864 0.02264055 0.00849681
v -0.05675276 0.02270176 0.00848588
v -0.05657567 0.02268049 0.00870820
v -0.05629063 0.02234125 0.00643309
v -0.05780181 0.02295547 0.00637968
v -0.05603792 0.02210560 0.00437967
v -0.05579566 0.02199567 0.00234661
v -0.05290533 0.02648423 -0.02514045
v -0.05293221 0.02861805 -0.02609685
v -0.05476534 0.02236281 0.01067577
v -0.05517027 0.02248242 0.01065379
v -0.05480884 0.02245649 0.01099964
v -0.05450113 0.02198897 0.00859999
v -0.05424896 0.02175991 0.00654764
v -0.05089577 0.02883342 -0.02638096
v -0.05273017 0.02185961 0.01080298
v -0.05296628 0.02235589 0.01256766
v -0.05246245 0.02144364 0.00872037
v -0.04964983 0.02894334 -0.02641981
v -0.04886266 0.02861341 -0.02639369
v -0.04887776 0.02901875 -0.02648898
v -0.05098015 0.02198203 0.01304672
v -0.05246306 0.02233556 0.01295180
v -0.05107792 0.02232994 0.01369809
v -0.05069216 0.02132236 0.01092467
v -0.04680097 0.02779139 -0.02631810
v -0.04685268 0.02921561 -0.02666458
v -0.04893511 0.02136027 0.01315473
v -0.04916252 0.02234805 0.01457028
v -0.04481465 0.02943355 -0.02696379
v -0.04723958 0.02237845 0.01537046
v -0.04279989 0.02961359 -0.02704083
v -0.04519390 0.02150831 0.01561129
v -0.04687202 0.02237455 0.01558340
v -0.04535412 0.02234776 0.01652870
v -0.04081471 0.02974541 -0.02683520
v -0.04346793 0.02231827 0.01767990
v -0.03884106 0.02985845 -0.02651948
v -0.04144381 0.02154952 0.01805056
v -0.04280107 0.02231557 0.01803916
v -0.04156655 0.02231352 0.01868607
v -0.03685793 0.02998693 -0.02629423
v -0.03936809 0.02055885 0.01809884
v -0.03964415 0.02234306 0.01949129
v -0.03488043 0.03010624 -0.02601529
v -0.03770781 0.02239528 0.02016353
v -0.03290665 0.03021950 -0.02570084
v -0.03574941 0.02248347 0.02062492
v -0.03093998 0.03032115 -0.02531839
v -0.03377815 0.02259261 0.02096345
v -0.02896659 0.03043376 -0.02500014
v -0.03179464 0.02272171 0.02118505
v -0.02699013 0.03055139 -0.02471130
v -0.02981460 0.02284517 0.02143969
v -0.02504843 0.03061236 -0.02409034
v -0.02783099 0.02297443 0.02166031
v -0.02309307 0.03069558 -0.02359982
v -0.02584065 0.02311467 0.02181659
v -0.02113447 0.03075713 -0.02312535
v -0.02113702 0.03077994 -0.02311601
v -0.02119203 0.03077729 -0.02312793
v -0.02384753 0.02325943 0.02194640
v -0.01905139 0.02967788 -0.02309140
v -0.01919020 0.03084925 -0.02254397
v -0.02185306 0.02340640 0.02206323
v -0.01701075 0.02910896 -0.02297484
v -0.01725440 0.03090061 -0.02186667
v -0.01987124 0.02353275 0.02230090
v -0.01535214 0.03089730 -0.02086890
v -0.01788233 0.02367065 0.02247090
v -0.01335914 0.03033431 -0.02034387
v -0.01349504 0.03082041 -0.01943985
v -0.01452751 0.03088546 -0.02037216
v -0.01589308 0.02380911 0.02263763
v -0.01163229 0.03073534 -0.01805502
v -0.01163866 0.03074233 -0.01800385
v -0.01168119 0.03074757 -0.01805806
v -0.01131659 0.02974241 -0.02023103
v -0.01390183 0.02395083 0.02278524
v -0.00983138 0.03024592 -0.01591032
v -0.01001131 0.03029102 -0.01437997
v -0.01052553 0.03050072 -0.01593952
v -0.00958217 0.03005238 -0.01795692
v -0.01189254 0.02412196 0.02276044
v -0.00803360 0.02979407 -0.01375955
v -0.00827821 0.03001204 -0.01176629
v -0.00975449 0.03022909 -0.01386548
v -0.00779142 0.02968517 -0.01579244
v -0.00753372 0.02938961 -0.01785555
v -0.00988198 0.02429514 0.02272363
v -0.00648398 0.02952319 -0.00956420
v -0.00667740 0.02951748 -0.00788895
v -0.00711781 0.02975636 -0.00959078
v -0.00824026 0.03000535 -0.01170547
v -0.00624220 0.02941903 -0.01159633
v -0.00599620 0.02926419 -0.01363666
v -0.00574718 0.02907298 -0.01568288
v -0.00784447 0.02451225 0.02242930
v -0.00491760 0.02905079 -0.00540149
v -0.00499778 0.02915135 -0.00476437
v -0.00550537 0.02921763 -0.00543455
v -0.00656698 0.02947053 -0.00754221
v -0.00466982 0.02887442 -0.00744530
v -0.00443095 0.02880532 -0.00947175
v -0.00418687 0.02867348 -0.01150836
v -0.00640050 0.02466140 0.02224982
v -0.00580407 0.02443558 0.02227373
v -0.00581102 0.02472274 0.02217379
v -0.00312559 0.02866827 -0.00323948
v -0.00330445 0.02880756 -0.00177083
v -0.00407868 0.02898824 -0.00328467
v -0.00287318 0.02843634 -0.00529229
v -0.00262296 0.02823071 -0.00734085
v -0.00373108 0.02347766 0.02232732
v -0.00376632 0.02495155 0.02181088
v -0.00156675 0.02828650 0.00093791
v -0.00165582 0.02839093 0.00164979
v -0.00204004 0.02847698 0.00092086
v -0.00301759 0.02873530 -0.00117707
v -0.00131253 0.02803275 -0.00111844
v -0.00105541 0.02774421 -0.00318041
v -0.00081123 0.02761114 -0.00521722
v -0.00168980 0.02523224 0.02114384
v 0.00022779 0.02787374 0.00309502
v 0.00004346 0.02805684 0.00458649
v -0.00080262 0.02823540 0.00304885
v 0.00049108 0.02751090 0.00102101
v 0.00076197 0.02705680 -0.00106777
v -0.00091129 0.02533648 0.02089994
v 0.00037291 0.02486959 0.02095472
v 0.00041831 0.02556439 0.02017519
v 0.00176504 0.02775150 0.00731442
v 0.00176185 0.02775389 0.00734068
v 0.00175181 0.02775737 0.00731404
v 0.00041222 0.02799236 0.00517423
v 0.00201968 0.02749272 0.00525726
v 0.00227576 0.02721657 0.00319729
v 0.00242966 0.02410693 0.02103992
v 0.00233407 0.02586695 0.01929050
v 0.00252141 0.02580670 0.01929983
v 0.00255040 0.02593564 0.01897733
v 0.00334221 0.02714925 0.01145612
v 0.00329599 0.02715069 0.01185489
v 0.00320809 0.02720857 0.01145220
v 0.00278371 0.02750254 0.00941825
v 0.00356891 0.02722647 0.00945335
v 0.00381331 0.02709086 0.00741613
v 0.00406178 0.02690624 0.00537098
v 0.00456821 0.02516363 0.01940439
v 0.00377240 0.02628096 0.01747203
v 0.00473308 0.02598416 0.01752196
v 0.00466746 0.02665997 0.01559071
v 0.00491721 0.02657327 0.01560207
v 0.00404498 0.02694118 0.01353386
v 0.00514600 0.02662524 0.01359522
v 0.00538546 0.02654893 0.01156760
v 0.00561913 0.02654230 0.00955126
v 0.00585988 0.02645059 0.00752115
v 0.00662507 0.02439974 0.01948939
v 0.00678387 0.02529330 0.01761878
v 0.00697290 0.02582334 0.01568933
v 0.00720783 0.02580155 0.01367053
v 0.00744747 0.02572311 0.01164257
v -0.06590759 0.02780515 -0.01811753
v -0.06625532 0.02824479 -0.01807893
v -0.06612040 0.02798023 -0.01637538
v -0.06581661 0.02847529 -0.01927737
v -0.06518793 0.02630173 -0.00606067
v -0.06528071 0.02637966 -0.00605709
v -0.06521978 0.02634459 -0.00580921
v -0.06494935 0.02623609 -0.00808656
v -0.06544781 0.02669021 -0.00806127
v -0.06470865 0.02614490 -0.01011659
v -0.06558440 0.02700273 -0.01006192
v -0.06444557 0.02578458 -0.01219018
v -0.06584614 0.02730719 -0.01207705
v -0.06608451 0.02761315 -0.01408947
v -0.06610192 0.02793335 -0.01607634
v -0.06361065 0.02695750 -0.02006136
v -0.06558473 0.02860933 -0.01998621
v -0.06345153 0.02784717 -0.02193259
v -0.06465036 0.02899087 -0.02186298
v -0.06340675 0.02929921 -0.02312869
v -0.06361062 0.02569789 -0.00191923
v -0.06383353 0.02583027 -0.00191998
v -0.06367567 0.02575763 -0.00139015
v -0.06332939 0.02511938 -0.00402815
v -0.06474416 0.02609291 -0.00401017
v -0.06305872 0.02466787 -0.00611650
v -0.06124627 0.02810184 -0.02369797
v -0.06281397 0.02943054 -0.02363541
v -0.06121379 0.02976963 -0.02490787
v -0.06199826 0.02467256 0.00215398
v -0.06286587 0.02524998 0.00216166
v -0.06223986 0.02499418 0.00406338
v -0.06174854 0.02447298 0.00010640
v -0.06333249 0.02554124 0.00012283
v -0.06150287 0.02432206 -0.00193329
v -0.05912005 0.02930677 -0.02530950
v -0.05986391 0.02994198 -0.02527901
v -0.05914305 0.03004089 -0.02551963
v -0.06065286 0.02405420 0.00830833
v -0.06148294 0.02437513 0.00827619
v -0.06084135 0.02416994 0.00987333
v -0.06041566 0.02400518 0.00628513
v -0.06182685 0.02467429 0.00625155
v -0.06016700 0.02381827 0.00423961
v -0.06218871 0.02497230 0.00422484
v -0.05991984 0.02364939 0.00219700
v -0.05703147 0.02816144 -0.02528625
v -0.05707113 0.03031407 -0.02614263
v -0.05885768 0.02363372 0.01046419
v -0.06057665 0.02411222 0.01036587
v -0.05902898 0.02402014 0.01172974
v -0.05859251 0.02324830 0.00838653
v -0.05835225 0.02316246 0.00635737
v -0.05504433 0.03051372 -0.02633462
v -0.05710156 0.02368275 0.01269606
v -0.05803644 0.02395459 0.01264457
v -0.05717868 0.02393216 0.01322379
v -0.05681279 0.02301365 0.01057247
v -0.05303122 0.03069108 -0.02639590
v -0.05505500 0.02304259 0.01280109
v -0.05529212 0.02390327 0.01437153
v -0.05256649 0.03073359 -0.02641972
v -0.05093650 0.02958150 -0.02644563
v -0.05099335 0.03090877 -0.02669361
v -0.05336720 0.02391321 0.01516596
v -0.05344304 0.02392929 0.01516076
v -0.05337124 0.02393031 0.01519135
v -0.05301382 0.02246721 0.01291660
v -0.04895858 0.03112140 -0.02696169
v -0.05134163 0.02352540 0.01531184
v -0.05143525 0.02398198 0.01586681
v -0.04694604 0.03129782 -0.02701753
v -0.04931508 0.02312595 0.01545584
v -0.04949087 0.02404731 0.01646218
v -0.04493602 0.03147012 -0.02704914
v -0.04727764 0.02259543 0.01557862
v -0.04754598 0.02411348 0.01705266
v -0.04294465 0.03161204 -0.02690272
v -0.04563617 0.02412248 0.01797825
v -0.04096360 0.03173714 -0.02665769
v -0.04354888 0.02289316 0.01805941
v -0.04544810 0.02412320 0.01807043
v -0.04372759 0.02412948 0.01891555
v -0.03899679 0.03183902 -0.02627658
v -0.04180213 0.02416399 0.01969163
v -0.03703247 0.03193687 -0.02587177
v -0.03986090 0.02422418 0.02031710
v -0.03506709 0.03203642 -0.02547698
v -0.03789440 0.02432556 0.02070119
v -0.03310589 0.03212917 -0.02504233
v -0.03591230 0.02445237 0.02093619
v -0.03114454 0.03222216 -0.02460912
v -0.03391926 0.02459701 0.02106666
v -0.02918983 0.03230432 -0.02411238
v -0.03193157 0.02473293 0.02124826
v -0.02723525 0.03238629 -0.02361449
v -0.02994963 0.02485947 0.02148488
v -0.02520072 0.03171431 -0.02338772
v -0.02528905 0.03245459 -0.02303653
v -0.02665235 0.03240362 -0.02342209
v -0.02796215 0.02499505 0.02166843
v -0.02315901 0.03113253 -0.02327324
v -0.02334603 0.03251772 -0.02242823
v -0.02597122 0.02513625 0.02181908
v -0.02140159 0.03258315 -0.02183345
v -0.02397575 0.02528484 0.02192642
v -0.01949065 0.03259399 -0.02091864
v -0.02197720 0.02543845 0.02200434
v -0.01749147 0.03208603 -0.02047762
v -0.01763198 0.03251965 -0.01950451
v -0.01881139 0.03258760 -0.02053023
v -0.01997724 0.02559438 0.02206867
v -0.01572659 0.03202983 -0.01826279
v -0.01590225 0.03223518 -0.01685866
v -0.01660355 0.03240856 -0.01828998
v -0.01542640 0.03122337 -0.02040861
v -0.01798986 0.02572979 0.02225327
v -0.01416659 0.03163403 -0.01408767
v -0.01431483 0.03171880 -0.01285341
v -0.01476923 0.03188413 -0.01410809
v -0.01554053 0.03215574 -0.01618216
v -0.01392738 0.03156077 -0.01611480
v -0.01366841 0.03125001 -0.01818037
v -0.01599360 0.02587967 0.02235301
v -0.01260749 0.03124910 -0.00991079
v -0.01266581 0.03130280 -0.00943651
v -0.01294506 0.03135904 -0.00992738
v -0.01394814 0.03161572 -0.01202826
v -0.01235890 0.03106314 -0.01195616
v -0.01211916 0.03098351 -0.01398432
v -0.01188600 0.03098297 -0.01599967
v -0.01398088 0.02605638 0.02229554
v -0.01081308 0.03083779 -0.00775345
v -0.01099791 0.03091757 -0.00620003
v -0.01165189 0.03112105 -0.00779294
v -0.01056986 0.03071634 -0.00978838
v -0.01032343 0.03055632 -0.01182955
v -0.01006983 0.03031003 -0.01388468
v -0.01194202 0.02627568 0.02198838
v -0.00926034 0.03052936 -0.00356419
v -0.00930023 0.03058087 -0.00324803
v -0.00953105 0.03061508 -0.00357790
v -0.01073417 0.03085887 -0.00570193
v -0.00900860 0.03030552 -0.00561569
v -0.00877198 0.03026334 -0.00763778
v -0.00853573 0.03022571 -0.00965914
v -0.00828533 0.03001797 -0.01170803
v -0.01174150 0.02629541 0.02196947
v -0.00990547 0.02581539 0.02207978
v -0.00991563 0.02647466 0.02180028
v -0.00747852 0.03026943 -0.00138234
v -0.00755149 0.03032738 -0.00078373
v -0.00793001 0.03039693 -0.00140785
v -0.00722554 0.03003069 -0.00343625
v -0.00696609 0.02971402 -0.00550278
v -0.00671709 0.02952314 -0.00754895
v -0.00785942 0.02518131 0.02218580
v -0.00787381 0.02669880 0.02146479
v -0.00568453 0.02986322 0.00077583
v -0.00585747 0.02998472 0.00220319
v -0.00668975 0.03015554 0.00072047
v -0.00543772 0.02969860 -0.00126608
v -0.00517996 0.02940228 -0.00332932
v -0.00580285 0.02697041 0.02085095
v -0.00389133 0.02946658 0.00293555
v -0.00410431 0.02973844 0.00462523
v -0.00544955 0.02991414 0.00284878
v -0.00363311 0.02916468 0.00087141
v -0.00337520 0.02886666 -0.00119210
v -0.00510181 0.02704463 0.02075267
v -0.00377399 0.02679645 0.02084933
v -0.00375260 0.02720828 0.02043499
v -0.00210204 0.02911687 0.00510286
v -0.00235828 0.02948053 0.00711539
v -0.00382971 0.02969720 0.00502101
v -0.00182790 0.02862353 0.00300773
v -0.00169594 0.02577774 0.02089308
v -0.00162489 0.02757238 0.01927899
v -0.00079236 0.02892788 0.01132673
v -0.00079333 0.02892753 0.01133534
v -0.00079453 0.02892883 0.01132666
v -0.00130818 0.02921705 0.00928239
v -0.00055815 0.02891476 0.00930934
v -0.00232308 0.02947297 0.00718014
v -0.00030333 0.02865385 0.00725184
v -0.00002694 0.02813353 0.00515234
v -0.00147043 0.02759998 0.01918788
v 0.00045389 0.02669877 0.01923558
v -0.00056385 0.02797973 0.01730790
v 0.00062341 0.02746343 0.01734411
v 0.00007280 0.02834208 0.01539669
v 0.00080820 0.02804451 0.01542291
v -0.00035825 0.02863562 0.01336198
v 0.00103824 0.02808153 0.01341364
v 0.00126423 0.02816724 0.01141225
v 0.00151322 0.02797630 0.00936608
v 0.00268463 0.02664709 0.01742062
v 0.00286530 0.02727763 0.01550743
v 0.00310256 0.02722786 0.01348411
v -0.06666631 0.02851892 -0.01195619
v -0.06711129 0.02920389 -0.01188592
v -0.06688513 0.02896836 -0.01031484
v -0.06639207 0.02802453 -0.01405149
v -0.06739641 0.02950684 -0.01390375
v -0.06615761 0.02800840 -0.01606936
v -0.06746533 0.02982372 -0.01589657
v -0.06762319 0.03013487 -0.01789969
v -0.06575549 0.02877924 -0.01997510
v -0.06737545 0.03047216 -0.01985588
v -0.06560638 0.02978936 -0.02182684
v -0.06672814 0.03083520 -0.02176585
v -0.06557399 0.03110506 -0.02283987
v -0.06575959 0.02756935 -0.00182492
v -0.06587503 0.02767694 -0.00181865
v -0.06579825 0.02763628 -0.00152803
v -0.06546602 0.02684250 -0.00395786
v -0.06649797 0.02795812 -0.00387557
v -0.06675631 0.02826279 -0.00589030
v -0.06684964 0.02857810 -0.00788595
v -0.06684289 0.02889986 -0.00987002
v -0.06338874 0.02989510 -0.02361632
v -0.06478071 0.03128203 -0.02352544
v -0.06337134 0.03159129 -0.02471173
v -0.06481105 0.02611679 0.00822491
v -0.06484154 0.02613692 0.00822515
v -0.06482159 0.02612457 0.00831170
v -0.06459862 0.02636553 0.00624991
v -0.06473722 0.02646497 0.00625237
v -0.06437729 0.02650728 0.00425760
v -0.06472092 0.02678734 0.00426940
v -0.06412001 0.02621677 0.00219530
v -0.06513873 0.02708174 0.00223622
v -0.06386879 0.02599903 0.00014479
v -0.06544853 0.02738310 0.00021553
v -0.06124639 0.03090608 -0.02525926
v -0.06208384 0.03177715 -0.02519832
v -0.06127111 0.03191060 -0.02560513
v -0.06295967 0.02502049 0.01027136
v -0.06435189 0.02584715 0.01026665
v -0.06323620 0.02560488 0.01233638
v -0.06271327 0.02486088 0.00823026
v -0.06248975 0.02497624 0.00623367
v -0.06225945 0.02501011 0.00422389
v -0.05918134 0.03221288 -0.02639871
v -0.06117502 0.02472656 0.01244771
v -0.06320819 0.02559953 0.01238380
v -0.06138944 0.02551113 0.01386430
v -0.06089720 0.02418910 0.01034543
v -0.05716298 0.03239878 -0.02651004
v -0.05945636 0.02522606 0.01475250
v -0.06015875 0.02547473 0.01472139
v -0.05952792 0.02544143 0.01525120
v -0.05913999 0.02422511 0.01257519
v -0.05634119 0.03246856 -0.02651889
v -0.05511505 0.03188887 -0.02648943
v -0.05514322 0.03258696 -0.02663481
v -0.05741866 0.02469255 0.01487479
v -0.05764026 0.02541434 0.01638831
v -0.05305045 0.03103186 -0.02641950
v -0.05312103 0.03277910 -0.02678275
v -0.05539061 0.02427499 0.01501586
v -0.05570797 0.02545996 0.01709922
v -0.05108196 0.03299875 -0.02709194
v -0.05373275 0.02557557 0.01739989
v -0.04905981 0.03319081 -0.02723947
v -0.05174246 0.02571571 0.01755674
v -0.04705938 0.03334750 -0.02717962
v -0.04976780 0.02576623 0.01789853
v -0.05016493 0.02579746 0.01786229
v -0.04977659 0.02581608 0.01794678
v -0.04507216 0.03348265 -0.02699349
v -0.04773763 0.02532323 0.01803548
v -0.04783555 0.02587597 0.01857403
v -0.04309262 0.03360529 -0.02673402
v -0.04565659 0.02426857 0.01807341
v -0.04589896 0.02592861 0.01924383
v -0.04112460 0.03370915 -0.02636453
v -0.04395024 0.02600102 0.01979772
v -0.03916607 0.03379755 -0.02590433
v -0.04199693 0.02608092 0.02030770
v -0.03720806 0.03388510 -0.02543920
v -0.04003568 0.02617374 0.02074192
v -0.03526652 0.03394581 -0.02481674
v -0.03805434 0.02629931 0.02098417
v -0.03333668 0.03398745 -0.02408246
v -0.03605659 0.02645162 0.02106971
v -0.03133269 0.03354199 -0.02371783
v -0.03139512 0.03404818 -0.02346015
v -0.03242129 0.03401007 -0.02375194
v -0.03405742 0.02660625 0.02114162
v -0.02928773 0.03292107 -0.02360969
v -0.02945036 0.03411414 -0.02286846
v -0.03206819 0.02674467 0.02130858
v -0.02726502 0.03256774 -0.02345822
v -0.02750450 0.03418190 -0.02228727
v -0.03007839 0.02688403 0.02147001
v -0.02558900 0.03420016 -0.02141601
v -0.02808565 0.02702818 0.02160340
v -0.02362598 0.03394423 -0.02080279
v -0.02370226 0.03417157 -0.02027003
v -0.02443393 0.03420349 -0.02084314
v -0.02608874 0.02717912 0.02169691
v -0.02160001 0.03355169 -0.02065768
v -0.02185454 0.03407939 -0.01875135
v -0.02407553 0.02735662 0.02163482
v -0.02009141 0.03377386 -0.01638251
v -0.02011987 0.03380296 -0.01615265
v -0.02029771 0.03382740 -0.01639498
v -0.02162518 0.03406318 -0.01853339
v -0.01984412 0.03360347 -0.01842536
v -0.01954825 0.03284906 -0.02056276
v -0.02205522 0.02754570 0.02150479
v -0.01829481 0.03333631 -0.01422942
v -0.01842495 0.03346176 -0.01317423
v -0.01903989 0.03358714 -0.01426463
v -0.01804862 0.03317915 -0.01627013
v -0.01779532 0.03293640 -0.01832469
v -0.02004914 0.02771159 0.02151070
v -0.01671314 0.03268005 -0.01009647
v -0.01692932 0.03279580 -0.00829214
v -0.01753286 0.03304161 -0.01012060
v -0.01804882 0.03332968 -0.01216513
v -0.01647416 0.03260958 -0.01212314
v -0.01623119 0.03249112 -0.01415758
v -0.01598448 0.03232760 -0.01619932
v -0.01805180 0.02786323 0.02160018
v -0.01514647 0.03220412 -0.00593432
v -0.01530925 0.03233263 -0.00459875
v -0.01603746 0.03249533 -0.00597791
v -0.01684158 0.03276483 -0.00805578
v -0.01490192 0.03206657 -0.00797185
v -0.01465498 0.03190043 -0.01001401
v -0.01441158 0.03177678 -0.01204930
v -0.01782655 0.02788150 0.02160306
v -0.01604316 0.02771174 0.02176078
v -0.01605003 0.02802208 0.02164734
v -0.01335845 0.03186968 -0.00376453
v -0.01356895 0.03206539 -0.00205390
v -0.01474597 0.03225724 -0.00384367
v -0.01311030 0.03168887 -0.00580907
v -0.01286132 0.03149820 -0.00785520
v -0.01400779 0.02720622 0.02188761
v -0.01402402 0.02822046 0.02146282
v -0.01182259 0.03176408 0.00045757
v -0.01183973 0.03178008 0.00059690
v -0.01194180 0.03179530 0.00045041
v -0.01329745 0.03202926 -0.00169126
v -0.01156998 0.03152981 -0.00159563
v -0.01131477 0.03126414 -0.00365390
v -0.01105669 0.03096406 -0.00571774
v -0.01194328 0.02635019 0.02195770
v -0.01196016 0.02848051 0.02091680
v -0.01003838 0.03147549 0.00263477
v -0.01008830 0.03153098 0.00303540
v -0.01043013 0.03157140 0.00261013
v -0.00977834 0.03115181 0.00056711
v -0.00952476 0.03090580 -0.00148798
v -0.01035625 0.02868424 0.02048234
v -0.00989902 0.02854062 0.02050570
v -0.00988475 0.02875937 0.02026048
v -0.00824726 0.03110377 0.00479853
v -0.00836867 0.03123005 0.00577778
v -0.00893404 0.03134649 0.00476804
v -0.00799835 0.03091385 0.00275252
v -0.00773293 0.03052554 0.00067439
v -0.00787236 0.02813979 0.02064947
v -0.00780694 0.02904215 0.01958125
v -0.00645758 0.03074935 0.00696508
v -0.00666557 0.03090219 0.00867796
v -0.00769396 0.03110508 0.00689634
v -0.00619570 0.03040355 0.00489383
v -0.00593443 0.03006501 0.00282376
v -0.00580596 0.02726112 0.02071589
v -0.00574441 0.02930003 0.01904793
v -0.00512429 0.03027663 0.01314301
v -0.00515502 0.03026053 0.01341764
v -0.00521206 0.03030105 0.01313799
v -0.00576158 0.03058696 0.01108957
v -0.00490176 0.03040386 0.01114834
v -0.00647294 0.03086245 0.00902243
v -0.00466539 0.03036473 0.00912674
v -0.00441468 0.03015327 0.00707724
v -0.00415268 0.02980599 0.00500576
v -0.00570914 0.02930505 0.01903504
v -0.00370252 0.02874000 0.01914871
v -0.00503454 0.02966985 0.01712823
v -0.00351123 0.02924284 0.01721484
v -0.00461539 0.03001818 0.01519186
v -0.00331828 0.02972581 0.01527777
v -0.00308770 0.02975634 0.01326745
v -0.00285975 0.02981844 0.01126223
v -0.00262025 0.02974175 0.00923455
v -0.00236616 0.02948958 0.00717847
v -0.00162127 0.02768281 0.01918622
v -0.00144808 0.02840330 0.01728760
v -0.00125982 0.02894263 0.01535964
v -0.00102314 0.02889983 0.01333745
v -0.06802237 0.03206840 -0.01965129
v -0.06818264 0.03239837 -0.01961178
v -0.06824760 0.03208571 -0.01771386
v -0.06795692 0.03255942 -0.02049064
v -0.06769742 0.02970501 -0.00370312
v -0.06778540 0.02985337 -0.00368701
v -0.06774546 0.02980071 -0.00334118
v -0.06744172 0.02943341 -0.00576235
v -0.06785990 0.03016990 -0.00568048
v -0.06718733 0.02917770 -0.00781901
v -0.06794411 0.03048579 -0.00767508
v -0.06694662 0.02908642 -0.00984905
v -0.06798603 0.03080442 -0.00966478
v -0.06815879 0.03111461 -0.01166961
v -0.06832328 0.03142533 -0.01367349
v -0.06826613 0.03175034 -0.01565173
v -0.06825216 0.03207256 -0.01763497
v -0.06773489 0.03274854 -0.02154484
v -0.06559422 0.03244597 -0.02341203
v -0.06613654 0.03317287 -0.02334480
v -0.06559630 0.03330308 -0.02387153
v -0.06652985 0.02842181 0.00435887
v -0.06677003 0.02863351 0.00436985
v -0.06673888 0.02833775 0.00621277
v -0.06627958 0.02821565 0.00231023
v -0.06707236 0.02893535 0.00235002
v -0.06602093 0.02790865 0.00024527
v -0.06730893 0.02924143 0.00033780
v -0.06755658 0.02954679 -0.00167569
v -0.06341933 0.03306576 -0.02511830
v -0.06386363 0.03364068 -0.02506673
v -0.06343301 0.03372517 -0.02536744
v -0.06535618 0.02706535 0.01240900
v -0.06580518 0.02741039 0.01242086
v -0.06542015 0.02738350 0.01278482
v -0.06506959 0.02642250 0.01028967
v -0.06648294 0.02768804 0.01035761
v -0.06675744 0.02799167 0.00834101
v -0.06673992 0.02831413 0.00635818
v -0.06132487 0.03405738 -0.02633644
v -0.06324236 0.02561656 0.01238312
v -0.06360373 0.02724031 0.01460251
v -0.05930154 0.03425137 -0.02649526
v -0.06152362 0.02611515 0.01468777
v -0.06351008 0.02723698 0.01467120
v -0.06175130 0.02715580 0.01607623
v -0.05891687 0.03428079 -0.02647936
v -0.05721807 0.03320781 -0.02648457
v -0.05728767 0.03442994 -0.02656368
v -0.05982598 0.02686732 0.01703346
v -0.06026174 0.02712499 0.01703181
v -0.05987254 0.02711419 0.01729847
v -0.05526074 0.03462981 -0.02675694
v -0.05775723 0.02596036 0.01709530
v -0.05797450 0.02710401 0.01833647
v -0.05324215 0.03481609 -0.02687051
v -0.05573296 0.02558824 0.01724373
v -0.05603021 0.02716921 0.01893265
v -0.05122554 0.03499914 -0.02696521
v -0.05374412 0.02564217 0.01746112
v -0.05402928 0.02732669 0.01898783
v -0.04922574 0.03515478 -0.02689920
v -0.05177375 0.02591813 0.01771446
v -0.05203679 0.02747044 0.01912358
v -0.04722272 0.03531568 -0.02686401
v -0.05006896 0.02757398 0.01949495
v -0.04522881 0.03546174 -0.02674184
v -0.04810165 0.02767670 0.01987120
v -0.04327314 0.03554548 -0.02625437
v -0.04612100 0.02780114 0.02012009
v -0.04132338 0.03561958 -0.02571039
v -0.04413931 0.02792728 0.02035898
v -0.03937784 0.03568681 -0.02512614
v -0.04215731 0.02805392 0.02059499
v -0.03743325 0.03575248 -0.02453276
v -0.04017800 0.02817618 0.02085669
v -0.03547103 0.03536592 -0.02383989
v -0.03551891 0.03576887 -0.02365048
v -0.03597050 0.03575957 -0.02382502
v -0.03818885 0.02831448 0.02102435
v -0.03339316 0.03434930 -0.02379580
v -0.03359065 0.03580794 -0.02290116
v -0.03618540 0.02847609 0.02105535
v -0.03168662 0.03580751 -0.02192031
v -0.03416867 0.02865932 0.02095962
v -0.02975256 0.03570706 -0.02114340
v -0.02977992 0.03581145 -0.02096503
v -0.03011430 0.03581564 -0.02116275
v -0.03219420 0.02877369 0.02126755
v -0.02771015 0.03511683 -0.02103029
v -0.02789757 0.03577570 -0.01977714
v -0.03020812 0.02890698 0.02146453
v -0.02598597 0.03554993 -0.01873625
v -0.02605933 0.03566806 -0.01816781
v -0.02646980 0.03572919 -0.01875632
v -0.02567042 0.03455888 -0.02091195
v -0.02819820 0.02907914 0.02143375
v -0.02419050 0.03512593 -0.01658096
v -0.02432989 0.03538312 -0.01551923
v -0.02503357 0.03550042 -0.01660533
v -0.02392540 0.03474142 -0.01865847
v -0.02617644 0.02927057 0.02128996
v -0.02264674 0.03492539 -0.01237423
v -0.02268779 0.03495585 -0.01203628
v -0.02281592 0.03500069 -0.01237910
v -0.02373205 0.03526297 -0.01446992
v -0.02239186 0.03466380 -0.01443184
v -0.02212894 0.03430544 -0.01650512
v -0.02188099 0.03412715 -0.01854925
v -0.02462361 0.02942168 0.02115427
v -0.02414522 0.02926014 0.02117679
v -0.02415367 0.02946366 0.02113643
v -0.02084540 0.03443085 -0.01023036
v -0.02105143 0.03451922 -0.00849848
v -0.02176522 0.03474708 -0.01027270
v -0.02060066 0.03429110 -0.01226825
v -0.02034467 0.03401612 -0.01432803
v -0.02208371 0.02844018 0.02125272
v -0.02212911 0.02965966 0.02096582
v -0.01950608 0.03388553 -0.00406418
v -0.01953114 0.03389344 -0.00385190
v -0.01961886 0.03392143 -0.00406987
v -0.02054250 0.03418323 -0.00616156
v -0.01926505 0.03379046 -0.00609484
v -0.02092690 0.03447978 -0.00819088
v -0.01903675 0.03384840 -0.00810072
v -0.01878983 0.03368236 -0.01014287
v -0.01854818 0.03357980 -0.01217474
v -0.02005676 0.02803594 0.02139594
v -0.02010103 0.02986139 0.02076167
v -0.01770385 0.03338029 -0.00192205
v -0.01789055 0.03346371 -0.00035458
v -0.01864039 0.03366316 -0.00197183
v -0.01745179 0.03315256 -0.00397418
v -0.01720178 0.03294938 -0.00602234
v -0.01695757 0.03281605 -0.00805919
v -0.01805259 0.02790547 0.02158348
v -0.01807434 0.03006088 0.02057064
v -0.01591314 0.03301352 0.00024251
v -0.01614340 0.03320763 0.00212489
v -0.01759054 0.03340949 0.00013446
v -0.01565593 0.03272378 -0.00181966
v -0.01539914 0.03243919 -0.00388100
v -0.01603725 0.03027729 0.02028039
v -0.01412180 0.03263908 0.00240582
v -0.01437229 0.03299060 0.00437542
v -0.01602900 0.03318880 0.00229995
v -0.01386532 0.03235823 0.00034509
v -0.01361179 0.03211281 -0.00170991
v -0.01562377 0.03032300 0.02021049
v -0.01400423 0.02996624 0.02031916
v -0.01394841 0.03057805 0.01949577
v -0.01260080 0.03271233 0.00665687
v -0.01262746 0.03273073 0.00687708
v -0.01276936 0.03275622 0.00664671
v -0.01426870 0.03298092 0.00448842
v -0.01234978 0.03249699 0.00460674
v -0.01208123 0.03207106 0.00252253
v -0.01196683 0.02943626 0.02044203
v -0.01202866 0.03087601 0.01864150
v -0.01185074 0.03084328 0.01865454
v -0.01182320 0.03093808 0.01836367
v -0.01102949 0.03218058 0.01080998
v -0.01106105 0.03218010 0.01108309
v -0.01114531 0.03221823 0.01080428
v -0.01172618 0.03250212 0.00875223
v -0.01080048 0.03222995 0.00880271
v -0.01055652 0.03209954 0.00676633
v -0.01029980 0.03181577 0.00470513
v -0.00981915 0.03038325 0.01878874
v -0.01073381 0.03128078 0.01680643
v -0.00964082 0.03104192 0.01688010
v -0.00999120 0.03164996 0.01490748
v -0.00944643 0.03150759 0.01494022
v -0.01045476 0.03194141 0.01286901
v -0.00921849 0.03156986 0.01293504
v -0.00898408 0.03155421 0.01091724
v -0.00875210 0.03156793 0.00890420
v -0.00850035 0.03134390 0.00685267
v -0.00777025 0.02971491 0.01888920
v -0.00759821 0.03044929 0.01699283
v -0.00740350 0.03091111 0.01505232
v -0.00716746 0.03087593 0.01303137
v -0.00693253 0.03085413 0.01101257
v -0.00670546 0.03092691 0.00900909
v -0.00574352 0.02931325 0.01903284
v -0.00555072 0.02979799 0.01709605
v -0.00535122 0.03020220 0.01514623
v -0.06859331 0.03332724 -0.01541697
v -0.06868613 0.03370149 -0.01536284
v -0.06870937 0.03356757 -0.01454751
v -0.06825889 0.03210925 -0.01762941
v -0.06870346 0.03402170 -0.01734970
v -0.06859710 0.03434988 -0.01932225
v -0.06791589 0.03359099 -0.02142007
v -0.06823430 0.03469458 -0.02126513
v -0.06796176 0.03478590 -0.02168922
v -0.06848167 0.03072569 0.00250791
v -0.06854395 0.03081874 0.00251727
v -0.06852594 0.03076317 0.00286977
v -0.06824521 0.03068555 0.00048615
v -0.06856656 0.03113860 0.00052980
v -0.06798562 0.03036730 -0.00158063
v -0.06859442 0.03145813 -0.00145827
v -0.06874147 0.03176998 -0.00346013
v -0.06881676 0.03208645 -0.00545369
v -0.06880244 0.03240870 -0.00743689
v -0.06882418 0.03272862 -0.00942426
v -0.06880293 0.03305132 -0.01140665
v -0.06876322 0.03337520 -0.01338691
v -0.06720491 0.03508225 -0.02313091
v -0.06565382 0.03544371 -0.02456685
v -0.06724782 0.02864575 0.01044092
v -0.06804497 0.02956560 0.01051439
v -0.06751700 0.02930407 0.01240114
v -0.06698272 0.02826115 0.00836339
v -0.06839093 0.02986463 0.00848952
v -0.06675548 0.02833185 0.00635957
v -0.06838355 0.03018643 0.00650553
v -0.06846225 0.03050268 0.00451157
v -0.06523427 0.03553057 -0.02488780
v -0.06349932 0.03585148 -0.02597875
v -0.06747779 0.02928082 0.01256486
v -0.06574517 0.02908821 0.01464483
v -0.06145550 0.03607887 -0.02633334
v -0.06361572 0.02730273 0.01467136
v -0.06565877 0.02907673 0.01476012
v -0.06391048 0.02897478 0.01628803
v -0.06067210 0.03614590 -0.02634492
v -0.05932377 0.03455908 -0.02647448
v -0.05942541 0.03628388 -0.02655673
v -0.06192012 0.02807953 0.01702104
v -0.06288632 0.02893407 0.01706568
v -0.06206200 0.02888385 0.01779944
v -0.05741231 0.03646121 -0.02661788
v -0.06015132 0.02889426 0.01871672
v -0.05538940 0.03665452 -0.02677270
v -0.05820697 0.02895955 0.01931235
v -0.05338944 0.03681043 -0.02670827
v -0.05624002 0.02906166 0.01969214
v -0.05139948 0.03695005 -0.02654837
v -0.05426472 0.02917738 0.01999215
v -0.04941751 0.03707665 -0.02631212
v -0.05226085 0.02897179 0.02022408
v -0.05371503 0.02920379 0.02011143
v -0.05230375 0.02926976 0.02042898
v -0.04742775 0.03721593 -0.02615025
v -0.05025783 0.02885524 0.02041387
v -0.05033718 0.02937125 0.02081239
v -0.04544485 0.03734404 -0.02592286
v -0.04830004 0.02928244 0.02069170
v -0.04833365 0.02953299 0.02084267
v -0.04349944 0.03741106 -0.02533735
v -0.04793583 0.02957623 0.02077994
v -0.04631016 0.02972725 0.02068226
v -0.04155533 0.03747596 -0.02473943
v -0.04430738 0.02988776 0.02071976
v -0.03962508 0.03751827 -0.02400915
v -0.04231484 0.03003158 0.02085502
v -0.03758074 0.03676534 -0.02382200
v -0.03768693 0.03757345 -0.02335425
v -0.03925841 0.03752590 -0.02386788
v -0.04031726 0.03018361 0.02094221
v -0.03578686 0.03756658 -0.02233563
v -0.03831467 0.03034381 0.02098144
v -0.03386639 0.03723631 -0.02131317
v -0.03393040 0.03748864 -0.02090041
v -0.03435720 0.03752043 -0.02131607
v -0.03629092 0.03053849 0.02081861
v -0.03179984 0.03635582 -0.02124704
v -0.03208173 0.03739801 -0.01939080
v -0.03427119 0.03072662 0.02069418
v -0.03008776 0.03693440 -0.01892945
v -0.03024886 0.03728161 -0.01773017
v -0.03151936 0.03738199 -0.01900295
v -0.03227521 0.03087605 0.02079657
v -0.02833155 0.03698242 -0.01669774
v -0.02843855 0.03712846 -0.01585409
v -0.02911932 0.03721534 -0.01674048
v -0.02804278 0.03631332 -0.01882133
v -0.03029303 0.03100298 0.02103087
v -0.02653635 0.03656170 -0.01454192
v -0.02677748 0.03673210 -0.01255232
v -0.02767923 0.03698682 -0.01458904
v -0.02626260 0.03607314 -0.01663628
v -0.02898959 0.03111854 0.02098671
v -0.02826953 0.03091532 0.02102742
v -0.02828099 0.03117860 0.02097980
v -0.02541049 0.03578001 -0.00639875
v -0.02547136 0.03575730 -0.00585985
v -0.02557462 0.03583716 -0.00640618
v -0.02615172 0.03612129 -0.00845779
v -0.02517954 0.03580614 -0.00840978
v -0.02663662 0.03641136 -0.01049873
v -0.02494817 0.03582709 -0.01042166
v -0.02675903 0.03672480 -0.01249774
v -0.02471636 0.03584282 -0.01243437
v -0.02446394 0.03561072 -0.01448721
v -0.02620339 0.03003981 0.02109435
v -0.02625585 0.03137553 0.02080374
v -0.02359787 0.03514981 -0.00427684
v -0.02382431 0.03533810 -0.00242423
v -0.02510249 0.03554626 -0.00436672
v -0.02336761 0.03518418 -0.00628654
v -0.02314175 0.03527138 -0.00828769
v -0.02289735 0.03513581 -0.01032490
v -0.02421310 0.03160118 0.02045935
v -0.02204768 0.03487204 -0.00008262
v -0.02217323 0.03492545 0.00097299
v -0.02256875 0.03506690 -0.00010392
v -0.02369464 0.03531566 -0.00221901
v -0.02180330 0.03473660 -0.00211981
v -0.02156029 0.03461771 -0.00415432
v -0.02131560 0.03447856 -0.00619211
v -0.02108715 0.03453467 -0.00819829
v -0.02215543 0.03185115 0.01997243
v -0.02024223 0.03432798 0.00205324
v -0.02048783 0.03456874 0.00404234
v -0.02171833 0.03480038 0.00197930
v -0.01999311 0.03413555 0.00000682
v -0.01975293 0.03405073 -0.00202218
v -0.02162382 0.03191455 0.01985390
v -0.02010422 0.03140933 0.01992679
v -0.02007875 0.03213208 0.01930400
v -0.01846107 0.03407602 0.00423638
v -0.01868849 0.03439772 0.00602318
v -0.02044068 0.03456139 0.00411195
v -0.01820027 0.03374316 0.00216723
v -0.01794709 0.03350192 0.00011291
v -0.01807126 0.03093279 0.02005831
v -0.01798340 0.03244345 0.01845713
v -0.01693243 0.03405738 0.00847255
v -0.01699983 0.03404633 0.00906132
v -0.01716555 0.03412981 0.00846051
v -0.01844825 0.03436847 0.00632728
v -0.01668243 0.03385434 0.00642442
v -0.01642139 0.03351869 0.00435482
v -0.01616379 0.03322423 0.00229188
v -0.01603763 0.03044808 0.02018850
v -0.01763111 0.03249318 0.01833091
v -0.01594585 0.03214745 0.01844835
v -0.01666027 0.03287707 0.01645836
v -0.01574968 0.03259167 0.01650500
v -0.01611517 0.03323353 0.01453656
v -0.01555771 0.03308644 0.01456983
v -0.01636047 0.03353904 0.01252334
v -0.01533913 0.03326124 0.01258286
v -0.01653916 0.03384885 0.01051782
v -0.01512354 0.03347196 0.01060171
v -0.01489034 0.03347100 0.00858629
v -0.01464510 0.03332525 0.00654743
v -0.01438572 0.03300941 0.00448103
v -0.01389345 0.03143715 0.01854202
v -0.01371553 0.03210076 0.01663419
v -0.01352901 0.03266110 0.01470963
v -0.01331013 0.03283224 0.01272207
v -0.01308316 0.03290613 0.01071877
v -0.01284906 0.03289431 0.00870159
v -0.01167421 0.03152366 0.01674942
v -0.01149202 0.03213606 0.01483330
v -0.01126435 0.03220148 0.01282863
v -0.06892322 0.03449107 -0.01321330
v -0.06905666 0.03533451 -0.01308338
v -0.06907819 0.03520088 -0.01226901
v -0.06891421 0.03566502 -0.01505175
v -0.06893762 0.03598483 -0.01703931
v -0.06884367 0.03631221 -0.01901329
v -0.06877548 0.03663793 -0.02099026
v -0.06802063 0.03692434 -0.02237162
v -0.06925071 0.03156362 0.00868936
v -0.06935896 0.03178046 0.00871502
v -0.06930870 0.03172191 0.00910251
v -0.06899308 0.03126894 0.00662639
v -0.06947348 0.03209441 0.00671692
v -0.06873816 0.03100669 0.00456867
v -0.06954984 0.03241081 0.00472324
v -0.06953650 0.03273299 0.00273993
v -0.06938319 0.03306420 0.00077281
v -0.06928518 0.03339184 -0.00120070
v -0.06928959 0.03371288 -0.00318607
v -0.06926373 0.03403587 -0.00516792
v -0.06920960 0.03436068 -0.00714651
v -0.06915132 0.03468576 -0.00912462
v -0.06912026 0.03500909 -0.01110588
v -0.06780024 0.03702210 -0.02286230
v -0.06572228 0.03678856 -0.02472428
v -0.06607862 0.03745438 -0.02464800
v -0.06575095 0.03751981 -0.02488388
v -0.06754616 0.02942994 0.01258314
v -0.06849707 0.03119336 0.01278442
v -0.06776219 0.03113886 0.01349860
v -0.06909654 0.03147605 0.01073023
v -0.06361929 0.03789034 -0.02607748
v -0.06578078 0.02936762 0.01479698
v -0.06651163 0.03099999 0.01499894
v -0.06596176 0.03096962 0.01546903
v -0.06207182 0.03803392 -0.02616936
v -0.06154950 0.03735336 -0.02623078
v -0.06159499 0.03808592 -0.02624560
v -0.06412430 0.03086071 0.01708579
v -0.05955825 0.03830177 -0.02653255
v -0.06382943 0.03085152 0.01729406
v -0.06226671 0.03078461 0.01851023
v -0.05754794 0.03847456 -0.02656707
v -0.06033359 0.03083159 0.01921315
v -0.05554827 0.03863000 -0.02649989
v -0.05837802 0.03091516 0.01970162
v -0.05356958 0.03875124 -0.02623226
v -0.05635396 0.03025190 0.02001398
v -0.05691251 0.03097595 0.02007903
v -0.05642906 0.03098797 0.02025315
v -0.05159560 0.03886482 -0.02591967
v -0.05431322 0.02968184 0.02013036
v -0.05445781 0.03109709 0.02059186
v -0.04962917 0.03896608 -0.02553495
v -0.05247174 0.03123037 0.02078896
v -0.04766799 0.03905880 -0.02510007
v -0.05060405 0.03138250 0.02080877
v -0.05046231 0.03131372 0.02081187
v -0.05046778 0.03139280 0.02081512
v -0.04569774 0.03916631 -0.02475193
v -0.04835302 0.02991938 0.02079481
v -0.04845211 0.03157432 0.02072943
v -0.04375890 0.03922260 -0.02410358
v -0.04643652 0.03175571 0.02064452
v -0.04170651 0.03843810 -0.02396853
v -0.04182835 0.03926540 -0.02337613
v -0.04359395 0.03922472 -0.02403192
v -0.04443378 0.03191615 0.02068240
v -0.03964822 0.03765699 -0.02388632
v -0.03991617 0.03927827 -0.02247324
v -0.04243960 0.03206264 0.02080203
v -0.03801170 0.03914405 -0.02142165
v -0.03803923 0.03923371 -0.02123367
v -0.03828776 0.03924535 -0.02143327
v -0.04042793 0.03223764 0.02075454
v -0.03594802 0.03829806 -0.02134994
v -0.03621931 0.03909621 -0.01944931
v -0.03841255 0.03241868 0.02067164
v -0.03445262 0.03867905 -0.01704907
v -0.03450899 0.03878011 -0.01661803
v -0.03479561 0.03882775 -0.01705961
v -0.03597066 0.03907335 -0.01918039
v -0.03418906 0.03831297 -0.01912360
v -0.03638876 0.03261342 0.02050848
v -0.03267643 0.03848683 -0.01485626
v -0.03274102 0.03855796 -0.01433754
v -0.03304490 0.03861925 -0.01487224
v -0.03241785 0.03818070 -0.01692109
v -0.03213471 0.03757920 -0.01903373
v -0.03611678 0.03263745 0.02049974
v -0.03433016 0.03188523 0.02055844
v -0.03438316 0.03277852 0.02051898
v -0.03111150 0.03803178 -0.01069074
v -0.03115045 0.03804672 -0.01036234
v -0.03124917 0.03809233 -0.01069482
v -0.03181758 0.03837702 -0.01274542
v -0.03088170 0.03807165 -0.01269955
v -0.03064194 0.03799178 -0.01472774
v -0.03037258 0.03755606 -0.01681354
v -0.03230359 0.03148543 0.02070239
v -0.03237991 0.03293980 0.02055193
v -0.02974711 0.03718505 -0.00457335
v -0.02976433 0.03720229 -0.00443408
v -0.02982737 0.03721999 -0.00457580
v -0.03022420 0.03751574 -0.00660655
v -0.02951792 0.03723236 -0.00658096
v -0.03056315 0.03781522 -0.00863061
v -0.02928778 0.03726811 -0.00859044
v -0.02906042 0.03733739 -0.01059449
v -0.02883679 0.03745147 -0.01259128
v -0.02859111 0.03730036 -0.01463101
v -0.03030604 0.03143464 0.02090283
v -0.03036208 0.03312484 0.02044564
v -0.02795022 0.03674404 -0.00242082
v -0.02804953 0.03689348 -0.00164555
v -0.02860220 0.03697762 -0.00244922
v -0.02769477 0.03647549 -0.00447956
v -0.02746239 0.03648435 -0.00649339
v -0.02722785 0.03646723 -0.00851143
v -0.02699983 0.03652857 -0.01051676
v -0.02678388 0.03673497 -0.01249861
v -0.02832499 0.03334125 0.02015540
v -0.02616723 0.03647003 -0.00024125
v -0.02635562 0.03655064 0.00134249
v -0.02701750 0.03675842 -0.00028106
v -0.02590294 0.03609523 -0.00231719
v -0.02563746 0.03570612 -0.00439545
v -0.02627334 0.03358140 0.01972600
v -0.02459113 0.03588068 0.00390254
v -0.02473623 0.03608636 0.00504235
v -0.02552302 0.03621208 0.00386152
v -0.02616328 0.03649215 0.00180261
v -0.02435104 0.03579687 0.00187370
v -0.02410529 0.03564500 -0.00016615
v -0.02384897 0.03536603 -0.00222657
v -0.02602665 0.03360903 0.01968207
v -0.02422884 0.03306835 0.01977803
v -0.02420991 0.03384076 0.01918404
v -0.02281471 0.03568574 0.00609491
v -0.02303856 0.03574964 0.00799450
v -0.02392688 0.03599362 0.00603101
v -0.02254650 0.03526376 0.00401133
v -0.02229035 0.03498688 0.00195124
v -0.02215992 0.03215935 0.01983954
v -0.02209580 0.03418269 0.01815803
v -0.02146553 0.03502191 0.01224190
v -0.02160435 0.03498358 0.01346336
v -0.02188241 0.03516140 0.01222206
v -0.02227657 0.03545733 0.01019161
v -0.02124580 0.03518287 0.01025269
v -0.02298136 0.03573323 0.00812523
v -0.02101619 0.03522509 0.00824426
v -0.02076825 0.03504684 0.00620014
v -0.02049601 0.03457642 0.00410872
v -0.02208633 0.03418429 0.01815302
v -0.02003735 0.03340826 0.01823513
v -0.02125893 0.03455894 0.01626388
v -0.01986225 0.03410577 0.01633278
v -0.02129255 0.03487809 0.01427514
v -0.01966018 0.03447910 0.01437795
v -0.01943887 0.03462103 0.01238567
v -0.01921189 0.03469480 0.01038234
v -0.01897924 0.03470048 0.00836800
v -0.01872492 0.03444553 0.00631146
v -0.01797517 0.03258031 0.01830976
v -0.01780793 0.03337233 0.01642271
v -0.01761122 0.03381007 0.01447831
v -0.01738464 0.03388867 0.01247577
v -0.01716418 0.03404085 0.01048514
v -0.06921980 0.03730222 -0.01276477
v -0.06928361 0.03710051 -0.01155155
v -0.06917206 0.03762662 -0.01474410
v -0.06903543 0.03795675 -0.01671315
v -0.06901789 0.03827920 -0.01869597
v -0.06893001 0.03860619 -0.02067066
v -0.06804370 0.03793055 -0.02273281
v -0.06838157 0.03896286 -0.02259207
v -0.06809125 0.03904364 -0.02294188
v -0.06960561 0.03302791 0.01094168
v -0.06973351 0.03341322 0.01099402
v -0.06966635 0.03337346 0.01127417
v -0.06997549 0.03371895 0.00898118
v -0.07000709 0.03403824 0.00699267
v -0.07010593 0.03435320 0.00499639
v -0.07001447 0.03468041 0.00302211
v -0.06993393 0.03500693 0.00104658
v -0.06976912 0.03533887 -0.00091921
v -0.06957749 0.03567255 -0.00288189
v -0.06948759 0.03599967 -0.00485634
v -0.06939542 0.03632693 -0.00683053
v -0.06935365 0.03665095 -0.00881055
v -0.06933370 0.03697356 -0.01079310
v -0.06693357 0.03937750 -0.02440942
v -0.06583156 0.03962282 -0.02535860
v -0.06923812 0.03312383 0.01303618
v -0.06797661 0.03302381 0.01430208
v -0.06376330 0.03989003 -0.02594660
v -0.06700473 0.03294643 0.01527938
v -0.06613799 0.03291680 0.01590770
v -0.06315658 0.03994223 -0.02595737
v -0.06173697 0.04008892 -0.02613412
v -0.06429631 0.03281477 0.01748411
v -0.05970964 0.04028943 -0.02633118
v -0.06410954 0.03281169 0.01759913
v -0.06242772 0.03275660 0.01880348
v -0.05771122 0.04044283 -0.02625203
v -0.06049104 0.03280939 0.01947236
v -0.05573814 0.04055495 -0.02593091
v -0.05854481 0.03287774 0.02005004
v -0.05378981 0.04062671 -0.02537324
v -0.05789179 0.03289106 0.02030323
v -0.05664505 0.03287035 0.02107170
v -0.05184406 0.04069429 -0.02479101
v -0.05464991 0.03301842 0.02118211
v -0.04983726 0.04033142 -0.02449668
v -0.04989263 0.04077111 -0.02426297
v -0.05117084 0.04071465 -0.02457091
v -0.05321877 0.03319222 0.02084378
v -0.05254139 0.03234487 0.02077014
v -0.05260420 0.03324888 0.02080953
v -0.04782219 0.04006993 -0.02433035
v -0.04792855 0.04086856 -0.02385585
v -0.05059614 0.03341799 0.02079655
v -0.04580495 0.03978231 -0.02416825
v -0.04599818 0.04091106 -0.02312664
v -0.04855423 0.03364228 0.02046015
v -0.04376995 0.03928114 -0.02404072
v -0.04410202 0.04089781 -0.02207064
v -0.04652896 0.03383943 0.02028285
v -0.04212696 0.04069046 -0.02158864
v -0.04219545 0.04090154 -0.02111415
v -0.04323355 0.04090484 -0.02166790
v -0.04451733 0.03401436 0.02023575
v -0.04007813 0.04002303 -0.02148802
v -0.04034479 0.04081414 -0.01962351
v -0.04251256 0.03417812 0.02025415
v -0.03859025 0.04049449 -0.01717250
v -0.03862074 0.04052042 -0.01692343
v -0.03876486 0.04055018 -0.01718128
v -0.04003239 0.04078982 -0.01931276
v -0.03833103 0.04018054 -0.01923859
v -0.04169546 0.03425616 0.02019190
v -0.04048342 0.03396890 0.02026977
v -0.04050045 0.03435383 0.02020250
v -0.03679360 0.04005621 -0.01501953
v -0.03694109 0.04015434 -0.01379919
v -0.03755142 0.04030705 -0.01505607
v -0.03652951 0.03968379 -0.01709508
v -0.03625708 0.03921117 -0.01918686
v -0.03844666 0.03344665 0.02039389
v -0.03849279 0.03452228 0.02019342
v -0.03523118 0.03963141 -0.01084910
v -0.03533425 0.03966961 -0.00997939
v -0.03574977 0.03978051 -0.01087795
v -0.03653119 0.04005148 -0.01295320
v -0.03499095 0.03954586 -0.01287822
v -0.03473529 0.03927481 -0.01493736
v -0.03639400 0.03273310 0.02048704
v -0.03647057 0.03471447 0.02004515
v -0.03387808 0.03892045 -0.00470974
v -0.03389217 0.03891637 -0.00458570
v -0.03391447 0.03893482 -0.00471110
v -0.03414343 0.03924139 -0.00672244
v -0.03365694 0.03906449 -0.00670169
v -0.03485846 0.03951663 -0.00879000
v -0.03342242 0.03904756 -0.00871969
v -0.03317824 0.03891453 -0.01075649
v -0.03293199 0.03875670 -0.01279731
v -0.03442006 0.03495276 0.01962668
v -0.03205888 0.03821103 -0.00260066
v -0.03229574 0.03841466 -0.00066642
v -0.03343566 0.03864435 -0.00267086
v -0.03181844 0.03812300 -0.00463018
v -0.03158254 0.03808959 -0.00665085
v -0.03135241 0.03812552 -0.00866030
v -0.03285638 0.03514711 0.01922951
v -0.03236694 0.03505003 0.01926419
v -0.03236611 0.03519667 0.01917529
v -0.03051210 0.03797431 0.00160021
v -0.03063916 0.03801098 0.00267822
v -0.03103620 0.03815633 0.00157640
v -0.03221652 0.03840159 -0.00054498
v -0.03026777 0.03783949 -0.00043688
v -0.03000322 0.03746153 -0.00251333
v -0.03035745 0.03485565 0.01944138
v -0.03035244 0.03537492 0.01910878
v -0.02895248 0.03758314 0.00577608
v -0.02898344 0.03760591 0.00603103
v -0.02911049 0.03763779 0.00576886
v -0.03020405 0.03788864 0.00365751
v -0.02870497 0.03741008 0.00373280
v -0.02846470 0.03732406 0.00170361
v -0.02821521 0.03712724 -0.00034352
v -0.02833401 0.03449351 0.01959142
v -0.02832169 0.03558101 0.01887906
v -0.02716424 0.03724607 0.00794544
v -0.02731623 0.03721955 0.00927415
v -0.02775831 0.03740360 0.00791013
v -0.02691225 0.03701917 0.00589344
v -0.02665233 0.03669681 0.00382599
v -0.02640929 0.03657753 0.00179142
v -0.02627541 0.03370861 0.01967302
v -0.02624605 0.03586025 0.01822053
v -0.02557894 0.03654605 0.01207131
v -0.02580782 0.03657442 0.01403417
v -0.02638798 0.03684927 0.01203835
v -0.02716241 0.03712068 0.00996391
v -0.02533585 0.03642620 0.01003664
v -0.02510598 0.03646525 0.00802770
v -0.02485622 0.03626510 0.00598003
v -0.02589569 0.03591702 0.01804985
v -0.02417218 0.03518993 0.01810623
v -0.02593064 0.03623609 0.01606095
v -0.02397480 0.03561961 0.01616052
v -0.02578629 0.03656672 0.01409280
v -0.02376426 0.03589105 0.01418920
v -0.02352648 0.03583500 0.01216486
v -0.02328628 0.03574993 0.01013583
v -0.02305353 0.03575427 0.00812127
v -0.02209556 0.03418843 0.01815276
v -0.02191579 0.03482990 0.01624134
v -0.02169715 0.03500388 0.01425424
v -0.06972453 0.03851978 -0.00853057
v -0.06974229 0.03860412 -0.00851804
v -0.06973962 0.03859174 -0.00844017
v -0.06937991 0.03717915 -0.01076286
v -0.06981129 0.03892100 -0.01051087
v -0.06964441 0.03925308 -0.01247642
v -0.06947132 0.03958556 -0.01444125
v -0.06935644 0.03991428 -0.01641281
v -0.06919491 0.04024602 -0.01837898
v -0.06900935 0.04057930 -0.02034236
v -0.06834655 0.04094334 -0.02225054
v -0.06828410 0.04096373 -0.02234439
v -0.07000206 0.03537414 0.01130043
v -0.06986030 0.03529175 0.01188219
v -0.07023892 0.03568020 0.00928818
v -0.07030611 0.03599719 0.00729556
v -0.07028947 0.03631959 0.00531263
v -0.07015438 0.03664962 0.00334340
v -0.07007248 0.03697622 0.00136803
v -0.06995696 0.03730499 -0.00060346
v -0.06983645 0.03763408 -0.00257437
v -0.06970795 0.03796369 -0.00454436
v -0.06969229 0.03828602 -0.00652740
v -0.06686140 0.04136037 -0.02406360
v -0.06603621 0.04152368 -0.02464838
v -0.06947116 0.03508703 0.01334669
v -0.06815198 0.03497240 0.01473253
v -0.06394189 0.04183338 -0.02548545
v -0.06736957 0.03490114 0.01557465
v -0.06631136 0.03486864 0.01631909
v -0.06205655 0.04199135 -0.02549265
v -0.06193333 0.04200330 -0.02550318
v -0.06445174 0.03479585 0.01772409
v -0.05990634 0.04220327 -0.02569701
v -0.06403690 0.03479459 0.01794501
v -0.06258097 0.03474122 0.01902266
v -0.05791738 0.04234124 -0.02552746
v -0.06067239 0.03474823 0.01995995
v -0.05597455 0.04240406 -0.02491737
v -0.05865964 0.03400755 0.02041331
v -0.05922181 0.03478357 0.02048685
v -0.05874213 0.03479055 0.02069023
v -0.05394011 0.04172859 -0.02468783
v -0.05402703 0.04247450 -0.02435193
v -0.05543184 0.04241827 -0.02472633
v -0.05678085 0.03488343 0.02112409
v -0.05188008 0.04092654 -0.02460901
v -0.05208914 0.04252927 -0.02369460
v -0.05550743 0.03502295 0.02091651
v -0.05470361 0.03437560 0.02089022
v -0.05474618 0.03509590 0.02085699
v -0.05017363 0.04254756 -0.02282349
v -0.05271254 0.03530671 0.02059958
v -0.04825329 0.04245029 -0.02192973
v -0.04827899 0.04253184 -0.02175302
v -0.04852968 0.04254176 -0.02194306
v -0.05070439 0.03547596 0.02058581
v -0.04621243 0.04187872 -0.02181360
v -0.04641148 0.04247190 -0.02042332
v -0.04867019 0.03568768 0.02032308
v -0.04447425 0.04214348 -0.01954681
v -0.04465645 0.04222866 -0.01801913
v -0.04540747 0.04242164 -0.01959705
v -0.04415835 0.04114818 -0.02172320
v -0.04664113 0.03589101 0.02010956
v -0.04292016 0.04181884 -0.01536017
v -0.04298006 0.04185727 -0.01486373
v -0.04325586 0.04191766 -0.01537846
v -0.04437844 0.04216663 -0.01749316
v -0.04268292 0.04176926 -0.01738346
v -0.04243529 0.04159478 -0.01942697
v -0.04584563 0.03596692 0.02004930
v -0.04458676 0.03537198 0.02007959
v -0.04463039 0.03606449 0.02007094
v -0.04112864 0.04144226 -0.01319721
v -0.04131874 0.04146132 -0.01156444
v -0.04199060 0.04167787 -0.01324724
v -0.04088425 0.04130679 -0.01523440
v -0.04064150 0.04119094 -0.01726842
v -0.04038549 0.04091571 -0.01932824
v -0.04253573 0.03467809 0.02017592
v -0.04262528 0.03622880 0.02008615
v -0.03957055 0.04106950 -0.00901836
v -0.03962581 0.04111689 -0.00856706
v -0.03984781 0.04117331 -0.00902967
v -0.04114246 0.04141120 -0.01116428
v -0.03932474 0.04091688 -0.01105833
v -0.03908243 0.04080635 -0.01309149
v -0.03884358 0.04073747 -0.01511790
v -0.04059244 0.03643829 0.01983651
v -0.03800394 0.04059428 -0.00485610
v -0.03803763 0.04060173 -0.00456895
v -0.03812220 0.04064187 -0.00486036
v -0.03891013 0.04091242 -0.00693635
v -0.03775956 0.04045888 -0.00689328
v -0.03751902 0.04036964 -0.00892299
v -0.03727333 0.04021849 -0.01096273
v -0.03704069 0.04022428 -0.01297705
v -0.03853239 0.03669213 0.01932684
v -0.03643478 0.04008843 -0.00069879
v -0.03644224 0.04009835 -0.00063984
v -0.03647522 0.04010536 -0.00070014
v -0.03746985 0.04036259 -0.00280005
v -0.03617909 0.03981703 -0.00275800
v -0.03594524 0.03980822 -0.00477469
v -0.03571013 0.03978422 -0.00679384
v -0.03547085 0.03971013 -0.00882110
v -0.03750950 0.03682547 0.01902874
v -0.03647152 0.03646809 0.01907643
v -0.03646671 0.03695515 0.01876344
v -0.03463419 0.03960284 0.00144652
v -0.03475409 0.03974612 0.00240319
v -0.03526181 0.03986224 0.00142507
v -0.03437174 0.03925019 -0.00062583
v -0.03410939 0.03889869 -0.00269800
v -0.03442132 0.03578420 0.01917438
v -0.03442099 0.03718563 0.01839072
v -0.03282232 0.03898169 0.00356990
v -0.03307293 0.03938250 0.00551304
v -0.03421969 0.03960807 0.00353047
v -0.03256599 0.03870252 0.00150944
v -0.03231010 0.03842875 -0.00055015
v -0.03238972 0.03739256 0.01815608
v -0.03128186 0.03882087 0.00778305
v -0.03145621 0.03891386 0.00923844
v -0.03191847 0.03911373 0.00776637
v -0.03298471 0.03936634 0.00565818
v -0.03101591 0.03842610 0.00570388
v -0.03075231 0.03805957 0.00362928
v -0.03044802 0.03760187 0.01786073
v -0.03035167 0.03758898 0.01786861
v -0.03026411 0.03793504 0.01589715
v -0.03014504 0.03790742 0.01590490
v -0.03002367 0.03827186 0.01394011
v -0.02994016 0.03824700 0.01394461
v -0.03072609 0.03854792 0.01187401
v -0.02970136 0.03817860 0.01191827
v -0.03124433 0.03883585 0.00982921
v -0.02945928 0.03807087 0.00988557
v -0.02921091 0.03788743 0.00784061
v -0.02831446 0.03706131 0.01799185
v -0.02809864 0.03726925 0.01601025
v -0.02788010 0.03744454 0.01402337
v -0.02764045 0.03736600 0.01199539
v -0.02739430 0.03720924 0.00995474
v -0.02624063 0.03609323 0.01804380
v -0.02602244 0.03627271 0.01605759
v -0.02581464 0.03657721 0.01409162
v -0.06975071 0.03883462 -0.00847960
v -0.06977212 0.04077315 -0.00937450
v -0.06973455 0.04090417 -0.01016452
v -0.06954385 0.04123778 -0.01212731
v -0.06930843 0.04157428 -0.01408493
v -0.06911143 0.04190830 -0.01604699
v -0.06885680 0.04210110 -0.01802712
v -0.06897110 0.04207853 -0.01702643
v -0.06861997 0.04205644 -0.02004961
v -0.06830549 0.04107812 -0.02222325
v -0.07002779 0.03735070 0.01163493
v -0.06998263 0.03732677 0.01180600
v -0.07030512 0.03765416 0.00961800
v -0.07035451 0.03797230 0.00762743
v -0.07023821 0.03830112 0.00565603
v -0.07011796 0.03863019 0.00368509
v -0.07009603 0.03895293 0.00170278
v -0.07004141 0.03927777 -0.00027576
v -0.06993780 0.03960577 -0.00224862
v -0.06980140 0.03993589 -0.00421770
v -0.06978401 0.04025833 -0.00620054
v -0.06982844 0.04057679 -0.00819053
v -0.06883919 0.04224717 -0.01800035
v -0.06851059 0.04258967 -0.01994719
v -0.06783062 0.04295481 -0.02185339
v -0.06621909 0.04276192 -0.02375727
v -0.06630044 0.04332745 -0.02336907
v -0.06943369 0.03706767 0.01368850
v -0.06829373 0.03697577 0.01484183
v -0.06597156 0.04339594 -0.02362319
v -0.06416167 0.04370957 -0.02463069
v -0.06716696 0.03689242 0.01593556
v -0.06645197 0.03687387 0.01641746
v -0.06194139 0.04206518 -0.02546800
v -0.06213659 0.04390643 -0.02480626
v -0.06459046 0.03680416 0.01780443
v -0.06005178 0.04331219 -0.02505745
v -0.06013210 0.04406972 -0.02478515
v -0.06349335 0.03680784 0.01834536
v -0.06270487 0.03677368 0.01896147
v -0.05807973 0.04356794 -0.02480739
v -0.05815140 0.04419426 -0.02453679
v -0.06079620 0.03678082 0.01989796
v -0.05600908 0.04263813 -0.02474925
v -0.05622120 0.04423647 -0.02380590
v -0.05876675 0.03529535 0.02062179
v -0.05884221 0.03686182 0.02040148
v -0.05433114 0.04421330 -0.02269172
v -0.05681003 0.03573548 0.02090171
v -0.05686280 0.03698425 0.02066217
v -0.05237341 0.04405513 -0.02208726
v -0.05241854 0.04422684 -0.02179276
v -0.05310632 0.04422504 -0.02213500
v -0.05485357 0.03715527 0.02063804
v -0.05030999 0.04321238 -0.02201503
v -0.05056259 0.04414806 -0.02035263
v -0.05292192 0.03748912 0.01956822
v -0.05272529 0.03735888 0.01956658
v -0.05273148 0.03751021 0.01953578
v -0.04883348 0.04382047 -0.01767739
v -0.04884842 0.04383823 -0.01755812
v -0.04890098 0.04385340 -0.01767884
v -0.04988132 0.04411155 -0.01977709
v -0.04857745 0.04354493 -0.01973726
v -0.05071581 0.03716459 0.01974379
v -0.05073700 0.03765720 0.01965249
v -0.04702852 0.04328233 -0.01554058
v -0.04720045 0.04342053 -0.01413125
v -0.04784261 0.04360029 -0.01557156
v -0.04677754 0.04306754 -0.01759062
v -0.04652024 0.04277676 -0.01965295
v -0.04873482 0.03731285 0.01997646
v -0.04876188 0.03777263 0.01995420
v -0.04546960 0.04289955 -0.01136335
v -0.04555477 0.04299909 -0.01068249
v -0.04597306 0.04307812 -0.01138559
v -0.04690892 0.04333913 -0.01347870
v -0.04522251 0.04273150 -0.01340582
v -0.04496809 0.04247545 -0.01546254
v -0.04471679 0.04225686 -0.01751319
v -0.04665710 0.03629804 0.02002084
v -0.04674438 0.03795712 0.01985105
v -0.04368622 0.04262089 -0.00918454
v -0.04380088 0.04275400 -0.00826747
v -0.04447548 0.04285331 -0.00922751
v -0.04342390 0.04226977 -0.01125664
v -0.04316940 0.04201262 -0.01331354
v -0.04470258 0.03818122 0.01951574
v -0.04213436 0.04232300 -0.00499357
v -0.04215354 0.04233526 -0.00483458
v -0.04221597 0.04235627 -0.00499643
v -0.04308718 0.04262145 -0.00708206
v -0.04188962 0.04218327 -0.00703145
v -0.04162593 0.04181570 -0.00910622
v -0.04136397 0.04146885 -0.01117764
v -0.04265658 0.03841217 0.01914034
v -0.04056182 0.04177646 -0.00084285
v -0.04057851 0.04179869 -0.00071093
v -0.04065343 0.04181432 -0.00084598
v -0.04137810 0.04208894 -0.00291466
v -0.04031770 0.04164416 -0.00287953
v -0.04007225 0.04149590 -0.00491880
v -0.03982025 0.04126887 -0.00697082
v -0.04159721 0.03854026 0.01889336
v -0.04060554 0.03824002 0.01894595
v -0.04059470 0.03866899 0.01861325
v -0.03877468 0.04145265 0.00132866
v -0.03883720 0.04153309 0.00182431
v -0.03913702 0.04159072 0.00131428
v -0.03850386 0.04099936 -0.00075999
v -0.03824658 0.04070881 -0.00282229
v -0.03853936 0.03736401 0.01901280
v -0.03851158 0.03896041 0.01788332
v -0.03697526 0.04098112 0.00347625
v -0.03715471 0.04117164 0.00492142
v -0.03789971 0.04134914 0.00344226
v -0.03670215 0.04050029 0.00138315
v -0.03755766 0.03912191 0.01737579
v -0.03642750 0.03874166 0.01742923
v -0.03632398 0.03952274 0.01553364
v -0.03625768 0.03950263 0.01553715
v -0.03623525 0.03956672 0.01530756
v -0.03564193 0.04050781 0.00965409
v -0.03573283 0.04038548 0.01050813
v -0.03570537 0.04052658 0.00965065
v -0.03598244 0.04083005 0.00763374
v -0.03542073 0.04065120 0.00766203
v -0.03681008 0.04109803 0.00555316
v -0.03517377 0.04048477 0.00561983
v -0.03489886 0.03998221 0.00352320
v -0.03440172 0.03835140 0.01757471
v -0.03422726 0.03905663 0.01567362
v -0.03542005 0.03990232 0.01365335
v -0.03403583 0.03955782 0.01373949
v -0.03576101 0.04020167 0.01162906
v -0.03381549 0.03971149 0.01174910
v -0.03359494 0.03986258 0.00975830
v -0.03335863 0.03982423 0.00773682
v -0.03309180 0.03941879 0.00565592
v -0.03237529 0.03795326 0.01771892
v -0.03219225 0.03855535 0.01580113
v -0.03199727 0.03901389 0.01386010
v -0.03176218 0.03899020 0.01184100
v -0.03152648 0.03895909 0.00982069
v -0.06970059 0.04103485 -0.01013867
v -0.06949677 0.04138705 -0.01209692
v -0.06928487 0.04164213 -0.01407089
v -0.06908044 0.04198705 -0.01603031
v -0.06998893 0.03763663 0.01168777
v -0.07001344 0.03951094 0.01085545
v -0.07017345 0.03964086 0.00997070
v -0.07021122 0.03995975 0.00798148
v -0.07013910 0.04028573 0.00600497
v -0.07017674 0.04060462 0.00401577
v -0.07017775 0.04092588 0.00203080
v -0.07010552 0.04125186 0.00005430
v -0.07003749 0.04157757 -0.00192268
v -0.06983030 0.04191225 -0.00388357
v -0.06966137 0.04224446 -0.00584888
v -0.06951800 0.04257502 -0.00781714
v -0.06928271 0.04291151 -0.00977478
v -0.06891477 0.04325654 -0.01171707
v -0.06863344 0.04359600 -0.01366938
v -0.06849124 0.04392649 -0.01563778
v -0.06835688 0.04425647 -0.01760709
v -0.06807253 0.04459612 -0.01955905
v -0.06687338 0.04499472 -0.02140519
v -0.06660894 0.04505908 -0.02166690
v -0.06909055 0.03906800 0.01406567
v -0.06841572 0.03901134 0.01476240
v -0.06982104 0.03934225 0.01199632
v -0.06443372 0.04526213 -0.02314385
v -0.06446627 0.04544757 -0.02296579
v -0.06652928 0.03836720 0.01625390
v -0.06656098 0.03893060 0.01621399
v -0.06403825 0.04549876 -0.02306208
v -0.06240577 0.04570213 -0.02347965
v -0.06631949 0.03892526 0.01637107
v -0.06470264 0.03885572 0.01763131
v -0.06039681 0.04587271 -0.02350122
v -0.06274158 0.03795627 0.01861997
v -0.06278659 0.03887489 0.01849724
v -0.05846390 0.04591935 -0.02279628
v -0.06173840 0.03889916 0.01888584
v -0.06087339 0.03888941 0.01939045
v -0.05648396 0.04554499 -0.02226340
v -0.05657216 0.04589891 -0.02169812
v -0.05755452 0.04591660 -0.02231207
v -0.05891075 0.03898450 0.01981140
v -0.05440976 0.04457255 -0.02221216
v -0.05472379 0.04580779 -0.02018562
v -0.05694282 0.03908822 0.02018176
v -0.05270361 0.04522246 -0.01988302
v -0.05294217 0.04560788 -0.01803543
v -0.05442799 0.04579676 -0.01996556
v -0.05495713 0.03922088 0.02038251
v -0.05117103 0.04515642 -0.01565451
v -0.05127268 0.04522524 -0.01481413
v -0.05167184 0.04533173 -0.01567703
v -0.05273809 0.04558434 -0.01778522
v -0.05092262 0.04497251 -0.01769955
v -0.05064647 0.04445507 -0.01979859
v -0.05278452 0.03807097 0.01968186
v -0.05294414 0.03939802 0.02032243
v -0.04958928 0.04449913 -0.01152173
v -0.04976537 0.04457830 -0.01004354
v -0.05035546 0.04477392 -0.01155506
v -0.05077863 0.04506797 -0.01358886
v -0.04935764 0.04451687 -0.01353412
v -0.04910388 0.04426873 -0.01558956
v -0.05161287 0.03955170 0.02005712
v -0.05090195 0.03962276 0.01998339
v -0.04802849 0.04409386 -0.00734814
v -0.04812515 0.04414797 -0.00654266
v -0.04860226 0.04424426 -0.00738255
v -0.04948066 0.04450897 -0.00946901
v -0.04778486 0.04396744 -0.00938387
v -0.04753345 0.04374756 -0.01143473
v -0.04728112 0.04351649 -0.01348741
v -0.04886260 0.03984287 0.01967152
v -0.04623513 0.04369520 -0.00518875
v -0.04643361 0.04380126 -0.00353195
v -0.04739896 0.04400048 -0.00525851
v -0.04599556 0.04361761 -0.00721658
v -0.04573426 0.04327875 -0.00928670
v -0.04676497 0.04015794 0.01880296
v -0.04444757 0.04336631 -0.00301807
v -0.04468239 0.04355182 -0.00109142
v -0.04616460 0.04375870 -0.00313087
v -0.04419871 0.04317705 -0.00506397
v -0.04394368 0.04291358 -0.00712189
v -0.04648108 0.04020374 0.01866589
v -0.04469726 0.03950346 0.01873316
v -0.04468508 0.04044412 0.01810375
v -0.04290065 0.04312789 0.00118253
v -0.04298741 0.04321073 0.00188633
v -0.04337691 0.04329571 0.00116130
v -0.04461065 0.04353752 -0.00096626
v -0.04264166 0.04281676 -0.00088310
v -0.04238184 0.04249571 -0.00295034
v -0.04265612 0.03892849 0.01884874
v -0.04275467 0.04076521 0.01711209
v -0.04257105 0.04070848 0.01712164
v -0.04253535 0.04084410 0.01673750
v -0.04134343 0.04276552 0.00536306
v -0.04135279 0.04277126 0.00544077
v -0.04138867 0.04278119 0.00536100
v -0.04230373 0.04304354 0.00327029
v -0.04109507 0.04258220 0.00331812
v -0.04083898 0.04230606 0.00125815
v -0.04053597 0.04020647 0.01724903
v -0.04129181 0.04118081 0.01529646
v -0.04037026 0.04101692 0.01536497
v -0.04036713 0.04156173 0.01341857
v -0.04017841 0.04151311 0.01343003
v -0.04008067 0.04190151 0.01146686
v -0.03997463 0.04186575 0.01147186
v -0.04004091 0.04222540 0.00948660
v -0.03976264 0.04211987 0.00949773
v -0.04045714 0.04251990 0.00745360
v -0.03953482 0.04218346 0.00749276
v -0.03929269 0.04207514 0.00545996
v -0.03903623 0.04179454 0.00339927
v -0.03848817 0.03955140 0.01735165
v -0.03832367 0.04037642 0.01546995
v -0.03813504 0.04091128 0.01354127
v -0.03791788 0.04110319 0.01155707
v -0.03769760 0.04125753 0.00956679
v -0.03747344 0.04136519 0.00756896
v -0.03723093 0.04125232 0.00553542
v -0.03607596 0.04012066 0.01362194
v -0.03585226 0.04023383 0.01162500
v -0.07003781 0.04102721 0.01022140
v -0.06998207 0.04179644 0.00931095
v -0.06996817 0.04195364 0.00834707
v -0.06998811 0.04227368 0.00635991
v -0.06997817 0.04259564 0.00437621
v -0.07009429 0.04290948 0.00237793
v -0.07004001 0.04323431 0.00039935
v -0.06989110 0.04356523 -0.00156827
v -0.06941577 0.04391718 -0.00349814
v -0.06886853 0.04427377 -0.00541969
v -0.06849139 0.04461940 -0.00736091
v -0.06818594 0.04496041 -0.00931043
v -0.06782544 0.04525854 -0.01126150
v -0.06786154 0.04525216 -0.01094593
v -0.06761834 0.04557132 -0.01322613
v -0.06752912 0.04579389 -0.01412148
v -0.06747317 0.04597032 -0.01518254
v -0.06719938 0.04613965 -0.01716466
v -0.06736183 0.04606650 -0.01571948
v -0.06697616 0.04625873 -0.01916064
v -0.06666067 0.04526832 -0.02133624
v -0.06850045 0.04090365 0.01444060
v -0.06850767 0.04109587 0.01439593
v -0.06970377 0.04132803 0.01234736
v -0.07000956 0.04162965 0.01032713
v -0.06779906 0.04530667 -0.01125053
v -0.06757864 0.04564220 -0.01320989
v -0.06704153 0.04631946 -0.01711746
v -0.06652156 0.04667429 -0.01904216
v -0.06480855 0.04696598 -0.02085275
v -0.06484708 0.04706135 -0.02057279
v -0.06847014 0.04108621 0.01447491
v -0.06667668 0.04097643 0.01607445
v -0.06433705 0.04713640 -0.02077432
v -0.06252746 0.04630888 -0.02276573
v -0.06277452 0.04733557 -0.02120189
v -0.06474549 0.04088637 0.01687039
v -0.06475087 0.04101149 0.01684726
v -0.06056419 0.04667020 -0.02249857
v -0.06078393 0.04747622 -0.02104801
v -0.06452096 0.04101939 0.01691659
v -0.06285909 0.04099111 0.01794505
v -0.05885404 0.04727198 -0.02017722
v -0.05894795 0.04736490 -0.01941711
v -0.05956821 0.04744372 -0.02022268
v -0.05853501 0.04623907 -0.02235970
v -0.06090086 0.03979101 0.01912566
v -0.06088543 0.04110416 0.01826070
v -0.05707038 0.04699001 -0.01799894
v -0.05727761 0.04698364 -0.01620388
v -0.05799928 0.04722351 -0.01805634
v -0.05680785 0.04663630 -0.02007146
v -0.05896048 0.04042751 0.01943737
v -0.05897942 0.04110697 0.01922259
v -0.05550697 0.04655331 -0.01383044
v -0.05561717 0.04658626 -0.01289615
v -0.05612155 0.04670187 -0.01386943
v -0.05717358 0.04695540 -0.01597598
v -0.05526589 0.04645754 -0.01586121
v -0.05502355 0.04634659 -0.01789443
v -0.05475250 0.04589057 -0.01998352
v -0.05696361 0.04038491 0.01963913
v -0.05699020 0.04124538 0.01938958
v -0.05393666 0.04603358 -0.00967538
v -0.05403271 0.04606506 -0.00886263
v -0.05437234 0.04617195 -0.00969739
v -0.05515124 0.04644308 -0.01177234
v -0.05370070 0.04599935 -0.01169619
v -0.05347011 0.04602971 -0.01370654
v -0.05322377 0.04587081 -0.01574753
v -0.05297258 0.04565351 -0.01779797
v -0.05497799 0.04047741 0.01986277
v -0.05499033 0.04140115 0.01945483
v -0.05237593 0.04562910 -0.00550167
v -0.05238641 0.04564463 -0.00541977
v -0.05244113 0.04565376 -0.00550429
v -0.05352802 0.04590504 -0.00761487
v -0.05212391 0.04540175 -0.00755374
v -0.05188638 0.04534867 -0.00957760
v -0.05164988 0.04530806 -0.01159944
v -0.05141826 0.04532604 -0.01361179
v -0.05296035 0.04018509 0.02002411
v -0.05296510 0.04159825 0.01927782
v -0.05058141 0.04521650 -0.00334454
v -0.05067843 0.04532471 -0.00256611
v -0.05112404 0.04541731 -0.00336708
v -0.05032339 0.04491702 -0.00540828
v -0.05007160 0.04469249 -0.00745990
v -0.04983228 0.04461791 -0.00948723
v -0.05109139 0.04188485 0.01847006
v -0.05087078 0.04183066 0.01848391
v -0.05086835 0.04191188 0.01841767
v -0.04879418 0.04489154 -0.00117321
v -0.04894516 0.04504602 0.00004585
v -0.04977427 0.04518298 -0.00122609
v -0.04853601 0.04459032 -0.00323724
v -0.04827500 0.04425496 -0.00530680
v -0.04884516 0.04144228 0.01862970
v -0.04880739 0.04216720 0.01789939
v -0.04699834 0.04446306 0.00098135
v -0.04724996 0.04470528 0.00302159
v -0.04842928 0.04494833 0.00091434
v -0.04673341 0.04408048 -0.00109585
v -0.04647898 0.04382423 -0.00315260
v -0.04676355 0.04038074 0.01866652
v -0.04680056 0.04248270 0.01698156
v -0.04670349 0.04246152 0.01698810
v -0.04669515 0.04250610 0.01689116
v -0.04544664 0.04416702 0.00517262
v -0.04566588 0.04418345 0.00705877
v -0.04633837 0.04444043 0.00512591
v -0.04724218 0.04470351 0.00303651
v -0.04519842 0.04398543 0.00312796
v -0.04494766 0.04377337 0.00107836
v -0.04469668 0.04355862 -0.00097167
v -0.04465586 0.04180852 0.01709106
v -0.04545731 0.04289059 0.01515209
v -0.04448158 0.04251590 0.01519031
v -0.04529745 0.04322221 0.01318573
v -0.04428051 0.04290123 0.01323742
v -0.04521724 0.04354871 0.01121015
v -0.04407237 0.04320152 0.01127077
v -0.04507383 0.04387927 0.00924189
v -0.04386484 0.04350919 0.00930532
v -0.04560330 0.04416648 0.00719579
v -0.04364334 0.04364888 0.00731267
v -0.04339963 0.04352160 0.00527680
v -0.04314932 0.04331485 0.00322806
v -0.04240433 0.04150687 0.01523562
v -0.04223390 0.04226057 0.01334237
v -0.04203109 0.04262493 0.01138609
v -0.04181832 0.04286965 0.00941045
v -0.04159253 0.04295768 0.00740943
v -0.06989928 0.04216449 0.00839025
v -0.06974366 0.04309622 0.00652582
v -0.06956222 0.04371763 0.00461116
v -0.06939007 0.04445062 0.00271456
v -0.06918267 0.04475982 0.00074935
v -0.06895993 0.04488458 -0.00124572
v -0.06872203 0.04482715 -0.00327028
v -0.06848553 0.04478642 -0.00529214
v -0.06826260 0.04490886 -0.00728758
v -0.06804765 0.04512740 -0.00926747
v -0.06742297 0.04602511 -0.01516794
v -0.06852649 0.04338212 0.01282102
v -0.06848142 0.04337303 0.01290035
v -0.06944887 0.04364400 0.01072947
v -0.06950894 0.04396146 0.00873767
v -0.06944895 0.04428665 0.00675975
v -0.06927802 0.04461899 0.00479467
v -0.06917640 0.04494686 0.00282158
v -0.06889509 0.04528631 0.00086927
v -0.06844389 0.04563671 -0.00106339
v -0.06784041 0.04599693 -0.00297843
v -0.06733306 0.04635095 -0.00490460
v -0.06681278 0.04670580 -0.00682927
v -0.06622377 0.04706509 -0.00874598
v -0.06598922 0.04714734 -0.01074706
v -0.06621014 0.04707442 -0.00879664
v -0.06576964 0.04731012 -0.01273598
v -0.06555451 0.04752645 -0.01471622
v -0.06532635 0.04758601 -0.01672184
v -0.06508877 0.04753232 -0.01874580
v -0.06691723 0.04316451 0.01499202
v -0.06671209 0.04315310 0.01516790
v -0.06519484 0.04745272 -0.01061181
v -0.06396334 0.04785341 -0.01245421
v -0.06360205 0.04801771 -0.01442803
v -0.06379473 0.04790737 -0.01270092
v -0.06337691 0.04811363 -0.01642776
v -0.06314535 0.04813231 -0.01844000
v -0.06286687 0.04758689 -0.02054357
v -0.06485129 0.04308222 0.01656167
v -0.06183769 0.04796775 -0.01221219
v -0.06185427 0.04796631 -0.01206808
v -0.06267948 0.04793615 -0.01230570
v -0.06160733 0.04800086 -0.01422209
v -0.06137987 0.04806892 -0.01622634
v -0.06115028 0.04811123 -0.01823475
v -0.06088708 0.04774964 -0.02030855
v -0.06286910 0.04229236 0.01730667
v -0.06290828 0.04314532 0.01717015
v -0.05982433 0.04772674 -0.01204254
v -0.06005209 0.04779992 -0.01011437
v -0.05958448 0.04764580 -0.01407091
v -0.05934881 0.04761515 -0.01609113
v -0.05910980 0.04754421 -0.01811788
v -0.06092893 0.04293131 0.01761877
v -0.06094888 0.04323514 0.01762198
v -0.05828237 0.04754787 -0.00783230
v -0.05830130 0.04754976 -0.00766963
v -0.05839568 0.04756957 -0.00784046
v -0.05996156 0.04778998 -0.01000645
v -0.05804525 0.04749978 -0.00985535
v -0.05779747 0.04732353 -0.01189915
v -0.05754472 0.04708740 -0.01395264
v -0.05730362 0.04699151 -0.01598343
v -0.05936408 0.04332994 0.01785059
v -0.05897525 0.04334814 0.01793796
v -0.05647611 0.04699421 -0.00569800
v -0.05667716 0.04709322 -0.00401515
v -0.05754445 0.04730310 -0.00575714
v -0.05623811 0.04693550 -0.00772277
v -0.05599252 0.04678547 -0.00976232
v -0.05574769 0.04664472 -0.01180038
v -0.05887237 0.04336163 0.01790747
v -0.05695634 0.04310035 0.01806347
v -0.05695011 0.04354509 0.01776177
v -0.05468720 0.04664903 -0.00352996
v -0.05491585 0.04686022 -0.00167095
v -0.05644037 0.04705293 -0.00364458
v -0.05443182 0.04638131 -0.00558856
v -0.05417918 0.04614657 -0.00764183
v -0.05493811 0.04280076 0.01822363
v -0.05488947 0.04379988 0.01724659
v -0.05314925 0.04651835 0.00068808
v -0.05319880 0.04655509 0.00109597
v -0.05342745 0.04660445 0.00067365
v -0.05477633 0.04683884 -0.00146724
v -0.05290245 0.04635390 -0.00135380
v -0.05264148 0.04601897 -0.00342329
v -0.05292409 0.04255196 0.01839202
v -0.05298548 0.04406233 0.01660359
v -0.05281445 0.04403657 0.01661709
v -0.05280909 0.04408685 0.01654277
v -0.05135608 0.04612201 0.00284785
v -0.05151373 0.04619784 0.00416850
v -0.05219814 0.04636234 0.00280070
v -0.05110563 0.04591364 0.00079885
v -0.05084341 0.04556372 -0.00127306
v -0.05080286 0.04381686 0.01679019
v -0.05072237 0.04438417 0.01577829
v -0.04980256 0.04580423 0.00703560
v -0.04985760 0.04579343 0.00751743
v -0.04998804 0.04586212 0.00702606
v -0.05110771 0.04611129 0.00491169
v -0.04955873 0.04567541 0.00499948
v -0.04930959 0.04548270 0.00295302
v -0.04905000 0.04516450 0.00088624
v -0.04875344 0.04314240 0.01688967
v -0.04987789 0.04458393 0.01497821
v -0.04861217 0.04424676 0.01505318
v -0.04899422 0.04496220 0.01309557
v -0.04842426 0.04479029 0.01312591
v -0.04905174 0.04527982 0.01110407
v -0.04820553 0.04496327 0.01113865
v -0.04949331 0.04557268 0.00906814
v -0.04797610 0.04500761 0.00913056
v -0.04774673 0.04505268 0.00712260
v -0.04749749 0.04485877 0.00507594
v -0.04725176 0.04470711 0.00303612
v -0.04654492 0.04335787 0.01511795
v -0.04634436 0.04374932 0.01316606
v -0.04612939 0.04396747 0.01118611
v -0.04591724 0.04421959 0.00921166
v -0.04568154 0.04418856 0.00719137
v -0.06847737 0.04342908 0.01283417
v -0.06840297 0.04533741 0.01112784
v -0.06833566 0.04584492 0.01026318
v -0.06845745 0.04600743 0.00919677
v -0.06842597 0.04633078 0.00721556
v -0.06812734 0.04667135 0.00526525
v -0.06774418 0.04701737 0.00332472
v -0.06738542 0.04711728 0.00133966
v -0.06753485 0.04714996 0.00261323
v -0.06714636 0.04704579 -0.00068718
v -0.06690323 0.04692537 -0.00272194
v -0.06668610 0.04711763 -0.00470608
v -0.06645482 0.04713974 -0.00671777
v -0.06621621 0.04707372 -0.00874372
v -0.06671013 0.04334438 0.01504439
v -0.06669902 0.04540874 0.01379833
v -0.06701107 0.04545799 0.01333379
v -0.06819128 0.04570326 0.01121241
v -0.06706655 0.04738236 0.00141826
v -0.06601868 0.04777122 -0.00044538
v -0.06500330 0.04804833 -0.00233148
v -0.06505526 0.04808750 -0.00190411
v -0.06479213 0.04831215 -0.00430404
v -0.06455812 0.04830141 -0.00632104
v -0.06430781 0.04809471 -0.00836977
v -0.06406039 0.04792272 -0.01041288
v -0.06382514 0.04789710 -0.01243229
v -0.06483570 0.04477391 0.01548447
v -0.06483338 0.04534578 0.01514579
v -0.06364858 0.04824528 -0.00215607
v -0.06281019 0.04844901 -0.00407322
v -0.06298141 0.04836383 -0.00254556
v -0.06257725 0.04845113 -0.00608814
v -0.06232962 0.04827667 -0.00813165
v -0.06207708 0.04804308 -0.01018473
v -0.06293220 0.04539953 0.01579046
v -0.06289588 0.04539990 0.01580685
v -0.06103155 0.04822738 -0.00188517
v -0.06116344 0.04822317 -0.00074273
v -0.06257467 0.04831449 -0.00203184
v -0.06079202 0.04815023 -0.00391292
v -0.06055275 0.04807624 -0.00594016
v -0.06031000 0.04796046 -0.00797417
v -0.06006413 0.04780708 -0.01001427
v -0.06276811 0.04541011 0.01580944
v -0.06090302 0.04542264 0.01600682
v -0.06089786 0.04555264 0.01588985
v -0.05926568 0.04815922 0.00032773
v -0.05928782 0.04817644 0.00050954
v -0.05971141 0.04817769 0.00028422
v -0.05901748 0.04797788 -0.00171689
v -0.05876345 0.04772645 -0.00377286
v -0.05851912 0.04759164 -0.00580995
v -0.05897335 0.04338518 0.01790091
v -0.05890994 0.04542557 0.01621596
v -0.05888858 0.04572375 0.01586519
v -0.05748286 0.04788726 0.00250763
v -0.05753270 0.04793336 0.00291279
v -0.05788855 0.04797384 0.00247993
v -0.05724033 0.04777414 0.00047405
v -0.05698191 0.04746983 -0.00159048
v -0.05671959 0.04711872 -0.00366258
v -0.05690369 0.04527014 0.01639947
v -0.05682441 0.04598430 0.01531620
v -0.05569690 0.04757760 0.00468143
v -0.05579949 0.04765456 0.00552544
v -0.05633063 0.04775291 0.00464500
v -0.05545418 0.04746209 0.00264746
v -0.05520158 0.04722794 0.00059429
v -0.05494008 0.04688664 -0.00147622
v -0.05486293 0.04469971 0.01651578
v -0.05545709 0.04620259 0.01467030
v -0.05474283 0.04605858 0.01472050
v -0.05468277 0.04637111 0.01402716
v -0.05390942 0.04724961 0.00685226
v -0.05411316 0.04729936 0.00858590
v -0.05496302 0.04751973 0.00678805
v -0.05365443 0.04698661 0.00479442
v -0.05340290 0.04676532 0.00274333
v -0.05270672 0.04554412 0.01484588
v -0.05373608 0.04663482 0.01288453
v -0.05253390 0.04626913 0.01294799
v -0.05354057 0.04696875 0.01092229
v -0.05232478 0.04655764 0.01097943
v -0.05399904 0.04726053 0.00888441
v -0.05209892 0.04664489 0.00897829
v -0.05185743 0.04654426 0.00694674
v -0.05159977 0.04624912 0.00488369
v -0.05065838 0.04488260 0.01494746
v -0.05048652 0.04561912 0.01305142
v -0.05027686 0.04590112 0.01108181
v -0.05003656 0.04581481 0.00905258
v -0.06824769 0.04627321 0.00926407
v -0.06805963 0.04681498 0.00733651
v -0.06784283 0.04701114 0.00535300
v -0.06762193 0.04715809 0.00336153
v -0.06668308 0.04582201 0.01343022
v -0.06658732 0.04747362 0.01168233
v -0.06641835 0.04810053 0.00987228
v -0.06642642 0.04811655 0.00976919
v -0.06618961 0.04829747 0.00778517
v -0.06638655 0.04815235 0.00956853
v -0.06596392 0.04838673 0.00578436
v -0.06573889 0.04848398 0.00378484
v -0.06550977 0.04853208 0.00177736
v -0.06525821 0.04831027 -0.00027381
v -0.06479918 0.04713767 0.01385187
v -0.06474619 0.04772225 0.01306806
v -0.06588779 0.04782994 0.01181635
v -0.06528439 0.04851147 0.00791644
v -0.06400108 0.04875319 0.00605235
v -0.06411166 0.04875630 0.00700662
v -0.06377283 0.04881175 0.00404656
v -0.06354065 0.04882304 0.00203313
v -0.06328506 0.04855283 -0.00002588
v -0.06303574 0.04835807 -0.00207267
v -0.06289584 0.04541666 0.01579719
v -0.06283934 0.04754023 0.01412571
v -0.06279701 0.04779540 0.01361765
v -0.06201023 0.04878293 0.00626583
v -0.06217063 0.04881618 0.00763397
v -0.06177875 0.04880263 0.00425375
v -0.06152907 0.04860347 0.00220625
v -0.06126796 0.04826692 0.00013650
v -0.06084826 0.04756718 0.01433874
v -0.06074235 0.04804045 0.01315951
v -0.06024180 0.04868408 0.00847375
v -0.06040052 0.04859753 0.00989401
v -0.06136519 0.04876405 0.00836980
v -0.06000551 0.04864591 0.00645231
v -0.05977002 0.04861737 0.00443243
v -0.05951839 0.04839471 0.00238112
v -0.05882155 0.04716566 0.01448240
v -0.05990732 0.04821535 0.01250814
v -0.05865822 0.04800483 0.01260299
v -0.06016052 0.04852036 0.01049400
v -0.05844903 0.04829252 0.01063429
v -0.05822038 0.04834617 0.00862771
v -0.05798498 0.04831872 0.00660801
v -0.05774189 0.04819878 0.00457332
v -0.05678049 0.04659166 0.01459814
v -0.05662822 0.04756382 0.01274026
v -0.05642567 0.04793123 0.01078447
v -0.05619431 0.04795239 0.00877263
v -0.05595048 0.04782357 0.00673651
v -0.05458322 0.04694240 0.01284832
v -0.05438107 0.04731474 0.01089333
v -0.05414790 0.04731407 0.00887796
v -0.06640938 0.04813703 0.00977446
v -0.06470596 0.04881968 0.01210891
v -0.06448568 0.04897410 0.01011864
v -0.06424097 0.04883464 0.00808080
v -0.06271401 0.04883621 0.01232025
v -0.06249536 0.04901008 0.01033313
v -0.06224971 0.04885946 0.00829348
v -0.06068961 0.04846251 0.01246841
v -0.06046736 0.04859321 0.01047431
f 11545 11537 11566
f 11545 11566 11565
f 11543 11545 11565
f 11565 11535 11543
f 11538 11530 11564
f 11566 11564 11563
f 11566 11538 11564
f 11537 11538 11566
f 11565 11566 11562
f 11566 11563 11562
f 11562 11528 11535
f 11565 11562 11535
f 11521 11561 11564
f 11530 11521 11564
f 11563 11564 11560
f 11564 11561 11560
f 11562 11563 11559
f 11563 11560 11559
f 11559 11517 11528
f 11562 11559 11528
f 11521 11519 11561
f 11561 11558 11560
f 11561 11511 11558
f 11519 11511 11561
f 11558 11559 11560
f 11558 11518 11559
f 11508 11518 11558
f 11559 11518 11517
f 11511 11509 11558
f 11558 11509 11508
f 11494 11485 11557
f 11494 11557 11556
f 11492 11494 11556
f 11492 11556 11555
f 11490 11492 11555
f 11555 11483 11490
f 11486 11475 11554
f 11557 11554 11553
f 11557 11486 11554
f 11485 11486 11557
f 11556 11557 11552
f 11557 11553 11552
f 11555 11556 11551
f 11556 11552 11551
f 11550 11555 11551
f 11550 11483 11555
f 11481 11483 11550
f 11550 11473 11481
f 11476 11467 11549
f 11554 11549 11548
f 11554 11476 11549
f 11475 11476 11554
f 11553 11554 11547
f 11554 11548 11547
f 11552 11553 11546
f 11553 11547 11546
f 11551 11552 11544
f 11552 11546 11544
f 11550 11551 11542
f 11551 11544 11542
f 11542 11465 11473
f 11550 11542 11473
f 11468 11458 11541
f 11549 11541 11540
f 11549 11468 11541
f 11467 11468 11549
f 11548 11549 11539
f 11549 11540 11539
f 11547 11548 11536
f 11548 11539 11536
f 11547 11536 11546
f 11536 11537 11546
f 11546 11537 11545
f 11545 11543 11544
f 11545 11544 11546
f 11542 11544 11534
f 11544 11543 11534
f 11534 11543 11535
f 11534 11456 11465
f 11542 11534 11465
f 11459 11448 11533
f 11541 11533 11532
f 11541 11459 11533
f 11458 11459 11541
f 11540 11541 11531
f 11541 11532 11531
f 11539 11540 11529
f 11540 11531 11529
f 11539 11529 11536
f 11529 11530 11536
f 11536 11530 11538
f 11537 11536 11538
f 11527 11534 11535
f 11527 11535 11528
f 11526 11534 11527
f 11526 11456 11534
f 11454 11456 11526
f 11526 11446 11454
f 11449 11441 11525
f 11533 11525 11524
f 11533 11449 11525
f 11448 11449 11533
f 11532 11533 11523
f 11533 11524 11523
f 11531 11532 11522
f 11532 11523 11522
f 11529 11531 11520
f 11531 11522 11520
f 11521 11530 11529
f 11521 11529 11520
f 11516 11527 11528
f 11516 11528 11517
f 11516 11526 11527
f 11516 11445 11526
f 11438 11445 11516
f 11526 11445 11446
f 11441 11439 11525
f 11525 11515 11524
f 11525 11431 11515
f 11439 11431 11525
f 11523 11524 11514
f 11524 11515 11514
f 11522 11523 11513
f 11523 11514 11513
f 11520 11522 11512
f 11522 11513 11512
f 11512 11510 11520
f 11510 11519 11520
f 11520 11519 11521
f 11519 11510 11511
f 11518 11508 11507
f 11506 11516 11507
f 11516 11517 11507
f 11507 11517 11518
f 11506 11425 11438
f 11516 11506 11438
f 11431 11429 11515
f 11428 11514 11515
f 11429 11428 11515
f 11514 11505 11513
f 11514 11418 11505
f 11428 11418 11514
f 11512 11513 11504
f 11513 11505 11504
f 11510 11512 11503
f 11512 11504 11503
f 11503 11502 11510
f 11502 11509 11510
f 11510 11509 11511
f 11502 11412 11509
f 11509 11412 11508
f 11508 11412 11427
f 11508 11427 11507
f 11426 11506 11507
f 11427 11426 11507
f 11506 11426 11425
f 11418 11416 11505
f 11415 11504 11505
f 11416 11415 11505
f 11414 11503 11504
f 11415 11414 11504
f 11413 11502 11503
f 11414 11413 11503
f 11502 11413 11412
f 11400 11387 11501
f 11400 11501 11500
f 11398 11400 11500
f 11398 11500 11499
f 11396 11398 11499
f 11396 11499 11498
f 11394 11396 11498
f 11498 11385 11394
f 11389 11380 11497
f 11389 11497 11496
f 11388 11389 11496
f 11501 11496 11495
f 11501 11388 11496
f 11387 11388 11501
f 11500 11501 11493
f 11501 11495 11493
f 11499 11500 11491
f 11500 11493 11491
f 11498 11499 11489
f 11499 11491 11489
f 11489 11378 11385
f 11498 11489 11385
f 11381 11370 11488
f 11497 11488 11487
f 11497 11381 11488
f 11380 11381 11497
f 11496 11497 11484
f 11497 11487 11484
f 11496 11484 11495
f 11484 11485 11495
f 11495 11485 11494
f 11494 11492 11493
f 11494 11493 11495
f 11492 11490 11491
f 11492 11491 11493
f 11489 11491 11482
f 11491 11490 11482
f 11482 11490 11483
f 11480 11489 11482
f 11480 11378 11489
f 11376 11378 11480
f 11480 11368 11376
f 11372 11363 11479
f 11372 11479 11478
f 11371 11372 11478
f 11488 11478 11477
f 11488 11371 11478
f 11370 11371 11488
f 11487 11488 11474
f 11488 11477 11474
f 11487 11474 11484
f 11474 11475 11484
f 11484 11475 11486
f 11485 11484 11486
f 11483 11481 11482
f 11480 11482 11472
f 11482 11481 11472
f 11472 11481 11473
f 11472 11361 11368
f 11480 11472 11368
f 11364 11354 11471
f 11479 11471 11470
f 11479 11364 11471
f 11363 11364 11479
f 11478 11479 11469
f 11479 11470 11469
f 11477 11478 11466
f 11478 11469 11466
f 11477 11466 11474
f 11466 11467 11474
f 11474 11467 11476
f 11475 11474 11476
f 11464 11472 11473
f 11464 11473 11465
f 11463 11472 11464
f 11463 11361 11472
f 11359 11361 11463
f 11463 11352 11359
f 11355 11344 11462
f 11471 11462 11461
f 11471 11355 11462
f 11354 11355 11471
f 11470 11471 11460
f 11471 11461 11460
f 11469 11470 11457
f 11470 11460 11457
f 11469 11457 11466
f 11457 11458 11466
f 11466 11458 11468
f 11467 11466 11468
f 11455 11464 11465
f 11455 11465 11456
f 11455 11463 11464
f 11455 11351 11463
f 11342 11351 11455
f 11463 11351 11352
f 11346 11337 11453
f 11346 11453 11452
f 11345 11346 11452
f 11462 11452 11451
f 11462 11345 11452
f 11344 11345 11462
f 11461 11462 11450
f 11462 11451 11450
f 11460 11461 11447
f 11461 11450 11447
f 11460 11447 11457
f 11447 11448 11457
f 11457 11448 11459
f 11458 11457 11459
f 11456 11454 11455
f 11342 11446 11335
f 11342 11454 11446
f 11455 11454 11342
f 11328 11444 11453
f 11337 11328 11453
f 11452 11453 11443
f 11453 11444 11443
f 11451 11452 11442
f 11452 11443 11442
f 11450 11451 11440
f 11451 11442 11440
f 11450 11440 11447
f 11440 11441 11447
f 11447 11441 11449
f 11448 11447 11449
f 11445 11438 11437
f 11446 11326 11335
f 11446 11437 11326
f 11445 11437 11446
f 11329 11322 11436
f 11444 11436 11435
f 11444 11329 11436
f 11328 11329 11444
f 11443 11444 11434
f 11444 11435 11434
f 11442 11443 11433
f 11443 11434 11433
f 11440 11442 11432
f 11442 11433 11432
f 11432 11430 11440
f 11430 11439 11440
f 11440 11439 11441
f 11439 11430 11431
f 11424 11437 11438
f 11424 11438 11425
f 11424 11318 11326
f 11437 11424 11326
f 11322 11320 11436
f 11319 11435 11436
f 11320 11319 11436
f 11435 11423 11434
f 11435 11312 11423
f 11319 11312 11435
f 11433 11434 11422
f 11434 11423 11422
f 11432 11433 11421
f 11433 11422 11421
f 11430 11432 11420
f 11432 11421 11420
f 11420 11419 11430
f 11419 11429 11430
f 11430 11429 11431
f 11428 11429 11419
f 11428 11419 11417
f 11428 11417 11418
f 11427 11412 11411
f 11426 11427 11411
f 11426 11411 11410
f 11410 11299 11426
f 11426 11299 11425
f 11425 11299 11317
f 11425 11317 11424
f 11424 11317 11318
f 11312 11310 11423
f 11309 11422 11423
f 11310 11309 11423
f 11308 11421 11422
f 11309 11308 11422
f 11307 11420 11421
f 11308 11307 11421
f 11306 11419 11420
f 11307 11306 11420
f 11305 11417 11419
f 11306 11305 11419
f 11416 11305 11304
f 11416 11417 11305
f 11418 11417 11416
f 11416 11303 11415
f 11416 11304 11303
f 11415 11302 11414
f 11415 11303 11302
f 11414 11301 11413
f 11414 11302 11301
f 11300 11413 11301
f 11300 11412 11413
f 11411 11412 11300
f 11298 11410 11411
f 11300 11298 11411
f 11410 11298 11299
f 11278 11263 11409
f 11278 11409 11408
f 11276 11278 11408
f 11276 11408 11407
f 11274 11276 11407
f 11274 11407 11406
f 11272 11274 11406
f 11272 11406 11405
f 11270 11272 11405
f 11405 11261 11270
f 11265 11254 11404
f 11265 11404 11403
f 11264 11265 11403
f 11409 11403 11402
f 11409 11264 11403
f 11263 11264 11409
f 11408 11409 11401
f 11409 11402 11401
f 11407 11408 11399
f 11408 11401 11399
f 11406 11407 11397
f 11407 11399 11397
f 11405 11406 11395
f 11406 11397 11395
f 11393 11405 11395
f 11393 11261 11405
f 11259 11261 11393
f 11393 11252 11259
f 11255 11247 11392
f 11404 11392 11391
f 11404 11255 11392
f 11254 11255 11404
f 11403 11404 11390
f 11404 11391 11390
f 11402 11403 11386
f 11403 11390 11386
f 11402 11386 11401
f 11386 11387 11401
f 11401 11387 11400
f 11400 11398 11399
f 11400 11399 11401
f 11398 11396 11397
f 11398 11397 11399
f 11396 11394 11395
f 11396 11395 11397
f 11393 11395 11384
f 11395 11394 11384
f 11384 11394 11385
f 11384 11245 11252
f 11393 11384 11252
f 11248 11238 11383
f 11392 11383 11382
f 11392 11248 11383
f 11247 11248 11392
f 11391 11392 11379
f 11392 11382 11379
f 11391 11379 11390
f 11379 11380 11390
f 11390 11380 11389
f 11389 11388 11386
f 11389 11386 11390
f 11387 11386 11388
f 11377 11384 11385
f 11377 11385 11378
f 11375 11384 11377
f 11375 11245 11384
f 11243 11245 11375
f 11375 11236 11243
f 11239 11228 11374
f 11383 11374 11373
f 11383 11239 11374
f 11238 11239 11383
f 11382 11383 11369
f 11383 11373 11369
f 11382 11369 11379
f 11369 11370 11379
f 11379 11370 11381
f 11380 11379 11381
f 11378 11376 11377
f 11375 11377 11367
f 11377 11376 11367
f 11367 11376 11368
f 11367 11226 11236
f 11375 11367 11236
f 11230 11218 11366
f 11230 11366 11365
f 11229 11230 11365
f 11374 11365 11362
f 11374 11229 11365
f 11228 11229 11374
f 11374 11362 11373
f 11362 11363 11373
f 11373 11363 11372
f 11372 11371 11369
f 11372 11369 11373
f 11370 11369 11371
f 11360 11367 11368
f 11360 11368 11361
f 11360 11216 11226
f 11367 11360 11226
f 11220 11209 11358
f 11220 11358 11357
f 11219 11220 11357
f 11366 11357 11356
f 11366 11219 11357
f 11218 11219 11366
f 11365 11366 11353
f 11366 11356 11353
f 11365 11353 11362
f 11353 11354 11362
f 11362 11354 11364
f 11363 11362 11364
f 11361 11359 11360
f 11216 11352 11207
f 11216 11359 11352
f 11360 11359 11216
f 11211 11203 11350
f 11211 11350 11349
f 11210 11211 11349
f 11358 11349 11348
f 11358 11210 11349
f 11209 11210 11358
f 11357 11358 11347
f 11358 11348 11347
f 11356 11357 11343
f 11357 11347 11343
f 11356 11343 11353
f 11343 11344 11353
f 11353 11344 11355
f 11354 11353 11355
f 11351 11342 11341
f 11352 11201 11207
f 11352 11341 11201
f 11351 11341 11352
f 11204 11197 11340
f 11350 11340 11339
f 11350 11204 11340
f 11203 11204 11350
f 11349 11350 11338
f 11350 11339 11338
f 11348 11349 11336
f 11349 11338 11336
f 11348 11336 11347
f 11336 11337 11347
f 11347 11337 11346
f 11346 11345 11343
f 11346 11343 11347
f 11344 11343 11345
f 11334 11341 11342
f 11334 11342 11335
f 11334 11195 11201
f 11341 11334 11201
f 11198 11193 11333
f 11340 11333 11332
f 11340 11198 11333
f 11197 11198 11340
f 11339 11340 11331
f 11340 11332 11331
f 11338 11339 11330
f 11339 11331 11330
f 11336 11338 11327
f 11338 11330 11327
f 11328 11337 11336
f 11328 11336 11327
f 11326 11191 11335
f 11191 11194 11335
f 11335 11194 11334
f 11334 11194 11195
f 11189 11325 11333
f 11193 11189 11333
f 11332 11333 11324
f 11333 11325 11324
f 11331 11332 11323
f 11332 11324 11323
f 11330 11331 11321
f 11331 11323 11321
f 11330 11321 11327
f 11321 11322 11327
f 11327 11322 11329
f 11328 11327 11329
f 11326 11318 11191
f 11318 11186 11191
f 11189 11187 11325
f 11325 11316 11324
f 11325 11184 11316
f 11187 11184 11325
f 11323 11324 11315
f 11324 11316 11315
f 11321 11323 11314
f 11323 11315 11314
f 11314 11313 11321
f 11313 11320 11321
f 11321 11320 11322
f 11319 11320 11313
f 11319 11313 11311
f 11319 11311 11312
f 11185 11317 11299
f 11185 11299 11176
f 11185 11186 11318
f 11317 11185 11318
f 11184 11182 11316
f 11181 11315 11316
f 11182 11181 11316
f 11315 11297 11314
f 11315 11172 11297
f 11181 11172 11315
f 11297 11313 11314
f 11297 11180 11313
f 11169 11180 11297
f 11179 11311 11313
f 11180 11179 11313
f 11296 11179 11167
f 11310 11179 11296
f 11311 11179 11310
f 11312 11311 11310
f 11309 11310 11296
f 11309 11296 11295
f 11308 11309 11295
f 11308 11295 11294
f 11307 11308 11294
f 11307 11294 11293
f 11306 11307 11293
f 11306 11293 11292
f 11305 11306 11292
f 11305 11292 11291
f 11304 11305 11291
f 11304 11291 11290
f 11303 11304 11290
f 11303 11290 11289
f 11302 11303 11289
f 11302 11289 11288
f 11301 11302 11288
f 11301 11288 11287
f 11300 11301 11178
f 11301 11287 11178
f 11178 11287 11155
f 11300 11177 11298
f 11300 11178 11177
f 11177 11176 11299
f 11298 11177 11299
f 11172 11170 11297
f 11297 11170 11169
f 11167 11165 11296
f 11164 11295 11296
f 11165 11164 11296
f 11163 11294 11295
f 11164 11163 11295
f 11162 11293 11294
f 11163 11162 11294
f 11161 11292 11293
f 11162 11161 11293
f 11160 11291 11292
f 11161 11160 11292
f 11159 11290 11291
f 11160 11159 11291
f 11158 11289 11290
f 11159 11158 11290
f 11157 11288 11289
f 11158 11157 11289
f 11156 11287 11288
f 11157 11156 11288
f 11287 11156 11155
f 11141 11127 11286
f 11141 11286 11285
f 11139 11141 11285
f 11139 11285 11284
f 11137 11139 11284
f 11137 11284 11283
f 11135 11137 11283
f 11135 11283 11282
f 11133 11135 11282
f 11282 11125 11133
f 11129 11117 11281
f 11129 11281 11280
f 11128 11129 11280
f 11286 11280 11279
f 11286 11128 11280
f 11127 11128 11286
f 11285 11286 11277
f 11286 11279 11277
f 11284 11285 11275
f 11285 11277 11275
f 11283 11284 11273
f 11284 11275 11273
f 11282 11283 11271
f 11283 11273 11271
f 11269 11282 11271
f 11269 11125 11282
f 11123 11125 11269
f 11269 11115 11123
f 11119 11109 11268
f 11119 11268 11267
f 11118 11119 11267
f 11281 11267 11266
f 11281 11118 11267
f 11117 11118 11281
f 11280 11281 11262
f 11281 11266 11262
f 11280 11262 11279
f 11262 11263 11279
f 11279 11263 11278
f 11278 11276 11277
f 11278 11277 11279
f 11276 11274 11275
f 11276 11275 11277
f 11274 11272 11273
f 11274 11273 11275
f 11272 11270 11271
f 11272 11271 11273
f 11269 11271 11260
f 11271 11270 11260
f 11260 11270 11261
f 11258 11269 11260
f 11258 11115 11269
f 11113 11115 11258
f 11258 11107 11113
f 11110 11103 11257
f 11268 11257 11256
f 11268 11110 11257
f 11109 11110 11268
f 11267 11268 11253
f 11268 11256 11253
f 11267 11253 11266
f 11253 11254 11266
f 11266 11254 11265
f 11265 11264 11262
f 11265 11262 11266
f 11263 11262 11264
f 11261 11259 11260
f 11258 11260 11251
f 11260 11259 11251
f 11251 11259 11252
f 11251 11101 11107
f 11258 11251 11107
f 11104 11095 11250
f 11257 11250 11249
f 11257 11104 11250
f 11103 11104 11257
f 11256 11257 11246
f 11257 11249 11246
f 11256 11246 11253
f 11246 11247 11253
f 11253 11247 11255
f 11254 11253 11255
f 11244 11251 11252
f 11244 11252 11245
f 11244 11093 11101
f 11251 11244 11101
f 11097 11087 11242
f 11097 11242 11241
f 11096 11097 11241
f 11250 11241 11240
f 11250 11096 11241
f 11095 11096 11250
f 11249 11250 11237
f 11250 11240 11237
f 11249 11237 11246
f 11237 11238 11246
f 11246 11238 11248
f 11247 11246 11248
f 11245 11243 11244
f 11235 11092 11236
f 11236 11092 11243
f 11243 11092 11093
f 11243 11093 11244
f 11235 11085 11092
f 11089 11079 11234
f 11089 11234 11233
f 11088 11089 11233
f 11242 11233 11232
f 11242 11088 11233
f 11087 11088 11242
f 11241 11242 11231
f 11242 11232 11231
f 11240 11241 11227
f 11241 11231 11227
f 11240 11227 11237
f 11227 11228 11237
f 11237 11228 11239
f 11238 11237 11239
f 11225 11235 11236
f 11225 11236 11226
f 11225 11077 11085
f 11235 11225 11085
f 11081 11075 11224
f 11081 11224 11223
f 11080 11081 11223
f 11234 11223 11222
f 11234 11080 11223
f 11079 11080 11234
f 11233 11234 11221
f 11234 11222 11221
f 11232 11233 11217
f 11233 11221 11217
f 11232 11217 11231
f 11217 11218 11231
f 11231 11218 11230
f 11230 11229 11227
f 11230 11227 11231
f 11228 11227 11229
f 11215 11225 11226
f 11215 11226 11216
f 11215 11073 11077
f 11225 11215 11077
f 11076 11072 11214
f 11224 11214 11213
f 11224 11076 11214
f 11075 11076 11224
f 11223 11224 11212
f 11224 11213 11212
f 11222 11223 11208
f 11223 11212 11208
f 11222 11208 11221
f 11208 11209 11221
f 11221 11209 11220
f 11220 11219 11217
f 11220 11217 11221
f 11218 11217 11219
f 11206 11215 11216
f 11206 11216 11207
f 11206 11070 11073
f 11215 11206 11073
f 11068 11205 11214
f 11072 11068 11214
f 11213 11214 11202
f 11214 11205 11202
f 11213 11202 11212
f 11202 11203 11212
f 11212 11203 11211
f 11211 11210 11208
f 11211 11208 11212
f 11209 11208 11210
f 11200 11206 11207
f 11200 11207 11201
f 11200 11066 11070
f 11206 11200 11070
f 11069 11064 11199
f 11205 11199 11196
f 11205 11069 11199
f 11068 11069 11205
f 11205 11196 11202
f 11196 11197 11202
f 11202 11197 11204
f 11203 11202 11204
f 11195 11063 11201
f 11063 11065 11201
f 11201 11065 11200
f 11200 11065 11066
f 11061 11192 11199
f 11064 11061 11199
f 11199 11192 11196
f 11192 11193 11196
f 11196 11193 11198
f 11197 11196 11198
f 11194 11191 11190
f 11195 11060 11063
f 11195 11190 11060
f 11194 11190 11195
f 11058 11188 11192
f 11061 11058 11192
f 11189 11193 11192
f 11189 11192 11188
f 11186 11056 11191
f 11056 11059 11191
f 11191 11059 11190
f 11190 11059 11060
f 11058 11057 11188
f 11183 11057 11054
f 11187 11057 11183
f 11188 11057 11187
f 11189 11188 11187
f 11187 11183 11184
f 11185 11176 11175
f 11186 11051 11056
f 11186 11175 11051
f 11185 11175 11186
f 11049 11174 11183
f 11054 11049 11183
f 11174 11173 11183
f 11173 11182 11183
f 11183 11182 11184
f 11181 11182 11173
f 11181 11173 11171
f 11181 11171 11172
f 11180 11169 11168
f 11179 11180 11168
f 11179 11168 11166
f 11179 11166 11167
f 11178 11155 11154
f 11177 11178 11052
f 11178 11154 11052
f 11052 11154 11031
f 11050 11177 11052
f 11050 11176 11177
f 11175 11176 11050
f 11175 11050 11051
f 11049 11048 11174
f 11047 11173 11174
f 11048 11047 11174
f 11046 11171 11173
f 11047 11046 11173
f 11170 11046 11045
f 11170 11171 11046
f 11172 11171 11170
f 11044 11170 11045
f 11044 11169 11170
f 11168 11169 11044
f 11043 11166 11168
f 11044 11043 11168
f 11165 11043 11042
f 11165 11166 11043
f 11167 11166 11165
f 11165 11041 11164
f 11165 11042 11041
f 11164 11040 11163
f 11164 11041 11040
f 11163 11039 11162
f 11163 11040 11039
f 11162 11038 11161
f 11162 11039 11038
f 11161 11037 11160
f 11161 11038 11037
f 11160 11036 11159
f 11160 11037 11036
f 11159 11035 11158
f 11159 11036 11035
f 11158 11034 11157
f 11158 11035 11034
f 11157 11033 11156
f 11157 11034 11033
f 11032 11156 11033
f 11032 11155 11156
f 11154 11155 11032
f 11154 11032 11031
f 11016 11005 11153
f 11016 11153 11152
f 11014 11016 11152
f 11152 11003 11014
f 11009 10996 11151
f 11009 11151 11150
f 11007 11009 11150
f 11007 11150 11149
f 11006 11007 11149
f 11153 11149 11148
f 11153 11006 11149
f 11005 11006 11153
f 11152 11153 11147
f 11153 11148 11147
f 11146 11152 11147
f 11146 11003 11152
f 11001 11003 11146
f 11001 11146 11145
f 10999 11001 11145
f 11145 10994 10999
f 10997 10989 11144
f 11151 11144 11143
f 11151 10997 11144
f 10996 10997 11151
f 11150 11151 11142
f 11151 11143 11142
f 11149 11150 11140
f 11150 11142 11140
f 11148 11149 11138
f 11149 11140 11138
f 11147 11148 11136
f 11148 11138 11136
f 11146 11147 11134
f 11147 11136 11134
f 11145 11146 11132
f 11146 11134 11132
f 11132 10987 10994
f 11145 11132 10994
f 10990 10979 11131
f 11144 11131 11130
f 11144 10990 11131
f 10989 10990 11144
f 11143 11144 11126
f 11144 11130 11126
f 11143 11126 11142
f 11126 11127 11142
f 11142 11127 11141
f 11141 11139 11140
f 11141 11140 11142
f 11139 11137 11138
f 11139 11138 11140
f 11137 11135 11136
f 11137 11136 11138
f 11135 11133 11134
f 11135 11134 11136
f 11132 11134 11124
f 11134 11133 11124
f 11124 11133 11125
f 11122 11132 11124
f 11122 10987 11132
f 10985 10987 11122
f 11122 10977 10985
f 10981 10971 11121
f 10981 11121 11120
f 10980 10981 11120
f 11131 11120 11116
f 11131 10980 11120
f 10979 10980 11131
f 11131 11116 11130
f 11116 11117 11130
f 11130 11117 11129
f 11129 11128 11126
f 11129 11126 11130
f 11127 11126 11128
f 11125 11123 11124
f 11122 11124 11114
f 11124 11123 11114
f 11114 11123 11115
f 11114 10969 10977
f 11122 11114 10977
f 10973 10965 11112
f 10973 11112 11111
f 10972 10973 11111
f 11121 11111 11108
f 11121 10972 11111
f 10971 10972 11121
f 11121 11108 11120
f 11108 11109 11120
f 11120 11109 11119
f 11119 11118 11116
f 11119 11116 11120
f 11117 11116 11118
f 11115 11113 11114
f 10969 11107 10963
f 10969 11113 11107
f 11114 11113 10969
f 10966 10956 11106
f 11112 11106 11105
f 11112 10966 11106
f 10965 10966 11112
f 11111 11112 11102
f 11112 11105 11102
f 11111 11102 11108
f 11102 11103 11108
f 11108 11103 11110
f 11109 11108 11110
f 11107 11101 10963
f 11101 10954 10963
f 10958 10949 11100
f 10958 11100 11099
f 10957 10958 11099
f 11106 11099 11098
f 11106 10957 11099
f 10956 10957 11106
f 11105 11106 11094
f 11106 11098 11094
f 11105 11094 11102
f 11094 11095 11102
f 11102 11095 11104
f 11103 11102 11104
f 11101 11093 10954
f 11093 10947 10954
f 10950 10942 11091
f 11100 11091 11090
f 11100 10950 11091
f 10949 10950 11100
f 11099 11100 11086
f 11100 11090 11086
f 11099 11086 11098
f 11086 11087 11098
f 11098 11087 11097
f 11097 11096 11094
f 11097 11094 11098
f 11095 11094 11096
f 10947 11093 10940
f 11093 11092 10940
f 10940 11092 11084
f 11085 11084 11092
f 10944 10937 11083
f 10944 11083 11082
f 10943 10944 11082
f 11091 11082 11078
f 11091 10943 11082
f 10942 10943 11091
f 11091 11078 11090
f 11078 11079 11090
f 11090 11079 11089
f 11089 11088 11086
f 11089 11086 11090
f 11087 11086 11088
f 11084 10938 10940
f 10935 11085 11077
f 10935 11084 11085
f 10938 11084 10935
f 10933 11074 11083
f 10937 10933 11083
f 11083 11074 11082
f 11074 11075 11082
f 11082 11075 11081
f 11081 11080 11078
f 11081 11078 11082
f 11079 11078 11080
f 11077 11073 10935
f 11073 10931 10935
f 10934 10929 11071
f 10934 11071 10933
f 10933 11071 11074
f 11074 11071 11072
f 11074 11072 11076
f 11075 11074 11076
f 11073 11070 10931
f 11070 10928 10931
f 10926 11067 11071
f 10929 10926 11071
f 11068 11072 11071
f 11068 11071 11067
f 11070 11066 10928
f 11066 10924 10928
f 11064 10926 10923
f 11064 11067 10926
f 11069 11067 11064
f 11068 11067 11069
f 11065 11063 11062
f 11066 10921 10924
f 11066 11062 10921
f 11065 11062 11066
f 10923 11061 11064
f 10923 10919 11061
f 11060 10917 11063
f 10917 10920 11063
f 11063 10920 11062
f 11062 10920 10921
f 10919 11058 11061
f 10919 10916 11058
f 11059 11056 11055
f 11060 10914 10917
f 11060 11055 10914
f 11059 11055 11060
f 10912 11058 10916
f 10912 11057 11058
f 11053 11057 10912
f 11057 11053 11054
f 11051 10910 11056
f 10910 10913 11056
f 11056 10913 11055
f 11055 10913 10914
f 10912 10911 11053
f 11049 11054 10908
f 11054 11053 10908
f 10908 11053 10911
f 11052 11031 11030
f 11050 11052 10909
f 11052 11030 10909
f 10909 11030 10893
f 10909 10910 11051
f 11050 10909 11051
f 11048 11049 10908
f 10906 11048 10908
f 11048 10905 11047
f 11048 10906 10905
f 11047 10904 11046
f 11047 10905 10904
f 11046 10904 11045
f 10904 10889 11045
f 11045 10889 11029
f 11044 11045 11029
f 11044 11029 11028
f 11043 11044 11028
f 11043 11028 11027
f 11042 11043 11027
f 11042 11027 11026
f 11041 11042 10903
f 11042 11026 10903
f 10903 11026 10883
f 11041 10902 11040
f 11041 10903 10902
f 11040 10901 11039
f 11040 10902 10901
f 11039 10900 11038
f 11039 10901 10900
f 11038 10899 11037
f 11038 10900 10899
f 11037 10898 11036
f 11037 10899 10898
f 11036 10897 11035
f 11036 10898 10897
f 11035 10896 11034
f 11035 10897 10896
f 11034 10895 11033
f 11034 10896 10895
f 11033 10894 11032
f 11033 10895 10894
f 10892 11032 10894
f 10892 11031 11032
f 11030 11031 10892
f 11030 10892 10893
f 10889 10887 11029
f 10886 11028 11029
f 10887 10886 11029
f 10885 11027 11028
f 10886 10885 11028
f 10884 11026 11027
f 10885 10884 11027
f 11026 10884 10883
f 10871 10858 11025
f 10871 11025 11024
f 10869 10871 11024
f 10869 11024 11023
f 10867 10869 11023
f 10867 11023 11022
f 10865 10867 11022
f 10865 11022 11021
f 10863 10865 11021
f 11021 10856 10863
f 10860 10852 11020
f 10860 11020 11019
f 10859 10860 11019
f 11025 11019 11018
f 11025 10859 11019
f 10858 10859 11025
f 11024 11025 11017
f 11025 11018 11017
f 11023 11024 11015
f 11024 11017 11015
f 11022 11023 11013
f 11023 11015 11013
f 11021 11022 11012
f 11022 11013 11012
f 11012 10850 10856
f 11021 11012 10856
f 10853 10845 11011
f 11020 11011 11010
f 11020 10853 11011
f 10852 10853 11020
f 11019 11020 11008
f 11020 11010 11008
f 11018 11019 11004
f 11019 11008 11004
f 11018 11004 11017
f 11004 11005 11017
f 11017 11005 11016
f 11016 11014 11015
f 11016 11015 11017
f 11013 11015 11002
f 11015 11014 11002
f 11002 11014 11003
f 11012 11013 11000
f 11013 11002 11000
f 11000 10843 10850
f 11012 11000 10850
f 10846 10834 10998
f 11011 10998 10995
f 11011 10846 10998
f 10845 10846 11011
f 11011 10995 11010
f 10995 10996 11010
f 11010 10996 11009
f 11009 11007 11008
f 11009 11008 11010
f 11007 11006 11004
f 11007 11004 11008
f 11005 11004 11006
f 11003 11001 11002
f 11001 10999 11000
f 11001 11000 11002
f 10993 10841 10994
f 10994 10841 10999
f 10999 10841 10843
f 10999 10843 11000
f 10993 10832 10841
f 10836 10825 10992
f 10836 10992 10991
f 10835 10836 10991
f 10998 10991 10988
f 10998 10835 10991
f 10834 10835 10998
f 10998 10988 10995
f 10988 10989 10995
f 10995 10989 10997
f 10996 10995 10997
f 10986 10993 10994
f 10986 10994 10987
f 10986 10823 10832
f 10993 10986 10832
f 10827 10817 10984
f 10827 10984 10983
f 10826 10827 10983
f 10992 10983 10982
f 10992 10826 10983
f 10825 10826 10992
f 10991 10992 10978
f 10992 10982 10978
f 10991 10978 10988
f 10978 10979 10988
f 10988 10979 10990
f 10989 10988 10990
f 10987 10985 10986
f 10823 10977 10815
f 10823 10985 10977
f 10986 10985 10823
f 10819 10809 10976
f 10819 10976 10975
f 10818 10819 10975
f 10984 10975 10974
f 10984 10818 10975
f 10817 10818 10984
f 10983 10984 10970
f 10984 10974 10970
f 10983 10970 10982
f 10970 10971 10982
f 10982 10971 10981
f 10981 10980 10978
f 10981 10978 10982
f 10979 10978 10980
f 10977 10969 10815
f 10969 10807 10815
f 10810 10800 10968
f 10976 10968 10967
f 10976 10810 10968
f 10809 10810 10976
f 10975 10976 10964
f 10976 10967 10964
f 10975 10964 10974
f 10964 10965 10974
f 10974 10965 10973
f 10973 10972 10970
f 10973 10970 10974
f 10971 10970 10972
f 10969 10963 10807
f 10963 10962 10807
f 10807 10962 10805
f 10962 10798 10805
f 10802 10795 10961
f 10802 10961 10960
f 10801 10802 10960
f 10968 10960 10959
f 10968 10801 10960
f 10800 10801 10968
f 10967 10968 10955
f 10968 10959 10955
f 10967 10955 10964
f 10955 10956 10964
f 10964 10956 10966
f 10965 10964 10966
f 10953 10962 10963
f 10953 10963 10954
f 10953 10793 10798
f 10962 10953 10798
f 10796 10792 10952
f 10961 10952 10951
f 10961 10796 10952
f 10795 10796 10961
f 10960 10961 10948
f 10961 10951 10948
f 10960 10948 10959
f 10948 10949 10959
f 10959 10949 10958
f 10958 10957 10955
f 10958 10955 10959
f 10956 10955 10957
f 10946 10953 10954
f 10946 10954 10947
f 10946 10790 10793
f 10953 10946 10793
f 10788 10945 10952
f 10792 10788 10952
f 10951 10952 10941
f 10952 10945 10941
f 10951 10941 10948
f 10941 10942 10948
f 10948 10942 10950
f 10949 10948 10950
f 10939 10946 10947
f 10939 10947 10940
f 10939 10786 10790
f 10946 10939 10790
f 10789 10785 10936
f 10789 10936 10788
f 10788 10936 10945
f 10945 10936 10937
f 10945 10937 10944
f 10944 10943 10941
f 10944 10941 10945
f 10942 10941 10943
f 10940 10938 10939
f 10786 10935 10784
f 10786 10938 10935
f 10939 10938 10786
f 10781 10932 10936
f 10785 10781 10936
f 10933 10937 10936
f 10933 10936 10932
f 10935 10931 10784
f 10931 10930 10784
f 10784 10930 10782
f 10930 10779 10782
f 10929 10781 10777
f 10929 10932 10781
f 10934 10932 10929
f 10933 10932 10934
f 10927 10930 10931
f 10927 10931 10928
f 10927 10775 10779
f 10930 10927 10779
f 10778 10772 10925
f 10929 10777 10926
f 10777 10778 10926
f 10926 10778 10925
f 10924 10771 10928
f 10771 10774 10928
f 10928 10774 10927
f 10927 10774 10775
f 10770 10922 10925
f 10772 10770 10925
f 10923 10926 10925
f 10923 10925 10922
f 10924 10921 10771
f 10921 10769 10771
f 10767 10918 10922
f 10770 10767 10922
f 10919 10923 10922
f 10919 10922 10918
f 10768 10920 10917
f 10768 10917 10766
f 10768 10769 10921
f 10920 10768 10921
f 10765 10915 10918
f 10767 10765 10918
f 10916 10919 10918
f 10916 10918 10915
f 10917 10914 10766
f 10914 10763 10766
f 10765 10764 10915
f 10912 10916 10761
f 10916 10915 10761
f 10761 10915 10764
f 10762 10913 10910
f 10762 10910 10760
f 10762 10763 10914
f 10913 10762 10914
f 10758 10912 10761
f 10758 10911 10912
f 10907 10911 10758
f 10911 10907 10908
f 10759 10909 10893
f 10759 10893 10747
f 10759 10760 10910
f 10909 10759 10910
f 10758 10757 10907
f 10891 10757 10745
f 10906 10757 10891
f 10907 10757 10906
f 10908 10907 10906
f 10905 10906 10891
f 10905 10891 10890
f 10904 10905 10890
f 10904 10890 10888
f 10904 10888 10889
f 10903 10883 10882
f 10902 10903 10756
f 10903 10882 10756
f 10756 10882 10736
f 10902 10755 10901
f 10902 10756 10755
f 10901 10754 10900
f 10901 10755 10754
f 10900 10753 10899
f 10900 10754 10753
f 10899 10752 10898
f 10899 10753 10752
f 10898 10751 10897
f 10898 10752 10751
f 10897 10750 10896
f 10897 10751 10750
f 10896 10749 10895
f 10896 10750 10749
f 10895 10748 10894
f 10895 10749 10748
f 10894 10746 10892
f 10894 10748 10746
f 10746 10747 10893
f 10892 10746 10893
f 10745 10744 10891
f 10743 10890 10891
f 10744 10743 10891
f 10742 10888 10890
f 10743 10742 10890
f 10887 10742 10741
f 10887 10888 10742
f 10889 10888 10887
f 10887 10740 10886
f 10887 10741 10740
f 10886 10739 10885
f 10886 10740 10739
f 10885 10738 10884
f 10885 10739 10738
f 10735 10884 10738
f 10735 10883 10884
f 10882 10883 10735
f 10882 10735 10736
f 10726 10716 10881
f 10726 10881 10880
f 10724 10726 10880
f 10724 10880 10879
f 10722 10724 10879
f 10879 10714 10722
f 10718 10708 10878
f 10718 10878 10877
f 10717 10718 10877
f 10881 10877 10876
f 10881 10717 10877
f 10716 10717 10881
f 10880 10881 10875
f 10881 10876 10875
f 10879 10880 10874
f 10880 10875 10874
f 10874 10706 10714
f 10879 10874 10714
f 10709 10699 10873
f 10878 10873 10872
f 10878 10709 10873
f 10708 10709 10878
f 10877 10878 10870
f 10878 10872 10870
f 10876 10877 10868
f 10877 10870 10868
f 10875 10876 10866
f 10876 10868 10866
f 10874 10875 10864
f 10875 10866 10864
f 10864 10697 10706
f 10874 10864 10706
f 10701 10691 10862
f 10701 10862 10861
f 10700 10701 10861
f 10873 10861 10857
f 10873 10700 10861
f 10699 10700 10873
f 10873 10857 10872
f 10857 10858 10872
f 10872 10858 10871
f 10871 10869 10870
f 10871 10870 10872
f 10869 10867 10868
f 10869 10868 10870
f 10867 10865 10866
f 10867 10866 10868
f 10865 10863 10864
f 10865 10864 10866
f 10697 10856 10689
f 10697 10863 10856
f 10864 10863 10697
f 10693 10682 10855
f 10693 10855 10854
f 10692 10693 10854
f 10862 10854 10851
f 10862 10692 10854
f 10691 10692 10862
f 10862 10851 10861
f 10851 10852 10861
f 10861 10852 10860
f 10860 10859 10857
f 10860 10857 10861
f 10858 10857 10859
f 10856 10850 10689
f 10850 10849 10689
f 10689 10849 10687
f 10849 10680 10687
f 10683 10672 10848
f 10855 10848 10847
f 10855 10683 10848
f 10682 10683 10855
f 10854 10855 10844
f 10855 10847 10844
f 10854 10844 10851
f 10844 10845 10851
f 10851 10845 10853
f 10852 10851 10853
f 10842 10849 10850
f 10842 10850 10843
f 10842 10670 10680
f 10849 10842 10680
f 10676 10664 10840
f 10676 10840 10839
f 10674 10676 10839
f 10674 10839 10838
f 10673 10674 10838
f 10848 10838 10837
f 10848 10673 10838
f 10672 10673 10848
f 10847 10848 10833
f 10848 10837 10833
f 10847 10833 10844
f 10833 10834 10844
f 10844 10834 10846
f 10845 10844 10846
f 10843 10841 10842
f 10670 10832 10662
f 10670 10841 10832
f 10842 10841 10670
f 10666 10657 10831
f 10666 10831 10830
f 10665 10666 10830
f 10840 10830 10829
f 10840 10665 10830
f 10664 10665 10840
f 10839 10840 10828
f 10840 10829 10828
f 10838 10839 10824
f 10839 10828 10824
f 10838 10824 10837
f 10824 10825 10837
f 10837 10825 10836
f 10836 10835 10833
f 10836 10833 10837
f 10834 10833 10835
f 10832 10823 10662
f 10823 10655 10662
f 10658 10649 10822
f 10831 10822 10821
f 10831 10658 10822
f 10657 10658 10831
f 10830 10831 10820
f 10831 10821 10820
f 10829 10830 10816
f 10830 10820 10816
f 10829 10816 10828
f 10816 10817 10828
f 10828 10817 10827
f 10827 10826 10824
f 10827 10824 10828
f 10825 10824 10826
f 10823 10815 10655
f 10815 10814 10655
f 10655 10814 10653
f 10814 10647 10653
f 10651 10646 10813
f 10651 10813 10812
f 10650 10651 10812
f 10822 10812 10811
f 10822 10650 10812
f 10649 10650 10822
f 10821 10822 10808
f 10822 10811 10808
f 10821 10808 10820
f 10808 10809 10820
f 10820 10809 10819
f 10819 10818 10816
f 10819 10816 10820
f 10817 10816 10818
f 10806 10814 10815
f 10806 10815 10807
f 10806 10644 10647
f 10814 10806 10647
f 10642 10804 10813
f 10646 10642 10813
f 10812 10813 10803
f 10813 10804 10803
f 10811 10812 10799
f 10812 10803 10799
f 10811 10799 10808
f 10799 10800 10808
f 10808 10800 10810
f 10809 10808 10810
f 10807 10805 10806
f 10644 10798 10640
f 10644 10805 10798
f 10806 10805 10644
f 10643 10639 10797
f 10804 10797 10794
f 10804 10643 10797
f 10642 10643 10804
f 10804 10794 10803
f 10794 10795 10803
f 10803 10795 10802
f 10802 10801 10799
f 10802 10799 10803
f 10800 10799 10801
f 10798 10793 10640
f 10793 10637 10640
f 10636 10791 10797
f 10639 10636 10797
f 10797 10791 10794
f 10791 10792 10794
f 10794 10792 10796
f 10795 10794 10796
f 10793 10790 10637
f 10790 10634 10637
f 10633 10787 10791
f 10636 10633 10791
f 10788 10792 10791
f 10788 10791 10787
f 10790 10786 10634
f 10786 10631 10634
f 10785 10633 10627
f 10785 10787 10633
f 10789 10787 10785
f 10788 10787 10789
f 10786 10784 10631
f 10784 10783 10631
f 10631 10783 10629
f 10783 10625 10629
f 10628 10624 10780
f 10785 10627 10781
f 10627 10628 10781
f 10781 10628 10780
f 10784 10782 10783
f 10625 10779 10623
f 10625 10782 10779
f 10783 10782 10625
f 10621 10776 10780
f 10624 10621 10780
f 10777 10781 10780
f 10777 10780 10776
f 10773 10620 10622
f 10775 10623 10779
f 10775 10622 10623
f 10773 10622 10775
f 10772 10621 10619
f 10772 10776 10621
f 10778 10776 10772
f 10777 10776 10778
f 10618 10620 10771
f 10620 10773 10771
f 10771 10773 10774
f 10774 10773 10775
f 10619 10770 10772
f 10619 10617 10770
f 10771 10769 10618
f 10769 10616 10618
f 10617 10767 10770
f 10617 10614 10767
f 10615 10768 10766
f 10615 10766 10613
f 10615 10616 10769
f 10768 10615 10769
f 10614 10765 10767
f 10614 10612 10765
f 10766 10763 10613
f 10763 10610 10613
f 10764 10765 10612
f 10611 10764 10612
f 10764 10611 10608
f 10764 10608 10761
f 10609 10762 10760
f 10609 10760 10607
f 10609 10610 10763
f 10762 10609 10763
f 10608 10758 10761
f 10608 10605 10758
f 10606 10759 10747
f 10606 10747 10592
f 10606 10607 10760
f 10759 10606 10760
f 10757 10758 10605
f 10604 10757 10605
f 10757 10604 10589
f 10757 10589 10745
f 10737 10582 10603
f 10734 10737 10603
f 10734 10603 10602
f 10601 10756 10602
f 10756 10736 10602
f 10602 10736 10734
f 10756 10600 10755
f 10756 10601 10600
f 10755 10599 10754
f 10755 10600 10599
f 10754 10598 10753
f 10754 10599 10598
f 10753 10597 10752
f 10753 10598 10597
f 10752 10596 10751
f 10752 10597 10596
f 10751 10595 10750
f 10751 10596 10595
f 10750 10594 10749
f 10750 10595 10594
f 10749 10593 10748
f 10749 10594 10593
f 10748 10591 10746
f 10748 10593 10591
f 10591 10592 10747
f 10746 10591 10747
f 10744 10745 10589
f 10588 10744 10589
f 10744 10586 10743
f 10744 10588 10586
f 10743 10585 10742
f 10743 10586 10585
f 10742 10584 10741
f 10742 10585 10584
f 10741 10583 10740
f 10741 10584 10583
f 10740 10581 10739
f 10740 10583 10581
f 10581 10738 10739
f 10581 10737 10738
f 10582 10737 10581
f 10734 10735 10738
f 10737 10734 10738
f 10735 10734 10736
f 10570 10558 10733
f 10570 10733 10732
f 10568 10570 10732
f 10568 10732 10731
f 10566 10568 10731
f 10731 10556 10566
f 10562 10551 10730
f 10562 10730 10729
f 10560 10562 10729
f 10560 10729 10728
f 10559 10560 10728
f 10733 10728 10727
f 10733 10559 10728
f 10558 10559 10733
f 10732 10733 10725
f 10733 10727 10725
f 10731 10732 10723
f 10732 10725 10723
f 10723 10549 10556
f 10731 10723 10556
f 10552 10541 10721
f 10730 10721 10720
f 10730 10552 10721
f 10551 10552 10730
f 10729 10730 10719
f 10730 10720 10719
f 10728 10729 10715
f 10729 10719 10715
f 10728 10715 10727
f 10715 10716 10727
f 10727 10716 10726
f 10726 10724 10725
f 10726 10725 10727
f 10724 10722 10723
f 10724 10723 10725
f 10713 10547 10714
f 10714 10547 10722
f 10722 10547 10549
f 10722 10549 10723
f 10713 10539 10547
f 10543 10535 10712
f 10543 10712 10711
f 10542 10543 10711
f 10721 10711 10710
f 10721 10542 10711
f 10541 10542 10721
f 10720 10721 10707
f 10721 10710 10707
f 10720 10707 10719
f 10707 10708 10719
f 10719 10708 10718
f 10718 10717 10715
f 10718 10715 10719
f 10716 10715 10717
f 10705 10713 10714
f 10705 10714 10706
f 10705 10533 10539
f 10713 10705 10539
f 10536 10526 10704
f 10712 10704 10703
f 10712 10536 10704
f 10535 10536 10712
f 10711 10712 10702
f 10712 10703 10702
f 10710 10711 10698
f 10711 10702 10698
f 10710 10698 10707
f 10698 10699 10707
f 10707 10699 10709
f 10708 10707 10709
f 10696 10705 10706
f 10696 10706 10697
f 10696 10524 10533
f 10705 10696 10533
f 10527 10514 10695
f 10704 10695 10694
f 10704 10527 10695
f 10526 10527 10704
f 10703 10704 10690
f 10704 10694 10690
f 10703 10690 10702
f 10690 10691 10702
f 10702 10691 10701
f 10701 10700 10698
f 10701 10698 10702
f 10699 10698 10700
f 10688 10696 10697
f 10688 10697 10689
f 10688 10512 10524
f 10696 10688 10524
f 10518 10505 10686
f 10518 10686 10685
f 10516 10518 10685
f 10516 10685 10684
f 10515 10516 10684
f 10695 10684 10681
f 10695 10515 10684
f 10514 10515 10695
f 10695 10681 10694
f 10681 10682 10694
f 10694 10682 10693
f 10693 10692 10690
f 10693 10690 10694
f 10691 10690 10692
f 10689 10687 10688
f 10512 10680 10503
f 10512 10687 10680
f 10688 10687 10512
f 10507 10497 10679
f 10507 10679 10678
f 10506 10507 10678
f 10686 10678 10677
f 10686 10506 10678
f 10505 10506 10686
f 10685 10686 10675
f 10686 10677 10675
f 10684 10685 10671
f 10685 10675 10671
f 10684 10671 10681
f 10671 10672 10681
f 10681 10672 10683
f 10682 10681 10683
f 10680 10670 10503
f 10670 10669 10503
f 10503 10669 10501
f 10669 10495 10501
f 10498 10491 10668
f 10679 10668 10667
f 10679 10498 10668
f 10497 10498 10679
f 10678 10679 10663
f 10679 10667 10663
f 10678 10663 10677
f 10663 10664 10677
f 10677 10664 10676
f 10676 10674 10675
f 10676 10675 10677
f 10674 10673 10671
f 10674 10671 10675
f 10672 10671 10673
f 10661 10669 10670
f 10661 10670 10662
f 10661 10489 10495
f 10669 10661 10495
f 10493 10488 10660
f 10493 10660 10659
f 10492 10493 10659
f 10668 10659 10656
f 10668 10492 10659
f 10491 10492 10668
f 10668 10656 10667
f 10656 10657 10667
f 10667 10657 10666
f 10666 10665 10663
f 10666 10663 10667
f 10664 10663 10665
f 10654 10661 10662
f 10654 10662 10655
f 10654 10486 10489
f 10661 10654 10489
f 10484 10652 10660
f 10488 10484 10660
f 10659 10660 10648
f 10660 10652 10648
f 10659 10648 10656
f 10648 10649 10656
f 10656 10649 10658
f 10657 10656 10658
f 10655 10653 10654
f 10486 10647 10482
f 10486 10653 10647
f 10654 10653 10486
f 10485 10481 10645
f 10485 10645 10484
f 10484 10645 10652
f 10652 10645 10646
f 10652 10646 10651
f 10651 10650 10648
f 10651 10648 10652
f 10649 10648 10650
f 10647 10644 10482
f 10644 10479 10482
f 10477 10641 10645
f 10481 10477 10645
f 10642 10646 10645
f 10642 10645 10641
f 10644 10640 10479
f 10640 10475 10479
f 10478 10474 10638
f 10478 10638 10477
f 10477 10638 10641
f 10641 10638 10639
f 10641 10639 10643
f 10642 10641 10643
f 10640 10637 10475
f 10637 10473 10475
f 10471 10635 10638
f 10474 10471 10638
f 10636 10639 10638
f 10636 10638 10635
f 10637 10634 10473
f 10634 10470 10473
f 10467 10632 10635
f 10471 10467 10635
f 10633 10636 10635
f 10633 10635 10632
f 10634 10631 10470
f 10631 10630 10470
f 10470 10630 10468
f 10630 10466 10468
f 10465 10626 10632
f 10467 10465 10632
f 10627 10633 10632
f 10627 10632 10626
f 10631 10629 10630
f 10466 10625 10464
f 10466 10629 10625
f 10630 10629 10466
f 10624 10465 10462
f 10624 10626 10465
f 10628 10626 10624
f 10627 10626 10628
f 10625 10623 10464
f 10623 10461 10464
f 10462 10621 10624
f 10462 10458 10621
f 10460 10622 10620
f 10460 10620 10457
f 10460 10461 10623
f 10622 10460 10623
f 10458 10619 10621
f 10458 10456 10619
f 10620 10618 10457
f 10618 10455 10457
f 10456 10617 10619
f 10456 10454 10617
f 10618 10616 10455
f 10616 10453 10455
f 10454 10614 10617
f 10454 10451 10614
f 10452 10615 10613
f 10452 10613 10450
f 10452 10453 10616
f 10615 10452 10616
f 10451 10612 10614
f 10451 10449 10612
f 10613 10610 10450
f 10610 10446 10450
f 10611 10612 10449
f 10447 10611 10449
f 10611 10447 10443
f 10611 10443 10608
f 10445 10609 10607
f 10445 10607 10441
f 10445 10446 10610
f 10609 10445 10610
f 10443 10605 10608
f 10443 10438 10605
f 10590 10422 10442
f 10440 10606 10442
f 10606 10592 10442
f 10442 10592 10590
f 10440 10441 10607
f 10606 10440 10607
f 10604 10605 10438
f 10437 10604 10438
f 10437 10435 10604
f 10435 10587 10604
f 10604 10587 10589
f 10435 10419 10587
f 10434 10603 10582
f 10434 10582 10414
f 10603 10433 10602
f 10603 10434 10433
f 10602 10432 10601
f 10602 10433 10432
f 10601 10431 10600
f 10601 10432 10431
f 10600 10430 10599
f 10600 10431 10430
f 10599 10429 10598
f 10599 10430 10429
f 10598 10428 10597
f 10598 10429 10428
f 10597 10427 10596
f 10597 10428 10427
f 10596 10426 10595
f 10596 10427 10426
f 10595 10424 10594
f 10595 10426 10424
f 10594 10421 10593
f 10594 10424 10421
f 10421 10591 10593
f 10421 10590 10591
f 10422 10590 10421
f 10591 10590 10592
f 10587 10588 10589
f 10588 10418 10586
f 10588 10419 10418
f 10587 10419 10588
f 10586 10417 10585
f 10586 10418 10417
f 10585 10416 10584
f 10585 10417 10416
f 10584 10415 10583
f 10584 10416 10415
f 10583 10413 10581
f 10583 10415 10413
f 10413 10414 10582
f 10581 10413 10582
f 10398 10383 10580
f 10398 10580 10579
f 10396 10398 10579
f 10396 10579 10578
f 10394 10396 10578
f 10394 10578 10577
f 10392 10394 10577
f 10392 10577 10576
f 10390 10392 10576
f 10576 10381 10390
f 10385 10376 10575
f 10385 10575 10574
f 10384 10385 10574
f 10580 10574 10573
f 10580 10384 10574
f 10383 10384 10580
f 10579 10580 10572
f 10580 10573 10572
f 10578 10579 10571
f 10579 10572 10571
f 10577 10578 10569
f 10578 10571 10569
f 10576 10577 10567
f 10577 10569 10567
f 10567 10374 10381
f 10576 10567 10381
f 10377 10368 10565
f 10575 10565 10564
f 10575 10377 10565
f 10376 10377 10575
f 10574 10575 10563
f 10575 10564 10563
f 10573 10574 10561
f 10574 10563 10561
f 10572 10573 10557
f 10573 10561 10557
f 10572 10557 10571
f 10557 10558 10571
f 10571 10558 10570
f 10570 10568 10569
f 10570 10569 10571
f 10568 10566 10567
f 10568 10567 10569
f 10555 10372 10556
f 10556 10372 10566
f 10566 10372 10374
f 10566 10374 10567
f 10555 10366 10372
f 10369 10359 10554
f 10565 10554 10553
f 10565 10369 10554
f 10368 10369 10565
f 10564 10565 10550
f 10565 10553 10550
f 10564 10550 10563
f 10550 10551 10563
f 10563 10551 10562
f 10562 10560 10561
f 10562 10561 10563
f 10560 10559 10557
f 10560 10557 10561
f 10558 10557 10559
f 10548 10555 10556
f 10548 10556 10549
f 10548 10357 10366
f 10555 10548 10366
f 10361 10352 10546
f 10361 10546 10545
f 10360 10361 10545
f 10554 10545 10544
f 10554 10360 10545
f 10359 10360 10554
f 10553 10554 10540
f 10554 10544 10540
f 10553 10540 10550
f 10540 10541 10550
f 10550 10541 10552
f 10551 10550 10552
f 10549 10547 10548
f 10357 10539 10350
f 10357 10547 10539
f 10548 10547 10357
f 10353 10340 10538
f 10546 10538 10537
f 10546 10353 10538
f 10352 10353 10546
f 10545 10546 10534
f 10546 10537 10534
f 10545 10534 10544
f 10534 10535 10544
f 10544 10535 10543
f 10543 10542 10540
f 10543 10540 10544
f 10541 10540 10542
f 10539 10533 10350
f 10533 10338 10350
f 10346 10333 10532
f 10346 10532 10531
f 10344 10346 10531
f 10344 10531 10530
f 10342 10344 10530
f 10342 10530 10529
f 10341 10342 10529
f 10538 10529 10528
f 10538 10341 10529
f 10340 10341 10538
f 10537 10538 10525
f 10538 10528 10525
f 10537 10525 10534
f 10525 10526 10534
f 10534 10526 10536
f 10535 10534 10536
f 10533 10524 10338
f 10524 10523 10338
f 10338 10523 10336
f 10523 10331 10336
f 10334 10328 10522
f 10532 10522 10521
f 10532 10334 10522
f 10333 10334 10532
f 10531 10532 10520
f 10532 10521 10520
f 10530 10531 10519
f 10531 10520 10519
f 10529 10530 10517
f 10530 10519 10517
f 10528 10529 10513
f 10529 10517 10513
f 10528 10513 10525
f 10513 10514 10525
f 10525 10514 10527
f 10526 10525 10527
f 10511 10523 10524
f 10511 10524 10512
f 10511 10326 10331
f 10523 10511 10331
f 10329 10324 10510
f 10522 10510 10509
f 10522 10329 10510
f 10328 10329 10522
f 10521 10522 10508
f 10522 10509 10508
f 10520 10521 10504
f 10521 10508 10504
f 10520 10504 10519
f 10504 10505 10519
f 10519 10505 10518
f 10518 10516 10517
f 10518 10517 10519
f 10516 10515 10513
f 10516 10513 10517
f 10514 10513 10515
f 10502 10511 10512
f 10502 10512 10503
f 10502 10322 10326
f 10511 10502 10326
f 10325 10321 10500
f 10510 10500 10499
f 10510 10325 10500
f 10324 10325 10510
f 10509 10510 10496
f 10510 10499 10496
f 10509 10496 10508
f 10496 10497 10508
f 10508 10497 10507
f 10507 10506 10504
f 10507 10504 10508
f 10505 10504 10506
f 10503 10501 10502
f 10322 10495 10319
f 10322 10501 10495
f 10502 10501 10322
f 10317 10494 10500
f 10321 10317 10500
f 10499 10500 10490
f 10500 10494 10490
f 10499 10490 10496
f 10490 10491 10496
f 10496 10491 10498
f 10497 10496 10498
f 10495 10489 10319
f 10489 10315 10319
f 10318 10314 10487
f 10318 10487 10317
f 10317 10487 10494
f 10494 10487 10488
f 10494 10488 10493
f 10493 10492 10490
f 10493 10490 10494
f 10491 10490 10492
f 10489 10486 10315
f 10486 10313 10315
f 10311 10483 10487
f 10314 10311 10487
f 10484 10488 10487
f 10484 10487 10483
f 10486 10482 10313
f 10482 10309 10313
f 10312 10308 10480
f 10312 10480 10311
f 10311 10480 10483
f 10483 10480 10481
f 10483 10481 10485
f 10484 10483 10485
f 10482 10479 10309
f 10479 10307 10309
f 10306 10476 10480
f 10308 10306 10480
f 10477 10481 10480
f 10477 10480 10476
f 10479 10475 10307
f 10475 10305 10307
f 10474 10306 10303
f 10474 10476 10306
f 10478 10476 10474
f 10477 10476 10478
f 10475 10473 10305
f 10473 10472 10305
f 10305 10472 10304
f 10472 10302 10304
f 10303 10471 10474
f 10303 10300 10471
f 10469 10472 10473
f 10469 10473 10470
f 10469 10299 10302
f 10472 10469 10302
f 10300 10467 10471
f 10300 10297 10467
f 10470 10468 10469
f 10299 10466 10296
f 10299 10468 10466
f 10469 10468 10299
f 10297 10465 10467
f 10297 10293 10465
f 10463 10292 10295
f 10464 10296 10466
f 10464 10295 10296
f 10463 10295 10464
f 10293 10462 10465
f 10293 10291 10462
f 10463 10459 10290
f 10463 10290 10292
f 10463 10464 10461
f 10459 10463 10461
f 10291 10458 10462
f 10291 10289 10458
f 10288 10290 10457
f 10290 10459 10457
f 10457 10459 10460
f 10460 10459 10461
f 10289 10456 10458
f 10289 10287 10456
f 10457 10455 10288
f 10455 10286 10288
f 10287 10454 10456
f 10287 10285 10454
f 10455 10453 10286
f 10453 10284 10286
f 10285 10451 10454
f 10285 10281 10451
f 10283 10452 10450
f 10283 10450 10278
f 10283 10284 10453
f 10452 10283 10453
f 10281 10449 10451
f 10281 10448 10449
f 10279 10448 10281
f 10279 10275 10448
f 10444 10274 10277
f 10446 10278 10450
f 10446 10277 10278
f 10444 10277 10446
f 10448 10447 10449
f 10272 10443 10275
f 10443 10447 10275
f 10275 10447 10448
f 10439 10265 10273
f 10274 10439 10273
f 10444 10439 10274
f 10441 10439 10444
f 10445 10441 10444
f 10445 10444 10446
f 10272 10438 10443
f 10272 10436 10438
f 10271 10436 10272
f 10271 10262 10436
f 10425 10250 10270
f 10423 10425 10270
f 10423 10270 10269
f 10420 10423 10269
f 10420 10269 10267
f 10264 10442 10267
f 10442 10422 10267
f 10267 10422 10420
f 10264 10440 10442
f 10264 10439 10440
f 10265 10439 10264
f 10440 10439 10441
f 10436 10437 10438
f 10437 10261 10435
f 10437 10262 10261
f 10436 10262 10437
f 10435 10261 10247
f 10435 10247 10419
f 10412 10241 10260
f 10259 10434 10260
f 10434 10414 10260
f 10260 10414 10412
f 10434 10258 10433
f 10434 10259 10258
f 10433 10257 10432
f 10433 10258 10257
f 10432 10256 10431
f 10432 10257 10256
f 10431 10255 10430
f 10431 10256 10255
f 10430 10254 10429
f 10430 10255 10254
f 10429 10252 10428
f 10429 10254 10252
f 10428 10249 10427
f 10428 10252 10249
f 10249 10426 10427
f 10249 10425 10426
f 10250 10425 10249
f 10423 10424 10426
f 10425 10423 10426
f 10420 10421 10424
f 10423 10420 10424
f 10421 10420 10422
f 10418 10419 10247
f 10246 10418 10247
f 10418 10244 10417
f 10418 10246 10244
f 10417 10243 10416
f 10417 10244 10243
f 10416 10240 10415
f 10416 10243 10240
f 10240 10413 10415
f 10240 10412 10413
f 10241 10412 10240
f 10413 10412 10414
f 10225 10214 10411
f 10225 10411 10410
f 10223 10225 10410
f 10223 10410 10409
f 10221 10223 10409
f 10409 10212 10221
f 10216 10204 10408
f 10216 10408 10407
f 10215 10216 10407
f 10411 10407 10406
f 10411 10215 10407
f 10214 10215 10411
f 10410 10411 10405
f 10411 10406 10405
f 10409 10410 10404
f 10410 10405 10404
f 10403 10409 10404
f 10403 10212 10409
f 10210 10212 10403
f 10403 10202 10210
f 10206 10196 10402
f 10206 10402 10401
f 10205 10206 10401
f 10408 10401 10400
f 10408 10205 10401
f 10204 10205 10408
f 10407 10408 10399
f 10408 10400 10399
f 10406 10407 10397
f 10407 10399 10397
f 10405 10406 10395
f 10406 10397 10395
f 10404 10405 10393
f 10405 10395 10393
f 10403 10404 10391
f 10404 10393 10391
f 10389 10403 10391
f 10389 10202 10403
f 10200 10202 10389
f 10389 10194 10200
f 10197 10190 10388
f 10402 10388 10387
f 10402 10197 10388
f 10196 10197 10402
f 10401 10402 10386
f 10402 10387 10386
f 10400 10401 10382
f 10401 10386 10382
f 10400 10382 10399
f 10382 10383 10399
f 10399 10383 10398
f 10398 10396 10397
f 10398 10397 10399
f 10396 10394 10395
f 10396 10395 10397
f 10394 10392 10393
f 10394 10393 10395
f 10392 10390 10391
f 10392 10391 10393
f 10389 10391 10380
f 10391 10390 10380
f 10380 10390 10381
f 10380 10188 10194
f 10389 10380 10194
f 10191 10182 10379
f 10388 10379 10378
f 10388 10191 10379
f 10190 10191 10388
f 10387 10388 10375
f 10388 10378 10375
f 10387 10375 10386
f 10375 10376 10386
f 10386 10376 10385
f 10385 10384 10382
f 10385 10382 10386
f 10383 10382 10384
f 10373 10380 10381
f 10373 10381 10374
f 10373 10180 10188
f 10380 10373 10188
f 10183 10171 10371
f 10379 10371 10370
f 10379 10183 10371
f 10182 10183 10379
f 10378 10379 10367
f 10379 10370 10367
f 10378 10367 10375
f 10367 10368 10375
f 10375 10368 10377
f 10376 10375 10377
f 10374 10372 10373
f 10180 10366 10169
f 10180 10372 10366
f 10373 10372 10180
f 10175 10164 10365
f 10175 10365 10364
f 10173 10175 10364
f 10173 10364 10363
f 10172 10173 10363
f 10371 10363 10362
f 10371 10172 10363
f 10171 10172 10371
f 10370 10371 10358
f 10371 10362 10358
f 10370 10358 10367
f 10358 10359 10367
f 10367 10359 10369
f 10368 10367 10369
f 10366 10357 10169
f 10357 10162 10169
f 10165 10154 10356
f 10365 10356 10355
f 10365 10165 10356
f 10164 10165 10365
f 10364 10365 10354
f 10365 10355 10354
f 10363 10364 10351
f 10364 10354 10351
f 10363 10351 10362
f 10351 10352 10362
f 10362 10352 10361
f 10361 10360 10358
f 10361 10358 10362
f 10359 10358 10360
f 10357 10350 10162
f 10350 10349 10162
f 10162 10349 10160
f 10349 10152 10160
f 10156 10149 10348
f 10156 10348 10347
f 10155 10156 10347
f 10356 10347 10345
f 10356 10155 10347
f 10154 10155 10356
f 10355 10356 10343
f 10356 10345 10343
f 10354 10355 10339
f 10355 10343 10339
f 10354 10339 10351
f 10339 10340 10351
f 10351 10340 10353
f 10352 10351 10353
f 10337 10349 10350
f 10337 10350 10338
f 10337 10147 10152
f 10349 10337 10152
f 10150 10144 10335
f 10348 10335 10332
f 10348 10150 10335
f 10149 10150 10348
f 10348 10332 10347
f 10332 10333 10347
f 10347 10333 10346
f 10346 10344 10345
f 10346 10345 10347
f 10344 10342 10343
f 10344 10343 10345
f 10342 10341 10339
f 10342 10339 10343
f 10340 10339 10341
f 10338 10336 10337
f 10147 10331 10142
f 10147 10336 10331
f 10337 10336 10147
f 10145 10141 10330
f 10335 10330 10327
f 10335 10145 10330
f 10144 10145 10335
f 10335 10327 10332
f 10327 10328 10332
f 10332 10328 10334
f 10333 10332 10334
f 10331 10326 10142
f 10326 10139 10142
f 10137 10323 10330
f 10141 10137 10330
f 10330 10323 10327
f 10323 10324 10327
f 10327 10324 10329
f 10328 10327 10329
f 10326 10322 10139
f 10322 10135 10139
f 10138 10134 10320
f 10138 10320 10137
f 10137 10320 10323
f 10323 10320 10321
f 10323 10321 10325
f 10324 10323 10325
f 10322 10319 10135
f 10319 10133 10135
f 10132 10316 10320
f 10134 10132 10320
f 10317 10321 10320
f 10317 10320 10316
f 10319 10315 10133
f 10315 10130 10133
f 10314 10132 10128
f 10314 10316 10132
f 10318 10316 10314
f 10317 10316 10318
f 10315 10313 10130
f 10313 10126 10130
f 10129 10125 10310
f 10314 10128 10311
f 10128 10129 10311
f 10311 10129 10310
f 10313 10309 10126
f 10309 10124 10126
f 10308 10125 10123
f 10308 10310 10125
f 10312 10310 10308
f 10311 10310 10312
f 10309 10307 10124
f 10307 10122 10124
f 10123 10306 10308
f 10123 10121 10306
f 10307 10305 10122
f 10305 10120 10122
f 10121 10303 10306
f 10121 10119 10303
f 10120 10305 10118
f 10305 10304 10118
f 10118 10304 10301
f 10302 10301 10304
f 10119 10300 10303
f 10119 10117 10300
f 10301 10298 10116
f 10301 10116 10118
f 10301 10302 10299
f 10298 10301 10299
f 10117 10297 10300
f 10117 10115 10297
f 10298 10294 10114
f 10298 10114 10116
f 10298 10299 10296
f 10294 10298 10296
f 10115 10293 10297
f 10115 10112 10293
f 10111 10114 10292
f 10114 10294 10292
f 10292 10294 10295
f 10295 10294 10296
f 10112 10291 10293
f 10112 10109 10291
f 10292 10290 10111
f 10290 10108 10111
f 10109 10289 10291
f 10109 10106 10289
f 10290 10288 10108
f 10288 10105 10108
f 10106 10287 10289
f 10106 10103 10287
f 10288 10286 10105
f 10286 10102 10105
f 10103 10285 10287
f 10103 10099 10285
f 10282 10096 10101
f 10284 10102 10286
f 10284 10101 10102
f 10282 10101 10284
f 10099 10281 10285
f 10099 10280 10281
f 10097 10280 10099
f 10097 10093 10280
f 10276 10092 10095
f 10096 10276 10095
f 10282 10276 10096
f 10278 10276 10282
f 10283 10278 10282
f 10283 10282 10284
f 10280 10279 10281
f 10090 10275 10093
f 10275 10279 10093
f 10093 10279 10280
f 10085 10092 10274
f 10092 10276 10274
f 10274 10276 10277
f 10277 10276 10278
f 10090 10272 10275
f 10090 10082 10272
f 10268 10074 10089
f 10266 10268 10089
f 10266 10089 10088
f 10263 10266 10088
f 10263 10088 10087
f 10084 10273 10087
f 10273 10265 10087
f 10087 10265 10263
f 10084 10085 10274
f 10273 10084 10274
f 10271 10272 10082
f 10081 10271 10082
f 10271 10081 10071
f 10271 10071 10262
f 10253 10057 10079
f 10251 10253 10079
f 10251 10079 10078
f 10248 10251 10078
f 10248 10078 10076
f 10073 10270 10076
f 10270 10250 10076
f 10076 10250 10248
f 10073 10269 10270
f 10073 10268 10269
f 10074 10268 10073
f 10266 10267 10269
f 10268 10266 10269
f 10263 10264 10267
f 10266 10263 10267
f 10264 10263 10265
f 10261 10262 10071
f 10070 10261 10071
f 10070 10068 10261
f 10068 10245 10261
f 10261 10245 10247
f 10068 10054 10245
f 10242 10053 10067
f 10239 10242 10067
f 10239 10067 10066
f 10065 10260 10066
f 10260 10241 10066
f 10066 10241 10239
f 10260 10064 10259
f 10260 10065 10064
f 10259 10063 10258
f 10259 10064 10063
f 10258 10061 10257
f 10258 10063 10061
f 10257 10059 10256
f 10257 10061 10059
f 10256 10056 10255
f 10256 10059 10056
f 10056 10254 10255
f 10056 10253 10254
f 10057 10253 10056
f 10251 10252 10254
f 10253 10251 10254
f 10248 10249 10252
f 10251 10248 10252
f 10249 10248 10250
f 10245 10246 10247
f 10246 10052 10244
f 10246 10054 10052
f 10245 10054 10246
f 10052 10243 10244
f 10052 10242 10243
f 10053 10242 10052
f 10239 10240 10243
f 10242 10239 10243
f 10240 10239 10241
f 10041 10029 10238
f 10041 10238 10237
f 10039 10041 10237
f 10039 10237 10236
f 10037 10039 10236
f 10236 10027 10037
f 10033 10022 10235
f 10033 10235 10234
f 10031 10033 10234
f 10031 10234 10233
f 10030 10031 10233
f 10238 10233 10232
f 10238 10030 10233
f 10029 10030 10238
f 10237 10238 10231
f 10238 10232 10231
f 10236 10237 10230
f 10237 10231 10230
f 10230 10020 10027
f 10236 10230 10027
f 10023 10015 10229
f 10235 10229 10228
f 10235 10023 10229
f 10022 10023 10235
f 10234 10235 10227
f 10235 10228 10227
f 10233 10234 10226
f 10234 10227 10226
f 10232 10233 10224
f 10233 10226 10224
f 10231 10232 10222
f 10232 10224 10222
f 10230 10231 10220
f 10231 10222 10220
f 10220 10013 10020
f 10230 10220 10020
f 10016 10007 10219
f 10229 10219 10218
f 10229 10016 10219
f 10015 10016 10229
f 10228 10229 10217
f 10229 10218 10217
f 10227 10228 10213
f 10228 10217 10213
f 10227 10213 10226
f 10213 10214 10226
f 10226 10214 10225
f 10225 10223 10224
f 10225 10224 10226
f 10223 10221 10222
f 10223 10222 10224
f 10220 10222 10211
f 10222 10221 10211
f 10211 10221 10212
f 10209 10220 10211
f 10209 10013 10220
f 10011 10013 10209
f 10209 10005 10011
f 10008 9998 10208
f 10219 10208 10207
f 10219 10008 10208
f 10007 10008 10219
f 10218 10219 10203
f 10219 10207 10203
f 10218 10203 10217
f 10203 10204 10217
f 10217 10204 10216
f 10216 10215 10213
f 10216 10213 10217
f 10214 10213 10215
f 10212 10210 10211
f 10209 10211 10201
f 10211 10210 10201
f 10201 10210 10202
f 10201 9996 10005
f 10209 10201 10005
f 10000 9991 10199
f 10000 10199 10198
f 9999 10000 10198
f 10208 10198 10195
f 10208 9999 10198
f 9998 9999 10208
f 10208 10195 10207
f 10195 10196 10207
f 10207 10196 10206
f 10206 10205 10203
f 10206 10203 10207
f 10204 10203 10205
f 10202 10200 10201
f 9996 10194 9989
f 9996 10200 10194
f 10201 10200 9996
f 9992 9981 10193
f 10199 10193 10192
f 10199 9992 10193
f 9991 9992 10199
f 10198 10199 10189
f 10199 10192 10189
f 10198 10189 10195
f 10189 10190 10195
f 10195 10190 10197
f 10196 10195 10197
f 10194 10188 9989
f 10188 10187 9989
f 9989 10187 9987
f 10187 9979 9987
f 9983 9973 10186
f 9983 10186 10185
f 9982 9983 10185
f 10193 10185 10184
f 10193 9982 10185
f 9981 9982 10193
f 10192 10193 10181
f 10193 10184 10181
f 10192 10181 10189
f 10181 10182 10189
f 10189 10182 10191
f 10190 10189 10191
f 10179 10187 10188
f 10179 10188 10180
f 10179 9971 9979
f 10187 10179 9979
f 9975 9967 10178
f 9975 10178 10177
f 9974 9975 10177
f 10186 10177 10176
f 10186 9974 10177
f 9973 9974 10186
f 10185 10186 10174
f 10186 10176 10174
f 10184 10185 10170
f 10185 10174 10170
f 10184 10170 10181
f 10170 10171 10181
f 10181 10171 10183
f 10182 10181 10183
f 10168 10179 10180
f 10168 10180 10169
f 10168 9965 9971
f 10179 10168 9971
f 9968 9960 10167
f 10178 10167 10166
f 10178 9968 10167
f 9967 9968 10178
f 10177 10178 10163
f 10178 10166 10163
f 10177 10163 10176
f 10163 10164 10176
f 10176 10164 10175
f 10175 10173 10174
f 10175 10174 10176
f 10173 10172 10170
f 10173 10170 10174
f 10171 10170 10172
f 10161 10168 10169
f 10161 10169 10162
f 10161 9958 9965
f 10168 10161 9965
f 9962 9957 10159
f 9962 10159 10158
f 9961 9962 10158
f 10167 10158 10157
f 10167 9961 10158
f 9960 9961 10167
f 10166 10167 10153
f 10167 10157 10153
f 10166 10153 10163
f 10153 10154 10163
f 10163 10154 10165
f 10164 10163 10165
f 10162 10160 10161
f 9958 10152 9955
f 9958 10160 10152
f 10161 10160 9958
f 9953 10151 10159
f 9957 9953 10159
f 10158 10159 10148
f 10159 10151 10148
f 10158 10148 10157
f 10148 10149 10157
f 10157 10149 10156
f 10156 10155 10153
f 10156 10153 10157
f 10154 10153 10155
f 10152 10147 9955
f 10147 9951 9955
f 9954 9950 10146
f 10151 10146 10143
f 10151 9954 10146
f 9953 9954 10151
f 10151 10143 10148
f 10143 10144 10148
f 10148 10144 10150
f 10149 10148 10150
f 10147 10142 9951
f 10142 9949 9951
f 9948 10140 10146
f 9950 9948 10146
f 10146 10140 10143
f 10140 10141 10143
f 10143 10141 10145
f 10144 10143 10145
f 10142 10139 9949
f 10139 9946 9949
f 9945 10136 10140
f 9948 9945 10140
f 10137 10141 10140
f 10137 10140 10136
f 10139 10135 9946
f 10135 9943 9946
f 10134 9945 9941
f 10134 10136 9945
f 10138 10136 10134
f 10137 10136 10138
f 10135 10133 9943
f 10133 9939 9943
f 9942 9938 10131
f 10134 9941 10132
f 9941 9942 10132
f 10132 9942 10131
f 10133 10130 9939
f 10130 9937 9939
f 9936 10127 10131
f 9938 9936 10131
f 10128 10132 10131
f 10128 10131 10127
f 10130 10126 9937
f 10126 9935 9937
f 10125 9936 9934
f 10125 10127 9936
f 10129 10127 10125
f 10128 10127 10129
f 10126 10124 9935
f 10124 9933 9935
f 9934 10123 10125
f 9934 9932 10123
f 10124 10122 9933
f 10122 9931 9933
f 9932 10121 10123
f 9932 9930 10121
f 10122 10120 9931
f 10120 9929 9931
f 9930 10119 10121
f 9930 9927 10119
f 10120 10118 9929
f 10118 9926 9929
f 9927 10117 10119
f 9927 9924 10117
f 10118 10116 9926
f 10116 9923 9926
f 9924 10115 10117
f 9924 9920 10115
f 10113 9919 9922
f 10114 9923 10116
f 10114 9922 9923
f 10113 9922 10114
f 9920 10112 10115
f 9920 9918 10112
f 10113 10110 9917
f 10113 9917 9919
f 10113 10114 10111
f 10110 10113 10111
f 9918 10109 10112
f 9918 9916 10109
f 10110 10107 9915
f 10110 9915 9917
f 10110 10111 10108
f 10107 10110 10108
f 9916 10106 10109
f 9916 9913 10106
f 10107 10104 9911
f 10107 9911 9915
f 10107 10108 10105
f 10104 10107 10105
f 9913 10103 10106
f 9913 9909 10103
f 10104 10100 9905
f 10104 9905 9911
f 10104 10105 10102
f 10100 10104 10102
f 9909 10099 10103
f 9909 10098 10099
f 9907 10098 9909
f 9907 9902 10098
f 10094 9900 9904
f 9905 10094 9904
f 10100 10094 9905
f 10096 10094 10100
f 10101 10096 10100
f 10101 10100 10102
f 10098 10097 10099
f 9897 10093 9902
f 10093 10097 9902
f 9902 10097 10098
f 10091 9893 9899
f 9900 10091 9899
f 10094 10091 9900
f 10092 10091 10094
f 10095 10092 10094
f 10095 10094 10096
f 9897 10090 10093
f 9897 9890 10090
f 10086 9879 9892
f 10083 10086 10091
f 10086 9892 10091
f 10091 9892 9893
f 10091 10092 10085
f 10083 10091 10085
f 9890 10082 10090
f 9890 10080 10082
f 9889 10080 9890
f 9889 9876 10080
f 10077 9868 9887
f 10075 10077 9887
f 10075 9887 9885
f 10072 10075 9885
f 10072 9885 9883
f 9881 10089 9883
f 10089 10074 9883
f 9883 10074 10072
f 10089 9878 10088
f 10089 9881 9878
f 9878 10087 10088
f 9878 10086 10087
f 9879 10086 9878
f 10083 10084 10087
f 10086 10083 10087
f 10084 10083 10085
f 10080 10081 10082
f 10071 9875 10069
f 10081 9875 10071
f 9876 9875 10081
f 10080 9876 10081
f 9875 9865 10069
f 10062 9855 9873
f 10060 10062 9873
f 10060 9873 9872
f 10058 10060 9872
f 10058 9872 9871
f 10055 10058 9871
f 10055 9871 9870
f 9867 10079 9870
f 10079 10057 9870
f 9870 10057 10055
f 9867 10078 10079
f 9867 10077 10078
f 9868 10077 9867
f 10075 10076 10078
f 10077 10075 10078
f 10072 10073 10076
f 10075 10072 10076
f 10073 10072 10074
f 10069 10070 10071
f 10070 9864 10068
f 10070 9865 9864
f 10069 9865 10070
f 9864 9862 10068
f 9862 10051 10068
f 10068 10051 10054
f 9860 10067 9862
f 10067 10053 9862
f 9862 10053 10051
f 10067 9859 10066
f 10067 9860 9859
f 10066 9857 10065
f 10066 9859 9857
f 10065 9854 10064
f 10065 9857 9854
f 9854 10063 10064
f 9854 10062 10063
f 9855 10062 9854
f 10060 10061 10063
f 10062 10060 10063
f 10058 10059 10061
f 10060 10058 10061
f 10055 10056 10059
f 10058 10055 10059
f 10056 10055 10057
f 10051 10052 10054
f 10052 10051 10053
f 9846 9833 10050
f 9846 10050 10049
f 9844 9846 10049
f 9844 10049 10048
f 9842 9844 10048
f 9842 10048 10047
f 9840 9842 10047
f 10047 9831 9840
f 9837 9827 10046
f 9837 10046 10045
f 9835 9837 10045
f 9835 10045 10044
f 9834 9835 10044
f 10050 10044 10043
f 10050 9834 10044
f 9833 9834 10050
f 10049 10050 10042
f 10050 10043 10042
f 10048 10049 10040
f 10049 10042 10040
f 10047 10048 10038
f 10048 10040 10038
f 10038 9825 9831
f 10047 10038 9831
f 9828 9819 10036
f 10046 10036 10035
f 10046 9828 10036
f 9827 9828 10046
f 10045 10046 10034
f 10046 10035 10034
f 10044 10045 10032
f 10045 10034 10032
f 10043 10044 10028
f 10044 10032 10028
f 10043 10028 10042
f 10028 10029 10042
f 10042 10029 10041
f 10041 10039 10040
f 10041 10040 10042
f 10039 10037 10038
f 10039 10038 10040
f 10026 9823 10027
f 10027 9823 10037
f 10037 9823 9825
f 10037 9825 10038
f 10026 9817 9823
f 9820 9813 10025
f 10036 10025 10024
f 10036 9820 10025
f 9819 9820 10036
f 10035 10036 10021
f 10036 10024 10021
f 10035 10021 10034
f 10021 10022 10034
f 10034 10022 10033
f 10033 10031 10032
f 10033 10032 10034
f 10031 10030 10028
f 10031 10028 10032
f 10029 10028 10030
f 10019 10026 10027
f 10019 10027 10020
f 10019 9811 9817
f 10026 10019 9817
f 9814 9805 10018
f 10025 10018 10017
f 10025 9814 10018
f 9813 9814 10025
f 10024 10025 10014
f 10025 10017 10014
f 10024 10014 10021
f 10014 10015 10021
f 10021 10015 10023
f 10022 10021 10023
f 10012 10019 10020
f 10012 10020 10013
f 10012 9803 9811
f 10019 10012 9811
f 9806 9794 10010
f 10018 10010 10009
f 10018 9806 10010
f 9805 9806 10018
f 10017 10018 10006
f 10018 10009 10006
f 10017 10006 10014
f 10006 10007 10014
f 10014 10007 10016
f 10015 10014 10016
f 10013 10011 10012
f 10004 9801 10005
f 10005 9801 10011
f 10011 9801 9803
f 10011 9803 10012
f 10004 9792 9801
f 9796 9787 10003
f 9796 10003 10002
f 9795 9796 10002
f 10010 10002 10001
f 10010 9795 10002
f 9794 9795 10010
f 10009 10010 9997
f 10010 10001 9997
f 10009 9997 10006
f 9997 9998 10006
f 10006 9998 10008
f 10007 10006 10008
f 9995 10004 10005
f 9995 10005 9996
f 9995 9785 9792
f 10004 9995 9792
f 9788 9779 9994
f 10003 9994 9993
f 10003 9788 9994
f 9787 9788 10003
f 10002 10003 9990
f 10003 9993 9990
f 10002 9990 10001
f 9990 9991 10001
f 10001 9991 10000
f 10000 9999 9997
f 10000 9997 10001
f 9998 9997 9999
f 9988 9995 9996
f 9988 9996 9989
f 9988 9777 9785
f 9995 9988 9785
f 9781 9772 9986
f 9781 9986 9985
f 9780 9781 9985
f 9994 9985 9984
f 9994 9780 9985
f 9779 9780 9994
f 9993 9994 9980
f 9994 9984 9980
f 9993 9980 9990
f 9980 9981 9990
f 9990 9981 9992
f 9991 9990 9992
f 9989 9987 9988
f 9777 9979 9770
f 9777 9987 9979
f 9988 9987 9777
f 9774 9767 9978
f 9774 9978 9977
f 9773 9774 9977
f 9986 9977 9976
f 9986 9773 9977
f 9772 9773 9986
f 9985 9986 9972
f 9986 9976 9972
f 9985 9972 9984
f 9972 9973 9984
f 9984 9973 9983
f 9983 9982 9980
f 9983 9980 9984
f 9981 9980 9982
f 9979 9971 9770
f 9971 9765 9770
f 9768 9763 9970
f 9978 9970 9969
f 9978 9768 9970
f 9767 9768 9978
f 9977 9978 9966
f 9978 9969 9966
f 9977 9966 9976
f 9966 9967 9976
f 9976 9967 9975
f 9975 9974 9972
f 9975 9972 9976
f 9973 9972 9974
f 9971 9965 9765
f 9965 9761 9765
f 9764 9760 9964
f 9970 9964 9963
f 9970 9764 9964
f 9763 9764 9970
f 9969 9970 9959
f 9970 9963 9959
f 9969 9959 9966
f 9959 9960 9966
f 9966 9960 9968
f 9967 9966 9968
f 9965 9958 9761
f 9958 9759 9761
f 9758 9956 9964
f 9760 9758 9964
f 9964 9956 9963
f 9956 9957 9963
f 9963 9957 9962
f 9962 9961 9959
f 9962 9959 9963
f 9960 9959 9961
f 9958 9955 9759
f 9955 9757 9759
f 9756 9952 9956
f 9758 9756 9956
f 9953 9957 9956
f 9953 9956 9952
f 9955 9951 9757
f 9951 9754 9757
f 9950 9756 9752
f 9950 9952 9756
f 9954 9952 9950
f 9953 9952 9954
f 9951 9949 9754
f 9949 9750 9754
f 9753 9749 9947
f 9950 9752 9948
f 9752 9753 9948
f 9948 9753 9947
f 9949 9946 9750
f 9946 9748 9750
f 9747 9944 9947
f 9749 9747 9947
f 9945 9948 9947
f 9945 9947 9944
f 9946 9943 9748
f 9943 9746 9748
f 9745 9940 9944
f 9747 9745 9944
f 9941 9945 9944
f 9941 9944 9940
f 9943 9939 9746
f 9939 9744 9746
f 9938 9745 9743
f 9938 9940 9745
f 9942 9940 9938
f 9941 9940 9942
f 9939 9937 9744
f 9937 9742 9744
f 9743 9936 9938
f 9743 9741 9936
f 9937 9935 9742
f 9935 9740 9742
f 9741 9934 9936
f 9741 9739 9934
f 9935 9933 9740
f 9933 9738 9740
f 9739 9932 9934
f 9739 9737 9932
f 9933 9931 9738
f 9931 9736 9738
f 9737 9930 9932
f 9737 9733 9930
f 9928 9732 9735
f 9929 9736 9931
f 9929 9735 9736
f 9928 9735 9929
f 9733 9927 9930
f 9733 9731 9927
f 9928 9925 9730
f 9928 9730 9732
f 9928 9929 9926
f 9925 9928 9926
f 9731 9924 9927
f 9731 9728 9924
f 9925 9921 9727
f 9925 9727 9730
f 9925 9926 9923
f 9921 9925 9923
f 9728 9920 9924
f 9728 9725 9920
f 9724 9727 9919
f 9727 9921 9919
f 9919 9921 9922
f 9922 9921 9923
f 9725 9918 9920
f 9725 9722 9918
f 9919 9917 9724
f 9917 9720 9724
f 9722 9916 9918
f 9722 9717 9916
f 9914 9714 9719
f 9915 9720 9917
f 9915 9719 9720
f 9914 9719 9915
f 9717 9913 9916
f 9717 9912 9913
f 9715 9912 9717
f 9715 9712 9912
f 9914 9910 9710
f 9914 9710 9714
f 9914 9915 9911
f 9910 9914 9911
f 9913 9912 9908
f 9909 9913 9908
f 9712 9707 9908
f 9712 9908 9912
f 9906 9704 9709
f 9903 9906 9910
f 9906 9709 9910
f 9910 9709 9710
f 9910 9911 9905
f 9903 9910 9905
f 9908 9907 9909
f 9701 9902 9707
f 9902 9907 9707
f 9707 9907 9908
f 9901 9694 9703
f 9898 9901 9906
f 9901 9703 9906
f 9906 9703 9704
f 9903 9898 9906
f 9903 9900 9898
f 9904 9900 9903
f 9904 9903 9905
f 9701 9897 9902
f 9701 9691 9897
f 9896 9685 9698
f 9895 9896 9698
f 9895 9698 9696
f 9894 9895 9696
f 9894 9696 9693
f 9891 9894 9901
f 9894 9693 9901
f 9901 9693 9694
f 9898 9891 9901
f 9898 9893 9891
f 9899 9893 9898
f 9899 9898 9900
f 9691 9890 9897
f 9691 9888 9890
f 9690 9888 9691
f 9690 9682 9888
f 9886 9676 9687
f 9884 9886 9687
f 9884 9687 9684
f 9882 9884 9896
f 9884 9684 9896
f 9896 9684 9685
f 9880 9896 9895
f 9880 9882 9896
f 9877 9895 9894
f 9877 9880 9895
f 9891 9877 9894
f 9891 9879 9877
f 9892 9879 9891
f 9892 9891 9893
f 9888 9889 9890
f 9876 9681 9874
f 9889 9681 9876
f 9682 9681 9889
f 9888 9682 9889
f 9681 9673 9874
f 9869 9660 9678
f 9866 9869 9678
f 9866 9678 9675
f 9676 9866 9675
f 9886 9866 9676
f 9868 9866 9886
f 9887 9868 9886
f 9884 9885 9887
f 9886 9884 9887
f 9882 9883 9885
f 9884 9882 9885
f 9880 9881 9883
f 9882 9880 9883
f 9877 9878 9881
f 9880 9877 9881
f 9878 9877 9879
f 9874 9875 9876
f 9865 9672 9863
f 9875 9672 9865
f 9673 9672 9875
f 9874 9673 9875
f 9861 9863 9672
f 9861 9672 9670
f 9670 9657 9861
f 9858 9656 9668
f 9856 9858 9668
f 9856 9668 9667
f 9853 9856 9667
f 9853 9667 9666
f 9664 9873 9666
f 9873 9855 9666
f 9666 9855 9853
f 9873 9662 9872
f 9873 9664 9662
f 9872 9659 9871
f 9872 9662 9659
f 9659 9870 9871
f 9659 9869 9870
f 9660 9869 9659
f 9866 9867 9870
f 9869 9866 9870
f 9867 9866 9868
f 9863 9864 9865
f 9861 9862 9864
f 9863 9861 9864
f 9862 9655 9860
f 9862 9657 9655
f 9861 9657 9862
f 9655 9859 9860
f 9655 9858 9859
f 9656 9858 9655
f 9856 9857 9859
f 9858 9856 9859
f 9853 9854 9857
f 9856 9853 9857
f 9854 9853 9855
f 9644 9633 9852
f 9644 9852 9851
f 9642 9644 9851
f 9642 9851 9850
f 9640 9642 9850
f 9850 9631 9640
f 9635 9623 9849
f 9635 9849 9848
f 9634 9635 9848
f 9852 9848 9847
f 9852 9634 9848
f 9633 9634 9852
f 9851 9852 9845
f 9852 9847 9845
f 9850 9851 9843
f 9851 9845 9843
f 9841 9850 9843
f 9841 9631 9850
f 9629 9631 9841
f 9841 9621 9629
f 9625 9615 9839
f 9625 9839 9838
f 9624 9625 9838
f 9849 9838 9836
f 9849 9624 9838
f 9623 9624 9849
f 9848 9849 9832
f 9849 9836 9832
f 9848 9832 9847
f 9832 9833 9847
f 9847 9833 9846
f 9846 9844 9845
f 9846 9845 9847
f 9844 9842 9843
f 9844 9843 9845
f 9842 9840 9841
f 9842 9841 9843
f 9830 9619 9831
f 9831 9619 9840
f 9840 9619 9621
f 9840 9621 9841
f 9830 9613 9619
f 9616 9607 9829
f 9839 9829 9826
f 9839 9616 9829
f 9615 9616 9839
f 9839 9826 9838
f 9826 9827 9838
f 9838 9827 9837
f 9837 9835 9836
f 9837 9836 9838
f 9835 9834 9832
f 9835 9832 9836
f 9833 9832 9834
f 9824 9830 9831
f 9824 9831 9825
f 9824 9605 9613
f 9830 9824 9613
f 9609 9600 9822
f 9609 9822 9821
f 9608 9609 9821
f 9829 9821 9818
f 9829 9608 9821
f 9607 9608 9829
f 9829 9818 9826
f 9818 9819 9826
f 9826 9819 9828
f 9827 9826 9828
f 9825 9823 9824
f 9605 9817 9598
f 9605 9823 9817
f 9824 9823 9605
f 9601 9590 9816
f 9822 9816 9815
f 9822 9601 9816
f 9600 9601 9822
f 9821 9822 9812
f 9822 9815 9812
f 9821 9812 9818
f 9812 9813 9818
f 9818 9813 9820
f 9819 9818 9820
f 9817 9811 9598
f 9811 9810 9598
f 9598 9810 9596
f 9810 9588 9596
f 9592 9582 9809
f 9592 9809 9808
f 9591 9592 9808
f 9816 9808 9807
f 9816 9591 9808
f 9590 9591 9816
f 9815 9816 9804
f 9816 9807 9804
f 9815 9804 9812
f 9804 9805 9812
f 9812 9805 9814
f 9813 9812 9814
f 9802 9810 9811
f 9802 9811 9803
f 9802 9580 9588
f 9810 9802 9588
f 9584 9576 9800
f 9584 9800 9799
f 9583 9584 9799
f 9809 9799 9798
f 9809 9583 9799
f 9582 9583 9809
f 9808 9809 9797
f 9809 9798 9797
f 9807 9808 9793
f 9808 9797 9793
f 9807 9793 9804
f 9793 9794 9804
f 9804 9794 9806
f 9805 9804 9806
f 9803 9801 9802
f 9580 9792 9574
f 9580 9801 9792
f 9802 9801 9580
f 9577 9571 9791
f 9800 9791 9790
f 9800 9577 9791
f 9576 9577 9800
f 9799 9800 9789
f 9800 9790 9789
f 9798 9799 9786
f 9799 9789 9786
f 9798 9786 9797
f 9786 9787 9797
f 9797 9787 9796
f 9796 9795 9793
f 9796 9793 9797
f 9794 9793 9795
f 9792 9785 9574
f 9785 9569 9574
f 9572 9566 9784
f 9791 9784 9783
f 9791 9572 9784
f 9571 9572 9791
f 9790 9791 9782
f 9791 9783 9782
f 9789 9790 9778
f 9790 9782 9778
f 9789 9778 9786
f 9778 9779 9786
f 9786 9779 9788
f 9787 9786 9788
f 9785 9777 9569
f 9777 9564 9569
f 9567 9562 9776
f 9784 9776 9775
f 9784 9567 9776
f 9566 9567 9784
f 9783 9784 9771
f 9784 9775 9771
f 9783 9771 9782
f 9771 9772 9782
f 9782 9772 9781
f 9781 9780 9778
f 9781 9778 9782
f 9779 9778 9780
f 9777 9770 9564
f 9770 9560 9564
f 9563 9559 9769
f 9776 9769 9766
f 9776 9563 9769
f 9562 9563 9776
f 9776 9766 9775
f 9766 9767 9775
f 9775 9767 9774
f 9774 9773 9771
f 9774 9771 9775
f 9772 9771 9773
f 9770 9765 9560
f 9765 9558 9560
f 9557 9762 9769
f 9559 9557 9769
f 9769 9762 9766
f 9762 9763 9766
f 9766 9763 9768
f 9767 9766 9768
f 9765 9761 9558
f 9761 9555 9558
f 9760 9557 9554
f 9760 9762 9557
f 9764 9762 9760
f 9763 9762 9764
f 9761 9759 9555
f 9759 9552 9555
f 9554 9758 9760
f 9554 9550 9758
f 9759 9757 9552
f 9757 9548 9552
f 9551 9547 9755
f 9758 9550 9756
f 9550 9551 9756
f 9756 9551 9755
f 9757 9754 9548
f 9754 9546 9548
f 9545 9751 9755
f 9547 9545 9755
f 9752 9756 9755
f 9752 9755 9751
f 9754 9750 9546
f 9750 9544 9546
f 9749 9545 9543
f 9749 9751 9545
f 9753 9751 9749
f 9752 9751 9753
f 9750 9748 9544
f 9748 9542 9544
f 9543 9747 9749
f 9543 9541 9747
f 9748 9746 9542
f 9746 9540 9542
f 9541 9745 9747
f 9541 9539 9745
f 9746 9744 9540
f 9744 9538 9540
f 9539 9743 9745
f 9539 9537 9743
f 9744 9742 9538
f 9742 9536 9538
f 9537 9741 9743
f 9537 9535 9741
f 9742 9740 9536
f 9740 9534 9536
f 9535 9739 9741
f 9535 9532 9739
f 9740 9738 9534
f 9738 9531 9534
f 9532 9737 9739
f 9532 9528 9737
f 9734 9527 9530
f 9736 9531 9738
f 9736 9530 9531
f 9734 9530 9736
f 9528 9733 9737
f 9528 9526 9733
f 9525 9527 9732
f 9527 9734 9732
f 9732 9734 9735
f 9735 9734 9736
f 9526 9731 9733
f 9526 9522 9731
f 9729 9521 9524
f 9730 9525 9732
f 9730 9524 9525
f 9729 9524 9730
f 9522 9728 9731
f 9522 9520 9728
f 9729 9726 9519
f 9729 9519 9521
f 9729 9730 9727
f 9726 9729 9727
f 9520 9725 9728
f 9520 9517 9725
f 9726 9723 9514
f 9726 9514 9519
f 9726 9727 9724
f 9723 9726 9724
f 9517 9722 9725
f 9517 9511 9722
f 9721 9507 9513
f 9718 9721 9723
f 9721 9513 9723
f 9723 9513 9514
f 9723 9724 9720
f 9718 9723 9720
f 9511 9717 9722
f 9511 9716 9717
f 9509 9716 9511
f 9509 9505 9716
f 9721 9713 9502
f 9721 9502 9507
f 9718 9713 9721
f 9718 9714 9713
f 9719 9714 9718
f 9719 9718 9720
f 9716 9715 9717
f 9499 9712 9505
f 9712 9715 9505
f 9505 9715 9716
f 9711 9493 9501
f 9708 9711 9713
f 9711 9501 9713
f 9713 9501 9502
f 9713 9714 9710
f 9708 9713 9710
f 9499 9707 9712
f 9499 9490 9707
f 9706 9483 9495
f 9705 9706 9495
f 9705 9495 9492
f 9702 9705 9711
f 9705 9492 9711
f 9711 9492 9493
f 9708 9702 9711
f 9708 9704 9702
f 9709 9704 9708
f 9709 9708 9710
f 9490 9701 9707
f 9490 9700 9701
f 9489 9700 9490
f 9489 9480 9700
f 9699 9474 9485
f 9697 9699 9485
f 9697 9485 9482
f 9695 9697 9706
f 9697 9482 9706
f 9706 9482 9483
f 9692 9706 9705
f 9692 9695 9706
f 9702 9692 9705
f 9702 9694 9692
f 9703 9694 9702
f 9703 9702 9704
f 9701 9700 9689
f 9691 9701 9689
f 9480 9471 9689
f 9480 9689 9700
f 9688 9463 9476
f 9686 9688 9476
f 9686 9476 9473
f 9683 9686 9699
f 9686 9473 9699
f 9699 9473 9474
f 9697 9683 9699
f 9697 9685 9683
f 9698 9685 9697
f 9695 9696 9698
f 9697 9695 9698
f 9692 9693 9696
f 9695 9692 9696
f 9693 9692 9694
f 9689 9690 9691
f 9682 9469 9680
f 9690 9469 9682
f 9471 9469 9690
f 9689 9471 9690
f 9469 9460 9680
f 9679 9450 9465
f 9677 9679 9465
f 9677 9465 9462
f 9674 9677 9688
f 9677 9462 9688
f 9688 9462 9463
f 9686 9674 9688
f 9686 9676 9674
f 9687 9676 9686
f 9683 9684 9687
f 9686 9683 9687
f 9684 9683 9685
f 9680 9681 9682
f 9673 9459 9671
f 9681 9459 9673
f 9460 9459 9681
f 9680 9460 9681
f 9669 9671 9459
f 9669 9459 9457
f 9457 9447 9669
f 9665 9442 9454
f 9663 9665 9454
f 9663 9454 9452
f 9661 9663 9452
f 9661 9452 9449
f 9658 9661 9679
f 9661 9449 9679
f 9679 9449 9450
f 9677 9658 9679
f 9677 9660 9658
f 9678 9660 9677
f 9674 9675 9678
f 9677 9674 9678
f 9675 9674 9676
f 9671 9672 9673
f 9669 9670 9672
f 9671 9669 9672
f 9657 9446 9654
f 9670 9446 9657
f 9447 9446 9670
f 9669 9447 9670
f 9444 9668 9446
f 9668 9656 9446
f 9446 9656 9654
f 9668 9441 9667
f 9668 9444 9441
f 9441 9666 9667
f 9441 9665 9666
f 9442 9665 9441
f 9663 9664 9666
f 9665 9663 9666
f 9661 9662 9664
f 9663 9661 9664
f 9658 9659 9662
f 9661 9658 9662
f 9659 9658 9660
f 9654 9655 9657
f 9655 9654 9656
f 9430 9416 9653
f 9430 9653 9652
f 9428 9430 9652
f 9428 9652 9651
f 9426 9428 9651
f 9426 9651 9650
f 9424 9426 9650
f 9424 9650 9649
f 9422 9424 9649
f 9649 9414 9422
f 9418 9409 9648
f 9418 9648 9647
f 9417 9418 9647
f 9653 9647 9646
f 9653 9417 9647
f 9416 9417 9653
f 9652 9653 9645
f 9653 9646 9645
f 9651 9652 9643
f 9652 9645 9643
f 9650 9651 9641
f 9651 9643 9641
f 9649 9650 9639
f 9650 9641 9639
f 9639 9407 9414
f 9649 9639 9414
f 9410 9401 9638
f 9648 9638 9637
f 9648 9410 9638
f 9409 9410 9648
f 9647 9648 9636
f 9648 9637 9636
f 9646 9647 9632
f 9647 9636 9632
f 9646 9632 9645
f 9632 9633 9645
f 9645 9633 9644
f 9644 9642 9643
f 9644 9643 9645
f 9642 9640 9641
f 9642 9641 9643
f 9639 9641 9630
f 9641 9640 9630
f 9630 9640 9631
f 9628 9639 9630
f 9628 9407 9639
f 9405 9407 9628
f 9628 9399 9405
f 9402 9392 9627
f 9638 9627 9626
f 9638 9402 9627
f 9401 9402 9638
f 9637 9638 9622
f 9638 9626 9622
f 9637 9622 9636
f 9622 9623 9636
f 9636 9623 9635
f 9635 9634 9632
f 9635 9632 9636
f 9633 9632 9634
f 9631 9629 9630
f 9628 9630 9620
f 9630 9629 9620
f 9620 9629 9621
f 9620 9390 9399
f 9628 9620 9399
f 9394 9382 9618
f 9394 9618 9617
f 9393 9394 9617
f 9627 9617 9614
f 9627 9393 9617
f 9392 9393 9627
f 9627 9614 9626
f 9614 9615 9626
f 9626 9615 9625
f 9625 9624 9622
f 9625 9622 9626
f 9623 9622 9624
f 9621 9619 9620
f 9390 9613 9380
f 9390 9619 9613
f 9620 9619 9390
f 9384 9373 9612
f 9384 9612 9611
f 9383 9384 9611
f 9618 9611 9610
f 9618 9383 9611
f 9382 9383 9618
f 9617 9618 9606
f 9618 9610 9606
f 9617 9606 9614
f 9606 9607 9614
f 9614 9607 9616
f 9615 9614 9616
f 9613 9605 9380
f 9605 9604 9380
f 9380 9604 9378
f 9604 9371 9378
f 9374 9365 9603
f 9612 9603 9602
f 9612 9374 9603
f 9373 9374 9612
f 9611 9612 9599
f 9612 9602 9599
f 9611 9599 9610
f 9599 9600 9610
f 9610 9600 9609
f 9609 9608 9606
f 9609 9606 9610
f 9607 9606 9608
f 9597 9604 9605
f 9597 9605 9598
f 9597 9363 9371
f 9604 9597 9371
f 9367 9358 9595
f 9367 9595 9594
f 9366 9367 9594
f 9603 9594 9593
f 9603 9366 9594
f 9365 9366 9603
f 9602 9603 9589
f 9603 9593 9589
f 9602 9589 9599
f 9589 9590 9599
f 9599 9590 9601
f 9600 9599 9601
f 9598 9596 9597
f 9363 9588 9356
f 9363 9596 9588
f 9597 9596 9363
f 9360 9353 9587
f 9360 9587 9586
f 9359 9360 9586
f 9595 9586 9585
f 9595 9359 9586
f 9358 9359 9595
f 9594 9595 9581
f 9595 9585 9581
f 9594 9581 9593
f 9581 9582 9593
f 9593 9582 9592
f 9592 9591 9589
f 9592 9589 9593
f 9590 9589 9591
f 9588 9580 9356
f 9580 9351 9356
f 9354 9350 9579
f 9587 9579 9578
f 9587 9354 9579
f 9353 9354 9587
f 9586 9587 9575
f 9587 9578 9575
f 9586 9575 9585
f 9575 9576 9585
f 9585 9576 9584
f 9584 9583 9581
f 9584 9581 9585
f 9582 9581 9583
f 9580 9574 9351
f 9574 9348 9351
f 9345 9573 9579
f 9350 9345 9579
f 9578 9579 9570
f 9579 9573 9570
f 9578 9570 9575
f 9570 9571 9575
f 9575 9571 9577
f 9576 9575 9577
f 9574 9569 9348
f 9569 9343 9348
f 9346 9341 9568
f 9573 9568 9565
f 9573 9346 9568
f 9345 9346 9573
f 9573 9565 9570
f 9565 9566 9570
f 9570 9566 9572
f 9571 9570 9572
f 9569 9564 9343
f 9564 9340 9343
f 9338 9561 9568
f 9341 9338 9568
f 9568 9561 9565
f 9561 9562 9565
f 9565 9562 9567
f 9566 9565 9567
f 9564 9560 9340
f 9560 9337 9340
f 9559 9338 9334
f 9559 9561 9338
f 9563 9561 9559
f 9562 9561 9563
f 9560 9558 9337
f 9558 9332 9337
f 9335 9330 9556
f 9559 9334 9557
f 9334 9335 9557
f 9557 9335 9556
f 9558 9555 9332
f 9555 9329 9332
f 9328 9553 9556
f 9330 9328 9556
f 9554 9557 9556
f 9554 9556 9553
f 9555 9552 9329
f 9552 9327 9329
f 9326 9549 9553
f 9328 9326 9553
f 9550 9554 9553
f 9550 9553 9549
f 9552 9548 9327
f 9548 9325 9327
f 9547 9326 9324
f 9547 9549 9326
f 9551 9549 9547
f 9550 9549 9551
f 9548 9546 9325
f 9546 9323 9325
f 9324 9545 9547
f 9324 9322 9545
f 9546 9544 9323
f 9544 9321 9323
f 9322 9543 9545
f 9322 9320 9543
f 9544 9542 9321
f 9542 9319 9321
f 9320 9541 9543
f 9320 9318 9541
f 9542 9540 9319
f 9540 9317 9319
f 9318 9539 9541
f 9318 9316 9539
f 9540 9538 9317
f 9538 9315 9317
f 9316 9537 9539
f 9316 9313 9537
f 9538 9536 9315
f 9536 9312 9315
f 9313 9535 9537
f 9313 9309 9535
f 9533 9308 9311
f 9534 9312 9536
f 9534 9311 9312
f 9533 9311 9534
f 9309 9532 9535
f 9309 9307 9532
f 9533 9529 9306
f 9533 9306 9308
f 9533 9534 9531
f 9529 9533 9531
f 9307 9528 9532
f 9307 9304 9528
f 9301 9306 9527
f 9306 9529 9527
f 9527 9529 9530
f 9530 9529 9531
f 9304 9526 9528
f 9304 9298 9526
f 9523 9296 9300
f 9525 9301 9527
f 9525 9300 9301
f 9523 9300 9525
f 9298 9522 9526
f 9298 9294 9522
f 9291 9296 9521
f 9296 9523 9521
f 9521 9523 9524
f 9524 9523 9525
f 9294 9520 9522
f 9294 9288 9520
f 9518 9283 9290
f 9519 9291 9521
f 9519 9290 9291
f 9518 9290 9519
f 9288 9517 9520
f 9288 9516 9517
f 9286 9516 9288
f 9286 9280 9516
f 9515 9277 9282
f 9512 9515 9518
f 9515 9282 9518
f 9518 9282 9283
f 9518 9519 9514
f 9512 9518 9514
f 9517 9516 9510
f 9511 9517 9510
f 9280 9274 9510
f 9280 9510 9516
f 9508 9269 9276
f 9506 9508 9515
f 9508 9276 9515
f 9515 9276 9277
f 9512 9506 9515
f 9512 9507 9506
f 9513 9507 9512
f 9513 9512 9514
f 9510 9509 9511
f 9266 9505 9274
f 9505 9509 9274
f 9274 9509 9510
f 9504 9259 9268
f 9503 9504 9508
f 9504 9268 9508
f 9508 9268 9269
f 9500 9508 9506
f 9500 9503 9508
f 9506 9507 9502
f 9500 9506 9502
f 9266 9499 9505
f 9266 9498 9499
f 9265 9498 9266
f 9265 9256 9498
f 9497 9250 9261
f 9496 9497 9261
f 9496 9261 9258
f 9494 9496 9504
f 9496 9258 9504
f 9504 9258 9259
f 9491 9504 9503
f 9491 9494 9504
f 9500 9491 9503
f 9500 9493 9491
f 9501 9493 9500
f 9501 9500 9502
f 9499 9498 9488
f 9490 9499 9488
f 9256 9247 9488
f 9256 9488 9498
f 9487 9240 9252
f 9486 9487 9252
f 9486 9252 9249
f 9484 9486 9497
f 9486 9249 9497
f 9497 9249 9250
f 9481 9497 9496
f 9481 9484 9497
f 9494 9481 9496
f 9494 9483 9481
f 9495 9483 9494
f 9491 9492 9495
f 9494 9491 9495
f 9492 9491 9493
f 9488 9489 9490
f 9480 9246 9479
f 9489 9246 9480
f 9247 9246 9489
f 9488 9247 9489
f 9246 9237 9479
f 9478 9230 9242
f 9477 9478 9242
f 9477 9242 9239
f 9475 9477 9487
f 9477 9239 9487
f 9487 9239 9240
f 9472 9487 9486
f 9472 9475 9487
f 9484 9472 9486
f 9484 9474 9472
f 9485 9474 9484
f 9481 9482 9485
f 9484 9481 9485
f 9482 9481 9483
f 9480 9479 9470
f 9471 9480 9470
f 9470 9479 9468
f 9479 9237 9468
f 9468 9237 9235
f 9235 9227 9468
f 9467 9220 9232
f 9466 9467 9232
f 9466 9232 9229
f 9464 9466 9478
f 9466 9229 9478
f 9478 9229 9230
f 9461 9478 9477
f 9461 9464 9478
f 9475 9461 9477
f 9475 9463 9461
f 9476 9463 9475
f 9472 9473 9476
f 9475 9472 9476
f 9473 9472 9474
f 9470 9469 9471
f 9458 9470 9468
f 9458 9469 9470
f 9460 9469 9458
f 9458 9468 9456
f 9468 9227 9456
f 9456 9227 9225
f 9225 9217 9456
f 9455 9214 9222
f 9453 9455 9222
f 9453 9222 9219
f 9451 9453 9467
f 9453 9219 9467
f 9467 9219 9220
f 9448 9467 9466
f 9448 9451 9467
f 9464 9448 9466
f 9464 9450 9448
f 9465 9450 9464
f 9461 9462 9465
f 9464 9461 9465
f 9462 9461 9463
f 9458 9459 9460
f 9456 9457 9459
f 9458 9456 9459
f 9447 9216 9445
f 9457 9216 9447
f 9217 9216 9457
f 9456 9217 9457
f 9443 9445 9216
f 9443 9216 9213
f 9440 9443 9455
f 9443 9213 9455
f 9455 9213 9214
f 9453 9440 9455
f 9453 9442 9440
f 9454 9442 9453
f 9451 9452 9454
f 9453 9451 9454
f 9448 9449 9452
f 9451 9448 9452
f 9449 9448 9450
f 9445 9446 9447
f 9443 9444 9446
f 9445 9443 9446
f 9440 9441 9444
f 9443 9440 9444
f 9441 9440 9442
f 9201 9185 9439
f 9201 9439 9438
f 9199 9201 9438
f 9199 9438 9437
f 9197 9199 9437
f 9197 9437 9436
f 9195 9197 9436
f 9195 9436 9435
f 9193 9195 9435
f 9435 9183 9193
f 9189 9178 9434
f 9189 9434 9433
f 9187 9189 9433
f 9187 9433 9432
f 9186 9187 9432
f 9439 9432 9431
f 9439 9186 9432
f 9185 9186 9439
f 9438 9439 9429
f 9439 9431 9429
f 9437 9438 9427
f 9438 9429 9427
f 9436 9437 9425
f 9437 9427 9425
f 9435 9436 9423
f 9436 9425 9423
f 9423 9176 9183
f 9435 9423 9183
f 9179 9170 9421
f 9434 9421 9420
f 9434 9179 9421
f 9178 9179 9434
f 9433 9434 9419
f 9434 9420 9419
f 9432 9433 9415
f 9433 9419 9415
f 9432 9415 9431
f 9415 9416 9431
f 9431 9416 9430
f 9430 9428 9429
f 9430 9429 9431
f 9428 9426 9427
f 9428 9427 9429
f 9426 9424 9425
f 9426 9425 9427
f 9424 9422 9423
f 9424 9423 9425
f 9413 9174 9414
f 9414 9174 9422
f 9422 9174 9176
f 9422 9176 9423
f 9413 9168 9174
f 9171 9163 9412
f 9421 9412 9411
f 9421 9171 9412
f 9170 9171 9421
f 9420 9421 9408
f 9421 9411 9408
f 9420 9408 9419
f 9408 9409 9419
f 9419 9409 9418
f 9418 9417 9415
f 9418 9415 9419
f 9416 9415 9417
f 9406 9413 9414
f 9406 9414 9407
f 9406 9161 9168
f 9413 9406 9168
f 9164 9152 9404
f 9412 9404 9403
f 9412 9164 9404
f 9163 9164 9412
f 9411 9412 9400
f 9412 9403 9400
f 9411 9400 9408
f 9400 9401 9408
f 9408 9401 9410
f 9409 9408 9410
f 9407 9405 9406
f 9161 9399 9150
f 9161 9405 9399
f 9406 9405 9161
f 9156 9142 9398
f 9156 9398 9397
f 9154 9156 9397
f 9154 9397 9396
f 9153 9154 9396
f 9404 9396 9395
f 9404 9153 9396
f 9152 9153 9404
f 9403 9404 9391
f 9404 9395 9391
f 9403 9391 9400
f 9391 9392 9400
f 9400 9392 9402
f 9401 9400 9402
f 9399 9390 9150
f 9390 9389 9150
f 9150 9389 9148
f 9389 9140 9148
f 9144 9136 9388
f 9144 9388 9387
f 9143 9144 9387
f 9398 9387 9386
f 9398 9143 9387
f 9142 9143 9398
f 9397 9398 9385
f 9398 9386 9385
f 9396 9397 9381
f 9397 9385 9381
f 9396 9381 9395
f 9381 9382 9395
f 9395 9382 9394
f 9394 9393 9391
f 9394 9391 9395
f 9392 9391 9393
f 9379 9389 9390
f 9379 9390 9380
f 9379 9134 9140
f 9389 9379 9140
f 9137 9131 9377
f 9388 9377 9376
f 9388 9137 9377
f 9136 9137 9388
f 9387 9388 9375
f 9388 9376 9375
f 9386 9387 9372
f 9387 9375 9372
f 9386 9372 9385
f 9372 9373 9385
f 9385 9373 9384
f 9384 9383 9381
f 9384 9381 9385
f 9382 9381 9383
f 9380 9378 9379
f 9134 9371 9129
f 9134 9378 9371
f 9379 9378 9134
f 9132 9126 9370
f 9377 9370 9369
f 9377 9132 9370
f 9131 9132 9377
f 9376 9377 9368
f 9377 9369 9368
f 9375 9376 9364
f 9376 9368 9364
f 9375 9364 9372
f 9364 9365 9372
f 9372 9365 9374
f 9373 9372 9374
f 9371 9363 9129
f 9363 9124 9129
f 9127 9121 9362
f 9370 9362 9361
f 9370 9127 9362
f 9126 9127 9370
f 9369 9370 9357
f 9370 9361 9357
f 9369 9357 9368
f 9357 9358 9368
f 9368 9358 9367
f 9367 9366 9364
f 9367 9364 9368
f 9365 9364 9366
f 9363 9356 9124
f 9356 9119 9124
f 9122 9117 9355
f 9362 9355 9352
f 9362 9122 9355
f 9121 9122 9362
f 9362 9352 9361
f 9352 9353 9361
f 9361 9353 9360
f 9360 9359 9357
f 9360 9357 9361
f 9358 9357 9359
f 9356 9351 9119
f 9351 9116 9119
f 9113 9349 9355
f 9117 9113 9355
f 9355 9349 9352
f 9349 9350 9352
f 9352 9350 9354
f 9353 9352 9354
f 9351 9348 9116
f 9348 9347 9116
f 9116 9347 9114
f 9347 9111 9114
f 9110 9344 9349
f 9113 9110 9349
f 9345 9350 9349
f 9345 9349 9344
f 9342 9347 9348
f 9342 9348 9343
f 9342 9108 9111
f 9347 9342 9111
f 9341 9110 9107
f 9341 9344 9110
f 9346 9344 9341
f 9345 9344 9346
f 9339 9342 9343
f 9339 9343 9340
f 9339 9105 9108
f 9342 9339 9108
f 9107 9338 9341
f 9107 9103 9338
f 9336 9339 9340
f 9336 9340 9337
f 9336 9101 9105
f 9339 9336 9105
f 9104 9100 9333
f 9338 9103 9334
f 9103 9104 9334
f 9334 9104 9333
f 9331 9336 9337
f 9331 9337 9332
f 9331 9099 9101
f 9336 9331 9101
f 9330 9100 9097
f 9330 9333 9100
f 9335 9333 9330
f 9334 9333 9335
f 9329 9096 9332
f 9096 9098 9332
f 9332 9098 9331
f 9331 9098 9099
f 9097 9328 9330
f 9097 9095 9328
f 9329 9327 9096
f 9327 9094 9096
f 9095 9326 9328
f 9095 9093 9326
f 9327 9325 9094
f 9325 9092 9094
f 9093 9324 9326
f 9093 9091 9324
f 9325 9323 9092
f 9323 9090 9092
f 9091 9322 9324
f 9091 9089 9322
f 9323 9321 9090
f 9321 9088 9090
f 9089 9320 9322
f 9089 9087 9320
f 9321 9319 9088
f 9319 9086 9088
f 9087 9318 9320
f 9087 9084 9318
f 9319 9317 9086
f 9317 9083 9086
f 9084 9316 9318
f 9084 9080 9316
f 9314 9079 9082
f 9315 9083 9317
f 9315 9082 9083
f 9314 9082 9315
f 9080 9313 9316
f 9080 9077 9313
f 9314 9310 9076
f 9314 9076 9079
f 9314 9315 9312
f 9310 9314 9312
f 9077 9309 9313
f 9077 9074 9309
f 9071 9076 9308
f 9076 9310 9308
f 9308 9310 9311
f 9311 9310 9312
f 9074 9307 9309
f 9074 9068 9307
f 9305 9064 9070
f 9306 9071 9308
f 9306 9070 9071
f 9305 9070 9306
f 9068 9304 9307
f 9068 9303 9304
f 9066 9303 9068
f 9066 9061 9303
f 9302 9059 9063
f 9299 9302 9305
f 9302 9063 9305
f 9305 9063 9064
f 9305 9306 9301
f 9299 9305 9301
f 9304 9303 9297
f 9298 9304 9297
f 9061 9057 9297
f 9061 9297 9303
f 9302 9295 9054
f 9302 9054 9059
f 9299 9295 9302
f 9299 9296 9295
f 9300 9296 9299
f 9300 9299 9301
f 9298 9297 9293
f 9294 9298 9293
f 9057 9051 9293
f 9057 9293 9297
f 9292 9045 9053
f 9289 9292 9295
f 9292 9053 9295
f 9295 9053 9054
f 9295 9296 9291
f 9289 9295 9291
f 9294 9293 9287
f 9288 9294 9287
f 9051 9042 9287
f 9051 9287 9293
f 9285 9038 9047
f 9284 9285 9047
f 9284 9047 9044
f 9281 9284 9292
f 9284 9044 9292
f 9292 9044 9045
f 9289 9281 9292
f 9289 9283 9281
f 9290 9283 9289
f 9290 9289 9291
f 9287 9286 9288
f 9035 9280 9042
f 9280 9286 9042
f 9042 9286 9287
f 9279 9027 9037
f 9278 9279 9285
f 9279 9037 9285
f 9285 9037 9038
f 9275 9285 9284
f 9275 9278 9285
f 9281 9275 9284
f 9281 9277 9275
f 9282 9277 9281
f 9282 9281 9283
f 9035 9274 9280
f 9035 9273 9274
f 9033 9273 9035
f 9033 9024 9273
f 9272 9020 9029
f 9271 9272 9029
f 9271 9029 9026
f 9270 9271 9279
f 9271 9026 9279
f 9279 9026 9027
f 9267 9279 9278
f 9267 9270 9279
f 9275 9267 9278
f 9275 9269 9267
f 9276 9269 9275
f 9276 9275 9277
f 9274 9273 9264
f 9266 9274 9264
f 9024 9017 9264
f 9024 9264 9273
f 9263 9008 9019
f 9262 9263 9272
f 9263 9019 9272
f 9272 9019 9020
f 9260 9272 9271
f 9260 9262 9272
f 9257 9271 9270
f 9257 9260 9271
f 9267 9257 9270
f 9267 9259 9257
f 9268 9259 9267
f 9268 9267 9269
f 9264 9265 9266
f 9256 9015 9255
f 9265 9015 9256
f 9017 9015 9265
f 9264 9017 9265
f 9015 9005 9255
f 9254 8998 9010
f 9253 9254 9010
f 9253 9010 9007
f 9251 9253 9263
f 9253 9007 9263
f 9263 9007 9008
f 9248 9263 9262
f 9248 9251 9263
f 9260 9248 9262
f 9260 9250 9248
f 9261 9250 9260
f 9257 9258 9261
f 9260 9257 9261
f 9258 9257 9259
f 9256 9255 9245
f 9247 9256 9245
f 9005 8995 9245
f 9005 9245 9255
f 9244 8987 9000
f 9243 9244 9000
f 9243 9000 8997
f 9241 9243 9254
f 9243 8997 9254
f 9254 8997 8998
f 9238 9254 9253
f 9238 9241 9254
f 9251 9238 9253
f 9251 9240 9238
f 9252 9240 9251
f 9248 9249 9252
f 9251 9248 9252
f 9249 9248 9250
f 9245 9246 9247
f 9237 8994 9236
f 9246 8994 9237
f 8995 8994 9246
f 9245 8995 9246
f 9234 9236 8994
f 9234 8994 8991
f 8991 8984 9234
f 9233 8979 8986
f 9231 9233 9244
f 9233 8986 9244
f 9244 8986 8987
f 9228 9244 9243
f 9228 9231 9244
f 9241 9228 9243
f 9241 9230 9228
f 9242 9230 9241
f 9238 9239 9242
f 9241 9238 9242
f 9239 9238 9240
f 9236 9235 9237
f 9226 9236 9234
f 9226 9235 9236
f 9227 9235 9226
f 9226 9234 9224
f 9234 8984 9224
f 9224 8984 8983
f 9223 9224 8983
f 9223 8983 8981
f 9221 9223 8981
f 9221 8981 8978
f 9218 9221 9233
f 9221 8978 9233
f 9233 8978 8979
f 9231 9218 9233
f 9231 9220 9218
f 9232 9220 9231
f 9228 9229 9232
f 9231 9228 9232
f 9229 9228 9230
f 9226 9225 9227
f 9215 9226 9224
f 9215 9225 9226
f 9217 9225 9215
f 9212 9224 9223
f 9212 9215 9224
f 9221 9212 9223
f 9221 9214 9212
f 9222 9214 9221
f 9218 9219 9222
f 9221 9218 9222
f 9219 9218 9220
f 9215 9216 9217
f 9212 9213 9216
f 9215 9212 9216
f 9213 9212 9214
f 8936 8921 9211
f 8936 9211 9210
f 8934 8936 9210
f 8934 9210 9209
f 8932 8934 9209
f 8932 9209 9208
f 8930 8932 9208
f 8930 9208 9207
f 8928 8930 9207
f 8928 9207 9206
f 8926 8928 9206
f 9206 8919 8926
f 8923 8913 9205
f 8923 9205 9204
f 8922 8923 9204
f 9211 9204 9203
f 9211 8922 9204
f 8921 8922 9211
f 9210 9211 9202
f 9211 9203 9202
f 9209 9210 9200
f 9210 9202 9200
f 9208 9209 9198
f 9209 9200 9198
f 9207 9208 9196
f 9208 9198 9196
f 9206 9207 9194
f 9207 9196 9194
f 9194 8911 8919
f 9206 9194 8919
f 8915 8905 9192
f 8915 9192 9191
f 8914 8915 9191
f 9205 9191 9190
f 9205 8914 9191
f 8913 8914 9205
f 9204 9205 9188
f 9205 9190 9188
f 9203 9204 9184
f 9204 9188 9184
f 9203 9184 9202
f 9184 9185 9202
f 9202 9185 9201
f 9201 9199 9200
f 9201 9200 9202
f 9199 9197 9198
f 9199 9198 9200
f 9197 9195 9196
f 9197 9196 9198
f 9195 9193 9194
f 9195 9194 9196
f 9182 8909 9183
f 9183 8909 9193
f 9193 8909 8911
f 9193 8911 9194
f 9182 8903 8909
f 8906 8898 9181
f 9192 9181 9180
f 9192 8906 9181
f 8905 8906 9192
f 9191 9192 9177
f 9192 9180 9177
f 9191 9177 9190
f 9177 9178 9190
f 9190 9178 9189
f 9189 9187 9188
f 9189 9188 9190
f 9187 9186 9184
f 9187 9184 9188
f 9185 9184 9186
f 9175 9182 9183
f 9175 9183 9176
f 9175 8896 8903
f 9182 9175 8903
f 8899 8889 9173
f 9181 9173 9172
f 9181 8899 9173
f 8898 8899 9181
f 9180 9181 9169
f 9181 9172 9169
f 9180 9169 9177
f 9169 9170 9177
f 9177 9170 9179
f 9178 9177 9179
f 9176 9174 9175
f 9167 8894 9168
f 9168 8894 9174
f 9174 8894 8896
f 9174 8896 9175
f 9167 8887 8894
f 8890 8879 9166
f 9173 9166 9165
f 9173 8890 9166
f 8889 8890 9173
f 9172 9173 9162
f 9173 9165 9162
f 9172 9162 9169
f 9162 9163 9169
f 9169 9163 9171
f 9170 9169 9171
f 9160 9167 9168
f 9160 9168 9161
f 9160 8877 8887
f 9167 9160 8887
f 8883 8872 9159
f 8883 9159 9158
f 8881 8883 9158
f 8881 9158 9157
f 8880 8881 9157
f 9166 9157 9155
f 9166 8880 9157
f 8879 8880 9166
f 9165 9166 9151
f 9166 9155 9151
f 9165 9151 9162
f 9151 9152 9162
f 9162 9152 9164
f 9163 9162 9164
f 9149 9160 9161
f 9149 9161 9150
f 9149 8870 8877
f 9160 9149 8877
f 8874 8868 9147
f 8874 9147 9146
f 8873 8874 9146
f 9159 9146 9145
f 9159 8873 9146
f 8872 8873 9159
f 9158 9159 9141
f 9159 9145 9141
f 9158 9141 9157
f 9141 9142 9157
f 9157 9142 9156
f 9156 9154 9155
f 9156 9155 9157
f 9154 9153 9151
f 9154 9151 9155
f 9152 9151 9153
f 9150 9148 9149
f 8870 9140 8866
f 8870 9148 9140
f 9149 9148 8870
f 8869 8865 9139
f 9147 9139 9138
f 9147 8869 9139
f 8868 8869 9147
f 9146 9147 9135
f 9147 9138 9135
f 9146 9135 9145
f 9135 9136 9145
f 9145 9136 9144
f 9144 9143 9141
f 9144 9141 9145
f 9142 9141 9143
f 9140 9134 8866
f 9134 8863 8866
f 8860 9133 9139
f 8865 8860 9139
f 9138 9139 9130
f 9139 9133 9130
f 9138 9130 9135
f 9130 9131 9135
f 9135 9131 9137
f 9136 9135 9137
f 9134 9129 8863
f 9129 8858 8863
f 8861 8855 9128
f 9133 9128 9125
f 9133 8861 9128
f 8860 8861 9133
f 9133 9125 9130
f 9125 9126 9130
f 9130 9126 9132
f 9131 9130 9132
f 9129 9124 8858
f 9124 9123 8858
f 8858 9123 8856
f 9123 8854 8856
f 8853 9120 9128
f 8855 8853 9128
f 9128 9120 9125
f 9120 9121 9125
f 9125 9121 9127
f 9126 9125 9127
f 9118 9123 9124
f 9118 9124 9119
f 9118 8851 8854
f 9123 9118 8854
f 9117 8853 8849
f 9117 9120 8853
f 9122 9120 9117
f 9121 9120 9122
f 9115 9118 9119
f 9115 9119 9116
f 9115 8847 8851
f 9118 9115 8851
f 8850 8846 9112
f 9117 8849 9113
f 8849 8850 9113
f 9113 8850 9112
f 9116 9114 9115
f 8847 9111 8845
f 8847 9114 9111
f 9115 9114 8847
f 8844 9109 9112
f 8846 8844 9112
f 9110 9113 9112
f 9110 9112 9109
f 9111 9108 8845
f 9108 8843 8845
f 8842 9106 9109
f 8844 8842 9109
f 9107 9110 9109
f 9107 9109 9106
f 9108 9105 8843
f 9105 8841 8843
f 8839 9102 9106
f 8842 8839 9106
f 9103 9107 9106
f 9103 9106 9102
f 9105 9101 8841
f 9101 8838 8841
f 9100 8839 8836
f 9100 9102 8839
f 9104 9102 9100
f 9103 9102 9104
f 9101 9099 8838
f 9099 8835 8838
f 8836 9097 9100
f 8836 8832 9097
f 8834 9098 9096
f 8834 9096 8831
f 8834 8835 9099
f 9098 8834 9099
f 8832 9095 9097
f 8832 8830 9095
f 9096 9094 8831
f 9094 8829 8831
f 8830 9093 9095
f 8830 8828 9093
f 9094 9092 8829
f 9092 8827 8829
f 8828 9091 9093
f 8828 8826 9091
f 9092 9090 8827
f 9090 8825 8827
f 8826 9089 9091
f 8826 8823 9089
f 9090 9088 8825
f 9088 8822 8825
f 8823 9087 9089
f 8823 8819 9087
f 9085 8818 8821
f 9086 8822 9088
f 9086 8821 8822
f 9085 8821 9086
f 8819 9084 9087
f 8819 8816 9084
f 9085 9081 8815
f 9085 8815 8818
f 9085 9086 9083
f 9081 9085 9083
f 8816 9080 9084
f 8816 8812 9080
f 9078 8810 8814
f 8815 9078 8814
f 9081 9078 8815
f 9079 9078 9081
f 9082 9079 9081
f 9082 9081 9083
f 8812 9077 9080
f 8812 8808 9077
f 9078 9075 8804
f 9078 8804 8810
f 9078 9079 9076
f 9075 9078 9076
f 8808 9074 9077
f 8808 9073 9074
f 8806 9073 8808
f 8806 8801 9073
f 9072 8799 8803
f 9069 9072 9075
f 9072 8803 9075
f 9075 8803 8804
f 9075 9076 9071
f 9069 9075 9071
f 9074 9073 9067
f 9068 9074 9067
f 8801 8796 9067
f 8801 9067 9073
f 9065 8792 8798
f 9062 9065 9072
f 9065 8798 9072
f 9072 8798 8799
f 9069 9062 9072
f 9069 9064 9062
f 9070 9064 9069
f 9070 9069 9071
f 9067 9066 9068
f 8789 9061 8796
f 9061 9066 8796
f 8796 9066 9067
f 9060 8784 8791
f 9058 9060 9065
f 9060 8791 9065
f 9065 8791 8792
f 9062 9058 9065
f 9062 9059 9058
f 9063 9059 9062
f 9063 9062 9064
f 8789 9057 9061
f 8789 8781 9057
f 9056 8774 8783
f 9055 9056 9060
f 9056 8783 9060
f 9060 8783 8784
f 9052 9060 9058
f 9052 9055 9060
f 9058 9059 9054
f 9052 9058 9054
f 8781 9051 9057
f 8781 9050 9051
f 8780 9050 8781
f 8780 8771 9050
f 9049 8766 8776
f 9048 9049 8776
f 9048 8776 8773
f 9046 9048 9056
f 9048 8773 9056
f 9056 8773 8774
f 9043 9056 9055
f 9043 9046 9056
f 9052 9043 9055
f 9052 9045 9043
f 9053 9045 9052
f 9053 9052 9054
f 9051 9050 9041
f 9042 9051 9041
f 8771 8763 9041
f 8771 9041 9050
f 9040 8755 8765
f 9039 9040 9049
f 9040 8765 9049
f 9049 8765 8766
f 9036 9049 9048
f 9036 9039 9049
f 9046 9036 9048
f 9046 9038 9036
f 9047 9038 9046
f 9043 9044 9047
f 9046 9043 9047
f 9044 9043 9045
f 9042 9041 9034
f 9035 9042 9034
f 9034 9041 9032
f 9041 8763 9032
f 9032 8763 8761
f 8761 8752 9032
f 9031 8747 8757
f 9030 9031 8757
f 9030 8757 8754
f 9028 9030 9040
f 9030 8754 9040
f 9040 8754 8755
f 9025 9040 9039
f 9025 9028 9040
f 9036 9025 9039
f 9036 9027 9025
f 9037 9027 9036
f 9037 9036 9038
f 9034 9033 9035
f 9023 9034 9032
f 9023 9033 9034
f 9024 9033 9023
f 8752 8744 9023
f 8752 9023 9032
f 9022 8733 8746
f 9021 9022 9031
f 9022 8746 9031
f 9031 8746 8747
f 9018 9031 9030
f 9018 9021 9031
f 9028 9018 9030
f 9028 9020 9018
f 9029 9020 9028
f 9025 9026 9029
f 9028 9025 9029
f 9026 9025 9027
f 9024 9023 9016
f 9017 9024 9016
f 9016 9023 9014
f 9023 8744 9014
f 9014 8744 8742
f 8742 8730 9014
f 9013 8725 8737
f 9012 9013 8737
f 9012 8737 8735
f 9011 9012 8735
f 9011 8735 8732
f 9009 9011 9022
f 9011 8732 9022
f 9022 8732 8733
f 9006 9022 9021
f 9006 9009 9022
f 9018 9006 9021
f 9018 9008 9006
f 9019 9008 9018
f 9019 9018 9020
f 9016 9015 9017
f 9004 9016 9014
f 9004 9015 9016
f 9005 9015 9004
f 9004 9014 9003
f 9014 8730 9003
f 9003 8730 8728
f 8728 8722 9003
f 9002 8719 8724
f 9001 9002 9013
f 9002 8724 9013
f 9013 8724 8725
f 8999 9013 9012
f 8999 9001 9013
f 8996 9012 9011
f 8996 8999 9012
f 9009 8996 9011
f 9009 8998 8996
f 9010 8998 9009
f 9006 9007 9010
f 9009 9006 9010
f 9007 9006 9008
f 9005 9004 8993
f 8995 9005 8993
f 8992 9004 9003
f 8992 8993 9004
f 8992 9003 8990
f 9003 8722 8990
f 8990 8722 8721
f 8989 8990 8721
f 8989 8721 8718
f 8988 8989 9002
f 8989 8718 9002
f 9002 8718 8719
f 8985 9002 9001
f 8985 8988 9002
f 8999 8985 9001
f 8999 8987 8985
f 9000 8987 8999
f 8996 8997 9000
f 8999 8996 9000
f 8997 8996 8998
f 8993 8994 8995
f 8992 8991 8994
f 8993 8992 8994
f 8982 8992 8990
f 8982 8991 8992
f 8984 8991 8982
f 8980 8990 8989
f 8980 8982 8990
f 8977 8989 8988
f 8977 8980 8989
f 8985 8977 8988
f 8985 8979 8977
f 8986 8979 8985
f 8986 8985 8987
f 8982 8983 8984
f 8980 8981 8983
f 8982 8980 8983
f 8977 8978 8981
f 8980 8977 8981
f 8978 8977 8979
f 8715 8707 8976
f 8715 8976 8975
f 8713 8715 8975
f 8975 8705 8713
f 8709 8699 8974
f 8709 8974 8973
f 8708 8709 8973
f 8976 8973 8972
f 8976 8708 8973
f 8707 8708 8976
f 8975 8976 8971
f 8976 8972 8971
f 8970 8975 8971
f 8970 8705 8975
f 8703 8705 8970
f 8970 8697 8703
f 8690 8969 8974
f 8699 8690 8974
f 8973 8974 8968
f 8974 8969 8968
f 8972 8973 8967
f 8973 8968 8967
f 8971 8972 8966
f 8972 8967 8966
f 8970 8971 8965
f 8971 8966 8965
f 8965 8688 8697
f 8970 8965 8697
f 8691 8682 8964
f 8969 8964 8963
f 8969 8691 8964
f 8690 8691 8969
f 8968 8969 8962
f 8969 8963 8962
f 8967 8968 8961
f 8968 8962 8961
f 8966 8967 8960
f 8967 8961 8960
f 8965 8966 8959
f 8966 8960 8959
f 8959 8679 8688
f 8965 8959 8688
f 8682 8680 8964
f 8964 8958 8963
f 8964 8673 8958
f 8680 8673 8964
f 8962 8963 8957
f 8963 8958 8957
f 8961 8962 8956
f 8962 8957 8956
f 8960 8961 8955
f 8961 8956 8955
f 8959 8960 8954
f 8960 8955 8954
f 8954 8670 8679
f 8959 8954 8679
f 8673 8671 8958
f 8958 8953 8957
f 8958 8664 8953
f 8671 8664 8958
f 8956 8957 8952
f 8957 8953 8952
f 8955 8956 8951
f 8956 8952 8951
f 8954 8955 8950
f 8955 8951 8950
f 8950 8660 8670
f 8954 8950 8670
f 8664 8662 8953
f 8953 8949 8952
f 8953 8653 8949
f 8662 8653 8953
f 8951 8952 8948
f 8952 8949 8948
f 8948 8950 8951
f 8948 8661 8950
f 8651 8661 8948
f 8950 8661 8660
f 8646 8947 8949
f 8653 8646 8949
f 8948 8949 8946
f 8949 8947 8946
f 8946 8642 8651
f 8948 8946 8651
f 8646 8644 8947
f 8643 8946 8947
f 8644 8643 8947
f 8946 8643 8642
f 8545 8535 8945
f 8945 8533 8545
f 8539 8525 8944
f 8539 8944 8943
f 8537 8539 8943
f 8537 8943 8942
f 8536 8537 8942
f 8945 8942 8941
f 8945 8536 8942
f 8535 8536 8945
f 8940 8945 8941
f 8940 8533 8945
f 8531 8533 8940
f 8531 8940 8939
f 8529 8531 8939
f 8939 8523 8529
f 8526 8517 8938
f 8944 8938 8937
f 8944 8526 8938
f 8525 8526 8944
f 8943 8944 8935
f 8944 8937 8935
f 8942 8943 8933
f 8943 8935 8933
f 8941 8942 8931
f 8942 8933 8931
f 8940 8941 8929
f 8941 8931 8929
f 8939 8940 8927
f 8940 8929 8927
f 8927 8515 8523
f 8939 8927 8523
f 8519 8507 8925
f 8519 8925 8924
f 8518 8519 8924
f 8938 8924 8920
f 8938 8518 8924
f 8517 8518 8938
f 8938 8920 8937
f 8920 8921 8937
f 8937 8921 8936
f 8936 8934 8935
f 8936 8935 8937
f 8934 8932 8933
f 8934 8933 8935
f 8932 8930 8931
f 8932 8931 8933
f 8930 8928 8929
f 8930 8929 8931
f 8928 8926 8927
f 8928 8927 8929
f 8918 8513 8919
f 8919 8513 8926
f 8926 8513 8515
f 8926 8515 8927
f 8918 8505 8513
f 8509 8500 8917
f 8509 8917 8916
f 8508 8509 8916
f 8925 8916 8912
f 8925 8508 8916
f 8507 8508 8925
f 8925 8912 8924
f 8912 8913 8924
f 8924 8913 8923
f 8923 8922 8920
f 8923 8920 8924
f 8921 8920 8922
f 8910 8918 8919
f 8910 8919 8911
f 8910 8498 8505
f 8918 8910 8505
f 8502 8491 8908
f 8502 8908 8907
f 8501 8502 8907
f 8917 8907 8904
f 8917 8501 8907
f 8500 8501 8917
f 8917 8904 8916
f 8904 8905 8916
f 8916 8905 8915
f 8915 8914 8912
f 8915 8912 8916
f 8913 8912 8914
f 8911 8909 8910
f 8902 8496 8903
f 8903 8496 8909
f 8909 8496 8498
f 8909 8498 8910
f 8902 8489 8496
f 8492 8482 8901
f 8908 8901 8900
f 8908 8492 8901
f 8491 8492 8908
f 8907 8908 8897
f 8908 8900 8897
f 8907 8897 8904
f 8897 8898 8904
f 8904 8898 8906
f 8905 8904 8906
f 8895 8902 8903
f 8895 8903 8896
f 8895 8480 8489
f 8902 8895 8489
f 8484 8475 8893
f 8484 8893 8892
f 8483 8484 8892
f 8901 8892 8891
f 8901 8483 8892
f 8482 8483 8901
f 8900 8901 8888
f 8901 8891 8888
f 8900 8888 8897
f 8888 8889 8897
f 8897 8889 8899
f 8898 8897 8899
f 8896 8894 8895
f 8480 8887 8473
f 8480 8894 8887
f 8895 8894 8480
f 8477 8471 8886
f 8477 8886 8885
f 8476 8477 8885
f 8893 8885 8884
f 8893 8476 8885
f 8475 8476 8893
f 8892 8893 8882
f 8893 8884 8882
f 8891 8892 8878
f 8892 8882 8878
f 8891 8878 8888
f 8878 8879 8888
f 8888 8879 8890
f 8889 8888 8890
f 8887 8877 8473
f 8877 8469 8473
f 8472 8468 8876
f 8886 8876 8875
f 8886 8472 8876
f 8471 8472 8886
f 8885 8886 8871
f 8886 8875 8871
f 8885 8871 8884
f 8871 8872 8884
f 8884 8872 8883
f 8883 8881 8882
f 8883 8882 8884
f 8881 8880 8878
f 8881 8878 8882
f 8879 8878 8880
f 8877 8870 8469
f 8870 8466 8469
f 8464 8867 8876
f 8468 8464 8876
f 8876 8867 8875
f 8867 8868 8875
f 8875 8868 8874
f 8874 8873 8871
f 8874 8871 8875
f 8872 8871 8873
f 8870 8866 8466
f 8866 8462 8466
f 8465 8460 8864
f 8465 8864 8464
f 8464 8864 8867
f 8867 8864 8865
f 8867 8865 8869
f 8868 8867 8869
f 8866 8863 8462
f 8863 8862 8462
f 8462 8862 8461
f 8862 8459 8461
f 8458 8859 8864
f 8460 8458 8864
f 8860 8865 8864
f 8860 8864 8859
f 8857 8862 8863
f 8857 8863 8858
f 8857 8457 8459
f 8862 8857 8459
f 8855 8458 8455
f 8855 8859 8458
f 8861 8859 8855
f 8860 8859 8861
f 8858 8856 8857
f 8457 8854 8453
f 8457 8856 8854
f 8857 8856 8457
f 8456 8452 8852
f 8855 8455 8853
f 8455 8456 8853
f 8853 8456 8852
f 8854 8851 8453
f 8851 8451 8453
f 8449 8848 8852
f 8452 8449 8852
f 8849 8853 8852
f 8849 8852 8848
f 8851 8847 8451
f 8847 8448 8451
f 8846 8449 8446
f 8846 8848 8449
f 8850 8848 8846
f 8849 8848 8850
f 8847 8845 8448
f 8845 8445 8448
f 8446 8844 8846
f 8446 8443 8844
f 8845 8843 8445
f 8843 8442 8445
f 8443 8842 8844
f 8443 8439 8842
f 8840 8438 8441
f 8841 8442 8843
f 8841 8441 8442
f 8840 8441 8841
f 8439 8839 8842
f 8439 8437 8839
f 8840 8837 8436
f 8840 8436 8438
f 8840 8841 8838
f 8837 8840 8838
f 8437 8836 8839
f 8437 8435 8836
f 8837 8833 8434
f 8837 8434 8436
f 8837 8838 8835
f 8833 8837 8835
f 8435 8832 8836
f 8435 8433 8832
f 8432 8434 8831
f 8434 8833 8831
f 8831 8833 8834
f 8834 8833 8835
f 8433 8830 8832
f 8433 8430 8830
f 8831 8829 8432
f 8829 8429 8432
f 8430 8828 8830
f 8430 8427 8828
f 8829 8827 8429
f 8827 8425 8429
f 8427 8826 8828
f 8427 8422 8826
f 8824 8421 8424
f 8825 8425 8827
f 8825 8424 8425
f 8824 8424 8825
f 8422 8823 8826
f 8422 8419 8823
f 8824 8820 8416
f 8824 8416 8421
f 8824 8825 8822
f 8820 8824 8822
f 8419 8819 8823
f 8419 8413 8819
f 8817 8410 8415
f 8416 8817 8415
f 8820 8817 8416
f 8818 8817 8820
f 8821 8818 8820
f 8821 8820 8822
f 8413 8816 8819
f 8413 8408 8816
f 8817 8813 8403
f 8817 8403 8410
f 8817 8818 8815
f 8813 8817 8815
f 8408 8812 8816
f 8408 8811 8812
f 8406 8811 8408
f 8406 8400 8811
f 8809 8397 8402
f 8403 8809 8402
f 8813 8809 8403
f 8810 8809 8813
f 8814 8810 8813
f 8814 8813 8815
f 8812 8811 8807
f 8808 8812 8807
f 8400 8394 8807
f 8400 8807 8811
f 8805 8391 8396
f 8802 8805 8809
f 8805 8396 8809
f 8809 8396 8397
f 8809 8810 8804
f 8802 8809 8804
f 8807 8806 8808
f 8388 8801 8394
f 8801 8806 8394
f 8394 8806 8807
f 8800 8381 8390
f 8797 8800 8805
f 8800 8390 8805
f 8805 8390 8391
f 8802 8797 8805
f 8802 8799 8797
f 8803 8799 8802
f 8803 8802 8804
f 8388 8796 8801
f 8388 8795 8796
f 8387 8795 8388
f 8387 8378 8795
f 8794 8372 8383
f 8793 8794 8383
f 8793 8383 8380
f 8790 8793 8800
f 8793 8380 8800
f 8800 8380 8381
f 8797 8790 8800
f 8797 8792 8790
f 8798 8792 8797
f 8798 8797 8799
f 8796 8795 8788
f 8789 8796 8788
f 8378 8369 8788
f 8378 8788 8795
f 8787 8362 8374
f 8786 8787 8374
f 8786 8374 8371
f 8785 8786 8794
f 8786 8371 8794
f 8794 8371 8372
f 8782 8794 8793
f 8782 8785 8794
f 8790 8782 8793
f 8790 8784 8782
f 8791 8784 8790
f 8791 8790 8792
f 8789 8788 8779
f 8781 8789 8779
f 8369 8359 8779
f 8369 8779 8788
f 8778 8349 8361
f 8777 8778 8787
f 8778 8361 8787
f 8787 8361 8362
f 8775 8787 8786
f 8775 8777 8787
f 8772 8786 8785
f 8772 8775 8786
f 8782 8772 8785
f 8782 8774 8772
f 8783 8774 8782
f 8783 8782 8784
f 8779 8780 8781
f 8771 8357 8770
f 8780 8357 8771
f 8359 8357 8780
f 8779 8359 8780
f 8357 8346 8770
f 8769 8337 8351
f 8768 8769 8351
f 8768 8351 8348
f 8767 8768 8778
f 8768 8348 8778
f 8778 8348 8349
f 8764 8778 8777
f 8764 8767 8778
f 8775 8764 8777
f 8775 8766 8764
f 8776 8766 8775
f 8772 8773 8776
f 8775 8772 8776
f 8773 8772 8774
f 8771 8770 8762
f 8763 8771 8762
f 8762 8770 8760
f 8770 8346 8760
f 8760 8346 8344
f 8344 8334 8760
f 8759 8327 8336
f 8758 8759 8769
f 8759 8336 8769
f 8769 8336 8337
f 8756 8769 8768
f 8756 8758 8769
f 8753 8768 8767
f 8753 8756 8768
f 8764 8753 8767
f 8764 8755 8753
f 8765 8755 8764
f 8765 8764 8766
f 8762 8761 8763
f 8751 8762 8760
f 8751 8761 8762
f 8752 8761 8751
f 8334 8324 8751
f 8334 8751 8760
f 8750 8317 8329
f 8749 8750 8329
f 8749 8329 8326
f 8748 8749 8759
f 8749 8326 8759
f 8759 8326 8327
f 8745 8759 8758
f 8745 8748 8759
f 8756 8745 8758
f 8756 8747 8745
f 8757 8747 8756
f 8753 8754 8757
f 8756 8753 8757
f 8754 8753 8755
f 8752 8751 8743
f 8744 8752 8743
f 8743 8751 8741
f 8751 8324 8741
f 8741 8324 8323
f 8740 8741 8323
f 8740 8323 8321
f 8739 8740 8321
f 8739 8321 8319
f 8738 8739 8319
f 8738 8319 8316
f 8736 8738 8750
f 8738 8316 8750
f 8750 8316 8317
f 8734 8750 8749
f 8734 8736 8750
f 8731 8749 8748
f 8731 8734 8749
f 8745 8731 8748
f 8745 8733 8731
f 8746 8733 8745
f 8746 8745 8747
f 8743 8742 8744
f 8729 8743 8741
f 8729 8742 8743
f 8730 8742 8729
f 8727 8741 8740
f 8727 8729 8741
f 8726 8740 8739
f 8726 8727 8740
f 8723 8739 8738
f 8723 8726 8739
f 8736 8723 8738
f 8736 8725 8723
f 8737 8725 8736
f 8734 8735 8737
f 8736 8734 8737
f 8731 8732 8735
f 8734 8731 8735
f 8732 8731 8733
f 8729 8728 8730
f 8720 8729 8727
f 8720 8728 8729
f 8722 8728 8720
f 8717 8727 8726
f 8717 8720 8727
f 8723 8717 8726
f 8723 8719 8717
f 8724 8719 8723
f 8724 8723 8725
f 8720 8721 8722
f 8717 8718 8721
f 8720 8717 8721
f 8718 8717 8719
f 8314 8307 8716
f 8314 8716 8714
f 8313 8314 8714
f 8313 8714 8712
f 8312 8313 8712
f 8712 8305 8312
f 8311 8298 8711
f 8311 8711 8710
f 8309 8311 8710
f 8309 8710 8706
f 8308 8309 8706
f 8308 8706 8307
f 8307 8706 8716
f 8716 8706 8707
f 8716 8707 8715
f 8715 8713 8714
f 8715 8714 8716
f 8712 8714 8704
f 8714 8713 8704
f 8704 8713 8705
f 8702 8712 8704
f 8702 8305 8712
f 8303 8305 8702
f 8702 8296 8303
f 8300 8289 8701
f 8300 8701 8700
f 8299 8300 8700
f 8711 8700 8698
f 8711 8299 8700
f 8298 8299 8711
f 8711 8698 8710
f 8698 8699 8710
f 8710 8699 8709
f 8709 8708 8706
f 8709 8706 8710
f 8707 8706 8708
f 8705 8703 8704
f 8702 8704 8696
f 8704 8703 8696
f 8696 8703 8697
f 8696 8287 8296
f 8702 8696 8296
f 8291 8282 8695
f 8291 8695 8694
f 8290 8291 8694
f 8701 8694 8693
f 8701 8290 8694
f 8289 8290 8701
f 8700 8701 8692
f 8701 8693 8692
f 8698 8700 8689
f 8700 8692 8689
f 8690 8699 8698
f 8690 8698 8689
f 8687 8696 8697
f 8687 8697 8688
f 8687 8280 8287
f 8696 8687 8287
f 8283 8276 8686
f 8695 8686 8685
f 8695 8283 8686
f 8282 8283 8695
f 8694 8695 8684
f 8695 8685 8684
f 8693 8694 8683
f 8694 8684 8683
f 8692 8693 8681
f 8693 8683 8681
f 8692 8681 8689
f 8681 8682 8689
f 8689 8682 8691
f 8690 8689 8691
f 8678 8687 8688
f 8678 8688 8679
f 8678 8273 8280
f 8687 8678 8280
f 8276 8274 8686
f 8686 8677 8685
f 8686 8268 8677
f 8274 8268 8686
f 8684 8685 8676
f 8685 8677 8676
f 8683 8684 8675
f 8684 8676 8675
f 8681 8683 8674
f 8683 8675 8674
f 8674 8672 8681
f 8672 8680 8681
f 8681 8680 8682
f 8680 8672 8673
f 8669 8678 8679
f 8669 8679 8670
f 8669 8265 8273
f 8678 8669 8273
f 8268 8266 8677
f 8677 8668 8676
f 8677 8260 8668
f 8266 8260 8677
f 8675 8676 8667
f 8676 8668 8667
f 8674 8675 8666
f 8675 8667 8666
f 8672 8674 8665
f 8674 8666 8665
f 8665 8663 8672
f 8663 8671 8672
f 8672 8671 8673
f 8671 8663 8664
f 8659 8669 8670
f 8659 8670 8660
f 8659 8258 8265
f 8669 8659 8265
f 8253 8658 8668
f 8260 8253 8668
f 8667 8668 8657
f 8668 8658 8657
f 8666 8667 8656
f 8667 8657 8656
f 8665 8666 8655
f 8666 8656 8655
f 8663 8665 8654
f 8665 8655 8654
f 8654 8652 8663
f 8652 8662 8663
f 8663 8662 8664
f 8662 8652 8653
f 8661 8651 8650
f 8649 8659 8650
f 8659 8660 8650
f 8650 8660 8661
f 8649 8248 8258
f 8659 8649 8258
f 8253 8251 8658
f 8250 8657 8658
f 8251 8250 8658
f 8249 8656 8657
f 8250 8249 8657
f 8656 8648 8655
f 8656 8239 8648
f 8249 8239 8656
f 8654 8655 8647
f 8655 8648 8647
f 8652 8654 8645
f 8654 8647 8645
f 8646 8653 8652
f 8646 8652 8645
f 8641 8650 8651
f 8641 8651 8642
f 8649 8650 8640
f 8650 8641 8640
f 8639 8649 8640
f 8639 8248 8649
f 8246 8248 8639
f 8639 8237 8246
f 8230 8638 8648
f 8239 8230 8648
f 8647 8648 8637
f 8648 8638 8637
f 8645 8647 8636
f 8647 8637 8636
f 8636 8635 8645
f 8635 8644 8645
f 8645 8644 8646
f 8643 8644 8635
f 8643 8635 8634
f 8633 8641 8634
f 8641 8642 8634
f 8634 8642 8643
f 8640 8641 8632
f 8641 8633 8632
f 8632 8639 8640
f 8632 8236 8639
f 8227 8236 8632
f 8639 8236 8237
f 8230 8228 8638
f 8638 8631 8637
f 8638 8216 8631
f 8228 8216 8638
f 8636 8637 8630
f 8637 8631 8630
f 8635 8636 8629
f 8636 8630 8629
f 8634 8635 8628
f 8635 8629 8628
f 8633 8634 8627
f 8634 8628 8627
f 8632 8633 8626
f 8633 8627 8626
f 8625 8632 8626
f 8625 8227 8632
f 8225 8227 8625
f 8625 8214 8225
f 8217 8204 8624
f 8631 8624 8623
f 8631 8217 8624
f 8216 8217 8631
f 8630 8631 8622
f 8631 8623 8622
f 8629 8630 8621
f 8630 8622 8621
f 8628 8629 8620
f 8629 8621 8620
f 8627 8628 8619
f 8628 8620 8619
f 8626 8627 8618
f 8627 8619 8618
f 8625 8626 8617
f 8626 8618 8617
f 8617 8202 8214
f 8625 8617 8214
f 8211 8200 8616
f 8211 8616 8615
f 8209 8211 8615
f 8615 8198 8209
f 8194 8614 8624
f 8204 8194 8624
f 8623 8624 8613
f 8624 8614 8613
f 8622 8623 8612
f 8623 8613 8612
f 8621 8622 8611
f 8622 8612 8611
f 8620 8621 8610
f 8621 8611 8610
f 8619 8620 8609
f 8620 8610 8609
f 8618 8619 8608
f 8619 8609 8608
f 8617 8618 8607
f 8618 8608 8607
f 8606 8617 8607
f 8606 8202 8617
f 8201 8202 8606
f 8616 8606 8605
f 8616 8201 8606
f 8200 8201 8616
f 8615 8616 8604
f 8616 8605 8604
f 8604 8191 8198
f 8615 8604 8198
f 8194 8192 8614
f 8614 8603 8613
f 8614 8186 8603
f 8192 8186 8614
f 8612 8613 8602
f 8613 8603 8602
f 8611 8612 8601
f 8612 8602 8601
f 8610 8611 8600
f 8611 8601 8600
f 8609 8610 8599
f 8610 8600 8599
f 8608 8609 8598
f 8609 8599 8598
f 8607 8608 8597
f 8608 8598 8597
f 8606 8607 8596
f 8607 8597 8596
f 8605 8606 8595
f 8606 8596 8595
f 8604 8605 8594
f 8605 8595 8594
f 8594 8184 8191
f 8604 8594 8191
f 8179 8593 8603
f 8186 8179 8603
f 8602 8603 8592
f 8603 8593 8592
f 8601 8602 8591
f 8602 8592 8591
f 8600 8601 8590
f 8601 8591 8590
f 8599 8600 8589
f 8600 8590 8589
f 8598 8599 8588
f 8599 8589 8588
f 8597 8598 8587
f 8598 8588 8587
f 8596 8597 8586
f 8597 8587 8586
f 8595 8596 8585
f 8596 8586 8585
f 8585 8594 8595
f 8585 8183 8594
f 8176 8183 8585
f 8594 8183 8184
f 8179 8177 8593
f 8593 8584 8592
f 8593 8173 8584
f 8177 8173 8593
f 8591 8592 8583
f 8592 8584 8583
f 8590 8591 8582
f 8591 8583 8582
f 8589 8590 8581
f 8590 8582 8581
f 8588 8589 8580
f 8589 8581 8580
f 8587 8588 8579
f 8588 8580 8579
f 8586 8587 8578
f 8587 8579 8578
f 8585 8586 8577
f 8586 8578 8577
f 8577 8170 8176
f 8585 8577 8176
f 8173 8171 8584
f 8584 8576 8583
f 8584 8166 8576
f 8171 8166 8584
f 8582 8583 8575
f 8583 8576 8575
f 8581 8582 8574
f 8582 8575 8574
f 8580 8581 8573
f 8581 8574 8573
f 8579 8580 8572
f 8580 8573 8572
f 8578 8579 8571
f 8579 8572 8571
f 8577 8578 8570
f 8578 8571 8570
f 8570 8163 8170
f 8577 8570 8170
f 8159 8569 8576
f 8166 8159 8576
f 8575 8576 8568
f 8576 8569 8568
f 8574 8575 8567
f 8575 8568 8567
f 8573 8574 8566
f 8574 8567 8566
f 8572 8573 8565
f 8573 8566 8565
f 8565 8571 8572
f 8565 8164 8571
f 8157 8164 8565
f 8162 8570 8571
f 8164 8162 8571
f 8570 8162 8163
f 8152 8564 8569
f 8159 8152 8569
f 8568 8569 8563
f 8569 8564 8563
f 8567 8568 8562
f 8568 8563 8562
f 8566 8567 8561
f 8567 8562 8561
f 8565 8566 8560
f 8566 8561 8560
f 8560 8148 8157
f 8565 8560 8157
f 8152 8150 8564
f 8564 8559 8563
f 8564 8142 8559
f 8150 8142 8564
f 8562 8563 8558
f 8563 8559 8558
f 8561 8562 8557
f 8562 8558 8557
f 8557 8560 8561
f 8557 8149 8560
f 8137 8149 8557
f 8560 8149 8148
f 8142 8140 8559
f 8139 8558 8559
f 8140 8139 8559
f 8138 8557 8558
f 8139 8138 8558
f 8557 8138 8137
f 8075 8065 8556
f 8075 8556 8555
f 8073 8075 8555
f 8555 8063 8073
f 8067 8057 8554
f 8067 8554 8553
f 8066 8067 8553
f 8556 8553 8552
f 8556 8066 8553
f 8065 8066 8556
f 8555 8556 8551
f 8556 8552 8551
f 8550 8555 8551
f 8550 8063 8555
f 8061 8063 8550
f 8550 8055 8061
f 8058 8049 8549
f 8554 8549 8548
f 8554 8058 8549
f 8057 8058 8554
f 8553 8554 8547
f 8554 8548 8547
f 8552 8553 8546
f 8553 8547 8546
f 8551 8552 8544
f 8552 8546 8544
f 8550 8551 8543
f 8551 8544 8543
f 8543 8047 8055
f 8550 8543 8055
f 8051 8043 8542
f 8051 8542 8541
f 8050 8051 8541
f 8549 8541 8540
f 8549 8050 8541
f 8049 8050 8549
f 8548 8549 8538
f 8549 8540 8538
f 8547 8548 8534
f 8548 8538 8534
f 8547 8534 8546
f 8534 8535 8546
f 8546 8535 8545
f 8544 8546 8532
f 8546 8545 8532
f 8532 8545 8533
f 8543 8544 8530
f 8544 8532 8530
f 8530 8041 8047
f 8543 8530 8047
f 8044 8034 8528
f 8542 8528 8527
f 8542 8044 8528
f 8043 8044 8542
f 8541 8542 8524
f 8542 8527 8524
f 8541 8524 8540
f 8524 8525 8540
f 8540 8525 8539
f 8539 8537 8538
f 8539 8538 8540
f 8537 8536 8534
f 8537 8534 8538
f 8535 8534 8536
f 8533 8531 8532
f 8531 8529 8530
f 8531 8530 8532
f 8522 8039 8523
f 8523 8039 8529
f 8529 8039 8041
f 8529 8041 8530
f 8522 8032 8039
f 8035 8025 8521
f 8528 8521 8520
f 8528 8035 8521
f 8034 8035 8528
f 8527 8528 8516
f 8528 8520 8516
f 8527 8516 8524
f 8516 8517 8524
f 8524 8517 8526
f 8525 8524 8526
f 8514 8522 8523
f 8514 8523 8515
f 8514 8023 8032
f 8522 8514 8032
f 8029 8018 8512
f 8029 8512 8511
f 8027 8029 8511
f 8027 8511 8510
f 8026 8027 8510
f 8521 8510 8506
f 8521 8026 8510
f 8025 8026 8521
f 8521 8506 8520
f 8506 8507 8520
f 8520 8507 8519
f 8519 8518 8516
f 8519 8516 8520
f 8517 8516 8518
f 8515 8513 8514
f 8023 8505 8016
f 8023 8513 8505
f 8514 8513 8023
f 8019 8006 8504
f 8512 8504 8503
f 8512 8019 8504
f 8018 8019 8512
f 8511 8512 8499
f 8512 8503 8499
f 8511 8499 8510
f 8499 8500 8510
f 8510 8500 8509
f 8509 8508 8506
f 8509 8506 8510
f 8507 8506 8508
f 8505 8498 8016
f 8498 8497 8016
f 8016 8497 8014
f 8497 8004 8014
f 8010 8000 8495
f 8010 8495 8494
f 8008 8010 8494
f 8008 8494 8493
f 8007 8008 8493
f 8504 8493 8490
f 8504 8007 8493
f 8006 8007 8504
f 8504 8490 8503
f 8490 8491 8503
f 8503 8491 8502
f 8502 8501 8499
f 8502 8499 8503
f 8500 8499 8501
f 8498 8496 8497
f 8004 8489 7998
f 8004 8496 8489
f 8497 8496 8004
f 8002 7997 8488
f 8002 8488 8487
f 8001 8002 8487
f 8495 8487 8486
f 8495 8001 8487
f 8000 8001 8495
f 8494 8495 8485
f 8495 8486 8485
f 8493 8494 8481
f 8494 8485 8481
f 8493 8481 8490
f 8481 8482 8490
f 8490 8482 8492
f 8491 8490 8492
f 8489 8480 7998
f 8480 7995 7998
f 7994 8479 8488
f 7997 7994 8488
f 8487 8488 8478
f 8488 8479 8478
f 8486 8487 8474
f 8487 8478 8474
f 8486 8474 8485
f 8474 8475 8485
f 8485 8475 8484
f 8484 8483 8481
f 8484 8481 8485
f 8482 8481 8483
f 8480 8473 7995
f 8473 7992 7995
f 7990 8470 8479
f 7994 7990 8479
f 8479 8470 8478
f 8470 8471 8478
f 8478 8471 8477
f 8477 8476 8474
f 8477 8474 8478
f 8475 8474 8476
f 8473 8469 7992
f 8469 7988 7992
f 7991 7987 8467
f 7991 8467 7990
f 7990 8467 8470
f 8470 8467 8468
f 8470 8468 8472
f 8471 8470 8472
f 8469 8466 7988
f 8466 7986 7988
f 7985 8463 8467
f 7987 7985 8467
f 8464 8468 8467
f 8464 8467 8463
f 8466 8462 7986
f 8462 7984 7986
f 8460 7985 7981
f 8460 8463 7985
f 8465 8463 8460
f 8464 8463 8465
f 7984 8462 8461
f 7984 8461 7982
f 7979 7982 8461
f 8459 7979 8461
f 7981 8458 8460
f 7981 7977 8458
f 8459 8457 7979
f 8457 7975 7979
f 7978 7974 8454
f 8458 7977 8455
f 7977 7978 8455
f 8455 7978 8454
f 8457 8453 7975
f 8453 7973 7975
f 8452 7974 7970
f 8452 8454 7974
f 8456 8454 8452
f 8455 8454 8456
f 8450 7969 7972
f 8451 7973 8453
f 8451 7972 7973
f 8450 7972 8451
f 7970 8449 8452
f 7970 7968 8449
f 8450 8447 7967
f 8450 7967 7969
f 8450 8451 8448
f 8447 8450 8448
f 7968 8446 8449
f 7968 7966 8446
f 8447 8444 7965
f 8447 7965 7967
f 8447 8448 8445
f 8444 8447 8445
f 7966 8443 8446
f 7966 7964 8443
f 8444 8440 7963
f 8444 7963 7965
f 8444 8445 8442
f 8440 8444 8442
f 7964 8439 8443
f 7964 7962 8439
f 7961 7963 8438
f 7963 8440 8438
f 8438 8440 8441
f 8441 8440 8442
f 7962 8437 8439
f 7962 7960 8437
f 8438 8436 7961
f 8436 7959 7961
f 7960 8435 8437
f 7960 7957 8435
f 8436 8434 7959
f 8434 7956 7959
f 7957 8433 8435
f 7957 7953 8433
f 8431 7951 7955
f 8432 7956 8434
f 8432 7955 7956
f 8431 7955 8432
f 7953 8430 8433
f 7953 7949 8430
f 8431 8428 7946
f 8431 7946 7951
f 8431 8432 8429
f 8428 8431 8429
f 7949 8427 8430
f 7949 7943 8427
f 8426 7940 7945
f 8423 8426 8428
f 8426 7945 8428
f 8428 7945 7946
f 8428 8429 8425
f 8423 8428 8425
f 7943 8422 8427
f 7943 7938 8422
f 8426 8420 7934
f 8426 7934 7940
f 8423 8420 8426
f 8423 8421 8420
f 8424 8421 8423
f 8424 8423 8425
f 7938 8419 8422
f 7938 8418 8419
f 7936 8418 7938
f 7936 7931 8418
f 8417 7929 7933
f 8414 8417 8420
f 8417 7933 8420
f 8420 7933 7934
f 8420 8421 8416
f 8414 8420 8416
f 8419 8418 8412
f 8413 8419 8412
f 7931 7926 8412
f 7931 8412 8418
f 8411 7922 7928
f 8409 8411 8417
f 8411 7928 8417
f 8417 7928 7929
f 8414 8409 8417
f 8414 8410 8409
f 8415 8410 8414
f 8415 8414 8416
f 8413 8412 8407
f 8408 8413 8407
f 7926 7919 8407
f 7926 8407 8412
f 8405 7915 7921
f 8404 8405 8411
f 8405 7921 8411
f 8411 7921 7922
f 8401 8411 8409
f 8401 8404 8411
f 8409 8410 8403
f 8401 8409 8403
f 8407 8406 8408
f 7912 8400 7919
f 8400 8406 7919
f 7919 8406 8407
f 8399 7907 7914
f 8398 8399 8405
f 8399 7914 8405
f 8405 7914 7915
f 8395 8405 8404
f 8395 8398 8405
f 8401 8395 8404
f 8401 8397 8395
f 8402 8397 8401
f 8402 8401 8403
f 7912 8394 8400
f 7912 7904 8394
f 8393 7894 7906
f 8392 8393 8399
f 8393 7906 8399
f 8399 7906 7907
f 8389 8399 8398
f 8389 8392 8399
f 8395 8389 8398
f 8395 8391 8389
f 8396 8391 8395
f 8396 8395 8397
f 7904 8388 8394
f 7904 8386 8388
f 7902 8386 7904
f 7902 7891 8386
f 8385 7881 7896
f 8384 8385 7896
f 8384 7896 7893
f 8382 8384 8393
f 8384 7893 8393
f 8393 7893 7894
f 8379 8393 8392
f 8379 8382 8393
f 8389 8379 8392
f 8389 8381 8379
f 8390 8381 8389
f 8390 8389 8391
f 8386 8387 8388
f 8378 7889 8377
f 8387 7889 8378
f 7891 7889 8387
f 8386 7891 8387
f 7889 7878 8377
f 8376 7866 7883
f 8375 8376 7883
f 8375 7883 7880
f 8373 8375 8385
f 8375 7880 8385
f 8385 7880 7881
f 8370 8385 8384
f 8370 8373 8385
f 8382 8370 8384
f 8382 8372 8370
f 8383 8372 8382
f 8379 8380 8383
f 8382 8379 8383
f 8380 8379 8381
f 8378 8377 8368
f 8369 8378 8368
f 8368 8377 8367
f 8377 7878 8367
f 8367 7878 7876
f 7876 7863 8367
f 8366 7857 7870
f 8365 8366 7870
f 8365 7870 7868
f 8364 8365 7868
f 8364 7868 7865
f 8363 8364 8376
f 8364 7865 8376
f 8376 7865 7866
f 8360 8376 8375
f 8360 8363 8376
f 8373 8360 8375
f 8373 8362 8360
f 8374 8362 8373
f 8370 8371 8374
f 8373 8370 8374
f 8371 8370 8372
f 8369 8368 8358
f 8359 8369 8358
f 8356 8368 8367
f 8356 8358 8368
f 7863 7854 8356
f 7863 8356 8367
f 8355 7849 7859
f 8354 8355 7859
f 8354 7859 7856
f 8353 8354 8366
f 8354 7856 8366
f 8366 7856 7857
f 8352 8366 8365
f 8352 8353 8366
f 8350 8365 8364
f 8350 8352 8365
f 8347 8364 8363
f 8347 8350 8364
f 8360 8347 8363
f 8360 8349 8347
f 8361 8349 8360
f 8361 8360 8362
f 8358 8357 8359
f 8345 8358 8356
f 8345 8357 8358
f 8346 8357 8345
f 8345 8356 8343
f 8356 7854 8343
f 8343 7854 7853
f 8342 8343 7853
f 8342 7853 7851
f 8341 8342 7851
f 8341 7851 7848
f 8340 8341 8355
f 8341 7848 8355
f 8355 7848 7849
f 8339 8355 8354
f 8339 8340 8355
f 8338 8354 8353
f 8338 8339 8354
f 8335 8353 8352
f 8335 8338 8353
f 8350 8335 8352
f 8350 8337 8335
f 8351 8337 8350
f 8347 8348 8351
f 8350 8347 8351
f 8348 8347 8349
f 8345 8344 8346
f 8333 8345 8343
f 8333 8344 8345
f 8334 8344 8333
f 8332 8343 8342
f 8332 8333 8343
f 8331 8342 8341
f 8331 8332 8342
f 8330 8341 8340
f 8330 8331 8341
f 8328 8340 8339
f 8328 8330 8340
f 8325 8339 8338
f 8325 8328 8339
f 8335 8325 8338
f 8335 8327 8325
f 8336 8327 8335
f 8336 8335 8337
f 8334 8333 8322
f 8324 8334 8322
f 8320 8333 8332
f 8320 8322 8333
f 8318 8332 8331
f 8318 8320 8332
f 8315 8331 8330
f 8315 8318 8331
f 8328 8315 8330
f 8328 8317 8315
f 8329 8317 8328
f 8325 8326 8329
f 8328 8325 8329
f 8326 8325 8327
f 8322 8323 8324
f 8320 8321 8323
f 8322 8320 8323
f 8318 8319 8321
f 8320 8318 8321
f 8315 8316 8319
f 8318 8315 8319
f 8316 8315 8317
f 7846 7832 8310
f 7846 8310 8306
f 7845 7846 8306
f 7845 8314 7843
f 7845 8307 8314
f 8306 8307 7845
f 8313 7841 8314
f 7841 7843 8314
f 8312 7839 8313
f 7839 7841 8313
f 8312 7838 7839
f 8312 8304 7838
f 8305 8304 8312
f 8304 7830 7838
f 7837 7821 8302
f 7837 8302 8301
f 7836 7837 8301
f 7836 8301 8297
f 7834 7836 8297
f 7834 8311 7833
f 7834 8298 8311
f 8297 8298 7834
f 8311 8309 7833
f 8309 8310 7833
f 7833 8310 7832
f 8309 8308 8306
f 8309 8306 8310
f 8307 8306 8308
f 8305 8303 8304
f 8295 7828 8296
f 8296 7828 8303
f 8303 7828 7830
f 8303 7830 8304
f 8295 7819 7828
f 7825 7815 8294
f 7825 8294 8293
f 7823 7825 8293
f 7823 8293 8292
f 7822 7823 8292
f 8302 8292 8288
f 8302 7822 8292
f 7821 7822 8302
f 8302 8288 8301
f 8288 8289 8301
f 8301 8289 8300
f 8300 8299 8297
f 8300 8297 8301
f 8298 8297 8299
f 8286 8295 8296
f 8286 8296 8287
f 8286 7813 7819
f 8295 8286 7819
f 7816 7809 8285
f 8294 8285 8284
f 8294 7816 8285
f 7815 7816 8294
f 8293 8294 8281
f 8294 8284 8281
f 8293 8281 8292
f 8281 8282 8292
f 8292 8282 8291
f 8291 8290 8288
f 8291 8288 8292
f 8289 8288 8290
f 8279 8286 8287
f 8279 8287 8280
f 8279 7807 7813
f 8286 8279 7813
f 7810 7803 8278
f 8285 8278 8277
f 8285 7810 8278
f 7809 7810 8285
f 8284 8285 8275
f 8285 8277 8275
f 8284 8275 8281
f 8275 8276 8281
f 8281 8276 8283
f 8282 8281 8283
f 8272 8279 8280
f 8272 8280 8273
f 8272 7801 7807
f 8279 8272 7807
f 7797 8271 8278
f 7803 7797 8278
f 8277 8278 8270
f 8278 8271 8270
f 8275 8277 8269
f 8277 8270 8269
f 8269 8267 8275
f 8267 8274 8275
f 8275 8274 8276
f 8274 8267 8268
f 8264 8272 8273
f 8264 8273 8265
f 8264 7794 7801
f 8272 8264 7801
f 7797 7795 8271
f 8271 8263 8270
f 8271 7789 8263
f 7795 7789 8271
f 8269 8270 8262
f 8270 8263 8262
f 8267 8269 8261
f 8269 8262 8261
f 8261 8259 8267
f 8259 8266 8267
f 8267 8266 8268
f 8266 8259 8260
f 8257 8264 8265
f 8257 8265 8258
f 8257 7787 7794
f 8264 8257 7794
f 7782 8256 8263
f 7789 7782 8263
f 8262 8263 8255
f 8263 8256 8255
f 8261 8262 8254
f 8262 8255 8254
f 8259 8261 8252
f 8261 8254 8252
f 8253 8260 8259
f 8253 8259 8252
f 8247 8257 8258
f 8247 8258 8248
f 8247 7780 7787
f 8257 8247 7787
f 7775 8245 8256
f 7782 7775 8256
f 8255 8256 8244
f 8256 8245 8244
f 8254 8255 8243
f 8255 8244 8243
f 8252 8254 8242
f 8254 8243 8242
f 8242 8241 8252
f 8241 8251 8252
f 8252 8251 8253
f 8250 8251 8241
f 8250 8241 8240
f 8249 8250 8240
f 8249 8240 8238
f 8249 8238 8239
f 8248 8246 8247
f 7780 8237 7772
f 7780 8246 8237
f 8247 8246 7780
f 7775 7773 8245
f 8245 8235 8244
f 8245 7766 8235
f 7773 7766 8245
f 8243 8244 8234
f 8244 8235 8234
f 8242 8243 8233
f 8243 8234 8233
f 8241 8242 8232
f 8242 8233 8232
f 8240 8241 8231
f 8241 8232 8231
f 8238 8240 8229
f 8240 8231 8229
f 8230 8239 8238
f 8230 8238 8229
f 8236 8227 8226
f 8224 7770 7772
f 8237 8236 7772
f 7772 8236 8224
f 8224 8236 8226
f 8224 7764 7770
f 7758 8223 8235
f 7766 7758 8235
f 8234 8235 8222
f 8235 8223 8222
f 8233 8234 8221
f 8234 8222 8221
f 8232 8233 8220
f 8233 8221 8220
f 8231 8232 8219
f 8232 8220 8219
f 8229 8231 8218
f 8231 8219 8218
f 8218 8215 8229
f 8215 8228 8229
f 8229 8228 8230
f 8228 8215 8216
f 8227 8225 8226
f 8224 8226 8213
f 8226 8225 8213
f 8213 8225 8214
f 8212 8224 8213
f 8212 7764 8224
f 7763 7764 8212
f 7763 8212 8210
f 7762 7763 8210
f 8210 7754 7762
f 7758 7756 8223
f 8223 8208 8222
f 8223 7749 8208
f 7756 7749 8223
f 8221 8222 8207
f 8222 8208 8207
f 8220 8221 8206
f 8221 8207 8206
f 8219 8220 8205
f 8220 8206 8205
f 8218 8219 8203
f 8219 8205 8203
f 8218 8203 8215
f 8203 8204 8215
f 8215 8204 8217
f 8216 8215 8217
f 8199 8213 8214
f 8199 8214 8202
f 8213 8199 8212
f 8199 8200 8212
f 8212 8200 8211
f 8211 8209 8210
f 8211 8210 8212
f 7754 8198 7746
f 7754 8209 8198
f 8210 8209 7754
f 7749 7747 8208
f 8208 8197 8207
f 8208 7740 8197
f 7747 7740 8208
f 8206 8207 8196
f 8207 8197 8196
f 8205 8206 8195
f 8206 8196 8195
f 8203 8205 8193
f 8205 8195 8193
f 8194 8204 8203
f 8194 8203 8193
f 8202 8201 8199
f 8200 8199 8201
f 8198 8191 7746
f 8191 7737 7746
f 7732 8190 8197
f 7740 7732 8197
f 8196 8197 8189
f 8197 8190 8189
f 8195 8196 8188
f 8196 8189 8188
f 8193 8195 8187
f 8195 8188 8187
f 8187 8185 8193
f 8185 8192 8193
f 8193 8192 8194
f 8192 8185 8186
f 8182 7728 7738
f 8184 7737 8191
f 8184 7738 7737
f 8182 7738 8184
f 7732 7730 8190
f 7729 8189 8190
f 7730 7729 8190
f 8189 8181 8188
f 8189 7722 8181
f 7729 7722 8189
f 8187 8188 8180
f 8188 8181 8180
f 8185 8187 8178
f 8187 8180 8178
f 8179 8186 8185
f 8179 8185 8178
f 7719 7728 8176
f 7728 8182 8176
f 8176 8182 8183
f 8183 8182 8184
f 7722 7720 8181
f 8181 8175 8180
f 8181 7712 8175
f 7720 7712 8181
f 8178 8180 8174
f 8180 8175 8174
f 8174 8172 8178
f 8172 8177 8178
f 8178 8177 8179
f 8177 8172 8173
f 8176 8170 7719
f 8170 7710 7719
f 7704 8169 8175
f 7712 7704 8175
f 8174 8175 8168
f 8175 8169 8168
f 8172 8174 8167
f 8174 8168 8167
f 8167 8165 8172
f 8165 8171 8172
f 8172 8171 8173
f 8171 8165 8166
f 8170 8163 7710
f 8163 7701 7710
f 7704 7702 8169
f 8169 8161 8168
f 8169 7694 8161
f 7702 7694 8169
f 8167 8168 8160
f 8168 8161 8160
f 8165 8167 8158
f 8167 8160 8158
f 8159 8166 8165
f 8159 8165 8158
f 8164 8157 8156
f 8162 8164 8156
f 8162 8156 8155
f 8163 7692 7701
f 8163 8155 7692
f 8162 8155 8163
f 7686 8154 8161
f 7694 7686 8161
f 8160 8161 8153
f 8161 8154 8153
f 8158 8160 8151
f 8160 8153 8151
f 8152 8159 8158
f 8152 8158 8151
f 8147 8156 8157
f 8147 8157 8148
f 8155 8156 8146
f 8156 8147 8146
f 8146 7684 7692
f 8155 8146 7692
f 7679 8145 8154
f 7686 7679 8154
f 8153 8154 8144
f 8154 8145 8144
f 8151 8153 8143
f 8153 8144 8143
f 8143 8141 8151
f 8141 8150 8151
f 8151 8150 8152
f 8150 8141 8142
f 8149 8137 8136
f 8135 8147 8136
f 8147 8148 8136
f 8136 8148 8149
f 8146 8147 8134
f 8147 8135 8134
f 8134 7676 7684
f 8146 8134 7684
f 7679 7677 8145
f 8145 8133 8144
f 8145 7669 8133
f 7677 7669 8145
f 8143 8144 8132
f 8144 8133 8132
f 8141 8143 8131
f 8143 8132 8131
f 8131 8130 8141
f 8130 8140 8141
f 8141 8140 8142
f 8139 8140 8130
f 8139 8130 8129
f 8138 8139 8129
f 8138 8129 8128
f 8127 8136 8128
f 8136 8137 8128
f 8128 8137 8138
f 8135 8136 8126
f 8136 8127 8126
f 8126 8134 8135
f 8126 7675 8134
f 7667 7675 8126
f 8134 7675 7676
f 7660 8125 8133
f 7669 7660 8133
f 8132 8133 8124
f 8133 8125 8124
f 8131 8132 8123
f 8132 8124 8123
f 8130 8131 8122
f 8131 8123 8122
f 8129 8130 8121
f 8130 8122 8121
f 8128 8129 8120
f 8129 8121 8120
f 8127 8128 8119
f 8128 8120 8119
f 8126 8127 8118
f 8127 8119 8118
f 8118 7656 7667
f 8126 8118 7667
f 7660 7658 8125
f 8125 8117 8124
f 8125 7650 8117
f 7658 7650 8125
f 8123 8124 8116
f 8124 8117 8116
f 8122 8123 8115
f 8123 8116 8115
f 8121 8122 8114
f 8122 8115 8114
f 8120 8121 8113
f 8121 8114 8113
f 8119 8120 8112
f 8120 8113 8112
f 8112 8118 8119
f 8112 7657 8118
f 7648 7657 8112
f 8118 7657 7656
f 7642 8111 8117
f 7650 7642 8117
f 8116 8117 8110
f 8117 8111 8110
f 8115 8116 8109
f 8116 8110 8109
f 8114 8115 8108
f 8115 8109 8108
f 8113 8114 8107
f 8114 8108 8107
f 8112 8113 8106
f 8113 8107 8106
f 8106 7639 7648
f 8112 8106 7648
f 7642 7640 8111
f 8111 8105 8110
f 8111 7632 8105
f 7640 7632 8111
f 8109 8110 8104
f 8110 8105 8104
f 8108 8109 8103
f 8109 8104 8103
f 8107 8108 8102
f 8108 8103 8102
f 8106 8107 8101
f 8107 8102 8101
f 8101 7630 7639
f 8106 8101 7639
f 7624 8100 8105
f 7632 7624 8105
f 8104 8105 8099
f 8105 8100 8099
f 8103 8104 8098
f 8104 8099 8098
f 8102 8103 8097
f 8103 8098 8097
f 8101 8102 8096
f 8102 8097 8096
f 8096 7621 7630
f 8101 8096 7630
f 7624 7622 8100
f 8100 8095 8099
f 8100 7615 8095
f 7622 7615 8100
f 8098 8099 8094
f 8099 8095 8094
f 8097 8098 8093
f 8098 8094 8093
f 8096 8097 8092
f 8097 8093 8092
f 8092 7613 7621
f 8096 8092 7621
f 7607 8091 8095
f 7615 7607 8095
f 8094 8095 8090
f 8095 8091 8090
f 8093 8094 8089
f 8094 8090 8089
f 8092 8093 8088
f 8093 8089 8088
f 8087 8092 8088
f 8087 7613 8092
f 7611 7613 8087
f 8087 7605 7611
f 7598 8086 8091
f 7607 7598 8091
f 8090 8091 8085
f 8091 8086 8085
f 8089 8090 8084
f 8090 8085 8084
f 8088 8089 8083
f 8089 8084 8083
f 8087 8088 8082
f 8088 8083 8082
f 8081 8087 8082
f 8081 7605 8087
f 7603 7605 8081
f 8081 7596 7603
f 7599 7591 8080
f 8086 8080 8079
f 8086 7599 8080
f 7598 7599 8086
f 8085 8086 8078
f 8086 8079 8078
f 8084 8085 8077
f 8085 8078 8077
f 8083 8084 8076
f 8084 8077 8076
f 8082 8083 8074
f 8083 8076 8074
f 8081 8082 8072
f 8082 8074 8072
f 8072 7589 7596
f 8081 8072 7596
f 7592 7586 8071
f 8080 8071 8070
f 8080 7592 8071
f 7591 7592 8080
f 8079 8080 8069
f 8080 8070 8069
f 8078 8079 8068
f 8079 8069 8068
f 8077 8078 8064
f 8078 8068 8064
f 8077 8064 8076
f 8064 8065 8076
f 8076 8065 8075
f 8075 8073 8074
f 8075 8074 8076
f 8072 8074 8062
f 8074 8073 8062
f 8062 8073 8063
f 8062 7584 7589
f 8072 8062 7589
f 7578 8060 8071
f 7586 7578 8071
f 8070 8071 8059
f 8071 8060 8059
f 8069 8070 8056
f 8070 8059 8056
f 8069 8056 8068
f 8056 8057 8068
f 8068 8057 8067
f 8067 8066 8064
f 8067 8064 8068
f 8065 8064 8066
f 8063 8061 8062
f 8054 7582 8055
f 8055 7582 8061
f 8061 7582 7584
f 8061 7584 8062
f 8054 7576 7582
f 7579 7571 8053
f 8060 8053 8052
f 8060 7579 8053
f 7578 7579 8060
f 8059 8060 8048
f 8060 8052 8048
f 8059 8048 8056
f 8048 8049 8056
f 8056 8049 8058
f 8057 8056 8058
f 8046 8054 8055
f 8046 8055 8047
f 8046 7569 7576
f 8054 8046 7576
f 7572 7560 8045
f 8053 8045 8042
f 8053 7572 8045
f 7571 7572 8053
f 8053 8042 8052
f 8042 8043 8052
f 8052 8043 8051
f 8051 8050 8048
f 8051 8048 8052
f 8049 8048 8050
f 8040 8046 8047
f 8040 8047 8041
f 8040 7558 7569
f 8046 8040 7569
f 7564 7553 8038
f 7564 8038 8037
f 7562 7564 8037
f 7562 8037 8036
f 7561 7562 8036
f 8045 8036 8033
f 8045 7561 8036
f 7560 7561 8045
f 8045 8033 8042
f 8033 8034 8042
f 8042 8034 8044
f 8043 8042 8044
f 8041 8039 8040
f 7558 8032 7551
f 7558 8039 8032
f 8040 8039 7558
f 7554 7542 8031
f 8038 8031 8030
f 8038 7554 8031
f 7553 7554 8038
f 8037 8038 8028
f 8038 8030 8028
f 8036 8037 8024
f 8037 8028 8024
f 8036 8024 8033
f 8024 8025 8033
f 8033 8025 8035
f 8034 8033 8035
f 8032 8023 7551
f 8023 8022 7551
f 7551 8022 7549
f 8022 7540 7549
f 7544 7534 8021
f 7544 8021 8020
f 7543 7544 8020
f 8031 8020 8017
f 8031 7543 8020
f 7542 7543 8031
f 8031 8017 8030
f 8017 8018 8030
f 8030 8018 8029
f 8029 8027 8028
f 8029 8028 8030
f 8027 8026 8024
f 8027 8024 8028
f 8025 8024 8026
f 8015 8022 8023
f 8015 8023 8016
f 8015 7532 7540
f 8022 8015 7540
f 7538 7531 8013
f 7538 8013 8012
f 7536 7538 8012
f 7536 8012 8011
f 7535 7536 8011
f 8021 8011 8009
f 8021 7535 8011
f 7534 7535 8021
f 8020 8021 8005
f 8021 8009 8005
f 8020 8005 8017
f 8005 8006 8017
f 8017 8006 8019
f 8018 8017 8019
f 8016 8014 8015
f 7532 8004 7529
f 7532 8014 8004
f 8015 8014 7532
f 7527 8003 8013
f 7531 7527 8013
f 8012 8013 7999
f 8013 8003 7999
f 8012 7999 8011
f 7999 8000 8011
f 8011 8000 8010
f 8010 8008 8009
f 8010 8009 8011
f 8008 8007 8005
f 8008 8005 8009
f 8006 8005 8007
f 8004 7998 7529
f 7998 7525 7529
f 7528 7524 7996
f 7528 7996 7527
f 7527 7996 8003
f 8003 7996 7997
f 8003 7997 8002
f 8002 8001 7999
f 8002 7999 8003
f 8000 7999 8001
f 7998 7995 7525
f 7995 7523 7525
f 7522 7993 7996
f 7524 7522 7996
f 7994 7997 7996
f 7994 7996 7993
f 7995 7992 7523
f 7992 7521 7523
f 7519 7989 7993
f 7522 7519 7993
f 7990 7994 7993
f 7990 7993 7989
f 7992 7988 7521
f 7988 7518 7521
f 7987 7519 7516
f 7987 7989 7519
f 7991 7989 7987
f 7990 7989 7991
f 7988 7986 7518
f 7986 7514 7518
f 7516 7985 7987
f 7516 7510 7985
f 7986 7984 7514
f 7984 7983 7514
f 7514 7983 7512
f 7983 7508 7512
f 7511 7507 7980
f 7985 7510 7981
f 7510 7511 7981
f 7981 7511 7980
f 7984 7982 7983
f 7508 7979 7506
f 7508 7982 7979
f 7983 7982 7508
f 7505 7976 7980
f 7507 7505 7980
f 7977 7981 7980
f 7977 7980 7976
f 7979 7975 7506
f 7975 7504 7506
f 7974 7505 7502
f 7974 7976 7505
f 7978 7976 7974
f 7977 7976 7978
f 7971 7501 7503
f 7973 7504 7975
f 7973 7503 7504
f 7971 7503 7973
f 7502 7970 7974
f 7502 7500 7970
f 7499 7501 7969
f 7501 7971 7969
f 7969 7971 7972
f 7972 7971 7973
f 7500 7968 7970
f 7500 7498 7968
f 7969 7967 7499
f 7967 7497 7499
f 7498 7966 7968
f 7498 7496 7966
f 7967 7965 7497
f 7965 7495 7497
f 7496 7964 7966
f 7496 7493 7964
f 7965 7963 7495
f 7963 7492 7495
f 7493 7962 7964
f 7493 7490 7962
f 7963 7961 7492
f 7961 7489 7492
f 7490 7960 7962
f 7490 7486 7960
f 7958 7484 7488
f 7959 7489 7961
f 7959 7488 7489
f 7958 7488 7959
f 7486 7957 7960
f 7486 7482 7957
f 7958 7954 7478
f 7958 7478 7484
f 7958 7959 7956
f 7954 7958 7956
f 7482 7953 7957
f 7482 7952 7953
f 7480 7952 7482
f 7480 7475 7952
f 7950 7473 7477
f 7478 7950 7477
f 7954 7950 7478
f 7951 7950 7954
f 7955 7951 7954
f 7955 7954 7956
f 7953 7952 7948
f 7949 7953 7948
f 7475 7470 7948
f 7475 7948 7952
f 7947 7468 7472
f 7944 7947 7950
f 7947 7472 7950
f 7950 7472 7473
f 7950 7951 7946
f 7944 7950 7946
f 7949 7948 7942
f 7943 7949 7942
f 7470 7465 7942
f 7470 7942 7948
f 7941 7463 7467
f 7939 7941 7947
f 7941 7467 7947
f 7947 7467 7468
f 7944 7939 7947
f 7944 7940 7939
f 7945 7940 7944
f 7945 7944 7946
f 7943 7942 7937
f 7938 7943 7937
f 7465 7461 7937
f 7465 7937 7942
f 7941 7935 7457
f 7941 7457 7463
f 7932 7941 7939
f 7932 7935 7941
f 7939 7940 7934
f 7932 7939 7934
f 7937 7936 7938
f 7454 7931 7461
f 7931 7936 7461
f 7461 7936 7937
f 7930 7447 7456
f 7927 7930 7935
f 7930 7456 7935
f 7935 7456 7457
f 7932 7927 7935
f 7932 7929 7927
f 7933 7929 7932
f 7933 7932 7934
f 7454 7926 7931
f 7454 7925 7926
f 7453 7925 7454
f 7453 7444 7925
f 7924 7439 7449
f 7923 7924 7449
f 7923 7449 7446
f 7920 7923 7930
f 7923 7446 7930
f 7930 7446 7447
f 7927 7920 7930
f 7927 7922 7920
f 7928 7922 7927
f 7928 7927 7929
f 7926 7925 7918
f 7919 7926 7918
f 7444 7436 7918
f 7444 7918 7925
f 7917 7428 7438
f 7916 7917 7924
f 7917 7438 7924
f 7924 7438 7439
f 7913 7924 7923
f 7913 7916 7924
f 7920 7913 7923
f 7920 7915 7913
f 7921 7915 7920
f 7921 7920 7922
f 7919 7918 7911
f 7912 7919 7911
f 7436 7425 7911
f 7436 7911 7918
f 7910 7414 7430
f 7909 7910 7430
f 7909 7430 7427
f 7908 7909 7917
f 7909 7427 7917
f 7917 7427 7428
f 7905 7917 7916
f 7905 7908 7917
f 7913 7905 7916
f 7913 7907 7905
f 7914 7907 7913
f 7914 7913 7915
f 7912 7911 7903
f 7904 7912 7903
f 7903 7911 7901
f 7911 7425 7901
f 7901 7425 7424
f 7900 7901 7424
f 7900 7424 7421
f 7421 7411 7900
f 7899 7402 7416
f 7898 7899 7416
f 7898 7416 7413
f 7897 7898 7910
f 7898 7413 7910
f 7910 7413 7414
f 7895 7910 7909
f 7895 7897 7910
f 7892 7909 7908
f 7892 7895 7909
f 7905 7892 7908
f 7905 7894 7892
f 7906 7894 7905
f 7906 7905 7907
f 7903 7902 7904
f 7890 7903 7901
f 7890 7902 7903
f 7891 7902 7890
f 7888 7901 7900
f 7888 7890 7901
f 7411 7399 7888
f 7411 7888 7900
f 7887 7392 7406
f 7886 7887 7406
f 7886 7406 7404
f 7885 7886 7404
f 7885 7404 7401
f 7884 7885 7899
f 7885 7401 7899
f 7899 7401 7402
f 7882 7899 7898
f 7882 7884 7899
f 7879 7898 7897
f 7879 7882 7898
f 7895 7879 7897
f 7895 7881 7879
f 7896 7881 7895
f 7892 7893 7896
f 7895 7892 7896
f 7893 7892 7894
f 7890 7889 7891
f 7877 7890 7888
f 7877 7889 7890
f 7878 7889 7877
f 7877 7888 7875
f 7888 7399 7875
f 7875 7399 7398
f 7874 7875 7398
f 7874 7398 7396
f 7873 7874 7396
f 7873 7396 7394
f 7872 7873 7394
f 7872 7394 7391
f 7871 7872 7887
f 7872 7391 7887
f 7887 7391 7392
f 7869 7887 7886
f 7869 7871 7887
f 7867 7886 7885
f 7867 7869 7886
f 7864 7885 7884
f 7864 7867 7885
f 7882 7864 7884
f 7882 7866 7864
f 7883 7866 7882
f 7879 7880 7883
f 7882 7879 7883
f 7880 7879 7881
f 7877 7876 7878
f 7862 7877 7875
f 7862 7876 7877
f 7863 7876 7862
f 7861 7875 7874
f 7861 7862 7875
f 7860 7874 7873
f 7860 7861 7874
f 7858 7873 7872
f 7858 7860 7873
f 7855 7872 7871
f 7855 7858 7872
f 7869 7855 7871
f 7869 7857 7855
f 7870 7857 7869
f 7867 7868 7870
f 7869 7867 7870
f 7864 7865 7868
f 7867 7864 7868
f 7865 7864 7866
f 7863 7862 7852
f 7854 7863 7852
f 7850 7862 7861
f 7850 7852 7862
f 7847 7861 7860
f 7847 7850 7861
f 7858 7847 7860
f 7858 7849 7847
f 7859 7849 7858
f 7855 7856 7859
f 7858 7855 7859
f 7856 7855 7857
f 7852 7853 7854
f 7850 7851 7853
f 7852 7850 7853
f 7847 7848 7851
f 7850 7847 7851
f 7848 7847 7849
f 7389 7382 7844
f 7389 7844 7842
f 7388 7389 7842
f 7388 7842 7840
f 7387 7388 7840
f 7840 7381 7387
f 7386 7368 7835
f 7386 7835 7831
f 7385 7386 7831
f 7385 7846 7384
f 7385 7832 7846
f 7831 7832 7385
f 7845 7383 7846
f 7383 7384 7846
f 7845 7843 7383
f 7843 7844 7383
f 7383 7844 7382
f 7843 7841 7842
f 7843 7842 7844
f 7841 7839 7840
f 7841 7840 7842
f 7838 7380 7839
f 7380 7381 7839
f 7839 7381 7840
f 7838 7379 7380
f 7838 7829 7379
f 7830 7829 7838
f 7829 7366 7379
f 7378 7361 7827
f 7378 7827 7826
f 7376 7378 7826
f 7376 7826 7824
f 7374 7376 7824
f 7374 7824 7820
f 7372 7374 7820
f 7372 7837 7370
f 7372 7821 7837
f 7820 7821 7372
f 7836 7369 7837
f 7369 7370 7837
f 7836 7834 7369
f 7834 7835 7369
f 7369 7835 7368
f 7834 7833 7831
f 7834 7831 7835
f 7832 7831 7833
f 7830 7828 7829
f 7366 7819 7359
f 7366 7828 7819
f 7829 7828 7366
f 7363 7356 7818
f 7363 7818 7817
f 7362 7363 7817
f 7827 7817 7814
f 7827 7362 7817
f 7361 7362 7827
f 7827 7814 7826
f 7814 7815 7826
f 7826 7815 7825
f 7825 7823 7824
f 7825 7824 7826
f 7823 7822 7820
f 7823 7820 7824
f 7821 7820 7822
f 7819 7813 7359
f 7813 7354 7359
f 7357 7349 7812
f 7818 7812 7811
f 7818 7357 7812
f 7356 7357 7818
f 7817 7818 7808
f 7818 7811 7808
f 7817 7808 7814
f 7808 7809 7814
f 7814 7809 7816
f 7815 7814 7816
f 7813 7807 7354
f 7807 7806 7354
f 7354 7806 7352
f 7806 7347 7352
f 7350 7346 7805
f 7812 7805 7804
f 7812 7350 7805
f 7349 7350 7812
f 7811 7812 7802
f 7812 7804 7802
f 7811 7802 7808
f 7802 7803 7808
f 7808 7803 7810
f 7809 7808 7810
f 7800 7806 7807
f 7800 7807 7801
f 7800 7344 7347
f 7806 7800 7347
f 7342 7799 7805
f 7346 7342 7805
f 7804 7805 7798
f 7805 7799 7798
f 7802 7804 7796
f 7804 7798 7796
f 7797 7803 7802
f 7797 7802 7796
f 7793 7800 7801
f 7793 7801 7794
f 7793 7340 7344
f 7800 7793 7344
f 7338 7792 7799
f 7342 7338 7799
f 7798 7799 7791
f 7799 7792 7791
f 7796 7798 7790
f 7798 7791 7790
f 7790 7788 7796
f 7788 7795 7796
f 7796 7795 7797
f 7795 7788 7789
f 7786 7793 7794
f 7786 7794 7787
f 7786 7336 7340
f 7793 7786 7340
f 7335 7785 7792
f 7338 7335 7792
f 7791 7792 7784
f 7792 7785 7784
f 7790 7791 7783
f 7791 7784 7783
f 7788 7790 7781
f 7790 7783 7781
f 7782 7789 7788
f 7782 7788 7781
f 7779 7786 7787
f 7779 7787 7780
f 7779 7333 7336
f 7786 7779 7336
f 7331 7778 7785
f 7335 7331 7785
f 7784 7785 7777
f 7785 7778 7777
f 7783 7784 7776
f 7784 7777 7776
f 7781 7783 7774
f 7783 7776 7774
f 7775 7782 7781
f 7775 7781 7774
f 7771 7779 7780
f 7771 7780 7772
f 7771 7328 7333
f 7779 7771 7333
f 7331 7329 7778
f 7778 7769 7777
f 7778 7326 7769
f 7329 7326 7778
f 7776 7777 7768
f 7777 7769 7768
f 7774 7776 7767
f 7776 7768 7767
f 7767 7765 7774
f 7765 7773 7774
f 7774 7773 7775
f 7773 7765 7766
f 7772 7770 7771
f 7328 7764 7324
f 7328 7770 7764
f 7771 7770 7328
f 7322 7761 7769
f 7326 7322 7769
f 7768 7769 7760
f 7769 7761 7760
f 7767 7768 7759
f 7768 7760 7759
f 7765 7767 7757
f 7767 7759 7757
f 7758 7766 7765
f 7758 7765 7757
f 7324 7764 7319
f 7764 7763 7319
f 7319 7763 7755
f 7755 7763 7762
f 7753 7755 7762
f 7754 7753 7762
f 7322 7320 7761
f 7761 7752 7760
f 7761 7315 7752
f 7320 7315 7761
f 7759 7760 7751
f 7760 7752 7751
f 7757 7759 7750
f 7759 7751 7750
f 7750 7748 7757
f 7748 7756 7757
f 7757 7756 7758
f 7756 7748 7749
f 7755 7317 7319
f 7753 7745 7755
f 7745 7313 7755
f 7755 7313 7317
f 7753 7754 7746
f 7745 7753 7746
f 7310 7744 7752
f 7315 7310 7752
f 7751 7752 7743
f 7752 7744 7743
f 7750 7751 7742
f 7751 7743 7742
f 7748 7750 7741
f 7750 7742 7741
f 7741 7739 7748
f 7739 7747 7748
f 7748 7747 7749
f 7747 7739 7740
f 7745 7736 7307
f 7745 7307 7313
f 7745 7746 7737
f 7736 7745 7737
f 7310 7308 7744
f 7744 7735 7743
f 7744 7303 7735
f 7308 7303 7744
f 7742 7743 7734
f 7743 7735 7734
f 7741 7742 7733
f 7742 7734 7733
f 7739 7741 7731
f 7741 7733 7731
f 7732 7740 7739
f 7732 7739 7731
f 7736 7305 7307
f 7728 7727 7738
f 7737 7738 7727
f 7300 7737 7727
f 7300 7305 7737
f 7305 7736 7737
f 7303 7301 7735
f 7735 7726 7734
f 7735 7297 7726
f 7301 7297 7735
f 7733 7734 7725
f 7734 7726 7725
f 7731 7733 7724
f 7733 7725 7724
f 7724 7723 7731
f 7723 7730 7731
f 7731 7730 7732
f 7729 7730 7723
f 7729 7723 7721
f 7729 7721 7722
f 7718 7727 7728
f 7718 7728 7719
f 7718 7295 7300
f 7727 7718 7300
f 7292 7717 7726
f 7297 7292 7726
f 7725 7726 7716
f 7726 7717 7716
f 7724 7725 7715
f 7725 7716 7715
f 7723 7724 7714
f 7724 7715 7714
f 7721 7723 7713
f 7723 7714 7713
f 7713 7711 7721
f 7711 7720 7721
f 7721 7720 7722
f 7720 7711 7712
f 7709 7718 7719
f 7709 7719 7710
f 7709 7289 7295
f 7718 7709 7295
f 7292 7290 7717
f 7717 7708 7716
f 7717 7285 7708
f 7290 7285 7717
f 7715 7716 7707
f 7716 7708 7707
f 7714 7715 7706
f 7715 7707 7706
f 7713 7714 7705
f 7714 7706 7705
f 7711 7713 7703
f 7713 7705 7703
f 7704 7712 7711
f 7704 7711 7703
f 7700 7709 7710
f 7700 7710 7701
f 7700 7283 7289
f 7709 7700 7289
f 7280 7699 7708
f 7285 7280 7708
f 7707 7708 7698
f 7708 7699 7698
f 7706 7707 7697
f 7707 7698 7697
f 7705 7706 7696
f 7706 7697 7696
f 7703 7705 7695
f 7705 7696 7695
f 7695 7693 7703
f 7693 7702 7703
f 7703 7702 7704
f 7702 7693 7694
f 7691 7700 7701
f 7691 7701 7692
f 7691 7277 7283
f 7700 7691 7283
f 7280 7278 7699
f 7699 7690 7698
f 7699 7272 7690
f 7278 7272 7699
f 7697 7698 7689
f 7698 7690 7689
f 7696 7697 7688
f 7697 7689 7688
f 7695 7696 7687
f 7696 7688 7687
f 7693 7695 7685
f 7695 7687 7685
f 7686 7694 7693
f 7686 7693 7685
f 7684 7270 7692
f 7270 7276 7692
f 7692 7276 7691
f 7691 7276 7277
f 7265 7683 7690
f 7272 7265 7690
f 7689 7690 7682
f 7690 7683 7682
f 7688 7689 7681
f 7689 7682 7681
f 7687 7688 7680
f 7688 7681 7680
f 7685 7687 7678
f 7687 7680 7678
f 7679 7686 7685
f 7679 7685 7678
f 7684 7676 7270
f 7676 7263 7270
f 7259 7674 7683
f 7265 7259 7683
f 7682 7683 7673
f 7683 7674 7673
f 7681 7682 7672
f 7682 7673 7672
f 7680 7681 7671
f 7681 7672 7671
f 7678 7680 7670
f 7680 7671 7670
f 7670 7668 7678
f 7668 7677 7678
f 7678 7677 7679
f 7677 7668 7669
f 7675 7667 7666
f 7676 7257 7263
f 7676 7666 7257
f 7675 7666 7676
f 7253 7665 7674
f 7259 7253 7674
f 7673 7674 7664
f 7674 7665 7664
f 7672 7673 7663
f 7673 7664 7663
f 7671 7672 7662
f 7672 7663 7662
f 7670 7671 7661
f 7671 7662 7661
f 7668 7670 7659
f 7670 7661 7659
f 7660 7669 7668
f 7660 7668 7659
f 7655 7666 7667
f 7655 7667 7656
f 7655 7249 7257
f 7666 7655 7257
f 7253 7251 7665
f 7250 7664 7665
f 7251 7250 7665
f 7664 7654 7663
f 7664 7243 7654
f 7250 7243 7664
f 7662 7663 7653
f 7663 7654 7653
f 7661 7662 7652
f 7662 7653 7652
f 7659 7661 7651
f 7661 7652 7651
f 7651 7649 7659
f 7649 7658 7659
f 7659 7658 7660
f 7658 7649 7650
f 7657 7648 7647
f 7646 7655 7647
f 7655 7656 7647
f 7647 7656 7657
f 7646 7240 7249
f 7655 7646 7249
f 7243 7241 7654
f 7654 7645 7653
f 7654 7233 7645
f 7241 7233 7654
f 7652 7653 7644
f 7653 7645 7644
f 7651 7652 7643
f 7652 7644 7643
f 7649 7651 7641
f 7651 7643 7641
f 7642 7650 7649
f 7642 7649 7641
f 7638 7647 7648
f 7638 7648 7639
f 7646 7647 7637
f 7647 7638 7637
f 7637 7231 7240
f 7646 7637 7240
f 7224 7636 7645
f 7233 7224 7645
f 7644 7645 7635
f 7645 7636 7635
f 7643 7644 7634
f 7644 7635 7634
f 7641 7643 7633
f 7643 7634 7633
f 7633 7631 7641
f 7631 7640 7641
f 7641 7640 7642
f 7640 7631 7632
f 7629 7638 7639
f 7629 7639 7630
f 7637 7638 7628
f 7638 7629 7628
f 7628 7221 7231
f 7637 7628 7231
f 7224 7222 7636
f 7636 7627 7635
f 7636 7214 7627
f 7222 7214 7636
f 7634 7635 7626
f 7635 7627 7626
f 7633 7634 7625
f 7634 7626 7625
f 7631 7633 7623
f 7633 7625 7623
f 7624 7632 7631
f 7624 7631 7623
f 7620 7629 7630
f 7620 7630 7621
f 7628 7629 7619
f 7629 7620 7619
f 7619 7211 7221
f 7628 7619 7221
f 7214 7212 7627
f 7627 7618 7626
f 7627 7205 7618
f 7212 7205 7627
f 7625 7626 7617
f 7626 7618 7617
f 7623 7625 7616
f 7625 7617 7616
f 7616 7614 7623
f 7614 7622 7623
f 7623 7622 7624
f 7622 7614 7615
f 7612 7620 7621
f 7612 7621 7613
f 7619 7620 7610
f 7620 7612 7610
f 7610 7202 7211
f 7619 7610 7211
f 7205 7203 7618
f 7618 7609 7617
f 7618 7194 7609
f 7203 7194 7618
f 7616 7617 7608
f 7617 7609 7608
f 7614 7616 7606
f 7616 7608 7606
f 7607 7615 7614
f 7607 7614 7606
f 7613 7611 7612
f 7610 7612 7604
f 7612 7611 7604
f 7604 7611 7605
f 7604 7192 7202
f 7610 7604 7202
f 7195 7185 7602
f 7609 7602 7601
f 7609 7195 7602
f 7194 7195 7609
f 7608 7609 7600
f 7609 7601 7600
f 7606 7608 7597
f 7608 7600 7597
f 7598 7607 7606
f 7598 7606 7597
f 7605 7603 7604
f 7595 7190 7596
f 7596 7190 7603
f 7603 7190 7192
f 7603 7192 7604
f 7595 7183 7190
f 7178 7594 7602
f 7185 7178 7602
f 7601 7602 7593
f 7602 7594 7593
f 7600 7601 7590
f 7601 7593 7590
f 7600 7590 7597
f 7590 7591 7597
f 7597 7591 7599
f 7598 7597 7599
f 7588 7595 7596
f 7588 7596 7589
f 7588 7176 7183
f 7595 7588 7183
f 7168 7587 7594
f 7178 7168 7594
f 7593 7594 7585
f 7594 7587 7585
f 7593 7585 7590
f 7585 7586 7590
f 7590 7586 7592
f 7591 7590 7592
f 7583 7588 7589
f 7583 7589 7584
f 7583 7166 7176
f 7588 7583 7176
f 7169 7157 7581
f 7587 7581 7580
f 7587 7169 7581
f 7168 7169 7587
f 7585 7587 7577
f 7587 7580 7577
f 7578 7586 7585
f 7578 7585 7577
f 7584 7582 7583
f 7166 7576 7155
f 7166 7582 7576
f 7583 7582 7166
f 7159 7146 7575
f 7159 7575 7574
f 7158 7159 7574
f 7581 7574 7573
f 7581 7158 7574
f 7157 7158 7581
f 7580 7581 7570
f 7581 7573 7570
f 7580 7570 7577
f 7570 7571 7577
f 7577 7571 7579
f 7578 7577 7579
f 7576 7569 7155
f 7569 7568 7155
f 7155 7568 7153
f 7568 7144 7153
f 7148 7139 7567
f 7148 7567 7566
f 7147 7148 7566
f 7575 7566 7565
f 7575 7147 7566
f 7146 7147 7575
f 7574 7575 7563
f 7575 7565 7563
f 7573 7574 7559
f 7574 7563 7559
f 7573 7559 7570
f 7559 7560 7570
f 7570 7560 7572
f 7571 7570 7572
f 7557 7568 7569
f 7557 7569 7558
f 7557 7137 7144
f 7568 7557 7144
f 7140 7131 7556
f 7567 7556 7555
f 7567 7140 7556
f 7139 7140 7567
f 7566 7567 7552
f 7567 7555 7552
f 7566 7552 7565
f 7552 7553 7565
f 7565 7553 7564
f 7564 7562 7563
f 7564 7563 7565
f 7562 7561 7559
f 7562 7559 7563
f 7560 7559 7561
f 7550 7557 7558
f 7550 7558 7551
f 7550 7129 7137
f 7557 7550 7137
f 7135 7128 7548
f 7135 7548 7547
f 7133 7135 7547
f 7133 7547 7546
f 7132 7133 7546
f 7556 7546 7545
f 7556 7132 7546
f 7131 7132 7556
f 7555 7556 7541
f 7556 7545 7541
f 7555 7541 7552
f 7541 7542 7552
f 7552 7542 7554
f 7553 7552 7554
f 7551 7549 7550
f 7129 7540 7126
f 7129 7549 7540
f 7550 7549 7129
f 7124 7539 7548
f 7128 7124 7548
f 7547 7548 7537
f 7548 7539 7537
f 7546 7547 7533
f 7547 7537 7533
f 7546 7533 7545
f 7533 7534 7545
f 7545 7534 7544
f 7544 7543 7541
f 7544 7541 7545
f 7542 7541 7543
f 7540 7532 7126
f 7532 7122 7126
f 7125 7121 7530
f 7125 7530 7124
f 7124 7530 7539
f 7539 7530 7531
f 7539 7531 7538
f 7538 7536 7537
f 7538 7537 7539
f 7536 7535 7533
f 7536 7533 7537
f 7534 7533 7535
f 7532 7529 7122
f 7529 7120 7122
f 7118 7526 7530
f 7121 7118 7530
f 7527 7531 7530
f 7527 7530 7526
f 7529 7525 7120
f 7525 7117 7120
f 7524 7118 7115
f 7524 7526 7118
f 7528 7526 7524
f 7527 7526 7528
f 7525 7523 7117
f 7523 7113 7117
f 7115 7522 7524
f 7115 7110 7522
f 7523 7521 7113
f 7521 7520 7113
f 7113 7520 7111
f 7520 7108 7111
f 7110 7519 7522
f 7110 7106 7519
f 7517 7520 7521
f 7517 7521 7518
f 7517 7104 7108
f 7520 7517 7108
f 7107 7103 7515
f 7519 7106 7516
f 7106 7107 7516
f 7516 7107 7515
f 7513 7517 7518
f 7513 7518 7514
f 7513 7102 7104
f 7517 7513 7104
f 7100 7509 7515
f 7103 7100 7515
f 7510 7516 7515
f 7510 7515 7509
f 7514 7512 7513
f 7102 7508 7099
f 7102 7512 7508
f 7513 7512 7102
f 7507 7100 7097
f 7507 7509 7100
f 7511 7509 7507
f 7510 7509 7511
f 7508 7506 7099
f 7506 7096 7099
f 7097 7505 7507
f 7097 7094 7505
f 7506 7504 7096
f 7504 7093 7096
f 7094 7502 7505
f 7094 7090 7502
f 7092 7503 7501
f 7092 7501 7089
f 7092 7093 7504
f 7503 7092 7504
f 7090 7500 7502
f 7090 7088 7500
f 7501 7499 7089
f 7499 7087 7089
f 7088 7498 7500
f 7088 7085 7498
f 7499 7497 7087
f 7497 7084 7087
f 7085 7496 7498
f 7085 7081 7496
f 7494 7080 7083
f 7495 7084 7497
f 7495 7083 7084
f 7494 7083 7495
f 7081 7493 7496
f 7081 7078 7493
f 7494 7491 7076
f 7494 7076 7080
f 7494 7495 7492
f 7491 7494 7492
f 7078 7490 7493
f 7078 7074 7490
f 7491 7487 7070
f 7491 7070 7076
f 7491 7492 7489
f 7487 7491 7489
f 7074 7486 7490
f 7074 7485 7486
f 7072 7485 7074
f 7072 7067 7485
f 7483 7065 7069
f 7070 7483 7069
f 7487 7483 7070
f 7484 7483 7487
f 7488 7484 7487
f 7488 7487 7489
f 7486 7485 7481
f 7482 7486 7481
f 7067 7062 7481
f 7067 7481 7485
f 7479 7059 7064
f 7476 7479 7483
f 7479 7064 7483
f 7483 7064 7065
f 7483 7484 7478
f 7476 7483 7478
f 7481 7480 7482
f 7056 7475 7062
f 7475 7480 7062
f 7062 7480 7481
f 7474 7051 7058
f 7471 7474 7479
f 7474 7058 7479
f 7479 7058 7059
f 7476 7471 7479
f 7476 7473 7471
f 7477 7473 7476
f 7477 7476 7478
f 7056 7470 7475
f 7056 7048 7470
f 7469 7043 7050
f 7466 7469 7474
f 7469 7050 7474
f 7474 7050 7051
f 7471 7466 7474
f 7471 7468 7466
f 7472 7468 7471
f 7472 7471 7473
f 7048 7465 7470
f 7048 7040 7465
f 7464 7034 7042
f 7462 7464 7469
f 7464 7042 7469
f 7469 7042 7043
f 7466 7462 7469
f 7466 7463 7462
f 7467 7463 7466
f 7467 7466 7468
f 7040 7461 7465
f 7040 7460 7461
f 7039 7460 7040
f 7039 7031 7460
f 7459 7024 7033
f 7458 7459 7464
f 7459 7033 7464
f 7464 7033 7034
f 7455 7464 7462
f 7455 7458 7464
f 7462 7463 7457
f 7455 7462 7457
f 7461 7460 7452
f 7454 7461 7452
f 7031 7021 7452
f 7031 7452 7460
f 7451 7010 7026
f 7450 7451 7026
f 7450 7026 7023
f 7448 7450 7459
f 7450 7023 7459
f 7459 7023 7024
f 7445 7459 7458
f 7445 7448 7459
f 7455 7445 7458
f 7455 7447 7445
f 7456 7447 7455
f 7456 7455 7457
f 7452 7453 7454
f 7444 7019 7443
f 7453 7019 7444
f 7021 7019 7453
f 7452 7021 7453
f 7019 7007 7443
f 7442 6996 7012
f 7441 7442 7012
f 7441 7012 7009
f 7440 7441 7451
f 7441 7009 7451
f 7451 7009 7010
f 7437 7451 7450
f 7437 7440 7451
f 7448 7437 7450
f 7448 7439 7437
f 7449 7439 7448
f 7445 7446 7449
f 7448 7445 7449
f 7446 7445 7447
f 7444 7443 7435
f 7436 7444 7435
f 7435 7443 7434
f 7443 7007 7434
f 7434 7007 7005
f 7005 6993 7434
f 7433 6985 6998
f 7432 7433 6998
f 7432 6998 6995
f 7431 7432 7442
f 7432 6995 7442
f 7442 6995 6996
f 7429 7442 7441
f 7429 7431 7442
f 7426 7441 7440
f 7426 7429 7441
f 7437 7426 7440
f 7437 7428 7426
f 7438 7428 7437
f 7438 7437 7439
f 7436 7435 7423
f 7425 7436 7423
f 7422 7435 7434
f 7422 7423 7435
f 7422 7434 7420
f 7434 6993 7420
f 7420 6993 6991
f 6991 6982 7420
f 7419 6977 6987
f 7418 7419 6987
f 7418 6987 6984
f 7417 7418 7433
f 7418 6984 7433
f 7433 6984 6985
f 7415 7433 7432
f 7415 7417 7433
f 7412 7432 7431
f 7412 7415 7432
f 7429 7412 7431
f 7429 7414 7412
f 7430 7414 7429
f 7426 7427 7430
f 7429 7426 7430
f 7427 7426 7428
f 7423 7424 7425
f 7422 7421 7424
f 7423 7422 7424
f 7410 7422 7420
f 7410 7421 7422
f 7411 7421 7410
f 7410 7420 7409
f 7420 6982 7409
f 7409 6982 6981
f 7408 7409 6981
f 7408 6981 6979
f 7407 7408 6979
f 7407 6979 6976
f 7405 7407 7419
f 7407 6976 7419
f 7419 6976 6977
f 7403 7419 7418
f 7403 7405 7419
f 7400 7418 7417
f 7400 7403 7418
f 7415 7400 7417
f 7415 7402 7400
f 7416 7402 7415
f 7412 7413 7416
f 7415 7412 7416
f 7413 7412 7414
f 7411 7410 7397
f 7399 7411 7397
f 7395 7410 7409
f 7395 7397 7410
f 7393 7409 7408
f 7393 7395 7409
f 7390 7408 7407
f 7390 7393 7408
f 7405 7390 7407
f 7405 7392 7390
f 7406 7392 7405
f 7403 7404 7406
f 7405 7403 7406
f 7400 7401 7404
f 7403 7400 7404
f 7401 7400 7402
f 7397 7398 7399
f 7395 7396 7398
f 7397 7395 7398
f 7393 7394 7396
f 7395 7393 7396
f 7390 7391 7394
f 7393 7390 7394
f 7391 7390 7392
f 7382 7389 6974
f 6962 7382 6974
f 7388 6973 7389
f 6973 6974 7389
f 7387 6972 7388
f 6972 6973 7388
f 6961 6972 7387
f 7381 6961 7387
f 6971 6953 7377
f 6971 7377 7375
f 6970 6971 7375
f 6970 7375 7373
f 6969 6970 7373
f 6969 7373 7371
f 6968 6969 7371
f 6968 7371 7367
f 6967 6968 7367
f 6967 7386 6966
f 6967 7368 7386
f 7367 7368 6967
f 7385 6965 7386
f 6965 6966 7386
f 7384 6964 7385
f 6964 6965 7385
f 7383 6963 7384
f 6963 6964 7384
f 7382 6962 6963
f 7382 6963 7383
f 6961 7381 7380
f 6961 7380 6960
f 7379 6959 7380
f 6959 6960 7380
f 6951 6959 7379
f 7366 6951 7379
f 6958 6949 7365
f 6958 7365 7364
f 6957 6958 7364
f 6957 7364 7360
f 6955 6957 7360
f 6955 7378 6954
f 6955 7361 7378
f 7360 7361 6955
f 7378 7376 6954
f 7376 7377 6954
f 6954 7377 6953
f 7376 7374 7375
f 7376 7375 7377
f 7374 7372 7373
f 7374 7373 7375
f 7372 7370 7371
f 7372 7371 7373
f 7370 7369 7367
f 7370 7367 7371
f 7368 7367 7369
f 7366 7359 6951
f 7359 6947 6951
f 6950 6944 7358
f 7365 7358 7355
f 7365 6950 7358
f 6949 6950 7365
f 7365 7355 7364
f 7355 7356 7364
f 7364 7356 7363
f 7363 7362 7360
f 7363 7360 7364
f 7361 7360 7362
f 7359 7354 6947
f 7354 7353 6947
f 6947 7353 6946
f 7353 6942 6946
f 6945 6941 7351
f 7358 7351 7348
f 7358 6945 7351
f 6944 6945 7358
f 7358 7348 7355
f 7348 7349 7355
f 7355 7349 7357
f 7356 7355 7357
f 7354 7352 7353
f 6942 7347 6939
f 6942 7352 7347
f 7353 7352 6942
f 6937 7345 7351
f 6941 6937 7351
f 7351 7345 7348
f 7345 7346 7348
f 7348 7346 7350
f 7349 7348 7350
f 7347 7344 6939
f 7344 6935 6939
f 6938 6933 7343
f 7345 7343 7341
f 7345 6938 7343
f 6937 6938 7345
f 7342 7346 7345
f 7342 7345 7341
f 7344 7340 6935
f 7340 6932 6935
f 6930 7339 7343
f 6933 6930 7343
f 7341 7343 7337
f 7343 7339 7337
f 7338 7342 7341
f 7338 7341 7337
f 7340 7336 6932
f 7336 6928 6932
f 6930 6929 7339
f 7339 7334 7337
f 7339 6925 7334
f 6929 6925 7339
f 7335 7338 7337
f 7335 7337 7334
f 7336 7333 6928
f 7333 7332 6928
f 6928 7332 6926
f 7332 6923 6926
f 6922 7330 7334
f 6925 6922 7334
f 7331 7335 7334
f 7331 7334 7330
f 7327 7332 7333
f 7327 7333 7328
f 7327 6920 6923
f 7332 7327 6923
f 6922 6921 7330
f 7325 6921 6919
f 7329 6921 7325
f 7330 6921 7329
f 7331 7330 7329
f 7329 7325 7326
f 7323 7327 7328
f 7323 7328 7324
f 7323 6917 6920
f 7327 7323 6920
f 6916 7321 7325
f 6919 6916 7325
f 7322 7326 7325
f 7322 7325 7321
f 7318 7323 7324
f 7318 7324 7319
f 7318 6914 6917
f 7323 7318 6917
f 6911 7316 7321
f 6916 6911 7321
f 7316 7314 7321
f 7314 7320 7321
f 7321 7320 7322
f 7320 7314 7315
f 7319 7317 7318
f 7312 6912 7313
f 7313 6912 7317
f 7317 6912 6914
f 7317 6914 7318
f 7312 6909 6912
f 6908 7311 7316
f 6911 6908 7316
f 7314 7316 7309
f 7316 7311 7309
f 7310 7315 7314
f 7310 7314 7309
f 7306 7312 7313
f 7306 7313 7307
f 7306 6905 6909
f 7312 7306 6909
f 6908 6906 7311
f 7311 7304 7309
f 7311 6904 7304
f 6906 6904 7311
f 7304 7302 7309
f 7302 7308 7309
f 7309 7308 7310
f 7308 7302 7303
f 7307 7305 7306
f 6905 7300 6902
f 6905 7305 7300
f 7306 7305 6905
f 6901 7299 7304
f 6904 6901 7304
f 7302 7304 7298
f 7304 7299 7298
f 7298 7296 7302
f 7296 7301 7302
f 7302 7301 7303
f 7301 7296 7297
f 7300 7295 6902
f 7295 6899 6902
f 6898 7294 7299
f 6901 6898 7299
f 7298 7299 7293
f 7299 7294 7293
f 7296 7298 7291
f 7298 7293 7291
f 7292 7297 7296
f 7292 7296 7291
f 7295 7289 6899
f 7289 6896 6899
f 6895 7288 7294
f 6898 6895 7294
f 7293 7294 7287
f 7294 7288 7287
f 7291 7293 7286
f 7293 7287 7286
f 7286 7284 7291
f 7284 7290 7291
f 7291 7290 7292
f 7290 7284 7285
f 7289 7283 6896
f 7283 6892 6896
f 6895 6893 7288
f 7288 7282 7287
f 7288 6889 7282
f 6893 6889 7288
f 7286 7287 7281
f 7287 7282 7281
f 7284 7286 7279
f 7286 7281 7279
f 7280 7285 7284
f 7280 7284 7279
f 7283 7277 6892
f 7277 6887 6892
f 6885 7275 7282
f 6889 6885 7282
f 7281 7282 7274
f 7282 7275 7274
f 7279 7281 7273
f 7281 7274 7273
f 7273 7271 7279
f 7271 7278 7279
f 7279 7278 7280
f 7278 7271 7272
f 7276 7270 7269
f 7277 6883 6887
f 7277 7269 6883
f 7276 7269 7277
f 6882 7268 7275
f 6885 6882 7275
f 7274 7275 7267
f 7275 7268 7267
f 7273 7274 7266
f 7274 7267 7266
f 7271 7273 7264
f 7273 7266 7264
f 7265 7272 7271
f 7265 7271 7264
f 7262 7269 7270
f 7262 7270 7263
f 7262 6879 6883
f 7269 7262 6883
f 6882 6880 7268
f 7268 7261 7267
f 7268 6877 7261
f 6880 6877 7268
f 7266 7267 7260
f 7267 7261 7260
f 7264 7266 7258
f 7266 7260 7258
f 7259 7265 7264
f 7259 7264 7258
f 7256 7262 7263
f 7256 7263 7257
f 7256 6875 6879
f 7262 7256 6879
f 6873 7255 7261
f 6877 6873 7261
f 7260 7261 7254
f 7261 7255 7254
f 7258 7260 7252
f 7260 7254 7252
f 7253 7259 7258
f 7253 7258 7252
f 7248 7256 7257
f 7248 7257 7249
f 7248 6871 6875
f 7256 7248 6875
f 6869 7247 7255
f 6873 6869 7255
f 7254 7255 7246
f 7255 7247 7246
f 7252 7254 7245
f 7254 7246 7245
f 7245 7244 7252
f 7244 7251 7252
f 7252 7251 7253
f 7250 7251 7244
f 7250 7244 7242
f 7250 7242 7243
f 7239 7248 7249
f 7239 7249 7240
f 7239 6867 6871
f 7248 7239 6871
f 6865 7238 7247
f 6869 6865 7247
f 7246 7247 7237
f 7247 7238 7237
f 7245 7246 7236
f 7246 7237 7236
f 7244 7245 7235
f 7245 7236 7235
f 7242 7244 7234
f 7244 7235 7234
f 7234 7232 7242
f 7232 7241 7242
f 7242 7241 7243
f 7241 7232 7233
f 7230 7239 7240
f 7230 7240 7231
f 7230 6863 6867
f 7239 7230 6867
f 6861 7229 7238
f 6865 6861 7238
f 7237 7238 7228
f 7238 7229 7228
f 7236 7237 7227
f 7237 7228 7227
f 7235 7236 7226
f 7236 7227 7226
f 7234 7235 7225
f 7235 7226 7225
f 7232 7234 7223
f 7234 7225 7223
f 7224 7233 7232
f 7224 7232 7223
f 7220 7230 7231
f 7220 7231 7221
f 7220 6858 6863
f 7230 7220 6863
f 6861 6859 7229
f 7229 7219 7228
f 7229 6855 7219
f 6859 6855 7229
f 7227 7228 7218
f 7228 7219 7218
f 7226 7227 7217
f 7227 7218 7217
f 7225 7226 7216
f 7226 7217 7216
f 7223 7225 7215
f 7225 7216 7215
f 7215 7213 7223
f 7213 7222 7223
f 7223 7222 7224
f 7222 7213 7214
f 7210 7220 7221
f 7210 7221 7211
f 7210 6851 6858
f 7220 7210 6858
f 6855 6853 7219
f 6852 7218 7219
f 6853 6852 7219
f 7218 7209 7217
f 7218 6846 7209
f 6852 6846 7218
f 7216 7217 7208
f 7217 7209 7208
f 7215 7216 7207
f 7216 7208 7207
f 7213 7215 7206
f 7215 7207 7206
f 7206 7204 7213
f 7204 7212 7213
f 7213 7212 7214
f 7212 7204 7205
f 7201 7210 7211
f 7201 7211 7202
f 7201 6844 6851
f 7210 7201 6851
f 6839 7200 7209
f 6846 6839 7209
f 7208 7209 7199
f 7209 7200 7199
f 7207 7208 7198
f 7208 7199 7198
f 7206 7207 7197
f 7207 7198 7197
f 7204 7206 7196
f 7206 7197 7196
f 7196 7193 7204
f 7193 7203 7204
f 7204 7203 7205
f 7203 7193 7194
f 7191 7201 7202
f 7191 7202 7192
f 7191 6837 6844
f 7201 7191 6844
f 6832 7189 7200
f 6839 6832 7200
f 7199 7200 7188
f 7200 7189 7188
f 7198 7199 7187
f 7199 7188 7187
f 7197 7198 7186
f 7198 7187 7186
f 7196 7197 7184
f 7197 7186 7184
f 7196 7184 7193
f 7184 7185 7193
f 7193 7185 7195
f 7194 7193 7195
f 7192 7190 7191
f 6837 7183 6830
f 6837 7190 7183
f 7191 7190 6837
f 6823 7182 7189
f 6832 6823 7189
f 7188 7189 7181
f 7189 7182 7181
f 7187 7188 7180
f 7188 7181 7180
f 7186 7187 7179
f 7187 7180 7179
f 7184 7186 7177
f 7186 7179 7177
f 7178 7185 7184
f 7178 7184 7177
f 7183 7176 6830
f 7176 7175 6830
f 6830 7175 6828
f 7175 6821 6828
f 6824 6817 7174
f 7182 7174 7173
f 7182 6824 7174
f 6823 6824 7182
f 7181 7182 7172
f 7182 7173 7172
f 7180 7181 7171
f 7181 7172 7171
f 7179 7180 7170
f 7180 7171 7170
f 7177 7179 7167
f 7179 7170 7167
f 7168 7178 7177
f 7168 7177 7167
f 7165 7175 7176
f 7165 7176 7166
f 7165 6815 6821
f 7175 7165 6821
f 6818 6812 7164
f 7174 7164 7163
f 7174 6818 7164
f 6817 6818 7174
f 7173 7174 7162
f 7174 7163 7162
f 7172 7173 7161
f 7173 7162 7161
f 7171 7172 7160
f 7172 7161 7160
f 7170 7171 7156
f 7171 7160 7156
f 7170 7156 7167
f 7156 7157 7167
f 7167 7157 7169
f 7168 7167 7169
f 7154 7165 7166
f 7154 7166 7155
f 7154 6810 6815
f 7165 7154 6815
f 6813 6807 7152
f 7164 7152 7151
f 7164 6813 7152
f 6812 6813 7164
f 7163 7164 7150
f 7164 7151 7150
f 7162 7163 7149
f 7163 7150 7149
f 7161 7162 7145
f 7162 7149 7145
f 7161 7145 7160
f 7145 7146 7160
f 7160 7146 7159
f 7159 7158 7156
f 7159 7156 7160
f 7157 7156 7158
f 7155 7153 7154
f 6810 7144 6805
f 6810 7153 7144
f 7154 7153 6810
f 6808 6804 7143
f 7152 7143 7142
f 7152 6808 7143
f 6807 6808 7152
f 7151 7152 7141
f 7152 7142 7141
f 7150 7151 7138
f 7151 7141 7138
f 7150 7138 7149
f 7138 7139 7149
f 7149 7139 7148
f 7148 7147 7145
f 7148 7145 7149
f 7146 7145 7147
f 7144 7137 6805
f 7137 6802 6805
f 6800 7136 7143
f 6804 6800 7143
f 7142 7143 7134
f 7143 7136 7134
f 7141 7142 7130
f 7142 7134 7130
f 7141 7130 7138
f 7130 7131 7138
f 7138 7131 7140
f 7139 7138 7140
f 7137 7129 6802
f 7129 6798 6802
f 6801 6797 7127
f 6801 7127 6800
f 6800 7127 7136
f 7136 7127 7128
f 7136 7128 7135
f 7135 7133 7134
f 7135 7134 7136
f 7133 7132 7130
f 7133 7130 7134
f 7131 7130 7132
f 7129 7126 6798
f 7126 6796 6798
f 6794 7123 7127
f 6797 6794 7127
f 7124 7128 7127
f 7124 7127 7123
f 7126 7122 6796
f 7122 6793 6796
f 7121 6794 6790
f 7121 7123 6794
f 7125 7123 7121
f 7124 7123 7125
f 7122 7120 6793
f 7120 7119 6793
f 6793 7119 6791
f 7119 6788 6791
f 6790 7118 7121
f 6790 6786 7118
f 7116 7119 7120
f 7116 7120 7117
f 7116 6784 6788
f 7119 7116 6788
f 6787 6783 7114
f 7118 6786 7115
f 6786 6787 7115
f 7115 6787 7114
f 7112 7116 7117
f 7112 7117 7113
f 7112 6782 6784
f 7116 7112 6784
f 6781 7109 7114
f 6783 6781 7114
f 7110 7115 7114
f 7110 7114 7109
f 7113 7111 7112
f 6782 7108 6780
f 6782 7111 7108
f 7112 7111 6782
f 6779 7105 7109
f 6781 6779 7109
f 7106 7110 7109
f 7106 7109 7105
f 7108 7104 6780
f 7104 6778 6780
f 7103 6779 6776
f 7103 7105 6779
f 7107 7105 7103
f 7106 7105 7107
f 7101 6775 6777
f 7102 6778 7104
f 7102 6777 6778
f 7101 6777 7102
f 6776 7100 7103
f 6776 6774 7100
f 7101 7098 6773
f 7101 6773 6775
f 7101 7102 7099
f 7098 7101 7099
f 6774 7097 7100
f 6774 6772 7097
f 7098 7095 6771
f 7098 6771 6773
f 7098 7099 7096
f 7095 7098 7096
f 6772 7094 7097
f 6772 6770 7094
f 7095 7091 6769
f 7095 6769 6771
f 7095 7096 7093
f 7091 7095 7093
f 6770 7090 7094
f 6770 6767 7090
f 6765 6769 7089
f 6769 7091 7089
f 7089 7091 7092
f 7092 7091 7093
f 6767 7088 7090
f 6767 6762 7088
f 7086 6760 6764
f 7087 6765 7089
f 7087 6764 6765
f 7086 6764 7087
f 6762 7085 7088
f 6762 6758 7085
f 7086 7082 6756
f 7086 6756 6760
f 7086 7087 7084
f 7082 7086 7084
f 6758 7081 7085
f 6758 6753 7081
f 7079 6750 6755
f 6756 7079 6755
f 7082 7079 6756
f 7080 7079 7082
f 7083 7080 7082
f 7083 7082 7084
f 6753 7078 7081
f 6753 7077 7078
f 6751 7077 6753
f 6751 6748 7077
f 7079 7075 6746
f 7079 6746 6750
f 7079 7080 7076
f 7075 7079 7076
f 7078 7077 7073
f 7074 7078 7073
f 6748 6743 7073
f 6748 7073 7077
f 7071 6739 6745
f 7068 7071 7075
f 7071 6745 7075
f 7075 6745 6746
f 7075 7076 7070
f 7068 7075 7070
f 7073 7072 7074
f 6736 7067 6743
f 7067 7072 6743
f 6743 7072 7073
f 7066 6729 6738
f 7063 7066 7071
f 7066 6738 7071
f 7071 6738 6739
f 7068 7063 7071
f 7068 7065 7063
f 7069 7065 7068
f 7069 7068 7070
f 6736 7062 7067
f 6736 6726 7062
f 7061 6719 6731
f 7060 7061 6731
f 7060 6731 6728
f 7057 7060 7066
f 7060 6728 7066
f 7066 6728 6729
f 7063 7057 7066
f 7063 7059 7057
f 7064 7059 7063
f 7064 7063 7065
f 6726 7056 7062
f 6726 7055 7056
f 6725 7055 6726
f 6725 6716 7055
f 7054 6711 6721
f 7053 7054 6721
f 7053 6721 6718
f 7052 7053 7061
f 7053 6718 7061
f 7061 6718 6719
f 7049 7061 7060
f 7049 7052 7061
f 7057 7049 7060
f 7057 7051 7049
f 7058 7051 7057
f 7058 7057 7059
f 7056 7055 7047
f 7048 7056 7047
f 6716 6708 7047
f 6716 7047 7055
f 7046 6702 6710
f 7045 7046 7054
f 7046 6710 7054
f 7054 6710 6711
f 7044 7054 7053
f 7044 7045 7054
f 7041 7053 7052
f 7041 7044 7053
f 7049 7041 7052
f 7049 7043 7041
f 7050 7043 7049
f 7050 7049 7051
f 7048 7047 7038
f 7040 7048 7038
f 6708 6699 7038
f 6708 7038 7047
f 7037 6687 6701
f 7036 7037 7046
f 7037 6701 7046
f 7046 6701 6702
f 7035 7046 7045
f 7035 7036 7046
f 7032 7045 7044
f 7032 7035 7045
f 7041 7032 7044
f 7041 7034 7032
f 7042 7034 7041
f 7042 7041 7043
f 7038 7039 7040
f 7031 6697 7030
f 7039 6697 7031
f 6699 6697 7039
f 7038 6699 7039
f 6697 6684 7030
f 7029 6672 6689
f 7028 7029 6689
f 7028 6689 6686
f 7027 7028 7037
f 7028 6686 7037
f 7037 6686 6687
f 7025 7037 7036
f 7025 7027 7037
f 7022 7036 7035
f 7022 7025 7036
f 7032 7022 7035
f 7032 7024 7022
f 7033 7024 7032
f 7033 7032 7034
f 7031 7030 7020
f 7021 7031 7020
f 7020 7030 7018
f 7030 6684 7018
f 7018 6684 6683
f 7017 7018 6683
f 7017 6683 6680
f 6680 6669 7017
f 7016 6664 6676
f 7015 7016 6676
f 7015 6676 6674
f 7014 7015 6674
f 7014 6674 6671
f 7013 7014 7029
f 7014 6671 7029
f 7029 6671 6672
f 7011 7029 7028
f 7011 7013 7029
f 7008 7028 7027
f 7008 7011 7028
f 7025 7008 7027
f 7025 7010 7008
f 7026 7010 7025
f 7022 7023 7026
f 7025 7022 7026
f 7023 7022 7024
f 7020 7019 7021
f 7006 7020 7018
f 7006 7019 7020
f 7007 7019 7006
f 7004 7018 7017
f 7004 7006 7018
f 7004 7017 7003
f 7017 6669 7003
f 7003 6669 6668
f 7002 7003 6668
f 7002 6668 6666
f 7001 7002 6666
f 7001 6666 6663
f 7000 7001 7016
f 7001 6663 7016
f 7016 6663 6664
f 6999 7016 7015
f 6999 7000 7016
f 6997 7015 7014
f 6997 6999 7015
f 6994 7014 7013
f 6994 6997 7014
f 7011 6994 7013
f 7011 6996 6994
f 7012 6996 7011
f 7008 7009 7012
f 7011 7008 7012
f 7009 7008 7010
f 7006 7005 7007
f 6992 7006 7004
f 6992 7005 7006
f 6993 7005 6992
f 6990 7004 7003
f 6990 6992 7004
f 6989 7003 7002
f 6989 6990 7003
f 6988 7002 7001
f 6988 6989 7002
f 6986 7001 7000
f 6986 6988 7001
f 6983 7000 6999
f 6983 6986 7000
f 6997 6983 6999
f 6997 6985 6983
f 6998 6985 6997
f 6994 6995 6998
f 6997 6994 6998
f 6995 6994 6996
f 6992 6991 6993
f 6980 6992 6990
f 6980 6991 6992
f 6982 6991 6980
f 6978 6990 6989
f 6978 6980 6990
f 6975 6989 6988
f 6975 6978 6989
f 6986 6975 6988
f 6986 6977 6975
f 6987 6977 6986
f 6983 6984 6987
f 6986 6983 6987
f 6984 6983 6985
f 6980 6981 6982
f 6978 6979 6981
f 6980 6978 6981
f 6975 6976 6979
f 6978 6975 6979
f 6976 6975 6977
f 6962 6974 6661
f 6647 6962 6661
f 6973 6660 6974
f 6660 6661 6974
f 6972 6659 6973
f 6659 6660 6973
f 6646 6659 6972
f 6961 6646 6972
f 6658 6640 6956
f 6658 6956 6952
f 6657 6658 6952
f 6657 6971 6656
f 6657 6953 6971
f 6952 6953 6657
f 6970 6655 6971
f 6655 6656 6971
f 6969 6654 6970
f 6654 6655 6970
f 6968 6653 6969
f 6653 6654 6969
f 6967 6652 6968
f 6652 6653 6968
f 6966 6651 6967
f 6651 6652 6967
f 6965 6650 6966
f 6650 6651 6966
f 6964 6649 6965
f 6649 6650 6965
f 6963 6648 6964
f 6648 6649 6964
f 6962 6647 6648
f 6962 6648 6963
f 6646 6961 6960
f 6646 6960 6645
f 6959 6644 6960
f 6644 6645 6960
f 6637 6644 6959
f 6951 6637 6959
f 6643 6635 6948
f 6643 6958 6642
f 6643 6949 6958
f 6948 6949 6643
f 6957 6641 6958
f 6641 6642 6958
f 6957 6955 6641
f 6955 6956 6641
f 6641 6956 6640
f 6955 6954 6952
f 6955 6952 6956
f 6953 6952 6954
f 6951 6947 6637
f 6947 6633 6637
f 6636 6630 6943
f 6636 6943 6635
f 6635 6943 6948
f 6948 6943 6944
f 6948 6944 6950
f 6949 6948 6950
f 6633 6947 6946
f 6633 6946 6632
f 6628 6632 6946
f 6942 6628 6946
f 6631 6627 6940
f 6631 6940 6630
f 6630 6940 6943
f 6943 6940 6941
f 6943 6941 6945
f 6944 6943 6945
f 6942 6939 6628
f 6939 6626 6628
f 6624 6936 6940
f 6627 6624 6940
f 6937 6941 6940
f 6937 6940 6936
f 6939 6935 6626
f 6935 6934 6626
f 6626 6934 6625
f 6934 6623 6625
f 6933 6624 6622
f 6933 6936 6624
f 6938 6936 6933
f 6937 6936 6938
f 6931 6934 6935
f 6931 6935 6932
f 6931 6621 6623
f 6934 6931 6623
f 6622 6930 6933
f 6622 6620 6930
f 6927 6931 6932
f 6927 6932 6928
f 6927 6619 6621
f 6931 6927 6621
f 6618 6930 6620
f 6618 6929 6930
f 6924 6929 6618
f 6929 6924 6925
f 6928 6926 6927
f 6619 6923 6616
f 6619 6926 6923
f 6927 6926 6619
f 6618 6617 6924
f 6922 6925 6615
f 6925 6924 6615
f 6615 6924 6617
f 6923 6920 6616
f 6920 6614 6616
f 6613 6922 6615
f 6613 6921 6922
f 6918 6921 6613
f 6921 6918 6919
f 6920 6917 6614
f 6917 6612 6614
f 6610 6915 6918
f 6613 6610 6918
f 6916 6919 6918
f 6916 6918 6915
f 6917 6914 6612
f 6914 6913 6612
f 6612 6913 6611
f 6913 6609 6611
f 6608 6910 6915
f 6610 6608 6915
f 6911 6916 6915
f 6911 6915 6910
f 6914 6912 6913
f 6609 6909 6607
f 6609 6912 6909
f 6913 6912 6609
f 6606 6907 6910
f 6608 6606 6910
f 6908 6911 6910
f 6908 6910 6907
f 6909 6905 6607
f 6905 6604 6607
f 6606 6605 6907
f 6903 6605 6603
f 6906 6605 6903
f 6907 6605 6906
f 6908 6907 6906
f 6906 6903 6904
f 6905 6902 6604
f 6902 6601 6604
f 6600 6900 6903
f 6603 6600 6903
f 6901 6904 6903
f 6901 6903 6900
f 6902 6899 6601
f 6899 6598 6601
f 6597 6897 6900
f 6600 6597 6900
f 6898 6901 6900
f 6898 6900 6897
f 6899 6896 6598
f 6896 6595 6598
f 6592 6894 6897
f 6597 6592 6897
f 6895 6898 6897
f 6895 6897 6894
f 6896 6892 6595
f 6892 6891 6595
f 6595 6891 6593
f 6891 6591 6593
f 6590 6890 6894
f 6592 6590 6894
f 6890 6888 6894
f 6888 6893 6894
f 6894 6893 6895
f 6893 6888 6889
f 6886 6891 6892
f 6886 6892 6887
f 6886 6588 6591
f 6891 6886 6591
f 6590 6589 6890
f 6890 6884 6888
f 6890 6586 6884
f 6589 6586 6890
f 6885 6889 6888
f 6885 6888 6884
f 6883 6584 6887
f 6584 6587 6887
f 6887 6587 6886
f 6886 6587 6588
f 6582 6881 6884
f 6586 6582 6884
f 6882 6885 6884
f 6882 6884 6881
f 6883 6879 6584
f 6879 6580 6584
f 6578 6878 6881
f 6582 6578 6881
f 6878 6876 6881
f 6876 6880 6881
f 6881 6880 6882
f 6880 6876 6877
f 6879 6875 6580
f 6875 6576 6580
f 6574 6874 6878
f 6578 6574 6878
f 6876 6878 6872
f 6878 6874 6872
f 6873 6877 6876
f 6873 6876 6872
f 6875 6871 6576
f 6871 6572 6576
f 6571 6870 6874
f 6574 6571 6874
f 6872 6874 6868
f 6874 6870 6868
f 6869 6873 6872
f 6869 6872 6868
f 6871 6867 6572
f 6867 6569 6572
f 6568 6866 6870
f 6571 6568 6870
f 6868 6870 6864
f 6870 6866 6864
f 6865 6869 6868
f 6865 6868 6864
f 6867 6863 6569
f 6863 6566 6569
f 6564 6862 6866
f 6568 6564 6866
f 6864 6866 6860
f 6866 6862 6860
f 6861 6865 6864
f 6861 6864 6860
f 6863 6858 6566
f 6858 6562 6566
f 6560 6857 6862
f 6564 6560 6862
f 6860 6862 6856
f 6862 6857 6856
f 6856 6854 6860
f 6854 6859 6860
f 6860 6859 6861
f 6859 6854 6855
f 6858 6851 6562
f 6851 6558 6562
f 6557 6850 6857
f 6560 6557 6857
f 6856 6857 6849
f 6857 6850 6849
f 6854 6856 6848
f 6856 6849 6848
f 6848 6847 6854
f 6847 6853 6854
f 6854 6853 6855
f 6852 6853 6847
f 6852 6847 6845
f 6852 6845 6846
f 6851 6844 6558
f 6844 6556 6558
f 6554 6843 6850
f 6557 6554 6850
f 6849 6850 6842
f 6850 6843 6842
f 6848 6849 6841
f 6849 6842 6841
f 6847 6848 6840
f 6848 6841 6840
f 6845 6847 6838
f 6847 6840 6838
f 6839 6846 6845
f 6839 6845 6838
f 6844 6837 6556
f 6837 6553 6556
f 6550 6836 6843
f 6554 6550 6843
f 6842 6843 6835
f 6843 6836 6835
f 6841 6842 6834
f 6842 6835 6834
f 6840 6841 6833
f 6841 6834 6833
f 6838 6840 6831
f 6840 6833 6831
f 6832 6839 6838
f 6832 6838 6831
f 6837 6830 6553
f 6830 6829 6553
f 6553 6829 6551
f 6829 6548 6551
f 6550 6549 6836
f 6836 6827 6835
f 6836 6547 6827
f 6549 6547 6836
f 6834 6835 6826
f 6835 6827 6826
f 6833 6834 6825
f 6834 6826 6825
f 6831 6833 6822
f 6833 6825 6822
f 6823 6832 6831
f 6823 6831 6822
f 6830 6828 6829
f 6548 6821 6545
f 6548 6828 6821
f 6829 6828 6548
f 6544 6820 6827
f 6547 6544 6827
f 6826 6827 6819
f 6827 6820 6819
f 6825 6826 6816
f 6826 6819 6816
f 6825 6816 6822
f 6816 6817 6822
f 6822 6817 6824
f 6823 6822 6824
f 6821 6815 6545
f 6815 6542 6545
f 6540 6814 6820
f 6544 6540 6820
f 6819 6820 6811
f 6820 6814 6811
f 6819 6811 6816
f 6811 6812 6816
f 6816 6812 6818
f 6817 6816 6818
f 6815 6810 6542
f 6810 6538 6542
f 6541 6537 6809
f 6814 6809 6806
f 6814 6541 6809
f 6540 6541 6814
f 6814 6806 6811
f 6806 6807 6811
f 6811 6807 6813
f 6812 6811 6813
f 6810 6805 6538
f 6805 6536 6538
f 6534 6803 6809
f 6537 6534 6809
f 6809 6803 6806
f 6803 6804 6806
f 6806 6804 6808
f 6807 6806 6808
f 6805 6802 6536
f 6802 6533 6536
f 6531 6799 6803
f 6534 6531 6803
f 6800 6804 6803
f 6800 6803 6799
f 6802 6798 6533
f 6798 6529 6533
f 6797 6531 6526
f 6797 6799 6531
f 6801 6799 6797
f 6800 6799 6801
f 6798 6796 6529
f 6796 6795 6529
f 6529 6795 6527
f 6795 6524 6527
f 6526 6794 6797
f 6526 6522 6794
f 6792 6795 6796
f 6792 6796 6793
f 6792 6520 6524
f 6795 6792 6524
f 6523 6519 6789
f 6794 6522 6790
f 6522 6523 6790
f 6790 6523 6789
f 6793 6791 6792
f 6520 6788 6518
f 6520 6791 6788
f 6792 6791 6520
f 6517 6785 6789
f 6519 6517 6789
f 6786 6790 6789
f 6786 6789 6785
f 6788 6784 6518
f 6784 6516 6518
f 6783 6517 6515
f 6783 6785 6517
f 6787 6785 6783
f 6786 6785 6787
f 6784 6782 6516
f 6782 6514 6516
f 6515 6781 6783
f 6515 6513 6781
f 6782 6780 6514
f 6780 6512 6514
f 6513 6779 6781
f 6513 6511 6779
f 6780 6778 6512
f 6778 6510 6512
f 6511 6776 6779
f 6511 6507 6776
f 6509 6777 6775
f 6509 6775 6506
f 6509 6510 6778
f 6777 6509 6778
f 6507 6774 6776
f 6507 6505 6774
f 6775 6773 6506
f 6773 6504 6506
f 6505 6772 6774
f 6505 6503 6772
f 6773 6771 6504
f 6771 6501 6504
f 6503 6770 6772
f 6503 6498 6770
f 6768 6496 6500
f 6769 6501 6771
f 6769 6500 6501
f 6768 6500 6769
f 6498 6767 6770
f 6498 6493 6767
f 6766 6489 6495
f 6763 6766 6768
f 6766 6495 6768
f 6768 6495 6496
f 6768 6769 6765
f 6763 6768 6765
f 6493 6762 6767
f 6493 6761 6762
f 6491 6761 6493
f 6491 6487 6761
f 6766 6759 6483
f 6766 6483 6489
f 6763 6759 6766
f 6763 6760 6759
f 6764 6760 6763
f 6764 6763 6765
f 6762 6761 6757
f 6758 6762 6757
f 6487 6481 6757
f 6487 6757 6761
f 6759 6754 6477
f 6759 6477 6483
f 6759 6760 6756
f 6754 6759 6756
f 6758 6757 6752
f 6753 6758 6752
f 6481 6474 6752
f 6481 6752 6757
f 6749 6466 6476
f 6477 6749 6476
f 6754 6749 6477
f 6750 6749 6754
f 6755 6750 6754
f 6755 6754 6756
f 6752 6751 6753
f 6463 6748 6474
f 6748 6751 6474
f 6474 6751 6752
f 6747 6454 6465
f 6744 6747 6749
f 6747 6465 6749
f 6749 6465 6466
f 6749 6750 6746
f 6744 6749 6746
f 6463 6743 6748
f 6463 6451 6743
f 6742 6443 6458
f 6741 6742 6458
f 6741 6458 6456
f 6740 6741 6456
f 6740 6456 6453
f 6737 6740 6747
f 6740 6453 6747
f 6747 6453 6454
f 6744 6737 6747
f 6744 6739 6737
f 6745 6739 6744
f 6745 6744 6746
f 6451 6736 6743
f 6451 6735 6736
f 6450 6735 6451
f 6450 6440 6735
f 6734 6434 6445
f 6733 6734 6445
f 6733 6445 6442
f 6732 6733 6742
f 6733 6442 6742
f 6742 6442 6443
f 6730 6742 6741
f 6730 6732 6742
f 6727 6741 6740
f 6727 6730 6741
f 6737 6727 6740
f 6737 6729 6727
f 6738 6729 6737
f 6738 6737 6739
f 6736 6735 6724
f 6726 6736 6724
f 6440 6431 6724
f 6440 6724 6735
f 6723 6422 6433
f 6722 6723 6734
f 6723 6433 6734
f 6734 6433 6434
f 6720 6734 6733
f 6720 6722 6734
f 6717 6733 6732
f 6717 6720 6733
f 6730 6717 6732
f 6730 6719 6717
f 6731 6719 6730
f 6727 6728 6731
f 6730 6727 6731
f 6728 6727 6729
f 6724 6725 6726
f 6716 6429 6715
f 6725 6429 6716
f 6431 6429 6725
f 6724 6431 6725
f 6429 6419 6715
f 6714 6410 6424
f 6713 6714 6424
f 6713 6424 6421
f 6712 6713 6723
f 6713 6421 6723
f 6723 6421 6422
f 6709 6723 6722
f 6709 6712 6723
f 6720 6709 6722
f 6720 6711 6709
f 6721 6711 6720
f 6717 6718 6721
f 6720 6717 6721
f 6718 6717 6719
f 6716 6715 6707
f 6708 6716 6707
f 6707 6715 6706
f 6715 6419 6706
f 6706 6419 6417
f 6417 6407 6706
f 6705 6397 6409
f 6704 6705 6714
f 6705 6409 6714
f 6714 6409 6410
f 6703 6714 6713
f 6703 6704 6714
f 6700 6713 6712
f 6700 6703 6713
f 6709 6700 6712
f 6709 6702 6700
f 6710 6702 6709
f 6710 6709 6711
f 6708 6707 6698
f 6699 6708 6698
f 6696 6707 6706
f 6696 6698 6707
f 6696 6706 6695
f 6706 6407 6695
f 6695 6407 6406
f 6694 6695 6406
f 6694 6406 6403
f 6403 6394 6694
f 6693 6393 6401
f 6692 6693 6401
f 6692 6401 6399
f 6691 6692 6399
f 6691 6399 6396
f 6690 6691 6705
f 6691 6396 6705
f 6705 6396 6397
f 6688 6705 6704
f 6688 6690 6705
f 6685 6704 6703
f 6685 6688 6704
f 6700 6685 6703
f 6700 6687 6685
f 6701 6687 6700
f 6701 6700 6702
f 6698 6697 6699
f 6682 6698 6696
f 6682 6697 6698
f 6684 6697 6682
f 6681 6696 6695
f 6681 6682 6696
f 6679 6695 6694
f 6679 6681 6695
f 6679 6694 6678
f 6694 6394 6678
f 6678 6394 6392
f 6677 6678 6693
f 6678 6392 6693
f 6693 6392 6393
f 6675 6693 6692
f 6675 6677 6693
f 6673 6692 6691
f 6673 6675 6692
f 6670 6691 6690
f 6670 6673 6691
f 6688 6670 6690
f 6688 6672 6670
f 6689 6672 6688
f 6685 6686 6689
f 6688 6685 6689
f 6686 6685 6687
f 6682 6683 6684
f 6681 6680 6683
f 6682 6681 6683
f 6667 6681 6679
f 6667 6680 6681
f 6669 6680 6667
f 6665 6679 6678
f 6665 6667 6679
f 6662 6678 6677
f 6662 6665 6678
f 6675 6662 6677
f 6675 6664 6662
f 6676 6664 6675
f 6673 6674 6676
f 6675 6673 6676
f 6670 6671 6674
f 6673 6670 6674
f 6671 6670 6672
f 6667 6668 6669
f 6665 6666 6668
f 6667 6665 6668
f 6662 6663 6666
f 6665 6662 6666
f 6663 6662 6664
f 6647 6661 6390
f 6378 6647 6390
f 6660 6389 6661
f 6389 6390 6661
f 6659 6388 6660
f 6388 6389 6660
f 6376 6388 6659
f 6646 6376 6659
f 6639 6640 6658
f 6387 6658 6657
f 6387 6639 6658
f 6367 6639 6387
f 6656 6387 6657
f 6656 6366 6387
f 6638 6366 6656
f 6386 6656 6655
f 6386 6638 6656
f 6363 6638 6386
f 6654 6385 6655
f 6385 6386 6655
f 6653 6384 6654
f 6384 6385 6654
f 6652 6383 6653
f 6383 6384 6653
f 6651 6382 6652
f 6382 6383 6652
f 6650 6381 6651
f 6381 6382 6651
f 6649 6380 6650
f 6380 6381 6650
f 6648 6379 6649
f 6379 6380 6649
f 6647 6378 6379
f 6647 6379 6648
f 6376 6646 6645
f 6376 6645 6374
f 6644 6373 6645
f 6373 6374 6645
f 6362 6373 6644
f 6637 6362 6644
f 6372 6360 6634
f 6372 6643 6371
f 6372 6635 6643
f 6634 6635 6372
f 6642 6370 6643
f 6370 6371 6643
f 6641 6369 6642
f 6369 6370 6642
f 6369 6641 6368
f 6641 6640 6368
f 6368 6640 6639
f 6367 6368 6639
f 6638 6364 6366
f 6363 6364 6638
f 6637 6633 6362
f 6633 6359 6362
f 6361 6357 6629
f 6361 6629 6360
f 6360 6629 6634
f 6634 6629 6630
f 6634 6630 6636
f 6635 6634 6636
f 6359 6633 6632
f 6359 6632 6358
f 6356 6358 6632
f 6628 6356 6632
f 6627 6357 6355
f 6627 6629 6357
f 6631 6629 6627
f 6630 6629 6631
f 6628 6626 6356
f 6626 6354 6356
f 6355 6624 6627
f 6355 6352 6624
f 6354 6626 6625
f 6354 6625 6353
f 6351 6353 6625
f 6623 6351 6625
f 6352 6622 6624
f 6352 6350 6622
f 6623 6621 6351
f 6621 6349 6351
f 6350 6620 6622
f 6350 6348 6620
f 6621 6619 6349
f 6619 6347 6349
f 6348 6618 6620
f 6348 6346 6618
f 6619 6616 6347
f 6616 6344 6347
f 6617 6618 6346
f 6345 6617 6346
f 6617 6345 6343
f 6617 6343 6615
f 6616 6614 6344
f 6614 6341 6344
f 6343 6613 6615
f 6343 6340 6613
f 6614 6612 6341
f 6612 6338 6341
f 6340 6610 6613
f 6340 6336 6610
f 6338 6612 6611
f 6338 6611 6337
f 6335 6337 6611
f 6609 6335 6611
f 6336 6608 6610
f 6336 6334 6608
f 6609 6607 6335
f 6607 6333 6335
f 6334 6606 6608
f 6334 6332 6606
f 6607 6604 6333
f 6604 6331 6333
f 6330 6606 6332
f 6330 6605 6606
f 6602 6605 6330
f 6605 6602 6603
f 6604 6601 6331
f 6601 6329 6331
f 6328 6599 6602
f 6330 6328 6602
f 6600 6603 6602
f 6600 6602 6599
f 6601 6598 6329
f 6598 6327 6329
f 6325 6596 6599
f 6328 6325 6599
f 6597 6600 6599
f 6597 6599 6596
f 6598 6595 6327
f 6595 6594 6327
f 6327 6594 6326
f 6594 6323 6326
f 6325 6324 6596
f 6592 6597 6321
f 6597 6596 6321
f 6321 6596 6324
f 6595 6593 6594
f 6323 6591 6319
f 6323 6593 6591
f 6594 6593 6323
f 6321 6590 6592
f 6321 6317 6590
f 6591 6588 6319
f 6588 6315 6319
f 6314 6590 6317
f 6314 6589 6590
f 6585 6589 6314
f 6589 6585 6586
f 6587 6584 6583
f 6588 6312 6315
f 6588 6583 6312
f 6587 6583 6588
f 6311 6581 6585
f 6314 6311 6585
f 6582 6586 6585
f 6582 6585 6581
f 6579 6583 6584
f 6579 6584 6580
f 6579 6310 6312
f 6583 6579 6312
f 6309 6577 6581
f 6311 6309 6581
f 6578 6582 6581
f 6578 6581 6577
f 6575 6579 6580
f 6575 6580 6576
f 6575 6308 6310
f 6579 6575 6310
f 6306 6573 6577
f 6309 6306 6577
f 6574 6578 6577
f 6574 6577 6573
f 6572 6305 6576
f 6305 6307 6576
f 6576 6307 6575
f 6575 6307 6308
f 6303 6570 6573
f 6306 6303 6573
f 6571 6574 6573
f 6571 6573 6570
f 6572 6569 6305
f 6569 6302 6305
f 6299 6567 6570
f 6303 6299 6570
f 6568 6571 6570
f 6568 6570 6567
f 6569 6566 6302
f 6566 6565 6302
f 6302 6565 6300
f 6565 6298 6300
f 6297 6563 6567
f 6299 6297 6567
f 6564 6568 6567
f 6564 6567 6563
f 6561 6565 6566
f 6561 6566 6562
f 6561 6296 6298
f 6565 6561 6298
f 6294 6559 6563
f 6297 6294 6563
f 6560 6564 6563
f 6560 6563 6559
f 6558 6292 6562
f 6292 6295 6562
f 6562 6295 6561
f 6561 6295 6296
f 6294 6293 6559
f 6557 6560 6289
f 6560 6559 6289
f 6289 6559 6293
f 6558 6556 6292
f 6556 6555 6292
f 6292 6555 6290
f 6555 6287 6290
f 6289 6554 6557
f 6289 6286 6554
f 6552 6555 6556
f 6552 6556 6553
f 6552 6284 6287
f 6555 6552 6287
f 6286 6550 6554
f 6286 6283 6550
f 6553 6551 6552
f 6284 6548 6281
f 6284 6551 6548
f 6552 6551 6284
f 6280 6550 6283
f 6280 6549 6550
f 6546 6549 6280
f 6549 6546 6547
f 6548 6545 6281
f 6545 6278 6281
f 6277 6543 6546
f 6280 6277 6546
f 6544 6547 6546
f 6544 6546 6543
f 6545 6542 6278
f 6542 6275 6278
f 6274 6539 6543
f 6277 6274 6543
f 6540 6544 6543
f 6540 6543 6539
f 6542 6538 6275
f 6538 6272 6275
f 6537 6274 6269
f 6537 6539 6274
f 6541 6539 6537
f 6540 6539 6541
f 6538 6536 6272
f 6536 6535 6272
f 6272 6535 6270
f 6535 6267 6270
f 6269 6534 6537
f 6269 6265 6534
f 6532 6535 6536
f 6532 6536 6533
f 6532 6263 6267
f 6535 6532 6267
f 6266 6262 6530
f 6534 6265 6531
f 6265 6266 6531
f 6531 6266 6530
f 6528 6532 6533
f 6528 6533 6529
f 6528 6261 6263
f 6532 6528 6263
f 6260 6525 6530
f 6262 6260 6530
f 6526 6531 6530
f 6526 6530 6525
f 6529 6527 6528
f 6261 6524 6259
f 6261 6527 6524
f 6528 6527 6261
f 6258 6521 6525
f 6260 6258 6525
f 6522 6526 6525
f 6522 6525 6521
f 6524 6520 6259
f 6520 6257 6259
f 6519 6258 6256
f 6519 6521 6258
f 6523 6521 6519
f 6522 6521 6523
f 6520 6518 6257
f 6518 6255 6257
f 6256 6517 6519
f 6256 6254 6517
f 6518 6516 6255
f 6516 6253 6255
f 6254 6515 6517
f 6254 6252 6515
f 6516 6514 6253
f 6514 6251 6253
f 6252 6513 6515
f 6252 6250 6513
f 6514 6512 6251
f 6512 6249 6251
f 6250 6511 6513
f 6250 6247 6511
f 6508 6245 6248
f 6510 6249 6512
f 6510 6248 6249
f 6508 6248 6510
f 6247 6507 6511
f 6247 6244 6507
f 6242 6245 6506
f 6245 6508 6506
f 6506 6508 6509
f 6509 6508 6510
f 6244 6505 6507
f 6244 6241 6505
f 6506 6504 6242
f 6504 6238 6242
f 6241 6503 6505
f 6241 6502 6503
f 6239 6502 6241
f 6239 6235 6502
f 6499 6231 6237
f 6501 6238 6504
f 6501 6237 6238
f 6499 6237 6501
f 6503 6502 6497
f 6498 6503 6497
f 6235 6228 6497
f 6235 6497 6502
f 6494 6216 6230
f 6231 6494 6230
f 6499 6494 6231
f 6496 6494 6499
f 6500 6496 6499
f 6500 6499 6501
f 6498 6497 6492
f 6493 6498 6492
f 6228 6213 6492
f 6228 6492 6497
f 6490 6208 6222
f 6222 6207 6490
f 6488 6199 6215
f 6216 6488 6215
f 6494 6488 6216
f 6489 6488 6494
f 6495 6489 6494
f 6495 6494 6496
f 6492 6491 6493
f 6196 6487 6213
f 6487 6491 6213
f 6213 6491 6492
f 6490 6206 6208
f 6490 6486 6190
f 6206 6490 6190
f 6486 6490 6205
f 6205 6490 6207
f 6485 6486 6205
f 6485 6205 6202
f 6202 6188 6485
f 6484 6186 6198
f 6482 6484 6488
f 6484 6198 6488
f 6488 6198 6199
f 6488 6489 6483
f 6482 6488 6483
f 6196 6481 6487
f 6196 6184 6481
f 6486 6480 6176
f 6486 6176 6190
f 6479 6486 6485
f 6479 6480 6486
f 6188 6173 6479
f 6188 6479 6485
f 6484 6478 6170
f 6484 6170 6186
f 6475 6484 6482
f 6475 6478 6484
f 6482 6483 6477
f 6475 6482 6477
f 6184 6474 6481
f 6184 6473 6474
f 6183 6473 6184
f 6183 6167 6473
f 6472 6163 6178
f 6471 6472 6178
f 6471 6178 6175
f 6470 6471 6480
f 6471 6175 6480
f 6480 6175 6176
f 6469 6480 6479
f 6469 6470 6480
f 6469 6479 6468
f 6479 6173 6468
f 6468 6173 6172
f 6467 6468 6172
f 6467 6172 6169
f 6464 6467 6478
f 6467 6169 6478
f 6478 6169 6170
f 6475 6464 6478
f 6475 6466 6464
f 6476 6466 6475
f 6476 6475 6477
f 6474 6473 6462
f 6463 6474 6462
f 6167 6161 6462
f 6167 6462 6473
f 6472 6461 6155
f 6472 6155 6163
f 6460 6472 6471
f 6460 6461 6472
f 6459 6471 6470
f 6459 6460 6471
f 6457 6470 6469
f 6457 6459 6470
f 6455 6469 6468
f 6455 6457 6469
f 6452 6468 6467
f 6452 6455 6468
f 6464 6452 6467
f 6464 6454 6452
f 6465 6454 6464
f 6465 6464 6466
f 6463 6462 6449
f 6451 6463 6449
f 6161 6152 6449
f 6161 6449 6462
f 6448 6145 6157
f 6447 6448 6157
f 6447 6157 6154
f 6446 6447 6461
f 6447 6154 6461
f 6461 6154 6155
f 6444 6461 6460
f 6444 6446 6461
f 6441 6460 6459
f 6441 6444 6460
f 6457 6441 6459
f 6457 6443 6441
f 6458 6443 6457
f 6455 6456 6458
f 6457 6455 6458
f 6452 6453 6456
f 6455 6452 6456
f 6453 6452 6454
f 6449 6450 6451
f 6440 6150 6439
f 6450 6150 6440
f 6152 6150 6450
f 6449 6152 6450
f 6150 6142 6439
f 6438 6135 6147
f 6437 6438 6147
f 6437 6147 6144
f 6436 6437 6448
f 6437 6144 6448
f 6448 6144 6145
f 6435 6448 6447
f 6435 6436 6448
f 6432 6447 6446
f 6432 6435 6447
f 6444 6432 6446
f 6444 6434 6432
f 6445 6434 6444
f 6441 6442 6445
f 6444 6441 6445
f 6442 6441 6443
f 6440 6439 6430
f 6431 6440 6430
f 6430 6439 6428
f 6439 6142 6428
f 6428 6142 6140
f 6140 6132 6428
f 6427 6125 6134
f 6426 6427 6438
f 6427 6134 6438
f 6438 6134 6135
f 6425 6438 6437
f 6425 6426 6438
f 6423 6437 6436
f 6423 6425 6437
f 6420 6436 6435
f 6420 6423 6436
f 6432 6420 6435
f 6432 6422 6420
f 6433 6422 6432
f 6433 6432 6434
f 6430 6429 6431
f 6418 6430 6428
f 6418 6429 6430
f 6419 6429 6418
f 6418 6428 6416
f 6428 6132 6416
f 6416 6132 6131
f 6415 6416 6131
f 6415 6131 6129
f 6414 6415 6129
f 6414 6129 6127
f 6413 6414 6127
f 6413 6127 6124
f 6412 6413 6427
f 6413 6124 6427
f 6427 6124 6125
f 6411 6427 6426
f 6411 6412 6427
f 6408 6426 6425
f 6408 6411 6426
f 6423 6408 6425
f 6423 6410 6408
f 6424 6410 6423
f 6420 6421 6424
f 6423 6420 6424
f 6421 6420 6422
f 6418 6417 6419
f 6405 6418 6416
f 6405 6417 6418
f 6407 6417 6405
f 6404 6416 6415
f 6404 6405 6416
f 6402 6415 6414
f 6402 6404 6415
f 6400 6414 6413
f 6400 6402 6414
f 6398 6413 6412
f 6398 6400 6413
f 6395 6412 6411
f 6395 6398 6412
f 6408 6395 6411
f 6408 6397 6395
f 6409 6397 6408
f 6409 6408 6410
f 6405 6406 6407
f 6404 6403 6406
f 6405 6404 6406
f 6391 6404 6402
f 6391 6403 6404
f 6394 6403 6391
f 6400 6391 6402
f 6400 6393 6391
f 6401 6393 6400
f 6398 6399 6401
f 6400 6398 6401
f 6395 6396 6399
f 6398 6395 6399
f 6396 6395 6397
f 6391 6392 6394
f 6392 6391 6393
f 6377 6378 6390
f 6122 6390 6389
f 6122 6377 6390
f 6112 6377 6122
f 6388 6122 6389
f 6388 6111 6122
f 6375 6111 6388
f 6376 6375 6388
f 6365 6367 6387
f 6366 6365 6387
f 6363 6386 6121
f 6099 6363 6121
f 6385 6120 6386
f 6120 6121 6386
f 6384 6119 6385
f 6119 6120 6385
f 6383 6118 6384
f 6118 6119 6384
f 6382 6117 6383
f 6117 6118 6383
f 6381 6116 6382
f 6116 6117 6382
f 6380 6115 6381
f 6115 6116 6381
f 6379 6114 6380
f 6114 6115 6380
f 6114 6379 6113
f 6379 6378 6113
f 6113 6378 6377
f 6112 6113 6377
f 6375 6109 6111
f 6108 6109 6374
f 6109 6375 6374
f 6374 6375 6376
f 6373 6107 6374
f 6107 6108 6374
f 6098 6107 6373
f 6362 6098 6373
f 6360 6372 6106
f 6095 6360 6106
f 6371 6105 6372
f 6105 6106 6372
f 6370 6104 6371
f 6104 6105 6371
f 6369 6103 6370
f 6103 6104 6370
f 6368 6102 6369
f 6102 6103 6369
f 6102 6368 6101
f 6368 6367 6101
f 6101 6367 6365
f 6100 6101 6364
f 6101 6365 6364
f 6364 6365 6366
f 6363 6099 6100
f 6363 6100 6364
f 6362 6359 6098
f 6359 6094 6098
f 6357 6361 6096
f 6092 6357 6096
f 6360 6095 6096
f 6360 6096 6361
f 6094 6359 6358
f 6094 6358 6093
f 6091 6093 6358
f 6356 6091 6358
f 6092 6355 6357
f 6092 6090 6355
f 6356 6354 6091
f 6354 6089 6091
f 6090 6352 6355
f 6090 6087 6352
f 6089 6354 6353
f 6089 6353 6088
f 6086 6088 6353
f 6351 6086 6353
f 6087 6350 6352
f 6087 6084 6350
f 6351 6349 6086
f 6349 6083 6086
f 6084 6348 6350
f 6084 6082 6348
f 6349 6347 6083
f 6347 6081 6083
f 6082 6346 6348
f 6082 6080 6346
f 6347 6344 6081
f 6344 6079 6081
f 6078 6346 6080
f 6078 6345 6346
f 6342 6345 6078
f 6345 6342 6343
f 6344 6341 6079
f 6341 6077 6079
f 6076 6339 6342
f 6078 6076 6342
f 6340 6343 6342
f 6340 6342 6339
f 6341 6338 6077
f 6338 6073 6077
f 6076 6074 6339
f 6336 6340 6071
f 6340 6339 6071
f 6071 6339 6074
f 6073 6338 6337
f 6073 6337 6072
f 6070 6072 6337
f 6335 6070 6337
f 6071 6334 6336
f 6071 6068 6334
f 6335 6333 6070
f 6333 6067 6070
f 6068 6332 6334
f 6068 6066 6332
f 6333 6331 6067
f 6331 6065 6067
f 6066 6330 6332
f 6066 6064 6330
f 6331 6329 6065
f 6329 6063 6065
f 6064 6328 6330
f 6064 6062 6328
f 6329 6327 6063
f 6327 6061 6063
f 6062 6325 6328
f 6062 6060 6325
f 6061 6327 6059
f 6327 6326 6059
f 6059 6326 6322
f 6323 6322 6326
f 6058 6325 6060
f 6058 6324 6325
f 6320 6324 6058
f 6324 6320 6321
f 6322 6318 6057
f 6322 6057 6059
f 6322 6323 6319
f 6318 6322 6319
f 6055 6316 6320
f 6058 6055 6320
f 6317 6321 6320
f 6317 6320 6316
f 6318 6056 6057
f 6054 6319 6315
f 6054 6318 6319
f 6056 6318 6054
f 6052 6313 6316
f 6055 6052 6316
f 6314 6317 6316
f 6314 6316 6313
f 6315 6312 6054
f 6312 6050 6054
f 6052 6051 6313
f 6311 6314 6049
f 6314 6313 6049
f 6049 6313 6051
f 6312 6310 6050
f 6310 6047 6050
f 6049 6309 6311
f 6049 6046 6309
f 6310 6308 6047
f 6308 6044 6047
f 6046 6306 6309
f 6046 6043 6306
f 6307 6305 6304
f 6308 6041 6044
f 6308 6304 6041
f 6307 6304 6308
f 6043 6303 6306
f 6043 6040 6303
f 6301 6304 6305
f 6301 6305 6302
f 6301 6038 6041
f 6304 6301 6041
f 6040 6299 6303
f 6040 6037 6299
f 6302 6300 6301
f 6038 6298 6036
f 6038 6300 6298
f 6301 6300 6038
f 6037 6297 6299
f 6037 6035 6297
f 6298 6296 6036
f 6296 6034 6036
f 6035 6294 6297
f 6035 6033 6294
f 6295 6292 6291
f 6296 6032 6034
f 6296 6291 6032
f 6295 6291 6296
f 6031 6294 6033
f 6031 6293 6294
f 6288 6293 6031
f 6293 6288 6289
f 6292 6290 6291
f 6032 6287 6030
f 6032 6290 6287
f 6291 6290 6032
f 6029 6285 6288
f 6031 6029 6288
f 6286 6289 6288
f 6286 6288 6285
f 6287 6284 6030
f 6284 6028 6030
f 6027 6282 6285
f 6029 6027 6285
f 6283 6286 6285
f 6283 6285 6282
f 6284 6281 6028
f 6281 6026 6028
f 6025 6279 6282
f 6027 6025 6282
f 6280 6283 6282
f 6280 6282 6279
f 6281 6278 6026
f 6278 6024 6026
f 6023 6276 6279
f 6025 6023 6279
f 6277 6280 6279
f 6277 6279 6276
f 6278 6275 6024
f 6275 6022 6024
f 6019 6273 6276
f 6023 6019 6276
f 6274 6277 6276
f 6274 6276 6273
f 6275 6272 6022
f 6272 6271 6022
f 6022 6271 6020
f 6271 6018 6020
f 6017 6268 6273
f 6019 6017 6273
f 6269 6274 6273
f 6269 6273 6268
f 6272 6270 6271
f 6018 6267 6016
f 6018 6270 6267
f 6271 6270 6018
f 6015 6264 6268
f 6017 6015 6268
f 6265 6269 6268
f 6265 6268 6264
f 6267 6263 6016
f 6263 6014 6016
f 6262 6015 6013
f 6262 6264 6015
f 6266 6264 6262
f 6265 6264 6266
f 6263 6261 6014
f 6261 6012 6014
f 6013 6260 6262
f 6013 6011 6260
f 6261 6259 6012
f 6259 6010 6012
f 6011 6258 6260
f 6011 6009 6258
f 6259 6257 6010
f 6257 6008 6010
f 6009 6256 6258
f 6009 6007 6256
f 6257 6255 6008
f 6255 6006 6008
f 6007 6254 6256
f 6007 6005 6254
f 6255 6253 6006
f 6253 6004 6006
f 6005 6252 6254
f 6005 6003 6252
f 6253 6251 6004
f 6251 6002 6004
f 6003 6250 6252
f 6003 6001 6250
f 6251 6249 6002
f 6249 5998 6002
f 6001 6247 6250
f 6001 6246 6247
f 5999 6246 6001
f 5999 5996 6246
f 5997 6248 6245
f 5997 6245 5995
f 5997 5998 6249
f 6248 5997 6249
f 6247 6246 6243
f 6244 6247 6243
f 5996 5994 6243
f 5996 6243 6246
f 6245 6242 5995
f 6242 5993 5995
f 6244 6243 6240
f 6241 6244 6240
f 5994 5991 6240
f 5994 6240 6243
f 6236 5987 5992
f 6238 5993 6242
f 6238 5992 5993
f 6236 5992 6238
f 6240 6239 6241
f 5985 6235 5991
f 6235 6239 5991
f 5991 6239 6240
f 6234 5978 5990
f 6233 6234 5990
f 6233 5990 5989
f 6232 6233 5989
f 6232 5989 5988
f 5988 5975 6232
f 6229 5968 5986
f 5987 6229 5986
f 6236 6229 5987
f 6231 6229 6236
f 6237 6231 6236
f 6237 6236 6238
f 5985 6228 6235
f 5985 5965 6228
f 6227 5963 5984
f 6226 6227 5984
f 6226 5984 5982
f 6225 6226 5982
f 6225 5982 5980
f 6224 6225 5980
f 6224 5980 5977
f 6223 6224 6234
f 6224 5977 6234
f 6234 5977 5978
f 6221 6234 6233
f 6221 6223 6234
f 6220 6233 6232
f 6220 6221 6233
f 6220 6232 6219
f 6232 5975 6219
f 6219 5975 5974
f 6218 6219 5974
f 6218 5974 5972
f 6217 6218 5972
f 6217 5972 5970
f 6214 6217 5970
f 6214 5970 5967
f 5968 6214 5967
f 6229 6214 5968
f 6216 6214 6229
f 6230 6216 6229
f 6230 6229 6231
f 5965 6213 6228
f 5965 5961 6213
f 6227 6212 5957
f 6227 5957 5963
f 6211 6227 6226
f 6211 6212 6227
f 6210 6226 6225
f 6210 6211 6226
f 6209 6225 6224
f 6209 6210 6225
f 6223 6209 6224
f 6223 6208 6209
f 6222 6208 6223
f 6204 6223 6221
f 6204 6222 6223
f 6207 6222 6204
f 6203 6221 6220
f 6203 6204 6221
f 6201 6220 6219
f 6201 6203 6220
f 6200 6219 6218
f 6200 6201 6219
f 6197 6218 6217
f 6197 6200 6218
f 6214 6197 6217
f 6214 6199 6197
f 6215 6199 6214
f 6215 6214 6216
f 5961 6196 6213
f 5961 6195 6196
f 5960 6195 5961
f 5960 5955 6195
f 6212 6194 5951
f 6212 5951 5957
f 6193 6212 6211
f 6193 6194 6212
f 6192 6211 6210
f 6192 6193 6211
f 6191 6210 6209
f 6191 6192 6210
f 6209 6189 6191
f 6209 6206 6189
f 6208 6206 6209
f 6207 6204 6205
f 6189 6206 6190
f 6203 6202 6205
f 6204 6203 6205
f 6187 6203 6201
f 6187 6202 6203
f 6188 6202 6187
f 6185 6201 6200
f 6185 6187 6201
f 6197 6185 6200
f 6197 6186 6185
f 6198 6186 6197
f 6198 6197 6199
f 6196 6195 6182
f 6184 6196 6182
f 5955 5949 6182
f 5955 6182 6195
f 6194 6181 5942
f 6194 5942 5951
f 6180 6194 6193
f 6180 6181 6194
f 6179 6193 6192
f 6179 6180 6193
f 6177 6192 6191
f 6177 6179 6192
f 6174 6191 6189
f 6174 6177 6191
f 6189 6190 6176
f 6174 6189 6176
f 6188 6187 6171
f 6173 6188 6171
f 6168 6187 6185
f 6168 6171 6187
f 6185 6186 6170
f 6168 6185 6170
f 6182 6183 6184
f 6167 5947 6166
f 6183 5947 6167
f 5949 5947 6183
f 6182 5949 6183
f 5947 5940 6166
f 6181 6165 5933
f 6181 5933 5942
f 6164 6181 6180
f 6164 6165 6181
f 6162 6180 6179
f 6162 6164 6180
f 6177 6162 6179
f 6177 6163 6162
f 6178 6163 6177
f 6174 6175 6178
f 6177 6174 6178
f 6175 6174 6176
f 6171 6172 6173
f 6168 6169 6172
f 6171 6168 6172
f 6169 6168 6170
f 6167 6166 6160
f 6161 6167 6160
f 5940 5930 6160
f 5940 6160 6166
f 6159 5923 5932
f 6158 6159 6165
f 6159 5932 6165
f 6165 5932 5933
f 6156 6165 6164
f 6156 6158 6165
f 6153 6164 6162
f 6153 6156 6164
f 6162 6163 6155
f 6153 6162 6155
f 6161 6160 6151
f 6152 6161 6151
f 6151 6160 6149
f 6160 5930 6149
f 6149 5930 5928
f 5928 5920 6149
f 6148 5913 5922
f 6146 6148 6159
f 6148 5922 6159
f 6159 5922 5923
f 6143 6159 6158
f 6143 6146 6159
f 6156 6143 6158
f 6156 6145 6143
f 6157 6145 6156
f 6153 6154 6157
f 6156 6153 6157
f 6154 6153 6155
f 6151 6150 6152
f 6141 6151 6149
f 6141 6150 6151
f 6142 6150 6141
f 6141 6149 6139
f 6149 5920 6139
f 6139 5920 5919
f 6138 6139 5919
f 6138 5919 5917
f 6137 6138 5917
f 6137 5917 5915
f 6136 6137 5915
f 6136 5915 5912
f 6133 6136 6148
f 6136 5912 6148
f 6148 5912 5913
f 6146 6133 6148
f 6146 6135 6133
f 6147 6135 6146
f 6143 6144 6147
f 6146 6143 6147
f 6144 6143 6145
f 6141 6140 6142
f 6130 6141 6139
f 6130 6140 6141
f 6132 6140 6130
f 6128 6139 6138
f 6128 6130 6139
f 6126 6138 6137
f 6126 6128 6138
f 6123 6137 6136
f 6123 6126 6137
f 6133 6123 6136
f 6133 6125 6123
f 6134 6125 6133
f 6134 6133 6135
f 6130 6131 6132
f 6128 6129 6131
f 6130 6128 6131
f 6126 6127 6129
f 6128 6126 6129
f 6123 6124 6127
f 6126 6123 6127
f 6124 6123 6125
f 6110 6112 6122
f 6111 6110 6122
f 6099 6121 5910
f 5891 6099 5910
f 6120 5909 6121
f 5909 5910 6121
f 6119 5908 6120
f 5908 5909 6120
f 6118 5907 6119
f 5907 5908 6119
f 6117 5906 6118
f 5906 5907 6118
f 6116 5905 6117
f 5905 5906 6117
f 6115 5904 6116
f 5904 5905 6116
f 6114 5903 6115
f 5903 5904 6115
f 6113 5902 6114
f 5902 5903 6114
f 5902 6113 5901
f 6113 6112 5901
f 5901 6112 6110
f 5900 5901 6109
f 5901 6110 6109
f 6109 6110 6111
f 6108 5899 6109
f 5899 5900 6109
f 6107 5899 6108
f 6107 5890 5899
f 6097 5890 6107
f 6098 6097 6107
f 6095 6106 5898
f 5886 6095 5898
f 6105 5897 6106
f 5897 5898 6106
f 6104 5896 6105
f 5896 5897 6105
f 6103 5895 6104
f 5895 5896 6104
f 6102 5894 6103
f 5894 5895 6103
f 6101 5893 6102
f 5893 5894 6102
f 6100 5892 6101
f 5892 5893 6101
f 6099 5891 5892
f 6099 5892 6100
f 6097 5888 5890
f 5884 6098 6094
f 5884 6097 6098
f 5888 6097 5884
f 6092 6096 5887
f 5882 6092 5887
f 6095 5886 5887
f 6095 5887 6096
f 5884 6094 6093
f 5884 6093 5883
f 5880 5883 6093
f 6091 5880 6093
f 5882 6090 6092
f 5882 5879 6090
f 6091 6089 5880
f 6089 5878 5880
f 5879 6087 6090
f 5879 5877 6087
f 5878 6089 5876
f 6089 6088 5876
f 5876 6088 6085
f 6086 6085 6088
f 5877 6084 6087
f 5877 5874 6084
f 6085 5875 5876
f 5873 6086 6083
f 5873 6085 6086
f 5875 6085 5873
f 5874 6082 6084
f 5874 5871 6082
f 6083 6081 5873
f 6081 5870 5873
f 5871 6080 6082
f 5871 5869 6080
f 6081 6079 5870
f 6079 5868 5870
f 5869 6078 6080
f 5869 5867 6078
f 6079 6077 5868
f 6077 5865 5868
f 5867 6076 6078
f 5867 6075 6076
f 5866 6075 5867
f 5866 5864 6075
f 6077 6073 5865
f 6073 5863 5865
f 6075 6074 6076
f 5862 6071 5864
f 6071 6074 5864
f 5864 6074 6075
f 5863 6073 5861
f 6073 6072 5861
f 5861 6072 6069
f 6070 6069 6072
f 5862 6068 6071
f 5862 5859 6068
f 6069 5860 5861
f 5858 6070 6067
f 5858 6069 6070
f 5860 6069 5858
f 5859 6066 6068
f 5859 5856 6066
f 6067 6065 5858
f 6065 5855 5858
f 5856 6064 6066
f 5856 5853 6064
f 6065 6063 5855
f 6063 5852 5855
f 5853 6062 6064
f 5853 5850 6062
f 6063 6061 5852
f 6061 5849 5852
f 5850 6060 6062
f 5850 5848 6060
f 6061 6059 5849
f 6059 5847 5849
f 5848 6058 6060
f 5848 5846 6058
f 6059 6057 5847
f 6057 5845 5847
f 5846 6055 6058
f 5846 5844 6055
f 5845 6057 5843
f 6057 6056 5843
f 5843 6056 6053
f 6054 6053 6056
f 5844 6052 6055
f 5844 5841 6052
f 6053 5842 5843
f 5840 6054 6050
f 5840 6053 6054
f 5842 6053 5840
f 5838 6052 5841
f 5838 6051 6052
f 6048 6051 5838
f 6051 6048 6049
f 6050 6047 5840
f 6047 5837 5840
f 5836 6045 6048
f 5838 5836 6048
f 6046 6049 6048
f 6046 6048 6045
f 6047 6044 5837
f 6044 5835 5837
f 5834 6042 6045
f 5836 5834 6045
f 6043 6046 6045
f 6043 6045 6042
f 6044 6041 5835
f 6041 5833 5835
f 5832 6039 6042
f 5834 5832 6042
f 6040 6043 6042
f 6040 6042 6039
f 6041 6038 5833
f 6038 5830 5833
f 5832 5831 6039
f 6037 6040 5829
f 6040 6039 5829
f 5829 6039 5831
f 6038 6036 5830
f 6036 5827 5830
f 5829 6035 6037
f 5829 5826 6035
f 6036 6034 5827
f 6034 5824 5827
f 5826 6033 6035
f 5826 5823 6033
f 6034 6032 5824
f 6032 5822 5824
f 5823 6031 6033
f 5823 5821 6031
f 6032 6030 5822
f 6030 5820 5822
f 5821 6029 6031
f 5821 5819 6029
f 6030 6028 5820
f 6028 5818 5820
f 5819 6027 6029
f 5819 5817 6027
f 6028 6026 5818
f 6026 5816 5818
f 5817 6025 6027
f 5817 5815 6025
f 6026 6024 5816
f 6024 5814 5816
f 5815 6023 6025
f 5815 5812 6023
f 6024 6022 5814
f 6022 6021 5814
f 5814 6021 5813
f 6021 5811 5813
f 5812 6019 6023
f 5812 5810 6019
f 6022 6020 6021
f 5811 6018 5809
f 5811 6020 6018
f 6021 6020 5811
f 5810 6017 6019
f 5810 5808 6017
f 6018 6016 5809
f 6016 5807 5809
f 5808 6015 6017
f 5808 5806 6015
f 6016 6014 5807
f 6014 5805 5807
f 5806 6013 6015
f 5806 5804 6013
f 6014 6012 5805
f 6012 5803 5805
f 5804 6011 6013
f 5804 5802 6011
f 6012 6010 5803
f 6010 5801 5803
f 5802 6009 6011
f 5802 5800 6009
f 6010 6008 5801
f 6008 5799 5801
f 5800 6007 6009
f 5800 5797 6007
f 6008 6006 5799
f 6006 5795 5799
f 5797 6005 6007
f 5797 5794 6005
f 6006 6004 5795
f 6004 5792 5795
f 5794 6003 6005
f 5794 5791 6003
f 6004 6002 5792
f 6002 5788 5792
f 5791 6001 6003
f 5791 6000 6001
f 5789 6000 5791
f 5789 5787 6000
f 6002 5998 5788
f 5998 5786 5788
f 6000 5999 6001
f 5784 5996 5787
f 5996 5999 5787
f 5787 5999 6000
f 5785 5997 5995
f 5785 5995 5783
f 5785 5786 5998
f 5997 5785 5998
f 5784 5994 5996
f 5784 5782 5994
f 5995 5993 5783
f 5993 5781 5783
f 5782 5991 5994
f 5782 5779 5991
f 5780 5992 5987
f 5780 5987 5762
f 5780 5781 5993
f 5992 5780 5993
f 5779 5985 5991
f 5779 5759 5985
f 5983 5755 5777
f 5981 5983 5777
f 5981 5777 5776
f 5979 5981 5776
f 5979 5776 5775
f 5976 5979 5775
f 5976 5775 5774
f 5773 5990 5774
f 5990 5978 5774
f 5774 5978 5976
f 5990 5771 5989
f 5990 5773 5771
f 5989 5769 5988
f 5989 5771 5769
f 5769 5767 5988
f 5767 5973 5988
f 5988 5973 5975
f 5971 5973 5767
f 5971 5767 5765
f 5969 5971 5765
f 5969 5765 5764
f 5966 5969 5764
f 5966 5764 5763
f 5761 5986 5763
f 5986 5968 5763
f 5763 5968 5966
f 5761 5762 5987
f 5986 5761 5987
f 5759 5965 5985
f 5759 5964 5965
f 5758 5964 5759
f 5758 5752 5964
f 5962 5748 5754
f 5755 5962 5754
f 5983 5962 5755
f 5963 5962 5983
f 5984 5963 5983
f 5981 5982 5984
f 5983 5981 5984
f 5979 5980 5982
f 5981 5979 5982
f 5976 5977 5980
f 5979 5976 5980
f 5977 5976 5978
f 5973 5974 5975
f 5971 5972 5974
f 5973 5971 5974
f 5969 5970 5972
f 5971 5969 5972
f 5966 5967 5970
f 5969 5966 5970
f 5967 5966 5968
f 5965 5964 5959
f 5961 5965 5959
f 5752 5745 5959
f 5752 5959 5964
f 5958 5738 5747
f 5956 5958 5962
f 5958 5747 5962
f 5962 5747 5748
f 5962 5963 5957
f 5956 5962 5957
f 5959 5960 5961
f 5955 5743 5954
f 5960 5743 5955
f 5745 5743 5960
f 5959 5745 5960
f 5743 5735 5954
f 5953 5730 5737
f 5952 5953 5958
f 5953 5737 5958
f 5958 5737 5738
f 5950 5958 5956
f 5950 5952 5958
f 5956 5957 5951
f 5950 5956 5951
f 5955 5954 5948
f 5949 5955 5948
f 5948 5954 5946
f 5954 5735 5946
f 5946 5735 5733
f 5733 5727 5946
f 5945 5724 5729
f 5944 5945 5953
f 5945 5729 5953
f 5953 5729 5730
f 5943 5953 5952
f 5943 5944 5953
f 5941 5952 5950
f 5941 5943 5952
f 5950 5951 5942
f 5941 5950 5942
f 5948 5947 5949
f 5939 5948 5946
f 5939 5947 5948
f 5940 5947 5939
f 5939 5946 5938
f 5946 5727 5938
f 5938 5727 5726
f 5937 5938 5726
f 5937 5726 5723
f 5936 5937 5945
f 5937 5723 5945
f 5945 5723 5724
f 5935 5945 5944
f 5935 5936 5945
f 5934 5944 5943
f 5934 5935 5944
f 5931 5943 5941
f 5931 5934 5943
f 5941 5942 5933
f 5931 5941 5933
f 5940 5939 5929
f 5930 5940 5929
f 5927 5939 5938
f 5927 5929 5939
f 5926 5938 5937
f 5926 5927 5938
f 5925 5937 5936
f 5925 5926 5937
f 5924 5936 5935
f 5924 5925 5936
f 5921 5935 5934
f 5921 5924 5935
f 5931 5921 5934
f 5931 5923 5921
f 5932 5923 5931
f 5932 5931 5933
f 5929 5928 5930
f 5918 5929 5927
f 5918 5928 5929
f 5920 5928 5918
f 5916 5927 5926
f 5916 5918 5927
f 5914 5926 5925
f 5914 5916 5926
f 5911 5925 5924
f 5911 5914 5925
f 5921 5911 5924
f 5921 5913 5911
f 5922 5913 5921
f 5922 5921 5923
f 5918 5919 5920
f 5916 5917 5919
f 5918 5916 5919
f 5914 5915 5917
f 5916 5914 5917
f 5911 5912 5915
f 5914 5911 5915
f 5912 5911 5913
f 5891 5910 5721
f 5704 5891 5721
f 5909 5720 5910
f 5720 5721 5910
f 5908 5719 5909
f 5719 5720 5909
f 5907 5718 5908
f 5718 5719 5908
f 5906 5717 5907
f 5717 5718 5907
f 5905 5716 5906
f 5716 5717 5906
f 5904 5715 5905
f 5715 5716 5905
f 5903 5714 5904
f 5714 5715 5904
f 5902 5713 5903
f 5713 5714 5903
f 5901 5712 5902
f 5712 5713 5902
f 5900 5711 5901
f 5711 5712 5901
f 5899 5711 5900
f 5899 5695 5711
f 5889 5695 5899
f 5890 5889 5899
f 5885 5886 5898
f 5710 5898 5897
f 5710 5885 5898
f 5690 5885 5710
f 5896 5709 5897
f 5709 5710 5897
f 5895 5708 5896
f 5708 5709 5896
f 5894 5707 5895
f 5707 5708 5895
f 5893 5706 5894
f 5706 5707 5894
f 5892 5705 5893
f 5705 5706 5893
f 5891 5704 5705
f 5891 5705 5892
f 5889 5693 5695
f 5692 5693 5888
f 5693 5889 5888
f 5888 5889 5890
f 5689 5692 5888
f 5884 5689 5888
f 5881 5882 5887
f 5887 5685 5881
f 5886 5685 5887
f 5691 5685 5886
f 5885 5691 5886
f 5690 5691 5885
f 5689 5884 5883
f 5689 5883 5687
f 5684 5687 5883
f 5880 5684 5883
f 5882 5682 5879
f 5882 5686 5682
f 5881 5686 5882
f 5685 5686 5881
f 5880 5878 5684
f 5878 5680 5684
f 5682 5877 5879
f 5682 5678 5877
f 5878 5876 5680
f 5876 5677 5680
f 5678 5874 5877
f 5678 5676 5874
f 5677 5876 5675
f 5876 5875 5675
f 5675 5875 5872
f 5873 5872 5875
f 5676 5871 5874
f 5676 5673 5871
f 5872 5674 5675
f 5671 5873 5870
f 5671 5872 5873
f 5674 5872 5671
f 5673 5869 5871
f 5673 5669 5869
f 5870 5868 5671
f 5868 5667 5671
f 5669 5867 5869
f 5669 5665 5867
f 5868 5865 5667
f 5865 5662 5667
f 5866 5867 5665
f 5663 5866 5665
f 5866 5663 5661
f 5866 5661 5864
f 5865 5863 5662
f 5863 5660 5662
f 5661 5862 5864
f 5661 5659 5862
f 5863 5861 5660
f 5861 5658 5660
f 5659 5859 5862
f 5659 5657 5859
f 5658 5861 5656
f 5861 5860 5656
f 5656 5860 5857
f 5858 5857 5860
f 5657 5856 5859
f 5657 5655 5856
f 5857 5854 5654
f 5857 5654 5656
f 5857 5858 5855
f 5854 5857 5855
f 5655 5853 5856
f 5655 5653 5853
f 5854 5851 5652
f 5854 5652 5654
f 5854 5855 5852
f 5851 5854 5852
f 5653 5850 5853
f 5653 5650 5850
f 5851 5651 5652
f 5649 5852 5849
f 5649 5851 5852
f 5651 5851 5649
f 5650 5848 5850
f 5650 5647 5848
f 5849 5847 5649
f 5847 5646 5649
f 5647 5846 5848
f 5647 5644 5846
f 5847 5845 5646
f 5845 5643 5646
f 5644 5844 5846
f 5644 5642 5844
f 5845 5843 5643
f 5843 5641 5643
f 5642 5841 5844
f 5642 5640 5841
f 5641 5843 5639
f 5843 5842 5639
f 5639 5842 5839
f 5840 5839 5842
f 5640 5838 5841
f 5640 5637 5838
f 5839 5638 5639
f 5636 5840 5837
f 5636 5839 5840
f 5638 5839 5636
f 5637 5836 5838
f 5637 5634 5836
f 5837 5835 5636
f 5835 5633 5636
f 5634 5834 5836
f 5634 5631 5834
f 5835 5833 5633
f 5833 5630 5633
f 5631 5832 5834
f 5631 5628 5832
f 5833 5830 5630
f 5830 5626 5630
f 5624 5832 5628
f 5624 5831 5832
f 5828 5831 5624
f 5831 5828 5829
f 5830 5827 5626
f 5827 5623 5626
f 5621 5825 5828
f 5624 5621 5828
f 5826 5829 5828
f 5826 5828 5825
f 5827 5824 5623
f 5824 5619 5623
f 5621 5620 5825
f 5823 5826 5617
f 5826 5825 5617
f 5617 5825 5620
f 5824 5822 5619
f 5822 5616 5619
f 5617 5821 5823
f 5617 5614 5821
f 5822 5820 5616
f 5820 5613 5616
f 5614 5819 5821
f 5614 5611 5819
f 5820 5818 5613
f 5818 5610 5613
f 5611 5817 5819
f 5611 5609 5817
f 5818 5816 5610
f 5816 5608 5610
f 5609 5815 5817
f 5609 5607 5815
f 5816 5814 5608
f 5814 5606 5608
f 5607 5812 5815
f 5607 5604 5812
f 5606 5814 5813
f 5606 5813 5605
f 5603 5605 5813
f 5811 5603 5813
f 5604 5810 5812
f 5604 5601 5810
f 5811 5809 5603
f 5809 5600 5603
f 5601 5808 5810
f 5601 5599 5808
f 5809 5807 5600
f 5807 5598 5600
f 5599 5806 5808
f 5599 5597 5806
f 5807 5805 5598
f 5805 5596 5598
f 5597 5804 5806
f 5597 5595 5804
f 5805 5803 5596
f 5803 5594 5596
f 5595 5802 5804
f 5595 5593 5802
f 5803 5801 5594
f 5801 5592 5594
f 5593 5800 5802
f 5593 5589 5800
f 5801 5799 5592
f 5799 5798 5592
f 5592 5798 5590
f 5798 5586 5590
f 5589 5797 5800
f 5589 5796 5797
f 5587 5796 5589
f 5587 5584 5796
f 5795 5583 5799
f 5583 5585 5799
f 5799 5585 5798
f 5798 5585 5586
f 5797 5796 5793
f 5794 5797 5793
f 5584 5581 5793
f 5584 5793 5796
f 5795 5792 5583
f 5792 5580 5583
f 5794 5793 5790
f 5791 5794 5790
f 5581 5579 5790
f 5581 5790 5793
f 5792 5788 5580
f 5788 5578 5580
f 5790 5789 5791
f 5577 5787 5579
f 5787 5789 5579
f 5579 5789 5790
f 5788 5786 5578
f 5786 5576 5578
f 5577 5784 5787
f 5577 5574 5784
f 5575 5785 5783
f 5575 5783 5573
f 5575 5576 5786
f 5785 5575 5786
f 5574 5782 5784
f 5574 5571 5782
f 5783 5781 5573
f 5781 5563 5573
f 5571 5779 5782
f 5571 5778 5779
f 5570 5778 5571
f 5570 5561 5778
f 5772 5552 5568
f 5770 5772 5568
f 5770 5568 5567
f 5768 5770 5567
f 5768 5567 5566
f 5766 5768 5566
f 5766 5566 5565
f 5565 5550 5766
f 5760 5546 5564
f 5562 5780 5564
f 5780 5762 5564
f 5564 5762 5760
f 5562 5563 5781
f 5780 5562 5781
f 5779 5778 5757
f 5759 5779 5757
f 5561 5544 5757
f 5561 5757 5778
f 5756 5539 5559
f 5753 5756 5559
f 5753 5559 5558
f 5557 5777 5558
f 5777 5755 5558
f 5558 5755 5753
f 5777 5556 5776
f 5777 5557 5556
f 5776 5555 5775
f 5776 5556 5555
f 5775 5553 5774
f 5775 5555 5553
f 5553 5773 5774
f 5553 5772 5773
f 5552 5772 5553
f 5770 5771 5773
f 5772 5770 5773
f 5768 5769 5771
f 5770 5768 5771
f 5766 5767 5769
f 5768 5766 5769
f 5767 5549 5765
f 5767 5550 5549
f 5766 5550 5767
f 5765 5548 5764
f 5765 5549 5548
f 5764 5547 5763
f 5764 5548 5547
f 5547 5761 5763
f 5547 5760 5761
f 5546 5760 5547
f 5761 5760 5762
f 5757 5758 5759
f 5752 5542 5751
f 5758 5542 5752
f 5544 5542 5758
f 5757 5544 5758
f 5542 5537 5751
f 5750 5532 5540
f 5749 5750 5540
f 5749 5540 5538
f 5746 5749 5756
f 5749 5538 5756
f 5756 5538 5539
f 5753 5746 5756
f 5753 5748 5746
f 5754 5748 5753
f 5754 5753 5755
f 5752 5751 5744
f 5745 5752 5744
f 5744 5751 5742
f 5751 5537 5742
f 5742 5537 5536
f 5741 5742 5536
f 5741 5536 5534
f 5740 5741 5534
f 5740 5534 5531
f 5739 5740 5750
f 5740 5531 5750
f 5750 5531 5532
f 5736 5750 5749
f 5736 5739 5750
f 5746 5736 5749
f 5746 5738 5736
f 5747 5738 5746
f 5747 5746 5748
f 5744 5743 5745
f 5734 5744 5742
f 5734 5743 5744
f 5735 5743 5734
f 5732 5742 5741
f 5732 5734 5742
f 5731 5741 5740
f 5731 5732 5741
f 5728 5740 5739
f 5728 5731 5740
f 5736 5728 5739
f 5736 5730 5728
f 5737 5730 5736
f 5737 5736 5738
f 5734 5733 5735
f 5725 5734 5732
f 5725 5733 5734
f 5727 5733 5725
f 5722 5732 5731
f 5722 5725 5732
f 5728 5722 5731
f 5728 5724 5722
f 5729 5724 5728
f 5729 5728 5730
f 5725 5726 5727
f 5722 5723 5726
f 5725 5722 5726
f 5723 5722 5724
f 5703 5704 5721
f 5703 5721 5720
f 5702 5703 5720
f 5702 5720 5719
f 5701 5702 5719
f 5701 5719 5718
f 5700 5701 5718
f 5700 5718 5717
f 5699 5700 5717
f 5699 5717 5716
f 5698 5699 5716
f 5698 5716 5715
f 5697 5698 5715
f 5697 5715 5714
f 5696 5697 5714
f 5529 5714 5713
f 5529 5696 5714
f 5513 5696 5529
f 5712 5528 5713
f 5528 5529 5713
f 5711 5528 5712
f 5711 5511 5528
f 5694 5511 5711
f 5695 5694 5711
f 5690 5710 5527
f 5506 5690 5527
f 5709 5526 5710
f 5526 5527 5710
f 5708 5525 5709
f 5525 5526 5709
f 5707 5524 5708
f 5524 5525 5708
f 5706 5523 5707
f 5523 5524 5707
f 5705 5522 5706
f 5522 5523 5706
f 5522 5705 5521
f 5705 5704 5521
f 5521 5704 5703
f 5703 5702 5520
f 5703 5520 5521
f 5702 5701 5519
f 5702 5519 5520
f 5701 5700 5518
f 5701 5518 5519
f 5700 5699 5517
f 5700 5517 5518
f 5699 5698 5516
f 5699 5516 5517
f 5698 5697 5515
f 5698 5515 5516
f 5697 5696 5514
f 5697 5514 5515
f 5513 5514 5696
f 5694 5509 5511
f 5508 5509 5693
f 5509 5694 5693
f 5693 5694 5695
f 5692 5508 5693
f 5692 5503 5508
f 5688 5503 5692
f 5689 5688 5692
f 5685 5691 5507
f 5500 5685 5507
f 5690 5506 5507
f 5690 5507 5691
f 5688 5501 5503
f 5498 5501 5683
f 5683 5501 5687
f 5687 5501 5688
f 5687 5688 5689
f 5684 5683 5687
f 5681 5682 5686
f 5500 5495 5685
f 5495 5681 5685
f 5685 5681 5686
f 5683 5679 5494
f 5683 5494 5498
f 5683 5684 5680
f 5679 5683 5680
f 5682 5491 5678
f 5682 5496 5491
f 5681 5496 5682
f 5495 5496 5681
f 5679 5492 5494
f 5489 5680 5677
f 5489 5679 5680
f 5492 5679 5489
f 5491 5676 5678
f 5491 5487 5676
f 5677 5675 5489
f 5675 5484 5489
f 5487 5673 5676
f 5487 5672 5673
f 5485 5672 5487
f 5485 5482 5672
f 5484 5675 5481
f 5675 5674 5481
f 5481 5674 5670
f 5671 5670 5674
f 5673 5672 5668
f 5669 5673 5668
f 5482 5479 5668
f 5482 5668 5672
f 5670 5666 5477
f 5670 5477 5481
f 5670 5671 5667
f 5666 5670 5667
f 5669 5668 5664
f 5665 5669 5664
f 5479 5475 5664
f 5479 5664 5668
f 5666 5476 5477
f 5473 5667 5662
f 5473 5666 5667
f 5476 5666 5473
f 5664 5663 5665
f 5471 5661 5475
f 5661 5663 5475
f 5475 5663 5664
f 5662 5660 5473
f 5660 5470 5473
f 5471 5659 5661
f 5471 5468 5659
f 5660 5658 5470
f 5658 5467 5470
f 5468 5657 5659
f 5468 5465 5657
f 5658 5656 5467
f 5656 5464 5467
f 5465 5655 5657
f 5465 5462 5655
f 5656 5654 5464
f 5654 5461 5464
f 5462 5653 5655
f 5462 5459 5653
f 5654 5652 5461
f 5652 5458 5461
f 5459 5650 5653
f 5459 5456 5650
f 5458 5652 5455
f 5652 5651 5455
f 5455 5651 5648
f 5649 5648 5651
f 5456 5647 5650
f 5456 5453 5647
f 5648 5645 5452
f 5648 5452 5455
f 5648 5649 5646
f 5645 5648 5646
f 5453 5644 5647
f 5453 5449 5644
f 5645 5450 5452
f 5447 5646 5643
f 5447 5645 5646
f 5450 5645 5447
f 5449 5642 5644
f 5449 5445 5642
f 5643 5641 5447
f 5641 5443 5447
f 5445 5640 5642
f 5445 5441 5640
f 5641 5639 5443
f 5639 5439 5443
f 5441 5637 5640
f 5441 5437 5637
f 5439 5639 5435
f 5639 5638 5435
f 5435 5638 5635
f 5636 5635 5638
f 5437 5634 5637
f 5437 5433 5634
f 5635 5632 5431
f 5635 5431 5435
f 5635 5636 5633
f 5632 5635 5633
f 5433 5631 5634
f 5433 5429 5631
f 5632 5629 5426
f 5632 5426 5431
f 5632 5633 5630
f 5629 5632 5630
f 5429 5628 5631
f 5429 5627 5628
f 5427 5627 5429
f 5427 5423 5627
f 5629 5625 5422
f 5629 5422 5426
f 5629 5630 5626
f 5625 5629 5626
f 5628 5420 5624
f 5628 5424 5420
f 5627 5424 5628
f 5423 5424 5627
f 5625 5622 5418
f 5625 5418 5422
f 5625 5626 5623
f 5622 5625 5623
f 5420 5621 5624
f 5420 5416 5621
f 5622 5618 5413
f 5622 5413 5418
f 5622 5623 5619
f 5618 5622 5619
f 5620 5621 5416
f 5414 5620 5416
f 5620 5414 5412
f 5620 5412 5617
f 5618 5615 5411
f 5618 5411 5413
f 5618 5619 5616
f 5615 5618 5616
f 5412 5614 5617
f 5412 5410 5614
f 5615 5612 5409
f 5615 5409 5411
f 5615 5616 5613
f 5612 5615 5613
f 5410 5611 5614
f 5410 5407 5611
f 5612 5408 5409
f 5406 5613 5610
f 5406 5612 5613
f 5408 5612 5406
f 5407 5609 5611
f 5407 5404 5609
f 5610 5608 5406
f 5608 5403 5406
f 5404 5607 5609
f 5404 5402 5607
f 5608 5606 5403
f 5606 5401 5403
f 5402 5604 5607
f 5402 5400 5604
f 5401 5606 5398
f 5606 5605 5398
f 5398 5605 5602
f 5603 5602 5605
f 5400 5601 5604
f 5400 5396 5601
f 5602 5397 5398
f 5394 5603 5600
f 5394 5602 5603
f 5397 5602 5394
f 5396 5599 5601
f 5396 5392 5599
f 5600 5598 5394
f 5598 5391 5394
f 5392 5597 5599
f 5392 5390 5597
f 5598 5596 5391
f 5596 5389 5391
f 5390 5595 5597
f 5390 5388 5595
f 5596 5594 5389
f 5594 5387 5389
f 5388 5593 5595
f 5388 5385 5593
f 5594 5592 5387
f 5592 5591 5387
f 5387 5591 5386
f 5591 5382 5386
f 5385 5589 5593
f 5385 5588 5589
f 5383 5588 5385
f 5383 5381 5588
f 5592 5590 5591
f 5382 5586 5380
f 5382 5590 5586
f 5591 5590 5382
f 5588 5587 5589
f 5379 5584 5381
f 5584 5587 5381
f 5381 5587 5588
f 5585 5583 5582
f 5586 5378 5380
f 5586 5582 5378
f 5585 5582 5586
f 5379 5581 5584
f 5379 5376 5581
f 5580 5375 5583
f 5375 5377 5583
f 5583 5377 5582
f 5582 5377 5378
f 5376 5579 5581
f 5376 5373 5579
f 5580 5578 5375
f 5578 5372 5375
f 5373 5577 5579
f 5373 5370 5577
f 5578 5576 5372
f 5576 5369 5372
f 5370 5574 5577
f 5370 5367 5574
f 5575 5573 5572
f 5576 5364 5369
f 5576 5572 5364
f 5575 5572 5576
f 5367 5571 5574
f 5367 5569 5571
f 5365 5569 5367
f 5365 5362 5569
f 5563 5355 5573
f 5355 5363 5573
f 5573 5363 5572
f 5572 5363 5364
f 5569 5570 5571
f 5561 5361 5560
f 5570 5361 5561
f 5362 5361 5570
f 5569 5362 5570
f 5361 5353 5560
f 5554 5347 5360
f 5360 5346 5554
f 5568 5552 5551
f 5567 5568 5359
f 5568 5551 5359
f 5359 5551 5342
f 5567 5358 5566
f 5567 5359 5358
f 5566 5357 5565
f 5566 5358 5357
f 5565 5357 5339
f 5565 5339 5550
f 5564 5546 5545
f 5562 5564 5356
f 5564 5545 5356
f 5356 5545 5333
f 5356 5355 5563
f 5562 5356 5563
f 5561 5560 5543
f 5544 5561 5543
f 5543 5560 5541
f 5560 5353 5541
f 5541 5353 5352
f 5352 5331 5541
f 5351 5559 5539
f 5351 5539 5326
f 5559 5350 5558
f 5559 5351 5350
f 5558 5349 5557
f 5558 5350 5349
f 5557 5348 5556
f 5557 5349 5348
f 5348 5555 5556
f 5348 5554 5555
f 5347 5554 5348
f 5555 5344 5553
f 5555 5346 5344
f 5554 5346 5555
f 5343 5553 5344
f 5343 5552 5553
f 5551 5552 5343
f 5551 5343 5342
f 5549 5550 5339
f 5337 5549 5339
f 5549 5336 5548
f 5549 5337 5336
f 5548 5335 5547
f 5548 5336 5335
f 5334 5547 5335
f 5334 5546 5547
f 5545 5546 5334
f 5545 5334 5333
f 5543 5542 5544
f 5535 5543 5541
f 5535 5542 5543
f 5537 5542 5535
f 5535 5541 5533
f 5541 5331 5533
f 5533 5331 5330
f 5530 5533 5330
f 5530 5330 5328
f 5327 5540 5328
f 5540 5532 5328
f 5328 5532 5530
f 5540 5325 5538
f 5540 5327 5325
f 5325 5326 5539
f 5538 5325 5539
f 5535 5536 5537
f 5533 5534 5536
f 5535 5533 5536
f 5530 5531 5534
f 5533 5530 5534
f 5531 5530 5532
f 5512 5513 5529
f 5512 5529 5528
f 5510 5512 5528
f 5511 5510 5528
f 5505 5506 5527
f 5322 5527 5526
f 5322 5505 5527
f 5306 5505 5322
f 5525 5321 5526
f 5321 5322 5526
f 5524 5320 5525
f 5320 5321 5525
f 5523 5319 5524
f 5319 5320 5524
f 5522 5318 5523
f 5318 5319 5523
f 5521 5317 5522
f 5317 5318 5522
f 5520 5316 5521
f 5316 5317 5521
f 5519 5315 5520
f 5315 5316 5520
f 5518 5314 5519
f 5314 5315 5519
f 5517 5313 5518
f 5313 5314 5518
f 5516 5312 5517
f 5312 5313 5517
f 5515 5311 5516
f 5311 5312 5516
f 5514 5310 5515
f 5310 5311 5515
f 5310 5514 5309
f 5514 5513 5309
f 5309 5513 5512
f 5512 5510 5308
f 5512 5308 5309
f 5298 5308 5504
f 5504 5308 5509
f 5509 5308 5510
f 5509 5510 5511
f 5504 5509 5508
f 5502 5504 5508
f 5503 5502 5508
f 5499 5500 5507
f 5507 5294 5499
f 5506 5294 5507
f 5307 5294 5506
f 5505 5307 5506
f 5306 5307 5505
f 5504 5297 5298
f 5504 5502 5296
f 5504 5296 5297
f 5289 5296 5497
f 5497 5296 5501
f 5501 5296 5502
f 5501 5502 5503
f 5498 5497 5501
f 5500 5287 5495
f 5500 5295 5287
f 5499 5295 5500
f 5294 5295 5499
f 5497 5493 5282
f 5497 5282 5289
f 5497 5498 5494
f 5493 5497 5494
f 5490 5491 5496
f 5287 5280 5495
f 5280 5490 5495
f 5495 5490 5496
f 5493 5281 5282
f 5276 5281 5488
f 5488 5281 5492
f 5492 5281 5493
f 5492 5493 5494
f 5489 5488 5492
f 5491 5490 5486
f 5487 5491 5486
f 5280 5274 5486
f 5280 5486 5490
f 5488 5483 5270
f 5488 5270 5276
f 5488 5489 5484
f 5483 5488 5484
f 5486 5485 5487
f 5268 5482 5274
f 5482 5485 5274
f 5274 5485 5486
f 5483 5480 5264
f 5483 5264 5270
f 5483 5484 5481
f 5480 5483 5481
f 5268 5479 5482
f 5268 5262 5479
f 5480 5478 5259
f 5480 5259 5264
f 5480 5481 5477
f 5478 5480 5477
f 5262 5475 5479
f 5262 5257 5475
f 5478 5474 5253
f 5478 5253 5259
f 5478 5472 5474
f 5478 5476 5472
f 5477 5476 5478
f 5473 5472 5476
f 5257 5471 5475
f 5257 5251 5471
f 5474 5252 5253
f 5472 5469 5474
f 5469 5248 5474
f 5474 5248 5252
f 5472 5473 5470
f 5469 5472 5470
f 5251 5468 5471
f 5251 5246 5468
f 5469 5466 5243
f 5469 5243 5248
f 5469 5470 5467
f 5466 5469 5467
f 5246 5465 5468
f 5246 5241 5465
f 5466 5463 5238
f 5466 5238 5243
f 5466 5467 5464
f 5463 5466 5464
f 5241 5462 5465
f 5241 5236 5462
f 5463 5460 5232
f 5463 5232 5238
f 5463 5464 5461
f 5460 5463 5461
f 5236 5459 5462
f 5236 5230 5459
f 5460 5457 5226
f 5460 5226 5232
f 5460 5461 5458
f 5457 5460 5458
f 5230 5456 5459
f 5230 5224 5456
f 5457 5454 5221
f 5457 5221 5226
f 5457 5458 5455
f 5454 5457 5455
f 5224 5453 5456
f 5224 5219 5453
f 5454 5451 5214
f 5454 5214 5221
f 5454 5455 5452
f 5451 5454 5452
f 5219 5449 5453
f 5219 5448 5449
f 5217 5448 5219
f 5217 5212 5448
f 5451 5213 5214
f 5210 5213 5446
f 5446 5213 5450
f 5450 5213 5451
f 5450 5451 5452
f 5447 5446 5450
f 5449 5448 5444
f 5445 5449 5444
f 5212 5208 5444
f 5212 5444 5448
f 5446 5442 5206
f 5446 5206 5210
f 5446 5447 5443
f 5442 5446 5443
f 5445 5444 5440
f 5441 5445 5440
f 5208 5204 5440
f 5208 5440 5444
f 5442 5438 5202
f 5442 5202 5206
f 5442 5443 5439
f 5438 5442 5439
f 5441 5440 5436
f 5437 5441 5436
f 5204 5200 5436
f 5204 5436 5440
f 5438 5434 5199
f 5438 5199 5202
f 5438 5439 5435
f 5434 5438 5435
f 5437 5436 5432
f 5433 5437 5432
f 5200 5197 5432
f 5200 5432 5436
f 5434 5430 5196
f 5434 5196 5199
f 5434 5435 5431
f 5430 5434 5431
f 5433 5432 5428
f 5429 5433 5428
f 5197 5194 5428
f 5197 5428 5432
f 5430 5425 5193
f 5430 5193 5196
f 5430 5431 5426
f 5425 5430 5426
f 5428 5427 5429
f 5191 5423 5194
f 5423 5427 5194
f 5194 5427 5428
f 5425 5421 5190
f 5425 5190 5193
f 5425 5426 5422
f 5421 5425 5422
f 5419 5420 5424
f 5191 5188 5423
f 5188 5419 5423
f 5423 5419 5424
f 5421 5417 5186
f 5421 5186 5190
f 5421 5422 5418
f 5417 5421 5418
f 5420 5419 5415
f 5416 5420 5415
f 5188 5184 5415
f 5188 5415 5419
f 5417 5185 5186
f 5182 5418 5413
f 5182 5417 5418
f 5185 5417 5182
f 5415 5414 5416
f 5180 5412 5184
f 5412 5414 5184
f 5184 5414 5415
f 5413 5411 5182
f 5411 5179 5182
f 5180 5410 5412
f 5180 5177 5410
f 5411 5409 5179
f 5409 5176 5179
f 5177 5407 5410
f 5177 5174 5407
f 5176 5409 5173
f 5409 5408 5173
f 5173 5408 5405
f 5406 5405 5408
f 5174 5404 5407
f 5174 5170 5404
f 5405 5171 5173
f 5169 5406 5403
f 5169 5405 5406
f 5171 5405 5169
f 5170 5402 5404
f 5170 5167 5402
f 5403 5401 5169
f 5401 5164 5169
f 5167 5400 5402
f 5167 5399 5400
f 5165 5399 5167
f 5165 5162 5399
f 5401 5398 5164
f 5398 5161 5164
f 5400 5399 5395
f 5396 5400 5395
f 5162 5159 5395
f 5162 5395 5399
f 5161 5398 5158
f 5398 5397 5158
f 5158 5397 5393
f 5394 5393 5397
f 5396 5156 5392
f 5396 5160 5156
f 5395 5160 5396
f 5159 5160 5395
f 5393 5157 5158
f 5154 5394 5391
f 5154 5393 5394
f 5157 5393 5154
f 5156 5390 5392
f 5156 5153 5390
f 5391 5389 5154
f 5389 5151 5154
f 5153 5388 5390
f 5153 5150 5388
f 5389 5387 5151
f 5387 5147 5151
f 5150 5385 5388
f 5150 5384 5385
f 5148 5384 5150
f 5148 5145 5384
f 5147 5387 5386
f 5147 5386 5146
f 5144 5146 5386
f 5382 5144 5386
f 5384 5383 5385
f 5142 5381 5145
f 5381 5383 5145
f 5145 5383 5384
f 5382 5380 5144
f 5380 5141 5144
f 5142 5379 5381
f 5142 5140 5379
f 5380 5378 5141
f 5378 5139 5141
f 5140 5376 5379
f 5140 5138 5376
f 5377 5375 5374
f 5378 5137 5139
f 5378 5374 5137
f 5377 5374 5378
f 5138 5373 5376
f 5138 5136 5373
f 5371 5374 5375
f 5371 5375 5372
f 5371 5134 5137
f 5374 5371 5137
f 5136 5370 5373
f 5136 5133 5370
f 5368 5371 5372
f 5368 5372 5369
f 5368 5130 5134
f 5371 5368 5134
f 5133 5367 5370
f 5133 5366 5367
f 5131 5366 5133
f 5131 5128 5366
f 5364 5127 5369
f 5127 5129 5369
f 5369 5129 5368
f 5368 5129 5130
f 5366 5365 5367
f 5125 5362 5128
f 5362 5365 5128
f 5128 5365 5366
f 5363 5355 5354
f 5364 5122 5127
f 5364 5354 5122
f 5363 5354 5364
f 5361 5362 5125
f 5123 5361 5125
f 5361 5123 5120
f 5361 5120 5353
f 5360 5347 5345
f 5360 5345 5346
f 5359 5342 5341
f 5358 5359 5341
f 5358 5341 5340
f 5357 5358 5340
f 5357 5340 5338
f 5357 5338 5339
f 5356 5333 5332
f 5332 5104 5356
f 5356 5104 5355
f 5355 5104 5121
f 5355 5121 5354
f 5354 5121 5122
f 5352 5353 5120
f 5119 5352 5120
f 5119 5118 5352
f 5118 5329 5352
f 5352 5329 5331
f 5118 5102 5329
f 5117 5351 5326
f 5117 5326 5098
f 5351 5116 5350
f 5351 5117 5116
f 5350 5115 5349
f 5350 5116 5115
f 5349 5114 5348
f 5349 5115 5114
f 5113 5348 5114
f 5113 5347 5348
f 5345 5347 5113
f 5344 5113 5112
f 5344 5345 5113
f 5346 5345 5344
f 5344 5111 5343
f 5344 5112 5111
f 5110 5343 5111
f 5110 5342 5343
f 5341 5342 5110
f 5109 5340 5341
f 5110 5109 5341
f 5108 5338 5340
f 5109 5108 5340
f 5337 5108 5107
f 5337 5338 5108
f 5339 5338 5337
f 5337 5106 5336
f 5337 5107 5106
f 5336 5106 5335
f 5106 5094 5335
f 5335 5094 5324
f 5334 5335 5324
f 5334 5324 5323
f 5323 5090 5334
f 5334 5090 5333
f 5333 5090 5105
f 5333 5105 5332
f 5332 5105 5104
f 5329 5330 5331
f 5330 5101 5328
f 5330 5102 5101
f 5329 5102 5330
f 5328 5100 5327
f 5328 5101 5100
f 5327 5099 5325
f 5327 5100 5099
f 5099 5098 5326
f 5325 5099 5326
f 5094 5092 5324
f 5091 5323 5324
f 5092 5091 5324
f 5323 5091 5090
f 5306 5322 5087
f 5078 5306 5087
f 5321 5086 5322
f 5086 5087 5322
f 5320 5085 5321
f 5085 5086 5321
f 5319 5084 5320
f 5084 5085 5320
f 5318 5083 5319
f 5083 5084 5319
f 5317 5082 5318
f 5082 5083 5318
f 5316 5081 5317
f 5081 5082 5317
f 5315 5080 5316
f 5080 5081 5316
f 5314 5080 5315
f 5314 5070 5080
f 5305 5070 5314
f 5305 5314 5313
f 5304 5305 5313
f 5304 5313 5312
f 5303 5304 5312
f 5303 5312 5311
f 5302 5303 5311
f 5302 5311 5310
f 5301 5302 5310
f 5301 5310 5309
f 5300 5301 5309
f 5300 5309 5308
f 5299 5300 5308
f 5298 5299 5308
f 5294 5307 5079
f 5064 5294 5079
f 5306 5078 5079
f 5306 5079 5307
f 5305 5068 5070
f 5305 5304 5067
f 5305 5067 5068
f 5304 5303 5066
f 5304 5066 5067
f 5303 5302 5065
f 5303 5065 5066
f 5301 5293 5302
f 5293 5058 5302
f 5302 5058 5065
f 5292 5301 5300
f 5292 5293 5301
f 5291 5300 5299
f 5291 5292 5300
f 5299 5290 5291
f 5299 5297 5290
f 5298 5297 5299
f 5290 5297 5296
f 5288 5290 5296
f 5289 5288 5296
f 5286 5287 5295
f 5064 5054 5294
f 5054 5286 5294
f 5294 5286 5295
f 5293 5057 5058
f 5293 5292 5056
f 5293 5056 5057
f 5291 5285 5292
f 5285 5048 5292
f 5292 5048 5056
f 5284 5291 5290
f 5284 5285 5291
f 5283 5290 5288
f 5283 5284 5290
f 5288 5289 5282
f 5283 5288 5282
f 5287 5046 5280
f 5287 5055 5046
f 5286 5055 5287
f 5054 5055 5286
f 5285 5279 5040
f 5285 5040 5048
f 5278 5285 5284
f 5278 5279 5285
f 5277 5284 5283
f 5277 5278 5284
f 5283 5275 5277
f 5283 5281 5275
f 5282 5281 5283
f 5276 5275 5281
f 5046 5274 5280
f 5046 5038 5274
f 5279 5273 5032
f 5279 5032 5040
f 5272 5279 5278
f 5272 5273 5279
f 5271 5278 5277
f 5271 5272 5278
f 5269 5277 5275
f 5269 5271 5277
f 5275 5276 5270
f 5269 5275 5270
f 5038 5268 5274
f 5038 5030 5268
f 5273 5267 5024
f 5273 5024 5032
f 5266 5273 5272
f 5266 5267 5273
f 5265 5272 5271
f 5265 5266 5272
f 5263 5271 5269
f 5263 5265 5271
f 5269 5270 5264
f 5263 5269 5264
f 5030 5262 5268
f 5030 5022 5262
f 5267 5023 5024
f 5266 5261 5267
f 5261 5016 5267
f 5267 5016 5023
f 5260 5266 5265
f 5260 5261 5266
f 5258 5265 5263
f 5258 5260 5265
f 5263 5264 5259
f 5258 5263 5259
f 5022 5257 5262
f 5022 5014 5257
f 5261 5256 5008
f 5261 5008 5016
f 5255 5261 5260
f 5255 5256 5261
f 5254 5260 5258
f 5254 5255 5260
f 5258 5259 5253
f 5254 5258 5253
f 5014 5251 5257
f 5014 5006 5251
f 5256 5007 5008
f 5255 5250 5256
f 5250 5001 5256
f 5256 5001 5007
f 5249 5255 5254
f 5249 5250 5255
f 5254 5247 5249
f 5254 5252 5247
f 5253 5252 5254
f 5248 5247 5252
f 5006 5246 5251
f 5006 4999 5246
f 5250 5245 4994
f 5250 4994 5001
f 5244 5250 5249
f 5244 5245 5250
f 5242 5249 5247
f 5242 5244 5249
f 5247 5248 5243
f 5242 5247 5243
f 4999 5241 5246
f 4999 4992 5241
f 5245 5240 4986
f 5245 4986 4994
f 5239 5245 5244
f 5239 5240 5245
f 5237 5244 5242
f 5237 5239 5244
f 5242 5243 5238
f 5237 5242 5238
f 4992 5236 5241
f 4992 5235 5236
f 4990 5235 4992
f 4990 4984 5235
f 5240 5234 4981
f 5240 4981 4986
f 5233 5240 5239
f 5233 5234 5240
f 5231 5239 5237
f 5231 5233 5239
f 5237 5238 5232
f 5231 5237 5232
f 5236 5235 5229
f 5230 5236 5229
f 4984 4979 5229
f 4984 5229 5235
f 5234 5228 4974
f 5234 4974 4981
f 5227 5234 5233
f 5227 5228 5234
f 5225 5233 5231
f 5225 5227 5233
f 5231 5232 5226
f 5225 5231 5226
f 5230 5229 5223
f 5224 5230 5223
f 4979 4972 5223
f 4979 5223 5229
f 5228 4973 4974
f 5227 5222 5228
f 5222 4968 5228
f 5228 4968 4973
f 5220 5227 5225
f 5220 5222 5227
f 5225 5226 5221
f 5220 5225 5221
f 5224 5223 5218
f 5219 5224 5218
f 4972 4966 5218
f 4972 5218 5223
f 5222 5216 4962
f 5222 4962 4968
f 5215 5222 5220
f 5215 5216 5222
f 5220 5221 5214
f 5215 5220 5214
f 5218 5217 5219
f 4960 5212 4966
f 5212 5217 4966
f 4966 5217 5218
f 5216 4961 4962
f 5215 5211 5216
f 5211 4956 5216
f 5216 4956 4961
f 5215 5209 5211
f 5215 5213 5209
f 5214 5213 5215
f 5210 5209 5213
f 4960 5208 5212
f 4960 4954 5208
f 5211 5207 4951
f 5211 4951 4956
f 5205 5211 5209
f 5205 5207 5211
f 5209 5210 5206
f 5205 5209 5206
f 4954 5204 5208
f 4954 4949 5204
f 5207 5203 4945
f 5207 4945 4951
f 5201 5207 5205
f 5201 5203 5207
f 5205 5206 5202
f 5201 5205 5202
f 4949 5200 5204
f 4949 4943 5200
f 5203 4944 4945
f 5201 5198 5203
f 5198 4939 5203
f 5203 4939 4944
f 5201 5202 5199
f 5198 5201 5199
f 4943 5197 5200
f 4943 4937 5197
f 5198 5195 4933
f 5198 4933 4939
f 5198 5199 5196
f 5195 5198 5196
f 4937 5194 5197
f 4937 4931 5194
f 5195 5192 4927
f 5195 4927 4933
f 5195 5196 5193
f 5192 5195 5193
f 4931 5191 5194
f 4931 4925 5191
f 5192 5189 4921
f 5192 4921 4927
f 5192 5193 5190
f 5189 5192 5190
f 4925 5188 5191
f 4925 4919 5188
f 5189 5187 4915
f 5189 4915 4921
f 5189 5190 5186
f 5187 5189 5186
f 4919 5184 5188
f 4919 4913 5184
f 5187 5183 4909
f 5187 4909 4915
f 5187 5181 5183
f 5187 5185 5181
f 5186 5185 5187
f 5182 5181 5185
f 4913 5180 5184
f 4913 4907 5180
f 5183 4908 4909
f 5181 5178 5183
f 5178 4903 5183
f 5183 4903 4908
f 5181 5182 5179
f 5178 5181 5179
f 4907 5177 5180
f 4907 4901 5177
f 5178 5175 4897
f 5178 4897 4903
f 5178 5179 5176
f 5175 5178 5176
f 4901 5174 5177
f 4901 4895 5174
f 5175 5172 4892
f 5175 4892 4897
f 5175 5176 5173
f 5172 5175 5173
f 4895 5170 5174
f 4895 4889 5170
f 5172 4890 4892
f 4886 4890 5168
f 5168 4890 5171
f 5171 4890 5172
f 5171 5172 5173
f 5169 5168 5171
f 4889 5167 5170
f 4889 5166 5167
f 4887 5166 4889
f 4887 4884 5166
f 5168 5163 4883
f 5168 4883 4886
f 5168 5169 5164
f 5163 5168 5164
f 5166 5165 5167
f 4880 5162 4884
f 5162 5165 4884
f 4884 5165 5166
f 5163 4881 4883
f 4879 5164 5161
f 4879 5163 5164
f 4881 5163 4879
f 4880 5159 5162
f 4880 4877 5159
f 5161 5158 4879
f 5158 4876 4879
f 5155 5156 5160
f 4877 4874 5159
f 4874 5155 5159
f 5159 5155 5160
f 4876 5158 5157
f 4876 5157 4875
f 4873 4875 5157
f 5154 4873 5157
f 5156 5155 5152
f 5153 5156 5152
f 4874 4871 5152
f 4874 5152 5155
f 5154 5151 4873
f 5151 4870 4873
f 5153 5152 5149
f 5150 5153 5149
f 4871 4869 5149
f 4871 5149 5152
f 5151 5147 4870
f 5147 4868 4870
f 5149 5148 5150
f 4867 5145 4869
f 5145 5148 4869
f 4869 5148 5149
f 4868 5147 4866
f 5147 5146 4866
f 4866 5146 5143
f 5144 5143 5146
f 4867 5142 5145
f 4867 4864 5142
f 5143 4865 4866
f 4863 5144 5141
f 4863 5143 5144
f 4865 5143 4863
f 4864 5140 5142
f 4864 4862 5140
f 5141 5139 4863
f 5139 4861 4863
f 4862 5138 5140
f 4862 4860 5138
f 5139 5137 4861
f 5137 4857 4861
f 4860 5136 5138
f 4860 5135 5136
f 4858 5135 4860
f 4858 4856 5135
f 5137 5134 4857
f 5134 4855 4857
f 5136 5135 5132
f 5133 5136 5132
f 4856 4854 5132
f 4856 5132 5135
f 5134 5130 4855
f 5130 4853 4855
f 5132 5131 5133
f 4852 5128 4854
f 5128 5131 4854
f 4854 5131 5132
f 5129 5127 5126
f 5130 4850 4853
f 5130 5126 4850
f 5129 5126 5130
f 4852 5125 5128
f 4852 5124 5125
f 4851 5124 4852
f 4851 4848 5124
f 5122 4847 5127
f 4847 4849 5127
f 5127 4849 5126
f 5126 4849 4850
f 5124 5123 5125
f 4845 5120 4848
f 5120 5123 4848
f 4848 5123 5124
f 5121 5104 5103
f 5122 4832 4847
f 5122 5103 4832
f 5121 5103 5122
f 5119 5120 4845
f 4844 5119 4845
f 5119 4842 5118
f 5119 4844 4842
f 5118 4842 4830
f 5118 4830 5102
f 5117 5098 5097
f 5116 5117 4841
f 5117 5097 4841
f 4841 5097 4825
f 5116 4840 5115
f 5116 4841 4840
f 5115 4839 5114
f 5115 4840 4839
f 5114 4838 5113
f 5114 4839 4838
f 5113 4837 5112
f 5113 4838 4837
f 5112 4836 5111
f 5112 4837 4836
f 5111 4835 5110
f 5111 4836 4835
f 5110 4834 5109
f 5110 4835 4834
f 5109 4834 5108
f 4834 4817 5108
f 5108 4817 5096
f 5107 5108 5096
f 5107 5096 5095
f 5106 5107 5095
f 5106 5095 5093
f 5106 5093 5094
f 5105 5090 5089
f 5089 4810 5105
f 5105 4810 5104
f 5104 4810 4833
f 5104 4833 5103
f 5103 4833 4832
f 5101 5102 4830
f 4829 5101 4830
f 5101 4828 5100
f 5101 4829 4828
f 5100 4827 5099
f 5100 4828 4827
f 4826 5099 4827
f 4826 5098 5099
f 5097 5098 4826
f 5097 4826 4825
f 4817 4815 5096
f 4814 5095 5096
f 4815 4814 5096
f 4813 5093 5095
f 4814 4813 5095
f 5092 4813 4812
f 5092 5093 4813
f 5094 5093 5092
f 5092 4812 5091
f 4812 4804 5091
f 5091 4804 5088
f 5088 4801 5091
f 5091 4801 5090
f 5090 4801 4811
f 5090 4811 5089
f 5089 4811 4810
f 4804 4802 5088
f 5088 4802 4801
f 5077 5078 5087
f 5077 5087 5086
f 5076 5077 5086
f 5076 5086 5085
f 5075 5076 5085
f 5075 5085 5084
f 5074 5075 5084
f 5074 5084 5083
f 5073 5074 5083
f 5073 5083 5082
f 5072 5073 5082
f 5072 5082 5081
f 5071 5072 5081
f 5071 5081 5080
f 5069 5071 5080
f 5070 5069 5080
f 5063 5064 5079
f 5079 4788 5063
f 5078 4788 5079
f 4796 4788 5078
f 5077 4796 5078
f 5077 5076 4795
f 5077 4795 4796
f 5076 5075 4794
f 5076 4794 4795
f 5075 5074 4793
f 5075 4793 4794
f 5074 5073 4792
f 5074 4792 4793
f 5073 5072 4791
f 5073 4791 4792
f 5072 5071 4790
f 5072 4790 4791
f 5071 5069 4789
f 5071 4789 4790
f 4779 4789 5062
f 5062 4789 5068
f 5068 4789 5069
f 5068 5069 5070
f 5062 5068 5067
f 5061 5062 5067
f 5061 5067 5066
f 5060 5061 5066
f 5060 5066 5065
f 5059 5060 5065
f 5058 5059 5065
f 5064 5063 5053
f 5054 5064 5053
f 4788 4776 5053
f 4788 5053 5063
f 5062 4778 4779
f 5061 5052 5062
f 5052 4767 5062
f 5062 4767 4778
f 5051 5061 5060
f 5051 5052 5061
f 5050 5060 5059
f 5050 5051 5060
f 5059 5049 5050
f 5059 5057 5049
f 5058 5057 5059
f 5049 5057 5056
f 5047 5049 5056
f 5048 5047 5056
f 5045 5046 5055
f 5055 4765 5045
f 5054 4765 5055
f 4777 4765 5054
f 5053 4777 5054
f 4776 4777 5053
f 5052 5044 4758
f 5052 4758 4767
f 5043 5052 5051
f 5043 5044 5052
f 5042 5051 5050
f 5042 5043 5051
f 5041 5050 5049
f 5041 5042 5050
f 5039 5049 5047
f 5039 5041 5049
f 5047 5048 5040
f 5039 5047 5040
f 5046 5045 5037
f 5038 5046 5037
f 4765 4756 5037
f 4765 5037 5045
f 5044 5036 4749
f 5044 4749 4758
f 5035 5044 5043
f 5035 5036 5044
f 5034 5043 5042
f 5034 5035 5043
f 5033 5042 5041
f 5033 5034 5042
f 5031 5041 5039
f 5031 5033 5041
f 5039 5040 5032
f 5031 5039 5032
f 5038 5037 5029
f 5030 5038 5029
f 4756 4747 5029
f 4756 5029 5037
f 5036 4748 4749
f 5035 5028 5036
f 5028 4740 5036
f 5036 4740 4748
f 5027 5035 5034
f 5027 5028 5035
f 5026 5034 5033
f 5026 5027 5034
f 5025 5033 5031
f 5025 5026 5033
f 5031 5032 5024
f 5025 5031 5024
f 5030 5029 5021
f 5022 5030 5021
f 4747 4738 5021
f 4747 5021 5029
f 5028 5020 4730
f 5028 4730 4740
f 5019 5028 5027
f 5019 5020 5028
f 5018 5027 5026
f 5018 5019 5027
f 5017 5026 5025
f 5017 5018 5026
f 5025 5015 5017
f 5025 5023 5015
f 5024 5023 5025
f 5016 5015 5023
f 5022 5021 5013
f 5014 5022 5013
f 4738 4728 5013
f 4738 5013 5021
f 5020 4729 4730
f 5019 5012 5020
f 5012 4717 5020
f 5020 4717 4729
f 5011 5019 5018
f 5011 5012 5019
f 5010 5018 5017
f 5010 5011 5018
f 5009 5017 5015
f 5009 5010 5017
f 5015 5016 5008
f 5009 5015 5008
f 5014 5013 5005
f 5006 5014 5005
f 4728 4715 5005
f 4728 5005 5013
f 5012 4716 4717
f 5011 5004 5012
f 5004 4704 5012
f 5012 4704 4716
f 5003 5011 5010
f 5003 5004 5011
f 5002 5010 5009
f 5002 5003 5010
f 5009 5000 5002
f 5009 5007 5000
f 5008 5007 5009
f 5001 5000 5007
f 5006 5005 4998
f 4999 5006 4998
f 4715 4702 4998
f 4715 4998 5005
f 5004 4997 4693
f 5004 4693 4704
f 4996 5004 5003
f 4996 4997 5004
f 4995 5003 5002
f 4995 4996 5003
f 4993 5002 5000
f 4993 4995 5002
f 5000 5001 4994
f 4993 5000 4994
f 4999 4998 4991
f 4992 4999 4991
f 4702 4691 4991
f 4702 4991 4998
f 4997 4989 4681
f 4997 4681 4693
f 4988 4997 4996
f 4988 4989 4997
f 4987 4996 4995
f 4987 4988 4996
f 4985 4995 4993
f 4985 4987 4995
f 4993 4994 4986
f 4985 4993 4986
f 4991 4990 4992
f 4679 4984 4691
f 4984 4990 4691
f 4691 4990 4991
f 4989 4680 4681
f 4988 4983 4989
f 4983 4669 4989
f 4989 4669 4680
f 4982 4988 4987
f 4982 4983 4988
f 4980 4987 4985
f 4980 4982 4987
f 4985 4986 4981
f 4980 4985 4981
f 4679 4979 4984
f 4679 4978 4979
f 4677 4978 4679
f 4677 4667 4978
f 4983 4977 4658
f 4983 4658 4669
f 4976 4983 4982
f 4976 4977 4983
f 4975 4982 4980
f 4975 4976 4982
f 4980 4981 4974
f 4975 4980 4974
f 4979 4978 4971
f 4972 4979 4971
f 4667 4656 4971
f 4667 4971 4978
f 4977 4657 4658
f 4976 4970 4977
f 4970 4646 4977
f 4977 4646 4657
f 4969 4976 4975
f 4969 4970 4976
f 4975 4967 4969
f 4975 4973 4967
f 4974 4973 4975
f 4968 4967 4973
f 4972 4971 4965
f 4966 4972 4965
f 4656 4644 4965
f 4656 4965 4971
f 4970 4645 4646
f 4969 4964 4970
f 4964 4635 4970
f 4970 4635 4645
f 4963 4969 4967
f 4963 4964 4969
f 4967 4968 4962
f 4963 4967 4962
f 4966 4965 4959
f 4960 4966 4959
f 4644 4633 4959
f 4644 4959 4965
f 4964 4958 4623
f 4964 4623 4635
f 4957 4964 4963
f 4957 4958 4964
f 4963 4955 4957
f 4963 4961 4955
f 4962 4961 4963
f 4956 4955 4961
f 4960 4959 4953
f 4954 4960 4953
f 4633 4621 4953
f 4633 4953 4959
f 4958 4622 4623
f 4957 4952 4958
f 4952 4612 4958
f 4958 4612 4622
f 4950 4957 4955
f 4950 4952 4957
f 4955 4956 4951
f 4950 4955 4951
f 4954 4953 4948
f 4949 4954 4948
f 4621 4610 4948
f 4621 4948 4953
f 4952 4947 4601
f 4952 4601 4612
f 4946 4952 4950
f 4946 4947 4952
f 4950 4951 4945
f 4946 4950 4945
f 4949 4948 4942
f 4943 4949 4942
f 4610 4599 4942
f 4610 4942 4948
f 4947 4941 4591
f 4947 4591 4601
f 4940 4947 4946
f 4940 4941 4947
f 4946 4938 4940
f 4946 4944 4938
f 4945 4944 4946
f 4939 4938 4944
f 4943 4942 4936
f 4937 4943 4936
f 4599 4589 4936
f 4599 4936 4942
f 4941 4935 4581
f 4941 4581 4591
f 4934 4941 4940
f 4934 4935 4941
f 4932 4940 4938
f 4932 4934 4940
f 4938 4939 4933
f 4932 4938 4933
f 4937 4936 4930
f 4931 4937 4930
f 4589 4579 4930
f 4589 4930 4936
f 4935 4929 4572
f 4935 4572 4581
f 4928 4935 4934
f 4928 4929 4935
f 4926 4934 4932
f 4926 4928 4934
f 4932 4933 4927
f 4926 4932 4927
f 4931 4930 4924
f 4925 4931 4924
f 4579 4570 4924
f 4579 4924 4930
f 4929 4923 4564
f 4929 4564 4572
f 4922 4929 4928
f 4922 4923 4929
f 4920 4928 4926
f 4920 4922 4928
f 4926 4927 4921
f 4920 4926 4921
f 4925 4924 4918
f 4919 4925 4918
f 4570 4561 4918
f 4570 4918 4924
f 4923 4917 4555
f 4923 4555 4564
f 4916 4923 4922
f 4916 4917 4923
f 4914 4922 4920
f 4914 4916 4922
f 4920 4921 4915
f 4914 4920 4915
f 4919 4553 4913
f 4919 4562 4553
f 4918 4562 4919
f 4561 4562 4918
f 4917 4912 4547
f 4917 4547 4555
f 4911 4917 4916
f 4911 4912 4917
f 4910 4916 4914
f 4910 4911 4916
f 4914 4915 4909
f 4910 4914 4909
f 4553 4907 4913
f 4553 4545 4907
f 4912 4906 4537
f 4912 4537 4547
f 4905 4912 4911
f 4905 4906 4912
f 4904 4911 4910
f 4904 4905 4911
f 4910 4902 4904
f 4910 4908 4902
f 4909 4908 4910
f 4903 4902 4908
f 4545 4901 4907
f 4545 4900 4901
f 4543 4900 4545
f 4543 4535 4900
f 4906 4536 4537
f 4905 4899 4906
f 4899 4529 4906
f 4906 4529 4536
f 4898 4905 4904
f 4898 4899 4905
f 4896 4904 4902
f 4896 4898 4904
f 4902 4903 4897
f 4896 4902 4897
f 4901 4900 4894
f 4895 4901 4894
f 4535 4527 4894
f 4535 4894 4900
f 4899 4528 4529
f 4898 4893 4899
f 4893 4521 4899
f 4899 4521 4528
f 4891 4898 4896
f 4891 4893 4898
f 4896 4897 4892
f 4891 4896 4892
f 4895 4894 4888
f 4889 4895 4888
f 4527 4518 4888
f 4527 4888 4894
f 4893 4520 4521
f 4893 4891 4519
f 4893 4519 4520
f 4513 4519 4885
f 4885 4519 4890
f 4890 4519 4891
f 4890 4891 4892
f 4886 4885 4890
f 4888 4887 4889
f 4511 4884 4518
f 4884 4887 4518
f 4518 4887 4888
f 4885 4882 4508
f 4885 4508 4513
f 4885 4886 4883
f 4882 4885 4883
f 4511 4880 4884
f 4511 4505 4880
f 4882 4506 4508
f 4503 4506 4878
f 4878 4506 4881
f 4881 4506 4882
f 4881 4882 4883
f 4879 4878 4881
f 4505 4877 4880
f 4505 4500 4877
f 4878 4501 4503
f 4498 4879 4876
f 4498 4878 4879
f 4501 4878 4498
f 4500 4874 4877
f 4500 4496 4874
f 4498 4876 4494
f 4876 4875 4494
f 4494 4875 4872
f 4873 4872 4875
f 4496 4871 4874
f 4496 4492 4871
f 4872 4493 4494
f 4491 4873 4870
f 4491 4872 4873
f 4493 4872 4491
f 4492 4869 4871
f 4492 4489 4869
f 4870 4868 4491
f 4868 4488 4491
f 4489 4867 4869
f 4489 4487 4867
f 4868 4866 4488
f 4866 4486 4488
f 4487 4864 4867
f 4487 4484 4864
f 4486 4866 4865
f 4486 4865 4485
f 4482 4485 4865
f 4863 4482 4865
f 4484 4862 4864
f 4484 4481 4862
f 4863 4861 4482
f 4861 4478 4482
f 4481 4860 4862
f 4481 4859 4860
f 4479 4859 4481
f 4479 4477 4859
f 4861 4857 4478
f 4857 4476 4478
f 4859 4858 4860
f 4475 4856 4477
f 4856 4858 4477
f 4477 4858 4859
f 4857 4855 4476
f 4855 4474 4476
f 4475 4854 4856
f 4475 4473 4854
f 4855 4853 4474
f 4853 4472 4474
f 4473 4852 4854
f 4473 4471 4852
f 4853 4850 4472
f 4850 4469 4472
f 4851 4852 4471
f 4470 4851 4471
f 4851 4470 4468
f 4851 4468 4848
f 4849 4847 4846
f 4850 4466 4469
f 4850 4846 4466
f 4849 4846 4850
f 4468 4845 4848
f 4468 4843 4845
f 4467 4843 4468
f 4467 4465 4843
f 4831 4846 4847
f 4831 4847 4832
f 4831 4463 4466
f 4846 4831 4466
f 4843 4844 4845
f 4844 4464 4842
f 4844 4465 4464
f 4843 4465 4844
f 4842 4464 4461
f 4842 4461 4830
f 4841 4825 4824
f 4840 4841 4824
f 4840 4824 4823
f 4839 4840 4823
f 4839 4823 4822
f 4838 4839 4822
f 4838 4822 4821
f 4837 4838 4821
f 4837 4821 4820
f 4836 4837 4820
f 4836 4820 4819
f 4835 4836 4819
f 4835 4819 4818
f 4834 4835 4818
f 4834 4818 4816
f 4834 4816 4817
f 4833 4810 4809
f 4809 4449 4833
f 4833 4449 4832
f 4832 4449 4462
f 4832 4462 4831
f 4831 4462 4463
f 4829 4830 4461
f 4460 4829 4461
f 4829 4459 4828
f 4829 4460 4459
f 4828 4459 4827
f 4459 4447 4827
f 4827 4447 4808
f 4826 4827 4458
f 4827 4808 4458
f 4458 4808 4444
f 4457 4826 4458
f 4457 4825 4826
f 4824 4825 4457
f 4456 4823 4824
f 4457 4456 4824
f 4455 4822 4823
f 4456 4455 4823
f 4454 4821 4822
f 4455 4454 4822
f 4453 4820 4821
f 4454 4453 4821
f 4452 4819 4820
f 4453 4452 4820
f 4451 4818 4819
f 4452 4451 4819
f 4450 4816 4818
f 4451 4450 4818
f 4807 4450 4435
f 4815 4450 4807
f 4816 4450 4815
f 4817 4816 4815
f 4814 4815 4807
f 4814 4807 4806
f 4813 4814 4806
f 4813 4806 4805
f 4812 4813 4805
f 4812 4805 4803
f 4812 4803 4804
f 4811 4801 4800
f 4799 4809 4800
f 4809 4810 4800
f 4800 4810 4811
f 4799 4428 4449
f 4809 4799 4449
f 4447 4445 4808
f 4808 4445 4444
f 4435 4433 4807
f 4432 4806 4807
f 4433 4432 4807
f 4431 4805 4806
f 4432 4431 4806
f 4805 4798 4803
f 4805 4421 4798
f 4431 4421 4805
f 4798 4797 4803
f 4797 4802 4803
f 4803 4802 4804
f 4797 4417 4802
f 4802 4417 4801
f 4801 4417 4430
f 4801 4430 4800
f 4429 4799 4800
f 4430 4429 4800
f 4799 4429 4428
f 4421 4419 4798
f 4418 4797 4798
f 4419 4418 4798
f 4797 4418 4417
f 4787 4788 4796
f 4787 4796 4795
f 4786 4787 4795
f 4786 4795 4794
f 4785 4786 4794
f 4785 4794 4793
f 4784 4785 4793
f 4784 4793 4792
f 4783 4784 4792
f 4783 4792 4791
f 4782 4783 4791
f 4782 4791 4790
f 4781 4782 4790
f 4781 4790 4789
f 4780 4781 4789
f 4779 4780 4789
f 4788 4787 4775
f 4776 4788 4775
f 4774 4787 4786
f 4774 4775 4787
f 4773 4786 4785
f 4773 4774 4786
f 4772 4785 4784
f 4772 4773 4785
f 4771 4784 4783
f 4771 4772 4784
f 4770 4783 4782
f 4770 4771 4783
f 4769 4782 4781
f 4769 4770 4782
f 4768 4781 4780
f 4768 4769 4781
f 4780 4766 4768
f 4780 4778 4766
f 4779 4778 4780
f 4767 4766 4778
f 4764 4765 4777
f 4764 4775 4763
f 4764 4776 4775
f 4777 4776 4764
f 4775 4774 4763
f 4774 4404 4763
f 4763 4404 4401
f 4774 4773 4403
f 4774 4403 4404
f 4773 4772 4402
f 4773 4402 4403
f 4771 4762 4772
f 4762 4397 4772
f 4772 4397 4402
f 4761 4771 4770
f 4761 4762 4771
f 4760 4770 4769
f 4760 4761 4770
f 4759 4769 4768
f 4759 4760 4769
f 4757 4768 4766
f 4757 4759 4768
f 4766 4767 4758
f 4757 4766 4758
f 4765 4764 4755
f 4756 4765 4755
f 4754 4764 4763
f 4754 4755 4764
f 4401 4395 4754
f 4401 4754 4763
f 4762 4396 4397
f 4761 4753 4762
f 4753 4391 4762
f 4762 4391 4396
f 4752 4761 4760
f 4752 4753 4761
f 4751 4760 4759
f 4751 4752 4760
f 4750 4759 4757
f 4750 4751 4759
f 4757 4758 4749
f 4750 4757 4749
f 4756 4755 4746
f 4747 4756 4746
f 4745 4755 4754
f 4745 4746 4755
f 4395 4389 4745
f 4395 4745 4754
f 4753 4744 4383
f 4753 4383 4391
f 4743 4753 4752
f 4743 4744 4753
f 4742 4752 4751
f 4742 4743 4752
f 4741 4751 4750
f 4741 4742 4751
f 4750 4739 4741
f 4750 4748 4739
f 4749 4748 4750
f 4740 4739 4748
f 4747 4746 4737
f 4738 4747 4737
f 4736 4746 4745
f 4736 4737 4746
f 4736 4745 4735
f 4745 4389 4735
f 4735 4389 4387
f 4387 4381 4735
f 4744 4382 4383
f 4743 4734 4744
f 4734 4376 4744
f 4744 4376 4382
f 4733 4743 4742
f 4733 4734 4743
f 4732 4742 4741
f 4732 4733 4742
f 4731 4741 4739
f 4731 4732 4741
f 4739 4740 4730
f 4731 4739 4730
f 4738 4737 4727
f 4728 4738 4727
f 4726 4737 4736
f 4726 4727 4737
f 4725 4736 4735
f 4725 4726 4736
f 4381 4373 4725
f 4381 4725 4735
f 4724 4371 4378
f 4723 4724 4378
f 4723 4378 4375
f 4722 4723 4734
f 4723 4375 4734
f 4734 4375 4376
f 4721 4734 4733
f 4721 4722 4734
f 4720 4733 4732
f 4720 4721 4733
f 4719 4732 4731
f 4719 4720 4732
f 4731 4718 4719
f 4731 4729 4718
f 4730 4729 4731
f 4717 4718 4729
f 4728 4727 4714
f 4715 4728 4714
f 4713 4727 4726
f 4713 4714 4727
f 4712 4726 4725
f 4712 4713 4726
f 4373 4368 4712
f 4373 4712 4725
f 4724 4711 4365
f 4724 4365 4371
f 4710 4724 4723
f 4710 4711 4724
f 4709 4723 4722
f 4709 4710 4723
f 4708 4722 4721
f 4708 4709 4722
f 4707 4721 4720
f 4707 4708 4721
f 4706 4720 4719
f 4706 4707 4720
f 4705 4719 4718
f 4705 4706 4719
f 4718 4703 4705
f 4718 4716 4703
f 4717 4716 4718
f 4704 4703 4716
f 4715 4714 4701
f 4702 4715 4701
f 4700 4714 4713
f 4700 4701 4714
f 4713 4712 4700
f 4712 4369 4700
f 4700 4369 4363
f 4368 4369 4712
f 4711 4364 4365
f 4710 4699 4711
f 4699 4359 4711
f 4711 4359 4364
f 4698 4710 4709
f 4698 4699 4710
f 4697 4709 4708
f 4697 4698 4709
f 4696 4708 4707
f 4696 4697 4708
f 4695 4707 4706
f 4695 4696 4707
f 4694 4706 4705
f 4694 4695 4706
f 4692 4705 4703
f 4692 4694 4705
f 4703 4704 4693
f 4692 4703 4693
f 4702 4701 4690
f 4691 4702 4690
f 4689 4701 4700
f 4689 4690 4701
f 4363 4357 4689
f 4363 4689 4700
f 4699 4688 4352
f 4699 4352 4359
f 4687 4699 4698
f 4687 4688 4699
f 4686 4698 4697
f 4686 4687 4698
f 4685 4697 4696
f 4685 4686 4697
f 4684 4696 4695
f 4684 4685 4696
f 4683 4695 4694
f 4683 4684 4695
f 4682 4694 4692
f 4682 4683 4694
f 4692 4693 4681
f 4682 4692 4681
f 4691 4690 4678
f 4679 4691 4678
f 4676 4690 4689
f 4676 4678 4690
f 4357 4350 4676
f 4357 4676 4689
f 4688 4351 4352
f 4687 4675 4688
f 4675 4345 4688
f 4688 4345 4351
f 4674 4687 4686
f 4674 4675 4687
f 4673 4686 4685
f 4673 4674 4686
f 4672 4685 4684
f 4672 4673 4685
f 4671 4684 4683
f 4671 4672 4684
f 4670 4683 4682
f 4670 4671 4683
f 4682 4668 4670
f 4682 4680 4668
f 4681 4680 4682
f 4669 4668 4680
f 4678 4677 4679
f 4666 4678 4676
f 4666 4677 4678
f 4667 4677 4666
f 4350 4343 4666
f 4350 4666 4676
f 4675 4665 4338
f 4675 4338 4345
f 4664 4675 4674
f 4664 4665 4675
f 4663 4674 4673
f 4663 4664 4674
f 4662 4673 4672
f 4662 4663 4673
f 4661 4672 4671
f 4661 4662 4672
f 4660 4671 4670
f 4660 4661 4671
f 4659 4670 4668
f 4659 4660 4670
f 4668 4669 4658
f 4659 4668 4658
f 4667 4666 4655
f 4656 4667 4655
f 4343 4336 4655
f 4343 4655 4666
f 4665 4654 4330
f 4665 4330 4338
f 4653 4665 4664
f 4653 4654 4665
f 4652 4664 4663
f 4652 4653 4664
f 4651 4663 4662
f 4651 4652 4663
f 4650 4662 4661
f 4650 4651 4662
f 4649 4661 4660
f 4649 4650 4661
f 4648 4660 4659
f 4648 4649 4660
f 4659 4647 4648
f 4659 4657 4647
f 4658 4657 4659
f 4646 4647 4657
f 4656 4655 4643
f 4644 4656 4643
f 4336 4328 4643
f 4336 4643 4655
f 4654 4329 4330
f 4653 4642 4654
f 4642 4322 4654
f 4654 4322 4329
f 4641 4653 4652
f 4641 4642 4653
f 4640 4652 4651
f 4640 4641 4652
f 4639 4651 4650
f 4639 4640 4651
f 4638 4650 4649
f 4638 4639 4650
f 4637 4649 4648
f 4637 4638 4649
f 4636 4648 4647
f 4636 4637 4648
f 4647 4634 4636
f 4647 4645 4634
f 4646 4645 4647
f 4635 4634 4645
f 4644 4643 4632
f 4633 4644 4632
f 4328 4320 4632
f 4328 4632 4643
f 4642 4631 4313
f 4642 4313 4322
f 4630 4642 4641
f 4630 4631 4642
f 4629 4641 4640
f 4629 4630 4641
f 4628 4640 4639
f 4628 4629 4640
f 4627 4639 4638
f 4627 4628 4639
f 4626 4638 4637
f 4626 4627 4638
f 4625 4637 4636
f 4625 4626 4637
f 4624 4636 4634
f 4624 4625 4636
f 4634 4635 4623
f 4624 4634 4623
f 4633 4632 4620
f 4621 4633 4620
f 4320 4311 4620
f 4320 4620 4632
f 4631 4312 4313
f 4630 4619 4631
f 4619 4304 4631
f 4631 4304 4312
f 4618 4630 4629
f 4618 4619 4630
f 4617 4629 4628
f 4617 4618 4629
f 4616 4628 4627
f 4616 4617 4628
f 4615 4627 4626
f 4615 4616 4627
f 4614 4626 4625
f 4614 4615 4626
f 4613 4625 4624
f 4613 4614 4625
f 4624 4611 4613
f 4624 4622 4611
f 4623 4622 4624
f 4612 4611 4622
f 4621 4620 4609
f 4610 4621 4609
f 4311 4302 4609
f 4311 4609 4620
f 4619 4608 4294
f 4619 4294 4304
f 4607 4619 4618
f 4607 4608 4619
f 4606 4618 4617
f 4606 4607 4618
f 4605 4617 4616
f 4605 4606 4617
f 4604 4616 4615
f 4604 4605 4616
f 4603 4615 4614
f 4603 4604 4615
f 4602 4614 4613
f 4602 4603 4614
f 4600 4613 4611
f 4600 4602 4613
f 4611 4612 4601
f 4600 4611 4601
f 4610 4609 4598
f 4599 4610 4598
f 4302 4292 4598
f 4302 4598 4609
f 4608 4293 4294
f 4607 4597 4608
f 4597 4284 4608
f 4608 4284 4293
f 4596 4607 4606
f 4596 4597 4607
f 4595 4606 4605
f 4595 4596 4606
f 4594 4605 4604
f 4594 4595 4605
f 4593 4604 4603
f 4593 4594 4604
f 4592 4603 4602
f 4592 4593 4603
f 4590 4602 4600
f 4590 4592 4602
f 4600 4601 4591
f 4590 4600 4591
f 4599 4598 4588
f 4589 4599 4588
f 4292 4282 4588
f 4292 4588 4598
f 4597 4587 4273
f 4597 4273 4284
f 4586 4597 4596
f 4586 4587 4597
f 4585 4596 4595
f 4585 4586 4596
f 4584 4595 4594
f 4584 4585 4595
f 4583 4594 4593
f 4583 4584 4594
f 4582 4593 4592
f 4582 4583 4593
f 4580 4592 4590
f 4580 4582 4592
f 4590 4591 4581
f 4580 4590 4581
f 4589 4588 4578
f 4579 4589 4578
f 4282 4271 4578
f 4282 4578 4588
f 4587 4272 4273
f 4586 4577 4587
f 4577 4263 4587
f 4587 4263 4272
f 4576 4586 4585
f 4576 4577 4586
f 4575 4585 4584
f 4575 4576 4585
f 4574 4584 4583
f 4574 4575 4584
f 4573 4583 4582
f 4573 4574 4583
f 4571 4582 4580
f 4571 4573 4582
f 4580 4581 4572
f 4571 4580 4572
f 4579 4578 4569
f 4570 4579 4569
f 4271 4261 4569
f 4271 4569 4578
f 4577 4262 4263
f 4576 4568 4577
f 4568 4254 4577
f 4577 4254 4262
f 4567 4576 4575
f 4567 4568 4576
f 4566 4575 4574
f 4566 4567 4575
f 4565 4574 4573
f 4565 4566 4574
f 4563 4573 4571
f 4563 4565 4573
f 4571 4572 4564
f 4563 4571 4564
f 4570 4569 4560
f 4561 4570 4560
f 4261 4251 4560
f 4261 4560 4569
f 4568 4559 4245
f 4568 4245 4254
f 4558 4568 4567
f 4558 4559 4568
f 4557 4567 4566
f 4557 4558 4567
f 4556 4566 4565
f 4556 4557 4566
f 4554 4565 4563
f 4554 4556 4565
f 4563 4564 4555
f 4554 4563 4555
f 4552 4553 4562
f 4562 4243 4552
f 4561 4243 4562
f 4252 4243 4561
f 4560 4252 4561
f 4251 4252 4560
f 4559 4551 4237
f 4559 4237 4245
f 4550 4559 4558
f 4550 4551 4559
f 4549 4558 4557
f 4549 4550 4558
f 4548 4557 4556
f 4548 4549 4557
f 4546 4556 4554
f 4546 4548 4556
f 4554 4555 4547
f 4546 4554 4547
f 4553 4552 4544
f 4545 4553 4544
f 4243 4235 4544
f 4243 4544 4552
f 4551 4542 4228
f 4551 4228 4237
f 4541 4551 4550
f 4541 4542 4551
f 4540 4550 4549
f 4540 4541 4550
f 4539 4549 4548
f 4539 4540 4549
f 4538 4548 4546
f 4538 4539 4548
f 4546 4547 4537
f 4538 4546 4537
f 4544 4543 4545
f 4226 4535 4235
f 4535 4543 4235
f 4235 4543 4544
f 4542 4227 4228
f 4541 4534 4542
f 4534 4220 4542
f 4542 4220 4227
f 4533 4541 4540
f 4533 4534 4541
f 4532 4540 4539
f 4532 4533 4540
f 4531 4539 4538
f 4531 4532 4539
f 4538 4530 4531
f 4538 4536 4530
f 4537 4536 4538
f 4529 4530 4536
f 4226 4527 4535
f 4226 4218 4527
f 4534 4219 4220
f 4533 4526 4534
f 4526 4211 4534
f 4534 4211 4219
f 4525 4533 4532
f 4525 4526 4533
f 4524 4532 4531
f 4524 4525 4532
f 4523 4531 4530
f 4523 4524 4531
f 4530 4522 4523
f 4530 4528 4522
f 4529 4528 4530
f 4521 4522 4528
f 4218 4518 4527
f 4218 4517 4518
f 4216 4517 4218
f 4216 4207 4517
f 4526 4210 4211
f 4526 4525 4209
f 4526 4209 4210
f 4525 4524 4208
f 4525 4208 4209
f 4523 4516 4524
f 4516 4200 4524
f 4524 4200 4208
f 4515 4523 4522
f 4515 4516 4523
f 4522 4514 4515
f 4522 4520 4514
f 4521 4520 4522
f 4514 4520 4519
f 4512 4514 4519
f 4513 4512 4519
f 4518 4517 4510
f 4511 4518 4510
f 4207 4197 4510
f 4207 4510 4517
f 4516 4199 4200
f 4516 4515 4198
f 4516 4198 4199
f 4514 4509 4515
f 4509 4189 4515
f 4515 4189 4198
f 4507 4514 4512
f 4507 4509 4514
f 4512 4513 4508
f 4507 4512 4508
f 4511 4510 4504
f 4505 4511 4504
f 4197 4186 4504
f 4197 4504 4510
f 4509 4188 4189
f 4509 4507 4187
f 4509 4187 4188
f 4179 4187 4502
f 4502 4187 4506
f 4506 4187 4507
f 4506 4507 4508
f 4503 4502 4506
f 4505 4504 4499
f 4500 4505 4499
f 4186 4177 4499
f 4186 4499 4504
f 4502 4178 4179
f 4174 4178 4497
f 4497 4178 4501
f 4501 4178 4502
f 4501 4502 4503
f 4498 4497 4501
f 4500 4499 4495
f 4496 4500 4495
f 4177 4171 4495
f 4177 4495 4499
f 4497 4173 4174
f 4169 4498 4494
f 4169 4497 4498
f 4173 4497 4169
f 4496 4167 4492
f 4496 4172 4167
f 4495 4172 4496
f 4171 4172 4495
f 4169 4494 4165
f 4494 4493 4165
f 4165 4493 4490
f 4491 4490 4493
f 4167 4489 4492
f 4167 4163 4489
f 4490 4164 4165
f 4161 4491 4488
f 4161 4490 4491
f 4164 4490 4161
f 4163 4487 4489
f 4163 4159 4487
f 4488 4486 4161
f 4486 4156 4161
f 4159 4484 4487
f 4159 4483 4484
f 4157 4483 4159
f 4157 4154 4483
f 4156 4486 4485
f 4156 4485 4155
f 4153 4155 4485
f 4482 4153 4485
f 4484 4483 4480
f 4481 4484 4480
f 4154 4151 4480
f 4154 4480 4483
f 4482 4478 4153
f 4478 4150 4153
f 4480 4479 4481
f 4149 4477 4151
f 4477 4479 4151
f 4151 4479 4480
f 4478 4476 4150
f 4476 4148 4150
f 4149 4475 4477
f 4149 4147 4475
f 4476 4474 4148
f 4474 4146 4148
f 4147 4473 4475
f 4147 4145 4473
f 4474 4472 4146
f 4472 4144 4146
f 4145 4471 4473
f 4145 4142 4471
f 4472 4469 4144
f 4469 4140 4144
f 4470 4471 4142
f 4141 4470 4142
f 4470 4141 4138
f 4470 4138 4468
f 4469 4466 4140
f 4466 4136 4140
f 4467 4468 4138
f 4137 4467 4138
f 4467 4137 4134
f 4467 4134 4465
f 4466 4463 4136
f 4463 4131 4136
f 4464 4465 4134
f 4132 4464 4134
f 4464 4132 4129
f 4464 4129 4461
f 4462 4449 4448
f 4463 4126 4131
f 4463 4448 4126
f 4462 4448 4463
f 4460 4461 4129
f 4127 4460 4129
f 4460 4127 4459
f 4127 4124 4459
f 4459 4124 4446
f 4459 4446 4447
f 4458 4444 4443
f 4457 4458 4443
f 4457 4443 4442
f 4456 4457 4442
f 4456 4442 4441
f 4455 4456 4441
f 4455 4441 4440
f 4454 4455 4440
f 4454 4440 4439
f 4453 4454 4439
f 4453 4439 4438
f 4452 4453 4438
f 4452 4438 4437
f 4451 4452 4437
f 4451 4437 4436
f 4450 4451 4436
f 4450 4436 4434
f 4450 4434 4435
f 4427 4448 4449
f 4427 4449 4428
f 4427 4114 4126
f 4448 4427 4126
f 4124 4122 4446
f 4445 4122 4121
f 4445 4446 4122
f 4447 4446 4445
f 4120 4445 4121
f 4120 4444 4445
f 4443 4444 4120
f 4119 4442 4443
f 4120 4119 4443
f 4118 4441 4442
f 4119 4118 4442
f 4117 4440 4441
f 4118 4117 4441
f 4116 4439 4440
f 4117 4116 4440
f 4115 4438 4439
f 4116 4115 4439
f 4438 4426 4437
f 4438 4105 4426
f 4115 4105 4438
f 4436 4437 4425
f 4437 4426 4425
f 4434 4436 4424
f 4436 4425 4424
f 4424 4423 4434
f 4423 4433 4434
f 4434 4433 4435
f 4432 4433 4423
f 4432 4423 4422
f 4431 4432 4422
f 4431 4422 4420
f 4431 4420 4421
f 4430 4417 4416
f 4429 4430 4416
f 4429 4416 4415
f 4414 4427 4415
f 4427 4428 4415
f 4415 4428 4429
f 4414 4101 4114
f 4427 4414 4114
f 4105 4103 4426
f 4426 4413 4425
f 4426 4093 4413
f 4103 4093 4426
f 4424 4425 4412
f 4425 4413 4412
f 4423 4424 4411
f 4424 4412 4411
f 4422 4423 4410
f 4423 4411 4410
f 4420 4422 4409
f 4422 4410 4409
f 4409 4408 4420
f 4408 4419 4420
f 4420 4419 4421
f 4418 4419 4408
f 4418 4408 4407
f 4406 4416 4407
f 4416 4417 4407
f 4407 4417 4418
f 4415 4416 4405
f 4416 4406 4405
f 4405 4414 4415
f 4405 4102 4414
f 4082 4102 4405
f 4414 4102 4101
f 4093 4091 4413
f 4090 4412 4413
f 4091 4090 4413
f 4089 4411 4412
f 4090 4089 4412
f 4088 4410 4411
f 4089 4088 4411
f 4087 4409 4410
f 4088 4087 4410
f 4086 4408 4409
f 4087 4086 4409
f 4085 4407 4408
f 4086 4085 4408
f 4084 4406 4407
f 4085 4084 4407
f 4083 4405 4406
f 4084 4083 4406
f 4405 4083 4082
f 4400 4401 4404
f 4400 4404 4403
f 4399 4400 4403
f 4399 4403 4402
f 4398 4399 4402
f 4397 4398 4402
f 4401 4400 4394
f 4395 4401 4394
f 4393 4400 4399
f 4393 4394 4400
f 4392 4399 4398
f 4392 4393 4399
f 4398 4390 4392
f 4398 4396 4390
f 4397 4396 4398
f 4391 4390 4396
f 4395 4394 4388
f 4389 4395 4388
f 4386 4394 4393
f 4386 4388 4394
f 4385 4393 4392
f 4385 4386 4393
f 4384 4392 4390
f 4384 4385 4392
f 4390 4391 4383
f 4384 4390 4383
f 4388 4387 4389
f 4380 4388 4386
f 4380 4387 4388
f 4381 4387 4380
f 4379 4386 4385
f 4379 4380 4386
f 4377 4385 4384
f 4377 4379 4385
f 4384 4374 4377
f 4384 4382 4374
f 4383 4382 4384
f 4376 4374 4382
f 4381 4380 4372
f 4373 4381 4372
f 4370 4380 4379
f 4370 4372 4380
f 4377 4370 4379
f 4377 4371 4370
f 4378 4371 4377
f 4374 4375 4378
f 4377 4374 4378
f 4375 4374 4376
f 4373 4372 4367
f 4368 4373 4367
f 4366 4372 4370
f 4366 4367 4372
f 4370 4371 4365
f 4366 4370 4365
f 4362 4363 4369
f 4362 4367 4361
f 4362 4368 4367
f 4369 4368 4362
f 4360 4367 4366
f 4360 4361 4367
f 4366 4358 4360
f 4366 4364 4358
f 4365 4364 4366
f 4359 4358 4364
f 4363 4362 4356
f 4357 4363 4356
f 4355 4362 4361
f 4355 4356 4362
f 4354 4361 4360
f 4354 4355 4361
f 4353 4360 4358
f 4353 4354 4360
f 4358 4359 4352
f 4353 4358 4352
f 4357 4356 4349
f 4350 4357 4349
f 4348 4356 4355
f 4348 4349 4356
f 4347 4355 4354
f 4347 4348 4355
f 4346 4354 4353
f 4346 4347 4354
f 4353 4344 4346
f 4353 4351 4344
f 4352 4351 4353
f 4345 4344 4351
f 4350 4349 4342
f 4343 4350 4342
f 4341 4349 4348
f 4341 4342 4349
f 4340 4348 4347
f 4340 4341 4348
f 4339 4347 4346
f 4339 4340 4347
f 4337 4346 4344
f 4337 4339 4346
f 4344 4345 4338
f 4337 4344 4338
f 4343 4342 4335
f 4336 4343 4335
f 4334 4342 4341
f 4334 4335 4342
f 4333 4341 4340
f 4333 4334 4341
f 4332 4340 4339
f 4332 4333 4340
f 4331 4339 4337
f 4331 4332 4339
f 4337 4338 4330
f 4331 4337 4330
f 4336 4335 4327
f 4328 4336 4327
f 4326 4335 4334
f 4326 4327 4335
f 4325 4334 4333
f 4325 4326 4334
f 4324 4333 4332
f 4324 4325 4333
f 4323 4332 4331
f 4323 4324 4332
f 4331 4321 4323
f 4331 4329 4321
f 4330 4329 4331
f 4322 4321 4329
f 4328 4327 4319
f 4320 4328 4319
f 4318 4327 4326
f 4318 4319 4327
f 4317 4326 4325
f 4317 4318 4326
f 4316 4325 4324
f 4316 4317 4325
f 4315 4324 4323
f 4315 4316 4324
f 4314 4323 4321
f 4314 4315 4323
f 4321 4322 4313
f 4314 4321 4313
f 4320 4319 4310
f 4311 4320 4310
f 4309 4319 4318
f 4309 4310 4319
f 4308 4318 4317
f 4308 4309 4318
f 4307 4317 4316
f 4307 4308 4317
f 4306 4316 4315
f 4306 4307 4316
f 4305 4315 4314
f 4305 4306 4315
f 4314 4303 4305
f 4314 4312 4303
f 4313 4312 4314
f 4304 4303 4312
f 4311 4310 4301
f 4302 4311 4301
f 4300 4310 4309
f 4300 4301 4310
f 4299 4309 4308
f 4299 4300 4309
f 4298 4308 4307
f 4298 4299 4308
f 4297 4307 4306
f 4297 4298 4307
f 4296 4306 4305
f 4296 4297 4306
f 4295 4305 4303
f 4295 4296 4305
f 4303 4304 4294
f 4295 4303 4294
f 4302 4301 4291
f 4292 4302 4291
f 4290 4301 4300
f 4290 4291 4301
f 4289 4300 4299
f 4289 4290 4300
f 4288 4299 4298
f 4288 4289 4299
f 4287 4298 4297
f 4287 4288 4298
f 4286 4297 4296
f 4286 4287 4297
f 4285 4296 4295
f 4285 4286 4296
f 4295 4283 4285
f 4295 4293 4283
f 4294 4293 4295
f 4284 4283 4293
f 4292 4291 4281
f 4282 4292 4281
f 4280 4291 4290
f 4280 4281 4291
f 4279 4290 4289
f 4279 4280 4290
f 4278 4289 4288
f 4278 4279 4289
f 4277 4288 4287
f 4277 4278 4288
f 4276 4287 4286
f 4276 4277 4287
f 4275 4286 4285
f 4275 4276 4286
f 4274 4285 4283
f 4274 4275 4285
f 4283 4284 4273
f 4274 4283 4273
f 4282 4281 4270
f 4271 4282 4270
f 4269 4281 4280
f 4269 4270 4281
f 4280 4279 4269
f 4279 4057 4269
f 4269 4057 4055
f 4279 4278 4056
f 4279 4056 4057
f 4277 4268 4278
f 4268 4052 4278
f 4278 4052 4056
f 4267 4277 4276
f 4267 4268 4277
f 4266 4276 4275
f 4266 4267 4276
f 4265 4275 4274
f 4265 4266 4275
f 4274 4264 4265
f 4274 4272 4264
f 4273 4272 4274
f 4263 4264 4272
f 4271 4270 4260
f 4261 4271 4260
f 4259 4270 4269
f 4259 4260 4270
f 4055 4049 4259
f 4055 4259 4269
f 4268 4051 4052
f 4267 4258 4268
f 4258 4046 4268
f 4268 4046 4051
f 4257 4267 4266
f 4257 4258 4267
f 4256 4266 4265
f 4256 4257 4266
f 4255 4265 4264
f 4255 4256 4265
f 4264 4253 4255
f 4264 4262 4253
f 4263 4262 4264
f 4254 4253 4262
f 4261 4260 4250
f 4251 4261 4250
f 4260 4259 4250
f 4259 4050 4250
f 4250 4050 4044
f 4049 4050 4259
f 4258 4249 4039
f 4258 4039 4046
f 4248 4258 4257
f 4248 4249 4258
f 4247 4257 4256
f 4247 4248 4257
f 4246 4256 4255
f 4246 4247 4256
f 4244 4255 4253
f 4244 4246 4255
f 4253 4254 4245
f 4244 4253 4245
f 4242 4243 4252
f 4242 4250 4241
f 4242 4251 4250
f 4252 4251 4242
f 4044 4037 4241
f 4044 4241 4250
f 4249 4038 4039
f 4248 4240 4249
f 4240 4032 4249
f 4249 4032 4038
f 4239 4248 4247
f 4239 4240 4248
f 4238 4247 4246
f 4238 4239 4247
f 4236 4246 4244
f 4236 4238 4246
f 4244 4245 4237
f 4236 4244 4237
f 4243 4242 4234
f 4235 4243 4234
f 4233 4242 4241
f 4233 4234 4242
f 4037 4029 4233
f 4037 4233 4241
f 4240 4232 4023
f 4240 4023 4032
f 4231 4240 4239
f 4231 4232 4240
f 4230 4239 4238
f 4230 4231 4239
f 4229 4238 4236
f 4229 4230 4238
f 4236 4237 4228
f 4229 4236 4228
f 4235 4234 4225
f 4226 4235 4225
f 4234 4233 4225
f 4233 4030 4225
f 4225 4030 4021
f 4029 4030 4233
f 4232 4022 4023
f 4231 4224 4232
f 4224 4013 4232
f 4232 4013 4022
f 4223 4231 4230
f 4223 4224 4231
f 4222 4230 4229
f 4222 4223 4230
f 4229 4221 4222
f 4229 4227 4221
f 4228 4227 4229
f 4220 4221 4227
f 4226 4225 4217
f 4218 4226 4217
f 4021 4011 4217
f 4021 4217 4225
f 4224 4012 4013
f 4223 4215 4224
f 4215 4002 4224
f 4224 4002 4012
f 4214 4223 4222
f 4214 4215 4223
f 4213 4222 4221
f 4213 4214 4222
f 4221 4212 4213
f 4221 4219 4212
f 4220 4219 4221
f 4211 4212 4219
f 4217 4216 4218
f 4000 4207 4011
f 4207 4216 4011
f 4011 4216 4217
f 4215 4001 4002
f 4214 4206 4215
f 4206 3992 4215
f 4215 3992 4001
f 4205 4214 4213
f 4205 4206 4214
f 4204 4213 4212
f 4204 4205 4213
f 4212 4203 4204
f 4212 4210 4203
f 4211 4210 4212
f 4203 4210 4209
f 4202 4203 4209
f 4202 4209 4208
f 4201 4202 4208
f 4200 4201 4208
f 4000 4197 4207
f 4000 3990 4197
f 4206 3991 3992
f 4205 4196 4206
f 4196 3983 4206
f 4206 3983 3991
f 4195 4205 4204
f 4195 4196 4205
f 4194 4204 4203
f 4194 4195 4204
f 4193 4203 4202
f 4193 4194 4203
f 4192 4202 4201
f 4192 4193 4202
f 4201 4191 4192
f 4201 4199 4191
f 4200 4199 4201
f 4191 4199 4198
f 4190 4191 4198
f 4189 4190 4198
f 3990 4186 4197
f 3990 4185 4186
f 3988 4185 3990
f 3988 3977 4185
f 4196 3982 3983
f 4196 4195 3981
f 4196 3981 3982
f 4195 4194 3980
f 4195 3980 3981
f 4194 4193 3979
f 4194 3979 3980
f 4192 4184 4193
f 4184 3970 4193
f 4193 3970 3979
f 4183 4192 4191
f 4183 4184 4192
f 4182 4191 4190
f 4182 4183 4191
f 4190 4181 4182
f 4190 4188 4181
f 4189 4188 4190
f 4181 4188 4187
f 4180 4181 4187
f 4179 4180 4187
f 4186 3965 4177
f 4186 3978 3965
f 4185 3978 4186
f 3977 3978 4185
f 4184 3969 3970
f 4184 4183 3968
f 4184 3968 3969
f 4183 4182 3967
f 4183 3967 3968
f 4182 4181 3966
f 4182 3966 3967
f 4180 4176 4181
f 4176 3957 4181
f 4181 3957 3966
f 4180 4175 4176
f 4180 4178 4175
f 4179 4178 4180
f 4174 4175 4178
f 3965 4171 4177
f 3965 3955 4171
f 4176 3956 3957
f 4175 4170 4176
f 4170 3951 4176
f 4176 3951 3956
f 4175 4168 4170
f 4175 4173 4168
f 4174 4173 4175
f 4169 4168 4173
f 4166 4167 4172
f 3955 3947 4171
f 3947 4166 4171
f 4171 4166 4172
f 4170 3949 3951
f 4170 4168 3948
f 4170 3948 3949
f 3944 4169 4165
f 3944 4168 4169
f 3948 4168 3944
f 4167 4166 4162
f 4163 4167 4162
f 3947 3942 4162
f 3947 4162 4166
f 3944 4165 3941
f 4165 4164 3941
f 3941 4164 4160
f 4161 4160 4164
f 4163 4162 4158
f 4159 4163 4158
f 3942 3938 4158
f 3942 4158 4162
f 4160 3939 3941
f 3937 4161 4156
f 3937 4160 4161
f 3939 4160 3937
f 4158 4157 4159
f 3935 4154 3938
f 4154 4157 3938
f 3938 4157 4158
f 3937 4156 3934
f 4156 4155 3934
f 3934 4155 4152
f 4153 4152 4155
f 3935 4151 4154
f 3935 3932 4151
f 4152 3933 3934
f 3931 4153 4150
f 3931 4152 4153
f 3933 4152 3931
f 3932 4149 4151
f 3932 3929 4149
f 4150 4148 3931
f 4148 3927 3931
f 3929 4147 4149
f 3929 3926 4147
f 4148 4146 3927
f 4146 3924 3927
f 3926 4145 4147
f 3926 3922 4145
f 4146 4144 3924
f 4144 4143 3924
f 3924 4143 3923
f 4143 3920 3923
f 3922 4142 4145
f 3922 3919 4142
f 4139 4143 4144
f 4139 4144 4140
f 4139 3916 3920
f 4143 4139 3920
f 4141 4142 3919
f 3917 4141 3919
f 4141 3917 3915
f 4141 3915 4138
f 4135 4139 4140
f 4135 4140 4136
f 4135 3914 3916
f 4139 4135 3916
f 3913 4138 3915
f 3913 4137 4138
f 4133 4137 3913
f 4137 4133 4134
f 4130 4135 4136
f 4130 4136 4131
f 4130 3911 3914
f 4135 4130 3914
f 3913 3912 4133
f 4128 3912 3910
f 4132 3912 4128
f 4133 3912 4132
f 4134 4133 4132
f 4132 4128 4129
f 4125 4130 4131
f 4125 4131 4126
f 4125 3908 3911
f 4130 4125 3911
f 3910 3909 4128
f 4123 3909 3907
f 4127 3909 4123
f 4128 3909 4127
f 4129 4128 4127
f 4127 4123 4124
f 4113 4125 4126
f 4113 4126 4114
f 4113 3904 3908
f 4125 4113 3908
f 3907 3905 4123
f 4112 3905 3903
f 4122 3905 4112
f 4123 3905 4122
f 4124 4123 4122
f 4121 4122 4112
f 4121 4112 4111
f 4120 4121 4111
f 4120 4111 4110
f 4119 4120 4110
f 4119 4110 4109
f 4118 4119 4109
f 4118 4109 4108
f 4117 4118 4108
f 4117 4108 4107
f 4116 4117 4107
f 4116 4107 4106
f 4115 4116 4106
f 4115 4106 4104
f 4115 4104 4105
f 4100 4113 4114
f 4100 4114 4101
f 4100 3899 3904
f 4113 4100 3904
f 3903 3901 4112
f 3900 4111 4112
f 3901 3900 4112
f 4111 4099 4110
f 4111 3896 4099
f 3900 3896 4111
f 4109 4110 4098
f 4110 4099 4098
f 4108 4109 4097
f 4109 4098 4097
f 4107 4108 4096
f 4108 4097 4096
f 4106 4107 4095
f 4107 4096 4095
f 4104 4106 4094
f 4106 4095 4094
f 4094 4092 4104
f 4092 4103 4104
f 4104 4103 4105
f 4103 4092 4093
f 4102 4082 4081
f 4080 4100 4081
f 4100 4101 4081
f 4081 4101 4102
f 4080 3889 3899
f 4100 4080 3899
f 3896 3894 4099
f 3893 4098 4099
f 3894 3893 4099
f 3892 4097 4098
f 3893 3892 4098
f 3891 4096 4097
f 3892 3891 4097
f 3890 4095 4096
f 3891 3890 4096
f 4095 4079 4094
f 4095 3882 4079
f 3890 3882 4095
f 4092 4094 4078
f 4094 4079 4078
f 4078 4077 4092
f 4077 4091 4092
f 4092 4091 4093
f 4090 4091 4077
f 4090 4077 4076
f 4089 4090 4076
f 4089 4076 4075
f 4088 4089 4075
f 4088 4075 4074
f 4087 4088 4074
f 4087 4074 4073
f 4086 4087 4073
f 4086 4073 4072
f 4085 4086 4072
f 4085 4072 4071
f 4084 4085 4071
f 4084 4071 4070
f 4083 4084 4070
f 4083 4070 4069
f 4068 4081 4069
f 4081 4082 4069
f 4069 4082 4083
f 4080 4081 4067
f 4081 4068 4067
f 4067 3876 3889
f 4080 4067 3889
f 3882 3880 4079
f 3879 4078 4079
f 3880 3879 4079
f 3878 4077 4078
f 3879 3878 4078
f 4077 4066 4076
f 4077 3869 4066
f 3878 3869 4077
f 4075 4076 4065
f 4076 4066 4065
f 4074 4075 4064
f 4075 4065 4064
f 4073 4074 4063
f 4074 4064 4063
f 4072 4073 4062
f 4073 4063 4062
f 4071 4072 4061
f 4072 4062 4061
f 4070 4071 4060
f 4071 4061 4060
f 4069 4070 4059
f 4070 4060 4059
f 4068 4069 4058
f 4069 4059 4058
f 4058 4067 4068
f 4058 3877 4067
f 3858 3877 4058
f 4067 3877 3876
f 3869 3867 4066
f 3866 4065 4066
f 3867 3866 4066
f 3865 4064 4065
f 3866 3865 4065
f 3864 4063 4064
f 3865 3864 4064
f 3863 4062 4063
f 3864 3863 4063
f 3862 4061 4062
f 3863 3862 4062
f 3861 4060 4061
f 3862 3861 4061
f 3860 4059 4060
f 3861 3860 4060
f 3859 4058 4059
f 3860 3859 4059
f 4058 3859 3858
f 4054 4055 4057
f 4054 4057 4056
f 4053 4054 4056
f 4052 4053 4056
f 4055 4054 4048
f 4049 4055 4048
f 4047 4054 4053
f 4047 4048 4054
f 4053 4045 4047
f 4053 4051 4045
f 4052 4051 4053
f 4046 4045 4051
f 4043 4044 4050
f 4043 4048 4042
f 4043 4049 4048
f 4050 4049 4043
f 4041 4048 4047
f 4041 4042 4048
f 4040 4047 4045
f 4040 4041 4047
f 4045 4046 4039
f 4040 4045 4039
f 4044 4043 4036
f 4037 4044 4036
f 4035 4043 4042
f 4035 4036 4043
f 4034 4042 4041
f 4034 4035 4042
f 4033 4041 4040
f 4033 4034 4041
f 4040 4031 4033
f 4040 4038 4031
f 4039 4038 4040
f 4032 4031 4038
f 4037 4036 4028
f 4029 4037 4028
f 4027 4036 4035
f 4027 4028 4036
f 4026 4035 4034
f 4026 4027 4035
f 4025 4034 4033
f 4025 4026 4034
f 4024 4033 4031
f 4024 4025 4033
f 4031 4032 4023
f 4024 4031 4023
f 4020 4021 4030
f 4020 4028 4019
f 4020 4029 4028
f 4030 4029 4020
f 4018 4028 4027
f 4018 4019 4028
f 4017 4027 4026
f 4017 4018 4027
f 4016 4026 4025
f 4016 4017 4026
f 4015 4025 4024
f 4015 4016 4025
f 4024 4014 4015
f 4024 4022 4014
f 4023 4022 4024
f 4013 4014 4022
f 4021 4020 4010
f 4011 4021 4010
f 4009 4020 4019
f 4009 4010 4020
f 4008 4019 4018
f 4008 4009 4019
f 4007 4018 4017
f 4007 4008 4018
f 4006 4017 4016
f 4006 4007 4017
f 4005 4016 4015
f 4005 4006 4016
f 4004 4015 4014
f 4004 4005 4015
f 4014 4003 4004
f 4014 4012 4003
f 4013 4012 4014
f 4002 4003 4012
f 4011 4010 3999
f 4000 4011 3999
f 3998 4010 4009
f 3998 3999 4010
f 4009 4008 3998
f 4008 3839 3998
f 3998 3839 3837
f 4008 4007 3838
f 4008 3838 3839
f 4006 3997 4007
f 3997 3834 4007
f 4007 3834 3838
f 3996 4006 4005
f 3996 3997 4006
f 3995 4005 4004
f 3995 3996 4005
f 3994 4004 4003
f 3994 3995 4004
f 4003 3993 3994
f 4003 4001 3993
f 4002 4001 4003
f 3992 3993 4001
f 4000 3999 3989
f 3990 4000 3989
f 3987 3999 3998
f 3987 3989 3999
f 3837 3829 3987
f 3837 3987 3998
f 3997 3833 3834
f 3997 3996 3832
f 3997 3832 3833
f 3996 3995 3831
f 3996 3831 3832
f 3994 3986 3995
f 3986 3823 3995
f 3995 3823 3831
f 3985 3994 3993
f 3985 3986 3994
f 3993 3984 3985
f 3993 3991 3984
f 3992 3991 3993
f 3983 3984 3991
f 3989 3988 3990
f 3821 3987 3830
f 3987 3988 3989
f 3821 3988 3987
f 3977 3988 3821
f 3829 3830 3987
f 3986 3822 3823
f 3985 3976 3986
f 3976 3813 3986
f 3986 3813 3822
f 3975 3985 3984
f 3975 3976 3985
f 3984 3974 3975
f 3984 3982 3974
f 3983 3982 3984
f 3974 3982 3981
f 3973 3974 3981
f 3973 3981 3980
f 3972 3973 3980
f 3972 3980 3979
f 3971 3972 3979
f 3970 3971 3979
f 3964 3965 3978
f 3821 3808 3977
f 3808 3964 3977
f 3977 3964 3978
f 3976 3812 3813
f 3976 3975 3811
f 3976 3811 3812
f 3975 3974 3810
f 3975 3810 3811
f 3974 3973 3809
f 3974 3809 3810
f 3972 3963 3973
f 3963 3800 3973
f 3973 3800 3809
f 3962 3972 3971
f 3962 3963 3972
f 3971 3961 3962
f 3971 3969 3961
f 3970 3969 3971
f 3961 3969 3968
f 3960 3961 3968
f 3960 3968 3967
f 3959 3960 3967
f 3959 3967 3966
f 3958 3959 3966
f 3957 3958 3966
f 3965 3964 3954
f 3955 3965 3954
f 3808 3795 3954
f 3808 3954 3964
f 3963 3799 3800
f 3963 3962 3798
f 3963 3798 3799
f 3962 3961 3797
f 3962 3797 3798
f 3961 3960 3796
f 3961 3796 3797
f 3959 3953 3960
f 3953 3786 3960
f 3960 3786 3796
f 3952 3959 3958
f 3952 3953 3959
f 3958 3950 3952
f 3958 3956 3950
f 3957 3956 3958
f 3951 3950 3956
f 3955 3954 3946
f 3947 3955 3946
f 3795 3781 3946
f 3795 3946 3954
f 3953 3785 3786
f 3953 3952 3784
f 3953 3784 3785
f 3952 3950 3783
f 3952 3783 3784
f 3777 3783 3945
f 3945 3783 3949
f 3949 3783 3950
f 3949 3950 3951
f 3945 3949 3948
f 3943 3945 3948
f 3944 3943 3948
f 3947 3774 3942
f 3947 3782 3774
f 3946 3782 3947
f 3781 3782 3946
f 3945 3775 3777
f 3943 3940 3945
f 3940 3772 3945
f 3945 3772 3775
f 3943 3944 3941
f 3940 3943 3941
f 3774 3938 3942
f 3774 3769 3938
f 3940 3770 3772
f 3767 3770 3936
f 3936 3770 3939
f 3939 3770 3940
f 3939 3940 3941
f 3937 3936 3939
f 3769 3935 3938
f 3769 3764 3935
f 3936 3765 3767
f 3762 3937 3934
f 3762 3936 3937
f 3765 3936 3762
f 3764 3932 3935
f 3764 3760 3932
f 3762 3934 3757
f 3934 3933 3757
f 3757 3933 3930
f 3931 3930 3933
f 3760 3929 3932
f 3760 3928 3929
f 3758 3928 3760
f 3758 3755 3928
f 3930 3756 3757
f 3754 3931 3927
f 3754 3930 3931
f 3756 3930 3754
f 3929 3928 3925
f 3926 3929 3925
f 3755 3752 3925
f 3755 3925 3928
f 3927 3924 3754
f 3924 3751 3754
f 3926 3925 3921
f 3922 3926 3921
f 3752 3749 3921
f 3752 3921 3925
f 3751 3924 3923
f 3751 3923 3750
f 3748 3750 3923
f 3920 3748 3923
f 3922 3921 3918
f 3919 3922 3918
f 3749 3747 3918
f 3749 3918 3921
f 3920 3916 3748
f 3916 3746 3748
f 3918 3917 3919
f 3745 3915 3747
f 3915 3917 3747
f 3747 3917 3918
f 3916 3914 3746
f 3914 3744 3746
f 3745 3913 3915
f 3745 3743 3913
f 3914 3911 3744
f 3911 3741 3744
f 3912 3913 3743
f 3742 3912 3743
f 3912 3742 3740
f 3912 3740 3910
f 3911 3908 3741
f 3908 3738 3741
f 3736 3910 3740
f 3736 3909 3910
f 3906 3909 3736
f 3909 3906 3907
f 3908 3904 3738
f 3904 3734 3738
f 3736 3735 3906
f 3902 3735 3731
f 3905 3735 3902
f 3906 3735 3905
f 3907 3906 3905
f 3905 3902 3903
f 3904 3899 3734
f 3899 3898 3734
f 3734 3898 3732
f 3898 3728 3732
f 3731 3729 3902
f 3897 3729 3727
f 3901 3729 3897
f 3902 3729 3901
f 3903 3902 3901
f 3900 3901 3897
f 3900 3897 3895
f 3900 3895 3896
f 3888 3898 3899
f 3888 3899 3889
f 3888 3724 3728
f 3898 3888 3728
f 3727 3725 3897
f 3897 3887 3895
f 3897 3722 3887
f 3725 3722 3897
f 3887 3886 3895
f 3886 3894 3895
f 3895 3894 3896
f 3893 3894 3886
f 3893 3886 3885
f 3892 3893 3885
f 3892 3885 3884
f 3891 3892 3884
f 3891 3884 3883
f 3890 3891 3883
f 3890 3883 3881
f 3890 3881 3882
f 3875 3888 3889
f 3875 3889 3876
f 3875 3717 3724
f 3888 3875 3724
f 3722 3720 3887
f 3719 3886 3887
f 3720 3719 3887
f 3718 3885 3886
f 3719 3718 3886
f 3885 3874 3884
f 3885 3712 3874
f 3718 3712 3885
f 3883 3884 3873
f 3884 3874 3873
f 3881 3883 3872
f 3883 3873 3872
f 3872 3871 3881
f 3871 3880 3881
f 3881 3880 3882
f 3879 3880 3871
f 3879 3871 3870
f 3878 3879 3870
f 3878 3870 3868
f 3878 3868 3869
f 3877 3858 3857
f 3857 3705 3877
f 3877 3705 3876
f 3876 3705 3716
f 3876 3716 3875
f 3875 3716 3717
f 3712 3710 3874
f 3709 3873 3874
f 3710 3709 3874
f 3708 3872 3873
f 3709 3708 3873
f 3707 3871 3872
f 3708 3707 3872
f 3706 3870 3871
f 3707 3706 3871
f 3870 3856 3868
f 3870 3696 3856
f 3706 3696 3870
f 3856 3855 3868
f 3855 3867 3868
f 3868 3867 3869
f 3866 3867 3855
f 3866 3855 3854
f 3865 3866 3854
f 3865 3854 3853
f 3864 3865 3853
f 3864 3853 3852
f 3863 3864 3852
f 3863 3852 3851
f 3862 3863 3851
f 3862 3851 3850
f 3861 3862 3850
f 3861 3850 3849
f 3860 3861 3849
f 3860 3849 3848
f 3859 3860 3848
f 3859 3848 3847
f 3846 3857 3847
f 3857 3858 3847
f 3847 3858 3859
f 3846 3689 3705
f 3857 3846 3705
f 3696 3694 3856
f 3693 3855 3856
f 3694 3693 3856
f 3692 3854 3855
f 3693 3692 3855
f 3691 3853 3854
f 3692 3691 3854
f 3853 3845 3852
f 3853 3682 3845
f 3691 3682 3853
f 3851 3852 3844
f 3852 3845 3844
f 3850 3851 3843
f 3851 3844 3843
f 3849 3850 3842
f 3850 3843 3842
f 3848 3849 3841
f 3849 3842 3841
f 3847 3848 3840
f 3848 3841 3840
f 3840 3846 3847
f 3840 3690 3846
f 3674 3690 3840
f 3846 3690 3689
f 3682 3680 3845
f 3679 3844 3845
f 3680 3679 3845
f 3678 3843 3844
f 3679 3678 3844
f 3677 3842 3843
f 3678 3677 3843
f 3676 3841 3842
f 3677 3676 3842
f 3675 3840 3841
f 3676 3675 3841
f 3840 3675 3674
f 3836 3837 3839
f 3836 3839 3838
f 3835 3836 3838
f 3834 3835 3838
f 3837 3836 3828
f 3829 3837 3828
f 3827 3836 3835
f 3827 3828 3836
f 3835 3826 3827
f 3835 3833 3826
f 3834 3833 3835
f 3826 3833 3832
f 3825 3826 3832
f 3825 3832 3831
f 3824 3825 3831
f 3823 3824 3831
f 3820 3821 3830
f 3820 3828 3819
f 3820 3829 3828
f 3830 3829 3820
f 3818 3828 3827
f 3818 3819 3828
f 3817 3827 3826
f 3817 3818 3827
f 3816 3826 3825
f 3816 3817 3826
f 3815 3825 3824
f 3815 3816 3825
f 3824 3814 3815
f 3824 3822 3814
f 3823 3822 3824
f 3813 3814 3822
f 3821 3820 3807
f 3808 3821 3807
f 3820 3819 3807
f 3819 3657 3807
f 3807 3657 3653
f 3819 3818 3656
f 3819 3656 3657
f 3818 3817 3655
f 3818 3655 3656
f 3817 3816 3654
f 3817 3654 3655
f 3815 3806 3816
f 3806 3648 3816
f 3816 3648 3654
f 3805 3815 3814
f 3805 3806 3815
f 3814 3804 3805
f 3814 3812 3804
f 3813 3812 3814
f 3804 3812 3811
f 3803 3804 3811
f 3803 3811 3810
f 3802 3803 3810
f 3802 3810 3809
f 3801 3802 3809
f 3800 3801 3809
f 3808 3807 3794
f 3795 3808 3794
f 3653 3643 3794
f 3653 3794 3807
f 3806 3647 3648
f 3806 3805 3646
f 3806 3646 3647
f 3805 3804 3645
f 3805 3645 3646
f 3803 3793 3804
f 3793 3637 3804
f 3804 3637 3645
f 3792 3803 3802
f 3792 3793 3803
f 3791 3802 3801
f 3791 3792 3802
f 3801 3790 3791
f 3801 3799 3790
f 3800 3799 3801
f 3790 3799 3798
f 3789 3790 3798
f 3789 3798 3797
f 3788 3789 3797
f 3788 3797 3796
f 3787 3788 3796
f 3786 3787 3796
f 3795 3630 3781
f 3795 3644 3630
f 3794 3644 3795
f 3643 3644 3794
f 3793 3636 3637
f 3793 3792 3635
f 3793 3635 3636
f 3792 3791 3634
f 3792 3634 3635
f 3791 3790 3633
f 3791 3633 3634
f 3790 3789 3632
f 3790 3632 3633
f 3789 3788 3631
f 3789 3631 3632
f 3787 3780 3788
f 3780 3621 3788
f 3788 3621 3631
f 3787 3779 3780
f 3787 3785 3779
f 3786 3785 3787
f 3779 3785 3784
f 3778 3779 3784
f 3778 3784 3783
f 3776 3778 3783
f 3777 3776 3783
f 3773 3774 3782
f 3630 3616 3781
f 3616 3773 3781
f 3781 3773 3782
f 3780 3620 3621
f 3780 3779 3619
f 3780 3619 3620
f 3779 3778 3618
f 3779 3618 3619
f 3778 3776 3617
f 3778 3617 3618
f 3609 3617 3771
f 3771 3617 3775
f 3775 3617 3776
f 3775 3776 3777
f 3772 3771 3775
f 3774 3773 3768
f 3769 3774 3768
f 3616 3607 3768
f 3616 3768 3773
f 3771 3608 3609
f 3605 3608 3766
f 3766 3608 3770
f 3770 3608 3771
f 3770 3771 3772
f 3767 3766 3770
f 3769 3768 3763
f 3764 3769 3763
f 3607 3602 3763
f 3607 3763 3768
f 3766 3603 3605
f 3601 3603 3761
f 3761 3603 3765
f 3765 3603 3766
f 3765 3766 3767
f 3762 3761 3765
f 3764 3763 3759
f 3760 3764 3759
f 3602 3598 3759
f 3602 3759 3763
f 3761 3599 3601
f 3597 3762 3757
f 3597 3761 3762
f 3599 3761 3597
f 3759 3758 3760
f 3595 3755 3598
f 3755 3758 3598
f 3598 3758 3759
f 3597 3757 3594
f 3757 3756 3594
f 3594 3756 3753
f 3754 3753 3756
f 3595 3752 3755
f 3595 3592 3752
f 3753 3593 3594
f 3591 3754 3751
f 3591 3753 3754
f 3593 3753 3591
f 3592 3749 3752
f 3592 3589 3749
f 3591 3751 3750
f 3591 3750 3590
f 3588 3590 3750
f 3748 3588 3750
f 3589 3747 3749
f 3589 3586 3747
f 3748 3746 3588
f 3746 3585 3588
f 3586 3745 3747
f 3586 3584 3745
f 3746 3744 3585
f 3744 3583 3585
f 3584 3743 3745
f 3584 3582 3743
f 3744 3741 3583
f 3741 3581 3583
f 3579 3743 3582
f 3579 3742 3743
f 3739 3742 3579
f 3742 3739 3740
f 3741 3738 3581
f 3738 3737 3581
f 3581 3737 3580
f 3737 3577 3580
f 3579 3578 3739
f 3736 3740 3576
f 3740 3739 3576
f 3576 3739 3578
f 3733 3737 3738
f 3733 3738 3734
f 3733 3574 3577
f 3737 3733 3577
f 3573 3736 3576
f 3573 3735 3736
f 3730 3735 3573
f 3735 3730 3731
f 3734 3732 3733
f 3574 3728 3571
f 3574 3732 3728
f 3733 3732 3574
f 3573 3572 3730
f 3726 3572 3570
f 3729 3572 3726
f 3730 3572 3729
f 3731 3730 3729
f 3729 3726 3727
f 3728 3724 3571
f 3724 3568 3571
f 3567 3723 3726
f 3570 3567 3726
f 3723 3721 3726
f 3721 3725 3726
f 3726 3725 3727
f 3725 3721 3722
f 3724 3717 3568
f 3717 3564 3568
f 3567 3565 3723
f 3723 3715 3721
f 3723 3563 3715
f 3565 3563 3723
f 3715 3714 3721
f 3714 3720 3721
f 3721 3720 3722
f 3719 3720 3714
f 3719 3714 3713
f 3718 3719 3713
f 3718 3713 3711
f 3718 3711 3712
f 3716 3705 3704
f 3717 3560 3564
f 3717 3704 3560
f 3716 3704 3717
f 3563 3561 3715
f 3715 3703 3714
f 3715 3559 3703
f 3561 3559 3715
f 3713 3714 3702
f 3714 3703 3702
f 3711 3713 3701
f 3713 3702 3701
f 3701 3700 3711
f 3700 3710 3711
f 3711 3710 3712
f 3709 3710 3700
f 3709 3700 3699
f 3708 3709 3699
f 3708 3699 3698
f 3707 3708 3698
f 3707 3698 3697
f 3706 3707 3697
f 3706 3697 3695
f 3706 3695 3696
f 3688 3704 3705
f 3688 3705 3689
f 3688 3551 3560
f 3704 3688 3560
f 3559 3557 3703
f 3556 3702 3703
f 3557 3556 3703
f 3555 3701 3702
f 3556 3555 3702
f 3554 3700 3701
f 3555 3554 3701
f 3553 3699 3700
f 3554 3553 3700
f 3552 3698 3699
f 3553 3552 3699
f 3698 3687 3697
f 3698 3545 3687
f 3552 3545 3698
f 3695 3697 3686
f 3697 3687 3686
f 3686 3685 3695
f 3685 3694 3695
f 3695 3694 3696
f 3693 3694 3685
f 3693 3685 3684
f 3692 3693 3684
f 3692 3684 3683
f 3691 3692 3683
f 3691 3683 3681
f 3691 3681 3682
f 3690 3674 3673
f 3672 3688 3673
f 3688 3689 3673
f 3673 3689 3690
f 3672 3540 3551
f 3688 3672 3551
f 3545 3543 3687
f 3542 3686 3687
f 3543 3542 3687
f 3541 3685 3686
f 3542 3541 3686
f 3685 3671 3684
f 3685 3535 3671
f 3541 3535 3685
f 3683 3684 3670
f 3684 3671 3670
f 3681 3683 3669
f 3683 3670 3669
f 3669 3668 3681
f 3668 3680 3681
f 3681 3680 3682
f 3679 3680 3668
f 3679 3668 3667
f 3678 3679 3667
f 3678 3667 3666
f 3677 3678 3666
f 3677 3666 3665
f 3676 3677 3665
f 3676 3665 3664
f 3675 3676 3664
f 3675 3664 3663
f 3662 3673 3663
f 3673 3674 3663
f 3663 3674 3675
f 3662 3672 3673
f 3662 3539 3672
f 3527 3539 3662
f 3672 3539 3540
f 3535 3533 3671
f 3532 3670 3671
f 3533 3532 3671
f 3531 3669 3670
f 3532 3531 3670
f 3530 3668 3669
f 3531 3530 3669
f 3668 3661 3667
f 3668 3521 3661
f 3530 3521 3668
f 3666 3667 3660
f 3667 3661 3660
f 3665 3666 3659
f 3666 3660 3659
f 3664 3665 3658
f 3665 3659 3658
f 3658 3663 3664
f 3658 3529 3663
f 3515 3529 3658
f 3528 3662 3663
f 3529 3528 3663
f 3662 3528 3527
f 3521 3519 3661
f 3518 3660 3661
f 3519 3518 3661
f 3517 3659 3660
f 3518 3517 3660
f 3516 3658 3659
f 3517 3516 3659
f 3658 3516 3515
f 3652 3653 3657
f 3652 3657 3656
f 3651 3652 3656
f 3651 3656 3655
f 3650 3651 3655
f 3650 3655 3654
f 3649 3650 3654
f 3648 3649 3654
f 3653 3652 3642
f 3643 3653 3642
f 3652 3651 3642
f 3651 3506 3642
f 3642 3506 3503
f 3651 3650 3505
f 3651 3505 3506
f 3649 3641 3650
f 3641 3500 3650
f 3650 3500 3505
f 3649 3640 3641
f 3649 3647 3640
f 3648 3647 3649
f 3640 3647 3646
f 3639 3640 3646
f 3639 3646 3645
f 3638 3639 3645
f 3637 3638 3645
f 3629 3630 3644
f 3644 3496 3629
f 3643 3496 3644
f 3504 3496 3643
f 3642 3504 3643
f 3503 3504 3642
f 3641 3499 3500
f 3641 3640 3498
f 3641 3498 3499
f 3640 3639 3497
f 3640 3497 3498
f 3638 3628 3639
f 3628 3489 3639
f 3639 3489 3497
f 3638 3627 3628
f 3638 3636 3627
f 3637 3636 3638
f 3627 3636 3635
f 3626 3627 3635
f 3626 3635 3634
f 3625 3626 3634
f 3625 3634 3633
f 3624 3625 3633
f 3624 3633 3632
f 3623 3624 3632
f 3623 3632 3631
f 3622 3623 3631
f 3621 3622 3631
f 3630 3629 3615
f 3616 3630 3615
f 3496 3481 3615
f 3496 3615 3629
f 3628 3488 3489
f 3628 3627 3487
f 3628 3487 3488
f 3627 3626 3486
f 3627 3486 3487
f 3626 3625 3485
f 3626 3485 3486
f 3625 3624 3484
f 3625 3484 3485
f 3624 3623 3483
f 3624 3483 3484
f 3622 3614 3623
f 3614 3472 3623
f 3623 3472 3483
f 3622 3613 3614
f 3622 3620 3613
f 3621 3620 3622
f 3613 3620 3619
f 3612 3613 3619
f 3612 3619 3618
f 3611 3612 3618
f 3611 3618 3617
f 3610 3611 3617
f 3609 3610 3617
f 3616 3467 3607
f 3616 3482 3467
f 3615 3482 3616
f 3481 3482 3615
f 3614 3471 3472
f 3614 3613 3470
f 3614 3470 3471
f 3613 3612 3469
f 3613 3469 3470
f 3612 3611 3468
f 3612 3468 3469
f 3610 3606 3611
f 3606 3459 3611
f 3611 3459 3468
f 3610 3604 3606
f 3610 3608 3604
f 3609 3608 3610
f 3605 3604 3608
f 3467 3602 3607
f 3467 3456 3602
f 3606 3458 3459
f 3606 3604 3457
f 3606 3457 3458
f 3450 3457 3600
f 3600 3457 3603
f 3603 3457 3604
f 3603 3604 3605
f 3601 3600 3603
f 3456 3598 3602
f 3456 3448 3598
f 3600 3449 3450
f 3445 3449 3596
f 3596 3449 3599
f 3599 3449 3600
f 3599 3600 3601
f 3597 3596 3599
f 3448 3595 3598
f 3448 3442 3595
f 3596 3443 3445
f 3441 3597 3594
f 3441 3596 3597
f 3443 3596 3441
f 3442 3592 3595
f 3442 3438 3592
f 3441 3594 3593
f 3441 3593 3439
f 3437 3439 3593
f 3591 3437 3593
f 3438 3589 3592
f 3438 3435 3589
f 3437 3591 3434
f 3591 3590 3434
f 3434 3590 3587
f 3588 3587 3590
f 3435 3586 3589
f 3435 3432 3586
f 3587 3433 3434
f 3431 3588 3585
f 3431 3587 3588
f 3433 3587 3431
f 3432 3584 3586
f 3432 3429 3584
f 3585 3583 3431
f 3583 3428 3431
f 3429 3582 3584
f 3429 3427 3582
f 3583 3581 3428
f 3581 3426 3428
f 3427 3579 3582
f 3427 3424 3579
f 3426 3581 3580
f 3426 3580 3425
f 3423 3425 3580
f 3577 3423 3580
f 3422 3579 3424
f 3422 3578 3579
f 3575 3578 3422
f 3578 3575 3576
f 3577 3574 3423
f 3574 3420 3423
f 3422 3421 3575
f 3573 3576 3419
f 3576 3575 3419
f 3419 3575 3421
f 3574 3571 3420
f 3571 3417 3420
f 3416 3573 3419
f 3416 3572 3573
f 3569 3572 3416
f 3572 3569 3570
f 3571 3568 3417
f 3568 3414 3417
f 3413 3566 3569
f 3416 3413 3569
f 3567 3570 3569
f 3567 3569 3566
f 3568 3564 3414
f 3564 3411 3414
f 3413 3412 3566
f 3562 3412 3410
f 3565 3412 3562
f 3566 3412 3565
f 3567 3566 3565
f 3565 3562 3563
f 3564 3560 3411
f 3560 3407 3411
f 3410 3408 3562
f 3558 3408 3405
f 3561 3408 3558
f 3562 3408 3561
f 3563 3562 3561
f 3561 3558 3559
f 3560 3551 3407
f 3551 3402 3407
f 3405 3403 3558
f 3550 3403 3400
f 3557 3403 3550
f 3558 3403 3557
f 3559 3558 3557
f 3556 3557 3550
f 3556 3550 3549
f 3555 3556 3549
f 3555 3549 3548
f 3554 3555 3548
f 3554 3548 3547
f 3553 3554 3547
f 3553 3547 3546
f 3552 3553 3546
f 3552 3546 3544
f 3552 3544 3545
f 3551 3540 3402
f 3540 3393 3402
f 3400 3398 3550
f 3397 3549 3550
f 3398 3397 3550
f 3396 3548 3549
f 3397 3396 3549
f 3395 3547 3548
f 3396 3395 3548
f 3394 3546 3547
f 3395 3394 3547
f 3546 3538 3544
f 3546 3387 3538
f 3394 3387 3546
f 3538 3537 3544
f 3537 3543 3544
f 3544 3543 3545
f 3542 3543 3537
f 3542 3537 3536
f 3541 3542 3536
f 3541 3536 3534
f 3541 3534 3535
f 3539 3527 3526
f 3540 3381 3393
f 3540 3526 3381
f 3539 3526 3540
f 3387 3385 3538
f 3384 3537 3538
f 3385 3384 3538
f 3383 3536 3537
f 3384 3383 3537
f 3536 3525 3534
f 3536 3375 3525
f 3383 3375 3536
f 3525 3524 3534
f 3524 3533 3534
f 3534 3533 3535
f 3532 3533 3524
f 3532 3524 3523
f 3531 3532 3523
f 3531 3523 3522
f 3530 3531 3522
f 3530 3522 3520
f 3530 3520 3521
f 3529 3515 3514
f 3528 3529 3514
f 3528 3514 3513
f 3513 3368 3528
f 3528 3368 3527
f 3527 3368 3382
f 3527 3382 3526
f 3526 3382 3381
f 3375 3373 3525
f 3372 3524 3525
f 3373 3372 3525
f 3371 3523 3524
f 3372 3371 3524
f 3370 3522 3523
f 3371 3370 3523
f 3522 3512 3520
f 3522 3362 3512
f 3370 3362 3522
f 3512 3511 3520
f 3511 3519 3520
f 3520 3519 3521
f 3518 3519 3511
f 3518 3511 3510
f 3517 3518 3510
f 3517 3510 3509
f 3516 3517 3509
f 3516 3509 3508
f 3507 3514 3508
f 3514 3515 3508
f 3508 3515 3516
f 3507 3513 3514
f 3507 3369 3513
f 3354 3369 3507
f 3513 3369 3368
f 3362 3360 3512
f 3359 3511 3512
f 3360 3359 3512
f 3358 3510 3511
f 3359 3358 3511
f 3357 3509 3510
f 3358 3357 3510
f 3356 3508 3509
f 3357 3356 3509
f 3355 3507 3508
f 3356 3355 3508
f 3507 3355 3354
f 3502 3503 3506
f 3502 3506 3505
f 3501 3502 3505
f 3500 3501 3505
f 3495 3496 3504
f 3495 3502 3494
f 3495 3503 3502
f 3504 3503 3495
f 3493 3502 3501
f 3493 3494 3502
f 3501 3492 3493
f 3501 3499 3492
f 3500 3499 3501
f 3492 3499 3498
f 3491 3492 3498
f 3491 3498 3497
f 3490 3491 3497
f 3489 3490 3497
f 3496 3495 3480
f 3481 3496 3480
f 3495 3494 3480
f 3494 3339 3480
f 3480 3339 3334
f 3494 3493 3338
f 3494 3338 3339
f 3493 3492 3337
f 3493 3337 3338
f 3492 3491 3336
f 3492 3336 3337
f 3490 3479 3491
f 3479 3330 3491
f 3491 3330 3336
f 3490 3478 3479
f 3490 3488 3478
f 3489 3488 3490
f 3478 3488 3487
f 3477 3478 3487
f 3477 3487 3486
f 3476 3477 3486
f 3476 3486 3485
f 3475 3476 3485
f 3475 3485 3484
f 3474 3475 3484
f 3474 3484 3483
f 3473 3474 3483
f 3472 3473 3483
f 3466 3467 3482
f 3482 3323 3466
f 3481 3323 3482
f 3335 3323 3481
f 3480 3335 3481
f 3334 3335 3480
f 3479 3328 3330
f 3479 3478 3327
f 3479 3327 3328
f 3478 3477 3326
f 3478 3326 3327
f 3477 3476 3325
f 3477 3325 3326
f 3476 3475 3324
f 3476 3324 3325
f 3474 3465 3475
f 3465 3316 3475
f 3475 3316 3324
f 3464 3474 3473
f 3464 3465 3474
f 3473 3463 3464
f 3473 3471 3463
f 3472 3471 3473
f 3463 3471 3470
f 3462 3463 3470
f 3462 3470 3469
f 3461 3462 3469
f 3461 3469 3468
f 3460 3461 3468
f 3459 3460 3468
f 3467 3466 3455
f 3456 3467 3455
f 3323 3311 3455
f 3323 3455 3466
f 3465 3315 3316
f 3465 3464 3314
f 3465 3314 3315
f 3464 3463 3313
f 3464 3313 3314
f 3463 3462 3312
f 3463 3312 3313
f 3461 3454 3462
f 3454 3303 3462
f 3462 3303 3312
f 3453 3461 3460
f 3453 3454 3461
f 3460 3452 3453
f 3460 3458 3452
f 3459 3458 3460
f 3452 3458 3457
f 3451 3452 3457
f 3450 3451 3457
f 3456 3455 3447
f 3448 3456 3447
f 3311 3298 3447
f 3311 3447 3455
f 3454 3302 3303
f 3454 3453 3301
f 3454 3301 3302
f 3453 3452 3300
f 3453 3300 3301
f 3451 3446 3452
f 3446 3294 3452
f 3452 3294 3300
f 3451 3444 3446
f 3451 3449 3444
f 3450 3449 3451
f 3445 3444 3449
f 3448 3290 3442
f 3448 3299 3290
f 3447 3299 3448
f 3298 3299 3447
f 3446 3292 3294
f 3446 3444 3291
f 3446 3291 3292
f 3286 3291 3440
f 3440 3291 3443
f 3443 3291 3444
f 3443 3444 3445
f 3441 3440 3443
f 3290 3438 3442
f 3290 3284 3438
f 3440 3285 3286
f 3281 3285 3436
f 3436 3285 3439
f 3439 3285 3440
f 3439 3440 3441
f 3437 3436 3439
f 3284 3435 3438
f 3284 3278 3435
f 3436 3279 3281
f 3276 3437 3434
f 3276 3436 3437
f 3279 3436 3276
f 3278 3432 3435
f 3278 3274 3432
f 3276 3434 3272
f 3434 3433 3272
f 3272 3433 3430
f 3431 3430 3433
f 3274 3429 3432
f 3274 3270 3429
f 3430 3271 3272
f 3268 3431 3428
f 3268 3430 3431
f 3271 3430 3268
f 3270 3427 3429
f 3270 3266 3427
f 3428 3426 3268
f 3426 3265 3268
f 3266 3424 3427
f 3266 3263 3424
f 3265 3426 3425
f 3265 3425 3264
f 3262 3264 3425
f 3423 3262 3425
f 3263 3422 3424
f 3263 3260 3422
f 3423 3420 3262
f 3420 3259 3262
f 3258 3422 3260
f 3258 3421 3422
f 3418 3421 3258
f 3421 3418 3419
f 3420 3417 3259
f 3417 3257 3259
f 3256 3415 3418
f 3258 3256 3418
f 3416 3419 3418
f 3416 3418 3415
f 3417 3414 3257
f 3414 3254 3257
f 3256 3255 3415
f 3413 3416 3253
f 3416 3415 3253
f 3253 3415 3255
f 3414 3411 3254
f 3411 3252 3254
f 3249 3413 3253
f 3249 3412 3413
f 3409 3412 3249
f 3412 3409 3410
f 3411 3407 3252
f 3407 3406 3252
f 3252 3406 3250
f 3406 3247 3250
f 3249 3248 3409
f 3404 3248 3246
f 3408 3248 3404
f 3409 3248 3408
f 3410 3409 3408
f 3408 3404 3405
f 3401 3406 3407
f 3401 3407 3402
f 3401 3243 3247
f 3406 3401 3247
f 3246 3244 3404
f 3399 3244 3242
f 3403 3244 3399
f 3404 3244 3403
f 3405 3404 3403
f 3403 3399 3400
f 3392 3401 3402
f 3392 3402 3393
f 3392 3239 3243
f 3401 3392 3243
f 3242 3240 3399
f 3391 3240 3237
f 3398 3240 3391
f 3399 3240 3398
f 3400 3399 3398
f 3397 3398 3391
f 3397 3391 3390
f 3396 3397 3390
f 3396 3390 3389
f 3395 3396 3389
f 3395 3389 3388
f 3394 3395 3388
f 3394 3388 3386
f 3394 3386 3387
f 3380 3392 3393
f 3380 3393 3381
f 3380 3232 3239
f 3392 3380 3239
f 3237 3235 3391
f 3234 3390 3391
f 3235 3234 3391
f 3233 3389 3390
f 3234 3233 3390
f 3389 3379 3388
f 3389 3227 3379
f 3233 3227 3389
f 3386 3388 3378
f 3388 3379 3378
f 3378 3377 3386
f 3377 3385 3386
f 3386 3385 3387
f 3384 3385 3377
f 3384 3377 3376
f 3383 3384 3376
f 3383 3376 3374
f 3383 3374 3375
f 3382 3368 3367
f 3367 3221 3382
f 3382 3221 3381
f 3381 3221 3231
f 3381 3231 3380
f 3380 3231 3232
f 3227 3225 3379
f 3224 3378 3379
f 3225 3224 3379
f 3223 3377 3378
f 3224 3223 3378
f 3222 3376 3377
f 3223 3222 3377
f 3376 3366 3374
f 3376 3214 3366
f 3222 3214 3376
f 3366 3365 3374
f 3365 3373 3374
f 3374 3373 3375
f 3372 3373 3365
f 3372 3365 3364
f 3371 3372 3364
f 3371 3364 3363
f 3370 3371 3363
f 3370 3363 3361
f 3370 3361 3362
f 3369 3354 3353
f 3352 3367 3353
f 3367 3368 3353
f 3353 3368 3369
f 3352 3209 3221
f 3367 3352 3221
f 3214 3212 3366
f 3211 3365 3366
f 3212 3211 3366
f 3365 3351 3364
f 3365 3204 3351
f 3211 3204 3365
f 3363 3364 3350
f 3364 3351 3350
f 3361 3363 3349
f 3363 3350 3349
f 3349 3348 3361
f 3348 3360 3361
f 3361 3360 3362
f 3359 3360 3348
f 3359 3348 3347
f 3358 3359 3347
f 3358 3347 3346
f 3357 3358 3346
f 3357 3346 3345
f 3356 3357 3345
f 3356 3345 3344
f 3355 3356 3344
f 3355 3344 3343
f 3342 3353 3343
f 3353 3354 3343
f 3343 3354 3355
f 3342 3352 3353
f 3342 3210 3352
f 3194 3210 3342
f 3352 3210 3209
f 3204 3202 3351
f 3201 3350 3351
f 3202 3201 3351
f 3200 3349 3350
f 3201 3200 3350
f 3199 3348 3349
f 3200 3199 3349
f 3198 3347 3348
f 3199 3198 3348
f 3347 3341 3346
f 3347 3186 3341
f 3198 3186 3347
f 3345 3346 3340
f 3346 3341 3340
f 3340 3344 3345
f 3340 3197 3344
f 3182 3197 3340
f 3196 3343 3344
f 3197 3196 3344
f 3195 3342 3343
f 3196 3195 3343
f 3342 3195 3194
f 3186 3184 3341
f 3183 3340 3341
f 3184 3183 3341
f 3340 3183 3182
f 3333 3334 3339
f 3333 3339 3338
f 3332 3333 3338
f 3332 3338 3337
f 3331 3332 3337
f 3331 3337 3336
f 3329 3331 3336
f 3330 3329 3336
f 3322 3323 3335
f 3335 3164 3322
f 3334 3164 3335
f 3168 3164 3334
f 3333 3168 3334
f 3333 3332 3167
f 3333 3167 3168
f 3332 3331 3166
f 3332 3166 3167
f 3331 3329 3165
f 3331 3165 3166
f 3159 3165 3321
f 3321 3165 3328
f 3328 3165 3329
f 3328 3329 3330
f 3321 3328 3327
f 3320 3321 3327
f 3320 3327 3326
f 3319 3320 3326
f 3319 3326 3325
f 3318 3319 3325
f 3318 3325 3324
f 3317 3318 3324
f 3316 3317 3324
f 3323 3322 3310
f 3311 3323 3310
f 3164 3154 3310
f 3164 3310 3322
f 3321 3158 3159
f 3321 3320 3157
f 3321 3157 3158
f 3320 3319 3156
f 3320 3156 3157
f 3318 3309 3319
f 3309 3146 3319
f 3319 3146 3156
f 3308 3318 3317
f 3308 3309 3318
f 3317 3307 3308
f 3317 3315 3307
f 3316 3315 3317
f 3307 3315 3314
f 3306 3307 3314
f 3306 3314 3313
f 3305 3306 3313
f 3305 3313 3312
f 3304 3305 3312
f 3303 3304 3312
f 3311 3140 3298
f 3311 3155 3140
f 3310 3155 3311
f 3154 3155 3310
f 3309 3145 3146
f 3309 3308 3144
f 3309 3144 3145
f 3308 3307 3143
f 3308 3143 3144
f 3307 3306 3142
f 3307 3142 3143
f 3306 3305 3141
f 3306 3141 3142
f 3304 3297 3305
f 3297 3132 3305
f 3305 3132 3141
f 3304 3296 3297
f 3304 3302 3296
f 3303 3302 3304
f 3296 3302 3301
f 3295 3296 3301
f 3295 3301 3300
f 3293 3295 3300
f 3294 3293 3300
f 3289 3290 3299
f 3140 3127 3298
f 3127 3289 3298
f 3298 3289 3299
f 3297 3131 3132
f 3297 3296 3130
f 3297 3130 3131
f 3296 3295 3129
f 3296 3129 3130
f 3295 3293 3128
f 3295 3128 3129
f 3119 3128 3288
f 3288 3128 3292
f 3292 3128 3293
f 3292 3293 3294
f 3288 3292 3291
f 3287 3288 3291
f 3286 3287 3291
f 3290 3289 3283
f 3284 3290 3283
f 3127 3117 3283
f 3127 3283 3289
f 3288 3118 3119
f 3287 3282 3288
f 3282 3114 3288
f 3288 3114 3118
f 3287 3280 3282
f 3287 3285 3280
f 3286 3285 3287
f 3281 3280 3285
f 3284 3283 3277
f 3278 3284 3277
f 3117 3110 3277
f 3117 3277 3283
f 3282 3112 3114
f 3282 3280 3111
f 3282 3111 3112
f 3108 3111 3275
f 3275 3111 3279
f 3279 3111 3280
f 3279 3280 3281
f 3276 3275 3279
f 3278 3277 3273
f 3274 3278 3273
f 3110 3105 3273
f 3110 3273 3277
f 3275 3106 3108
f 3104 3276 3272
f 3104 3275 3276
f 3106 3275 3104
f 3274 3273 3269
f 3270 3274 3269
f 3105 3101 3269
f 3105 3269 3273
f 3104 3272 3100
f 3272 3271 3100
f 3100 3271 3267
f 3268 3267 3271
f 3270 3098 3266
f 3270 3102 3098
f 3269 3102 3270
f 3101 3102 3269
f 3267 3099 3100
f 3096 3268 3265
f 3096 3267 3268
f 3099 3267 3096
f 3098 3263 3266
f 3098 3094 3263
f 3096 3265 3092
f 3265 3264 3092
f 3092 3264 3261
f 3262 3261 3264
f 3094 3260 3263
f 3094 3090 3260
f 3261 3091 3092
f 3089 3262 3259
f 3089 3261 3262
f 3091 3261 3089
f 3090 3258 3260
f 3090 3088 3258
f 3259 3257 3089
f 3257 3087 3089
f 3088 3256 3258
f 3088 3086 3256
f 3257 3254 3087
f 3254 3083 3087
f 3255 3256 3086
f 3084 3255 3086
f 3255 3084 3081
f 3255 3081 3253
f 3254 3252 3083
f 3252 3251 3083
f 3083 3251 3082
f 3251 3080 3082
f 3081 3249 3253
f 3081 3079 3249
f 3252 3250 3251
f 3080 3247 3078
f 3080 3250 3247
f 3251 3250 3080
f 3077 3249 3079
f 3077 3248 3249
f 3245 3248 3077
f 3248 3245 3246
f 3247 3243 3078
f 3243 3075 3078
f 3077 3076 3245
f 3241 3076 3074
f 3244 3076 3241
f 3245 3076 3244
f 3246 3245 3244
f 3244 3241 3242
f 3243 3239 3075
f 3239 3072 3075
f 3071 3238 3241
f 3074 3071 3241
f 3238 3236 3241
f 3236 3240 3241
f 3241 3240 3242
f 3240 3236 3237
f 3239 3232 3072
f 3232 3069 3072
f 3071 3070 3238
f 3238 3230 3236
f 3238 3068 3230
f 3070 3068 3238
f 3230 3229 3236
f 3229 3235 3236
f 3236 3235 3237
f 3234 3235 3229
f 3234 3229 3228
f 3233 3234 3228
f 3233 3228 3226
f 3233 3226 3227
f 3231 3221 3220
f 3232 3064 3069
f 3232 3220 3064
f 3231 3220 3232
f 3068 3066 3230
f 3065 3229 3230
f 3066 3065 3230
f 3229 3219 3228
f 3229 3062 3219
f 3065 3062 3229
f 3226 3228 3218
f 3228 3219 3218
f 3218 3217 3226
f 3217 3225 3226
f 3226 3225 3227
f 3224 3225 3217
f 3224 3217 3216
f 3223 3224 3216
f 3223 3216 3215
f 3222 3223 3215
f 3222 3215 3213
f 3222 3213 3214
f 3208 3220 3221
f 3208 3221 3209
f 3208 3056 3064
f 3220 3208 3064
f 3062 3060 3219
f 3059 3218 3219
f 3060 3059 3219
f 3058 3217 3218
f 3059 3058 3218
f 3057 3216 3217
f 3058 3057 3217
f 3216 3207 3215
f 3216 3050 3207
f 3057 3050 3216
f 3213 3215 3206
f 3215 3207 3206
f 3206 3205 3213
f 3205 3212 3213
f 3213 3212 3214
f 3211 3212 3205
f 3211 3205 3203
f 3211 3203 3204
f 3210 3194 3193
f 3193 3046 3210
f 3210 3046 3209
f 3209 3046 3055
f 3209 3055 3208
f 3208 3055 3056
f 3050 3048 3207
f 3047 3206 3207
f 3048 3047 3207
f 3206 3192 3205
f 3206 3041 3192
f 3047 3041 3206
f 3203 3205 3191
f 3205 3192 3191
f 3191 3190 3203
f 3190 3202 3203
f 3203 3202 3204
f 3201 3202 3190
f 3201 3190 3189
f 3200 3201 3189
f 3200 3189 3188
f 3199 3200 3188
f 3199 3188 3187
f 3198 3199 3187
f 3198 3187 3185
f 3198 3185 3186
f 3197 3182 3181
f 3196 3197 3181
f 3196 3181 3180
f 3195 3196 3180
f 3195 3180 3179
f 3178 3193 3179
f 3193 3194 3179
f 3179 3194 3195
f 3178 3035 3046
f 3193 3178 3046
f 3041 3039 3192
f 3038 3191 3192
f 3039 3038 3192
f 3037 3190 3191
f 3038 3037 3191
f 3190 3177 3189
f 3190 3030 3177
f 3037 3030 3190
f 3188 3189 3176
f 3189 3177 3176
f 3187 3188 3175
f 3188 3176 3175
f 3185 3187 3174
f 3187 3175 3174
f 3174 3173 3185
f 3173 3184 3185
f 3185 3184 3186
f 3183 3184 3173
f 3183 3173 3172
f 3171 3181 3172
f 3181 3182 3172
f 3172 3182 3183
f 3180 3181 3170
f 3181 3171 3170
f 3179 3180 3169
f 3180 3170 3169
f 3169 3178 3179
f 3169 3036 3178
f 3019 3036 3169
f 3178 3036 3035
f 3030 3028 3177
f 3027 3176 3177
f 3028 3027 3177
f 3026 3175 3176
f 3027 3026 3176
f 3025 3174 3175
f 3026 3025 3175
f 3024 3173 3174
f 3025 3024 3174
f 3023 3172 3173
f 3024 3023 3173
f 3022 3171 3172
f 3023 3022 3172
f 3021 3170 3171
f 3022 3021 3171
f 3020 3169 3170
f 3021 3020 3170
f 3169 3020 3019
f 3163 3164 3168
f 3163 3168 3167
f 3162 3163 3167
f 3162 3167 3166
f 3161 3162 3166
f 3161 3166 3165
f 3160 3161 3165
f 3159 3160 3165
f 3164 3163 3153
f 3154 3164 3153
f 3152 3163 3162
f 3152 3153 3163
f 3151 3162 3161
f 3151 3152 3162
f 3150 3161 3160
f 3150 3151 3161
f 3160 3149 3150
f 3160 3158 3149
f 3159 3158 3160
f 3149 3158 3157
f 3148 3149 3157
f 3148 3157 3156
f 3147 3148 3156
f 3146 3147 3156
f 3139 3140 3155
f 3155 2996 3139
f 3154 2996 3155
f 3002 2996 3154
f 3153 3002 3154
f 3153 3152 3001
f 3153 3001 3002
f 3152 3151 3000
f 3152 3000 3001
f 3151 3150 2999
f 3151 2999 3000
f 3150 3149 2998
f 3150 2998 2999
f 3149 3148 2997
f 3149 2997 2998
f 3147 3138 3148
f 3138 2989 3148
f 3148 2989 2997
f 3147 3137 3138
f 3147 3145 3137
f 3146 3145 3147
f 3137 3145 3144
f 3136 3137 3144
f 3136 3144 3143
f 3135 3136 3143
f 3135 3143 3142
f 3134 3135 3142
f 3134 3142 3141
f 3133 3134 3141
f 3132 3133 3141
f 3140 3139 3126
f 3127 3140 3126
f 2996 2983 3126
f 2996 3126 3139
f 3138 2988 2989
f 3138 3137 2987
f 3138 2987 2988
f 3137 3136 2986
f 3137 2986 2987
f 3136 3135 2985
f 3136 2985 2986
f 3134 3125 3135
f 3125 2975 3135
f 3135 2975 2985
f 3124 3134 3133
f 3124 3125 3134
f 3133 3123 3124
f 3133 3131 3123
f 3132 3131 3133
f 3123 3131 3130
f 3122 3123 3130
f 3122 3130 3129
f 3121 3122 3129
f 3121 3129 3128
f 3120 3121 3128
f 3119 3120 3128
f 3127 2970 3117
f 3127 2984 2970
f 3126 2984 3127
f 2983 2984 3126
f 3125 2974 2975
f 3125 3124 2973
f 3125 2973 2974
f 3124 3123 2972
f 3124 2972 2973
f 3123 3122 2971
f 3123 2971 2972
f 3121 3116 3122
f 3116 2962 3122
f 3122 2962 2971
f 3115 3121 3120
f 3115 3116 3121
f 3120 3113 3115
f 3120 3118 3113
f 3119 3118 3120
f 3114 3113 3118
f 2970 3110 3117
f 2970 2958 3110
f 3116 2961 2962
f 3116 3115 2960
f 3116 2960 2961
f 3115 3113 2959
f 3115 2959 2960
f 2951 2959 3109
f 3109 2959 3112
f 3112 2959 3113
f 3112 3113 3114
f 3109 3112 3111
f 3107 3109 3111
f 3108 3107 3111
f 2958 3105 3110
f 2958 2948 3105
f 3109 2950 2951
f 3109 3107 2949
f 3109 2949 2950
f 2943 2949 3103
f 3103 2949 3106
f 3106 2949 3107
f 3106 3107 3108
f 3104 3103 3106
f 2948 3101 3105
f 2948 2941 3101
f 3103 2942 2943
f 2939 3104 3100
f 2939 3103 3104
f 2942 3103 2939
f 3097 3098 3102
f 2941 2937 3101
f 2937 3097 3101
f 3101 3097 3102
f 2939 3100 2936
f 3100 3099 2936
f 2936 3099 3095
f 3096 3095 3099
f 3098 3097 3093
f 3094 3098 3093
f 2937 2933 3093
f 2937 3093 3097
f 3095 2935 2936
f 2932 3096 3092
f 2932 3095 3096
f 2935 3095 2932
f 3094 2929 3090
f 3094 2934 2929
f 3093 2934 3094
f 2933 2934 3093
f 2932 3092 3091
f 2932 3091 2930
f 2927 2930 3091
f 3089 2927 3091
f 2929 3088 3090
f 2929 2925 3088
f 3089 3087 2927
f 3087 2922 2927
f 2925 3086 3088
f 2925 3085 3086
f 2923 3085 2925
f 2923 2921 3085
f 3087 3083 2922
f 3083 2920 2922
f 3085 3084 3086
f 2918 3081 2921
f 3081 3084 2921
f 2921 3084 3085
f 2920 3083 3082
f 2920 3082 2919
f 2917 2919 3082
f 3080 2917 3082
f 2918 3079 3081
f 2918 2916 3079
f 3080 3078 2917
f 3078 2915 2917
f 2916 3077 3079
f 2916 2914 3077
f 3078 3075 2915
f 3075 2913 2915
f 2912 3077 2914
f 2912 3076 3077
f 3073 3076 2912
f 3076 3073 3074
f 3075 3072 2913
f 3072 2910 2913
f 2912 2911 3073
f 3071 3074 2909
f 3074 3073 2909
f 2909 3073 2911
f 3072 3069 2910
f 3069 2907 2910
f 2906 3071 2909
f 2906 3070 3071
f 3067 3070 2906
f 3070 3067 3068
f 3069 3064 2907
f 3064 2904 2907
f 2906 2905 3067
f 3063 2905 2903
f 3066 2905 3063
f 3067 2905 3066
f 3068 3067 3066
f 3065 3066 3063
f 3065 3063 3061
f 3065 3061 3062
f 3064 3056 2904
f 3056 2900 2904
f 2903 2901 3063
f 3063 3054 3061
f 3063 2899 3054
f 2901 2899 3063
f 3054 3053 3061
f 3053 3060 3061
f 3061 3060 3062
f 3059 3060 3053
f 3059 3053 3052
f 3058 3059 3052
f 3058 3052 3051
f 3057 3058 3051
f 3057 3051 3049
f 3057 3049 3050
f 3055 3046 3045
f 3056 2894 2900
f 3056 3045 2894
f 3055 3045 3056
f 2899 2897 3054
f 2896 3053 3054
f 2897 2896 3054
f 2895 3052 3053
f 2896 2895 3053
f 3052 3044 3051
f 3052 2891 3044
f 2895 2891 3052
f 3049 3051 3043
f 3051 3044 3043
f 3043 3042 3049
f 3042 3048 3049
f 3049 3048 3050
f 3047 3048 3042
f 3047 3042 3040
f 3047 3040 3041
f 3034 3045 3046
f 3034 3046 3035
f 3034 2886 2894
f 3045 3034 2894
f 2891 2889 3044
f 2888 3043 3044
f 2889 2888 3044
f 2887 3042 3043
f 2888 2887 3043
f 3042 3033 3040
f 3042 2880 3033
f 2887 2880 3042
f 3033 3032 3040
f 3032 3039 3040
f 3040 3039 3041
f 3038 3039 3032
f 3038 3032 3031
f 3037 3038 3031
f 3037 3031 3029
f 3037 3029 3030
f 3036 3019 3018
f 3018 2875 3036
f 3036 2875 3035
f 3035 2875 2885
f 3035 2885 3034
f 3034 2885 2886
f 2880 2878 3033
f 2877 3032 3033
f 2878 2877 3033
f 2876 3031 3032
f 2877 2876 3032
f 3031 3017 3029
f 3031 2870 3017
f 2876 2870 3031
f 3017 3016 3029
f 3016 3028 3029
f 3029 3028 3030
f 3027 3028 3016
f 3027 3016 3015
f 3026 3027 3015
f 3026 3015 3014
f 3025 3026 3014
f 3025 3014 3013
f 3024 3025 3013
f 3024 3013 3012
f 3023 3024 3012
f 3023 3012 3011
f 3022 3023 3011
f 3022 3011 3010
f 3021 3022 3010
f 3021 3010 3009
f 3020 3021 3009
f 3020 3009 3008
f 3007 3018 3008
f 3018 3019 3008
f 3008 3019 3020
f 3007 2861 2875
f 3018 3007 2875
f 2870 2868 3017
f 2867 3016 3017
f 2868 2867 3017
f 2866 3015 3016
f 2867 2866 3016
f 2865 3014 3015
f 2866 2865 3015
f 3014 3006 3013
f 3014 2854 3006
f 2865 2854 3014
f 3012 3013 3005
f 3013 3006 3005
f 3011 3012 3004
f 3012 3005 3004
f 3010 3011 3003
f 3011 3004 3003
f 3003 3009 3010
f 3003 2864 3009
f 2848 2864 3003
f 2863 3008 3009
f 2864 2863 3009
f 2862 3007 3008
f 2863 2862 3008
f 3007 2862 2861
f 2854 2852 3006
f 2851 3005 3006
f 2852 2851 3006
f 2850 3004 3005
f 2851 2850 3005
f 2849 3003 3004
f 2850 2849 3004
f 3003 2849 2848
f 2995 2996 3002
f 2995 3002 3001
f 2994 2995 3001
f 2994 3001 3000
f 2993 2994 3000
f 2993 3000 2999
f 2992 2993 2999
f 2992 2999 2998
f 2991 2992 2998
f 2991 2998 2997
f 2990 2991 2997
f 2989 2990 2997
f 2996 2995 2982
f 2983 2996 2982
f 2995 2994 2982
f 2994 2837 2982
f 2982 2837 2833
f 2994 2993 2836
f 2994 2836 2837
f 2993 2992 2835
f 2993 2835 2836
f 2991 2981 2992
f 2981 2829 2992
f 2992 2829 2835
f 2980 2991 2990
f 2980 2981 2991
f 2990 2979 2980
f 2990 2988 2979
f 2989 2988 2990
f 2979 2988 2987
f 2978 2979 2987
f 2978 2987 2986
f 2977 2978 2986
f 2977 2986 2985
f 2976 2977 2985
f 2975 2976 2985
f 2969 2970 2984
f 2984 2824 2969
f 2983 2824 2984
f 2834 2824 2983
f 2982 2834 2983
f 2833 2834 2982
f 2981 2828 2829
f 2981 2980 2827
f 2981 2827 2828
f 2980 2979 2826
f 2980 2826 2827
f 2979 2978 2825
f 2979 2825 2826
f 2977 2968 2978
f 2968 2815 2978
f 2978 2815 2825
f 2967 2977 2976
f 2967 2968 2977
f 2976 2966 2967
f 2976 2974 2966
f 2975 2974 2976
f 2966 2974 2973
f 2965 2966 2973
f 2965 2973 2972
f 2964 2965 2972
f 2964 2972 2971
f 2963 2964 2971
f 2962 2963 2971
f 2970 2969 2957
f 2958 2970 2957
f 2824 2810 2957
f 2824 2957 2969
f 2968 2814 2815
f 2968 2967 2813
f 2968 2813 2814
f 2967 2966 2812
f 2967 2812 2813
f 2966 2965 2811
f 2966 2811 2812
f 2964 2956 2965
f 2956 2802 2965
f 2965 2802 2811
f 2955 2964 2963
f 2955 2956 2964
f 2963 2954 2955
f 2963 2961 2954
f 2962 2961 2963
f 2954 2961 2960
f 2953 2954 2960
f 2953 2960 2959
f 2952 2953 2959
f 2951 2952 2959
f 2958 2957 2947
f 2948 2958 2947
f 2810 2796 2947
f 2810 2947 2957
f 2956 2801 2802
f 2956 2955 2800
f 2956 2800 2801
f 2955 2954 2799
f 2955 2799 2800
f 2954 2953 2798
f 2954 2798 2799
f 2952 2946 2953
f 2946 2790 2953
f 2953 2790 2798
f 2952 2945 2946
f 2952 2950 2945
f 2951 2950 2952
f 2945 2950 2949
f 2944 2945 2949
f 2943 2944 2949
f 2948 2787 2941
f 2948 2797 2787
f 2947 2797 2948
f 2796 2797 2947
f 2946 2789 2790
f 2946 2945 2788
f 2946 2788 2789
f 2944 2940 2945
f 2940 2782 2945
f 2945 2782 2788
f 2944 2938 2940
f 2944 2942 2938
f 2943 2942 2944
f 2939 2938 2942
f 2787 2937 2941
f 2787 2778 2937
f 2940 2780 2782
f 2940 2938 2779
f 2940 2779 2780
f 2775 2939 2936
f 2775 2938 2939
f 2779 2938 2775
f 2778 2933 2937
f 2778 2773 2933
f 2775 2936 2771
f 2936 2935 2771
f 2771 2935 2931
f 2932 2931 2935
f 2928 2929 2934
f 2773 2768 2933
f 2768 2928 2933
f 2933 2928 2934
f 2931 2769 2771
f 2767 2769 2926
f 2926 2769 2930
f 2930 2769 2931
f 2930 2931 2932
f 2927 2926 2930
f 2929 2928 2924
f 2925 2929 2924
f 2768 2764 2924
f 2768 2924 2928
f 2926 2765 2767
f 2763 2927 2922
f 2763 2926 2927
f 2765 2926 2763
f 2924 2923 2925
f 2761 2921 2764
f 2921 2923 2764
f 2764 2923 2924
f 2922 2920 2763
f 2920 2760 2763
f 2761 2918 2921
f 2761 2758 2918
f 2760 2920 2919
f 2760 2919 2759
f 2757 2759 2919
f 2917 2757 2919
f 2758 2916 2918
f 2758 2755 2916
f 2917 2915 2757
f 2915 2754 2757
f 2755 2914 2916
f 2755 2753 2914
f 2915 2913 2754
f 2913 2752 2754
f 2753 2912 2914
f 2753 2751 2912
f 2913 2910 2752
f 2910 2750 2752
f 2749 2912 2751
f 2749 2911 2912
f 2908 2911 2749
f 2911 2908 2909
f 2910 2907 2750
f 2907 2747 2750
f 2749 2748 2908
f 2906 2909 2746
f 2909 2908 2746
f 2746 2908 2748
f 2907 2904 2747
f 2904 2744 2747
f 2743 2906 2746
f 2743 2905 2906
f 2902 2905 2743
f 2905 2902 2903
f 2904 2900 2744
f 2900 2741 2744
f 2743 2742 2902
f 2898 2742 2740
f 2901 2742 2898
f 2902 2742 2901
f 2903 2902 2901
f 2901 2898 2899
f 2900 2894 2741
f 2894 2737 2741
f 2740 2738 2898
f 2893 2738 2736
f 2897 2738 2893
f 2898 2738 2897
f 2899 2898 2897
f 2896 2897 2893
f 2896 2893 2892
f 2895 2896 2892
f 2895 2892 2890
f 2895 2890 2891
f 2894 2886 2737
f 2886 2733 2737
f 2736 2734 2893
f 2893 2884 2892
f 2893 2732 2884
f 2734 2732 2893
f 2890 2892 2883
f 2892 2884 2883
f 2883 2882 2890
f 2882 2889 2890
f 2890 2889 2891
f 2888 2889 2882
f 2888 2882 2881
f 2887 2888 2881
f 2887 2881 2879
f 2887 2879 2880
f 2885 2875 2874
f 2886 2726 2733
f 2886 2874 2726
f 2885 2874 2886
f 2732 2730 2884
f 2729 2883 2884
f 2730 2729 2884
f 2728 2882 2883
f 2729 2728 2883
f 2727 2881 2882
f 2728 2727 2882
f 2881 2873 2879
f 2881 2722 2873
f 2727 2722 2881
f 2873 2872 2879
f 2872 2878 2879
f 2879 2878 2880
f 2877 2878 2872
f 2877 2872 2871
f 2876 2877 2871
f 2876 2871 2869
f 2876 2869 2870
f 2860 2874 2875
f 2860 2875 2861
f 2860 2718 2726
f 2874 2860 2726
f 2722 2720 2873
f 2719 2872 2873
f 2720 2719 2873
f 2872 2859 2871
f 2872 2713 2859
f 2719 2713 2872
f 2869 2871 2858
f 2871 2859 2858
f 2858 2857 2869
f 2857 2868 2869
f 2869 2868 2870
f 2867 2868 2857
f 2867 2857 2856
f 2866 2867 2856
f 2866 2856 2855
f 2865 2866 2855
f 2865 2855 2853
f 2865 2853 2854
f 2864 2848 2847
f 2863 2864 2847
f 2863 2847 2846
f 2862 2863 2846
f 2862 2846 2845
f 2845 2705 2862
f 2862 2705 2861
f 2861 2705 2717
f 2861 2717 2860
f 2860 2717 2718
f 2713 2711 2859
f 2710 2858 2859
f 2711 2710 2859
f 2709 2857 2858
f 2710 2709 2858
f 2708 2856 2857
f 2709 2708 2857
f 2856 2844 2855
f 2856 2699 2844
f 2708 2699 2856
f 2853 2855 2843
f 2855 2844 2843
f 2843 2842 2853
f 2842 2852 2853
f 2853 2852 2854
f 2851 2852 2842
f 2851 2842 2841
f 2850 2851 2841
f 2850 2841 2840
f 2849 2850 2840
f 2849 2840 2839
f 2838 2847 2839
f 2847 2848 2839
f 2839 2848 2849
f 2838 2846 2847
f 2838 2707 2846
f 2690 2707 2838
f 2706 2845 2846
f 2707 2706 2846
f 2845 2706 2705
f 2699 2697 2844
f 2696 2843 2844
f 2697 2696 2844
f 2695 2842 2843
f 2696 2695 2843
f 2694 2841 2842
f 2695 2694 2842
f 2693 2840 2841
f 2694 2693 2841
f 2692 2839 2840
f 2693 2692 2840
f 2691 2838 2839
f 2692 2691 2839
f 2838 2691 2690
f 2832 2833 2837
f 2832 2837 2836
f 2831 2832 2836
f 2831 2836 2835
f 2830 2831 2835
f 2829 2830 2835
f 2823 2824 2834
f 2823 2832 2822
f 2823 2833 2832
f 2834 2833 2823
f 2821 2832 2831
f 2821 2822 2832
f 2820 2831 2830
f 2820 2821 2831
f 2830 2819 2820
f 2830 2828 2819
f 2829 2828 2830
f 2819 2828 2827
f 2818 2819 2827
f 2818 2827 2826
f 2817 2818 2826
f 2817 2826 2825
f 2816 2817 2825
f 2815 2816 2825
f 2824 2823 2809
f 2810 2824 2809
f 2823 2822 2809
f 2822 2672 2809
f 2809 2672 2666
f 2822 2821 2671
f 2822 2671 2672
f 2821 2820 2670
f 2821 2670 2671
f 2820 2819 2669
f 2820 2669 2670
f 2819 2818 2668
f 2819 2668 2669
f 2817 2808 2818
f 2808 2660 2818
f 2818 2660 2668
f 2807 2817 2816
f 2807 2808 2817
f 2816 2806 2807
f 2816 2814 2806
f 2815 2814 2816
f 2806 2814 2813
f 2805 2806 2813
f 2805 2813 2812
f 2804 2805 2812
f 2804 2812 2811
f 2803 2804 2811
f 2802 2803 2811
f 2810 2654 2796
f 2810 2667 2654
f 2809 2667 2810
f 2666 2667 2809
f 2808 2659 2660
f 2808 2807 2658
f 2808 2658 2659
f 2807 2806 2657
f 2807 2657 2658
f 2806 2805 2656
f 2806 2656 2657
f 2805 2804 2655
f 2805 2655 2656
f 2803 2795 2804
f 2795 2644 2804
f 2804 2644 2655
f 2803 2794 2795
f 2803 2801 2794
f 2802 2801 2803
f 2794 2801 2800
f 2793 2794 2800
f 2793 2800 2799
f 2792 2793 2799
f 2792 2799 2798
f 2791 2792 2798
f 2790 2791 2798
f 2786 2787 2797
f 2654 2640 2796
f 2640 2786 2796
f 2796 2786 2797
f 2795 2643 2644
f 2795 2794 2642
f 2795 2642 2643
f 2794 2793 2641
f 2794 2641 2642
f 2792 2785 2793
f 2785 2632 2793
f 2793 2632 2641
f 2784 2792 2791
f 2784 2785 2792
f 2791 2783 2784
f 2791 2789 2783
f 2790 2789 2791
f 2783 2789 2788
f 2781 2783 2788
f 2782 2781 2788
f 2787 2786 2777
f 2778 2787 2777
f 2640 2627 2777
f 2640 2777 2786
f 2785 2631 2632
f 2785 2784 2630
f 2785 2630 2631
f 2784 2783 2629
f 2784 2629 2630
f 2783 2781 2628
f 2783 2628 2629
f 2620 2628 2776
f 2776 2628 2780
f 2780 2628 2781
f 2780 2781 2782
f 2776 2780 2779
f 2774 2776 2779
f 2775 2774 2779
f 2778 2777 2772
f 2773 2778 2772
f 2627 2617 2772
f 2627 2772 2777
f 2776 2619 2620
f 2774 2770 2776
f 2770 2615 2776
f 2776 2615 2619
f 2774 2775 2771
f 2770 2774 2771
f 2773 2612 2768
f 2773 2618 2612
f 2772 2618 2773
f 2617 2618 2772
f 2770 2613 2615
f 2610 2613 2766
f 2766 2613 2769
f 2769 2613 2770
f 2769 2770 2771
f 2767 2766 2769
f 2612 2764 2768
f 2612 2607 2764
f 2766 2608 2610
f 2605 2608 2762
f 2762 2608 2765
f 2765 2608 2766
f 2765 2766 2767
f 2763 2762 2765
f 2607 2761 2764
f 2607 2603 2761
f 2762 2604 2605
f 2601 2763 2760
f 2601 2762 2763
f 2604 2762 2601
f 2603 2758 2761
f 2603 2599 2758
f 2601 2760 2598
f 2760 2759 2598
f 2598 2759 2756
f 2757 2756 2759
f 2599 2755 2758
f 2599 2596 2755
f 2756 2597 2598
f 2595 2757 2754
f 2595 2756 2757
f 2597 2756 2595
f 2596 2753 2755
f 2596 2594 2753
f 2754 2752 2595
f 2752 2593 2595
f 2594 2751 2753
f 2594 2592 2751
f 2752 2750 2593
f 2750 2591 2593
f 2592 2749 2751
f 2592 2590 2749
f 2750 2747 2591
f 2747 2588 2591
f 2587 2749 2590
f 2587 2748 2749
f 2745 2748 2587
f 2748 2745 2746
f 2747 2744 2588
f 2744 2584 2588
f 2587 2585 2745
f 2743 2746 2582
f 2746 2745 2582
f 2582 2745 2585
f 2744 2741 2584
f 2741 2581 2584
f 2579 2743 2582
f 2579 2742 2743
f 2739 2742 2579
f 2742 2739 2740
f 2741 2737 2581
f 2737 2577 2581
f 2579 2578 2739
f 2735 2578 2575
f 2738 2578 2735
f 2739 2578 2738
f 2740 2739 2738
f 2738 2735 2736
f 2737 2733 2577
f 2733 2572 2577
f 2575 2573 2735
f 2731 2573 2570
f 2734 2573 2731
f 2735 2573 2734
f 2736 2735 2734
f 2734 2731 2732
f 2733 2726 2572
f 2726 2567 2572
f 2570 2568 2731
f 2725 2568 2565
f 2730 2568 2725
f 2731 2568 2730
f 2732 2731 2730
f 2729 2730 2725
f 2729 2725 2724
f 2728 2729 2724
f 2728 2724 2723
f 2727 2728 2723
f 2727 2723 2721
f 2727 2721 2722
f 2726 2718 2567
f 2718 2561 2567
f 2565 2563 2725
f 2562 2724 2725
f 2563 2562 2725
f 2724 2716 2723
f 2724 2557 2716
f 2562 2557 2724
f 2721 2723 2715
f 2723 2716 2715
f 2715 2714 2721
f 2714 2720 2721
f 2721 2720 2722
f 2719 2720 2714
f 2719 2714 2712
f 2719 2712 2713
f 2717 2705 2704
f 2718 2552 2561
f 2718 2704 2552
f 2717 2704 2718
f 2557 2555 2716
f 2554 2715 2716
f 2555 2554 2716
f 2553 2714 2715
f 2554 2553 2715
f 2714 2703 2712
f 2714 2547 2703
f 2553 2547 2714
f 2703 2702 2712
f 2702 2711 2712
f 2712 2711 2713
f 2710 2711 2702
f 2710 2702 2701
f 2709 2710 2701
f 2709 2701 2700
f 2708 2709 2700
f 2708 2700 2698
f 2708 2698 2699
f 2707 2690 2689
f 2706 2707 2689
f 2706 2689 2688
f 2687 2704 2688
f 2704 2705 2688
f 2688 2705 2706
f 2687 2541 2552
f 2704 2687 2552
f 2547 2545 2703
f 2544 2702 2703
f 2545 2544 2703
f 2543 2701 2702
f 2544 2543 2702
f 2701 2686 2700
f 2701 2536 2686
f 2543 2536 2701
f 2698 2700 2685
f 2700 2686 2685
f 2685 2684 2698
f 2684 2697 2698
f 2698 2697 2699
f 2696 2697 2684
f 2696 2684 2683
f 2695 2696 2683
f 2695 2683 2682
f 2694 2695 2682
f 2694 2682 2681
f 2693 2694 2681
f 2693 2681 2680
f 2692 2693 2680
f 2692 2680 2679
f 2691 2692 2679
f 2691 2679 2678
f 2677 2689 2678
f 2689 2690 2678
f 2678 2690 2691
f 2688 2689 2676
f 2689 2677 2676
f 2676 2687 2688
f 2676 2542 2687
f 2526 2542 2676
f 2687 2542 2541
f 2536 2534 2686
f 2533 2685 2686
f 2534 2533 2686
f 2532 2684 2685
f 2533 2532 2685
f 2531 2683 2684
f 2532 2531 2684
f 2530 2682 2683
f 2531 2530 2683
f 2529 2681 2682
f 2530 2529 2682
f 2681 2675 2680
f 2681 2518 2675
f 2529 2518 2681
f 2679 2680 2674
f 2680 2675 2674
f 2678 2679 2673
f 2679 2674 2673
f 2673 2677 2678
f 2673 2528 2677
f 2513 2528 2673
f 2527 2676 2677
f 2528 2527 2677
f 2676 2527 2526
f 2518 2516 2675
f 2515 2674 2675
f 2516 2515 2675
f 2514 2673 2674
f 2515 2514 2674
f 2673 2514 2513
f 2665 2666 2672
f 2665 2672 2671
f 2664 2665 2671
f 2664 2671 2670
f 2663 2664 2670
f 2663 2670 2669
f 2662 2663 2669
f 2662 2669 2668
f 2661 2662 2668
f 2660 2661 2668
f 2653 2654 2667
f 2653 2665 2652
f 2653 2666 2665
f 2667 2666 2653
f 2665 2664 2652
f 2664 2502 2652
f 2652 2502 2499
f 2664 2663 2501
f 2664 2501 2502
f 2662 2651 2663
f 2651 2496 2663
f 2663 2496 2501
f 2650 2662 2661
f 2650 2651 2662
f 2661 2649 2650
f 2661 2659 2649
f 2660 2659 2661
f 2649 2659 2658
f 2648 2649 2658
f 2648 2658 2657
f 2647 2648 2657
f 2647 2657 2656
f 2646 2647 2656
f 2646 2656 2655
f 2645 2646 2655
f 2644 2645 2655
f 2654 2653 2639
f 2640 2654 2639
f 2653 2652 2639
f 2652 2500 2639
f 2639 2500 2491
f 2499 2500 2652
f 2651 2495 2496
f 2651 2650 2494
f 2651 2494 2495
f 2650 2649 2493
f 2650 2493 2494
f 2649 2648 2492
f 2649 2492 2493
f 2647 2638 2648
f 2638 2483 2648
f 2648 2483 2492
f 2637 2647 2646
f 2637 2638 2647
f 2636 2646 2645
f 2636 2637 2646
f 2645 2635 2636
f 2645 2643 2635
f 2644 2643 2645
f 2635 2643 2642
f 2634 2635 2642
f 2634 2642 2641
f 2633 2634 2641
f 2632 2633 2641
f 2640 2639 2626
f 2627 2640 2626
f 2491 2476 2626
f 2491 2626 2639
f 2638 2482 2483
f 2638 2637 2481
f 2638 2481 2482
f 2637 2636 2480
f 2637 2480 2481
f 2636 2635 2479
f 2636 2479 2480
f 2635 2634 2478
f 2635 2478 2479
f 2633 2625 2634
f 2625 2468 2634
f 2634 2468 2478
f 2633 2624 2625
f 2633 2631 2624
f 2632 2631 2633
f 2624 2631 2630
f 2623 2624 2630
f 2623 2630 2629
f 2622 2623 2629
f 2622 2629 2628
f 2621 2622 2628
f 2620 2621 2628
f 2627 2463 2617
f 2627 2477 2463
f 2626 2477 2627
f 2476 2477 2626
f 2625 2467 2468
f 2625 2624 2466
f 2625 2466 2467
f 2624 2623 2465
f 2624 2465 2466
f 2623 2622 2464
f 2623 2464 2465
f 2621 2616 2622
f 2616 2455 2622
f 2622 2455 2464
f 2621 2614 2616
f 2621 2619 2614
f 2620 2619 2621
f 2615 2614 2619
f 2611 2612 2618
f 2463 2452 2617
f 2452 2611 2617
f 2617 2611 2618
f 2616 2454 2455
f 2616 2614 2453
f 2616 2453 2454
f 2447 2453 2609
f 2609 2453 2613
f 2613 2453 2614
f 2613 2614 2615
f 2610 2609 2613
f 2612 2611 2606
f 2607 2612 2606
f 2452 2443 2606
f 2452 2606 2611
f 2609 2445 2447
f 2444 2445 2608
f 2445 2609 2608
f 2608 2609 2610
f 2440 2444 2608
f 2605 2440 2608
f 2607 2606 2602
f 2603 2607 2602
f 2443 2437 2602
f 2443 2602 2606
f 2440 2605 2436
f 2605 2604 2436
f 2436 2604 2600
f 2601 2600 2604
f 2603 2433 2599
f 2603 2438 2433
f 2602 2438 2603
f 2437 2438 2602
f 2600 2434 2436
f 2431 2601 2598
f 2431 2600 2601
f 2434 2600 2431
f 2433 2596 2599
f 2433 2428 2596
f 2431 2598 2597
f 2431 2597 2429
f 2426 2429 2597
f 2595 2426 2597
f 2428 2594 2596
f 2428 2424 2594
f 2595 2593 2426
f 2593 2422 2426
f 2424 2592 2594
f 2424 2421 2592
f 2593 2591 2422
f 2591 2418 2422
f 2421 2590 2592
f 2421 2589 2590
f 2419 2589 2421
f 2419 2417 2589
f 2591 2588 2418
f 2588 2416 2418
f 2590 2589 2586
f 2587 2590 2586
f 2417 2414 2586
f 2417 2586 2589
f 2588 2584 2416
f 2584 2583 2416
f 2416 2583 2415
f 2583 2413 2415
f 2586 2585 2587
f 2412 2582 2414
f 2582 2585 2414
f 2414 2585 2586
f 2580 2583 2584
f 2580 2584 2581
f 2580 2411 2413
f 2583 2580 2413
f 2412 2579 2582
f 2412 2410 2579
f 2576 2580 2581
f 2576 2581 2577
f 2576 2409 2411
f 2580 2576 2411
f 2408 2579 2410
f 2408 2578 2579
f 2574 2578 2408
f 2578 2574 2575
f 2571 2576 2577
f 2571 2577 2572
f 2571 2406 2409
f 2576 2571 2409
f 2408 2407 2574
f 2569 2407 2405
f 2573 2407 2569
f 2574 2407 2573
f 2575 2574 2573
f 2573 2569 2570
f 2566 2571 2572
f 2566 2572 2567
f 2566 2402 2406
f 2571 2566 2406
f 2405 2403 2569
f 2564 2403 2401
f 2568 2403 2564
f 2569 2403 2568
f 2570 2569 2568
f 2568 2564 2565
f 2560 2566 2567
f 2560 2567 2561
f 2560 2399 2402
f 2566 2560 2402
f 2398 2559 2564
f 2401 2398 2564
f 2559 2558 2564
f 2558 2563 2564
f 2564 2563 2565
f 2562 2563 2558
f 2562 2558 2556
f 2562 2556 2557
f 2551 2560 2561
f 2551 2561 2552
f 2551 2395 2399
f 2560 2551 2399
f 2398 2397 2559
f 2396 2558 2559
f 2397 2396 2559
f 2558 2550 2556
f 2558 2393 2550
f 2396 2393 2558
f 2550 2549 2556
f 2549 2555 2556
f 2556 2555 2557
f 2554 2555 2549
f 2554 2549 2548
f 2553 2554 2548
f 2553 2548 2546
f 2553 2546 2547
f 2540 2551 2552
f 2540 2552 2541
f 2540 2388 2395
f 2551 2540 2395
f 2393 2391 2550
f 2390 2549 2550
f 2391 2390 2550
f 2389 2548 2549
f 2390 2389 2549
f 2548 2539 2546
f 2548 2383 2539
f 2389 2383 2548
f 2539 2538 2546
f 2538 2545 2546
f 2546 2545 2547
f 2544 2545 2538
f 2544 2538 2537
f 2543 2544 2537
f 2543 2537 2535
f 2543 2535 2536
f 2542 2526 2525
f 2525 2378 2542
f 2542 2378 2541
f 2541 2378 2387
f 2541 2387 2540
f 2540 2387 2388
f 2383 2381 2539
f 2380 2538 2539
f 2381 2380 2539
f 2379 2537 2538
f 2380 2379 2538
f 2537 2524 2535
f 2537 2372 2524
f 2379 2372 2537
f 2524 2523 2535
f 2523 2534 2535
f 2535 2534 2536
f 2533 2534 2523
f 2533 2523 2522
f 2532 2533 2522
f 2532 2522 2521
f 2531 2532 2521
f 2531 2521 2520
f 2530 2531 2520
f 2530 2520 2519
f 2529 2530 2519
f 2529 2519 2517
f 2529 2517 2518
f 2528 2513 2512
f 2527 2528 2512
f 2527 2512 2511
f 2510 2525 2511
f 2525 2526 2511
f 2511 2526 2527
f 2510 2364 2378
f 2525 2510 2378
f 2372 2370 2524
f 2369 2523 2524
f 2370 2369 2524
f 2368 2522 2523
f 2369 2368 2523
f 2367 2521 2522
f 2368 2367 2522
f 2366 2520 2521
f 2367 2366 2521
f 2520 2509 2519
f 2520 2357 2509
f 2366 2357 2520
f 2517 2519 2508
f 2519 2509 2508
f 2508 2507 2517
f 2507 2516 2517
f 2517 2516 2518
f 2515 2516 2507
f 2515 2507 2506
f 2514 2515 2506
f 2514 2506 2505
f 2504 2512 2505
f 2512 2513 2505
f 2505 2513 2514
f 2511 2512 2503
f 2512 2504 2503
f 2503 2510 2511
f 2503 2365 2510
f 2348 2365 2503
f 2510 2365 2364
f 2357 2355 2509
f 2354 2508 2509
f 2355 2354 2509
f 2353 2507 2508
f 2354 2353 2508
f 2352 2506 2507
f 2353 2352 2507
f 2351 2505 2506
f 2352 2351 2506
f 2350 2504 2505
f 2351 2350 2505
f 2349 2503 2504
f 2350 2349 2504
f 2503 2349 2348
f 2498 2499 2502
f 2498 2502 2501
f 2497 2498 2501
f 2496 2497 2501
f 2490 2491 2500
f 2490 2498 2489
f 2490 2499 2498
f 2500 2499 2490
f 2488 2498 2497
f 2488 2489 2498
f 2497 2487 2488
f 2497 2495 2487
f 2496 2495 2497
f 2487 2495 2494
f 2486 2487 2494
f 2486 2494 2493
f 2485 2486 2493
f 2485 2493 2492
f 2484 2485 2492
f 2483 2484 2492
f 2491 2490 2475
f 2476 2491 2475
f 2490 2489 2475
f 2489 2332 2475
f 2475 2332 2326
f 2489 2488 2331
f 2489 2331 2332
f 2488 2487 2330
f 2488 2330 2331
f 2487 2486 2329
f 2487 2329 2330
f 2486 2485 2328
f 2486 2328 2329
f 2484 2474 2485
f 2474 2320 2485
f 2485 2320 2328
f 2484 2473 2474
f 2484 2482 2473
f 2483 2482 2484
f 2473 2482 2481
f 2472 2473 2481
f 2472 2481 2480
f 2471 2472 2480
f 2471 2480 2479
f 2470 2471 2479
f 2470 2479 2478
f 2469 2470 2478
f 2468 2469 2478
f 2462 2463 2477
f 2477 2315 2462
f 2476 2315 2477
f 2327 2315 2476
f 2475 2327 2476
f 2326 2327 2475
f 2474 2319 2320
f 2474 2473 2318
f 2474 2318 2319
f 2473 2472 2317
f 2473 2317 2318
f 2472 2471 2316
f 2472 2316 2317
f 2470 2461 2471
f 2461 2307 2471
f 2471 2307 2316
f 2460 2470 2469
f 2460 2461 2470
f 2469 2459 2460
f 2469 2467 2459
f 2468 2467 2469
f 2459 2467 2466
f 2458 2459 2466
f 2458 2466 2465
f 2457 2458 2465
f 2457 2465 2464
f 2456 2457 2464
f 2455 2456 2464
f 2463 2462 2451
f 2452 2463 2451
f 2315 2302 2451
f 2315 2451 2462
f 2461 2306 2307
f 2461 2460 2305
f 2461 2305 2306
f 2460 2459 2304
f 2460 2304 2305
f 2459 2458 2303
f 2459 2303 2304
f 2457 2450 2458
f 2450 2294 2458
f 2458 2294 2303
f 2449 2457 2456
f 2449 2450 2457
f 2456 2448 2449
f 2456 2454 2448
f 2455 2454 2456
f 2448 2454 2453
f 2446 2448 2453
f 2447 2446 2453
f 2452 2451 2442
f 2443 2452 2442
f 2302 2288 2442
f 2302 2442 2451
f 2450 2293 2294
f 2450 2449 2292
f 2450 2292 2293
f 2449 2448 2291
f 2449 2291 2292
f 2448 2446 2290
f 2448 2290 2291
f 2281 2290 2441
f 2441 2290 2445
f 2445 2290 2446
f 2445 2446 2447
f 2441 2445 2444
f 2439 2441 2444
f 2440 2439 2444
f 2443 2279 2437
f 2443 2289 2279
f 2442 2289 2443
f 2288 2289 2442
f 2441 2280 2281
f 2439 2435 2441
f 2435 2276 2441
f 2441 2276 2280
f 2439 2440 2436
f 2435 2439 2436
f 2432 2433 2438
f 2279 2273 2437
f 2273 2432 2437
f 2437 2432 2438
f 2435 2274 2276
f 2271 2274 2430
f 2430 2274 2434
f 2434 2274 2435
f 2434 2435 2436
f 2431 2430 2434
f 2433 2432 2427
f 2428 2433 2427
f 2273 2268 2427
f 2273 2427 2432
f 2430 2269 2271
f 2267 2269 2425
f 2425 2269 2429
f 2429 2269 2430
f 2429 2430 2431
f 2426 2425 2429
f 2428 2427 2423
f 2424 2428 2423
f 2268 2264 2423
f 2268 2423 2427
f 2425 2265 2267
f 2263 2426 2422
f 2263 2425 2426
f 2265 2425 2263
f 2424 2423 2420
f 2421 2424 2420
f 2264 2261 2420
f 2264 2420 2423
f 2422 2418 2263
f 2418 2260 2263
f 2420 2419 2421
f 2259 2417 2261
f 2417 2419 2261
f 2261 2419 2420
f 2418 2416 2260
f 2416 2258 2260
f 2259 2414 2417
f 2259 2256 2414
f 2258 2416 2415
f 2258 2415 2257
f 2255 2257 2415
f 2413 2255 2415
f 2256 2412 2414
f 2256 2253 2412
f 2413 2411 2255
f 2411 2252 2255
f 2253 2410 2412
f 2253 2251 2410
f 2411 2409 2252
f 2409 2250 2252
f 2251 2408 2410
f 2251 2249 2408
f 2409 2406 2250
f 2406 2248 2250
f 2247 2408 2249
f 2247 2407 2408
f 2404 2407 2247
f 2407 2404 2405
f 2406 2402 2248
f 2402 2245 2248
f 2247 2246 2404
f 2400 2246 2244
f 2403 2246 2400
f 2404 2246 2403
f 2405 2404 2403
f 2403 2400 2401
f 2402 2399 2245
f 2399 2242 2245
f 2244 2243 2400
f 2398 2401 2241
f 2401 2400 2241
f 2241 2400 2243
f 2399 2395 2242
f 2395 2239 2242
f 2238 2398 2241
f 2238 2397 2398
f 2394 2397 2238
f 2396 2397 2394
f 2396 2394 2392
f 2396 2392 2393
f 2395 2388 2239
f 2388 2236 2239
f 2238 2237 2394
f 2394 2386 2392
f 2394 2234 2386
f 2237 2234 2394
f 2386 2385 2392
f 2385 2391 2392
f 2392 2391 2393
f 2390 2391 2385
f 2390 2385 2384
f 2389 2390 2384
f 2389 2384 2382
f 2389 2382 2383
f 2387 2378 2377
f 2388 2230 2236
f 2388 2377 2230
f 2387 2377 2388
f 2234 2232 2386
f 2231 2385 2386
f 2232 2231 2386
f 2385 2376 2384
f 2385 2227 2376
f 2231 2227 2385
f 2382 2384 2375
f 2384 2376 2375
f 2375 2374 2382
f 2374 2381 2382
f 2382 2381 2383
f 2380 2381 2374
f 2380 2374 2373
f 2379 2380 2373
f 2379 2373 2371
f 2379 2371 2372
f 2363 2377 2378
f 2363 2378 2364
f 2363 2220 2230
f 2377 2363 2230
f 2227 2225 2376
f 2224 2375 2376
f 2225 2224 2376
f 2223 2374 2375
f 2224 2223 2375
f 2222 2373 2374
f 2223 2222 2374
f 2373 2362 2371
f 2373 2214 2362
f 2222 2214 2373
f 2362 2361 2371
f 2361 2370 2371
f 2371 2370 2372
f 2369 2370 2361
f 2369 2361 2360
f 2368 2369 2360
f 2368 2360 2359
f 2367 2368 2359
f 2367 2359 2358
f 2366 2367 2358
f 2366 2358 2356
f 2366 2356 2357
f 2365 2348 2347
f 2347 2208 2365
f 2365 2208 2364
f 2364 2208 2221
f 2364 2221 2363
f 2363 2221 2220
f 2214 2212 2362
f 2211 2361 2362
f 2212 2211 2362
f 2210 2360 2361
f 2211 2210 2361
f 2209 2359 2360
f 2210 2209 2360
f 2359 2346 2358
f 2359 2200 2346
f 2209 2200 2359
f 2356 2358 2345
f 2358 2346 2345
f 2345 2344 2356
f 2344 2355 2356
f 2356 2355 2357
f 2354 2355 2344
f 2354 2344 2343
f 2353 2354 2343
f 2353 2343 2342
f 2352 2353 2342
f 2352 2342 2341
f 2351 2352 2341
f 2351 2341 2340
f 2350 2351 2340
f 2350 2340 2339
f 2349 2350 2339
f 2349 2339 2338
f 2337 2347 2338
f 2347 2348 2338
f 2338 2348 2349
f 2337 2192 2208
f 2347 2337 2208
f 2200 2198 2346
f 2197 2345 2346
f 2198 2197 2346
f 2196 2344 2345
f 2197 2196 2345
f 2195 2343 2344
f 2196 2195 2344
f 2194 2342 2343
f 2195 2194 2343
f 2342 2336 2341
f 2342 2185 2336
f 2194 2185 2342
f 2340 2341 2335
f 2341 2336 2335
f 2339 2340 2334
f 2340 2335 2334
f 2338 2339 2333
f 2339 2334 2333
f 2333 2337 2338
f 2333 2193 2337
f 2179 2193 2333
f 2337 2193 2192
f 2185 2183 2336
f 2182 2335 2336
f 2183 2182 2336
f 2181 2334 2335
f 2182 2181 2335
f 2180 2333 2334
f 2181 2180 2334
f 2333 2180 2179
f 2325 2326 2332
f 2325 2332 2331
f 2324 2325 2331
f 2324 2331 2330
f 2323 2324 2330
f 2323 2330 2329
f 2322 2323 2329
f 2322 2329 2328
f 2321 2322 2328
f 2320 2321 2328
f 2314 2315 2327
f 2314 2325 2313
f 2314 2326 2325
f 2327 2326 2314
f 2325 2324 2313
f 2324 2170 2313
f 2313 2170 2166
f 2324 2323 2169
f 2324 2169 2170
f 2323 2322 2168
f 2323 2168 2169
f 2321 2312 2322
f 2312 2162 2322
f 2322 2162 2168
f 2321 2311 2312
f 2321 2319 2311
f 2320 2319 2321
f 2311 2319 2318
f 2310 2311 2318
f 2310 2318 2317
f 2309 2310 2317
f 2309 2317 2316
f 2308 2309 2316
f 2307 2308 2316
f 2315 2314 2301
f 2302 2315 2301
f 2314 2313 2301
f 2313 2167 2301
f 2301 2167 2157
f 2166 2167 2313
f 2312 2161 2162
f 2312 2311 2160
f 2312 2160 2161
f 2311 2310 2159
f 2311 2159 2160
f 2309 2300 2310
f 2300 2149 2310
f 2310 2149 2159
f 2299 2309 2308
f 2299 2300 2309
f 2308 2298 2299
f 2308 2306 2298
f 2307 2306 2308
f 2298 2306 2305
f 2297 2298 2305
f 2297 2305 2304
f 2296 2297 2304
f 2296 2304 2303
f 2295 2296 2303
f 2294 2295 2303
f 2302 2144 2288
f 2302 2158 2144
f 2301 2158 2302
f 2157 2158 2301
f 2300 2148 2149
f 2300 2299 2147
f 2300 2147 2148
f 2299 2298 2146
f 2299 2146 2147
f 2298 2297 2145
f 2298 2145 2146
f 2296 2287 2297
f 2287 2136 2297
f 2297 2136 2145
f 2286 2296 2295
f 2286 2287 2296
f 2295 2285 2286
f 2295 2293 2285
f 2294 2293 2295
f 2285 2293 2292
f 2284 2285 2292
f 2284 2292 2291
f 2283 2284 2291
f 2283 2291 2290
f 2282 2283 2290
f 2281 2282 2290
f 2278 2279 2289
f 2144 2130 2288
f 2130 2278 2288
f 2288 2278 2289
f 2287 2135 2136
f 2287 2286 2134
f 2287 2134 2135
f 2286 2285 2133
f 2286 2133 2134
f 2285 2284 2132
f 2285 2132 2133
f 2284 2283 2131
f 2284 2131 2132
f 2282 2277 2283
f 2277 2121 2283
f 2283 2121 2131
f 2282 2275 2277
f 2282 2280 2275
f 2281 2280 2282
f 2276 2275 2280
f 2279 2278 2272
f 2273 2279 2272
f 2130 2117 2272
f 2130 2272 2278
f 2277 2120 2121
f 2277 2275 2119
f 2277 2119 2120
f 2112 2119 2270
f 2270 2119 2274
f 2274 2119 2275
f 2274 2275 2276
f 2271 2270 2274
f 2273 2110 2268
f 2273 2118 2110
f 2272 2118 2273
f 2117 2118 2272
f 2270 2111 2112
f 2107 2111 2266
f 2266 2111 2269
f 2269 2111 2270
f 2269 2270 2271
f 2267 2266 2269
f 2110 2264 2268
f 2110 2104 2264
f 2266 2105 2107
f 2102 2105 2262
f 2262 2105 2265
f 2265 2105 2266
f 2265 2266 2267
f 2263 2262 2265
f 2104 2261 2264
f 2104 2099 2261
f 2262 2100 2102
f 2097 2263 2260
f 2097 2262 2263
f 2100 2262 2097
f 2099 2259 2261
f 2099 2095 2259
f 2260 2258 2097
f 2258 2093 2097
f 2095 2256 2259
f 2095 2092 2256
f 2093 2258 2090
f 2258 2257 2090
f 2090 2257 2254
f 2255 2254 2257
f 2092 2253 2256
f 2092 2088 2253
f 2254 2089 2090
f 2086 2255 2252
f 2086 2254 2255
f 2089 2254 2086
f 2088 2251 2253
f 2088 2084 2251
f 2252 2250 2086
f 2250 2083 2086
f 2084 2249 2251
f 2084 2082 2249
f 2250 2248 2083
f 2248 2081 2083
f 2082 2247 2249
f 2082 2080 2247
f 2248 2245 2081
f 2245 2077 2081
f 2246 2247 2080
f 2078 2246 2080
f 2246 2078 2076
f 2246 2076 2244
f 2245 2242 2077
f 2242 2075 2077
f 2073 2244 2076
f 2073 2243 2244
f 2240 2243 2073
f 2243 2240 2241
f 2242 2239 2075
f 2239 2071 2075
f 2073 2072 2240
f 2238 2241 2068
f 2241 2240 2068
f 2068 2240 2072
f 2239 2236 2071
f 2236 2235 2071
f 2071 2235 2069
f 2235 2066 2069
f 2065 2238 2068
f 2065 2237 2238
f 2233 2237 2065
f 2237 2233 2234
f 2229 2235 2236
f 2229 2236 2230
f 2229 2063 2066
f 2235 2229 2066
f 2065 2064 2233
f 2228 2064 2062
f 2232 2064 2228
f 2233 2064 2232
f 2234 2233 2232
f 2231 2232 2228
f 2231 2228 2226
f 2231 2226 2227
f 2219 2229 2230
f 2219 2230 2220
f 2219 2059 2063
f 2229 2219 2063
f 2062 2060 2228
f 2228 2218 2226
f 2228 2058 2218
f 2060 2058 2228
f 2218 2217 2226
f 2217 2225 2226
f 2226 2225 2227
f 2224 2225 2217
f 2224 2217 2216
f 2223 2224 2216
f 2223 2216 2215
f 2222 2223 2215
f 2222 2215 2213
f 2222 2213 2214
f 2221 2208 2207
f 2206 2219 2207
f 2219 2220 2207
f 2207 2220 2221
f 2206 2053 2059
f 2219 2206 2059
f 2058 2056 2218
f 2055 2217 2218
f 2056 2055 2218
f 2054 2216 2217
f 2055 2054 2217
f 2216 2205 2215
f 2216 2049 2205
f 2054 2049 2216
f 2213 2215 2204
f 2215 2205 2204
f 2204 2203 2213
f 2203 2212 2213
f 2213 2212 2214
f 2211 2212 2203
f 2211 2203 2202
f 2210 2211 2202
f 2210 2202 2201
f 2209 2210 2201
f 2209 2201 2199
f 2209 2199 2200
f 2191 2207 2208
f 2191 2208 2192
f 2191 2206 2207
f 2191 2052 2206
f 2042 2052 2191
f 2206 2052 2053
f 2049 2047 2205
f 2046 2204 2205
f 2047 2046 2205
f 2045 2203 2204
f 2046 2045 2204
f 2044 2202 2203
f 2045 2044 2203
f 2043 2201 2202
f 2044 2043 2202
f 2201 2190 2199
f 2201 2034 2190
f 2043 2034 2201
f 2190 2189 2199
f 2189 2198 2199
f 2199 2198 2200
f 2197 2198 2189
f 2197 2189 2188
f 2196 2197 2188
f 2196 2188 2187
f 2195 2196 2187
f 2195 2187 2186
f 2194 2195 2186
f 2194 2186 2184
f 2194 2184 2185
f 2193 2179 2178
f 2177 2191 2178
f 2191 2192 2178
f 2178 2192 2193
f 2177 2026 2042
f 2191 2177 2042
f 2034 2032 2190
f 2031 2189 2190
f 2032 2031 2190
f 2030 2188 2189
f 2031 2030 2189
f 2029 2187 2188
f 2030 2029 2188
f 2028 2186 2187
f 2029 2028 2187
f 2186 2176 2184
f 2186 2018 2176
f 2028 2018 2186
f 2176 2175 2184
f 2175 2183 2184
f 2184 2183 2185
f 2182 2183 2175
f 2182 2175 2174
f 2181 2182 2174
f 2181 2174 2173
f 2180 2181 2173
f 2180 2173 2172
f 2171 2178 2172
f 2178 2179 2172
f 2172 2179 2180
f 2171 2177 2178
f 2171 2027 2177
f 2010 2027 2171
f 2177 2027 2026
f 2018 2016 2176
f 2015 2175 2176
f 2016 2015 2176
f 2014 2174 2175
f 2015 2014 2175
f 2013 2173 2174
f 2014 2013 2174
f 2012 2172 2173
f 2013 2012 2173
f 2011 2171 2172
f 2012 2011 2172
f 2171 2011 2010
f 2165 2166 2170
f 2165 2170 2169
f 2164 2165 2169
f 2164 2169 2168
f 2163 2164 2168
f 2162 2163 2168
f 2156 2157 2167
f 2156 2165 2155
f 2156 2166 2165
f 2167 2166 2156
f 2154 2165 2164
f 2154 2155 2165
f 2153 2164 2163
f 2153 2154 2164
f 2163 2152 2153
f 2163 2161 2152
f 2162 2161 2163
f 2152 2161 2160
f 2151 2152 2160
f 2151 2160 2159
f 2150 2151 2159
f 2149 2150 2159
f 2143 2144 2158
f 2143 2156 2142
f 2143 2157 2156
f 2158 2157 2143
f 2156 2155 2142
f 2155 1994 2142
f 2142 1994 1988
f 2155 2154 1993
f 2155 1993 1994
f 2154 2153 1992
f 2154 1992 1993
f 2153 2152 1991
f 2153 1991 1992
f 2152 2151 1990
f 2152 1990 1991
f 2150 2141 2151
f 2141 1982 2151
f 2151 1982 1990
f 2150 2140 2141
f 2150 2148 2140
f 2149 2148 2150
f 2140 2148 2147
f 2139 2140 2147
f 2139 2147 2146
f 2138 2139 2146
f 2138 2146 2145
f 2137 2138 2145
f 2136 2137 2145
f 2144 2143 2129
f 2130 2144 2129
f 2143 2142 2129
f 2142 1989 2129
f 2129 1989 1977
f 1988 1989 2142
f 2141 1981 1982
f 2141 2140 1980
f 2141 1980 1981
f 2140 2139 1979
f 2140 1979 1980
f 2138 2128 2139
f 2128 1970 2139
f 2139 1970 1979
f 2127 2138 2137
f 2127 2128 2138
f 2137 2126 2127
f 2137 2135 2126
f 2136 2135 2137
f 2126 2135 2134
f 2125 2126 2134
f 2125 2134 2133
f 2124 2125 2133
f 2124 2133 2132
f 2123 2124 2132
f 2123 2132 2131
f 2122 2123 2131
f 2121 2122 2131
f 2130 1964 2117
f 2130 1978 1964
f 2129 1978 2130
f 1977 1978 2129
f 2128 1969 1970
f 2128 2127 1968
f 2128 1968 1969
f 2127 2126 1967
f 2127 1967 1968
f 2126 2125 1966
f 2126 1966 1967
f 2125 2124 1965
f 2125 1965 1966
f 2123 2116 2124
f 2116 1955 2124
f 2124 1955 1965
f 2115 2123 2122
f 2115 2116 2123
f 2122 2114 2115
f 2122 2120 2114
f 2121 2120 2122
f 2114 2120 2119
f 2113 2114 2119
f 2112 2113 2119
f 2109 2110 2118
f 1964 1951 2117
f 1951 2109 2117
f 2117 2109 2118
f 2116 1954 1955
f 2116 2115 1953
f 2116 1953 1954
f 2115 2114 1952
f 2115 1952 1953
f 2113 2108 2114
f 2108 1944 2114
f 2114 1944 1952
f 2113 2106 2108
f 2113 2111 2106
f 2112 2111 2113
f 2107 2106 2111
f 2110 2109 2103
f 2104 2110 2103
f 1951 1941 2103
f 1951 2103 2109
f 2108 1943 1944
f 2108 2106 1942
f 2108 1942 1943
f 1938 1942 2101
f 2101 1942 2105
f 2105 1942 2106
f 2105 2106 2107
f 2102 2101 2105
f 2104 2103 2098
f 2099 2104 2098
f 1941 1935 2098
f 1941 2098 2103
f 2101 1936 1938
f 1934 1936 2096
f 2096 1936 2100
f 2100 1936 2101
f 2100 2101 2102
f 2097 2096 2100
f 2099 2098 2094
f 2095 2099 2094
f 1935 1931 2094
f 1935 2094 2098
f 2096 1932 1934
f 1930 2097 2093
f 1930 2096 2097
f 1932 2096 1930
f 2095 2094 2091
f 2092 2095 2091
f 1931 1928 2091
f 1931 2091 2094
f 2093 2090 1930
f 2090 1927 1930
f 2092 2091 2087
f 2088 2092 2087
f 1928 1925 2087
f 1928 2087 2091
f 1927 2090 1924
f 2090 2089 1924
f 1924 2089 2085
f 2086 2085 2089
f 2088 1922 2084
f 2088 1926 1922
f 2087 1926 2088
f 1925 1926 2087
f 2085 1923 1924
f 1920 2086 2083
f 1920 2085 2086
f 1923 2085 1920
f 1922 2082 2084
f 1922 1918 2082
f 2083 2081 1920
f 2081 1915 1920
f 1918 2080 2082
f 1918 2079 2080
f 1916 2079 1918
f 1916 1914 2079
f 2081 2077 1915
f 2077 1913 1915
f 2079 2078 2080
f 1911 2076 1914
f 2076 2078 1914
f 1914 2078 2079
f 2077 2075 1913
f 2075 2074 1913
f 1913 2074 1912
f 2074 1910 1912
f 1911 2073 2076
f 1911 1908 2073
f 2070 2074 2075
f 2070 2075 2071
f 2070 1907 1910
f 2074 2070 1910
f 1906 2073 1908
f 1906 2072 2073
f 2067 2072 1906
f 2072 2067 2068
f 2071 2069 2070
f 1907 2066 1904
f 1907 2069 2066
f 2070 2069 1907
f 1906 1905 2067
f 2065 2068 1903
f 2068 2067 1903
f 1903 2067 1905
f 2066 2063 1904
f 2063 1901 1904
f 1900 2065 1903
f 1900 2064 2065
f 2061 2064 1900
f 2064 2061 2062
f 2063 2059 1901
f 2059 1898 1901
f 1900 1899 2061
f 2057 1899 1897
f 2060 1899 2057
f 2061 1899 2060
f 2062 2061 2060
f 2060 2057 2058
f 2059 2053 1898
f 2053 1894 1898
f 1897 1895 2057
f 2051 1895 1892
f 2056 1895 2051
f 2057 1895 2056
f 2058 2057 2056
f 2055 2056 2051
f 2055 2051 2050
f 2054 2055 2050
f 2054 2050 2048
f 2054 2048 2049
f 2052 2042 2041
f 2053 1889 1894
f 2053 2041 1889
f 2052 2041 2053
f 1892 1890 2051
f 2051 2040 2050
f 2051 1888 2040
f 1890 1888 2051
f 2048 2050 2039
f 2050 2040 2039
f 2039 2038 2048
f 2038 2047 2048
f 2048 2047 2049
f 2046 2047 2038
f 2046 2038 2037
f 2045 2046 2037
f 2045 2037 2036
f 2044 2045 2036
f 2044 2036 2035
f 2043 2044 2035
f 2043 2035 2033
f 2043 2033 2034
f 2025 2041 2042
f 2025 2042 2026
f 2025 1881 1889
f 2041 2025 1889
f 1888 1886 2040
f 1885 2039 2040
f 1886 1885 2040
f 1884 2038 2039
f 1885 1884 2039
f 1883 2037 2038
f 1884 1883 2038
f 1882 2036 2037
f 1883 1882 2037
f 2036 2024 2035
f 2036 1875 2024
f 1882 1875 2036
f 2033 2035 2023
f 2035 2024 2023
f 2023 2022 2033
f 2022 2032 2033
f 2033 2032 2034
f 2031 2032 2022
f 2031 2022 2021
f 2030 2031 2021
f 2030 2021 2020
f 2029 2030 2020
f 2029 2020 2019
f 2028 2029 2019
f 2028 2019 2017
f 2028 2017 2018
f 2027 2010 2009
f 2009 1869 2027
f 2027 1869 2026
f 2026 1869 1880
f 2026 1880 2025
f 2025 1880 1881
f 1875 1873 2024
f 1872 2023 2024
f 1873 1872 2024
f 1871 2022 2023
f 1872 1871 2023
f 1870 2021 2022
f 1871 1870 2022
f 2021 2008 2020
f 2021 1862 2008
f 1870 1862 2021
f 2019 2020 2007
f 2020 2008 2007
f 2017 2019 2006
f 2019 2007 2006
f 2006 2005 2017
f 2005 2016 2017
f 2017 2016 2018
f 2015 2016 2005
f 2015 2005 2004
f 2014 2015 2004
f 2014 2004 2003
f 2013 2014 2003
f 2013 2003 2002
f 2012 2013 2002
f 2012 2002 2001
f 2011 2012 2001
f 2011 2001 2000
f 1999 2009 2000
f 2009 2010 2000
f 2000 2010 2011
f 1999 1854 1869
f 2009 1999 1869
f 1862 1860 2008
f 1859 2007 2008
f 1860 1859 2008
f 1858 2006 2007
f 1859 1858 2007
f 1857 2005 2006
f 1858 1857 2006
f 2005 1998 2004
f 2005 1848 1998
f 1857 1848 2005
f 2003 2004 1997
f 2004 1998 1997
f 2002 2003 1996
f 2003 1997 1996
f 2001 2002 1995
f 2002 1996 1995
f 1995 2000 2001
f 1995 1856 2000
f 1842 1856 1995
f 1855 1999 2000
f 1856 1855 2000
f 1999 1855 1854
f 1848 1846 1998
f 1845 1997 1998
f 1846 1845 1998
f 1844 1996 1997
f 1845 1844 1997
f 1843 1995 1996
f 1844 1843 1996
f 1995 1843 1842
f 1987 1988 1994
f 1987 1994 1993
f 1986 1987 1993
f 1986 1993 1992
f 1985 1986 1992
f 1985 1992 1991
f 1984 1985 1991
f 1984 1991 1990
f 1983 1984 1990
f 1982 1983 1990
f 1976 1977 1989
f 1976 1987 1975
f 1976 1988 1987
f 1989 1988 1976
f 1987 1986 1975
f 1986 1833 1975
f 1975 1833 1829
f 1986 1985 1832
f 1986 1832 1833
f 1985 1984 1831
f 1985 1831 1832
f 1983 1974 1984
f 1974 1825 1984
f 1984 1825 1831
f 1983 1973 1974
f 1983 1981 1973
f 1982 1981 1983
f 1973 1981 1980
f 1972 1973 1980
f 1972 1980 1979
f 1971 1972 1979
f 1970 1971 1979
f 1963 1964 1978
f 1963 1976 1962
f 1963 1977 1976
f 1978 1977 1963
f 1976 1975 1962
f 1975 1830 1962
f 1962 1830 1820
f 1829 1830 1975
f 1974 1824 1825
f 1974 1973 1823
f 1974 1823 1824
f 1973 1972 1822
f 1973 1822 1823
f 1971 1961 1972
f 1961 1812 1972
f 1972 1812 1822
f 1971 1960 1961
f 1971 1969 1960
f 1970 1969 1971
f 1960 1969 1968
f 1959 1960 1968
f 1959 1968 1967
f 1958 1959 1967
f 1958 1967 1966
f 1957 1958 1966
f 1957 1966 1965
f 1956 1957 1965
f 1955 1956 1965
f 1964 1963 1950
f 1951 1964 1950
f 1963 1962 1950
f 1962 1821 1950
f 1950 1821 1806
f 1820 1821 1962
f 1961 1811 1812
f 1961 1960 1810
f 1961 1810 1811
f 1960 1959 1809
f 1960 1809 1810
f 1959 1958 1808
f 1959 1808 1809
f 1957 1949 1958
f 1949 1799 1958
f 1958 1799 1808
f 1948 1957 1956
f 1948 1949 1957
f 1956 1947 1948
f 1956 1954 1947
f 1955 1954 1956
f 1947 1954 1953
f 1946 1947 1953
f 1946 1953 1952
f 1945 1946 1952
f 1944 1945 1952
f 1951 1794 1941
f 1951 1807 1794
f 1950 1807 1951
f 1806 1807 1950
f 1949 1798 1799
f 1949 1948 1797
f 1949 1797 1798
f 1948 1947 1796
f 1948 1796 1797
f 1947 1946 1795
f 1947 1795 1796
f 1945 1940 1946
f 1940 1787 1946
f 1946 1787 1795
f 1945 1939 1940
f 1945 1943 1939
f 1944 1943 1945
f 1939 1943 1942
f 1937 1939 1942
f 1938 1937 1942
f 1794 1935 1941
f 1794 1783 1935
f 1940 1786 1787
f 1940 1939 1785
f 1940 1785 1786
f 1939 1937 1784
f 1939 1784 1785
f 1777 1784 1933
f 1933 1784 1936
f 1936 1784 1937
f 1936 1937 1938
f 1934 1933 1936
f 1783 1931 1935
f 1783 1775 1931
f 1933 1776 1777
f 1772 1776 1929
f 1929 1776 1932
f 1932 1776 1933
f 1932 1933 1934
f 1930 1929 1932
f 1775 1928 1931
f 1775 1769 1928
f 1929 1770 1772
f 1767 1930 1927
f 1767 1929 1930
f 1770 1929 1767
f 1769 1925 1928
f 1769 1765 1925
f 1927 1924 1767
f 1924 1764 1767
f 1921 1922 1926
f 1765 1763 1925
f 1763 1921 1925
f 1925 1921 1926
f 1764 1924 1762
f 1924 1923 1762
f 1762 1923 1919
f 1920 1919 1923
f 1922 1921 1917
f 1918 1922 1917
f 1763 1760 1917
f 1763 1917 1921
f 1919 1761 1762
f 1759 1920 1915
f 1759 1919 1920
f 1761 1919 1759
f 1917 1916 1918
f 1757 1914 1760
f 1914 1916 1760
f 1760 1916 1917
f 1915 1913 1759
f 1913 1756 1759
f 1757 1911 1914
f 1757 1755 1911
f 1756 1913 1754
f 1913 1912 1754
f 1754 1912 1909
f 1910 1909 1912
f 1755 1908 1911
f 1755 1752 1908
f 1909 1753 1754
f 1751 1910 1907
f 1751 1909 1910
f 1753 1909 1751
f 1752 1906 1908
f 1752 1750 1906
f 1907 1904 1751
f 1904 1749 1751
f 1748 1906 1750
f 1748 1905 1906
f 1902 1905 1748
f 1905 1902 1903
f 1904 1901 1749
f 1901 1746 1749
f 1748 1747 1902
f 1900 1903 1745
f 1903 1902 1745
f 1745 1902 1747
f 1901 1898 1746
f 1898 1743 1746
f 1740 1900 1745
f 1740 1899 1900
f 1896 1899 1740
f 1899 1896 1897
f 1898 1894 1743
f 1894 1893 1743
f 1743 1893 1741
f 1893 1738 1741
f 1740 1739 1896
f 1891 1739 1736
f 1895 1739 1891
f 1896 1739 1895
f 1897 1896 1895
f 1895 1891 1892
f 1889 1733 1894
f 1733 1737 1894
f 1894 1737 1893
f 1893 1737 1738
f 1736 1734 1891
f 1887 1734 1731
f 1890 1734 1887
f 1891 1734 1890
f 1892 1891 1890
f 1890 1887 1888
f 1889 1881 1733
f 1881 1728 1733
f 1731 1729 1887
f 1879 1729 1726
f 1886 1729 1879
f 1887 1729 1886
f 1888 1887 1886
f 1885 1886 1879
f 1885 1879 1878
f 1884 1885 1878
f 1884 1878 1877
f 1883 1884 1877
f 1883 1877 1876
f 1882 1883 1876
f 1882 1876 1874
f 1882 1874 1875
f 1880 1869 1868
f 1881 1721 1728
f 1881 1868 1721
f 1880 1868 1881
f 1726 1724 1879
f 1723 1878 1879
f 1724 1723 1879
f 1722 1877 1878
f 1723 1722 1878
f 1877 1867 1876
f 1877 1717 1867
f 1722 1717 1877
f 1874 1876 1866
f 1876 1867 1866
f 1866 1865 1874
f 1865 1873 1874
f 1874 1873 1875
f 1872 1873 1865
f 1872 1865 1864
f 1871 1872 1864
f 1871 1864 1863
f 1870 1871 1863
f 1870 1863 1861
f 1870 1861 1862
f 1853 1868 1869
f 1853 1869 1854
f 1853 1710 1721
f 1868 1853 1721
f 1717 1715 1867
f 1714 1866 1867
f 1715 1714 1867
f 1713 1865 1866
f 1714 1713 1866
f 1712 1864 1865
f 1713 1712 1865
f 1711 1863 1864
f 1712 1711 1864
f 1863 1852 1861
f 1863 1702 1852
f 1711 1702 1863
f 1852 1851 1861
f 1851 1860 1861
f 1861 1860 1862
f 1859 1860 1851
f 1859 1851 1850
f 1858 1859 1850
f 1858 1850 1849
f 1857 1858 1849
f 1857 1849 1847
f 1857 1847 1848
f 1856 1842 1841
f 1855 1856 1841
f 1855 1841 1840
f 1840 1695 1855
f 1855 1695 1854
f 1854 1695 1709
f 1854 1709 1853
f 1853 1709 1710
f 1702 1700 1852
f 1699 1851 1852
f 1700 1699 1852
f 1698 1850 1851
f 1699 1698 1851
f 1697 1849 1850
f 1698 1697 1850
f 1849 1839 1847
f 1849 1688 1839
f 1697 1688 1849
f 1839 1838 1847
f 1838 1846 1847
f 1847 1846 1848
f 1845 1846 1838
f 1845 1838 1837
f 1844 1845 1837
f 1844 1837 1836
f 1843 1844 1836
f 1843 1836 1835
f 1834 1841 1835
f 1841 1842 1835
f 1835 1842 1843
f 1834 1840 1841
f 1834 1696 1840
f 1680 1696 1834
f 1840 1696 1695
f 1688 1686 1839
f 1685 1838 1839
f 1686 1685 1839
f 1684 1837 1838
f 1685 1684 1838
f 1683 1836 1837
f 1684 1683 1837
f 1682 1835 1836
f 1683 1682 1836
f 1681 1834 1835
f 1682 1681 1835
f 1834 1681 1680
f 1828 1829 1833
f 1828 1833 1832
f 1827 1828 1832
f 1827 1832 1831
f 1826 1827 1831
f 1825 1826 1831
f 1819 1820 1830
f 1819 1828 1818
f 1819 1829 1828
f 1830 1829 1819
f 1817 1828 1827
f 1817 1818 1828
f 1816 1827 1826
f 1816 1817 1827
f 1826 1815 1816
f 1826 1824 1815
f 1825 1824 1826
f 1815 1824 1823
f 1814 1815 1823
f 1814 1823 1822
f 1813 1814 1822
f 1812 1813 1822
f 1805 1806 1821
f 1821 1658 1805
f 1820 1658 1821
f 1665 1658 1820
f 1819 1665 1820
f 1819 1818 1664
f 1819 1664 1665
f 1818 1817 1663
f 1818 1663 1664
f 1817 1816 1662
f 1817 1662 1663
f 1816 1815 1661
f 1816 1661 1662
f 1815 1814 1660
f 1815 1660 1661
f 1813 1804 1814
f 1804 1651 1814
f 1814 1651 1660
f 1813 1803 1804
f 1813 1811 1803
f 1812 1811 1813
f 1803 1811 1810
f 1802 1803 1810
f 1802 1810 1809
f 1801 1802 1809
f 1801 1809 1808
f 1800 1801 1808
f 1799 1800 1808
f 1793 1794 1807
f 1807 1646 1793
f 1806 1646 1807
f 1659 1646 1806
f 1805 1659 1806
f 1658 1659 1805
f 1804 1650 1651
f 1804 1803 1649
f 1804 1649 1650
f 1803 1802 1648
f 1803 1648 1649
f 1802 1801 1647
f 1802 1647 1648
f 1800 1792 1801
f 1792 1638 1801
f 1801 1638 1647
f 1800 1791 1792
f 1800 1798 1791
f 1799 1798 1800
f 1791 1798 1797
f 1790 1791 1797
f 1790 1797 1796
f 1789 1790 1796
f 1789 1796 1795
f 1788 1789 1795
f 1787 1788 1795
f 1794 1793 1782
f 1783 1794 1782
f 1646 1633 1782
f 1646 1782 1793
f 1792 1637 1638
f 1792 1791 1636
f 1792 1636 1637
f 1791 1790 1635
f 1791 1635 1636
f 1790 1789 1634
f 1790 1634 1635
f 1788 1781 1789
f 1781 1625 1789
f 1789 1625 1634
f 1788 1780 1781
f 1788 1786 1780
f 1787 1786 1788
f 1780 1786 1785
f 1779 1780 1785
f 1779 1785 1784
f 1778 1779 1784
f 1777 1778 1784
f 1783 1782 1774
f 1775 1783 1774
f 1633 1621 1774
f 1633 1774 1782
f 1781 1624 1625
f 1781 1780 1623
f 1781 1623 1624
f 1780 1779 1622
f 1780 1622 1623
f 1778 1773 1779
f 1773 1615 1779
f 1779 1615 1622
f 1778 1771 1773
f 1778 1776 1771
f 1777 1776 1778
f 1772 1771 1776
f 1775 1774 1768
f 1769 1775 1768
f 1621 1611 1768
f 1621 1768 1774
f 1773 1614 1615
f 1773 1771 1613
f 1773 1613 1614
f 1608 1613 1766
f 1766 1613 1770
f 1770 1613 1771
f 1770 1771 1772
f 1767 1766 1770
f 1769 1605 1765
f 1769 1612 1605
f 1768 1612 1769
f 1611 1612 1768
f 1766 1606 1608
f 1603 1767 1764
f 1603 1766 1767
f 1606 1766 1603
f 1605 1763 1765
f 1605 1601 1763
f 1764 1762 1603
f 1762 1599 1603
f 1601 1760 1763
f 1601 1598 1760
f 1599 1762 1596
f 1762 1761 1596
f 1596 1761 1758
f 1759 1758 1761
f 1598 1757 1760
f 1598 1594 1757
f 1758 1595 1596
f 1593 1759 1756
f 1593 1758 1759
f 1595 1758 1593
f 1594 1755 1757
f 1594 1591 1755
f 1756 1754 1593
f 1754 1590 1593
f 1591 1752 1755
f 1591 1588 1752
f 1590 1754 1753
f 1590 1753 1589
f 1587 1589 1753
f 1751 1587 1753
f 1588 1750 1752
f 1588 1586 1750
f 1751 1749 1587
f 1749 1585 1587
f 1586 1748 1750
f 1586 1584 1748
f 1749 1746 1585
f 1746 1583 1585
f 1581 1748 1584
f 1581 1747 1748
f 1744 1747 1581
f 1747 1744 1745
f 1746 1743 1583
f 1743 1742 1583
f 1583 1742 1582
f 1742 1578 1582
f 1581 1579 1744
f 1740 1745 1577
f 1745 1744 1577
f 1577 1744 1579
f 1743 1741 1742
f 1578 1738 1576
f 1578 1741 1738
f 1742 1741 1578
f 1575 1740 1577
f 1575 1739 1740
f 1735 1739 1575
f 1739 1735 1736
f 1737 1733 1732
f 1738 1573 1576
f 1738 1732 1573
f 1737 1732 1738
f 1575 1574 1735
f 1730 1574 1572
f 1734 1574 1730
f 1735 1574 1734
f 1736 1735 1734
f 1734 1730 1731
f 1727 1732 1733
f 1727 1733 1728
f 1727 1569 1573
f 1732 1727 1573
f 1572 1570 1730
f 1725 1570 1567
f 1729 1570 1725
f 1730 1570 1729
f 1731 1730 1729
f 1729 1725 1726
f 1721 1565 1728
f 1565 1568 1728
f 1728 1568 1727
f 1727 1568 1569
f 1563 1720 1725
f 1567 1563 1725
f 1720 1719 1725
f 1719 1724 1725
f 1725 1724 1726
f 1723 1724 1719
f 1723 1719 1718
f 1722 1723 1718
f 1722 1718 1716
f 1722 1716 1717
f 1721 1710 1565
f 1710 1559 1565
f 1563 1561 1720
f 1560 1719 1720
f 1561 1560 1720
f 1719 1708 1718
f 1719 1556 1708
f 1560 1556 1719
f 1716 1718 1707
f 1718 1708 1707
f 1707 1706 1716
f 1706 1715 1716
f 1716 1715 1717
f 1714 1715 1706
f 1714 1706 1705
f 1713 1714 1705
f 1713 1705 1704
f 1712 1713 1704
f 1712 1704 1703
f 1711 1712 1703
f 1711 1703 1701
f 1711 1701 1702
f 1709 1695 1694
f 1710 1549 1559
f 1710 1694 1549
f 1709 1694 1710
f 1556 1554 1708
f 1553 1707 1708
f 1554 1553 1708
f 1552 1706 1707
f 1553 1552 1707
f 1551 1705 1706
f 1552 1551 1706
f 1550 1704 1705
f 1551 1550 1705
f 1704 1693 1703
f 1704 1542 1693
f 1550 1542 1704
f 1701 1703 1692
f 1703 1693 1692
f 1692 1691 1701
f 1691 1700 1701
f 1701 1700 1702
f 1699 1700 1691
f 1699 1691 1690
f 1698 1699 1690
f 1698 1690 1689
f 1697 1698 1689
f 1697 1689 1687
f 1697 1687 1688
f 1696 1680 1679
f 1679 1536 1696
f 1696 1536 1695
f 1695 1536 1548
f 1695 1548 1694
f 1694 1548 1549
f 1542 1540 1693
f 1539 1692 1693
f 1540 1539 1693
f 1538 1691 1692
f 1539 1538 1692
f 1537 1690 1691
f 1538 1537 1691
f 1690 1678 1689
f 1690 1527 1678
f 1537 1527 1690
f 1687 1689 1677
f 1689 1678 1677
f 1677 1676 1687
f 1676 1686 1687
f 1687 1686 1688
f 1685 1686 1676
f 1685 1676 1675
f 1684 1685 1675
f 1684 1675 1674
f 1683 1684 1674
f 1683 1674 1673
f 1682 1683 1673
f 1682 1673 1672
f 1681 1682 1672
f 1681 1672 1671
f 1670 1679 1671
f 1679 1680 1671
f 1671 1680 1681
f 1670 1520 1536
f 1679 1670 1536
f 1527 1525 1678
f 1524 1677 1678
f 1525 1524 1678
f 1523 1676 1677
f 1524 1523 1677
f 1522 1675 1676
f 1523 1522 1676
f 1675 1669 1674
f 1675 1513 1669
f 1522 1513 1675
f 1673 1674 1668
f 1674 1669 1668
f 1672 1673 1667
f 1673 1668 1667
f 1671 1672 1666
f 1672 1667 1666
f 1666 1670 1671
f 1666 1521 1670
f 1507 1521 1666
f 1670 1521 1520
f 1513 1511 1669
f 1510 1668 1669
f 1511 1510 1669
f 1509 1667 1668
f 1510 1509 1668
f 1508 1666 1667
f 1509 1508 1667
f 1666 1508 1507
f 1657 1658 1665
f 1657 1665 1664
f 1656 1657 1664
f 1656 1664 1663
f 1655 1656 1663
f 1655 1663 1662
f 1654 1655 1662
f 1654 1662 1661
f 1653 1654 1661
f 1653 1661 1660
f 1652 1653 1660
f 1651 1652 1660
f 1645 1646 1659
f 1645 1657 1644
f 1645 1658 1657
f 1659 1658 1645
f 1657 1656 1644
f 1656 1504 1644
f 1644 1504 1499
f 1656 1655 1503
f 1656 1503 1504
f 1655 1654 1502
f 1655 1502 1503
f 1654 1653 1501
f 1654 1501 1502
f 1652 1643 1653
f 1643 1494 1653
f 1653 1494 1501
f 1652 1642 1643
f 1652 1650 1642
f 1651 1650 1652
f 1642 1650 1649
f 1641 1642 1649
f 1641 1649 1648
f 1640 1641 1648
f 1640 1648 1647
f 1639 1640 1647
f 1638 1639 1647
f 1646 1645 1632
f 1633 1646 1632
f 1645 1644 1632
f 1644 1500 1632
f 1632 1500 1489
f 1499 1500 1644
f 1643 1493 1494
f 1643 1642 1492
f 1643 1492 1493
f 1642 1641 1491
f 1642 1491 1492
f 1640 1631 1641
f 1631 1480 1641
f 1641 1480 1491
f 1630 1640 1639
f 1630 1631 1640
f 1639 1629 1630
f 1639 1637 1629
f 1638 1637 1639
f 1629 1637 1636
f 1628 1629 1636
f 1628 1636 1635
f 1627 1628 1635
f 1627 1635 1634
f 1626 1627 1634
f 1625 1626 1634
f 1633 1475 1621
f 1633 1490 1475
f 1632 1490 1633
f 1489 1490 1632
f 1631 1479 1480
f 1631 1630 1478
f 1631 1478 1479
f 1630 1629 1477
f 1630 1477 1478
f 1629 1628 1476
f 1629 1476 1477
f 1627 1620 1628
f 1620 1467 1628
f 1628 1467 1476
f 1619 1627 1626
f 1619 1620 1627
f 1626 1618 1619
f 1626 1624 1618
f 1625 1624 1626
f 1618 1624 1623
f 1617 1618 1623
f 1617 1623 1622
f 1616 1617 1622
f 1615 1616 1622
f 1475 1611 1621
f 1475 1462 1611
f 1620 1466 1467
f 1620 1619 1465
f 1620 1465 1466
f 1619 1618 1464
f 1619 1464 1465
f 1618 1617 1463
f 1618 1463 1464
f 1616 1610 1617
f 1610 1454 1617
f 1617 1454 1463
f 1616 1609 1610
f 1616 1614 1609
f 1615 1614 1616
f 1609 1614 1613
f 1607 1609 1613
f 1608 1607 1613
f 1604 1605 1612
f 1462 1450 1611
f 1450 1604 1611
f 1611 1604 1612
f 1610 1453 1454
f 1610 1609 1452
f 1610 1452 1453
f 1609 1607 1451
f 1609 1451 1452
f 1444 1451 1602
f 1602 1451 1606
f 1606 1451 1607
f 1606 1607 1608
f 1603 1602 1606
f 1605 1604 1600
f 1601 1605 1600
f 1450 1442 1600
f 1450 1600 1604
f 1602 1443 1444
f 1440 1603 1599
f 1440 1602 1603
f 1443 1602 1440
f 1601 1600 1597
f 1598 1601 1597
f 1442 1437 1597
f 1442 1597 1600
f 1599 1596 1440
f 1596 1436 1440
f 1598 1434 1594
f 1598 1438 1434
f 1597 1438 1598
f 1437 1438 1597
f 1436 1596 1432
f 1596 1595 1432
f 1432 1595 1592
f 1593 1592 1595
f 1434 1591 1594
f 1434 1430 1591
f 1592 1431 1432
f 1428 1593 1590
f 1428 1592 1593
f 1431 1592 1428
f 1430 1588 1591
f 1430 1425 1588
f 1428 1590 1589
f 1428 1589 1426
f 1423 1426 1589
f 1587 1423 1589
f 1425 1586 1588
f 1425 1421 1586
f 1587 1585 1423
f 1585 1419 1423
f 1421 1584 1586
f 1421 1418 1584
f 1585 1583 1419
f 1583 1415 1419
f 1418 1581 1584
f 1418 1580 1581
f 1416 1580 1418
f 1416 1413 1580
f 1415 1583 1582
f 1415 1582 1414
f 1412 1414 1582
f 1578 1412 1582
f 1580 1579 1581
f 1410 1577 1413
f 1577 1579 1413
f 1413 1579 1580
f 1578 1576 1412
f 1576 1409 1412
f 1410 1575 1577
f 1410 1408 1575
f 1576 1573 1409
f 1573 1407 1409
f 1406 1575 1408
f 1406 1574 1575
f 1571 1574 1406
f 1574 1571 1572
f 1573 1569 1407
f 1569 1404 1407
f 1406 1405 1571
f 1566 1405 1403
f 1570 1405 1566
f 1571 1405 1570
f 1572 1571 1570
f 1570 1566 1567
f 1568 1565 1564
f 1569 1402 1404
f 1569 1564 1402
f 1568 1564 1569
f 1401 1562 1566
f 1403 1401 1566
f 1563 1567 1566
f 1563 1566 1562
f 1558 1564 1565
f 1558 1565 1559
f 1558 1399 1402
f 1564 1558 1402
f 1401 1400 1562
f 1557 1400 1397
f 1561 1400 1557
f 1562 1400 1561
f 1563 1562 1561
f 1560 1561 1557
f 1560 1557 1555
f 1560 1555 1556
f 1549 1395 1559
f 1395 1398 1559
f 1559 1398 1558
f 1558 1398 1399
f 1397 1396 1557
f 1557 1547 1555
f 1557 1393 1547
f 1396 1393 1557
f 1547 1546 1555
f 1546 1554 1555
f 1555 1554 1556
f 1553 1554 1546
f 1553 1546 1545
f 1552 1553 1545
f 1552 1545 1544
f 1551 1552 1544
f 1551 1544 1543
f 1550 1551 1543
f 1550 1543 1541
f 1550 1541 1542
f 1548 1536 1535
f 1549 1389 1395
f 1549 1535 1389
f 1548 1535 1549
f 1393 1391 1547
f 1390 1546 1547
f 1391 1390 1547
f 1546 1534 1545
f 1546 1386 1534
f 1390 1386 1546
f 1544 1545 1533
f 1545 1534 1533
f 1543 1544 1532
f 1544 1533 1532
f 1541 1543 1531
f 1543 1532 1531
f 1531 1530 1541
f 1530 1540 1541
f 1541 1540 1542
f 1539 1540 1530
f 1539 1530 1529
f 1538 1539 1529
f 1538 1529 1528
f 1537 1538 1528
f 1537 1528 1526
f 1537 1526 1527
f 1519 1535 1536
f 1519 1536 1520
f 1519 1378 1389
f 1535 1519 1389
f 1386 1384 1534
f 1383 1533 1534
f 1384 1383 1534
f 1382 1532 1533
f 1383 1382 1533
f 1381 1531 1532
f 1382 1381 1532
f 1380 1530 1531
f 1381 1380 1531
f 1379 1529 1530
f 1380 1379 1530
f 1529 1518 1528
f 1529 1370 1518
f 1379 1370 1529
f 1526 1528 1517
f 1528 1518 1517
f 1517 1516 1526
f 1516 1525 1526
f 1526 1525 1527
f 1524 1525 1516
f 1524 1516 1515
f 1523 1524 1515
f 1523 1515 1514
f 1522 1523 1514
f 1522 1514 1512
f 1522 1512 1513
f 1521 1507 1506
f 1506 1358 1521
f 1521 1358 1520
f 1520 1358 1377
f 1520 1377 1519
f 1519 1377 1378
f 1370 1368 1518
f 1367 1517 1518
f 1368 1367 1518
f 1366 1516 1517
f 1367 1366 1517
f 1365 1515 1516
f 1366 1365 1516
f 1364 1514 1515
f 1365 1364 1515
f 1363 1512 1514
f 1364 1363 1514
f 1511 1363 1362
f 1511 1512 1363
f 1513 1512 1511
f 1511 1361 1510
f 1511 1362 1361
f 1510 1361 1509
f 1361 1347 1509
f 1509 1347 1505
f 1508 1509 1360
f 1509 1505 1360
f 1360 1505 1344
f 1359 1508 1360
f 1359 1507 1508
f 1506 1507 1359
f 1506 1359 1358
f 1347 1345 1505
f 1505 1345 1344
f 1498 1499 1504
f 1498 1504 1503
f 1497 1498 1503
f 1497 1503 1502
f 1496 1497 1502
f 1496 1502 1501
f 1495 1496 1501
f 1494 1495 1501
f 1488 1489 1500
f 1488 1498 1487
f 1488 1499 1498
f 1500 1499 1488
f 1486 1498 1497
f 1486 1487 1498
f 1485 1497 1496
f 1485 1486 1497
f 1484 1496 1495
f 1484 1485 1496
f 1495 1483 1484
f 1495 1493 1483
f 1494 1493 1495
f 1483 1493 1492
f 1482 1483 1492
f 1482 1492 1491
f 1481 1482 1491
f 1480 1481 1491
f 1474 1475 1490
f 1474 1488 1473
f 1474 1489 1488
f 1490 1489 1474
f 1488 1487 1473
f 1487 1342 1473
f 1473 1342 1335
f 1487 1486 1341
f 1487 1341 1342
f 1486 1485 1340
f 1486 1340 1341
f 1485 1484 1339
f 1485 1339 1340
f 1484 1483 1338
f 1484 1338 1339
f 1483 1482 1337
f 1483 1337 1338
f 1481 1472 1482
f 1472 1328 1482
f 1482 1328 1337
f 1481 1471 1472
f 1481 1479 1471
f 1480 1479 1481
f 1471 1479 1478
f 1470 1471 1478
f 1470 1478 1477
f 1469 1470 1477
f 1469 1477 1476
f 1468 1469 1476
f 1467 1468 1476
f 1475 1474 1461
f 1462 1475 1461
f 1474 1473 1461
f 1473 1336 1461
f 1461 1336 1324
f 1335 1336 1473
f 1472 1327 1328
f 1472 1471 1326
f 1472 1326 1327
f 1471 1470 1325
f 1471 1325 1326
f 1469 1460 1470
f 1460 1317 1470
f 1470 1317 1325
f 1459 1469 1468
f 1459 1460 1469
f 1468 1458 1459
f 1468 1466 1458
f 1467 1466 1468
f 1458 1466 1465
f 1457 1458 1465
f 1457 1465 1464
f 1456 1457 1464
f 1456 1464 1463
f 1455 1456 1463
f 1454 1455 1463
f 1462 1461 1449
f 1450 1462 1449
f 1324 1310 1449
f 1324 1449 1461
f 1460 1316 1317
f 1460 1459 1315
f 1460 1315 1316
f 1459 1458 1314
f 1459 1314 1315
f 1458 1457 1313
f 1458 1313 1314
f 1457 1456 1312
f 1457 1312 1313
f 1455 1448 1456
f 1448 1301 1456
f 1456 1301 1312
f 1455 1447 1448
f 1455 1453 1447
f 1454 1453 1455
f 1447 1453 1452
f 1446 1447 1452
f 1446 1452 1451
f 1445 1446 1451
f 1444 1445 1451
f 1450 1297 1442
f 1450 1311 1297
f 1449 1311 1450
f 1310 1311 1449
f 1448 1300 1301
f 1448 1447 1299
f 1448 1299 1300
f 1447 1446 1298
f 1447 1298 1299
f 1445 1441 1446
f 1441 1290 1446
f 1446 1290 1298
f 1445 1439 1441
f 1445 1443 1439
f 1444 1443 1445
f 1440 1439 1443
f 1297 1437 1442
f 1297 1288 1437
f 1441 1289 1290
f 1439 1435 1441
f 1435 1285 1441
f 1441 1285 1289
f 1439 1440 1436
f 1435 1439 1436
f 1433 1434 1438
f 1288 1282 1437
f 1282 1433 1437
f 1437 1433 1438
f 1435 1283 1285
f 1280 1436 1432
f 1280 1435 1436
f 1283 1435 1280
f 1434 1433 1429
f 1430 1434 1429
f 1282 1278 1429
f 1282 1429 1433
f 1280 1432 1277
f 1432 1431 1277
f 1277 1431 1427
f 1428 1427 1431
f 1430 1429 1424
f 1425 1430 1424
f 1278 1275 1424
f 1278 1424 1429
f 1427 1276 1277
f 1274 1276 1422
f 1422 1276 1426
f 1426 1276 1427
f 1426 1427 1428
f 1423 1422 1426
f 1425 1424 1420
f 1421 1425 1420
f 1275 1271 1420
f 1275 1420 1424
f 1422 1272 1274
f 1270 1423 1419
f 1270 1422 1423
f 1272 1422 1270
f 1421 1420 1417
f 1418 1421 1417
f 1271 1268 1417
f 1271 1417 1420
f 1419 1415 1270
f 1415 1267 1270
f 1417 1416 1418
f 1266 1413 1268
f 1413 1416 1268
f 1268 1416 1417
f 1267 1415 1265
f 1415 1414 1265
f 1265 1414 1411
f 1412 1411 1414
f 1266 1410 1413
f 1266 1263 1410
f 1411 1264 1265
f 1262 1412 1409
f 1262 1411 1412
f 1264 1411 1262
f 1263 1408 1410
f 1263 1260 1408
f 1409 1407 1262
f 1407 1259 1262
f 1260 1406 1408
f 1260 1258 1406
f 1407 1404 1259
f 1404 1256 1259
f 1405 1406 1258
f 1257 1405 1258
f 1405 1257 1255
f 1405 1255 1403
f 1404 1402 1256
f 1402 1253 1256
f 1255 1401 1403
f 1255 1252 1401
f 1402 1399 1253
f 1399 1250 1253
f 1400 1401 1252
f 1251 1400 1252
f 1400 1251 1249
f 1400 1249 1397
f 1398 1395 1394
f 1399 1247 1250
f 1399 1394 1247
f 1398 1394 1399
f 1246 1397 1249
f 1246 1396 1397
f 1392 1396 1246
f 1396 1392 1393
f 1388 1394 1395
f 1388 1395 1389
f 1388 1244 1247
f 1394 1388 1247
f 1246 1245 1392
f 1387 1245 1242
f 1391 1245 1387
f 1392 1245 1391
f 1393 1392 1391
f 1390 1391 1387
f 1390 1387 1385
f 1390 1385 1386
f 1378 1239 1389
f 1239 1243 1389
f 1389 1243 1388
f 1388 1243 1244
f 1242 1240 1387
f 1387 1376 1385
f 1387 1237 1376
f 1240 1237 1387
f 1376 1375 1385
f 1375 1384 1385
f 1385 1384 1386
f 1383 1384 1375
f 1383 1375 1374
f 1382 1383 1374
f 1382 1374 1373
f 1381 1382 1373
f 1381 1373 1372
f 1380 1381 1372
f 1380 1372 1371
f 1379 1380 1371
f 1379 1371 1369
f 1379 1369 1370
f 1377 1358 1357
f 1378 1229 1239
f 1378 1357 1229
f 1377 1357 1378
f 1237 1235 1376
f 1234 1375 1376
f 1235 1234 1376
f 1233 1374 1375
f 1234 1233 1375
f 1232 1373 1374
f 1233 1232 1374
f 1231 1372 1373
f 1232 1231 1373
f 1372 1356 1371
f 1372 1223 1356
f 1231 1223 1372
f 1369 1371 1355
f 1371 1356 1355
f 1355 1354 1369
f 1354 1368 1369
f 1369 1368 1370
f 1367 1368 1354
f 1367 1354 1353
f 1366 1367 1353
f 1366 1353 1352
f 1365 1366 1352
f 1365 1352 1351
f 1364 1365 1351
f 1364 1351 1350
f 1363 1364 1350
f 1363 1350 1349
f 1362 1363 1349
f 1362 1349 1348
f 1361 1362 1348
f 1361 1348 1346
f 1361 1346 1347
f 1360 1344 1343
f 1359 1360 1230
f 1360 1343 1230
f 1230 1343 1209
f 1228 1359 1230
f 1228 1358 1359
f 1357 1358 1228
f 1357 1228 1229
f 1223 1221 1356
f 1220 1355 1356
f 1221 1220 1356
f 1219 1354 1355
f 1220 1219 1355
f 1218 1353 1354
f 1219 1218 1354
f 1217 1352 1353
f 1218 1217 1353
f 1216 1351 1352
f 1217 1216 1352
f 1215 1350 1351
f 1216 1215 1351
f 1214 1349 1350
f 1215 1214 1350
f 1213 1348 1349
f 1214 1213 1349
f 1212 1346 1348
f 1213 1212 1348
f 1345 1212 1211
f 1345 1346 1212
f 1347 1346 1345
f 1210 1345 1211
f 1210 1344 1345
f 1343 1344 1210
f 1343 1210 1209
f 1334 1335 1342
f 1334 1342 1341
f 1333 1334 1341
f 1333 1341 1340
f 1332 1333 1340
f 1332 1340 1339
f 1331 1332 1339
f 1331 1339 1338
f 1330 1331 1338
f 1330 1338 1337
f 1329 1330 1337
f 1328 1329 1337
f 1323 1324 1336
f 1323 1334 1322
f 1323 1335 1334
f 1336 1335 1323
f 1334 1333 1322
f 1333 1203 1322
f 1322 1203 1198
f 1333 1332 1202
f 1333 1202 1203
f 1332 1331 1201
f 1332 1201 1202
f 1331 1330 1200
f 1331 1200 1201
f 1329 1321 1330
f 1321 1193 1330
f 1330 1193 1200
f 1329 1320 1321
f 1329 1327 1320
f 1328 1327 1329
f 1320 1327 1326
f 1319 1320 1326
f 1319 1326 1325
f 1318 1319 1325
f 1317 1318 1325
f 1324 1323 1309
f 1310 1324 1309
f 1323 1322 1309
f 1322 1199 1309
f 1309 1199 1189
f 1198 1199 1322
f 1321 1192 1193
f 1321 1320 1191
f 1321 1191 1192
f 1319 1308 1320
f 1308 1181 1320
f 1320 1181 1191
f 1307 1319 1318
f 1307 1308 1319
f 1318 1306 1307
f 1318 1316 1306
f 1317 1316 1318
f 1306 1316 1315
f 1305 1306 1315
f 1305 1315 1314
f 1304 1305 1314
f 1304 1314 1313
f 1303 1304 1313
f 1303 1313 1312
f 1302 1303 1312
f 1301 1302 1312
f 1296 1297 1311
f 1311 1175 1296
f 1310 1175 1311
f 1190 1175 1310
f 1309 1190 1310
f 1189 1190 1309
f 1308 1180 1181
f 1308 1307 1179
f 1308 1179 1180
f 1307 1306 1178
f 1307 1178 1179
f 1306 1305 1177
f 1306 1177 1178
f 1305 1304 1176
f 1305 1176 1177
f 1303 1295 1304
f 1295 1167 1304
f 1304 1167 1176
f 1294 1303 1302
f 1294 1295 1303
f 1302 1293 1294
f 1302 1300 1293
f 1301 1300 1302
f 1293 1300 1299
f 1292 1293 1299
f 1292 1299 1298
f 1291 1292 1298
f 1290 1291 1298
f 1297 1296 1287
f 1288 1297 1287
f 1175 1162 1287
f 1175 1287 1296
f 1295 1166 1167
f 1295 1294 1165
f 1295 1165 1166
f 1294 1293 1164
f 1294 1164 1165
f 1293 1292 1163
f 1293 1163 1164
f 1291 1286 1292
f 1286 1154 1292
f 1292 1154 1163
f 1291 1284 1286
f 1291 1289 1284
f 1290 1289 1291
f 1285 1284 1289
f 1288 1287 1281
f 1282 1288 1281
f 1162 1150 1281
f 1162 1281 1287
f 1286 1153 1154
f 1286 1284 1152
f 1286 1152 1153
f 1147 1152 1279
f 1279 1152 1283
f 1283 1152 1284
f 1283 1284 1285
f 1280 1279 1283
f 1282 1144 1278
f 1282 1151 1144
f 1281 1151 1282
f 1150 1151 1281
f 1279 1145 1147
f 1142 1280 1277
f 1142 1279 1280
f 1145 1279 1142
f 1144 1275 1278
f 1144 1140 1275
f 1142 1277 1138
f 1277 1276 1138
f 1138 1276 1273
f 1274 1273 1276
f 1140 1271 1275
f 1140 1136 1271
f 1273 1137 1138
f 1134 1137 1269
f 1269 1137 1272
f 1272 1137 1273
f 1272 1273 1274
f 1270 1269 1272
f 1136 1268 1271
f 1136 1131 1268
f 1269 1132 1134
f 1130 1270 1267
f 1130 1269 1270
f 1132 1269 1130
f 1131 1266 1268
f 1131 1128 1266
f 1267 1265 1130
f 1265 1127 1130
f 1128 1263 1266
f 1128 1126 1263
f 1127 1265 1125
f 1265 1264 1125
f 1125 1264 1261
f 1262 1261 1264
f 1126 1260 1263
f 1126 1123 1260
f 1261 1124 1125
f 1122 1262 1259
f 1122 1261 1262
f 1124 1261 1122
f 1123 1258 1260
f 1123 1121 1258
f 1259 1256 1122
f 1256 1120 1122
f 1119 1258 1121
f 1119 1257 1258
f 1254 1257 1119
f 1257 1254 1255
f 1256 1253 1120
f 1253 1116 1120
f 1119 1117 1254
f 1252 1255 1115
f 1255 1254 1115
f 1115 1254 1117
f 1253 1250 1116
f 1250 1114 1116
f 1113 1252 1115
f 1113 1251 1252
f 1248 1251 1113
f 1251 1248 1249
f 1250 1247 1114
f 1247 1111 1114
f 1113 1112 1248
f 1246 1249 1110
f 1249 1248 1110
f 1110 1248 1112
f 1247 1244 1111
f 1244 1108 1111
f 1107 1246 1110
f 1107 1245 1246
f 1241 1245 1107
f 1245 1241 1242
f 1243 1239 1238
f 1244 1105 1108
f 1244 1238 1105
f 1243 1238 1244
f 1107 1106 1241
f 1236 1106 1103
f 1240 1106 1236
f 1241 1106 1240
f 1242 1241 1240
f 1240 1236 1237
f 1229 1099 1239
f 1099 1104 1239
f 1239 1104 1238
f 1238 1104 1105
f 1103 1101 1236
f 1227 1101 1097
f 1235 1101 1227
f 1236 1101 1235
f 1237 1236 1235
f 1234 1235 1227
f 1234 1227 1226
f 1233 1234 1226
f 1233 1226 1225
f 1232 1233 1225
f 1232 1225 1224
f 1231 1232 1224
f 1231 1224 1222
f 1231 1222 1223
f 1230 1209 1208
f 1228 1230 1100
f 1230 1208 1100
f 1100 1208 1081
f 1100 1099 1229
f 1228 1100 1229
f 1097 1095 1227
f 1094 1226 1227
f 1095 1094 1227
f 1093 1225 1226
f 1094 1093 1226
f 1092 1224 1225
f 1093 1092 1225
f 1091 1222 1224
f 1092 1091 1224
f 1221 1091 1090
f 1221 1222 1091
f 1223 1222 1221
f 1221 1089 1220
f 1221 1090 1089
f 1220 1088 1219
f 1220 1089 1088
f 1219 1087 1218
f 1219 1088 1087
f 1218 1087 1217
f 1087 1072 1217
f 1217 1072 1207
f 1216 1217 1207
f 1216 1207 1206
f 1215 1216 1206
f 1215 1206 1205
f 1214 1215 1205
f 1214 1205 1204
f 1213 1214 1086
f 1214 1204 1086
f 1086 1204 1066
f 1213 1085 1212
f 1213 1086 1085
f 1212 1084 1211
f 1212 1085 1084
f 1211 1083 1210
f 1211 1084 1083
f 1082 1210 1083
f 1082 1209 1210
f 1208 1209 1082
f 1208 1082 1081
f 1072 1070 1207
f 1069 1206 1207
f 1070 1069 1207
f 1068 1205 1206
f 1069 1068 1206
f 1067 1204 1205
f 1068 1067 1205
f 1204 1067 1066
f 1197 1198 1203
f 1197 1203 1202
f 1196 1197 1202
f 1196 1202 1201
f 1195 1196 1201
f 1195 1201 1200
f 1194 1195 1200
f 1193 1194 1200
f 1188 1189 1199
f 1188 1197 1187
f 1188 1198 1197
f 1199 1198 1188
f 1186 1197 1196
f 1186 1187 1197
f 1185 1196 1195
f 1185 1186 1196
f 1184 1195 1194
f 1184 1185 1195
f 1194 1183 1184
f 1194 1192 1183
f 1193 1192 1194
f 1183 1192 1191
f 1182 1183 1191
f 1181 1182 1191
f 1174 1175 1190
f 1190 1055 1174
f 1189 1055 1190
f 1061 1055 1189
f 1188 1061 1189
f 1188 1187 1060
f 1188 1060 1061
f 1187 1186 1059
f 1187 1059 1060
f 1186 1185 1058
f 1186 1058 1059
f 1185 1184 1057
f 1185 1057 1058
f 1184 1183 1056
f 1184 1056 1057
f 1182 1173 1183
f 1173 1048 1183
f 1183 1048 1056
f 1182 1172 1173
f 1182 1180 1172
f 1181 1180 1182
f 1172 1180 1179
f 1171 1172 1179
f 1171 1179 1178
f 1170 1171 1178
f 1170 1178 1177
f 1169 1170 1177
f 1169 1177 1176
f 1168 1169 1176
f 1167 1168 1176
f 1175 1174 1161
f 1162 1175 1161
f 1055 1042 1161
f 1055 1161 1174
f 1173 1047 1048
f 1173 1172 1046
f 1173 1046 1047
f 1172 1171 1045
f 1172 1045 1046
f 1171 1170 1044
f 1171 1044 1045
f 1169 1160 1170
f 1160 1034 1170
f 1170 1034 1044
f 1159 1169 1168
f 1159 1160 1169
f 1168 1158 1159
f 1168 1166 1158
f 1167 1166 1168
f 1158 1166 1165
f 1157 1158 1165
f 1157 1165 1164
f 1156 1157 1164
f 1156 1164 1163
f 1155 1156 1163
f 1154 1155 1163
f 1162 1028 1150
f 1162 1043 1028
f 1161 1043 1162
f 1042 1043 1161
f 1160 1033 1034
f 1160 1159 1032
f 1160 1032 1033
f 1159 1158 1031
f 1159 1031 1032
f 1158 1157 1030
f 1158 1030 1031
f 1157 1156 1029
f 1157 1029 1030
f 1155 1149 1156
f 1149 1018 1156
f 1156 1018 1029
f 1155 1148 1149
f 1155 1153 1148
f 1154 1153 1155
f 1148 1153 1152
f 1146 1148 1152
f 1147 1146 1152
f 1143 1144 1151
f 1028 1014 1150
f 1014 1143 1150
f 1150 1143 1151
f 1149 1017 1018
f 1149 1148 1016
f 1149 1016 1017
f 1148 1146 1015
f 1148 1015 1016
f 1007 1015 1141
f 1141 1015 1145
f 1145 1015 1146
f 1145 1146 1147
f 1142 1141 1145
f 1144 1143 1139
f 1140 1144 1139
f 1014 1005 1139
f 1014 1139 1143
f 1141 1006 1007
f 1002 1142 1138
f 1002 1141 1142
f 1006 1141 1002
f 1140 1139 1135
f 1136 1140 1135
f 1005 999 1135
f 1005 1135 1139
f 1002 1138 998
f 1138 1137 998
f 998 1137 1133
f 1134 1133 1137
f 1136 995 1131
f 1136 1000 995
f 1135 1000 1136
f 999 1000 1135
f 1133 996 998
f 993 996 1129
f 1129 996 1132
f 1132 996 1133
f 1132 1133 1134
f 1130 1129 1132
f 995 1128 1131
f 995 990 1128
f 1129 991 993
f 988 1130 1127
f 988 1129 1130
f 991 1129 988
f 990 1126 1128
f 990 986 1126
f 1127 1125 988
f 1125 985 988
f 986 1123 1126
f 986 983 1123
f 985 1125 1124
f 985 1124 984
f 982 984 1124
f 1122 982 1124
f 983 1121 1123
f 983 980 1121
f 1122 1120 982
f 1120 978 982
f 980 1119 1121
f 980 1118 1119
f 979 1118 980
f 979 977 1118
f 1120 1116 978
f 1116 976 978
f 1118 1117 1119
f 975 1115 977
f 1115 1117 977
f 977 1117 1118
f 1116 1114 976
f 1114 974 976
f 975 1113 1115
f 975 973 1113
f 1114 1111 974
f 1111 972 974
f 971 1113 973
f 971 1112 1113
f 1109 1112 971
f 1112 1109 1110
f 1111 1108 972
f 1108 969 972
f 971 970 1109
f 1107 1110 968
f 1110 1109 968
f 968 1109 970
f 1108 1105 969
f 1105 966 969
f 965 1107 968
f 965 1106 1107
f 1102 1106 965
f 1106 1102 1103
f 1104 1099 1098
f 1105 963 966
f 1105 1098 963
f 1104 1098 1105
f 965 964 1102
f 1096 964 961
f 1101 964 1096
f 1102 964 1101
f 1103 1102 1101
f 1101 1096 1097
f 1100 1081 1080
f 1080 957 1100
f 1100 957 1099
f 1099 957 962
f 1099 962 1098
f 1098 962 963
f 961 960 1096
f 1095 960 959
f 1095 1096 960
f 1097 1096 1095
f 1095 959 1094
f 959 955 1094
f 1094 955 1079
f 1093 1094 1079
f 1093 1079 1078
f 1092 1093 1078
f 1092 1078 1077
f 1091 1092 1077
f 1091 1077 1076
f 1090 1091 1076
f 1090 1076 1075
f 1089 1090 1075
f 1089 1075 1074
f 1088 1089 1074
f 1088 1074 1073
f 1087 1088 1073
f 1087 1073 1071
f 1087 1071 1072
f 1086 1066 1065
f 1085 1086 1065
f 1085 1065 1064
f 1084 1085 1064
f 1084 1064 1063
f 1083 1084 1063
f 1083 1063 1062
f 1082 1083 958
f 1083 1062 958
f 958 1062 938
f 956 1082 958
f 956 1081 1082
f 1080 1081 956
f 1080 956 957
f 955 953 1079
f 952 1078 1079
f 953 952 1079
f 951 1077 1078
f 952 951 1078
f 950 1076 1077
f 951 950 1077
f 949 1075 1076
f 950 949 1076
f 948 1074 1075
f 949 948 1075
f 947 1073 1074
f 948 947 1074
f 946 1071 1073
f 947 946 1073
f 1070 946 945
f 1070 1071 946
f 1072 1071 1070
f 1070 944 1069
f 1070 945 944
f 1069 943 1068
f 1069 944 943
f 1068 942 1067
f 1068 943 942
f 941 1067 942
f 941 1066 1067
f 1065 1066 941
f 940 1064 1065
f 941 940 1065
f 939 1063 1064
f 940 939 1064
f 937 1062 1063
f 939 937 1063
f 1062 937 938
f 1054 1055 1061
f 1054 1061 1060
f 1053 1054 1060
f 1053 1060 1059
f 1052 1053 1059
f 1052 1059 1058
f 1051 1052 1058
f 1051 1058 1057
f 1050 1051 1057
f 1050 1057 1056
f 1049 1050 1056
f 1048 1049 1056
f 1055 1054 1041
f 1042 1055 1041
f 1054 1053 1041
f 1053 936 1041
f 1041 936 932
f 1053 1052 935
f 1053 935 936
f 1052 1051 934
f 1052 934 935
f 1050 1040 1051
f 1040 928 1051
f 1051 928 934
f 1039 1050 1049
f 1039 1040 1050
f 1049 1038 1039
f 1049 1047 1038
f 1048 1047 1049
f 1038 1047 1046
f 1037 1038 1046
f 1037 1046 1045
f 1036 1037 1045
f 1036 1045 1044
f 1035 1036 1044
f 1034 1035 1044
f 1027 1028 1043
f 1043 924 1027
f 1042 924 1043
f 933 924 1042
f 1041 933 1042
f 932 933 1041
f 1040 927 928
f 1040 1039 926
f 1040 926 927
f 1039 1038 925
f 1039 925 926
f 1037 1026 1038
f 1026 916 1038
f 1038 916 925
f 1025 1037 1036
f 1025 1026 1037
f 1024 1036 1035
f 1024 1025 1036
f 1035 1023 1024
f 1035 1033 1023
f 1034 1033 1035
f 1023 1033 1032
f 1022 1023 1032
f 1022 1032 1031
f 1021 1022 1031
f 1021 1031 1030
f 1020 1021 1030
f 1020 1030 1029
f 1019 1020 1029
f 1018 1019 1029
f 1028 1027 1013
f 1014 1028 1013
f 924 909 1013
f 924 1013 1027
f 1026 915 916
f 1026 1025 914
f 1026 914 915
f 1025 1024 913
f 1025 913 914
f 1024 1023 912
f 1024 912 913
f 1023 1022 911
f 1023 911 912
f 1022 1021 910
f 1022 910 911
f 1020 1012 1021
f 1012 901 1021
f 1021 901 910
f 1011 1020 1019
f 1011 1012 1020
f 1019 1010 1011
f 1019 1017 1010
f 1018 1017 1019
f 1010 1017 1016
f 1009 1010 1016
f 1009 1016 1015
f 1008 1009 1015
f 1007 1008 1015
f 1014 1013 1004
f 1005 1014 1004
f 909 894 1004
f 909 1004 1013
f 1012 899 901
f 1012 1011 898
f 1012 898 899
f 1011 1010 897
f 1011 897 898
f 1010 1009 896
f 1010 896 897
f 1008 1003 1009
f 1003 888 1009
f 1009 888 896
f 1008 1001 1003
f 1008 1006 1001
f 1007 1006 1008
f 1002 1001 1006
f 1005 886 999
f 1005 895 886
f 1004 895 1005
f 894 895 1004
f 1003 887 888
f 1001 997 1003
f 997 883 1003
f 1003 883 887
f 1001 1002 998
f 997 1001 998
f 994 995 1000
f 886 880 999
f 880 994 999
f 999 994 1000
f 997 881 883
f 878 881 992
f 992 881 996
f 996 881 997
f 996 997 998
f 993 992 996
f 995 994 989
f 990 995 989
f 880 874 989
f 880 989 994
f 992 876 878
f 873 876 987
f 987 876 991
f 991 876 992
f 991 992 993
f 988 987 991
f 990 870 986
f 990 875 870
f 989 875 990
f 874 875 989
f 987 871 873
f 868 988 985
f 868 987 988
f 871 987 868
f 870 983 986
f 870 866 983
f 868 985 864
f 985 984 864
f 864 984 981
f 982 981 984
f 866 980 983
f 866 862 980
f 981 863 864
f 859 982 978
f 859 981 982
f 863 981 859
f 979 980 862
f 860 979 862
f 979 860 857
f 979 857 977
f 978 976 859
f 976 856 859
f 857 975 977
f 857 854 975
f 976 974 856
f 974 853 856
f 854 973 975
f 854 851 973
f 974 972 853
f 972 850 853
f 851 971 973
f 851 849 971
f 972 969 850
f 969 848 850
f 847 971 849
f 847 970 971
f 967 970 847
f 970 967 968
f 969 966 848
f 966 845 848
f 847 846 967
f 965 968 844
f 968 967 844
f 844 967 846
f 966 963 845
f 963 842 845
f 964 965 844
f 843 964 844
f 964 843 840
f 964 840 961
f 841 962 957
f 841 957 836
f 841 842 963
f 962 841 963
f 960 961 840
f 838 960 840
f 960 838 959
f 838 834 959
f 959 834 954
f 959 954 955
f 837 958 938
f 837 938 817
f 958 835 956
f 958 837 835
f 835 836 957
f 956 835 957
f 834 833 954
f 953 833 832
f 953 954 833
f 955 954 953
f 953 831 952
f 953 832 831
f 952 830 951
f 952 831 830
f 951 829 950
f 951 830 829
f 950 828 949
f 950 829 828
f 949 827 948
f 949 828 827
f 948 826 947
f 948 827 826
f 947 825 946
f 947 826 825
f 946 824 945
f 946 825 824
f 945 823 944
f 945 824 823
f 944 822 943
f 944 823 822
f 943 821 942
f 943 822 821
f 942 820 941
f 942 821 820
f 941 819 940
f 941 820 819
f 940 818 939
f 940 819 818
f 939 816 937
f 939 818 816
f 816 817 938
f 937 816 938
f 931 932 936
f 931 936 935
f 930 931 935
f 930 935 934
f 929 930 934
f 928 929 934
f 923 924 933
f 923 931 922
f 923 932 931
f 933 932 923
f 921 931 930
f 921 922 931
f 920 930 929
f 920 921 930
f 929 919 920
f 929 927 919
f 928 927 929
f 919 927 926
f 918 919 926
f 918 926 925
f 917 918 925
f 916 917 925
f 924 923 908
f 909 924 908
f 923 922 908
f 922 814 908
f 908 814 809
f 922 921 813
f 922 813 814
f 921 920 812
f 921 812 813
f 920 919 811
f 920 811 812
f 919 918 810
f 919 810 811
f 917 907 918
f 907 803 918
f 918 803 810
f 917 906 907
f 917 915 906
f 916 915 917
f 906 915 914
f 905 906 914
f 905 914 913
f 904 905 913
f 904 913 912
f 903 904 912
f 903 912 911
f 902 903 911
f 902 911 910
f 900 902 910
f 901 900 910
f 909 908 893
f 894 909 893
f 809 794 893
f 809 893 908
f 907 802 803
f 907 906 801
f 907 801 802
f 906 905 800
f 906 800 801
f 905 904 799
f 905 799 800
f 904 903 798
f 904 798 799
f 903 902 797
f 903 797 798
f 902 900 796
f 902 796 797
f 781 796 892
f 892 796 899
f 899 796 900
f 899 900 901
f 892 899 898
f 891 892 898
f 891 898 897
f 890 891 897
f 890 897 896
f 889 890 896
f 888 889 896
f 885 886 895
f 895 777 885
f 894 777 895
f 795 777 894
f 893 795 894
f 794 795 893
f 892 780 781
f 892 891 779
f 892 779 780
f 891 890 778
f 891 778 779
f 889 884 890
f 884 769 890
f 890 769 778
f 889 882 884
f 889 887 882
f 888 887 889
f 883 882 887
f 886 885 879
f 880 886 879
f 777 765 879
f 777 879 885
f 884 768 769
f 884 882 767
f 884 767 768
f 759 767 877
f 877 767 881
f 881 767 882
f 881 882 883
f 878 877 881
f 880 757 874
f 880 766 757
f 879 766 880
f 765 766 879
f 877 758 759
f 754 758 872
f 872 758 876
f 876 758 877
f 876 877 878
f 873 872 876
f 869 870 875
f 757 751 874
f 751 869 874
f 874 869 875
f 872 752 754
f 749 752 867
f 867 752 871
f 871 752 872
f 871 872 873
f 868 867 871
f 870 869 865
f 866 870 865
f 751 746 865
f 751 865 869
f 867 747 749
f 745 868 864
f 745 867 868
f 747 867 745
f 866 865 861
f 862 866 861
f 746 743 861
f 746 861 865
f 745 864 742
f 864 863 742
f 742 863 858
f 859 858 863
f 861 860 862
f 741 857 743
f 857 860 743
f 743 860 861
f 858 855 740
f 858 740 742
f 858 859 856
f 855 858 856
f 741 854 857
f 741 739 854
f 855 852 738
f 855 738 740
f 855 856 853
f 852 855 853
f 739 851 854
f 739 736 851
f 852 737 738
f 735 853 850
f 735 852 853
f 737 852 735
f 736 849 851
f 736 733 849
f 850 848 735
f 848 731 735
f 733 847 849
f 733 730 847
f 848 845 731
f 845 727 731
f 846 847 730
f 728 846 730
f 846 728 726
f 846 726 844
f 845 842 727
f 842 725 727
f 723 844 726
f 723 843 844
f 839 843 723
f 843 839 840
f 724 841 836
f 724 836 719
f 724 725 842
f 841 724 842
f 723 722 839
f 838 722 721
f 838 839 722
f 840 839 838
f 838 721 717
f 838 717 834
f 720 837 817
f 720 817 701
f 837 718 835
f 837 720 718
f 718 719 836
f 835 718 836
f 833 834 717
f 716 833 717
f 833 715 832
f 833 716 715
f 832 714 831
f 832 715 714
f 831 713 830
f 831 714 713
f 830 712 829
f 830 713 712
f 829 712 828
f 712 698 828
f 828 698 815
f 827 828 711
f 828 815 711
f 711 815 696
f 827 710 826
f 827 711 710
f 826 709 825
f 826 710 709
f 825 708 824
f 825 709 708
f 824 707 823
f 824 708 707
f 823 706 822
f 823 707 706
f 822 705 821
f 822 706 705
f 821 704 820
f 821 705 704
f 820 703 819
f 820 704 703
f 819 702 818
f 819 703 702
f 818 700 816
f 818 702 700
f 700 701 817
f 816 700 817
f 698 695 815
f 815 695 696
f 808 809 814
f 808 814 813
f 807 808 813
f 807 813 812
f 806 807 812
f 806 812 811
f 805 806 811
f 805 811 810
f 804 805 810
f 803 804 810
f 809 808 793
f 794 809 793
f 792 808 807
f 792 793 808
f 791 807 806
f 791 792 807
f 790 806 805
f 790 791 806
f 789 805 804
f 789 790 805
f 804 788 789
f 804 802 788
f 803 802 804
f 788 802 801
f 787 788 801
f 787 801 800
f 786 787 800
f 786 800 799
f 785 786 799
f 785 799 798
f 784 785 798
f 784 798 797
f 783 784 797
f 783 797 796
f 782 783 796
f 781 782 796
f 776 777 795
f 795 684 776
f 794 684 795
f 693 684 794
f 793 693 794
f 793 792 692
f 793 692 693
f 792 791 691
f 792 691 692
f 791 790 690
f 791 690 691
f 790 789 689
f 790 689 690
f 789 788 688
f 789 688 689
f 788 787 687
f 788 687 688
f 787 786 686
f 787 686 687
f 786 785 685
f 786 685 686
f 784 775 785
f 775 674 785
f 785 674 685
f 774 784 783
f 774 775 784
f 773 783 782
f 773 774 783
f 782 772 773
f 782 780 772
f 781 780 782
f 772 780 779
f 771 772 779
f 771 779 778
f 770 771 778
f 769 770 778
f 777 776 764
f 765 777 764
f 684 668 764
f 684 764 776
f 775 673 674
f 775 774 672
f 775 672 673
f 774 773 671
f 774 671 672
f 773 772 670
f 773 670 671
f 771 763 772
f 763 659 772
f 772 659 670
f 762 771 770
f 762 763 771
f 770 761 762
f 770 768 761
f 769 768 770
f 761 768 767
f 760 761 767
f 759 760 767
f 756 757 766
f 766 655 756
f 765 655 766
f 669 655 765
f 764 669 765
f 668 669 764
f 763 658 659
f 763 762 657
f 763 657 658
f 762 761 656
f 762 656 657
f 760 755 761
f 755 648 761
f 761 648 656
f 760 753 755
f 760 758 753
f 759 758 760
f 754 753 758
f 757 756 750
f 751 757 750
f 655 644 750
f 655 750 756
f 755 647 648
f 755 753 646
f 755 646 647
f 640 646 748
f 748 646 752
f 752 646 753
f 752 753 754
f 749 748 752
f 751 638 746
f 751 645 638
f 750 645 751
f 644 645 750
f 748 639 640
f 634 639 744
f 744 639 747
f 747 639 748
f 747 748 749
f 745 744 747
f 638 743 746
f 638 632 743
f 744 633 634
f 629 745 742
f 629 744 745
f 633 744 629
f 632 741 743
f 632 627 741
f 742 740 629
f 740 625 629
f 627 739 741
f 627 623 739
f 740 738 625
f 738 621 625
f 623 736 739
f 623 620 736
f 621 738 617
f 738 737 617
f 617 737 734
f 735 734 737
f 620 733 736
f 620 732 733
f 618 732 620
f 618 615 732
f 734 616 617
f 614 735 731
f 614 734 735
f 616 734 614
f 733 732 729
f 730 733 729
f 615 612 729
f 615 729 732
f 731 727 614
f 727 611 614
f 729 728 730
f 610 726 612
f 726 728 612
f 612 728 729
f 727 725 611
f 725 609 611
f 610 723 726
f 610 607 723
f 608 724 719
f 608 719 602
f 608 609 725
f 724 608 725
f 722 723 607
f 605 722 607
f 722 604 721
f 722 605 604
f 721 604 600
f 721 600 717
f 603 720 701
f 603 701 584
f 720 601 718
f 720 603 601
f 601 602 719
f 718 601 719
f 716 717 600
f 598 716 600
f 716 597 715
f 716 598 597
f 715 596 714
f 715 597 596
f 714 596 713
f 596 582 713
f 713 582 699
f 712 713 699
f 712 699 697
f 694 579 595
f 712 697 698
f 594 711 595
f 711 696 595
f 595 696 694
f 711 593 710
f 711 594 593
f 710 592 709
f 710 593 592
f 709 591 708
f 709 592 591
f 708 590 707
f 708 591 590
f 707 589 706
f 707 590 589
f 706 588 705
f 706 589 588
f 705 587 704
f 705 588 587
f 704 586 703
f 704 587 586
f 703 585 702
f 703 586 585
f 702 583 700
f 702 585 583
f 583 584 701
f 700 583 701
f 582 580 699
f 578 697 699
f 580 578 699
f 695 697 578
f 698 697 695
f 578 579 695
f 579 694 695
f 695 694 696
f 683 684 693
f 683 693 692
f 682 683 692
f 682 692 691
f 681 682 691
f 681 691 690
f 680 681 690
f 680 690 689
f 679 680 689
f 679 689 688
f 678 679 688
f 678 688 687
f 677 678 687
f 677 687 686
f 676 677 686
f 676 686 685
f 675 676 685
f 674 675 685
f 684 683 667
f 668 684 667
f 666 683 682
f 666 667 683
f 682 681 666
f 681 577 666
f 666 577 570
f 681 680 576
f 681 576 577
f 680 679 575
f 680 575 576
f 679 678 574
f 679 574 575
f 678 677 573
f 678 573 574
f 676 665 677
f 665 564 677
f 677 564 573
f 664 676 675
f 664 665 676
f 675 663 664
f 675 673 663
f 674 673 675
f 663 673 672
f 662 663 672
f 662 672 671
f 661 662 671
f 661 671 670
f 660 661 670
f 659 660 670
f 654 655 669
f 669 558 654
f 668 558 669
f 572 558 668
f 667 572 668
f 667 666 571
f 667 571 572
f 570 571 666
f 665 563 564
f 665 664 562
f 665 562 563
f 664 663 561
f 664 561 562
f 663 662 560
f 663 560 561
f 661 653 662
f 653 547 662
f 662 547 560
f 652 661 660
f 652 653 661
f 660 651 652
f 660 658 651
f 659 658 660
f 651 658 657
f 650 651 657
f 650 657 656
f 649 650 656
f 648 649 656
f 655 542 644
f 655 559 542
f 654 559 655
f 558 559 654
f 653 546 547
f 653 652 545
f 653 545 546
f 652 651 544
f 652 544 545
f 651 650 543
f 651 543 544
f 649 643 650
f 643 534 650
f 650 534 543
f 649 642 643
f 649 647 642
f 648 647 649
f 642 647 646
f 641 642 646
f 640 641 646
f 637 638 645
f 542 531 644
f 531 637 644
f 644 637 645
f 643 533 534
f 643 642 532
f 643 532 533
f 641 636 642
f 636 526 642
f 642 526 532
f 641 635 636
f 641 639 635
f 640 639 641
f 634 635 639
f 638 637 631
f 632 638 631
f 531 524 631
f 531 631 637
f 636 525 526
f 635 630 636
f 630 521 636
f 636 521 525
f 635 628 630
f 635 633 628
f 634 633 635
f 629 628 633
f 632 631 626
f 627 632 626
f 524 518 626
f 524 626 631
f 630 519 521
f 628 624 630
f 624 517 630
f 630 517 519
f 628 629 625
f 624 628 625
f 627 626 622
f 623 627 622
f 518 514 622
f 518 622 626
f 624 515 517
f 513 625 621
f 513 624 625
f 515 624 513
f 623 622 619
f 620 623 619
f 514 511 619
f 514 619 622
f 621 617 513
f 617 510 513
f 619 618 620
f 509 615 511
f 615 618 511
f 511 618 619
f 510 617 508
f 617 616 508
f 508 616 613
f 614 613 616
f 509 612 615
f 509 506 612
f 613 507 508
f 505 614 611
f 505 613 614
f 507 613 505
f 506 610 612
f 506 503 610
f 611 609 505
f 609 501 505
f 503 607 610
f 503 606 607
f 502 606 503
f 502 498 606
f 500 608 602
f 500 602 496
f 500 501 609
f 608 500 609
f 606 605 607
f 605 606 498
f 605 599 604
f 498 599 605
f 494 599 498
f 604 599 600
f 497 603 584
f 497 584 478
f 603 495 601
f 603 497 495
f 495 496 602
f 601 495 602
f 494 493 599
f 598 493 491
f 598 599 493
f 600 599 598
f 598 490 597
f 598 491 490
f 597 490 596
f 490 476 596
f 596 476 581
f 596 581 582
f 489 595 579
f 489 579 471
f 595 488 594
f 595 489 488
f 594 487 593
f 594 488 487
f 593 486 592
f 593 487 486
f 592 485 591
f 592 486 485
f 591 484 590
f 591 485 484
f 590 483 589
f 590 484 483
f 589 482 588
f 589 483 482
f 588 481 587
f 588 482 481
f 587 480 586
f 587 481 480
f 586 479 585
f 586 480 479
f 585 477 583
f 585 479 477
f 477 478 584
f 583 477 584
f 476 475 581
f 580 475 473
f 580 581 475
f 582 581 580
f 580 470 578
f 580 473 470
f 470 471 579
f 578 470 579
f 569 570 577
f 569 577 576
f 568 569 576
f 568 576 575
f 567 568 575
f 567 575 574
f 566 567 574
f 566 574 573
f 565 566 573
f 564 565 573
f 557 558 572
f 557 572 571
f 556 557 571
f 556 569 555
f 556 570 569
f 571 570 556
f 554 569 568
f 554 555 569
f 568 567 554
f 567 468 554
f 554 468 465
f 566 553 567
f 553 462 567
f 567 462 468
f 552 566 565
f 552 553 566
f 565 551 552
f 565 563 551
f 564 563 565
f 551 563 562
f 550 551 562
f 550 562 561
f 549 550 561
f 549 561 560
f 548 549 560
f 547 548 560
f 541 542 559
f 541 557 540
f 541 558 557
f 559 558 541
f 557 556 540
f 556 467 540
f 540 467 455
f 556 555 466
f 556 466 467
f 555 554 464
f 555 464 466
f 465 464 554
f 553 461 462
f 553 552 460
f 553 460 461
f 552 551 459
f 552 459 460
f 551 550 458
f 551 458 459
f 550 549 457
f 550 457 458
f 548 539 549
f 539 446 549
f 549 446 457
f 548 538 539
f 548 546 538
f 547 546 548
f 538 546 545
f 537 538 545
f 537 545 544
f 536 537 544
f 536 544 543
f 535 536 543
f 534 535 543
f 542 541 530
f 531 542 530
f 541 540 530
f 540 456 530
f 530 456 441
f 455 456 540
f 539 445 446
f 539 538 444
f 539 444 445
f 538 537 443
f 538 443 444
f 537 536 442
f 537 442 443
f 535 529 536
f 529 433 536
f 536 433 442
f 535 528 529
f 535 533 528
f 534 533 535
f 528 533 532
f 527 528 532
f 526 527 532
f 531 530 523
f 524 531 523
f 441 429 523
f 441 523 530
f 529 432 433
f 529 528 431
f 529 431 432
f 527 522 528
f 522 423 528
f 528 423 431
f 527 520 522
f 527 525 520
f 526 525 527
f 521 520 525
f 524 420 518
f 524 430 420
f 523 430 524
f 429 430 523
f 522 422 423
f 522 520 421
f 522 421 422
f 415 421 516
f 516 421 519
f 519 421 520
f 519 520 521
f 517 516 519
f 420 514 518
f 420 413 514
f 516 414 415
f 410 414 512
f 512 414 515
f 515 414 516
f 515 516 517
f 513 512 515
f 413 511 514
f 413 407 511
f 512 408 410
f 405 513 510
f 405 512 513
f 408 512 405
f 407 509 511
f 407 403 509
f 510 508 405
f 508 401 405
f 403 506 509
f 403 400 506
f 401 508 398
f 508 507 398
f 398 507 504
f 505 504 507
f 400 503 506
f 400 397 503
f 504 499 394
f 504 394 398
f 504 505 501
f 499 504 501
f 502 503 397
f 395 502 397
f 502 395 393
f 502 393 498
f 390 394 496
f 394 499 496
f 496 499 500
f 500 499 501
f 393 494 498
f 393 492 494
f 392 492 393
f 392 387 492
f 391 497 478
f 391 478 370
f 497 389 495
f 497 391 389
f 389 390 496
f 495 389 496
f 492 493 494
f 493 386 491
f 493 387 386
f 492 387 493
f 491 385 490
f 491 386 385
f 385 384 490
f 384 474 490
f 490 474 476
f 472 474 384
f 472 384 383
f 469 472 383
f 469 383 382
f 381 489 382
f 489 471 382
f 382 471 469
f 489 380 488
f 489 381 380
f 488 379 487
f 488 380 379
f 487 378 486
f 487 379 378
f 486 377 485
f 486 378 377
f 485 376 484
f 485 377 376
f 484 375 483
f 484 376 375
f 483 374 482
f 483 375 374
f 482 373 481
f 482 374 373
f 481 372 480
f 481 373 372
f 480 371 479
f 480 372 371
f 479 369 477
f 479 371 369
f 369 370 478
f 477 369 478
f 474 475 476
f 472 473 475
f 474 472 475
f 469 470 473
f 472 469 473
f 470 469 471
f 463 465 468
f 462 463 468
f 454 455 467
f 454 467 466
f 453 454 466
f 367 466 464
f 367 453 466
f 364 453 367
f 463 464 465
f 464 363 367
f 463 363 464
f 452 363 463
f 463 451 452
f 463 461 451
f 462 461 463
f 451 461 460
f 450 451 460
f 450 460 459
f 449 450 459
f 449 459 458
f 448 449 458
f 448 458 457
f 447 448 457
f 446 447 457
f 440 441 456
f 456 357 440
f 455 357 456
f 366 357 455
f 454 366 455
f 454 453 365
f 454 365 366
f 364 365 453
f 452 361 363
f 452 451 360
f 452 360 361
f 451 450 359
f 451 359 360
f 450 449 358
f 450 358 359
f 448 439 449
f 439 350 449
f 449 350 358
f 438 448 447
f 438 439 448
f 447 437 438
f 447 445 437
f 446 445 447
f 437 445 444
f 436 437 444
f 436 444 443
f 435 436 443
f 435 443 442
f 434 435 442
f 433 434 442
f 441 440 428
f 429 441 428
f 357 344 428
f 357 428 440
f 439 349 350
f 439 438 348
f 439 348 349
f 438 437 347
f 438 347 348
f 437 436 346
f 437 346 347
f 435 427 436
f 427 335 436
f 436 335 346
f 426 435 434
f 426 427 435
f 434 425 426
f 434 432 425
f 433 432 434
f 425 432 431
f 424 425 431
f 423 424 431
f 419 420 430
f 430 331 419
f 429 331 430
f 345 331 429
f 428 345 429
f 344 345 428
f 427 334 335
f 427 426 333
f 427 333 334
f 426 425 332
f 426 332 333
f 424 418 425
f 418 324 425
f 425 324 332
f 424 417 418
f 424 422 417
f 423 422 424
f 417 422 421
f 416 417 421
f 415 416 421
f 420 419 412
f 413 420 412
f 331 321 412
f 331 412 419
f 418 323 324
f 418 417 322
f 418 322 323
f 416 411 417
f 411 313 417
f 417 313 322
f 416 409 411
f 416 414 409
f 415 414 416
f 410 409 414
f 413 412 406
f 407 413 406
f 321 310 406
f 321 406 412
f 411 312 313
f 411 409 311
f 411 311 312
f 307 311 404
f 404 311 408
f 408 311 409
f 408 409 410
f 405 404 408
f 407 406 402
f 403 407 402
f 310 304 402
f 310 402 406
f 404 305 307
f 303 405 401
f 303 404 405
f 305 404 303
f 403 402 399
f 400 403 399
f 304 301 399
f 304 399 402
f 401 398 303
f 398 300 303
f 400 399 396
f 397 400 396
f 301 298 396
f 301 396 399
f 398 394 300
f 394 296 300
f 396 395 397
f 293 393 298
f 393 395 298
f 298 395 396
f 388 288 295
f 390 296 394
f 390 295 296
f 388 295 390
f 392 393 293
f 292 392 293
f 392 292 285
f 392 285 387
f 368 264 290
f 287 391 290
f 391 370 290
f 290 370 368
f 287 389 391
f 287 388 389
f 288 388 287
f 389 388 390
f 386 387 285
f 284 386 285
f 386 282 385
f 386 284 282
f 385 281 384
f 385 282 281
f 384 280 383
f 384 281 280
f 383 279 382
f 383 280 279
f 382 278 381
f 382 279 278
f 381 277 380
f 381 278 277
f 380 276 379
f 380 277 276
f 379 275 378
f 379 276 275
f 378 274 377
f 378 275 274
f 377 273 376
f 377 274 273
f 376 272 375
f 376 273 272
f 375 270 374
f 375 272 270
f 374 268 373
f 374 270 268
f 373 266 372
f 373 268 266
f 372 263 371
f 372 266 263
f 263 369 371
f 263 368 369
f 264 368 263
f 369 368 370
f 362 364 367
f 363 362 367
f 356 357 366
f 356 366 365
f 355 356 365
f 365 259 355
f 364 259 365
f 261 259 364
f 362 261 364
f 257 261 354
f 354 261 361
f 361 261 362
f 361 362 363
f 354 361 360
f 353 354 360
f 353 360 359
f 352 353 359
f 352 359 358
f 351 352 358
f 350 351 358
f 357 356 343
f 344 357 343
f 356 355 343
f 355 260 343
f 343 260 254
f 259 260 355
f 354 256 257
f 353 342 354
f 342 250 354
f 354 250 256
f 341 353 352
f 341 342 353
f 340 352 351
f 340 341 352
f 351 339 340
f 351 349 339
f 350 349 351
f 339 349 348
f 338 339 348
f 338 348 347
f 337 338 347
f 337 347 346
f 336 337 346
f 335 336 346
f 330 331 345
f 345 244 330
f 344 244 345
f 255 244 344
f 343 255 344
f 254 255 343
f 342 249 250
f 342 341 248
f 342 248 249
f 341 340 247
f 341 247 248
f 340 339 246
f 340 246 247
f 339 338 245
f 339 245 246
f 337 329 338
f 329 235 338
f 338 235 245
f 328 337 336
f 328 329 337
f 336 327 328
f 336 334 327
f 335 334 336
f 327 334 333
f 326 327 333
f 326 333 332
f 325 326 332
f 324 325 332
f 331 330 320
f 321 331 320
f 244 232 320
f 244 320 330
f 329 234 235
f 328 319 329
f 319 224 329
f 329 224 234
f 318 328 327
f 318 319 328
f 317 327 326
f 317 318 327
f 316 326 325
f 316 317 326
f 325 315 316
f 325 323 315
f 324 323 325
f 315 323 322
f 314 315 322
f 313 314 322
f 321 218 310
f 321 233 218
f 320 233 321
f 232 233 320
f 319 223 224
f 319 318 222
f 319 222 223
f 318 317 221
f 318 221 222
f 317 316 220
f 317 220 221
f 316 315 219
f 316 219 220
f 314 309 315
f 309 208 315
f 315 208 219
f 314 308 309
f 314 312 308
f 313 312 314
f 308 312 311
f 306 308 311
f 307 306 311
f 218 304 310
f 218 204 304
f 309 207 208
f 309 308 206
f 309 206 207
f 308 306 205
f 308 205 206
f 198 205 302
f 302 205 305
f 305 205 306
f 305 306 307
f 303 302 305
f 204 301 304
f 204 196 301
f 302 299 191
f 302 191 198
f 302 303 300
f 299 302 300
f 196 298 301
f 196 188 298
f 297 182 190
f 294 297 299
f 297 190 299
f 299 190 191
f 299 300 296
f 294 299 296
f 188 293 298
f 188 291 293
f 186 291 188
f 186 179 291
f 289 169 181
f 286 289 297
f 289 181 297
f 297 181 182
f 294 286 297
f 294 288 286
f 295 288 294
f 295 294 296
f 291 292 293
f 285 178 283
f 292 178 285
f 179 178 292
f 291 179 292
f 178 166 283
f 271 152 177
f 269 271 177
f 269 177 175
f 267 269 175
f 267 175 173
f 265 267 173
f 265 173 171
f 262 265 171
f 262 171 168
f 169 262 168
f 289 262 169
f 264 262 289
f 290 264 289
f 286 287 290
f 289 286 290
f 287 286 288
f 283 284 285
f 284 165 282
f 284 166 165
f 283 166 284
f 282 164 281
f 282 165 164
f 281 163 280
f 281 164 163
f 280 162 279
f 280 163 162
f 279 161 278
f 279 162 161
f 278 160 277
f 278 161 160
f 277 158 276
f 277 160 158
f 276 156 275
f 276 158 156
f 275 154 274
f 275 156 154
f 274 151 273
f 274 154 151
f 151 272 273
f 151 271 272
f 152 271 151
f 269 270 272
f 271 269 272
f 267 268 270
f 269 267 270
f 265 266 268
f 267 265 268
f 262 263 266
f 265 262 266
f 263 262 264
f 258 259 261
f 257 258 261
f 253 254 260
f 253 258 252
f 253 259 258
f 260 259 253
f 258 251 252
f 258 256 251
f 257 256 258
f 250 251 256
f 243 244 255
f 243 253 242
f 243 254 253
f 255 254 243
f 253 252 242
f 252 149 242
f 242 149 147
f 251 241 252
f 241 145 252
f 252 145 149
f 251 240 241
f 251 249 240
f 250 249 251
f 240 249 248
f 239 240 248
f 239 248 247
f 238 239 247
f 238 247 246
f 237 238 246
f 237 246 245
f 236 237 245
f 235 236 245
f 244 243 231
f 232 244 231
f 243 242 231
f 242 148 231
f 231 148 143
f 147 148 242
f 241 144 145
f 240 230 241
f 230 139 241
f 241 139 144
f 229 240 239
f 229 230 240
f 228 239 238
f 228 229 239
f 227 238 237
f 227 228 238
f 226 237 236
f 226 227 237
f 236 225 226
f 236 234 225
f 235 234 236
f 224 225 234
f 217 218 233
f 217 231 216
f 217 232 231
f 233 232 217
f 143 133 216
f 143 216 231
f 230 138 139
f 230 229 137
f 230 137 138
f 229 228 136
f 229 136 137
f 228 227 135
f 228 135 136
f 226 215 227
f 215 125 227
f 227 125 135
f 214 226 225
f 214 215 226
f 225 213 214
f 225 223 213
f 224 223 225
f 213 223 222
f 212 213 222
f 212 222 221
f 211 212 221
f 211 221 220
f 210 211 220
f 210 220 219
f 209 210 219
f 208 209 219
f 218 217 203
f 204 218 203
f 217 216 203
f 216 134 203
f 203 134 119
f 133 134 216
f 215 124 125
f 215 214 123
f 215 123 124
f 214 213 122
f 214 122 123
f 213 212 121
f 213 121 122
f 212 211 120
f 212 120 121
f 210 202 211
f 202 109 211
f 211 109 120
f 201 210 209
f 201 202 210
f 209 200 201
f 209 207 200
f 208 207 209
f 200 207 206
f 199 200 206
f 199 206 205
f 197 199 205
f 198 197 205
f 204 203 195
f 196 204 195
f 119 107 195
f 119 195 203
f 202 108 109
f 201 194 202
f 194 102 202
f 202 102 108
f 193 201 200
f 193 194 201
f 192 200 199
f 192 193 200
f 189 199 197
f 189 192 199
f 197 198 191
f 189 197 191
f 196 195 187
f 188 196 187
f 107 99 187
f 107 187 195
f 185 93 101
f 184 185 194
f 185 101 194
f 194 101 102
f 183 194 193
f 183 184 194
f 180 193 192
f 180 183 193
f 189 180 192
f 189 182 180
f 190 182 189
f 190 189 191
f 187 186 188
f 90 179 99
f 179 186 99
f 99 186 187
f 176 79 95
f 174 176 95
f 174 95 92
f 172 174 185
f 174 92 185
f 185 92 93
f 170 185 184
f 170 172 185
f 167 184 183
f 167 170 184
f 180 167 183
f 180 169 167
f 181 169 180
f 181 180 182
f 178 179 90
f 89 178 90
f 178 89 76
f 178 76 166
f 159 67 87
f 157 159 87
f 157 87 85
f 155 157 85
f 155 85 83
f 153 155 83
f 153 83 81
f 150 153 81
f 150 81 78
f 79 150 78
f 176 150 79
f 152 150 176
f 177 152 176
f 174 175 177
f 176 174 177
f 172 173 175
f 174 172 175
f 170 171 173
f 172 170 173
f 167 168 171
f 170 167 171
f 168 167 169
f 165 166 76
f 75 165 76
f 165 73 164
f 165 75 73
f 164 71 163
f 164 73 71
f 163 69 162
f 163 71 69
f 162 66 161
f 162 69 66
f 66 160 161
f 66 159 160
f 67 159 66
f 157 158 160
f 159 157 160
f 155 156 158
f 157 155 158
f 153 154 156
f 155 153 156
f 150 151 154
f 153 150 154
f 151 150 152
f 146 147 149
f 145 146 149
f 142 143 148
f 142 146 141
f 142 147 146
f 148 147 142
f 146 140 141
f 146 144 140
f 145 144 146
f 139 140 144
f 143 142 132
f 133 143 132
f 131 142 141
f 131 132 142
f 130 141 140
f 130 131 141
f 140 129 130
f 140 138 129
f 139 138 140
f 129 138 137
f 128 129 137
f 128 137 136
f 127 128 136
f 127 136 135
f 126 127 135
f 125 126 135
f 118 119 134
f 134 59 118
f 133 59 134
f 64 59 133
f 132 64 133
f 132 131 63
f 132 63 64
f 131 130 62
f 131 62 63
f 130 129 61
f 130 61 62
f 128 117 129
f 117 54 129
f 129 54 61
f 116 128 127
f 116 117 128
f 115 127 126
f 115 116 127
f 126 114 115
f 126 124 114
f 125 124 126
f 114 124 123
f 113 114 123
f 113 123 122
f 112 113 122
f 112 122 121
f 111 112 121
f 111 121 120
f 110 111 120
f 109 110 120
f 119 49 107
f 119 60 49
f 118 60 119
f 59 60 118
f 117 53 54
f 117 116 52
f 117 52 53
f 116 115 51
f 116 51 52
f 115 114 50
f 115 50 51
f 113 106 114
f 106 42 114
f 114 42 50
f 105 113 112
f 105 106 113
f 104 112 111
f 104 105 112
f 103 111 110
f 103 104 111
f 110 100 103
f 110 108 100
f 109 108 110
f 102 100 108
f 49 99 107
f 49 39 99
f 98 33 41
f 97 98 106
f 98 41 106
f 106 41 42
f 96 106 105
f 96 97 106
f 94 105 104
f 94 96 105
f 91 104 103
f 91 94 104
f 100 91 103
f 100 93 91
f 101 93 100
f 101 100 102
f 39 90 99
f 39 88 90
f 38 88 39
f 38 30 88
f 86 21 35
f 84 86 35
f 84 35 32
f 82 84 98
f 84 32 98
f 98 32 33
f 80 98 97
f 80 82 98
f 77 97 96
f 77 80 97
f 94 77 96
f 94 79 77
f 95 79 94
f 91 92 95
f 94 91 95
f 92 91 93
f 88 89 90
f 76 29 74
f 89 29 76
f 30 29 89
f 88 30 89
f 72 74 29
f 72 29 27
f 70 72 27
f 70 27 25
f 68 70 25
f 68 25 23
f 65 68 23
f 65 23 20
f 21 65 20
f 86 65 21
f 67 65 86
f 87 67 86
f 84 85 87
f 86 84 87
f 82 83 85
f 84 82 85
f 80 81 83
f 82 80 83
f 77 78 81
f 80 77 81
f 78 77 79
f 74 75 76
f 72 73 75
f 74 72 75
f 70 71 73
f 72 70 73
f 68 69 71
f 70 68 71
f 65 66 69
f 68 65 69
f 66 65 67
f 58 59 64
f 58 64 63
f 57 58 63
f 57 63 62
f 56 57 62
f 56 62 61
f 55 56 61
f 54 55 61
f 48 49 60
f 48 58 47
f 48 59 58
f 60 59 48
f 58 57 47
f 57 18 47
f 47 18 15
f 57 56 17
f 57 17 18
f 55 46 56
f 46 12 56
f 56 12 17
f 55 45 46
f 55 53 45
f 54 53 55
f 45 53 52
f 44 45 52
f 44 52 51
f 43 44 51
f 43 51 50
f 40 43 50
f 42 40 50
f 49 48 37
f 39 49 37
f 48 47 37
f 47 16 37
f 37 16 10
f 15 16 47
f 46 11 12
f 45 36 46
f 36 3 46
f 46 3 11
f 34 45 44
f 34 36 45
f 31 44 43
f 31 34 44
f 40 31 43
f 40 33 31
f 41 33 40
f 41 40 42
f 37 38 39
f 30 9 28
f 38 9 30
f 10 9 38
f 37 10 38
f 26 28 9
f 26 9 7
f 24 26 7
f 24 7 5
f 22 24 5
f 22 5 2
f 19 22 36
f 22 2 36
f 36 2 3
f 34 19 36
f 34 21 19
f 35 21 34
f 31 32 35
f 34 31 35
f 32 31 33
f 28 29 30
f 26 27 29
f 28 26 29
f 24 25 27
f 26 24 27
f 22 23 25
f 24 22 25
f 19 20 23
f 22 19 23
f 20 19 21
f 14 15 18
f 14 18 17
f 13 14 17
f 12 13 17
f 8 10 16
f 8 14 6
f 8 15 14
f 16 15 8
f 4 14 13
f 4 6 14
f 13 1 4
f 13 11 1
f 12 11 13
f 3 1 11
f 8 9 10
f 6 7 9
f 8 6 9
f 4 5 7
f 6 4 7
f 1 2 5
f 4 1 5
f 2 1 3

