# https://github.com/mikedh/trimesh
v 0.05487559 0.05964735 -0.01475460
v 0.05339493 0.05974687 -0.01481448
v 0.05469644 0.05896235 -0.01583845
v 0.05506866 0.06056427 -0.01288908
v 0.05298675 0.06028318 -0.01289166
v 0.05482171 0.06052504 -0.01085028
v 0.05341437 0.06045193 -0.01087468
v 0.05450333 0.06032798 -0.00879346
v 0.05688677 0.05925947 -0.01462429
v 0.05653138 0.05806376 -0.01613732
v 0.05706074 0.06013487 -0.01275124
v 0.05686813 0.06021371 -0.01073384
v 0.05451242 0.06032584 -0.00878218
v 0.05652760 0.05997112 -0.00865818
v 0.05632018 0.06001776 -0.00663494
v 0.05573708 0.06014407 -0.00667541
v 0.05625435 0.06002288 -0.00603064
v 0.05854650 0.05810787 -0.01435556
v 0.05833419 0.05739239 -0.01526398
v 0.05863144 0.05878982 -0.01244746
v 0.05848209 0.05896265 -0.01044709
v 0.05822639 0.05890440 -0.00840484
v 0.05811995 0.05890746 -0.00744810
v 0.05703570 0.05957297 -0.00652911
v 0.06016570 0.05686821 -0.01407087
v 0.06013314 0.05674829 -0.01424998
v 0.06016056 0.05735442 -0.01212730
v 0.06003254 0.05745972 -0.01057987
v 0.05980944 0.05763953 -0.01015422
v 0.05869120 0.05848812 -0.00831140
v 0.06031107 0.05670531 -0.01403531
v 0.06050045 0.05697884 -0.01204518
v 0.04860280 0.05929640 -0.01893445
v 0.04766762 0.05939645 -0.01897947
v 0.04852369 0.05875463 -0.02034713
v 0.04844308 0.05944670 -0.01692999
v 0.04839101 0.05943513 -0.01692918
v 0.04842607 0.05944503 -0.01678551
v 0.05050001 0.05866085 -0.01875924
v 0.05034528 0.05795047 -0.02015884
v 0.05062638 0.05943282 -0.01686746
v 0.04901331 0.05951826 -0.01489027
v 0.05056414 0.05979496 -0.01490139
v 0.05040747 0.05995188 -0.01289814
v 0.04953483 0.05964572 -0.01286271
v 0.05012118 0.05982715 -0.01084384
v 0.05001886 0.05978966 -0.01083938
v 0.05008462 0.05979384 -0.01064932
v 0.05231447 0.05784548 -0.01855145
v 0.05216183 0.05718189 -0.01978704
v 0.05263190 0.05903264 -0.01673491
v 0.05275513 0.05979779 -0.01484189
v 0.05274025 0.06026283 -0.01289447
v 0.05258754 0.06042836 -0.01089278
v 0.05066574 0.05986198 -0.00879770
v 0.05226514 0.06022516 -0.00882426
v 0.05200200 0.06015074 -0.00677908
v 0.05118330 0.05999118 -0.00677059
v 0.05175786 0.06003878 -0.00504897
v 0.05424066 0.05727291 -0.01838767
v 0.05399572 0.05629072 -0.02004758
v 0.05460371 0.05855919 -0.01658909
v 0.05450200 0.06032767 -0.00878282
v 0.05427894 0.06034033 -0.00675342
v 0.05189467 0.06003514 -0.00472165
v 0.05400244 0.06023688 -0.00470298
v 0.05368722 0.06004928 -0.00263729
v 0.05286530 0.05996509 -0.00264349
v 0.05348035 0.05993537 -0.00124568
v 0.05608300 0.05651813 -0.01819086
v 0.05581496 0.05550320 -0.01977351
v 0.05649182 0.05790387 -0.01641030
v 0.05605602 0.05994111 -0.00458935
v 0.05575522 0.05978486 -0.00252934
v 0.05403364 0.05980809 -0.00054307
v 0.05543998 0.05959721 -0.00046364
v 0.05530690 0.05980541 0.00153032
v 0.05450989 0.05995545 0.00147939
v 0.05519790 0.05986698 0.00273827
v 0.05774616 0.05537399 -0.01792348
v 0.05761167 0.05487489 -0.01867801
v 0.05818717 0.05682968 -0.01615561
v 0.05799534 0.05889971 -0.00637229
v 0.05773923 0.05884055 -0.00432988
v 0.05751346 0.05884733 -0.00229941
v 0.05727755 0.05883207 -0.00026496
v 0.05715799 0.05906963 0.00172368
v 0.05700588 0.05915898 0.00342261
v 0.05939696 0.05423816 -0.01765806
v 0.05941024 0.05423353 -0.01764991
v 0.05982330 0.05562680 -0.01587759
v 0.05998732 0.05747533 -0.01011752
v 0.05979653 0.05755813 -0.00810083
v 0.05957442 0.05757286 -0.00607181
v 0.05932492 0.05752806 -0.00403200
v 0.05915053 0.05764648 -0.00202176
v 0.05902402 0.05786896 -0.00003039
v 0.05888327 0.05796023 0.00157526
v 0.05851642 0.05819347 0.00193076
v 0.06132902 0.05414055 -0.01554821
v 0.06119359 0.05369980 -0.01606656
v 0.06152363 0.05506080 -0.01368330
v 0.06152973 0.05557143 -0.01174414
v 0.06138414 0.05575245 -0.00974526
v 0.06122196 0.05589740 -0.00773984
v 0.06109168 0.05611168 -0.00574698
v 0.06091857 0.05623288 -0.00373725
v 0.06082119 0.05633338 -0.00248051
v 0.06044893 0.05662999 -0.00178913
v 0.05968565 0.05732247 0.00009368
v 0.06179997 0.05353819 -0.01541854
v 0.06254186 0.05356873 -0.01336616
v 0.06249913 0.05394432 -0.01140217
v 0.06235917 0.05436268 -0.00944913
v 0.06217488 0.05480053 -0.00750109
v 0.06187516 0.05528915 -0.00556606
v 0.06125797 0.05591739 -0.00366679
v 0.04604067 0.05798971 -0.02078935
v 0.04536338 0.05789747 -0.02079003
v 0.04589815 0.05761727 -0.02097817
v 0.04644747 0.05937106 -0.01900800
v 0.04434454 0.05870233 -0.01893601
v 0.04579074 0.05837686 -0.01705960
v 0.04832554 0.05819654 -0.02076681
v 0.04772828 0.05675268 -0.02110160
v 0.04595154 0.05835242 -0.01678617
v 0.04806221 0.05911645 -0.01483845
v 0.04688476 0.05829882 -0.01471223
v 0.04750578 0.05832619 -0.01298426
v 0.05022898 0.05757454 -0.02059406
v 0.04957540 0.05576799 -0.02184467
v 0.04757711 0.05835115 -0.01266543
v 0.04783025 0.05859663 -0.01066811
v 0.04980347 0.05963415 -0.00877717
v 0.04812016 0.05882594 -0.00866664
v 0.04949073 0.05945193 -0.00671245
v 0.04846217 0.05903234 -0.00665931
v 0.04910592 0.05908809 -0.00471702
v 0.05200446 0.05667447 -0.02037092
v 0.05140006 0.05494208 -0.02176861
v 0.05171152 0.06001690 -0.00472313
v 0.04913505 0.05909323 -0.00461471
v 0.05140042 0.05983824 -0.00265906
v 0.04960853 0.05924181 -0.00259256
v 0.05115801 0.05980885 -0.00062204
v 0.04985632 0.05948965 -0.00059584
v 0.05102763 0.06002292 0.00137086
v 0.05000481 0.05978115 0.00138969
v 0.05084089 0.06011452 0.00338595
v 0.05024563 0.06003205 0.00338562
v 0.05067891 0.06004197 0.00454054
v 0.05328223 0.05419550 -0.02189333
v 0.05276692 0.05428476 -0.02192476
v 0.05323305 0.05405729 -0.02199625
v 0.05393506 0.05611148 -0.02020887
v 0.05339333 0.05990803 -0.00057999
v 0.05327988 0.06015887 0.00140624
v 0.05312425 0.06031806 0.00340908
v 0.05099240 0.06006045 0.00543855
v 0.05292528 0.06038307 0.00542899
v 0.05272077 0.06043606 0.00745108
v 0.05142489 0.06022706 0.00745608
v 0.05246877 0.06038583 0.00949188
v 0.05197696 0.06034108 0.00948707
v 0.05234510 0.06033675 0.01039801
v 0.05424926 0.05363286 -0.02175776
v 0.05504963 0.05328849 -0.02162555
v 0.05573292 0.05526004 -0.01999454
v 0.05511780 0.05989185 0.00354634
v 0.05495527 0.06003605 0.00555190
v 0.05479704 0.06018960 0.00755577
v 0.05451680 0.06007801 0.00960769
v 0.05324834 0.06013876 0.01159911
v 0.05426661 0.06003173 0.01164777
v 0.05410145 0.05999398 0.01296651
v 0.05731176 0.05393267 -0.01969397
v 0.05686203 0.05254929 -0.02110215
v 0.05697274 0.05916447 0.00373819
v 0.05674620 0.05916957 0.00576896
v 0.05658498 0.05931660 0.00777400
v 0.05626949 0.05912842 0.00983980
v 0.05607083 0.05919411 0.01185959
v 0.05592878 0.05914916 0.01294502
v 0.05890770 0.05264247 -0.01940012
v 0.05866674 0.05186444 -0.02029838
v 0.05940892 0.05422898 -0.01765595
v 0.05884287 0.05797269 0.00198250
v 0.05867375 0.05810256 0.00399066
v 0.05847432 0.05816657 0.00601075
v 0.05825216 0.05818121 0.00803979
v 0.05795963 0.05804292 0.01009655
v 0.05778551 0.05809650 0.01185134
v 0.05753332 0.05825433 0.01208185
v 0.06013580 0.05140091 -0.01912579
v 0.06045471 0.05129804 -0.01888358
v 0.06085991 0.05262379 -0.01730502
v 0.06075710 0.05637939 -0.00173211
v 0.06059622 0.05652717 0.00027280
v 0.06038688 0.05656964 0.00229680
v 0.06015477 0.05656263 0.00432976
v 0.06001094 0.05674747 0.00632796
v 0.05979877 0.05678379 0.00835307
v 0.05968227 0.05676067 0.00929688
v 0.05880464 0.05733842 0.01025627
v 0.06225736 0.05090227 -0.01693301
v 0.06223173 0.05080906 -0.01706935
v 0.06260760 0.05216073 -0.01512939
v 0.06281017 0.05309828 -0.01326761
v 0.06274177 0.05344701 -0.01129912
v 0.06268193 0.05381435 -0.00933400
v 0.06262128 0.05417994 -0.00736856
v 0.06252668 0.05447175 -0.00538975
v 0.06241921 0.05473559 -0.00340587
v 0.06229265 0.05495795 -0.00141448
v 0.06211622 0.05507193 0.00059656
v 0.06191680 0.05513596 0.00261665
v 0.06172618 0.05521913 0.00463327
v 0.06158990 0.05534801 0.00634603
v 0.06145800 0.05545792 0.00661759
v 0.06035923 0.05629794 0.00846261
v 0.06241123 0.05075703 -0.01690064
v 0.06397068 0.05042803 -0.01475615
v 0.06399261 0.05043417 -0.01466656
v 0.06405466 0.05104436 -0.01283535
v 0.06402549 0.05147834 -0.01088231
v 0.06394706 0.05180529 -0.00890987
v 0.06392215 0.05224855 -0.00695851
v 0.06383750 0.05256197 -0.00498362
v 0.06374950 0.05286812 -0.00300741
v 0.06362704 0.05309939 -0.00101763
v 0.06361221 0.05312432 -0.00078870
v 0.06325018 0.05359934 0.00091309
v 0.06283816 0.05413735 0.00283548
v 0.06207018 0.05483190 0.00471776
v 0.06439082 0.05060007 -0.01274002
v 0.06431521 0.05099013 -0.01077973
v 0.06427372 0.05136518 -0.00881560
v 0.06428958 0.05171501 -0.00684502
v 0.06414125 0.05213705 -0.00489293
v 0.06395288 0.05257670 -0.00294535
v 0.06364803 0.05306757 -0.00101089
v 0.04383889 0.05846080 -0.01890305
v 0.04285362 0.05720249 -0.01868614
v 0.04323138 0.05677156 -0.02010469
v 0.04316146 0.05726604 -0.01755379
v 0.04558153 0.05699199 -0.02060853
v 0.04505751 0.05593522 -0.02008240
v 0.04568937 0.05822107 -0.01676789
v 0.04378499 0.05714970 -0.01661241
v 0.04506540 0.05736257 -0.01458061
v 0.04474417 0.05708468 -0.01453555
v 0.04488409 0.05716167 -0.01375543
v 0.04717841 0.05570383 -0.02031506
v 0.04688038 0.05512204 -0.01994069
v 0.04743661 0.05825439 -0.01265052
v 0.04524867 0.05721962 -0.01250991
v 0.04714974 0.05812840 -0.01059600
v 0.04575520 0.05735367 -0.01048404
v 0.04683135 0.05793392 -0.00852906
v 0.04610695 0.05755578 -0.00847562
v 0.04651725 0.05769004 -0.00669294
v 0.04735348 0.05486675 -0.02014799
v 0.04873612 0.05407632 -0.02099855
v 0.04655507 0.05771552 -0.00645633
v 0.04908424 0.05906600 -0.00461082
v 0.04682083 0.05795545 -0.00445759
v 0.04879027 0.05892458 -0.00255350
v 0.04692207 0.05826773 -0.00247738
v 0.04862687 0.05906689 -0.00054760
v 0.04706879 0.05856002 -0.00049205
v 0.04843401 0.05914517 0.00146991
v 0.04745488 0.05874703 0.00152025
v 0.04822711 0.05919295 0.00349295
v 0.04778119 0.05896034 0.00352581
v 0.04803447 0.05903831 0.00459922
v 0.05078476 0.05352668 -0.02183214
v 0.05029791 0.05321505 -0.02178508
v 0.05058830 0.05305580 -0.02192644
v 0.05056610 0.06001476 0.00543572
v 0.04817479 0.05914405 0.00553896
v 0.05035668 0.06005708 0.00745975
v 0.04838320 0.05940920 0.00753124
v 0.05008477 0.05996358 0.00950838
v 0.04885982 0.05955640 0.00955374
v 0.04968179 0.05958528 0.01160864
v 0.04963501 0.05957230 0.01160987
v 0.04966696 0.05957143 0.01168620
v 0.05243414 0.05208008 -0.02262316
v 0.05215497 0.06020132 0.01155701
v 0.05071480 0.05945424 0.01370032
v 0.05169754 0.05970470 0.01367871
v 0.05140395 0.05936553 0.01496079
v 0.05500831 0.05318809 -0.02165074
v 0.05425801 0.05125977 -0.02251820
v 0.05397875 0.05990357 0.01370268
v 0.05219678 0.05915931 0.01583608
v 0.05347423 0.05930463 0.01584292
v 0.05317278 0.05893448 0.01707385
v 0.05654228 0.05176321 -0.02133249
v 0.05606742 0.05054171 -0.02188579
v 0.05576665 0.05903048 0.01392094
v 0.05534677 0.05861547 0.01602784
v 0.05498712 0.05818155 0.01752641
v 0.05810246 0.05039529 -0.02102456
v 0.05787970 0.04980339 -0.02135783
v 0.05775807 0.05810230 0.01211748
v 0.05746032 0.05795265 0.01417629
v 0.05705866 0.05757722 0.01627603
v 0.05681336 0.05734445 0.01754475
v 0.05882988 0.04946289 -0.02082388
v 0.06037736 0.05107785 -0.01905654
v 0.05968116 0.04914157 -0.02043526
v 0.05954988 0.05674034 0.01039264
v 0.05933704 0.05677520 0.01241801
v 0.05901174 0.05656570 0.01448767
v 0.05866845 0.05630338 0.01651084
v 0.05858218 0.05635116 0.01655545
v 0.06179039 0.04939018 -0.01869067
v 0.06148647 0.04845251 -0.01965323
v 0.06156222 0.05536021 0.00663939
v 0.06136821 0.05543600 0.00865735
v 0.06110744 0.05536673 0.01070159
v 0.06087463 0.05535821 0.01273483
v 0.06061298 0.05528701 0.01477943
v 0.06052984 0.05521770 0.01524683
v 0.06335855 0.04803960 -0.01838588
v 0.06328564 0.04780684 -0.01864731
v 0.06378414 0.04946178 -0.01661193
v 0.06398993 0.05040633 -0.01475142
v 0.06347980 0.05327681 0.00098191
v 0.06335294 0.05349852 0.00297342
v 0.06312975 0.05351089 0.00500287
v 0.06293959 0.05359506 0.00701931
v 0.06272487 0.05362584 0.00904543
v 0.06247193 0.05357358 0.01108659
v 0.06247005 0.05357466 0.01110756
v 0.06188569 0.05418474 0.01299002
v 0.06093302 0.05496051 0.01485149
v 0.06377729 0.04764395 -0.01829771
v 0.06507001 0.04726588 -0.01710127
v 0.06521697 0.04781713 -0.01625385
v 0.06535147 0.04860678 -0.01436526
v 0.06538852 0.04918465 -0.01243830
v 0.06534824 0.04959450 -0.01048088
v 0.06532931 0.05005073 -0.00853187
v 0.06521999 0.05031056 -0.00654727
v 0.06513310 0.05061913 -0.00457150
v 0.06498480 0.05079423 -0.00257154
v 0.06482553 0.05094552 -0.00056726
v 0.06474831 0.05127509 0.00140470
v 0.06465492 0.05156953 0.00338303
v 0.06447704 0.05168038 0.00539464
v 0.06444219 0.05170579 0.00580320
v 0.06395113 0.05220599 0.00731630
v 0.06323285 0.05287868 0.00920418
v 0.06247528 0.05356865 0.01108764
v 0.06583854 0.04709426 -0.01609669
v 0.06655678 0.04713521 -0.01404697
v 0.06666701 0.04744354 -0.01206575
v 0.06627729 0.04797174 -0.01014085
v 0.06617189 0.04837489 -0.00818392
v 0.06612015 0.04875445 -0.00622095
v 0.06589401 0.04921071 -0.00427763
v 0.06547498 0.04975180 -0.00235603
v 0.06513001 0.05026031 -0.00042609
v 0.06505421 0.05065046 0.00153417
v 0.06496844 0.05104499 0.00349331
v 0.06452610 0.05159632 0.00541228
v 0.04211778 0.05537056 -0.01835120
v 0.04238054 0.05516160 -0.01883702
v 0.04234337 0.05542445 -0.01748102
v 0.04419106 0.05443569 -0.01824508
v 0.04348529 0.05512597 -0.01622834
v 0.04382554 0.05533314 -0.01422120
v 0.04403694 0.05552559 -0.01262250
v 0.04603254 0.05349086 -0.01878244
v 0.04407627 0.05557969 -0.01222416
v 0.04443632 0.05577815 -0.01021479
v 0.04472134 0.05600961 -0.00821388
v 0.04645994 0.05762422 -0.00644124
v 0.04469097 0.05637978 -0.00624850
v 0.04610597 0.05735241 -0.00436028
v 0.04481121 0.05668370 -0.00426615
v 0.04591215 0.05742860 -0.00234240
v 0.04492491 0.05699051 -0.00228454
v 0.04560804 0.05726516 -0.00028109
v 0.04539782 0.05713934 -0.00026246
v 0.04551446 0.05715470 0.00011843
v 0.04743581 0.05267501 -0.01972088
v 0.04789216 0.05241772 -0.01998181
v 0.04579467 0.05732162 0.00175105
v 0.04603948 0.05757077 0.00374743
v 0.04786537 0.05890426 0.00557696
v 0.04620026 0.05785687 0.00573435
v 0.04755483 0.05872684 0.00764080
v 0.04652237 0.05807202 0.00773944
v 0.04707796 0.05817564 0.00972200
v 0.05032559 0.05252891 -0.02165132
v 0.04975320 0.05133452 -0.02123304
v 0.04708666 0.05818067 0.00977181
v 0.04741860 0.05839149 0.01177801
v 0.04914618 0.05891877 0.01376112
v 0.04800810 0.05848905 0.01381322
v 0.04875228 0.05841293 0.01528286
v 0.05007876 0.05115590 -0.02139193
v 0.05161567 0.05024122 -0.02253632
v 0.05116273 0.05903992 0.01583088
v 0.04911895 0.05835733 0.01590717
v 0.05050442 0.05809990 0.01800475
v 0.05344545 0.04937913 -0.02264689
v 0.05289404 0.05854124 0.01801297
v 0.05053741 0.05809034 0.01803578
v 0.05229265 0.05753165 0.01941006
v 0.05526164 0.04861310 -0.02226191
v 0.05478842 0.05789955 0.01818928
v 0.05410897 0.05676472 0.01979039
v 0.05708010 0.04783110 -0.02195935
v 0.05660688 0.05709287 0.01839550
v 0.05593169 0.05595252 0.01993720
v 0.05945271 0.04857121 -0.02063396
v 0.05889107 0.04710198 -0.02138394
v 0.05865621 0.05629052 0.01656924
v 0.05812625 0.05563629 0.01871949
v 0.05776911 0.05503637 0.01954772
v 0.06100750 0.04719158 -0.02032391
v 0.06070149 0.04637677 -0.02078838
v 0.06012510 0.05472423 0.01691311
v 0.05961373 0.05406933 0.01889575
v 0.05937507 0.05420375 0.01903142
v 0.06256616 0.04582036 -0.02001538
v 0.06251127 0.04565614 -0.02016917
v 0.06223779 0.05356217 0.01312035
v 0.06188084 0.05328388 0.01520248
v 0.06150071 0.05280270 0.01669827
v 0.06110777 0.05308494 0.01725782
v 0.06292791 0.04550515 -0.01994436
v 0.06482728 0.04647295 -0.01804193
v 0.06431597 0.04497138 -0.01936496
v 0.06427692 0.05174289 0.00741500
v 0.06401530 0.05167177 0.00945958
v 0.06370764 0.05150060 0.01152230
v 0.06346731 0.05147572 0.01355850
v 0.06340097 0.05144220 0.01401649
v 0.06254836 0.05209459 0.01545131
v 0.06620948 0.04471829 -0.01766392
v 0.06610385 0.04440560 -0.01794694
v 0.06659181 0.04604647 -0.01587293
v 0.06674643 0.04687984 -0.01399227
v 0.06673180 0.04734543 -0.01204495
v 0.06653505 0.04741526 -0.01002592
v 0.06645691 0.04774283 -0.00805359
v 0.06638100 0.04807526 -0.00608214
v 0.06622140 0.04822582 -0.00407774
v 0.06601407 0.04827266 -0.00205453
v 0.06589302 0.04850699 -0.00006531
v 0.06586532 0.04894418 0.00188715
v 0.06580221 0.04930441 0.00385356
v 0.06563625 0.04944116 0.00586047
v 0.06543386 0.04949873 0.00788173
v 0.06537982 0.04952583 0.00846717
v 0.06496819 0.04995999 0.00981752
v 0.06419160 0.05065832 0.01169883
v 0.06359809 0.05127614 0.01360077
v 0.06645187 0.04431220 -0.01757855
v 0.06786410 0.04403518 -0.01552108
v 0.06787864 0.04408457 -0.01545735
v 0.06797853 0.04479900 -0.01355514
v 0.06791458 0.04515742 -0.01158840
v 0.06770753 0.04520486 -0.00956531
v 0.06769612 0.04522311 -0.00939283
v 0.06745518 0.04565500 -0.00762151
v 0.06724173 0.04610568 -0.00567676
v 0.06694564 0.04659270 -0.00374131
v 0.06654856 0.04712413 -0.00181725
v 0.06634025 0.04757255 0.00012809
v 0.06632667 0.04793533 0.00209536
v 0.06626407 0.04831967 0.00405711
v 0.06599399 0.04879525 0.00599548
v 0.06551881 0.04936103 0.00791075
v 0.06791114 0.04402725 -0.01544535
v 0.06832532 0.04420192 -0.01342989
v 0.06825135 0.04459125 -0.01146942
v 0.06772061 0.04518147 -0.00956041
v 0.04203351 0.05453771 -0.01819207
v 0.04410314 0.05427684 -0.01808477
v 0.04395052 0.05444256 -0.01608311
v 0.04384543 0.05471158 -0.01410017
v 0.04551365 0.05258367 -0.01771790
v 0.04517392 0.05193590 -0.01723103
v 0.04418671 0.05266198 -0.01573148
v 0.04370910 0.05322883 -0.01381648
v 0.04341857 0.05371340 -0.01188041
v 0.04326414 0.05413812 -0.00992901
v 0.04324934 0.05450144 -0.00796188
v 0.04311082 0.05491916 -0.00600868
v 0.04299576 0.05532657 -0.00405284
v 0.04329848 0.05555025 -0.00204993
v 0.04385378 0.05566285 -0.00001857
v 0.04497596 0.05638902 0.00190939
v 0.04438217 0.05578728 0.00200976
v 0.04460518 0.05595797 0.00351789
v 0.04683051 0.05078568 -0.01937123
v 0.04706303 0.05065420 -0.01950626
v 0.04534257 0.05179685 -0.01757006
v 0.04464969 0.05602644 0.00400870
v 0.04483610 0.05630127 0.00599850
v 0.04515988 0.05651568 0.00800378
v 0.04706053 0.05815009 0.00977702
v 0.04558034 0.05668758 0.01001995
v 0.04646481 0.05735297 0.01195318
v 0.04596786 0.05687397 0.01203241
v 0.04614506 0.05715552 0.01402065
v 0.04614287 0.05715381 0.01402093
v 0.04614391 0.05715415 0.01402545
v 0.04892376 0.04957325 -0.02074588
v 0.04856996 0.05816402 0.01592960
v 0.04664864 0.05728819 0.01604671
v 0.04785970 0.05709816 0.01807338
v 0.04955346 0.04923139 -0.02103327
v 0.05078565 0.04848403 -0.02202816
v 0.05049425 0.05808468 0.01803569
v 0.04792078 0.05708554 0.01815883
v 0.04963790 0.05660087 0.01984472
v 0.05262692 0.04754067 -0.02255800
v 0.05153861 0.05609328 0.02048830
v 0.05119028 0.05600450 0.02049597
v 0.05144438 0.05590349 0.02058384
v 0.05462580 0.04710132 -0.02251930
v 0.05316258 0.04728737 -0.02259547
v 0.05445596 0.04668379 -0.02264171
v 0.05354764 0.05570071 0.02061947
v 0.05326081 0.05513585 0.02096051
v 0.05661429 0.04666414 -0.02238005
v 0.05628699 0.04581285 -0.02279790
v 0.05523285 0.05460448 0.02087816
v 0.05508478 0.05431480 0.02106169
v 0.05787343 0.04521565 -0.02206476
v 0.05809167 0.04512827 -0.02199274
v 0.05691604 0.05344220 0.02089686
v 0.05563326 0.05405058 0.02099651
v 0.05990458 0.04438549 -0.02148786
v 0.05954769 0.05396688 0.01908206
v 0.05875059 0.05254640 0.02061240
v 0.06171786 0.04364003 -0.02099672
v 0.06128395 0.05248422 0.01737909
v 0.06061440 0.05144359 0.01926004
v 0.06037320 0.05160926 0.01956170
v 0.06407048 0.04433107 -0.01968545
v 0.06353095 0.04289593 -0.02049859
v 0.06309972 0.05117432 0.01564481
v 0.06248644 0.05028262 0.01760761
v 0.06222612 0.05043758 0.01780165
v 0.06547795 0.04263132 -0.01931739
v 0.06533568 0.04221100 -0.01969525
v 0.06522746 0.04954760 0.00990457
v 0.06497227 0.04949045 0.01194662
v 0.06472560 0.04945180 0.01398531
v 0.06435593 0.04913967 0.01604814
v 0.06433875 0.04915169 0.01607085
v 0.06615094 0.04193221 -0.01916342
v 0.06744902 0.04265364 -0.01722972
v 0.06712840 0.04161099 -0.01845382
v 0.06755390 0.04536839 -0.00756325
v 0.06744556 0.04563036 -0.00557903
v 0.06728179 0.04577185 -0.00357298
v 0.06704734 0.04575977 -0.00153910
v 0.06690064 0.04593837 0.00046022
v 0.06686500 0.04635828 0.00241582
v 0.06685701 0.04683831 0.00436052
v 0.06674388 0.04708984 0.00634662
v 0.06659904 0.04727248 0.00834522
v 0.06641380 0.04736733 0.01035972
v 0.06631284 0.04737854 0.01129964
v 0.06599721 0.04770873 0.01232009
v 0.06540539 0.04832580 0.01422222
v 0.06882560 0.04111276 -0.01689329
v 0.06909441 0.04196825 -0.01501379
v 0.06890853 0.04109995 -0.01675340
v 0.06915219 0.04259118 -0.01309499
v 0.06904803 0.04286223 -0.01111242
v 0.06877055 0.04275663 -0.00906159
v 0.06865344 0.04299952 -0.00707392
v 0.06862733 0.04308860 -0.00649442
v 0.06852770 0.04338461 -0.00511404
v 0.06815900 0.04390357 -0.00318678
v 0.06762617 0.04449470 -0.00127801
v 0.06733211 0.04498083 0.00065767
v 0.06734288 0.04533290 0.00262768
v 0.06748570 0.04562690 0.00461257
v 0.06735427 0.04604150 0.00656657
v 0.06702055 0.04654507 0.00849777
v 0.06656283 0.04710317 0.01041501
v 0.06962866 0.04111640 -0.01483402
v 0.06987799 0.04136356 -0.01283713
v 0.06960760 0.04183928 -0.01089879
v 0.06890144 0.04250664 -0.00900954
v 0.06867143 0.04296460 -0.00706665
v 0.04233283 0.05241945 -0.00962138
v 0.04232056 0.05239755 -0.00961747
v 0.04232251 0.05239588 -0.00962172
v 0.04275593 0.05383622 -0.00784645
v 0.04203074 0.05288181 -0.00768132
v 0.04278025 0.05438644 -0.00591447
v 0.04209073 0.05321223 -0.00570576
v 0.04293033 0.05520993 -0.00403202
v 0.04206845 0.05357884 -0.00373947
v 0.04214544 0.05364807 -0.00316196
v 0.04444084 0.05025247 -0.01729541
v 0.04431525 0.05009310 -0.01726796
v 0.04436038 0.05006213 -0.01732423
v 0.04384692 0.05065587 -0.01535192
v 0.04324297 0.05127828 -0.01345116
v 0.04276876 0.05184363 -0.01153578
v 0.04236289 0.05380616 -0.00173750
v 0.04286149 0.05394369 0.00028748
v 0.04341644 0.05405645 0.00231880
v 0.04377423 0.05420739 0.00406017
v 0.04603877 0.04897833 -0.01904259
v 0.04623985 0.04884865 -0.01924753
v 0.04380371 0.05424294 0.00433123
v 0.04392183 0.05454780 0.00631334
v 0.04408713 0.05483192 0.00830076
v 0.04430106 0.05509464 0.01029367
v 0.04453504 0.05534855 0.01228883
v 0.04445407 0.05574096 0.01424851
v 0.04570753 0.05670215 0.01613451
v 0.04476195 0.05596237 0.01625199
v 0.04523267 0.05597134 0.01749677
v 0.04809373 0.04781613 -0.02023734
v 0.04781669 0.05702454 0.01816780
v 0.04574820 0.05588545 0.01833191
v 0.04700089 0.05554457 0.01963191
v 0.04983871 0.04695040 -0.02058330
v 0.04993112 0.04690014 -0.02062595
v 0.04883253 0.05497114 0.02063165
v 0.04875155 0.05492146 0.02063906
v 0.04879947 0.05490309 0.02065938
v 0.05177937 0.04590745 -0.02141026
v 0.05060402 0.05421939 0.02146909
v 0.05400643 0.04575545 -0.02227539
v 0.05362155 0.04495763 -0.02197340
v 0.05241759 0.05347193 0.02194989
v 0.05402612 0.04475207 -0.02208035
v 0.05545896 0.04404159 -0.02236228
v 0.05424222 0.05264622 0.02202701
v 0.05802093 0.04496257 -0.02201165
v 0.05728445 0.04320978 -0.02231664
v 0.05656374 0.05273831 0.02127639
v 0.05607492 0.05176351 0.02181007
v 0.05962176 0.04368299 -0.02171974
v 0.05911181 0.04236477 -0.02233910
v 0.05790839 0.05087532 0.02156485
v 0.05750614 0.05107139 0.02162534
v 0.06127967 0.04252744 -0.02145029
v 0.06092579 0.04161443 -0.02187321
v 0.06045603 0.05118252 0.01964669
v 0.05975474 0.04989601 0.02084955
v 0.06292932 0.04135394 -0.02117760
v 0.06273797 0.04087676 -0.02134190
v 0.06237769 0.05010274 0.01787071
v 0.06161439 0.04882267 0.01964919
v 0.06108586 0.04914031 0.02005983
v 0.06444051 0.04017207 -0.02090708
v 0.06455204 0.04012580 -0.02087920
v 0.06434865 0.04913007 0.01607532
v 0.06348043 0.04770408 0.01821544
v 0.06331041 0.04780520 0.01834164
v 0.06689289 0.04094778 -0.01895226
v 0.06635484 0.03945450 -0.02000553
v 0.06616473 0.04732347 0.01239936
v 0.06587208 0.04718491 0.01445616
v 0.06535440 0.04652949 0.01649275
v 0.06527997 0.04658223 0.01659473
v 0.06823172 0.03909889 -0.01855716
v 0.06814912 0.03884343 -0.01882112
v 0.06888474 0.04101527 -0.01687277
v 0.06856505 0.04330483 -0.00509755
v 0.06839266 0.04342758 -0.00308811
v 0.06815831 0.04341571 -0.00105426
v 0.06797165 0.04350748 0.00096080
v 0.06787696 0.04379910 0.00293964
v 0.06791404 0.04437704 0.00486659
v 0.06791577 0.04487818 0.00680746
v 0.06771263 0.04493413 0.00882902
v 0.06748953 0.04494671 0.01085843
v 0.06729631 0.04487438 0.01229114
v 0.06710879 0.04506434 0.01286316
v 0.06637924 0.04574199 0.01474977
v 0.06858315 0.03870704 -0.01847157
v 0.06992972 0.03832911 -0.01713762
v 0.07008545 0.03886621 -0.01642328
v 0.07029691 0.03982309 -0.01456500
v 0.07034624 0.04042767 -0.01264288
v 0.07016979 0.04054161 -0.01063183
v 0.06984407 0.04033120 -0.00856201
v 0.06971017 0.04053760 -0.00656772
v 0.06958832 0.04074344 -0.00468268
v 0.06957771 0.04076730 -0.00457791
v 0.06934638 0.04122585 -0.00263517
v 0.06902474 0.04172410 -0.00070261
v 0.06864146 0.04224947 0.00122302
v 0.06838774 0.04271785 0.00316323
v 0.06846999 0.04303849 0.00514130
v 0.06848062 0.04339062 0.00711130
v 0.06815686 0.04388981 0.00904363
v 0.06777345 0.04441523 0.01096924
v 0.07045472 0.03824077 -0.01629192
v 0.07108106 0.03832213 -0.01425256
v 0.07124919 0.03860500 -0.01226481
v 0.07084018 0.03914168 -0.01034209
v 0.07004247 0.03984930 -0.00846316
v 0.06978218 0.04032058 -0.00652368
v 0.04232023 0.05239207 -0.00961642
v 0.04191238 0.05200317 -0.00751425
v 0.04193011 0.05253908 -0.00557968
v 0.04191688 0.05300771 -0.00363291
v 0.04433628 0.05002526 -0.01725423
v 0.04390141 0.04957767 -0.01514142
v 0.04342810 0.04902815 -0.01308519
v 0.04341337 0.04904781 -0.01301412
v 0.04247165 0.04981877 -0.01115142
v 0.04193103 0.05041333 -0.00924352
v 0.04168134 0.05087994 -0.00730285
v 0.04159967 0.05127267 -0.00534325
v 0.04162064 0.05162025 -0.00337208
v 0.04208963 0.05177080 -0.00135044
v 0.04281128 0.05181025 0.00069966
v 0.04297870 0.05209342 0.00268732
v 0.04299368 0.05210031 0.00276333
v 0.04530648 0.04714485 -0.01870725
v 0.04541252 0.04707244 -0.01883754
v 0.04412507 0.04802121 -0.01687155
v 0.04372695 0.04855310 -0.01494760
v 0.04314517 0.05237702 0.00467488
v 0.04324096 0.05269171 0.00665447
v 0.04324912 0.05304492 0.00862419
v 0.04331366 0.05337335 0.01060026
v 0.04349581 0.05365005 0.01258959
v 0.04365316 0.05393766 0.01457612
v 0.04396445 0.05415757 0.01657999
v 0.04440268 0.05421393 0.01800380
v 0.04726475 0.04605158 -0.01976715
v 0.04466060 0.05420822 0.01862722
v 0.04616367 0.05383829 0.02040272
v 0.04898147 0.04517187 -0.02026204
v 0.04910640 0.04510549 -0.02031103
v 0.04711664 0.05348492 0.02087271
v 0.04796631 0.05316814 0.02128230
v 0.05094315 0.04419411 -0.02067589
v 0.04976780 0.05250607 0.02220357
v 0.05278395 0.04325408 -0.02118852
v 0.05157923 0.05177376 0.02276252
v 0.05494123 0.04302857 -0.02172118
v 0.05461565 0.04237841 -0.02136918
v 0.05340584 0.05093408 0.02276756
v 0.05552656 0.04193668 -0.02149347
v 0.05644940 0.04148820 -0.02162480
v 0.05524015 0.05003994 0.02249164
v 0.05829086 0.04054347 -0.02216169
v 0.05765324 0.05034763 0.02176967
v 0.05707534 0.04913950 0.02218325
v 0.06011822 0.03969851 -0.02218391
v 0.05891312 0.04822085 0.02178090
v 0.05774193 0.04881217 0.02206974
v 0.06193732 0.03891189 -0.02190511
v 0.06127104 0.04819536 0.02024808
v 0.06076171 0.04722570 0.02098389
v 0.06453672 0.04008864 -0.02088827
v 0.06375305 0.03814917 -0.02150308
v 0.06338926 0.04754268 0.01839469
v 0.06261840 0.04617327 0.01989144
v 0.06162985 0.04674555 0.02053895
v 0.06584880 0.03818161 -0.02048264
v 0.06555980 0.03744990 -0.02077367
v 0.06531292 0.04646724 0.01661792
v 0.06447913 0.04509229 0.01865165
v 0.06420616 0.04525574 0.01886039
v 0.06738229 0.03675571 -0.02016420
v 0.06737031 0.03672408 -0.02018128
v 0.06719894 0.04481263 0.01291442
v 0.06680266 0.04444889 0.01501204
v 0.06635499 0.04390434 0.01686005
v 0.06616777 0.04403627 0.01711258
v 0.06746830 0.03668499 -0.02014813
v 0.06959756 0.03730867 -0.01817270
v 0.06917598 0.03603248 -0.01941232
v 0.06958210 0.04075669 -0.00457573
v 0.06945245 0.04097233 -0.00258312
v 0.06929420 0.04112582 -0.00057925
v 0.06910729 0.04121704 0.00143591
v 0.06896638 0.04140823 0.00343296
v 0.06894173 0.04185203 0.00538422
v 0.06890256 0.04226428 0.00734120
v 0.06876825 0.04246980 0.00933565
v 0.06861350 0.04263090 0.01133815
v 0.06830590 0.04245987 0.01340084
v 0.06827085 0.04243348 0.01360895
v 0.06739739 0.04313870 0.01528231
v 0.07096244 0.03551636 -0.01778786
v 0.07095872 0.03550305 -0.01780679
v 0.07130650 0.03676139 -0.01598180
v 0.07145604 0.03758370 -0.01409914
v 0.07146243 0.03809497 -0.01216010
v 0.07124266 0.03811478 -0.01013200
v 0.07089792 0.03786302 -0.00805468
v 0.07078485 0.03811470 -0.00606860
v 0.07066183 0.03834475 -0.00407860
v 0.07055454 0.03860899 -0.00209479
v 0.07050095 0.03874030 -0.00110654
v 0.07038655 0.03896968 -0.00013135
v 0.06996299 0.03951276 0.00178974
v 0.06960961 0.04002497 0.00371873
v 0.06947089 0.04044279 0.00567190
v 0.06944611 0.04081050 0.00763791
v 0.06936449 0.04120320 0.00959752
v 0.06909461 0.04167869 0.01153591
v 0.06834752 0.04236405 0.01342055
v 0.07097987 0.03549749 -0.01778372
v 0.07216995 0.03533093 -0.01568085
v 0.07242973 0.03557349 -0.01368278
v 0.07229820 0.03598814 -0.01172879
v 0.07178533 0.03657050 -0.00981777
v 0.07113365 0.03721390 -0.00792239
v 0.07099881 0.03763000 -0.00596878
v 0.07079928 0.03807456 -0.00402245
v 0.07060495 0.03851683 -0.00207554
v 0.04341749 0.04902348 -0.01300929
v 0.04276663 0.04810653 -0.01081142
v 0.04250914 0.04789996 -0.00933225
v 0.04227352 0.04810719 -0.00878710
v 0.04183543 0.04865666 -0.00686765
v 0.04155823 0.04913537 -0.00493008
v 0.04169950 0.04943005 -0.00294536
v 0.04239811 0.04979261 -0.00095853
v 0.04228863 0.04945942 -0.00128736
v 0.04284669 0.05126475 0.00080637
v 0.04297915 0.05204996 0.00269576
v 0.04535700 0.04698772 -0.01867541
v 0.04459005 0.04581851 -0.01643182
v 0.04451861 0.04576710 -0.01599842
v 0.04423808 0.04617280 -0.01447218
v 0.04372307 0.04675610 -0.01256140
v 0.04296206 0.04744758 -0.01067833
v 0.04237589 0.04948940 -0.00090036
v 0.04260865 0.04974384 0.00109467
v 0.04270010 0.05006043 0.00307377
v 0.04282687 0.05036149 0.00505685
v 0.04296232 0.05065873 0.00704091
v 0.04299960 0.05099914 0.00901392
v 0.04305441 0.05133184 0.01098889
v 0.04314883 0.05164713 0.01296833
v 0.04339483 0.05189575 0.01496485
v 0.04378292 0.05251998 0.01689245
v 0.04363053 0.05204753 0.01640088
v 0.04592700 0.04471644 -0.01821951
v 0.04642491 0.04436389 -0.01890050
v 0.04462592 0.04564543 -0.01639729
v 0.04372921 0.05210550 0.01697132
v 0.04429065 0.05221540 0.01900337
v 0.04535242 0.05194845 0.02022650
v 0.04875487 0.04435755 -0.02011040
v 0.04827798 0.04333704 -0.01986104
v 0.04685585 0.05144409 0.02126117
v 0.04714653 0.05133854 0.02141684
v 0.04843089 0.04325848 -0.01990623
v 0.05012051 0.04238474 -0.02043695
v 0.04894902 0.05066947 0.02230201
v 0.05195152 0.04151396 -0.02059235
v 0.05075773 0.04995634 0.02295991
v 0.05377838 0.04067251 -0.02059644
v 0.05257760 0.04916429 0.02321066
v 0.05617166 0.04094413 -0.02128339
v 0.05560507 0.03983227 -0.02059428
v 0.05441514 0.04824731 0.02281694
v 0.05681838 0.03921305 -0.02093010
v 0.05744560 0.03889411 -0.02109728
v 0.05624845 0.04736026 0.02257759
v 0.05929371 0.03790239 -0.02187661
v 0.05807971 0.04648768 0.02241293
v 0.05764758 0.04669815 0.02247695
v 0.06111848 0.03707571 -0.02180449
v 0.05992000 0.04555123 0.02191877
v 0.06294041 0.03626911 -0.02162879
v 0.06203129 0.04508919 0.02087103
v 0.06176661 0.04457011 0.02119411
v 0.06476675 0.03543131 -0.02161407
v 0.06432882 0.04482616 0.01894703
v 0.06362318 0.04351852 0.02010596
v 0.06218538 0.04434572 0.02101937
v 0.06658480 0.03465213 -0.02129692
v 0.06625579 0.04375791 0.01716895
v 0.06548380 0.04243834 0.01887035
v 0.06484603 0.04281882 0.01935032
v 0.06893881 0.03537983 -0.01985483
v 0.06839569 0.03392364 -0.02071828
v 0.06787743 0.04202617 0.01551113
v 0.06735297 0.04129769 0.01732273
v 0.06705647 0.04148992 0.01763054
v 0.07020199 0.03336654 -0.01942994
v 0.07018776 0.03332820 -0.01945324
v 0.07044141 0.03886053 -0.00010869
v 0.07024583 0.03893290 0.00190989
v 0.07003674 0.03897593 0.00393379
v 0.06992035 0.03922038 0.00592118
v 0.06987467 0.03961849 0.00788072
v 0.06984421 0.04004967 0.00983427
v 0.06974273 0.04032654 0.01181579
v 0.06940542 0.04009093 0.01389018
v 0.06925304 0.03993846 0.01464754
v 0.06848591 0.04050448 0.01582278
v 0.07025198 0.03330527 -0.01941669
v 0.07221584 0.03348181 -0.01735911
v 0.07197843 0.03274266 -0.01813715
v 0.07250381 0.03460496 -0.01553097
v 0.07256510 0.03523551 -0.01361355
v 0.07245129 0.03548557 -0.01162718
v 0.07217457 0.03538162 -0.00957665
v 0.07195938 0.03541139 -0.00755035
v 0.07189361 0.03576585 -0.00558289
v 0.07180811 0.03607743 -0.00360767
v 0.07167476 0.03628504 -0.00161360
v 0.07151745 0.03644057 0.00038991
v 0.07144703 0.03650073 0.00124983
v 0.07124910 0.03679164 0.00235246
v 0.07086336 0.03731809 0.00427781
v 0.07061757 0.03778299 0.00621892
v 0.07054787 0.03817045 0.00817987
v 0.07046601 0.03856326 0.01013945
v 0.07026055 0.03901042 0.01208510
v 0.06959914 0.03965810 0.01397939
v 0.07287615 0.03250803 -0.01715225
v 0.07350975 0.03258620 -0.01511207
v 0.07366733 0.03287371 -0.01312552
v 0.07329260 0.03339531 -0.01119893
v 0.07273229 0.03399853 -0.00929325
v 0.07233254 0.03453114 -0.00736949
v 0.07227456 0.03491344 -0.00540722
v 0.07214770 0.03532604 -0.00345271
v 0.07187182 0.03580417 -0.00151499
v 0.07157171 0.03629296 0.00042001
v 0.04234635 0.04769063 -0.00870435
v 0.04209680 0.04764574 -0.00666453
v 0.04197468 0.04787775 -0.00467488
v 0.04194855 0.04831834 -0.00272304
v 0.04434119 0.04577512 -0.01439227
v 0.04407662 0.04569759 -0.01234652
v 0.04366271 0.04529553 -0.01024196
v 0.04350395 0.04531569 -0.00875402
v 0.04330903 0.04549627 -0.00825260
v 0.04311681 0.04593761 -0.00630546
v 0.04293789 0.04637310 -0.00435681
v 0.04233213 0.04699631 -0.00245625
v 0.04263728 0.04721891 -0.00045307
v 0.04290916 0.04745615 0.00154636
v 0.04311144 0.04772400 0.00353795
v 0.04321766 0.04830742 0.00546573
v 0.04315796 0.04776251 0.00386853
v 0.04328137 0.04894323 0.00738220
v 0.04319640 0.04925598 0.00935721
v 0.04302410 0.04937894 0.01136662
v 0.04315056 0.05015111 0.01325837
v 0.04339574 0.05118125 0.01510337
v 0.04606738 0.04377319 -0.01803282
v 0.04555067 0.04291943 -0.01677903
v 0.04534143 0.04317524 -0.01589884
v 0.04524241 0.04357559 -0.01394120
v 0.04502243 0.04402914 -0.01199718
v 0.04403020 0.04482231 -0.01014016
v 0.04329876 0.04799843 0.00552785
v 0.04342369 0.04830030 0.00751073
v 0.04325205 0.04873259 0.00946019
v 0.04302238 0.04919040 0.01140312
v 0.04317199 0.04948141 0.01338878
v 0.04337732 0.04974792 0.01538071
v 0.04365235 0.04998377 0.01738050
v 0.04468667 0.05022302 0.01940044
v 0.04456489 0.04989076 0.01918443
v 0.04795383 0.04261690 -0.01979494
v 0.04730147 0.04159964 -0.01961563
v 0.04745898 0.04150190 -0.01975497
v 0.04600586 0.04252623 -0.01779279
v 0.04477952 0.04984488 0.01947629
v 0.04693584 0.05084963 0.02137859
v 0.04633801 0.04942932 0.02114072
v 0.04930208 0.04054562 -0.02035146
v 0.04719120 0.04914109 0.02171678
v 0.04813745 0.04878176 0.02213688
v 0.05112113 0.03975942 -0.02007055
v 0.04995148 0.04803106 0.02260096
v 0.05294598 0.03893214 -0.02000155
v 0.05176884 0.04725676 0.02294327
v 0.05476163 0.03816997 -0.01959664
v 0.05359571 0.04641522 0.02293872
v 0.05720990 0.03844202 -0.02076991
v 0.05659560 0.03727824 -0.01986011
v 0.05542470 0.04555874 0.02285707
v 0.05844113 0.03635931 -0.02033244
v 0.05843501 0.03634801 -0.02032218
v 0.05725808 0.04467117 0.02261507
v 0.05644274 0.04507248 0.02275905
v 0.05846334 0.03633411 -0.02032695
v 0.06027591 0.03540726 -0.02083854
v 0.05909400 0.04376562 0.02228028
v 0.06212093 0.03443735 -0.02150536
v 0.06093352 0.04283465 0.02181438
v 0.06426136 0.03423472 -0.02179903
v 0.06309182 0.03394181 -0.02177431
v 0.06395983 0.03351079 -0.02194848
v 0.06277682 0.04187694 0.02121056
v 0.06222374 0.04217333 0.02144153
v 0.06607758 0.03342319 -0.02159194
v 0.06578382 0.03268960 -0.02184807
v 0.06507217 0.04168327 0.01957664
v 0.06463352 0.04082446 0.02011780
v 0.06774371 0.03228551 -0.02132573
v 0.06760005 0.03192329 -0.02146454
v 0.06719463 0.04103983 0.01772158
v 0.06649256 0.03975541 0.01893955
v 0.06522293 0.04049754 0.01981062
v 0.06812702 0.03172745 -0.02120705
v 0.06940644 0.03122661 -0.02072179
v 0.06884781 0.03937662 0.01605133
v 0.06836103 0.03861969 0.01741742
v 0.06768123 0.03905963 0.01811876
v 0.07169657 0.03185607 -0.01909617
v 0.07121258 0.03053169 -0.01996996
v 0.07135398 0.03658273 0.00239583
v 0.07118999 0.03672375 0.00440197
v 0.07102735 0.03686772 0.00640757
v 0.07090621 0.03710184 0.00839684
v 0.07083166 0.03743723 0.01036775
v 0.07073750 0.03772999 0.01234638
v 0.07036969 0.03742811 0.01443278
v 0.07025871 0.03727735 0.01482933
v 0.06917952 0.03804392 0.01631876
v 0.07310111 0.03014995 -0.01872695
v 0.07300880 0.02990688 -0.01885644
v 0.07357795 0.03168350 -0.01697318
v 0.07365071 0.03233897 -0.01506028
v 0.07366762 0.03287309 -0.01312539
v 0.07348015 0.03296310 -0.01111001
v 0.07322863 0.03291392 -0.00906940
v 0.07304916 0.03302129 -0.00705717
v 0.07295787 0.03332029 -0.00507966
v 0.07282686 0.03353299 -0.00308652
v 0.07266517 0.03367900 -0.00108129
v 0.07247372 0.03376037 0.00093566
v 0.07245649 0.03381281 0.00129334
v 0.07233701 0.03415768 0.00289286
v 0.07217885 0.03458404 0.00484385
v 0.07182131 0.03509808 0.00677237
v 0.07154251 0.03557750 0.00870976
v 0.07139180 0.03600059 0.01066158
v 0.07116550 0.03645692 0.01260489
v 0.07045073 0.03712806 0.01449317
v 0.07330580 0.02980675 -0.01865481
v 0.07464923 0.02957275 -0.01653466
v 0.07475407 0.02964243 -0.01588396
v 0.07483473 0.03015366 -0.01460422
v 0.07471639 0.03039388 -0.01261606
v 0.07464727 0.03039770 -0.01198767
v 0.07428783 0.03080210 -0.01066897
v 0.07376923 0.03138698 -0.00875860
v 0.07349467 0.03186453 -0.00682072
v 0.07336207 0.03227965 -0.00486686
v 0.07311662 0.03274440 -0.00292571
v 0.07280369 0.03323883 -0.00099216
v 0.07248159 0.03373729 0.00094035
v 0.07496849 0.02978915 -0.01452989
v 0.07477435 0.03023134 -0.01258296
v 0.04338275 0.04518454 -0.00819016
v 0.04329081 0.04548213 -0.00621239
v 0.04319953 0.04578116 -0.00423489
v 0.04291494 0.04566012 -0.00218127
v 0.04293187 0.04619428 -0.00024638
v 0.04303815 0.04692260 0.00165332
v 0.04313319 0.04762650 0.00355744
v 0.04544100 0.04290945 -0.01584459
v 0.04534919 0.04320732 -0.01386688
v 0.04519206 0.04336326 -0.01186345
v 0.04474487 0.04288888 -0.00974578
v 0.04450142 0.04271257 -0.00827303
v 0.04424394 0.04292958 -0.00772944
v 0.04424644 0.04328528 -0.00576035
v 0.04431795 0.04361064 -0.00378350
v 0.04405779 0.04408186 -0.00184400
v 0.04381167 0.04454691 0.00009707
v 0.04376217 0.04492548 0.00206030
v 0.04384634 0.04524527 0.00403858
v 0.04405632 0.04550974 0.00603104
v 0.04407838 0.04591695 0.00799067
v 0.04408969 0.04562429 0.00674783
v 0.04404280 0.04595586 0.00845833
v 0.04379588 0.04633789 0.00993930
v 0.04337111 0.04688150 0.01186025
v 0.04341888 0.04721730 0.01383443
v 0.04379499 0.04740870 0.01584561
v 0.04406687 0.04837881 0.01770297
v 0.04383618 0.04741708 0.01599644
v 0.04739681 0.04140648 -0.01957557
v 0.04684791 0.04071111 -0.01741786
v 0.04657951 0.04062524 -0.01537060
v 0.04648186 0.04091043 -0.01339059
v 0.04646439 0.04090850 -0.01324305
v 0.04573648 0.04155958 -0.01149889
v 0.04506790 0.04221041 -0.00960541
v 0.04414871 0.04582592 0.00801025
v 0.04449273 0.04745866 0.01789301
v 0.04574845 0.04777206 0.01990465
v 0.04556990 0.04723430 0.01939025
v 0.04852998 0.03911068 -0.01909948
v 0.04844603 0.03897247 -0.01889386
v 0.04733031 0.03978823 -0.01722574
v 0.04673866 0.04040523 -0.01532359
v 0.04651212 0.04086166 -0.01338031
v 0.04624560 0.04704459 0.02005929
v 0.04783237 0.04803962 0.02194787
v 0.04734978 0.04672507 0.02110001
v 0.04913428 0.03863808 -0.01899131
v 0.05027600 0.03810906 -0.01901121
v 0.04931175 0.04649612 0.02228762
v 0.04915010 0.04607129 0.02206407
v 0.05211230 0.03720080 -0.01935999
v 0.05019879 0.04566288 0.02247346
v 0.05095989 0.04535058 0.02268286
v 0.05392920 0.03642977 -0.01900080
v 0.05278268 0.04453791 0.02282722
v 0.05575744 0.03557856 -0.01905523
v 0.05471097 0.04395408 0.02292838
v 0.05460680 0.04371577 0.02292277
v 0.05384473 0.04405948 0.02288420
v 0.05759674 0.03464914 -0.01951314
v 0.05643671 0.04285273 0.02280732
v 0.05945179 0.03379728 -0.01980810
v 0.05943101 0.03375529 -0.01978754
v 0.05826909 0.04197227 0.02260194
v 0.05945526 0.03374235 -0.01979736
v 0.06128554 0.03271814 -0.02080123
v 0.06010601 0.04105969 0.02223091
v 0.06247125 0.03205918 -0.02142638
v 0.06313928 0.03168660 -0.02178592
v 0.06194431 0.04013730 0.02180931
v 0.06190271 0.04015897 0.02182320
v 0.06497842 0.03075826 -0.02223827
v 0.06379434 0.03913202 0.02096001
v 0.06679659 0.02997825 -0.02192542
v 0.06564134 0.03814811 0.02022104
v 0.06556178 0.03819299 0.02026663
v 0.06910583 0.03048721 -0.02093981
v 0.06860905 0.02923863 -0.02140417
v 0.06782041 0.03764145 0.01839749
v 0.06750743 0.03702923 0.01878571
v 0.07059533 0.02896570 -0.02060404
v 0.07041709 0.02853026 -0.02072172
v 0.06955796 0.03616160 0.01669401
v 0.06938004 0.03586423 0.01711252
v 0.06787799 0.03681757 0.01855877
v 0.07159299 0.02804766 -0.02039874
v 0.07222979 0.02778893 -0.02020931
v 0.07238176 0.03405792 0.00291343
v 0.07228925 0.03435425 0.00489142
v 0.07213872 0.03452453 0.00689225
v 0.07200945 0.03474101 0.00888471
v 0.07187046 0.03493634 0.01088100
v 0.07162173 0.03489323 0.01292051
v 0.07127930 0.03451071 0.01446677
v 0.07103015 0.03471771 0.01497628
v 0.06963865 0.03568646 0.01678832
v 0.07442205 0.02826217 -0.01832481
v 0.07402858 0.02714602 -0.01918922
v 0.07472628 0.02942062 -0.01650306
v 0.07444863 0.03030942 -0.01056906
v 0.07415414 0.03016685 -0.00851153
v 0.07399427 0.03031683 -0.00650702
v 0.07389873 0.03060661 -0.00452784
v 0.07379483 0.03087821 -0.00254537
v 0.07365746 0.03107708 -0.00054972
v 0.07355103 0.03134318 0.00143375
v 0.07344197 0.03160356 0.00341825
v 0.07339283 0.03164196 0.00400429
v 0.07316123 0.03199647 0.00537236
v 0.07300695 0.03242113 0.00732378
v 0.07283312 0.03285438 0.00927300
v 0.07258101 0.03332206 0.01121340
v 0.07198479 0.03394107 0.01311503
v 0.07537854 0.02673967 -0.01800346
v 0.07579541 0.02672906 -0.01700343
v 0.07593218 0.02728287 -0.01605562
v 0.07590487 0.02772090 -0.01410331
v 0.07569809 0.02776894 -0.01208032
v 0.07564912 0.02776359 -0.01166657
v 0.07516416 0.02826118 -0.01015241
v 0.07457290 0.02887800 -0.00825021
v 0.07433367 0.02934002 -0.00630836
v 0.07421735 0.02974798 -0.00435267
v 0.07403951 0.03018300 -0.00240390
v 0.07383181 0.03063115 -0.00045850
v 0.07366957 0.03105930 0.00149203
v 0.07347994 0.03149950 0.00343946
v 0.07614398 0.02675985 -0.01594843
v 0.07615891 0.02711009 -0.01397794
v 0.07573982 0.02765121 -0.01205635
v 0.04436918 0.04256987 -0.00765628
v 0.04432796 0.04297767 -0.00569849
v 0.04434960 0.04352207 -0.00376546
v 0.04423660 0.04377391 -0.00177941
v 0.04412267 0.04402371 0.00020701
v 0.04403267 0.04432552 0.00218401
v 0.04406037 0.04488308 0.00411466
v 0.04409140 0.04544787 0.00604399
v 0.04391383 0.04605676 0.00999703
v 0.04369674 0.04608239 0.01202408
v 0.04370584 0.04659954 0.01396205
v 0.04381934 0.04734355 0.01585890
v 0.04613522 0.04065455 -0.01131253
v 0.04577783 0.04037531 -0.00923023
v 0.04559994 0.04048613 -0.00721862
v 0.04544489 0.04049135 -0.00582198
v 0.04529286 0.04066958 -0.00522463
v 0.04534227 0.04100465 -0.00325026
v 0.04531172 0.04137489 -0.00128490
v 0.04528246 0.04178574 0.00067262
v 0.04531152 0.04143457 -0.00095616
v 0.04538665 0.04250951 0.00257315
v 0.04531665 0.04285478 0.00454227
v 0.04523500 0.04317473 0.00651598
v 0.04530927 0.04383348 0.00842828
v 0.04522323 0.04414391 0.01040372
v 0.04510269 0.04437934 0.01239274
v 0.04506313 0.04479075 0.01434988
v 0.04503633 0.04522988 0.01630198
v 0.04527320 0.04624199 0.01815025
v 0.04827813 0.03906079 -0.01705875
v 0.04817211 0.03932778 -0.01507544
v 0.04779217 0.03899954 -0.01298426
v 0.04743485 0.03872046 -0.01090199
v 0.04739921 0.03874851 -0.01047614
v 0.04649631 0.03942671 -0.00902665
v 0.04586368 0.04006174 -0.00712912
v 0.04530832 0.04173320 0.00068352
v 0.04572910 0.04190496 0.00269972
v 0.04560244 0.04231747 0.00465426
v 0.04547188 0.04273169 0.00660835
v 0.04595020 0.04287814 0.00863104
v 0.04601106 0.04320819 0.01060670
v 0.04569163 0.04370547 0.01253951
v 0.04616313 0.04385492 0.01456143
v 0.04630120 0.04415101 0.01654579
v 0.04674447 0.04468086 0.01849320
v 0.04664423 0.04408766 0.01706729
v 0.04708601 0.04592040 0.02030025
v 0.05023609 0.03805988 -0.01884902
v 0.04986526 0.03775142 -0.01676143
v 0.04966529 0.03781427 -0.01474113
v 0.04935570 0.03763891 -0.01267765
v 0.04924068 0.03788634 -0.01069080
v 0.04922736 0.03789791 -0.01052744
v 0.04737590 0.04403519 0.01863566
v 0.04867216 0.04460893 0.02059795
v 0.04840119 0.04374054 0.01961333
v 0.05174630 0.03658336 -0.01852141
v 0.05124380 0.03598882 -0.01638197
v 0.05120692 0.03597660 -0.01610226
v 0.05064045 0.03653380 -0.01446619
v 0.05015787 0.03710283 -0.01255175
v 0.05107751 0.03711959 -0.01049182
v 0.05106524 0.03697853 -0.01093357
v 0.05101619 0.03732545 -0.00914386
v 0.05020924 0.04319082 0.02091497
v 0.05019336 0.04314443 0.02087487
v 0.05084940 0.04507925 0.02260442
v 0.05330310 0.03520811 -0.01821216
v 0.05308060 0.03480406 -0.01781442
v 0.05136245 0.03585947 -0.01635365
v 0.05124593 0.03698114 -0.01046037
v 0.05033564 0.04309037 0.02093791
v 0.05270512 0.04435355 0.02279596
v 0.05199286 0.04249643 0.02186877
v 0.05369972 0.03447479 -0.01805913
v 0.05492393 0.03384610 -0.01841954
v 0.05380213 0.04177937 0.02250635
v 0.05676058 0.03293539 -0.01878091
v 0.05562212 0.04098649 0.02275283
v 0.05859653 0.03202969 -0.01911647
v 0.05744644 0.04016300 0.02284140
v 0.05938982 0.03161561 -0.01938690
v 0.06044188 0.03105742 -0.01979545
v 0.05928043 0.03927112 0.02257715
v 0.06232924 0.03003623 -0.02103814
v 0.06230209 0.02998015 -0.02101607
v 0.06176882 0.03976067 0.02189674
v 0.06111752 0.03835733 0.02219985
v 0.06231796 0.02997108 -0.02102582
v 0.06416589 0.02887742 -0.02236805
v 0.06296105 0.03739795 0.02158741
v 0.06123485 0.03829716 0.02216580
v 0.06599517 0.02801885 -0.02246047
v 0.06557986 0.03802830 0.02029905
v 0.06480250 0.03645333 0.02105108
v 0.06781114 0.02725442 -0.02206721
v 0.06665559 0.03542637 0.02009001
v 0.06570859 0.03597291 0.02070100
v 0.06962313 0.02651812 -0.02152887
v 0.06852430 0.03428897 0.01855919
v 0.06809903 0.03456484 0.01900151
v 0.07214444 0.02757373 -0.02029176
v 0.07142850 0.02582865 -0.02074892
v 0.07112713 0.03431585 0.01505684
v 0.07039178 0.03316023 0.01707302
v 0.07018764 0.03328951 0.01726801
v 0.07334366 0.02542145 -0.01984167
v 0.07323173 0.02515429 -0.01989100
v 0.07326743 0.03172166 0.00542854
v 0.07318104 0.03203132 0.00740412
v 0.07307335 0.03229467 0.00938808
v 0.07291998 0.03245878 0.01139003
v 0.07253161 0.03211222 0.01348453
v 0.07229523 0.03177710 0.01427453
v 0.07158620 0.03231765 0.01545676
v 0.07354228 0.02503489 -0.01976130
v 0.07567579 0.02622835 -0.01789620
v 0.07503310 0.02449310 -0.01896521
v 0.07537260 0.02755903 -0.01001058
v 0.07508409 0.02742946 -0.00795541
v 0.07498412 0.02770960 -0.00597449
v 0.07487452 0.02796880 -0.00398977
v 0.07474977 0.02819510 -0.00199909
v 0.07465993 0.02849726 -0.00002216
v 0.07458016 0.02882128 0.00195081
v 0.07445354 0.02904351 0.00394223
v 0.07436971 0.02918455 0.00523692
v 0.07427987 0.02934900 0.00591622
v 0.07403411 0.02981389 0.00785734
v 0.07382992 0.03026050 0.00980313
v 0.07339986 0.03080644 0.01172348
v 0.07266093 0.03148820 0.01360904
v 0.07644576 0.02411481 -0.01746539
v 0.07691775 0.02466633 -0.01552140
v 0.07678744 0.02416448 -0.01632372
v 0.07693963 0.02521124 -0.01358846
v 0.07666109 0.02505804 -0.01171405
v 0.07661767 0.02510963 -0.01153962
v 0.07588725 0.02578766 -0.00965311
v 0.07543723 0.02634238 -0.00773500
v 0.07529430 0.02676204 -0.00578230
v 0.07508589 0.02721050 -0.00383698
v 0.07488105 0.02765739 -0.00189126
v 0.07477919 0.02805900 0.00006607
v 0.07468857 0.02845566 0.00202466
v 0.07451924 0.02888693 0.00397439
v 0.07724514 0.02412007 -0.01540654
v 0.07739063 0.02441290 -0.01342134
v 0.04540041 0.04054993 -0.00519849
v 0.04536755 0.04097590 -0.00324399
v 0.04531795 0.04136548 -0.00128290
v 0.04728244 0.03888665 -0.00890042
v 0.04707611 0.03893565 -0.00687760
v 0.04695874 0.03917799 -0.00488983
v 0.04679635 0.03932249 -0.00288433
v 0.04657150 0.03933126 -0.00085422
v 0.04645906 0.03958430 0.00113161
v 0.04655642 0.04029325 0.00303482
v 0.04650527 0.04067946 0.00499652
v 0.04645183 0.04106072 0.00695912
v 0.04659910 0.04187811 0.00884268
v 0.04661173 0.04240292 0.01077926
v 0.04653533 0.04273428 0.01275090
v 0.04662271 0.04342152 0.01465804
v 0.04660900 0.04388911 0.01660499
v 0.04909106 0.03805859 -0.00869033
v 0.04886441 0.03806344 -0.00665951
v 0.04862808 0.03804728 -0.00462489
v 0.04827171 0.03777027 -0.00254300
v 0.04817337 0.03772463 -0.00184827
v 0.04742496 0.03829001 -0.00062899
v 0.04694990 0.03885574 0.00128629
v 0.04718388 0.03910965 0.00328146
v 0.04749320 0.03933043 0.00528510
v 0.04769472 0.03959861 0.00727661
v 0.04797972 0.04012001 0.00922132
v 0.04790646 0.03961222 0.00788936
v 0.04800195 0.04066568 0.01115412
v 0.04798840 0.04113361 0.01310101
v 0.04806443 0.04179621 0.01501262
v 0.04805986 0.04228364 0.01695597
v 0.04824691 0.04318748 0.01882386
v 0.05108477 0.03614062 -0.01437779
v 0.05105231 0.03656746 -0.01242345
v 0.05098420 0.03741419 -0.00851352
v 0.05067937 0.03724918 -0.00645192
v 0.05029969 0.03692150 -0.00436084
v 0.05004685 0.03655350 -0.00355309
v 0.04855660 0.03743554 -0.00247030
v 0.04836868 0.03965902 0.00932134
v 0.04888686 0.03978795 0.01134852
v 0.04923125 0.03999330 0.01335612
v 0.04933527 0.04030436 0.01533664
v 0.04932958 0.04066367 0.01730480
v 0.04969858 0.04158378 0.01917452
v 0.04946844 0.04064400 0.01754887
v 0.05280999 0.03463396 -0.01607641
v 0.05255120 0.03456897 -0.01403294
v 0.05249515 0.03494456 -0.01206931
v 0.05262181 0.03571716 -0.01017764
v 0.05267436 0.03632872 -0.00825678
v 0.05228870 0.03598805 -0.00616335
v 0.05190955 0.03545862 -0.00486456
v 0.05110544 0.03595781 -0.00415195
v 0.05073979 0.04040030 0.01943247
v 0.05176409 0.04181132 0.02122500
v 0.05122983 0.04026553 0.01993318
v 0.05472627 0.03354247 -0.01785027
v 0.05410549 0.03269089 -0.01566425
v 0.05401067 0.03267760 -0.01487447
v 0.05372968 0.03301970 -0.01370032
v 0.05365671 0.03340859 -0.01173974
v 0.05393456 0.03381159 -0.00977227
v 0.05388935 0.03353552 -0.01044865
v 0.05403086 0.03451820 -0.00786864
v 0.05379630 0.03419359 -0.00705381
v 0.05292513 0.03480075 -0.00591575
v 0.05331654 0.04042661 0.02153597
v 0.05302750 0.03963047 0.02099380
v 0.05583538 0.03138005 -0.01740070
v 0.05590846 0.03133451 -0.01746641
v 0.05427809 0.03242171 -0.01560734
v 0.05423099 0.03351285 -0.00970624
v 0.05477163 0.03363189 -0.00767653
v 0.05495122 0.03922058 0.02181456
v 0.05483492 0.03892651 0.02169900
v 0.05776395 0.03029060 -0.01851493
v 0.05550187 0.03866286 0.02193777
v 0.05664158 0.03822787 0.02243161
v 0.05902852 0.02961897 -0.01900976
v 0.05960985 0.02931446 -0.01921384
v 0.05846239 0.03742922 0.02264833
v 0.06147398 0.02820945 -0.02057759
v 0.06066369 0.03735922 0.02233196
v 0.06029534 0.03654467 0.02242188
v 0.06009319 0.03664371 0.02245502
v 0.06168478 0.02809401 -0.02067931
v 0.06332654 0.02718624 -0.02151934
v 0.06213236 0.03563136 0.02204706
v 0.06516597 0.02625586 -0.02198220
v 0.06397359 0.03468832 0.02151892
v 0.06699370 0.02540824 -0.02201810
v 0.06581206 0.03376472 0.02109100
v 0.06572755 0.03380904 0.02112098
v 0.06881350 0.02461671 -0.02176469
v 0.06822986 0.03377301 0.01915858
v 0.06766697 0.03272494 0.02006379
v 0.07062790 0.02386341 -0.02131406
v 0.07026521 0.03294026 0.01733783
v 0.06953220 0.03161209 0.01865961
v 0.06860696 0.03218594 0.01947657
v 0.07243968 0.02312858 -0.02076811
v 0.07176429 0.03094221 0.01572827
v 0.07141378 0.03038368 0.01665927
v 0.07058645 0.03095860 0.01773077
v 0.07444366 0.02305357 -0.01935252
v 0.07423218 0.02253014 -0.01951857
v 0.07431745 0.02924518 0.00593738
v 0.07416249 0.02940580 0.00793996
v 0.07402400 0.02960224 0.00993605
v 0.07376393 0.02953449 0.01198002
v 0.07331359 0.02902631 0.01399370
v 0.07326225 0.02906823 0.01409462
v 0.07196397 0.02999599 0.01591716
v 0.07472672 0.02235847 -0.01921002
v 0.07663168 0.02354731 -0.01735029
v 0.07602838 0.02190550 -0.01840420
v 0.07663071 0.02503733 -0.01152525
v 0.07625213 0.02471205 -0.00943460
v 0.07604740 0.02476454 -0.00741243
v 0.07591971 0.02498445 -0.00542059
v 0.07580616 0.02523508 -0.00343432
v 0.07569802 0.02549746 -0.00145017
v 0.07560069 0.02578334 0.00052971
v 0.07552558 0.02611749 0.00250084
v 0.07545151 0.02645392 0.00447157
v 0.07536845 0.02677081 0.00644583
v 0.07533752 0.02679119 0.00679998
v 0.07501213 0.02722825 0.00838536
v 0.07459053 0.02777047 0.01030666
v 0.07414914 0.02832139 0.01222574
v 0.07760339 0.02145019 -0.01691714
v 0.07800109 0.02226223 -0.01502568
v 0.07779584 0.02148409 -0.01624136
v 0.07789883 0.02253740 -0.01304386
v 0.07767438 0.02234302 -0.01181038
v 0.07746748 0.02258038 -0.01102605
v 0.07702968 0.02312972 -0.00910657
v 0.07665447 0.02365154 -0.00718003
v 0.07637817 0.02412985 -0.00524236
v 0.07610652 0.02460612 -0.00330416
v 0.07593335 0.02503909 -0.00135487
v 0.07575323 0.02547510 0.00059364
v 0.07562231 0.02588949 0.00254769
v 0.07551527 0.02629337 0.00450444
v 0.07540575 0.02669834 0.00646090
v 0.07814647 0.02156816 -0.01488715
v 0.07793996 0.02201578 -0.01294162
v 0.04792765 0.03752000 -0.00046595
v 0.04773071 0.03758943 0.00155316
v 0.04776068 0.03815192 0.00348292
v 0.04784387 0.03883005 0.00539171
v 0.04786430 0.03937183 0.00732522
v 0.04969369 0.03610203 -0.00218064
v 0.04918791 0.03550035 -0.00003990
v 0.04911136 0.03554218 0.00080289
v 0.04874954 0.03590876 0.00190688
v 0.04898185 0.03616341 0.00390185
v 0.04913962 0.03688754 0.00580377
v 0.04902281 0.03616836 0.00403320
v 0.04923718 0.03759692 0.00770691
v 0.04935890 0.03835878 0.00960053
v 0.04948661 0.03913367 0.01149179
v 0.04952386 0.03971199 0.01341867
v 0.04948422 0.04012322 0.01537584
v 0.04943811 0.04052041 0.01733555
v 0.05167675 0.03515567 -0.00398080
v 0.05101013 0.03419219 -0.00182465
v 0.05097294 0.03421735 -0.00178024
v 0.04930883 0.03530599 0.00000109
v 0.04960074 0.03624804 0.00594038
v 0.05054967 0.03618753 0.00801609
v 0.05080310 0.03673883 0.00995413
v 0.05072720 0.03619302 0.00849716
v 0.05087621 0.03739508 0.01186689
v 0.05084805 0.03783127 0.01381953
v 0.05073785 0.03808917 0.01580449
v 0.05075480 0.03862338 0.01773937
v 0.05114289 0.03996407 0.01952808
v 0.05390387 0.03275014 -0.01364329
v 0.05382791 0.03308245 -0.01167182
v 0.05348350 0.03382618 -0.00571153
v 0.05290299 0.03306210 -0.00354136
v 0.05288236 0.03302984 -0.00348419
v 0.05130451 0.03621238 0.01006993
v 0.05151869 0.03647499 0.01206286
v 0.05139479 0.03688629 0.01401770
v 0.05110751 0.03736944 0.01595414
v 0.05161806 0.03750171 0.01798046
v 0.05261322 0.03840091 0.01987140
v 0.05227399 0.03733219 0.01871062
v 0.05589084 0.03131491 -0.01738655
v 0.05539864 0.03074272 -0.01525116
v 0.05513219 0.03066111 -0.01320467
v 0.05512859 0.03115065 -0.01126170
v 0.05529946 0.03201931 -0.00938744
v 0.05543282 0.03280649 -0.00749840
v 0.05476337 0.03180547 -0.00546366
v 0.05462362 0.03189825 -0.00530656
v 0.05293991 0.03299552 -0.00352744
v 0.05400194 0.03681015 0.02021782
v 0.05405818 0.03679247 0.02026312
v 0.05703100 0.02903428 -0.01691321
v 0.05689506 0.02880822 -0.01658905
v 0.05587856 0.02956233 -0.01500919
v 0.05540006 0.03012957 -0.01309430
v 0.05579971 0.03031062 -0.01108047
v 0.05637197 0.03041576 -0.00904720
v 0.05664658 0.03068580 -0.00705405
v 0.05663621 0.03063882 -0.00714541
v 0.05663300 0.03066152 -0.00702832
v 0.05641718 0.03764791 0.02215960
v 0.05584910 0.03620522 0.02157035
v 0.05901066 0.02808052 -0.01871203
v 0.05877328 0.02760358 -0.01846674
v 0.05718063 0.02863290 -0.01683130
v 0.05665827 0.03064666 -0.00704614
v 0.05799351 0.03631511 0.02246116
v 0.05765752 0.03549411 0.02223868
v 0.05888785 0.02752530 -0.01860777
v 0.06064296 0.02645931 -0.02003301
v 0.05948342 0.03465949 0.02226984
v 0.06123173 0.02613771 -0.02031251
v 0.06248972 0.02547711 -0.02076322
v 0.06131323 0.03379712 0.02215779
v 0.06433267 0.02452183 -0.02135451
v 0.06314990 0.03288629 0.02179582
v 0.06616715 0.02362652 -0.02163644
v 0.06549850 0.03309333 0.02125344
v 0.06498466 0.03198897 0.02150348
v 0.06863467 0.02420782 -0.02177346
v 0.06645777 0.02348261 -0.02169256
v 0.06799886 0.02275075 -0.02181762
v 0.06682731 0.03103587 0.02092342
v 0.06512447 0.03191872 0.02147088
v 0.07031998 0.02311180 -0.02151481
v 0.06982652 0.02190365 -0.02185084
v 0.06889541 0.03046106 0.01981883
v 0.06867588 0.03004088 0.02012722
v 0.07153306 0.02125062 -0.02112078
v 0.07163210 0.02121268 -0.02107866
v 0.07077496 0.02928977 0.01805943
v 0.07054927 0.02887033 0.01842540
v 0.06896415 0.02987332 0.01993465
v 0.07344278 0.02048561 -0.02049266
v 0.07328181 0.02898421 0.01411144
v 0.07243204 0.02763353 0.01638179
v 0.07242748 0.02763661 0.01638722
v 0.07086239 0.02868171 0.01817970
v 0.07570130 0.02102824 -0.01892545
v 0.07524560 0.01981420 -0.01961957
v 0.07516514 0.02682638 0.00846745
v 0.07489520 0.02673718 0.01051531
v 0.07460868 0.02661194 0.01256970
v 0.07433302 0.02626789 0.01367354
v 0.07384301 0.02665729 0.01457789
v 0.07715604 0.01943119 -0.01857600
v 0.07704776 0.01914738 -0.01872280
v 0.07775333 0.02122648 -0.01686967
v 0.07753112 0.02223574 -0.01095749
v 0.07727369 0.02217371 -0.00891456
v 0.07708991 0.02227173 -0.00690063
v 0.07698663 0.02254468 -0.00491840
v 0.07681453 0.02266809 -0.00290908
v 0.07668927 0.02289327 -0.00091819
v 0.07660165 0.02320025 0.00105786
v 0.07648627 0.02344688 0.00304486
v 0.07642245 0.02356954 0.00409012
v 0.07631630 0.02378556 0.00501252
v 0.07616823 0.02420748 0.00696464
v 0.07586559 0.02469738 0.00889934
v 0.07544155 0.02524067 0.01082038
v 0.07488928 0.02584036 0.01272696
v 0.07730914 0.01906724 -0.01850125
v 0.07865322 0.01883296 -0.01638103
v 0.07847055 0.01927010 -0.01443280
v 0.07813398 0.01977492 -0.01250192
v 0.07768231 0.02033036 -0.01058400
v 0.07742781 0.02079909 -0.00864387
v 0.07722932 0.02124319 -0.00669743
v 0.07714610 0.02163660 -0.00473801
v 0.07699719 0.02205889 -0.00278598
v 0.07681536 0.02249566 -0.00083766
v 0.07670925 0.02289913 0.00111918
v 0.07652415 0.02333734 0.00306713
v 0.04898047 0.03554696 0.00198334
v 0.04901478 0.03611888 0.00391139
v 0.05099560 0.03417290 -0.00177100
v 0.05028926 0.03313541 0.00044872
v 0.05014082 0.03331022 0.00244873
v 0.05035422 0.03427130 0.00430624
v 0.05049002 0.03506378 0.00619432
v 0.05070251 0.03602289 0.00805219
v 0.05211065 0.03183772 -0.00128777
v 0.05199466 0.03168061 -0.00087152
v 0.05065203 0.03255977 0.00057024
v 0.05032606 0.03305993 0.00250232
v 0.05167044 0.03282551 0.00462258
v 0.05194392 0.03346492 0.00654410
v 0.05183333 0.03282152 0.00501418
v 0.05215343 0.03441755 0.00840315
v 0.05223758 0.03509777 0.01031156
v 0.05217892 0.03546770 0.01227621
v 0.05203384 0.03564981 0.01427490
v 0.05187871 0.03581009 0.01627755
v 0.05211572 0.03682248 0.01812576
v 0.05471523 0.03174453 -0.00527425
v 0.05414370 0.03099997 -0.00310762
v 0.05386018 0.03056577 -0.00228593
v 0.05233498 0.03146284 -0.00120896
v 0.05235450 0.03288149 0.00666845
v 0.05284871 0.03302095 0.00869293
v 0.05299325 0.03331419 0.01067801
v 0.05281438 0.03374966 0.01262666
v 0.05266806 0.03417082 0.01457898
v 0.05269842 0.03451427 0.01655120
v 0.05344748 0.03495821 0.01852365
v 0.05331497 0.03442141 0.01760441
v 0.05404942 0.03676359 0.02022815
v 0.05654472 0.02847496 -0.01478015
v 0.05631482 0.02847276 -0.01274806
v 0.05644294 0.02924856 -0.01085696
v 0.05659256 0.03007105 -0.00897433
v 0.05604052 0.02986620 -0.00487382
v 0.05573692 0.02937151 -0.00411011
v 0.05458884 0.03011484 -0.00292384
v 0.05385609 0.03436196 0.01865043
v 0.05543895 0.03502485 0.02060328
v 0.05508100 0.03401019 0.01981976
v 0.05804209 0.02647320 -0.01638904
v 0.05788590 0.02625205 -0.01586595
v 0.05736894 0.02675137 -0.01442345
v 0.05715049 0.02720425 -0.01247926
v 0.05776742 0.02736847 -0.01045621
v 0.05774195 0.02727008 -0.01061413
v 0.05797948 0.02832663 -0.00859817
v 0.05796796 0.02879898 -0.00665208
v 0.05760045 0.02827073 -0.00545203
v 0.05673917 0.02881237 -0.00465039
v 0.05656550 0.03352724 0.02092447
v 0.05686966 0.03343881 0.02120890
v 0.05899034 0.02532471 -0.01817839
v 0.05980172 0.02478148 -0.01911550
v 0.05807961 0.02608203 -0.01631219
v 0.05784532 0.02725549 -0.01043218
v 0.05866283 0.02725277 -0.00837128
v 0.05898578 0.02746756 -0.00636609
v 0.05868847 0.03265432 0.02149864
v 0.06096173 0.02410093 -0.01992510
v 0.06166085 0.02371180 -0.02029699
v 0.06050896 0.03185792 0.02172698
v 0.06351114 0.02270468 -0.02115572
v 0.06233719 0.03100677 0.02167281
v 0.06534357 0.02182385 -0.02136297
v 0.06484045 0.03166337 0.02151259
v 0.06416819 0.03013604 0.02151767
v 0.06284702 0.03076477 0.02163214
v 0.06541769 0.02178450 -0.02139189
v 0.06718391 0.02088706 -0.02185892
v 0.06600305 0.02923795 0.02122142
v 0.06902214 0.01996516 -0.02227801
v 0.06784074 0.02831995 0.02082239
v 0.07160399 0.02114379 -0.02109813
v 0.07083709 0.01920790 -0.02184777
v 0.06969404 0.02729152 0.01985372
v 0.06891739 0.02773836 0.02034722
v 0.07308390 0.01960142 -0.02075858
v 0.07264497 0.01850072 -0.02115922
v 0.07242866 0.02762770 0.01638898
v 0.07156990 0.02610348 0.01806169
v 0.07109355 0.02642453 0.01862358
v 0.07450864 0.01793920 -0.02039732
v 0.07445194 0.01779989 -0.02043787
v 0.07401954 0.02582911 0.01474327
v 0.07344835 0.02489723 0.01617565
v 0.07281866 0.02530906 0.01684912
v 0.07477110 0.01767109 -0.02033815
v 0.07626189 0.01707805 -0.01982492
v 0.07635145 0.02365130 0.00503951
v 0.07624462 0.02391653 0.00702313
v 0.07603495 0.02395831 0.00904725
v 0.07573431 0.02380239 0.01110720
v 0.07536771 0.02340158 0.01279669
v 0.07525268 0.02352502 0.01318573
v 0.07429487 0.02430305 0.01504663
v 0.07802509 0.01659687 -0.01800276
v 0.07872803 0.01858632 -0.01633117
v 0.07803824 0.01659378 -0.01798641
v 0.07859041 0.01878465 -0.01433542
v 0.07834266 0.01874365 -0.01229629
v 0.07791548 0.01831277 -0.01018651
v 0.07779525 0.01831214 -0.00912180
v 0.07766892 0.01853754 -0.00819887
v 0.07752850 0.01895610 -0.00624589
v 0.07748460 0.01933221 -0.00428204
v 0.07735539 0.01974584 -0.00232779
v 0.07728907 0.02013182 -0.00036646
v 0.07726957 0.02049720 0.00160014
v 0.07713902 0.02091142 0.00355424
v 0.07686588 0.02138835 0.00549227
v 0.07659925 0.02186241 0.00743103
v 0.07640722 0.02230367 0.00937820
v 0.07594131 0.02286537 0.01129451
v 0.07912439 0.01647023 -0.01591011
v 0.07905495 0.01685757 -0.01394913
v 0.07861655 0.01740718 -0.01202972
v 0.07795697 0.01805405 -0.01013522
v 0.05153338 0.03108068 0.00088112
v 0.05154993 0.03161403 0.00281615
v 0.05180636 0.03266861 0.00465672
v 0.05329687 0.02965719 -0.00083258
v 0.05296895 0.02924145 0.00045528
v 0.05241512 0.02962888 0.00118671
v 0.05272697 0.02984854 0.00319064
v 0.05310180 0.03072542 0.00506891
v 0.05288364 0.02984472 0.00356739
v 0.05325457 0.03155476 0.00695030
v 0.05331436 0.03218206 0.00886831
v 0.05329839 0.03264473 0.01081615
v 0.05319629 0.03292025 0.01279791
v 0.05312130 0.03325467 0.01476899
v 0.05313944 0.03379145 0.01670341
v 0.05525998 0.02866748 -0.00262488
v 0.05484919 0.02802251 -0.00149621
v 0.05375353 0.02868347 -0.00063131
v 0.05345654 0.02988450 0.00524164
v 0.05392551 0.03003506 0.00726327
v 0.05413964 0.03029770 0.00925620
v 0.05407109 0.03068466 0.01121728
v 0.05385766 0.03113532 0.01316204
v 0.05390481 0.03147139 0.01513615
v 0.05435510 0.03167489 0.01714701
v 0.05434407 0.03159464 0.01693162
v 0.05469398 0.03290866 0.01895511
v 0.05756573 0.02593544 -0.01425989
v 0.05751171 0.02631543 -0.01229706
v 0.05732006 0.02788847 -0.00445537
v 0.05672085 0.02686417 -0.00313504
v 0.05585912 0.02740067 -0.00236290
v 0.05439360 0.03161324 0.01716002
v 0.05590815 0.03130399 0.01929945
v 0.05678150 0.03318403 0.02099692
v 0.05610117 0.03124654 0.01947258
v 0.05938770 0.02414164 -0.01793816
v 0.05890647 0.02348563 -0.01622739
v 0.05872866 0.02364107 -0.01582123
v 0.05819340 0.02423327 -0.01391273
v 0.05849453 0.02445765 -0.01191000
v 0.05889984 0.02507101 -0.00997982
v 0.05876052 0.02451777 -0.01090284
v 0.05916267 0.02613953 -0.00814178
v 0.05928220 0.02689664 -0.00624730
v 0.05858485 0.02576008 -0.00449406
v 0.05823908 0.02599722 -0.00406357
v 0.05848776 0.03213354 0.02124732
v 0.05789839 0.03061471 0.02054985
v 0.06122205 0.02287212 -0.01967976
v 0.06081108 0.02209430 -0.01906820
v 0.05967476 0.02286819 -0.01768345
v 0.05918380 0.02451133 -0.00986355
v 0.05980532 0.02459480 -0.00782473
v 0.05972330 0.02498769 -0.00586517
v 0.06025861 0.03122342 0.02147228
v 0.05971127 0.02987206 0.02105547
v 0.06117191 0.02185297 -0.01948358
v 0.06269364 0.02085896 -0.02110427
v 0.06224815 0.03078850 0.02161112
v 0.06153357 0.02906289 0.02121788
v 0.06528577 0.02168885 -0.02137697
v 0.06315816 0.02062266 -0.02122861
v 0.06453121 0.01994174 -0.02149923
v 0.06335737 0.02824305 0.02132530
v 0.06635795 0.01910116 -0.02149887
v 0.06518503 0.02739590 0.02129181
v 0.06819755 0.01816956 -0.02196800
v 0.06701508 0.02653192 0.02117145
v 0.07003056 0.01728460 -0.02219656
v 0.06885836 0.02557433 0.02056826
v 0.06848895 0.02577125 0.02071678
v 0.07185051 0.01649203 -0.02194848
v 0.07105652 0.02514341 0.01887090
v 0.07071865 0.02449648 0.01934460
v 0.07365994 0.01577387 -0.02131657
v 0.07292573 0.02394965 0.01711557
v 0.07258930 0.02334534 0.01774289
v 0.07116797 0.02423627 0.01904980
v 0.07601192 0.01644764 -0.02006698
v 0.07546765 0.01506779 -0.02062230
v 0.07525900 0.02326690 0.01323594
v 0.07448506 0.02201659 0.01522495
v 0.07434352 0.02212613 0.01546995
v 0.07294054 0.02309993 0.01728069
v 0.07710023 0.01449126 -0.01965791
v 0.07803297 0.01657857 -0.01799899
v 0.07726521 0.01443352 -0.01955759
v 0.07770944 0.01836242 -0.00816382
v 0.07759380 0.01860851 -0.00617672
v 0.07751771 0.01894054 -0.00420520
v 0.07739480 0.01917081 -0.00221524
v 0.07733883 0.01954658 -0.00025165
v 0.07730771 0.01997633 0.00170216
v 0.07722730 0.02029898 0.00367538
v 0.07704535 0.02040095 0.00568859
v 0.07684690 0.02046710 0.00770829
v 0.07666374 0.02056646 0.00972198
v 0.07643039 0.02033732 0.01089874
v 0.07618334 0.02060341 0.01173962
v 0.07535146 0.02132605 0.01361470
v 0.07849871 0.01423305 -0.01753156
v 0.07925256 0.01496794 -0.01561538
v 0.07900198 0.01422921 -0.01627485
v 0.07932081 0.01561363 -0.01370071
v 0.07912551 0.01568661 -0.01168224
v 0.07883260 0.01542702 -0.01009560
v 0.07863800 0.01559903 -0.00964066
v 0.07832632 0.01609290 -0.00770697
v 0.07806105 0.01656637 -0.00576806
v 0.07778246 0.01704569 -0.00383064
v 0.07747939 0.01753578 -0.00189598
v 0.07736775 0.01794168 0.00006024
v 0.07728031 0.01833695 0.00201919
v 0.07725516 0.01870482 0.00398516
v 0.07712219 0.01912010 0.00593898
v 0.07694208 0.01955611 0.00788749
v 0.07669113 0.02002328 0.00982802
v 0.07946882 0.01416323 -0.01545347
v 0.07983583 0.01435863 -0.01344332
v 0.07943523 0.01489161 -0.01151965
v 0.05280453 0.02908472 0.00130287
v 0.05284163 0.02966270 0.00322981
v 0.05442592 0.02735242 -0.00035486
v 0.05395659 0.02682995 0.00177152
v 0.05392746 0.02726402 0.00372455
v 0.05414437 0.02823273 0.00558068
v 0.05430303 0.02907489 0.00745975
v 0.05436207 0.02970054 0.00937805
v 0.05434309 0.03015669 0.01132708
v 0.05423119 0.03041089 0.01331270
v 0.05421804 0.03087970 0.01525943
v 0.05639668 0.02637933 -0.00215018
v 0.05583695 0.02548802 -0.00066113
v 0.05505360 0.02595619 -0.00006700
v 0.05396520 0.02679165 0.00177918
v 0.05396632 0.02714796 0.00374811
v 0.05440231 0.02731303 0.00576603
v 0.05467037 0.02755195 0.00776503
v 0.05503143 0.02774997 0.00977451
v 0.05553539 0.02798937 0.01177988
v 0.05550411 0.02784184 0.01148168
v 0.05547775 0.02802822 0.01244316
v 0.05527345 0.02835715 0.01373938
v 0.05511883 0.02878196 0.01569076
v 0.05551379 0.02943455 0.01761305
v 0.05536824 0.02880269 0.01643847
v 0.05604858 0.03109402 0.01934400
v 0.05874143 0.02323468 -0.01574210
v 0.05837633 0.02293870 -0.01365677
v 0.05854393 0.02380025 -0.01178122
v 0.05844336 0.02557120 -0.00397540
v 0.05770950 0.02432340 -0.00233239
v 0.05719114 0.02465934 -0.00179499
v 0.05559165 0.02786041 0.01180642
v 0.05590143 0.02879460 0.01774773
v 0.05744606 0.02937255 0.01971600
v 0.05712272 0.02847312 0.01907504
v 0.06015009 0.02104014 -0.01731606
v 0.05992485 0.02073463 -0.01650926
v 0.05913867 0.02130522 -0.01535720
v 0.05851488 0.02193635 -0.01345867
v 0.05877675 0.02217799 -0.01146037
v 0.05977929 0.02222388 -0.00940382
v 0.05973293 0.02209187 -0.00950759
v 0.06003890 0.02328538 -0.00756450
v 0.06004654 0.02379937 -0.00562596
v 0.05958745 0.02312071 -0.00420007
v 0.05922662 0.02340738 -0.00353448
v 0.05894501 0.02787160 0.02004804
v 0.05892365 0.02781501 0.02001678
v 0.06160217 0.01950821 -0.01901727
v 0.06183757 0.01928594 -0.01964596
v 0.06021688 0.02047424 -0.01720453
v 0.05981774 0.02207700 -0.00937429
v 0.06023636 0.02224971 -0.00735833
v 0.06031450 0.02257215 -0.00538072
v 0.05909169 0.02774840 0.02007594
v 0.06073671 0.02707113 0.02051599
v 0.06300732 0.01853346 -0.02082777
v 0.06370809 0.01813576 -0.02124273
v 0.06255128 0.02631657 0.02096019
v 0.06553004 0.01732900 -0.02106785
v 0.06437083 0.02552686 0.02122298
v 0.06735842 0.01647678 -0.02112755
v 0.06619289 0.02471931 0.02139378
v 0.06920825 0.01547289 -0.02196960
v 0.06802953 0.02380873 0.02103306
v 0.06787307 0.02388656 0.02106524
v 0.07130646 0.01524170 -0.02200016
v 0.07003805 0.01508470 -0.02200449
v 0.07103793 0.01461151 -0.02207650
v 0.06987831 0.02281222 0.02022907
v 0.07293078 0.01401314 -0.02171749
v 0.07285668 0.01382740 -0.02178479
v 0.07173839 0.02173585 0.01901305
v 0.07110779 0.02210720 0.01946086
v 0.07320885 0.01369026 -0.02164728
v 0.07466876 0.01309043 -0.02124991
v 0.07434125 0.02177001 0.01553892
v 0.07362339 0.02048321 0.01688776
v 0.07299209 0.02092172 0.01770434
v 0.07721183 0.01429686 -0.01961717
v 0.07647387 0.01240280 -0.02046049
v 0.07624217 0.02014777 0.01182955
v 0.07553914 0.01901316 0.01364084
v 0.07533870 0.01917612 0.01403110
v 0.07422710 0.02002179 0.01587467
v 0.07754490 0.01214017 -0.01918998
v 0.07866945 0.01320347 -0.01732730
v 0.07824062 0.01198643 -0.01827166
v 0.07868195 0.01522013 -0.00956601
v 0.07839219 0.01508786 -0.00751035
v 0.07818212 0.01512874 -0.00548606
v 0.07798862 0.01520563 -0.00346831
v 0.07781092 0.01531687 -0.00145677
v 0.07774793 0.01547071 -0.00029709
v 0.07769522 0.01564214 0.00051497
v 0.07765605 0.01601617 0.00247936
v 0.07759294 0.01640073 0.00444105
v 0.07740715 0.01683924 0.00638892
v 0.07712481 0.01732022 0.00832592
v 0.07680012 0.01781981 0.01025814
v 0.07625830 0.01841490 0.01216590
v 0.07896268 0.01187347 -0.01706145
v 0.07987647 0.01182842 -0.01498970
v 0.08008741 0.01252126 -0.01308026
v 0.07995539 0.01193769 -0.01418637
v 0.07988982 0.01240132 -0.01179458
v 0.07977435 0.01258694 -0.01106361
v 0.07896407 0.01330009 -0.00918609
v 0.07855845 0.01383528 -0.00726298
v 0.07827178 0.01431816 -0.00532648
v 0.07803393 0.01477956 -0.00338447
v 0.07782733 0.01522723 -0.00143895
v 0.08012997 0.01207374 -0.01299234
v 0.05549336 0.02491379 0.00014711
v 0.05496135 0.02405318 0.00150990
v 0.05448040 0.02440956 0.00225506
v 0.05460491 0.02471161 0.00423789
v 0.05500037 0.02533464 0.00616592
v 0.05485902 0.02477689 0.00524334
v 0.05514761 0.02615197 0.00804949
v 0.05530609 0.02699373 0.00992863
v 0.05537634 0.02814113 0.01378407
v 0.05528063 0.02843053 0.01576332
v 0.05748557 0.02398731 -0.00165665
v 0.05683945 0.02284936 -0.00036359
v 0.05581914 0.02346400 0.00043708
v 0.05511189 0.02484546 0.00626380
v 0.05554444 0.02501204 0.00828134
v 0.05603906 0.02515132 0.01030586
v 0.05653350 0.02540008 0.01230916
v 0.05650053 0.02524616 0.01200097
v 0.05646199 0.02551874 0.01340714
v 0.05637947 0.02571524 0.01428181
v 0.05638911 0.02608107 0.01624913
v 0.05639553 0.02598877 0.01583193
v 0.05681297 0.02749949 0.01802376
v 0.05950041 0.02012576 -0.01511865
v 0.05915218 0.01986643 -0.01303996
v 0.05922241 0.02051641 -0.01112606
v 0.05939465 0.02288018 -0.00342768
v 0.05869364 0.02181463 -0.00136474
v 0.05858927 0.02188896 -0.00121965
v 0.05656339 0.02527755 0.01233373
v 0.05639771 0.02606402 0.01625267
v 0.05808869 0.02567717 0.01841198
v 0.05815027 0.02565730 0.01845870
v 0.06168478 0.01911946 -0.01893965
v 0.06094937 0.01794023 -0.01701513
v 0.06072908 0.01809347 -0.01672899
v 0.05971337 0.01889696 -0.01487462
v 0.05926680 0.01945016 -0.01295613
v 0.05945522 0.01972410 -0.01096610
v 0.06024069 0.01973548 -0.00890881
v 0.06050109 0.01997777 -0.00691067
v 0.06020894 0.02046305 -0.00497478
v 0.05955440 0.02110771 -0.00307972
v 0.06058682 0.02668107 0.02032382
v 0.05995172 0.02499555 0.01938162
v 0.06303837 0.01680525 -0.02049191
v 0.06286622 0.01646239 -0.02030223
v 0.06194721 0.01720095 -0.01856056
v 0.06203065 0.02506031 0.02067757
v 0.06174867 0.02436559 0.02046855
v 0.06314826 0.01631596 -0.02039405
v 0.06470731 0.01552028 -0.02082560
v 0.06367359 0.02387223 0.02095291
v 0.06356305 0.02361242 0.02091986
v 0.06653684 0.01465999 -0.02092690
v 0.06445434 0.02323452 0.02109793
v 0.06537919 0.02284679 0.02130692
v 0.06837584 0.01373263 -0.02137417
v 0.06720717 0.02199740 0.02126188
v 0.06610212 0.02250986 0.02128356
v 0.06963779 0.01310521 -0.02163175
v 0.07021383 0.01281249 -0.02178417
v 0.06904740 0.02106138 0.02076991
v 0.07206215 0.01181928 -0.02257118
v 0.07090034 0.02003548 0.01981430
v 0.07083697 0.02007078 0.01984818
v 0.07443822 0.01253064 -0.02138879
v 0.07388003 0.01104131 -0.02224781
v 0.07290216 0.01914025 0.01804720
v 0.07277085 0.01888534 0.01821777
v 0.07577568 0.01067875 -0.02099315
v 0.07567694 0.01041166 -0.02115923
v 0.07536693 0.01874325 0.01411579
v 0.07466448 0.01757170 0.01577772
v 0.07430274 0.01783301 0.01630103
v 0.07287507 0.01881767 0.01810899
v 0.07587292 0.01036314 -0.02092931
v 0.07776614 0.01074319 -0.01891312
v 0.07745693 0.00990161 -0.01945375
v 0.07770338 0.01558056 0.00052713
v 0.07766094 0.01598570 0.00248540
v 0.07759886 0.01634819 0.00445140
v 0.07743630 0.01649232 0.00645697
v 0.07718286 0.01643897 0.00849833
v 0.07683046 0.01617057 0.01057867
v 0.07660681 0.01591363 0.01156089
v 0.07635568 0.01621656 0.01259471
v 0.07541486 0.01698712 0.01445752
v 0.07791539 0.00982172 -0.01873040
v 0.07897257 0.00971360 -0.01664250
v 0.07985006 0.01150812 -0.01492834
v 0.07918810 0.00973689 -0.01596673
v 0.07977960 0.01234976 -0.01101749
v 0.07903318 0.01122517 -0.00878198
v 0.07898367 0.01118259 -0.00850868
v 0.07869814 0.01161833 -0.00682941
v 0.07848892 0.01206714 -0.00488418
v 0.07818979 0.01255550 -0.00294908
v 0.07803350 0.01298104 -0.00099788
v 0.07806388 0.01332449 0.00097434
v 0.07804255 0.01369068 0.00294074
v 0.07791691 0.01410274 0.00489539
v 0.07773571 0.01453923 0.00684378
v 0.07741977 0.01503498 0.00877698
v 0.07688453 0.01562717 0.01068549
v 0.07993493 0.00964719 -0.01456528
v 0.08015183 0.00990861 -0.01257204
v 0.07985992 0.01039379 -0.01063613
v 0.07902906 0.01111599 -0.00876093
v 0.05463253 0.02354059 0.00242767
v 0.05469043 0.02416378 0.00434642
v 0.05624402 0.02178680 0.00077384
v 0.05597148 0.02136054 0.00152909
v 0.05505754 0.02200021 0.00273792
v 0.05515062 0.02231608 0.00471720
v 0.05574243 0.02241262 0.00675268
v 0.05609063 0.02344298 0.00860046
v 0.05582122 0.02242314 0.00701078
v 0.05630987 0.02441676 0.01045568
v 0.05641310 0.02563582 0.01429813
v 0.05861840 0.02169075 -0.00118043
v 0.05784429 0.02019412 -0.00015143
v 0.05648460 0.02101581 0.00092989
v 0.05642198 0.02247058 0.00879804
v 0.05684928 0.02263947 0.01081498
v 0.05717800 0.02285171 0.01282081
v 0.05732628 0.02314331 0.01480632
v 0.05761874 0.02399486 0.01668724
v 0.05742738 0.02314245 0.01505828
v 0.05813561 0.02561540 0.01842524
v 0.06084690 0.01779611 -0.01666812
v 0.06030048 0.01710612 -0.01451138
v 0.06001209 0.01694158 -0.01259381
v 0.05995714 0.01699102 -0.01246051
v 0.05956064 0.01752220 -0.01053638
v 0.06020294 0.01838628 -0.00864831
v 0.05992079 0.01758724 -0.00926300
v 0.06052705 0.01958796 -0.00683439
v 0.06028139 0.01955150 -0.00479609
v 0.05989497 0.01920919 -0.00270236
v 0.05972783 0.01895184 -0.00222335
v 0.05870579 0.01968218 -0.00078868
v 0.05803983 0.02318631 0.01685551
v 0.05960152 0.02404262 0.01877029
v 0.05917647 0.02285099 0.01789148
v 0.06218977 0.01545861 -0.01821617
v 0.06197681 0.01512514 -0.01762763
v 0.06127912 0.01569603 -0.01624918
v 0.06042677 0.01642768 -0.01437641
v 0.06011576 0.01763488 -0.00850504
v 0.06030067 0.01791037 -0.00651541
v 0.06008767 0.01836085 -0.00457060
v 0.05989354 0.01880303 -0.00262367
v 0.06070822 0.02236963 0.01912493
v 0.06096412 0.02228686 0.01931801
v 0.06367533 0.01392862 -0.01991683
v 0.06387353 0.01378970 -0.02018013
v 0.06230584 0.01488770 -0.01810232
v 0.06276353 0.02163948 0.02031510
v 0.06572926 0.01274401 -0.02123782
v 0.06526002 0.02256136 0.02125050
v 0.06457260 0.02092385 0.02096008
v 0.06755559 0.01190632 -0.02122255
v 0.06639645 0.02010369 0.02106582
v 0.06870396 0.01136034 -0.02131912
v 0.06938867 0.01102085 -0.02145371
v 0.06822545 0.01924705 0.02098338
v 0.07124861 0.00994550 -0.02266443
v 0.07068060 0.01956835 0.01994129
v 0.07007060 0.01827627 0.02031208
v 0.07307378 0.00911594 -0.02260721
v 0.07192615 0.01723190 0.01926117
v 0.07025334 0.01817191 0.02020027
v 0.07488595 0.00837840 -0.02207525
v 0.07428029 0.01687936 0.01648527
v 0.07380308 0.01603634 0.01743031
v 0.07284567 0.01667506 0.01852352
v 0.07632924 0.00800692 -0.02046006
v 0.07666058 0.00790630 -0.02017392
v 0.07636475 0.01565595 0.01270363
v 0.07571050 0.01462519 0.01448724
v 0.07549455 0.01479653 0.01488434
v 0.07433405 0.01566370 0.01672240
v 0.07794465 0.00765331 -0.01830927
v 0.07889787 0.00894164 -0.01649491
v 0.07840685 0.00763480 -0.01723780
v 0.07872757 0.01105843 -0.00672007
v 0.07853155 0.01112987 -0.00470133
v 0.07829863 0.01112111 -0.00266805
v 0.07816638 0.01133109 -0.00067441
v 0.07818367 0.01186605 0.00126034
v 0.07815112 0.01229269 0.00321471
v 0.07811527 0.01271215 0.00517038
v 0.07799418 0.01294641 0.00715962
v 0.07771170 0.01282994 0.00921242
v 0.07767756 0.01279224 0.00936827
v 0.07717273 0.01334489 0.01113579
v 0.07652567 0.01398626 0.01303170
v 0.07905521 0.00752172 -0.01621535
v 0.07976310 0.00756721 -0.01416680
v 0.07984409 0.00788841 -0.01218888
v 0.07965407 0.00832878 -0.01024148
v 0.07918564 0.00889159 -0.00832545
v 0.07880895 0.00941406 -0.00639909
v 0.07858476 0.00986946 -0.00445554
v 0.07830813 0.01034792 -0.00251791
v 0.07816999 0.01076548 -0.00056467
v 0.07820657 0.01110620 0.00140826
v 0.07821155 0.01146082 0.00337762
v 0.07822699 0.01181083 0.00534816
v 0.07811420 0.01221724 0.00730426
v 0.07772328 0.01274596 0.00922902
v 0.05540304 0.02045673 0.00304658
v 0.05539941 0.02094620 0.00498957
v 0.05576842 0.02224543 0.00678580
v 0.05689668 0.01867907 0.00139415
v 0.05698880 0.01861710 0.00128610
v 0.05561337 0.01960025 0.00321837
v 0.05566462 0.01993452 0.00519295
v 0.05641906 0.01995954 0.00724674
v 0.05694719 0.02054609 0.00918549
v 0.05679627 0.01997868 0.00831017
v 0.05721401 0.02162326 0.01102196
v 0.05733932 0.02239294 0.01291417
v 0.05739290 0.02300673 0.01483462
v 0.05998043 0.01690803 -0.01244379
v 0.05970454 0.01680590 -0.01039359
v 0.05898591 0.01773117 -0.00040281
v 0.05885639 0.01748758 -0.00020409
v 0.05710456 0.02001488 0.00929277
v 0.05774292 0.02009095 0.01133349
v 0.05790726 0.02037549 0.01332081
v 0.05827973 0.02056849 0.01533157
v 0.05883562 0.02188096 0.01713036
v 0.05842484 0.02053949 0.01554004
v 0.06145977 0.01436970 -0.01598713
v 0.06106734 0.01392992 -0.01422047
v 0.06092997 0.01405087 -0.01390188
v 0.06046465 0.01461231 -0.01198550
v 0.05995704 0.01519236 -0.01007389
v 0.06030652 0.01539547 -0.00806571
v 0.06029867 0.01575573 -0.00609780
v 0.06030354 0.01611039 -0.00412845
v 0.05989451 0.01664708 -0.00220572
v 0.05899530 0.01739934 -0.00033823
v 0.05961499 0.02033808 0.01745080
v 0.06088561 0.02207476 0.01918695
v 0.06018379 0.02017824 0.01801321
v 0.06371457 0.01351645 -0.01983586
v 0.06301150 0.01225889 -0.01850414
v 0.06256827 0.01261677 -0.01765492
v 0.06162818 0.01338701 -0.01579202
v 0.06226003 0.02030319 0.01956803
v 0.06197766 0.01957013 0.01921283
v 0.06384336 0.01169921 -0.01948007
v 0.06490171 0.01096945 -0.02081931
v 0.06343621 0.01901440 0.01985010
v 0.06378214 0.01888695 0.02002521
v 0.06693358 0.01049762 -0.02120041
v 0.06649681 0.01017548 -0.02114994
v 0.06674031 0.01004493 -0.02125195
v 0.06559477 0.01814613 0.02054027
v 0.06858779 0.00905769 -0.02200816
v 0.06741692 0.01733795 0.02070781
v 0.07085009 0.00899444 -0.02283964
v 0.06975373 0.00838635 -0.02275182
v 0.07044885 0.00797436 -0.02326006
v 0.06941254 0.01681286 0.02044067
v 0.06924989 0.01645326 0.02048067
v 0.06915497 0.01649943 0.02049437
v 0.07272085 0.00830141 -0.02265402
v 0.07226690 0.00719521 -0.02294273
v 0.07109461 0.01548550 0.01982494
v 0.07354177 0.00672047 -0.02232506
v 0.07407256 0.00650367 -0.02217347
v 0.07295484 0.01440806 0.01860344
v 0.07255001 0.01464956 0.01890805
v 0.07635838 0.00718677 -0.02030028
v 0.07586721 0.00588998 -0.02100263
v 0.07551337 0.01430328 0.01498046
v 0.07483742 0.01317256 0.01656653
v 0.07436086 0.01349639 0.01714325
v 0.07663364 0.00571754 -0.02000793
v 0.07788312 0.00623921 -0.01803684
v 0.07762947 0.00550537 -0.01864999
v 0.07729091 0.01241295 0.01131968
v 0.07674947 0.01172861 0.01345430
v 0.07674168 0.01173575 0.01347387
v 0.07582677 0.01249491 0.01533960
v 0.07804337 0.00545438 -0.01788031
v 0.07906913 0.00536008 -0.01579595
v 0.07955593 0.00611079 -0.01389016
v 0.07934036 0.00548400 -0.01442349
v 0.07966558 0.00684643 -0.01199179
v 0.07941970 0.00680950 -0.00995340
v 0.07917880 0.00662659 -0.00852909
v 0.07909988 0.00677379 -0.00791728
v 0.07889214 0.00722195 -0.00597188
v 0.07873617 0.00764735 -0.00402065
v 0.07860410 0.00806224 -0.00206673
v 0.07851299 0.00845912 -0.00010819
v 0.07847414 0.00883301 0.00185624
v 0.07848759 0.00918390 0.00382655
v 0.07856844 0.00950515 0.00580446
v 0.07847905 0.00990127 0.00776319
v 0.07814460 0.01040516 0.00969432
v 0.07766994 0.01097071 0.01160964
v 0.07945987 0.00554505 -0.01378313
v 0.07954732 0.00586340 -0.01180447
v 0.07937354 0.00629663 -0.00985525
v 0.05692643 0.01851149 0.00142745
v 0.05610893 0.01721246 0.00361301
v 0.05607247 0.01724282 0.00368793
v 0.05616896 0.01786026 0.00560886
v 0.05609512 0.01731015 0.00411694
v 0.05662199 0.01934206 0.00737200
v 0.05762094 0.01620503 0.00189358
v 0.05798936 0.01599212 0.00165431
v 0.05623960 0.01752613 0.00567556
v 0.05703515 0.01753307 0.00773399
v 0.05788360 0.01782273 0.00973906
v 0.05777867 0.01748210 0.00934074
v 0.05818030 0.01896482 0.01156377
v 0.05824933 0.01961221 0.01347814
v 0.05836585 0.02036278 0.01537381
v 0.06098134 0.01382745 -0.01385716
v 0.06076944 0.01386436 -0.01183216
v 0.06063970 0.01407980 -0.00983951
v 0.06058930 0.01446767 -0.00787811
v 0.06051850 0.01481118 -0.00590868
v 0.06056169 0.01540241 -0.00398413
v 0.06031234 0.01535794 -0.00194438
v 0.05986930 0.01477534 -0.00028601
v 0.05960635 0.01497509 0.00014845
v 0.05797872 0.01747492 0.00980909
v 0.05862169 0.01754896 0.01185033
v 0.05880290 0.01782607 0.01383955
v 0.05939123 0.01792415 0.01587463
v 0.05997607 0.01960097 0.01760358
v 0.05942518 0.01791606 0.01591623
v 0.06248304 0.01133770 -0.01740931
v 0.06213094 0.01085913 -0.01615211
v 0.06187783 0.01112169 -0.01534606
v 0.06211594 0.01153475 -0.01338164
v 0.06206921 0.01129564 -0.01390023
v 0.06200697 0.01173586 -0.01162928
v 0.06196010 0.01179912 -0.01139919
v 0.06193580 0.01216662 -0.00943313
v 0.06110090 0.01289059 -0.00755838
v 0.06097657 0.01330208 -0.00560359
v 0.06130688 0.01351362 -0.00359757
v 0.06078351 0.01410060 -0.00168773
v 0.06103261 0.01755912 0.01802835
v 0.06119007 0.01751289 0.01817311
v 0.06364834 0.00962945 -0.01908420
v 0.06405524 0.00932860 -0.01971101
v 0.06249369 0.01049404 -0.01724548
v 0.06224009 0.01131918 -0.01333645
v 0.06383879 0.01085928 -0.01181456
v 0.06412495 0.01163951 -0.01130891
v 0.06205873 0.01175575 -0.01138808
v 0.06379030 0.01120222 -0.01004544
v 0.06371474 0.01870609 0.01991750
v 0.06298594 0.01689059 0.01929954
v 0.06539958 0.00850249 -0.02085571
v 0.06593695 0.00809919 -0.02171651
v 0.06512570 0.01040697 -0.01104256
v 0.06519149 0.01715690 0.02025828
v 0.06479294 0.01618957 0.02001991
v 0.06809186 0.00775899 -0.02267576
v 0.06721326 0.00734807 -0.02262019
v 0.06780106 0.00699434 -0.02307938
v 0.06687593 0.01605898 0.02051727
v 0.06660843 0.01542854 0.02043069
v 0.06965651 0.00595070 -0.02412653
v 0.06843361 0.01459895 0.02048778
v 0.07146767 0.00522022 -0.02355816
v 0.07027130 0.01368092 0.02008862
v 0.07386575 0.00603110 -0.02218255
v 0.07326656 0.00457659 -0.02254175
v 0.07251061 0.01353121 0.01912375
v 0.07211428 0.01272546 0.01949638
v 0.07420976 0.00427117 -0.02183197
v 0.07506101 0.00396437 -0.02136330
v 0.07441835 0.01242118 0.01735325
v 0.07398140 0.01159926 0.01802334
v 0.07240940 0.01255588 0.01931004
v 0.07681677 0.00348148 -0.01956946
v 0.07683813 0.00347462 -0.01955307
v 0.07674478 0.01172358 0.01347631
v 0.07614175 0.01091056 0.01565535
v 0.07585131 0.01045335 0.01644858
v 0.07467532 0.01120257 0.01759652
v 0.07830456 0.00318399 -0.01743305
v 0.07903824 0.00448848 -0.01562784
v 0.07858554 0.00319503 -0.01665862
v 0.07908989 0.00659021 -0.00788197
v 0.07880418 0.00646673 -0.00582790
v 0.07868775 0.00671111 -0.00384049
v 0.07866959 0.00716901 -0.00189178
v 0.07858184 0.00747572 0.00008433
v 0.07848317 0.00775868 0.00206474
v 0.07852244 0.00834139 0.00399082
v 0.07860023 0.00900779 0.00590175
v 0.07849007 0.00926579 0.00788668
v 0.07818804 0.00910685 0.00994718
v 0.07797899 0.00914995 0.01197106
v 0.07776514 0.00899682 0.01327148
v 0.07759787 0.00920369 0.01398816
v 0.07638405 0.01009430 0.01582022
v 0.07904880 0.00321349 -0.01538040
v 0.07950973 0.00336760 -0.01335967
v 0.07970879 0.00363686 -0.01136844
v 0.07933327 0.00415881 -0.00944195
v 0.07899656 0.00466370 -0.00751108
v 0.07861075 0.00519017 -0.00558574
v 0.07856234 0.00556827 -0.00362240
v 0.07867120 0.00587721 -0.00164133
v 0.07859967 0.00626547 0.00031941
v 0.07849711 0.00666738 0.00227666
v 0.07852854 0.00701037 0.00424900
v 0.07864703 0.00731506 0.00623115
v 0.07854149 0.00771829 0.00818807
v 0.07824447 0.00820571 0.01012341
v 0.07807216 0.00863830 0.01207280
v 0.05609290 0.01719761 0.00369725
v 0.05790122 0.01587151 0.00196591
v 0.05737827 0.01523251 0.00411341
v 0.05725559 0.01546332 0.00610327
v 0.05748686 0.01646324 0.00795375
v 0.05978884 0.01471777 0.00020333
v 0.05910398 0.01372694 0.00241459
v 0.05895821 0.01359138 0.00317933
v 0.05808676 0.01420144 0.00433270
v 0.05762725 0.01476033 0.00624973
v 0.05814765 0.01488828 0.00827716
v 0.05891738 0.01531095 0.01025429
v 0.05878277 0.01483212 0.00958001
v 0.05918818 0.01639675 0.01208921
v 0.05917271 0.01686053 0.01403685
v 0.05941060 0.01787484 0.01588472
v 0.06181449 0.01038232 -0.01520447
v 0.06197639 0.01172888 -0.01138513
v 0.06194167 0.01215080 -0.00942990
v 0.06158319 0.01186920 -0.00734717
v 0.06148422 0.01215151 -0.00536664
v 0.06154888 0.01278940 -0.00345055
v 0.06131425 0.01277691 -0.00141660
v 0.06086580 0.01217903 0.00023007
v 0.06068909 0.01234339 0.00068827
v 0.05922181 0.01334547 0.00249177
v 0.05906698 0.01484079 0.01034953
v 0.05947326 0.01501892 0.01236411
v 0.05950422 0.01536211 0.01433640
v 0.05999265 0.01550412 0.01636022
v 0.06111334 0.01731406 0.01807806
v 0.06040846 0.01541334 0.01691514
v 0.06351070 0.00831525 -0.01883322
v 0.06319812 0.00776299 -0.01821446
v 0.06231814 0.00841571 -0.01684742
v 0.06181413 0.00899416 -0.01493540
v 0.06208524 0.00923174 -0.01293605
v 0.06323227 0.00969971 -0.01095736
v 0.06250956 0.00940194 -0.01091945
v 0.06282333 0.00962076 -0.00891530
v 0.06227824 0.01021728 -0.00700790
v 0.06190948 0.01073627 -0.00508065
v 0.06215714 0.01098416 -0.00308394
v 0.06174491 0.01152225 -0.00116158
v 0.06207132 0.01494678 0.01856321
v 0.06218723 0.01491197 0.01866545
v 0.06471827 0.00664657 -0.02051463
v 0.06511178 0.00630772 -0.02138512
v 0.06349363 0.00754194 -0.01868379
v 0.06398785 0.01425601 0.01961826
v 0.06599106 0.00573002 -0.02234004
v 0.06699660 0.00505636 -0.02350385
v 0.06580049 0.01351515 0.02013311
v 0.06920612 0.00492472 -0.02413377
v 0.06855913 0.00424384 -0.02401952
v 0.06884232 0.00408153 -0.02419604
v 0.06761727 0.01274498 0.02049672
v 0.07010993 0.00356183 -0.02384481
v 0.07065608 0.00333270 -0.02372229
v 0.06944928 0.01186710 0.02030471
v 0.07246602 0.00261088 -0.02310927
v 0.07128125 0.01098949 0.02011407
v 0.07470255 0.00309128 -0.02158974
v 0.07426180 0.00198925 -0.02197934
v 0.07311922 0.01006945 0.01970457
v 0.07288289 0.01019210 0.01978123
v 0.07510285 0.00172287 -0.02131351
v 0.07682837 0.00344987 -0.01956302
v 0.07605380 0.00139426 -0.02071198
v 0.07528776 0.00955223 0.01793321
v 0.07497781 0.00900364 0.01854302
v 0.07745005 0.00104743 -0.01908028
v 0.07835979 0.00251683 -0.01730221
v 0.07782129 0.00097271 -0.01854991
v 0.07765725 0.00894818 0.01403932
v 0.07714381 0.00832986 0.01618307
v 0.07683527 0.00794578 0.01742252
v 0.07594441 0.00848892 0.01815733
v 0.07868894 0.00085941 -0.01697191
v 0.07905606 0.00105477 -0.01496174
v 0.07924070 0.00133037 -0.01297214
v 0.07927122 0.00167376 -0.01099990
v 0.07901044 0.00214525 -0.00906048
v 0.07875683 0.00261359 -0.00712025
v 0.07860186 0.00303855 -0.00516891
v 0.07850471 0.00343808 -0.00321105
v 0.07856833 0.00376691 -0.00123508
v 0.07856445 0.00412542 0.00073329
v 0.07848973 0.00451509 0.00269367
v 0.07842582 0.00490000 0.00465527
v 0.07848428 0.00523110 0.00663066
v 0.07846102 0.00559814 0.00859684
v 0.07854268 0.00591903 0.01057484
v 0.07868725 0.00621226 0.01255993
v 0.07849090 0.00665541 0.01450661
v 0.07771437 0.00735372 0.01638793
v 0.05871896 0.01338766 0.00450777
v 0.05848020 0.01336620 0.00654336
v 0.05855129 0.01401806 0.00845691
v 0.06075720 0.01206382 0.00074433
v 0.06005219 0.01102921 0.00296353
v 0.05996056 0.01095384 0.00348269
v 0.05941143 0.01146337 0.00489977
v 0.05895908 0.01201911 0.00681761
v 0.05929765 0.01222702 0.00882455
v 0.05985763 0.01259592 0.01080636
v 0.05977640 0.01225621 0.01020132
v 0.05994170 0.01327598 0.01271481
v 0.05996242 0.01381838 0.01464820
v 0.06022319 0.01488241 0.01648706
v 0.06208301 0.00636359 -0.01645607
v 0.06234035 0.00620210 -0.01669368
v 0.06166371 0.00690480 -0.01453451
v 0.06222649 0.00701679 -0.01250283
v 0.06222555 0.00701397 -0.01250545
v 0.06254735 0.00821138 -0.01068763
v 0.06282438 0.00931074 -0.00885517
v 0.06253612 0.00918172 -0.00680010
v 0.06240345 0.00939081 -0.00480630
v 0.06249711 0.01009171 -0.00290163
v 0.06229695 0.01015412 -0.00088125
v 0.06186820 0.00954112 0.00053154
v 0.06148962 0.00983581 0.00119629
v 0.06012634 0.01079216 0.00301151
v 0.05993349 0.01230420 0.01086499
v 0.06008429 0.01259469 0.01285078
v 0.06020975 0.01289632 0.01483372
v 0.06091134 0.01294458 0.01688156
v 0.06214252 0.01479229 0.01859510
v 0.06140400 0.01282388 0.01746655
v 0.06404067 0.00478905 -0.02017313
v 0.06428260 0.00454459 -0.02090766
v 0.06312309 0.00554938 -0.01830770
v 0.06222626 0.00701421 -0.01250233
v 0.06247833 0.00726016 -0.01050513
v 0.06268876 0.00752442 -0.00851262
v 0.06278103 0.00784065 -0.00653343
v 0.06300944 0.00809701 -0.00453889
v 0.06326835 0.00833996 -0.00254092
v 0.06266585 0.00896173 -0.00064000
v 0.06333177 0.01261835 0.01904911
v 0.06319164 0.01225977 0.01889318
v 0.06511727 0.00395877 -0.02202064
v 0.06617709 0.00322488 -0.02337899
v 0.06378348 0.01203829 0.01917393
v 0.06499473 0.01158646 0.01975646
v 0.06727599 0.00265261 -0.02374624
v 0.06802696 0.00222073 -0.02422242
v 0.06680588 0.01085604 0.02032518
v 0.07045349 0.00287707 -0.02370266
v 0.06984089 0.00147064 -0.02375518
v 0.06862801 0.01004805 0.02049369
v 0.07086592 0.00107385 -0.02334181
v 0.07165149 0.00074420 -0.02316596
v 0.07045193 0.00922738 0.02059677
v 0.07345425 0.00007316 -0.02229097
v 0.07301006 0.00985833 0.01984941
v 0.07227588 0.00840648 0.02069871
v 0.07495652 -0.00036830 -0.02091216
v 0.07523807 -0.00046393 -0.02072492
v 0.07411376 0.00748714 0.02029281
v 0.07399888 0.00754580 0.02032479
v 0.07752356 0.00020232 -0.01891444
v 0.07703403 -0.00108684 -0.01960164
v 0.07656012 0.00755888 0.01835449
v 0.07595612 0.00653607 0.01972322
v 0.07793698 -0.00132222 -0.01860759
v 0.07866978 -0.00128768 -0.01655623
v 0.07898070 -0.00039473 -0.01468283
v 0.07876135 -0.00122434 -0.01597419
v 0.07910215 0.00036654 -0.01278911
v 0.07907459 0.00080402 -0.01083670
v 0.07877311 0.00064628 -0.00877642
v 0.07863995 0.00085431 -0.00678243
v 0.07860234 0.00126994 -0.00482606
v 0.07849089 0.00152514 -0.00284061
v 0.07840496 0.00183579 -0.00086522
v 0.07829368 0.00209134 0.00112016
v 0.07824086 0.00247394 0.00308251
v 0.07823621 0.00248940 0.00318414
v 0.07816394 0.00285965 0.00504360
v 0.07827806 0.00354952 0.00695097
v 0.07817553 0.00291852 0.00539784
v 0.07845215 0.00442519 0.00882397
v 0.07863647 0.00532311 0.01069293
v 0.07873634 0.00603750 0.01259515
v 0.07863079 0.00630551 0.01457827
v 0.07834421 0.00618014 0.01663269
v 0.07781307 0.00548182 0.01862133
v 0.07766166 0.00557819 0.01876863
v 0.07902609 -0.00108758 -0.01454728
v 0.07904414 -0.00073870 -0.01257645
v 0.07889367 -0.00031573 -0.01062460
v 0.07871132 0.00012128 -0.00867634
v 0.07860257 0.00052591 -0.00671979
v 0.07857935 0.00089293 -0.00475361
v 0.07848565 0.00129094 -0.00279536
v 0.07839409 0.00168801 -0.00083687
v 0.07829337 0.00208911 0.00112058
v 0.07824029 0.00246927 0.00308340
v 0.07823936 0.00318329 0.00702090
v 0.07844603 0.00344921 0.00901299
v 0.07899197 0.00356592 0.01104329
v 0.07959808 0.00365618 0.01308038
v 0.07966331 0.00398430 0.01505653
v 0.07894642 0.00465638 0.01694457
v 0.05961519 0.01057697 0.00507718
v 0.05938190 0.01056742 0.00711060
v 0.05950972 0.01134253 0.00900182
v 0.06084912 0.00475070 -0.01617724
v 0.06153066 0.00430111 -0.01692736
v 0.06053488 0.00524570 -0.01424384
v 0.06222267 0.00700849 -0.01250132
v 0.06104228 0.00537936 -0.01221788
v 0.06136010 0.00550735 -0.01070464
v 0.06155208 0.00903290 0.00135365
v 0.06099943 0.00832936 0.00351284
v 0.06096445 0.00830534 0.00372952
v 0.06018405 0.00896806 0.00540465
v 0.05966487 0.00955319 0.00731496
v 0.05975826 0.00986893 0.00929428
v 0.06029492 0.00998972 0.01132355
v 0.06074164 0.01025606 0.01332213
v 0.06071168 0.01009289 0.01295107
v 0.06095027 0.01120678 0.01518152
v 0.06122837 0.01230847 0.01701356
v 0.06315311 0.00302384 -0.01985528
v 0.06347330 0.00264093 -0.02115508
v 0.06212705 0.00383189 -0.01800208
v 0.06149016 0.00553921 -0.01019862
v 0.06176936 0.00577323 -0.00819836
v 0.06198564 0.00603492 -0.00620520
v 0.06244601 0.00618927 -0.00418453
v 0.06244417 0.00654688 -0.00221593
v 0.06222044 0.00700208 -0.00027234
v 0.06158532 0.00763820 0.00162491
v 0.06102188 0.00824279 0.00353024
v 0.06076641 0.01013918 0.01334546
v 0.06135549 0.01023692 0.01538063
v 0.06241374 0.01012834 0.01746865
v 0.06241457 0.01012815 0.01746972
v 0.06541701 0.00144918 -0.02356392
v 0.06533581 0.00135033 -0.02354699
v 0.06536669 0.00132897 -0.02358644
v 0.06379928 0.00238287 -0.02175129
v 0.06469578 0.01082415 0.01943429
v 0.06420196 0.00956579 0.01890542
v 0.06722358 0.00027514 -0.02468618
v 0.06590662 0.00894906 0.01983096
v 0.06600180 0.00891546 0.01988727
v 0.06904133 -0.00050189 -0.02435794
v 0.06781220 0.00819040 0.02048358
v 0.07151193 0.00041888 -0.02319714
v 0.07085285 -0.00123491 -0.02380262
v 0.06962693 0.00743469 0.02092181
v 0.07171397 -0.00145463 -0.02282843
v 0.07263774 -0.00177952 -0.02227543
v 0.07144771 0.00663624 0.02113954
v 0.07471190 -0.00164660 -0.02067108
v 0.07442280 -0.00232540 -0.02075474
v 0.07402645 0.00730878 0.02037149
v 0.07327533 0.00578944 0.02110787
v 0.07489565 -0.00249706 -0.02050118
v 0.07622798 -0.00301353 -0.01996786
v 0.07511302 0.00487138 0.02070857
v 0.07458993 0.00513034 0.02080921
v 0.07770736 -0.00337677 -0.01821562
v 0.07858088 -0.00176093 -0.01646693
v 0.07798660 -0.00337242 -0.01748257
v 0.07815995 0.00279550 0.00505593
v 0.07768899 0.00525372 0.01883228
v 0.07696549 0.00384877 0.01976990
v 0.07848303 -0.00336108 -0.01615943
v 0.07883140 -0.00315748 -0.01415138
v 0.07878077 -0.00277841 -0.01218828
v 0.07854121 -0.00231625 -0.01024647
v 0.07828888 -0.00184848 -0.00830610
v 0.07817871 -0.00144322 -0.00634971
v 0.07809222 -0.00104837 -0.00439065
v 0.07798501 -0.00064442 -0.00243392
v 0.07792780 -0.00026245 -0.00047157
v 0.07799246 0.00006592 0.00150452
v 0.07809885 0.00037594 0.00348531
v 0.07818455 0.00069506 0.00546376
v 0.07829479 0.00100338 0.00744498
v 0.07845785 0.00128848 0.00943216
v 0.07872214 0.00152906 0.01143073
v 0.07944603 0.00282145 0.01323802
v 0.07898547 0.00164160 0.01272039
v 0.07966072 0.00378535 0.01509502
v 0.07902620 0.00290393 0.01728646
v 0.07884745 0.00261767 0.01775572
v 0.07779339 0.00336473 0.01920131
v 0.07919260 0.00167897 0.01345254
v 0.07957086 0.00186943 0.01546395
v 0.07906728 0.00244770 0.01737602
v 0.06090052 0.00264333 -0.01780530
v 0.06063351 0.00233317 -0.01775250
v 0.06074312 0.00224354 -0.01796874
v 0.06003712 0.00295226 -0.01585088
v 0.05979646 0.00341490 -0.01390919
v 0.06031264 0.00354471 -0.01188224
v 0.06053866 0.00368941 -0.01050986
v 0.06035939 0.00743594 0.00570645
v 0.06004924 0.00715057 0.00734549
v 0.05995509 0.00727002 0.00776550
v 0.06011200 0.00789311 0.00968698
v 0.06002266 0.00733854 0.00831519
v 0.06050671 0.00924819 0.01147309
v 0.06300676 0.00146727 -0.02159553
v 0.06252633 0.00078714 -0.02147686
v 0.06267534 0.00065697 -0.02181677
v 0.06200722 0.00137224 -0.01956654
v 0.06062560 0.00376388 -0.00987818
v 0.06079862 0.00404460 -0.00788989
v 0.06101790 0.00430497 -0.00589638
v 0.06131532 0.00453098 -0.00389407
v 0.06169393 0.00472128 -0.00188262
v 0.06185767 0.00500608 0.00010463
v 0.06147182 0.00553258 0.00202996
v 0.06086787 0.00615499 0.00393073
v 0.06030371 0.00675990 0.00583597
v 0.06012337 0.00755282 0.00975326
v 0.06063343 0.00768531 0.01177952
v 0.06124661 0.00777246 0.01381740
v 0.06191640 0.00854800 0.01572339
v 0.06167265 0.00774786 0.01476352
v 0.06241420 0.01012709 0.01746891
v 0.06386834 -0.00015985 -0.02329447
v 0.06456165 -0.00060493 -0.02398986
v 0.06222441 0.00769925 0.01589636
v 0.06348919 0.00770487 0.01796791
v 0.06341516 0.00750292 0.01783666
v 0.06641269 -0.00161741 -0.02487626
v 0.06358490 0.00745775 0.01801844
v 0.06596327 0.00882022 0.01985749
v 0.06519942 0.00696276 0.01938689
v 0.06838174 -0.00212221 -0.02482833
v 0.06730177 -0.00202660 -0.02487647
v 0.06824012 -0.00246291 -0.02490121
v 0.06694347 0.00633754 0.02036561
v 0.06699830 0.00631918 0.02040356
v 0.06949964 -0.00299317 -0.02462886
v 0.07005568 -0.00322446 -0.02449315
v 0.06880395 0.00562771 0.02117318
v 0.07203801 -0.00319613 -0.02248197
v 0.07183404 -0.00372291 -0.02272777
v 0.07061897 0.00487000 0.02160109
v 0.07220638 -0.00382672 -0.02235512
v 0.07362400 -0.00430340 -0.02138565
v 0.07244576 0.00402903 0.02159946
v 0.07567523 -0.00431146 -0.02012810
v 0.07542148 -0.00493709 -0.02031793
v 0.07464738 0.00389987 0.02104931
v 0.07427920 0.00314100 0.02135508
v 0.07589330 -0.00509133 -0.01997095
v 0.07767315 -0.00423080 -0.01805101
v 0.07720661 -0.00548343 -0.01879962
v 0.07612235 0.00218438 0.02075682
v 0.07459075 0.00297444 0.02122714
v 0.07758569 -0.00547880 -0.01781149
v 0.07819910 -0.00539176 -0.01577358
v 0.07850264 -0.00516844 -0.01377058
v 0.07842945 -0.00477945 -0.01181002
v 0.07806728 -0.00426337 -0.00988202
v 0.07768997 -0.00374062 -0.00795573
v 0.07771429 -0.00339451 -0.00598419
v 0.07761019 -0.00299192 -0.00402711
v 0.07756946 -0.00261721 -0.00206290
v 0.07759845 -0.00227315 -0.00009083
v 0.07785274 -0.00202817 0.00190662
v 0.07806990 -0.00176687 0.00389989
v 0.07817048 -0.00145429 0.00588002
v 0.07826830 -0.00114050 0.00785984
v 0.07812370 -0.00072011 0.00981235
v 0.07815730 -0.00037808 0.01178494
v 0.07818912 -0.00035374 0.01200004
v 0.07799741 0.00100202 0.01899407
v 0.07763152 0.00128038 0.01960091
v 0.07858855 -0.00021092 0.01380232
v 0.07901204 -0.00004036 0.01581884
v 0.07878787 0.00041504 0.01776238
v 0.05963919 0.00061493 -0.01744668
v 0.05994218 0.00028071 -0.01852149
v 0.05921952 0.00115630 -0.01552516
v 0.05921446 0.00151533 -0.01355693
v 0.06014467 0.00249299 -0.01168297
v 0.05975681 0.00159162 -0.01175880
v 0.05983570 0.00679533 0.00785424
v 0.06121882 -0.00079337 -0.02120632
v 0.06187435 -0.00130551 -0.02236768
v 0.06042084 -0.00008562 -0.01932742
v 0.05991341 0.00156476 -0.01150938
v 0.06004969 0.00186164 -0.00952523
v 0.06004371 0.00222107 -0.00755710
v 0.06004018 0.00257943 -0.00558869
v 0.06036708 0.00279248 -0.00358306
v 0.06113993 0.00280940 -0.00152719
v 0.06166056 0.00401307 0.00029172
v 0.06128317 0.00287530 -0.00079987
v 0.06121790 0.00333688 0.00158135
v 0.06104035 0.00356681 0.00239919
v 0.06014611 0.00431688 0.00426725
v 0.05951641 0.00495061 0.00616511
v 0.05939502 0.00536080 0.00812024
v 0.05986385 0.00551143 0.01014185
v 0.06061648 0.00553725 0.01219545
v 0.06138415 0.00689405 0.01399145
v 0.06091220 0.00549877 0.01273405
v 0.06251955 -0.00172220 -0.02302859
v 0.06374737 -0.00247336 -0.02405559
v 0.06152172 0.00299831 0.00048462
v 0.06163196 0.00544747 0.01427865
v 0.06269842 0.00548916 0.01633777
v 0.06264377 0.00533117 0.01620615
v 0.06622128 -0.00205871 -0.02489986
v 0.06504710 -0.00319057 -0.02471264
v 0.06559984 -0.00349596 -0.02499419
v 0.06273493 0.00531922 0.01637171
v 0.06416034 0.00504916 0.01850110
v 0.06440018 0.00498795 0.01877231
v 0.06743122 -0.00436937 -0.02516314
v 0.06696746 0.00624414 0.02038437
v 0.06619150 0.00439778 0.02006454
v 0.06997255 -0.00342357 -0.02453246
v 0.06924833 -0.00514192 -0.02481181
v 0.06795661 0.00373646 0.02089758
v 0.06799478 0.00372313 0.02092091
v 0.07042990 -0.00555780 -0.02410622
v 0.07104431 -0.00576496 -0.02368920
v 0.06980657 0.00298820 0.02146633
v 0.07246157 -0.00609447 -0.02190853
v 0.07281614 -0.00621728 -0.02168584
v 0.07161954 0.00224502 0.02196923
v 0.07461565 -0.00686529 -0.02069202
v 0.07344412 0.00141967 0.02204819
v 0.07586407 -0.00723400 -0.01955641
v 0.07639067 -0.00734016 -0.01880501
v 0.07528582 0.00047328 0.02150270
v 0.07463373 0.00080003 0.02164982
v 0.07706297 -0.00740444 -0.01745254
v 0.07772245 -0.00733765 -0.01540944
v 0.07785484 -0.00703907 -0.01342572
v 0.07768329 -0.00660682 -0.01147625
v 0.07733634 -0.00609743 -0.00954653
v 0.07699180 -0.00558910 -0.00761655
v 0.07693683 -0.00520812 -0.00565394
v 0.07706338 -0.00490697 -0.00367088
v 0.07718218 -0.00460241 -0.00168869
v 0.07732698 -0.00430928 0.00029642
v 0.07756939 -0.00405908 0.00229253
v 0.07792976 -0.00296026 0.00412738
v 0.07762609 -0.00399898 0.00276814
v 0.07806462 -0.00216983 0.00601582
v 0.07825129 -0.00126683 0.00788386
v 0.07808981 -0.00112036 0.00988901
v 0.07813981 -0.00051433 0.01181087
v 0.07750720 0.00010051 0.01982622
v 0.07714272 -0.00058067 0.02040239
v 0.07781334 -0.00380956 0.00428882
v 0.07790529 -0.00349319 0.00626798
v 0.07800120 -0.00317856 0.00824758
v 0.07796251 -0.00280473 0.01021203
v 0.07800905 -0.00246840 0.01218607
v 0.07823084 -0.00220913 0.01417986
v 0.07836106 -0.00190959 0.01616333
v 0.07820499 -0.00148415 0.01811455
v 0.07751055 -0.00082194 0.02000512
v -0.02132913 0.03630275 -0.01435616
v -0.02189611 0.03645754 -0.01440170
v -0.02134636 0.03609005 -0.01503348
v -0.02138739 0.03667352 -0.01239166
v -0.02207611 0.03689351 -0.01245318
v -0.02144885 0.03681487 -0.01129429
v -0.01947038 0.03508626 -0.01610736
v -0.01988799 0.03521761 -0.01614427
v -0.01948412 0.03499840 -0.01632830
v -0.01940745 0.03572036 -0.01419059
v -0.01950788 0.03599951 -0.01220949
v -0.01963388 0.03605750 -0.01086465
v -0.01760279 0.03438633 -0.01592050
v -0.01765050 0.03410911 -0.01657919
v -0.01751401 0.03507663 -0.01401391
v -0.01763244 0.03531665 -0.01202571
v -0.01782772 0.03536237 -0.01011389
v -0.01584648 0.03344461 -0.01568981
v -0.01584750 0.03343637 -0.01571295
v -0.01573048 0.03419405 -0.01379394
v -0.01580726 0.03452459 -0.01182215
v -0.01647286 0.03478614 -0.00985312
v -0.01600621 0.03458964 -0.00980224
v -0.01601059 0.03458975 -0.00976293
v -0.01574650 0.03339628 -0.01567770
v -0.01403806 0.03271816 -0.01508126
v -0.01398801 0.03322226 -0.01355780
v -0.01406581 0.03355056 -0.01158560
v -0.01417129 0.03366033 -0.01022085
v -0.01585969 0.03451648 -0.00978404
v -0.01223155 0.03228085 -0.01332717
v -0.01224593 0.03212230 -0.01381844
v -0.01229825 0.03249231 -0.01190965
v -0.01256531 0.03271088 -0.01138171
v -0.01139759 0.03184054 -0.01321895
v 0.05872571 -0.00113887 -0.01713175
v 0.05913328 -0.00162583 -0.01878378
v 0.05848482 -0.00067612 -0.01519009
v 0.05863903 -0.00038714 -0.01320392
v 0.05895102 -0.00033687 -0.01213434
v 0.06014704 -0.00247755 -0.02090923
v 0.06105752 -0.00315592 -0.02234040
v 0.05923706 -0.00172056 -0.01904295
v 0.05940068 -0.00036528 -0.01114931
v 0.05944940 -0.00002990 -0.00917502
v 0.05940819 0.00034503 -0.00721086
v 0.05932127 0.00074006 -0.00525185
v 0.05952833 0.00100581 -0.00325972
v 0.05996673 0.00116982 -0.00124153
v 0.06043122 0.00127320 0.00050839
v 0.06027271 0.00174887 0.00273055
v 0.06040251 0.00147622 0.00155570
v 0.05946057 0.00246284 0.00460785
v 0.05887794 0.00307587 0.00651102
v 0.05882482 0.00345604 0.00847383
v 0.05942396 0.00354936 0.01051013
v 0.06058469 0.00465945 0.01236473
v 0.06012373 0.00344770 0.01172614
v 0.06150372 -0.00343099 -0.02272519
v 0.06292916 -0.00431409 -0.02397840
v 0.06049710 0.00129338 0.00078702
v 0.06054622 0.00341262 0.01260537
v 0.06163567 0.00329031 0.01469691
v 0.06185933 0.00325165 0.01505152
v 0.06395829 -0.00486726 -0.02441746
v 0.06477769 -0.00530881 -0.02477315
v 0.06285766 0.00310972 0.01680338
v 0.06414126 0.00436362 0.01863347
v 0.06360274 0.00300037 0.01809197
v 0.06661061 -0.00619309 -0.02499824
v 0.06434208 0.00281371 0.01893941
v 0.06538270 0.00249054 0.01979861
v 0.06843731 -0.00703345 -0.02499667
v 0.06795916 0.00364092 0.02091617
v 0.06717850 0.00186877 0.02092780
v 0.07067971 -0.00664510 -0.02388860
v 0.07024175 -0.00771635 -0.02418288
v 0.06872804 0.00124168 0.02140233
v 0.06898937 0.00114040 0.02150709
v 0.07073672 -0.00784825 -0.02365381
v 0.07248122 -0.00699122 -0.02173416
v 0.07201466 -0.00817631 -0.02221891
v 0.07079239 0.00046748 0.02237237
v 0.07269954 -0.00835465 -0.02146388
v 0.07380260 -0.00874250 -0.02080304
v 0.07260421 -0.00026760 0.02291705
v 0.07507829 -0.00904396 -0.01922710
v 0.07556855 -0.00915318 -0.01858487
v 0.07472940 -0.00068010 0.02193936
v 0.07444736 -0.00122425 0.02231864
v 0.07655461 -0.00933640 -0.01709197
v 0.07692285 -0.00914154 -0.01508169
v 0.07691289 -0.00878035 -0.01311401
v 0.07675170 -0.00835266 -0.01116336
v 0.07648837 -0.00788004 -0.00922423
v 0.07625517 -0.00742068 -0.00728170
v 0.07630021 -0.00708368 -0.00530782
v 0.07648114 -0.00680644 -0.00331864
v 0.07665463 -0.00652593 -0.00133029
v 0.07680387 -0.00623476 0.00065532
v 0.07744915 -0.00450199 0.00237509
v 0.07685454 -0.00616967 0.00114311
v 0.07630078 -0.00225355 0.02134549
v 0.07484182 -0.00144702 0.02209110
v 0.07708281 -0.00600062 0.00265555
v 0.07730465 -0.00574137 0.00464935
v 0.07751644 -0.00547771 0.00664201
v 0.07760929 -0.00516173 0.00862127
v 0.07774252 -0.00486352 0.01060508
v 0.07785890 -0.00455789 0.01258699
v 0.07803576 -0.00427887 0.01457572
v 0.07822018 -0.00400316 0.01656530
v 0.07786492 -0.00349012 0.01849408
v 0.07720045 -0.00284109 0.02038802
v -0.02950082 0.03807578 -0.01288587
v -0.02974823 0.03811199 -0.01289967
v -0.02948007 0.03767214 -0.01464572
v -0.02955676 0.03821453 -0.01184767
v -0.02741274 0.03686024 -0.01666895
v -0.02902837 0.03708179 -0.01675618
v -0.02756032 0.03617378 -0.01803869
v -0.02732294 0.03755276 -0.01476276
v -0.02945702 0.03762711 -0.01483567
v -0.02737005 0.03794776 -0.01280265
v -0.02941655 0.03832292 -0.01089351
v -0.02747355 0.03822022 -0.01082034
v -0.02761609 0.03840787 -0.00882265
v -0.02891897 0.03846091 -0.00886865
v -0.02784431 0.03840932 -0.00679122
v -0.02803261 0.03842792 -0.00679999
v -0.02787427 0.03839398 -0.00658515
v -0.02563142 0.03547549 -0.01838966
v -0.02679253 0.03574172 -0.01847309
v -0.02571354 0.03519148 -0.01876937
v -0.02537711 0.03652547 -0.01654826
v -0.02524764 0.03730420 -0.01465769
v -0.02526920 0.03775471 -0.01270765
v -0.02533903 0.03810034 -0.01073859
v -0.02547801 0.03829571 -0.00874231
v -0.02575928 0.03818188 -0.00668998
v -0.02621867 0.03798699 -0.00462683
v -0.02608739 0.03796627 -0.00461922
v -0.02610536 0.03796234 -0.00447514
v -0.02362318 0.03508122 -0.01825819
v -0.02386853 0.03422166 -0.01943570
v -0.02332228 0.03623244 -0.01643513
v -0.02327576 0.03683090 -0.01451190
v -0.02329560 0.03728515 -0.01256253
v -0.02335349 0.03765675 -0.01059818
v -0.02349254 0.03785196 -0.00860186
v -0.02377911 0.03772661 -0.00654745
v -0.02411998 0.03748327 -0.00447166
v -0.02432705 0.03746423 -0.00270801
v -0.02202033 0.03330865 -0.01990861
v -0.02213349 0.03333597 -0.01991701
v -0.02202816 0.03328466 -0.01993272
v -0.02158158 0.03475942 -0.01813985
v -0.02137931 0.03569632 -0.01627795
v -0.02150114 0.03692370 -0.01040531
v -0.02167466 0.03704403 -0.00839542
v -0.02193428 0.03697724 -0.00635162
v -0.02222101 0.03685155 -0.00429715
v -0.02390379 0.03732577 -0.00239724
v -0.02243772 0.03687802 -0.00227026
v -0.02254404 0.03693288 -0.00111240
v -0.02010073 0.03272176 -0.01974223
v -0.02019944 0.03243000 -0.02000494
v -0.01964061 0.03421896 -0.01798188
v -0.01970083 0.03607760 -0.01019195
v -0.01984927 0.03625241 -0.00819194
v -0.02008646 0.03623437 -0.00615697
v -0.02032975 0.03620308 -0.00411961
v -0.02054219 0.03623881 -0.00209439
v -0.02137516 0.03657055 -0.00014356
v -0.02071796 0.03635424 -0.00008362
v -0.02075786 0.03637909 0.00036749
v -0.01819844 0.03209723 -0.01956903
v -0.01837031 0.03157248 -0.02009196
v -0.01775965 0.03354811 -0.01780028
v -0.01784026 0.03536244 -0.01000232
v -0.01801978 0.03546971 -0.00799007
v -0.01824606 0.03547537 -0.00595940
v -0.01847484 0.03547561 -0.00392775
v -0.01869024 0.03550493 -0.00190137
v -0.01887036 0.03561089 0.00011112
v -0.01894702 0.03565095 0.00094794
v -0.01626907 0.03153158 -0.01940649
v -0.01654077 0.03071206 -0.02019388
v -0.01593813 0.03274809 -0.01759527
v -0.01622416 0.03461341 -0.00777486
v -0.01644803 0.03462431 -0.00574514
v -0.01665589 0.03467000 -0.00372173
v -0.01685365 0.03473765 -0.00170229
v -0.01706787 0.03476952 0.00032362
v -0.01711899 0.03480120 0.00090103
v -0.01433748 0.03097074 -0.01924483
v -0.01471242 0.02986011 -0.02025215
v -0.01412181 0.03193676 -0.01738821
v -0.01405151 0.03258689 -0.01547434
v -0.01422807 0.03369536 -0.00958015
v -0.01445995 0.03368886 -0.00754728
v -0.01467583 0.03371712 -0.00552071
v -0.01489057 0.03374786 -0.00349459
v -0.01509402 0.03380313 -0.00147291
v -0.01527996 0.03387367 0.00045287
v -0.01555505 0.03401100 0.00051212
v -0.01259448 0.03000009 -0.01900890
v -0.01289734 0.02910197 -0.01982648
v -0.01232261 0.03108823 -0.01717441
v -0.01229066 0.03165503 -0.01524544
v -0.01232650 0.03257190 -0.01134822
v -0.01250712 0.03267678 -0.00933553
v -0.01268382 0.03279019 -0.00732439
v -0.01289560 0.03282738 -0.00529944
v -0.01314061 0.03279233 -0.00326140
v -0.01339908 0.03272806 -0.00121805
v -0.01341058 0.03273152 -0.00110246
v -0.01082428 0.02908855 -0.01878368
v -0.01107749 0.02831002 -0.01957517
v -0.01058651 0.03010260 -0.01693576
v -0.01049733 0.03079376 -0.01502933
v -0.01047225 0.03134563 -0.01309765
v -0.01060938 0.03154501 -0.01110210
v -0.01079730 0.03163404 -0.00908654
v -0.01097948 0.03173554 -0.00707324
v -0.01115911 0.03184258 -0.00506095
v -0.01137777 0.03186479 -0.00303328
v -0.01158051 0.03192162 -0.00101188
v -0.01158832 0.03192258 -0.00093881
v -0.00906019 0.02816371 -0.01855605
v -0.00925818 0.02752197 -0.01930379
v -0.00874500 0.02934600 -0.01673863
v -0.00871011 0.02991920 -0.01481081
v -0.00877926 0.03026631 -0.01284203
v -0.00892155 0.03045448 -0.01084444
v -0.00908758 0.03059107 -0.00883750
v -0.00926982 0.03069244 -0.00682418
v -0.00948113 0.03073063 -0.00479941
v -0.00965683 0.03084621 -0.00278866
v -0.00973974 0.03092756 -0.00173515
v -0.01140368 0.03182852 -0.00098899
v -0.00738362 0.02704874 -0.01829396
v -0.00745068 0.02681741 -0.01860170
v -0.00703396 0.02830590 -0.01649011
v -0.00698945 0.02890000 -0.01456608
v -0.00712866 0.02909487 -0.01256971
v -0.00728437 0.02925390 -0.01056683
v -0.00743627 0.02942119 -0.00856546
v -0.00764785 0.02945878 -0.00654058
v -0.00782835 0.02948827 -0.00482337
v -0.00803623 0.02963398 -0.00454722
v -0.00910865 0.03046242 -0.00269924
v -0.00647166 0.02644827 -0.01815257
v -0.00564750 0.02614343 -0.01774185
v -0.00536922 0.02716520 -0.01622336
v -0.00539832 0.02759934 -0.01427034
v -0.00551278 0.02784799 -0.01228371
v -0.00562331 0.02810519 -0.01029863
v -0.00581652 0.02818272 -0.00828099
v -0.00593885 0.02820386 -0.00711258
v -0.00658979 0.02864106 -0.00635307
v -0.00376753 0.02588749 -0.01593178
v -0.00384203 0.02545324 -0.01696562
v -0.00384596 0.02621444 -0.01395934
v -0.00391482 0.02656217 -0.01199066
v -0.00403185 0.02679561 -0.01004066
v -0.00404385 0.02680781 -0.01000385
v -0.00529743 0.02771591 -0.00817627
v -0.00305670 0.02530326 -0.01579904
v -0.00345887 0.02583693 -0.01387555
v -0.00362402 0.02626637 -0.01192535
v 0.05772406 -0.00285390 -0.01682676
v 0.05831404 -0.00345931 -0.01866916
v 0.05750066 -0.00239885 -0.01488313
v 0.05771018 -0.00213419 -0.01289072
v 0.05811689 -0.00206508 -0.01147666
v 0.06052768 -0.00441715 -0.02256078
v 0.06010992 -0.00497357 -0.02246438
v 0.06024903 -0.00506546 -0.02261814
v 0.05892840 -0.00409716 -0.02062868
v 0.05833678 -0.00348017 -0.01872653
v 0.05835317 -0.00206015 -0.01084948
v 0.05856511 -0.00179655 -0.00885680
v 0.05868431 -0.00149216 -0.00687457
v 0.05864653 -0.00111874 -0.00491002
v 0.05869998 -0.00078544 -0.00293520
v 0.05885256 -0.00049574 -0.00094921
v 0.06020500 0.00085014 0.00086494
v 0.05938002 -0.00037089 0.00107902
v 0.05951161 -0.00007196 0.00306264
v 0.05903540 0.00049428 0.00497779
v 0.05872145 0.00098915 0.00691123
v 0.05867946 0.00136442 0.00887530
v 0.05927319 0.00146012 0.01091099
v 0.05932745 0.00145193 0.01100354
v 0.06211374 -0.00617458 -0.02400308
v 0.06026844 0.00137924 0.01299191
v 0.06160836 0.00262307 0.01482550
v 0.06106546 0.00123877 0.01424064
v 0.06264916 -0.00644708 -0.02414711
v 0.06395987 -0.00715230 -0.02471018
v 0.06156553 0.00116562 0.01510684
v 0.06271322 0.00101770 0.01720494
v 0.06280716 0.00099956 0.01734341
v 0.06578960 -0.00801407 -0.02481908
v 0.06432819 0.00066428 0.01935569
v 0.06457163 0.00059934 0.01961551
v 0.06762010 -0.00888124 -0.02495585
v 0.06636127 0.00002110 0.02096925
v 0.06943104 -0.00961011 -0.02437920
v 0.06785000 -0.00052772 0.02172125
v 0.06816284 -0.00064152 0.02188769
v 0.07077847 -0.01002215 -0.02323127
v 0.07121953 -0.01018024 -0.02298361
v 0.06996141 -0.00128295 0.02291548
v 0.07300015 -0.01062177 -0.02101617
v 0.07299256 -0.01064101 -0.02102385
v 0.07177094 -0.00200183 0.02354367
v 0.07300074 -0.01064265 -0.02101211
v 0.07444893 -0.01092272 -0.01888016
v 0.07474842 -0.01098039 -0.01843790
v 0.07361283 -0.00294954 0.02299141
v 0.07584362 -0.01117927 -0.01675423
v 0.07613116 -0.01094891 -0.01475304
v 0.07601626 -0.01054157 -0.01279718
v 0.07582970 -0.01010272 -0.01084940
v 0.07566628 -0.00967405 -0.00889900
v 0.07561548 -0.00929490 -0.00693593
v 0.07578962 -0.00901468 -0.00494750
v 0.07595047 -0.00872861 -0.00296058
v 0.07612054 -0.00838380 -0.00098479
v 0.07609856 -0.00845049 -0.00104996
v 0.07667327 -0.00668535 0.00073909
v 0.07546619 -0.00397844 0.02202034
v 0.07474284 -0.00355902 0.02249779
v 0.07610482 -0.00843968 -0.00097439
v 0.07628986 -0.00816425 0.00101526
v 0.07652114 -0.00790915 0.00301011
v 0.07673357 -0.00764576 0.00500285
v 0.07686864 -0.00734836 0.00698687
v 0.07706986 -0.00708004 0.00897834
v 0.07742165 -0.00687795 0.01098677
v 0.07763076 -0.00637868 0.01293369
v 0.07755706 -0.00668697 0.01238438
v 0.07786133 -0.00538027 0.01478444
v 0.07815329 -0.00424847 0.01661102
v 0.07739843 -0.00556513 0.01817172
v 0.07720079 -0.00535359 0.01883710
v 0.07643472 -0.00465988 0.02071959
v 0.07759904 -0.00659915 0.01297556
v 0.07765033 -0.00626490 0.01495014
v 0.07758329 -0.00587861 0.01691139
v -0.03387301 0.03709664 -0.01689185
v -0.03395070 0.03709100 -0.01689289
v -0.03388580 0.03704628 -0.01697485
v -0.03377018 0.03781746 -0.01499079
v -0.03466198 0.03776061 -0.01500422
v -0.03379196 0.03826750 -0.01304066
v -0.03502186 0.03827569 -0.01307596
v -0.03395049 0.03842039 -0.01103668
v -0.03453984 0.03842051 -0.01105285
v -0.03408147 0.03842997 -0.00983670
v -0.03198429 0.03594527 -0.01865486
v -0.03217513 0.03595334 -0.01866166
v -0.03201070 0.03586361 -0.01873922
v -0.03162064 0.03723285 -0.01685652
v -0.03154026 0.03790488 -0.01494662
v -0.03159230 0.03828918 -0.01298457
v -0.03172854 0.03849051 -0.01098936
v -0.03378035 0.03844331 -0.00899849
v -0.03192164 0.03856827 -0.00897176
v -0.03224719 0.03835822 -0.00690200
v -0.03275369 0.03834862 -0.00691403
v -0.03235540 0.03830131 -0.00616369
v -0.02979668 0.03594076 -0.01859402
v -0.03015380 0.03480973 -0.01983917
v -0.02948295 0.03711987 -0.01677602
v -0.02947812 0.03762772 -0.01483637
v -0.02961186 0.03833186 -0.01090059
v -0.02976318 0.03850042 -0.00889945
v -0.02998089 0.03852471 -0.00687215
v -0.03161172 0.03820321 -0.00481657
v -0.03035738 0.03820396 -0.00478233
v -0.03061326 0.03805897 -0.00307712
v -0.02820950 0.03413413 -0.02023828
v -0.02903561 0.03421584 -0.02027676
v -0.02831026 0.03385029 -0.02045194
v -0.02763605 0.03587762 -0.01852256
v -0.02815110 0.03824003 -0.00472885
v -0.03042905 0.03803991 -0.00271453
v -0.02848691 0.03800768 -0.00265505
v -0.02871945 0.03799976 -0.00062192
v -0.02964906 0.03805370 -0.00065786
v -0.02890501 0.03809391 0.00139271
v -0.02893134 0.03809487 0.00139180
v -0.02891044 0.03809473 0.00144413
v -0.02616933 0.03380924 -0.02011938
v -0.02647494 0.03294906 -0.02076445
v -0.02634175 0.03791093 -0.00257749
v -0.02662247 0.03779831 -0.00052539
v -0.02686479 0.03776911 0.00151160
v -0.02785667 0.03797906 0.00348168
v -0.02704026 0.03788519 0.00352225
v -0.02718305 0.03795670 0.00506880
v -0.02410744 0.03353154 -0.02000903
v -0.02463757 0.03203324 -0.02115218
v -0.02435688 0.03746587 -0.00243681
v -0.02457193 0.03749593 -0.00041057
v -0.02479690 0.03750445 0.00161958
v -0.02501877 0.03751970 0.00364851
v -0.02678379 0.03786404 0.00557135
v -0.02525541 0.03750285 0.00568326
v -0.02540827 0.03748354 0.00696465
v -0.02281263 0.03120538 -0.02108615
v -0.02262278 0.03697325 -0.00025582
v -0.02277596 0.03713777 0.00174605
v -0.02301052 0.03712545 0.00377998
v -0.02328650 0.03702312 0.00583022
v -0.02445939 0.03719863 0.00780201
v -0.02354490 0.03695898 0.00787354
v -0.02362954 0.03698248 0.00871656
v -0.02098055 0.03032701 -0.02128075
v -0.02090236 0.03645091 0.00193056
v -0.02111574 0.03648462 0.00395614
v -0.02136202 0.03644683 0.00599468
v -0.02164016 0.03633979 0.00804577
v -0.02183728 0.03638573 0.00997482
v -0.01908597 0.02967126 -0.02116106
v -0.02046891 0.03009160 -0.02128045
v -0.01915488 0.02949390 -0.02124178
v -0.01906259 0.03569054 0.00212838
v -0.01926750 0.03574265 0.00415063
v -0.01949637 0.03574270 0.00618231
v -0.01975568 0.03567659 0.00822598
v -0.02158659 0.03629205 0.01009446
v -0.01997889 0.03568894 0.01025544
v -0.02002876 0.03567398 0.01063981
v -0.01713257 0.02915782 -0.02100799
v -0.01732812 0.02865318 -0.02124210
v -0.01725406 0.03486230 0.00233850
v -0.01746258 0.03490655 0.00436217
v -0.01770223 0.03488318 0.00639810
v -0.01793687 0.03487067 0.00843206
v -0.01815744 0.03488875 0.01046048
v -0.01820828 0.03487764 0.01086840
v -0.01522192 0.02855146 -0.02083808
v -0.01550278 0.02782248 -0.02119074
v -0.01528890 0.03387703 0.00054539
v -0.01545424 0.03401513 0.00255205
v -0.01569374 0.03399206 0.00458793
v -0.01594325 0.03394726 0.00662774
v -0.01617535 0.03394028 0.00866070
v -0.01637629 0.03399989 0.01067708
v -0.01639110 0.03400719 0.01067978
v -0.01353673 0.02745520 -0.02057938
v -0.01368690 0.02705867 -0.02079430
v -0.01359201 0.03280619 0.00079948
v -0.01376281 0.03293242 0.00280830
v -0.01395049 0.03302196 0.00482376
v -0.01417352 0.03303469 0.00685315
v -0.01442685 0.03298158 0.00889446
v -0.01452516 0.03298676 0.00978735
v -0.01171737 0.02665048 -0.02037352
v -0.01186576 0.02625765 -0.02058983
v -0.01181318 0.03191340 0.00102130
v -0.01198757 0.03203182 0.00303153
v -0.01220336 0.03206028 0.00505807
v -0.01241498 0.03209781 0.00708296
v -0.01260434 0.03218371 0.00909908
v -0.01270358 0.03218263 0.00997576
v -0.00979881 0.02606133 -0.02020673
v -0.01003991 0.02542336 -0.02055699
v -0.00982670 0.03097445 -0.00078021
v -0.01004245 0.03100302 0.00124631
v -0.01028278 0.03097815 0.00328251
v -0.01048307 0.03104029 0.00530294
v -0.01068353 0.03110207 0.00732344
v -0.01082957 0.03128210 0.00932250
v -0.01086742 0.03127542 0.00963242
v -0.00796367 0.02529091 -0.02000708
v -0.00821679 0.02460836 -0.02042465
v -0.00786332 0.02948795 -0.00451417
v -0.00804403 0.02959264 -0.00250145
v -0.00820212 0.02974649 -0.00049764
v -0.00838126 0.02985458 0.00151446
v -0.00860315 0.02986979 0.00354340
v -0.00879184 0.02995714 0.00555926
v -0.00898246 0.03002305 0.00750851
v -0.00905887 0.03006904 0.00756822
v -0.01054819 0.03108081 0.00936923
v -0.00614747 0.02447933 -0.01979998
v -0.00639487 0.02380177 -0.02024890
v -0.00570440 0.02593948 -0.01803291
v -0.00603606 0.02820303 -0.00625298
v -0.00633531 0.02805014 -0.00419358
v -0.00652811 0.02812856 -0.00217610
v -0.00670471 0.02824216 -0.00016499
v -0.00685050 0.02842273 0.00183398
v -0.00696470 0.02867196 0.00382050
v -0.00709495 0.02875271 0.00529185
v -0.00746787 0.02901255 0.00577866
v -0.00442352 0.02346727 -0.01955654
v -0.00457836 0.02303354 -0.01987529
v -0.00392571 0.02504639 -0.01781104
v -0.00403433 0.02679986 -0.01000205
v -0.00427970 0.02676404 -0.00796386
v -0.00456171 0.02664861 -0.00591125
v -0.00486158 0.02649436 -0.00385160
v -0.00506581 0.02648075 -0.00209190
v -0.00519517 0.02658584 -0.00184051
v -0.00579868 0.02720806 0.00006030
v -0.00614125 0.02771552 0.00199051
v -0.00640205 0.02818702 0.00392993
v -0.00276487 0.02231333 -0.01928740
v -0.00276757 0.02230574 -0.01929305
v -0.00234429 0.02372463 -0.01751147
v -0.00220497 0.02452474 -0.01562478
v -0.00232800 0.02475478 -0.01363478
v -0.00243662 0.02501612 -0.01165045
v -0.00258170 0.02519824 -0.00965176
v -0.00282137 0.02517481 -0.00761583
v -0.00307539 0.02512019 -0.00557423
v -0.00316345 0.02510535 -0.00485053
v -0.00406163 0.02573053 -0.00368161
v -0.00273640 0.02229327 -0.01928273
v -0.00096794 0.02165682 -0.01830396
v -0.00077252 0.02238190 -0.01720811
v -0.00067150 0.02309878 -0.01530634
v -0.00079473 0.02332837 -0.01331625
v -0.00086767 0.02366725 -0.01134597
v -0.00098907 0.02390082 -0.00935661
v -0.00119575 0.02394908 -0.00733366
v -0.00129197 0.02394835 -0.00648249
v -0.00249672 0.02468551 -0.00547411
v 0.00056677 0.02119742 -0.01694179
v 0.00081023 0.02115972 -0.01653162
v 0.00088177 0.02171586 -0.01499569
v 0.00076088 0.02195053 -0.01300652
v 0.00066890 0.02215921 -0.01137549
v 0.00059160 0.02225692 -0.01103259
v 0.00014778 0.02280891 -0.00911379
v -0.00088478 0.02361981 -0.00726131
v 0.00147882 0.02115313 -0.01487024
v 0.00095147 0.02174185 -0.01296085
v 0.05769056 -0.00532667 -0.02042428
v 0.05744897 -0.00560206 -0.02037752
v 0.05755186 -0.00569616 -0.02063551
v 0.05828909 -0.00352867 -0.01871844
v 0.05687136 -0.00499123 -0.01847379
v 0.05631929 -0.00439164 -0.01656718
v 0.05618698 -0.00397664 -0.01461329
v 0.05648020 -0.00374879 -0.01261145
v 0.05781867 -0.00256140 -0.01076697
v 0.05684212 -0.00355114 -0.01060188
v 0.05741236 -0.00294694 -0.00866540
v 0.05709124 -0.00330390 -0.00860501
v 0.05720076 -0.00321325 -0.00782674
v 0.05869810 -0.00650820 -0.02220559
v 0.05943908 -0.00696448 -0.02284172
v 0.05740865 -0.00308668 -0.00660045
v 0.05766112 -0.00284090 -0.00460320
v 0.05783045 -0.00255856 -0.00261533
v 0.05801752 -0.00228402 -0.00062545
v 0.05869814 -0.00222654 0.00142003
v 0.05948805 -0.00021041 0.00308884
v 0.05876518 -0.00219872 0.00174375
v 0.05906382 -0.00063488 0.00519746
v 0.05874468 -0.00083101 0.00726469
v 0.05871231 -0.00040398 0.00921899
v 0.05923775 0.00123518 0.01095362
v 0.06129397 -0.00800416 -0.02386845
v 0.05906080 -0.00202922 0.00342969
v 0.05901071 -0.00165038 0.00539285
v 0.05873034 -0.00117028 0.00733006
v 0.05866042 -0.00078272 0.00929099
v 0.05883872 -0.00050432 0.01127988
v 0.05992037 -0.00062320 0.01337054
v 0.06025849 -0.00068135 0.01390824
v 0.06132304 -0.00801940 -0.02387867
v 0.06314442 -0.00901250 -0.02473346
v 0.06118935 -0.00082446 0.01548230
v 0.06262423 0.00056974 0.01728934
v 0.06200036 -0.00092181 0.01700454
v 0.06497230 -0.00986113 -0.02477460
v 0.06235639 -0.00098089 0.01758258
v 0.06423237 -0.00019657 0.01951993
v 0.06376329 -0.00131114 0.01933283
v 0.06679919 -0.01070285 -0.02478007
v 0.06420827 -0.00143850 0.01976001
v 0.06555037 -0.00187131 0.02077980
v 0.06861220 -0.01144636 -0.02427890
v 0.06778724 -0.00149084 0.02190623
v 0.06734570 -0.00248973 0.02192623
v 0.07055918 -0.01166519 -0.02291879
v 0.07040235 -0.01202820 -0.02294376
v 0.06770921 -0.00262132 0.02212323
v 0.06914529 -0.00313840 0.02291667
v 0.07048858 -0.01205019 -0.02284609
v 0.07218044 -0.01252478 -0.02116876
v 0.07095163 -0.00383472 0.02366129
v 0.07248267 -0.01257033 -0.02065264
v 0.07363888 -0.01272200 -0.01855358
v 0.07391986 -0.01274784 -0.01798271
v 0.07279196 -0.00477139 0.02316594
v 0.07476874 -0.01286207 -0.01645749
v 0.07523862 -0.01271191 -0.01443575
v 0.07501124 -0.01225511 -0.01249257
v 0.07488780 -0.01184401 -0.01053767
v 0.07492558 -0.01150382 -0.00856462
v 0.07501605 -0.01118680 -0.00658562
v 0.07518401 -0.01090386 -0.00459790
v 0.07529215 -0.01059461 -0.00261691
v 0.07531404 -0.01052942 -0.00220161
v 0.07466147 -0.00591451 0.02160565
v 0.07368091 -0.00524753 0.02279599
v 0.07542180 -0.01029482 -0.00063350
v 0.07559041 -0.01001216 0.00135429
v 0.07577032 -0.00973448 0.00334336
v 0.07605362 -0.00950226 0.00534408
v 0.07622942 -0.00922276 0.00733269
v 0.07643524 -0.00895647 0.00932468
v 0.07702665 -0.00818877 0.01123004
v 0.07677935 -0.00881405 0.01098433
v 0.07697005 -0.00681966 0.01707699
v 0.07663622 -0.00780184 0.01620609
v 0.07643182 -0.00752774 0.01719950
v 0.07562190 -0.00681475 0.01907706
v 0.07490287 -0.00614173 0.02096485
v 0.07683978 -0.00877757 0.01133905
v 0.07697196 -0.00847889 0.01332275
v 0.07680944 -0.00805061 0.01527324
v -0.03834421 0.03689710 -0.01697573
v -0.03839968 0.03689202 -0.01697627
v -0.03835305 0.03685536 -0.01706019
v -0.03825183 0.03759521 -0.01507056
v -0.03907598 0.03754625 -0.01508366
v -0.03830929 0.03796772 -0.01310637
v -0.03905756 0.03789496 -0.01311278
v -0.03850949 0.03796166 -0.01135302
v -0.03635426 0.03596569 -0.01877860
v -0.03707784 0.03595390 -0.01879615
v -0.03647045 0.03561974 -0.01909772
v -0.03610115 0.03701308 -0.01693673
v -0.03599501 0.03774109 -0.01503697
v -0.03597150 0.03828955 -0.01310468
v -0.03842415 0.03797321 -0.01107262
v -0.03616129 0.03837451 -0.01108838
v -0.03642948 0.03828911 -0.00904121
v -0.03772203 0.03802124 -0.00902472
v -0.03672621 0.03814168 -0.00698280
v -0.03702852 0.03807306 -0.00697779
v -0.03682044 0.03809479 -0.00632951
v -0.03414409 0.03601021 -0.01872665
v -0.03462130 0.03462063 -0.01991512
v -0.03417485 0.03843022 -0.00900677
v -0.03443823 0.03835528 -0.00696149
v -0.03625984 0.03809182 -0.00492238
v -0.03470727 0.03826804 -0.00491399
v -0.03502269 0.03807999 -0.00284821
v -0.03532624 0.03803805 -0.00284840
v -0.03510600 0.03804836 -0.00223224
v -0.03278045 0.03371783 -0.02028287
v -0.03280927 0.03371988 -0.02028406
v -0.03278433 0.03370763 -0.02028830
v -0.03253708 0.03822566 -0.00484629
v -0.03278844 0.03817685 -0.00280575
v -0.03451508 0.03803813 -0.00078822
v -0.03304358 0.03811979 -0.00076371
v -0.03326515 0.03813569 0.00126510
v -0.03383608 0.03809633 0.00125708
v -0.03341781 0.03818760 0.00282279
v -0.03053378 0.03384167 -0.02024530
v -0.03094814 0.03280022 -0.02063268
v -0.03065891 0.03804611 -0.00272203
v -0.03085620 0.03811479 -0.00070279
v -0.03106113 0.03816684 0.00131947
v -0.03327318 0.03820558 0.00328930
v -0.03129047 0.03816586 0.00335134
v -0.03150471 0.03819770 0.00537727
v -0.03249268 0.03821914 0.00534603
v -0.03171630 0.03823261 0.00739173
v -0.02911376 0.03190560 -0.02091105
v -0.02912221 0.03811931 0.00341980
v -0.02937617 0.03806482 0.00546137
v -0.03171138 0.03823236 0.00740285
v -0.02958076 0.03811762 0.00748349
v -0.02979248 0.03815492 0.00950843
v -0.03094501 0.03825213 0.00945799
v -0.02999000 0.03822308 0.01152777
v -0.03008322 0.03822994 0.01152388
v -0.03000620 0.03821682 0.01164704
v -0.02728042 0.03101829 -0.02115174
v -0.02723076 0.03796862 0.00553882
v -0.02750637 0.03786708 0.00758892
v -0.02770432 0.03793430 0.00960843
v -0.02794587 0.03790679 0.01164511
v -0.02823477 0.03776742 0.01366545
v -0.02544749 0.03013395 -0.02137712
v -0.02549744 0.03747429 0.00772012
v -0.02570671 0.03751693 0.00974409
v -0.02594630 0.03749367 0.01178000
v -0.02816946 0.03774512 0.01370828
v -0.02627862 0.03726893 0.01385242
v -0.02643605 0.03712496 0.01468792
v -0.02330447 0.03002083 -0.02134445
v -0.02517305 0.03000485 -0.02139258
v -0.02361902 0.02928107 -0.02144015
v -0.02374991 0.03701087 0.00989582
v -0.02401172 0.03693933 0.01194048
v -0.02436890 0.03666056 0.01402270
v -0.02463262 0.03644915 0.01553831
v -0.02104285 0.03017715 -0.02131276
v -0.02178964 0.02842175 -0.02153642
v -0.02184682 0.03638810 0.01006871
v -0.02211858 0.03629494 0.01211729
v -0.02244797 0.03607655 0.01418856
v -0.02282347 0.03573296 0.01618040
v -0.01995628 0.02753439 -0.02177738
v -0.02026863 0.03555669 0.01231110
v -0.02059832 0.03533764 0.01438249
v -0.02161418 0.03521908 0.01641560
v -0.02099564 0.03497164 0.01648051
v -0.02100629 0.03495997 0.01652947
v -0.01812589 0.02666795 -0.02191038
v -0.01842332 0.03480837 0.01250674
v -0.01873881 0.03462018 0.01457254
v -0.01910670 0.03431812 0.01665897
v -0.01919348 0.03421782 0.01703766
v -0.01629982 0.02583205 -0.02188583
v -0.01637674 0.03400002 0.01068156
v -0.01662389 0.03396034 0.01272045
v -0.01698376 0.03367571 0.01480372
v -0.01730570 0.03347352 0.01687206
v -0.01736989 0.03339952 0.01715299
v -0.01448211 0.02505532 -0.02155605
v -0.01463254 0.03303199 0.01091702
v -0.01480795 0.03314820 0.01292765
v -0.01517834 0.03284070 0.01501507
v -0.01553227 0.03256900 0.01709601
v -0.01554304 0.03255809 0.01714901
v -0.01265985 0.02424641 -0.02139227
v -0.01282412 0.03220348 0.01112719
v -0.01302914 0.03225536 0.01314948
v -0.01335628 0.03204187 0.01521987
v -0.01367813 0.03183985 0.01728817
v -0.01372538 0.03178174 0.01748074
v -0.01083934 0.02344984 -0.02116486
v -0.01108302 0.03122872 0.01136387
v -0.01132953 0.03119043 0.01340250
v -0.01164606 0.03099999 0.01546871
v -0.01188059 0.03081347 0.01682243
v -0.01315926 0.03150080 0.01736812
v -0.00901764 0.02264485 -0.02098082
v -0.00898966 0.03002467 0.00757872
v -0.00918518 0.03009717 0.00959727
v -0.00943597 0.03004956 0.01163759
v -0.00972964 0.02990880 0.01369479
v -0.01002146 0.02974376 0.01564080
v -0.01013963 0.02981603 0.01573950
v -0.00719389 0.02182540 -0.02087144
v -0.00714955 0.02876766 0.00583485
v -0.00733416 0.02886386 0.00784911
v -0.00759060 0.02880400 0.00989165
v -0.00786983 0.02869460 0.01194317
v -0.00814891 0.02857920 0.01396987
v -0.00817381 0.02859470 0.01399217
v -0.00537621 0.02104887 -0.02054061
v -0.00509523 0.02648400 -0.00181803
v -0.00525052 0.02664394 0.00018468
v -0.00535208 0.02692064 0.00216622
v -0.00544359 0.02721915 0.00414382
v -0.00564491 0.02727904 0.00616465
v -0.00580885 0.02742019 0.00817077
v -0.00603573 0.02742456 0.01020167
v -0.00627112 0.02737761 0.01210790
v -0.00637464 0.02744667 0.01222606
v -0.00355608 0.02025499 -0.02029931
v -0.00332873 0.02506706 -0.00353291
v -0.00360129 0.02497215 -0.00148402
v -0.00377722 0.02508725 0.00052682
v -0.00390866 0.02529898 0.00252014
v -0.00402731 0.02553854 0.00450841
v -0.00418053 0.02570297 0.00651031
v -0.00432396 0.02588867 0.00850835
v -0.00435349 0.02589417 0.00879194
v -0.00514006 0.02654692 0.01039634
v -0.00118739 0.02098301 -0.01898628
v -0.00174363 0.01951544 -0.01977774
v -0.00145432 0.02388460 -0.00529029
v -0.00174630 0.02374749 -0.00323374
v -0.00199777 0.02369843 -0.00119316
v -0.00223036 0.02369037 0.00083999
v -0.00234032 0.02373518 0.00199094
v -0.00268088 0.02403820 0.00279819
v -0.00332610 0.02467876 0.00469430
v -0.00378930 0.02523927 0.00661092
v -0.00423800 0.02579341 0.00852917
v 0.00025805 0.01936577 -0.01863317
v 0.00006242 0.01882116 -0.01902260
v 0.00077828 0.02099361 -0.01689649
v 0.00064819 0.02220304 -0.01102059
v 0.00052008 0.02242204 -0.00902859
v 0.00024201 0.02231516 -0.00697753
v 0.00000914 0.02230651 -0.00494427
v -0.00024273 0.02225657 -0.00290352
v -0.00042244 0.02224999 -0.00133405
v -0.00071155 0.02245852 -0.00091756
v -0.00187585 0.02332736 0.00092008
v 0.00113272 0.01843619 -0.01842900
v 0.00185940 0.01819101 -0.01793664
v 0.00220315 0.01933165 -0.01653527
v 0.00237090 0.02019356 -0.01465978
v 0.00218758 0.02029256 -0.01264603
v 0.00202820 0.02044361 -0.01064171
v 0.00187561 0.02060941 -0.00864007
v 0.00165657 0.02063081 -0.00661225
v 0.00150617 0.02068898 -0.00505022
v 0.00132978 0.02084718 -0.00462518
v 0.00023109 0.02168716 -0.00278016
v 0.00375379 0.01794302 -0.01622359
v 0.00365763 0.01755198 -0.01689652
v 0.00382402 0.01859300 -0.01430969
v 0.00369249 0.01880455 -0.01231634
v 0.00353937 0.01896919 -0.01031448
v 0.00344986 0.01902133 -0.00931648
v 0.00305671 0.01937410 -0.00836823
v 0.00210290 0.02015037 -0.00650689
v 0.00427241 0.01741224 -0.01610648
v 0.00477351 0.01754867 -0.01408123
v 0.00432027 0.01810481 -0.01216349
v 0.00379186 0.01869400 -0.01025422
v 0.05485769 -0.00622692 -0.01828945
v 0.05482932 -0.00624872 -0.01828601
v 0.05484589 -0.00626472 -0.01833222
v 0.05506890 -0.00527058 -0.01643108
v 0.05449496 -0.00574487 -0.01635487
v 0.05491660 -0.00510417 -0.01442955
v 0.05457147 -0.00542171 -0.01437745
v 0.05472008 -0.00537504 -0.01374257
v 0.05689430 -0.00755429 -0.02205226
v 0.05666779 -0.00777085 -0.02201649
v 0.05677880 -0.00785622 -0.02220563
v 0.05575491 -0.00701258 -0.02015053
v 0.05517315 -0.00532951 -0.01234087
v 0.05540809 -0.00507602 -0.01034560
v 0.05541953 -0.00472424 -0.00837551
v 0.05698998 -0.00336741 -0.00655751
v 0.05572906 -0.00450356 -0.00637183
v 0.05652486 -0.00388074 -0.00443278
v 0.05613881 -0.00432695 -0.00435687
v 0.05627264 -0.00427669 -0.00373966
v 0.05863054 -0.00887358 -0.02311724
v 0.05669065 -0.00421283 -0.00232590
v 0.05721076 -0.00408476 -0.00029850
v 0.05857611 -0.00268942 0.00150641
v 0.05796251 -0.00414936 0.00125392
v 0.06116453 -0.00828883 -0.02383079
v 0.06029001 -0.00972062 -0.02357722
v 0.06047151 -0.00981484 -0.02363622
v 0.05814044 -0.00413680 0.00177504
v 0.05871160 -0.00403118 0.00380819
v 0.05888362 -0.00375002 0.00579637
v 0.05845134 -0.00320311 0.00771647
v 0.05813738 -0.00270823 0.00964990
v 0.05847780 -0.00250113 0.01165705
v 0.05938612 -0.00254378 0.01372819
v 0.05944410 -0.00254909 0.01384612
v 0.06231720 -0.01078949 -0.02432744
v 0.06045318 -0.00265624 0.01581720
v 0.06118439 -0.00277835 0.01700015
v 0.06414738 -0.01165443 -0.02445272
v 0.06189756 -0.00293464 0.01794873
v 0.06295556 -0.00322595 0.01902787
v 0.06597709 -0.01251605 -0.02456088
v 0.06412110 -0.00355569 0.02016803
v 0.06473835 -0.00375578 0.02063132
v 0.06778570 -0.01322843 -0.02389914
v 0.06653864 -0.00440930 0.02159672
v 0.06947214 -0.01375871 -0.02254277
v 0.06997324 -0.01293843 -0.02268804
v 0.06957393 -0.01379668 -0.02249382
v 0.06834489 -0.00503726 0.02260897
v 0.06833773 -0.00505436 0.02260576
v 0.07134728 -0.01425974 -0.02054588
v 0.06837829 -0.00507109 0.02261644
v 0.07014968 -0.00579039 0.02314554
v 0.07142516 -0.01426079 -0.02035394
v 0.07261662 -0.01442796 -0.01825091
v 0.07308042 -0.01443839 -0.01713077
v 0.07197796 -0.00664192 0.02308945
v 0.07350875 -0.01446349 -0.01618160
v 0.07405411 -0.01434652 -0.01415136
v 0.07390634 -0.01392473 -0.01219921
v 0.07398955 -0.01360451 -0.01022103
v 0.07422669 -0.01335200 -0.00822551
v 0.07441786 -0.01307926 -0.00623517
v 0.07455435 -0.01278189 -0.00425111
v 0.07455414 -0.01278249 -0.00425162
v 0.07454213 -0.01231107 -0.00230474
v 0.07402067 -0.00797309 0.01925770
v 0.07391498 -0.00826238 0.01906660
v 0.07381866 -0.00817726 0.01929174
v 0.07324029 -0.00756609 0.02119539
v 0.07451116 -0.00640987 0.02100609
v 0.07207816 -0.00669821 0.02303326
v 0.07455418 -0.01278240 -0.00425102
v 0.07450236 -0.01240281 -0.00228805
v 0.07450969 -0.01204922 -0.00031842
v 0.07454837 -0.01170943 0.00165473
v 0.07477137 -0.01145069 0.00364866
v 0.07513996 -0.01125598 0.00565899
v 0.07548332 -0.01105017 0.00766647
v 0.07564466 -0.01076432 0.00965345
v 0.07581333 -0.01048169 0.01164125
v 0.07641730 -0.00951289 0.01147001
v 0.07582186 -0.01012863 0.01361102
v 0.07605386 -0.00980527 0.01355469
v 0.07553156 -0.00964416 0.01554711
v 0.07634128 -0.00868334 0.01538306
v 0.07483962 -0.00898305 0.01743796
v -0.04070718 0.03652055 -0.01696751
v -0.04243482 0.03651106 -0.01701302
v -0.04095640 0.03556111 -0.01850055
v -0.04057112 0.03731358 -0.01507954
v -0.04277765 0.03701863 -0.01508284
v -0.04067585 0.03758338 -0.01309674
v -0.04251367 0.03725935 -0.01308430
v -0.04101823 0.03733675 -0.01102035
v -0.04176719 0.03728787 -0.01103140
v -0.04119737 0.03726518 -0.00970968
v -0.03873286 0.03555518 -0.01876423
v -0.04061875 0.03535559 -0.01877723
v -0.03910573 0.03455126 -0.01937339
v -0.03854417 0.03795471 -0.01107232
v -0.04101914 0.03731570 -0.00897833
v -0.03881087 0.03787255 -0.00902574
v -0.03910859 0.03772296 -0.00696694
v -0.04052644 0.03745583 -0.00695402
v -0.03941958 0.03754455 -0.00490291
v -0.03980943 0.03749731 -0.00490444
v -0.03952602 0.03752350 -0.00404032
v -0.03726452 0.03360829 -0.01990123
v -0.03701634 0.03800862 -0.00492699
v -0.03917182 0.03757372 -0.00286381
v -0.03733486 0.03781384 -0.00286000
v -0.03763546 0.03765801 -0.00080007
v -0.03845785 0.03761654 -0.00081457
v -0.03783518 0.03764398 0.00091799
v -0.03527888 0.03304693 -0.02022131
v -0.03583168 0.03289354 -0.02020672
v -0.03542692 0.03269089 -0.02029711
v -0.03528428 0.03800894 -0.00080364
v -0.03774543 0.03766004 0.00123449
v -0.03552090 0.03799214 0.00123109
v -0.03572839 0.03803863 0.00325436
v -0.03740170 0.03786568 0.00324202
v -0.03591496 0.03813059 0.00526939
v -0.03703325 0.03806045 0.00525233
v -0.03609959 0.03822676 0.00728365
v -0.03651071 0.03818746 0.00728000
v -0.03623464 0.03840300 0.00917035
v -0.03358570 0.03174784 -0.02082534
v -0.03346043 0.03820872 0.00328356
v -0.03367532 0.03823915 0.00530973
v -0.03387894 0.03829406 0.00733148
v -0.03621377 0.03841368 0.00928226
v -0.03403987 0.03844172 0.00933641
v -0.03425956 0.03846172 0.01136448
v -0.03549599 0.03845482 0.01133192
v -0.03451806 0.03834143 0.01318946
v -0.03174781 0.03082844 -0.02123154
v -0.03171740 0.03823288 0.00740258
v -0.03188961 0.03835606 0.00941195
v -0.03210961 0.03837537 0.01144015
v -0.03434202 0.03830414 0.01343073
v -0.03243491 0.03816587 0.01350981
v -0.03275640 0.03796108 0.01556407
v -0.02991989 0.02997942 -0.02127468
v -0.03032233 0.03799832 0.01360019
v -0.03273640 0.03795483 0.01558042
v -0.03074236 0.03758295 0.01570716
v -0.03096451 0.03736690 0.01683563
v -0.02809421 0.02914633 -0.02123568
v -0.02824074 0.03776341 0.01370279
v -0.02865914 0.03735160 0.01580911
v -0.02925937 0.03678253 0.01794094
v -0.02915973 0.03676119 0.01794780
v -0.02916910 0.03674791 0.01797911
v -0.02580614 0.02934289 -0.02128161
v -0.02709342 0.02869385 -0.02119108
v -0.02627000 0.02832359 -0.02114321
v -0.02666834 0.03691943 0.01594745
v -0.02718621 0.03629148 0.01809295
v -0.02736195 0.03604580 0.01869388
v -0.02444696 0.02750920 -0.02100775
v -0.02473088 0.03637135 0.01610680
v -0.02520390 0.03584085 0.01823464
v -0.02555649 0.03535570 0.01947053
v -0.02261588 0.02663790 -0.02116580
v -0.02284241 0.03571680 0.01628545
v -0.02329002 0.03524152 0.01840328
v -0.02373969 0.03458537 0.01983336
v -0.02078344 0.02575694 -0.02137370
v -0.02144311 0.03449668 0.01859829
v -0.02192036 0.03379716 0.02010391
v -0.01895352 0.02489383 -0.02148954
v -0.01964725 0.03364090 0.01881340
v -0.02009525 0.03296804 0.02016342
v -0.01712563 0.02404512 -0.02153110
v -0.01785141 0.03278506 0.01902852
v -0.01827079 0.03214361 0.02024714
v -0.01529912 0.02320611 -0.02152259
v -0.01604257 0.03195749 0.01923852
v -0.01644597 0.03131654 0.02031721
v -0.01344762 0.02239328 -0.02163368
v -0.01354501 0.02237878 -0.02163354
v -0.01346919 0.02234297 -0.02163858
v -0.01426617 0.03105941 0.01946131
v -0.01462185 0.03049449 0.02041321
v -0.01149745 0.02187282 -0.02147934
v -0.01164426 0.02151511 -0.02157257
v -0.01201620 0.03069305 0.01755603
v -0.01261266 0.02989430 0.01973248
v -0.01278898 0.02961053 0.02018983
v -0.00961757 0.02119961 -0.02129731
v -0.00982020 0.02069348 -0.02147439
v -0.01003796 0.02973620 0.01575777
v -0.01047659 0.02928042 0.01787206
v -0.01094540 0.02865077 0.01957542
v -0.01164832 0.02903760 0.01992498
v -0.00770718 0.02059270 -0.02112730
v -0.00799495 0.01986341 -0.02141980
v -0.00815248 0.02857778 0.01399603
v -0.00852483 0.02826604 0.01608422
v -0.00892948 0.02788411 0.01818514
v -0.00909915 0.02767224 0.01886416
v -0.00584841 0.01987361 -0.02093696
v -0.00616782 0.01902004 -0.02143378
v -0.00628766 0.02737448 0.01224244
v -0.00654168 0.02731987 0.01428403
v -0.00691856 0.02699827 0.01637400
v -0.00725401 0.02670148 0.01819297
v -0.00767422 0.02693308 0.01840389
v -0.00404782 0.01902812 -0.02072371
v -0.00435100 0.01824954 -0.02107186
v -0.00452781 0.02594308 0.01053018
v -0.00474428 0.02597005 0.01255698
v -0.00499404 0.02592470 0.01459690
v -0.00535284 0.02564241 0.01667975
v -0.00538998 0.02559715 0.01683274
v -0.00238655 0.01787987 -0.02045559
v -0.00253573 0.01749008 -0.02065301
v -0.00241363 0.02378952 0.00285372
v -0.00258559 0.02391321 0.00486299
v -0.00271726 0.02412446 0.00685640
v -0.00284889 0.02433582 0.00884979
v -0.00297595 0.02455708 0.01084138
v -0.00318870 0.02459215 0.01286672
v -0.00344802 0.02452603 0.01491040
v -0.00352131 0.02446004 0.01530342
v -0.00520943 0.02549232 0.01671277
v -0.00061120 0.01697952 -0.02023240
v -0.00071528 0.01669395 -0.02042329
v -0.00047792 0.02224288 -0.00086935
v -0.00071641 0.02222200 0.00116613
v -0.00091522 0.02228736 0.00318598
v -0.00108707 0.02241131 0.00519520
v -0.00124614 0.02256302 0.00719940
v -0.00143326 0.02265378 0.00921465
v -0.00157772 0.02279307 0.01104065
v -0.00162671 0.02284630 0.01120999
v -0.00203407 0.02338226 0.01313290
v -0.00314154 0.02422610 0.01497694
v 0.00115380 0.01605668 -0.02000513
v 0.00110335 0.01591072 -0.02012704
v 0.00177390 0.01790153 -0.01830778
v 0.00146022 0.02070151 -0.00459337
v 0.00117898 0.02058776 -0.00254106
v 0.00092906 0.02054205 -0.00050109
v 0.00072062 0.02058649 0.00152255
v 0.00055044 0.02071407 0.00353112
v 0.00040239 0.02086781 0.00544547
v 0.00037798 0.02089427 0.00552943
v -0.00029449 0.02154681 0.00742248
v -0.00103661 0.02222998 0.00930767
v 0.00196252 0.01555893 -0.01988648
v 0.00291625 0.01516796 -0.01962200
v 0.00343541 0.01675379 -0.01803976
v 0.00334921 0.01905335 -0.00829804
v 0.00309172 0.01899120 -0.00625508
v 0.00287518 0.01901805 -0.00422826
v 0.00259562 0.01890792 -0.00217661
v 0.00239333 0.01886599 -0.00054472
v 0.00220307 0.01902121 -0.00017136
v 0.00151551 0.01968039 0.00171998
v 0.00092796 0.02029559 0.00362259
v 0.00503920 0.01548065 -0.01774900
v 0.00473196 0.01440534 -0.01921942
v 0.00522141 0.01637396 -0.01587920
v 0.00527102 0.01697915 -0.01395719
v 0.00515497 0.01722434 -0.01196993
v 0.00500530 0.01739649 -0.00996944
v 0.00477099 0.01738469 -0.00793561
v 0.00450513 0.01730437 -0.00588936
v 0.00432189 0.01730533 -0.00425905
v 0.00415694 0.01744833 -0.00388884
v 0.00317911 0.01823517 -0.00203020
v 0.00659639 0.01410624 -0.01743990
v 0.00652272 0.01381917 -0.01790659
v 0.00664557 0.01471048 -0.01551771
v 0.00663043 0.01517495 -0.01357019
v 0.00654357 0.01548359 -0.01159444
v 0.00639568 0.01565959 -0.00959464
v 0.00626212 0.01566211 -0.00839927
v 0.00586743 0.01598249 -0.00763374
v 0.00490093 0.01676434 -0.00577383
v 0.00695180 0.01372157 -0.01735559
v 0.00744335 0.01386221 -0.01533141
v 0.00755265 0.01417094 -0.01335029
v 0.00736423 0.01461062 -0.01140272
v 0.00674083 0.01524158 -0.00950415
v 0.05421638 -0.00811785 -0.01997845
v 0.05390205 -0.00835327 -0.01994143
v 0.05408611 -0.00851864 -0.02038660
v 0.05313120 -0.00765745 -0.01805948
v 0.05256040 -0.00704962 -0.01615498
v 0.05269679 -0.00675280 -0.01417081
v 0.05412759 -0.00632131 -0.01217727
v 0.05351565 -0.00675611 -0.01210976
v 0.05380716 -0.00652022 -0.01010953
v 0.05380128 -0.00652491 -0.01010878
v 0.05376740 -0.00610925 -0.00815231
v 0.05373260 -0.00613790 -0.00814771
v 0.05374852 -0.00613129 -0.00807077
v 0.05499321 -0.00918994 -0.02178731
v 0.05598127 -0.00984310 -0.02288244
v 0.05419932 -0.00598635 -0.00612633
v 0.05486081 -0.00592045 -0.00408301
v 0.05541399 -0.00583134 -0.00218669
v 0.05786466 -0.01070126 -0.02345361
v 0.05771997 -0.01074591 -0.02344892
v 0.05782411 -0.01079764 -0.02346991
v 0.05546192 -0.00582799 -0.00204649
v 0.05617448 -0.00578455 0.00000259
v 0.05712392 -0.00584591 0.00207492
v 0.05965410 -0.01166120 -0.02358808
v 0.05712536 -0.00584592 0.00207852
v 0.05777069 -0.00577292 0.00412002
v 0.05788047 -0.00546439 0.00610119
v 0.05745735 -0.00492150 0.00802233
v 0.05729614 -0.00449380 0.00997297
v 0.05772900 -0.00432735 0.01199053
v 0.05886586 -0.00383375 0.01396398
v 0.05862359 -0.00437355 0.01400725
v 0.06148944 -0.01256263 -0.02390156
v 0.05865237 -0.00437662 0.01406336
v 0.05966885 -0.00446684 0.01614668
v 0.06036410 -0.00460434 0.01715342
v 0.06332127 -0.01343921 -0.02408689
v 0.06131529 -0.00483410 0.01830097
v 0.06213918 -0.00507962 0.01903829
v 0.06514920 -0.01428824 -0.02413011
v 0.06423419 -0.00495080 0.02044156
v 0.06393214 -0.00568130 0.02027112
v 0.06695723 -0.01499653 -0.02344725
v 0.06455631 -0.00590261 0.02063490
v 0.06573369 -0.00634379 0.02119023
v 0.06835016 -0.01542081 -0.02225133
v 0.06874605 -0.01556901 -0.02206379
v 0.06754534 -0.00707765 0.02174119
v 0.07051362 -0.01601545 -0.02003880
v 0.07055381 -0.01593767 -0.02005277
v 0.07051716 -0.01601618 -0.02003388
v 0.06995509 -0.00629647 0.02289719
v 0.06935941 -0.00782867 0.02220362
v 0.07147935 -0.01608334 -0.01796120
v 0.07206899 -0.01598585 -0.01592597
v 0.07249800 -0.01547639 -0.01601296
v 0.07220387 -0.01586653 -0.01492508
v 0.07194580 -0.00672886 0.02303558
v 0.07119780 -0.00875171 0.02177861
v 0.07246996 -0.01580538 -0.01391199
v 0.07263967 -0.01552321 -0.01192407
v 0.07287345 -0.01526921 -0.00992893
v 0.07320637 -0.01505881 -0.00792262
v 0.07362689 -0.01488694 -0.00590645
v 0.07373351 -0.01460607 -0.00408595
v 0.07448837 -0.01242788 -0.00228357
v 0.07372534 -0.01454832 -0.00378802
v 0.07351842 -0.01412562 -0.00198106
v 0.07343824 -0.01373355 -0.00002129
v 0.07422579 -0.01250109 -0.00023861
v 0.07354159 -0.01342220 0.00195915
v 0.07368038 -0.01318891 0.00191773
v 0.07356271 -0.01339821 0.00214515
v 0.07311486 -0.01023106 0.01848375
v 0.07263748 -0.00981333 0.01957651
v 0.07145242 -0.00893536 0.02141180
v 0.07373850 -0.01457921 -0.00392507
v 0.07379155 -0.01317532 0.00395611
v 0.07419660 -0.01299664 0.00597055
v 0.07452574 -0.01278458 0.00797643
v 0.07469842 -0.01250372 0.00996468
v 0.07478835 -0.01218646 0.01194362
v 0.07474776 -0.01181180 0.01390785
v 0.07425942 -0.01124023 0.01582163
v 0.07355424 -0.01057330 0.01771099
v -0.04536077 0.03592468 -0.01697956
v -0.04578241 0.03582772 -0.01697232
v -0.04545592 0.03559840 -0.01740863
v -0.04536884 0.03640450 -0.01503482
v -0.04587809 0.03622660 -0.01501430
v -0.04557087 0.03646286 -0.01301371
v -0.04558843 0.03645602 -0.01301286
v -0.04557787 0.03646083 -0.01295956
v -0.04293894 0.03642913 -0.01701096
v -0.04359636 0.03452570 -0.01860566
v -0.04290806 0.03699360 -0.01508157
v -0.04306761 0.03714427 -0.01307718
v -0.04507482 0.03658696 -0.01098620
v -0.04330443 0.03712704 -0.01104236
v -0.04365866 0.03685467 -0.00896131
v -0.04446233 0.03667441 -0.00894840
v -0.04389609 0.03664540 -0.00767064
v -0.04110248 0.03516419 -0.01875339
v -0.04343594 0.03443899 -0.01867677
v -0.04175307 0.03356805 -0.01920919
v -0.04128148 0.03726208 -0.00897512
v -0.04361916 0.03666041 -0.00688460
v -0.04152056 0.03723995 -0.00693942
v -0.04174932 0.03724021 -0.00490777
v -0.04327334 0.03686513 -0.00487684
v -0.04201841 0.03715285 -0.00286025
v -0.04274041 0.03698757 -0.00284800
v -0.04224598 0.03705388 -0.00122663
v -0.03991339 0.03263596 -0.01968089
v -0.03967259 0.03749215 -0.00286172
v -0.04211036 0.03706730 -0.00080822
v -0.03991810 0.03745601 -0.00082348
v -0.04020756 0.03732440 0.00123207
v -0.04143390 0.03712661 0.00123679
v -0.04044269 0.03731084 0.00326622
v -0.04081797 0.03721255 0.00327498
v -0.04058390 0.03737775 0.00478090
v -0.03797097 0.03195520 -0.02008347
v -0.03827359 0.03181190 -0.02006399
v -0.03807466 0.03171054 -0.02011815
v -0.03787323 0.03763872 0.00123512
v -0.03804341 0.03776628 0.00324370
v -0.04051033 0.03743406 0.00527844
v -0.03820416 0.03791434 0.00524856
v -0.03839438 0.03799837 0.00726502
v -0.04031234 0.03770380 0.00726955
v -0.03852718 0.03820717 0.00925887
v -0.04017393 0.03799974 0.00925395
v -0.03868734 0.03835651 0.01126350
v -0.03981416 0.03819832 0.01126328
v -0.03898171 0.03821423 0.01332098
v -0.03903987 0.03821462 0.01331931
v -0.03899304 0.03820523 0.01338646
v -0.03623264 0.03076186 -0.02067544
v -0.03624340 0.03841163 0.00928184
v -0.03648203 0.03839048 0.01131737
v -0.03674263 0.03832156 0.01336155
v -0.03758345 0.03793092 0.01545219
v -0.03713476 0.03796684 0.01545753
v -0.03723460 0.03784762 0.01587836
v -0.03439505 0.02984454 -0.02107092
v -0.03455917 0.03830804 0.01342402
v -0.03487699 0.03811477 0.01549074
v -0.03578497 0.03749680 0.01762361
v -0.03536660 0.03754824 0.01762511
v -0.03546470 0.03740902 0.01795247
v -0.03256357 0.02897035 -0.02124392
v -0.03275915 0.03795865 0.01557905
v -0.03313838 0.03763198 0.01766995
v -0.03367982 0.03686439 0.01947962
v -0.03042164 0.02882979 -0.02130866
v -0.03149187 0.02847266 -0.02126877
v -0.03073411 0.02811052 -0.02134283
v -0.03115023 0.03719403 0.01780934
v -0.03279036 0.03653665 0.01992978
v -0.03176314 0.03635955 0.01999227
v -0.03187301 0.03616472 0.02020694
v -0.02821509 0.02886643 -0.02125528
v -0.02890730 0.02726940 -0.02134523
v -0.02978479 0.03590031 0.02013551
v -0.03005936 0.03541667 0.02068467
v -0.02708663 0.02647172 -0.02112350
v -0.02780544 0.03544326 0.02027837
v -0.02824432 0.03465883 0.02111191
v -0.02526511 0.02566804 -0.02093273
v -0.02586357 0.03490475 0.02043598
v -0.02642668 0.03388255 0.02144400
v -0.02343738 0.02482045 -0.02096852
v -0.02403209 0.03412637 0.02063707
v -0.02460378 0.03306910 0.02158438
v -0.02160559 0.02394414 -0.02115245
v -0.02218698 0.03337762 0.02083279
v -0.02278157 0.03226053 0.02174987
v -0.01977756 0.02309436 -0.02119950
v -0.02042370 0.03245105 0.02106073
v -0.02095827 0.03144427 0.02187575
v -0.01794882 0.02223961 -0.02127221
v -0.01867839 0.03148540 0.02129575
v -0.01913404 0.03062142 0.02196760
v -0.01612269 0.02140330 -0.02124978
v -0.01694896 0.03048527 0.02153703
v -0.01730967 0.02979756 0.02205429
v -0.01498309 0.02085568 -0.02137771
v -0.01428959 0.02051776 -0.02148130
v -0.01530807 0.02929275 0.02181317
v -0.01548289 0.02895666 0.02205300
v -0.01246156 0.01966801 -0.02152824
v -0.01364885 0.02806440 0.02178681
v -0.01464397 0.02855630 0.02197413
v -0.01063600 0.01883576 -0.02148485
v -0.01109268 0.02843905 0.02005624
v -0.01181391 0.02716584 0.02148807
v -0.00881199 0.01801443 -0.02138516
v -0.00956238 0.02700619 0.02037593
v -0.00997760 0.02625756 0.02113924
v -0.00698550 0.01717556 -0.02137594
v -0.00731859 0.02662639 0.01847309
v -0.00813824 0.02532765 0.02067883
v -0.00824299 0.02538449 0.02072646
v -0.00516110 0.01635155 -0.02129008
v -0.00588927 0.02497411 0.01883256
v -0.00629033 0.02433733 0.01990672
v -0.00333901 0.01554376 -0.02112051
v -0.00387718 0.02409082 0.01702096
v -0.00444136 0.02333949 0.01909588
v -0.00455859 0.02340738 0.01917273
v -0.00151000 0.01468715 -0.02120279
v -0.00159219 0.02280580 0.01121879
v -0.00171725 0.02303143 0.01320959
v -0.00198462 0.02294779 0.01525644
v -0.00252442 0.02227218 0.01741058
v -0.00257297 0.02220439 0.01757690
v 0.00031496 0.01385908 -0.02113788
v 0.00039530 0.02087432 0.00553377
v 0.00020648 0.02096139 0.00754969
v 0.00003848 0.02109369 0.00955740
v -0.00014158 0.02119978 0.01156987
v -0.00034706 0.02125065 0.01359234
v -0.00063029 0.02113258 0.01564543
v -0.00070260 0.02105522 0.01598532
v -0.00238340 0.02209397 0.01744899
v 0.00284521 0.01497392 -0.01974888
v 0.00213654 0.01305500 -0.02094920
v 0.00234240 0.01885505 -0.00013533
v 0.00215250 0.01893977 0.00188101
v 0.00198587 0.01907505 0.00388818
v 0.00184441 0.01926504 0.00588544
v 0.00166025 0.01936223 0.00789952
v 0.00148982 0.01948926 0.00990819
v 0.00131750 0.01961218 0.01191761
v 0.00120859 0.01961737 0.01290457
v 0.00073938 0.02000703 0.01386319
v -0.00043624 0.02088085 0.01569955
v 0.00460620 0.01404237 -0.01952003
v 0.00395808 0.01225117 -0.02075921
v 0.00427402 0.01729952 -0.00385679
v 0.00401236 0.01722832 -0.00181219
v 0.00378297 0.01722723 0.00021970
v 0.00357667 0.01727631 0.00224250
v 0.00340636 0.01740361 0.00425112
v 0.00326194 0.01758714 0.00624955
v 0.00319025 0.01768116 0.00725285
v 0.00292189 0.01797679 0.00820267
v 0.00239090 0.01856712 0.01011165
v 0.00167604 0.01923831 0.01199991
v 0.00613919 0.01261537 -0.01920140
v 0.00576508 0.01155016 -0.02003880
v 0.00614612 0.01561466 -0.00755480
v 0.00583851 0.01544361 -0.00549211
v 0.00559065 0.01540238 -0.00345295
v 0.00537516 0.01543150 -0.00142653
v 0.00520906 0.01556793 0.00058044
v 0.00519449 0.01558527 0.00077741
v 0.00465775 0.01614298 0.00249182
v 0.00396104 0.01680619 0.00438213
v 0.00343148 0.01739588 0.00629127
v 0.00762677 0.01108970 -0.01886488
v 0.00756464 0.01090172 -0.01904718
v 0.00801611 0.01243311 -0.01707665
v 0.00809297 0.01309750 -0.01516537
v 0.00807236 0.01355008 -0.01321570
v 0.00797168 0.01382867 -0.01123449
v 0.00776290 0.01387238 -0.00921072
v 0.00751559 0.01383234 -0.00717177
v 0.00722631 0.01370111 -0.00511630
v 0.00716760 0.01370960 -0.00456199
v 0.00654140 0.01424417 -0.00320237
v 0.00589688 0.01488443 -0.00130618
v 0.00524917 0.01552608 0.00058965
v 0.00786682 0.01080683 -0.01880347
v 0.00934307 0.01040279 -0.01728430
v 0.00943694 0.01076238 -0.01671385
v 0.00948298 0.01135981 -0.01479043
v 0.00948369 0.01185871 -0.01284915
v 0.00940569 0.01218660 -0.01087688
v 0.00920387 0.01224541 -0.00885585
v 0.00908658 0.01221666 -0.00792698
v 0.00856939 0.01263870 -0.00691151
v 0.00740423 0.01350792 -0.00507397
v 0.00984715 0.01029274 -0.01661156
v 0.01016633 0.01050918 -0.01460681
v 0.01031952 0.01079861 -0.01262074
v 0.01036232 0.01113660 -0.01064712
v 0.00959709 0.01182994 -0.00876453
v 0.05152586 -0.00870880 -0.01789968
v 0.05117842 -0.00895420 -0.01786164
v 0.05139442 -0.00918823 -0.01860450
v 0.05178674 -0.00764453 -0.01606087
v 0.05075441 -0.00841092 -0.01594060
v 0.05165385 -0.00743594 -0.01406698
v 0.05074004 -0.00804779 -0.01397342
v 0.05122075 -0.00787969 -0.01195486
v 0.05120019 -0.00789335 -0.01195278
v 0.05121051 -0.00788759 -0.01189482
v 0.05350729 -0.01015608 -0.02164076
v 0.05307028 -0.01049981 -0.02158611
v 0.05331054 -0.01066089 -0.02186486
v 0.05188507 -0.00962177 -0.01975083
v 0.05159616 -0.00771068 -0.00993937
v 0.05179364 -0.00744072 -0.00794832
v 0.05325211 -0.00673160 -0.00600783
v 0.05240546 -0.00735298 -0.00591059
v 0.05283061 -0.00726690 -0.00435604
v 0.05517580 -0.01177394 -0.02327007
v 0.05300057 -0.00725789 -0.00387474
v 0.05535709 -0.00592093 -0.00203134
v 0.05383100 -0.00726628 -0.00181239
v 0.05466305 -0.00693169 0.00018353
v 0.05439925 -0.00715938 0.00022043
v 0.05452222 -0.00715189 0.00057403
v 0.05527763 -0.01182735 -0.02330623
v 0.05701604 -0.01271005 -0.02376251
v 0.05712184 -0.00584955 0.00207913
v 0.05539716 -0.00724143 0.00230166
v 0.05624510 -0.00725802 0.00436326
v 0.05884885 -0.01359359 -0.02398372
v 0.05624606 -0.00725795 0.00436610
v 0.05646626 -0.00699798 0.00635971
v 0.05624847 -0.00654539 0.00830397
v 0.05623287 -0.00618173 0.01027102
v 0.05673672 -0.00604650 0.01229658
v 0.05846605 -0.00470253 0.01412143
v 0.05767538 -0.00610249 0.01437113
v 0.05779155 -0.00611645 0.01458911
v 0.06067291 -0.01441519 -0.02388542
v 0.05869721 -0.00619506 0.01645505
v 0.05953807 -0.00638970 0.01751625
v 0.06249951 -0.01525481 -0.02388004
v 0.06062858 -0.00668763 0.01864144
v 0.06131963 -0.00691082 0.01916467
v 0.06431954 -0.01604802 -0.02363527
v 0.06312195 -0.00757875 0.02005574
v 0.06613005 -0.01677380 -0.02304269
v 0.06525137 -0.00749866 0.02096333
v 0.06492891 -0.00827948 0.02077759
v 0.06805741 -0.01710154 -0.02193356
v 0.06792666 -0.01740138 -0.02194345
v 0.06662475 -0.00896779 0.02128576
v 0.06674080 -0.00901503 0.02131980
v 0.06796079 -0.01740511 -0.02187736
v 0.06956818 -0.01775519 -0.01972747
v 0.06968673 -0.01777050 -0.01951091
v 0.06860170 -0.00973477 0.02148863
v 0.06856354 -0.00982738 0.02146582
v 0.06758358 -0.00938946 0.02139378
v 0.07034571 -0.01774032 -0.01767107
v 0.07087724 -0.01761727 -0.01564239
v 0.07110321 -0.01735984 -0.01364813
v 0.07184709 -0.01639344 -0.01381507
v 0.07123289 -0.01706007 -0.01166472
v 0.07144862 -0.01676195 -0.01171659
v 0.07128428 -0.01699026 -0.01114909
v 0.07109349 -0.00907830 0.02142967
v 0.07041457 -0.01083974 0.02058005
v 0.07159385 -0.01686200 -0.00965525
v 0.07196481 -0.01666833 -0.00764466
v 0.07241793 -0.01651080 -0.00562481
v 0.07265023 -0.01625615 -0.00362984
v 0.07368586 -0.01466911 -0.00390909
v 0.07234308 -0.01576426 -0.00169564
v 0.07228096 -0.01538014 0.00026617
v 0.07249678 -0.01511824 0.00225928
v 0.07269740 -0.01490579 0.00394097
v 0.07233822 -0.01212642 0.01797872
v 0.07231371 -0.01219239 0.01793880
v 0.07230049 -0.01217746 0.01798758
v 0.07114169 -0.01131104 0.01982583
v 0.07273569 -0.01486650 0.00425500
v 0.07310655 -0.01467279 0.00626558
v 0.07329054 -0.01439690 0.00825511
v 0.07332800 -0.01405657 0.01022813
v 0.07349174 -0.01377177 0.01221538
v 0.07334532 -0.01335057 0.01416769
v 0.07297573 -0.01283122 0.01609485
v -0.04796998 0.03501304 -0.01687436
v -0.04854003 0.03488493 -0.01686515
v -0.04810112 0.03460009 -0.01732235
v -0.04799454 0.03545705 -0.01492314
v -0.04869056 0.03530793 -0.01491331
v -0.04815724 0.03560088 -0.01291751
v -0.04842804 0.03554929 -0.01291493
v -0.04824014 0.03558321 -0.01225065
v -0.04624643 0.03356185 -0.01834163
v -0.04588654 0.03627430 -0.01094784
v -0.04782668 0.03564163 -0.01087838
v -0.04618223 0.03612913 -0.00888984
v -0.04723413 0.03573785 -0.00884283
v -0.04649759 0.03594124 -0.00682409
v -0.04674918 0.03588139 -0.00681939
v -0.04658689 0.03596950 -0.00592109
v -0.04368956 0.03430066 -0.01865691
v -0.04575630 0.03330390 -0.01852034
v -0.04439906 0.03257531 -0.01909418
v -0.04402196 0.03656259 -0.00687668
v -0.04640236 0.03608567 -0.00481152
v -0.04423162 0.03660438 -0.00485256
v -0.04448810 0.03654440 -0.00281000
v -0.04590739 0.03622480 -0.00278695
v -0.04477941 0.03640877 -0.00075373
v -0.04522217 0.03628027 -0.00074095
v -0.04492437 0.03629024 0.00007028
v -0.04255535 0.03161470 -0.01971299
v -0.04230517 0.03702711 -0.00080577
v -0.04454177 0.03633785 0.00130450
v -0.04258203 0.03692287 0.00124482
v -0.04292221 0.03668103 0.00332034
v -0.04398461 0.03644963 0.00333607
v -0.04317273 0.03663401 0.00536055
v -0.04346481 0.03657784 0.00536343
v -0.04327658 0.03671519 0.00659924
v -0.04042587 0.03137889 -0.02003905
v -0.04158424 0.03111232 -0.02001913
v -0.04071053 0.03064620 -0.02037253
v -0.04063154 0.03739785 0.00528214
v -0.04319245 0.03681487 0.00736292
v -0.04077323 0.03758732 0.00727950
v -0.04088032 0.03785198 0.00926322
v -0.04313457 0.03714622 0.00933824
v -0.04106134 0.03795600 0.01127607
v -0.04298386 0.03743675 0.01132402
v -0.04134640 0.03783395 0.01332988
v -0.04247116 0.03756809 0.01335058
v -0.04168102 0.03750944 0.01503334
v -0.03886908 0.02970155 -0.02090898
v -0.03941412 0.03777197 0.01543282
v -0.04149177 0.03749418 0.01542972
v -0.03989007 0.03723511 0.01756181
v -0.04006393 0.03722306 0.01755938
v -0.03992749 0.03718657 0.01770452
v -0.03703535 0.02881152 -0.02116371
v -0.03763545 0.03737622 0.01759626
v -0.03814462 0.03665623 0.01930535
v -0.03520741 0.02796247 -0.02120699
v -0.03603824 0.03658613 0.01983116
v -0.03752651 0.03646397 0.01981405
v -0.03634840 0.03603144 0.02041898
v -0.03297786 0.02803330 -0.02122434
v -0.03456491 0.02766858 -0.02119714
v -0.03337771 0.02710090 -0.02131488
v -0.03382494 0.03663744 0.01988188
v -0.03454212 0.03533548 0.02116543
v -0.03154111 0.02619056 -0.02167436
v -0.03272829 0.03458616 0.02163662
v -0.02971497 0.02535420 -0.02165221
v -0.03091275 0.03382475 0.02204544
v -0.02789631 0.02457073 -0.02135720
v -0.02909745 0.03306510 0.02246329
v -0.02607604 0.02377584 -0.02112107
v -0.02727552 0.03225852 0.02263909
v -0.02425037 0.02294278 -0.02108187
v -0.02544899 0.03141937 0.02264689
v -0.02242610 0.02211965 -0.02099146
v -0.02362351 0.03058767 0.02269309
v -0.02060159 0.02129481 -0.02090988
v -0.02179881 0.02976146 0.02276761
v -0.01877246 0.02043728 -0.02099690
v -0.01997126 0.02891515 0.02273847
v -0.01694589 0.01959788 -0.02099043
v -0.01814627 0.02808692 0.02280258
v -0.01540107 0.01888397 -0.02100696
v -0.01511843 0.01875217 -0.02101650
v -0.01631844 0.02723856 0.02276282
v -0.01328703 0.01787862 -0.02118620
v -0.01397517 0.02743095 0.02221061
v -0.01449050 0.02638950 0.02271945
v -0.01145539 0.01700338 -0.02136458
v -0.01264623 0.02556054 0.02260960
v -0.01266123 0.02553097 0.02262726
v -0.00962305 0.01612313 -0.02156887
v -0.01082710 0.02463811 0.02235798
v -0.01261209 0.02550720 0.02262088
v -0.00779696 0.01528714 -0.02154477
v -0.00816528 0.02528391 0.02074808
v -0.00899063 0.02372866 0.02200308
v -0.00597368 0.01447100 -0.02141828
v -0.00680828 0.02347449 0.02113603
v -0.00715537 0.02282783 0.02169269
v -0.00414816 0.01363904 -0.02137342
v -0.00447226 0.02329509 0.01919687
v -0.00530896 0.02184811 0.02097527
v -0.00615141 0.02230914 0.02137993
v -0.00232116 0.01279659 -0.02138268
v -0.00326521 0.02115984 0.01964386
v -0.00345759 0.02083331 0.02007692
v -0.00041809 0.01214358 -0.02132765
v -0.00100126 0.01219447 -0.02135350
v -0.00049532 0.01196231 -0.02134977
v -0.00115174 0.02049685 0.01779234
v -0.00160917 0.01983935 0.01928604
v -0.00264511 0.02041034 0.01980614
v 0.00162313 0.01182097 -0.02120916
v 0.00133080 0.01112610 -0.02132682
v 0.00108890 0.01961281 0.01394919
v 0.00072598 0.01932155 0.01603367
v 0.00024958 0.01877241 0.01811869
v 0.00019991 0.01880236 0.01815786
v 0.00357594 0.01130625 -0.02105586
v 0.00315474 0.01030526 -0.02122463
v 0.00311567 0.01776668 0.00824871
v 0.00297887 0.01796679 0.01024413
v 0.00278014 0.01803232 0.01226395
v 0.00249252 0.01790470 0.01431877
v 0.00212691 0.01757403 0.01627331
v 0.00202718 0.01764197 0.01639491
v 0.00523660 0.01015667 -0.02078750
v 0.00497524 0.00950878 -0.02099671
v 0.00505899 0.01573921 0.00258109
v 0.00487451 0.01583571 0.00459529
v 0.00469081 0.01593390 0.00660919
v 0.00453486 0.01609238 0.00861216
v 0.00438308 0.01625995 0.01061349
v 0.00417874 0.01631329 0.01263551
v 0.00402000 0.01626416 0.01385273
v 0.00358965 0.01659802 0.01460214
v 0.00682316 0.00884608 -0.02048996
v 0.00678923 0.00875836 -0.02053120
v 0.00701010 0.01372866 -0.00308960
v 0.00684934 0.01387671 -0.00108474
v 0.00666891 0.01398200 0.00092788
v 0.00647647 0.01406121 0.00294521
v 0.00631867 0.01421567 0.00494891
v 0.00614921 0.01434482 0.00695720
v 0.00599461 0.01437783 0.00845834
v 0.00580690 0.01455251 0.00894553
v 0.00536058 0.01510559 0.01086405
v 0.00457371 0.01580845 0.01274420
v 0.00698303 0.00868317 -0.02045400
v 0.00903948 0.00940133 -0.01849888
v 0.00859218 0.00808599 -0.01966306
v 0.00893560 0.01215985 -0.00680865
v 0.00864987 0.01203632 -0.00475457
v 0.00841630 0.01202615 -0.00272103
v 0.00821501 0.01208613 -0.00070021
v 0.00803592 0.01219433 0.00131188
v 0.00800794 0.01221770 0.00165150
v 0.00755000 0.01271551 0.00323550
v 0.00706586 0.01328523 0.00514976
v 0.00659166 0.01385058 0.00706513
v 0.01053464 0.00789213 -0.01816534
v 0.01039294 0.00742910 -0.01871505
v 0.01083512 0.00904244 -0.01634212
v 0.01088597 0.00965032 -0.01442059
v 0.01088879 0.01015381 -0.01248015
v 0.01085816 0.01058464 -0.01052653
v 0.01066854 0.01066996 -0.00851030
v 0.01040173 0.01058755 -0.00646368
v 0.01006399 0.01035102 -0.00438912
v 0.00998246 0.01033196 -0.00373988
v 0.00941045 0.01082691 -0.00246131
v 0.00870822 0.01149254 -0.00057162
v 0.00810042 0.01211664 0.00132870
v 0.01165465 0.00698550 -0.01795890
v 0.01218118 0.00686075 -0.01731026
v 0.01230322 0.00747444 -0.01599793
v 0.01231300 0.00799307 -0.01406023
v 0.01228273 0.00842466 -0.01210675
v 0.01217859 0.00869574 -0.01012419
v 0.01206931 0.00895564 -0.00813960
v 0.01189178 0.00890740 -0.00675207
v 0.01156454 0.00916598 -0.00615624
v 0.01033637 0.01006290 -0.00432580
v 0.01293521 0.00677915 -0.01584583
v 0.01292799 0.00713914 -0.01387784
v 0.01292468 0.00749740 -0.01190941
v 0.01268958 0.00795759 -0.00996710
v 0.01247548 0.00840856 -0.00802242
v 0.04866652 -0.00916922 -0.01381288
v 0.04855382 -0.00924187 -0.01380188
v 0.04865233 -0.00950136 -0.01498350
v 0.04860652 -0.00917736 -0.01331210
v 0.05104633 -0.01024820 -0.01965239
v 0.05012043 -0.01100125 -0.01953179
v 0.05063566 -0.01144935 -0.02069601
v 0.04925414 -0.01026347 -0.01766059
v 0.04872474 -0.00967385 -0.01575143
v 0.04897636 -0.00907089 -0.01178548
v 0.05080293 -0.00829022 -0.00984877
v 0.04940688 -0.00890341 -0.00976817
v 0.05059198 -0.00825124 -0.00782414
v 0.04971311 -0.00868128 -0.00776487
v 0.05027322 -0.00844653 -0.00575706
v 0.05013837 -0.00851149 -0.00574816
v 0.05021927 -0.00850469 -0.00550519
v 0.05110088 -0.01178924 -0.02139014
v 0.05251676 -0.01267442 -0.02267908
v 0.05270589 -0.00742117 -0.00385117
v 0.05090635 -0.00849243 -0.00369284
v 0.05208055 -0.00828265 -0.00166335
v 0.05171508 -0.00849128 -0.00163293
v 0.05192002 -0.00845431 -0.00090853
v 0.05511157 -0.01192554 -0.02329175
v 0.05334368 -0.01313238 -0.02310627
v 0.05436625 -0.01367590 -0.02350875
v 0.05234550 -0.00841172 0.00040690
v 0.05395774 -0.00796696 0.00240284
v 0.05322963 -0.00844373 0.00247530
v 0.05362915 -0.00846316 0.00338255
v 0.05620571 -0.01460644 -0.02397244
v 0.05624414 -0.00725943 0.00436633
v 0.05428143 -0.00854948 0.00456260
v 0.05585696 -0.00760340 0.00646036
v 0.05492762 -0.00847685 0.00660420
v 0.05590460 -0.00700249 0.00838315
v 0.05502862 -0.00816446 0.00858438
v 0.05542938 -0.00753777 0.01051185
v 0.05521567 -0.00788992 0.01057426
v 0.05525525 -0.00788487 0.01070260
v 0.05803458 -0.01546216 -0.02405013
v 0.05584192 -0.00780852 0.01261361
v 0.05669537 -0.00782704 0.01467856
v 0.05695893 -0.00785519 0.01519243
v 0.05985950 -0.01628985 -0.02398323
v 0.05767564 -0.00790133 0.01675780
v 0.05871105 -0.00816811 0.01791493
v 0.06167992 -0.01708578 -0.02375251
v 0.05999264 -0.00856348 0.01898763
v 0.06049958 -0.00873854 0.01930897
v 0.06349404 -0.01783712 -0.02329176
v 0.06230675 -0.00944076 0.02002315
v 0.06530893 -0.01859395 -0.02285931
v 0.06411999 -0.01018584 0.02051617
v 0.06704436 -0.01915761 -0.02156277
v 0.06743995 -0.01844327 -0.02169039
v 0.06709936 -0.01917776 -0.02153428
v 0.06671632 -0.00907351 0.02130877
v 0.06593620 -0.01095200 0.02090052
v 0.06848183 -0.01943297 -0.01943202
v 0.06884692 -0.01945843 -0.01864546
v 0.06776650 -0.01181783 0.02077066
v 0.06926502 -0.01942059 -0.01737499
v 0.06972379 -0.01926554 -0.01535450
v 0.06994257 -0.01900495 -0.01336105
v 0.07011279 -0.01872300 -0.01137307
v 0.07033314 -0.01846309 -0.00937945
v 0.07068477 -0.01792442 -0.00947423
v 0.07040190 -0.01837720 -0.00873086
v 0.06980973 -0.01236527 0.01999368
v 0.06962106 -0.01285512 0.01975626
v 0.06934955 -0.01267843 0.02004177
v 0.07062492 -0.01823461 -0.00737777
v 0.07079320 -0.01795181 -0.00539001
v 0.07102668 -0.01769768 -0.00339491
v 0.07102222 -0.01733891 -0.00142661
v 0.07117175 -0.01704786 0.00055904
v 0.07141402 -0.01679760 0.00255514
v 0.07157626 -0.01651214 0.00454222
v 0.07257621 -0.01509089 0.00429412
v 0.07177784 -0.01624398 0.00653373
v 0.07187478 -0.01611771 0.00651191
v 0.07179378 -0.01614254 0.00713399
v 0.07152108 -0.01421401 0.01708283
v 0.07102970 -0.01377413 0.01826225
v 0.07183865 -0.01591392 0.00850938
v 0.07180291 -0.01554140 0.01047415
v 0.07187849 -0.01521783 0.01245147
v 0.07194137 -0.01488867 0.01442736
v 0.07184178 -0.01448807 0.01638494
v -0.05052477 0.03421967 -0.01679060
v -0.05134275 0.03396197 -0.01676307
v -0.05074078 0.03356256 -0.01743835
v -0.05054152 0.03468066 -0.01484245
v -0.05150381 0.03438961 -0.01481241
v -0.05076583 0.03469060 -0.01281256
v -0.05115261 0.03459196 -0.01280404
v -0.05089115 0.03462599 -0.01195239
v -0.04889354 0.03257699 -0.01818594
v -0.04844847 0.03546541 -0.01086127
v -0.05061931 0.03471424 -0.01077516
v -0.04874266 0.03532350 -0.00880386
v -0.05028989 0.03492617 -0.00876925
v -0.04898360 0.03529731 -0.00676742
v -0.04985287 0.03509079 -0.00675121
v -0.04921013 0.03530244 -0.00473665
v -0.04940437 0.03525036 -0.00473188
v -0.04927210 0.03525413 -0.00437519
v -0.04643384 0.03309551 -0.01849852
v -0.04842635 0.03232260 -0.01840331
v -0.04704459 0.03157933 -0.01899589
v -0.04669656 0.03600625 -0.00480418
v -0.04865719 0.03527857 -0.00267890
v -0.04699871 0.03584704 -0.00274364
v -0.04739223 0.03548929 -0.00064711
v -0.04792323 0.03531260 -0.00062741
v -0.04757995 0.03536537 0.00053541
v -0.04519592 0.03058364 -0.01979564
v -0.04512827 0.03614806 0.00132522
v -0.04737615 0.03542881 0.00140302
v -0.04545444 0.03593668 0.00339522
v -0.04672836 0.03550074 0.00344480
v -0.04579994 0.03568328 0.00547283
v -0.04609847 0.03558053 0.00548457
v -0.04591948 0.03570062 0.00660165
v -0.04286451 0.03083792 -0.02000103
v -0.04469768 0.03032601 -0.01995205
v -0.04334360 0.02956208 -0.02072889
v -0.04334729 0.03675208 0.00737085
v -0.04581971 0.03581475 0.00748477
v -0.04345277 0.03702023 0.00935394
v -0.04573799 0.03613562 0.00946278
v -0.04358970 0.03722007 0.01134942
v -0.04558030 0.03642308 0.01144935
v -0.04381450 0.03722895 0.01337950
v -0.04520449 0.03661461 0.01346049
v -0.04404356 0.03722857 0.01541126
v -0.04485916 0.03681955 0.01546819
v -0.04437583 0.03686195 0.01692947
v -0.04150104 0.02860961 -0.02130571
v -0.04174554 0.03746398 0.01542862
v -0.04409681 0.03684110 0.01752288
v -0.04213421 0.03711679 0.01752324
v -0.04261740 0.03656417 0.01965508
v -0.04264569 0.03655973 0.01965516
v -0.04262428 0.03655310 0.01967294
v -0.03944107 0.02826330 -0.02144608
v -0.04068698 0.02820539 -0.02146901
v -0.03966477 0.02770161 -0.02165310
v -0.04042357 0.03657319 0.01971347
v -0.04082797 0.03592770 0.02078339
v -0.03737226 0.02800064 -0.02133846
v -0.03783373 0.02683057 -0.02180985
v -0.03829392 0.03644272 0.01979713
v -0.03901996 0.03521950 0.02146669
v -0.03531280 0.02771766 -0.02122715
v -0.03600910 0.02600491 -0.02173248
v -0.03721115 0.03450569 0.02212106
v -0.03418732 0.02519934 -0.02155148
v -0.03621228 0.03408728 0.02234875
v -0.03532523 0.03387469 0.02241427
v -0.03539500 0.03373998 0.02250772
v -0.03235939 0.02435038 -0.02159434
v -0.03348276 0.03312019 0.02261103
v -0.03357375 0.03293823 0.02270841
v -0.03053347 0.02351552 -0.02156441
v -0.03164644 0.03235232 0.02281021
v -0.03175254 0.03213673 0.02291042
v -0.02871548 0.02273678 -0.02124501
v -0.02967648 0.03187487 0.02295676
v -0.02993268 0.03134472 0.02316135
v -0.02689785 0.02196065 -0.02091212
v -0.02791962 0.03093434 0.02318723
v -0.02811068 0.03053762 0.02333451
v -0.02507306 0.02113382 -0.02084082
v -0.02627931 0.02966429 0.02316594
v -0.02774328 0.03036282 0.02330285
v -0.02324682 0.02029672 -0.02082244
v -0.02444928 0.02880039 0.02304603
v -0.02141814 0.01944241 -0.02089287
v -0.02262310 0.02796376 0.02306678
v -0.01959124 0.01860068 -0.02089844
v -0.02079546 0.02711676 0.02303407
v -0.01777015 0.01780000 -0.02069220
v -0.01896939 0.02628094 0.02305904
v -0.01658452 0.01724890 -0.02072245
v -0.01594159 0.01694648 -0.02075853
v -0.01714390 0.02544912 0.02310460
v -0.01411217 0.01608697 -0.02085578
v -0.01531665 0.02460494 0.02308644
v -0.01227996 0.01520766 -0.02105521
v -0.01348847 0.02375412 0.02303398
v -0.01044072 0.01427861 -0.02151121
v -0.01165840 0.02288997 0.02291283
v -0.01293535 0.02349383 0.02300230
v -0.00860898 0.01340267 -0.02169324
v -0.00982661 0.02201361 0.02272865
v -0.00665384 0.01286786 -0.02163897
v -0.00761108 0.01294578 -0.02168032
v -0.00678254 0.01256417 -0.02168211
v -0.00799390 0.02113080 0.02251119
v -0.00461447 0.01254122 -0.02151976
v -0.00495532 0.01172019 -0.02169924
v -0.00580039 0.02090645 0.02166145
v -0.00615509 0.02020487 0.02207128
v -0.00247106 0.01244067 -0.02144151
v -0.00312567 0.01085901 -0.02180512
v -0.00431346 0.01925890 0.02152799
v -0.00541204 0.01982845 0.02188106
v -0.00130062 0.01003035 -0.02174323
v -0.00189737 0.01937396 0.02002754
v -0.00247575 0.01834077 0.02112833
v 0.00052029 0.00923097 -0.02153027
v 0.00023646 0.01875521 0.01816800
v -0.00048007 0.01769557 0.02039173
v -0.00063837 0.01742486 0.02074012
v 0.00234359 0.00841465 -0.02140473
v 0.00209727 0.01754319 0.01641598
v 0.00153018 0.01680828 0.01858086
v 0.00121638 0.01638619 0.01971857
v -0.00004021 0.01710924 0.02051745
v 0.00416704 0.00759728 -0.02128461
v 0.00390238 0.01621014 0.01468590
v 0.00340277 0.01562186 0.01682421
v 0.00308363 0.01525908 0.01824083
v 0.00242199 0.01566962 0.01882603
v 0.00598596 0.00681202 -0.02099885
v 0.00594262 0.01439327 0.00898011
v 0.00580436 0.01459020 0.01097612
v 0.00556777 0.01457347 0.01301084
v 0.00524497 0.01436939 0.01507952
v 0.00496286 0.01404727 0.01632615
v 0.00418334 0.01453821 0.01705566
v 0.00824712 0.00718215 -0.02012839
v 0.00780084 0.00605526 -0.02056602
v 0.00787067 0.01233262 0.00331851
v 0.00772398 0.01251124 0.00531783
v 0.00759316 0.01272434 0.00731090
v 0.00741043 0.01282463 0.00932442
v 0.00720721 0.01288042 0.01134600
v 0.00696615 0.01285395 0.01338249
v 0.00684864 0.01278915 0.01417255
v 0.00608248 0.01334620 0.01530082
v 0.00988293 0.00597858 -0.01985024
v 0.00962021 0.00526674 -0.02029704
v 0.00982212 0.01032281 -0.00235231
v 0.00962463 0.01039104 -0.00033299
v 0.00944528 0.01049868 0.00167920
v 0.00927664 0.01062961 0.00368717
v 0.00912212 0.01079120 0.00568957
v 0.00899711 0.01101692 0.00768036
v 0.00883817 0.01116893 0.00968450
v 0.00878464 0.01117583 0.01018658
v 0.00817825 0.01171092 0.01159932
v 0.00726417 0.01246972 0.01346514
v 0.01148174 0.00469461 -0.01955753
v 0.01143001 0.00454597 -0.01967858
v 0.01210041 0.00653635 -0.01785961
v 0.01181285 0.00889573 -0.00609705
v 0.01155956 0.00884271 -0.00405575
v 0.01126916 0.00870905 -0.00199983
v 0.01105194 0.00873439 0.00002727
v 0.01085647 0.00880702 0.00204580
v 0.01081864 0.00886954 0.00262573
v 0.01051091 0.00925784 0.00398691
v 0.00991999 0.00987452 0.00588914
v 0.00946232 0.01043260 0.00780638
v 0.00895038 0.01101455 0.00971750
v 0.01203957 0.00430389 -0.01946650
v 0.01323289 0.00387410 -0.01880784
v 0.01350022 0.00481996 -0.01748853
v 0.01369651 0.00574386 -0.01562428
v 0.01365300 0.00614669 -0.01366559
v 0.01362235 0.00657747 -0.01171197
v 0.01353695 0.00688928 -0.00973678
v 0.01345261 0.00720336 -0.00776201
v 0.01327817 0.00732170 -0.00575176
v 0.01304676 0.00731620 -0.00371907
v 0.01280809 0.00729496 -0.00168353
v 0.01274977 0.00729069 -0.00118243
v 0.01185326 0.00795390 0.00020053
v 0.01095268 0.00870676 0.00206787
v 0.01499349 0.00336163 -0.01716491
v 0.01501333 0.00336093 -0.01711843
v 0.01510459 0.00404543 -0.01525645
v 0.01507677 0.00448236 -0.01330394
v 0.01499148 0.00479440 -0.01132880
v 0.01488909 0.00506929 -0.00934692
v 0.01484711 0.00547543 -0.00738884
v 0.01469729 0.00564725 -0.00538828
v 0.01468890 0.00565525 -0.00528256
v 0.01406960 0.00626559 -0.00348738
v 0.01303374 0.00707794 -0.00163528
v 0.01586674 0.00333441 -0.01509773
v 0.01576299 0.00373684 -0.01314062
v 0.01554134 0.00419112 -0.01119679
v 0.01517825 0.00470761 -0.00926889
v 0.01514177 0.00508046 -0.00730420
v 0.01471334 0.00562568 -0.00538366
v 0.04602785 -0.01064224 -0.01563763
v 0.04602610 -0.01064258 -0.01563761
v 0.04602754 -0.01064397 -0.01564166
v 0.04600628 -0.01019172 -0.01368759
v 0.04585391 -0.01021005 -0.01368821
v 0.04595763 -0.01014958 -0.01309118
v 0.04805291 -0.01199470 -0.01939589
v 0.04772190 -0.01210197 -0.01938417
v 0.04796830 -0.01229095 -0.01980126
v 0.04846387 -0.01060431 -0.01761618
v 0.04673598 -0.01131157 -0.01752644
v 0.04865015 -0.00970216 -0.01574798
v 0.04839389 -0.00926426 -0.01176396
v 0.04625155 -0.01002811 -0.01167461
v 0.04818536 -0.00922003 -0.00974028
v 0.04640061 -0.00973686 -0.00968902
v 0.04797842 -0.00917232 -0.00771723
v 0.04676938 -0.00954223 -0.00767867
v 0.04758124 -0.00955373 -0.00568059
v 0.05028333 -0.01240357 -0.02129346
v 0.04915842 -0.01309052 -0.02119114
v 0.04985006 -0.01352067 -0.02180839
v 0.04761221 -0.00955608 -0.00561492
v 0.04968580 -0.00922564 -0.00358416
v 0.04861910 -0.00964208 -0.00353268
v 0.04930097 -0.00963757 -0.00177634
v 0.05170596 -0.01456748 -0.02287188
v 0.04940395 -0.00963043 -0.00147546
v 0.05161351 -0.00880015 0.00046213
v 0.05000360 -0.00953733 0.00056090
v 0.05100771 -0.00962953 0.00260187
v 0.05170817 -0.01456865 -0.02287269
v 0.05354837 -0.01551892 -0.02344336
v 0.05102807 -0.00963106 0.00264512
v 0.05319328 -0.00913076 0.00464545
v 0.05213360 -0.00976044 0.00473847
v 0.05273020 -0.00973288 0.00640548
v 0.05538454 -0.01642624 -0.02378729
v 0.05284954 -0.00971849 0.00678793
v 0.05330347 -0.00956131 0.00880787
v 0.05401187 -0.00951604 0.01085648
v 0.05440540 -0.00950180 0.01193434
v 0.05721307 -0.01727952 -0.02385238
v 0.05470524 -0.00946416 0.01290339
v 0.05541013 -0.00941735 0.01495161
v 0.05610197 -0.00942187 0.01668339
v 0.05903960 -0.01811862 -0.02384435
v 0.05624660 -0.00942840 0.01701464
v 0.05787905 -0.00991128 0.01849540
v 0.06085716 -0.01889433 -0.02350930
v 0.05910578 -0.01032899 0.01930556
v 0.05967582 -0.01053997 0.01958889
v 0.06266900 -0.01962956 -0.02296546
v 0.06148746 -0.01127378 0.02014011
v 0.06448631 -0.02040343 -0.02262091
v 0.06330448 -0.01204569 0.02049477
v 0.06569056 -0.02071777 -0.02129745
v 0.06626533 -0.02090658 -0.02087976
v 0.06512808 -0.01286406 0.02060973
v 0.06733877 -0.02108581 -0.01914296
v 0.06799469 -0.02105855 -0.01732698
v 0.06696242 -0.01375843 0.02033265
v 0.06807058 -0.02105083 -0.01709171
v 0.06847167 -0.02087042 -0.01507772
v 0.06872617 -0.02062553 -0.01308025
v 0.06889770 -0.02034416 -0.01109212
v 0.06906428 -0.02006061 -0.00910456
v 0.06910991 -0.01972387 -0.00713061
v 0.07010314 -0.01869093 -0.00730362
v 0.06904057 -0.01933657 -0.00516962
v 0.06993484 -0.01855928 -0.00529579
v 0.06915239 -0.01902894 -0.00318822
v 0.06966690 -0.01864413 -0.00324871
v 0.06939532 -0.01888577 -0.00178139
v 0.06882120 -0.01482563 0.01916393
v 0.06729009 -0.01392826 0.02022759
v 0.06949797 -0.01882411 -0.00118049
v 0.06988530 -0.01863764 0.00083195
v 0.07017117 -0.01840655 0.00283296
v 0.07021192 -0.01806767 0.00480635
v 0.07046845 -0.01782368 0.00680405
v 0.07051451 -0.01748712 0.00877804
v 0.07163327 -0.01614515 0.00854857
v 0.07059970 -0.01716778 0.01075644
v 0.07150566 -0.01592507 0.01054038
v 0.07067695 -0.01684495 0.01273394
v 0.07119606 -0.01610047 0.01260386
v 0.07069480 -0.01649599 0.01470476
v 0.07097384 -0.01608597 0.01463293
v 0.07055975 -0.01607979 0.01665834
v 0.07105150 -0.01541984 0.01654390
v 0.06955988 -0.01528327 0.01851450
v -0.05330620 0.03293380 -0.01661758
v -0.05360618 0.03280184 -0.01660023
v -0.05339819 0.03265069 -0.01690613
v -0.05323229 0.03359176 -0.01470513
v -0.05396636 0.03331705 -0.01467200
v -0.05341990 0.03368147 -0.01268970
v -0.05370961 0.03356094 -0.01267427
v -0.05353990 0.03365280 -0.01173645
v -0.05153312 0.03153894 -0.01830468
v -0.05104814 0.03457452 -0.01075983
v -0.05339760 0.03378053 -0.01067032
v -0.05126377 0.03460332 -0.00873336
v -0.05312712 0.03401839 -0.00867105
v -0.05151432 0.03455625 -0.00669313
v -0.05267100 0.03417461 -0.00665086
v -0.05184531 0.03433439 -0.00462123
v -0.05203794 0.03425301 -0.00461074
v -0.05191968 0.03427265 -0.00420209
v -0.04903523 0.03220089 -0.01839641
v -0.05148459 0.03151201 -0.01833001
v -0.04968308 0.03053354 -0.01915454
v -0.04957967 0.03499680 -0.00264957
v -0.05145389 0.03435297 -0.00257614
v -0.05000618 0.03456737 -0.00054005
v -0.05066805 0.03436418 -0.00051881
v -0.05022593 0.03437254 0.00064999
v -0.04783842 0.02956621 -0.01980800
v -0.04771673 0.03528154 0.00142223
v -0.04996355 0.03441117 0.00152936
v -0.04805951 0.03503405 0.00349878
v -0.04943910 0.03453733 0.00355725
v -0.04836903 0.03485882 0.00556223
v -0.04888519 0.03465054 0.00558845
v -0.04858572 0.03485108 0.00745541
v -0.04534213 0.03021224 -0.01994766
v -0.04766229 0.02947425 -0.01986820
v -0.04597661 0.02847758 -0.02108721
v -0.04600127 0.03574315 0.00749368
v -0.04856477 0.03486644 0.00759335
v -0.04612629 0.03596886 0.00948446
v -0.04840240 0.03515184 0.00958045
v -0.04629123 0.03610781 0.01149097
v -0.04808643 0.03536969 0.01158485
v -0.04661772 0.03589574 0.01356110
v -0.04749092 0.03546460 0.01362074
v -0.04697620 0.03554661 0.01538024
v -0.04403633 0.02779418 -0.02148110
v -0.04450094 0.02772715 -0.02148085
v -0.04413714 0.02754698 -0.02155122
v -0.04691319 0.03556734 0.01565463
v -0.04451599 0.03669934 0.01753887
v -0.04637718 0.03568842 0.01768381
v -0.04522539 0.03565520 0.01975979
v -0.04534644 0.03559193 0.01976874
v -0.04527242 0.03557554 0.01986626
v -0.04172326 0.02806231 -0.02146967
v -0.04230229 0.02664901 -0.02184690
v -0.04349256 0.03506646 0.02157679
v -0.04046972 0.02576715 -0.02205947
v -0.04267042 0.03477189 0.02203902
v -0.04145556 0.03482805 0.02206143
v -0.04168847 0.03438607 0.02240358
v -0.03864282 0.02492537 -0.02206524
v -0.03944529 0.03443818 0.02219211
v -0.03987254 0.03362190 0.02279815
v -0.03681628 0.02408621 -0.02205754
v -0.03731739 0.03430392 0.02227646
v -0.03805829 0.03286956 0.02325377
v -0.03500017 0.02332074 -0.02166968
v -0.03623705 0.03206787 0.02345475
v -0.03318834 0.02258560 -0.02112533
v -0.03441089 0.03123138 0.02347627
v -0.03136965 0.02180190 -0.02083152
v -0.03258471 0.03039475 0.02349702
v -0.02954992 0.02101087 -0.02057550
v -0.03076013 0.02956935 0.02357574
v -0.02772260 0.02016615 -0.02059643
v -0.02893506 0.02874056 0.02363694
v -0.02589591 0.01932590 -0.02059434
v -0.02710359 0.02786654 0.02346485
v -0.02869234 0.02862466 0.02361377
v -0.02406700 0.01846996 -0.02067318
v -0.02527403 0.02700595 0.02336202
v -0.02224003 0.01762771 -0.02068142
v -0.02344661 0.02616052 0.02333740
v -0.02041566 0.01680389 -0.02059454
v -0.02162034 0.02532326 0.02335494
v -0.01859363 0.01599659 -0.02042245
v -0.01979606 0.02450001 0.02344473
v -0.01755909 0.01552196 -0.02041441
v -0.01676678 0.01515514 -0.02042654
v -0.01797200 0.02367838 0.02354288
v -0.01494362 0.01433990 -0.02029545
v -0.01614496 0.02283562 0.02353201
v -0.01311379 0.01347739 -0.02040818
v -0.01431663 0.02198377 0.02347430
v -0.01126976 0.01251456 -0.02103843
v -0.01246439 0.02119749 0.02346034
v -0.01248997 0.02114374 0.02347754
v -0.00943339 0.01160584 -0.02138955
v -0.01066265 0.02029903 0.02345661
v -0.01243095 0.02111648 0.02347696
v -0.00914048 0.01146285 -0.02143478
v -0.00759809 0.01070465 -0.02170185
v -0.00882930 0.01941171 0.02321586
v -0.00576646 0.00982946 -0.02188000
v -0.00699546 0.01852087 0.02295697
v -0.00393136 0.00892976 -0.02218455
v -0.00485417 0.01820438 0.02221117
v -0.00515785 0.01760335 0.02256048
v -0.00210367 0.00808243 -0.02221897
v -0.00332242 0.01670134 0.02224396
v -0.00428597 0.01717771 0.02242576
v -0.00027983 0.00726229 -0.02211317
v -0.00149030 0.01582263 0.02204767
v 0.00154111 0.00646274 -0.02190108
v 0.00083238 0.01578933 0.02079722
v 0.00035050 0.01488263 0.02153515
v 0.00335948 0.00568129 -0.02159565
v 0.00289051 0.01500609 0.01896749
v 0.00219082 0.01394596 0.02103985
v 0.00196711 0.01407094 0.02116143
v 0.00517930 0.00488963 -0.02134290
v 0.00472186 0.01373006 0.01722708
v 0.00415748 0.01300103 0.01939089
v 0.00405398 0.01284781 0.01971150
v 0.00699981 0.00409310 -0.02111527
v 0.00661890 0.01259676 0.01546080
v 0.00608564 0.01193537 0.01761235
v 0.00592025 0.01172763 0.01826950
v 0.00444835 0.01262294 0.01947216
v 0.00881921 0.00330440 -0.02084724
v 0.00860891 0.01116812 0.01171634
v 0.00831427 0.01102525 0.01377393
v 0.00792082 0.01066764 0.01587043
v 0.00779777 0.01052790 0.01641715
v 0.00648588 0.01137008 0.01773290
v 0.01063755 0.00252313 -0.02054085
v 0.01072792 0.00902505 0.00403798
v 0.01055691 0.00915082 0.00604688
v 0.01035689 0.00921354 0.00806721
v 0.01014713 0.00925510 0.01009137
v 0.00989379 0.00920198 0.01213269
v 0.00968713 0.00924445 0.01413287
v 0.00967920 0.00925212 0.01415505
v 0.00817982 0.01026832 0.01595494
v 0.01309524 0.00344255 -0.01927060
v 0.01246050 0.00170932 -0.02040239
v 0.01256405 0.00726202 0.00035413
v 0.01234193 0.00727672 0.00238316
v 0.01217921 0.00742052 0.00438879
v 0.01200151 0.00753175 0.00640033
v 0.01179319 0.00757643 0.00842392
v 0.01163814 0.00752501 0.00959945
v 0.01124052 0.00785187 0.01039335
v 0.01025533 0.00864194 0.01225116
v 0.01470859 0.00219019 -0.01898361
v 0.01428071 0.00091495 -0.02016360
v 0.01501088 0.00334445 -0.01716110
v 0.01452521 0.00577070 -0.00337896
v 0.01430633 0.00579244 -0.00135121
v 0.01405227 0.00573773 0.00069040
v 0.01382588 0.00574316 0.00272111
v 0.01364190 0.00584076 0.00473511
v 0.01358109 0.00586258 0.00536011
v 0.01303132 0.00635070 0.00665749
v 0.01225543 0.00704873 0.00853888
v 0.01630508 0.00090117 -0.01868998
v 0.01608966 0.00020014 -0.01951438
v 0.01655122 0.00193340 -0.01684536
v 0.01664241 0.00262894 -0.01493972
v 0.01651563 0.00285083 -0.01294824
v 0.01641637 0.00313251 -0.01096759
v 0.01625530 0.00327987 -0.00896261
v 0.01614605 0.00353984 -0.00697803
v 0.01602843 0.00378162 -0.00499015
v 0.01588476 0.00396680 -0.00299202
v 0.01570745 0.00407890 -0.00098064
v 0.01555328 0.00424124 0.00102163
v 0.01551823 0.00424125 0.00133280
v 0.01467820 0.00491283 0.00290542
v 0.01379074 0.00565993 0.00477425
v 0.01800737 -0.00015793 -0.01843802
v 0.01790085 -0.00053053 -0.01894694
v 0.01812724 0.00059993 -0.01654367
v 0.01817696 0.00120532 -0.01462169
v 0.01800241 0.00132341 -0.01261140
v 0.01785092 0.00149159 -0.01061019
v 0.01766029 0.00157474 -0.00859356
v 0.01758305 0.00171689 -0.00735302
v 0.01744190 0.00191339 -0.00662723
v 0.01696280 0.00248089 -0.00471240
v 0.01652743 0.00302917 -0.00279265
v 0.01609110 0.00357786 -0.00087300
v 0.01566942 0.00412011 0.00104829
v 0.01970596 -0.00122313 -0.01818497
v 0.01970668 -0.00122324 -0.01818374
v 0.01973207 -0.00067098 -0.01625332
v 0.01971944 -0.00020105 -0.01430680
v 0.01954693 -0.00007855 -0.01229730
v 0.01954481 -0.00007857 -0.01227864
v 0.01854694 0.00071381 -0.01044034
v 0.01784414 0.00137968 -0.00855071
v 0.02039424 -0.00116902 -0.01613863
v 0.02049778 -0.00085774 -0.01415816
v 0.01955617 -0.00008684 -0.01229544
v 0.04351601 -0.01183964 -0.01751234
v 0.04305935 -0.01185021 -0.01752281
v 0.04345549 -0.01215966 -0.01822441
v 0.04364528 -0.01106137 -0.01562169
v 0.04209252 -0.01106821 -0.01566293
v 0.04365600 -0.01054069 -0.01368436
v 0.04173094 -0.01055239 -0.01373486
v 0.04351664 -0.01034614 -0.01168793
v 0.04218103 -0.01039352 -0.01171535
v 0.04322117 -0.01050253 -0.00967565
v 0.04561209 -0.01254041 -0.01935701
v 0.04418079 -0.01270020 -0.01936527
v 0.04535598 -0.01352180 -0.02091461
v 0.04585584 -0.01151338 -0.01751145
v 0.04578974 -0.01016489 -0.01166076
v 0.04324042 -0.01050261 -0.00962720
v 0.04564027 -0.00999232 -0.00966034
v 0.04535142 -0.01012262 -0.00760503
v 0.04412665 -0.01053554 -0.00755856
v 0.04494347 -0.01051172 -0.00550282
v 0.04490582 -0.01052140 -0.00550198
v 0.04493187 -0.01052255 -0.00544216
v 0.04761234 -0.01344945 -0.02116394
v 0.04564346 -0.01370025 -0.02116929
v 0.04721542 -0.01459364 -0.02210724
v 0.04756651 -0.00957003 -0.00561346
v 0.04584765 -0.01057878 -0.00342707
v 0.04707403 -0.01014283 -0.00347796
v 0.04665378 -0.01062181 -0.00161749
v 0.04907662 -0.01552312 -0.02275980
v 0.04901196 -0.01553845 -0.02275860
v 0.04906032 -0.01556271 -0.02276967
v 0.04923836 -0.00970054 -0.00146641
v 0.04677316 -0.01062900 -0.00135400
v 0.04888200 -0.00997754 0.00061549
v 0.04747592 -0.01058125 0.00069397
v 0.04836952 -0.01067745 0.00243223
v 0.05170485 -0.01457017 -0.02287248
v 0.05089926 -0.01648959 -0.02321449
v 0.05099470 -0.00964747 0.00264738
v 0.04857273 -0.01070679 0.00278634
v 0.05034631 -0.01055904 0.00484428
v 0.04972403 -0.01085630 0.00488484
v 0.05009154 -0.01077746 0.00625307
v 0.05273450 -0.01739030 -0.02352429
v 0.05265584 -0.00980124 0.00679866
v 0.05026586 -0.01073778 0.00691469
v 0.05232051 -0.01003254 0.00887227
v 0.05102327 -0.01071406 0.00896882
v 0.05179726 -0.01076220 0.01066853
v 0.05456437 -0.01825309 -0.02363847
v 0.05199904 -0.01078637 0.01104755
v 0.05406064 -0.01001468 0.01299244
v 0.05294595 -0.01084599 0.01312303
v 0.05351752 -0.01084984 0.01455317
v 0.05639008 -0.01908639 -0.02360054
v 0.05373468 -0.01083605 0.01518069
v 0.05591523 -0.00974810 0.01706753
v 0.05474019 -0.01092144 0.01726277
v 0.05525688 -0.01107251 0.01774126
v 0.05821485 -0.01991308 -0.02352844
v 0.05704747 -0.01165743 0.01906055
v 0.06003054 -0.02067556 -0.02312515
v 0.05826425 -0.01211443 0.01962859
v 0.05885264 -0.01234549 0.01984774
v 0.06184060 -0.02139817 -0.02251621
v 0.06066696 -0.01309832 0.02030083
v 0.06364909 -0.02210976 -0.02185037
v 0.06248903 -0.01390586 0.02047165
v 0.06428358 -0.02225454 -0.02103812
v 0.06542328 -0.02257873 -0.01993293
v 0.06431623 -0.01474975 0.02045497
v 0.06597699 -0.02264245 -0.01887854
v 0.06665044 -0.02258182 -0.01683387
v 0.06787042 -0.02127131 -0.01705446
v 0.06685348 -0.02231430 -0.01484219
v 0.06740555 -0.02178410 -0.01492984
v 0.06706426 -0.02210562 -0.01315549
v 0.06671587 -0.01433005 0.02028974
v 0.06615754 -0.01569340 0.01992364
v 0.06495437 -0.01505659 0.02038229
v 0.06712826 -0.02207834 -0.01284243
v 0.06761136 -0.02193398 -0.01081921
v 0.06783000 -0.02167333 -0.00882577
v 0.06778604 -0.02129719 -0.00686192
v 0.06756116 -0.02084149 -0.00491845
v 0.06769064 -0.02054162 -0.00293507
v 0.06811440 -0.02037118 -0.00091852
v 0.06919735 -0.01916708 -0.00112225
v 0.06845735 -0.02016519 0.00108891
v 0.06855496 -0.02006562 0.00107229
v 0.06849086 -0.02011650 0.00144266
v 0.06801592 -0.01675779 0.01876945
v 0.06868079 -0.01990665 0.00308289
v 0.06872052 -0.01956731 0.00505617
v 0.06904991 -0.01935536 0.00706208
v 0.06923538 -0.01908012 0.00905177
v 0.06942257 -0.01880563 0.01104166
v 0.06960369 -0.01852848 0.01303087
v 0.06964377 -0.01818930 0.01500419
v 0.06921282 -0.01764297 0.01692444
v 0.06802546 -0.01676399 0.01875947
v -0.05601329 0.03180950 -0.01647385
v -0.05611852 0.03175118 -0.01646543
v -0.05604986 0.03169802 -0.01658441
v -0.05605568 0.03221475 -0.01451560
v -0.05616539 0.03212860 -0.01450190
v -0.05611927 0.03218888 -0.01405218
v -0.05411958 0.03066894 -0.01823881
v -0.05428670 0.03058878 -0.01822786
v -0.05417612 0.03052513 -0.01829828
v -0.05595403 0.03239246 -0.01250929
v -0.05366125 0.03365439 -0.01065310
v -0.05562241 0.03260342 -0.01050313
v -0.05386486 0.03370931 -0.00863136
v -0.05546985 0.03289314 -0.00851714
v -0.05412374 0.03364414 -0.00658785
v -0.05523019 0.03314455 -0.00652134
v -0.05449822 0.03332778 -0.00449882
v -0.05466877 0.03325446 -0.00448929
v -0.05456408 0.03326871 -0.00414481
v -0.05154742 0.03150008 -0.01832942
v -0.05232066 0.02948133 -0.01934629
v -0.05223872 0.03397687 -0.00252475
v -0.05392445 0.03328393 -0.00243663
v -0.05260621 0.03367570 -0.00043847
v -0.05333911 0.03338332 -0.00040189
v -0.05288119 0.03344533 0.00110306
v -0.05035246 0.02884116 -0.01981922
v -0.05085077 0.02872094 -0.01980957
v -0.05047624 0.02851573 -0.01999086
v -0.05038206 0.03424795 0.00154953
v -0.05272663 0.03347077 0.00163592
v -0.05072529 0.03399950 0.00362625
v -0.05207530 0.03354114 0.00367810
v -0.05099507 0.03391064 0.00567405
v -0.05163146 0.03370276 0.00569690
v -0.05122212 0.03391463 0.00770502
v -0.05126366 0.03389782 0.00770714
v -0.05124079 0.03392255 0.00790170
v -0.04791432 0.02938106 -0.01985704
v -0.04862531 0.02750402 -0.02087327
v -0.04859963 0.03485512 0.00759459
v -0.05102629 0.03415023 0.00970268
v -0.04875079 0.03502402 0.00959568
v -0.04899814 0.03498389 0.01163464
v -0.05059193 0.03431602 0.01172042
v -0.04934758 0.03472193 0.01371381
v -0.05002700 0.03442438 0.01375286
v -0.04960933 0.03446289 0.01502594
v -0.04644575 0.02731671 -0.02145459
v -0.04743667 0.02686269 -0.02139374
v -0.04677643 0.02650682 -0.02168084
v -0.04701964 0.03551974 0.01566094
v -0.04938976 0.03450095 0.01579346
v -0.04742162 0.03514360 0.01776080
v -0.04853709 0.03448277 0.01785832
v -0.04789053 0.03438568 0.01896439
v -0.04493596 0.02556909 -0.02218162
v -0.04712638 0.03421918 0.01998605
v -0.04611875 0.03393375 0.02096973
v -0.04310891 0.02472631 -0.02219259
v -0.04433824 0.03334983 0.02226896
v -0.04431216 0.03337883 0.02226405
v -0.04432776 0.03334591 0.02227397
v -0.04128384 0.02389752 -0.02213136
v -0.04251753 0.03262207 0.02287659
v -0.03944827 0.02299450 -0.02245309
v -0.04070181 0.03185943 0.02327904
v -0.03743530 0.02260811 -0.02233284
v -0.03934565 0.02294764 -0.02245102
v -0.03762385 0.02217024 -0.02236849
v -0.03888586 0.03109512 0.02367292
v -0.03722144 0.02201347 -0.02221171
v -0.03582003 0.02149171 -0.02153209
v -0.03706749 0.03031365 0.02397825
v -0.03402612 0.02088330 -0.02033399
v -0.03523999 0.02946766 0.02395071
v -0.03237338 0.02023821 -0.01969673
v -0.03217490 0.02026176 -0.01969586
v -0.03221794 0.02017390 -0.01965685
v -0.03340807 0.02859040 0.02376193
v -0.03032179 0.01953039 -0.01950329
v -0.03039729 0.01937641 -0.01943421
v -0.03138123 0.02817044 0.02362812
v -0.03157815 0.02772737 0.02364650
v -0.03192379 0.02789025 0.02366756
v -0.03021252 0.01928792 -0.01945329
v -0.02855770 0.01844490 -0.01990286
v -0.02904223 0.02849491 0.02362933
v -0.02974889 0.02686891 0.02355462
v -0.02672864 0.01758787 -0.01998733
v -0.02792007 0.02601361 0.02347909
v -0.02489978 0.01673230 -0.02006426
v -0.02609066 0.02515410 0.02338185
v -0.02307626 0.01591442 -0.01994675
v -0.02426336 0.02430954 0.02336172
v -0.02125496 0.01511228 -0.01974807
v -0.02243493 0.02345698 0.02330029
v -0.01942810 0.01427083 -0.01975218
v -0.02061286 0.02264940 0.02347093
v -0.01694137 0.01480136 -0.02025779
v -0.01760244 0.01343790 -0.01971233
v -0.01879176 0.02184866 0.02367685
v -0.01523599 0.01374897 -0.02000705
v -0.01577976 0.01262595 -0.01956422
v -0.01696899 0.02103610 0.02382183
v -0.01454517 0.01204098 -0.01965703
v -0.01394708 0.01174338 -0.01978041
v -0.01514389 0.02020709 0.02388188
v -0.01210475 0.01079250 -0.02034906
v -0.01331785 0.01937147 0.02390786
v -0.01026439 0.00985555 -0.02084582
v -0.01148868 0.01851365 0.02381932
v -0.01252281 0.01900135 0.02388445
v -0.00876147 0.00914064 -0.02097424
v -0.00843331 0.00898425 -0.02100387
v -0.00966088 0.01766555 0.02378094
v -0.00659502 0.00806198 -0.02142490
v -0.00782925 0.01679034 0.02360269
v -0.00475554 0.00713123 -0.02188965
v -0.00599607 0.01590416 0.02336785
v -0.00292068 0.00623324 -0.02218546
v -0.00371432 0.01592311 0.02268463
v -0.00416378 0.01502432 0.02316572
v -0.00098405 0.00565821 -0.02212398
v -0.00161703 0.00564188 -0.02213816
v -0.00109545 0.00540327 -0.02213029
v -0.00227303 0.01429683 0.02303938
v -0.00233575 0.01417456 0.02311873
v 0.00077020 0.00471200 -0.02189247
v 0.00072489 0.00460792 -0.02189656
v -0.00049859 0.01326025 0.02273879
v -0.00217629 0.01409439 0.02308127
v 0.00167140 0.00419571 -0.02176769
v 0.00254502 0.00381409 -0.02165502
v 0.00210362 0.01379354 0.02121894
v 0.00134159 0.01232465 0.02224898
v 0.00436576 0.00301592 -0.02143586
v 0.00318529 0.01136405 0.02163022
v 0.00305533 0.01143684 0.02170186
v 0.00618567 0.00222359 -0.02118651
v 0.00537354 0.01088534 0.01983434
v 0.00504215 0.01031044 0.02053168
v 0.00800568 0.00143053 -0.02094098
v 0.00737260 0.00997374 0.01802788
v 0.00689501 0.00928510 0.01957892
v 0.00607271 0.00975306 0.02007299
v 0.00982935 0.00061165 -0.02082867
v 0.00968479 0.00924519 0.01415655
v 0.00924829 0.00879406 0.01627000
v 0.00876303 0.00815261 0.01807342
v 0.00835645 0.00839192 0.01836148
v 0.01194124 0.00043754 -0.02075769
v 0.00997108 0.00054570 -0.02083266
v 0.01166005 -0.00025696 -0.02097285
v 0.01152261 0.00748584 0.01047203
v 0.01120951 0.00730285 0.01253689
v 0.01096650 0.00727217 0.01457414
v 0.01063887 0.00696475 0.01628227
v 0.01037152 0.00714893 0.01661969
v 0.01390837 -0.00004607 -0.02061002
v 0.01348790 -0.00110543 -0.02101318
v 0.01343694 0.00589275 0.00675738
v 0.01324429 0.00597150 0.00877480
v 0.01295508 0.00584041 0.01083025
v 0.01260079 0.00556791 0.01291133
v 0.01254842 0.00553854 0.01326154
v 0.01171665 0.00620057 0.01480243
v 0.01567323 -0.00096921 -0.02038270
v 0.01531418 -0.00194280 -0.02099622
v 0.01531342 0.00421742 0.00305764
v 0.01503843 0.00411723 0.00510749
v 0.01487468 0.00425876 0.00711353
v 0.01469820 0.00437265 0.00912458
v 0.01443930 0.00424430 0.01092161
v 0.01428571 0.00435714 0.01115425
v 0.01278004 0.00537611 0.01295343
v 0.01750917 -0.00173791 -0.02018337
v 0.01713904 -0.00277011 -0.02092735
v 0.01753458 0.00179892 -0.00660250
v 0.01736373 0.00192505 -0.00459367
v 0.01718415 0.00203220 -0.00258139
v 0.01707779 0.00229844 -0.00059795
v 0.01700295 0.00263320 0.00137307
v 0.01681478 0.00272168 0.00338873
v 0.01657976 0.00270834 0.00542284
v 0.01636138 0.00272947 0.00744371
v 0.01635808 0.00273215 0.00745012
v 0.01552248 0.00345643 0.00932478
v 0.01925555 -0.00270120 -0.01994877
v 0.01895881 -0.00356144 -0.02067291
v 0.01970665 -0.00122360 -0.01818486
v 0.01928891 -0.00014185 -0.01025414
v 0.01908850 -0.00007995 -0.00823366
v 0.01889906 0.00000577 -0.00621751
v 0.01873345 0.00014327 -0.00421073
v 0.01857310 0.00029221 -0.00220603
v 0.01849199 0.00061333 -0.00023253
v 0.01845973 0.00104060 0.00172172
v 0.01829859 0.00118782 0.00372674
v 0.01828261 0.00122064 0.00399674
v 0.01780730 0.00173801 0.00564458
v 0.02096161 -0.00375211 -0.01969829
v 0.02077847 -0.00435197 -0.02041427
v 0.02125417 -0.00261901 -0.01787195
v 0.02134818 -0.00191735 -0.01596742
v 0.02129986 -0.00152498 -0.01400684
v 0.02107876 -0.00150806 -0.01197821
v 0.02076724 -0.00168761 -0.00991398
v 0.02051590 -0.00173640 -0.00787344
v 0.02040361 -0.00170095 -0.00673829
v 0.02007541 -0.00140029 -0.00591270
v 0.01959944 -0.00083417 -0.00399752
v 0.01901405 -0.00021992 -0.00209467
v 0.01879878 0.00023156 -0.00015012
v 0.01882217 0.00057808 0.00182131
v 0.01833496 0.00114915 0.00373523
v 0.02271356 -0.00470331 -0.01946589
v 0.02259343 -0.00510927 -0.01998426
v 0.02295000 -0.00369216 -0.01761745
v 0.02298043 -0.00312867 -0.01568787
v 0.02286069 -0.00289148 -0.01369917
v 0.02260303 -0.00295401 -0.01165614
v 0.02231007 -0.00309324 -0.00959922
v 0.02230843 -0.00309379 -0.00958686
v 0.02089973 -0.00211962 -0.00778864
v 0.02444092 -0.00570796 -0.01922379
v 0.02440480 -0.00584119 -0.01942330
v 0.02460907 -0.00484519 -0.01734846
v 0.02457033 -0.00443198 -0.01539165
v 0.02442235 -0.00425617 -0.01339182
v 0.02419262 -0.00434065 -0.01168240
v 0.02397900 -0.00418742 -0.01137934
v 0.02231781 -0.00310006 -0.00959768
v 0.02514096 -0.00612565 -0.01912364
v 0.02619379 -0.00641482 -0.01804579
v 0.02623862 -0.00606236 -0.01706785
v 0.02612759 -0.00594668 -0.01563078
v 0.02591559 -0.00575270 -0.01509876
v 0.02544656 -0.00518963 -0.01318280
v 0.02673356 -0.00646923 -0.01697542
v 0.03712301 -0.01046232 -0.01387863
v 0.03661498 -0.01045804 -0.01389338
v 0.03708027 -0.01093546 -0.01534621
v 0.03699784 -0.01023695 -0.01188778
v 0.03689783 -0.01022562 -0.01189272
v 0.03698134 -0.01023580 -0.01173684
v 0.03905567 -0.01201560 -0.01760049
v 0.03856177 -0.01202781 -0.01761166
v 0.03898873 -0.01235401 -0.01832740
v 0.03918580 -0.01123545 -0.01571019
v 0.03725254 -0.01109523 -0.01579036
v 0.03925486 -0.01058801 -0.01379583
v 0.03911323 -0.01039839 -0.01179850
v 0.03856868 -0.01060362 -0.00973568
v 0.03877394 -0.01063829 -0.00972333
v 0.03874905 -0.01065898 -0.00958313
v 0.04106052 -0.01291460 -0.01940924
v 0.03982036 -0.01293811 -0.01943867
v 0.04087761 -0.01363407 -0.02059419
v 0.04127828 -0.01194404 -0.01755344
v 0.04143746 -0.01110078 -0.01567457
v 0.04145587 -0.01056339 -0.01374027
v 0.04131470 -0.01037278 -0.01174312
v 0.04094031 -0.01068897 -0.00965413
v 0.04052845 -0.01116481 -0.00785588
v 0.04289791 -0.01417753 -0.02115203
v 0.04175927 -0.01414760 -0.02118904
v 0.04273176 -0.01466846 -0.02159360
v 0.04331642 -0.01277072 -0.01937529
v 0.04321412 -0.01050615 -0.00962724
v 0.04075088 -0.01120649 -0.00752103
v 0.04282439 -0.01085565 -0.00753220
v 0.04238465 -0.01131384 -0.00541747
v 0.04191063 -0.01135971 -0.00542157
v 0.04226421 -0.01136199 -0.00453631
v 0.04527560 -0.01376900 -0.02116605
v 0.04457747 -0.01564322 -0.02228544
v 0.04453599 -0.01089980 -0.00340080
v 0.04259219 -0.01130264 -0.00337599
v 0.04412396 -0.01129776 -0.00129698
v 0.04356714 -0.01137459 -0.00129735
v 0.04398475 -0.01145156 -0.00066164
v 0.04667021 -0.01599407 -0.02273447
v 0.04574454 -0.01625704 -0.02270887
v 0.04642072 -0.01660060 -0.02288759
v 0.04660017 -0.01067514 -0.00134980
v 0.04484559 -0.01158002 0.00081548
v 0.04615698 -0.01114083 0.00076629
v 0.04572781 -0.01170046 0.00239113
v 0.04825537 -0.01749715 -0.02317593
v 0.04825947 -0.01083294 0.00280221
v 0.04600898 -0.01173484 0.00291535
v 0.04766033 -0.01163749 0.00497971
v 0.04710117 -0.01185836 0.00500719
v 0.04745724 -0.01185288 0.00594157
v 0.05008619 -0.01836663 -0.02332461
v 0.04999019 -0.01083552 0.00692608
v 0.04781782 -0.01181671 0.00705673
v 0.04952943 -0.01133936 0.00904908
v 0.04858031 -0.01179523 0.00911144
v 0.04915834 -0.01180498 0.01052543
v 0.05191497 -0.01922165 -0.02339871
v 0.05168722 -0.01091131 0.01106322
v 0.04949437 -0.01184041 0.01118322
v 0.05107035 -0.01175439 0.01324771
v 0.05063437 -0.01198495 0.01328045
v 0.05089740 -0.01202553 0.01372441
v 0.05374335 -0.02007389 -0.02345848
v 0.05332030 -0.01112606 0.01522555
v 0.05183148 -0.01215460 0.01538411
v 0.05264480 -0.01230502 0.01661936
v 0.05556707 -0.02089312 -0.02334795
v 0.05332009 -0.01245245 0.01752062
v 0.05442550 -0.01282008 0.01829900
v 0.05738825 -0.02169445 -0.02314502
v 0.05622406 -0.01346140 0.01932733
v 0.05920148 -0.02243952 -0.02265194
v 0.05819892 -0.01380464 0.01995444
v 0.05803310 -0.01417681 0.01997347
v 0.06100732 -0.02313229 -0.02188901
v 0.05835555 -0.01431011 0.02005671
v 0.05984834 -0.01493611 0.02039315
v 0.06254391 -0.02364500 -0.02081627
v 0.06299438 -0.02334531 -0.02086201
v 0.06280121 -0.02374061 -0.02069043
v 0.06167235 -0.01575743 0.02049292
v 0.06445193 -0.02412730 -0.01863251
v 0.06472257 -0.02385076 -0.01867870
v 0.06456246 -0.02411809 -0.01830103
v 0.06401690 -0.01543672 0.02043028
v 0.06350693 -0.01665348 0.02020719
v 0.06206604 -0.01594190 0.02047473
v 0.06517451 -0.02408827 -0.01658230
v 0.06526341 -0.02377055 -0.01460349
v 0.06554575 -0.02353791 -0.01260288
v 0.06698244 -0.02220615 -0.01282165
v 0.06592830 -0.02334934 -0.01059098
v 0.06637542 -0.02302781 -0.01064105
v 0.06608575 -0.02306178 -0.00860444
v 0.06614976 -0.02302081 -0.00861063
v 0.06603846 -0.02268418 -0.00664096
v 0.06609704 -0.02263800 -0.00664831
v 0.06598805 -0.02230520 -0.00467784
v 0.06604605 -0.02225142 -0.00468668
v 0.06600241 -0.02222332 -0.00418960
v 0.06535207 -0.01762417 0.01953634
v 0.06605083 -0.02197600 -0.00270197
v 0.06669908 -0.02190428 -0.00066013
v 0.06708675 -0.02171796 0.00135234
v 0.06730569 -0.02145744 0.00334581
v 0.06810513 -0.02054573 0.00319099
v 0.06727157 -0.02108562 0.00531077
v 0.06797043 -0.02034107 0.00518559
v 0.06740876 -0.02078915 0.00729502
v 0.06763346 -0.02057592 0.00725985
v 0.06749123 -0.02067418 0.00813880
v 0.06800168 -0.01679154 0.01876416
v 0.06722266 -0.01877493 0.01793662
v 0.06638432 -0.01819778 0.01899242
v 0.06766900 -0.02054679 0.00929314
v 0.06797288 -0.02032362 0.01129618
v 0.06832379 -0.02012114 0.01330452
v 0.06836725 -0.01978344 0.01527821
v 0.06771536 -0.01913995 0.01717357
v -0.05672646 0.02976240 -0.01813454
v -0.05697330 0.02961476 -0.01811269
v -0.05682124 0.02952615 -0.01821551
v -0.05827797 0.03054533 -0.01629087
v -0.05816567 0.03085275 -0.01430942
v -0.05630246 0.03217587 -0.01247686
v -0.05788169 0.03108467 -0.01230862
v -0.05660285 0.03202051 -0.01041701
v -0.05762666 0.03132932 -0.01031109
v -0.05676384 0.03216804 -0.00841205
v -0.05754024 0.03164812 -0.00833255
v -0.05700639 0.03213836 -0.00637498
v -0.05731141 0.03190430 -0.00633797
v -0.05716285 0.03194198 -0.00575279
v -0.05496581 0.02848272 -0.01926153
v -0.05675172 0.03201496 -0.00430611
v -0.05497185 0.03279594 -0.00237075
v -0.05605914 0.03206719 -0.00225929
v -0.05546752 0.03221623 -0.00023399
v -0.05551074 0.03218283 -0.00022870
v -0.05549137 0.03219944 -0.00008781
v -0.05273784 0.02841592 -0.01980217
v -0.05403714 0.02796670 -0.01975071
v -0.05311090 0.02744283 -0.02028936
v -0.05296837 0.03338608 0.00164571
v -0.05518921 0.03239823 0.00177632
v -0.05334527 0.03306447 0.00373569
v -0.05461447 0.03250228 0.00380987
v -0.05369628 0.03279908 0.00581548
v -0.05409471 0.03263051 0.00583723
v -0.05387112 0.03291653 0.00782588
v -0.05390617 0.03290440 0.00782727
v -0.05388466 0.03291482 0.00793938
v -0.05126828 0.02648993 -0.02086838
v -0.05141544 0.03399192 0.00972270
v -0.05354508 0.03310241 0.00983676
v -0.05172517 0.03381624 0.01178623
v -0.05302782 0.03323174 0.01186383
v -0.05209386 0.03351246 0.01387298
v -0.05247507 0.03334546 0.01389491
v -0.05224065 0.03336641 0.01460581
v -0.04938734 0.02568282 -0.02121850
v -0.04951208 0.02561988 -0.02120972
v -0.04943111 0.02557557 -0.02124862
v -0.04975005 0.03434475 0.01581386
v -0.05186048 0.03343198 0.01593295
v -0.05034909 0.03354041 0.01799132
v -0.05083931 0.03333970 0.01801679
v -0.05052123 0.03328482 0.01852164
v -0.04758230 0.02457888 -0.02205354
v -0.04836240 0.03359667 0.02007284
v -0.04941749 0.03307123 0.02014577
v -0.04875172 0.03284892 0.02060967
v -0.04574457 0.02366054 -0.02245428
v -0.04695983 0.03225477 0.02188135
v -0.04391586 0.02280596 -0.02252611
v -0.04564459 0.03176880 0.02253963
v -0.04515645 0.03157934 0.02273374
v -0.04187590 0.02247506 -0.02242877
v -0.04374265 0.02272581 -0.02252854
v -0.04208492 0.02193565 -0.02267908
v -0.04334060 0.03081574 0.02313122
v -0.03945848 0.02296991 -0.02245843
v -0.04025314 0.02105942 -0.02286260
v -0.04152008 0.03001915 0.02335855
v -0.03844519 0.02035169 -0.02217686
v -0.03969919 0.02921990 0.02357221
v -0.03775152 0.02009105 -0.02185359
v -0.03664698 0.01971286 -0.02113570
v -0.03788163 0.02844417 0.02390714
v -0.03490877 0.01919769 -0.01956453
v -0.03481451 0.01928408 -0.01957869
v -0.03486402 0.01918183 -0.01953837
v -0.03605804 0.02762585 0.02402233
v -0.03305208 0.01844586 -0.01899834
v -0.03422702 0.02675494 0.02386629
v -0.03123144 0.01764841 -0.01877542
v -0.03239563 0.02588144 0.02369688
v -0.03402745 0.02665986 0.02384840
v -0.02915583 0.01730584 -0.01904011
v -0.02940599 0.01681691 -0.01872823
v -0.03056688 0.02502661 0.02362376
v -0.02750658 0.01613146 -0.01876726
v -0.02758167 0.01599340 -0.01863974
v -0.02873654 0.02416060 0.02349293
v -0.02574675 0.01519741 -0.01853796
v -0.02575837 0.01517713 -0.01851395
v -0.02690625 0.02329483 0.02336341
v -0.02568208 0.01514001 -0.01852506
v -0.02392622 0.01429828 -0.01871099
v -0.02506992 0.02238642 0.02301386
v -0.02210343 0.01348561 -0.01856661
v -0.02306921 0.02194416 0.02302492
v -0.02324086 0.02152939 0.02292940
v -0.02445467 0.02209317 0.02295806
v -0.02027698 0.01264704 -0.01855583
v -0.02127345 0.02108816 0.02324007
v -0.02142032 0.02073266 0.02315601
v -0.01844798 0.01179042 -0.01863816
v -0.02062381 0.02040845 0.02338964
v -0.01960711 0.01998769 0.02364962
v -0.01661092 0.01087686 -0.01901428
v -0.01778491 0.01917918 0.02381549
v -0.01465155 0.01026078 -0.01931486
v -0.01477794 0.00999214 -0.01924156
v -0.01585014 0.01859845 0.02387134
v -0.01595896 0.01834420 0.02384478
v -0.01657712 0.01862881 0.02384553
v -0.01467963 0.00994458 -0.01925434
v -0.01293955 0.00906910 -0.01966659
v -0.01357786 0.01877793 0.02389884
v -0.01413053 0.01749164 0.02378336
v -0.01110030 0.00814003 -0.02012266
v -0.01230414 0.01665349 0.02379631
v -0.00860580 0.00862625 -0.02087027
v -0.00926652 0.00724966 -0.02037914
v -0.01048389 0.01585878 0.02403331
v -0.00821777 0.00674600 -0.02049515
v -0.00743298 0.00636094 -0.02062708
v -0.00865652 0.01501370 0.02401048
v -0.00559091 0.00541188 -0.02118630
v -0.00682467 0.01413696 0.02382439
v -0.00375363 0.00449673 -0.02157063
v -0.00499912 0.01330477 0.02386802
v -0.00234668 0.00380723 -0.02180252
v -0.00191772 0.00359129 -0.02190481
v -0.00317861 0.01250820 0.02409548
v -0.00008587 0.00271454 -0.02209098
v -0.00124938 0.01176304 0.02355860
v -0.00133996 0.01158338 0.02366131
v 0.00252570 0.00376852 -0.02166147
v 0.00174025 0.00187835 -0.02206794
v 0.00049924 0.01065463 0.02320686
v -0.00117795 0.01149981 0.02361158
v 0.00433819 0.00294887 -0.02145290
v 0.00356597 0.00104491 -0.02203071
v 0.00311501 0.01123311 0.02174299
v 0.00234235 0.00969827 0.02260995
v 0.00612685 0.00207744 -0.02123495
v 0.00539055 0.00021961 -0.02195148
v 0.00418707 0.00873050 0.02195423
v 0.00363977 0.00902429 0.02218554
v 0.00791900 0.00121360 -0.02101838
v 0.00721523 -0.00060646 -0.02187626
v 0.00660487 0.00880283 0.02027178
v 0.00603633 0.00773065 0.02113295
v 0.00980794 0.00056007 -0.02083991
v 0.00903633 -0.00140720 -0.02167034
v 0.00862235 0.00793125 0.01845806
v 0.00788532 0.00673270 0.02032152
v 0.00735121 0.00703528 0.02063486
v 0.01085904 -0.00221928 -0.02152289
v 0.01054948 0.00686335 0.01667992
v 0.00982040 0.00577644 0.01890860
v 0.00974498 0.00565925 0.01912061
v 0.01268592 -0.00306089 -0.02152782
v 0.01227003 0.00534655 0.01498314
v 0.01177997 0.00477903 0.01711769
v 0.01161190 0.00453446 0.01765483
v 0.00996679 0.00552820 0.01896073
v 0.01451167 -0.00389450 -0.02149147
v 0.01439611 0.00421359 0.01118511
v 0.01399567 0.00384081 0.01328436
v 0.01355739 0.00338579 0.01539851
v 0.01349355 0.00330559 0.01565213
v 0.01208142 0.00424143 0.01723016
v 0.01633432 -0.00470617 -0.02134192
v 0.01636053 0.00272934 0.00745073
v 0.01611443 0.00269194 0.00948920
v 0.01578276 0.00246859 0.01156137
v 0.01537785 0.00205788 0.01355223
v 0.01530639 0.00210955 0.01365588
v 0.01369861 0.00317342 0.01544355
v 0.01816187 -0.00555256 -0.02137149
v 0.01817469 0.00141594 0.00571709
v 0.01790886 0.00133568 0.00776332
v 0.01751434 0.00097575 0.00986025
v 0.01726222 0.00080971 0.01144999
v 0.01693708 0.00103560 0.01187079
v 0.02015892 -0.00599373 -0.02132374
v 0.01860657 -0.00576432 -0.02141076
v 0.01999268 -0.00642196 -0.02151980
v 0.02031893 -0.00166705 -0.00585432
v 0.02018217 -0.00146686 -0.00385891
v 0.01999434 -0.00137763 -0.00184338
v 0.01986254 -0.00116667 0.00015008
v 0.01977987 -0.00084893 0.00212418
v 0.01971766 -0.00048673 0.00409024
v 0.01959856 -0.00024817 0.00607869
v 0.01932688 -0.00034116 0.00812724
v 0.01915190 -0.00047597 0.00915420
v 0.01840021 0.00003535 0.01006682
v 0.02209378 -0.00654746 -0.02116336
v 0.02182284 -0.00728675 -0.02164431
v 0.02201207 -0.00324341 -0.00754031
v 0.02183360 -0.00313386 -0.00552847
v 0.02167027 -0.00299139 -0.00352260
v 0.02147371 -0.00292114 -0.00150363
v 0.02134769 -0.00269762 0.00048755
v 0.02121697 -0.00248430 0.00248058
v 0.02112586 -0.00235775 0.00378326
v 0.02098296 -0.00217091 0.00445139
v 0.02078961 -0.00172907 0.00639841
v 0.01990689 -0.00098406 0.00826776
v 0.02397065 -0.00722721 -0.02098015
v 0.02364987 -0.00812938 -0.02165447
v 0.02414542 -0.00436058 -0.01134121
v 0.02381655 -0.00457783 -0.00927014
v 0.02357620 -0.00460275 -0.00723393
v 0.02338795 -0.00451444 -0.00521824
v 0.02320296 -0.00441905 -0.00320384
v 0.02311468 -0.00434460 -0.00212966
v 0.02269761 -0.00399539 -0.00126185
v 0.02210029 -0.00337590 0.00063966
v 0.02150845 -0.00275881 0.00254179
v 0.02577449 -0.00806566 -0.02076818
v 0.02547077 -0.00892872 -0.02144131
v 0.02615041 -0.00675142 -0.01897466
v 0.02608876 -0.00589064 -0.01506728
v 0.02597623 -0.00563779 -0.01308141
v 0.02572706 -0.00568187 -0.01104173
v 0.02544006 -0.00580815 -0.00898715
v 0.02521323 -0.00580366 -0.00695627
v 0.02502351 -0.00576569 -0.00512400
v 0.02490453 -0.00567956 -0.00495082
v 0.02365351 -0.00477258 -0.00312296
v 0.02758556 -0.00888838 -0.02055906
v 0.02729645 -0.00976179 -0.02140220
v 0.02784055 -0.00783693 -0.01871792
v 0.02784635 -0.00732695 -0.01677865
v 0.02770169 -0.00714391 -0.01478013
v 0.02759309 -0.00688255 -0.01279580
v 0.02739274 -0.00682053 -0.01077535
v 0.02711187 -0.00693347 -0.00872319
v 0.02690382 -0.00698518 -0.00707831
v 0.02648090 -0.00672961 -0.00674203
v 0.02939327 -0.00971842 -0.02034861
v 0.02912122 -0.01058850 -0.02133022
v 0.02956749 -0.00884246 -0.01847566
v 0.02960156 -0.00827106 -0.01654753
v 0.02948083 -0.00803604 -0.01455843
v 0.02933893 -0.00784702 -0.01256099
v 0.02906100 -0.00795359 -0.01050998
v 0.02877213 -0.00808393 -0.00845467
v 0.02876702 -0.00808364 -0.00840823
v 0.03111720 -0.01073051 -0.02010517
v 0.03093331 -0.01132553 -0.02079565
v 0.03132187 -0.00978838 -0.01824421
v 0.03138300 -0.00915817 -0.01632673
v 0.03131494 -0.00880869 -0.01435838
v 0.03112534 -0.00872333 -0.01234215
v 0.03083754 -0.00885134 -0.01028726
v 0.03060609 -0.00885692 -0.00825456
v 0.03058491 -0.00886162 -0.00808492
v 0.03289011 -0.01163617 -0.01988101
v 0.03275533 -0.01213272 -0.02062302
v 0.03301904 -0.01085862 -0.01799023
v 0.03312672 -0.01012726 -0.01609109
v 0.03311128 -0.00966344 -0.01414345
v 0.03297205 -0.00946862 -0.01214707
v 0.03270751 -0.00954609 -0.01010133
v 0.03247583 -0.00955216 -0.00806854
v 0.03239289 -0.00956957 -0.00740030
v 0.03471948 -0.01241912 -0.01967910
v 0.03458225 -0.01297459 -0.02062925
v 0.03483939 -0.01166119 -0.01778476
v 0.03494865 -0.01092640 -0.01588624
v 0.03495560 -0.01041392 -0.01394742
v 0.03487268 -0.01009674 -0.01197321
v 0.03464466 -0.01009485 -0.00994186
v 0.03435099 -0.01023562 -0.00788465
v 0.03420202 -0.01028569 -0.00675786
v 0.03670209 -0.01286910 -0.01953753
v 0.03642687 -0.01394166 -0.02128141
v 0.03686854 -0.01201003 -0.01766152
v 0.03706627 -0.01108300 -0.01579784
v 0.03669585 -0.01039580 -0.00982730
v 0.03632942 -0.01069469 -0.00774144
v 0.03586244 -0.01085539 -0.00568512
v 0.03600774 -0.01089631 -0.00567320
v 0.03599644 -0.01089771 -0.00557835
v 0.03847220 -0.01427822 -0.02125382
v 0.03664005 -0.01405182 -0.02134793
v 0.03826548 -0.01486626 -0.02171444
v 0.03883185 -0.01299932 -0.01945390
v 0.03835735 -0.01104617 -0.00761772
v 0.03802110 -0.01127947 -0.00554374
v 0.03753863 -0.01123573 -0.00352748
v 0.03779075 -0.01128264 -0.00351148
v 0.03775918 -0.01128574 -0.00324336
v 0.04069316 -0.01421026 -0.02120612
v 0.04010585 -0.01580321 -0.02221121
v 0.04046597 -0.01122232 -0.00752577
v 0.04021226 -0.01127625 -0.00548431
v 0.03994860 -0.01135182 -0.00343892
v 0.03884718 -0.01145440 -0.00141126
v 0.03962258 -0.01156288 -0.00136897
v 0.03951243 -0.01160659 -0.00056183
v 0.04194419 -0.01672585 -0.02263414
v 0.04214644 -0.01133410 -0.00338211
v 0.04179480 -0.01160084 -0.00130207
v 0.04104175 -0.01206271 0.00080478
v 0.04132759 -0.01211871 0.00082347
v 0.04129610 -0.01214266 0.00100948
v 0.04401050 -0.01701541 -0.02260939
v 0.04244876 -0.01696316 -0.02266233
v 0.04377296 -0.01758086 -0.02270816
v 0.04362998 -0.01187380 0.00083911
v 0.04256212 -0.01237452 0.00294487
v 0.04317495 -0.01236521 0.00295986
v 0.04305144 -0.01247833 0.00361462
v 0.04560734 -0.01847548 -0.02298655
v 0.04560478 -0.01184338 0.00292531
v 0.04386753 -0.01259181 0.00506073
v 0.04511309 -0.01241444 0.00506049
v 0.04479541 -0.01273358 0.00663456
v 0.04744191 -0.01937150 -0.02327218
v 0.04724120 -0.01205088 0.00708632
v 0.04503135 -0.01274682 0.00716065
v 0.04674365 -0.01263468 0.00922381
v 0.04610128 -0.01286054 0.00924999
v 0.04652835 -0.01291088 0.01005669
v 0.04927160 -0.02023293 -0.02337933
v 0.04893941 -0.01212411 0.01122300
v 0.04723328 -0.01300156 0.01134632
v 0.04826852 -0.01313926 0.01321528
v 0.05109697 -0.02106384 -0.02332902
v 0.04838816 -0.01315264 0.01344523
v 0.05022930 -0.01308461 0.01552048
v 0.04969124 -0.01336890 0.01556083
v 0.05002051 -0.01345124 0.01594261
v 0.05292286 -0.02189848 -0.02329800
v 0.05198759 -0.01352466 0.01769194
v 0.05159545 -0.01384952 0.01774416
v 0.05179391 -0.01391460 0.01788901
v 0.05474351 -0.02269604 -0.02307567
v 0.05359619 -0.01458227 0.01878137
v 0.05656337 -0.02348800 -0.02282444
v 0.05539986 -0.01525972 0.01962336
v 0.05837293 -0.02420706 -0.02219716
v 0.05721225 -0.01599884 0.02014716
v 0.06016010 -0.02476785 -0.02075342
v 0.05939905 -0.01595494 0.02040416
v 0.05903323 -0.01679874 0.02035738
v 0.06023647 -0.02478578 -0.02065838
v 0.06194840 -0.02533665 -0.01935096
v 0.06152840 -0.01608605 0.02048794
v 0.06086208 -0.01765429 0.02028054
v 0.06270901 -0.02551633 -0.01841103
v 0.06326872 -0.02540567 -0.01637917
v 0.06405563 -0.02480265 -0.01647449
v 0.06335249 -0.02508571 -0.01440093
v 0.06389889 -0.02464589 -0.01447121
v 0.06350740 -0.02479702 -0.01241468
v 0.06364790 -0.02469390 -0.01243082
v 0.06356834 -0.02471476 -0.01180603
v 0.06270236 -0.01859059 0.01978715
v 0.06390308 -0.02461423 -0.01040130
v 0.06403268 -0.02431442 -0.00841790
v 0.06406953 -0.02397381 -0.00644494
v 0.06424058 -0.02369223 -0.00445687
v 0.06466382 -0.02352155 -0.00244039
v 0.06583995 -0.02220189 -0.00266396
v 0.06507286 -0.02334463 -0.00042551
v 0.06509382 -0.02332587 -0.00042857
v 0.06508157 -0.02333823 -0.00036807
v 0.06473782 -0.01912572 0.01912717
v 0.06455153 -0.01958986 0.01896894
v 0.06417304 -0.01938084 0.01916114
v 0.06544681 -0.02315228 0.00158543
v 0.06570176 -0.02290760 0.00358295
v 0.06569521 -0.02254791 0.00555101
v 0.06591083 -0.02228593 0.00754411
v 0.06609830 -0.02201156 0.00953403
v 0.06726515 -0.02087888 0.00934645
v 0.06631527 -0.02175017 0.01152727
v 0.06687274 -0.02123421 0.01144254
v 0.06654912 -0.02163868 0.01273626
v 0.06656272 -0.02041578 0.01738929
v 0.06642909 -0.02078987 0.01711508
v 0.06632901 -0.02068580 0.01743523
v 0.06674180 -0.02158094 0.01354413
v 0.06701202 -0.02134298 0.01554337
v -0.05917723 0.02969243 -0.01615019
v -0.05981472 0.02906563 -0.01604616
v -0.05950444 0.02879656 -0.01674294
v -0.05948234 0.02952680 -0.01408848
v -0.05963888 0.02934510 -0.01405755
v -0.05958769 0.02938534 -0.01370554
v -0.05894890 0.02832805 -0.01791742
v -0.05761492 0.02751197 -0.01903310
v -0.05940862 0.02960065 -0.01206281
v -0.05926104 0.02989255 -0.01007738
v -0.05922471 0.03023338 -0.00810448
v -0.05902533 0.03050251 -0.00611322
v -0.05759889 0.03134823 -0.00420009
v -0.05848475 0.03062158 -0.00408352
v -0.05806136 0.03066918 -0.00274576
v -0.05539369 0.02740292 -0.01967860
v -0.05658063 0.02692973 -0.01961941
v -0.05576232 0.02648856 -0.01997584
v -0.05785581 0.03070179 -0.00204386
v -0.05751012 0.03090657 -0.00003611
v -0.05575488 0.03208917 0.00182073
v -0.05717961 0.03111803 0.00196992
v -0.05614395 0.03174110 0.00391550
v -0.05678571 0.03130161 0.00398310
v -0.05645122 0.03157077 0.00597806
v -0.05650414 0.03153459 0.00598363
v -0.05647876 0.03155520 0.00616178
v -0.05391218 0.02548244 -0.02082946
v -0.05617660 0.03174735 0.00798933
v -0.05413773 0.03283456 0.00987243
v -0.05585254 0.03196165 0.00999464
v -0.05455951 0.03241541 0.01198009
v -0.05524160 0.03204977 0.01203227
v -0.05485527 0.03215185 0.01357648
v -0.05207872 0.02459425 -0.02107466
v -0.05474631 0.03218877 0.01405687
v -0.05251165 0.03310198 0.01597907
v -0.05429768 0.03234828 0.01607621
v -0.05314681 0.03214771 0.01789187
v -0.05205099 0.02458090 -0.02107791
v -0.05023288 0.02361856 -0.02177124
v -0.05298055 0.03212584 0.01819340
v -0.05123861 0.03210486 0.02028318
v -0.05160942 0.03187966 0.02031667
v -0.05139077 0.03180706 0.02047130
v -0.04838897 0.02265654 -0.02239733
v -0.04959395 0.03117809 0.02156336
v -0.04606790 0.02288221 -0.02262260
v -0.04774566 0.02233071 -0.02256168
v -0.04654621 0.02170266 -0.02298144
v -0.04779423 0.03052856 0.02254935
v -0.04394383 0.02273964 -0.02253674
v -0.04471806 0.02085203 -0.02303289
v -0.04702525 0.03022045 0.02280192
v -0.04598337 0.02980024 0.02312888
v -0.04289392 0.02002985 -0.02293755
v -0.04416550 0.02902238 0.02345281
v -0.04107014 0.01921018 -0.02282930
v -0.04233950 0.02818700 0.02348002
v -0.03927142 0.01856770 -0.02180697
v -0.04051565 0.02736679 0.02358554
v -0.03873395 0.01836758 -0.02154643
v -0.03748680 0.01802497 -0.02027001
v -0.03862153 0.02671183 0.02371240
v -0.03869173 0.02654611 0.02368858
v -0.03955279 0.02693424 0.02364376
v -0.03667718 0.01781986 -0.01934592
v -0.03570554 0.01750597 -0.01861068
v -0.03663893 0.02626183 0.02385397
v -0.03686716 0.02572084 0.02376796
v -0.03390635 0.01686022 -0.01760522
v -0.03429124 0.02660517 0.02385177
v -0.03503730 0.02485815 0.02365430
v -0.03209983 0.01616258 -0.01686739
v -0.03320918 0.02400782 0.02360436
v -0.03200549 0.01612217 -0.01685081
v -0.03025336 0.01541828 -0.01666633
v -0.03028197 0.01538476 -0.01654322
v -0.03137941 0.02314579 0.02349411
v -0.02844472 0.01459027 -0.01645625
v -0.02845964 0.01457535 -0.01638202
v -0.02954431 0.02224603 0.02318922
v -0.02663473 0.01376520 -0.01624670
v -0.02663684 0.01376262 -0.01623796
v -0.02766654 0.02147053 0.02299071
v -0.02771150 0.02136254 0.02296824
v -0.02805226 0.02151978 0.02297059
v -0.02419678 0.01380730 -0.01822601
v -0.02480199 0.01286461 -0.01653387
v -0.02661219 0.01375033 -0.01624321
v -0.02518196 0.02211135 0.02293460
v -0.02587054 0.02042135 0.02244964
v -0.02243581 0.01287571 -0.01799715
v -0.02297551 0.01202583 -0.01652415
v -0.02403008 0.01948368 0.02194915
v -0.02077270 0.01173145 -0.01772976
v -0.02113926 0.01111798 -0.01687080
v -0.02221310 0.01871209 0.02230545
v -0.01922908 0.01032754 -0.01741531
v -0.01930187 0.01020210 -0.01725886
v -0.01975921 0.01962042 0.02356609
v -0.02040241 0.01798503 0.02289147
v -0.01899802 0.01004499 -0.01735420
v -0.01746131 0.00926374 -0.01776290
v -0.01789823 0.01890615 0.02375556
v -0.01857769 0.01715869 0.02296533
v -0.01561930 0.00831513 -0.01831979
v -0.01675063 0.01631581 0.02295385
v -0.01354304 0.00791138 -0.01882906
v -0.01378701 0.00743526 -0.01852206
v -0.01492817 0.01550547 0.02311024
v -0.01307716 0.00708433 -0.01865597
v -0.01194726 0.00650263 -0.01899657
v -0.01310721 0.01470570 0.02332120
v -0.01010487 0.00555139 -0.01956704
v -0.01128992 0.01393195 0.02366637
v -0.00789521 0.00541218 -0.02022776
v -0.00826810 0.00463982 -0.01993285
v -0.00946636 0.01311380 0.02378246
v -0.00770030 0.00436290 -0.02001902
v -0.00643141 0.00372881 -0.02029580
v -0.00763930 0.01227091 0.02377091
v -0.00458881 0.00277608 -0.02087396
v -0.00582073 0.01148807 0.02406921
v -0.00234909 0.00269197 -0.02158640
v -0.00274978 0.00184853 -0.02132220
v -0.00400612 0.01073324 0.02451198
v -0.00229393 0.00162850 -0.02137874
v -0.00091364 0.00094142 -0.02166503
v -0.00217261 0.00984476 0.02426527
v 0.00092096 0.00004527 -0.02195132
v -0.00033319 0.00891447 0.02380287
v -0.00125875 0.00937982 0.02402032
v 0.00275285 -0.00083180 -0.02213914
v 0.00150828 0.00796972 0.02326584
v 0.00458087 -0.00168145 -0.02218554
v 0.00374059 0.00783432 0.02241897
v 0.00334772 0.00703927 0.02280267
v 0.00640761 -0.00252202 -0.02218508
v 0.00518986 0.00608975 0.02224106
v 0.00388770 0.00675972 0.02263131
v 0.00823111 -0.00333972 -0.02206664
v 0.00764579 0.00630657 0.02078420
v 0.00703315 0.00513212 0.02163758
v 0.01009022 -0.00408209 -0.02197029
v 0.00967772 -0.00399315 -0.02199883
v 0.01005565 -0.00416478 -0.02198622
v 0.00888108 0.00414164 0.02086469
v 0.00831463 0.00445606 0.02116124
v 0.01200836 -0.00467216 -0.02180333
v 0.01187898 -0.00498127 -0.02186153
v 0.01093280 0.00343550 0.01939287
v 0.01073526 0.00310697 0.01986381
v 0.01383367 -0.00546394 -0.02159981
v 0.01369971 -0.00577943 -0.02164231
v 0.01296210 0.00258961 0.01757450
v 0.01259644 0.00202286 0.01860793
v 0.01123446 0.00281518 0.01952138
v 0.01586380 -0.00581066 -0.02147696
v 0.01552584 -0.00661573 -0.02161982
v 0.01535736 0.00204158 0.01367045
v 0.01489147 0.00152656 0.01579548
v 0.01445458 0.00096018 0.01746253
v 0.01389910 0.00128653 0.01785278
v 0.01802751 -0.00586710 -0.02140671
v 0.01735252 -0.00745593 -0.02161745
v 0.01718529 0.00075810 0.01193139
v 0.01675095 0.00031166 0.01404399
v 0.01633386 -0.00009730 0.01614979
v 0.01631534 -0.00012102 0.01622163
v 0.01918244 -0.00831900 -0.02173311
v 0.01898960 -0.00057670 0.01020162
v 0.01864957 -0.00081821 0.01227708
v 0.01824559 -0.00119868 0.01437773
v 0.01818376 -0.00125641 0.01470120
v 0.01640337 -0.00017160 0.01616610
v 0.02101511 -0.00920152 -0.02194904
v 0.02107953 -0.00228558 0.00447626
v 0.02099205 -0.00197831 0.00645227
v 0.02078437 -0.00193222 0.00847561
v 0.02051669 -0.00201650 0.01052258
v 0.02020194 -0.00220309 0.01258808
v 0.02004721 -0.00235660 0.01336232
v 0.01852352 -0.00146080 0.01443616
v 0.02284771 -0.01008357 -0.02216257
v 0.02303255 -0.00429197 -0.00119518
v 0.02289858 -0.00408572 0.00079914
v 0.02275646 -0.00389718 0.00279666
v 0.02257898 -0.00378546 0.00480811
v 0.02243460 -0.00360182 0.00680652
v 0.02223646 -0.00353502 0.00882611
v 0.02208373 -0.00336951 0.01082780
v 0.02190482 -0.00341552 0.01223632
v 0.02130879 -0.00304250 0.01278114
v 0.02467379 -0.01091956 -0.02213851
v 0.02500486 -0.00575907 -0.00493266
v 0.02480030 -0.00570622 -0.00291055
v 0.02458910 -0.00566778 -0.00088582
v 0.02444594 -0.00548149 0.00111211
v 0.02433772 -0.00521928 0.00309629
v 0.02417483 -0.00507587 0.00510199
v 0.02396531 -0.00503378 0.00712605
v 0.02384179 -0.00503572 0.00821485
v 0.02330269 -0.00463298 0.00906817
v 0.02273438 -0.00402625 0.01097294
v 0.02665690 -0.01140374 -0.02213489
v 0.02540528 -0.01126656 -0.02219579
v 0.02650466 -0.01178937 -0.02228888
v 0.02685541 -0.00699338 -0.00668064
v 0.02662094 -0.00700553 -0.00464674
v 0.02640289 -0.00698197 -0.00261932
v 0.02617602 -0.00697759 -0.00058842
v 0.02600063 -0.00686134 0.00142221
v 0.02589149 -0.00660112 0.00340674
v 0.02574933 -0.00641266 0.00540428
v 0.02574426 -0.00641184 0.00545253
v 0.02451710 -0.00552386 0.00723618
v 0.02861651 -0.01190369 -0.02198426
v 0.02833082 -0.01262588 -0.02226753
v 0.02855820 -0.00805141 -0.00642887
v 0.02837513 -0.00795186 -0.00441522
v 0.02817442 -0.00789063 -0.00239462
v 0.02786972 -0.00805537 -0.00033307
v 0.02769658 -0.00793423 0.00167667
v 0.02766422 -0.00791172 0.00205174
v 0.02669203 -0.00719396 0.00354360
v 0.02577114 -0.00643216 0.00540866
v 0.03034506 -0.01290574 -0.02174264
v 0.03015129 -0.01342214 -0.02203851
v 0.03033601 -0.00894642 -0.00620665
v 0.03014628 -0.00886134 -0.00419037
v 0.02996256 -0.00876318 -0.00217647
v 0.02966184 -0.00891927 -0.00011649
v 0.02952027 -0.00895959 0.00098278
v 0.02806277 -0.00815358 0.00172922
v 0.03229583 -0.01342490 -0.02158853
v 0.03198008 -0.01427727 -0.02211313
v 0.03220855 -0.00963557 -0.00602173
v 0.03198158 -0.00963142 -0.00399079
v 0.03175669 -0.00962272 -0.00196067
v 0.03147195 -0.00974408 0.00009301
v 0.03134993 -0.00982086 0.00087643
v 0.03429438 -0.01384024 -0.02145324
v 0.03381318 -0.01516281 -0.02234470
v 0.03408445 -0.01031744 -0.00583813
v 0.03383897 -0.01035348 -0.00379991
v 0.03360962 -0.01035449 -0.00176803
v 0.03336546 -0.01038767 0.00026967
v 0.03315287 -0.01049321 0.00174471
v 0.03639609 -0.01403140 -0.02135857
v 0.03564895 -0.01606728 -0.02267386
v 0.03577884 -0.01089633 -0.00364151
v 0.03553825 -0.01092176 -0.00160521
v 0.03527348 -0.01099974 0.00044062
v 0.03421706 -0.01086009 0.00242256
v 0.03500401 -0.01108792 0.00248829
v 0.03494863 -0.01111473 0.00287520
v 0.03752854 -0.01682617 -0.02282375
v 0.03710908 -0.01677043 -0.02284605
v 0.03748092 -0.01694488 -0.02286445
v 0.03754792 -0.01131293 -0.00147429
v 0.03723026 -0.01150584 0.00059236
v 0.03699697 -0.01151540 0.00262578
v 0.03673695 -0.01168362 0.00427715
v 0.03951489 -0.01726800 -0.02268366
v 0.03930548 -0.01777008 -0.02278475
v 0.03930795 -0.01174920 0.00069649
v 0.03894259 -0.01204575 0.00278192
v 0.03835662 -0.01232376 0.00485772
v 0.03855655 -0.01238726 0.00487551
v 0.03854602 -0.01239929 0.00492196
v 0.04186210 -0.01692570 -0.02268567
v 0.04113574 -0.01863557 -0.02291286
v 0.04096433 -0.01241070 0.00290808
v 0.04061759 -0.01266680 0.00498619
v 0.04032761 -0.01292055 0.00656962
v 0.04296747 -0.01951151 -0.02309486
v 0.04277341 -0.01274039 0.00505955
v 0.04074586 -0.01301769 0.00709569
v 0.04237932 -0.01309938 0.00715630
v 0.04209530 -0.01334357 0.00872413
v 0.04479671 -0.02036978 -0.02318571
v 0.04468733 -0.01284225 0.00716972
v 0.04246699 -0.01341780 0.00925839
v 0.04420354 -0.01339615 0.00930180
v 0.04385845 -0.01373453 0.01104401
v 0.04662529 -0.02122340 -0.02325257
v 0.04615171 -0.01342360 0.01139848
v 0.04410589 -0.01378174 0.01141183
v 0.04561848 -0.01410331 0.01347829
v 0.04845190 -0.02206314 -0.02324785
v 0.04819500 -0.01324434 0.01345771
v 0.04566346 -0.01410991 0.01355611
v 0.04755226 -0.01414363 0.01565238
v 0.04697313 -0.01432907 0.01567245
v 0.04737232 -0.01442843 0.01613784
v 0.05027583 -0.02288385 -0.02314494
v 0.04915431 -0.01495257 0.01777068
v 0.05209752 -0.02368875 -0.02296048
v 0.04931924 -0.01500402 0.01790557
v 0.05095585 -0.01561495 0.01869035
v 0.05391706 -0.02447846 -0.02269767
v 0.05276585 -0.01633716 0.01930142
v 0.05573399 -0.02524970 -0.02233958
v 0.05457607 -0.01706097 0.01990422
v 0.05752976 -0.02587125 -0.02120926
v 0.05639320 -0.01783362 0.02025501
v 0.05816415 -0.02602994 -0.02047401
v 0.06011736 -0.02483890 -0.02065135
v 0.05931043 -0.02638607 -0.01952835
v 0.05821440 -0.01863507 0.02045727
v 0.06032063 -0.02662151 -0.01826226
v 0.06155173 -0.02598282 -0.01835233
v 0.06088555 -0.02651314 -0.01622982
v 0.06113986 -0.02638044 -0.01624857
v 0.06101243 -0.02634457 -0.01497747
v 0.06005085 -0.01954433 0.02010338
v 0.06115189 -0.02627346 -0.01423101
v 0.06155487 -0.02609388 -0.01221681
v 0.06204875 -0.02595426 -0.01019237
v 0.06331342 -0.02492336 -0.01035754
v 0.06210443 -0.02562195 -0.00821729
v 0.06312723 -0.02483057 -0.00834266
v 0.06205169 -0.02524194 -0.00625443
v 0.06301544 -0.02457613 -0.00635708
v 0.06228460 -0.02498757 -0.00425939
v 0.06277784 -0.02459504 -0.00432196
v 0.06251277 -0.02487687 -0.00306923
v 0.06194099 -0.02044503 0.01930625
v 0.06190019 -0.02054478 0.01927903
v 0.06183713 -0.02050909 0.01931582
v 0.06271147 -0.02481849 -0.00224250
v 0.06309602 -0.02463079 -0.00023038
v 0.06346797 -0.02443756 0.00178033
v 0.06471231 -0.02365751 0.00166323
v 0.06384950 -0.02424854 0.00379211
v 0.06439247 -0.02385516 0.00373074
v 0.06387692 -0.02390380 0.00576400
v 0.06430174 -0.02355494 0.00570802
v 0.06403889 -0.02361822 0.00775105
v 0.06404657 -0.02361204 0.00775007
v 0.06404210 -0.02361420 0.00778135
v 0.06375568 -0.02158872 0.01823037
v 0.06431489 -0.02338279 0.00975095
v 0.06471660 -0.02320265 0.01176501
v 0.06538900 -0.02314154 0.01380956
v 0.06624858 -0.02209315 0.01362990
v 0.06553662 -0.02284966 0.01579499
v 0.06581984 -0.02252743 0.01574029
v 0.06442630 -0.02200456 0.01763871
v -0.06012467 0.02713627 -0.01771863
v -0.06046085 0.02683744 -0.01766992
v -0.06028959 0.02672210 -0.01787152
v -0.06132341 0.02757358 -0.01579829
v -0.06116086 0.02785891 -0.01381118
v -0.05999279 0.02891497 -0.01194590
v -0.06086382 0.02808508 -0.01180891
v -0.06032694 0.02868625 -0.00987276
v -0.06067536 0.02835901 -0.00981888
v -0.06052026 0.02876353 -0.00785507
v -0.06059949 0.02868245 -0.00784153
v -0.06057106 0.02871263 -0.00760280
v -0.05827312 0.02590414 -0.01946700
v -0.05865223 0.02568525 -0.01943496
v -0.05841735 0.02555973 -0.01953116
v -0.06042066 0.02896061 -0.00585258
v -0.06023067 0.02923386 -0.00386237
v -0.05827629 0.03037360 -0.00199177
v -0.05980351 0.02940282 -0.00184545
v -0.05875098 0.02983948 0.00013673
v -0.05922734 0.02950624 0.00018827
v -0.05897900 0.02984138 0.00216807
v -0.05905586 0.02978763 0.00217639
v -0.05901925 0.02981626 0.00242734
v -0.05656428 0.02453296 -0.02049122
v -0.05877236 0.03001977 0.00417713
v -0.05838612 0.03020671 0.00618944
v -0.05683111 0.03124264 0.00806922
v -0.05802797 0.03040601 0.00819859
v -0.05725385 0.03082141 0.01017726
v -0.05760482 0.03057673 0.01021507
v -0.05743035 0.03065775 0.01110514
v -0.05447480 0.02414414 -0.02105969
v -0.05510513 0.02376851 -0.02100415
v -0.05471812 0.02355494 -0.02119990
v -0.05726471 0.03078396 0.01222218
v -0.05494746 0.03206978 0.01407442
v -0.05688338 0.03097307 0.01423395
v -0.05534677 0.03169944 0.01617323
v -0.05630426 0.03107519 0.01626799
v -0.05577491 0.03102844 0.01735419
v -0.05208587 0.02457709 -0.02107813
v -0.05287316 0.02258546 -0.02186445
v -0.05328218 0.03192500 0.01822406
v -0.05520031 0.03094651 0.01836116
v -0.05401148 0.03063558 0.01966424
v -0.05103601 0.02167127 -0.02224380
v -0.05339928 0.03051127 0.02053287
v -0.05223298 0.03013615 0.02142455
v -0.04863727 0.02205716 -0.02253309
v -0.05038091 0.02133410 -0.02244073
v -0.04919125 0.02070318 -0.02290117
v -0.05043613 0.02950685 0.02251493
v -0.04735206 0.01977456 -0.02335496
v -0.04914279 0.02899617 0.02298120
v -0.04824926 0.02958172 0.02289219
v -0.04862692 0.02879023 0.02315480
v -0.04552497 0.01893147 -0.02336752
v -0.04680764 0.02800239 0.02342723
v -0.04370488 0.01813787 -0.02312477
v -0.04498586 0.02719682 0.02360827
v -0.04189621 0.01742503 -0.02246541
v -0.04316164 0.02637403 0.02370045
v -0.04035454 0.01692475 -0.02131117
v -0.03980540 0.01745788 -0.02139946
v -0.04011078 0.01687655 -0.02095812
v -0.04063461 0.02709561 0.02358283
v -0.04133031 0.02550098 0.02353333
v -0.04291715 0.02625828 0.02368257
v -0.03879418 0.01659534 -0.01916658
v -0.03804056 0.01703206 -0.01923058
v -0.03834813 0.01648923 -0.01861943
v -0.03949778 0.02461941 0.02332228
v -0.03689273 0.01611594 -0.01698356
v -0.03646591 0.01619296 -0.01698679
v -0.03657252 0.01601019 -0.01675394
v -0.03766699 0.02375016 0.02317475
v -0.03413774 0.01649389 -0.01698131
v -0.03478796 0.01546785 -0.01521499
v -0.03583731 0.02288880 0.02306796
v -0.03210149 0.01616047 -0.01686086
v -0.03424118 0.01530666 -0.01471604
v -0.03274453 0.01526053 -0.01466607
v -0.03301602 0.01501481 -0.01321540
v -0.03400539 0.02201155 0.02287918
v -0.03067159 0.01500683 -0.01456007
v -0.03216964 0.01475245 -0.01251386
v -0.03110140 0.01457024 -0.01244926
v -0.03124490 0.01456752 -0.01118612
v -0.03198405 0.02160496 0.02284631
v -0.03217222 0.02112542 0.02264457
v -0.03342446 0.02172681 0.02278321
v -0.02879128 0.01433456 -0.01437822
v -0.02913870 0.01407700 -0.01229985
v -0.03059358 0.01441614 -0.01036750
v -0.02935019 0.01411480 -0.01027501
v -0.03015810 0.01458143 -0.00834964
v -0.02943010 0.01443853 -0.00830198
v -0.03016061 0.01493934 -0.00638112
v -0.02949030 0.01480510 -0.00633672
v -0.02959018 0.01494342 -0.00491017
v -0.02986001 0.02146231 0.02293218
v -0.03034439 0.02027711 0.02260513
v -0.02702741 0.01340927 -0.01415051
v -0.02729086 0.01333416 -0.01210520
v -0.02741060 0.01357134 -0.01011649
v -0.02745411 0.01397418 -0.00815781
v -0.02752095 0.01432631 -0.00618993
v -0.02920869 0.01487752 -0.00430508
v -0.02770255 0.01442905 -0.00417686
v -0.02783623 0.01461756 -0.00225444
v -0.02849732 0.01929273 0.02186367
v -0.02494839 0.01267142 -0.01598846
v -0.02538792 0.01221370 -0.01387381
v -0.02556747 0.01232090 -0.01186155
v -0.02563338 0.01267506 -0.00989404
v -0.02566743 0.01309845 -0.00793908
v -0.02570216 0.01352035 -0.00598385
v -0.02585319 0.01368953 -0.00398281
v -0.02600305 0.01373145 -0.00248895
v -0.02640860 0.01894847 0.02147611
v -0.02664380 0.01826275 0.02088703
v -0.02797659 0.01897416 0.02142816
v -0.02325644 0.01158984 -0.01573242
v -0.02369247 0.01113973 -0.01361916
v -0.02390783 0.01116911 -0.01159279
v -0.02389287 0.01169899 -0.00965713
v -0.02389348 0.01219504 -0.00771533
v -0.02392730 0.01261892 -0.00576046
v -0.02406879 0.01280886 -0.00376319
v -0.02417386 0.01287351 -0.00257810
v -0.02422452 0.01346519 0.00018125
v -0.02423219 0.01328599 -0.00045018
v -0.02467915 0.01359915 0.00014282
v -0.02486996 0.01403987 0.00209013
v -0.02427836 0.01384556 0.00214401
v -0.02431242 0.01385337 0.00247677
v -0.02425751 0.01886461 0.02155133
v -0.02480284 0.01732157 0.02036841
v -0.02164151 0.01034090 -0.01544606
v -0.02205054 0.00993546 -0.01339803
v -0.02212951 0.00998023 -0.01335155
v -0.02372430 0.01103839 -0.01156242
v -0.02295299 0.01105599 -0.00950672
v -0.02218204 0.01115581 -0.00746697
v -0.02219800 0.01097829 -0.00801835
v -0.02220328 0.01160703 -0.00551705
v -0.02232065 0.01184938 -0.00352928
v -0.02232153 0.01185192 -0.00351149
v -0.02238532 0.01270359 0.00037930
v -0.02240075 0.01241212 -0.00062155
v -0.02246743 0.01288372 0.00181136
v -0.02321276 0.01331107 0.00227683
v -0.02245356 0.01802641 0.02176326
v -0.02297762 0.01649174 0.02042428
v -0.02000727 0.00913392 -0.01516729
v -0.02020190 0.00893999 -0.01419670
v -0.02194296 0.01096861 -0.00742413
v -0.02154136 0.01114880 -0.00541008
v -0.02231374 0.01184528 -0.00352830
v -0.02202785 0.01243317 0.00044151
v -0.02074437 0.01698230 0.02201251
v -0.02116128 0.01572464 0.02080376
v -0.01785214 0.00856145 -0.01703522
v -0.01835298 0.00794250 -0.01500574
v -0.01851935 0.00803576 -0.01491364
v -0.01889648 0.01623957 0.02220713
v -0.01933958 0.01491965 0.02098777
v -0.01630141 0.00717301 -0.01672357
v -0.01650806 0.00697333 -0.01566872
v -0.01702303 0.01555239 0.02239169
v -0.01751995 0.01412938 0.02124767
v -0.01457269 0.00617133 -0.01648201
v -0.01467331 0.00607607 -0.01596073
v -0.01522218 0.01470745 0.02260484
v -0.01570357 0.01336200 0.02162572
v -0.01221554 0.00603785 -0.01842950
v -0.01281213 0.00499191 -0.01721689
v -0.01426342 0.00580730 -0.01640297
v -0.01346431 0.01376911 0.02283492
v -0.01389104 0.01262185 0.02214420
v -0.01088953 0.00416108 -0.01802935
v -0.01096646 0.00401741 -0.01790735
v -0.01171347 0.01281550 0.02306776
v -0.01207781 0.01187680 0.02263738
v -0.01071629 0.00389054 -0.01797216
v -0.00911612 0.00300994 -0.01876795
v -0.00984943 0.01210788 0.02325602
v -0.01025723 0.01107974 0.02286228
v -0.00696496 0.00267544 -0.01967176
v -0.00727354 0.00205732 -0.01934549
v -0.00804649 0.01126748 0.02346835
v -0.00844111 0.01031425 0.02325009
v -0.00666450 0.00175185 -0.01948449
v -0.00543184 0.00111090 -0.01989112
v -0.00661415 0.00962177 0.02382662
v -0.00663007 0.00958468 0.02382315
v -0.00358876 0.00015472 -0.02048707
v -0.00657754 0.00956337 0.02383895
v -0.00482021 0.00886341 0.02443904
v -0.00158023 -0.00039549 -0.02096684
v -0.00175273 -0.00075160 -0.02082580
v -0.00299723 0.00804943 0.02457663
v -0.00154763 -0.00085523 -0.02087683
v 0.00009284 -0.00172536 -0.02151249
v -0.00116274 0.00715400 0.02429408
v -0.00175443 0.00744228 0.02438231
v 0.00193220 -0.00265520 -0.02197254
v 0.00067597 0.00622871 0.02385750
v 0.00376605 -0.00354610 -0.02223173
v 0.00251776 0.00528169 0.02330881
v 0.00612470 -0.00318280 -0.02225331
v 0.00384467 -0.00358344 -0.02223814
v 0.00559845 -0.00442674 -0.02243801
v 0.00435485 0.00436786 0.02293132
v 0.00376453 0.00465836 0.02303527
v 0.00810849 -0.00363020 -0.02211220
v 0.00742495 -0.00526570 -0.02242923
v 0.00619195 0.00345403 0.02255381
v 0.00925203 -0.00610868 -0.02244124
v 0.00856552 0.00354696 0.02134434
v 0.00803314 0.00251123 0.02202690
v 0.01107664 -0.00693422 -0.02236323
v 0.00987884 0.00153654 0.02133542
v 0.00906640 0.00196992 0.02166377
v 0.01290336 -0.00777469 -0.02236227
v 0.01200576 0.00100885 0.01989267
v 0.01172735 0.00054196 0.02054140
v 0.01472809 -0.00860108 -0.02228869
v 0.01430468 0.00074885 0.01796812
v 0.01357163 -0.00042274 0.01990149
v 0.01281937 -0.00003735 0.02011777
v 0.01655263 -0.00942618 -0.02220844
v 0.01574989 -0.00086889 0.01832132
v 0.01541471 -0.00137888 0.01930574
v 0.01837652 -0.01024662 -0.02210412
v 0.01779204 -0.00168687 0.01649789
v 0.01726146 -0.00236100 0.01857596
v 0.01715462 -0.00230070 0.01863738
v 0.02020407 -0.01109298 -0.02213355
v 0.01974359 -0.00270171 0.01471014
v 0.01926530 -0.00324366 0.01684005
v 0.01912004 -0.00342678 0.01741459
v 0.02203140 -0.01193773 -0.02215470
v 0.02181544 -0.00345514 0.01287501
v 0.02140193 -0.00385633 0.01497942
v 0.02097680 -0.00447967 0.01631973
v 0.01973835 -0.00379377 0.01695966
v 0.02445913 -0.01142130 -0.02219173
v 0.02205011 -0.01194657 -0.02215594
v 0.02386322 -0.01281424 -0.02233964
v 0.02373753 -0.00503136 0.00915731
v 0.02357972 -0.00487692 0.01116101
v 0.02332868 -0.00492505 0.01320143
v 0.02294550 -0.00526034 0.01529389
v 0.02281778 -0.00542098 0.01580049
v 0.02569535 -0.01369301 -0.02253625
v 0.02550630 -0.00644339 0.00744154
v 0.02530179 -0.00639041 0.00946363
v 0.02509056 -0.00635204 0.01148837
v 0.02482746 -0.00642638 0.01353354
v 0.02468598 -0.00655481 0.01428808
v 0.02340446 -0.00576284 0.01540387
v 0.02752609 -0.01456189 -0.02268186
v 0.02750297 -0.00785756 0.00369446
v 0.02725507 -0.00789888 0.00573365
v 0.02702948 -0.00789170 0.00776404
v 0.02683628 -0.00781416 0.00978168
v 0.02666187 -0.00769578 0.01179192
v 0.02656636 -0.00777474 0.01233151
v 0.02530803 -0.00695680 0.01364953
v 0.02935338 -0.01540642 -0.02270185
v 0.02939985 -0.00899120 0.00192824
v 0.02911526 -0.00911223 0.00398187
v 0.02887496 -0.00913704 0.00601806
v 0.02865207 -0.00912401 0.00804739
v 0.02847837 -0.00900407 0.01005735
v 0.02844947 -0.00901405 0.01027492
v 0.02712194 -0.00811132 0.01188508
v 0.03118183 -0.01625912 -0.02276395
v 0.03116065 -0.00992318 0.00215716
v 0.03085736 -0.01008485 0.00421816
v 0.03053002 -0.01029879 0.00628862
v 0.03034963 -0.01037385 0.00759680
v 0.02967552 -0.00994794 0.00823516
v 0.02863007 -0.00913137 0.01008618
v 0.03301435 -0.01711913 -0.02289070
v 0.03300231 -0.01711990 -0.02289088
v 0.03301208 -0.01712455 -0.02289178
v 0.03305837 -0.01055761 0.00233216
v 0.03267250 -0.01089874 0.00442568
v 0.03229681 -0.01121773 0.00651518
v 0.03218607 -0.01128304 0.00724322
v 0.03537122 -0.01675583 -0.02289652
v 0.03484525 -0.01801060 -0.02312594
v 0.03466545 -0.01132624 0.00456318
v 0.03426209 -0.01170536 0.00666358
v 0.03398754 -0.01194495 0.00816535
v 0.03667769 -0.01889156 -0.02333385
v 0.03664822 -0.01177586 0.00470468
v 0.03621465 -0.01222064 0.00681698
v 0.03511539 -0.01234026 0.00884801
v 0.03584420 -0.01252825 0.00890442
v 0.03578609 -0.01258619 0.00919409
v 0.03850151 -0.01971150 -0.02322697
v 0.03809596 -0.01289074 0.00699845
v 0.03777834 -0.01308355 0.00906508
v 0.03758307 -0.01321637 0.01027989
v 0.04032878 -0.02055588 -0.02324617
v 0.04023585 -0.01299895 0.00707808
v 0.03986348 -0.01331073 0.00916627
v 0.03843321 -0.01344256 0.01119059
v 0.03950090 -0.01360124 0.01125062
v 0.03936868 -0.01376610 0.01178071
v 0.04215583 -0.02139870 -0.02325734
v 0.04200379 -0.01341802 0.00924574
v 0.04156776 -0.01386814 0.01135901
v 0.04116253 -0.01437410 0.01298095
v 0.04397867 -0.02221168 -0.02311457
v 0.04377986 -0.01381943 0.01141020
v 0.04178416 -0.01455942 0.01353691
v 0.04321749 -0.01454408 0.01357322
v 0.04294224 -0.01488214 0.01469686
v 0.04580710 -0.02306429 -0.02317622
v 0.04559760 -0.01413029 0.01355825
v 0.04376530 -0.01507387 0.01572890
v 0.04500135 -0.01492859 0.01573462
v 0.04470921 -0.01530006 0.01687763
v 0.04763094 -0.02388435 -0.02306995
v 0.04670413 -0.01548924 0.01792794
v 0.04568598 -0.01556173 0.01791408
v 0.04649654 -0.01586196 0.01831569
v 0.04945173 -0.02468288 -0.02285266
v 0.04908273 -0.01507875 0.01791357
v 0.04830718 -0.01658875 0.01890310
v 0.05127017 -0.02546484 -0.02254981
v 0.05012116 -0.01733914 0.01936876
v 0.05308732 -0.02623759 -0.02219950
v 0.05193701 -0.01810273 0.01976632
v 0.05489220 -0.02692363 -0.02140190
v 0.05375367 -0.01887204 0.02013438
v 0.05580308 -0.02714713 -0.02032217
v 0.05719163 -0.02643832 -0.02042151
v 0.05666779 -0.02740254 -0.01953571
v 0.05557952 -0.01970632 0.02016730
v 0.05775880 -0.02765040 -0.01813304
v 0.05879819 -0.02720808 -0.01819029
v 0.05837517 -0.02756466 -0.01609480
v 0.05841262 -0.02754854 -0.01609690
v 0.05839619 -0.02754764 -0.01594753
v 0.05740600 -0.02054509 0.02017703
v 0.05890125 -0.02743921 -0.01406673
v 0.06089785 -0.02640895 -0.01421171
v 0.05939275 -0.02729856 -0.01204256
v 0.06057293 -0.02661762 -0.01214220
v 0.05978721 -0.02711522 -0.01002931
v 0.06020882 -0.02691148 -0.01005725
v 0.06002203 -0.02696750 -0.00861795
v 0.05924147 -0.02144750 0.01985849
v 0.06011414 -0.02690219 -0.00802368
v 0.06016014 -0.02656562 -0.00604970
v 0.06034252 -0.02628902 -0.00406035
v 0.06054151 -0.02601972 -0.00206913
v 0.06233672 -0.02505623 -0.00220669
v 0.06072485 -0.02574354 -0.00007967
v 0.06210763 -0.02505667 -0.00017492
v 0.06109826 -0.02555095 0.00193120
v 0.06184334 -0.02513359 0.00187072
v 0.06151104 -0.02541972 0.00370346
v 0.06109496 -0.02247725 0.01888296
v 0.06016003 -0.02192707 0.01954471
v 0.06159056 -0.02541064 0.00395546
v 0.06199803 -0.02523303 0.00597017
v 0.06236114 -0.02503591 0.00797988
v 0.06240267 -0.02469737 0.00995336
v 0.06375328 -0.02375199 0.00980712
v 0.06285087 -0.02453767 0.01197265
v 0.06333574 -0.02416193 0.01191311
v 0.06309781 -0.02456330 0.01245830
v 0.06328873 -0.02277197 0.01775628
v 0.06297008 -0.02366003 0.01711806
v 0.06243076 -0.02328249 0.01783173
v 0.06390353 -0.02464380 0.01406005
v 0.06383057 -0.02425490 0.01602063
v -0.06199609 0.02535708 -0.01742504
v -0.06109010 0.02475621 -0.01843995
v -0.06262101 0.02598871 -0.01552664
v -0.06251454 0.02629869 -0.01354584
v -0.06235660 0.02658604 -0.01155925
v -0.06229481 0.02691568 -0.00958348
v -0.06217018 0.02721768 -0.00760064
v -0.06090777 0.02841884 -0.00576091
v -0.06190423 0.02745752 -0.00560188
v -0.06130371 0.02805584 -0.00366343
v -0.06164759 0.02770147 -0.00360416
v -0.06152100 0.02780351 -0.00271964
v -0.06047448 0.02433110 -0.01922242
v -0.05922002 0.02360907 -0.02002106
v -0.06137889 0.02794010 -0.00160509
v -0.06110613 0.02817696 0.00039444
v -0.06079704 0.02839783 0.00239806
v -0.05935471 0.02952232 0.00425759
v -0.06043673 0.02859619 0.00440746
v -0.05980555 0.02904002 0.00637669
v -0.06005995 0.02878729 0.00641871
v -0.05997894 0.02897610 0.00766620
v -0.05737427 0.02263411 -0.02071384
v -0.05991132 0.02907874 0.00840425
v -0.05950944 0.02925881 0.01041833
v -0.05762843 0.03050482 0.01226632
v -0.05905894 0.02941750 0.01243789
v -0.05805018 0.03008572 0.01437397
v -0.05859490 0.02957023 0.01445897
v -0.05837076 0.02968121 0.01564051
v -0.05701989 0.02245505 -0.02080203
v -0.05552731 0.02165045 -0.02145163
v -0.05816506 0.02973800 0.01647619
v -0.05622170 0.03029561 0.01845934
v -0.05698053 0.02957388 0.01857844
v -0.05663626 0.02949282 0.01900536
v -0.05368592 0.02070624 -0.02198580
v -0.05468703 0.02936961 0.02071887
v -0.05501370 0.02906572 0.02076882
v -0.05486117 0.02901753 0.02089021
v -0.05145301 0.02069674 -0.02234656
v -0.05241972 0.02007519 -0.02225258
v -0.05184654 0.01977626 -0.02244663
v -0.05306982 0.02842715 0.02218131
v -0.05000433 0.01882622 -0.02301088
v -0.05126883 0.02776864 0.02312099
v -0.04817251 0.01794965 -0.02319617
v -0.05096379 0.02764147 0.02319388
v -0.04945340 0.02700801 0.02353383
v -0.04635668 0.01718620 -0.02279787
v -0.04763032 0.02619331 0.02366772
v -0.04454524 0.01645383 -0.02223926
v -0.04549148 0.02605799 0.02365083
v -0.04580379 0.02535414 0.02367541
v -0.04667224 0.02575415 0.02367737
v -0.04274273 0.01578453 -0.02135525
v -0.04325257 0.02616496 0.02369147
v -0.04397445 0.02449519 0.02358105
v -0.04247619 0.01570227 -0.02113235
v -0.04097992 0.01539606 -0.01902254
v -0.04214074 0.02360526 0.02332682
v -0.04095336 0.01538937 -0.01899199
v -0.03956712 0.01513654 -0.01686702
v -0.03900458 0.01543462 -0.01690938
v -0.03922323 0.01505082 -0.01646676
v -0.04030493 0.02270053 0.02299628
v -0.03762340 0.01463855 -0.01467924
v -0.03738392 0.01469552 -0.01468372
v -0.03745474 0.01462212 -0.01434159
v -0.03846826 0.02178970 0.02263428
v -0.03495384 0.01521788 -0.01471836
v -0.03644967 0.01447917 -0.01257821
v -0.03546119 0.01461278 -0.01257701
v -0.03594029 0.01461197 -0.01055202
v -0.03567578 0.01464385 -0.01055095
v -0.03578138 0.01486626 -0.00874539
v -0.03620349 0.02195250 0.02266328
v -0.03662549 0.02083569 0.02204951
v -0.03846311 0.02178717 0.02263339
v -0.03317711 0.01481791 -0.01255416
v -0.03345889 0.01470297 -0.01050164
v -0.03575551 0.01488751 -0.00856240
v -0.03359155 0.01491207 -0.00850784
v -0.03534517 0.01506386 -0.00654737
v -0.03373923 0.01508853 -0.00650813
v -0.03469349 0.01513408 -0.00450515
v -0.03397960 0.01506359 -0.00447192
v -0.03432732 0.01532985 -0.00249510
v -0.03408456 0.01533287 -0.00248903
v -0.03416181 0.01549068 -0.00118739
v -0.03407777 0.02181350 0.02274849
v -0.03478006 0.01986291 0.02136796
v -0.03133575 0.01455836 -0.01041541
v -0.03146903 0.01476613 -0.00842137
v -0.03153378 0.01512280 -0.00645432
v -0.03173084 0.01519197 -0.00443516
v -0.03199300 0.01511966 -0.00239036
v -0.03397069 0.01552982 -0.00048612
v -0.03216102 0.01525191 -0.00038264
v -0.03275194 0.01535065 0.00161999
v -0.03234797 0.01534305 0.00163253
v -0.03244884 0.01545465 0.00296351
v -0.03273759 0.01947015 0.02120151
v -0.03292312 0.01880874 0.02026645
v -0.03428275 0.01959194 0.02113555
v -0.02963593 0.01498600 -0.00433781
v -0.02983420 0.01505255 -0.00231818
v -0.02999115 0.01520886 -0.00031482
v -0.03019927 0.01525398 0.00170870
v -0.03225373 0.01548836 0.00364492
v -0.03039870 0.01531800 0.00372879
v -0.03135959 0.01545194 0.00571445
v -0.03062295 0.01532808 0.00575865
v -0.03071733 0.01528748 0.00643785
v -0.03100853 0.01797183 0.01950138
v -0.03106079 0.01771645 0.01896835
v -0.03167250 0.01808720 0.01946081
v -0.03071414 0.01910891 0.02132700
v -0.02784190 0.01462363 -0.00218043
v -0.02799389 0.01479072 -0.00017902
v -0.02808900 0.01508143 0.00179999
v -0.02828082 0.01516197 0.00381709
v -0.02854345 0.01508866 0.00586207
v -0.02952576 0.01500227 0.00788985
v -0.02886177 0.01489431 0.00792898
v -0.02894859 0.01485710 0.00855437
v -0.02909179 0.01588660 0.01384423
v -0.02909190 0.01587058 0.01378267
v -0.02910692 0.01588850 0.01384344
v -0.02933459 0.01634543 0.01578660
v -0.02912654 0.01630846 0.01579947
v -0.02944572 0.01675111 0.01774288
v -0.02917524 0.01670001 0.01776020
v -0.02904185 0.01748725 0.01964922
v -0.02861779 0.01890610 0.02142377
v -0.02605079 0.01375753 -0.00196344
v -0.02614087 0.01405915 0.00001359
v -0.02618312 0.01446471 0.00197178
v -0.02629537 0.01471817 0.00395754
v -0.02654005 0.01468385 0.00599545
v -0.02688225 0.01443762 0.00807177
v -0.02785652 0.01462499 0.01004671
v -0.02707569 0.01451465 0.01008950
v -0.02852565 0.01527607 0.01194013
v -0.02704699 0.01507440 0.01201975
v -0.02716906 0.01530650 0.01400938
v -0.02730735 0.01532828 0.01532185
v -0.02860505 0.01602460 0.01586878
v -0.02737635 0.01585082 0.01797412
v -0.02737695 0.01582052 0.01786120
v -0.02700405 0.01715719 0.01976906
v -0.02423659 0.01294160 -0.00175555
v -0.02447408 0.01391766 0.00416264
v -0.02469847 0.01392743 0.00619256
v -0.02496157 0.01385308 0.00823772
v -0.02509829 0.01405336 0.01023312
v -0.02509848 0.01455033 0.01217475
v -0.02542623 0.01433550 0.01424537
v -0.02545691 0.01432011 0.01445770
v -0.02545592 0.01526573 0.01814017
v -0.02554250 0.01492537 0.01758010
v -0.02497024 0.01681848 0.01989046
v -0.02205911 0.00993082 -0.01334004
v -0.02221895 0.01008086 -0.01133554
v -0.02223018 0.01055383 -0.00938957
v -0.02241632 0.01213885 -0.00155005
v -0.02250434 0.01294233 0.00236772
v -0.02276921 0.01286415 0.00441358
v -0.02308226 0.01268126 0.00647842
v -0.02323085 0.01285574 0.00847849
v -0.02330041 0.01320197 0.01044744
v -0.02335668 0.01357706 0.01241115
v -0.02361833 0.01339573 0.01402580
v -0.02493501 0.01405379 0.01431345
v -0.02357402 0.01459691 0.01832141
v -0.02371276 0.01406356 0.01747094
v -0.02310055 0.01612314 0.02007650
v -0.02034845 0.00888990 -0.01309138
v -0.02049700 0.00906449 -0.01109133
v -0.02059334 0.00935251 -0.00911183
v -0.02059166 0.00985352 -0.00717094
v -0.02053685 0.01047000 -0.00525097
v -0.02058905 0.01085395 -0.00328886
v -0.02067061 0.01117410 -0.00131519
v -0.02077427 0.01144621 0.00066719
v -0.02092353 0.01161923 0.00266753
v -0.02115199 0.01162018 0.00469905
v -0.02144699 0.01147651 0.00675678
v -0.02153703 0.01177823 0.00873379
v -0.02153726 0.01227510 0.01067544
v -0.02170198 0.01241455 0.01268186
v -0.02176602 0.01237430 0.01309321
v -0.02177342 0.01375142 0.01853465
v -0.02188968 0.01324882 0.01760465
v -0.02136441 0.01513757 0.02031513
v -0.01836565 0.00794298 -0.01489144
v -0.01862791 0.00787045 -0.01284660
v -0.01880201 0.00798951 -0.01083649
v -0.01895088 0.00816339 -0.00883631
v -0.01898019 0.00859706 -0.00688321
v -0.01894606 0.00916860 -0.00495509
v -0.01892068 0.00972112 -0.00302353
v -0.01901989 0.01000292 -0.00104291
v -0.01915730 0.01020170 0.00095276
v -0.01934391 0.01029357 0.00296780
v -0.01958603 0.01026481 0.00500470
v -0.01976409 0.01029478 0.00670223
v -0.02005383 0.01047994 0.00698815
v -0.02013317 0.01087163 0.00894801
v -0.01986487 0.01115103 0.01093917
v -0.01985744 0.01095495 0.01010789
v -0.01989259 0.01120353 0.01139025
v -0.02092694 0.01193433 0.01279619
v -0.01994790 0.01296009 0.01873809
v -0.02006923 0.01245266 0.01783422
v -0.01954029 0.01434320 0.02051912
v -0.01661994 0.00697822 -0.01465657
v -0.01695700 0.00674316 -0.01258228
v -0.01721040 0.00668989 -0.01054093
v -0.01740620 0.00676179 -0.00852227
v -0.01745222 0.00715915 -0.00656259
v -0.01743266 0.00769903 -0.00462874
v -0.01742660 0.00820958 -0.00268958
v -0.01744364 0.00866992 -0.00074131
v -0.01757605 0.00887956 0.00125239
v -0.01775926 0.00897883 0.00326609
v -0.01786904 0.00897105 0.00421014
v -0.01864101 0.00950181 0.00517851
v -0.01972351 0.01104828 0.01096296
v -0.01817369 0.01205726 0.01896173
v -0.01825774 0.01171990 0.01839084
v -0.01776346 0.01344606 0.02074173
v -0.01497277 0.00579933 -0.01438290
v -0.01543240 0.00529792 -0.01226034
v -0.01561985 0.00514291 -0.01120162
v -0.01620263 0.00557501 -0.01029720
v -0.01687247 0.00622639 -0.00840386
v -0.01683443 0.00656647 -0.00643077
v -0.01646196 0.00675947 -0.00442001
v -0.01626205 0.00702837 -0.00242868
v -0.01596533 0.00725469 -0.00042645
v -0.01628024 0.00774998 0.00150687
v -0.01727456 0.00854406 0.00336365
v -0.01720274 0.01136694 0.01912216
v -0.01601855 0.01247957 0.02097691
v -0.01646140 0.01109433 0.01950040
v -0.01324302 0.00430252 -0.01608331
v -0.01363177 0.00395514 -0.01398866
v -0.01373442 0.00388725 -0.01334252
v -0.01480083 0.00460172 -0.01210807
v -0.01436008 0.01132524 0.02124613
v -0.01465773 0.01041685 0.02034222
v -0.01221535 0.00275107 -0.01575440
v -0.01183249 0.00251491 -0.01608532
v -0.01347664 0.00366256 -0.01392769
v -0.01275594 0.01005286 0.02153674
v -0.01285612 0.00975394 0.02125915
v -0.00969248 0.00200409 -0.01757841
v -0.00997693 0.00147047 -0.01713662
v -0.01180013 0.00934781 0.02169961
v -0.01104772 0.00904301 0.02192840
v -0.00905096 0.00100265 -0.01736671
v -0.00813169 0.00049903 -0.01781129
v -0.00923761 0.00831999 0.02253527
v -0.00597413 0.00007032 -0.01913961
v -0.00627880 -0.00052647 -0.01876482
v -0.00743014 0.00761569 0.02323865
v -0.00577339 -0.00079556 -0.01896626
v -0.00442771 -0.00153931 -0.01965310
v -0.00523873 0.00785238 0.02420731
v -0.00562352 0.00691734 0.02397282
v -0.00258583 -0.00248696 -0.02020507
v -0.00337183 0.00715096 0.02439445
v -0.00380407 0.00612833 0.02423925
v -0.00125810 -0.00313809 -0.02042637
v -0.00074895 -0.00339929 -0.02057477
v -0.00197748 0.00528874 0.02424473
v 0.00109900 -0.00438989 -0.02134830
v -0.00014489 0.00440679 0.02403173
v 0.00293536 -0.00529858 -0.02169927
v 0.00168965 0.00351098 0.02374718
v 0.00359131 -0.00562755 -0.02184885
v 0.00477697 -0.00624435 -0.02224156
v 0.00352701 0.00259527 0.02336004
v 0.00326026 0.00272460 0.02339630
v 0.00660846 -0.00711854 -0.02241451
v 0.00535778 0.00172615 0.02321321
v 0.00843788 -0.00797808 -0.02251192
v 0.00719617 0.00080314 0.02278836
v 0.01026764 -0.00884007 -0.02262200
v 0.00937685 0.00055179 0.02194718
v 0.00903360 -0.00011305 0.02239866
v 0.01209497 -0.00968487 -0.02264339
v 0.01087296 -0.00104290 0.02193855
v 0.00984970 -0.00053008 0.02216985
v 0.01407583 -0.01019330 -0.02271438
v 0.01323867 -0.01022703 -0.02273079
v 0.01392634 -0.01055822 -0.02281201
v 0.01338921 -0.00074310 0.02027020
v 0.01271202 -0.00197063 0.02148935
v 0.01604922 -0.01066330 -0.02256918
v 0.01575300 -0.01139823 -0.02280869
v 0.01478079 -0.00247738 0.02064452
v 0.01455118 -0.00289907 0.02103652
v 0.01799135 -0.01120123 -0.02241167
v 0.01757865 -0.01223116 -0.02276885
v 0.01723869 -0.00239192 0.01865736
v 0.01639275 -0.00384456 0.02049573
v 0.01529830 -0.00328306 0.02081489
v 0.01996824 -0.01166364 -0.02226785
v 0.01940324 -0.01305656 -0.02269013
v 0.01863948 -0.00410618 0.01902806
v 0.01823884 -0.00482204 0.01978986
v 0.02202669 -0.01194882 -0.02215614
v 0.02122679 -0.01387460 -0.02257342
v 0.02069948 -0.00488537 0.01719760
v 0.02008727 -0.00581605 0.01899875
v 0.01950543 -0.00549006 0.01932005
v 0.02305810 -0.01474753 -0.02273991
v 0.02232584 -0.00610947 0.01747947
v 0.02192090 -0.00670534 0.01874788
v 0.02488617 -0.01559755 -0.02278824
v 0.02440325 -0.00685083 0.01564215
v 0.02393614 -0.00736848 0.01776766
v 0.02375807 -0.00761970 0.01836763
v 0.02671508 -0.01645352 -0.02286723
v 0.02629556 -0.00799439 0.01387773
v 0.02590867 -0.00833772 0.01597164
v 0.02561096 -0.00864525 0.01741385
v 0.02467026 -0.00811824 0.01793312
v 0.02854450 -0.01731310 -0.02296485
v 0.02819276 -0.00912735 0.01211138
v 0.02779094 -0.00950312 0.01421118
v 0.02747773 -0.00976895 0.01595367
v 0.02715111 -0.00956606 0.01624380
v 0.03067042 -0.01745429 -0.02288998
v 0.02864202 -0.01735787 -0.02296427
v 0.03037214 -0.01816006 -0.02299738
v 0.03025303 -0.01040330 0.00833926
v 0.03004174 -0.01036508 0.01036402
v 0.02983543 -0.01031600 0.01238682
v 0.02947371 -0.01060465 0.01447083
v 0.02931843 -0.01070829 0.01544462
v 0.03220541 -0.01904682 -0.02323518
v 0.03200241 -0.01136009 0.00857268
v 0.03177437 -0.01135824 0.01060403
v 0.03150135 -0.01145414 0.01265311
v 0.03117783 -0.01177992 0.01425306
v 0.03043419 -0.01136669 0.01464487
v 0.03403736 -0.01992429 -0.02342510
v 0.03388268 -0.01203245 0.00875455
v 0.03354623 -0.01226619 0.01082860
v 0.03321077 -0.01249776 0.01290226
v 0.03301147 -0.01266930 0.01400173
v 0.03586594 -0.02077792 -0.02349203
v 0.03542689 -0.01293770 0.01101032
v 0.03503901 -0.01328319 0.01310463
v 0.03483453 -0.01348390 0.01413613
v 0.03768902 -0.02159264 -0.02335822
v 0.03744098 -0.01331926 0.01113949
v 0.03693786 -0.01391516 0.01327918
v 0.03664308 -0.01419586 0.01480003
v 0.03951305 -0.02241409 -0.02325914
v 0.03895730 -0.01428512 0.01340625
v 0.03750703 -0.01447716 0.01544169
v 0.03855026 -0.01467224 0.01550810
v 0.03843665 -0.01480192 0.01601026
v 0.04133805 -0.02324243 -0.02319560
v 0.04102146 -0.01455787 0.01351570
v 0.04060823 -0.01495844 0.01561999
v 0.04022666 -0.01538276 0.01735062
v 0.04316101 -0.02405626 -0.02305721
v 0.04272060 -0.01512647 0.01571046
v 0.04067389 -0.01551306 0.01776727
v 0.04228102 -0.01558429 0.01782513
v 0.04202451 -0.01601904 0.01840492
v 0.04498405 -0.02487076 -0.02292227
v 0.04443159 -0.01566928 0.01790055
v 0.04383440 -0.01674048 0.01901994
v 0.04680580 -0.02567603 -0.02273975
v 0.04565201 -0.01751653 0.01935324
v 0.04862326 -0.02645104 -0.02240106
v 0.04747099 -0.01830226 0.01963662
v 0.05044047 -0.02722429 -0.02205335
v 0.04928919 -0.01908253 0.01994814
v 0.05224044 -0.02787555 -0.02107628
v 0.05110888 -0.01987326 0.02020567
v 0.05297139 -0.02805735 -0.02022335
v 0.05447350 -0.02758662 -0.02027342
v 0.05401556 -0.02835110 -0.01919276
v 0.05293166 -0.02068585 0.02035049
v 0.05505423 -0.02861653 -0.01801990
v 0.05608836 -0.02833835 -0.01804547
v 0.05576235 -0.02862633 -0.01627586
v 0.05476542 -0.02157614 0.02009440
v 0.05590289 -0.02863294 -0.01595549
v 0.05641791 -0.02850263 -0.01392866
v 0.05809585 -0.02773950 -0.01403060
v 0.05689115 -0.02835394 -0.01190655
v 0.05776713 -0.02795644 -0.01195959
v 0.05734733 -0.02819775 -0.00988635
v 0.05745368 -0.02814020 -0.00989459
v 0.05740712 -0.02818003 -0.00963675
v 0.05659747 -0.02245431 0.01990090
v 0.05782891 -0.02805273 -0.00786329
v 0.05995121 -0.02697387 -0.00801425
v 0.05816549 -0.02784394 -0.00585657
v 0.05981706 -0.02676802 -0.00601987
v 0.05818459 -0.02749553 -0.00388562
v 0.05962669 -0.02668431 -0.00400334
v 0.05824391 -0.02716481 -0.00191014
v 0.05946308 -0.02654247 -0.00199736
v 0.05855789 -0.02694609 0.00009404
v 0.05925840 -0.02648987 0.00002480
v 0.05892229 -0.02681726 0.00173018
v 0.05877025 -0.02257688 0.01963258
v 0.05844102 -0.02341376 0.01928806
v 0.05760178 -0.02295755 0.01967434
v 0.05900035 -0.02678386 0.00211269
v 0.05943110 -0.02661649 0.00413002
v 0.06145957 -0.02547015 0.00396341
v 0.05978563 -0.02641560 0.00613876
v 0.06114895 -0.02564776 0.00602729
v 0.06031917 -0.02629343 0.00816767
v 0.06073795 -0.02604348 0.00813070
v 0.06038612 -0.02596607 0.01014401
v 0.06061932 -0.02580389 0.01011897
v 0.06049897 -0.02588948 0.01085315
v 0.06038826 -0.02431651 0.01797618
v 0.06030991 -0.02455250 0.01775034
v 0.06016310 -0.02444076 0.01799410
v 0.06075520 -0.02577157 0.01215440
v 0.06156329 -0.02577014 0.01421424
v 0.06258332 -0.02529956 0.01415098
v 0.06143331 -0.02535618 0.01616839
v 0.06255797 -0.02485727 0.01610251
v -0.06170833 0.02319760 -0.01903651
v -0.06210078 0.02289078 -0.01898780
v -0.06188752 0.02276846 -0.01912120
v -0.06341792 0.02382683 -0.01716738
v -0.06379395 0.02434901 -0.01524094
v -0.06365867 0.02464633 -0.01325690
v -0.06359859 0.02497671 -0.01128133
v -0.06359105 0.02533020 -0.00931168
v -0.06349512 0.02564482 -0.00733207
v -0.06336048 0.02594242 -0.00534810
v -0.06309245 0.02618135 -0.00334910
v -0.06176769 0.02754498 -0.00153916
v -0.06284502 0.02642935 -0.00135242
v -0.06228824 0.02691121 0.00060740
v -0.06252304 0.02664455 0.00065265
v -0.06244180 0.02668829 0.00110028
v -0.06002841 0.02169893 -0.02030193
v -0.06213525 0.02683082 0.00266514
v -0.06183282 0.02705462 0.00466801
v -0.06148762 0.02725962 0.00667571
v -0.06009570 0.02890689 0.00843251
v -0.06129433 0.02753142 0.00866628
v -0.06087646 0.02769631 0.01063715
v -0.05768621 0.02192390 -0.02071733
v -0.05881973 0.02109105 -0.02058696
v -0.05818824 0.02076344 -0.02079114
v -0.06086627 0.02769998 0.01068331
v -0.06047688 0.02788554 0.01269598
v -0.06013770 0.02809318 0.01470299
v -0.05863365 0.02931522 0.01654530
v -0.05965263 0.02823667 0.01672644
v -0.05923726 0.02818199 0.01747948
v -0.05634354 0.01979571 -0.02144667
v -0.05850747 0.02808986 0.01882426
v -0.05747970 0.02783056 0.02000323
v -0.05450541 0.01887457 -0.02186186
v -0.05639932 0.02751956 0.02103056
v -0.05569467 0.02728493 0.02152522
v -0.05381282 0.01853232 -0.02199169
v -0.05266610 0.01794506 -0.02232026
v -0.05390025 0.02667289 0.02270459
v -0.05083444 0.01706967 -0.02249941
v -0.05209453 0.02598094 0.02347177
v -0.04901073 0.01625051 -0.02238855
v -0.05158655 0.02575982 0.02354156
v -0.05027453 0.02518797 0.02371774
v -0.04720558 0.01556255 -0.02160080
v -0.04798669 0.02539410 0.02371113
v -0.04844884 0.02435478 0.02375627
v -0.04993729 0.02503452 0.02372737
v -0.04610669 0.01514335 -0.02112352
v -0.04524120 0.01516227 -0.02110347
v -0.04539905 0.01486485 -0.02086333
v -0.04661816 0.02348627 0.02361261
v -0.04293525 0.01541490 -0.02108923
v -0.04360033 0.01422238 -0.01984095
v -0.04478455 0.02259715 0.02336256
v -0.04278676 0.01404013 -0.01878070
v -0.04099765 0.01536451 -0.01898839
v -0.04184533 0.01388910 -0.01722349
v -0.04294630 0.02167513 0.02294285
v -0.04152875 0.01384369 -0.01667017
v -0.04035735 0.01368534 -0.01456940
v -0.03991973 0.01394338 -0.01460743
v -0.04012627 0.01381001 -0.01329476
v -0.04076178 0.02156369 0.02261371
v -0.04109915 0.02069015 0.02219832
v -0.04205447 0.02121103 0.02264663
v -0.03987251 0.01382893 -0.01254598
v -0.03782416 0.01423625 -0.01256879
v -0.03963138 0.01407970 -0.01055001
v -0.03804070 0.01426308 -0.01054196
v -0.03938073 0.01432627 -0.00855297
v -0.03817564 0.01446723 -0.00854727
v -0.03898786 0.01451030 -0.00653991
v -0.03832515 0.01463971 -0.00654683
v -0.03856230 0.01467996 -0.00452317
v -0.03853102 0.01468972 -0.00452420
v -0.03854808 0.01472716 -0.00422661
v -0.03846922 0.02178725 0.02263321
v -0.03925130 0.01970026 0.02142846
v -0.03579283 0.01488689 -0.00856330
v -0.03595831 0.01502465 -0.00655657
v -0.03613413 0.01513999 -0.00454578
v -0.03838495 0.01495877 -0.00253439
v -0.03637469 0.01511462 -0.00250949
v -0.03804441 0.01516582 -0.00052722
v -0.03652842 0.01527793 -0.00050740
v -0.03737917 0.01523007 0.00151653
v -0.03676236 0.01526695 0.00152629
v -0.03691277 0.01524032 0.00275739
v -0.03700914 0.01970443 0.02103901
v -0.03738795 0.01860075 0.02009306
v -0.03867214 0.01936676 0.02105888
v -0.03420799 0.01556204 -0.00049887
v -0.03453792 0.01534249 0.00157262
v -0.03665700 0.01526928 0.00356669
v -0.03476991 0.01533574 0.00360553
v -0.03597237 0.01532500 0.00561262
v -0.03492876 0.01548793 0.00560964
v -0.03551716 0.01548162 0.00763271
v -0.03515464 0.01549447 0.00764015
v -0.03522956 0.01541476 0.00799405
v -0.03527080 0.01822630 0.01933522
v -0.03550315 0.01734954 0.01797515
v -0.03651128 0.01805966 0.01933352
v -0.03482858 0.01968461 0.02110262
v -0.03249765 0.01551518 0.00363303
v -0.03265069 0.01567998 0.00563486
v -0.03295929 0.01550677 0.00769794
v -0.03364157 0.01501359 0.00981281
v -0.03341730 0.01500890 0.00981987
v -0.03346570 0.01501882 0.01028826
v -0.03342860 0.01647646 0.01564898
v -0.03356682 0.01573392 0.01397726
v -0.03418044 0.01632099 0.01565851
v -0.03500540 0.01704060 0.01753437
v -0.03331076 0.01722991 0.01754412
v -0.03305985 0.01827249 0.01938687
v -0.03090399 0.01521476 0.00781088
v -0.03121922 0.01502714 0.00987658
v -0.03313143 0.01514605 0.01183908
v -0.03130444 0.01533932 0.01185170
v -0.03349438 0.01566247 0.01376699
v -0.03122686 0.01600528 0.01376270
v -0.03118187 0.01660041 0.01568653
v -0.03121355 0.01702894 0.01764056
v -0.02912462 0.01482051 0.00997405
v -0.02910254 0.01536588 0.01190690
v -0.02738028 0.01534490 0.01603411
v -0.02570173 0.01423420 0.01629543
v -0.02369288 0.01334387 0.01448511
v -0.02387716 0.01344081 0.01649923
v -0.02202882 0.01220169 0.01475213
v -0.02202813 0.01270056 0.01669341
v -0.01979822 0.01030110 0.00702982
v -0.01984962 0.01068679 0.00899161
v -0.01999716 0.01136094 0.01293282
v -0.02030355 0.01119252 0.01499504
v -0.02023059 0.01184843 0.01690786
v -0.01798780 0.00897958 0.00529765
v -0.01816930 0.00908256 0.00731068
v -0.01824765 0.00940968 0.00928309
v -0.01825430 0.00989260 0.01122726
v -0.01839034 0.01009436 0.01322239
v -0.01860030 0.01013550 0.01524662
v -0.01850481 0.01084036 0.01715057
v -0.01578892 0.00502057 -0.01017838
v -0.01595473 0.00515765 -0.00817153
v -0.01594510 0.00567595 -0.00623377
v -0.01591283 0.00624345 -0.00430493
v -0.01593258 0.00669790 -0.00235559
v -0.01592560 0.00721043 -0.00041679
v -0.01602094 0.00750063 0.00156231
v -0.01622834 0.00754732 0.00358554
v -0.01641595 0.00763703 0.00560098
v -0.01653999 0.00786488 0.00759138
v -0.01661714 0.00819460 0.00956332
v -0.01665341 0.00861315 0.01151915
v -0.01674464 0.00891229 0.01349663
v -0.01694781 0.00896816 0.01551820
v -0.01688963 0.00959197 0.01743684
v -0.01653929 0.01085062 0.01924043
v -0.01400675 0.00363767 -0.01189943
v -0.01446725 0.00313438 -0.00977653
v -0.01458733 0.00337082 -0.00778768
v -0.01454029 0.00397042 -0.00586466
v -0.01448690 0.00458381 -0.00394413
v -0.01443890 0.00518547 -0.00202148
v -0.01446658 0.00562271 -0.00006902
v -0.01461850 0.00578995 0.00193236
v -0.01473970 0.00602396 0.00392164
v -0.01484144 0.00630025 0.00590326
v -0.01494634 0.00656967 0.00788613
v -0.01496850 0.00701889 0.00983641
v -0.01500476 0.00743747 0.01179224
v -0.01507629 0.00777942 0.01376197
v -0.01522283 0.00795836 0.01576123
v -0.01522409 0.00845300 0.01770328
v -0.01489851 0.00965785 0.01951662
v -0.01198557 0.00227676 -0.01565616
v -0.01251203 0.00163015 -0.01350728
v -0.01277134 0.00152737 -0.01160674
v -0.01283201 0.00158035 -0.01146843
v -0.01377707 0.00235278 -0.00960610
v -0.01401438 0.00281394 -0.00766403
v -0.01362439 0.00299924 -0.00565129
v -0.01321459 0.00317583 -0.00363633
v -0.01294091 0.00368243 -0.00168906
v -0.01300656 0.00319081 -0.00302542
v -0.01296492 0.00412763 0.00026195
v -0.01311633 0.00429599 0.00226313
v -0.01317387 0.00437405 0.00307865
v -0.01350009 0.00472861 0.00420672
v -0.01361765 0.00513712 0.00616228
v -0.01373004 0.00554336 0.00811842
v -0.01335217 0.00577301 0.01012222
v -0.01335537 0.00565758 0.00970008
v -0.01337063 0.00623027 0.01207105
v -0.01341713 0.00662660 0.01403091
v -0.01350357 0.00670562 0.01510670
v -0.01406706 0.00711880 0.01595565
v -0.01399558 0.00744417 0.01793251
v -0.01333329 0.00830088 0.01982256
v -0.01358966 0.00731445 0.01824750
v -0.01077999 0.00013831 -0.01520859
v -0.01085269 0.00003681 -0.01495945
v -0.01213182 0.00091562 -0.01335835
v -0.01248487 0.00321173 -0.00158531
v -0.01249314 0.00357217 0.00038256
v -0.01299457 0.00414949 0.00229487
v -0.01328195 0.00570310 0.01013770
v -0.01305536 0.00596026 0.01213203
v -0.01310144 0.00633733 0.01409564
v -0.01170398 0.00708319 0.02010326
v -0.01180068 0.00674085 0.01962515
v -0.01110803 0.00887557 0.02181012
v -0.00847655 -0.00011189 -0.01713491
v -0.00899456 -0.00102585 -0.01610468
v -0.01052461 -0.00014800 -0.01514609
v -0.01093307 0.00645416 0.02024633
v -0.00948945 0.00763457 0.02209505
v -0.01000392 0.00611229 0.02071933
v -0.00725166 -0.00194418 -0.01674616
v -0.00714851 -0.00200298 -0.01680870
v -0.00792993 0.00626521 0.02240324
v -0.00820563 0.00547288 0.02175749
v -0.00509565 -0.00277893 -0.01856322
v -0.00528302 -0.00311764 -0.01822223
v -0.00643958 0.00483484 0.02272136
v -0.00640567 0.00482161 0.02273454
v -0.00470228 -0.00342214 -0.01842775
v -0.00343648 -0.00409829 -0.01894444
v -0.00459428 0.00408957 0.02329487
v -0.00095115 -0.00378667 -0.02029224
v -0.00159339 -0.00505454 -0.01954074
v -0.00277582 0.00330752 0.02359719
v -0.00000822 -0.00584328 -0.01986773
v 0.00024519 -0.00597889 -0.01997248
v -0.00095015 0.00247450 0.02363659
v 0.00209984 -0.00701682 -0.02099021
v 0.00087776 0.00162559 0.02359401
v 0.00398430 -0.00783388 -0.02141039
v 0.00393702 -0.00793130 -0.02137103
v 0.00270326 0.00079379 0.02363970
v 0.00144087 0.00136920 0.02360916
v 0.00403617 -0.00797872 -0.02138089
v 0.00577679 -0.00886408 -0.02184624
v 0.00453352 -0.00007172 0.02351149
v 0.00761483 -0.00978458 -0.02225818
v 0.00636809 -0.00096772 0.02322597
v 0.00944777 -0.01066903 -0.02248410
v 0.00820149 -0.00185543 0.02298327
v 0.01155587 -0.01091098 -0.02264433
v 0.01072721 -0.01127808 -0.02259589
v 0.01127987 -0.01154754 -0.02267935
v 0.01028619 -0.00223040 0.02251142
v 0.01003439 -0.00273964 0.02275858
v 0.01311762 -0.01246605 -0.02308098
v 0.01186753 -0.00362549 0.02252545
v 0.01060871 -0.00301941 0.02267320
v 0.01494825 -0.01333413 -0.02322248
v 0.01370192 -0.00452022 0.02224647
v 0.01677188 -0.01415277 -0.02310889
v 0.01598200 -0.00462534 0.02109382
v 0.01554413 -0.00547019 0.02168257
v 0.01859411 -0.01496148 -0.02294404
v 0.01738620 -0.00641925 0.02112331
v 0.01650775 -0.00597047 0.02136898
v 0.02041736 -0.01577738 -0.02281634
v 0.01986116 -0.00620966 0.01946930
v 0.01922924 -0.00737510 0.02052909
v 0.02224321 -0.01661171 -0.02278372
v 0.02149380 -0.00742012 0.01974869
v 0.02105951 -0.00824071 0.02040033
v 0.02407145 -0.01746294 -0.02283827
v 0.02316725 -0.00854190 0.02001201
v 0.02288420 -0.00906680 0.02047550
v 0.02594863 -0.01819836 -0.02287517
v 0.02575645 -0.01824439 -0.02287151
v 0.02589937 -0.01831190 -0.02288108
v 0.02546729 -0.00879948 0.01808702
v 0.02471803 -0.00993024 0.02032364
v 0.02471493 -0.00993563 0.02033017
v 0.02851373 -0.01738261 -0.02296299
v 0.02773023 -0.01918168 -0.02303133
v 0.02741549 -0.00982160 0.01630059
v 0.02702335 -0.01017634 0.01839657
v 0.02655008 -0.01083569 0.02002371
v 0.02473418 -0.00994507 0.02032696
v 0.02956177 -0.02005623 -0.02320615
v 0.02912971 -0.01085479 0.01654785
v 0.02872176 -0.01124390 0.01865006
v 0.02838419 -0.01172849 0.01975471
v 0.03139199 -0.02092144 -0.02333283
v 0.03107637 -0.01188025 0.01476202
v 0.03085736 -0.01185879 0.01678983
v 0.03037006 -0.01242032 0.01892329
v 0.03022101 -0.01264038 0.01938724
v 0.03321950 -0.02176747 -0.02336058
v 0.03284152 -0.01280278 0.01498923
v 0.03257431 -0.01288605 0.01703602
v 0.03206798 -0.01348892 0.01917697
v 0.03205242 -0.01351399 0.01921721
v 0.03504316 -0.02258628 -0.02324787
v 0.03461882 -0.01369887 0.01521166
v 0.03427696 -0.01394438 0.01728784
v 0.03389084 -0.01443722 0.01879126
v 0.03217982 -0.01357629 0.01919697
v 0.03686677 -0.02340480 -0.02313366
v 0.03652043 -0.01432487 0.01538513
v 0.03605386 -0.01484135 0.01751042
v 0.03572140 -0.01530483 0.01865221
v 0.03869122 -0.02422922 -0.02304990
v 0.03802423 -0.01531793 0.01765681
v 0.03754278 -0.01610750 0.01884816
v 0.04051500 -0.02504890 -0.02294167
v 0.04011087 -0.01554184 0.01775741
v 0.03935760 -0.01686387 0.01928300
v 0.04233633 -0.02585121 -0.02274385
v 0.04117260 -0.01762147 0.01971149
v 0.04415612 -0.02664269 -0.02249014
v 0.04299044 -0.01839909 0.02003668
v 0.04597522 -0.02742929 -0.02221130
v 0.04481510 -0.01922501 0.02011268
v 0.04778852 -0.02817485 -0.02172072
v 0.04663850 -0.02004197 0.02023493
v 0.04958348 -0.02879071 -0.02056102
v 0.04846127 -0.02085452 0.02037992
v 0.04987404 -0.02885074 -0.02015445
v 0.05189421 -0.02843324 -0.02018001
v 0.05136982 -0.02934565 -0.01908709
v 0.05028661 -0.02168527 0.02043104
v 0.05235553 -0.02958523 -0.01790609
v 0.05354878 -0.02909866 -0.01796770
v 0.05291590 -0.02947486 -0.01587416
v 0.05319121 -0.02937828 -0.01588533
v 0.05309044 -0.02943573 -0.01521505
v 0.05211666 -0.02254925 0.02031071
v 0.05568923 -0.02870828 -0.01594674
v 0.05366920 -0.02944934 -0.01382049
v 0.05539070 -0.02885961 -0.01388762
v 0.05424557 -0.02934600 -0.01178676
v 0.05506325 -0.02907379 -0.01181711
v 0.05477890 -0.02929848 -0.01017026
v 0.05395400 -0.02346484 0.01992414
v 0.05493303 -0.02929153 -0.00974051
v 0.05562824 -0.02924046 -0.00769338
v 0.05702681 -0.02857042 -0.00778493
v 0.05592635 -0.02901475 -0.00569100
v 0.05675026 -0.02867398 -0.00573447
v 0.05585564 -0.02862685 -0.00373016
v 0.05670981 -0.02826451 -0.00377698
v 0.05594383 -0.02830882 -0.00175142
v 0.05663914 -0.02792069 -0.00180760
v 0.05632684 -0.02816746 0.00000119
v 0.05620774 -0.02338702 0.01971938
v 0.05579695 -0.02442007 0.01933308
v 0.05468013 -0.02382820 0.01976303
v 0.05636815 -0.02813862 0.00026518
v 0.05680645 -0.02797457 0.00228336
v 0.05886745 -0.02684202 0.00212032
v 0.05720047 -0.02779104 0.00429655
v 0.05853988 -0.02705645 0.00419087
v 0.05752921 -0.02757881 0.00630239
v 0.05822384 -0.02724583 0.00625689
v 0.05777392 -0.02732962 0.00829876
v 0.05800050 -0.02723377 0.00828639
v 0.05791148 -0.02729593 0.00883396
v 0.05769936 -0.02540128 0.01811275
v 0.05766014 -0.02551844 0.01800359
v 0.05756725 -0.02545469 0.01811949
v 0.05829441 -0.02720171 0.01032620
v 0.05872795 -0.02703557 0.01234385
v 0.06030333 -0.02599318 0.01218497
v 0.05912418 -0.02685301 0.01435729
v 0.05986466 -0.02644903 0.01429927
v 0.05891186 -0.02640283 0.01630217
v 0.05988586 -0.02590559 0.01623248
v -0.06451647 0.02235108 -0.01691142
v -0.06466163 0.02221826 -0.01688966
v -0.06458889 0.02216737 -0.01698578
v -0.06390365 0.02418011 -0.01521121
v -0.06509317 0.02276485 -0.01496947
v -0.06453724 0.02330069 -0.01302014
v -0.06482643 0.02300435 -0.01297062
v -0.06472594 0.02313659 -0.01198580
v -0.06380443 0.02148448 -0.01876189
v -0.06268778 0.02080084 -0.01969863
v -0.06469836 0.02330484 -0.01098739
v -0.06468639 0.02365638 -0.00901724
v -0.06460394 0.02397693 -0.00703915
v -0.06450130 0.02428859 -0.00505879
v -0.06433279 0.02457130 -0.00307100
v -0.06412992 0.02483889 -0.00107934
v -0.06383403 0.02506557 0.00092279
v -0.06310789 0.02562748 0.00287174
v -0.06341531 0.02523823 0.00293877
v -0.06332004 0.02527212 0.00336766
v -0.06070804 0.02011568 -0.02044965
v -0.06104847 0.01991567 -0.02042021
v -0.06083884 0.01980323 -0.02050832
v -0.06301001 0.02541680 0.00495323
v -0.06285470 0.02570530 0.00693953
v -0.06261879 0.02595836 0.00893491
v -0.06090627 0.02764290 0.01069328
v -0.06215884 0.02611290 0.01095553
v -0.06175586 0.02628831 0.01294674
v -0.05899714 0.01885689 -0.02105347
v -0.06175319 0.02629131 0.01297003
v -0.06151456 0.02654317 0.01496571
v -0.06124808 0.02678279 0.01696454
v -0.06009111 0.02659334 0.01885706
v -0.05715773 0.01792659 -0.02151594
v -0.05996295 0.02657442 0.01907812
v -0.05832074 0.02615130 0.02091344
v -0.05501453 0.01771574 -0.02186634
v -0.05570560 0.01720919 -0.02178709
v -0.05532122 0.01701688 -0.02187218
v -0.05782775 0.02599222 0.02128747
v -0.05652540 0.02553275 0.02205925
v -0.05349147 0.01615497 -0.02198180
v -0.05472763 0.02489702 0.02311639
v -0.05167728 0.01540311 -0.02152375
v -0.05291479 0.02415471 0.02362373
v -0.05088313 0.01508838 -0.02124379
v -0.04964676 0.01510535 -0.02121319
v -0.04986740 0.01468173 -0.02090841
v -0.05036432 0.02498569 0.02372513
v -0.05109154 0.02333880 0.02375140
v -0.04746824 0.01508110 -0.02114878
v -0.04805373 0.01393357 -0.02043122
v -0.04926241 0.02248129 0.02366449
v -0.04624006 0.01318542 -0.01995404
v -0.04743029 0.02160258 0.02346817
v -0.04444189 0.01254685 -0.01891151
v -0.04559363 0.02069185 0.02310666
v -0.04410612 0.01246482 -0.01851150
v -0.04299834 0.01233445 -0.01641790
v -0.04218044 0.01329167 -0.01658103
v -0.04270799 0.01236278 -0.01552432
v -0.04333233 0.02073609 0.02270367
v -0.04374469 0.01969422 0.02229689
v -0.04459813 0.02017415 0.02277791
v -0.04233567 0.01239983 -0.01437444
v -0.04204975 0.01263090 -0.01237343
v -0.04024299 0.01373830 -0.01253857
v -0.04196797 0.01295174 -0.01039541
v -0.04040792 0.01387729 -0.01053206
v -0.04191652 0.01328592 -0.00842082
v -0.04059120 0.01397639 -0.00851833
v -0.04177755 0.01358161 -0.00643636
v -0.04082695 0.01396149 -0.00648394
v -0.04134919 0.01375004 -0.00441930
v -0.04111020 0.01384336 -0.00443084
v -0.04120383 0.01380342 -0.00375566
v -0.04189254 0.01867395 0.02137031
v -0.04084053 0.01388315 -0.00239319
v -0.03866563 0.01489458 -0.00252964
v -0.04068575 0.01417189 -0.00040695
v -0.03883158 0.01503135 -0.00052273
v -0.04042526 0.01441414 0.00159120
v -0.03909240 0.01496198 0.00152154
v -0.04000955 0.01458812 0.00360683
v -0.03937328 0.01484898 0.00357371
v -0.03961951 0.01467722 0.00508885
v -0.03946639 0.01912302 0.02108436
v -0.04002985 0.01757905 0.02005873
v -0.04153907 0.01847204 0.02115373
v -0.03700519 0.01523667 0.00356347
v -0.03947165 0.01470838 0.00563623
v -0.03726865 0.01516154 0.00560878
v -0.03956648 0.01510689 0.00759435
v -0.03740665 0.01535903 0.00760468
v -0.03866246 0.01506613 0.00966500
v -0.03771764 0.01518062 0.00966870
v -0.03794760 0.01493154 0.01073760
v -0.03808517 0.01637149 0.01757965
v -0.03812373 0.01617711 0.01716317
v -0.03826595 0.01631898 0.01758488
v -0.03943402 0.01718948 0.01942208
v -0.03765377 0.01780628 0.01935132
v -0.03553496 0.01516541 0.00973148
v -0.03715490 0.01475995 0.01180364
v -0.03590499 0.01485871 0.01181876
v -0.03662953 0.01488571 0.01383163
v -0.03607488 0.01498691 0.01382722
v -0.03740525 0.01558366 0.01571304
v -0.03586136 0.01594825 0.01568468
v -0.03561753 0.01697548 0.01753021
v -0.03362092 0.01506380 0.01184161
v -0.03358491 0.01563943 0.01376898
v -0.01278972 0.00152409 -0.01145637
v -0.01296859 0.00163279 -0.00944437
v -0.01303537 0.00198504 -0.00747652
v -0.01305911 0.00243083 -0.00552562
v -0.01303277 0.00298543 -0.00359443
v -0.01326637 0.00446731 0.00426378
v -0.01333426 0.00481717 0.00623206
v -0.01338086 0.00521328 0.00819197
v -0.01357787 0.00677468 0.01603577
v -0.01362505 0.00716953 0.01799590
v -0.01139353 -0.00069753 -0.01302541
v -0.01164815 -0.00075347 -0.01098358
v -0.01165255 -0.00026565 -0.00904030
v -0.01150537 0.00055154 -0.00715670
v -0.01146919 0.00112755 -0.00522940
v -0.01148404 0.00159265 -0.00328200
v -0.01147291 0.00211421 -0.00134483
v -0.01155606 0.00243089 0.00062947
v -0.01175604 0.00249372 0.00264978
v -0.01187450 0.00273367 0.00463799
v -0.01191614 0.00314055 0.00659594
v -0.01196982 0.00352129 0.00855863
v -0.01189656 0.00417785 0.01047133
v -0.01182411 0.00483266 0.01238436
v -0.01186522 0.00524070 0.01434210
v -0.01199216 0.00546223 0.01633365
v -0.01200678 0.00592784 0.01828095
v -0.00958861 -0.00203101 -0.01475542
v -0.00987373 -0.00243539 -0.01380311
v -0.01054322 -0.00193854 -0.01276154
v -0.01103224 -0.00136667 -0.01084783
v -0.00995845 -0.00134254 -0.00878511
v -0.01000226 -0.00152645 -0.00911407
v -0.00987749 -0.00066926 -0.00687544
v -0.00994387 -0.00031612 -0.00490774
v -0.00999887 0.00006174 -0.00294453
v -0.01004229 0.00046476 -0.00098588
v -0.01011876 0.00079596 0.00098579
v -0.01021992 0.00107352 0.00296718
v -0.01034895 0.00129050 0.00495955
v -0.01043888 0.00159247 0.00693652
v -0.01044723 0.00162030 0.00711928
v -0.01065073 0.00203362 0.00888316
v -0.01044502 0.00257387 0.01082205
v -0.01050904 0.00205740 0.00937420
v -0.01031461 0.00335462 0.01271224
v -0.01032129 0.00383748 0.01465643
v -0.01041556 0.00413001 0.01663510
v -0.01039963 0.00466199 0.01857039
v -0.01009484 0.00582168 0.02039191
v -0.00718751 -0.00206899 -0.01672021
v -0.00802130 -0.00345772 -0.01474031
v -0.00850203 -0.00319301 -0.01450039
v -0.00832191 -0.00220180 -0.00857369
v -0.00852742 -0.00175462 -0.00662804
v -0.00923926 -0.00108476 -0.00473943
v -0.00933016 -0.00068798 -0.00278087
v -0.00926946 -0.00035786 -0.00080523
v -0.00920795 -0.00002811 0.00117050
v -0.00964182 0.00051950 0.00309042
v -0.01009309 0.00107477 0.00500838
v -0.01042244 0.00157642 0.00694008
v -0.00997743 0.00209432 0.01092782
v -0.00898474 0.00201457 0.01300846
v -0.00877043 0.00244931 0.01496803
v -0.00880029 0.00205126 0.01367925
v -0.00888217 0.00263026 0.01666616
v -0.00895239 0.00271396 0.01694970
v -0.00891235 0.00313566 0.01890702
v -0.00890325 0.00277940 0.01743557
v -0.00852309 0.00447891 0.02069528
v -0.00600957 -0.00426751 -0.01626175
v -0.00616716 -0.00449208 -0.01573954
v -0.00851492 0.00216476 0.01503019
v -0.00876102 0.00298661 0.01894007
v -0.00707585 0.00286558 0.02104768
v -0.00716555 0.00256846 0.02068413
v -0.00641000 0.00480983 0.02272702
v -0.00379533 -0.00471153 -0.01815295
v -0.00432204 -0.00546266 -0.01640981
v -0.00502483 -0.00507901 -0.01607745
v -0.00611871 0.00218139 0.02120655
v -0.00480741 0.00353408 0.02301825
v -0.00536106 0.00188516 0.02149588
v -0.00240572 -0.00645009 -0.01777785
v -0.00246144 -0.00654273 -0.01764489
v -0.00309347 0.00250028 0.02326562
v -0.00355318 0.00117797 0.02218442
v 0.00014735 -0.00615783 -0.01980249
v -0.00060125 -0.00761992 -0.01886509
v -0.00232482 -0.00662322 -0.01774207
v -0.00118144 0.00189693 0.02343499
v -0.00173981 0.00043192 0.02267246
v 0.00128423 -0.00844557 -0.01932786
v 0.00123598 -0.00853470 -0.01924750
v 0.00083836 0.00152776 0.02356191
v 0.00008034 -0.00036210 0.02291307
v 0.00141842 -0.00862621 -0.01928917
v 0.00308744 -0.00955017 -0.02014930
v 0.00189697 -0.00113122 0.02328213
v 0.00517431 -0.01000617 -0.02095668
v 0.00492895 -0.01049522 -0.02068787
v 0.00371542 -0.00191323 0.02358468
v 0.00534459 -0.01070965 -0.02081565
v 0.00678050 -0.01151126 -0.02159262
v 0.00554265 -0.00275730 0.02356703
v 0.00862341 -0.01246622 -0.02218228
v 0.00737703 -0.00365194 0.02328858
v 0.00956484 -0.01292243 -0.02230900
v 0.01046092 -0.01338303 -0.02257514
v 0.00921260 -0.00455497 0.02296677
v 0.01230118 -0.01431922 -0.02306798
v 0.01103760 -0.00538333 0.02303022
v 0.00960266 -0.00473250 0.02297770
v 0.01413065 -0.01517915 -0.02316738
v 0.01286434 -0.00622392 0.02303056
v 0.01595236 -0.01598421 -0.02298378
v 0.01469829 -0.00711555 0.02276762
v 0.01777747 -0.01681327 -0.02292393
v 0.01697116 -0.00723408 0.02162662
v 0.01653927 -0.00805684 0.02224850
v 0.01960127 -0.01763314 -0.02281668
v 0.01837911 -0.00899007 0.02177089
v 0.01768702 -0.00864462 0.02191967
v 0.02142543 -0.01845550 -0.02272228
v 0.02020666 -0.00983640 0.02174162
v 0.02325000 -0.01928072 -0.02264269
v 0.02202981 -0.01065167 0.02187259
v 0.02414171 -0.01968980 -0.02263559
v 0.02507826 -0.02013206 -0.02269779
v 0.02385677 -0.01149385 0.02186476
v 0.02691091 -0.02101449 -0.02291326
v 0.02624598 -0.01136819 0.02064426
v 0.02568627 -0.01235394 0.02176451
v 0.02874224 -0.02188756 -0.02308051
v 0.02783108 -0.01268197 0.02094238
v 0.02752007 -0.01324450 0.02150703
v 0.03057076 -0.02274080 -0.02314539
v 0.02935603 -0.01415027 0.02117118
v 0.02897072 -0.01396373 0.02122208
v 0.03239913 -0.02359289 -0.02320439
v 0.03118726 -0.01502263 0.02100760
v 0.03422301 -0.02441328 -0.02309983
v 0.03362404 -0.01486579 0.01948652
v 0.03302339 -0.01592970 0.02066500
v 0.03604466 -0.02521790 -0.02291393
v 0.03520630 -0.01618572 0.01978575
v 0.03485988 -0.01683923 0.02030972
v 0.03786751 -0.02603098 -0.02277169
v 0.03669308 -0.01771314 0.02012259
v 0.03669170 -0.01771582 0.02012434
v 0.03968893 -0.02683403 -0.02257764
v 0.03851428 -0.01852698 0.02027650
v 0.03673462 -0.01773491 0.02012795
v 0.04150928 -0.02762944 -0.02234425
v 0.04033601 -0.01933218 0.02045939
v 0.04333019 -0.02842877 -0.02213107
v 0.04215890 -0.02014553 0.02060025
v 0.04514311 -0.02917166 -0.02162666
v 0.04398447 -0.02097788 0.02064311
v 0.04694032 -0.02980345 -0.02054922
v 0.04581142 -0.02181998 0.02063568
v 0.04737904 -0.02990902 -0.02001770
v 0.04938150 -0.02913517 -0.02011282
v 0.04872928 -0.03037688 -0.01917066
v 0.04764108 -0.02268122 0.02052950
v 0.04992445 -0.03067163 -0.01776213
v 0.05078447 -0.03034733 -0.01780142
v 0.05047736 -0.03066123 -0.01630078
v 0.04947350 -0.02356204 0.02032232
v 0.05069104 -0.03065195 -0.01570697
v 0.05127976 -0.03055405 -0.01367184
v 0.05276378 -0.02980972 -0.01377545
v 0.05173001 -0.03039525 -0.01165232
v 0.05239866 -0.03010576 -0.01169011
v 0.05214243 -0.03035855 -0.01040258
v 0.05130619 -0.02444473 0.02010548
v 0.05236363 -0.03031709 -0.00961213
v 0.05470684 -0.02935090 -0.00973520
v 0.05283658 -0.03016828 -0.00759005
v 0.05433164 -0.02966882 -0.00764589
v 0.05310842 -0.02993102 -0.00559062
v 0.05411526 -0.02964165 -0.00561912
v 0.05328252 -0.02965078 -0.00360221
v 0.05400552 -0.02938274 -0.00363435
v 0.05357322 -0.02942181 -0.00160066
v 0.05381118 -0.02930768 -0.00161626
v 0.05371680 -0.02941437 -0.00119498
v 0.05362390 -0.02424353 0.01981459
v 0.05314883 -0.02539774 0.01952585
v 0.05223512 -0.02490847 0.01990541
v 0.05409039 -0.02929245 0.00042641
v 0.05629545 -0.02817015 0.00026930
v 0.05455951 -0.02914195 0.00244806
v 0.05591785 -0.02849332 0.00235956
v 0.05500427 -0.02898074 0.00446697
v 0.05560523 -0.02867527 0.00442423
v 0.05524752 -0.02873091 0.00646318
v 0.05538524 -0.02865592 0.00645242
v 0.05532083 -0.02868002 0.00693012
v 0.05500675 -0.02645889 0.01838837
v 0.05552160 -0.02849463 0.00846286
v 0.05588126 -0.02829599 0.01047218
v 0.05766145 -0.02747317 0.01036147
v 0.05630318 -0.02812474 0.01248851
v 0.05733743 -0.02767989 0.01243063
v 0.05665440 -0.02792239 0.01449688
v 0.05709430 -0.02771083 0.01446793
v 0.05649503 -0.02749549 0.01644773
v 0.05708998 -0.02722284 0.01641118
v 0.05515462 -0.02654920 0.01826552
v -0.06623142 0.02075309 -0.01664867
v -0.06537514 0.02010066 -0.01807436
v -0.06646594 0.02121303 -0.01470629
v -0.06642044 0.02154983 -0.01273236
v -0.06493286 0.02293839 -0.01092279
v -0.06600526 0.02172405 -0.01071679
v -0.06562551 0.02187125 -0.00894031
v -0.06519186 0.01993911 -0.01850036
v -0.06349600 0.01888950 -0.01998570
v -0.06560330 0.02190408 -0.00870270
v -0.06553371 0.02223029 -0.00672606
v -0.06544812 0.02254945 -0.00474762
v -0.06530918 0.02284516 -0.00276316
v -0.06513045 0.02312337 -0.00077422
v -0.06491434 0.02338513 0.00121893
v -0.06447273 0.02354773 0.00323748
v -0.06416820 0.02364325 0.00453783
v -0.06305672 0.01864332 -0.02022862
v -0.06164318 0.01786444 -0.02093699
v -0.06403821 0.02371345 0.00525523
v -0.06386809 0.02399544 0.00724320
v -0.06367756 0.02426845 0.00923347
v -0.06332320 0.02446942 0.01124219
v -0.06176578 0.02627256 0.01297332
v -0.06308924 0.02472334 0.01323735
v -0.06239273 0.02540758 0.01516177
v -0.06283017 0.02496621 0.01523534
v -0.06265644 0.02503009 0.01602897
v -0.05980849 0.01696768 -0.02122637
v -0.06248482 0.02517114 0.01724305
v -0.06027693 0.02624175 0.01913400
v -0.06160455 0.02514083 0.01931102
v -0.06093731 0.02495058 0.01995555
v -0.05797476 0.01607753 -0.02148172
v -0.05885654 0.02506747 0.02143853
v -0.05940067 0.02452842 0.02152811
v -0.05915811 0.02444614 0.02168999
v -0.05717511 0.01569992 -0.02153480
v -0.05614381 0.01520714 -0.02163510
v -0.05735679 0.02378529 0.02261758
v -0.05432164 0.01439884 -0.02146818
v -0.05555259 0.02310403 0.02343986
v -0.05349719 0.01408246 -0.02112045
v -0.05199821 0.01475383 -0.02120951
v -0.05251421 0.01369483 -0.02076325
v -0.05373327 0.02231591 0.02371090
v -0.05070630 0.01298741 -0.02007591
v -0.05190566 0.02146918 0.02367954
v -0.04888859 0.01221066 -0.01974625
v -0.05007475 0.02059904 0.02352746
v -0.04707015 0.01142874 -0.01944323
v -0.04823833 0.01968998 0.02317460
v -0.04526868 0.01076680 -0.01852130
v -0.04598343 0.01973342 0.02282537
v -0.04638818 0.01868382 0.02232079
v -0.04741578 0.01925775 0.02287831
v -0.04503996 0.01071997 -0.01819887
v -0.04426117 0.01073429 -0.01614233
v -0.04394002 0.01094986 -0.01413735
v -0.04309720 0.01179692 -0.01427844
v -0.04392644 0.01130070 -0.01216702
v -0.04330202 0.01184922 -0.01225623
v -0.04383415 0.01161692 -0.01018782
v -0.04350139 0.01191337 -0.01023616
v -0.04380163 0.01195942 -0.00821535
v -0.04364199 0.01210522 -0.00823924
v -0.04393164 0.01237341 -0.00626120
v -0.04365195 0.01258095 -0.00629376
v -0.04379784 0.01244310 -0.00553690
v -0.04453201 0.01763505 0.02124722
v -0.04347774 0.01253060 -0.00424126
v -0.04300935 0.01268142 -0.00221969
v -0.04148214 0.01353251 -0.00234281
v -0.04281331 0.01295201 -0.00022880
v -0.04167417 0.01361260 -0.00032563
v -0.04256107 0.01319789 0.00176842
v -0.04191434 0.01358808 0.00171051
v -0.04221337 0.01331581 0.00330197
v -0.04201422 0.01834478 0.02116538
v -0.04266298 0.01649537 0.01970458
v -0.04451463 0.01762509 0.02123635
v -0.04211422 0.01335818 0.00378756
v -0.04174796 0.01355392 0.00579762
v -0.03972116 0.01459042 0.00565226
v -0.04195134 0.01400017 0.00774351
v -0.03973973 0.01504745 0.00760112
v -0.04156473 0.01418695 0.00975587
v -0.04012271 0.01471259 0.00969350
v -0.04060925 0.01404950 0.01142367
v -0.04056773 0.01573507 0.01763497
v -0.04073191 0.01491697 0.01589878
v -0.04146407 0.01556991 0.01764242
v -0.04242612 0.01634980 0.01950284
v -0.04027946 0.01685885 0.01946300
v -0.04041841 0.01403963 0.01185381
v -0.03815315 0.01473164 0.01178177
v -0.04033619 0.01436028 0.01383188
v -0.03833351 0.01483709 0.01379435
v -0.04067436 0.01486581 0.01576258
v -0.03827163 0.01546892 0.01571153
v -0.01005354 -0.00254393 -0.01263077
v -0.01012926 -0.00221110 -0.01065940
v -0.01052936 0.00189322 0.00891371
v -0.00808924 -0.00353106 -0.01442354
v -0.00848704 -0.00389812 -0.01232533
v -0.00851942 -0.00347111 -0.01037102
v -0.00819510 -0.00226898 -0.00855719
v -0.00827965 -0.00195532 -0.00658234
v -0.00846794 -0.00186711 -0.00456664
v -0.00854802 -0.00154374 -0.00259355
v -0.00857959 -0.00111498 -0.00063956
v -0.00857852 -0.00061529 0.00130157
v -0.00870678 -0.00039662 0.00329364
v -0.00876728 -0.00003071 0.00525902
v -0.00892089 0.00013287 0.00726106
v -0.00907469 0.00029603 0.00926319
v -0.00899134 0.00097453 0.01117192
v -0.00883291 0.00181616 0.01305108
v -0.00890464 0.00265504 0.01696243
v -0.00656124 -0.00496890 -0.01410294
v -0.00686842 -0.00513905 -0.01204041
v -0.00684162 -0.00458342 -0.01010942
v -0.00671847 -0.00381845 -0.00821636
v -0.00685381 -0.00361517 -0.00622151
v -0.00700996 -0.00345711 -0.00421846
v -0.00713877 -0.00323963 -0.00222618
v -0.00712484 -0.00271199 -0.00029011
v -0.00714677 -0.00226228 0.00166008
v -0.00724524 -0.00197888 0.00364041
v -0.00732415 -0.00165297 0.00561304
v -0.00743051 -0.00138672 0.00759648
v -0.00755661 -0.00116336 0.00958769
v -0.00751741 -0.00058081 0.01151381
v -0.00746746 0.00002511 0.01343569
v -0.00743319 0.00059695 0.01536375
v -0.00752277 0.00089967 0.01734058
v -0.00744188 0.00157281 0.01925028
v -0.00441638 -0.00556369 -0.01596682
v -0.00501037 -0.00635705 -0.01379135
v -0.00519404 -0.00625879 -0.01177746
v -0.00522355 -0.00582554 -0.00982429
v -0.00524495 -0.00537467 -0.00787431
v -0.00538973 -0.00519192 -0.00587573
v -0.00545676 -0.00506506 -0.00478557
v -0.00567477 -0.00480787 -0.00392002
v -0.00587908 -0.00436121 -0.00197424
v -0.00567620 -0.00409363 0.00001742
v -0.00590352 -0.00363685 0.00196061
v -0.00627745 -0.00311560 0.00388729
v -0.00641950 -0.00269632 0.00584008
v -0.00658413 -0.00226711 0.00779034
v -0.00692664 -0.00175967 0.00972055
v -0.00647682 -0.00160069 0.01174003
v -0.00595738 -0.00145168 0.01376335
v -0.00596083 -0.00150035 0.01360394
v -0.00597724 -0.00099745 0.01571273
v -0.00606939 -0.00073258 0.01756470
v -0.00608798 -0.00070127 0.01769024
v -0.00596789 0.00001760 0.01959215
v -0.00607380 -0.00070137 0.01772568
v -0.00542742 0.00168941 0.02132086
v -0.00305680 -0.00736751 -0.01557989
v -0.00338538 -0.00763571 -0.01371023
v -0.00364465 -0.00748470 -0.01353532
v -0.00462554 -0.00669652 -0.01167703
v -0.00461334 -0.00634508 -0.00970685
v -0.00464700 -0.00597347 -0.00774184
v -0.00518865 -0.00537846 -0.00583406
v -0.00592708 -0.00148564 0.01377077
v -0.00582604 -0.00117327 0.01575095
v -0.00503361 -0.00080815 0.01977783
v -0.00381535 0.00043426 0.02160835
v -0.00431714 -0.00104638 0.02028260
v -0.00111720 -0.00840831 -0.01736294
v -0.00149874 -0.00889994 -0.01589535
v -0.00212887 -0.00850811 -0.01533336
v -0.00215907 -0.00072484 0.02187844
v -0.00251347 -0.00172388 0.02112431
v 0.00041642 -0.00983395 -0.01704455
v 0.00035344 -0.00992045 -0.01682317
v -0.00044073 -0.00174907 0.02212408
v -0.00070208 -0.00245591 0.02168467
v 0.00272195 -0.01007960 -0.01897170
v 0.00220058 -0.01090537 -0.01756740
v 0.00075945 -0.01013513 -0.01697676
v 0.00119960 -0.00294281 0.02240044
v 0.00110795 -0.00317835 0.02229454
v 0.00412105 -0.01179753 -0.01860034
v 0.00405116 -0.01191460 -0.01843701
v 0.00230424 -0.00367836 0.02257330
v 0.00292284 -0.00393515 0.02272715
v 0.00628278 -0.01235565 -0.02047087
v 0.00591655 -0.01302852 -0.01984672
v 0.00424214 -0.01202355 -0.01855321
v 0.00474396 -0.00473603 0.02293235
v 0.00667068 -0.01344837 -0.02024842
v 0.00777996 -0.01412841 -0.02118405
v 0.00674844 -0.00515974 0.02298228
v 0.00657098 -0.00557863 0.02292229
v 0.00530704 -0.00499891 0.02291160
v 0.00977463 -0.01478162 -0.02194286
v 0.00962455 -0.01509526 -0.02183503
v 0.00915164 -0.00469576 0.02295822
v 0.00839753 -0.00641788 0.02292958
v 0.00980691 -0.01518441 -0.02186389
v 0.01147375 -0.01609473 -0.02265432
v 0.01021968 -0.00722607 0.02309707
v 0.01330476 -0.01696554 -0.02280985
v 0.01204217 -0.00803659 0.02325252
v 0.01512426 -0.01775497 -0.02254558
v 0.01387060 -0.00888916 0.02319107
v 0.01694834 -0.01857673 -0.02244810
v 0.01570366 -0.00977448 0.02296065
v 0.01877438 -0.01941244 -0.02242258
v 0.01793701 -0.00989347 0.02216861
v 0.01754164 -0.01069461 0.02255067
v 0.02060009 -0.02024577 -0.02238479
v 0.01943540 -0.01139566 0.02250087
v 0.01936807 -0.01153300 0.02256238
v 0.02242436 -0.02106886 -0.02229416
v 0.02119156 -0.01235065 0.02268107
v 0.02015000 -0.01188330 0.02261499
v 0.02350570 -0.02156563 -0.02228941
v 0.02425295 -0.02192258 -0.02236157
v 0.02301812 -0.01318998 0.02268792
v 0.02608742 -0.02281784 -0.02264323
v 0.02484736 -0.01404829 0.02259684
v 0.02791387 -0.02365641 -0.02263250
v 0.02668017 -0.01493177 0.02237590
v 0.02973906 -0.02448611 -0.02257594
v 0.02921884 -0.01442455 0.02131821
v 0.02851445 -0.01582573 0.02210096
v 0.03156958 -0.02535343 -0.02271350
v 0.03035098 -0.01673559 0.02174394
v 0.03015181 -0.01663867 0.02177298
v 0.03339490 -0.02618397 -0.02266133
v 0.03218507 -0.01762819 0.02147600
v 0.03521749 -0.02699526 -0.02250980
v 0.03402624 -0.01857081 0.02094995
v 0.03703817 -0.02779300 -0.02228840
v 0.03585729 -0.01944191 0.02079293
v 0.03885536 -0.02856608 -0.02193981
v 0.03806282 -0.01949488 0.02050552
v 0.03768660 -0.02030071 0.02069931
v 0.04067490 -0.02935576 -0.02167685
v 0.03951427 -0.02114788 0.02066574
v 0.03802044 -0.02045591 0.02069065
v 0.04249422 -0.03014390 -0.02140590
v 0.04133981 -0.02198002 0.02070969
v 0.04421865 -0.03067469 -0.01995591
v 0.04430241 -0.03065566 -0.01995730
v 0.04428036 -0.03069740 -0.01992453
v 0.04316702 -0.02282393 0.02069286
v 0.04676104 -0.03007123 -0.02000320
v 0.04606801 -0.03126156 -0.01849813
v 0.04499795 -0.02369420 0.02054010
v 0.04678509 -0.03144654 -0.01769798
v 0.04818053 -0.03124751 -0.01769831
v 0.04765762 -0.03147345 -0.01563087
v 0.04786572 -0.03143420 -0.01563278
v 0.04780609 -0.03147520 -0.01526352
v 0.04683382 -0.02459941 0.02020711
v 0.05037051 -0.03074949 -0.01569685
v 0.04849620 -0.03148543 -0.01356760
v 0.05000439 -0.03104769 -0.01361111
v 0.04897457 -0.03133900 -0.01154490
v 0.04975759 -0.03108662 -0.01157237
v 0.04921224 -0.03108672 -0.00954933
v 0.04955856 -0.03102173 -0.00955243
v 0.04945159 -0.03103409 -0.00865120
v 0.04866611 -0.02547927 0.02000488
v 0.05200743 -0.03045852 -0.00959448
v 0.04980042 -0.03098857 -0.00751426
v 0.05173221 -0.03055921 -0.00754454
v 0.05028079 -0.03084302 -0.00549134
v 0.05157164 -0.03041074 -0.00553976
v 0.05053724 -0.03059900 -0.00349365
v 0.05140068 -0.03028487 -0.00353087
v 0.05086308 -0.03038549 -0.00148814
v 0.05116606 -0.03029732 -0.00149693
v 0.05106473 -0.03036411 -0.00085813
v 0.05100545 -0.02517522 0.01992342
v 0.05051001 -0.02644117 0.01937938
v 0.04893816 -0.02561407 0.01995182
v 0.05139619 -0.03026313 0.00054072
v 0.05345040 -0.02959428 0.00046738
v 0.05206552 -0.03020068 0.00258493
v 0.05310691 -0.02984330 0.00254420
v 0.05248177 -0.03002693 0.00460063
v 0.05286474 -0.02987217 0.00458112
v 0.05270989 -0.02992065 0.00576633
v 0.05236103 -0.02745349 0.01849384
v 0.05282248 -0.02981996 0.00660781
v 0.05309810 -0.02958436 0.00860766
v 0.05515795 -0.02865246 0.00848348
v 0.05339445 -0.02935788 0.01060985
v 0.05489792 -0.02872012 0.01052744
v 0.05357991 -0.02908264 0.01259955
v 0.05465703 -0.02874621 0.01256386
v 0.05406189 -0.02893779 0.01462265
v 0.05438737 -0.02883480 0.01461161
v 0.05398819 -0.02854857 0.01658315
v 0.05435922 -0.02839860 0.01656425
v 0.05252513 -0.02754835 0.01838712
v 0.05493895 -0.02664148 0.01827750
v -0.06587191 0.01890835 -0.01831919
v -0.06642452 0.01832568 -0.01822139
v -0.06618187 0.01817875 -0.01841596
v -0.06741398 0.01911762 -0.01636406
v -0.06762985 0.01956936 -0.01441958
v -0.06767610 0.01994651 -0.01245599
v -0.06733468 0.02015317 -0.01044872
v -0.06573478 0.02169320 -0.00866543
v -0.06683064 0.02028831 -0.00842313
v -0.06650278 0.02044821 -0.00670834
v -0.06400199 0.01771611 -0.02007479
v -0.06462692 0.01717833 -0.01998768
v -0.06430918 0.01701324 -0.02009179
v -0.06647593 0.02048913 -0.00641437
v -0.06639780 0.02081158 -0.00443677
v -0.06621970 0.02109006 -0.00244790
v -0.06602052 0.02135927 -0.00045666
v -0.06585181 0.02164188 0.00153115
v -0.06548070 0.02183548 0.00354176
v -0.06469497 0.02267612 0.00543831
v -0.06513877 0.02204192 0.00554908
v -0.06503747 0.02216359 0.00647767
v -0.06245589 0.01598481 -0.02106048
v -0.06493351 0.02230846 0.00754101
v -0.06480115 0.02260706 0.00952472
v -0.06456590 0.02286041 0.01152003
v -0.06437465 0.02313311 0.01351037
v -0.06428982 0.02345261 0.01548873
v -0.06301254 0.02455810 0.01734742
v -0.06389356 0.02363514 0.01750218
v -0.06353778 0.02363585 0.01840950
v -0.06062588 0.01512118 -0.02117896
v -0.06301285 0.02360464 0.01957020
v -0.06178655 0.02332931 0.02116490
v -0.05879652 0.01426198 -0.02127465
v -0.06117775 0.02315441 0.02174574
v -0.05999445 0.02273361 0.02242852
v -0.05857565 0.01416031 -0.02127475
v -0.05696802 0.01340893 -0.02133855
v -0.05818858 0.02204061 0.02319027
v -0.05514727 0.01261062 -0.02112012
v -0.05637533 0.02129538 0.02368258
v -0.05447853 0.01235850 -0.02081317
v -0.05334071 0.01191275 -0.02038351
v -0.05455157 0.02047587 0.02379168
v -0.05152987 0.01118461 -0.01980308
v -0.05272057 0.01960509 0.02363623
v -0.04971271 0.01041173 -0.01945341
v -0.05088507 0.01870258 0.02331715
v -0.04789655 0.00964591 -0.01906736
v -0.04863853 0.01872209 0.02294863
v -0.04903709 0.01771175 0.02254246
v -0.04994914 0.01821634 0.02301074
v -0.04610170 0.00903082 -0.01790369
v -0.04717856 0.01664628 0.02138271
v -0.04609979 0.00903053 -0.01790043
v -0.04558245 0.00915983 -0.01587335
v -0.04537680 0.00942619 -0.01388138
v -0.04541065 0.00979789 -0.01191639
v -0.04544202 0.01016849 -0.00995112
v -0.04557474 0.01058366 -0.00799727
v -0.04583608 0.01105540 -0.00605791
v -0.04530198 0.01117733 -0.00402894
v -0.04407508 0.01215886 -0.00418557
v -0.04494453 0.01137694 -0.00201987
v -0.04447764 0.01178146 -0.00208548
v -0.04491431 0.01172045 -0.00004766
v -0.04464973 0.01190488 -0.00007616
v -0.04480939 0.01196966 0.00159384
v -0.04453798 0.01761883 0.02123692
v -0.04530356 0.01546440 0.01962238
v -0.04714345 0.01662565 0.02135803
v -0.04478099 0.01201863 0.00193616
v -0.04422698 0.01213179 0.00396738
v -0.04231117 0.01322315 0.00380834
v -0.04346084 0.01215167 0.00602249
v -0.04277425 0.01271423 0.00593226
v -0.04370275 0.01261486 0.00796404
v -0.04264609 0.01349010 0.00782334
v -0.04377961 0.01300547 0.00992418
v -0.04284200 0.01356177 0.00984205
v -0.04342294 0.01320542 0.01193317
v -0.04319869 0.01328405 0.01192407
v -0.04341579 0.01355909 0.01390277
v -0.04327747 0.01361025 0.01389665
v -0.04386811 0.01411481 0.01582062
v -0.04317554 0.01432911 0.01579806
v -0.04454822 0.01477072 0.01771280
v -0.04297909 0.01525337 0.01766225
v -0.04527822 0.01544856 0.01959936
v -0.04273887 0.01627274 0.01950920
v -0.04069433 0.01396784 0.01186017
v -0.04077859 0.01428213 0.01383490
v -0.04074414 0.01485435 0.01576289
v -0.00551561 -0.00496808 -0.00388461
v -0.00558498 -0.00462144 -0.00191573
v -0.00560295 -0.00416313 0.00003290
v -0.00569471 -0.00386514 0.00201059
v -0.00583119 -0.00366434 0.00400589
v -0.00590884 -0.00333570 0.00597802
v -0.00597222 -0.00297604 0.00794453
v -0.00605250 -0.00265312 0.00991770
v -0.00601397 -0.00207201 0.01184408
v -0.00607598 -0.00071464 0.01769316
v -0.00344924 -0.00772290 -0.01348379
v -0.00374082 -0.00785913 -0.01142741
v -0.00372909 -0.00733628 -0.00949047
v -0.00379842 -0.00698954 -0.00752162
v -0.00391040 -0.00673551 -0.00553597
v -0.00403059 -0.00649931 -0.00354708
v -0.00408241 -0.00611454 -0.00158512
v -0.00417219 -0.00581225 0.00039179
v -0.00429603 -0.00558399 0.00238212
v -0.00445808 -0.00543874 0.00438749
v -0.00449368 -0.00501875 0.00634306
v -0.00452168 -0.00458220 0.00829564
v -0.00456362 -0.00417597 0.01025371
v -0.00455268 -0.00365482 0.01219096
v -0.00456612 -0.00318665 0.01413780
v -0.00458228 -0.00272439 0.01608572
v -0.00461404 -0.00229604 0.01803978
v -0.00440586 -0.00134628 0.01989935
v -0.00171029 -0.00919973 -0.01518782
v -0.00227368 -0.00992660 -0.01302439
v -0.00239298 -0.00968846 -0.01103586
v -0.00237821 -0.00915899 -0.00910012
v -0.00237076 -0.00864543 -0.00716150
v -0.00241593 -0.00824621 -0.00520216
v -0.00249089 -0.00791173 -0.00323109
v -0.00259286 -0.00763593 -0.00124938
v -0.00269465 -0.00735975 0.00073227
v -0.00281880 -0.00719159 0.00249073
v -0.00288015 -0.00712198 0.00271906
v -0.00336221 -0.00655318 0.00463355
v -0.00333616 -0.00620782 0.00660529
v -0.00332833 -0.00585446 0.00857497
v -0.00352963 -0.00540913 0.01052109
v -0.00344897 -0.00508779 0.01249898
v -0.00314453 -0.00485573 0.01450031
v -0.00314606 -0.00487725 0.01442991
v -0.00317821 -0.00443154 0.01645513
v -0.00316396 -0.00390321 0.01839107
v -0.00279283 -0.00259935 0.02018647
v -0.00036868 -0.01104260 -0.01479381
v -0.00054637 -0.01118411 -0.01376900
v -0.00164932 -0.01051773 -0.01289269
v -0.00217273 -0.00993074 -0.01098286
v -0.00191142 -0.00968885 -0.00898462
v -0.00157616 -0.00947948 -0.00697805
v -0.00154754 -0.00913526 -0.00500602
v -0.00174001 -0.00869381 -0.00305890
v -0.00202430 -0.00821198 -0.00112213
v -0.00236723 -0.00770436 0.00080804
v -0.00313105 -0.00487080 0.01450360
v -0.00309950 -0.00452787 0.01647596
v -0.00274427 -0.00432728 0.01848478
v -0.00119345 -0.00388209 0.02047896
v -0.00145907 -0.00472956 0.01952852
v 0.00183877 -0.01150135 -0.01668235
v 0.00131610 -0.01227742 -0.01507238
v 0.00040647 -0.01177862 -0.01462989
v 0.00037443 -0.00523327 0.02078385
v 0.00033645 -0.00534942 0.02066756
v 0.00306889 -0.01330630 -0.01629875
v 0.00317819 -0.01336801 -0.01636170
v 0.00070340 -0.00548668 0.02084199
v 0.00287202 -0.00406682 0.02266417
v 0.00213998 -0.00602584 0.02151484
v 0.00519446 -0.01422321 -0.01810071
v 0.00504214 -0.01447179 -0.01771913
v 0.00469545 -0.00486269 0.02286843
v 0.00395108 -0.00675588 0.02208548
v 0.00729367 -0.01491717 -0.01994662
v 0.00690989 -0.01560242 -0.01921502
v 0.00539527 -0.01468619 -0.01800546
v 0.00576891 -0.00753350 0.02241066
v 0.00805990 -0.01621484 -0.01967407
v 0.00876727 -0.01665966 -0.02033234
v 0.00758628 -0.00830783 0.02275284
v 0.01078180 -0.01735121 -0.02141715
v 0.01061859 -0.01767415 -0.02122908
v 0.00940530 -0.00909383 0.02303481
v 0.01109545 -0.01790661 -0.02130089
v 0.01246704 -0.01866828 -0.02202080
v 0.01122932 -0.00991521 0.02313424
v 0.01429069 -0.01948703 -0.02190781
v 0.01305065 -0.01071760 0.02333165
v 0.01611731 -0.02032683 -0.02190340
v 0.01487592 -0.01154780 0.02338561
v 0.01794695 -0.02118794 -0.02200891
v 0.01670525 -0.01240672 0.02329139
v 0.01977141 -0.02201239 -0.02192528
v 0.01853257 -0.01325144 0.02327045
v 0.02159633 -0.02284016 -0.02185883
v 0.02105923 -0.01262525 0.02278373
v 0.02035297 -0.01404719 0.02350208
v 0.02375948 -0.02295540 -0.02201305
v 0.02342236 -0.02367577 -0.02183277
v 0.02223444 -0.01482970 0.02324326
v 0.02218565 -0.01492980 0.02328566
v 0.02392609 -0.02390603 -0.02182421
v 0.02525348 -0.02454731 -0.02199209
v 0.02401584 -0.01579485 0.02315984
v 0.02226793 -0.01497025 0.02327143
v 0.02707823 -0.02537386 -0.02191932
v 0.02584940 -0.01668371 0.02291116
v 0.02890390 -0.02620691 -0.02188005
v 0.02768345 -0.01757597 0.02264495
v 0.03073363 -0.02706868 -0.02198900
v 0.02999289 -0.01750071 0.02193572
v 0.02952219 -0.01850148 0.02220724
v 0.03255987 -0.02790576 -0.02197055
v 0.03135701 -0.01939920 0.02191286
v 0.02979839 -0.01863877 0.02215100
v 0.03438104 -0.02870694 -0.02176687
v 0.03319714 -0.02033449 0.02142465
v 0.03619804 -0.02947870 -0.02141146
v 0.03502750 -0.02120071 0.02129278
v 0.03801057 -0.03021883 -0.02089289
v 0.03686154 -0.02209295 0.02102669
v 0.03982054 -0.03094086 -0.02028090
v 0.03869284 -0.02296583 0.02086046
v 0.03706938 -0.02219319 0.02100134
v 0.04042215 -0.03116061 -0.01996578
v 0.04181325 -0.03130642 -0.01989938
v 0.04162811 -0.03164589 -0.01958125
v 0.04052159 -0.02382063 0.02078746
v 0.04341510 -0.03220535 -0.01813058
v 0.04235527 -0.02471035 0.02053435
v 0.04384607 -0.03230956 -0.01761124
v 0.04571847 -0.03183937 -0.01765106
v 0.04471192 -0.03233353 -0.01554490
v 0.04531661 -0.03221524 -0.01555125
v 0.04511789 -0.03216944 -0.01360861
v 0.04419003 -0.02560770 0.02024189
v 0.04514267 -0.03216616 -0.01352757
v 0.04741300 -0.03192059 -0.01351294
v 0.04565490 -0.03203462 -0.01150106
v 0.04720470 -0.03187585 -0.01148935
v 0.04569277 -0.03169446 -0.00952799
v 0.04714365 -0.03151115 -0.00952375
v 0.04602560 -0.03148403 -0.00752169
v 0.04695158 -0.03143113 -0.00750656
v 0.04673355 -0.03151727 -0.00590746
v 0.04617509 -0.02615521 0.01998098
v 0.04602659 -0.02651770 0.01988418
v 0.04559332 -0.02629862 0.01999283
v 0.04931688 -0.03104954 -0.00751570
v 0.04691086 -0.03151654 -0.00545316
v 0.04904889 -0.03113449 -0.00546861
v 0.04752076 -0.03142795 -0.00341565
v 0.04884891 -0.03107168 -0.00344830
v 0.04788623 -0.03123187 -0.00140567
v 0.04863534 -0.03103840 -0.00142264
v 0.04814926 -0.03099074 0.00059277
v 0.04846090 -0.03092009 0.00058761
v 0.04835368 -0.03089680 0.00163018
v 0.04859350 -0.02565820 0.01995093
v 0.04787315 -0.02749847 0.01916137
v 0.05085110 -0.03048436 0.00056867
v 0.04866267 -0.03085971 0.00261941
v 0.05050038 -0.03074911 0.00264834
v 0.04930735 -0.03078642 0.00466084
v 0.05030240 -0.03068195 0.00466786
v 0.05004729 -0.03079591 0.00648739
v 0.04972300 -0.02845935 0.01848691
v 0.04971869 -0.02847208 0.01847548
v 0.04970642 -0.02846427 0.01848741
v 0.05010395 -0.03077994 0.00671938
v 0.05261282 -0.02992220 0.00662189
v 0.05055621 -0.03062203 0.00873914
v 0.05236177 -0.02997038 0.00866231
v 0.05071821 -0.03033646 0.01072619
v 0.05215835 -0.02991502 0.01068397
v 0.05083304 -0.03003015 0.01270793
v 0.05202347 -0.02971074 0.01267864
v 0.05127233 -0.02986654 0.01472622
v 0.05179020 -0.02972026 0.01471206
v 0.05142244 -0.02957574 0.01671193
v 0.05166333 -0.02949858 0.01670358
v 0.05229872 -0.02762051 0.01839491
v -0.06756336 0.01667098 -0.01793185
v -0.06699732 0.01631853 -0.01843928
v -0.06840107 0.01739620 -0.01605743
v -0.06851144 0.01780154 -0.01410106
v -0.06861757 0.01820502 -0.01214421
v -0.06847369 0.01849855 -0.01015920
v -0.06815492 0.01871517 -0.00815449
v -0.06660607 0.02029725 -0.00638074
v -0.06780795 0.01891939 -0.00614660
v -0.06712795 0.01966058 -0.00423367
v -0.06751799 0.01914868 -0.00414513
v -0.06740593 0.01920824 -0.00353196
v -0.06594347 0.01560179 -0.01971816
v -0.06512491 0.01515493 -0.02010527
v -0.06724670 0.01938618 -0.00214576
v -0.06710473 0.01968055 -0.00016097
v -0.06693723 0.01996370 0.00182670
v -0.06660840 0.02017589 0.00383255
v -0.06626351 0.02038103 0.00584021
v -0.06543640 0.02156238 0.00767185
v -0.06607634 0.02065552 0.00783010
v -0.06591953 0.02077448 0.00888470
v -0.06327461 0.01414777 -0.02096423
v -0.06580489 0.02089295 0.00982948
v -0.06562051 0.02116867 0.01181905
v -0.06549997 0.02147247 0.01380143
v -0.06528043 0.02173272 0.01579497
v -0.06486367 0.02190625 0.01781072
v -0.06438453 0.02199702 0.01952823
v -0.06144580 0.01329255 -0.02103934
v -0.06428478 0.02200848 0.01984474
v -0.06223750 0.02247880 0.02184766
v -0.06337411 0.02196479 0.02191614
v -0.06264236 0.02175456 0.02261420
v -0.05897500 0.01386784 -0.02122900
v -0.06029174 0.01275948 -0.02105024
v -0.05961789 0.01244358 -0.02108223
v -0.06084089 0.02109259 0.02353601
v -0.05778963 0.01159223 -0.02113739
v -0.05902142 0.02030337 0.02380134
v -0.05596626 0.01077545 -0.02101421
v -0.05719966 0.01949796 0.02398318
v -0.05467999 0.01029157 -0.02041803
v -0.05416113 0.01008769 -0.02022547
v -0.05536862 0.01862691 0.02382641
v -0.05234771 0.00934128 -0.01973926
v -0.05353332 0.01772579 0.02351446
v -0.05053304 0.00858603 -0.01929866
v -0.05148540 0.01729401 0.02314742
v -0.05169254 0.01678593 0.02300271
v -0.05212477 0.01701760 0.02318348
v -0.04872549 0.00788112 -0.01859841
v -0.04983022 0.01569369 0.02170482
v -0.04777695 0.00761258 -0.01767154
v -0.04610587 0.00902252 -0.01789904
v -0.04697309 0.00756624 -0.01588602
v -0.04715875 0.00922149 -0.00777664
v -0.04718497 0.00906463 -0.00815621
v -0.04723011 0.00915613 -0.00776593
v -0.04721196 0.00925546 -0.00717175
v -0.04719225 0.01660929 0.02135986
v -0.04795331 0.01449829 0.01987481
v -0.04962134 0.01555984 0.02149671
v -0.04693446 0.00759888 -0.01560782
v -0.04679521 0.00789445 -0.01362334
v -0.04684200 0.00827183 -0.01165980
v -0.04705784 0.00872356 -0.00971532
v -0.04718319 0.00949230 -0.00579184
v -0.04702835 0.00978101 -0.00380559
v -0.04670071 0.00999373 -0.00179988
v -0.04668436 0.01034335 0.00017076
v -0.04650134 0.01061967 0.00216019
v -0.04484643 0.01197484 0.00194285
v -0.04603388 0.01077090 0.00418165
v -0.04533092 0.01141940 0.00407521
v -0.04572393 0.01081023 0.00518573
v -0.04578035 0.01193492 0.01007686
v -0.04583946 0.01162723 0.00940045
v -0.04599497 0.01182421 0.01009244
v -0.04613063 0.01224067 0.01204596
v -0.04581003 0.01236780 0.01203010
v -0.04607543 0.01257321 0.01402098
v -0.04590685 0.01265478 0.01400979
v -0.04634785 0.01304982 0.01595909
v -0.04580903 0.01336473 0.01591282
v -0.04688958 0.01364487 0.01786686
v -0.04557042 0.01438060 0.01776040
v -0.04780761 0.01440540 0.01973224
v -0.04531252 0.01543838 0.01960039
v -0.04530713 0.01080810 0.00623233
v -0.04555367 0.01127333 0.00817335
v -0.00283600 -0.00716954 0.00272949
v -0.00296452 -0.00695144 0.00472165
v -0.00300419 -0.00654026 0.00667883
v -0.00304630 -0.00613440 0.00863697
v -0.00314427 -0.00584991 0.01061710
v -0.00317661 -0.00542281 0.01257139
v -0.00079309 -0.01146746 -0.01268512
v -0.00098676 -0.01139094 -0.01066730
v -0.00094401 -0.01080068 -0.00874258
v -0.00091357 -0.01023714 -0.00681302
v -0.00093395 -0.00978406 -0.00486344
v -0.00101393 -0.00946047 -0.00289039
v -0.00110497 -0.00916093 -0.00091298
v -0.00123023 -0.00893575 0.00107790
v -0.00139469 -0.00879575 0.00308423
v -0.00153829 -0.00861041 0.00508233
v -0.00160124 -0.00824985 0.00704868
v -0.00163089 -0.00781690 0.00900191
v -0.00166224 -0.00738763 0.01095580
v -0.00166230 -0.00689039 0.01289738
v -0.00166898 -0.00640754 0.01484157
v -0.00174970 -0.00608558 0.01681491
v -0.00164895 -0.00536927 0.01871679
v 0.00108080 -0.01265105 -0.01444229
v 0.00063646 -0.01311925 -0.01232575
v 0.00054839 -0.01281324 -0.01034951
v 0.00046928 -0.01248777 -0.00837680
v 0.00048579 -0.01195451 -0.00644175
v 0.00047648 -0.01147737 -0.00449653
v 0.00042665 -0.01108829 -0.00253535
v 0.00037783 -0.01069700 -0.00057458
v 0.00022824 -0.01052469 0.00142589
v 0.00004733 -0.01042043 0.00343869
v -0.00003358 -0.01035959 0.00439435
v -0.00033450 -0.01004022 0.00539249
v -0.00032752 -0.00968648 0.00736207
v -0.00015583 -0.00936977 0.00934335
v -0.00015707 -0.00948626 0.00889970
v -0.00015979 -0.00888100 0.01128647
v -0.00014428 -0.00834993 0.01322191
v -0.00021019 -0.00799577 0.01518942
v -0.00027708 -0.00764376 0.01715732
v -0.00007732 -0.00671230 0.01902021
v 0.00313664 -0.01343928 -0.01627111
v 0.00243068 -0.01447596 -0.01405154
v 0.00224941 -0.01442679 -0.01225062
v 0.00208348 -0.01431485 -0.01205432
v 0.00196492 -0.01390591 -0.01009888
v 0.00099467 -0.01312241 -0.00823938
v 0.00102362 -0.01277833 -0.00626732
v 0.00137572 -0.01257637 -0.00425885
v 0.00158586 -0.01231198 -0.00226638
v 0.00160120 -0.01196191 -0.00029585
v 0.00106935 -0.01137121 0.00161304
v 0.00027286 -0.01066413 0.00349211
v -0.00009028 -0.00943401 0.00935760
v 0.00012638 -0.00917248 0.01135081
v 0.00038374 -0.00892886 0.01334861
v 0.00019811 -0.00849041 0.01529650
v 0.00014478 -0.00811015 0.01725929
v 0.00141540 -0.00822682 0.01935470
v 0.00138840 -0.00833781 0.01916103
v 0.00200259 -0.00645348 0.02106501
v 0.00432266 -0.01562025 -0.01581583
v 0.00414600 -0.01576134 -0.01479848
v 0.00310602 -0.01512135 -0.01390793
v 0.00162295 -0.00840341 0.01939462
v 0.00363011 -0.00767507 0.02134642
v 0.00318712 -0.00898024 0.02018362
v 0.00629570 -0.01658839 -0.01761205
v 0.00602005 -0.01693656 -0.01652442
v 0.00486757 -0.01625285 -0.01567827
v 0.00526434 -0.00888206 0.02162519
v 0.00499176 -0.00966457 0.02099006
v 0.00852240 -0.01700533 -0.01950816
v 0.00788078 -0.01801752 -0.01776410
v 0.00727478 -0.01766829 -0.01737588
v 0.00690602 -0.01007288 0.02190102
v 0.00679826 -0.01036202 0.02172885
v 0.00991775 -0.01873142 -0.01913532
v 0.00973159 -0.01902835 -0.01864198
v 0.00801168 -0.01085622 0.02208317
v 0.00861114 -0.01110465 0.02223455
v 0.01215703 -0.01912102 -0.02103639
v 0.01158179 -0.02003487 -0.01949765
v 0.01084512 -0.01959524 -0.01894245
v 0.01042753 -0.01187208 0.02261231
v 0.01375468 -0.02040752 -0.02074321
v 0.01342832 -0.02101544 -0.02021944
v 0.01224529 -0.01264917 0.02294022
v 0.01529552 -0.02181747 -0.02042767
v 0.01525946 -0.02188718 -0.02037978
v 0.01406574 -0.01344529 0.02317001
v 0.01553358 -0.02201392 -0.02038306
v 0.01709722 -0.02280568 -0.02078137
v 0.01588660 -0.01424429 0.02338490
v 0.01893121 -0.02369762 -0.02104592
v 0.01770059 -0.01499476 0.02385015
v 0.02076247 -0.02457019 -0.02121056
v 0.01952396 -0.01581151 0.02397345
v 0.02259018 -0.02541764 -0.02124559
v 0.02136126 -0.01672679 0.02358849
v 0.02487118 -0.02529784 -0.02152851
v 0.02441533 -0.02624699 -0.02118725
v 0.02319051 -0.01758522 0.02349683
v 0.02136612 -0.01672918 0.02358767
v 0.02654873 -0.02641073 -0.02126680
v 0.02623813 -0.02705979 -0.02104354
v 0.02502492 -0.01848006 0.02321730
v 0.02812717 -0.02773897 -0.02096606
v 0.02806147 -0.02787631 -0.02091901
v 0.02686327 -0.01940279 0.02279393
v 0.02991412 -0.02861411 -0.02074744
v 0.02988270 -0.02867796 -0.02071782
v 0.02921064 -0.01920055 0.02224378
v 0.02870253 -0.02033191 0.02233754
v 0.02834184 -0.02015375 0.02240474
v 0.03179434 -0.02928658 -0.02056554
v 0.03170217 -0.02946719 -0.02045251
v 0.03053734 -0.02122956 0.02204355
v 0.03363423 -0.03004667 -0.02036777
v 0.03352276 -0.03026428 -0.02022774
v 0.03237204 -0.02212647 0.02175333
v 0.03548976 -0.03077280 -0.02017615
v 0.03534377 -0.03106436 -0.02001843
v 0.03421012 -0.02304730 0.02133973
v 0.03757321 -0.03100365 -0.02007430
v 0.03715596 -0.03180211 -0.01948756
v 0.03676819 -0.02230811 0.02101536
v 0.03604680 -0.02395818 0.02097747
v 0.03485061 -0.02337295 0.02116921
v 0.03969796 -0.03114476 -0.01998870
v 0.03894188 -0.03235400 -0.01799788
v 0.03788022 -0.02484609 0.02073370
v 0.03917933 -0.03241276 -0.01771916
v 0.04100034 -0.03257548 -0.01763770
v 0.04052939 -0.03264968 -0.01559826
v 0.04074337 -0.03263651 -0.01559494
v 0.04068975 -0.03263690 -0.01512052
v 0.03971616 -0.02575172 0.02039854
v 0.04326143 -0.03242033 -0.01760580
v 0.04292907 -0.03264518 -0.01553335
v 0.04141423 -0.03268201 -0.01352977
v 0.04271676 -0.03260915 -0.01350819
v 0.04136746 -0.03230463 -0.01156624
v 0.04265334 -0.03224960 -0.01154166
v 0.04149229 -0.03200272 -0.00958337
v 0.04257470 -0.03192311 -0.00956914
v 0.04200014 -0.03186925 -0.00755736
v 0.04239654 -0.03181287 -0.00755742
v 0.04229189 -0.03188912 -0.00692615
v 0.04155068 -0.02664733 0.02011502
v 0.04510970 -0.03216747 -0.01352822
v 0.04493826 -0.03204264 -0.01151915
v 0.04485347 -0.03172952 -0.00954420
v 0.04470296 -0.03155921 -0.00754337
v 0.04297336 -0.03194045 -0.00547891
v 0.04439314 -0.03173507 -0.00547981
v 0.04373437 -0.03191831 -0.00342438
v 0.04411754 -0.03183658 -0.00342972
v 0.04398595 -0.03179146 -0.00208558
v 0.04380041 -0.02655722 0.01999382
v 0.04338996 -0.02757665 0.01965762
v 0.04205150 -0.02689654 0.02001165
v 0.04668065 -0.03152249 -0.00545831
v 0.04642328 -0.03158438 -0.00341540
v 0.04418043 -0.03175767 -0.00140532
v 0.04620662 -0.03155781 -0.00138853
v 0.04466311 -0.03161314 0.00061786
v 0.04604837 -0.03140431 0.00061535
v 0.04512190 -0.03145809 0.00263834
v 0.04587785 -0.03127748 0.00262406
v 0.04537629 -0.03121316 0.00463581
v 0.04571831 -0.03112680 0.00462844
v 0.04560343 -0.03115221 0.00554893
v 0.04523505 -0.02854705 0.01898831
v 0.04825023 -0.03088049 0.00261213
v 0.04801180 -0.03090123 0.00464758
v 0.04605748 -0.03115593 0.00668135
v 0.04774066 -0.03099304 0.00669591
v 0.04706781 -0.03124344 0.00876397
v 0.04742596 -0.03117951 0.00876140
v 0.04731681 -0.03119115 0.00968478
v 0.04737371 -0.02880617 0.01848974
v 0.04709771 -0.02964166 0.01767822
v 0.04627106 -0.02910901 0.01851822
v 0.05001906 -0.03080026 0.00672099
v 0.04974831 -0.03089123 0.00876917
v 0.04763970 -0.03113813 0.01079720
v 0.04962350 -0.03066507 0.01075988
v 0.04751126 -0.03072484 0.01275154
v 0.04955541 -0.03031566 0.01272825
v 0.04799208 -0.03057949 0.01477451
v 0.04928775 -0.03039991 0.01477521
v 0.04815480 -0.03029424 0.01676164
v 0.04922537 -0.03003809 0.01674133
v -0.06871968 0.01502398 -0.01764429
v -0.06780299 0.01438917 -0.01881933
v -0.06927855 0.01562656 -0.01573845
v -0.06935086 0.01601517 -0.01377779
v -0.06940047 0.01639379 -0.01181458
v -0.06933387 0.01672131 -0.00983827
v -0.06918010 0.01701049 -0.00785215
v -0.06901317 0.01729389 -0.00586454
v -0.06868655 0.01750706 -0.00385894
v -0.06800508 0.01825195 -0.00194669
v -0.06841198 0.01774311 -0.00185921
v -0.06829392 0.01786100 -0.00090894
v -0.06740476 0.01408890 -0.01946495
v -0.06593525 0.01325862 -0.02031480
v -0.06821225 0.01801208 0.00013210
v -0.06803235 0.01828978 0.00212117
v -0.06763940 0.01847377 0.00413424
v -0.06744270 0.01874408 0.00612520
v -0.06714215 0.01896871 0.00812786
v -0.06675920 0.01908551 0.00974475
v -0.06409261 0.01230554 -0.02089480
v -0.06668526 0.01912458 0.01014813
v -0.06649926 0.01939959 0.01213789
v -0.06633643 0.01968479 0.01412504
v -0.06609625 0.01993598 0.01612090
v -0.06572700 0.02013039 0.01813130
v -0.06459505 0.02161668 0.01991218
v -0.06556143 0.02041439 0.02011875
v -0.06502717 0.02117507 0.02202391
v -0.06564748 0.02080904 0.02207786
v -0.06503229 0.02166132 0.02396748
v -0.06639513 0.02149464 0.02396243
v -0.06533513 0.02109253 0.02443527
v -0.06202860 0.01199052 -0.02094879
v -0.06274982 0.01168496 -0.02090933
v -0.06226479 0.01145734 -0.02093367
v -0.06345292 0.02033506 0.02426786
v -0.06350510 0.02022873 0.02431590
v -0.06043250 0.01057745 -0.02113608
v -0.06167663 0.01937586 0.02425286
v -0.06319654 0.02008798 0.02432278
v -0.05860622 0.00974009 -0.02111907
v -0.05984828 0.01852381 0.02419411
v -0.05678824 0.00896144 -0.02079919
v -0.05802155 0.01768329 0.02419481
v -0.05468334 0.00891905 -0.02015207
v -0.05497934 0.00824700 -0.02014806
v -0.05618520 0.01677468 0.02384428
v -0.05455989 0.00808322 -0.01998666
v -0.05316928 0.00752430 -0.01953958
v -0.05434923 0.01586886 0.02350807
v -0.05136155 0.00681814 -0.01884573
v -0.05249525 0.01483557 0.02251435
v -0.05401866 0.01569496 0.02338795
v -0.04956215 0.00617087 -0.01784806
v -0.04997464 0.01532135 0.02153325
v -0.05061907 0.01364532 0.02071089
v -0.05164355 0.01429363 0.02168673
v -0.04920126 0.00608343 -0.01741416
v -0.04833645 0.00605991 -0.01534793
v -0.04708621 0.00738962 -0.01557142
v -0.04785919 0.00620565 -0.01333190
v -0.04781731 0.00679569 -0.01140040
v -0.04786132 0.00622067 -0.01325442
v -0.04794034 0.00659933 -0.01136571
v -0.04828857 0.00710928 -0.00943613
v -0.04731131 0.00839261 -0.00965811
v -0.04859996 0.00760303 -0.00750241
v -0.04880377 0.00804946 -0.00555657
v -0.04732733 0.00935252 -0.00576869
v -0.04839819 0.00822791 -0.00354208
v -0.04766742 0.00911089 -0.00369321
v -0.04817610 0.00844679 -0.00177040
v -0.04855607 0.01265096 0.01801384
v -0.04870225 0.01216771 0.01742496
v -0.04895352 0.01239701 0.01805218
v -0.04993907 0.01318724 0.01990995
v -0.04803064 0.01429009 0.01974848
v -0.04785854 0.00620655 -0.01332529
v -0.04814229 0.00847218 -0.00154445
v -0.04813705 0.00882668 0.00042494
v -0.04813781 0.00918382 0.00239366
v -0.04769165 0.00934442 0.00441273
v -0.04722681 0.00949680 0.00643390
v -0.04607219 0.01030601 0.00630868
v -0.04751623 0.00998089 0.00837009
v -0.04598906 0.01098403 0.00821750
v -0.04810078 0.01059476 0.01027304
v -0.04826984 0.01102592 0.01222279
v -0.04802091 0.01127325 0.01421964
v -0.04817867 0.01169944 0.01617067
v -0.00012206 -0.01029113 0.00544695
v -0.00016357 -0.00988397 0.00740485
v 0.00222119 -0.01443380 -0.01202749
v 0.00215866 -0.01407232 -0.01006131
v 0.00187063 -0.01420083 -0.00800633
v 0.00181176 -0.01383137 -0.00604159
v 0.00188356 -0.01317797 -0.00412831
v 0.00190271 -0.01263900 -0.00219430
v 0.00185693 -0.01224109 -0.00023472
v 0.00170369 -0.01207673 0.00176719
v 0.00148861 -0.01204672 0.00379344
v 0.00128135 -0.01199970 0.00581661
v 0.00129327 -0.01147644 0.00775347
v 0.00133996 -0.01087760 0.00967664
v 0.00131768 -0.01042864 0.01162697
v 0.00130190 -0.00996556 0.01357474
v 0.00123708 -0.00960904 0.01554182
v 0.00120610 -0.00917900 0.01749557
v 0.00388696 -0.01606964 -0.01370270
v 0.00375250 -0.01586445 -0.01170819
v 0.00364271 -0.01560565 -0.00972340
v 0.00334611 -0.01575279 -0.00766504
v 0.00317175 -0.01563431 -0.00565482
v 0.00327836 -0.01490527 -0.00375525
v 0.00338122 -0.01418438 -0.00185421
v 0.00331809 -0.01382417 0.00011220
v 0.00316694 -0.01365527 0.00211329
v 0.00297444 -0.01357618 0.00413065
v 0.00280932 -0.01343762 0.00613723
v 0.00282910 -0.01289727 0.00807099
v 0.00281585 -0.01242868 0.01001776
v 0.00278036 -0.01200844 0.01197330
v 0.00280239 -0.01146318 0.01390617
v 0.00275016 -0.01107931 0.01586830
v 0.00277570 -0.01052643 0.01779979
v 0.00300800 -0.00952429 0.01964986
v 0.00557130 -0.01766514 -0.01538522
v 0.00523270 -0.01790354 -0.01331032
v 0.00522281 -0.01742765 -0.01136487
v 0.00507993 -0.01724076 -0.00936705
v 0.00499129 -0.01728824 -0.00876559
v 0.00415663 -0.01666849 -0.00746532
v 0.00359285 -0.01606375 -0.00556004
v 0.00421667 -0.01598128 -0.00352095
v 0.00480719 -0.01584394 -0.00149343
v 0.00479799 -0.01592128 -0.00171373
v 0.00484111 -0.01527286 0.00043477
v 0.00469545 -0.01509198 0.00243368
v 0.00468017 -0.01508803 0.00258479
v 0.00378273 -0.01436322 0.00430536
v 0.00310958 -0.01371037 0.00619833
v 0.00338042 -0.01347267 0.00819764
v 0.00360048 -0.01321264 0.01019124
v 0.00373737 -0.01291604 0.01217546
v 0.00391655 -0.01263803 0.01416445
v 0.00375497 -0.01221017 0.01611505
v 0.00433048 -0.01190609 0.01810985
v 0.00427561 -0.01222700 0.01734420
v 0.00467609 -0.01065771 0.01991530
v 0.00768397 -0.01832986 -0.01723642
v 0.00702445 -0.01926563 -0.01503514
v 0.00698146 -0.01928460 -0.01472757
v 0.00574292 -0.01843652 -0.01319302
v 0.00611657 -0.01824404 -0.01118212
v 0.00544055 -0.01758994 -0.00928948
v 0.00486581 -0.01590995 -0.00147902
v 0.00527660 -0.01573380 0.00053606
v 0.00474200 -0.01514189 0.00244463
v 0.00473757 -0.01228548 0.01819455
v 0.00628927 -0.01191045 0.02020235
v 0.00605223 -0.01271318 0.01917287
v 0.00910819 -0.01999323 -0.01687495
v 0.00882776 -0.02026360 -0.01544126
v 0.00736516 -0.01950675 -0.01497906
v 0.00755037 -0.01316568 0.02048024
v 0.00856714 -0.01122144 0.02216919
v 0.00783784 -0.01326291 0.02067366
v 0.01144024 -0.02018124 -0.01881255
v 0.01073768 -0.02121052 -0.01659432
v 0.01067566 -0.02125384 -0.01621291
v 0.01027001 -0.01227930 0.02242093
v 0.00964032 -0.01393200 0.02155874
v 0.01295245 -0.02165338 -0.01848573
v 0.01252119 -0.02222731 -0.01689810
v 0.01126984 -0.02158075 -0.01650797
v 0.01205632 -0.01315584 0.02263981
v 0.01145518 -0.01468856 0.02199259
v 0.01457995 -0.02287501 -0.01820431
v 0.01436326 -0.02317633 -0.01745712
v 0.01385989 -0.01399485 0.02285188
v 0.01327331 -0.01546833 0.02230670
v 0.01695678 -0.02296572 -0.02015955
v 0.01621168 -0.02408745 -0.01792456
v 0.01620199 -0.02410170 -0.01789413
v 0.01563515 -0.01489541 0.02307511
v 0.01508976 -0.01623615 0.02268246
v 0.01848158 -0.02441053 -0.01983768
v 0.01805253 -0.02511065 -0.01876230
v 0.01626924 -0.02413617 -0.01791354
v 0.01721055 -0.01623024 0.02337704
v 0.01690234 -0.01697660 0.02319941
v 0.01998713 -0.02589715 -0.01950824
v 0.01989368 -0.02605315 -0.01928768
v 0.01914662 -0.01678135 0.02353694
v 0.01872383 -0.01778009 0.02339110
v 0.02076686 -0.02647092 -0.01937565
v 0.02173179 -0.02697419 -0.01970237
v 0.02136011 -0.01672962 0.02358759
v 0.02055204 -0.01863109 0.02333774
v 0.02356731 -0.02787687 -0.02002233
v 0.02238169 -0.01949227 0.02323190
v 0.02538868 -0.02867955 -0.01982642
v 0.02421622 -0.02038801 0.02294774
v 0.02721399 -0.02951006 -0.01977407
v 0.02614683 -0.02110002 0.02252801
v 0.02605490 -0.02131305 0.02251242
v 0.02587766 -0.02122559 0.02254497
v 0.02902996 -0.03027448 -0.01938079
v 0.02788994 -0.02221234 0.02220993
v 0.03085332 -0.03109117 -0.01925715
v 0.02972671 -0.02312392 0.02184409
v 0.03267007 -0.03186113 -0.01889244
v 0.03156499 -0.02404610 0.02142352
v 0.03446886 -0.03250412 -0.01787272
v 0.03393891 -0.02369796 0.02120722
v 0.03340068 -0.02495003 0.02109712
v 0.03220453 -0.02436480 0.02128894
v 0.03452012 -0.03251928 -0.01782622
v 0.03658077 -0.03266284 -0.01774191
v 0.03581343 -0.03273124 -0.01571171
v 0.03630964 -0.03275463 -0.01569358
v 0.03621418 -0.03276892 -0.01490199
v 0.03523950 -0.02587603 0.02065681
v 0.03888383 -0.03241648 -0.01772653
v 0.03846534 -0.03282850 -0.01562017
v 0.03696297 -0.03287998 -0.01361341
v 0.03818129 -0.03294836 -0.01356676
v 0.03707445 -0.03257219 -0.01163205
v 0.03813861 -0.03254373 -0.01160840
v 0.03743214 -0.03237269 -0.00962295
v 0.03802288 -0.03229784 -0.00962127
v 0.03784391 -0.03221626 -0.00771420
v 0.03707954 -0.02681071 0.02017176
v 0.04048605 -0.03269830 -0.01355205
v 0.04039062 -0.03240829 -0.01157292
v 0.04028934 -0.03213099 -0.00959148
v 0.03787230 -0.03220946 -0.00760456
v 0.04008646 -0.03207448 -0.00757003
v 0.03819793 -0.03199585 -0.00559907
v 0.03988138 -0.03202275 -0.00554771
v 0.03889003 -0.03194341 -0.00355230
v 0.03964539 -0.03203818 -0.00351322
v 0.03952817 -0.03204930 -0.00251616
v 0.03912536 -0.02719972 0.01999022
v 0.03891689 -0.02772636 0.01978489
v 0.03812536 -0.02732545 0.01998718
v 0.04209522 -0.03197027 -0.00549720
v 0.04180617 -0.03210100 -0.00344182
v 0.04002187 -0.03208437 -0.00145598
v 0.04159754 -0.03205698 -0.00141810
v 0.04073078 -0.03203932 0.00059268
v 0.04140095 -0.03198679 0.00060087
v 0.04124078 -0.03208278 0.00164788
v 0.04144354 -0.02692051 0.01999963
v 0.04076145 -0.02869299 0.01913504
v 0.04392567 -0.03175614 -0.00141260
v 0.04375179 -0.03163661 0.00059743
v 0.04163116 -0.03207848 0.00266292
v 0.04349892 -0.03168872 0.00263856
v 0.04237096 -0.03204702 0.00471507
v 0.04319748 -0.03184638 0.00469883
v 0.04283732 -0.03189531 0.00673641
v 0.04295643 -0.03187280 0.00673531
v 0.04292281 -0.03190006 0.00692728
v 0.04260275 -0.02963658 0.01860405
v 0.04544798 -0.03121685 0.00667645
v 0.04371011 -0.03192233 0.00880354
v 0.04505099 -0.03158213 0.00877435
v 0.04428858 -0.03181992 0.01083751
v 0.04475740 -0.03172272 0.01083152
v 0.04425488 -0.03144829 0.01280251
v 0.04471378 -0.03132015 0.01279025
v 0.04444861 -0.03117668 0.01479314
v 0.04456680 -0.03114215 0.01478969
v 0.04449769 -0.03095952 0.01611605
v 0.04494984 -0.02931507 0.01852195
v 0.04447879 -0.03082586 0.01680559
v 0.04272389 -0.02970458 0.01853644
v 0.04718283 -0.03121046 0.01079870
v 0.04716134 -0.03075977 0.01274872
v 0.04698403 -0.03064769 0.01476010
v 0.04451365 -0.03084848 0.01676927
v 0.04686849 -0.03040139 0.01674715
v -0.06967840 0.01329007 -0.01733446
v -0.06862239 0.01255686 -0.01869867
v -0.07011156 0.01383737 -0.01541445
v -0.07015458 0.01421310 -0.01345050
v -0.07016051 0.01457251 -0.01148236
v -0.07011622 0.01490984 -0.00950857
v -0.07004325 0.01523456 -0.00753155
v -0.06995863 0.01555415 -0.00555322
v -0.06966891 0.01578355 -0.00355177
v -0.06943716 0.01603844 -0.00155686
v -0.06870712 0.01722380 0.00027134
v -0.06926981 0.01632165 0.00043079
v -0.06916429 0.01638917 0.00107130
v -0.06836365 0.01235507 -0.01915514
v -0.06675242 0.01141052 -0.02027566
v -0.06894667 0.01653634 0.00243600
v -0.06858103 0.01673235 0.00444599
v -0.06833287 0.01698002 0.00644275
v -0.06811880 0.01724269 0.00843567
v -0.06729480 0.01802144 0.01034527
v -0.06766260 0.01739887 0.01045587
v -0.06760465 0.01743742 0.01081578
v -0.06784310 0.01981424 0.02221051
v -0.06807614 0.01972158 0.02222209
v -0.06791201 0.01961108 0.02202914
v -0.06748176 0.02109680 0.02400977
v -0.06922030 0.02058156 0.02406199
v -0.06799549 0.02020147 0.02507485
v -0.06464527 0.01106270 -0.02084067
v -0.06512732 0.01057500 -0.02075934
v -0.06491051 0.01046265 -0.02082872
v -0.06742557 0.01765143 0.01245137
v -0.06717537 0.01789821 0.01444836
v -0.06699409 0.01817530 0.01643758
v -0.06679939 0.01844648 0.01842832
v -0.06708150 0.01892735 0.02036534
v -0.06617440 0.01940079 0.02528110
v -0.06307928 0.00959037 -0.02099185
v -0.06433567 0.01847543 0.02484413
v -0.06124873 0.00872271 -0.02113117
v -0.06250338 0.01759550 0.02464151
v -0.06317818 0.01792438 0.02474269
v -0.05942656 0.00791441 -0.02096423
v -0.06067095 0.01671470 0.02443441
v -0.05760763 0.00712903 -0.02067906
v -0.05883751 0.01582664 0.02418990
v -0.05580073 0.00642875 -0.01995488
v -0.05699917 0.01490404 0.02376718
v -0.05495256 0.00610038 -0.01961306
v -0.05399337 0.00572521 -0.01924754
v -0.05464522 0.01518593 0.02346945
v -0.05516085 0.01398152 0.02334484
v -0.05610192 0.01445560 0.02357109
v -0.05219070 0.00505481 -0.01836923
v -0.05329885 0.01289159 0.02205890
v -0.05039913 0.00445470 -0.01713128
v -0.05039643 0.00445733 -0.01713171
v -0.05039792 0.00445434 -0.01713016
v -0.05124719 0.01205872 0.02009285
v -0.05140939 0.01160741 0.01977088
v -0.05159299 0.01175906 0.02014146
v -0.05316695 0.01280806 0.02193294
v -0.04970027 0.00450416 -0.01508374
v -0.04912087 0.00460616 -0.01304967
v -0.04786150 0.00620229 -0.01332455
v -0.04907054 0.00494084 -0.01107519
v -0.04942932 0.00545543 -0.00914681
v -0.04983885 0.00599234 -0.00722415
v -0.04994899 0.00639758 -0.00526775
v -0.04966386 0.00662899 -0.00326683
v -0.04944522 0.00688965 -0.00127340
v -0.04824007 0.00836389 -0.00152614
v -0.04945909 0.00725255 0.00069384
v -0.04837948 0.00855833 0.00047032
v -0.04951199 0.00763262 0.00265668
v -0.04846881 0.00886160 0.00244705
v -0.04944658 0.00796066 0.00463286
v -0.04887256 0.00848163 0.00454760
v -0.04959722 0.00838372 0.00658469
v -0.04898050 0.00874444 0.00653167
v -0.04962677 0.00875352 0.00855016
v -0.04899345 0.00921367 0.00847832
v -0.04967786 0.00913280 0.01051320
v -0.04886012 0.01000078 0.01036737
v -0.04982358 0.00955369 0.01246559
v -0.04880743 0.01061264 0.01228817
v -0.04985815 0.00992570 0.01443050
v -0.04904473 0.01059436 0.01432318
v -0.05008579 0.01038262 0.01637365
v -0.04903936 0.01110340 0.01626262
v -0.05075875 0.01103538 0.01826664
v 0.00480729 -0.01733584 -0.00731813
v 0.00466225 -0.01715364 -0.00531945
v 0.00470533 -0.01656265 -0.00339486
v 0.00448587 -0.01505003 0.00445777
v 0.00433544 -0.01487955 0.00645857
v 0.00429143 -0.01447780 0.00841745
v 0.00431027 -0.01393950 0.01035159
v 0.00429847 -0.01346776 0.01229779
v 0.00426287 -0.01304776 0.01425337
v 0.00418677 -0.01271575 0.01622489
v 0.00663429 -0.01961607 -0.01293994
v 0.00676100 -0.01884335 -0.01104828
v 0.00663655 -0.01861641 -0.00905772
v 0.00641259 -0.01860570 -0.00702797
v 0.00635253 -0.01823884 -0.00506276
v 0.00627298 -0.01791432 -0.00308988
v 0.00621573 -0.01754137 -0.00112578
v 0.00622536 -0.01702305 0.00081198
v 0.00608104 -0.01683930 0.00281037
v 0.00593243 -0.01666484 0.00481045
v 0.00584219 -0.01636356 0.00678754
v 0.00573019 -0.01610956 0.00877320
v 0.00571825 -0.01563814 0.01071946
v 0.00578704 -0.01499129 0.01263392
v 0.00568678 -0.01471178 0.01461496
v 0.00560693 -0.01438791 0.01658796
v 0.00587719 -0.01330327 0.01842308
v 0.00851624 -0.02078216 -0.01470028
v 0.00822206 -0.02092403 -0.01264287
v 0.00838829 -0.02006544 -0.01076678
v 0.00836851 -0.01961105 -0.00881744
v 0.00815266 -0.01958272 -0.00679088
v 0.00805037 -0.01930762 -0.00480904
v 0.00785195 -0.01924142 -0.00278935
v 0.00763081 -0.01922457 -0.00076071
v 0.00759948 -0.01920427 -0.00040332
v 0.00717175 -0.01872277 0.00116740
v 0.00688848 -0.01824138 0.00310429
v 0.00675956 -0.01782788 0.00505857
v 0.00681421 -0.01749511 0.00703353
v 0.00634891 -0.01693368 0.00894991
v 0.00646623 -0.01662846 0.01093193
v 0.00722412 -0.01660496 0.01298611
v 0.00705193 -0.01617242 0.01493552
v 0.00688834 -0.01574368 0.01688589
v 0.00739313 -0.01476732 0.01874843
v 0.00711959 -0.01581057 0.01710398
v 0.00779161 -0.01340404 0.02053306
v 0.01011930 -0.02205690 -0.01440924
v 0.00994151 -0.02194586 -0.01239767
v 0.00998051 -0.02136374 -0.01047147
v 0.00998680 -0.02085269 -0.00853240
v 0.00985245 -0.02064726 -0.00653793
v 0.00970831 -0.02046310 -0.00453962
v 0.00951903 -0.02037703 -0.00252352
v 0.00947531 -0.02039207 -0.00219415
v 0.00780151 -0.01935653 -0.00073045
v 0.00890817 -0.01623331 0.01907413
v 0.00889596 -0.01629492 0.01894207
v 0.00937302 -0.01472582 0.02083262
v 0.01233523 -0.02249722 -0.01630111
v 0.01179439 -0.02317511 -0.01414656
v 0.01168384 -0.02291796 -0.01216147
v 0.01166429 -0.02246307 -0.01021222
v 0.01156785 -0.02217525 -0.00823269
v 0.01151807 -0.02178605 -0.00627153
v 0.01140225 -0.02154036 -0.00428436
v 0.01133043 -0.02143335 -0.00322915
v 0.01028229 -0.02080432 -0.00241977
v 0.00899860 -0.01631491 0.01909243
v 0.01102554 -0.01589309 0.02110419
v 0.01069030 -0.01690640 0.02012437
v 0.01384973 -0.02396442 -0.01597519
v 0.01346597 -0.02430095 -0.01388250
v 0.01343324 -0.02422635 -0.01330080
v 0.01278328 -0.02368824 -0.01198202
v 0.01334363 -0.02357204 -0.00995122
v 0.01334373 -0.02359335 -0.01003531
v 0.01333900 -0.02355989 -0.00986273
v 0.01265582 -0.02291857 -0.00805878
v 0.01258200 -0.02252930 -0.00609829
v 0.01206583 -0.02194549 -0.00418764
v 0.01274848 -0.01690733 0.02134802
v 0.01249912 -0.01762033 0.02077811
v 0.01543159 -0.02528522 -0.01567580
v 0.01530213 -0.02536504 -0.01483829
v 0.01362811 -0.02441658 -0.01385565
v 0.01336108 -0.02358553 -0.00994813
v 0.01450356 -0.01785173 0.02157919
v 0.01431396 -0.01837675 0.02121265
v 0.01766471 -0.02568820 -0.01757444
v 0.01715380 -0.02638192 -0.01574739
v 0.01645137 -0.02601499 -0.01550638
v 0.01622473 -0.01886981 0.02182372
v 0.01612831 -0.01912975 0.02166487
v 0.01920294 -0.02710381 -0.01725787
v 0.01899456 -0.02732170 -0.01625873
v 0.01800877 -0.01975127 0.02204349
v 0.01794720 -0.01991484 0.02195156
v 0.02157596 -0.02720281 -0.01921160
v 0.02092208 -0.02812631 -0.01701254
v 0.02082655 -0.02819940 -0.01644984
v 0.01991353 -0.02037041 0.02221572
v 0.01977138 -0.02073735 0.02204513
v 0.02321217 -0.02840551 -0.01893361
v 0.02271163 -0.02899580 -0.01679494
v 0.02265327 -0.02903990 -0.01644905
v 0.02178368 -0.02106476 0.02240158
v 0.02159381 -0.02154748 0.02220265
v 0.02499597 -0.02928751 -0.01871374
v 0.02452277 -0.02981838 -0.01658584
v 0.02447429 -0.02984003 -0.01623998
v 0.02374907 -0.02155216 0.02254993
v 0.02341695 -0.02236266 0.02233407
v 0.02678538 -0.03015729 -0.01849609
v 0.02636201 -0.03057990 -0.01638781
v 0.02628860 -0.03059278 -0.01578647
v 0.02524780 -0.02323235 0.02218429
v 0.02863018 -0.03090673 -0.01830025
v 0.02824498 -0.03124640 -0.01620700
v 0.02808543 -0.03122189 -0.01469515
v 0.02708952 -0.02417887 0.02163817
v 0.03047111 -0.03166457 -0.01810289
v 0.03009702 -0.03198010 -0.01601401
v 0.02898592 -0.03152739 -0.01409426
v 0.02992951 -0.03184672 -0.01400649
v 0.02987834 -0.03182321 -0.01346047
v 0.02904291 -0.02482057 0.02129063
v 0.02892787 -0.02510162 0.02121468
v 0.02857083 -0.02492231 0.02129741
v 0.03237424 -0.03228726 -0.01793001
v 0.03199399 -0.03261617 -0.01583871
v 0.03190505 -0.03231207 -0.01386213
v 0.03087788 -0.03200262 -0.01191231
v 0.03174032 -0.03217264 -0.01185571
v 0.03162385 -0.03208937 -0.01049677
v 0.03144536 -0.02435824 0.02126686
v 0.03076840 -0.02603969 0.02071215
v 0.03445562 -0.03252261 -0.01782734
v 0.03405985 -0.03288524 -0.01572993
v 0.03389015 -0.03275664 -0.01372154
v 0.03380988 -0.03243368 -0.01174838
v 0.03191030 -0.03209984 -0.00982719
v 0.03364748 -0.03228921 -0.00974287
v 0.03280869 -0.03213813 -0.00775718
v 0.03345017 -0.03222058 -0.00772361
v 0.03333239 -0.03209412 -0.00618451
v 0.03260158 -0.02692584 0.02047743
v 0.03603771 -0.03284817 -0.01364493
v 0.03595088 -0.03253948 -0.01166919
v 0.03577733 -0.03241923 -0.00965929
v 0.03559384 -0.03232057 -0.00764547
v 0.03345221 -0.03206433 -0.00571588
v 0.03543288 -0.03217296 -0.00564053
v 0.03388594 -0.03189826 -0.00369822
v 0.03529115 -0.03198358 -0.00364316
v 0.03496806 -0.03201735 -0.00160750
v 0.03504353 -0.03202428 -0.00160409
v 0.03502806 -0.03200779 -0.00140240
v 0.03443887 -0.02784110 0.02009259
v 0.03783519 -0.03220830 -0.00760580
v 0.03770622 -0.03199120 -0.00561345
v 0.03749547 -0.03195177 -0.00358890
v 0.03717460 -0.03215165 -0.00152099
v 0.03553815 -0.03191125 0.00042552
v 0.03700491 -0.03202300 0.00048739
v 0.03653454 -0.03199263 0.00250658
v 0.03677544 -0.03202427 0.00251931
v 0.03674191 -0.03205003 0.00271645
v 0.03683975 -0.02740817 0.01996797
v 0.03628495 -0.02881850 0.01938715
v 0.03468547 -0.02796819 0.02001748
v 0.03938024 -0.03211697 -0.00146725
v 0.03913360 -0.03215555 0.00057143
v 0.03879585 -0.03239211 0.00264600
v 0.03852275 -0.03256610 0.00439091
v 0.03812744 -0.02977049 0.01881283
v 0.04110706 -0.03212805 0.00265816
v 0.03867161 -0.03257566 0.00471614
v 0.04078702 -0.03232612 0.00472575
v 0.03910951 -0.03241143 0.00673427
v 0.04057384 -0.03229197 0.00675126
v 0.03958373 -0.03226317 0.00875650
v 0.04036522 -0.03224793 0.00877497
v 0.04018502 -0.03224359 0.01039143
v 0.04033833 -0.02981950 0.01849333
v 0.03998934 -0.03085971 0.01753055
v 0.03875266 -0.03011365 0.01850688
v 0.04268259 -0.03197048 0.00878471
v 0.04028971 -0.03221684 0.01080484
v 0.04247069 -0.03193356 0.01080971
v 0.04066913 -0.03202689 0.01281638
v 0.04234789 -0.03170304 0.01279962
v 0.04102832 -0.03182805 0.01482565
v 0.04218558 -0.03155836 0.01480510
v 0.04085192 -0.03139367 0.01677458
v 0.04211946 -0.03120465 0.01677269
v 0.04256725 -0.02973423 0.01853789
v 0.04446968 -0.03085582 0.01676949
v -0.07038839 0.01144678 -0.01699661
v -0.06945684 0.01083099 -0.01802895
v -0.07081680 0.01199199 -0.01507607
v -0.07079947 0.01234118 -0.01310531
v -0.07079963 0.01269806 -0.01113653
v -0.07077478 0.01304393 -0.00916493
v -0.07074289 0.01338671 -0.00719253
v -0.07069427 0.01372214 -0.00521825
v -0.07051419 0.01399975 -0.00322916
v -0.07024926 0.01424005 -0.00123052
v -0.06999254 0.01448396 0.00076721
v -0.06997464 0.01449283 0.00086164
v -0.07054725 0.01869629 0.02235310
v -0.07064313 0.01869495 0.02235073
v -0.07056311 0.01865446 0.02233051
v -0.07013758 0.02008389 0.02413332
v -0.07171780 0.01952437 0.02419846
v -0.07063893 0.01919070 0.02509685
v -0.06900650 0.01048225 -0.01880973
v -0.06757727 0.00961682 -0.01995580
v -0.06961998 0.01467692 0.00277798
v -0.06934910 0.01491460 0.00477730
v -0.06909913 0.01516148 0.00677426
v -0.06892814 0.01544309 0.00876233
v -0.06868403 0.01569254 0.01075863
v -0.06845084 0.01579461 0.01191398
v -0.06856004 0.01775895 0.02055130
v -0.06886545 0.01755636 0.02058220
v -0.06867869 0.01740598 0.02022664
v -0.06883344 0.01850035 0.02587228
v -0.06656162 0.00905024 -0.02050309
v -0.06572405 0.00858895 -0.02092163
v -0.06828768 0.01587504 0.01277208
v -0.06807612 0.01613881 0.01476472
v -0.06806314 0.01648991 0.01673498
v -0.06817375 0.01689536 0.01869133
v -0.06700907 0.01767645 0.02595871
v -0.06389018 0.00769793 -0.02118142
v -0.06516388 0.01670543 0.02528623
v -0.06206429 0.00686331 -0.02115029
v -0.06332944 0.01581031 0.02500522
v -0.06381749 0.01605000 0.02508850
v -0.06024550 0.00607890 -0.02086013
v -0.06149315 0.01490217 0.02465708
v -0.05842802 0.00530377 -0.02052207
v -0.05965435 0.01397628 0.02421740
v -0.05661697 0.00457411 -0.01994945
v -0.05767752 0.01335493 0.02374126
v -0.05781423 0.01304102 0.02372937
v -0.05797943 0.01312575 0.02377741
v -0.05485321 0.00390116 -0.01918403
v -0.05481172 0.00388547 -0.01916527
v -0.05596710 0.01205626 0.02298596
v -0.05300580 0.00319214 -0.01840523
v -0.05351851 0.01237870 0.02200653
v -0.05410605 0.01097299 0.02173436
v -0.05462699 0.01129462 0.02218629
v -0.05040015 0.00444924 -0.01713025
v -0.05121439 0.00260137 -0.01711610
v -0.05218476 0.00952400 0.01852052
v -0.05219057 0.00950484 0.01849727
v -0.05219707 0.00951239 0.01852244
v -0.05309063 0.01026216 0.02039057
v -0.05103554 0.00257905 -0.01678514
v -0.05069380 0.00278556 -0.01477784
v -0.05019726 0.00292400 -0.01275309
v -0.05005663 0.00321897 -0.01076845
v -0.05027738 0.00367286 -0.00882452
v -0.05063971 0.00418901 -0.00689653
v -0.05100134 0.00470485 -0.00496847
v -0.05096982 0.00504780 -0.00299612
v -0.05088665 0.00536803 -0.00101795
v -0.05084672 0.00570727 0.00095535
v -0.05076560 0.00602841 0.00293329
v -0.05075335 0.00637982 0.00490347
v -0.05097085 0.00683228 0.00684777
v -0.05103866 0.00721891 0.00880893
v -0.05109003 0.00759831 0.01077195
v -0.05123576 0.00801921 0.01272433
v -0.05139662 0.00844675 0.01467501
v -0.05175923 0.00896303 0.01660296
v 0.00743210 -0.01915901 0.00125910
v 0.00726898 -0.01901608 0.00326489
v 0.00719031 -0.01868966 0.00523743
v 0.00718375 -0.01820653 0.00718156
v 0.00705657 -0.01798553 0.00917320
v 0.00706436 -0.01747122 0.01111169
v 0.00723029 -0.01661330 0.01298790
v 0.00715616 -0.01627701 0.01495865
v 0.00709157 -0.01591997 0.01692563
v 0.00925355 -0.02045655 -0.00047742
v 0.00894650 -0.02062639 0.00158506
v 0.00873291 -0.02059314 0.00361072
v 0.00854389 -0.02050652 0.00562672
v 0.00842985 -0.02025695 0.00761318
v 0.00846203 -0.01968965 0.00954206
v 0.00852180 -0.01906239 0.01146008
v 0.00865002 -0.01828640 0.01335114
v 0.00869044 -0.01770120 0.01527677
v 0.00874790 -0.01707897 0.01719570
v 0.01125859 -0.02135515 -0.00228624
v 0.01096083 -0.02150482 -0.00022742
v 0.01059505 -0.02180228 0.00185818
v 0.01032285 -0.02189640 0.00390693
v 0.01031702 -0.02189367 0.00396930
v 0.00919858 -0.02105603 0.00575118
v 0.00870423 -0.02048182 0.00766429
v 0.00928065 -0.02037851 0.00969803
v 0.01014831 -0.02028618 0.01174188
v 0.01012071 -0.02050538 0.01113117
v 0.01027532 -0.01951281 0.01363342
v 0.01032073 -0.01891676 0.01555709
v 0.01037744 -0.01829615 0.01747631
v 0.01051683 -0.01749589 0.01936297
v 0.01332929 -0.02410057 -0.01188713
v 0.01323853 -0.02330304 -0.00796828
v 0.01317422 -0.02294541 -0.00600140
v 0.01310069 -0.02260783 -0.00403088
v 0.01292892 -0.02248372 -0.00202168
v 0.01268556 -0.02251516 0.00001571
v 0.01234615 -0.02275534 0.00209093
v 0.01214921 -0.02277280 0.00377083
v 0.01052408 -0.02199577 0.00393171
v 0.01148206 -0.02098983 0.01191484
v 0.01199054 -0.02054382 0.01388029
v 0.01191946 -0.02114800 0.01215276
v 0.01193010 -0.02017779 0.01584565
v 0.01194711 -0.01964346 0.01778050
v 0.01217024 -0.01866122 0.01963419
v 0.01503257 -0.02565491 -0.01357710
v 0.01490837 -0.02542742 -0.01158664
v 0.01495846 -0.02482120 -0.00966481
v 0.01490420 -0.02444173 -0.00770189
v 0.01480710 -0.02415535 -0.00572210
v 0.01469437 -0.02390296 -0.00373615
v 0.01457885 -0.02365660 -0.00174910
v 0.01442920 -0.02348442 0.00025139
v 0.01421450 -0.02345358 0.00227749
v 0.01285465 -0.02302069 0.00419427
v 0.01400741 -0.02340622 0.00430060
v 0.01393575 -0.02332912 0.00523761
v 0.01354530 -0.02154039 0.01411609
v 0.01261563 -0.02077474 0.01598015
v 0.01277008 -0.02048585 0.01796635
v 0.01380764 -0.01986134 0.01991170
v 0.01356523 -0.02070885 0.01875503
v 0.01704091 -0.02654634 -0.01538722
v 0.01668707 -0.02681786 -0.01330632
v 0.01661920 -0.02646797 -0.01133804
v 0.01659793 -0.02601683 -0.00938811
v 0.01655454 -0.02561373 -0.00742947
v 0.01645555 -0.02533147 -0.00544893
v 0.01626880 -0.02523990 -0.00343383
v 0.01625350 -0.02477577 -0.00148625
v 0.01618036 -0.02443732 0.00048410
v 0.01600937 -0.02431151 0.00249299
v 0.01584844 -0.02416385 0.00449793
v 0.01574177 -0.02402316 0.00599397
v 0.01547986 -0.02098578 0.02017551
v 0.01536543 -0.02136176 0.01972353
v 0.01866050 -0.02778516 -0.01510269
v 0.01842556 -0.02779832 -0.01306861
v 0.01833674 -0.02749394 -0.01109208
v 0.01826897 -0.02714383 -0.00912384
v 0.01822382 -0.02674458 -0.00716450
v 0.01808796 -0.02654243 -0.00516945
v 0.01782081 -0.02662557 -0.00312269
v 0.01787319 -0.02601437 -0.00120176
v 0.01787750 -0.02550763 0.00073809
v 0.01773636 -0.02531696 0.00273523
v 0.01763191 -0.02504655 0.00471792
v 0.01758044 -0.02494818 0.00555879
v 0.01720443 -0.02199648 0.02041870
v 0.01717571 -0.02208595 0.02032438
v 0.02042070 -0.02871843 -0.01487353
v 0.02023441 -0.02862586 -0.01285862
v 0.02013613 -0.02834207 -0.01087836
v 0.02001504 -0.02810780 -0.00888912
v 0.01993694 -0.02778014 -0.00691681
v 0.01979506 -0.02759109 -0.00491938
v 0.01966017 -0.02757792 -0.00367070
v 0.01787544 -0.02665595 -0.00311530
v 0.01872172 -0.02667131 -0.00105116
v 0.01895308 -0.02641625 0.00094371
v 0.01859427 -0.02590165 0.00287209
v 0.01811544 -0.02533427 0.00478695
v 0.01795865 -0.02241086 0.02051970
v 0.01899166 -0.02285025 0.02071829
v 0.02221602 -0.02957539 -0.01465821
v 0.02206288 -0.02941079 -0.01265634
v 0.02194653 -0.02916625 -0.01066897
v 0.02182016 -0.02894348 -0.00867765
v 0.02171822 -0.02866762 -0.00669595
v 0.02157467 -0.02848218 -0.00469786
v 0.02149091 -0.02844678 -0.00381615
v 0.02081006 -0.02363188 0.02102279
v 0.02410568 -0.03022736 -0.01448003
v 0.02391417 -0.03014612 -0.01246306
v 0.02380379 -0.02988862 -0.01047803
v 0.02374092 -0.02952784 -0.00851172
v 0.02360921 -0.02931669 -0.00651830
v 0.02342885 -0.02921123 -0.00450572
v 0.02331077 -0.02923876 -0.00356508
v 0.02263606 -0.02446728 0.02104991
v 0.02600759 -0.03085269 -0.01430668
v 0.02580059 -0.03080512 -0.01228361
v 0.02566361 -0.03060540 -0.01028811
v 0.02560758 -0.03022979 -0.00832449
v 0.02548474 -0.02999934 -0.00633456
v 0.02530747 -0.02988718 -0.00432319
v 0.02512323 -0.02997836 -0.00304372
v 0.02474412 -0.02464549 0.02113886
v 0.02447550 -0.02539769 0.02058690
v 0.02264748 -0.02447289 0.02104793
v 0.02801047 -0.03125861 -0.01417309
v 0.02772965 -0.03137147 -0.01212095
v 0.02755719 -0.03124885 -0.01011148
v 0.02749149 -0.03089424 -0.00814405
v 0.02737708 -0.03064548 -0.00615744
v 0.02718462 -0.03056631 -0.00414009
v 0.02692945 -0.03067386 -0.00229491
v 0.02687101 -0.02478194 0.02122361
v 0.02631261 -0.02631166 0.02020869
v 0.02971254 -0.03182083 -0.01197949
v 0.02951090 -0.03176162 -0.00995853
v 0.02939202 -0.03152256 -0.00797016
v 0.02930855 -0.03120657 -0.00599573
v 0.02913064 -0.03109581 -0.00398411
v 0.02712753 -0.03072480 -0.00207297
v 0.02892666 -0.03104167 -0.00196223
v 0.02821476 -0.03084613 0.00001832
v 0.02874171 -0.03094621 0.00005216
v 0.02867471 -0.03093830 0.00067770
v 0.02814531 -0.02719437 0.01999175
v 0.03156355 -0.03205939 -0.00984454
v 0.03138592 -0.03194801 -0.00783303
v 0.03127357 -0.03169477 -0.00584724
v 0.03112435 -0.03152166 -0.00384692
v 0.03095043 -0.03140221 -0.00183687
v 0.03074953 -0.03134138 0.00018380
v 0.03029314 -0.03140334 0.00222127
v 0.03047005 -0.03145133 0.00223542
v 0.03045592 -0.03145691 0.00233906
v 0.03003369 -0.02792317 0.01988124
v 0.02997766 -0.02807471 0.01978704
v 0.02960832 -0.02789091 0.01986333
v 0.03329845 -0.03205289 -0.00572231
v 0.03317823 -0.03181676 -0.00373341
v 0.03295887 -0.03179605 -0.00170547
v 0.03278118 -0.03168481 0.00030606
v 0.03255362 -0.03168192 0.00233723
v 0.03187774 -0.03174340 0.00436859
v 0.03228222 -0.03177430 0.00438566
v 0.03217368 -0.03152684 0.00631502
v 0.03221265 -0.02794648 0.01994549
v 0.03181707 -0.02900491 0.01932509
v 0.03488764 -0.03186565 0.00039885
v 0.03467080 -0.03183947 0.00242580
v 0.03437122 -0.03199308 0.00448533
v 0.03219021 -0.03152401 0.00637259
v 0.03415592 -0.03196355 0.00651167
v 0.03394267 -0.03195903 0.00842220
v 0.03438074 -0.02799341 0.02001401
v 0.03365374 -0.02991571 0.01896323
v 0.03641112 -0.03231857 0.00460434
v 0.03620643 -0.03226598 0.00662650
v 0.03401904 -0.03197148 0.00854743
v 0.03599229 -0.03223394 0.00865239
v 0.03571466 -0.03241246 0.01041983
v 0.03561032 -0.03057710 0.01851059
v 0.03549915 -0.03088836 0.01828231
v 0.03509973 -0.03066271 0.01851319
v 0.03848115 -0.03257858 0.00471149
v 0.03830849 -0.03245639 0.00672103
v 0.03812679 -0.03235386 0.00873414
v 0.03589433 -0.03243938 0.01072750
v 0.03785354 -0.03245026 0.01078331
v 0.03677216 -0.03246863 0.01279519
v 0.03759686 -0.03251064 0.01282594
v 0.03743924 -0.03253061 0.01414708
v 0.03744594 -0.03184385 0.01676849
v 0.03739950 -0.03224952 0.01559714
v 0.03712544 -0.03191038 0.01677260
v 0.03798236 -0.03018083 0.01849879
v 0.04014499 -0.03222912 0.01080325
v 0.03996114 -0.03213125 0.01281721
v 0.03755809 -0.03245745 0.01485254
v 0.03978770 -0.03201076 0.01482706
v 0.03982747 -0.03142697 0.01675296
v -0.07095650 0.00954109 -0.01664277
v -0.07028966 0.00909361 -0.01741861
v -0.07141537 0.01009970 -0.01472566
v -0.07149453 0.01049132 -0.01276578
v -0.07148114 0.01084224 -0.01079547
v -0.07140501 0.01116556 -0.00881809
v -0.07138751 0.01151467 -0.00684732
v -0.07134441 0.01185253 -0.00487366
v -0.07120685 0.01214884 -0.00288936
v -0.07093769 0.01238728 -0.00089024
v -0.07004113 0.01432499 0.00079669
v -0.07076661 0.01246662 -0.00001804
v -0.07269587 0.01744217 0.02253731
v -0.07136329 0.01668626 0.02175011
v -0.07271238 0.01780623 0.02450425
v -0.07146498 0.01740543 0.02546016
v -0.06972292 0.00864178 -0.01847260
v -0.06840141 0.00781806 -0.01966209
v -0.07058422 0.01258863 0.00111839
v -0.07021949 0.01278504 0.00312828
v -0.06994344 0.01302045 0.00512818
v -0.06972379 0.01328066 0.00712173
v -0.06965318 0.01360642 0.00909848
v -0.06937708 0.01384180 0.01109839
v -0.06925844 0.01387887 0.01160418
v -0.07056396 0.01614779 0.02080869
v -0.06946310 0.01532623 0.01907080
v -0.06965500 0.01668333 0.02607175
v -0.06766729 0.00738096 -0.02020982
v -0.06654034 0.00673467 -0.02091433
v -0.06894193 0.01400724 0.01311622
v -0.06888809 0.01434037 0.01509108
v -0.06905143 0.01476901 0.01704148
v -0.06943389 0.01529401 0.01896720
v -0.06783428 0.01588529 0.02629163
v -0.06470548 0.00583670 -0.02120998
v -0.06599011 0.01492147 0.02565627
v -0.06288130 0.00501408 -0.02111694
v -0.06415162 0.01399770 0.02522746
v -0.06484134 0.01434474 0.02539099
v -0.06106524 0.00424903 -0.02072692
v -0.06231456 0.01308409 0.02485112
v -0.05924894 0.00348225 -0.02034577
v -0.06047249 0.01213509 0.02429222
v -0.05743523 0.00273379 -0.01987018
v -0.05862777 0.01116734 0.02363660
v -0.05962327 0.01169315 0.02401005
v -0.05485008 0.00379854 -0.01916405
v -0.05562712 0.00202494 -0.01919018
v -0.05677437 0.01013820 0.02266426
v -0.05436587 0.00153131 -0.01871129
v -0.05381972 0.00132109 -0.01848442
v -0.05490655 0.00900703 0.02116556
v -0.05631026 0.00987936 0.02241449
v -0.05202563 0.00071134 -0.01729324
v -0.05271195 0.00788105 0.01678658
v -0.05292352 0.00706114 0.01546391
v -0.05313632 0.00741311 0.01686566
v -0.05367776 0.00800803 0.01877346
v -0.05455269 0.00874961 0.02064370
v -0.05159861 0.00067114 -0.01643073
v -0.05131479 0.00090313 -0.01442996
v -0.05075876 0.00101541 -0.01239851
v -0.05048134 0.00125022 -0.01039846
v -0.05078943 0.00174251 -0.00846437
v -0.05118835 0.00227476 -0.00654051
v -0.05170480 0.00285868 -0.00462989
v -0.05189514 0.00329920 -0.00268253
v -0.05200065 0.00370241 -0.00072561
v -0.05177297 0.00395909 0.00126884
v -0.05169571 0.00428192 0.00324634
v -0.05183558 0.00470023 0.00519939
v -0.05221220 0.00522267 0.00712576
v -0.05226841 0.00560420 0.00908823
v -0.05245158 0.00604156 0.01103640
v -0.05257274 0.00645165 0.01299155
v -0.05283205 0.00692250 0.01493114
v 0.01018125 -0.02170672 0.00590425
v 0.01012298 -0.02133598 0.00786875
v 0.01009301 -0.02090373 0.00982211
v 0.01211669 -0.02275657 0.00412284
v 0.01199734 -0.02251854 0.00611140
v 0.01190873 -0.02221372 0.00808785
v 0.01187658 -0.02178622 0.01004206
v 0.01191212 -0.02121161 0.01196962
v 0.01385975 -0.02322971 0.00630030
v 0.01372580 -0.02302342 0.00829461
v 0.01361583 -0.02276500 0.01027947
v 0.01361473 -0.02227003 0.01222146
v 0.01367940 -0.02163212 0.01413754
v 0.01349882 -0.02152714 0.01615021
v 0.01345653 -0.02112166 0.01810842
v 0.01570159 -0.02398559 0.00649731
v 0.01554148 -0.02383613 0.00850192
v 0.01536700 -0.02371789 0.01051218
v 0.01533558 -0.02328881 0.01246611
v 0.01536781 -0.02272140 0.01439497
v 0.01507095 -0.02286908 0.01645343
v 0.01503678 -0.02244597 0.01840844
v 0.01748722 -0.02486360 0.00671646
v 0.01728114 -0.02481404 0.00873917
v 0.01713730 -0.02462923 0.01073737
v 0.01706212 -0.02429522 0.01270853
v 0.01700621 -0.02391933 0.01467210
v 0.01659816 -0.02430866 0.01677435
v 0.01665892 -0.02367925 0.01869197
v 0.01957424 -0.02757356 -0.00289086
v 0.01949665 -0.02724479 -0.00091875
v 0.01944593 -0.02685762 0.00104277
v 0.01937081 -0.02652349 0.00301391
v 0.01931070 -0.02615674 0.00497914
v 0.01912028 -0.02607314 0.00699568
v 0.01890219 -0.02604968 0.00902312
v 0.01879543 -0.02578429 0.01100672
v 0.01872530 -0.02543931 0.01297589
v 0.01853209 -0.02536177 0.01499353
v 0.01829704 -0.02556498 0.01628671
v 0.01756862 -0.02510847 0.01695599
v 0.01837338 -0.02471191 0.01893914
v 0.01825844 -0.02529197 0.01769509
v 0.01896169 -0.02293614 0.02064901
v 0.02137238 -0.02842437 -0.00267665
v 0.02118264 -0.02833931 -0.00066037
v 0.02106659 -0.02809411 0.00132689
v 0.02103092 -0.02767425 0.00328249
v 0.02094878 -0.02735536 0.00525639
v 0.02067018 -0.02746339 0.00730766
v 0.02046499 -0.02741189 0.00933002
v 0.02041845 -0.02701566 0.01128990
v 0.02031591 -0.02674110 0.01327184
v 0.02017534 -0.02677022 0.01440591
v 0.01953670 -0.02633080 0.01520891
v 0.02010128 -0.02571538 0.01918102
v 0.02005375 -0.02591034 0.01884185
v 0.02074464 -0.02381998 0.02086921
v 0.02316750 -0.02928178 -0.00246124
v 0.02295342 -0.02924959 -0.00043538
v 0.02281974 -0.02904271 0.00155882
v 0.02275700 -0.02868167 0.00352508
v 0.02262087 -0.02848010 0.00552024
v 0.02238779 -0.02848920 0.00755359
v 0.02213590 -0.02855719 0.00952408
v 0.02204103 -0.02850256 0.00958464
v 0.02150675 -0.02791079 0.01149325
v 0.02089906 -0.02728674 0.01339359
v 0.02199238 -0.02636419 0.01935863
v 0.02187936 -0.02674295 0.01888334
v 0.02263496 -0.02447050 0.02104713
v 0.02500934 -0.03003764 -0.00226423
v 0.02480687 -0.02998024 -0.00024294
v 0.02464878 -0.02982640 0.00176087
v 0.02454659 -0.02955108 0.00374267
v 0.02436968 -0.02943812 0.00575389
v 0.02417032 -0.02937396 0.00777395
v 0.02396206 -0.02939367 0.00954566
v 0.02394355 -0.02688248 0.01951258
v 0.02370765 -0.02759454 0.01882693
v 0.02690376 -0.03067925 -0.00208793
v 0.02674602 -0.03052465 -0.00008426
v 0.02657866 -0.03039095 0.00192320
v 0.02641012 -0.03025980 0.00393113
v 0.02623477 -0.03014348 0.00594174
v 0.02603296 -0.03008463 0.00796277
v 0.02434514 -0.02951585 0.00984422
v 0.02586613 -0.02994978 0.00997002
v 0.02535464 -0.02960300 0.01192675
v 0.02575648 -0.02969068 0.01195476
v 0.02571522 -0.02971394 0.01223021
v 0.02600613 -0.02715868 0.01962266
v 0.02554523 -0.02851178 0.01843189
v 0.02853066 -0.03090744 0.00207683
v 0.02830886 -0.03089202 0.00410573
v 0.02814492 -0.03075091 0.00611185
v 0.02797379 -0.03062539 0.00812079
v 0.02782021 -0.03046175 0.01012283
v 0.02771038 -0.03020303 0.01210763
v 0.02751838 -0.03038784 0.01309048
v 0.02800854 -0.02756563 0.01975643
v 0.02737662 -0.02938532 0.01826221
v 0.03020459 -0.03153079 0.00428151
v 0.03015545 -0.03114022 0.00624242
v 0.02998669 -0.03100956 0.00825043
v 0.02978280 -0.03095522 0.01027228
v 0.02961854 -0.03081480 0.01227852
v 0.02932177 -0.03106329 0.01394272
v 0.02931268 -0.02998730 0.01822363
v 0.02921916 -0.03033765 0.01768613
v 0.02823741 -0.02980035 0.01815792
v 0.03217066 -0.03151935 0.00637115
v 0.03204083 -0.03130408 0.00836383
v 0.03176824 -0.03139905 0.01041274
v 0.03159122 -0.03128635 0.01242400
v 0.03024178 -0.03139544 0.01444613
v 0.03119798 -0.03164347 0.01452042
v 0.03111809 -0.03168881 0.01505258
v 0.03134819 -0.03032232 0.01834437
v 0.03106152 -0.03128875 0.01711637
v 0.03393102 -0.03195490 0.00854180
v 0.03367880 -0.03200560 0.01058268
v 0.03351538 -0.03186332 0.01258859
v 0.03312035 -0.03222437 0.01468571
v 0.03290729 -0.03226388 0.01642266
v 0.03340139 -0.03061890 0.01845814
v 0.03289716 -0.03219226 0.01679212
v 0.03567806 -0.03241938 0.01071769
v 0.03551887 -0.03226794 0.01272194
v 0.03528259 -0.03228400 0.01475654
v 0.03298102 -0.03224329 0.01672353
v 0.03514844 -0.03207814 0.01675093
v 0.03738462 -0.03247448 0.01485108
v -0.07110783 0.00753069 -0.01625721
v -0.07113943 0.00747616 -0.01618955
v -0.07197341 0.00818958 -0.01437069
v -0.07218132 0.00863783 -0.01242532
v -0.07212654 0.00897054 -0.01045034
v -0.07204249 0.00929038 -0.00847207
v -0.07206169 0.00965563 -0.00650543
v -0.07194525 0.00996123 -0.00452351
v -0.07180763 0.01025752 -0.00253921
v -0.07165249 0.01054610 -0.00055293
v -0.07157822 0.01057922 -0.00018158
v -0.07251905 0.01520888 0.02297507
v -0.07220399 0.01500461 0.02264800
v -0.07196742 0.01610765 0.02485393
v -0.07223516 0.01522502 0.02378502
v -0.07051050 0.00683261 -0.01814349
v -0.06922595 0.00602210 -0.01935398
v -0.07112703 0.00746056 -0.01624414
v -0.07126940 0.01073443 0.00145903
v -0.07082269 0.01089479 0.00347816
v -0.07042230 0.01107551 0.00549207
v -0.07030892 0.01138246 0.00747364
v -0.07022013 0.01170022 0.00945245
v -0.06965353 0.01289594 0.01127416
v -0.07004820 0.01183699 0.01064374
v -0.06952986 0.01515416 0.01899168
v -0.07075983 0.01372160 0.01923566
v -0.07025983 0.01333359 0.01836432
v -0.07150174 0.01440468 0.02112087
v -0.07114046 0.01495941 0.02509918
v -0.07045385 0.01470574 0.02544295
v -0.06858455 0.00562882 -0.01989531
v -0.06735865 0.00489466 -0.02083338
v -0.06991572 0.01192315 0.01145555
v -0.06962350 0.01215145 0.01345727
v -0.06964677 0.01251849 0.01542345
v -0.06989666 0.01298519 0.01736410
v -0.06864096 0.01396303 0.02594824
v -0.06552250 0.00398755 -0.02117619
v -0.06679987 0.01306216 0.02558593
v -0.06680425 0.01305196 0.02558499
v -0.06681741 0.01305824 0.02558621
v -0.06369644 0.00315169 -0.02115145
v -0.06496481 0.01212150 0.02512169
v -0.06187927 0.00237873 -0.02080225
v -0.06312841 0.01121256 0.02476944
v -0.06006447 0.00162256 -0.02036642
v -0.06128983 0.01028821 0.02433768
v -0.05824944 0.00086482 -0.01993867
v -0.05944184 0.00929734 0.02356276
v -0.06107159 0.01017455 0.02426473
v -0.05643747 0.00012861 -0.01939982
v -0.05751568 0.00845104 0.02265832
v -0.05758988 0.00827835 0.02264281
v -0.05766322 0.00831883 0.02267991
v -0.05408169 0.00071008 -0.01854431
v -0.05463249 -0.00055809 -0.01860561
v -0.05571532 0.00710767 0.02093011
v -0.05571617 0.00710561 0.02092963
v -0.05571674 0.00710601 0.02093039
v -0.05383508 -0.00085764 -0.01823366
v -0.05283437 -0.00119632 -0.01756131
v -0.05327130 0.00616821 0.01506531
v -0.05368814 0.00484145 0.01358615
v -0.05383165 0.00520657 0.01523636
v -0.05426763 0.00575511 0.01715604
v -0.05491922 0.00639847 0.01905144
v -0.05198202 -0.00131577 -0.01605609
v -0.05158018 -0.00113568 -0.01404202
v -0.05082472 -0.00023678 -0.01215759
v -0.05113338 -0.00114760 -0.01297325
v -0.05047607 0.00101821 -0.01035334
v -0.05081402 0.00078122 -0.00827870
v -0.05131284 0.00012149 -0.00642632
v -0.05143118 0.00022602 -0.00615003
v -0.05204654 0.00085345 -0.00425055
v -0.05232658 0.00133341 -0.00231330
v -0.05254821 0.00178768 -0.00036946
v -0.05231261 0.00204088 0.00162588
v -0.05242822 0.00244853 0.00358166
v -0.05278957 0.00296425 0.00550975
v -0.05311518 0.00346425 0.00744187
v -0.05342398 0.00395686 0.00937588
v -0.05360261 0.00439222 0.01132456
v -0.05365855 0.00477363 0.01328706
v -0.05092993 -0.00106484 -0.01199996
v -0.05060579 -0.00085058 -0.00999464
v -0.05093758 -0.00034786 -0.00806322
v 0.01818982 -0.02560816 0.01706988
v 0.02007040 -0.02677721 0.01531007
v 0.01986234 -0.02673196 0.01733357
v 0.02212905 -0.02855408 0.00959704
v 0.02203286 -0.02826572 0.01157647
v 0.02189383 -0.02807046 0.01357278
v 0.02168778 -0.02802083 0.01559548
v 0.02163787 -0.02763192 0.01755669
v 0.02393514 -0.02938763 0.00980812
v 0.02379033 -0.02920493 0.01180670
v 0.02359688 -0.02912793 0.01382444
v 0.02333891 -0.02919113 0.01586759
v 0.02343914 -0.02847595 0.01776967
v 0.02548108 -0.02979175 0.01400477
v 0.02521017 -0.02988306 0.01605301
v 0.02537999 -0.02901667 0.01792769
v 0.02735848 -0.03047035 0.01418777
v 0.02711351 -0.03050530 0.01622580
v 0.02731110 -0.02957855 0.01808954
v 0.02926771 -0.03107976 0.01435824
v 0.02906519 -0.03102248 0.01637955
v 0.03097581 -0.03162887 0.01654946
v 0.03288376 -0.03224110 0.01672044
v -0.07250236 0.00626666 -0.01401245
v -0.07197728 0.00577431 -0.01539588
v -0.07285049 0.00677657 -0.01208286
v -0.07272615 0.00707869 -0.01010005
v -0.07264712 0.00740075 -0.00812235
v -0.07277361 0.00781318 -0.00616780
v -0.07271389 0.00814373 -0.00419227
v -0.07261950 0.00845902 -0.00221283
v -0.07248387 0.00875618 -0.00022875
v -0.07240891 0.00882675 0.00035097
v -0.07233987 0.01480094 0.02305906
v -0.07127971 0.00501536 -0.01781231
v -0.07005255 0.00424070 -0.01897064
v -0.07187511 0.00563401 -0.01591058
v -0.07220450 0.00899013 0.00177152
v -0.07171616 0.00913218 0.00379534
v -0.07122669 0.00927373 0.00581929
v -0.07100067 0.00953113 0.00781355
v -0.07065573 0.01022077 0.00972729
v -0.07082700 0.00971757 0.00928328
v -0.07159607 0.01193382 0.01955929
v -0.07107816 0.01149372 0.01844603
v -0.07188176 0.01241627 0.02149590
v -0.07148923 0.01260045 0.02350893
v -0.07060113 0.01431842 0.02523822
v -0.07122811 0.01255416 0.02391658
v -0.06936349 0.00381584 -0.01956523
v -0.06818255 0.00309416 -0.02054862
v -0.07078387 0.00979260 0.00980678
v -0.07063331 0.01008319 0.01179254
v -0.07046624 0.01036653 0.01378017
v -0.07039085 0.01069018 0.01575746
v -0.07081930 0.01123541 0.01767799
v -0.06894932 0.01314960 0.02551006
v -0.06943003 0.01191621 0.02496230
v -0.06634356 0.00216697 -0.02099499
v -0.06760797 0.01110879 0.02513378
v -0.06416470 0.00209325 -0.02112678
v -0.06515405 0.00160782 -0.02105980
v -0.06451215 0.00129327 -0.02116548
v -0.06576915 0.01018267 0.02469288
v -0.06237410 0.00122603 -0.02090959
v -0.06268893 0.00047755 -0.02103686
v -0.06393628 0.00929869 0.02446935
v -0.06133272 -0.00007271 -0.02062929
v -0.06087652 -0.00026170 -0.02051370
v -0.06157338 0.00964740 0.02435316
v -0.06210713 0.00844107 0.02438184
v -0.06333126 0.00901276 0.02442799
v -0.05906451 -0.00099815 -0.01997613
v -0.06026071 0.00746126 0.02366400
v -0.05725420 -0.00172257 -0.01937647
v -0.05840808 0.00643758 0.02271984
v -0.05886981 0.00669392 0.02296181
v -0.05544876 -0.00241252 -0.01859906
v -0.05653258 0.00525210 0.02094096
v -0.05674311 0.00540184 0.02123260
v -0.05351245 -0.00281116 -0.01784614
v -0.05364239 -0.00310914 -0.01785598
v -0.05432394 0.00238871 0.00965519
v -0.05439480 0.00221185 0.00959379
v -0.05441088 0.00223534 0.00968254
v -0.05460453 0.00267731 0.01162952
v -0.05371479 0.00420976 0.01135686
v -0.05466754 0.00306183 0.01359123
v -0.05376438 0.00459937 0.01331794
v -0.05482382 0.00348736 0.01554242
v -0.05523227 0.00402380 0.01746521
v -0.05588541 0.00466784 0.01936043
v -0.05349908 -0.00316095 -0.01777796
v -0.05210766 -0.00341605 -0.01565241
v -0.05182235 -0.00290200 -0.01370626
v -0.05191115 -0.00327438 -0.01437164
v -0.05146970 -0.00014621 -0.00607893
v -0.05219540 -0.00126419 -0.00400158
v -0.05226380 -0.00120655 -0.00385719
v -0.05258611 -0.00070800 -0.00192470
v -0.05276543 -0.00027233 0.00002390
v -0.05299447 0.00018520 0.00196690
v -0.05330537 0.00067874 0.00390068
v -0.05372184 0.00121870 0.00582256
v -0.05409078 0.00173776 0.00774980
v -0.05186521 -0.00316587 -0.01365629
v -0.05113779 -0.00312897 -0.01160554
v -0.05088331 -0.00288408 -0.00960807
v -0.05133315 -0.00232944 -0.00768994
v -0.05177817 -0.00177692 -0.00577128
v -0.07292196 0.00429568 -0.01364188
v -0.07283351 0.00420248 -0.01393152
v -0.07319471 0.00477243 -0.01170381
v -0.07316406 0.00511576 -0.00973155
v -0.07326699 0.00551784 -0.00777435
v -0.07341395 0.00593927 -0.00582210
v -0.07345307 0.00631328 -0.00385771
v -0.07340830 0.00665040 -0.00188386
v -0.07330326 0.00696101 0.00009677
v -0.07323577 0.00704721 0.00074380
v -0.07190276 0.00313384 -0.01746466
v -0.07088263 0.00248399 -0.01846006
v -0.07255701 0.00377837 -0.01556957
v -0.07308147 0.00722028 0.00209056
v -0.07265327 0.00738878 0.00410760
v -0.07208340 0.00749497 0.00614061
v -0.07164255 0.00765790 0.00815907
v -0.07161762 0.00768175 0.00835397
v -0.07205591 0.00998053 0.01992532
v -0.07190828 0.00973726 0.01895789
v -0.07152782 0.01130996 0.02172005
v -0.07194497 0.00999672 0.02029640
v -0.07132039 0.01225808 0.02357992
v -0.07023008 0.00204143 -0.01924502
v -0.06900226 0.00126407 -0.02041659
v -0.07147242 0.00793989 0.01014704
v -0.07146235 0.00829227 0.01211698
v -0.07124313 0.00855267 0.01411048
v -0.07120629 0.00889327 0.01608343
v -0.07176358 0.00949516 0.01798945
v -0.07101790 0.00988084 0.02201106
v -0.06986998 0.01065165 0.02393107
v -0.07019081 0.00966943 0.02294471
v -0.06684275 0.00103200 -0.02099447
v -0.06755640 0.00050880 -0.02091261
v -0.06715550 0.00028193 -0.02114645
v -0.06822017 0.00947846 0.02420371
v -0.06839533 0.00904991 0.02408555
v -0.06531782 -0.00063610 -0.02154564
v -0.06629171 0.00891085 0.02436660
v -0.06657568 0.00825940 0.02434418
v -0.06349530 -0.00144683 -0.02139124
v -0.06412580 0.00885919 0.02443598
v -0.06475192 0.00743990 0.02445333
v -0.06097598 -0.00049404 -0.02053784
v -0.06168375 -0.00218001 -0.02083677
v -0.06292464 0.00659543 0.02443368
v -0.05983008 -0.00276218 -0.02006677
v -0.05987783 -0.00287341 -0.02007711
v -0.06107820 0.00561553 0.02371538
v -0.05974546 -0.00292626 -0.02003264
v -0.05806890 -0.00358804 -0.01942700
v -0.05922901 0.00461615 0.02289655
v -0.05994885 0.00501294 0.02325808
v -0.05626380 -0.00427562 -0.01863728
v -0.05734421 0.00336495 0.02077864
v -0.05785149 0.00373376 0.02152557
v -0.05445739 -0.00497246 -0.01789535
v -0.05453704 0.00192565 0.00973911
v -0.05524048 0.00056550 0.01067367
v -0.05540587 0.00087420 0.01195708
v -0.05562719 0.00132834 0.01390095
v -0.05579287 0.00175801 0.01585109
v -0.05611146 0.00225492 0.01778400
v -0.05680513 0.00291679 0.01967465
v -0.05342499 -0.00534905 -0.01735178
v -0.05230866 -0.00445613 -0.01545630
v -0.05268477 -0.00543034 -0.01592073
v -0.05238814 -0.00164460 -0.00377568
v -0.05306876 -0.00271478 -0.00191179
v -0.05311004 -0.00263310 -0.00156589
v -0.05328645 -0.00219871 0.00038304
v -0.05360026 -0.00170390 0.00231649
v -0.05395960 -0.00118906 0.00424481
v -0.05435432 -0.00065867 0.00616914
v -0.05482240 -0.00009601 0.00808521
v -0.05515493 0.00040704 0.01001655
v -0.05253134 -0.00538525 -0.01528230
v -0.05230658 -0.00512729 -0.01328818
v -0.05123648 -0.00524108 -0.01119882
v -0.05111410 -0.00493810 -0.00921623
v -0.05147080 -0.00442442 -0.00728762
v -0.05223966 -0.00372949 -0.00540543
v -0.05284199 -0.00310779 -0.00350449
v -0.07297729 0.00396573 -0.01357944
v -0.07326566 0.00383648 -0.01152432
v -0.07327476 0.00431407 -0.00957918
v -0.07353156 0.00425343 -0.00753650
v -0.07387220 0.00401058 -0.00546080
v -0.07389375 0.00407342 -0.00502420
v -0.07394938 0.00437602 -0.00349578
v -0.07381887 0.00512123 -0.00159869
v -0.07394473 0.00443390 -0.00316459
v -0.07354892 0.00620520 0.00023655
v -0.07246670 0.00122632 -0.01711036
v -0.07171525 0.00074515 -0.01785721
v -0.07321071 0.00191033 -0.01522538
v -0.07346283 0.00237801 -0.01328498
v -0.07352534 0.00276231 -0.01132322
v -0.07360049 0.00315216 -0.00936288
v -0.07373495 0.00356810 -0.00740923
v -0.07387845 0.00398802 -0.00545659
v -0.07391567 0.00471800 -0.00152318
v -0.07389835 0.00506719 0.00044757
v -0.07373914 0.00535398 0.00243431
v -0.07333916 0.00553489 0.00444817
v -0.07276657 0.00563988 0.00648148
v -0.07178573 0.00726792 0.00823074
v -0.07242867 0.00579043 0.00817022
v -0.07207692 0.00961940 0.01999474
v -0.07097046 0.00021150 -0.01891060
v -0.06982627 -0.00053558 -0.02012748
v -0.07237641 0.00582511 0.00849424
v -0.07212896 0.00607309 0.01049091
v -0.07198572 0.00636690 0.01247585
v -0.07186696 0.00667148 0.01445803
v -0.07186248 0.00702632 0.01642734
v -0.07223161 0.00754546 0.01835456
v -0.07207724 0.00783438 0.02034075
v -0.07058386 0.00860301 0.02227066
v -0.07097537 0.00759072 0.02179422
v -0.06870838 -0.00114011 -0.02062455
v -0.06797195 -0.00157121 -0.02113329
v -0.07040707 0.00745668 0.02249771
v -0.06920245 0.00713083 0.02375856
v -0.06612915 -0.00252542 -0.02171910
v -0.06739244 0.00640844 0.02436864
v -0.06430540 -0.00334493 -0.02160999
v -0.06556781 0.00558275 0.02444584
v -0.06248976 -0.00410703 -0.02120474
v -0.06374104 0.00474193 0.02444501
v -0.06068066 -0.00482286 -0.02056078
v -0.06189809 0.00378672 0.02385402
v -0.05856876 -0.00477951 -0.01964114
v -0.05887556 -0.00551042 -0.01977099
v -0.06004669 0.00277165 0.02295429
v -0.06112659 0.00337535 0.02354324
v -0.05817802 -0.00577112 -0.01943822
v -0.05707310 -0.00617936 -0.01888515
v -0.05815958 0.00150416 0.02075236
v -0.05896724 0.00206891 0.02181771
v -0.05527101 -0.00684562 -0.01798546
v -0.05559834 0.00011682 0.01209862
v -0.05614151 -0.00068956 0.01377220
v -0.05621907 -0.00056689 0.01425211
v -0.05636489 -0.00014596 0.01620448
v -0.05678076 0.00039374 0.01812643
v -0.05764041 0.00112860 0.01999838
v -0.05348531 -0.00747805 -0.01694074
v -0.05347330 -0.00748099 -0.01692643
v -0.05311941 -0.00273627 -0.00154614
v -0.05355313 -0.00318137 0.00056622
v -0.05397965 -0.00390007 0.00154670
v -0.05422107 -0.00358641 0.00266439
v -0.05449230 -0.00311032 0.00460263
v -0.05474895 -0.00264065 0.00654252
v -0.05501476 -0.00216694 0.00848138
v -0.05547479 -0.00160783 0.01039835
v -0.05590908 -0.00106003 0.01231823
v -0.05252548 -0.00754335 -0.01486380
v -0.05211762 -0.00736591 -0.01284905
v -0.05125567 -0.00593141 -0.01106553
v -0.05177544 -0.00741013 -0.01222415
v -0.05113506 -0.00517196 -0.00917147
v -0.05180779 -0.00613643 -0.00696499
v -0.05192811 -0.00633048 -0.00665449
v -0.05248507 -0.00577709 -0.00501524
v -0.05295031 -0.00521568 -0.00309885
v -0.05318622 -0.00475513 -0.00115663
v -0.05371909 -0.00416398 0.00075214
v -0.05134808 -0.00734753 -0.01079356
v -0.05127731 -0.00702185 -0.00881678
v -0.05185903 -0.00640922 -0.00691352
v -0.07396823 0.00429928 -0.00348143
v -0.07242538 -0.00058790 -0.01675755
v -0.07256895 -0.00084456 -0.01648504
v -0.07363660 -0.00005792 -0.01485552
v -0.07388801 0.00040945 -0.01291504
v -0.07401797 0.00082341 -0.01096088
v -0.07416181 0.00124348 -0.00900828
v -0.07429718 0.00165982 -0.00705473
v -0.07439958 0.00206166 -0.00509747
v -0.07435872 0.00240050 -0.00312406
v -0.07427285 0.00271954 -0.00114558
v -0.07432539 0.00309946 0.00081730
v -0.07427419 0.00343374 0.00279187
v -0.07400424 0.00367183 0.00479108
v -0.07355166 0.00382960 0.00681087
v -0.07324427 0.00393123 0.00815217
v -0.07159959 -0.00166736 -0.01856363
v -0.07065753 -0.00228401 -0.01957407
v -0.07250456 -0.00091257 -0.01669678
v -0.07310155 0.00398847 0.00883038
v -0.07275020 0.00419076 0.01083877
v -0.07244016 0.00441122 0.01284250
v -0.07228541 0.00469997 0.01482873
v -0.07236778 0.00509300 0.01678825
v -0.07265467 0.00557598 0.01872474
v -0.07223485 0.00574815 0.02074083
v -0.07178466 0.00568694 0.02154619
v -0.06961790 -0.00289567 -0.02030918
v -0.06879217 -0.00339768 -0.02098249
v -0.06993520 0.00525434 0.02293756
v -0.06999537 0.00511124 0.02291307
v -0.06694505 -0.00438253 -0.02172636
v -0.06985626 0.00505892 0.02297760
v -0.06819842 0.00448123 0.02399972
v -0.06511954 -0.00521445 -0.02168126
v -0.06638059 0.00370360 0.02432487
v -0.06330150 -0.00599351 -0.02136353
v -0.06455281 0.00285566 0.02428729
v -0.06148816 -0.00673933 -0.02087427
v -0.06271327 0.00192455 0.02382070
v -0.05967662 -0.00747247 -0.02031960
v -0.06085852 0.00088583 0.02279892
v -0.06264797 0.00188888 0.02378968
v -0.05758321 -0.00739610 -0.01910692
v -0.05788006 -0.00809967 -0.01921845
v -0.05898031 -0.00031875 0.02092154
v -0.05991887 0.00033188 0.02212834
v -0.05721862 -0.00834858 -0.01891229
v -0.05607939 -0.00875593 -0.01826718
v -0.05625885 -0.00082111 0.01430030
v -0.05663371 -0.00113830 0.01638947
v -0.05705156 -0.00188078 0.01720012
v -0.05742623 -0.00147794 0.01847155
v -0.05852762 -0.00063677 0.02031627
v -0.05348157 -0.00750224 -0.01693595
v -0.05428166 -0.00939138 -0.01720857
v -0.05462505 -0.00501328 0.00292991
v -0.05485509 -0.00533609 0.00371174
v -0.05502650 -0.00503093 0.00496029
v -0.05523523 -0.00458233 0.00690558
v -0.05546040 -0.00412650 0.00884901
v -0.05583594 -0.00360454 0.01077551
v -0.05629130 -0.00304748 0.01269301
v -0.05659810 -0.00255575 0.01462725
v -0.05691754 -0.00205845 0.01656006
v -0.05347333 -0.00963886 -0.01652155
v -0.05221239 -0.00900512 -0.01457187
v -0.05250885 -0.00985055 -0.01524056
v -0.05199490 -0.00803515 -0.01271596
v -0.05279901 -0.00779859 -0.00465498
v -0.05280440 -0.00779220 -0.00463338
v -0.05305402 -0.00732561 -0.00269270
v -0.05348410 -0.00677966 -0.00077235
v -0.05417998 -0.00611682 0.00111805
v -0.05473002 -0.00551812 0.00302489
v -0.05193882 -0.00995689 -0.01437987
v -0.05139780 -0.00983801 -0.01235012
v -0.05114424 -0.00959271 -0.01035275
v -0.05148932 -0.00908415 -0.00842283
v -0.05232200 -0.00836115 -0.00654783
v -0.07330514 -0.00200226 -0.01446953
v -0.07346724 -0.00211892 -0.01348610
v -0.07377115 -0.00179745 -0.01248404
v -0.07429054 -0.00121223 -0.01057375
v -0.07454399 -0.00074396 -0.00863350
v -0.07460273 -0.00036132 -0.00667132
v -0.07461888 0.00000258 -0.00470434
v -0.07439686 0.00026175 -0.00271052
v -0.07419455 0.00052959 -0.00071893
v -0.07410136 0.00084542 0.00126037
v -0.07420822 0.00124922 0.00321714
v -0.07423797 0.00161911 0.00518259
v -0.07400664 0.00194449 0.00716382
v -0.07403062 0.00186522 0.00706713
v -0.07147911 -0.00378722 -0.01814941
v -0.07151381 -0.00385544 -0.01810770
v -0.07309101 -0.00281018 -0.01634502
v -0.07334238 -0.00234282 -0.01440454
v -0.07402029 0.00188018 0.00717591
v -0.07362561 0.00206342 0.00918918
v -0.07327131 0.00226441 0.01119789
v -0.07298030 0.00249324 0.01319948
v -0.07251452 0.00264521 0.01522076
v -0.07244597 0.00306451 0.01717932
v -0.07246261 0.00285432 0.01650644
v -0.07248508 0.00301325 0.01732629
v -0.07307549 0.00360552 0.01909516
v -0.07274934 0.00381890 0.02110071
v -0.07259616 0.00379881 0.02137881
v -0.07026167 -0.00476807 -0.01996387
v -0.06962177 -0.00515781 -0.02048955
v -0.07149488 -0.00386892 -0.01813400
v -0.07245750 0.00297694 0.01719598
v -0.07081637 0.00329029 0.02309229
v -0.06776800 -0.00618963 -0.02147569
v -0.06985024 0.00290075 0.02339612
v -0.06900789 0.00257875 0.02375834
v -0.06542059 -0.00589136 -0.02165140
v -0.06676151 -0.00666416 -0.02153835
v -0.06593402 -0.00708148 -0.02173980
v -0.06719217 0.00181608 0.02416064
v -0.06363193 -0.00676278 -0.02143345
v -0.06410960 -0.00790568 -0.02165491
v -0.06536568 0.00097724 0.02417002
v -0.06202617 -0.00803166 -0.02114347
v -0.06229292 -0.00867513 -0.02128755
v -0.06282055 0.00168175 0.02382510
v -0.06353073 0.00007855 0.02387063
v -0.06433492 0.00047524 0.02401747
v -0.06088862 -0.00924692 -0.02087672
v -0.06048071 -0.00941303 -0.02075746
v -0.06168374 -0.00090525 0.02313219
v -0.05868343 -0.01004528 -0.01968236
v -0.05981532 -0.00204063 0.02161181
v -0.06054013 -0.00155042 0.02247618
v -0.05653261 -0.00987133 -0.01859831
v -0.05688226 -0.01070504 -0.01874917
v -0.05791184 -0.00342393 0.01881240
v -0.05792224 -0.00341532 0.01883351
v -0.05902487 -0.00257361 0.02067809
v -0.05588861 -0.01108900 -0.01834462
v -0.05507786 -0.01138765 -0.01793380
v -0.05511780 -0.00558665 0.00506551
v -0.05540502 -0.00571340 0.00712018
v -0.05570204 -0.00586146 0.00917870
v -0.05583895 -0.00600533 0.00983234
v -0.05606327 -0.00566008 0.01116773
v -0.05639492 -0.00515743 0.01309917
v -0.05672714 -0.00465452 0.01503054
v -0.05723825 -0.00407293 0.01694176
v -0.05308651 -0.01140196 -0.01616918
v -0.05329492 -0.01191856 -0.01633592
v -0.05280680 -0.00780990 -0.00463001
v -0.05312894 -0.00801254 -0.00256160
v -0.05373137 -0.00883201 -0.00041309
v -0.05373922 -0.00882299 -0.00038326
v -0.05433020 -0.00820628 0.00151897
v -0.05487180 -0.00761129 0.00342675
v -0.05515283 -0.00713089 0.00536389
v -0.05541806 -0.00665744 0.00730282
v -0.05571021 -0.00617216 0.00923870
v -0.05297936 -0.01201161 -0.01604806
v -0.05149380 -0.01220182 -0.01393251
v -0.05153219 -0.01230647 -0.01400029
v -0.05113880 -0.01093303 -0.01213076
v -0.05110555 -0.01036341 -0.01020230
v -0.05151315 -0.01075175 -0.00810023
v -0.05171511 -0.01101285 -0.00732679
v -0.05234007 -0.01050872 -0.00613203
v -0.05286088 -0.00992287 -0.00422191
v -0.05311982 -0.00945219 -0.00228228
v -0.05149858 -0.01230602 -0.01391244
v -0.05123206 -0.01206642 -0.01191361
v -0.05116878 -0.01173744 -0.00993768
v -0.05152442 -0.01122423 -0.00800895
v -0.07373330 -0.00243526 -0.01235937
v -0.07425163 -0.00306423 -0.01021368
v -0.07439660 -0.00317358 -0.00935377
v -0.07461340 -0.00286897 -0.00822348
v -0.07465136 -0.00249546 -0.00625896
v -0.07448136 -0.00207131 -0.00429855
v -0.07452204 -0.00228652 -0.00477763
v -0.07429522 -0.00116945 -0.00243030
v -0.07408288 -0.00021067 -0.00057237
v -0.07402368 0.00041536 0.00134587
v -0.07415356 0.00063051 0.00333857
v -0.07426261 0.00089092 0.00532307
v -0.07346528 -0.00480111 -0.01596934
v -0.07235564 -0.00552913 -0.01716874
v -0.07366248 -0.00435758 -0.01402276
v -0.07395751 -0.00387103 -0.01208720
v -0.07427329 -0.00337535 -0.01015397
v -0.07448895 -0.00221008 -0.00427186
v -0.07436713 -0.00190685 -0.00228933
v -0.07416791 -0.00163765 -0.00029809
v -0.07407778 -0.00132048 0.00168087
v -0.07418665 -0.00091580 0.00363740
v -0.07433888 -0.00049204 0.00558906
v -0.07402615 -0.00027277 0.00759309
v -0.07375815 -0.00003382 0.00959208
v -0.07358844 0.00024835 0.01158000
v -0.07352271 0.00057625 0.01355621
v -0.07265520 0.00211249 0.01532017
v -0.07323443 0.00068561 0.01489163
v -0.07308312 0.00217738 0.01937179
v -0.07286641 0.00314565 0.02122800
v -0.07044673 -0.00679944 -0.01957517
v -0.07046328 -0.00683374 -0.01956214
v -0.07202828 -0.00578988 -0.01777626
v -0.07303158 0.00071707 0.01558034
v -0.07282147 0.00098148 0.01757282
v -0.07315382 0.00148444 0.01950417
v -0.07323188 0.00187558 0.02146418
v -0.07163565 0.00145716 0.02320869
v -0.07045633 -0.00683799 -0.01956796
v -0.06859307 -0.00798185 -0.02114828
v -0.06955058 0.00133195 0.02370844
v -0.06982377 0.00072157 0.02375066
v -0.06802474 -0.00826415 -0.02126283
v -0.06674550 -0.00896976 -0.02190790
v -0.06910662 0.00041819 0.02389773
v -0.06800785 -0.00004250 0.02414577
v -0.06491413 -0.00984309 -0.02207645
v -0.06607761 -0.00063765 0.02418543
v -0.06618234 -0.00087444 0.02419072
v -0.06668379 -0.00064731 0.02417068
v -0.06309724 -0.01061408 -0.02171709
v -0.06435335 -0.00173098 0.02410878
v -0.06055890 -0.00960147 -0.02079895
v -0.06128445 -0.01135604 -0.02120791
v -0.06251160 -0.00267769 0.02356167
v -0.05985454 -0.01185721 -0.02034238
v -0.05948681 -0.01199083 -0.02014591
v -0.06065569 -0.00372460 0.02249767
v -0.06107892 -0.00346901 0.02283332
v -0.05768860 -0.01262972 -0.01910503
v -0.05793361 -0.00346560 0.01884294
v -0.05876379 -0.00502603 0.02012063
v -0.05923186 -0.00463811 0.02107261
v -0.05538867 -0.01214373 -0.01812646
v -0.05588410 -0.01331300 -0.01829314
v -0.05613943 -0.00631455 0.01129251
v -0.05649703 -0.00659422 0.01337489
v -0.05679059 -0.00690241 0.01477760
v -0.05691574 -0.00672710 0.01542713
v -0.05749673 -0.00611479 0.01733048
v -0.05838531 -0.00536720 0.01919918
v -0.05504874 -0.01361388 -0.01783216
v -0.05408825 -0.01393520 -0.01716618
v -0.05374050 -0.00884409 -0.00037920
v -0.05441712 -0.00981700 0.00182881
v -0.05463602 -0.01006141 0.00281779
v -0.05486416 -0.00977018 0.00384545
v -0.05512194 -0.00930001 0.00578521
v -0.05544553 -0.00880089 0.00771756
v -0.05578532 -0.00829465 0.00964808
v -0.05616113 -0.00777258 0.01157454
v -0.05654115 -0.00724864 0.01350053
v -0.05291102 -0.01419720 -0.01562253
v -0.05232930 -0.01429636 -0.01469256
v -0.05227467 -0.01190914 -0.00585878
v -0.05261568 -0.01227113 -0.00424489
v -0.05270929 -0.01214507 -0.00378699
v -0.05298079 -0.01166886 -0.00184878
v -0.05364798 -0.01101864 0.00004486
v -0.05445067 -0.01030883 0.00192323
v -0.05169114 -0.01437686 -0.01351630
v -0.05111905 -0.01427165 -0.01148304
v -0.05097465 -0.01397835 -0.00949797
v -0.05150490 -0.01338835 -0.00758891
v -0.05224932 -0.01270416 -0.00570397
v -0.07462845 -0.00338567 -0.00812374
v -0.07463410 -0.00290057 -0.00617996
v -0.07307612 -0.00676015 -0.01557893
v -0.07323861 -0.00691189 -0.01472901
v -0.07370538 -0.00649424 -0.01360975
v -0.07420202 -0.00591903 -0.01169690
v -0.07454591 -0.00541098 -0.00976685
v -0.07464714 -0.00500966 -0.00780945
v -0.07457440 -0.00468484 -0.00583245
v -0.07439639 -0.00440632 -0.00384360
v -0.07433579 -0.00407616 -0.00186797
v -0.07422624 -0.00376753 0.00011318
v -0.07403418 -0.00349519 0.00210362
v -0.07421247 -0.00305997 0.00405233
v -0.07430478 -0.00266257 0.00601073
v -0.07388968 -0.00248831 0.00802630
v -0.07370169 -0.00165365 0.00990763
v -0.07386862 -0.00245652 0.00825521
v -0.07363270 -0.00100637 0.01182201
v -0.07351480 -0.00025279 0.01371713
v -0.07247226 -0.00775015 -0.01740844
v -0.07130437 -0.00851268 -0.01865031
v -0.07309459 -0.00711966 -0.01550975
v -0.07376441 -0.00218660 0.01000922
v -0.07373243 -0.00184385 0.01198162
v -0.07360812 -0.00154172 0.01396443
v -0.07319214 -0.00136785 0.01598009
v -0.07293192 -0.00112548 0.01797821
v -0.07342050 -0.00055381 0.01989197
v -0.07341372 -0.00019998 0.02186153
v -0.07244439 -0.00045051 0.02294052
v -0.07081104 -0.00883753 -0.01919009
v -0.06942721 -0.00970986 -0.02048959
v -0.07063763 -0.00114990 0.02366927
v -0.06851930 -0.01020218 -0.02090070
v -0.06756759 -0.01078302 -0.02168902
v -0.06824017 -0.00057872 0.02411473
v -0.06882157 -0.00191497 0.02405922
v -0.06573042 -0.01169739 -0.02206928
v -0.06700145 -0.00270881 0.02430074
v -0.06390880 -0.01250181 -0.02188232
v -0.06517343 -0.00355841 0.02425460
v -0.06208472 -0.01332359 -0.02178493
v -0.06333658 -0.00447054 0.02388587
v -0.05965050 -0.01238569 -0.02023434
v -0.06028808 -0.01395137 -0.02068675
v -0.06148580 -0.00548114 0.02300921
v -0.06179695 -0.00530876 0.02317027
v -0.05886587 -0.01444754 -0.01981316
v -0.05849064 -0.01458474 -0.01961745
v -0.05937922 -0.00610954 0.02135380
v -0.05962196 -0.00658414 0.02165584
v -0.05668516 -0.01527502 -0.01884166
v -0.05692157 -0.00701939 0.01548363
v -0.05755202 -0.00789197 0.01767346
v -0.05769943 -0.00810215 0.01816150
v -0.05839871 -0.00751684 0.01961550
v -0.05940121 -0.00671916 0.02147137
v -0.05446345 -0.01489143 -0.01756847
v -0.05488485 -0.01592875 -0.01787733
v -0.05482896 -0.01021457 0.00393256
v -0.05503661 -0.01016842 0.00595589
v -0.05531731 -0.01028100 0.00800798
v -0.05564220 -0.01057281 0.00975268
v -0.05571133 -0.01048272 0.01007425
v -0.05609935 -0.00995527 0.01199934
v -0.05644073 -0.00944834 0.01392968
v -0.05684719 -0.00891278 0.01585269
v -0.05753207 -0.00825478 0.01774434
v -0.05433378 -0.01608383 -0.01733378
v -0.05279978 -0.01553708 -0.01535975
v -0.05311702 -0.01635270 -0.01572768
v -0.05268095 -0.01229461 -0.00375723
v -0.05301008 -0.01251245 -0.00168605
v -0.05354741 -0.01330901 -0.00002595
v -0.05372135 -0.01314190 0.00045443
v -0.05430362 -0.01252902 0.00235764
v -0.05473893 -0.01198078 0.00427740
v -0.05499697 -0.01151049 0.00621713
v -0.05531248 -0.01101493 0.00815038
v -0.05281252 -0.01639604 -0.01519359
v -0.05181159 -0.01647942 -0.01311203
v -0.05131198 -0.01606753 -0.01114021
v -0.05140962 -0.01634934 -0.01137355
v -0.05100744 -0.01490839 -0.00931859
v -0.05129232 -0.01503005 -0.00726485
v -0.05157091 -0.01520875 -0.00548952
v -0.05162261 -0.01513530 -0.00521553
v -0.05213016 -0.01455529 -0.00330391
v -0.05291715 -0.01385238 -0.00142377
v -0.05137306 -0.01631547 -0.01109382
v -0.05114593 -0.01605855 -0.00909943
v -0.05135138 -0.01561139 -0.00715378
v -0.07362731 -0.00746051 -0.01342031
v -0.07414232 -0.00814794 -0.01153234
v -0.07420731 -0.00807224 -0.01127966
v -0.07452517 -0.00757564 -0.00934667
v -0.07444265 -0.00725512 -0.00736857
v -0.07421630 -0.00675089 -0.00542214
v -0.07428393 -0.00714653 -0.00636629
v -0.07413344 -0.00607345 -0.00351322
v -0.07410580 -0.00551603 -0.00158255
v -0.07410271 -0.00501194 0.00035779
v -0.07400494 -0.00430211 0.00226084
v -0.07420451 -0.00423840 0.00428098
v -0.07423971 -0.00381751 0.00623640
v -0.07388814 -0.00255618 0.00803950
v -0.07210787 -0.00991172 -0.01697944
v -0.07217049 -0.01001460 -0.01682525
v -0.07340307 -0.00913954 -0.01512666
v -0.07379982 -0.00860825 -0.01320256
v -0.07418251 -0.00701272 -0.00537046
v -0.07404100 -0.00671815 -0.00338572
v -0.07401106 -0.00637451 -0.00141354
v -0.07407809 -0.00598822 0.00054771
v -0.07407899 -0.00563102 0.00251641
v -0.07424038 -0.00520324 0.00446703
v -0.07425235 -0.00484116 0.00643448
v -0.07399526 -0.00459742 0.00843225
v -0.07380493 -0.00432432 0.01042249
v -0.07369697 -0.00401499 0.01240345
v -0.07365979 -0.00367453 0.01437644
v -0.07317723 -0.00352994 0.01639961
v -0.07305987 -0.00302768 0.01834343
v -0.07311530 -0.00333295 0.01764383
v -0.07314241 -0.00314124 0.01863285
v -0.07363642 -0.00261439 0.02028548
v -0.07316918 -0.00227047 0.02226959
v -0.07323550 -0.00248289 0.02202911
v -0.07108308 -0.01087343 -0.01880290
v -0.07027256 -0.01135871 -0.01942245
v -0.07211734 -0.01006178 -0.01695061
v -0.07309708 -0.00320838 0.01837744
v -0.07311621 -0.00248636 0.02231289
v -0.07144669 -0.00305536 0.02341258
v -0.06885606 -0.01220963 -0.02052080
v -0.06840324 -0.01250045 -0.02097570
v -0.06963041 -0.00382199 0.02379448
v -0.06655035 -0.01352600 -0.02192950
v -0.06781456 -0.00458558 0.02419207
v -0.06472288 -0.01437176 -0.02195582
v -0.06599303 -0.00538938 0.02438219
v -0.06261809 -0.01457345 -0.02192957
v -0.06415616 -0.01463334 -0.02196012
v -0.06289507 -0.01521995 -0.02199468
v -0.06415863 -0.00628413 0.02410311
v -0.06220707 -0.01549050 -0.02174054
v -0.06108682 -0.01592981 -0.02131994
v -0.06231203 -0.00726522 0.02337867
v -0.06262596 -0.00709972 0.02349471
v -0.05862667 -0.01491910 -0.01971519
v -0.05928711 -0.01657924 -0.02033344
v -0.06045977 -0.00828628 0.02244799
v -0.05733984 -0.01688101 -0.01929962
v -0.05748619 -0.01723726 -0.01939129
v -0.05827085 -0.00895661 0.01989810
v -0.05858666 -0.00945483 0.02075650
v -0.05954698 -0.00881059 0.02187278
v -0.05703423 -0.01740858 -0.01918897
v -0.05568132 -0.01792319 -0.01859307
v -0.05570046 -0.01061621 0.01010043
v -0.05602954 -0.01083394 0.01217158
v -0.05636503 -0.01106558 0.01424525
v -0.05661642 -0.01131024 0.01552161
v -0.05680646 -0.01108623 0.01627512
v -0.05736195 -0.01048513 0.01818134
v -0.05824933 -0.00973807 0.02005017
v -0.05373591 -0.01806865 -0.01693264
v -0.05389443 -0.01848201 -0.01713913
v -0.05367779 -0.01346601 0.00051845
v -0.05418077 -0.01406160 0.00265808
v -0.05448945 -0.01427404 0.00456883
v -0.05451767 -0.01423363 0.00472016
v -0.05475819 -0.01377104 0.00666187
v -0.05508658 -0.01326982 0.00859367
v -0.05546293 -0.01274750 0.01052008
v -0.05587829 -0.01220803 0.01244208
v -0.05629734 -0.01166693 0.01436368
v -0.05366153 -0.01853501 -0.01684020
v -0.05239372 -0.01873576 -0.01472857
v -0.05172366 -0.01745949 -0.01291964
v -0.05215262 -0.01872202 -0.01404051
v -0.05160532 -0.01521284 -0.00520003
v -0.05195836 -0.01548262 -0.00311944
v -0.05251106 -0.01618710 -0.00096347
v -0.05251236 -0.01618593 -0.00096033
v -0.05332331 -0.01547249 0.00091711
v -0.05407059 -0.01478705 0.00280173
v -0.05167603 -0.01869457 -0.01267892
v -0.05136164 -0.01847603 -0.01067470
v -0.05103027 -0.01826495 -0.00866856
v -0.05092721 -0.01795347 -0.00668815
v -0.05115823 -0.01749506 -0.00474537
v -0.05164823 -0.01692277 -0.00283178
v -0.07421060 -0.00823061 -0.01124905
v -0.07451747 -0.00840008 -0.00918665
v -0.07441433 -0.00767857 -0.00728571
v -0.07299252 -0.01133669 -0.01468950
v -0.07305278 -0.01140209 -0.01440993
v -0.07373791 -0.01079099 -0.01277774
v -0.07426810 -0.01020102 -0.01086867
v -0.07450785 -0.00973878 -0.00892688
v -0.07444514 -0.00940955 -0.00695102
v -0.07421091 -0.00915575 -0.00495583
v -0.07396031 -0.00890915 -0.00295879
v -0.07403631 -0.00851892 -0.00099855
v -0.07406723 -0.00814852 0.00096677
v -0.07403730 -0.00780487 0.00293894
v -0.07408790 -0.00742581 0.00490204
v -0.07406053 -0.00708104 0.00687393
v -0.07385284 -0.00681557 0.00886613
v -0.07373865 -0.00649218 0.01084454
v -0.07374299 -0.00652097 0.01077062
v -0.07371466 -0.00594268 0.01277664
v -0.07359470 -0.00518463 0.01467095
v -0.07317924 -0.00378445 0.01644889
v -0.07398752 -0.00454610 0.02065031
v -0.07111688 -0.01301383 -0.01838892
v -0.07111698 -0.01301403 -0.01838882
v -0.07260575 -0.01200251 -0.01658780
v -0.07299850 -0.01147297 -0.01466325
v -0.07373809 -0.00650923 0.01084786
v -0.07372242 -0.00615931 0.01281842
v -0.07360455 -0.00585434 0.01480050
v -0.07331609 -0.00562439 0.01680180
v -0.07339771 -0.00523169 0.01876141
v -0.07400068 -0.00460971 0.02066228
v -0.07225472 -0.00502074 0.02282778
v -0.07224686 -0.00502358 0.02283204
v -0.06904400 -0.01376502 -0.02022445
v -0.06924416 -0.01418049 -0.02006957
v -0.07111692 -0.01301406 -0.01838887
v -0.07043137 -0.00578461 0.02324283
v -0.06913371 -0.01424304 -0.02013425
v -0.06737669 -0.01530913 -0.02155521
v -0.06862334 -0.00649292 0.02392558
v -0.06493646 -0.01485309 -0.02193891
v -0.06625079 -0.01586769 -0.02177826
v -0.06553965 -0.01622256 -0.02193063
v -0.06680194 -0.00729579 0.02412049
v -0.06370842 -0.01709496 -0.02209438
v -0.06497922 -0.00810799 0.02426731
v -0.06141218 -0.01671121 -0.02148212
v -0.06189188 -0.01786346 -0.02172213
v -0.06313555 -0.00906833 0.02364987
v -0.06374559 -0.00876285 0.02378641
v -0.06006227 -0.01853604 -0.02109139
v -0.06008196 -0.01858507 -0.02110802
v -0.06129214 -0.01002679 0.02304217
v -0.06001884 -0.01860835 -0.02107618
v -0.05828149 -0.01923993 -0.02014952
v -0.05943569 -0.01107755 0.02195829
v -0.05983484 -0.01083951 0.02225819
v -0.05613535 -0.01902183 -0.01885161
v -0.05648266 -0.01988314 -0.01913096
v -0.05676440 -0.01143604 0.01634408
v -0.05726086 -0.01201747 0.01848115
v -0.05753634 -0.01243161 0.01930975
v -0.05817417 -0.01192664 0.02047648
v -0.05558001 -0.02020364 -0.01860730
v -0.05468325 -0.02053053 -0.01813391
v -0.05450806 -0.01427544 0.00472853
v -0.05467598 -0.01414295 0.00673621
v -0.05492213 -0.01418046 0.00877470
v -0.05524374 -0.01438194 0.01084291
v -0.05548959 -0.01441880 0.01288129
v -0.05554524 -0.01443458 0.01331367
v -0.05582392 -0.01403065 0.01483485
v -0.05634552 -0.01344445 0.01674489
v -0.05715530 -0.01273152 0.01862246
v -0.05292494 -0.02101446 -0.01633939
v -0.05226031 -0.01912300 -0.01464985
v -0.05290622 -0.02101956 -0.01631999
v -0.05251189 -0.01618806 -0.00095990
v -0.05301102 -0.01677529 0.00117822
v -0.05337549 -0.01706992 0.00326331
v -0.05346163 -0.01709174 0.00394277
v -0.05373288 -0.01673427 0.00522641
v -0.05407706 -0.01622611 0.00715644
v -0.05454037 -0.01566554 0.00907305
v -0.05513422 -0.01504758 0.01097494
v -0.05546924 -0.01454343 0.01290600
v -0.05160840 -0.02123664 -0.01422226
v -0.05115934 -0.02099141 -0.01221952
v -0.05118696 -0.02110010 -0.01239870
v -0.05107902 -0.02031949 -0.01030960
v -0.05086324 -0.01935323 -0.00845303
v -0.05078846 -0.01869336 -0.00654092
v -0.05094468 -0.01853544 -0.00453785
v -0.05130032 -0.01881088 -0.00245624
v -0.05148455 -0.01899555 -0.00154184
v -0.05183280 -0.01864031 -0.00046593
v -0.05259758 -0.01794716 0.00141671
v -0.05332172 -0.01727190 0.00330393
v -0.05113117 -0.02108971 -0.01219970
v -0.05095157 -0.02081189 -0.01021066
v -0.05053366 -0.02063887 -0.00819478
v -0.05044376 -0.02032159 -0.00621585
v -0.05067417 -0.01986346 -0.00427300
v -0.05123159 -0.01926151 -0.00236700
v -0.07353984 -0.01202864 -0.01253241
v -0.07396978 -0.01246553 -0.01042153
v -0.07398587 -0.01243041 -0.01014164
v -0.07411797 -0.01206578 -0.00846512
v -0.07408647 -0.01172282 -0.00649277
v -0.07398789 -0.01101276 -0.00458974
v -0.07408604 -0.01172203 -0.00648730
v -0.07381884 -0.01014804 -0.00271476
v -0.07397361 -0.00998697 -0.00071226
v -0.07402599 -0.00960344 0.00124993
v -0.07406281 -0.00918607 0.00320598
v -0.07409142 -0.00875085 0.00515880
v -0.07406706 -0.00820054 0.00709076
v -0.07388815 -0.00731441 0.00896186
v -0.07280657 -0.01406973 -0.01619258
v -0.07195970 -0.01468144 -0.01741746
v -0.07332815 -0.01348354 -0.01428254
v -0.07358590 -0.01301338 -0.01234278
v -0.07396841 -0.01248836 -0.01041707
v -0.07398888 -0.01140893 -0.00451297
v -0.07387340 -0.01110291 -0.00253116
v -0.07401665 -0.01068311 -0.00057850
v -0.07407732 -0.01029962 0.00138347
v -0.07410836 -0.00992916 0.00334877
v -0.07409467 -0.00957837 0.00531912
v -0.07406840 -0.00923312 0.00729088
v -0.07398368 -0.00891357 0.00926923
v -0.07363491 -0.00871014 0.01127732
v -0.07350345 -0.00841115 0.01326093
v -0.07334933 -0.00812212 0.01524710
v -0.07333312 -0.00777244 0.01721772
v -0.07366390 -0.00727017 0.01914926
v -0.07427979 -0.00664251 0.02104868
v -0.07225008 -0.00503142 0.02282998
v -0.07305306 -0.00694924 0.02247114
v -0.07162534 -0.01494601 -0.01802831
v -0.07008104 -0.01588917 -0.01931113
v -0.07069478 -0.00640996 0.02313983
v -0.07124553 -0.00765404 0.02317202
v -0.06947573 -0.01624816 -0.01975494
v -0.06821160 -0.01703176 -0.02086874
v -0.06999061 -0.00817198 0.02350069
v -0.06943406 -0.00838663 0.02372949
v -0.06679038 -0.01778592 -0.02142121
v -0.06636574 -0.01800758 -0.02156600
v -0.06761341 -0.00918419 0.02395183
v -0.06452402 -0.01895415 -0.02211238
v -0.06579693 -0.00995223 0.02432646
v -0.06269585 -0.01980490 -0.02216442
v -0.06396011 -0.01086415 0.02395881
v -0.06497721 -0.01037675 0.02406550
v -0.06088063 -0.02056400 -0.02174371
v -0.06212306 -0.01177768 0.02358289
v -0.05887217 -0.02070812 -0.02063772
v -0.05908006 -0.02121959 -0.02078902
v -0.05990251 -0.01200483 0.02248222
v -0.06027765 -0.01275033 0.02290198
v -0.05846499 -0.02144723 -0.02048329
v -0.05727855 -0.02188175 -0.01986819
v -0.05803919 -0.01321140 0.02072922
v -0.05841550 -0.01384130 0.02161064
v -0.05987737 -0.01297635 0.02267124
v -0.05496189 -0.02123010 -0.01839139
v -0.05547539 -0.02255564 -0.01900786
v -0.05573616 -0.01445724 0.01491994
v -0.05613918 -0.01483561 0.01702021
v -0.05650483 -0.01527548 0.01854881
v -0.05675139 -0.01506469 0.01908580
v -0.05786024 -0.01422024 0.02092968
v -0.05412609 -0.02299857 -0.01802567
v -0.05291328 -0.02103928 -0.01633425
v -0.05368282 -0.02315455 -0.01776074
v -0.05361885 -0.01710136 0.00530070
v -0.05386292 -0.01713437 0.00733837
v -0.05421032 -0.01739189 0.00941673
v -0.05446880 -0.01759621 0.01091346
v -0.05459359 -0.01744087 0.01145369
v -0.05481784 -0.01698545 0.01339723
v -0.05515821 -0.01647895 0.01532768
v -0.05594589 -0.01577574 0.01720775
v -0.05190795 -0.02361288 -0.01580782
v -0.05190949 -0.02361747 -0.01581207
v -0.05135981 -0.02192439 -0.01408213
v -0.05167656 -0.01913108 -0.00036652
v -0.05213301 -0.01962556 0.00175479
v -0.05243278 -0.01991681 0.00327876
v -0.05258391 -0.01975191 0.00380489
v -0.05294527 -0.01923618 0.00573298
v -0.05347893 -0.01864469 0.00764166
v -0.05414328 -0.01799571 0.00953562
v -0.05190551 -0.02361833 -0.01580670
v -0.05045693 -0.02389857 -0.01367470
v -0.05009866 -0.02344472 -0.01171489
v -0.05017330 -0.02381773 -0.01250843
v -0.05006501 -0.02287424 -0.00978659
v -0.04996029 -0.02214931 -0.00788627
v -0.05001241 -0.02176518 -0.00592420
v -0.05017010 -0.02161048 -0.00392054
v -0.05045788 -0.02180523 -0.00212639
v -0.05052733 -0.02172677 -0.00186982
v -0.05116361 -0.02109014 0.00002730
v -0.05193997 -0.02039191 0.00190864
v -0.04991928 -0.02377821 -0.01164533
v -0.04967506 -0.02352880 -0.00964901
v -0.04959223 -0.02320842 -0.00767088
v -0.04981271 -0.02275465 -0.00572692
v -0.05001513 -0.02230883 -0.00378092
v -0.07410004 -0.01225120 -0.00842868
v -0.07408628 -0.01172393 -0.00649255
v -0.07245577 -0.01542587 -0.01592009
v -0.07286416 -0.01581592 -0.01381771
v -0.07287641 -0.01582548 -0.01374624
v -0.07348077 -0.01521514 -0.01191310
v -0.07380678 -0.01471496 -0.00998103
v -0.07382662 -0.01434942 -0.00801446
v -0.07381350 -0.01399839 -0.00604418
v -0.07377938 -0.01365658 -0.00407153
v -0.07374872 -0.01331326 -0.00209928
v -0.07382519 -0.01292282 -0.00013909
v -0.07397581 -0.01249978 0.00181274
v -0.07396038 -0.01214976 0.00378328
v -0.07389496 -0.01182172 0.00575945
v -0.07383869 -0.01148966 0.00773459
v -0.07382954 -0.01113687 0.00970443
v -0.07349079 -0.01071173 0.01166927
v -0.07356224 -0.01097538 0.01127430
v -0.07333897 -0.00988445 0.01355103
v -0.07318851 -0.00906013 0.01543333
v -0.07330833 -0.00882312 0.01742207
v -0.07377590 -0.00934178 0.01954776
v -0.07377526 -0.00884302 0.02148906
v -0.07178340 -0.01703202 -0.01762828
v -0.07092081 -0.01757738 -0.01844714
v -0.07237488 -0.01641509 -0.01572612
v -0.07286043 -0.01584475 -0.01381202
v -0.07348925 -0.01092972 0.01171156
v -0.07330322 -0.01065472 0.01370132
v -0.07292553 -0.01046402 0.01571268
v -0.07322203 -0.00997681 0.01764807
v -0.07377777 -0.00937561 0.01955427
v -0.07368387 -0.00906010 0.02153365
v -0.07205433 -0.00956124 0.02290626
v -0.07004136 -0.01815493 -0.01940083
v -0.06904869 -0.01873895 -0.02010269
v -0.06973496 -0.00908245 0.02368419
v -0.07025138 -0.01023360 0.02377447
v -0.06688221 -0.01908119 -0.02117265
v -0.06719822 -0.01974738 -0.02096815
v -0.06793238 -0.00992363 0.02389666
v -0.06843047 -0.01103302 0.02398721
v -0.06699941 -0.01984952 -0.02102693
v -0.06534914 -0.02074595 -0.02178283
v -0.06635873 -0.01126226 0.02419928
v -0.06661030 -0.01182716 0.02422714
v -0.06351314 -0.02165205 -0.02212042
v -0.06478438 -0.01266196 0.02425739
v -0.06168935 -0.02247177 -0.02201241
v -0.06295415 -0.01352722 0.02413045
v -0.05987718 -0.02320935 -0.02148064
v -0.06111777 -0.01443602 0.02377890
v -0.05767759 -0.02287048 -0.02018581
v -0.05807501 -0.02387623 -0.02058421
v -0.05912493 -0.01507335 0.02309835
v -0.05927829 -0.01536670 0.02331450
v -0.05635955 -0.02452867 -0.01982825
v -0.05626993 -0.02456363 -0.01979359
v -0.05665602 -0.01546134 0.01916530
v -0.05724478 -0.01624334 0.02133872
v -0.05740966 -0.01650357 0.02178643
v -0.05902096 -0.01550849 0.02318555
v -0.05383098 -0.02353080 -0.01791441
v -0.05446723 -0.02523428 -0.01891654
v -0.05454773 -0.01762770 0.01149116
v -0.05470881 -0.01748034 0.01349615
v -0.05494551 -0.01749732 0.01553092
v -0.05546359 -0.01818808 0.01743319
v -0.05558622 -0.01808943 0.01766610
v -0.05621835 -0.01745463 0.01956369
v -0.05711418 -0.01670386 0.02143157
v -0.05258063 -0.02557197 -0.01748447
v -0.05267264 -0.02584752 -0.01774334
v -0.05252313 -0.01997593 0.00384998
v -0.05278513 -0.02004788 0.00589472
v -0.05318604 -0.02042168 0.00799415
v -0.05340937 -0.02063739 0.00913449
v -0.05364578 -0.02037002 0.01000950
v -0.05400933 -0.01985333 0.01193735
v -0.05430099 -0.01936826 0.01387329
v -0.05475790 -0.01881052 0.01579062
v -0.05225852 -0.02597541 -0.01739743
v -0.05076003 -0.02587664 -0.01533754
v -0.05089435 -0.02634548 -0.01597546
v -0.05027901 -0.02433400 -0.01358542
v -0.05049812 -0.02182590 -0.00184980
v -0.05085368 -0.02210114 0.00023177
v -0.05126958 -0.02250752 0.00233711
v -0.05141633 -0.02265408 0.00306762
v -0.05184567 -0.02223209 0.00430590
v -0.05243916 -0.02161428 0.00620784
v -0.05311908 -0.02095846 0.00810004
v -0.05051062 -0.02638728 -0.01523171
v -0.04944025 -0.02650120 -0.01314233
v -0.04905881 -0.02594332 -0.01120205
v -0.04917488 -0.02642748 -0.01206172
v -0.04900692 -0.02533320 -0.00928093
v -0.04904480 -0.02491813 -0.00732446
v -0.04924194 -0.02484915 -0.00530527
v -0.04937634 -0.02464382 -0.00331078
v -0.04942687 -0.02464546 -0.00286870
v -0.04973608 -0.02423026 -0.00136284
v -0.05025603 -0.02364479 0.00054738
v -0.05112677 -0.02290505 0.00241809
v -0.04886812 -0.02639600 -0.01110907
v -0.04874798 -0.02609203 -0.00912673
v -0.04878687 -0.02571812 -0.00716231
v -0.04914864 -0.02520221 -0.00523427
v -0.04935037 -0.02475669 -0.00328819
v -0.07337025 -0.01641829 -0.01167685
v -0.07357822 -0.01637282 -0.00965339
v -0.07352951 -0.01576961 -0.00773102
v -0.07358078 -0.01538364 -0.00576928
v -0.07361742 -0.01496589 -0.00381329
v -0.07362362 -0.01448199 -0.00186930
v -0.07365129 -0.01404475 0.00008315
v -0.07376500 -0.01379445 0.00206949
v -0.07384569 -0.01347243 0.00404282
v -0.07378394 -0.01284087 0.00596005
v -0.07376915 -0.01231135 0.00789578
v -0.07379151 -0.01186257 0.00984614
v -0.07155510 -0.01872426 -0.01729399
v -0.07172272 -0.01859113 -0.01528643
v -0.07183644 -0.01872914 -0.01481571
v -0.07270069 -0.01807053 -0.01337618
v -0.07326919 -0.01746371 -0.01147143
v -0.07349094 -0.01700938 -0.00952761
v -0.07341191 -0.01668733 -0.00754990
v -0.07344335 -0.01631670 -0.00558464
v -0.07343558 -0.01596331 -0.00361497
v -0.07340065 -0.01562186 -0.00164223
v -0.07337812 -0.01527496 0.00032911
v -0.07352325 -0.01485433 0.00228156
v -0.07362072 -0.01445466 0.00423938
v -0.07355001 -0.01412895 0.00621615
v -0.07357594 -0.01376074 0.00818203
v -0.07353256 -0.01342301 0.01015572
v -0.07315824 -0.01323082 0.01216669
v -0.07275064 -0.01305326 0.01418141
v -0.07246197 -0.01223954 0.01606956
v -0.07264701 -0.01299686 0.01475578
v -0.07273174 -0.01239765 0.01784698
v -0.07281589 -0.01231095 0.01811167
v -0.07381029 -0.01151683 0.01996844
v -0.07263863 -0.01113130 0.02196379
v -0.07283296 -0.01168182 0.02153978
v -0.07010222 -0.02028370 -0.01898985
v -0.06989306 -0.02039462 -0.01907081
v -0.07161050 -0.01926358 -0.01719097
v -0.07169951 -0.01886763 -0.01523219
v -0.07225143 -0.01291600 0.01620646
v -0.07246746 -0.01175057 0.02208853
v -0.07105341 -0.01218873 0.02326148
v -0.06803386 -0.02146482 -0.02025497
v -0.06924693 -0.01288608 0.02400078
v -0.06704348 -0.02198566 -0.02061405
v -0.06618517 -0.02246065 -0.02105543
v -0.06742874 -0.01366620 0.02431309
v -0.06433650 -0.02345634 -0.02185526
v -0.06560901 -0.01445722 0.02456913
v -0.06246261 -0.02424933 -0.02208766
v -0.06259761 -0.02429766 -0.02208199
v -0.06250310 -0.02434402 -0.02209779
v -0.06378037 -0.01531132 0.02449977
v -0.06181281 -0.02464280 -0.02199357
v -0.06068357 -0.02513370 -0.02183482
v -0.06194489 -0.01621371 0.02418133
v -0.05886930 -0.02588611 -0.02137962
v -0.06011373 -0.01708556 0.02402038
v -0.05628823 -0.02460960 -0.01981061
v -0.05706062 -0.02659901 -0.02072052
v -0.05826573 -0.01807654 0.02324492
v -0.05900031 -0.01767311 0.02360572
v -0.05494182 -0.02644203 -0.01941850
v -0.05525978 -0.02725642 -0.01977517
v -0.05554466 -0.01830190 0.01770843
v -0.05592601 -0.01863321 0.01980016
v -0.05639190 -0.01925016 0.02152722
v -0.05662339 -0.01907522 0.02190470
v -0.05344276 -0.02794277 -0.01908650
v -0.05345153 -0.02796631 -0.01910061
v -0.05355006 -0.02071531 0.01007906
v -0.05378340 -0.02072501 0.01211251
v -0.05412170 -0.02096275 0.01418729
v -0.05440025 -0.02125705 0.01551092
v -0.05461620 -0.02102836 0.01622442
v -0.05516077 -0.02043206 0.01813187
v -0.05575587 -0.01981355 0.02003363
v -0.05339989 -0.02798579 -0.01907698
v -0.05122285 -0.02737972 -0.01709683
v -0.05164906 -0.02863526 -0.01821482
v -0.05164409 -0.02282397 0.00442615
v -0.05201579 -0.02313429 0.00651409
v -0.05237917 -0.02347201 0.00842123
v -0.05243737 -0.02341379 0.00859468
v -0.05291099 -0.02284869 0.01051012
v -0.05331712 -0.02231328 0.01243317
v -0.05399785 -0.02165710 0.01432528
v -0.05030834 -0.02898858 -0.01675989
v -0.04969637 -0.02832349 -0.01483407
v -0.04988327 -0.02904486 -0.01599110
v -0.04931406 -0.02699534 -0.01304308
v -0.04961347 -0.02466172 -0.00127585
v -0.04983330 -0.02464204 0.00075228
v -0.05021085 -0.02496508 0.00284252
v -0.05042965 -0.02518086 0.00394241
v -0.05082457 -0.02483667 0.00483877
v -0.05169664 -0.02409635 0.00670933
v -0.04939179 -0.02903485 -0.01468783
v -0.04844822 -0.02909300 -0.01261273
v -0.04804030 -0.02848827 -0.01068080
v -0.04817379 -0.02905617 -0.01171266
v -0.04801840 -0.02794333 -0.00874787
v -0.04815979 -0.02775319 -0.00675064
v -0.04835330 -0.02778674 -0.00516396
v -0.04843577 -0.02767125 -0.00473612
v -0.04861321 -0.02723640 -0.00278731
v -0.04899325 -0.02671246 -0.00086132
v -0.04939791 -0.02617770 0.00106189
v -0.05006989 -0.02552537 0.00295499
v -0.04791764 -0.02896953 -0.01058415
v -0.04779668 -0.02866592 -0.00860172
v -0.04804654 -0.02819923 -0.00666107
v -0.07239708 -0.01955914 -0.01307930
v -0.07273965 -0.01996880 -0.01163771
v -0.07297202 -0.01974994 -0.01102011
v -0.07315042 -0.01931467 -0.00907141
v -0.07308151 -0.01898817 -0.00709484
v -0.07292107 -0.01870192 -0.00510796
v -0.07286375 -0.01808635 -0.00318775
v -0.07291924 -0.01869875 -0.00508581
v -0.07282942 -0.01751438 -0.00125972
v -0.07284758 -0.01705646 0.00068899
v -0.07290245 -0.01667831 0.00265215
v -0.07298541 -0.01636123 0.00462638
v -0.07301203 -0.01592169 0.00657841
v -0.07306726 -0.01554433 0.00854171
v -0.07308133 -0.01507753 0.01048881
v -0.07292859 -0.01424827 0.01237022
v -0.07271017 -0.01327626 0.01422575
v -0.07279748 -0.01247124 0.01814324
v -0.07340098 -0.01328527 0.02032246
v -0.06999542 -0.02059065 -0.01892742
v -0.07075724 -0.02191025 -0.01731642
v -0.07136048 -0.02152908 -0.01674496
v -0.07170366 -0.02102135 -0.01481482
v -0.07236878 -0.02037203 -0.01292095
v -0.07274561 -0.01842228 -0.00311939
v -0.07261066 -0.01812482 -0.00113539
v -0.07255954 -0.01779049 0.00083917
v -0.07258097 -0.01742426 0.00280556
v -0.07277720 -0.01698116 0.00475225
v -0.07284694 -0.01659368 0.00671320
v -0.07289957 -0.01621373 0.00867607
v -0.07287436 -0.01586801 0.01064771
v -0.07263405 -0.01561688 0.01264359
v -0.07223619 -0.01543505 0.01465721
v -0.07183244 -0.01525580 0.01667150
v -0.07242685 -0.01463758 0.01857334
v -0.07326064 -0.01391410 0.02044820
v -0.07165318 -0.01374810 0.02249806
v -0.07183880 -0.01426155 0.02214146
v -0.06973763 -0.02259957 -0.01853093
v -0.06888112 -0.02310010 -0.01911783
v -0.07119037 -0.01446774 0.02265024
v -0.07004680 -0.01485652 0.02340887
v -0.06700568 -0.02410768 -0.02020168
v -0.06702511 -0.02414773 -0.02018559
v -0.06824565 -0.01551618 0.02434263
v -0.06700859 -0.02415655 -0.02019228
v -0.06516345 -0.02523525 -0.02145909
v -0.06642574 -0.01630848 0.02459207
v -0.06412896 -0.02577975 -0.02183667
v -0.06331533 -0.02622710 -0.02223905
v -0.06460135 -0.01713247 0.02467804
v -0.06072463 -0.02523090 -0.02184975
v -0.06148648 -0.02708263 -0.02231577
v -0.06277047 -0.01800230 0.02452753
v -0.05912736 -0.02651822 -0.02155642
v -0.05966951 -0.02785409 -0.02195882
v -0.06094104 -0.01886198 0.02442942
v -0.05756133 -0.02787341 -0.02125080
v -0.05785407 -0.02861479 -0.02154635
v -0.05909879 -0.01981228 0.02386377
v -0.05947144 -0.01962145 0.02397048
v -0.05630842 -0.02921904 -0.02095562
v -0.05604614 -0.02932244 -0.02086018
v -0.05656912 -0.01953330 0.02199498
v -0.05725325 -0.02078581 0.02317834
v -0.05423529 -0.03005068 -0.02028025
v -0.05456555 -0.02142986 0.01630364
v -0.05484646 -0.02154291 0.01835582
v -0.05522757 -0.02187369 0.02044746
v -0.05536363 -0.02207116 0.02088426
v -0.05649254 -0.02128831 0.02233728
v -0.05201294 -0.02959394 -0.01872723
v -0.05243513 -0.03070329 -0.01931018
v -0.05241063 -0.02349490 0.00861113
v -0.05267826 -0.02357910 0.01065809
v -0.05303574 -0.02385852 0.01274042
v -0.05335166 -0.02422167 0.01412705
v -0.05360461 -0.02398558 0.01478742
v -0.05417261 -0.02337898 0.01669223
v -0.05452321 -0.02286799 0.01862154
v -0.05515299 -0.02223422 0.02051939
v -0.05084225 -0.03126612 -0.01837100
v -0.05002460 -0.02953410 -0.01664637
v -0.05063767 -0.03133683 -0.01824169
v -0.05060480 -0.02532377 0.00493922
v -0.05104395 -0.02578067 0.00705371
v -0.05137220 -0.02614230 0.00855570
v -0.05161049 -0.02593297 0.00910567
v -0.05217755 -0.02532678 0.01101059
v -0.05288201 -0.02466017 0.01290003
v -0.04883963 -0.03171735 -0.01619067
v -0.04886354 -0.03180539 -0.01632210
v -0.04855499 -0.03060145 -0.01436122
v -0.04824376 -0.02942776 -0.01254223
v -0.04840225 -0.02778267 -0.00471360
v -0.04851802 -0.02753688 -0.00272645
v -0.04871596 -0.02746961 -0.00070695
v -0.04893721 -0.02745303 0.00132174
v -0.04930050 -0.02774508 0.00340636
v -0.04942710 -0.02781992 0.00423800
v -0.04980534 -0.02744045 0.00537144
v -0.05073655 -0.02667411 0.00723533
v -0.04878049 -0.03181602 -0.01616993
v -0.04790020 -0.03184635 -0.01410195
v -0.04715196 -0.03183159 -0.01212055
v -0.04714573 -0.03179994 -0.01205230
v -0.04707857 -0.03115662 -0.01013720
v -0.04715408 -0.03082333 -0.00816591
v -0.04730720 -0.03073376 -0.00645706
v -0.04734852 -0.03066174 -0.00616459
v -0.04767857 -0.03015978 -0.00423297
v -0.04783557 -0.02973393 -0.00228186
v -0.04817436 -0.02922813 -0.00035123
v -0.04860886 -0.02868024 0.00156863
v -0.04919863 -0.02806407 0.00347098
v -0.04713191 -0.03182742 -0.01204660
v -0.04690782 -0.03156916 -0.01005255
v -0.04705081 -0.03114947 -0.00809985
v -0.07293131 -0.02022265 -0.01092736
v -0.07305763 -0.01999977 -0.00893606
v -0.07303090 -0.01944431 -0.00700503
v -0.07292060 -0.01870725 -0.00510692
v -0.07114059 -0.02258172 -0.01653488
v -0.07147043 -0.02280109 -0.01446343
v -0.07166965 -0.02308475 -0.01380238
v -0.07224566 -0.02258170 -0.01248924
v -0.07282376 -0.02197066 -0.01058557
v -0.07286396 -0.02159617 -0.00862130
v -0.07265614 -0.02133076 -0.00662908
v -0.07238514 -0.02109313 -0.00462975
v -0.07208714 -0.02086738 -0.00262738
v -0.07194571 -0.02035226 -0.00068539
v -0.07199647 -0.02077348 -0.00187908
v -0.07197371 -0.01991572 0.00126719
v -0.07199680 -0.01946853 0.00321784
v -0.07206137 -0.01911148 0.00518483
v -0.07210246 -0.01870339 0.00714256
v -0.07215205 -0.01831377 0.00910364
v -0.07214760 -0.01780672 0.01104344
v -0.07209381 -0.01719247 0.01296382
v -0.07203188 -0.01656051 0.01488098
v -0.07183825 -0.01564238 0.01674628
v -0.07228925 -0.01612503 0.01886544
v -0.07251626 -0.01612095 0.02089639
v -0.06943717 -0.02413575 -0.01822492
v -0.06973617 -0.02468026 -0.01769648
v -0.07112254 -0.02378923 -0.01630032
v -0.07149030 -0.02327069 -0.01437295
v -0.07187817 -0.02060247 -0.00063503
v -0.07188444 -0.02024291 0.00133306
v -0.07188166 -0.01988732 0.00330218
v -0.07193461 -0.01950723 0.00526501
v -0.07193317 -0.01915105 0.00723398
v -0.07200446 -0.01876289 0.00919475
v -0.07199418 -0.01841061 0.01116471
v -0.07182577 -0.01812786 0.01315248
v -0.07183283 -0.01776795 0.01512049
v -0.07196943 -0.01735107 0.01707390
v -0.07233413 -0.01683388 0.01900162
v -0.07243647 -0.01643207 0.02095889
v -0.07036872 -0.01571516 0.02291457
v -0.07083543 -0.01690634 0.02240739
v -0.06933607 -0.02493169 -0.01806786
v -0.06786680 -0.02582231 -0.01925129
v -0.06928442 -0.01746146 0.02328280
v -0.06903811 -0.01753892 0.02348082
v -0.06710669 -0.02626892 -0.01978550
v -0.06600076 -0.02694083 -0.02068472
v -0.06723261 -0.01822933 0.02425592
v -0.06477846 -0.02764963 -0.02149201
v -0.06414050 -0.02801855 -0.02190766
v -0.06540767 -0.01905723 0.02432172
v -0.06229632 -0.02898244 -0.02254339
v -0.06358011 -0.01990358 0.02429234
v -0.06047117 -0.02981186 -0.02248542
v -0.06176026 -0.02069548 0.02454384
v -0.05865139 -0.03060324 -0.02223123
v -0.05967100 -0.02101814 0.02423575
v -0.05992984 -0.02156215 0.02440967
v -0.05609309 -0.02944111 -0.02090667
v -0.05683760 -0.03135227 -0.02175855
v -0.05809283 -0.02247534 0.02403546
v -0.05971352 -0.02167051 0.02436104
v -0.05454526 -0.03083586 -0.02059387
v -0.05502657 -0.03208176 -0.02118506
v -0.05616800 -0.02341986 0.02275937
v -0.05623526 -0.02353400 0.02291084
v -0.05314074 -0.03254203 -0.02022464
v -0.05322279 -0.03276002 -0.02034729
v -0.05349600 -0.02436129 0.01486323
v -0.05380146 -0.02452769 0.01692508
v -0.05404363 -0.02455654 0.01896200
v -0.05433799 -0.02487344 0.02033777
v -0.05459939 -0.02463319 0.02099959
v -0.05614881 -0.02359499 0.02279384
v -0.05246362 -0.03306540 -0.02010463
v -0.05067318 -0.03144084 -0.01833250
v -0.05141076 -0.03349662 -0.01981050
v -0.05149416 -0.02626160 0.00917256
v -0.05180719 -0.02644445 0.01123740
v -0.05217802 -0.02675287 0.01332498
v -0.05234396 -0.02689709 0.01423496
v -0.05278207 -0.02650283 0.01529793
v -0.05341578 -0.02586733 0.01719533
v -0.05378137 -0.02534975 0.01912295
v -0.04943487 -0.03350819 -0.01789781
v -0.04962476 -0.03404908 -0.01832373
v -0.04965306 -0.02801382 0.00548676
v -0.05011324 -0.02851641 0.00760953
v -0.05037197 -0.02876490 0.00893612
v -0.05064307 -0.02851393 0.00963250
v -0.05115891 -0.02793027 0.01154318
v -0.05194925 -0.02722589 0.01342295
v -0.04891966 -0.03426715 -0.01773657
v -0.04767296 -0.03394035 -0.01572778
v -0.04784466 -0.03455990 -0.01662219
v -0.04735035 -0.03274195 -0.01391327
v -0.04733245 -0.03071356 -0.00615411
v -0.04752604 -0.03063685 -0.00413632
v -0.04761763 -0.03033851 -0.00215869
v -0.04782158 -0.03028431 -0.00013682
v -0.04823424 -0.03068366 0.00196725
v -0.04837935 -0.03077856 0.00288485
v -0.04866551 -0.03045404 0.00394888
v -0.04913455 -0.02989096 0.00586484
v -0.04989275 -0.02920071 0.00774823
v -0.04719966 -0.03466676 -0.01557400
v -0.04617530 -0.03476044 -0.01348979
v -0.04606935 -0.03421914 -0.01155385
v -0.04611483 -0.03471514 -0.01308629
v -0.04612758 -0.03384830 -0.00958936
v -0.04624409 -0.03380101 -0.00837051
v -0.04637987 -0.03360005 -0.00760643
v -0.04656890 -0.03316011 -0.00565893
v -0.04683406 -0.03268670 -0.00372000
v -0.04707938 -0.03222200 -0.00177883
v -0.04745407 -0.03170042 0.00014776
v -0.04813511 -0.03104410 0.00203983
v -0.04590999 -0.03452031 -0.01149110
v -0.04597733 -0.03413389 -0.00952988
v -0.07204580 -0.02355399 -0.01229529
v -0.07244967 -0.02393422 -0.01019469
v -0.07238654 -0.02329967 -0.00827800
v -0.07228472 -0.02258105 -0.00637654
v -0.07215393 -0.02179946 -0.00448649
v -0.07203385 -0.02104115 -0.00259223
v -0.07063154 -0.02616069 -0.01582716
v -0.07060240 -0.02618136 -0.01586720
v -0.07125888 -0.02552800 -0.01392904
v -0.07190152 -0.02488857 -0.01203264
v -0.07236442 -0.02432819 -0.01011598
v -0.07216138 -0.02406067 -0.00812431
v -0.07189369 -0.02382159 -0.00612535
v -0.07159727 -0.02359514 -0.00412315
v -0.07134551 -0.02334906 -0.00212599
v -0.07122703 -0.02304435 -0.00014384
v -0.07132635 -0.02264387 0.00181378
v -0.07138198 -0.02226260 0.00377631
v -0.07122018 -0.02197694 0.00576334
v -0.07117347 -0.02144288 0.00769906
v -0.07120303 -0.02193373 0.00604531
v -0.07121889 -0.02104420 0.00965850
v -0.07126382 -0.02064446 0.01161775
v -0.07122723 -0.02006757 0.01354489
v -0.07136983 -0.01988007 0.01554260
v -0.07148154 -0.01996410 0.01620619
v -0.07180869 -0.01957729 0.01750985
v -0.07225167 -0.01902567 0.01942874
v -0.07155478 -0.01878984 0.02144010
v -0.07161816 -0.01899799 0.02119013
v -0.06864967 -0.02718270 -0.01761270
v -0.06873173 -0.02733259 -0.01746940
v -0.07110711 -0.02166986 0.00774488
v -0.07115253 -0.02129308 0.00970856
v -0.07120445 -0.02091344 0.01167152
v -0.07114476 -0.02058289 0.01364704
v -0.07135680 -0.02013283 0.01559196
v -0.07148920 -0.01900418 0.02148345
v -0.06913181 -0.01778555 0.02334981
v -0.06983910 -0.01950139 0.02292998
v -0.06712540 -0.02841622 -0.01936977
v -0.06684879 -0.02857067 -0.01951958
v -0.06864126 -0.02739278 -0.01757174
v -0.06762410 -0.01926748 0.02367840
v -0.06802734 -0.02023607 0.02347669
v -0.06520222 -0.02961880 -0.02112191
v -0.06497327 -0.02975622 -0.02129882
v -0.06589754 -0.02027386 0.02392080
v -0.06621098 -0.02100328 0.02385560
v -0.06311450 -0.03082337 -0.02246726
v -0.06412008 -0.02116962 0.02414316
v -0.06439168 -0.02179128 0.02412723
v -0.06128348 -0.03169424 -0.02262312
v -0.06329619 -0.02225046 0.02437526
v -0.06257645 -0.02255047 0.02454750
v -0.05927054 -0.03208491 -0.02251924
v -0.06097475 -0.03183475 -0.02261445
v -0.05945686 -0.03253402 -0.02261857
v -0.06075676 -0.02334125 0.02480481
v -0.05755110 -0.03310674 -0.02227404
v -0.05763815 -0.03331782 -0.02232529
v -0.05893040 -0.02417914 0.02481908
v -0.05940493 -0.02396175 0.02481365
v -0.05694233 -0.03360811 -0.02216016
v -0.05582358 -0.03407240 -0.02188122
v -0.05709220 -0.02510081 0.02440113
v -0.05401311 -0.03479792 -0.02128727
v -0.05451091 -0.02507457 0.02108758
v -0.05521946 -0.02626670 0.02272333
v -0.05589645 -0.02586150 0.02324011
v -0.05151963 -0.03377754 -0.01994071
v -0.05220286 -0.03552192 -0.02068547
v -0.05254422 -0.02705126 0.01541075
v -0.05289568 -0.02731761 0.01749072
v -0.05320751 -0.02749783 0.01955507
v -0.05331686 -0.02764384 0.01995576
v -0.05407239 -0.02702049 0.02147680
v -0.05033700 -0.03596587 -0.01948410
v -0.05040628 -0.03614928 -0.01958511
v -0.05051610 -0.02889446 0.00970974
v -0.05076642 -0.02894103 0.01174987
v -0.05104221 -0.02904294 0.01380004
v -0.05136542 -0.02936629 0.01540676
v -0.05158289 -0.02918573 0.01585086
v -0.05240003 -0.02846957 0.01772760
v -0.05311350 -0.02779899 0.01961603
v -0.05006805 -0.03627445 -0.01941691
v -0.04820729 -0.03559882 -0.01745891
v -0.04861095 -0.03676776 -0.01843892
v -0.04857807 -0.03093343 0.00404420
v -0.04882312 -0.03096855 0.00608226
v -0.04916397 -0.03121184 0.00815805
v -0.04938258 -0.03131081 0.00971221
v -0.04953532 -0.03115662 0.01017513
v -0.04986009 -0.03065699 0.01210735
v -0.05050553 -0.03001633 0.01400343
v -0.04681200 -0.03732505 -0.01708604
v -0.04682023 -0.03735360 -0.01712442
v -0.04642476 -0.03598620 -0.01529699
v -0.04612956 -0.03484737 -0.01347169
v -0.04631827 -0.03376530 -0.00757271
v -0.04643784 -0.03352777 -0.00558407
v -0.04658774 -0.03335612 -0.00358348
v -0.04677963 -0.03327572 -0.00156636
v -0.04706946 -0.03340814 0.00048933
v -0.04735345 -0.03358274 0.00232857
v -0.04743459 -0.03350771 0.00253659
v -0.04788649 -0.03295216 0.00445448
v -0.04832478 -0.03240261 0.00637391
v -0.04892266 -0.03178287 0.00827535
v -0.04678719 -0.03736049 -0.01707849
v -0.04521411 -0.03769548 -0.01493247
v -0.04506100 -0.03771682 -0.01466139
v -0.04493538 -0.03701059 -0.01301962
v -0.04494319 -0.03653019 -0.01107499
v -0.04501423 -0.03618718 -0.00910547
v -0.04520615 -0.03610687 -0.00708833
v -0.04529013 -0.03579198 -0.00511370
v -0.04533596 -0.03577234 -0.00463028
v -0.04569029 -0.03534522 -0.00317330
v -0.04616340 -0.03478036 -0.00125780
v -0.04677090 -0.03415639 0.00064256
v -0.04454594 -0.03763252 -0.01288839
v -0.04446177 -0.03731273 -0.01091011
v -0.04455123 -0.03691658 -0.00895138
v -0.04505199 -0.03633955 -0.00703900
v -0.04521542 -0.03591087 -0.00508861
v -0.07062214 -0.02621331 -0.01581671
v -0.07119500 -0.02696077 -0.01364955
v -0.07148012 -0.02708296 -0.01159571
v -0.07153435 -0.02670343 -0.00963280
v -0.07144402 -0.02600977 -0.00772682
v -0.07140616 -0.02543013 -0.00580018
v -0.07129620 -0.02469382 -0.00390193
v -0.07120089 -0.02398932 -0.00199791
v -0.07115286 -0.02338758 -0.00007527
v -0.07121954 -0.02303510 0.00189254
v -0.07126930 -0.02264587 0.00385369
v -0.07120984 -0.02201929 0.00577183
v -0.07172511 -0.02015471 0.01762407
v -0.07197849 -0.02020793 0.01966541
v -0.07042279 -0.02840803 -0.01538581
v -0.06958026 -0.02895894 -0.01628619
v -0.07126823 -0.02767942 -0.01351225
v -0.07144254 -0.02724596 -0.01156309
v -0.07143236 -0.02689363 -0.00959314
v -0.07119587 -0.02664083 -0.00759769
v -0.07126427 -0.02625394 -0.00563660
v -0.07100685 -0.02601034 -0.00363880
v -0.07079785 -0.02574544 -0.00164645
v -0.07063853 -0.02545870 0.00034030
v -0.07060893 -0.02511491 0.00231244
v -0.07055103 -0.02478357 0.00428776
v -0.07041011 -0.02448873 0.00627244
v -0.07040402 -0.02413461 0.00824193
v -0.07072435 -0.02363693 0.01017464
v -0.07093235 -0.02318864 0.01212001
v -0.07097211 -0.02281435 0.01408433
v -0.07117570 -0.02236801 0.01603020
v -0.07159972 -0.02182473 0.01795123
v -0.07184173 -0.02136149 0.01989277
v -0.07054719 -0.02135855 0.02196565
v -0.07062493 -0.02157114 0.02182576
v -0.06705787 -0.02897927 -0.01925878
v -0.06769769 -0.03019437 -0.01832274
v -0.06882047 -0.02946951 -0.01717409
v -0.07039891 -0.02163920 0.02202412
v -0.06883440 -0.02215567 0.02314705
v -0.06521348 -0.03022697 -0.02100433
v -0.06582069 -0.03139046 -0.02015634
v -0.06715852 -0.03055720 -0.01895566
v -0.06702146 -0.02289870 0.02365068
v -0.06524547 -0.03175532 -0.02070894
v -0.06395071 -0.03253684 -0.02173348
v -0.06519958 -0.02370491 0.02382838
v -0.06210881 -0.03348466 -0.02228634
v -0.06269946 -0.02284080 0.02450605
v -0.06338615 -0.02445137 0.02431433
v -0.06194885 -0.03356190 -0.02230635
v -0.06027029 -0.03440855 -0.02271572
v -0.06094743 -0.02379182 0.02473843
v -0.06157043 -0.02521411 0.02471626
v -0.05844374 -0.03524787 -0.02270879
v -0.05975167 -0.02599829 0.02500762
v -0.05597999 -0.03445092 -0.02197041
v -0.05662730 -0.03601564 -0.02233279
v -0.05792376 -0.02684713 0.02496539
v -0.05447029 -0.03592852 -0.02164260
v -0.05481272 -0.03677024 -0.02188888
v -0.05593240 -0.02766609 0.02358893
v -0.05606496 -0.02791445 0.02379609
v -0.05292865 -0.03733671 -0.02132737
v -0.05299916 -0.03751763 -0.02140769
v -0.05388464 -0.02847186 0.02176329
v -0.05420081 -0.02901966 0.02243134
v -0.05592002 -0.02800667 0.02365529
v -0.05261601 -0.03766626 -0.02125492
v -0.05119214 -0.03821881 -0.02068817
v -0.05146290 -0.02945973 0.01590726
v -0.05175428 -0.02959552 0.01796357
v -0.05221087 -0.03009032 0.02008493
v -0.05231871 -0.03025174 0.02041208
v -0.05368707 -0.02934548 0.02193805
v -0.04896910 -0.03775162 -0.01910045
v -0.04938894 -0.03889294 -0.01982913
v -0.04944644 -0.03132827 0.01021084
v -0.04958750 -0.03113742 0.01220795
v -0.04987125 -0.03125664 0.01426125
v -0.05026286 -0.03161023 0.01635702
v -0.05040907 -0.03167865 0.01738775
v -0.05070300 -0.03137142 0.01833663
v -0.05210201 -0.03039936 0.02014782
v -0.04747461 -0.03926227 -0.01876665
v -0.04758604 -0.03956493 -0.01895902
v -0.04738729 -0.03360142 0.00255605
v -0.04760038 -0.03356710 0.00458153
v -0.04781052 -0.03352635 0.00660583
v -0.04803765 -0.03352254 0.00863684
v -0.04827311 -0.03353682 0.01067112
v -0.04845234 -0.03343856 0.01264554
v -0.04846039 -0.03342808 0.01268287
v -0.04913842 -0.03277310 0.01457529
v -0.05008867 -0.03199839 0.01643704
v -0.04706015 -0.03975279 -0.01866021
v -0.04547294 -0.03917345 -0.01669103
v -0.04578875 -0.04019729 -0.01788446
v -0.04509691 -0.03785896 -0.01489757
v -0.04549096 -0.03573100 -0.00309306
v -0.04570680 -0.03570266 -0.00106650
v -0.04594915 -0.03573191 0.00097049
v -0.04621955 -0.03582211 0.00301853
v -0.04641589 -0.03576222 0.00499505
v -0.04642782 -0.03574919 0.00503665
v -0.04682762 -0.03521656 0.00696041
v -0.04735758 -0.03462669 0.00886951
v -0.04796882 -0.03400107 0.01076945
v -0.04467208 -0.04044620 -0.01642237
v -0.04403172 -0.04054489 -0.01534086
v -0.04392967 -0.04008075 -0.01443489
v -0.04373486 -0.03916004 -0.01257006
v -0.04367466 -0.03853187 -0.01065221
v -0.04370497 -0.03810035 -0.00869872
v -0.04390894 -0.03804620 -0.00667684
v -0.04408715 -0.03793609 -0.00466510
v -0.04431679 -0.03793772 -0.00263311
v -0.04440403 -0.03791196 -0.00175819
v -0.04467927 -0.03758858 -0.00067276
v -0.04521138 -0.03699777 0.00123609
v -0.04591282 -0.03633248 0.00312587
v -0.04340325 -0.04064740 -0.01431062
v -0.04241677 -0.04072442 -0.01223068
v -0.04230193 -0.04069988 -0.01180371
v -0.04223832 -0.04016888 -0.01029551
v -0.04225452 -0.03970671 -0.00834758
v -0.04243840 -0.03973482 -0.00682518
v -0.04271172 -0.03952429 -0.00635750
v -0.04353830 -0.03880397 -0.00448183
v -0.04417599 -0.03816672 -0.00258486
v -0.04180768 -0.04063548 -0.01019326
v -0.04192650 -0.04022641 -0.00823784
v -0.07007130 -0.02977453 -0.01511128
v -0.07046249 -0.03034687 -0.01387318
v -0.07085148 -0.03001821 -0.01304747
v -0.07067797 -0.02973771 -0.01105912
v -0.07036806 -0.02892726 -0.00916976
v -0.07055023 -0.02972641 -0.01067234
v -0.07041106 -0.02852332 -0.00721127
v -0.07053264 -0.02829015 -0.00522183
v -0.07042584 -0.02756069 -0.00332234
v -0.07039497 -0.02699625 -0.00139294
v -0.07038725 -0.02648210 0.00054557
v -0.07036419 -0.02593462 0.00247804
v -0.07032392 -0.02534973 0.00440374
v -0.07029146 -0.02478183 0.00633251
v -0.07033286 -0.02437440 0.00829036
v -0.07054923 -0.02434721 0.01031713
v -0.07076063 -0.02430921 0.01234193
v -0.07083774 -0.02397939 0.01431385
v -0.07097834 -0.02378754 0.01631078
v -0.07118680 -0.02374316 0.01833443
v -0.07120175 -0.02327826 0.02028187
v -0.06830861 -0.03119975 -0.01682466
v -0.06857172 -0.03164026 -0.01620870
v -0.06987156 -0.03080597 -0.01490587
v -0.06990021 -0.02972295 -0.00900269
v -0.07000430 -0.02932037 -0.00704562
v -0.07024830 -0.02885625 -0.00510431
v -0.07007916 -0.02857383 -0.00311645
v -0.07006182 -0.02822465 -0.00114569
v -0.07007517 -0.02786197 0.00082160
v -0.06996934 -0.02755170 0.00280233
v -0.06987117 -0.02723807 0.00478219
v -0.06983521 -0.02689708 0.00675504
v -0.06995436 -0.02648787 0.00871042
v -0.07013922 -0.02604977 0.01065840
v -0.07036275 -0.02559466 0.01260202
v -0.07033036 -0.02525209 0.01457447
v -0.07047461 -0.02483185 0.01652702
v -0.07096496 -0.02425940 0.01844058
v -0.07088303 -0.02393862 0.02041861
v -0.06937196 -0.02356296 0.02242517
v -0.06961857 -0.02423703 0.02198286
v -0.06663943 -0.03282820 -0.01850121
v -0.06668457 -0.03290810 -0.01841246
v -0.06823127 -0.03188414 -0.01668988
v -0.06851389 -0.02462370 0.02265432
v -0.06781913 -0.02488458 0.02297906
v -0.06487798 -0.03407245 -0.02024971
v -0.06480672 -0.03411017 -0.02027691
v -0.06664025 -0.03294064 -0.01847944
v -0.06600555 -0.02563214 0.02345929
v -0.06294217 -0.03521820 -0.02165623
v -0.06419415 -0.02636425 0.02401929
v -0.06210645 -0.03564811 -0.02190627
v -0.06109767 -0.03618438 -0.02230375
v -0.06238327 -0.02709271 0.02459808
v -0.05925591 -0.03713122 -0.02285152
v -0.06056795 -0.02785257 0.02501488
v -0.05743335 -0.03794228 -0.02269886
v -0.05874365 -0.02867594 0.02510406
v -0.05561280 -0.03873907 -0.02247254
v -0.05690356 -0.02961096 0.02461727
v -0.05379299 -0.03953071 -0.02221966
v -0.05505261 -0.03062277 0.02373432
v -0.05588008 -0.03017976 0.02407763
v -0.05147195 -0.03892951 -0.02097869
v -0.05198258 -0.04025585 -0.02162375
v -0.05311825 -0.03156470 0.02238383
v -0.05319375 -0.03169056 0.02256260
v -0.04997570 -0.04043634 -0.02064559
v -0.05017594 -0.04095430 -0.02089016
v -0.05053673 -0.03170798 0.01840643
v -0.05128787 -0.03284282 0.02064379
v -0.05131690 -0.03288550 0.02073491
v -0.05303788 -0.03178650 0.02242902
v -0.04861363 -0.04158193 -0.02038618
v -0.04836507 -0.04168264 -0.02031073
v -0.04845636 -0.03343763 0.01268483
v -0.04877407 -0.03363064 0.01475151
v -0.04915274 -0.03395613 0.01684219
v -0.04942715 -0.03417171 0.01843645
v -0.04958700 -0.03401772 0.01888019
v -0.05124282 -0.03293273 0.02066245
v -0.04605652 -0.04093896 -0.01840276
v -0.04656143 -0.04235993 -0.01946798
v -0.04642053 -0.03576147 0.00503923
v -0.04658712 -0.03562608 0.00704639
v -0.04681721 -0.03562870 0.00907856
v -0.04706760 -0.03567542 0.01111872
v -0.04740410 -0.03590927 0.01319279
v -0.04746632 -0.03596063 0.01354455
v -0.04807737 -0.03539524 0.01511266
v -0.04882824 -0.03470822 0.01699687
v -0.04476242 -0.04288505 -0.01799005
v -0.04477395 -0.04292291 -0.01803548
v -0.04420888 -0.04118483 -0.01626649
v -0.04452169 -0.03788559 -0.00061087
v -0.04471710 -0.03781284 0.00140764
v -0.04499307 -0.03791516 0.00345788
v -0.04523144 -0.03793575 0.00549330
v -0.04540338 -0.03781200 0.00750257
v -0.04549506 -0.03782326 0.00827242
v -0.04588626 -0.03742926 0.00945310
v -0.04652851 -0.03679000 0.01134955
v -0.04733158 -0.03608003 0.01322788
v -0.04470641 -0.04294343 -0.01797720
v -0.04299707 -0.04341091 -0.01621621
v -0.04293267 -0.04316983 -0.01584673
v -0.04254186 -0.04182322 -0.01405908
v -0.04232786 -0.04086082 -0.01220180
v -0.04251694 -0.03977956 -0.00630268
v -0.04284393 -0.03999276 -0.00423235
v -0.04312250 -0.04010070 -0.00218110
v -0.04333064 -0.04005563 -0.00015757
v -0.04347176 -0.04005390 0.00110185
v -0.04366704 -0.03983245 0.00182791
v -0.04422389 -0.03923075 0.00373398
v -0.04488688 -0.03858237 0.00562809
v -0.04528808 -0.03804913 0.00755169
v -0.04263792 -0.04349629 -0.01577536
v -0.04123293 -0.04380879 -0.01393202
v -0.04120006 -0.04366568 -0.01366515
v -0.04095051 -0.04262603 -0.01182187
v -0.04087761 -0.04197025 -0.00990903
v -0.04106416 -0.04187825 -0.00789401
v -0.04138316 -0.04207405 -0.00582683
v -0.04147763 -0.04207831 -0.00500488
v -0.04184588 -0.04170377 -0.00387332
v -0.04253049 -0.04104589 -0.00198165
v -0.04307490 -0.04044966 -0.00007418
v -0.04104303 -0.04384088 -0.01362688
v -0.04001660 -0.04393548 -0.01154245
v -0.03977932 -0.04368302 -0.00954691
v -0.04033389 -0.04308232 -0.00764059
v -0.04122133 -0.04233524 -0.00577176
v -0.07076879 -0.03079279 -0.01289505
v -0.07064344 -0.03002303 -0.01100286
v -0.06934437 -0.03295310 -0.01447521
v -0.06944614 -0.03308352 -0.01408099
v -0.07031707 -0.03240878 -0.01256942
v -0.06962512 -0.03235627 -0.01052266
v -0.06924198 -0.03123848 -0.00869087
v -0.06954705 -0.03236989 -0.01039954
v -0.06926424 -0.03078947 -0.00674055
v -0.06935137 -0.03048144 -0.00476469
v -0.06939219 -0.03007276 -0.00280706
v -0.06946972 -0.02974386 -0.00083497
v -0.06951972 -0.02935515 0.00112627
v -0.06955312 -0.02893034 0.00308098
v -0.06963279 -0.02860610 0.00505391
v -0.06971634 -0.02829027 0.00702836
v -0.06976687 -0.02790269 0.00898982
v -0.06979289 -0.02746186 0.01094162
v -0.06984333 -0.02707411 0.01290304
v -0.06983487 -0.02655836 0.01484126
v -0.06991695 -0.02623932 0.01681514
v -0.07015053 -0.02624953 0.01884868
v -0.07012203 -0.02569023 0.02077901
v -0.06780969 -0.03422508 -0.01622454
v -0.06755314 -0.03439269 -0.01649794
v -0.06930421 -0.03321101 -0.01442411
v -0.06863514 -0.03243484 -0.00844233
v -0.06861683 -0.03208608 -0.00647147
v -0.06868480 -0.03169938 -0.00451032
v -0.06879906 -0.03129233 -0.00255439
v -0.06904203 -0.03082867 -0.00061297
v -0.06916868 -0.03041616 0.00134157
v -0.06928890 -0.03000648 0.00329683
v -0.06947137 -0.02956943 0.00524507
v -0.06962139 -0.02914665 0.00719697
v -0.06958248 -0.02880695 0.00917016
v -0.06944468 -0.02851075 0.01115448
v -0.06938591 -0.02817979 0.01312991
v -0.06926216 -0.02787740 0.01511265
v -0.06925634 -0.02752315 0.01708211
v -0.06969101 -0.02697519 0.01900194
v -0.06943287 -0.02673191 0.02099982
v -0.06803922 -0.02542509 0.02282267
v -0.06860606 -0.02694658 0.02191482
v -0.06485252 -0.03420079 -0.02022413
v -0.06566036 -0.03570035 -0.01890713
v -0.06676673 -0.03504056 -0.01807585
v -0.06673867 -0.02735718 0.02323285
v -0.06681259 -0.02755191 0.02312878
v -0.06371784 -0.03649331 -0.01974863
v -0.06381537 -0.03667004 -0.01957275
v -0.06651822 -0.02765689 0.02329699
v -0.06500298 -0.02827138 0.02375396
v -0.06150557 -0.03694162 -0.02163906
v -0.06194599 -0.03781221 -0.02112819
v -0.06365115 -0.03676752 -0.01969365
v -0.06318929 -0.02901968 0.02423044
v -0.06138313 -0.03812175 -0.02140694
v -0.06008148 -0.03891988 -0.02250568
v -0.06137332 -0.02978414 0.02462348
v -0.05824992 -0.03979459 -0.02268133
v -0.05955043 -0.03059752 0.02476420
v -0.05642346 -0.04063325 -0.02267106
v -0.05772284 -0.03144414 0.02473346
v -0.05458681 -0.04143728 -0.02261592
v -0.05468489 -0.04142428 -0.02262113
v -0.05459811 -0.04146404 -0.02262014
v -0.05583414 -0.03221076 0.02447258
v -0.05589037 -0.03232525 0.02452476
v -0.05443105 -0.04153591 -0.02259253
v -0.05277968 -0.04224586 -0.02231659
v -0.05404882 -0.03327060 0.02398470
v -0.05579504 -0.03237269 0.02450505
v -0.05096577 -0.04299571 -0.02184817
v -0.05218797 -0.03435246 0.02274036
v -0.05243434 -0.03420746 0.02291486
v -0.04839833 -0.04176690 -0.02034443
v -0.04915718 -0.04370796 -0.02118576
v -0.04950288 -0.03421961 0.01892163
v -0.05031812 -0.03549796 0.02116777
v -0.05033894 -0.03548577 0.02118212
v -0.04691533 -0.04330251 -0.02000611
v -0.04734671 -0.04443354 -0.02059211
v -0.04775079 -0.03616526 0.01527088
v -0.04808812 -0.03640088 0.01734527
v -0.04839580 -0.03657211 0.01940800
v -0.04844798 -0.03664544 0.01958491
v -0.04547367 -0.04492797 -0.01965150
v -0.04554230 -0.04511621 -0.01977705
v -0.04566235 -0.03787737 0.00954611
v -0.04592998 -0.03796157 0.01159306
v -0.04625475 -0.03816992 0.01366251
v -0.04649235 -0.03839755 0.01488295
v -0.04690234 -0.03806753 0.01566288
v -0.04765331 -0.03738046 0.01754708
v -0.04831633 -0.03673208 0.01944118
v -0.04518120 -0.04524697 -0.01958165
v -0.04339751 -0.04467730 -0.01760522
v -0.04374695 -0.04573489 -0.01863195
v -0.04355176 -0.04003874 0.00187106
v -0.04374294 -0.03995681 0.00388790
v -0.04400040 -0.04001889 0.00593085
v -0.04427987 -0.04012881 0.00798246
v -0.04449101 -0.04009023 0.01000716
v -0.04454217 -0.04011116 0.01037959
v -0.04510344 -0.03957226 0.01192794
v -0.04585717 -0.03888398 0.01381182
v -0.04222989 -0.04618808 -0.01728036
v -0.04153551 -0.04489199 -0.01547460
v -0.04196344 -0.04626977 -0.01705451
v -0.04162897 -0.04211083 -0.00378847
v -0.04187136 -0.04214017 -0.00175146
v -0.04205877 -0.04205003 0.00026390
v -0.04229331 -0.04206232 0.00229782
v -0.04253513 -0.04209042 0.00433460
v -0.04255474 -0.04208814 0.00451755
v -0.04304859 -0.04154635 0.00625303
v -0.04388325 -0.04082248 0.00812780
v -0.04442011 -0.04022958 0.01003612
v -0.04023671 -0.04670783 -0.01508701
v -0.03978361 -0.04534591 -0.01330062
v -0.04019183 -0.04672050 -0.01504298
v -0.03962613 -0.04450633 -0.01142108
v -0.03960918 -0.04397213 -0.00948621
v -0.03983155 -0.04395797 -0.00745708
v -0.04017807 -0.04421358 -0.00537906
v -0.04046550 -0.04434079 -0.00332431
v -0.04052695 -0.04435052 -0.00281681
v -0.04098161 -0.04388259 -0.00138931
v -0.04129085 -0.04338978 0.00054465
v -0.04176353 -0.04282511 0.00246020
v -0.04249844 -0.04214510 0.00434621
v -0.03866583 -0.04704186 -0.01294123
v -0.03844194 -0.04701764 -0.01223910
v -0.03836979 -0.04653449 -0.01099350
v -0.03838530 -0.04607083 -0.00904584
v -0.03857495 -0.04607697 -0.00738639
v -0.03870183 -0.04595560 -0.00703888
v -0.03948492 -0.04525441 -0.00515830
v -0.04034571 -0.04451905 -0.00328648
v -0.03802659 -0.04696617 -0.01090041
v -0.03795668 -0.04664011 -0.00892374
v -0.06986203 -0.03358059 -0.01232980
v -0.06957563 -0.03246087 -0.01050103
v -0.06765165 -0.03453036 -0.01616104
v -0.06843929 -0.03575295 -0.01394216
v -0.06845803 -0.03573867 -0.01391095
v -0.06916376 -0.03507150 -0.01202165
v -0.06842707 -0.03472324 -0.01003100
v -0.06852980 -0.03511285 -0.01063998
v -0.06810038 -0.03351597 -0.00821810
v -0.06813695 -0.03309807 -0.00626215
v -0.06821262 -0.03276512 -0.00429079
v -0.06831286 -0.03248556 -0.00230976
v -0.06845680 -0.03230097 -0.00031153
v -0.06851760 -0.03193571 0.00165397
v -0.06868338 -0.03179858 0.00366081
v -0.06888571 -0.03174088 0.00568205
v -0.06898755 -0.03146479 0.00766370
v -0.06899706 -0.03098810 0.00960901
v -0.06892096 -0.03032536 0.01152059
v -0.06888364 -0.02974689 0.01344745
v -0.06881898 -0.02910899 0.01536353
v -0.06877841 -0.02852347 0.01728911
v -0.06891767 -0.02832871 0.01928551
v -0.06884348 -0.02767013 0.02119785
v -0.06614285 -0.03650731 -0.01777442
v -0.06653907 -0.03711320 -0.01662257
v -0.06735011 -0.03658272 -0.01575493
v -0.06828396 -0.03510161 -0.00995373
v -0.06754381 -0.03507031 -0.00790155
v -0.06746392 -0.03474863 -0.00592374
v -0.06748527 -0.03438244 -0.00395735
v -0.06763770 -0.03395859 -0.00200572
v -0.06790909 -0.03348244 -0.00006749
v -0.06802566 -0.03307436 0.00188818
v -0.06840280 -0.03255170 0.00381449
v -0.06875740 -0.03203895 0.00574334
v -0.06891572 -0.03161252 0.00769431
v -0.06887162 -0.03127510 0.00966808
v -0.06862910 -0.03102495 0.01166420
v -0.06848411 -0.03073190 0.01364934
v -0.06829217 -0.03045951 0.01563976
v -0.06789006 -0.03027954 0.01765387
v -0.06763620 -0.03003437 0.01965127
v -0.06735942 -0.02920344 0.02153575
v -0.06753913 -0.03004084 0.01986207
v -0.06579088 -0.03762524 -0.01754807
v -0.06467383 -0.03822612 -0.01802714
v -0.06659789 -0.03013419 0.02173705
v -0.06526435 -0.02891167 0.02357459
v -0.06578208 -0.03038864 0.02240459
v -0.06269162 -0.03902153 -0.01923042
v -0.06282157 -0.03924720 -0.01895790
v -0.06364306 -0.03014679 0.02385845
v -0.06398435 -0.03102407 0.02346333
v -0.06092917 -0.04044730 -0.02094370
v -0.06094076 -0.04047016 -0.02093011
v -0.06261609 -0.03937824 -0.01915921
v -0.06195287 -0.03123219 0.02411518
v -0.06217039 -0.03177429 0.02392990
v -0.06091698 -0.04048228 -0.02093659
v -0.05908492 -0.04151653 -0.02199136
v -0.06008441 -0.03193021 0.02430170
v -0.06034843 -0.03258112 0.02410440
v -0.05724853 -0.04242545 -0.02234348
v -0.05814245 -0.03246852 0.02445928
v -0.05852571 -0.03339328 0.02425137
v -0.05650637 -0.04277876 -0.02240850
v -0.05541490 -0.04331473 -0.02259433
v -0.05593956 -0.03243984 0.02451410
v -0.05670264 -0.03420797 0.02438536
v -0.05292765 -0.04259011 -0.02234697
v -0.05359158 -0.04413122 -0.02246964
v -0.05487009 -0.03508970 0.02417347
v -0.05131071 -0.04383468 -0.02206140
v -0.05177068 -0.04493047 -0.02225607
v -0.05265486 -0.03531592 0.02312368
v -0.05302344 -0.03607110 0.02344739
v -0.04973390 -0.04516646 -0.02176002
v -0.04995265 -0.04570954 -0.02193834
v -0.05033060 -0.03552086 0.02118915
v -0.05117609 -0.03705747 0.02269568
v -0.05274019 -0.03622848 0.02329824
v -0.04818920 -0.04643646 -0.02147149
v -0.04813905 -0.04645722 -0.02145868
v -0.04931739 -0.03812410 0.02152996
v -0.04962389 -0.03795576 0.02168051
v -0.04632781 -0.04718821 -0.02089294
v -0.04667609 -0.03858812 0.01576999
v -0.04702789 -0.03885519 0.01785009
v -0.04741492 -0.03919885 0.01994406
v -0.04745016 -0.03925102 0.02005317
v -0.04404941 -0.04659125 -0.01929005
v -0.04451769 -0.04791130 -0.02028646
v -0.04475782 -0.04017264 0.01205379
v -0.04509591 -0.04040993 0.01412849
v -0.04551297 -0.04087271 0.01602399
v -0.04563245 -0.04078153 0.01622378
v -0.04642825 -0.04007474 0.01810293
v -0.04734985 -0.03931264 0.01996790
v -0.04259991 -0.04819967 -0.01893853
v -0.04271821 -0.04855910 -0.01929156
v -0.04201419 -0.04642952 -0.01722764
v -0.04275936 -0.04208031 0.00636446
v -0.04306251 -0.04224166 0.00842540
v -0.04329327 -0.04224573 0.01045783
v -0.04355135 -0.04230917 0.01250102
v -0.04359827 -0.04233538 0.01281517
v -0.04440338 -0.04167885 0.01439345
v -0.04172906 -0.04892067 -0.01877490
v -0.04091631 -0.04922404 -0.01838503
v -0.04047719 -0.04784781 -0.01691059
v -0.04020043 -0.04674903 -0.01507802
v -0.04069413 -0.04434023 -0.00129272
v -0.04083761 -0.04415464 0.00070534
v -0.04103304 -0.04408193 0.00272385
v -0.04128175 -0.04412501 0.00476335
v -0.04152742 -0.04416148 0.00680165
v -0.04163310 -0.04415499 0.00776499
v -0.04198592 -0.04381241 0.00875939
v -0.04266094 -0.04315875 0.01065214
v -0.04342836 -0.04246444 0.01253449
v -0.03908173 -0.04957366 -0.01653779
v -0.03912979 -0.04978026 -0.01691771
v -0.03871236 -0.04827366 -0.01474170
v -0.03849234 -0.04729817 -0.01288679
v -0.03862437 -0.04609296 -0.00701013
v -0.03889240 -0.04617801 -0.00496303
v -0.03913749 -0.04621321 -0.00292495
v -0.03933227 -0.04613910 -0.00090669
v -0.03961456 -0.04625514 0.00114603
v -0.03962805 -0.04625660 0.00126002
v -0.04019628 -0.04566987 0.00305460
v -0.04067579 -0.04510219 0.00496938
v -0.04130221 -0.04446990 0.00686761
v -0.03881401 -0.04984583 -0.01647769
v -0.03737275 -0.05012795 -0.01437462
v -0.03737053 -0.05011603 -0.01434778
v -0.03718254 -0.04921016 -0.01248026
v -0.03706826 -0.04846447 -0.01058371
v -0.03707925 -0.04799096 -0.00863783
v -0.03724187 -0.04784696 -0.00663223
v -0.03755481 -0.04802961 -0.00456744
v -0.03767762 -0.04797192 -0.00325217
v -0.03785087 -0.04777175 -0.00258757
v -0.03865563 -0.04706103 -0.00070943
v -0.03958817 -0.04629411 0.00115431
v -0.03736417 -0.05012663 -0.01434555
v -0.03666097 -0.05007908 -0.01229753
v -0.03619651 -0.04992652 -0.01027640
v -0.03619780 -0.04956915 -0.00830775
v -0.03657655 -0.04904578 -0.00638161
v -0.03735068 -0.04834853 -0.00450002
v -0.06844724 -0.03576181 -0.01390617
v -0.06874241 -0.03590583 -0.01184837
v -0.06694386 -0.03775053 -0.01551742
v -0.06740670 -0.03825891 -0.01339360
v -0.06742201 -0.03779481 -0.01144601
v -0.06728069 -0.03699034 -0.00956011
v -0.06709886 -0.03609785 -0.00769017
v -0.06708531 -0.03557102 -0.00575395
v -0.06712145 -0.03515218 -0.00379816
v -0.06719081 -0.03480553 -0.00182929
v -0.06735645 -0.03466810 0.00017749
v -0.06749001 -0.03446094 0.00217164
v -0.06768571 -0.03438884 0.00419027
v -0.06784630 -0.03424042 0.00619506
v -0.06789119 -0.03384060 0.00815429
v -0.06791434 -0.03339353 0.01010496
v -0.06791195 -0.03289097 0.01204558
v -0.06788697 -0.03233931 0.01397729
v -0.06777766 -0.03160439 0.01587580
v -0.06761102 -0.03074491 0.01775173
v -0.06755816 -0.03013268 0.01967246
v -0.06520850 -0.03923515 -0.01722004
v -0.06553014 -0.03979734 -0.01655963
v -0.06680848 -0.03897643 -0.01527608
v -0.06736812 -0.03837351 -0.01337032
v -0.06729978 -0.03804675 -0.01139382
v -0.06679396 -0.03791239 -0.00936804
v -0.06634546 -0.03775283 -0.00734871
v -0.06618466 -0.03746674 -0.00536179
v -0.06621223 -0.03709780 -0.00339609
v -0.06636417 -0.03667418 -0.00144441
v -0.06672719 -0.03615772 0.00048349
v -0.06701012 -0.03567649 0.00242042
v -0.06736050 -0.03516559 0.00434975
v -0.06765164 -0.03468075 0.00628575
v -0.06767073 -0.03431555 0.00825240
v -0.06760496 -0.03398767 0.01022861
v -0.06757540 -0.03364386 0.01220075
v -0.06743608 -0.03334832 0.01418524
v -0.06710820 -0.03313571 0.01619098
v -0.06655009 -0.03302434 0.01822266
v -0.06628052 -0.03211455 0.02009166
v -0.06648838 -0.03302069 0.01839951
v -0.06595159 -0.03090242 0.02190368
v -0.06495948 -0.04014639 -0.01703657
v -0.06367124 -0.04086538 -0.01773267
v -0.06581457 -0.03299100 0.02027433
v -0.06460853 -0.03274212 0.02229711
v -0.06475188 -0.03322319 0.02169165
v -0.06275357 -0.04147330 -0.01875686
v -0.06178969 -0.04209361 -0.01973205
v -0.06388451 -0.03348299 0.02246057
v -0.06295837 -0.03382879 0.02290425
v -0.06058450 -0.04278401 -0.02048130
v -0.05992805 -0.04318101 -0.02100495
v -0.06114481 -0.03457615 0.02338551
v -0.05807580 -0.04420203 -0.02193539
v -0.05932655 -0.03535680 0.02369510
v -0.05726905 -0.04459887 -0.02207658
v -0.05623569 -0.04513719 -0.02242291
v -0.05750929 -0.03613039 0.02404109
v -0.05440598 -0.04599879 -0.02253096
v -0.05568456 -0.03695681 0.02411453
v -0.05257930 -0.04683897 -0.02252851
v -0.05384611 -0.03788022 0.02368763
v -0.05075471 -0.04766439 -0.02244992
v -0.05201295 -0.03876622 0.02345371
v -0.05357411 -0.03801726 0.02362213
v -0.04814486 -0.04647166 -0.02146345
v -0.04893563 -0.04845082 -0.02217015
v -0.04950381 -0.03848244 0.02178590
v -0.05017242 -0.03970436 0.02295079
v -0.04654645 -0.04775650 -0.02117058
v -0.04711736 -0.04923153 -0.02186092
v -0.04831976 -0.04072826 0.02200551
v -0.04877528 -0.04048448 0.02219395
v -0.04479497 -0.04870873 -0.02093799
v -0.04529011 -0.05007578 -0.02187945
v -0.04556529 -0.04093253 0.01625489
v -0.04585238 -0.04105900 0.01830951
v -0.04630328 -0.04154143 0.02042863
v -0.04646125 -0.04179358 0.02084649
v -0.04319696 -0.04999444 -0.02064496
v -0.04348005 -0.05079840 -0.02127054
v -0.04390502 -0.04258032 0.01458185
v -0.04444805 -0.04326295 0.01673726
v -0.04453614 -0.04332982 0.01725813
v -0.04498956 -0.04286296 0.01868284
v -0.04611167 -0.04201268 0.02052523
v -0.04159008 -0.05126086 -0.02035542
v -0.04167237 -0.05150425 -0.02057508
v -0.04099126 -0.04946226 -0.01864969
v -0.04174725 -0.04414178 0.00882978
v -0.04198605 -0.04416333 0.01086538
v -0.04227382 -0.04429128 0.01292026
v -0.04263122 -0.04472329 0.01440632
v -0.04300016 -0.04445147 0.01496937
v -0.04432785 -0.04351077 0.01678859
v -0.04064997 -0.05190755 -0.02020430
v -0.03986307 -0.05222150 -0.01993848
v -0.03935849 -0.05067243 -0.01837035
v -0.03984041 -0.04624854 0.00317653
v -0.04001009 -0.04611988 0.00518490
v -0.04020393 -0.04604372 0.00720279
v -0.04046331 -0.04610997 0.00924649
v -0.04071233 -0.04621558 0.01104468
v -0.04080506 -0.04613043 0.01127906
v -0.04170925 -0.04537598 0.01314600
v -0.03791765 -0.05229967 -0.01801542
v -0.03806872 -0.05283309 -0.01875674
v -0.03759738 -0.05110636 -0.01620000
v -0.03773524 -0.04792431 -0.00255483
v -0.03798036 -0.04795959 -0.00051674
v -0.03832526 -0.04821167 0.00156063
v -0.03866418 -0.04845078 0.00363566
v -0.03869210 -0.04842460 0.00398565
v -0.03897186 -0.04800706 0.00557918
v -0.03941664 -0.04745464 0.00749787
v -0.03999140 -0.04684507 0.00940192
v -0.03734710 -0.05300327 -0.01786340
v -0.03631240 -0.05317565 -0.01618718
v -0.03628332 -0.05300909 -0.01579514
v -0.03614302 -0.05220684 -0.01390884
v -0.03599400 -0.05138566 -0.01202597
v -0.03586912 -0.05061691 -0.01013360
v -0.03590818 -0.05020442 -0.00817666
v -0.03604182 -0.04999745 -0.00618248
v -0.03626244 -0.04997948 -0.00415404
v -0.03644034 -0.04986869 -0.00214243
v -0.03672505 -0.04998997 -0.00008876
v -0.03675789 -0.05002520 0.00006528
v -0.03781696 -0.04922856 0.00177169
v -0.03863231 -0.04851319 0.00364863
v -0.03608077 -0.05320336 -0.01575193
v -0.03545889 -0.05312004 -0.01371307
v -0.03488116 -0.05301731 -0.01167918
v -0.03465702 -0.05280447 -0.00993559
v -0.03465003 -0.05272602 -0.00969134
v -0.03469398 -0.05254305 -0.00858700
v -0.03475069 -0.05236107 -0.00772688
v -0.03509004 -0.05185503 -0.00579631
v -0.03550877 -0.05131407 -0.00387468
v -0.03594155 -0.05076694 -0.00195464
v -0.03667108 -0.05008930 -0.00006802
v -0.03460440 -0.05278222 -0.00967920
v -0.06613397 -0.04074882 -0.01491402
v -0.06631658 -0.04064826 -0.01290055
v -0.06626494 -0.04003868 -0.01097933
v -0.06614428 -0.03927912 -0.00908530
v -0.06602895 -0.03853112 -0.00718916
v -0.06598132 -0.03793025 -0.00526637
v -0.06601083 -0.03749699 -0.00331319
v -0.06611918 -0.03723508 -0.00132897
v -0.06629075 -0.03711053 0.00068015
v -0.06645158 -0.03696263 0.00268504
v -0.06664947 -0.03689528 0.00470453
v -0.06682282 -0.03677459 0.00671435
v -0.06682469 -0.03628127 0.00865664
v -0.06679564 -0.03572078 0.01058675
v -0.06682269 -0.03528218 0.01253896
v -0.06680757 -0.03475195 0.01447456
v -0.06672292 -0.03407064 0.01638278
v -0.06650776 -0.03310572 0.01823960
v -0.06416238 -0.04172013 -0.01670966
v -0.06454622 -0.04230464 -0.01558435
v -0.06564099 -0.04164540 -0.01472671
v -0.06605634 -0.04110594 -0.01280470
v -0.06575397 -0.04088210 -0.01080183
v -0.06548320 -0.04064437 -0.00880253
v -0.06518581 -0.04041835 -0.00680022
v -0.06505067 -0.04012098 -0.00481620
v -0.06511490 -0.03973592 -0.00285463
v -0.06530248 -0.03929662 -0.00090696
v -0.06557628 -0.03881941 0.00103099
v -0.06582537 -0.03835306 0.00297173
v -0.06622628 -0.03781994 0.00489537
v -0.06663418 -0.03728374 0.00681822
v -0.06655775 -0.03696055 0.00879563
v -0.06636786 -0.03668725 0.01078583
v -0.06626481 -0.03637577 0.01276624
v -0.06610747 -0.03608815 0.01475276
v -0.06578826 -0.03587172 0.01675753
v -0.06539123 -0.03543769 0.01872224
v -0.06546301 -0.03582117 0.01786238
v -0.06505330 -0.03420598 0.02053071
v -0.06237421 -0.04308998 -0.01843308
v -0.06266706 -0.04351593 -0.01749636
v -0.06370247 -0.04285473 -0.01647712
v -0.06523352 -0.03575888 0.01878883
v -0.06390298 -0.03598721 0.02090752
v -0.06313914 -0.03430734 0.02264079
v -0.06372467 -0.03603661 0.02108772
v -0.06027703 -0.04378836 -0.02027818
v -0.06078661 -0.04473636 -0.01945550
v -0.06217195 -0.04388462 -0.01827349
v -0.06169124 -0.03591924 0.02299294
v -0.06193938 -0.03658412 0.02260001
v -0.06005796 -0.04517111 -0.02000414
v -0.05891811 -0.04587235 -0.02097905
v -0.06024524 -0.03723899 0.02328840
v -0.06013223 -0.03728618 0.02331500
v -0.05697753 -0.04663230 -0.02167442
v -0.05707423 -0.04683414 -0.02160397
v -0.05831539 -0.03805677 0.02367645
v -0.05693598 -0.04690089 -0.02162122
v -0.05523180 -0.04778573 -0.02217621
v -0.05649053 -0.03888406 0.02374540
v -0.05339497 -0.04869769 -0.02254405
v -0.05398647 -0.03820951 0.02364809
v -0.05466248 -0.03973397 0.02369770
v -0.05619796 -0.03901889 0.02374436
v -0.05156844 -0.04953680 -0.02253611
v -0.05283462 -0.04058248 0.02365716
v -0.04974568 -0.05034930 -0.02239086
v -0.05100591 -0.04143704 0.02358546
v -0.04792041 -0.05117952 -0.02233698
v -0.04861577 -0.04131092 0.02235853
v -0.04916503 -0.04237766 0.02306977
v -0.04594828 -0.05171223 -0.02242535
v -0.04678682 -0.05172106 -0.02244663
v -0.04608896 -0.05205342 -0.02250848
v -0.04732091 -0.04334120 0.02243586
v -0.04820747 -0.04288973 0.02267576
v -0.04420199 -0.05267574 -0.02219072
v -0.04426957 -0.05284204 -0.02224006
v -0.04472705 -0.04337184 0.01878868
v -0.04528738 -0.04409207 0.02095090
v -0.04546355 -0.04439828 0.02131935
v -0.04339174 -0.05321413 -0.02206414
v -0.04245307 -0.05361022 -0.02186615
v -0.04280014 -0.04493759 0.01506908
v -0.04326898 -0.04545901 0.01719527
v -0.04352766 -0.04552376 0.01923870
v -0.04358621 -0.04559680 0.01947324
v -0.04504911 -0.04463550 0.02106278
v -0.03993310 -0.05241844 -0.02008561
v -0.04064062 -0.05434982 -0.02134483
v -0.04074606 -0.04622702 0.01129940
v -0.04112064 -0.04654360 0.01338847
v -0.04164783 -0.04722692 0.01540057
v -0.04174883 -0.04715731 0.01552818
v -0.04273704 -0.04636591 0.01738565
v -0.04341469 -0.04571109 0.01927811
v -0.03844993 -0.05395370 -0.01974736
v -0.03884098 -0.05499875 -0.02035574
v -0.03880365 -0.04825648 0.00563214
v -0.03899090 -0.04816599 0.00764743
v -0.03918790 -0.04809670 0.00966657
v -0.03943979 -0.04814668 0.01170732
v -0.03975742 -0.04851779 0.01307802
v -0.04027606 -0.04816181 0.01372530
v -0.03770906 -0.05535643 -0.01945514
v -0.03654783 -0.05408125 -0.01763253
v -0.03705305 -0.05556488 -0.01893953
v -0.03714508 -0.05040534 0.00201821
v -0.03746060 -0.05059358 0.00408402
v -0.03754670 -0.05028330 0.00605948
v -0.03773786 -0.05020131 0.00807632
v -0.03780831 -0.05022379 0.00861392
v -0.03829879 -0.04974498 0.01001045
v -0.03886723 -0.04913819 0.01191521
v -0.03562002 -0.05591834 -0.01725099
v -0.03500461 -0.05498865 -0.01537637
v -0.03528961 -0.05595787 -0.01663010
v -0.03483600 -0.05412487 -0.01350122
v -0.03469250 -0.05331568 -0.01161617
v -0.03472805 -0.05239817 -0.00771907
v -0.03486852 -0.05220604 -0.00572220
v -0.03501584 -0.05202881 -0.00372262
v -0.03518240 -0.05189337 -0.00171547
v -0.03545391 -0.05198597 0.00033300
v -0.03579469 -0.05238596 0.00179653
v -0.03623765 -0.05207865 0.00236745
v -0.03699009 -0.05139093 0.00425148
v -0.03713074 -0.05097227 0.00620444
v -0.03761229 -0.05040369 0.00811899
v -0.03456920 -0.05602366 -0.01516380
v -0.03392524 -0.05595005 -0.01312245
v -0.03360906 -0.05576460 -0.01129634
v -0.03359413 -0.05568710 -0.01112638
v -0.03342983 -0.05483271 -0.00924953
v -0.03351217 -0.05451425 -0.00727555
v -0.03376099 -0.05455757 -0.00523601
v -0.03377938 -0.05456017 -0.00508294
v -0.03414587 -0.05406899 -0.00330330
v -0.03436230 -0.05361700 -0.00135888
v -0.03477681 -0.05307790 0.00056322
v -0.03356663 -0.05575095 -0.01111325
v -0.03312943 -0.05558641 -0.00909519
v -0.03321203 -0.05519328 -0.00713570
v -0.03374670 -0.05460134 -0.00522713
v -0.06494036 -0.04291330 -0.01446173
v -0.06518134 -0.04293956 -0.01242528
v -0.06513015 -0.04233097 -0.01050388
v -0.06506573 -0.04169360 -0.00858770
v -0.06496514 -0.04097765 -0.00668576
v -0.06493261 -0.04040958 -0.00475702
v -0.06498914 -0.04003506 -0.00279320
v -0.06511531 -0.03981185 -0.00080196
v -0.06528400 -0.03968103 0.00120603
v -0.06540661 -0.03945008 0.00319587
v -0.06561087 -0.03939658 0.00521786
v -0.06578395 -0.03927531 0.00722758
v -0.06582574 -0.03886874 0.00918559
v -0.06576155 -0.03823188 0.01110186
v -0.06566429 -0.03752316 0.01300511
v -0.06562190 -0.03693368 0.01492998
v -0.06555536 -0.03629172 0.01684533
v -0.06310148 -0.04417297 -0.01620511
v -0.06356651 -0.04478205 -0.01445493
v -0.06393910 -0.04454937 -0.01411714
v -0.06478053 -0.04382253 -0.01224313
v -0.06471846 -0.04349301 -0.01026734
v -0.06447421 -0.04324363 -0.00827102
v -0.06419906 -0.04300782 -0.00627122
v -0.06387352 -0.04279418 -0.00426574
v -0.06402461 -0.04237093 -0.00231396
v -0.06424139 -0.04191878 -0.00036958
v -0.06444644 -0.04147180 0.00157612
v -0.06469771 -0.04100449 0.00351661
v -0.06501003 -0.04051034 0.00545023
v -0.06531892 -0.04001768 0.00738423
v -0.06547278 -0.03959321 0.00933570
v -0.06528454 -0.03931919 0.01132571
v -0.06485574 -0.03915096 0.01334282
v -0.06453031 -0.03893727 0.01534828
v -0.06443116 -0.03860700 0.01732495
v -0.06443091 -0.03866909 0.01708044
v -0.06437399 -0.03798540 0.01924398
v -0.06380776 -0.03625761 0.02096255
v -0.06137995 -0.04568765 -0.01790228
v -0.06167753 -0.04606286 -0.01672556
v -0.06251327 -0.04553323 -0.01592531
v -0.06442133 -0.03862839 0.01732936
v -0.06417167 -0.03838137 0.01932629
v -0.06276018 -0.03864531 0.02145411
v -0.06272475 -0.03865702 0.02147946
v -0.05944131 -0.04673053 -0.01968495
v -0.05979315 -0.04731110 -0.01882817
v -0.06098599 -0.04656169 -0.01772205
v -0.06015073 -0.03732989 0.02330861
v -0.06092546 -0.03930352 0.02248109
v -0.05899089 -0.04779590 -0.01946609
v -0.05791994 -0.04848032 -0.02052315
v -0.05850406 -0.03850987 0.02358248
v -0.05911395 -0.04003636 0.02303727
v -0.05632601 -0.04932466 -0.02113467
v -0.05607288 -0.04946465 -0.02126436
v -0.05653145 -0.03898157 0.02372799
v -0.05729460 -0.04082474 0.02330693
v -0.05422172 -0.05047794 -0.02215491
v -0.05547139 -0.04164042 0.02343580
v -0.05238924 -0.05135916 -0.02236417
v -0.05364059 -0.04250973 0.02328799
v -0.05056211 -0.05220255 -0.02237827
v -0.05181376 -0.04335098 0.02328495
v -0.04843809 -0.05236440 -0.02236718
v -0.04966055 -0.05261277 -0.02235255
v -0.04873478 -0.05304734 -0.02239958
v -0.04999273 -0.04415117 0.02349367
v -0.04690342 -0.05392056 -0.02256761
v -0.04811062 -0.04497141 0.02308194
v -0.04815579 -0.04506396 0.02312157
v -0.04507827 -0.05474998 -0.02250960
v -0.04631235 -0.04602264 0.02251271
v -0.04810679 -0.04508952 0.02310494
v -0.04252319 -0.05378588 -0.02192950
v -0.04325467 -0.05556838 -0.02239480
v -0.04445504 -0.04704157 0.02154546
v -0.04445929 -0.04704938 0.02155273
v -0.04092649 -0.05507445 -0.02163596
v -0.04143832 -0.05633553 -0.02201558
v -0.04168991 -0.04728325 0.01555421
v -0.04193808 -0.04732515 0.01759349
v -0.04225729 -0.04752142 0.01966076
v -0.04260693 -0.04807121 0.02061811
v -0.04445088 -0.04705411 0.02154801
v -0.03953920 -0.05681806 -0.02125994
v -0.03962961 -0.05704858 -0.02135729
v -0.04000395 -0.04887522 0.01387105
v -0.04046044 -0.04936980 0.01599237
v -0.04061318 -0.04920434 0.01799408
v -0.04072498 -0.04930225 0.01860423
v -0.04150067 -0.04870835 0.01991157
v -0.03939596 -0.05712690 -0.02119615
v -0.03731360 -0.05624264 -0.01927251
v -0.03784074 -0.05762141 -0.01997564
v -0.03801423 -0.05030450 0.01012671
v -0.03830587 -0.05044085 0.01218311
v -0.03876538 -0.05108245 0.01375734
v -0.03921648 -0.05078330 0.01426250
v -0.03999462 -0.05008429 0.01614364
v -0.04026391 -0.04960906 0.01808211
v -0.03675187 -0.05793290 -0.01892947
v -0.03546684 -0.05649044 -0.01713589
v -0.03606240 -0.05811971 -0.01820952
v -0.03591557 -0.05249178 0.00245636
v -0.03613422 -0.05246955 0.00448403
v -0.03627843 -0.05228553 0.00648237
v -0.03644924 -0.05215933 0.00849119
v -0.03671668 -0.05224311 0.01053807
v -0.03687604 -0.05236575 0.01147386
v -0.03754381 -0.05187571 0.01248214
v -0.03514273 -0.05828376 -0.01677938
v -0.03417238 -0.05793838 -0.01478176
v -0.03431995 -0.05836424 -0.01513425
v -0.03379387 -0.05661852 -0.01298927
v -0.03395432 -0.05448031 -0.00321831
v -0.03407614 -0.05424765 -0.00122879
v -0.03422792 -0.05408009 0.00077254
v -0.03464753 -0.05449452 0.00287934
v -0.03485595 -0.05457374 0.00442011
v -0.03498713 -0.05442731 0.00489497
v -0.03523088 -0.05396331 0.00683631
v -0.03568464 -0.05340694 0.00875399
v -0.03640235 -0.05273451 0.01064194
v -0.03419873 -0.05834210 -0.01470423
v -0.03368264 -0.05821225 -0.01267728
v -0.03318961 -0.05807227 -0.01065294
v -0.03286928 -0.05785634 -0.00864805
v -0.03300291 -0.05744076 -0.00669430
v -0.03306493 -0.05705668 -0.00473249
v -0.03320779 -0.05663705 -0.00277978
v -0.03320990 -0.05627931 -0.00081122
v -0.03339181 -0.05584251 0.00113709
v -0.03433740 -0.05506985 0.00299936
v -0.06372218 -0.04502438 -0.01401912
v -0.06405493 -0.04525006 -0.01194652
v -0.06408652 -0.04482135 -0.00999253
v -0.06402631 -0.04419313 -0.00807469
v -0.06395640 -0.04354383 -0.00616067
v -0.06385833 -0.04283335 -0.00425773
v -0.06395008 -0.04253535 -0.00228005
v -0.06405121 -0.04225774 -0.00029867
v -0.06416004 -0.04199686 0.00168575
v -0.06429940 -0.04180231 0.00368218
v -0.06442180 -0.04157091 0.00567194
v -0.06452930 -0.04130713 0.00765583
v -0.06464993 -0.04107189 0.00964489
v -0.06464696 -0.04056806 0.01158527
v -0.06452576 -0.03980733 0.01347910
v -0.06443219 -0.03910663 0.01538380
v -0.06210255 -0.04676049 -0.01567615
v -0.06253438 -0.04720147 -0.01356454
v -0.06259930 -0.04717123 -0.01287025
v -0.06302841 -0.04674860 -0.01162790
v -0.06322512 -0.04630529 -0.00968126
v -0.06302387 -0.04603699 -0.00768979
v -0.06298205 -0.04569857 -0.00571627
v -0.06292929 -0.04536497 -0.00374153
v -0.06289883 -0.04500918 -0.00177169
v -0.06289562 -0.04507569 -0.00205982
v -0.06295166 -0.04462660 0.00019066
v -0.06296495 -0.04458536 0.00046968
v -0.06310873 -0.04421563 0.00214466
v -0.06333067 -0.04376122 0.00408846
v -0.06358673 -0.04329181 0.00602841
v -0.06379018 -0.04284553 0.00797430
v -0.06398219 -0.04240428 0.00992147
v -0.06393065 -0.04207014 0.01189607
v -0.06372345 -0.04180445 0.01388822
v -0.06346549 -0.04156109 0.01588608
v -0.06335761 -0.04103237 0.01782452
v -0.06340308 -0.04148695 0.01645364
v -0.06325587 -0.04031392 0.01972600
v -0.06273902 -0.03869343 0.02146402
v -0.06037986 -0.04827262 -0.01737378
v -0.06068407 -0.04863765 -0.01609841
v -0.06143290 -0.04816389 -0.01538576
v -0.06242413 -0.04737116 -0.01352863
v -0.06289105 -0.04502498 -0.00176842
v -0.06294130 -0.04464607 0.00019472
v -0.06318734 -0.04132660 0.01788622
v -0.06277523 -0.04115104 0.01990145
v -0.06156499 -0.04090045 0.02192402
v -0.06171197 -0.04136839 0.02140200
v -0.05846783 -0.04937335 -0.01914597
v -0.05879330 -0.04993107 -0.01843411
v -0.06008452 -0.04911368 -0.01720265
v -0.06073458 -0.04169166 0.02210015
v -0.05991039 -0.04203109 0.02232005
v -0.05620396 -0.04970952 -0.02105672
v -0.05691859 -0.05111093 -0.02018400
v -0.05821322 -0.05029344 -0.01896064
v -0.05809341 -0.04280269 0.02267628
v -0.05591674 -0.05166019 -0.02067072
v -0.05506271 -0.05215759 -0.02124673
v -0.05627359 -0.04359437 0.02292895
v -0.05321821 -0.05312378 -0.02189433
v -0.05444934 -0.04441737 0.02302007
v -0.05125974 -0.05373767 -0.02217833
v -0.05145110 -0.05398088 -0.02213643
v -0.05138428 -0.05401530 -0.02215668
v -0.05262495 -0.04524133 0.02310621
v -0.04954638 -0.05493481 -0.02256348
v -0.05080412 -0.04604014 0.02332205
v -0.04771675 -0.05579583 -0.02266853
v -0.04837957 -0.04555584 0.02318786
v -0.04897897 -0.04686950 0.02338037
v -0.04949444 -0.04663480 0.02336645
v -0.04589117 -0.05662823 -0.02262593
v -0.04714396 -0.04776862 0.02307873
v -0.04406725 -0.05744893 -0.02252299
v -0.04530806 -0.04867402 0.02274478
v -0.04224873 -0.05823139 -0.02222278
v -0.04346195 -0.04965163 0.02203826
v -0.04357983 -0.04959272 0.02206398
v -0.04043931 -0.05894951 -0.02159062
v -0.04101657 -0.04958352 0.02009449
v -0.04162087 -0.05059366 0.02151527
v -0.03944749 -0.05925978 -0.02078411
v -0.03865158 -0.05951424 -0.02016716
v -0.03888043 -0.05119200 0.01435094
v -0.03905869 -0.05108198 0.01636269
v -0.03917194 -0.05083070 0.01834885
v -0.03975966 -0.05167802 0.02025807
v -0.04003036 -0.05151050 0.02049506
v -0.03709715 -0.05993660 -0.01855052
v -0.03687513 -0.05999924 -0.01833241
v -0.03702539 -0.05241655 0.01260119
v -0.03730181 -0.05251984 0.01465160
v -0.03752579 -0.05250918 0.01668136
v -0.03788305 -0.05287127 0.01843913
v -0.03810831 -0.05271257 0.01874279
v -0.03519740 -0.06041525 -0.01636770
v -0.03510558 -0.06043540 -0.01624569
v -0.03491922 -0.05458753 0.00492789
v -0.03502705 -0.05432447 0.00691191
v -0.03518292 -0.05416580 0.00891484
v -0.03542331 -0.05419079 0.01095107
v -0.03567971 -0.05425058 0.01299360
v -0.03594588 -0.05433159 0.01503997
v -0.03596647 -0.05434724 0.01516169
v -0.03689458 -0.05360315 0.01691073
v -0.03397152 -0.06059756 -0.01426079
v -0.03361199 -0.06039886 -0.01225149
v -0.03356498 -0.06006273 -0.01027739
v -0.03309663 -0.05886684 -0.00845840
v -0.03346591 -0.05995307 -0.00942074
v -0.03304879 -0.05826551 -0.00653569
v -0.03306575 -0.05780500 -0.00458745
v -0.03314348 -0.05747654 -0.00261529
v -0.03311961 -0.05692729 -0.00068313
v -0.03324243 -0.05669681 0.00130679
v -0.03364792 -0.05708057 0.00340803
v -0.03383360 -0.05698667 0.00542271
v -0.03389769 -0.05662856 0.00738950
v -0.03395039 -0.05652689 0.00825415
v -0.03406561 -0.05627449 0.00935423
v -0.03462106 -0.05567341 0.01126045
v -0.03529874 -0.05501858 0.01315291
v -0.03592280 -0.05438732 0.01505141
v -0.03327665 -0.05983272 -0.00827610
v -0.03304324 -0.05957856 -0.00628101
v -0.03285861 -0.05930295 -0.00429140
v -0.03271065 -0.05901122 -0.00230593
v -0.03251201 -0.05874177 -0.00031475
v -0.03259943 -0.05834651 0.00164420
v -0.03333154 -0.05766774 0.00353052
v -0.03377137 -0.05711751 0.00544977
v -0.03386561 -0.05671926 0.00740796
v -0.06275010 -0.04717285 -0.01153804
v -0.06283475 -0.04685943 -0.00956314
v -0.06281772 -0.04632505 -0.00762830
v -0.06285239 -0.04590301 -0.00567309
v -0.06287667 -0.04545841 -0.00372197
v -0.06304526 -0.04433261 0.00216908
v -0.06316300 -0.04409109 0.00415700
v -0.06327149 -0.04382947 0.00614128
v -0.06335818 -0.04352048 0.00811697
v -0.06345086 -0.04322450 0.01009502
v -0.06349336 -0.04281948 0.01205332
v -0.06348680 -0.04230786 0.01399229
v -0.06342180 -0.04166922 0.01590824
v -0.06100502 -0.04913373 -0.01518603
v -0.06132457 -0.04933075 -0.01311863
v -0.06145662 -0.04912030 -0.01112508
v -0.06153253 -0.04878788 -0.00915363
v -0.06156954 -0.04837094 -0.00719750
v -0.06163067 -0.04800640 -0.00523187
v -0.06169754 -0.04765434 -0.00326398
v -0.06172790 -0.04722293 -0.00131048
v -0.06177815 -0.04683476 0.00065087
v -0.06186730 -0.04653110 0.00262753
v -0.06198327 -0.04628572 0.00461475
v -0.06208213 -0.04600318 0.00659524
v -0.06216849 -0.04569348 0.00857081
v -0.06220287 -0.04527080 0.01052590
v -0.06224485 -0.04486466 0.01248399
v -0.06227529 -0.04443342 0.01443752
v -0.06223701 -0.04385287 0.01636400
v -0.06214475 -0.04315502 0.01826923
v -0.06199057 -0.04232261 0.02015006
v -0.05937845 -0.05085474 -0.01684580
v -0.05970098 -0.05113907 -0.01509281
v -0.05998980 -0.05095406 -0.01480534
v -0.06071266 -0.05027935 -0.01291798
v -0.06107459 -0.04976338 -0.01098995
v -0.06119550 -0.04935340 -0.00903477
v -0.06120967 -0.04899036 -0.00706756
v -0.06123261 -0.04862346 -0.00510135
v -0.06120390 -0.04827928 -0.00312931
v -0.06113584 -0.04795241 -0.00115284
v -0.06124453 -0.04754780 0.00080372
v -0.06150104 -0.04707819 0.00274362
v -0.06177720 -0.04659993 0.00468131
v -0.06199780 -0.04614611 0.00662526
v -0.06214921 -0.04572271 0.00857700
v -0.06214094 -0.04536954 0.01054674
v -0.06218356 -0.04499400 0.01251074
v -0.06218907 -0.04463476 0.01447892
v -0.06191721 -0.04439752 0.01647835
v -0.06160594 -0.04417760 0.01848222
v -0.06092221 -0.04412148 0.02052805
v -0.06001409 -0.04228853 0.02223560
v -0.06068321 -0.04419276 0.02074161
v -0.05748009 -0.05198518 -0.01861260
v -0.05780306 -0.05248301 -0.01768915
v -0.05894499 -0.05177035 -0.01665644
v -0.05835869 -0.04344952 0.02250603
v -0.05887898 -0.04487422 0.02156287
v -0.05544891 -0.05282699 -0.02043172
v -0.05592434 -0.05369125 -0.01958539
v -0.05707078 -0.05295139 -0.01841409
v -0.05660162 -0.04438960 0.02273642
v -0.05706976 -0.04559095 0.02220216
v -0.05495716 -0.05423771 -0.02014478
v -0.05406298 -0.05477671 -0.02084829
v -0.05479294 -0.04521753 0.02294648
v -0.05525866 -0.04632091 0.02277321
v -0.05144642 -0.05414332 -0.02210481
v -0.05221655 -0.05575651 -0.02156608
v -0.05283518 -0.04572150 0.02309784
v -0.05343986 -0.04710541 0.02306295
v -0.05148582 -0.05612113 -0.02172250
v -0.05037330 -0.05671391 -0.02216837
v -0.05093872 -0.04635867 0.02327333
v -0.05161419 -0.04793845 0.02310224
v -0.04854057 -0.05759691 -0.02238678
v -0.04978843 -0.04877210 0.02313835
v -0.04671413 -0.05843540 -0.02237560
v -0.04796503 -0.04958912 0.02326030
v -0.04489441 -0.05922635 -0.02211918
v -0.04613997 -0.05041786 0.02332176
v -0.04307880 -0.05998821 -0.02171269
v -0.04351003 -0.04974626 0.02209566
v -0.04431084 -0.05127533 0.02323502
v -0.04127230 -0.06068570 -0.02097414
v -0.04238308 -0.05205559 0.02257420
v -0.04246977 -0.05221732 0.02271231
v -0.04054678 -0.06093187 -0.02049012
v -0.03947939 -0.06128704 -0.01973957
v -0.03989496 -0.05190445 0.02057514
v -0.04062030 -0.05321864 0.02188345
v -0.04232010 -0.05230224 0.02262374
v -0.03810096 -0.06165067 -0.01824578
v -0.03770299 -0.06177168 -0.01790292
v -0.03797873 -0.05299604 0.01880129
v -0.03875702 -0.05431769 0.02055047
v -0.03934768 -0.05396625 0.02098981
v -0.03609542 -0.06217585 -0.01605103
v -0.03593168 -0.06222031 -0.01588053
v -0.03634404 -0.05469942 0.01713832
v -0.03688351 -0.05548904 0.01884452
v -0.03725840 -0.05524188 0.01925638
v -0.03452880 -0.06250801 -0.01390574
v -0.03428496 -0.06225843 -0.01190946
v -0.03434299 -0.06187611 -0.00994720
v -0.03428474 -0.06178942 -0.00932094
v -0.03404524 -0.05645182 0.00938916
v -0.03443130 -0.05679335 0.01148275
v -0.03483786 -0.05717942 0.01358441
v -0.03492496 -0.05726181 0.01403597
v -0.03523574 -0.05684501 0.01554665
v -0.03600972 -0.05614782 0.01742825
v -0.03414296 -0.06160727 -0.00795586
v -0.03379784 -0.06140224 -0.00594818
v -0.03356886 -0.06114613 -0.00395358
v -0.03339208 -0.06086707 -0.00196487
v -0.03325518 -0.06057046 0.00001936
v -0.03328464 -0.06020071 0.00198484
v -0.03354543 -0.05972921 0.00392426
v -0.03365896 -0.05932247 0.00588028
v -0.03368495 -0.05895424 0.00784615
v -0.03384184 -0.05852843 0.00979728
v -0.03420041 -0.05801394 0.01172568
v -0.03478138 -0.05740163 0.01362903
v -0.05983110 -0.05134099 -0.01472599
v -0.06012429 -0.05148073 -0.01266897
v -0.06027705 -0.05131529 -0.01066726
v -0.06033648 -0.05094705 -0.00870230
v -0.06037376 -0.05053069 -0.00674607
v -0.06043395 -0.05016411 -0.00478081
v -0.06044465 -0.04968999 -0.00283504
v -0.06048440 -0.04927899 -0.00087783
v -0.06059004 -0.04901117 0.00110532
v -0.06072907 -0.04881591 0.00310163
v -0.06088084 -0.04864833 0.00510295
v -0.06097228 -0.04834967 0.00708052
v -0.06102725 -0.04797173 0.00904372
v -0.06100941 -0.04743559 0.01097824
v -0.06110115 -0.04713757 0.01295593
v -0.06117936 -0.04681014 0.01492828
v -0.06103711 -0.04600366 0.01681381
v -0.06098601 -0.04539526 0.01873525
v -0.06074549 -0.04437524 0.02058208
v -0.05831802 -0.05330863 -0.01634106
v -0.05865847 -0.05355104 -0.01426544
v -0.05874873 -0.05342232 -0.01296178
v -0.05895166 -0.05320932 -0.01230175
v -0.05948422 -0.05261830 -0.01039295
v -0.05968576 -0.05217286 -0.00844685
v -0.05972737 -0.05179776 -0.00648273
v -0.05979797 -0.05140990 -0.00452189
v -0.05989212 -0.05101169 -0.00256369
v -0.06009963 -0.05056363 -0.00061827
v -0.06006791 -0.05022077 0.00135411
v -0.06022492 -0.04979491 0.00330522
v -0.06055405 -0.04929336 0.00523694
v -0.06064122 -0.04889822 0.00719592
v -0.06058422 -0.04856648 0.00917115
v -0.06041774 -0.04828288 0.01115870
v -0.06068038 -0.04781057 0.01309792
v -0.06082520 -0.04739008 0.01505040
v -0.06028154 -0.04727236 0.01708045
v -0.05999082 -0.04704340 0.01908201
v -0.05933066 -0.04605900 0.02094725
v -0.05964438 -0.04708831 0.01971390
v -0.05644508 -0.05449428 -0.01809786
v -0.05682584 -0.05494285 -0.01646906
v -0.05729759 -0.05465035 -0.01605301
v -0.05851518 -0.05375808 -0.01422138
v -0.05814498 -0.04749835 0.02125876
v -0.05786279 -0.04760965 0.02136122
v -0.05445567 -0.05542686 -0.01990052
v -0.05493651 -0.05622615 -0.01875258
v -0.05579919 -0.05566612 -0.01785300
v -0.05605345 -0.04832719 0.02199636
v -0.05366880 -0.05695982 -0.01958180
v -0.05307090 -0.05734162 -0.02017028
v -0.05423852 -0.04908429 0.02242739
v -0.05102182 -0.05797886 -0.02134967
v -0.05121893 -0.05836067 -0.02109053
v -0.05241728 -0.04988605 0.02262805
v -0.05076056 -0.05859560 -0.02122296
v -0.04937681 -0.05931004 -0.02165137
v -0.05059835 -0.05067138 0.02291345
v -0.04755807 -0.06009405 -0.02135917
v -0.04877663 -0.05147654 0.02309659
v -0.04574167 -0.06086159 -0.02098197
v -0.04695533 -0.05227863 0.02329555
v -0.04392074 -0.06166108 -0.02076958
v -0.04513221 -0.05309363 0.02342790
v -0.04210435 -0.06242851 -0.02039185
v -0.04330725 -0.05392169 0.02349287
v -0.04181396 -0.06253010 -0.02021504
v -0.04031149 -0.06302952 -0.01915555
v -0.04146360 -0.05488188 0.02287622
v -0.04205267 -0.05457537 0.02307170
v -0.03919232 -0.06332624 -0.01795089
v -0.03853394 -0.06352227 -0.01736078
v -0.03935224 -0.05548330 0.02128375
v -0.03960311 -0.05596114 0.02164534
v -0.03723548 -0.06383000 -0.01576163
v -0.03677265 -0.06389999 -0.01497259
v -0.03725348 -0.05617827 0.01943803
v -0.03773388 -0.05710230 0.02009512
v -0.03936992 -0.05611199 0.02140513
v -0.03616481 -0.06394405 -0.01367221
v -0.03583143 -0.06373385 -0.01166585
v -0.03571345 -0.06342893 -0.00968376
v -0.03534762 -0.06323301 -0.00767374
v -0.03473364 -0.06242406 -0.00781372
v -0.03516686 -0.06317810 -0.00691180
v -0.03540962 -0.05792449 0.01575113
v -0.03582412 -0.05852997 0.01706687
v -0.03602476 -0.05829672 0.01784439
v -0.03729889 -0.05737958 0.01966965
v -0.03485087 -0.06309466 -0.00564898
v -0.03463124 -0.06283444 -0.00365543
v -0.03438789 -0.06258465 -0.00165922
v -0.03428206 -0.06227439 0.00032151
v -0.03438355 -0.06187295 0.00227888
v -0.03444906 -0.06148733 0.00424030
v -0.03440011 -0.06115205 0.00621461
v -0.03426971 -0.06085259 0.00819811
v -0.03424673 -0.06050589 0.01016950
v -0.03454955 -0.06001591 0.01210418
v -0.03487470 -0.05951611 0.01403635
v -0.03540267 -0.05892711 0.01594568
v -0.05882133 -0.05340757 -0.01225975
v -0.05904590 -0.05339819 -0.01022975
v -0.05916583 -0.05316142 -0.00824097
v -0.05920275 -0.05274428 -0.00628488
v -0.05923579 -0.05231871 -0.00433031
v -0.05934681 -0.05206257 -0.00234504
v -0.05949835 -0.05189449 -0.00034380
v -0.05949988 -0.05140045 0.00159835
v -0.05956893 -0.05105312 0.00356710
v -0.05972038 -0.05088484 0.00556829
v -0.05976792 -0.05049077 0.00752857
v -0.05973585 -0.04992371 0.00945749
v -0.05977451 -0.04951036 0.01141428
v -0.05991813 -0.04932506 0.01341239
v -0.05998535 -0.04897376 0.01538041
v -0.05983383 -0.04814713 0.01726230
v -0.05972705 -0.04741771 0.01916180
v -0.05700414 -0.05521176 -0.01593614
v -0.05742189 -0.05562214 -0.01383007
v -0.05758772 -0.05548511 -0.01182321
v -0.05781919 -0.05554499 -0.01000226
v -0.05791186 -0.05546531 -0.00979797
v -0.05831721 -0.05493024 -0.00787483
v -0.05830071 -0.05458070 -0.00590417
v -0.05820703 -0.05426509 -0.00392481
v -0.05823156 -0.05389749 -0.00195878
v -0.05864077 -0.05336072 -0.00003608
v -0.05864053 -0.05300402 0.00193275
v -0.05869048 -0.05262525 0.00389593
v -0.05912447 -0.05207758 0.00581584
v -0.05923353 -0.05167281 0.00777235
v -0.05912638 -0.05136313 0.00975322
v -0.05909827 -0.05101869 0.01172519
v -0.05926271 -0.05058956 0.01367547
v -0.05922231 -0.05025052 0.01564882
v -0.05887563 -0.05004618 0.01765668
v -0.05853780 -0.04959166 0.01961580
v -0.05860789 -0.04996738 0.01877130
v -0.05790791 -0.04772555 0.02130930
v -0.05531522 -0.05679730 -0.01762046
v -0.05572641 -0.05719343 -0.01551698
v -0.05588477 -0.05714715 -0.01393070
v -0.05610956 -0.05697154 -0.01353253
v -0.05703598 -0.05620731 -0.01166809
v -0.05833335 -0.04992785 0.01968658
v -0.05643256 -0.04927780 0.02165063
v -0.05683811 -0.05040516 0.02084968
v -0.05332045 -0.05771821 -0.01942524
v -0.05395703 -0.05870197 -0.01761491
v -0.05428640 -0.05848693 -0.01726473
v -0.05544420 -0.05762095 -0.01542637
v -0.05481837 -0.05052835 0.02193729
v -0.05503323 -0.05109119 0.02164734
v -0.05211771 -0.05979748 -0.01898921
v -0.05209200 -0.05981340 -0.01901173
v -0.05313144 -0.05162083 0.02219530
v -0.05321910 -0.05184263 0.02210762
v -0.04975651 -0.05998751 -0.02092562
v -0.05023893 -0.06084022 -0.01997215
v -0.05249542 -0.05213842 0.02231307
v -0.05140549 -0.05259041 0.02258671
v -0.04786211 -0.06062916 -0.02074932
v -0.04841537 -0.06165831 -0.01985573
v -0.04958912 -0.05335764 0.02296551
v -0.04593600 -0.06120192 -0.02058549
v -0.04659708 -0.06243915 -0.01954714
v -0.04776980 -0.05414580 0.02323632
v -0.04414622 -0.06207091 -0.02036799
v -0.04477678 -0.06323425 -0.01931213
v -0.04594529 -0.05497068 0.02331775
v -0.04226115 -0.06273284 -0.02018800
v -0.04295388 -0.06404770 -0.01917175
v -0.04412684 -0.05575261 0.02362067
v -0.04114868 -0.06473596 -0.01838559
v -0.04223415 -0.05649015 0.02343790
v -0.04229642 -0.05661923 0.02348674
v -0.04030418 -0.06499279 -0.01765832
v -0.03936642 -0.06526205 -0.01676281
v -0.04044607 -0.05762684 0.02262547
v -0.04223869 -0.05664909 0.02346858
v -0.03861398 -0.06537930 -0.01549910
v -0.03809583 -0.06525036 -0.01347192
v -0.03734211 -0.06482622 -0.01353348
v -0.03788611 -0.06498578 -0.01147949
v -0.03760527 -0.06490069 -0.01148829
v -0.03771885 -0.06483558 -0.01022599
v -0.03857626 -0.05877207 0.02105426
v -0.03942982 -0.05824117 0.02181622
v -0.03765630 -0.06473004 -0.00948480
v -0.03685472 -0.06472575 -0.00742569
v -0.03639334 -0.06457185 -0.00540491
v -0.03567460 -0.06397140 -0.00550161
v -0.03615849 -0.06431832 -0.00340965
v -0.03599985 -0.06418080 -0.00343196
v -0.03610052 -0.06420233 -0.00262243
v -0.03637161 -0.05951753 0.01807153
v -0.03668098 -0.06009739 0.01855400
v -0.03750552 -0.05944424 0.02006421
v -0.03602729 -0.06401921 -0.00142607
v -0.03606351 -0.06364647 0.00053865
v -0.03599636 -0.06331920 0.00251502
v -0.03587419 -0.06301612 0.00449758
v -0.03576028 -0.06270941 0.00647922
v -0.03556359 -0.06243910 0.00847018
v -0.03537723 -0.06216425 0.01045997
v -0.03546868 -0.06176723 0.01241847
v -0.03579815 -0.06126553 0.01435016
v -0.03605425 -0.06079609 0.01629011
v -0.03650126 -0.06024270 0.01820855
v -0.05784937 -0.05555630 -0.00977862
v -0.05801711 -0.05542343 -0.00777100
v -0.05804811 -0.05499342 -0.00581724
v -0.05805412 -0.05450911 -0.00387332
v -0.05808993 -0.05408956 -0.00191766
v -0.05825515 -0.05395120 0.00008895
v -0.05830361 -0.05355914 0.00204959
v -0.05837343 -0.05321348 0.00401864
v -0.05855424 -0.05310900 0.00603140
v -0.05864041 -0.05279888 0.00800689
v -0.05862697 -0.05227229 0.00994315
v -0.05865864 -0.05184374 0.01189718
v -0.05878174 -0.05161387 0.01388721
v -0.05879187 -0.05113852 0.01583275
v -0.05867935 -0.05039663 0.01772999
v -0.05596163 -0.05720718 -0.01348279
v -0.05627315 -0.05738674 -0.01141856
v -0.05653856 -0.05746611 -0.00937248
v -0.05671086 -0.05734315 -0.00736307
v -0.05678894 -0.05701544 -0.00539077
v -0.05680271 -0.05654799 -0.00344379
v -0.05682410 -0.05609709 -0.00149382
v -0.05693946 -0.05585040 0.00049317
v -0.05705459 -0.05560320 0.00248006
v -0.05720023 -0.05542230 0.00447897
v -0.05720706 -0.05542302 0.00453680
v -0.05774889 -0.05483806 0.00638864
v -0.05806657 -0.05434155 0.00832166
v -0.05811246 -0.05396455 0.01028529
v -0.05794411 -0.05368178 0.01227306
v -0.05775234 -0.05340931 0.01426346
v -0.05765289 -0.05309624 0.01624347
v -0.05748708 -0.05256402 0.01818281
v -0.05754332 -0.05304503 0.01680426
v -0.05719512 -0.05143221 0.02000939
v -0.05407333 -0.05885685 -0.01718719
v -0.05453877 -0.05937087 -0.01506234
v -0.05472533 -0.05927889 -0.01304732
v -0.05482073 -0.05898883 -0.01106819
v -0.05499668 -0.05897670 -0.00945907
v -0.05520477 -0.05881136 -0.00907515
v -0.05601979 -0.05809612 -0.00719817
v -0.05618665 -0.05766594 -0.00524817
v -0.05635929 -0.05723321 -0.00329881
v -0.05630540 -0.05690010 -0.00132394
v -0.05653215 -0.05644357 0.00061932
v -0.05684079 -0.05595103 0.00255335
v -0.05719104 -0.05544019 0.00448269
v -0.05727077 -0.05290748 0.01825532
v -0.05576858 -0.05309052 0.02036994
v -0.05580964 -0.05322751 0.02019966
v -0.05209858 -0.05982127 -0.01898408
v -0.05274036 -0.06071849 -0.01678978
v -0.05301667 -0.06090125 -0.01505062
v -0.05330231 -0.06071844 -0.01476723
v -0.05392375 -0.06008833 -0.01286844
v -0.05421252 -0.05960453 -0.01093217
v -0.05541129 -0.05336843 0.02043361
v -0.05400414 -0.05391789 0.02097491
v -0.05058783 -0.06129661 -0.01865668
v -0.05108391 -0.06187721 -0.01651976
v -0.05115975 -0.06195523 -0.01615114
v -0.05157638 -0.05299987 0.02250525
v -0.05220203 -0.05458433 0.02187363
v -0.04890411 -0.06239607 -0.01839740
v -0.04931767 -0.06290439 -0.01671085
v -0.05011256 -0.06247802 -0.01637668
v -0.05003063 -0.05439915 0.02281886
v -0.05039465 -0.05528801 0.02258027
v -0.04709148 -0.06321540 -0.01818890
v -0.04748459 -0.06378982 -0.01694182
v -0.04832828 -0.05545813 0.02307080
v -0.04857734 -0.05606199 0.02292425
v -0.04524860 -0.06396901 -0.01799230
v -0.04566791 -0.06455925 -0.01657441
v -0.04638601 -0.05599575 0.02322826
v -0.04675513 -0.05687056 0.02308977
v -0.04345536 -0.06483048 -0.01777615
v -0.04384506 -0.06537241 -0.01643252
v -0.04459454 -0.05686108 0.02344510
v -0.04493374 -0.05767332 0.02328529
v -0.04175513 -0.06589407 -0.01752338
v -0.04200182 -0.06632967 -0.01703405
v -0.04234037 -0.05672095 0.02347972
v -0.04310531 -0.05852587 0.02322395
v -0.04056893 -0.06667508 -0.01530150
v -0.04007339 -0.06650047 -0.01532177
v -0.04096138 -0.06614569 -0.01337691
v -0.04008216 -0.06602215 -0.01337676
v -0.04065166 -0.06592509 -0.01137322
v -0.04022391 -0.06583280 -0.01137938
v -0.04037072 -0.06578676 -0.00989656
v -0.04126412 -0.05946871 0.02269678
v -0.04030005 -0.06572291 -0.00936480
v -0.03779043 -0.06480566 -0.00947382
v -0.04001646 -0.06549082 -0.00736405
v -0.03824870 -0.06530411 -0.00735179
v -0.03982380 -0.06521874 -0.00537355
v -0.03844962 -0.06524333 -0.00533111
v -0.03914061 -0.06516238 -0.00332778
v -0.03865520 -0.06519269 -0.00330860
v -0.03875590 -0.06512868 -0.00216495
v -0.03937974 -0.06071694 0.02059421
v -0.04045160 -0.05994735 0.02211895
v -0.03860176 -0.06504255 -0.00129827
v -0.03621212 -0.06414468 -0.00140682
v -0.03834783 -0.06479741 0.00069914
v -0.03627072 -0.06377464 0.00055781
v -0.03843762 -0.06440112 0.00265783
v -0.03639083 -0.06353827 0.00254667
v -0.03834240 -0.06408619 0.00463735
v -0.03652911 -0.06334137 0.00454268
v -0.03814033 -0.06381825 0.00662892
v -0.03663228 -0.06306819 0.00652486
v -0.03782820 -0.06359871 0.00863289
v -0.03677723 -0.06288580 0.00852350
v -0.03759856 -0.06334289 0.01062756
v -0.03701552 -0.06290624 0.01055890
v -0.03757183 -0.06299784 0.01259937
v -0.03712035 -0.06263666 0.01254174
v -0.03759806 -0.06262949 0.01456522
v -0.03712055 -0.06213970 0.01448336
v -0.03766619 -0.06224273 0.01652635
v -0.03714537 -0.06169628 0.01643469
v -0.03782392 -0.06181655 0.01847738
v -0.03697420 -0.06082694 0.01830884
v -0.03915860 -0.06087279 0.02029582
v -0.05740948 -0.05537962 0.00650293
v -0.05758528 -0.05526426 0.00851371
v -0.05768105 -0.05497501 0.01049298
v -0.05764462 -0.05439846 0.01242019
v -0.05757281 -0.05374505 0.01433347
v -0.05756892 -0.05323923 0.01627349
v -0.05504628 -0.05898156 -0.00903781
v -0.05528518 -0.05900334 -0.00700218
v -0.05539530 -0.05874524 -0.00501726
v -0.05551833 -0.05851522 -0.00302725
v -0.05551445 -0.05800941 -0.00108723
v -0.05561580 -0.05773228 0.00089424
v -0.05580428 -0.05764445 0.00291002
v -0.05596932 -0.05750572 0.00491657
v -0.05614410 -0.05738813 0.00692695
v -0.05630340 -0.05736271 0.00844027
v -0.05644092 -0.05721201 0.00892264
v -0.05690167 -0.05665257 0.01083953
v -0.05667707 -0.05639454 0.01283364
v -0.05643155 -0.05602328 0.01480637
v -0.05645945 -0.05625915 0.01413330
v -0.05638440 -0.05542346 0.01672936
v -0.05622350 -0.05457644 0.01860754
v -0.05311416 -0.06103338 -0.01470102
v -0.05333370 -0.06101307 -0.01267301
v -0.05342469 -0.06071340 -0.01069562
v -0.05364687 -0.06069883 -0.00866657
v -0.05382705 -0.06059299 -0.00665406
v -0.05390355 -0.06026186 -0.00468238
v -0.05401737 -0.06001180 -0.00269600
v -0.05413826 -0.05977713 -0.00070684
v -0.05424404 -0.05950962 0.00127637
v -0.05430426 -0.05942251 0.00215098
v -0.05461428 -0.05908574 0.00322202
v -0.05518400 -0.05847838 0.00512664
v -0.05581018 -0.05784620 0.00702490
v -0.05633437 -0.05618844 0.01484105
v -0.05604350 -0.05595955 0.01684262
v -0.05500439 -0.05605972 0.01892849
v -0.05417163 -0.05437855 0.02066339
v -0.05476921 -0.05613445 0.01911333
v -0.05170908 -0.06273832 -0.01433201
v -0.05193357 -0.06272877 -0.01230205
v -0.05198079 -0.06233401 -0.01034190
v -0.05203533 -0.06195514 -0.00837887
v -0.05215531 -0.06171849 -0.00639007
v -0.05229192 -0.06157567 -0.00461990
v -0.05239939 -0.06148702 -0.00440366
v -0.05309460 -0.06082448 -0.00251318
v -0.05353717 -0.06027304 -0.00059424
v -0.05407921 -0.05967786 0.00131350
v -0.05275397 -0.05605615 0.02102745
v -0.05298093 -0.05670308 0.02051666
v -0.04944794 -0.06308042 -0.01624169
v -0.05006654 -0.06392727 -0.01405652
v -0.05025515 -0.06383976 -0.01204069
v -0.05027306 -0.06377499 -0.01162895
v -0.05064742 -0.06332792 -0.01011269
v -0.05096306 -0.06283230 -0.00817945
v -0.05167213 -0.06216366 -0.00629053
v -0.05169887 -0.05715660 0.02126968
v -0.05118160 -0.05734983 0.02151697
v -0.04776488 -0.06418132 -0.01598215
v -0.04826278 -0.06476590 -0.01384451
v -0.04842697 -0.06475245 -0.01233466
v -0.05005296 -0.06394616 -0.01201452
v -0.04936978 -0.05808493 0.02206151
v -0.04586100 -0.06480238 -0.01580957
v -0.04636032 -0.06539003 -0.01367138
v -0.04781472 -0.06493048 -0.01176236
v -0.04653515 -0.06527257 -0.01166098
v -0.04667215 -0.06508445 -0.00971063
v -0.04755096 -0.05886956 0.02235056
v -0.04401255 -0.06554389 -0.01561517
v -0.04439826 -0.06588465 -0.01352172
v -0.04462288 -0.06587539 -0.01149171
v -0.04661933 -0.06509938 -0.00965889
v -0.04476498 -0.06568680 -0.00949419
v -0.04576620 -0.06511776 -0.00759397
v -0.04480989 -0.06528701 -0.00753495
v -0.04564666 -0.06481352 -0.00561170
v -0.04488879 -0.06496109 -0.00556233
v -0.04498382 -0.06494621 -0.00466072
v -0.04572839 -0.05968068 0.02250293
v -0.04221346 -0.06639266 -0.01540133
v -0.04230137 -0.06608631 -0.01342515
v -0.04246821 -0.06595148 -0.01141790
v -0.04273365 -0.06603091 -0.00937181
v -0.04277686 -0.06562743 -0.00741324
v -0.04276933 -0.06511370 -0.00547465
v -0.04444156 -0.06498669 -0.00350714
v -0.04295599 -0.06502192 -0.00345959
v -0.04373943 -0.06493866 -0.00145923
v -0.04314169 -0.06492807 -0.00144490
v -0.04327763 -0.06493432 -0.00026263
v -0.04389333 -0.06058009 0.02219984
v -0.04042439 -0.06577108 -0.00935888
v -0.04059492 -0.06564425 -0.00735017
v -0.04064413 -0.06525381 -0.00538924
v -0.04080561 -0.06510734 -0.00338409
v -0.04106233 -0.06516782 -0.00134143
v -0.04281407 -0.06498881 0.00061382
v -0.04124666 -0.06507098 0.00067271
v -0.04207589 -0.06495663 0.00266578
v -0.04139680 -0.06489987 0.00267339
v -0.04161113 -0.06480422 0.00468694
v -0.04157956 -0.06479964 0.00468692
v -0.04158823 -0.06480366 0.00474816
v -0.04165487 -0.06048692 0.02219056
v -0.04204100 -0.06160174 0.02126614
v -0.04375618 -0.06064961 0.02216450
v -0.03883389 -0.06508359 -0.00129668
v -0.03897292 -0.06488833 0.00069963
v -0.03903117 -0.06451754 0.00266412
v -0.03917172 -0.06432558 0.00466103
v -0.04085448 -0.06478017 0.00674099
v -0.03937179 -0.06426296 0.00668137
v -0.04019239 -0.06471453 0.00878438
v -0.03971891 -0.06451989 0.00875963
v -0.03991080 -0.06458833 0.01019573
v -0.04010591 -0.06287396 0.01861980
v -0.04013375 -0.06301164 0.01832952
v -0.04020744 -0.06292387 0.01862669
v -0.04135636 -0.06206180 0.02046606
v -0.03949496 -0.06104899 0.02032075
v -0.03980672 -0.06452733 0.01079663
v -0.03973034 -0.06420411 0.01277404
v -0.03954065 -0.06393073 0.01476421
v -0.03968346 -0.06351112 0.01671692
v -0.05635600 -0.05735122 0.00895195
v -0.05656889 -0.05731646 0.01097735
v -0.05651319 -0.05669806 0.01289697
v -0.05439323 -0.05933645 0.00327668
v -0.05456725 -0.05921721 0.00528676
v -0.05479078 -0.05920557 0.00731635
v -0.05507926 -0.05933507 0.00937151
v -0.05534230 -0.05940928 0.01141665
v -0.05537952 -0.05899278 0.01337286
v -0.05524966 -0.05821321 0.01526327
v -0.05516720 -0.05753667 0.01717235
v -0.05482330 -0.05629198 0.01897847
v -0.05231146 -0.06156042 -0.00438702
v -0.05247517 -0.06141881 -0.00238099
v -0.05259713 -0.06118644 -0.00039141
v -0.05281086 -0.06115350 0.00163431
v -0.05305089 -0.06117772 0.00367040
v -0.05321039 -0.06102693 0.00567476
v -0.05344496 -0.06104852 0.00767265
v -0.05345915 -0.06103565 0.00770760
v -0.05448285 -0.06022864 0.00956107
v -0.05525774 -0.05953106 0.01144258
v -0.05525808 -0.05917411 0.01341134
v -0.05461298 -0.05910100 0.01545282
v -0.05429488 -0.05888408 0.01745746
v -0.05349464 -0.05816300 0.01937758
v -0.05373673 -0.05898513 0.01831720
v -0.05036326 -0.06357730 -0.01005656
v -0.05048810 -0.06335120 -0.00806584
v -0.05067558 -0.06326122 -0.00605046
v -0.05088664 -0.06322247 -0.00402578
v -0.05108266 -0.06315106 -0.00200703
v -0.05118504 -0.06287615 -0.00002516
v -0.05132134 -0.06267497 0.00197007
v -0.05150298 -0.06257230 0.00398316
v -0.05152127 -0.06257473 0.00413603
v -0.05252318 -0.06180408 0.00584424
v -0.05247831 -0.05932616 0.01963091
v -0.05126696 -0.05758306 0.02136419
v -0.05195425 -0.05951278 0.01993192
v -0.04853341 -0.06485660 -0.01179638
v -0.04867279 -0.06466208 -0.00979994
v -0.04878617 -0.06441110 -0.00781374
v -0.04889242 -0.06414461 -0.00583034
v -0.04916318 -0.06423560 -0.00378215
v -0.04940214 -0.06425747 -0.00174650
v -0.04954036 -0.06406044 0.00024949
v -0.04961600 -0.06397074 0.00127106
v -0.05007379 -0.06359487 0.00218258
v -0.05141282 -0.06264919 0.00400053
v -0.04970043 -0.05893717 0.02166962
v -0.05015048 -0.06019090 0.02077042
v -0.04667718 -0.06508383 -0.00966349
v -0.04684386 -0.06494864 -0.00765630
v -0.04691280 -0.06460107 -0.00568759
v -0.04721666 -0.06476398 -0.00362637
v -0.04751719 -0.06491966 -0.00156647
v -0.04773611 -0.06489800 0.00046130
v -0.04778008 -0.06487624 0.00093658
v -0.04799463 -0.05998865 0.02192020
v -0.04833485 -0.06095296 0.02117585
v -0.04512103 -0.06496837 -0.00352931
v -0.04544023 -0.06516461 -0.00146206
v -0.04569272 -0.06521591 0.00057893
v -0.04681656 -0.06502733 0.00254954
v -0.04591179 -0.06519457 0.00260676
v -0.04601631 -0.06527153 0.00323413
v -0.04608812 -0.06060401 0.02209174
v -0.04650739 -0.06179866 0.02114987
v -0.04338865 -0.06496735 0.00059391
v -0.04366237 -0.06506477 0.00264326
v -0.04513620 -0.06540950 0.00470765
v -0.04398423 -0.06526679 0.00471156
v -0.04428418 -0.06544307 0.00668595
v -0.04457512 -0.06257180 0.02047669
v -0.04465336 -0.06283230 0.02015428
v -0.04513009 -0.06255773 0.02045875
v -0.04391819 -0.06064692 0.02215954
v -0.04423694 -0.06544817 0.00677776
v -0.04195867 -0.06512607 0.00677777
v -0.04320468 -0.06554532 0.00886286
v -0.04234233 -0.06546239 0.00887042
v -0.04267545 -0.06542126 0.01089128
v -0.04254865 -0.06541334 0.01089322
v -0.04259240 -0.06532926 0.01160983
v -0.04268497 -0.06372007 0.01871312
v -0.04276277 -0.06412445 0.01782516
v -0.04313977 -0.06378984 0.01871418
v -0.04228685 -0.06235758 0.02049789
v -0.03999744 -0.06462776 0.01081087
v -0.04244995 -0.06516362 0.01288549
v -0.04013360 -0.06442626 0.01280604
v -0.04213828 -0.06494388 0.01488940
v -0.04033445 -0.06436533 0.01482670
v -0.04231754 -0.06450824 0.01683801
v -0.04031445 -0.06382450 0.01676037
v -0.05344916 -0.06104841 0.00771035
v -0.05371633 -0.06113160 0.00975712
v -0.05392762 -0.06109336 0.01178188
v -0.05400309 -0.06075998 0.01375315
v -0.05388688 -0.06001008 0.01564894
v -0.05384680 -0.05942560 0.01757471
v -0.05177543 -0.06266695 0.00603200
v -0.05208481 -0.06284186 0.00809539
v -0.05230899 -0.06283162 0.01012523
v -0.05241968 -0.06257479 0.01211038
v -0.05245919 -0.06216327 0.01406749
v -0.05240700 -0.06155248 0.01598849
v -0.05236693 -0.06096805 0.01791427
v -0.05204297 -0.05976671 0.01972824
v -0.04969565 -0.06390054 0.00225220
v -0.04999441 -0.06405236 0.00431141
v -0.05031514 -0.06425194 0.00637927
v -0.05057471 -0.06431860 0.00842304
v -0.05067759 -0.06409019 0.01022794
v -0.05072615 -0.06403627 0.01040213
v -0.05101477 -0.06355254 0.01233842
v -0.05107189 -0.06317061 0.01430079
v -0.05079319 -0.06280388 0.01627530
v -0.05080963 -0.06315641 0.01504505
v -0.05074682 -0.06220572 0.01819859
v -0.05044392 -0.06105015 0.02002086
v -0.04792991 -0.06482176 0.00247917
v -0.04823868 -0.06499535 0.00454233
v -0.04859537 -0.06527306 0.00662435
v -0.04879484 -0.06532694 0.00818456
v -0.04965891 -0.06486242 0.00855356
v -0.05026063 -0.06317057 0.01636098
v -0.04904128 -0.06325778 0.01844928
v -0.04906563 -0.06341194 0.01806358
v -0.04867326 -0.06196069 0.02024590
v -0.04620770 -0.06534020 0.00466485
v -0.04650885 -0.06549724 0.00672500
v -0.04828796 -0.06546534 0.00870801
v -0.04684446 -0.06572913 0.00879872
v -0.04742472 -0.06548816 0.01077407
v -0.04699566 -0.06556032 0.01079982
v -0.04706821 -0.06545957 0.01183713
v -0.04708278 -0.06376014 0.01860034
v -0.04720920 -0.06446249 0.01698079
v -0.04676997 -0.06258302 0.02041870
v -0.04429441 -0.06544345 0.00677527
v -0.04458795 -0.06558393 0.00883242
v -0.04483755 -0.06562894 0.01087227
v -0.04688093 -0.06537050 0.01280413
v -0.04494779 -0.06537111 0.01285724
v -0.04649280 -0.06518438 0.01481666
v -0.04508464 -0.06517111 0.01485269
v -0.04703313 -0.06458995 0.01672459
v -0.04510789 -0.06472428 0.01680340
v -0.04499105 -0.06397300 0.01869894
v -0.04267307 -0.06518634 0.01288377
v -0.04283180 -0.06503389 0.01488784
v -0.04285458 -0.06458601 0.01683836
v -0.05068747 -0.06406625 0.01040900
v -0.05076429 -0.06373581 0.01238081
v -0.05081947 -0.06335835 0.01434410
v -0.04884182 -0.06531123 0.00866296
v -0.04897290 -0.06509869 0.01065613
v -0.04903005 -0.06472549 0.01262019
v -0.04917514 -0.06454341 0.01461889
v -0.04913774 -0.06396476 0.01654571
v -0.04712697 -0.06534828 0.01279308
v -0.04726012 -0.06514026 0.01478707
v -0.04722472 -0.06456595 0.01671469
f 13356 13347 13372
f 13356 13372 13371
f 13354 13356 13371
f 13354 13371 13370
f 13352 13354 13370
f 13370 13345 13352
f 13337 13369 13372
f 13347 13337 13372
f 13371 13372 13368
f 13372 13369 13368
f 13370 13371 13367
f 13371 13368 13367
f 13366 13370 13367
f 13366 13345 13370
f 13343 13345 13366
f 13343 13366 13365
f 13341 13343 13365
f 13365 13333 13341
f 13337 13335 13369
f 13369 13364 13368
f 13369 13327 13364
f 13335 13327 13369
f 13367 13368 13363
f 13368 13364 13363
f 13366 13367 13362
f 13367 13363 13362
f 13362 13365 13366
f 13362 13334 13365
f 13322 13334 13362
f 13365 13334 13333
f 13327 13325 13364
f 13324 13363 13364
f 13325 13324 13364
f 13323 13362 13363
f 13324 13323 13363
f 13362 13323 13322
f 13302 13294 13361
f 13302 13361 13360
f 13300 13302 13360
f 13300 13360 13359
f 13298 13300 13359
f 13359 13292 13298
f 13295 13283 13358
f 13361 13358 13357
f 13361 13295 13358
f 13294 13295 13361
f 13360 13361 13355
f 13361 13357 13355
f 13359 13360 13353
f 13360 13355 13353
f 13351 13359 13353
f 13351 13292 13359
f 13290 13292 13351
f 13290 13351 13350
f 13288 13290 13350
f 13288 13350 13349
f 13286 13288 13349
f 13349 13281 13286
f 13284 13276 13348
f 13358 13348 13346
f 13358 13284 13348
f 13283 13284 13358
f 13358 13346 13357
f 13346 13347 13357
f 13357 13347 13356
f 13356 13354 13355
f 13356 13355 13357
f 13354 13352 13353
f 13354 13353 13355
f 13351 13353 13344
f 13353 13352 13344
f 13344 13352 13345
f 13350 13351 13342
f 13351 13344 13342
f 13349 13350 13340
f 13350 13342 13340
f 13339 13349 13340
f 13339 13281 13349
f 13279 13281 13339
f 13339 13274 13279
f 13268 13338 13348
f 13276 13268 13348
f 13346 13348 13336
f 13348 13338 13336
f 13337 13347 13346
f 13337 13346 13336
f 13345 13343 13344
f 13343 13341 13342
f 13343 13342 13344
f 13340 13342 13332
f 13342 13341 13332
f 13332 13341 13333
f 13339 13340 13331
f 13340 13332 13331
f 13330 13339 13331
f 13330 13274 13339
f 13272 13274 13330
f 13330 13266 13272
f 13259 13329 13338
f 13268 13259 13338
f 13336 13338 13328
f 13338 13329 13328
f 13328 13326 13336
f 13326 13335 13336
f 13336 13335 13337
f 13335 13326 13327
f 13334 13322 13321
f 13320 13332 13321
f 13332 13333 13321
f 13321 13333 13334
f 13331 13332 13319
f 13332 13320 13319
f 13330 13331 13318
f 13331 13319 13318
f 13318 13255 13266
f 13330 13318 13266
f 13247 13317 13329
f 13259 13247 13329
f 13328 13329 13316
f 13329 13317 13316
f 13326 13328 13315
f 13328 13316 13315
f 13315 13314 13326
f 13314 13325 13326
f 13326 13325 13327
f 13324 13325 13314
f 13324 13314 13313
f 13323 13324 13313
f 13323 13313 13312
f 13311 13321 13312
f 13321 13322 13312
f 13312 13322 13323
f 13320 13321 13310
f 13321 13311 13310
f 13310 13319 13320
f 13310 13257 13319
f 13243 13257 13310
f 13256 13318 13319
f 13257 13256 13319
f 13318 13256 13255
f 13247 13245 13317
f 13317 13309 13316
f 13317 13234 13309
f 13245 13234 13317
f 13315 13316 13308
f 13316 13309 13308
f 13314 13315 13307
f 13315 13308 13307
f 13313 13314 13306
f 13314 13307 13306
f 13312 13313 13305
f 13313 13306 13305
f 13311 13312 13304
f 13312 13305 13304
f 13304 13310 13311
f 13304 13244 13310
f 13226 13244 13304
f 13310 13244 13243
f 13234 13232 13309
f 13231 13308 13309
f 13232 13231 13309
f 13230 13307 13308
f 13231 13230 13308
f 13229 13306 13307
f 13230 13229 13307
f 13228 13305 13306
f 13229 13228 13306
f 13227 13304 13305
f 13228 13227 13305
f 13304 13227 13226
f 13207 13200 13303
f 13207 13303 13301
f 13206 13207 13301
f 13206 13301 13299
f 13205 13206 13299
f 13205 13299 13297
f 13204 13205 13297
f 13297 13198 13204
f 13202 13188 13296
f 13202 13296 13293
f 13201 13202 13293
f 13201 13293 13200
f 13200 13293 13303
f 13303 13293 13294
f 13303 13294 13302
f 13302 13300 13301
f 13302 13301 13303
f 13300 13298 13299
f 13300 13299 13301
f 13297 13299 13291
f 13299 13298 13291
f 13291 13298 13292
f 13289 13297 13291
f 13289 13198 13297
f 13196 13198 13289
f 13196 13289 13287
f 13194 13196 13287
f 13287 13186 13194
f 13189 13174 13285
f 13296 13285 13282
f 13296 13189 13285
f 13188 13189 13296
f 13296 13282 13293
f 13282 13283 13293
f 13293 13283 13295
f 13294 13293 13295
f 13292 13290 13291
f 13290 13288 13289
f 13290 13289 13291
f 13288 13286 13287
f 13288 13287 13289
f 13280 13184 13281
f 13281 13184 13286
f 13286 13184 13186
f 13286 13186 13287
f 13184 13280 13278
f 13182 13184 13278
f 13182 13278 13277
f 13180 13182 13277
f 13277 13173 13180
f 13162 13275 13285
f 13174 13162 13285
f 13285 13275 13282
f 13275 13276 13282
f 13282 13276 13284
f 13283 13282 13284
f 13281 13279 13280
f 13278 13280 13273
f 13280 13279 13273
f 13273 13279 13274
f 13277 13278 13271
f 13278 13273 13271
f 13270 13277 13271
f 13270 13173 13277
f 13171 13173 13270
f 13171 13270 13269
f 13169 13171 13269
f 13269 13161 13169
f 13151 13267 13275
f 13162 13151 13275
f 13268 13276 13275
f 13268 13275 13267
f 13274 13272 13273
f 13271 13273 13265
f 13273 13272 13265
f 13265 13272 13266
f 13270 13271 13264
f 13271 13265 13264
f 13269 13270 13263
f 13270 13264 13263
f 13262 13269 13263
f 13262 13161 13269
f 13159 13161 13262
f 13159 13262 13261
f 13157 13159 13261
f 13157 13261 13260
f 13155 13157 13260
f 13260 13150 13155
f 13145 13258 13267
f 13151 13145 13267
f 13259 13268 13267
f 13259 13267 13258
f 13254 13265 13266
f 13254 13266 13255
f 13264 13265 13253
f 13265 13254 13253
f 13263 13264 13252
f 13264 13253 13252
f 13262 13263 13251
f 13263 13252 13251
f 13261 13262 13250
f 13262 13251 13250
f 13260 13261 13249
f 13261 13250 13249
f 13248 13260 13249
f 13248 13150 13260
f 13148 13150 13248
f 13248 13143 13148
f 13140 13246 13258
f 13145 13140 13258
f 13247 13259 13258
f 13247 13258 13246
f 13257 13243 13242
f 13256 13257 13242
f 13256 13242 13241
f 13240 13254 13241
f 13254 13255 13241
f 13241 13255 13256
f 13253 13254 13239
f 13254 13240 13239
f 13252 13253 13238
f 13253 13239 13238
f 13251 13252 13237
f 13252 13238 13237
f 13250 13251 13236
f 13251 13237 13236
f 13249 13250 13235
f 13250 13236 13235
f 13235 13248 13249
f 13235 13144 13248
f 13135 13144 13235
f 13248 13144 13143
f 13140 13139 13246
f 13233 13139 13131
f 13245 13139 13233
f 13246 13139 13245
f 13247 13246 13245
f 13245 13233 13234
f 13244 13226 13225
f 13224 13242 13225
f 13242 13243 13225
f 13225 13243 13244
f 13241 13242 13223
f 13242 13224 13223
f 13240 13241 13222
f 13241 13223 13222
f 13239 13240 13221
f 13240 13222 13221
f 13238 13239 13220
f 13239 13221 13220
f 13220 13237 13238
f 13220 13138 13237
f 13125 13138 13220
f 13137 13236 13237
f 13138 13137 13237
f 13136 13235 13236
f 13137 13136 13236
f 13235 13136 13135
f 13119 13219 13233
f 13131 13119 13233
f 13219 13218 13233
f 13218 13232 13233
f 13233 13232 13234
f 13231 13232 13218
f 13231 13218 13217
f 13230 13231 13217
f 13230 13217 13216
f 13229 13230 13216
f 13229 13216 13215
f 13228 13229 13215
f 13228 13215 13214
f 13227 13228 13214
f 13227 13214 13213
f 13212 13225 13213
f 13225 13226 13213
f 13213 13226 13227
f 13224 13225 13211
f 13225 13212 13211
f 13211 13223 13224
f 13211 13129 13223
f 13111 13129 13211
f 13128 13222 13223
f 13129 13128 13223
f 13127 13221 13222
f 13128 13127 13222
f 13126 13220 13221
f 13127 13126 13221
f 13220 13126 13125
f 13119 13117 13219
f 13116 13218 13219
f 13117 13116 13219
f 13115 13217 13218
f 13116 13115 13218
f 13217 13210 13216
f 13217 13099 13210
f 13115 13099 13217
f 13215 13216 13209
f 13216 13210 13209
f 13214 13215 13208
f 13215 13209 13208
f 13208 13213 13214
f 13208 13114 13213
f 13094 13114 13208
f 13113 13212 13213
f 13114 13113 13213
f 13112 13211 13212
f 13113 13112 13212
f 13211 13112 13111
f 13099 13097 13210
f 13096 13209 13210
f 13097 13096 13210
f 13095 13208 13209
f 13096 13095 13209
f 13208 13095 13094
f 13078 13054 13203
f 13078 13203 13199
f 13076 13078 13199
f 13076 13207 13074
f 13076 13200 13207
f 13199 13200 13076
f 13206 13072 13207
f 13072 13074 13207
f 13205 13070 13206
f 13070 13072 13206
f 13204 13068 13205
f 13068 13070 13205
f 13204 13066 13068
f 13204 13197 13066
f 13198 13197 13204
f 13066 13197 13195
f 13064 13066 13195
f 13064 13195 13193
f 13062 13064 13193
f 13062 13193 13192
f 13060 13062 13192
f 13060 13192 13191
f 13058 13060 13191
f 13058 13191 13190
f 13056 13058 13190
f 13190 13053 13056
f 13055 13044 13187
f 13055 13187 13054
f 13054 13187 13203
f 13203 13187 13188
f 13203 13188 13202
f 13202 13201 13199
f 13202 13199 13203
f 13200 13199 13201
f 13198 13196 13197
f 13196 13194 13195
f 13196 13195 13197
f 13193 13195 13185
f 13195 13194 13185
f 13185 13194 13186
f 13192 13193 13183
f 13193 13185 13183
f 13191 13192 13181
f 13192 13183 13181
f 13190 13191 13179
f 13191 13181 13179
f 13178 13190 13179
f 13178 13053 13190
f 13051 13053 13178
f 13051 13178 13177
f 13049 13051 13177
f 13049 13177 13176
f 13047 13049 13176
f 13047 13176 13175
f 13045 13047 13175
f 13175 13043 13045
f 13174 13044 13036
f 13174 13187 13044
f 13189 13187 13174
f 13188 13187 13189
f 13186 13184 13185
f 13184 13182 13183
f 13184 13183 13185
f 13182 13180 13181
f 13182 13181 13183
f 13179 13181 13172
f 13181 13180 13172
f 13172 13180 13173
f 13178 13179 13170
f 13179 13172 13170
f 13177 13178 13168
f 13178 13170 13168
f 13176 13177 13167
f 13177 13168 13167
f 13175 13176 13166
f 13176 13167 13166
f 13165 13175 13166
f 13165 13043 13175
f 13041 13043 13165
f 13041 13165 13164
f 13039 13041 13164
f 13039 13164 13163
f 13037 13039 13163
f 13163 13034 13037
f 13036 13162 13174
f 13036 13032 13162
f 13173 13171 13172
f 13171 13169 13170
f 13171 13170 13172
f 13168 13170 13160
f 13170 13169 13160
f 13160 13169 13161
f 13167 13168 13158
f 13168 13160 13158
f 13166 13167 13156
f 13167 13158 13156
f 13165 13166 13154
f 13166 13156 13154
f 13164 13165 13153
f 13165 13154 13153
f 13163 13164 13152
f 13164 13153 13152
f 13152 13030 13034
f 13163 13152 13034
f 13032 13151 13162
f 13032 13028 13151
f 13161 13159 13160
f 13159 13157 13158
f 13159 13158 13160
f 13157 13155 13156
f 13157 13156 13158
f 13154 13156 13149
f 13156 13155 13149
f 13149 13155 13150
f 13153 13154 13147
f 13154 13149 13147
f 13152 13153 13146
f 13153 13147 13146
f 13146 13026 13030
f 13152 13146 13030
f 13028 13145 13151
f 13028 13024 13145
f 13150 13148 13149
f 13147 13149 13142
f 13149 13148 13142
f 13142 13148 13143
f 13146 13147 13141
f 13147 13142 13141
f 13141 13022 13026
f 13146 13141 13026
f 13024 13140 13145
f 13024 13020 13140
f 13144 13135 13134
f 13133 13142 13134
f 13142 13143 13134
f 13134 13143 13144
f 13141 13142 13132
f 13142 13133 13132
f 13132 13017 13022
f 13141 13132 13022
f 13015 13140 13020
f 13015 13139 13140
f 13130 13139 13015
f 13139 13130 13131
f 13138 13125 13124
f 13137 13138 13124
f 13137 13124 13123
f 13136 13137 13123
f 13136 13123 13122
f 13121 13134 13122
f 13134 13135 13122
f 13122 13135 13136
f 13133 13134 13120
f 13134 13121 13120
f 13120 13132 13133
f 13120 13018 13132
f 13013 13018 13120
f 13132 13018 13017
f 13010 13118 13130
f 13015 13010 13130
f 13119 13131 13130
f 13119 13130 13118
f 13129 13111 13110
f 13128 13129 13110
f 13128 13110 13109
f 13127 13128 13109
f 13127 13109 13108
f 13126 13127 13108
f 13126 13108 13107
f 13106 13124 13107
f 13124 13125 13107
f 13107 13125 13126
f 13123 13124 13105
f 13124 13106 13105
f 13122 13123 13104
f 13123 13105 13104
f 13121 13122 13103
f 13122 13104 13103
f 13120 13121 13102
f 13121 13103 13102
f 13102 13005 13013
f 13120 13102 13013
f 13010 13009 13118
f 13101 13009 13002
f 13117 13009 13101
f 13118 13009 13117
f 13119 13118 13117
f 13116 13117 13101
f 13116 13101 13100
f 13115 13116 13100
f 13115 13100 13098
f 13115 13098 13099
f 13114 13094 13093
f 13113 13114 13093
f 13113 13093 13092
f 13112 13113 13092
f 13112 13092 13091
f 13090 13110 13091
f 13110 13111 13091
f 13091 13111 13112
f 13109 13110 13089
f 13110 13090 13089
f 13108 13109 13088
f 13109 13089 13088
f 13107 13108 13087
f 13108 13088 13087
f 13106 13107 13086
f 13107 13087 13086
f 13105 13106 13085
f 13106 13086 13085
f 13085 13104 13105
f 13085 13008 13104
f 12991 13008 13085
f 13007 13103 13104
f 13008 13007 13104
f 13006 13102 13103
f 13007 13006 13103
f 13102 13006 13005
f 13002 13000 13101
f 13101 13084 13100
f 13101 12985 13084
f 13000 12985 13101
f 13098 13100 13083
f 13100 13084 13083
f 13083 13082 13098
f 13082 13097 13098
f 13098 13097 13099
f 13096 13097 13082
f 13096 13082 13081
f 13095 13096 13081
f 13095 13081 13080
f 13079 13093 13080
f 13093 13094 13080
f 13080 13094 13095
f 13079 13092 13093
f 13079 12999 13092
f 12977 12999 13079
f 12998 13091 13092
f 12999 12998 13092
f 12997 13090 13091
f 12998 12997 13091
f 12996 13089 13090
f 12997 12996 13090
f 12995 13088 13089
f 12996 12995 13089
f 12994 13087 13088
f 12995 12994 13088
f 12993 13086 13087
f 12994 12993 13087
f 12992 13085 13086
f 12993 12992 13086
f 13085 12992 12991
f 12985 12983 13084
f 12982 13083 13084
f 12983 12982 13084
f 12981 13082 13083
f 12982 12981 13083
f 12980 13081 13082
f 12981 12980 13082
f 12979 13080 13081
f 12980 12979 13081
f 12978 13079 13080
f 12979 12978 13080
f 13079 12978 12977
f 12951 12939 13077
f 12951 13077 13075
f 12950 12951 13075
f 12950 13075 13073
f 12949 12950 13073
f 12949 13073 13071
f 12948 12949 13071
f 12948 13071 13069
f 12947 12948 13069
f 12947 13069 13067
f 12946 12947 13067
f 12946 13067 13065
f 12945 12946 13065
f 12945 13065 13063
f 12944 12945 13063
f 12944 13063 13061
f 12943 12944 13061
f 12943 13061 13059
f 12942 12943 13059
f 12942 13059 13057
f 12941 12942 13057
f 13057 12937 12941
f 13054 13078 12940
f 12929 13054 12940
f 13078 13076 12940
f 13076 13077 12940
f 12940 13077 12939
f 13076 13074 13075
f 13076 13075 13077
f 13074 13072 13073
f 13074 13073 13075
f 13072 13070 13071
f 13072 13071 13073
f 13070 13068 13069
f 13070 13069 13071
f 13068 13066 13067
f 13068 13067 13069
f 13066 13064 13065
f 13066 13065 13067
f 13064 13062 13063
f 13064 13063 13065
f 13062 13060 13061
f 13062 13061 13063
f 13060 13058 13059
f 13060 13059 13061
f 13058 13056 13057
f 13058 13057 13059
f 13052 12935 13053
f 13053 12935 13056
f 13056 12935 12937
f 13056 12937 13057
f 12935 13052 13050
f 12933 12935 13050
f 12933 13050 13048
f 12932 12933 13048
f 12932 13048 13046
f 12931 12932 13046
f 13046 12928 12931
f 13044 13055 12930
f 12921 13044 12930
f 13054 12929 12930
f 13054 12930 13055
f 13053 13051 13052
f 13051 13049 13050
f 13051 13050 13052
f 13049 13047 13048
f 13049 13048 13050
f 13047 13045 13046
f 13047 13046 13048
f 13042 12926 13043
f 13043 12926 13045
f 13045 12926 12928
f 13045 12928 13046
f 12926 13042 13040
f 12924 12926 13040
f 12924 13040 13038
f 12923 12924 13038
f 13038 12920 12923
f 12922 12918 13035
f 13044 12921 13036
f 12921 12922 13036
f 13036 12922 13035
f 13043 13041 13042
f 13041 13039 13040
f 13041 13040 13042
f 13039 13037 13038
f 13039 13038 13040
f 13033 12919 13034
f 13034 12919 13037
f 13037 12919 12920
f 13037 12920 13038
f 13033 12916 12919
f 12915 13031 13035
f 12918 12915 13035
f 13032 13036 13035
f 13032 13035 13031
f 13029 13033 13034
f 13029 13034 13030
f 13029 12914 12916
f 13033 13029 12916
f 12912 13027 13031
f 12915 12912 13031
f 13028 13032 13031
f 13028 13031 13027
f 13025 13029 13030
f 13025 13030 13026
f 13025 12911 12914
f 13029 13025 12914
f 12909 13023 13027
f 12912 12909 13027
f 13024 13028 13027
f 13024 13027 13023
f 13021 13025 13026
f 13021 13026 13022
f 13021 12908 12911
f 13025 13021 12911
f 12906 13019 13023
f 12909 12906 13023
f 13020 13024 13023
f 13020 13023 13019
f 13016 13021 13022
f 13016 13022 13017
f 13016 12905 12908
f 13021 13016 12908
f 12903 13014 13019
f 12906 12903 13019
f 13015 13020 13019
f 13015 13019 13014
f 13018 13013 13012
f 13011 13016 13012
f 13016 13017 13012
f 13012 13017 13018
f 13011 12901 12905
f 13016 13011 12905
f 12903 12902 13014
f 13010 13015 12899
f 13015 13014 12899
f 12899 13014 12902
f 13004 13012 13013
f 13004 13013 13005
f 13011 13012 13003
f 13012 13004 13003
f 13003 12897 12901
f 13011 13003 12901
f 12895 13010 12899
f 12895 13009 13010
f 13001 13009 12895
f 13009 13001 13002
f 13008 12991 12990
f 13007 13008 12990
f 13007 12990 12989
f 13006 13007 12989
f 13006 12989 12988
f 12987 13004 12988
f 13004 13005 12988
f 12988 13005 13006
f 12987 13003 13004
f 12987 12896 13003
f 12891 12896 12987
f 13003 12896 12897
f 12889 12986 13001
f 12895 12889 13001
f 12986 12984 13001
f 12984 13000 13001
f 13001 13000 13002
f 13000 12984 12985
f 12999 12977 12976
f 12998 12999 12976
f 12998 12976 12975
f 12997 12998 12975
f 12997 12975 12974
f 12996 12997 12974
f 12996 12974 12973
f 12995 12996 12973
f 12995 12973 12972
f 12994 12995 12972
f 12994 12972 12971
f 12993 12994 12971
f 12993 12971 12970
f 12992 12993 12970
f 12992 12970 12969
f 12968 12990 12969
f 12990 12991 12969
f 12969 12991 12992
f 12989 12990 12967
f 12990 12968 12967
f 12967 12988 12989
f 12967 12893 12988
f 12884 12893 12967
f 12892 12987 12988
f 12893 12892 12988
f 12987 12892 12891
f 12889 12887 12986
f 12986 12966 12984
f 12986 12880 12966
f 12887 12880 12986
f 12966 12965 12984
f 12965 12983 12984
f 12984 12983 12985
f 12982 12983 12965
f 12982 12965 12964
f 12981 12982 12964
f 12981 12964 12963
f 12980 12981 12963
f 12980 12963 12962
f 12979 12980 12962
f 12979 12962 12961
f 12978 12979 12961
f 12978 12961 12960
f 12959 12976 12960
f 12976 12977 12960
f 12960 12977 12978
f 12975 12976 12958
f 12976 12959 12958
f 12974 12975 12957
f 12975 12958 12957
f 12973 12974 12956
f 12974 12957 12956
f 12972 12973 12955
f 12973 12956 12955
f 12971 12972 12954
f 12972 12955 12954
f 12970 12971 12953
f 12971 12954 12953
f 12969 12970 12952
f 12970 12953 12952
f 12952 12968 12969
f 12952 12886 12968
f 12863 12886 12952
f 12885 12967 12968
f 12886 12885 12968
f 12967 12885 12884
f 12880 12878 12966
f 12877 12965 12966
f 12878 12877 12966
f 12876 12964 12965
f 12877 12876 12965
f 12875 12963 12964
f 12876 12875 12964
f 12874 12962 12963
f 12875 12874 12963
f 12873 12961 12962
f 12874 12873 12962
f 12872 12960 12961
f 12873 12872 12961
f 12871 12959 12960
f 12872 12871 12960
f 12870 12958 12959
f 12871 12870 12959
f 12869 12957 12958
f 12870 12869 12958
f 12868 12956 12957
f 12869 12868 12957
f 12867 12955 12956
f 12868 12867 12956
f 12866 12954 12955
f 12867 12866 12955
f 12865 12953 12954
f 12866 12865 12954
f 12864 12952 12953
f 12865 12864 12953
f 12952 12864 12863
f 12938 12939 12951
f 12842 12951 12950
f 12842 12938 12951
f 12828 12938 12842
f 12949 12841 12950
f 12841 12842 12950
f 12948 12840 12949
f 12840 12841 12949
f 12947 12839 12948
f 12839 12840 12948
f 12946 12838 12947
f 12838 12839 12947
f 12945 12837 12946
f 12837 12838 12946
f 12944 12836 12945
f 12836 12837 12945
f 12943 12835 12944
f 12835 12836 12944
f 12942 12834 12943
f 12834 12835 12943
f 12941 12833 12942
f 12833 12834 12942
f 12941 12832 12833
f 12941 12936 12832
f 12937 12936 12941
f 12832 12936 12934
f 12831 12832 12934
f 12934 12826 12831
f 12929 12940 12830
f 12819 12929 12830
f 12830 12940 12829
f 12940 12939 12829
f 12829 12939 12938
f 12828 12829 12938
f 12937 12935 12936
f 12935 12933 12934
f 12935 12934 12936
f 12932 12824 12933
f 12824 12826 12933
f 12933 12826 12934
f 12931 12823 12932
f 12823 12824 12932
f 12931 12822 12823
f 12931 12927 12822
f 12928 12927 12931
f 12822 12927 12925
f 12821 12822 12925
f 12925 12817 12821
f 12921 12930 12820
f 12815 12921 12820
f 12929 12819 12820
f 12929 12820 12930
f 12928 12926 12927
f 12926 12924 12925
f 12926 12925 12927
f 12923 12816 12924
f 12816 12817 12924
f 12924 12817 12925
f 12813 12816 12923
f 12920 12813 12923
f 12917 12918 12922
f 12815 12810 12921
f 12810 12917 12921
f 12921 12917 12922
f 12813 12920 12919
f 12813 12919 12812
f 12809 12812 12919
f 12916 12809 12919
f 12918 12807 12915
f 12918 12811 12807
f 12917 12811 12918
f 12810 12811 12917
f 12916 12914 12809
f 12914 12913 12809
f 12809 12913 12808
f 12913 12806 12808
f 12807 12912 12915
f 12807 12805 12912
f 12910 12913 12914
f 12910 12914 12911
f 12910 12804 12806
f 12913 12910 12806
f 12805 12909 12912
f 12805 12803 12909
f 12907 12910 12911
f 12907 12911 12908
f 12907 12802 12804
f 12910 12907 12804
f 12803 12906 12909
f 12803 12801 12906
f 12904 12907 12908
f 12904 12908 12905
f 12904 12800 12802
f 12907 12904 12802
f 12801 12903 12906
f 12801 12799 12903
f 12900 12904 12905
f 12900 12905 12901
f 12900 12798 12800
f 12904 12900 12800
f 12796 12903 12799
f 12796 12902 12903
f 12898 12902 12796
f 12902 12898 12899
f 12897 12795 12901
f 12795 12797 12901
f 12901 12797 12900
f 12900 12797 12798
f 12793 12894 12898
f 12796 12793 12898
f 12895 12899 12898
f 12895 12898 12894
f 12896 12891 12890
f 12897 12792 12795
f 12897 12890 12792
f 12896 12890 12897
f 12790 12888 12894
f 12793 12790 12894
f 12889 12895 12894
f 12889 12894 12888
f 12893 12884 12883
f 12892 12893 12883
f 12892 12883 12882
f 12882 12788 12892
f 12892 12788 12891
f 12891 12788 12791
f 12891 12791 12890
f 12890 12791 12792
f 12786 12881 12888
f 12790 12786 12888
f 12881 12879 12888
f 12879 12887 12888
f 12888 12887 12889
f 12887 12879 12880
f 12886 12863 12862
f 12885 12886 12862
f 12885 12862 12861
f 12860 12883 12861
f 12883 12884 12861
f 12861 12884 12885
f 12860 12882 12883
f 12860 12789 12882
f 12782 12789 12860
f 12882 12789 12788
f 12786 12785 12881
f 12881 12859 12879
f 12881 12780 12859
f 12785 12780 12881
f 12859 12858 12879
f 12858 12878 12879
f 12879 12878 12880
f 12877 12878 12858
f 12877 12858 12857
f 12876 12877 12857
f 12876 12857 12856
f 12875 12876 12856
f 12875 12856 12855
f 12874 12875 12855
f 12874 12855 12854
f 12873 12874 12854
f 12873 12854 12853
f 12872 12873 12853
f 12872 12853 12852
f 12871 12872 12852
f 12871 12852 12851
f 12870 12871 12851
f 12870 12851 12850
f 12869 12870 12850
f 12869 12850 12849
f 12868 12869 12849
f 12868 12849 12848
f 12867 12868 12848
f 12867 12848 12847
f 12866 12867 12847
f 12866 12847 12846
f 12865 12866 12846
f 12865 12846 12845
f 12864 12865 12845
f 12864 12845 12844
f 12843 12862 12844
f 12862 12863 12844
f 12844 12863 12864
f 12843 12861 12862
f 12843 12784 12861
f 12761 12784 12843
f 12783 12860 12861
f 12784 12783 12861
f 12860 12783 12782
f 12780 12778 12859
f 12777 12858 12859
f 12778 12777 12859
f 12776 12857 12858
f 12777 12776 12858
f 12775 12856 12857
f 12776 12775 12857
f 12774 12855 12856
f 12775 12774 12856
f 12773 12854 12855
f 12774 12773 12855
f 12772 12853 12854
f 12773 12772 12854
f 12771 12852 12853
f 12772 12771 12853
f 12770 12851 12852
f 12771 12770 12852
f 12769 12850 12851
f 12770 12769 12851
f 12768 12849 12850
f 12769 12768 12850
f 12767 12848 12849
f 12768 12767 12849
f 12766 12847 12848
f 12767 12766 12848
f 12765 12846 12847
f 12766 12765 12847
f 12764 12845 12846
f 12765 12764 12846
f 12763 12844 12845
f 12764 12763 12845
f 12762 12843 12844
f 12763 12762 12844
f 12843 12762 12761
f 12827 12828 12842
f 12739 12842 12841
f 12739 12827 12842
f 12725 12827 12739
f 12840 12738 12841
f 12738 12739 12841
f 12839 12737 12840
f 12737 12738 12840
f 12838 12736 12839
f 12736 12737 12839
f 12837 12735 12838
f 12735 12736 12838
f 12836 12734 12837
f 12734 12735 12837
f 12835 12733 12836
f 12733 12734 12836
f 12834 12732 12835
f 12732 12733 12835
f 12833 12731 12834
f 12731 12732 12834
f 12832 12730 12833
f 12730 12731 12833
f 12831 12729 12832
f 12729 12730 12832
f 12831 12728 12729
f 12831 12825 12728
f 12826 12825 12831
f 12825 12721 12728
f 12818 12819 12830
f 12727 12830 12829
f 12727 12818 12830
f 12716 12818 12727
f 12727 12829 12726
f 12829 12828 12726
f 12726 12828 12827
f 12725 12726 12827
f 12826 12824 12825
f 12823 12720 12824
f 12720 12721 12824
f 12824 12721 12825
f 12822 12719 12823
f 12719 12720 12823
f 12821 12718 12822
f 12718 12719 12822
f 12714 12718 12821
f 12817 12714 12821
f 12814 12815 12820
f 12820 12711 12814
f 12819 12711 12820
f 12717 12711 12819
f 12818 12717 12819
f 12716 12717 12818
f 12714 12817 12816
f 12714 12816 12713
f 12709 12713 12816
f 12813 12709 12816
f 12815 12706 12810
f 12815 12712 12706
f 12814 12712 12815
f 12711 12712 12814
f 12709 12813 12812
f 12709 12812 12708
f 12704 12708 12812
f 12809 12704 12812
f 12807 12811 12707
f 12702 12807 12707
f 12810 12706 12707
f 12810 12707 12811
f 12704 12809 12808
f 12704 12808 12703
f 12700 12703 12808
f 12806 12700 12808
f 12702 12805 12807
f 12702 12699 12805
f 12806 12804 12700
f 12804 12697 12700
f 12699 12803 12805
f 12699 12696 12803
f 12804 12802 12697
f 12802 12695 12697
f 12696 12801 12803
f 12696 12694 12801
f 12802 12800 12695
f 12800 12693 12695
f 12694 12799 12801
f 12694 12692 12799
f 12800 12798 12693
f 12798 12691 12693
f 12692 12796 12799
f 12692 12690 12796
f 12797 12795 12794
f 12798 12688 12691
f 12798 12794 12688
f 12797 12794 12798
f 12690 12793 12796
f 12690 12686 12793
f 12792 12684 12795
f 12684 12687 12795
f 12795 12687 12794
f 12794 12687 12688
f 12686 12790 12793
f 12686 12682 12790
f 12791 12788 12787
f 12792 12680 12684
f 12792 12787 12680
f 12791 12787 12792
f 12682 12786 12790
f 12682 12678 12786
f 12789 12782 12781
f 12781 12675 12789
f 12789 12675 12788
f 12788 12675 12679
f 12788 12679 12787
f 12787 12679 12680
f 12673 12786 12678
f 12673 12785 12786
f 12779 12785 12673
f 12785 12779 12780
f 12784 12761 12760
f 12783 12784 12760
f 12783 12760 12759
f 12759 12670 12783
f 12783 12670 12782
f 12782 12670 12676
f 12782 12676 12781
f 12781 12676 12675
f 12668 12758 12779
f 12673 12668 12779
f 12758 12757 12779
f 12757 12778 12779
f 12779 12778 12780
f 12777 12778 12757
f 12777 12757 12756
f 12776 12777 12756
f 12776 12756 12755
f 12775 12776 12755
f 12775 12755 12754
f 12774 12775 12754
f 12774 12754 12753
f 12773 12774 12753
f 12773 12753 12752
f 12772 12773 12752
f 12772 12752 12751
f 12771 12772 12751
f 12771 12751 12750
f 12770 12771 12750
f 12770 12750 12749
f 12769 12770 12749
f 12769 12749 12748
f 12768 12769 12748
f 12768 12748 12747
f 12767 12768 12747
f 12767 12747 12746
f 12766 12767 12746
f 12766 12746 12745
f 12765 12766 12745
f 12765 12745 12744
f 12764 12765 12744
f 12764 12744 12743
f 12763 12764 12743
f 12763 12743 12742
f 12762 12763 12742
f 12762 12742 12741
f 12740 12760 12741
f 12760 12761 12741
f 12741 12761 12762
f 12740 12759 12760
f 12740 12671 12759
f 12647 12671 12740
f 12759 12671 12670
f 12668 12666 12758
f 12665 12757 12758
f 12666 12665 12758
f 12664 12756 12757
f 12665 12664 12757
f 12663 12755 12756
f 12664 12663 12756
f 12662 12754 12755
f 12663 12662 12755
f 12661 12753 12754
f 12662 12661 12754
f 12660 12752 12753
f 12661 12660 12753
f 12659 12751 12752
f 12660 12659 12752
f 12658 12750 12751
f 12659 12658 12751
f 12657 12749 12750
f 12658 12657 12750
f 12656 12748 12749
f 12657 12656 12749
f 12655 12747 12748
f 12656 12655 12748
f 12654 12746 12747
f 12655 12654 12747
f 12653 12745 12746
f 12654 12653 12746
f 12652 12744 12745
f 12653 12652 12745
f 12651 12743 12744
f 12652 12651 12744
f 12650 12742 12743
f 12651 12650 12743
f 12649 12741 12742
f 12650 12649 12742
f 12648 12740 12741
f 12649 12648 12741
f 12740 12648 12647
f 12724 12725 12739
f 12724 12739 12738
f 12723 12724 12738
f 12723 12738 12737
f 12722 12723 12737
f 12613 12737 12736
f 12613 12722 12737
f 12600 12722 12613
f 12735 12612 12736
f 12612 12613 12736
f 12734 12611 12735
f 12611 12612 12735
f 12733 12610 12734
f 12610 12611 12734
f 12732 12609 12733
f 12609 12610 12733
f 12731 12608 12732
f 12608 12609 12732
f 12730 12607 12731
f 12607 12608 12731
f 12729 12606 12730
f 12606 12607 12730
f 12728 12605 12729
f 12605 12606 12729
f 12591 12605 12728
f 12721 12591 12728
f 12715 12716 12727
f 12604 12727 12726
f 12604 12715 12727
f 12585 12715 12604
f 12604 12726 12603
f 12726 12725 12603
f 12603 12725 12724
f 12724 12723 12602
f 12724 12602 12603
f 12723 12722 12601
f 12723 12601 12602
f 12600 12601 12722
f 12591 12721 12720
f 12591 12720 12589
f 12719 12588 12720
f 12588 12589 12720
f 12718 12587 12719
f 12587 12588 12719
f 12578 12587 12718
f 12714 12578 12718
f 12710 12711 12717
f 12717 12575 12710
f 12716 12575 12717
f 12586 12575 12716
f 12715 12586 12716
f 12585 12586 12715
f 12578 12714 12713
f 12578 12713 12577
f 12571 12577 12713
f 12709 12571 12713
f 12705 12706 12712
f 12712 12568 12705
f 12711 12568 12712
f 12576 12568 12711
f 12710 12576 12711
f 12575 12576 12710
f 12571 12709 12708
f 12571 12708 12570
f 12564 12570 12708
f 12704 12564 12708
f 12701 12702 12707
f 12707 12562 12701
f 12706 12562 12707
f 12569 12562 12706
f 12705 12569 12706
f 12568 12569 12705
f 12564 12704 12703
f 12564 12703 12563
f 12560 12563 12703
f 12700 12560 12703
f 12702 12701 12698
f 12699 12702 12698
f 12562 12558 12698
f 12562 12698 12701
f 12700 12697 12560
f 12697 12557 12560
f 12699 12556 12696
f 12699 12559 12556
f 12698 12559 12699
f 12558 12559 12698
f 12697 12695 12557
f 12695 12555 12557
f 12556 12694 12696
f 12556 12554 12694
f 12695 12693 12555
f 12693 12553 12555
f 12554 12692 12694
f 12554 12551 12692
f 12693 12691 12553
f 12691 12549 12553
f 12552 12548 12689
f 12692 12551 12690
f 12551 12552 12690
f 12690 12552 12689
f 12691 12688 12549
f 12688 12547 12549
f 12546 12685 12689
f 12548 12546 12689
f 12686 12690 12689
f 12686 12689 12685
f 12687 12684 12683
f 12688 12545 12547
f 12688 12683 12545
f 12687 12683 12688
f 12542 12681 12685
f 12546 12542 12685
f 12682 12686 12685
f 12682 12685 12681
f 12680 12541 12684
f 12541 12544 12684
f 12684 12544 12683
f 12683 12544 12545
f 12540 12677 12681
f 12542 12540 12681
f 12678 12682 12681
f 12678 12681 12677
f 12679 12675 12674
f 12680 12539 12541
f 12680 12674 12539
f 12679 12674 12680
f 12537 12672 12677
f 12540 12537 12677
f 12673 12678 12677
f 12673 12677 12672
f 12676 12670 12669
f 12669 12535 12676
f 12676 12535 12675
f 12675 12535 12538
f 12675 12538 12674
f 12674 12538 12539
f 12533 12667 12672
f 12537 12533 12672
f 12668 12673 12672
f 12668 12672 12667
f 12671 12647 12646
f 12646 12530 12671
f 12671 12530 12670
f 12670 12530 12536
f 12670 12536 12669
f 12669 12536 12535
f 12533 12532 12667
f 12645 12532 12528
f 12666 12532 12645
f 12667 12532 12666
f 12668 12667 12666
f 12665 12666 12645
f 12665 12645 12644
f 12664 12665 12644
f 12664 12644 12643
f 12663 12664 12643
f 12663 12643 12642
f 12662 12663 12642
f 12662 12642 12641
f 12661 12662 12641
f 12661 12641 12640
f 12660 12661 12640
f 12660 12640 12639
f 12659 12660 12639
f 12659 12639 12638
f 12658 12659 12638
f 12658 12638 12637
f 12657 12658 12637
f 12657 12637 12636
f 12656 12657 12636
f 12656 12636 12635
f 12655 12656 12635
f 12655 12635 12634
f 12654 12655 12634
f 12654 12634 12633
f 12653 12654 12633
f 12653 12633 12632
f 12652 12653 12632
f 12652 12632 12631
f 12651 12652 12631
f 12651 12631 12630
f 12650 12651 12630
f 12650 12630 12629
f 12649 12650 12629
f 12649 12629 12628
f 12648 12649 12628
f 12648 12628 12627
f 12627 12520 12648
f 12648 12520 12647
f 12647 12520 12531
f 12647 12531 12646
f 12646 12531 12530
f 12528 12526 12645
f 12525 12644 12645
f 12526 12525 12645
f 12644 12626 12643
f 12644 12516 12626
f 12525 12516 12644
f 12642 12643 12625
f 12643 12626 12625
f 12641 12642 12624
f 12642 12625 12624
f 12640 12641 12623
f 12641 12624 12623
f 12639 12640 12622
f 12640 12623 12622
f 12638 12639 12621
f 12639 12622 12621
f 12637 12638 12620
f 12638 12621 12620
f 12636 12637 12619
f 12637 12620 12619
f 12619 12635 12636
f 12619 12524 12635
f 12506 12524 12619
f 12523 12634 12635
f 12524 12523 12635
f 12634 12618 12633
f 12634 12504 12618
f 12523 12504 12634
f 12632 12633 12617
f 12633 12618 12617
f 12631 12632 12616
f 12632 12617 12616
f 12630 12631 12615
f 12631 12616 12615
f 12629 12630 12614
f 12630 12615 12614
f 12614 12628 12629
f 12614 12522 12628
f 12497 12522 12614
f 12521 12627 12628
f 12522 12521 12628
f 12627 12521 12520
f 12516 12514 12626
f 12513 12625 12626
f 12514 12513 12626
f 12512 12624 12625
f 12513 12512 12625
f 12511 12623 12624
f 12512 12511 12624
f 12510 12622 12623
f 12511 12510 12623
f 12509 12621 12622
f 12510 12509 12622
f 12508 12620 12621
f 12509 12508 12621
f 12507 12619 12620
f 12508 12507 12620
f 12619 12507 12506
f 12504 12502 12618
f 12501 12617 12618
f 12502 12501 12618
f 12500 12616 12617
f 12501 12500 12617
f 12499 12615 12616
f 12500 12499 12616
f 12498 12614 12615
f 12499 12498 12615
f 12614 12498 12497
f 12599 12600 12613
f 12599 12613 12612
f 12598 12599 12612
f 12598 12612 12611
f 12597 12598 12611
f 12597 12611 12610
f 12596 12597 12610
f 12596 12610 12609
f 12595 12596 12609
f 12595 12609 12608
f 12594 12595 12608
f 12594 12608 12607
f 12593 12594 12607
f 12593 12607 12606
f 12592 12593 12606
f 12592 12606 12605
f 12590 12592 12605
f 12591 12590 12605
f 12584 12585 12604
f 12584 12604 12603
f 12583 12584 12603
f 12583 12603 12602
f 12582 12583 12602
f 12582 12602 12601
f 12581 12582 12601
f 12581 12599 12580
f 12581 12600 12599
f 12601 12600 12581
f 12579 12599 12598
f 12579 12580 12599
f 12598 12597 12579
f 12597 12478 12579
f 12579 12478 12464
f 12597 12596 12477
f 12597 12477 12478
f 12596 12595 12476
f 12596 12476 12477
f 12595 12594 12475
f 12595 12475 12476
f 12594 12593 12474
f 12594 12474 12475
f 12593 12592 12473
f 12593 12473 12474
f 12592 12590 12472
f 12592 12472 12473
f 12471 12472 12589
f 12472 12590 12589
f 12589 12590 12591
f 12588 12470 12589
f 12470 12471 12589
f 12587 12469 12588
f 12469 12470 12588
f 12458 12469 12587
f 12578 12458 12587
f 12574 12575 12586
f 12574 12584 12573
f 12574 12585 12584
f 12586 12585 12574
f 12572 12584 12583
f 12572 12573 12584
f 12583 12582 12572
f 12582 12468 12572
f 12572 12468 12454
f 12582 12581 12467
f 12582 12467 12468
f 12581 12580 12466
f 12581 12466 12467
f 12580 12579 12465
f 12580 12465 12466
f 12464 12465 12579
f 12458 12578 12577
f 12458 12577 12456
f 12448 12456 12577
f 12571 12448 12577
f 12567 12568 12576
f 12567 12574 12566
f 12567 12575 12574
f 12576 12575 12567
f 12565 12574 12573
f 12565 12566 12574
f 12573 12572 12565
f 12572 12455 12565
f 12565 12455 12442
f 12454 12455 12572
f 12448 12571 12570
f 12448 12570 12446
f 12439 12446 12570
f 12564 12439 12570
f 12561 12562 12569
f 12569 12435 12561
f 12568 12435 12569
f 12445 12435 12568
f 12567 12445 12568
f 12567 12566 12444
f 12567 12444 12445
f 12566 12565 12443
f 12566 12443 12444
f 12442 12443 12565
f 12439 12564 12563
f 12439 12563 12437
f 12431 12437 12563
f 12560 12431 12563
f 12562 12428 12558
f 12562 12436 12428
f 12561 12436 12562
f 12435 12436 12561
f 12560 12557 12431
f 12557 12424 12431
f 12556 12559 12429
f 12422 12556 12429
f 12558 12428 12429
f 12558 12429 12559
f 12557 12555 12424
f 12555 12420 12424
f 12422 12554 12556
f 12422 12417 12554
f 12555 12553 12420
f 12553 12416 12420
f 12418 12415 12550
f 12554 12417 12551
f 12417 12418 12551
f 12551 12418 12550
f 12553 12549 12416
f 12549 12413 12416
f 12548 12415 12412
f 12548 12550 12415
f 12552 12550 12548
f 12551 12550 12552
f 12549 12547 12413
f 12547 12411 12413
f 12412 12546 12548
f 12412 12408 12546
f 12543 12407 12410
f 12545 12411 12547
f 12545 12410 12411
f 12543 12410 12545
f 12408 12542 12546
f 12408 12406 12542
f 12405 12407 12541
f 12407 12543 12541
f 12541 12543 12544
f 12544 12543 12545
f 12406 12540 12542
f 12406 12404 12540
f 12541 12539 12405
f 12539 12403 12405
f 12404 12537 12540
f 12404 12402 12537
f 12538 12535 12534
f 12539 12400 12403
f 12539 12534 12400
f 12538 12534 12539
f 12402 12533 12537
f 12402 12398 12533
f 12536 12530 12529
f 12529 12396 12536
f 12536 12396 12535
f 12535 12396 12399
f 12535 12399 12534
f 12534 12399 12400
f 12394 12533 12398
f 12394 12532 12533
f 12527 12532 12394
f 12532 12527 12528
f 12531 12520 12519
f 12519 12391 12531
f 12531 12391 12530
f 12530 12391 12395
f 12530 12395 12529
f 12529 12395 12396
f 12389 12518 12527
f 12394 12389 12527
f 12518 12517 12527
f 12517 12526 12527
f 12527 12526 12528
f 12525 12526 12517
f 12525 12517 12515
f 12525 12515 12516
f 12524 12506 12505
f 12523 12524 12505
f 12523 12505 12503
f 12523 12503 12504
f 12522 12497 12496
f 12521 12522 12496
f 12521 12496 12495
f 12495 12384 12521
f 12521 12384 12520
f 12520 12384 12392
f 12520 12392 12519
f 12519 12392 12391
f 12389 12388 12518
f 12387 12517 12518
f 12388 12387 12518
f 12386 12515 12517
f 12387 12386 12517
f 12494 12386 12380
f 12514 12386 12494
f 12515 12386 12514
f 12516 12515 12514
f 12513 12514 12494
f 12513 12494 12493
f 12512 12513 12493
f 12512 12493 12492
f 12511 12512 12492
f 12511 12492 12491
f 12510 12511 12491
f 12510 12491 12490
f 12509 12510 12490
f 12509 12490 12489
f 12508 12509 12489
f 12508 12489 12488
f 12507 12508 12488
f 12507 12488 12487
f 12486 12505 12487
f 12505 12506 12487
f 12487 12506 12507
f 12503 12505 12485
f 12505 12486 12485
f 12485 12484 12503
f 12484 12502 12503
f 12503 12502 12504
f 12501 12502 12484
f 12501 12484 12483
f 12500 12501 12483
f 12500 12483 12482
f 12499 12500 12482
f 12499 12482 12481
f 12498 12499 12481
f 12498 12481 12480
f 12479 12496 12480
f 12496 12497 12480
f 12480 12497 12498
f 12479 12495 12496
f 12479 12385 12495
f 12362 12385 12479
f 12495 12385 12384
f 12380 12378 12494
f 12377 12493 12494
f 12378 12377 12494
f 12376 12492 12493
f 12377 12376 12493
f 12375 12491 12492
f 12376 12375 12492
f 12374 12490 12491
f 12375 12374 12491
f 12373 12489 12490
f 12374 12373 12490
f 12372 12488 12489
f 12373 12372 12489
f 12371 12487 12488
f 12372 12371 12488
f 12370 12486 12487
f 12371 12370 12487
f 12369 12485 12486
f 12370 12369 12486
f 12368 12484 12485
f 12369 12368 12485
f 12367 12483 12484
f 12368 12367 12484
f 12366 12482 12483
f 12367 12366 12483
f 12365 12481 12482
f 12366 12365 12482
f 12364 12480 12481
f 12365 12364 12481
f 12363 12479 12480
f 12364 12363 12480
f 12479 12363 12362
f 12463 12464 12478
f 12463 12478 12477
f 12462 12463 12477
f 12462 12477 12476
f 12461 12462 12476
f 12461 12476 12475
f 12460 12461 12475
f 12343 12475 12474
f 12343 12460 12475
f 12336 12460 12343
f 12473 12342 12474
f 12342 12343 12474
f 12472 12341 12473
f 12341 12342 12473
f 12471 12340 12472
f 12340 12341 12472
f 12470 12340 12471
f 12470 12331 12340
f 12459 12331 12470
f 12459 12470 12469
f 12457 12459 12469
f 12458 12457 12469
f 12453 12454 12468
f 12453 12468 12467
f 12452 12453 12467
f 12452 12467 12466
f 12451 12452 12466
f 12451 12466 12465
f 12450 12451 12465
f 12450 12463 12449
f 12450 12464 12463
f 12465 12464 12450
f 12463 12462 12449
f 12462 12339 12449
f 12449 12339 12324
f 12462 12461 12338
f 12462 12338 12339
f 12461 12460 12337
f 12461 12337 12338
f 12336 12337 12460
f 12459 12330 12331
f 12459 12457 12329
f 12459 12329 12330
f 12316 12329 12447
f 12447 12329 12456
f 12456 12329 12457
f 12456 12457 12458
f 12448 12447 12456
f 12441 12442 12455
f 12441 12453 12440
f 12441 12454 12453
f 12455 12454 12441
f 12453 12452 12440
f 12452 12328 12440
f 12440 12328 12311
f 12452 12451 12327
f 12452 12327 12328
f 12451 12450 12326
f 12451 12326 12327
f 12450 12449 12325
f 12450 12325 12326
f 12324 12325 12449
f 12447 12314 12316
f 12306 12314 12438
f 12438 12314 12446
f 12446 12314 12447
f 12446 12447 12448
f 12439 12438 12446
f 12434 12435 12445
f 12434 12445 12444
f 12433 12434 12444
f 12433 12444 12443
f 12432 12433 12443
f 12443 12302 12432
f 12442 12302 12443
f 12313 12302 12442
f 12441 12313 12442
f 12441 12440 12312
f 12441 12312 12313
f 12311 12312 12440
f 12438 12304 12306
f 12297 12304 12430
f 12430 12304 12437
f 12437 12304 12438
f 12437 12438 12439
f 12431 12430 12437
f 12427 12428 12436
f 12427 12434 12426
f 12427 12435 12434
f 12436 12435 12427
f 12425 12434 12433
f 12425 12426 12434
f 12433 12432 12425
f 12432 12303 12425
f 12425 12303 12292
f 12302 12303 12432
f 12430 12423 12289
f 12430 12289 12297
f 12430 12431 12424
f 12423 12430 12424
f 12421 12422 12429
f 12429 12286 12421
f 12428 12286 12429
f 12295 12286 12428
f 12427 12295 12428
f 12427 12426 12294
f 12427 12294 12295
f 12426 12425 12293
f 12426 12293 12294
f 12292 12293 12425
f 12423 12419 12282
f 12423 12282 12289
f 12423 12424 12420
f 12419 12423 12420
f 12422 12280 12417
f 12422 12287 12280
f 12421 12287 12422
f 12286 12287 12421
f 12419 12281 12282
f 12277 12420 12416
f 12277 12419 12420
f 12281 12419 12277
f 12414 12415 12418
f 12280 12274 12417
f 12274 12414 12417
f 12417 12414 12418
f 12416 12413 12277
f 12413 12273 12277
f 12415 12270 12412
f 12415 12275 12270
f 12414 12275 12415
f 12274 12275 12414
f 12409 12268 12272
f 12411 12273 12413
f 12411 12272 12273
f 12409 12272 12411
f 12270 12408 12412
f 12270 12267 12408
f 12266 12268 12407
f 12268 12409 12407
f 12407 12409 12410
f 12410 12409 12411
f 12267 12406 12408
f 12267 12265 12406
f 12407 12405 12266
f 12405 12264 12266
f 12265 12404 12406
f 12265 12262 12404
f 12405 12403 12264
f 12403 12260 12264
f 12263 12259 12401
f 12404 12262 12402
f 12262 12263 12402
f 12402 12263 12401
f 12403 12400 12260
f 12400 12258 12260
f 12256 12397 12401
f 12259 12256 12401
f 12398 12402 12401
f 12398 12401 12397
f 12257 12399 12396
f 12257 12396 12255
f 12257 12258 12400
f 12399 12257 12400
f 12253 12393 12397
f 12256 12253 12397
f 12394 12398 12397
f 12394 12397 12393
f 12395 12391 12390
f 12396 12251 12255
f 12396 12390 12251
f 12395 12390 12396
f 12253 12252 12393
f 12389 12394 12249
f 12394 12393 12249
f 12249 12393 12252
f 12392 12384 12383
f 12383 12246 12392
f 12392 12246 12391
f 12391 12246 12250
f 12391 12250 12390
f 12390 12250 12251
f 12244 12389 12249
f 12244 12388 12389
f 12382 12388 12244
f 12387 12388 12382
f 12387 12382 12381
f 12386 12387 12381
f 12386 12381 12379
f 12386 12379 12380
f 12385 12362 12361
f 12361 12239 12385
f 12385 12239 12384
f 12384 12239 12247
f 12384 12247 12383
f 12383 12247 12246
f 12244 12242 12382
f 12241 12381 12382
f 12242 12241 12382
f 12381 12360 12379
f 12381 12236 12360
f 12241 12236 12381
f 12360 12359 12379
f 12359 12378 12379
f 12379 12378 12380
f 12377 12378 12359
f 12377 12359 12358
f 12376 12377 12358
f 12376 12358 12357
f 12375 12376 12357
f 12375 12357 12356
f 12374 12375 12356
f 12374 12356 12355
f 12373 12374 12355
f 12373 12355 12354
f 12372 12373 12354
f 12372 12354 12353
f 12371 12372 12353
f 12371 12353 12352
f 12370 12371 12352
f 12370 12352 12351
f 12369 12370 12351
f 12369 12351 12350
f 12368 12369 12350
f 12368 12350 12349
f 12367 12368 12349
f 12367 12349 12348
f 12366 12367 12348
f 12366 12348 12347
f 12365 12366 12347
f 12365 12347 12346
f 12364 12365 12346
f 12364 12346 12345
f 12363 12364 12345
f 12363 12345 12344
f 12344 12217 12363
f 12363 12217 12362
f 12362 12217 12240
f 12362 12240 12361
f 12361 12240 12239
f 12236 12234 12360
f 12233 12359 12360
f 12234 12233 12360
f 12232 12358 12359
f 12233 12232 12359
f 12231 12357 12358
f 12232 12231 12358
f 12230 12356 12357
f 12231 12230 12357
f 12229 12355 12356
f 12230 12229 12356
f 12228 12354 12355
f 12229 12228 12355
f 12227 12353 12354
f 12228 12227 12354
f 12226 12352 12353
f 12227 12226 12353
f 12225 12351 12352
f 12226 12225 12352
f 12224 12350 12351
f 12225 12224 12351
f 12223 12349 12350
f 12224 12223 12350
f 12222 12348 12349
f 12223 12222 12349
f 12221 12347 12348
f 12222 12221 12348
f 12220 12346 12347
f 12221 12220 12347
f 12219 12345 12346
f 12220 12219 12346
f 12218 12344 12345
f 12219 12218 12345
f 12344 12218 12217
f 12335 12336 12343
f 12335 12343 12342
f 12334 12335 12342
f 12334 12342 12341
f 12333 12334 12341
f 12333 12341 12340
f 12332 12333 12340
f 12331 12332 12340
f 12323 12324 12339
f 12323 12339 12338
f 12322 12323 12338
f 12322 12338 12337
f 12321 12322 12337
f 12321 12335 12320
f 12321 12336 12335
f 12337 12336 12321
f 12319 12335 12334
f 12319 12320 12335
f 12334 12333 12319
f 12333 12197 12319
f 12319 12197 12191
f 12332 12318 12333
f 12318 12189 12333
f 12333 12189 12197
f 12332 12317 12318
f 12332 12330 12317
f 12331 12330 12332
f 12317 12330 12329
f 12315 12317 12329
f 12316 12315 12329
f 12310 12311 12328
f 12310 12328 12327
f 12309 12310 12327
f 12309 12327 12326
f 12308 12309 12326
f 12308 12326 12325
f 12307 12308 12325
f 12325 12183 12307
f 12324 12183 12325
f 12196 12183 12324
f 12323 12196 12324
f 12323 12322 12195
f 12323 12195 12196
f 12322 12321 12194
f 12322 12194 12195
f 12321 12320 12193
f 12321 12193 12194
f 12320 12319 12192
f 12320 12192 12193
f 12191 12192 12319
f 12318 12188 12189
f 12318 12317 12187
f 12318 12187 12188
f 12317 12315 12186
f 12317 12186 12187
f 12173 12186 12305
f 12305 12186 12314
f 12314 12186 12315
f 12314 12315 12316
f 12306 12305 12314
f 12301 12302 12313
f 12301 12313 12312
f 12300 12301 12312
f 12300 12310 12299
f 12300 12311 12310
f 12312 12311 12300
f 12298 12310 12309
f 12298 12299 12310
f 12309 12308 12298
f 12308 12185 12298
f 12298 12185 12168
f 12308 12307 12184
f 12308 12184 12185
f 12183 12184 12307
f 12305 12172 12173
f 12162 12172 12296
f 12296 12172 12304
f 12304 12172 12305
f 12304 12305 12306
f 12297 12296 12304
f 12291 12292 12303
f 12291 12301 12290
f 12291 12302 12301
f 12303 12302 12291
f 12301 12300 12290
f 12300 12171 12290
f 12290 12171 12158
f 12300 12299 12170
f 12300 12170 12171
f 12299 12298 12169
f 12299 12169 12170
f 12168 12169 12298
f 12296 12288 12152
f 12296 12152 12162
f 12296 12297 12289
f 12288 12296 12289
f 12285 12286 12295
f 12285 12295 12294
f 12284 12285 12294
f 12284 12294 12293
f 12283 12284 12293
f 12293 12148 12283
f 12292 12148 12293
f 12160 12148 12292
f 12291 12160 12292
f 12291 12290 12159
f 12291 12159 12160
f 12158 12159 12290
f 12288 12151 12152
f 12143 12289 12282
f 12143 12288 12289
f 12151 12288 12143
f 12279 12280 12287
f 12279 12285 12278
f 12279 12286 12285
f 12287 12286 12279
f 12285 12284 12278
f 12284 12150 12278
f 12278 12150 12139
f 12284 12283 12149
f 12284 12149 12150
f 12148 12149 12283
f 12143 12282 12136
f 12282 12281 12136
f 12136 12281 12276
f 12277 12276 12281
f 12280 12134 12274
f 12280 12141 12134
f 12279 12141 12280
f 12279 12278 12140
f 12279 12140 12141
f 12139 12140 12278
f 12276 12271 12130
f 12276 12130 12136
f 12276 12277 12273
f 12271 12276 12273
f 12269 12270 12275
f 12134 12127 12274
f 12127 12269 12274
f 12274 12269 12275
f 12126 12130 12268
f 12130 12271 12268
f 12268 12271 12272
f 12272 12271 12273
f 12270 12124 12267
f 12270 12128 12124
f 12269 12128 12270
f 12127 12128 12269
f 12268 12266 12126
f 12266 12122 12126
f 12124 12265 12267
f 12124 12119 12265
f 12266 12264 12122
f 12264 12118 12122
f 12120 12117 12261
f 12265 12119 12262
f 12119 12120 12262
f 12262 12120 12261
f 12264 12260 12118
f 12260 12116 12118
f 12259 12117 12115
f 12259 12261 12117
f 12263 12261 12259
f 12262 12261 12263
f 12260 12258 12116
f 12258 12114 12116
f 12115 12256 12259
f 12115 12113 12256
f 12257 12255 12254
f 12258 12112 12114
f 12258 12254 12112
f 12257 12254 12258
f 12113 12253 12256
f 12113 12110 12253
f 12251 12109 12255
f 12109 12111 12255
f 12255 12111 12254
f 12254 12111 12112
f 12108 12253 12110
f 12108 12252 12253
f 12248 12252 12108
f 12252 12248 12249
f 12250 12246 12245
f 12251 12107 12109
f 12251 12245 12107
f 12250 12245 12251
f 12105 12243 12248
f 12108 12105 12248
f 12244 12249 12248
f 12244 12248 12243
f 12247 12239 12238
f 12238 12103 12247
f 12247 12103 12246
f 12246 12103 12106
f 12246 12106 12245
f 12245 12106 12107
f 12105 12104 12243
f 12237 12104 12101
f 12242 12104 12237
f 12243 12104 12242
f 12244 12243 12242
f 12241 12242 12237
f 12241 12237 12235
f 12241 12235 12236
f 12240 12217 12216
f 12216 12098 12240
f 12240 12098 12239
f 12239 12098 12102
f 12239 12102 12238
f 12238 12102 12103
f 12101 12099 12237
f 12237 12215 12235
f 12237 12095 12215
f 12099 12095 12237
f 12215 12214 12235
f 12214 12234 12235
f 12235 12234 12236
f 12233 12234 12214
f 12233 12214 12213
f 12232 12233 12213
f 12232 12213 12212
f 12231 12232 12212
f 12231 12212 12211
f 12230 12231 12211
f 12230 12211 12210
f 12229 12230 12210
f 12229 12210 12209
f 12228 12229 12209
f 12228 12209 12208
f 12227 12228 12208
f 12227 12208 12207
f 12226 12227 12207
f 12226 12207 12206
f 12225 12226 12206
f 12225 12206 12205
f 12224 12225 12205
f 12224 12205 12204
f 12223 12224 12204
f 12223 12204 12203
f 12222 12223 12203
f 12222 12203 12202
f 12221 12222 12202
f 12221 12202 12201
f 12220 12221 12201
f 12220 12201 12200
f 12219 12220 12200
f 12219 12200 12199
f 12218 12219 12199
f 12218 12199 12198
f 12198 12075 12218
f 12218 12075 12217
f 12217 12075 12097
f 12217 12097 12216
f 12216 12097 12098
f 12095 12093 12215
f 12092 12214 12215
f 12093 12092 12215
f 12091 12213 12214
f 12092 12091 12214
f 12090 12212 12213
f 12091 12090 12213
f 12089 12211 12212
f 12090 12089 12212
f 12088 12210 12211
f 12089 12088 12211
f 12087 12209 12210
f 12088 12087 12210
f 12086 12208 12209
f 12087 12086 12209
f 12085 12207 12208
f 12086 12085 12208
f 12084 12206 12207
f 12085 12084 12207
f 12083 12205 12206
f 12084 12083 12206
f 12082 12204 12205
f 12083 12082 12205
f 12081 12203 12204
f 12082 12081 12204
f 12080 12202 12203
f 12081 12080 12203
f 12079 12201 12202
f 12080 12079 12202
f 12078 12200 12201
f 12079 12078 12201
f 12077 12199 12200
f 12078 12077 12200
f 12076 12198 12199
f 12077 12076 12199
f 12198 12076 12075
f 12190 12191 12197
f 12189 12190 12197
f 12182 12183 12196
f 12182 12196 12195
f 12181 12182 12195
f 12181 12195 12194
f 12180 12181 12194
f 12180 12194 12193
f 12179 12180 12193
f 12179 12193 12192
f 12178 12179 12192
f 12178 12190 12177
f 12178 12191 12190
f 12192 12191 12178
f 12190 12176 12177
f 12190 12188 12176
f 12189 12188 12190
f 12176 12188 12187
f 12175 12176 12187
f 12175 12187 12186
f 12174 12175 12186
f 12173 12174 12186
f 12167 12168 12185
f 12167 12185 12184
f 12166 12167 12184
f 12166 12182 12165
f 12166 12183 12182
f 12184 12183 12166
f 12164 12182 12181
f 12164 12165 12182
f 12181 12180 12164
f 12180 12052 12164
f 12164 12052 12043
f 12180 12179 12051
f 12180 12051 12052
f 12179 12178 12050
f 12179 12050 12051
f 12178 12177 12049
f 12178 12049 12050
f 12177 12176 12048
f 12177 12048 12049
f 12176 12175 12047
f 12176 12047 12048
f 12174 12163 12175
f 12163 12036 12175
f 12175 12036 12047
f 12174 12161 12163
f 12174 12172 12161
f 12173 12172 12174
f 12162 12161 12172
f 12157 12158 12171
f 12157 12171 12170
f 12156 12157 12170
f 12156 12170 12169
f 12155 12156 12169
f 12155 12167 12154
f 12155 12168 12167
f 12169 12168 12155
f 12167 12166 12154
f 12166 12046 12154
f 12154 12046 12031
f 12166 12165 12045
f 12166 12045 12046
f 12165 12164 12044
f 12165 12044 12045
f 12043 12044 12164
f 12163 12035 12036
f 12161 12153 12163
f 12153 12023 12163
f 12163 12023 12035
f 12161 12162 12152
f 12153 12161 12152
f 12147 12148 12160
f 12147 12160 12159
f 12146 12147 12159
f 12146 12157 12145
f 12146 12158 12157
f 12159 12158 12146
f 12157 12156 12145
f 12156 12034 12145
f 12145 12034 12018
f 12156 12155 12033
f 12156 12033 12034
f 12155 12154 12032
f 12155 12032 12033
f 12031 12032 12154
f 12153 12144 12010
f 12153 12010 12023
f 12153 12142 12144
f 12153 12151 12142
f 12152 12151 12153
f 12143 12142 12151
f 12138 12139 12150
f 12138 12150 12149
f 12137 12138 12149
f 12149 12007 12137
f 12148 12007 12149
f 12021 12007 12148
f 12147 12021 12148
f 12147 12146 12020
f 12147 12020 12021
f 12146 12145 12019
f 12146 12019 12020
f 12018 12019 12145
f 12144 12009 12010
f 12142 12135 12144
f 12135 12001 12144
f 12144 12001 12009
f 12142 12143 12136
f 12135 12142 12136
f 12133 12134 12141
f 12133 12141 12140
f 12132 12133 12140
f 12132 12138 12131
f 12132 12139 12138
f 12140 12139 12132
f 12138 12137 12131
f 12137 12008 12131
f 12131 12008 11996
f 12007 12008 12137
f 12135 12129 11993
f 12135 11993 12001
f 12135 12136 12130
f 12129 12135 12130
f 12134 11991 12127
f 12134 11999 11991
f 12133 11999 12134
f 12133 12132 11998
f 12133 11998 11999
f 12132 12131 11997
f 12132 11997 11998
f 11996 11997 12131
f 12129 12125 11987
f 12129 11987 11993
f 12129 12130 12126
f 12125 12129 12126
f 12123 12124 12128
f 11991 11985 12127
f 11985 12123 12127
f 12127 12123 12128
f 12125 12121 11984
f 12125 11984 11987
f 12125 12126 12122
f 12121 12125 12122
f 12124 11981 12119
f 12124 11986 11981
f 12123 11986 12124
f 11985 11986 12123
f 12121 11983 11984
f 11979 12122 12118
f 11979 12121 12122
f 11983 12121 11979
f 12117 12120 11982
f 11977 12117 11982
f 12119 11981 11982
f 12119 11982 12120
f 12118 12116 11979
f 12116 11975 11979
f 11977 12115 12117
f 11977 11973 12115
f 12116 12114 11975
f 12114 11972 11975
f 11973 12113 12115
f 11973 11970 12113
f 12114 12112 11972
f 12112 11968 11972
f 11970 12110 12113
f 11970 11966 12110
f 11967 12111 12109
f 11967 12109 11964
f 11967 11968 12112
f 12111 11967 12112
f 11966 12108 12110
f 11966 11963 12108
f 12109 12107 11964
f 12107 11961 11964
f 11963 12105 12108
f 11963 11959 12105
f 11960 12106 12103
f 11960 12103 11956
f 11960 11961 12107
f 12106 11960 12107
f 11954 12105 11959
f 11954 12104 12105
f 12100 12104 11954
f 12104 12100 12101
f 11957 12102 12098
f 11957 12098 11952
f 11957 11956 12103
f 12102 11957 12103
f 11950 12096 12100
f 11954 11950 12100
f 12096 12094 12100
f 12094 12099 12100
f 12100 12099 12101
f 12099 12094 12095
f 12097 12075 12074
f 12098 11947 11952
f 12098 12074 11947
f 12097 12074 12098
f 11950 11948 12096
f 12096 12073 12094
f 12096 11945 12073
f 11948 11945 12096
f 12073 12072 12094
f 12072 12093 12094
f 12094 12093 12095
f 12092 12093 12072
f 12092 12072 12071
f 12091 12092 12071
f 12091 12071 12070
f 12090 12091 12070
f 12090 12070 12069
f 12089 12090 12069
f 12089 12069 12068
f 12088 12089 12068
f 12088 12068 12067
f 12087 12088 12067
f 12087 12067 12066
f 12086 12087 12066
f 12086 12066 12065
f 12085 12086 12065
f 12085 12065 12064
f 12084 12085 12064
f 12084 12064 12063
f 12083 12084 12063
f 12083 12063 12062
f 12082 12083 12062
f 12082 12062 12061
f 12081 12082 12061
f 12081 12061 12060
f 12080 12081 12060
f 12080 12060 12059
f 12079 12080 12059
f 12079 12059 12058
f 12078 12079 12058
f 12078 12058 12057
f 12077 12078 12057
f 12077 12057 12056
f 12076 12077 12056
f 12076 12056 12055
f 12055 11926 12076
f 12076 11926 12075
f 12075 11926 11946
f 12075 11946 12074
f 12074 11946 11947
f 11945 11943 12073
f 11942 12072 12073
f 11943 11942 12073
f 11941 12071 12072
f 11942 11941 12072
f 11940 12070 12071
f 11941 11940 12071
f 11939 12069 12070
f 11940 11939 12070
f 11938 12068 12069
f 11939 11938 12069
f 11937 12067 12068
f 11938 11937 12068
f 11936 12066 12067
f 11937 11936 12067
f 11935 12065 12066
f 11936 11935 12066
f 11934 12064 12065
f 11935 11934 12065
f 11933 12063 12064
f 11934 11933 12064
f 11932 12062 12063
f 11933 11932 12063
f 11931 12061 12062
f 11932 11931 12062
f 11930 12060 12061
f 11931 11930 12061
f 11929 12059 12060
f 11930 11929 12060
f 11928 12058 12059
f 11929 11928 12059
f 12058 12054 12057
f 12058 11908 12054
f 11928 11908 12058
f 12056 12057 12053
f 12057 12054 12053
f 12053 12055 12056
f 12053 11927 12055
f 11904 11927 12053
f 12055 11927 11926
f 11908 11906 12054
f 11905 12053 12054
f 11906 11905 12054
f 12053 11905 11904
f 12042 12043 12052
f 12042 12052 12051
f 12041 12042 12051
f 12041 12051 12050
f 12040 12041 12050
f 12040 12050 12049
f 12039 12040 12049
f 12039 12049 12048
f 12038 12039 12048
f 12038 12048 12047
f 12037 12038 12047
f 12036 12037 12047
f 12030 12031 12046
f 12030 12046 12045
f 12029 12030 12045
f 12029 12045 12044
f 12028 12029 12044
f 12028 12042 12027
f 12028 12043 12042
f 12044 12043 12028
f 12026 12042 12041
f 12026 12027 12042
f 12041 12040 12026
f 12040 11900 12026
f 12026 11900 11895
f 12040 12039 11899
f 12040 11899 11900
f 12038 12025 12039
f 12025 11892 12039
f 12039 11892 11899
f 12024 12038 12037
f 12024 12025 12038
f 12037 12022 12024
f 12037 12035 12022
f 12036 12035 12037
f 12023 12022 12035
f 12017 12018 12034
f 12017 12034 12033
f 12016 12017 12033
f 12016 12033 12032
f 12015 12016 12032
f 12015 12030 12014
f 12015 12031 12030
f 12032 12031 12015
f 12013 12030 12029
f 12013 12014 12030
f 12029 12028 12013
f 12028 11898 12013
f 12013 11898 11886
f 12028 12027 11897
f 12028 11897 11898
f 12027 12026 11896
f 12027 11896 11897
f 11895 11896 12026
f 12025 11891 11892
f 12024 12012 12025
f 12012 11880 12025
f 12025 11880 11891
f 12011 12024 12022
f 12011 12012 12024
f 12022 12023 12010
f 12011 12022 12010
f 12006 12007 12021
f 12006 12021 12020
f 12005 12006 12020
f 12005 12020 12019
f 12004 12005 12019
f 12004 12017 12003
f 12004 12018 12017
f 12019 12018 12004
f 12017 12016 12003
f 12016 11890 12003
f 12003 11890 11874
f 12016 12015 11889
f 12016 11889 11890
f 12015 12014 11888
f 12015 11888 11889
f 12014 12013 11887
f 12014 11887 11888
f 11886 11887 12013
f 12012 11878 11880
f 12011 12002 12012
f 12002 11868 12012
f 12012 11868 11878
f 12011 12000 12002
f 12011 12009 12000
f 12010 12009 12011
f 12001 12000 12009
f 11995 11996 12008
f 11995 12006 11994
f 11995 12007 12006
f 12008 12007 11995
f 12006 12005 11994
f 12005 11877 11994
f 11994 11877 11863
f 12005 12004 11876
f 12005 11876 11877
f 12004 12003 11875
f 12004 11875 11876
f 11874 11875 12003
f 12002 11866 11868
f 12000 11992 12002
f 11992 11857 12002
f 12002 11857 11866
f 12000 12001 11993
f 11992 12000 11993
f 11990 11991 11999
f 11990 11999 11998
f 11989 11990 11998
f 11989 11998 11997
f 11988 11989 11997
f 11997 11851 11988
f 11996 11851 11997
f 11865 11851 11996
f 11995 11865 11996
f 11995 11994 11864
f 11995 11864 11865
f 11863 11864 11994
f 11992 11855 11857
f 11847 11993 11987
f 11847 11992 11993
f 11855 11992 11847
f 11991 11845 11985
f 11991 11854 11845
f 11990 11854 11991
f 11990 11989 11853
f 11990 11853 11854
f 11989 11988 11852
f 11989 11852 11853
f 11851 11852 11988
f 11987 11984 11847
f 11984 11841 11847
f 11980 11981 11986
f 11845 11838 11985
f 11838 11980 11985
f 11985 11980 11986
f 11841 11984 11836
f 11984 11983 11836
f 11836 11983 11978
f 11979 11978 11983
f 11976 11977 11982
f 11982 11833 11976
f 11981 11833 11982
f 11839 11833 11981
f 11980 11839 11981
f 11838 11839 11980
f 11978 11974 11832
f 11978 11832 11836
f 11978 11979 11975
f 11974 11978 11975
f 11977 11830 11973
f 11977 11834 11830
f 11976 11834 11977
f 11833 11834 11976
f 11974 11971 11829
f 11974 11829 11832
f 11974 11975 11972
f 11971 11974 11972
f 11831 11827 11969
f 11973 11830 11970
f 11830 11831 11970
f 11970 11831 11969
f 11971 11828 11829
f 11825 11972 11968
f 11825 11971 11972
f 11828 11971 11825
f 11822 11965 11969
f 11827 11822 11969
f 11966 11970 11969
f 11966 11969 11965
f 11824 11967 11964
f 11824 11964 11821
f 11824 11825 11968
f 11967 11824 11968
f 11820 11962 11965
f 11822 11820 11965
f 11963 11966 11965
f 11963 11965 11962
f 11964 11961 11821
f 11961 11819 11821
f 11818 11958 11962
f 11820 11818 11962
f 11959 11963 11962
f 11959 11962 11958
f 11960 11956 11955
f 11961 11817 11819
f 11961 11955 11817
f 11960 11955 11961
f 11815 11953 11958
f 11818 11815 11958
f 11954 11959 11958
f 11954 11958 11953
f 11957 11952 11951
f 11951 11813 11957
f 11957 11813 11956
f 11956 11813 11816
f 11956 11816 11955
f 11955 11816 11817
f 11811 11949 11953
f 11815 11811 11953
f 11950 11954 11953
f 11950 11953 11949
f 11947 11809 11952
f 11809 11814 11952
f 11952 11814 11951
f 11951 11814 11813
f 11811 11810 11949
f 11944 11810 11807
f 11948 11810 11944
f 11949 11810 11948
f 11950 11949 11948
f 11948 11944 11945
f 11946 11926 11925
f 11947 11804 11809
f 11947 11925 11804
f 11946 11925 11947
f 11802 11924 11944
f 11807 11802 11944
f 11924 11923 11944
f 11923 11943 11944
f 11944 11943 11945
f 11942 11943 11923
f 11942 11923 11922
f 11941 11942 11922
f 11941 11922 11921
f 11940 11941 11921
f 11940 11921 11920
f 11939 11940 11920
f 11939 11920 11919
f 11938 11939 11919
f 11938 11919 11918
f 11937 11938 11918
f 11937 11918 11917
f 11936 11937 11917
f 11936 11917 11916
f 11935 11936 11916
f 11935 11916 11915
f 11934 11935 11915
f 11934 11915 11914
f 11933 11934 11914
f 11933 11914 11913
f 11932 11933 11913
f 11932 11913 11912
f 11931 11932 11912
f 11931 11912 11911
f 11930 11931 11911
f 11930 11911 11910
f 11929 11930 11910
f 11929 11910 11909
f 11928 11929 11909
f 11928 11909 11907
f 11928 11907 11908
f 11927 11904 11903
f 11903 11783 11927
f 11927 11783 11926
f 11926 11783 11805
f 11926 11805 11925
f 11925 11805 11804
f 11802 11800 11924
f 11799 11923 11924
f 11800 11799 11924
f 11798 11922 11923
f 11799 11798 11923
f 11797 11921 11922
f 11798 11797 11922
f 11796 11920 11921
f 11797 11796 11921
f 11795 11919 11920
f 11796 11795 11920
f 11794 11918 11919
f 11795 11794 11919
f 11793 11917 11918
f 11794 11793 11918
f 11792 11916 11917
f 11793 11792 11917
f 11791 11915 11916
f 11792 11791 11916
f 11790 11914 11915
f 11791 11790 11915
f 11789 11913 11914
f 11790 11789 11914
f 11788 11912 11913
f 11789 11788 11913
f 11787 11911 11912
f 11788 11787 11912
f 11786 11910 11911
f 11787 11786 11911
f 11785 11909 11910
f 11786 11785 11910
f 11909 11902 11907
f 11909 11766 11902
f 11785 11766 11909
f 11902 11901 11907
f 11901 11906 11907
f 11907 11906 11908
f 11905 11906 11784
f 11906 11901 11784
f 11784 11901 11762
f 11782 11905 11784
f 11782 11904 11905
f 11903 11904 11782
f 11903 11782 11783
f 11766 11764 11902
f 11763 11901 11902
f 11764 11763 11902
f 11901 11763 11762
f 11894 11895 11900
f 11894 11900 11899
f 11893 11894 11899
f 11892 11893 11899
f 11885 11886 11898
f 11885 11898 11897
f 11884 11885 11897
f 11884 11897 11896
f 11883 11884 11896
f 11883 11894 11882
f 11883 11895 11894
f 11896 11895 11883
f 11881 11894 11893
f 11881 11882 11894
f 11893 11879 11881
f 11893 11891 11879
f 11892 11891 11893
f 11880 11879 11891
f 11873 11874 11890
f 11873 11890 11889
f 11872 11873 11889
f 11872 11889 11888
f 11871 11872 11888
f 11871 11888 11887
f 11870 11871 11887
f 11870 11885 11869
f 11870 11886 11885
f 11887 11886 11870
f 11885 11884 11869
f 11884 11758 11869
f 11869 11758 11750
f 11884 11883 11757
f 11884 11757 11758
f 11883 11882 11756
f 11883 11756 11757
f 11882 11881 11755
f 11882 11755 11756
f 11881 11879 11754
f 11881 11754 11755
f 11744 11754 11867
f 11867 11754 11878
f 11878 11754 11879
f 11878 11879 11880
f 11868 11867 11878
f 11862 11863 11877
f 11862 11877 11876
f 11861 11862 11876
f 11861 11876 11875
f 11860 11861 11875
f 11860 11873 11859
f 11860 11874 11873
f 11875 11874 11860
f 11858 11873 11872
f 11858 11859 11873
f 11872 11871 11858
f 11871 11753 11858
f 11858 11753 11738
f 11871 11870 11752
f 11871 11752 11753
f 11870 11869 11751
f 11870 11751 11752
f 11750 11751 11869
f 11867 11743 11744
f 11730 11743 11856
f 11856 11743 11866
f 11866 11743 11867
f 11866 11867 11868
f 11857 11856 11866
f 11850 11851 11865
f 11850 11865 11864
f 11849 11850 11864
f 11849 11862 11848
f 11849 11863 11862
f 11864 11863 11849
f 11862 11861 11848
f 11861 11742 11848
f 11848 11742 11725
f 11861 11860 11741
f 11861 11741 11742
f 11860 11859 11740
f 11860 11740 11741
f 11859 11858 11739
f 11859 11739 11740
f 11738 11739 11858
f 11856 11729 11730
f 11718 11729 11846
f 11846 11729 11855
f 11855 11729 11856
f 11855 11856 11857
f 11847 11846 11855
f 11844 11845 11854
f 11844 11854 11853
f 11843 11844 11853
f 11843 11853 11852
f 11842 11843 11852
f 11852 11714 11842
f 11851 11714 11852
f 11728 11714 11851
f 11850 11728 11851
f 11850 11849 11727
f 11850 11727 11728
f 11849 11848 11726
f 11849 11726 11727
f 11725 11726 11848
f 11846 11840 11708
f 11846 11708 11718
f 11846 11847 11841
f 11840 11846 11841
f 11845 11844 11837
f 11838 11845 11837
f 11844 11843 11837
f 11843 11716 11837
f 11837 11716 11704
f 11843 11842 11715
f 11843 11715 11716
f 11714 11715 11842
f 11840 11835 11700
f 11840 11700 11708
f 11840 11841 11836
f 11835 11840 11836
f 11833 11839 11706
f 11697 11833 11706
f 11706 11839 11705
f 11839 11838 11705
f 11705 11838 11837
f 11704 11705 11837
f 11835 11699 11700
f 11694 11836 11832
f 11694 11835 11836
f 11699 11835 11694
f 11830 11834 11698
f 11692 11830 11698
f 11833 11697 11698
f 11833 11698 11834
f 11832 11829 11694
f 11829 11690 11694
f 11826 11827 11831
f 11692 11687 11830
f 11687 11826 11830
f 11830 11826 11831
f 11690 11829 11686
f 11829 11828 11686
f 11686 11828 11823
f 11825 11823 11828
f 11827 11685 11822
f 11827 11688 11685
f 11826 11688 11827
f 11687 11688 11826
f 11684 11686 11821
f 11686 11823 11821
f 11821 11823 11824
f 11824 11823 11825
f 11685 11820 11822
f 11685 11683 11820
f 11821 11819 11684
f 11819 11682 11684
f 11683 11818 11820
f 11683 11681 11818
f 11819 11817 11682
f 11817 11680 11682
f 11681 11815 11818
f 11681 11679 11815
f 11816 11813 11812
f 11817 11678 11680
f 11817 11812 11678
f 11816 11812 11817
f 11679 11811 11815
f 11679 11676 11811
f 11814 11809 11808
f 11808 11675 11814
f 11814 11675 11813
f 11813 11675 11677
f 11813 11677 11812
f 11812 11677 11678
f 11674 11811 11676
f 11674 11810 11811
f 11806 11810 11674
f 11810 11806 11807
f 11803 11808 11809
f 11803 11809 11804
f 11803 11672 11675
f 11808 11803 11675
f 11670 11801 11806
f 11674 11670 11806
f 11802 11807 11806
f 11802 11806 11801
f 11673 11805 11783
f 11673 11783 11667
f 11671 11805 11673
f 11671 11804 11805
f 11803 11804 11671
f 11803 11671 11672
f 11670 11669 11801
f 11781 11669 11665
f 11800 11669 11781
f 11801 11669 11800
f 11802 11801 11800
f 11799 11800 11781
f 11799 11781 11780
f 11798 11799 11780
f 11798 11780 11779
f 11797 11798 11779
f 11797 11779 11778
f 11796 11797 11778
f 11796 11778 11777
f 11795 11796 11777
f 11795 11777 11776
f 11794 11795 11776
f 11794 11776 11775
f 11793 11794 11775
f 11793 11775 11774
f 11792 11793 11774
f 11792 11774 11773
f 11791 11792 11773
f 11791 11773 11772
f 11790 11791 11772
f 11790 11772 11771
f 11789 11790 11771
f 11789 11771 11770
f 11788 11789 11770
f 11788 11770 11769
f 11787 11788 11769
f 11787 11769 11768
f 11786 11787 11768
f 11786 11768 11767
f 11785 11786 11767
f 11785 11767 11765
f 11785 11765 11766
f 11784 11762 11761
f 11782 11784 11668
f 11784 11761 11668
f 11668 11761 11646
f 11668 11667 11783
f 11782 11668 11783
f 11665 11663 11781
f 11662 11780 11781
f 11663 11662 11781
f 11661 11779 11780
f 11662 11661 11780
f 11660 11778 11779
f 11661 11660 11779
f 11659 11777 11778
f 11660 11659 11778
f 11658 11776 11777
f 11659 11658 11777
f 11657 11775 11776
f 11658 11657 11776
f 11656 11774 11775
f 11657 11656 11775
f 11655 11773 11774
f 11656 11655 11774
f 11654 11772 11773
f 11655 11654 11773
f 11653 11771 11772
f 11654 11653 11772
f 11652 11770 11771
f 11653 11652 11771
f 11651 11769 11770
f 11652 11651 11770
f 11650 11768 11769
f 11651 11650 11769
f 11649 11767 11768
f 11650 11649 11768
f 11648 11765 11767
f 11649 11648 11767
f 11760 11648 11629
f 11764 11648 11760
f 11765 11648 11764
f 11766 11765 11764
f 11763 11764 11760
f 11763 11760 11759
f 11759 11625 11763
f 11763 11625 11762
f 11762 11625 11647
f 11762 11647 11761
f 11761 11647 11646
f 11629 11627 11760
f 11626 11759 11760
f 11627 11626 11760
f 11759 11626 11625
f 11749 11750 11758
f 11749 11758 11757
f 11748 11749 11757
f 11748 11757 11756
f 11747 11748 11756
f 11747 11756 11755
f 11746 11747 11755
f 11746 11755 11754
f 11745 11746 11754
f 11744 11745 11754
f 11737 11738 11753
f 11737 11753 11752
f 11736 11737 11752
f 11736 11752 11751
f 11735 11736 11751
f 11735 11749 11734
f 11735 11750 11749
f 11751 11750 11735
f 11749 11748 11734
f 11748 11623 11734
f 11734 11623 11618
f 11748 11747 11622
f 11748 11622 11623
f 11746 11733 11747
f 11733 11615 11747
f 11747 11615 11622
f 11732 11746 11745
f 11732 11733 11746
f 11745 11731 11732
f 11745 11743 11731
f 11744 11743 11745
f 11730 11731 11743
f 11724 11725 11742
f 11724 11742 11741
f 11723 11724 11741
f 11723 11741 11740
f 11722 11723 11740
f 11722 11740 11739
f 11721 11722 11739
f 11721 11737 11720
f 11721 11738 11737
f 11739 11738 11721
f 11737 11736 11720
f 11736 11621 11720
f 11720 11621 11609
f 11736 11735 11620
f 11736 11620 11621
f 11735 11734 11619
f 11735 11619 11620
f 11618 11619 11734
f 11733 11614 11615
f 11733 11732 11613
f 11733 11613 11614
f 11731 11719 11732
f 11719 11601 11732
f 11732 11601 11613
f 11731 11717 11719
f 11731 11729 11717
f 11730 11729 11731
f 11718 11717 11729
f 11713 11714 11728
f 11713 11728 11727
f 11712 11713 11727
f 11712 11727 11726
f 11711 11712 11726
f 11711 11724 11710
f 11711 11725 11724
f 11726 11725 11711
f 11709 11724 11723
f 11709 11710 11724
f 11723 11722 11709
f 11722 11612 11709
f 11709 11612 11595
f 11722 11721 11611
f 11722 11611 11612
f 11721 11720 11610
f 11721 11610 11611
f 11609 11610 11720
f 11719 11600 11601
f 11717 11707 11719
f 11707 11589 11719
f 11719 11589 11600
f 11717 11718 11708
f 11707 11717 11708
f 11703 11704 11716
f 11703 11716 11715
f 11702 11703 11715
f 11702 11713 11701
f 11702 11714 11713
f 11715 11714 11702
f 11713 11712 11701
f 11712 11599 11701
f 11701 11599 11583
f 11712 11711 11598
f 11712 11598 11599
f 11711 11710 11597
f 11711 11597 11598
f 11710 11709 11596
f 11710 11596 11597
f 11595 11596 11709
f 11707 11587 11589
f 11577 11708 11700
f 11577 11707 11708
f 11587 11707 11577
f 11696 11697 11706
f 11696 11706 11705
f 11695 11696 11705
f 11705 11573 11695
f 11704 11573 11705
f 11586 11573 11704
f 11703 11586 11704
f 11703 11702 11585
f 11703 11585 11586
f 11702 11701 11584
f 11702 11584 11585
f 11583 11584 11701
f 11577 11700 11568
f 11700 11699 11568
f 11568 11699 11693
f 11694 11693 11699
f 11691 11692 11698
f 11698 11565 11691
f 11697 11565 11698
f 11575 11565 11697
f 11696 11575 11697
f 11696 11695 11574
f 11696 11574 11575
f 11573 11574 11695
f 11693 11689 11561
f 11693 11561 11568
f 11693 11694 11690
f 11689 11693 11690
f 11692 11558 11687
f 11692 11566 11558
f 11691 11566 11692
f 11565 11566 11691
f 11689 11560 11561
f 11556 11690 11686
f 11556 11689 11690
f 11560 11689 11556
f 11685 11688 11559
f 11554 11685 11559
f 11687 11558 11559
f 11687 11559 11688
f 11686 11684 11556
f 11684 11552 11556
f 11554 11683 11685
f 11554 11550 11683
f 11684 11682 11552
f 11682 11549 11552
f 11550 11681 11683
f 11550 11547 11681
f 11682 11680 11549
f 11680 11546 11549
f 11547 11679 11681
f 11547 11545 11679
f 11680 11678 11546
f 11678 11543 11546
f 11545 11676 11679
f 11545 11541 11676
f 11542 11677 11675
f 11542 11675 11539
f 11542 11543 11678
f 11677 11542 11678
f 11541 11674 11676
f 11541 11538 11674
f 11675 11672 11539
f 11672 11537 11539
f 11538 11670 11674
f 11538 11535 11670
f 11673 11667 11666
f 11671 11673 11536
f 11673 11666 11536
f 11536 11666 11533
f 11536 11537 11672
f 11671 11536 11672
f 11531 11670 11535
f 11531 11669 11670
f 11664 11669 11531
f 11669 11664 11665
f 11668 11646 11645
f 11645 11528 11668
f 11668 11528 11667
f 11667 11528 11534
f 11667 11534 11666
f 11666 11534 11533
f 11531 11530 11664
f 11644 11530 11526
f 11663 11530 11644
f 11664 11530 11663
f 11665 11664 11663
f 11662 11663 11644
f 11662 11644 11643
f 11661 11662 11643
f 11661 11643 11642
f 11660 11661 11642
f 11660 11642 11641
f 11659 11660 11641
f 11659 11641 11640
f 11658 11659 11640
f 11658 11640 11639
f 11657 11658 11639
f 11657 11639 11638
f 11656 11657 11638
f 11656 11638 11637
f 11655 11656 11637
f 11655 11637 11636
f 11654 11655 11636
f 11654 11636 11635
f 11653 11654 11635
f 11653 11635 11634
f 11652 11653 11634
f 11652 11634 11633
f 11651 11652 11633
f 11651 11633 11632
f 11650 11651 11632
f 11650 11632 11631
f 11649 11650 11631
f 11649 11631 11630
f 11648 11649 11630
f 11648 11630 11628
f 11648 11628 11629
f 11647 11625 11624
f 11624 11506 11647
f 11647 11506 11646
f 11646 11506 11529
f 11646 11529 11645
f 11645 11529 11528
f 11526 11524 11644
f 11523 11643 11644
f 11524 11523 11644
f 11522 11642 11643
f 11523 11522 11643
f 11521 11641 11642
f 11522 11521 11642
f 11520 11640 11641
f 11521 11520 11641
f 11519 11639 11640
f 11520 11519 11640
f 11518 11638 11639
f 11519 11518 11639
f 11517 11637 11638
f 11518 11517 11638
f 11516 11636 11637
f 11517 11516 11637
f 11515 11635 11636
f 11516 11515 11636
f 11514 11634 11635
f 11515 11514 11635
f 11513 11633 11634
f 11514 11513 11634
f 11512 11632 11633
f 11513 11512 11633
f 11511 11631 11632
f 11512 11511 11632
f 11510 11630 11631
f 11511 11510 11631
f 11509 11628 11630
f 11510 11509 11630
f 11627 11509 11508
f 11627 11628 11509
f 11629 11628 11627
f 11627 11507 11626
f 11627 11508 11507
f 11505 11626 11507
f 11505 11625 11626
f 11624 11625 11505
f 11624 11505 11506
f 11617 11618 11623
f 11617 11623 11622
f 11616 11617 11622
f 11615 11616 11622
f 11608 11609 11621
f 11608 11621 11620
f 11607 11608 11620
f 11607 11620 11619
f 11606 11607 11619
f 11606 11617 11605
f 11606 11618 11617
f 11619 11618 11606
f 11604 11617 11616
f 11604 11605 11617
f 11616 11603 11604
f 11616 11614 11603
f 11615 11614 11616
f 11603 11614 11613
f 11602 11603 11613
f 11601 11602 11613
f 11594 11595 11612
f 11594 11612 11611
f 11593 11594 11611
f 11593 11611 11610
f 11592 11593 11610
f 11592 11608 11591
f 11592 11609 11608
f 11610 11609 11592
f 11608 11607 11591
f 11607 11490 11591
f 11591 11490 11482
f 11607 11606 11489
f 11607 11489 11490
f 11606 11605 11488
f 11606 11488 11489
f 11605 11604 11487
f 11605 11487 11488
f 11604 11603 11486
f 11604 11486 11487
f 11602 11590 11603
f 11590 11476 11603
f 11603 11476 11486
f 11602 11588 11590
f 11602 11600 11588
f 11601 11600 11602
f 11589 11588 11600
f 11582 11583 11599
f 11582 11599 11598
f 11581 11582 11598
f 11581 11598 11597
f 11580 11581 11597
f 11580 11597 11596
f 11579 11580 11596
f 11579 11594 11578
f 11579 11595 11594
f 11596 11595 11579
f 11594 11593 11578
f 11593 11485 11578
f 11578 11485 11469
f 11593 11592 11484
f 11593 11484 11485
f 11592 11591 11483
f 11592 11483 11484
f 11482 11483 11591
f 11590 11475 11476
f 11590 11588 11474
f 11590 11474 11475
f 11461 11474 11576
f 11576 11474 11587
f 11587 11474 11588
f 11587 11588 11589
f 11577 11576 11587
f 11572 11573 11586
f 11572 11586 11585
f 11571 11572 11585
f 11571 11585 11584
f 11570 11571 11584
f 11570 11582 11569
f 11570 11583 11582
f 11584 11583 11570
f 11582 11581 11569
f 11581 11473 11569
f 11569 11473 11456
f 11581 11580 11472
f 11581 11472 11473
f 11580 11579 11471
f 11580 11471 11472
f 11579 11578 11470
f 11579 11470 11471
f 11469 11470 11578
f 11576 11567 11452
f 11576 11452 11461
f 11576 11577 11568
f 11567 11576 11568
f 11564 11565 11575
f 11564 11575 11574
f 11563 11564 11574
f 11563 11572 11562
f 11563 11573 11572
f 11574 11573 11563
f 11572 11571 11562
f 11571 11459 11562
f 11562 11459 11446
f 11571 11570 11458
f 11571 11458 11459
f 11570 11569 11457
f 11570 11457 11458
f 11456 11457 11569
f 11567 11450 11452
f 11442 11568 11561
f 11442 11567 11568
f 11450 11567 11442
f 11557 11558 11566
f 11566 11439 11557
f 11565 11439 11566
f 11449 11439 11565
f 11564 11449 11565
f 11564 11563 11448
f 11564 11448 11449
f 11563 11562 11447
f 11563 11447 11448
f 11446 11447 11562
f 11442 11561 11435
f 11561 11560 11435
f 11435 11560 11555
f 11556 11555 11560
f 11553 11554 11559
f 11559 11432 11553
f 11558 11432 11559
f 11440 11432 11558
f 11557 11440 11558
f 11439 11440 11557
f 11555 11551 11430
f 11555 11430 11435
f 11555 11556 11552
f 11551 11555 11552
f 11554 11429 11550
f 11554 11433 11429
f 11553 11433 11554
f 11432 11433 11553
f 11551 11548 11428
f 11551 11428 11430
f 11551 11552 11549
f 11548 11551 11549
f 11429 11547 11550
f 11429 11425 11547
f 11548 11427 11428
f 11424 11549 11546
f 11424 11548 11549
f 11427 11548 11424
f 11426 11422 11544
f 11547 11425 11545
f 11425 11426 11545
f 11545 11426 11544
f 11546 11543 11424
f 11543 11421 11424
f 11418 11540 11544
f 11422 11418 11544
f 11541 11545 11544
f 11541 11544 11540
f 11420 11542 11539
f 11420 11539 11416
f 11420 11421 11543
f 11542 11420 11543
f 11418 11417 11540
f 11538 11541 11415
f 11541 11540 11415
f 11415 11540 11417
f 11539 11537 11416
f 11537 11413 11416
f 11415 11535 11538
f 11415 11412 11535
f 11536 11533 11532
f 11537 11410 11413
f 11537 11532 11410
f 11536 11532 11537
f 11412 11531 11535
f 11412 11408 11531
f 11534 11528 11527
f 11527 11405 11534
f 11534 11405 11533
f 11533 11405 11409
f 11533 11409 11532
f 11532 11409 11410
f 11403 11531 11408
f 11403 11530 11531
f 11525 11530 11403
f 11530 11525 11526
f 11406 11529 11506
f 11406 11506 11395
f 11404 11529 11406
f 11404 11528 11529
f 11527 11528 11404
f 11527 11404 11405
f 11403 11401 11525
f 11504 11401 11393
f 11524 11401 11504
f 11525 11401 11524
f 11526 11525 11524
f 11523 11524 11504
f 11523 11504 11503
f 11522 11523 11400
f 11523 11503 11400
f 11400 11503 11389
f 11522 11399 11521
f 11522 11400 11399
f 11521 11398 11520
f 11521 11399 11398
f 11520 11397 11519
f 11520 11398 11397
f 11519 11396 11518
f 11519 11397 11396
f 11518 11396 11517
f 11396 11384 11517
f 11517 11384 11502
f 11516 11517 11502
f 11516 11502 11501
f 11515 11516 11501
f 11515 11501 11500
f 11514 11515 11500
f 11514 11500 11499
f 11513 11514 11499
f 11513 11499 11498
f 11512 11513 11498
f 11512 11498 11497
f 11511 11512 11497
f 11511 11497 11496
f 11510 11511 11496
f 11510 11496 11495
f 11509 11510 11495
f 11509 11495 11494
f 11508 11509 11494
f 11508 11494 11493
f 11507 11508 11493
f 11507 11493 11492
f 11505 11507 11492
f 11505 11492 11491
f 11506 11371 11395
f 11506 11491 11371
f 11505 11491 11506
f 11393 11391 11504
f 11390 11503 11504
f 11391 11390 11504
f 11503 11390 11389
f 11384 11382 11502
f 11381 11501 11502
f 11382 11381 11502
f 11380 11500 11501
f 11381 11380 11501
f 11379 11499 11500
f 11380 11379 11500
f 11378 11498 11499
f 11379 11378 11499
f 11377 11497 11498
f 11378 11377 11498
f 11376 11496 11497
f 11377 11376 11497
f 11375 11495 11496
f 11376 11375 11496
f 11374 11494 11495
f 11375 11374 11495
f 11373 11493 11494
f 11374 11373 11494
f 11372 11492 11493
f 11373 11372 11493
f 11370 11491 11492
f 11372 11370 11492
f 11491 11370 11371
f 11481 11482 11490
f 11481 11490 11489
f 11480 11481 11489
f 11480 11489 11488
f 11479 11480 11488
f 11479 11488 11487
f 11478 11479 11487
f 11478 11487 11486
f 11477 11478 11486
f 11476 11477 11486
f 11468 11469 11485
f 11468 11485 11484
f 11467 11468 11484
f 11467 11484 11483
f 11466 11467 11483
f 11466 11481 11465
f 11466 11482 11481
f 11483 11482 11466
f 11464 11481 11480
f 11464 11465 11481
f 11480 11479 11464
f 11479 11363 11464
f 11464 11363 11355
f 11479 11478 11362
f 11479 11362 11363
f 11477 11463 11478
f 11463 11353 11478
f 11478 11353 11362
f 11477 11462 11463
f 11477 11475 11462
f 11476 11475 11477
f 11462 11475 11474
f 11460 11462 11474
f 11461 11460 11474
f 11455 11456 11473
f 11455 11473 11472
f 11454 11455 11472
f 11454 11472 11471
f 11453 11454 11471
f 11361 11471 11470
f 11361 11453 11471
f 11346 11453 11361
f 11361 11470 11360
f 11470 11469 11360
f 11360 11469 11468
f 11468 11467 11359
f 11468 11359 11360
f 11467 11466 11358
f 11467 11358 11359
f 11466 11465 11357
f 11466 11357 11358
f 11465 11464 11356
f 11465 11356 11357
f 11355 11356 11464
f 11463 11351 11353
f 11463 11462 11350
f 11463 11350 11351
f 11460 11451 11462
f 11451 11339 11462
f 11462 11339 11350
f 11460 11461 11452
f 11451 11460 11452
f 11445 11446 11459
f 11445 11459 11458
f 11444 11445 11458
f 11444 11458 11457
f 11443 11444 11457
f 11457 11333 11443
f 11456 11333 11457
f 11349 11333 11456
f 11455 11349 11456
f 11455 11454 11348
f 11455 11348 11349
f 11454 11453 11347
f 11454 11347 11348
f 11346 11347 11453
f 11451 11337 11339
f 11330 11337 11441
f 11441 11337 11450
f 11450 11337 11451
f 11450 11451 11452
f 11442 11441 11450
f 11438 11439 11449
f 11438 11449 11448
f 11437 11438 11448
f 11437 11448 11447
f 11436 11437 11447
f 11447 11325 11436
f 11446 11325 11447
f 11336 11325 11446
f 11445 11336 11446
f 11445 11444 11335
f 11445 11335 11336
f 11444 11443 11334
f 11444 11334 11335
f 11333 11334 11443
f 11441 11434 11321
f 11441 11321 11330
f 11441 11442 11435
f 11434 11441 11435
f 11431 11432 11440
f 11440 11316 11431
f 11439 11316 11440
f 11328 11316 11439
f 11438 11328 11439
f 11438 11437 11327
f 11438 11327 11328
f 11437 11436 11326
f 11437 11326 11327
f 11325 11326 11436
f 11434 11319 11321
f 11312 11435 11430
f 11312 11434 11435
f 11319 11434 11312
f 11429 11433 11318
f 11310 11429 11318
f 11318 11433 11317
f 11433 11432 11317
f 11317 11432 11431
f 11316 11317 11431
f 11430 11428 11312
f 11428 11308 11312
f 11310 11425 11429
f 11310 11305 11425
f 11308 11428 11304
f 11428 11427 11304
f 11304 11427 11423
f 11424 11423 11427
f 11422 11426 11306
f 11302 11422 11306
f 11425 11305 11306
f 11425 11306 11426
f 11423 11419 11300
f 11423 11300 11304
f 11423 11424 11421
f 11419 11423 11421
f 11302 11418 11422
f 11302 11299 11418
f 11298 11300 11416
f 11300 11419 11416
f 11416 11419 11420
f 11420 11419 11421
f 11297 11418 11299
f 11297 11417 11418
f 11414 11417 11297
f 11417 11414 11415
f 11416 11413 11298
f 11413 11296 11298
f 11295 11411 11414
f 11297 11295 11414
f 11412 11415 11414
f 11412 11414 11411
f 11413 11410 11296
f 11410 11294 11296
f 11292 11407 11411
f 11295 11292 11411
f 11408 11412 11411
f 11408 11411 11407
f 11293 11409 11405
f 11293 11405 11291
f 11293 11294 11410
f 11409 11293 11410
f 11289 11402 11407
f 11292 11289 11407
f 11403 11408 11407
f 11403 11407 11402
f 11406 11395 11394
f 11404 11406 11290
f 11406 11394 11290
f 11290 11394 11287
f 11290 11291 11405
f 11404 11290 11405
f 11289 11288 11402
f 11392 11288 11285
f 11401 11288 11392
f 11402 11288 11401
f 11403 11402 11401
f 11401 11392 11393
f 11400 11389 11388
f 11399 11400 11388
f 11399 11388 11387
f 11398 11399 11387
f 11398 11387 11386
f 11397 11398 11386
f 11397 11386 11385
f 11396 11397 11385
f 11396 11385 11383
f 11396 11383 11384
f 11371 11269 11395
f 11269 11286 11395
f 11395 11286 11394
f 11394 11286 11287
f 11285 11283 11392
f 11391 11283 11282
f 11391 11392 11283
f 11393 11392 11391
f 11391 11281 11390
f 11391 11282 11281
f 11280 11390 11281
f 11280 11389 11390
f 11388 11389 11280
f 11279 11387 11388
f 11280 11279 11388
f 11278 11386 11387
f 11279 11278 11387
f 11277 11385 11386
f 11278 11277 11386
f 11276 11383 11385
f 11277 11276 11385
f 11382 11276 11275
f 11382 11383 11276
f 11384 11383 11382
f 11382 11274 11381
f 11382 11275 11274
f 11381 11273 11380
f 11381 11274 11273
f 11380 11272 11379
f 11380 11273 11272
f 11379 11272 11378
f 11272 11256 11378
f 11378 11256 11369
f 11377 11378 11369
f 11377 11369 11368
f 11376 11377 11368
f 11376 11368 11367
f 11375 11376 11367
f 11375 11367 11366
f 11374 11375 11366
f 11374 11366 11365
f 11373 11374 11365
f 11373 11365 11364
f 11372 11373 11271
f 11373 11364 11271
f 11271 11364 11248
f 11372 11270 11370
f 11372 11271 11270
f 11270 11269 11371
f 11370 11270 11371
f 11256 11254 11369
f 11253 11368 11369
f 11254 11253 11369
f 11252 11367 11368
f 11253 11252 11368
f 11251 11366 11367
f 11252 11251 11367
f 11250 11365 11366
f 11251 11250 11366
f 11249 11364 11365
f 11250 11249 11365
f 11364 11249 11248
f 11354 11355 11363
f 11354 11363 11362
f 11352 11354 11362
f 11353 11352 11362
f 11345 11346 11361
f 11345 11361 11360
f 11344 11345 11360
f 11344 11360 11359
f 11343 11344 11359
f 11343 11359 11358
f 11342 11343 11358
f 11342 11358 11357
f 11341 11342 11357
f 11241 11357 11356
f 11241 11341 11357
f 11232 11341 11241
f 11241 11356 11240
f 11356 11355 11240
f 11240 11355 11354
f 11354 11352 11239
f 11354 11239 11240
f 11228 11239 11340
f 11340 11239 11351
f 11351 11239 11352
f 11351 11352 11353
f 11340 11351 11350
f 11338 11340 11350
f 11339 11338 11350
f 11332 11333 11349
f 11332 11349 11348
f 11331 11332 11348
f 11238 11348 11347
f 11238 11331 11348
f 11223 11331 11238
f 11238 11347 11237
f 11347 11346 11237
f 11237 11346 11345
f 11345 11344 11236
f 11345 11236 11237
f 11344 11343 11235
f 11344 11235 11236
f 11343 11342 11234
f 11343 11234 11235
f 11342 11341 11233
f 11342 11233 11234
f 11232 11233 11341
f 11340 11227 11228
f 11340 11338 11226
f 11340 11226 11227
f 11215 11226 11329
f 11329 11226 11337
f 11337 11226 11338
f 11337 11338 11339
f 11330 11329 11337
f 11324 11325 11336
f 11324 11336 11335
f 11323 11324 11335
f 11323 11335 11334
f 11322 11323 11334
f 11334 11210 11322
f 11333 11210 11334
f 11225 11210 11333
f 11332 11225 11333
f 11332 11331 11224
f 11332 11224 11225
f 11223 11224 11331
f 11329 11320 11207
f 11329 11207 11215
f 11329 11330 11321
f 11320 11329 11321
f 11315 11316 11328
f 11315 11328 11327
f 11314 11315 11327
f 11314 11327 11326
f 11313 11314 11326
f 11326 11200 11313
f 11325 11200 11326
f 11213 11200 11325
f 11324 11213 11325
f 11324 11323 11212
f 11324 11212 11213
f 11323 11322 11211
f 11323 11211 11212
f 11210 11211 11322
f 11320 11205 11207
f 11196 11205 11311
f 11311 11205 11319
f 11319 11205 11320
f 11319 11320 11321
f 11312 11311 11319
f 11309 11310 11318
f 11204 11318 11317
f 11204 11309 11318
f 11193 11309 11204
f 11204 11317 11203
f 11317 11316 11203
f 11203 11316 11315
f 11315 11314 11202
f 11315 11202 11203
f 11314 11313 11201
f 11314 11201 11202
f 11200 11201 11313
f 11311 11307 11189
f 11311 11189 11196
f 11311 11312 11308
f 11307 11311 11308
f 11310 11188 11305
f 11310 11194 11188
f 11309 11194 11310
f 11193 11194 11309
f 11307 11303 11186
f 11307 11186 11189
f 11307 11308 11304
f 11303 11307 11304
f 11301 11302 11306
f 11188 11183 11305
f 11183 11301 11305
f 11305 11301 11306
f 11303 11185 11186
f 11182 11304 11300
f 11182 11303 11304
f 11185 11303 11182
f 11302 11180 11299
f 11302 11184 11180
f 11301 11184 11302
f 11183 11184 11301
f 11300 11298 11182
f 11298 11179 11182
f 11180 11297 11299
f 11180 11177 11297
f 11298 11296 11179
f 11296 11176 11179
f 11177 11295 11297
f 11177 11174 11295
f 11296 11294 11176
f 11294 11173 11176
f 11174 11292 11295
f 11174 11171 11292
f 11172 11293 11291
f 11172 11291 11170
f 11172 11173 11294
f 11293 11172 11294
f 11171 11289 11292
f 11171 11168 11289
f 11169 11290 11287
f 11169 11287 11167
f 11169 11170 11291
f 11290 11169 11291
f 11165 11289 11168
f 11165 11288 11289
f 11284 11288 11165
f 11288 11284 11285
f 11286 11269 11268
f 11287 11163 11167
f 11287 11268 11163
f 11286 11268 11287
f 11165 11164 11284
f 11267 11164 11161
f 11283 11164 11267
f 11284 11164 11283
f 11285 11284 11283
f 11282 11283 11267
f 11282 11267 11266
f 11281 11282 11266
f 11281 11266 11265
f 11280 11281 11265
f 11280 11265 11264
f 11279 11280 11264
f 11279 11264 11263
f 11278 11279 11263
f 11278 11263 11262
f 11277 11278 11262
f 11277 11262 11261
f 11276 11277 11261
f 11276 11261 11260
f 11275 11276 11260
f 11275 11260 11259
f 11274 11275 11259
f 11274 11259 11258
f 11273 11274 11258
f 11273 11258 11257
f 11272 11273 11257
f 11272 11257 11255
f 11272 11255 11256
f 11271 11248 11247
f 11270 11271 11247
f 11270 11247 11246
f 11246 11143 11270
f 11270 11143 11269
f 11269 11143 11162
f 11269 11162 11268
f 11268 11162 11163
f 11161 11159 11267
f 11158 11266 11267
f 11159 11158 11267
f 11157 11265 11266
f 11158 11157 11266
f 11156 11264 11265
f 11157 11156 11265
f 11155 11263 11264
f 11156 11155 11264
f 11154 11262 11263
f 11155 11154 11263
f 11153 11261 11262
f 11154 11153 11262
f 11152 11260 11261
f 11153 11152 11261
f 11151 11259 11260
f 11152 11151 11260
f 11150 11258 11259
f 11151 11150 11259
f 11149 11257 11258
f 11150 11149 11258
f 11148 11255 11257
f 11149 11148 11257
f 11254 11148 11147
f 11254 11255 11148
f 11256 11255 11254
f 11254 11147 11253
f 11147 11130 11253
f 11253 11130 11245
f 11252 11253 11245
f 11252 11245 11244
f 11251 11252 11244
f 11251 11244 11243
f 11250 11251 11243
f 11250 11243 11242
f 11249 11250 11146
f 11250 11242 11146
f 11146 11242 11124
f 11145 11249 11146
f 11145 11248 11249
f 11247 11248 11145
f 11144 11246 11247
f 11145 11144 11247
f 11246 11144 11143
f 11130 11128 11245
f 11127 11244 11245
f 11128 11127 11245
f 11126 11243 11244
f 11127 11126 11244
f 11125 11242 11243
f 11126 11125 11243
f 11242 11125 11124
f 11231 11232 11241
f 11231 11241 11240
f 11230 11231 11240
f 11230 11240 11239
f 11229 11230 11239
f 11228 11229 11239
f 11222 11223 11238
f 11222 11238 11237
f 11221 11222 11237
f 11221 11237 11236
f 11220 11221 11236
f 11220 11236 11235
f 11219 11220 11235
f 11219 11235 11234
f 11218 11219 11234
f 11122 11234 11233
f 11122 11218 11234
f 11114 11218 11122
f 11122 11233 11121
f 11233 11232 11121
f 11121 11232 11231
f 11231 11230 11120
f 11231 11120 11121
f 11229 11217 11230
f 11217 11111 11230
f 11230 11111 11120
f 11229 11216 11217
f 11229 11227 11216
f 11228 11227 11229
f 11216 11227 11226
f 11214 11216 11226
f 11215 11214 11226
f 11209 11210 11225
f 11209 11225 11224
f 11208 11209 11224
f 11224 11105 11208
f 11223 11105 11224
f 11119 11105 11223
f 11222 11119 11223
f 11222 11221 11118
f 11222 11118 11119
f 11221 11220 11117
f 11221 11117 11118
f 11220 11219 11116
f 11220 11116 11117
f 11219 11218 11115
f 11219 11115 11116
f 11114 11115 11218
f 11217 11109 11111
f 11217 11216 11108
f 11217 11108 11109
f 11214 11206 11216
f 11206 11100 11216
f 11216 11100 11108
f 11214 11215 11207
f 11206 11214 11207
f 11199 11200 11213
f 11199 11213 11212
f 11198 11199 11212
f 11198 11212 11211
f 11197 11198 11211
f 11211 11093 11197
f 11210 11093 11211
f 11107 11093 11210
f 11209 11107 11210
f 11209 11208 11106
f 11209 11106 11107
f 11105 11106 11208
f 11206 11098 11100
f 11090 11098 11195
f 11195 11098 11205
f 11205 11098 11206
f 11205 11206 11207
f 11196 11195 11205
f 11192 11193 11204
f 11192 11204 11203
f 11191 11192 11203
f 11191 11203 11202
f 11190 11191 11202
f 11097 11202 11201
f 11097 11190 11202
f 11084 11190 11097
f 11097 11201 11096
f 11201 11200 11096
f 11096 11200 11199
f 11199 11198 11095
f 11199 11095 11096
f 11198 11197 11094
f 11198 11094 11095
f 11093 11094 11197
f 11195 11088 11090
f 11080 11196 11189
f 11080 11195 11196
f 11088 11195 11080
f 11187 11188 11194
f 11194 11077 11187
f 11193 11077 11194
f 11087 11077 11193
f 11192 11087 11193
f 11192 11191 11086
f 11192 11086 11087
f 11191 11190 11085
f 11191 11085 11086
f 11084 11085 11190
f 11189 11186 11080
f 11186 11074 11080
f 11188 11071 11183
f 11188 11078 11071
f 11187 11078 11188
f 11077 11078 11187
f 11074 11186 11070
f 11186 11185 11070
f 11070 11185 11181
f 11182 11181 11185
f 11180 11184 11072
f 11068 11180 11072
f 11183 11071 11072
f 11183 11072 11184
f 11181 11178 11067
f 11181 11067 11070
f 11181 11182 11179
f 11178 11181 11179
f 11068 11177 11180
f 11068 11066 11177
f 11178 11175 11065
f 11178 11065 11067
f 11178 11179 11176
f 11175 11178 11176
f 11066 11174 11177
f 11066 11063 11174
f 11175 11064 11065
f 11062 11176 11173
f 11062 11175 11176
f 11064 11175 11062
f 11063 11171 11174
f 11063 11059 11171
f 11061 11172 11170
f 11061 11170 11058
f 11061 11062 11173
f 11172 11061 11173
f 11059 11168 11171
f 11059 11057 11168
f 11169 11167 11166
f 11170 11056 11058
f 11170 11166 11056
f 11169 11166 11170
f 11057 11165 11168
f 11057 11054 11165
f 11163 11053 11167
f 11053 11055 11167
f 11167 11055 11166
f 11166 11055 11056
f 11052 11165 11054
f 11052 11164 11165
f 11160 11164 11052
f 11164 11160 11161
f 11162 11143 11142
f 11163 11047 11053
f 11163 11142 11047
f 11162 11142 11163
f 11052 11051 11160
f 11141 11051 11045
f 11159 11051 11141
f 11160 11051 11159
f 11161 11160 11159
f 11158 11159 11141
f 11158 11141 11140
f 11157 11158 11050
f 11158 11140 11050
f 11050 11140 11041
f 11157 11050 11156
f 11050 11040 11156
f 11156 11040 11139
f 11155 11156 11139
f 11155 11139 11138
f 11154 11155 11138
f 11154 11138 11137
f 11153 11154 11137
f 11153 11137 11136
f 11152 11153 11136
f 11152 11136 11135
f 11151 11152 11135
f 11151 11135 11134
f 11150 11151 11134
f 11150 11134 11133
f 11149 11150 11133
f 11149 11133 11132
f 11148 11149 11132
f 11148 11132 11131
f 11147 11148 11131
f 11147 11131 11129
f 11147 11129 11130
f 11146 11124 11123
f 11145 11146 11049
f 11146 11123 11049
f 11049 11123 11023
f 11145 11048 11144
f 11145 11049 11048
f 11046 11144 11048
f 11046 11143 11144
f 11142 11143 11046
f 11142 11046 11047
f 11045 11043 11141
f 11042 11140 11141
f 11043 11042 11141
f 11140 11042 11041
f 11040 11038 11139
f 11037 11138 11139
f 11038 11037 11139
f 11036 11137 11138
f 11037 11036 11138
f 11035 11136 11137
f 11036 11035 11137
f 11034 11135 11136
f 11035 11034 11136
f 11033 11134 11135
f 11034 11033 11135
f 11032 11133 11134
f 11033 11032 11134
f 11031 11132 11133
f 11032 11031 11133
f 11030 11131 11132
f 11031 11030 11132
f 11029 11129 11131
f 11030 11029 11131
f 11128 11029 11028
f 11128 11129 11029
f 11130 11129 11128
f 11128 11027 11127
f 11128 11028 11027
f 11127 11026 11126
f 11127 11027 11026
f 11126 11025 11125
f 11126 11026 11025
f 11024 11125 11025
f 11024 11124 11125
f 11123 11124 11024
f 11123 11024 11023
f 11113 11114 11122
f 11113 11122 11121
f 11112 11113 11121
f 11112 11121 11120
f 11110 11112 11120
f 11111 11110 11120
f 11104 11105 11119
f 11104 11119 11118
f 11103 11104 11118
f 11103 11118 11117
f 11102 11103 11117
f 11008 11117 11116
f 11008 11102 11117
f 11000 11102 11008
f 11115 11007 11116
f 11007 11008 11116
f 11007 11115 11006
f 11115 11114 11006
f 11006 11114 11113
f 11113 11112 11005
f 11113 11005 11006
f 11112 11110 11004
f 11112 11004 11005
f 10995 11004 11101
f 11101 11004 11109
f 11109 11004 11110
f 11109 11110 11111
f 11101 11109 11108
f 11099 11101 11108
f 11100 11099 11108
f 11092 11093 11107
f 11092 11107 11106
f 11091 11092 11106
f 11106 10988 11091
f 11105 10988 11106
f 11003 10988 11105
f 11104 11003 11105
f 11104 11103 11002
f 11104 11002 11003
f 11103 11102 11001
f 11103 11001 11002
f 11000 11001 11102
f 11101 10993 10995
f 11101 11099 10992
f 11101 10992 10993
f 10983 10992 11089
f 11089 10992 11098
f 11098 10992 11099
f 11098 11099 11100
f 11090 11089 11098
f 11083 11084 11097
f 11083 11097 11096
f 11082 11083 11096
f 11082 11096 11095
f 11081 11082 11095
f 10991 11095 11094
f 10991 11081 11095
f 10976 11081 10991
f 10991 11094 10990
f 11094 11093 10990
f 10990 11093 11092
f 11092 11091 10989
f 11092 10989 10990
f 10988 10989 11091
f 11089 10981 10983
f 10972 10981 11079
f 11079 10981 11088
f 11088 10981 11089
f 11088 11089 11090
f 11080 11079 11088
f 11076 11077 11087
f 11076 11087 11086
f 11075 11076 11086
f 10980 11086 11085
f 10980 11075 11086
f 10967 11075 10980
f 10980 11085 10979
f 11085 11084 10979
f 10979 11084 11083
f 11083 11082 10978
f 11083 10978 10979
f 11082 11081 10977
f 11082 10977 10978
f 10976 10977 11081
f 11079 11073 10963
f 11079 10963 10972
f 11079 11080 11074
f 11073 11079 11074
f 11071 11078 10970
f 10960 11071 10970
f 10970 11078 10969
f 11078 11077 10969
f 10969 11077 11076
f 11076 11075 10968
f 11076 10968 10969
f 10967 10968 11075
f 11073 11069 10957
f 11073 10957 10963
f 11073 11074 11070
f 11069 11073 11070
f 11068 11072 10961
f 10955 11068 10961
f 11071 10960 10961
f 11071 10961 11072
f 11069 10956 10957
f 10953 11070 11067
f 10953 11069 11070
f 10956 11069 10953
f 10955 11066 11068
f 10955 10951 11066
f 11067 11065 10953
f 11065 10950 10953
f 10951 11063 11066
f 10951 10949 11063
f 10950 11065 10948
f 11065 11064 10948
f 10948 11064 11060
f 11062 11060 11064
f 10949 11059 11063
f 10949 10947 11059
f 10946 10948 11058
f 10948 11060 11058
f 11058 11060 11061
f 11061 11060 11062
f 10947 11057 11059
f 10947 10945 11057
f 11058 11056 10946
f 11056 10943 10946
f 10945 11054 11057
f 10945 10941 11054
f 10942 11055 11053
f 10942 11053 10939
f 10942 10943 11056
f 11055 10942 11056
f 10941 11052 11054
f 10941 10937 11052
f 11053 11047 10939
f 11047 10935 10939
f 10933 11052 10937
f 10933 11051 11052
f 11044 11051 10933
f 11051 11044 11045
f 11050 11041 11039
f 11050 11039 11040
f 11049 11023 11022
f 11048 11049 11022
f 11048 11022 11021
f 11046 11048 10934
f 11048 11021 10934
f 10934 11021 10924
f 10934 10935 11047
f 11046 10934 11047
f 10933 10932 11044
f 11043 10932 10931
f 11043 11044 10932
f 11045 11044 11043
f 11043 10930 11042
f 11043 10931 10930
f 10929 11042 10930
f 10929 11041 11042
f 11039 11041 10929
f 11038 10929 10928
f 11038 11039 10929
f 11040 11039 11038
f 11038 10927 11037
f 11038 10928 10927
f 11037 10927 11036
f 10927 10917 11036
f 11036 10917 11020
f 11035 11036 11020
f 11035 11020 11019
f 11034 11035 11019
f 11034 11019 11018
f 11033 11034 11018
f 11033 11018 11017
f 11032 11033 11017
f 11032 11017 11016
f 11031 11032 11016
f 11031 11016 11015
f 11030 11031 11015
f 11030 11015 11014
f 11029 11030 11014
f 11029 11014 11013
f 11028 11029 11013
f 11028 11013 11012
f 11027 11028 11012
f 11027 11012 11011
f 11026 11027 11011
f 11026 11011 11010
f 11025 11026 11010
f 11025 11010 11009
f 11024 11025 10926
f 11025 11009 10926
f 10926 11009 10903
f 10925 11024 10926
f 10925 11023 11024
f 11022 11023 10925
f 10923 11021 11022
f 10925 10923 11022
f 11021 10923 10924
f 10917 10915 11020
f 10914 11019 11020
f 10915 10914 11020
f 10913 11018 11019
f 10914 10913 11019
f 10912 11017 11018
f 10913 10912 11018
f 10911 11016 11017
f 10912 10911 11017
f 10910 11015 11016
f 10911 10910 11016
f 10909 11014 11015
f 10910 10909 11015
f 10908 11013 11014
f 10909 10908 11014
f 10907 11012 11013
f 10908 10907 11013
f 10906 11011 11012
f 10907 10906 11012
f 10905 11010 11011
f 10906 10905 11011
f 10904 11009 11010
f 10905 10904 11010
f 11009 10904 10903
f 10999 11000 11008
f 10999 11008 11007
f 10998 10999 11007
f 10998 11007 11006
f 10997 10998 11006
f 10997 11006 11005
f 10996 10997 11005
f 10996 11005 11004
f 10994 10996 11004
f 10995 10994 11004
f 10987 10988 11003
f 10987 11003 11002
f 10986 10987 11002
f 10986 11002 11001
f 10985 10986 11001
f 11001 10890 10985
f 11000 10890 11001
f 10898 10890 11000
f 10999 10898 11000
f 10999 10998 10897
f 10999 10897 10898
f 10998 10997 10896
f 10998 10896 10897
f 10997 10996 10895
f 10997 10895 10896
f 10996 10994 10894
f 10996 10894 10895
f 10885 10894 10984
f 10984 10894 10993
f 10993 10894 10994
f 10993 10994 10995
f 10984 10993 10992
f 10982 10984 10992
f 10983 10982 10992
f 10975 10976 10991
f 10975 10991 10990
f 10974 10975 10990
f 10974 10990 10989
f 10973 10974 10989
f 10989 10877 10973
f 10988 10877 10989
f 10893 10877 10988
f 10987 10893 10988
f 10987 10986 10892
f 10987 10892 10893
f 10986 10985 10891
f 10986 10891 10892
f 10890 10891 10985
f 10984 10883 10885
f 10984 10982 10882
f 10984 10882 10883
f 10873 10882 10971
f 10971 10882 10981
f 10981 10882 10982
f 10981 10982 10983
f 10972 10971 10981
f 10966 10967 10980
f 10966 10980 10979
f 10965 10966 10979
f 10965 10979 10978
f 10964 10965 10978
f 10881 10978 10977
f 10881 10964 10978
f 10867 10964 10881
f 10881 10977 10880
f 10977 10976 10880
f 10880 10976 10975
f 10975 10974 10879
f 10975 10879 10880
f 10974 10973 10878
f 10974 10878 10879
f 10877 10878 10973
f 10971 10962 10863
f 10971 10863 10873
f 10971 10972 10963
f 10962 10971 10963
f 10959 10960 10970
f 10959 10970 10969
f 10958 10959 10969
f 10871 10969 10968
f 10871 10958 10969
f 10858 10958 10871
f 10871 10968 10870
f 10968 10967 10870
f 10870 10967 10966
f 10966 10965 10869
f 10966 10869 10870
f 10965 10964 10868
f 10965 10868 10869
f 10867 10868 10964
f 10962 10861 10863
f 10855 10963 10957
f 10855 10962 10963
f 10861 10962 10855
f 10954 10955 10961
f 10961 10852 10954
f 10960 10852 10961
f 10860 10852 10960
f 10959 10860 10960
f 10959 10958 10859
f 10959 10859 10860
f 10858 10859 10958
f 10855 10957 10850
f 10957 10956 10850
f 10850 10956 10952
f 10953 10952 10956
f 10955 10848 10951
f 10955 10853 10848
f 10954 10853 10955
f 10852 10853 10954
f 10952 10849 10850
f 10846 10953 10950
f 10846 10952 10953
f 10849 10952 10846
f 10848 10949 10951
f 10848 10844 10949
f 10950 10948 10846
f 10948 10843 10846
f 10844 10947 10949
f 10844 10841 10947
f 10948 10946 10843
f 10946 10840 10843
f 10842 10839 10944
f 10947 10841 10945
f 10841 10842 10945
f 10945 10842 10944
f 10946 10943 10840
f 10943 10838 10840
f 10837 10940 10944
f 10839 10837 10944
f 10941 10945 10944
f 10941 10944 10940
f 10942 10939 10938
f 10943 10836 10838
f 10943 10938 10836
f 10942 10938 10943
f 10834 10936 10940
f 10837 10834 10940
f 10937 10941 10940
f 10937 10940 10936
f 10935 10832 10939
f 10832 10835 10939
f 10939 10835 10938
f 10938 10835 10836
f 10834 10833 10936
f 10933 10937 10830
f 10937 10936 10830
f 10830 10936 10833
f 10831 10934 10924
f 10831 10924 10828
f 10831 10832 10935
f 10934 10831 10935
f 10826 10933 10830
f 10826 10932 10933
f 10922 10932 10826
f 10931 10932 10922
f 10931 10922 10921
f 10930 10931 10921
f 10930 10921 10920
f 10929 10930 10920
f 10929 10920 10919
f 10928 10929 10919
f 10928 10919 10918
f 10927 10928 10918
f 10927 10918 10916
f 10927 10916 10917
f 10926 10903 10902
f 10925 10926 10902
f 10925 10902 10901
f 10923 10925 10827
f 10925 10901 10827
f 10827 10901 10807
f 10827 10828 10924
f 10923 10827 10924
f 10826 10824 10922
f 10823 10921 10922
f 10824 10823 10922
f 10822 10920 10921
f 10823 10822 10921
f 10821 10919 10920
f 10822 10821 10920
f 10820 10918 10919
f 10821 10820 10919
f 10819 10916 10918
f 10820 10819 10918
f 10915 10819 10818
f 10915 10916 10819
f 10917 10916 10915
f 10915 10817 10914
f 10915 10818 10817
f 10914 10816 10913
f 10914 10817 10816
f 10913 10815 10912
f 10913 10816 10815
f 10912 10814 10911
f 10912 10815 10814
f 10911 10813 10910
f 10911 10814 10813
f 10910 10812 10909
f 10910 10813 10812
f 10909 10811 10908
f 10909 10812 10811
f 10908 10811 10907
f 10811 10798 10907
f 10907 10798 10900
f 10906 10907 10900
f 10906 10900 10899
f 10905 10906 10810
f 10906 10899 10810
f 10810 10899 10794
f 10905 10809 10904
f 10905 10810 10809
f 10808 10904 10809
f 10808 10903 10904
f 10902 10903 10808
f 10806 10901 10902
f 10808 10806 10902
f 10901 10806 10807
f 10798 10796 10900
f 10795 10899 10900
f 10796 10795 10900
f 10899 10795 10794
f 10889 10890 10898
f 10889 10898 10897
f 10888 10889 10897
f 10888 10897 10896
f 10887 10888 10896
f 10887 10896 10895
f 10886 10887 10895
f 10886 10895 10894
f 10884 10886 10894
f 10885 10884 10894
f 10876 10877 10893
f 10876 10893 10892
f 10875 10876 10892
f 10791 10892 10891
f 10791 10875 10892
f 10782 10875 10791
f 10791 10891 10790
f 10891 10890 10790
f 10790 10890 10889
f 10889 10888 10789
f 10889 10789 10790
f 10888 10887 10788
f 10888 10788 10789
f 10887 10886 10787
f 10887 10787 10788
f 10886 10884 10786
f 10886 10786 10787
f 10776 10786 10874
f 10874 10786 10883
f 10883 10786 10884
f 10883 10884 10885
f 10874 10883 10882
f 10872 10874 10882
f 10873 10872 10882
f 10866 10867 10881
f 10866 10881 10880
f 10865 10866 10880
f 10865 10880 10879
f 10864 10865 10879
f 10785 10879 10878
f 10785 10864 10879
f 10768 10864 10785
f 10785 10878 10784
f 10878 10877 10784
f 10784 10877 10876
f 10876 10875 10783
f 10876 10783 10784
f 10782 10783 10875
f 10874 10774 10776
f 10872 10862 10874
f 10862 10764 10874
f 10874 10764 10774
f 10872 10873 10863
f 10862 10872 10863
f 10857 10858 10871
f 10857 10871 10870
f 10856 10857 10870
f 10773 10870 10869
f 10773 10856 10870
f 10758 10856 10773
f 10868 10772 10869
f 10772 10773 10869
f 10772 10868 10771
f 10868 10867 10771
f 10771 10867 10866
f 10866 10865 10770
f 10866 10770 10771
f 10865 10864 10769
f 10865 10769 10770
f 10768 10769 10864
f 10862 10762 10764
f 10752 10762 10854
f 10854 10762 10861
f 10861 10762 10862
f 10861 10862 10863
f 10855 10854 10861
f 10851 10852 10860
f 10761 10860 10859
f 10761 10851 10860
f 10749 10851 10761
f 10761 10859 10760
f 10859 10858 10760
f 10760 10858 10857
f 10857 10856 10759
f 10857 10759 10760
f 10758 10759 10856
f 10854 10751 10752
f 10746 10855 10850
f 10746 10854 10855
f 10751 10854 10746
f 10847 10848 10853
f 10853 10743 10847
f 10852 10743 10853
f 10750 10743 10852
f 10851 10750 10852
f 10749 10750 10851
f 10746 10850 10742
f 10850 10849 10742
f 10742 10849 10845
f 10846 10845 10849
f 10848 10740 10844
f 10848 10744 10740
f 10847 10744 10848
f 10743 10744 10847
f 10845 10741 10742
f 10739 10846 10843
f 10739 10845 10846
f 10741 10845 10739
f 10740 10841 10844
f 10740 10736 10841
f 10843 10840 10739
f 10840 10735 10739
f 10839 10842 10737
f 10733 10839 10737
f 10841 10736 10737
f 10841 10737 10842
f 10840 10838 10735
f 10838 10732 10735
f 10733 10837 10839
f 10733 10731 10837
f 10838 10836 10732
f 10836 10730 10732
f 10731 10834 10837
f 10731 10727 10834
f 10729 10835 10832
f 10729 10832 10726
f 10729 10730 10836
f 10835 10729 10836
f 10724 10834 10727
f 10724 10833 10834
f 10829 10833 10724
f 10833 10829 10830
f 10725 10831 10828
f 10725 10828 10722
f 10725 10726 10832
f 10831 10725 10832
f 10720 10825 10829
f 10724 10720 10829
f 10826 10830 10829
f 10826 10829 10825
f 10723 10827 10807
f 10723 10807 10710
f 10723 10722 10828
f 10827 10723 10828
f 10720 10719 10825
f 10824 10719 10718
f 10824 10825 10719
f 10826 10825 10824
f 10824 10717 10823
f 10824 10718 10717
f 10823 10716 10822
f 10823 10717 10716
f 10822 10715 10821
f 10822 10716 10715
f 10821 10714 10820
f 10821 10715 10714
f 10820 10713 10819
f 10820 10714 10713
f 10819 10713 10818
f 10713 10704 10818
f 10818 10704 10805
f 10817 10818 10805
f 10817 10805 10804
f 10816 10817 10804
f 10816 10804 10803
f 10815 10816 10803
f 10815 10803 10802
f 10814 10815 10802
f 10814 10802 10801
f 10813 10814 10801
f 10813 10801 10800
f 10812 10813 10800
f 10812 10800 10799
f 10811 10812 10799
f 10811 10799 10797
f 10811 10797 10798
f 10810 10794 10793
f 10809 10810 10793
f 10809 10793 10792
f 10808 10809 10712
f 10809 10792 10712
f 10712 10792 10690
f 10808 10711 10806
f 10808 10712 10711
f 10711 10710 10807
f 10806 10711 10807
f 10704 10702 10805
f 10701 10804 10805
f 10702 10701 10805
f 10700 10803 10804
f 10701 10700 10804
f 10699 10802 10803
f 10700 10699 10803
f 10698 10801 10802
f 10699 10698 10802
f 10697 10800 10801
f 10698 10697 10801
f 10696 10799 10800
f 10697 10696 10800
f 10695 10797 10799
f 10696 10695 10799
f 10796 10695 10694
f 10796 10797 10695
f 10798 10797 10796
f 10796 10693 10795
f 10796 10694 10693
f 10692 10795 10693
f 10692 10794 10795
f 10793 10794 10692
f 10691 10792 10793
f 10692 10691 10793
f 10792 10691 10690
f 10781 10782 10791
f 10781 10791 10790
f 10780 10781 10790
f 10780 10790 10789
f 10779 10780 10789
f 10779 10789 10788
f 10778 10779 10788
f 10778 10788 10787
f 10777 10778 10787
f 10777 10787 10786
f 10775 10777 10786
f 10776 10775 10786
f 10767 10768 10785
f 10767 10785 10784
f 10766 10767 10784
f 10766 10784 10783
f 10765 10766 10783
f 10783 10676 10765
f 10782 10676 10783
f 10685 10676 10782
f 10781 10685 10782
f 10781 10780 10684
f 10781 10684 10685
f 10780 10779 10683
f 10780 10683 10684
f 10779 10778 10682
f 10779 10682 10683
f 10778 10777 10681
f 10778 10681 10682
f 10777 10775 10680
f 10777 10680 10681
f 10673 10680 10763
f 10763 10680 10774
f 10774 10680 10775
f 10774 10775 10776
f 10764 10763 10774
f 10757 10758 10773
f 10757 10773 10772
f 10756 10757 10772
f 10756 10772 10771
f 10755 10756 10771
f 10755 10771 10770
f 10754 10755 10770
f 10754 10770 10769
f 10753 10754 10769
f 10769 10663 10753
f 10768 10663 10769
f 10679 10663 10768
f 10767 10679 10768
f 10767 10766 10678
f 10767 10678 10679
f 10766 10765 10677
f 10766 10677 10678
f 10676 10677 10765
f 10763 10671 10673
f 10670 10671 10762
f 10671 10763 10762
f 10762 10763 10764
f 10660 10670 10762
f 10752 10660 10762
f 10748 10749 10761
f 10748 10761 10760
f 10747 10748 10760
f 10669 10760 10759
f 10669 10747 10760
f 10655 10747 10669
f 10669 10759 10668
f 10759 10758 10668
f 10668 10758 10757
f 10757 10756 10667
f 10757 10667 10668
f 10756 10755 10666
f 10756 10666 10667
f 10755 10754 10665
f 10755 10665 10666
f 10754 10753 10664
f 10754 10664 10665
f 10663 10664 10753
f 10660 10752 10651
f 10752 10751 10651
f 10651 10751 10745
f 10746 10745 10751
f 10743 10750 10658
f 10648 10743 10658
f 10658 10750 10657
f 10750 10749 10657
f 10657 10749 10748
f 10748 10747 10656
f 10748 10656 10657
f 10655 10656 10747
f 10745 10650 10651
f 10646 10746 10742
f 10646 10745 10746
f 10650 10745 10646
f 10740 10744 10649
f 10644 10740 10649
f 10743 10648 10649
f 10743 10649 10744
f 10646 10742 10643
f 10742 10741 10643
f 10643 10741 10738
f 10739 10738 10741
f 10644 10736 10740
f 10644 10640 10736
f 10738 10734 10639
f 10738 10639 10643
f 10738 10739 10735
f 10734 10738 10735
f 10733 10737 10641
f 10637 10733 10641
f 10736 10640 10641
f 10736 10641 10737
f 10734 10638 10639
f 10636 10735 10732
f 10636 10734 10735
f 10638 10734 10636
f 10637 10731 10733
f 10637 10633 10731
f 10728 10632 10635
f 10730 10636 10732
f 10730 10635 10636
f 10728 10635 10730
f 10633 10727 10731
f 10633 10631 10727
f 10630 10632 10726
f 10632 10728 10726
f 10726 10728 10729
f 10729 10728 10730
f 10631 10724 10727
f 10631 10629 10724
f 10725 10722 10721
f 10726 10628 10630
f 10726 10721 10628
f 10725 10721 10726
f 10629 10720 10724
f 10629 10626 10720
f 10723 10710 10709
f 10709 10622 10723
f 10723 10622 10722
f 10722 10622 10627
f 10722 10627 10721
f 10721 10627 10628
f 10719 10720 10626
f 10625 10719 10626
f 10719 10625 10718
f 10625 10620 10718
f 10718 10620 10708
f 10717 10718 10624
f 10718 10708 10624
f 10624 10708 10617
f 10717 10624 10716
f 10624 10616 10716
f 10716 10616 10707
f 10715 10716 10707
f 10715 10707 10706
f 10714 10715 10706
f 10714 10706 10705
f 10713 10714 10705
f 10713 10705 10703
f 10713 10703 10704
f 10712 10690 10689
f 10711 10712 10623
f 10712 10689 10623
f 10623 10689 10600
f 10621 10711 10623
f 10621 10710 10711
f 10709 10710 10621
f 10709 10621 10622
f 10620 10618 10708
f 10708 10618 10617
f 10616 10614 10707
f 10613 10706 10707
f 10614 10613 10707
f 10612 10705 10706
f 10613 10612 10706
f 10611 10703 10705
f 10612 10611 10705
f 10702 10611 10610
f 10702 10703 10611
f 10704 10703 10702
f 10702 10609 10701
f 10702 10610 10609
f 10701 10608 10700
f 10701 10609 10608
f 10700 10607 10699
f 10700 10608 10607
f 10699 10606 10698
f 10699 10607 10606
f 10698 10605 10697
f 10698 10606 10605
f 10697 10604 10696
f 10697 10605 10604
f 10696 10603 10695
f 10696 10604 10603
f 10695 10603 10694
f 10603 10591 10694
f 10694 10591 10688
f 10693 10694 10688
f 10693 10688 10687
f 10692 10693 10687
f 10692 10687 10686
f 10691 10692 10602
f 10692 10686 10602
f 10602 10686 10586
f 10601 10691 10602
f 10601 10690 10691
f 10689 10690 10601
f 10689 10601 10600
f 10591 10589 10688
f 10588 10687 10688
f 10589 10588 10688
f 10587 10686 10687
f 10588 10587 10687
f 10686 10587 10586
f 10675 10676 10685
f 10675 10685 10684
f 10674 10675 10684
f 10584 10684 10683
f 10584 10674 10684
f 10578 10674 10584
f 10682 10583 10683
f 10583 10584 10683
f 10681 10582 10682
f 10582 10583 10682
f 10680 10582 10681
f 10680 10575 10582
f 10672 10575 10680
f 10673 10672 10680
f 10662 10663 10679
f 10662 10679 10678
f 10661 10662 10678
f 10581 10678 10677
f 10581 10661 10678
f 10566 10661 10581
f 10581 10677 10580
f 10677 10676 10580
f 10580 10676 10675
f 10675 10674 10579
f 10675 10579 10580
f 10578 10579 10674
f 10672 10573 10575
f 10572 10573 10671
f 10573 10672 10671
f 10671 10672 10673
f 10670 10572 10671
f 10670 10563 10572
f 10659 10563 10670
f 10660 10659 10670
f 10654 10655 10669
f 10654 10669 10668
f 10653 10654 10668
f 10653 10668 10667
f 10652 10653 10667
f 10571 10667 10666
f 10571 10652 10667
f 10555 10652 10571
f 10665 10570 10666
f 10570 10571 10666
f 10664 10569 10665
f 10569 10570 10665
f 10569 10664 10568
f 10664 10663 10568
f 10568 10663 10662
f 10662 10661 10567
f 10662 10567 10568
f 10566 10567 10661
f 10659 10561 10563
f 10551 10660 10651
f 10551 10659 10660
f 10561 10659 10551
f 10647 10648 10658
f 10560 10658 10657
f 10560 10647 10658
f 10547 10647 10560
f 10656 10559 10657
f 10559 10560 10657
f 10559 10656 10558
f 10656 10655 10558
f 10558 10655 10654
f 10654 10653 10557
f 10654 10557 10558
f 10653 10652 10556
f 10653 10556 10557
f 10555 10556 10652
f 10551 10651 10544
f 10651 10650 10544
f 10544 10650 10645
f 10646 10645 10650
f 10644 10649 10549
f 10543 10644 10549
f 10549 10649 10548
f 10649 10648 10548
f 10548 10648 10647
f 10547 10548 10647
f 10645 10642 10541
f 10645 10541 10544
f 10645 10646 10643
f 10642 10645 10643
f 10543 10640 10644
f 10543 10538 10640
f 10642 10540 10541
f 10537 10643 10639
f 10537 10642 10643
f 10540 10642 10537
f 10637 10641 10539
f 10535 10637 10539
f 10640 10538 10539
f 10640 10539 10641
f 10537 10639 10534
f 10639 10638 10534
f 10534 10638 10634
f 10636 10634 10638
f 10535 10633 10637
f 10535 10533 10633
f 10532 10534 10632
f 10534 10634 10632
f 10632 10634 10635
f 10635 10634 10636
f 10533 10631 10633
f 10533 10531 10631
f 10632 10630 10532
f 10630 10530 10532
f 10531 10629 10631
f 10531 10529 10629
f 10630 10628 10530
f 10628 10527 10530
f 10529 10626 10629
f 10529 10525 10626
f 10526 10627 10622
f 10526 10622 10524
f 10526 10527 10628
f 10627 10526 10628
f 10522 10626 10525
f 10522 10625 10626
f 10619 10625 10522
f 10625 10619 10620
f 10624 10617 10615
f 10624 10615 10616
f 10623 10600 10599
f 10621 10623 10523
f 10623 10599 10523
f 10523 10599 10513
f 10523 10524 10622
f 10621 10523 10622
f 10522 10521 10619
f 10618 10521 10520
f 10618 10619 10521
f 10620 10619 10618
f 10519 10618 10520
f 10519 10617 10618
f 10615 10617 10519
f 10614 10519 10518
f 10614 10615 10519
f 10616 10615 10614
f 10614 10517 10613
f 10614 10518 10517
f 10613 10516 10612
f 10613 10517 10516
f 10612 10515 10611
f 10612 10516 10515
f 10611 10515 10610
f 10515 10509 10610
f 10610 10509 10598
f 10609 10610 10598
f 10609 10598 10597
f 10608 10609 10597
f 10608 10597 10596
f 10607 10608 10596
f 10607 10596 10595
f 10606 10607 10595
f 10606 10595 10594
f 10605 10606 10594
f 10605 10594 10593
f 10604 10605 10593
f 10604 10593 10592
f 10603 10604 10592
f 10603 10592 10590
f 10603 10590 10591
f 10602 10586 10585
f 10601 10602 10514
f 10602 10585 10514
f 10514 10585 10495
f 10512 10601 10514
f 10512 10600 10601
f 10599 10600 10512
f 10599 10512 10513
f 10509 10507 10598
f 10506 10597 10598
f 10507 10506 10598
f 10505 10596 10597
f 10506 10505 10597
f 10504 10595 10596
f 10505 10504 10596
f 10503 10594 10595
f 10504 10503 10595
f 10502 10593 10594
f 10503 10502 10594
f 10501 10592 10593
f 10502 10501 10593
f 10500 10590 10592
f 10501 10500 10592
f 10589 10500 10499
f 10589 10590 10500
f 10591 10590 10589
f 10589 10498 10588
f 10589 10499 10498
f 10588 10497 10587
f 10588 10498 10497
f 10496 10587 10497
f 10496 10586 10587
f 10585 10586 10496
f 10585 10496 10495
f 10577 10578 10584
f 10577 10584 10583
f 10576 10577 10583
f 10576 10583 10582
f 10574 10576 10582
f 10575 10574 10582
f 10565 10566 10581
f 10565 10581 10580
f 10564 10565 10580
f 10491 10580 10579
f 10491 10564 10580
f 10482 10564 10491
f 10491 10579 10490
f 10579 10578 10490
f 10490 10578 10577
f 10577 10576 10489
f 10577 10489 10490
f 10576 10574 10488
f 10576 10488 10489
f 10487 10488 10573
f 10488 10574 10573
f 10573 10574 10575
f 10572 10487 10573
f 10572 10480 10487
f 10562 10480 10572
f 10563 10562 10572
f 10554 10555 10571
f 10554 10571 10570
f 10553 10554 10570
f 10553 10570 10569
f 10552 10553 10569
f 10486 10569 10568
f 10486 10552 10569
f 10472 10552 10486
f 10567 10485 10568
f 10485 10486 10568
f 10485 10567 10484
f 10567 10566 10484
f 10484 10566 10565
f 10565 10564 10483
f 10565 10483 10484
f 10482 10483 10564
f 10562 10479 10480
f 10469 10479 10550
f 10550 10479 10561
f 10561 10479 10562
f 10561 10562 10563
f 10551 10550 10561
f 10546 10547 10560
f 10546 10560 10559
f 10545 10546 10559
f 10478 10559 10558
f 10478 10545 10559
f 10464 10545 10478
f 10557 10477 10558
f 10477 10478 10558
f 10556 10476 10557
f 10476 10477 10557
f 10476 10556 10475
f 10556 10555 10475
f 10475 10555 10554
f 10554 10553 10474
f 10554 10474 10475
f 10553 10552 10473
f 10553 10473 10474
f 10472 10473 10552
f 10550 10468 10469
f 10461 10551 10544
f 10461 10550 10551
f 10468 10550 10461
f 10542 10543 10549
f 10467 10549 10548
f 10467 10542 10549
f 10458 10542 10467
f 10467 10548 10466
f 10548 10547 10466
f 10466 10547 10546
f 10546 10545 10465
f 10546 10465 10466
f 10464 10465 10545
f 10544 10541 10461
f 10541 10456 10461
f 10543 10454 10538
f 10543 10459 10454
f 10542 10459 10543
f 10458 10459 10542
f 10456 10541 10453
f 10541 10540 10453
f 10453 10540 10536
f 10537 10536 10540
f 10535 10539 10455
f 10451 10535 10455
f 10538 10454 10455
f 10538 10455 10539
f 10536 10452 10453
f 10450 10537 10534
f 10450 10536 10537
f 10452 10536 10450
f 10451 10533 10535
f 10451 10448 10533
f 10534 10532 10450
f 10532 10447 10450
f 10448 10531 10533
f 10448 10445 10531
f 10532 10530 10447
f 10530 10443 10447
f 10446 10442 10528
f 10531 10445 10529
f 10445 10446 10529
f 10529 10446 10528
f 10530 10527 10443
f 10527 10440 10443
f 10442 10441 10528
f 10525 10529 10438
f 10529 10528 10438
f 10438 10528 10441
f 10439 10526 10524
f 10439 10524 10436
f 10439 10440 10527
f 10526 10439 10527
f 10438 10522 10525
f 10438 10434 10522
f 10435 10523 10513
f 10435 10513 10428
f 10435 10436 10524
f 10523 10435 10524
f 10521 10522 10434
f 10433 10521 10434
f 10521 10432 10520
f 10521 10433 10432
f 10520 10431 10519
f 10520 10432 10431
f 10519 10430 10518
f 10519 10431 10430
f 10518 10430 10517
f 10430 10424 10517
f 10517 10424 10511
f 10516 10517 10511
f 10516 10511 10510
f 10515 10516 10510
f 10515 10510 10508
f 10515 10508 10509
f 10514 10495 10494
f 10512 10514 10429
f 10514 10494 10429
f 10429 10494 10409
f 10429 10428 10513
f 10512 10429 10513
f 10424 10422 10511
f 10421 10510 10511
f 10422 10421 10511
f 10420 10508 10510
f 10421 10420 10510
f 10507 10420 10419
f 10507 10508 10420
f 10509 10508 10507
f 10507 10418 10506
f 10507 10419 10418
f 10506 10417 10505
f 10506 10418 10417
f 10505 10416 10504
f 10505 10417 10416
f 10504 10415 10503
f 10504 10416 10415
f 10503 10414 10502
f 10503 10415 10414
f 10502 10413 10501
f 10502 10414 10413
f 10501 10413 10500
f 10413 10402 10500
f 10500 10402 10493
f 10499 10500 10493
f 10499 10493 10492
f 10498 10499 10412
f 10499 10492 10412
f 10412 10492 10398
f 10498 10411 10497
f 10498 10412 10411
f 10497 10410 10496
f 10497 10411 10410
f 10408 10496 10410
f 10408 10495 10496
f 10494 10495 10408
f 10494 10408 10409
f 10402 10400 10493
f 10399 10492 10493
f 10400 10399 10493
f 10492 10399 10398
f 10481 10482 10491
f 10395 10491 10490
f 10395 10481 10491
f 10388 10481 10395
f 10489 10394 10490
f 10394 10395 10490
f 10488 10393 10489
f 10393 10394 10489
f 10487 10392 10488
f 10392 10393 10488
f 10384 10392 10487
f 10480 10384 10487
f 10471 10472 10486
f 10471 10486 10485
f 10470 10471 10485
f 10391 10485 10484
f 10391 10470 10485
f 10375 10470 10391
f 10483 10390 10484
f 10390 10391 10484
f 10390 10483 10389
f 10483 10482 10389
f 10389 10482 10481
f 10388 10389 10481
f 10384 10480 10479
f 10384 10479 10382
f 10372 10382 10479
f 10469 10372 10479
f 10463 10464 10478
f 10463 10478 10477
f 10462 10463 10477
f 10381 10477 10476
f 10381 10462 10477
f 10366 10462 10381
f 10475 10380 10476
f 10380 10381 10476
f 10474 10379 10475
f 10379 10380 10475
f 10473 10378 10474
f 10378 10379 10474
f 10378 10473 10377
f 10473 10472 10377
f 10377 10472 10471
f 10471 10470 10376
f 10471 10376 10377
f 10375 10376 10470
f 10372 10469 10362
f 10469 10468 10362
f 10362 10468 10460
f 10461 10460 10468
f 10457 10458 10467
f 10370 10467 10466
f 10370 10457 10467
f 10358 10457 10370
f 10465 10369 10466
f 10369 10370 10466
f 10369 10465 10368
f 10465 10464 10368
f 10368 10464 10463
f 10463 10462 10367
f 10463 10367 10368
f 10366 10367 10462
f 10460 10361 10362
f 10357 10461 10456
f 10357 10460 10461
f 10361 10460 10357
f 10454 10459 10360
f 10354 10454 10360
f 10360 10459 10359
f 10459 10458 10359
f 10359 10458 10457
f 10358 10359 10457
f 10456 10453 10357
f 10453 10353 10357
f 10451 10455 10355
f 10352 10451 10355
f 10454 10354 10355
f 10454 10355 10455
f 10353 10453 10351
f 10453 10452 10351
f 10351 10452 10449
f 10450 10449 10452
f 10352 10448 10451
f 10352 10348 10448
f 10449 10350 10351
f 10346 10450 10447
f 10346 10449 10450
f 10350 10449 10346
f 10349 10344 10444
f 10448 10348 10445
f 10348 10349 10445
f 10445 10349 10444
f 10447 10443 10346
f 10443 10343 10346
f 10442 10344 10341
f 10442 10444 10344
f 10446 10444 10442
f 10445 10444 10446
f 10443 10440 10343
f 10440 10340 10343
f 10337 10442 10341
f 10337 10441 10442
f 10437 10441 10337
f 10441 10437 10438
f 10339 10439 10436
f 10339 10436 10335
f 10339 10340 10440
f 10439 10339 10440
f 10337 10336 10437
f 10434 10438 10334
f 10438 10437 10334
f 10334 10437 10336
f 10435 10428 10427
f 10436 10331 10335
f 10436 10427 10331
f 10435 10427 10436
f 10329 10434 10334
f 10329 10433 10434
f 10426 10433 10329
f 10432 10433 10426
f 10432 10426 10425
f 10431 10432 10333
f 10432 10425 10333
f 10333 10425 10326
f 10431 10333 10430
f 10333 10325 10430
f 10430 10325 10423
f 10430 10423 10424
f 10332 10429 10409
f 10332 10409 10316
f 10330 10429 10332
f 10330 10428 10429
f 10427 10428 10330
f 10427 10330 10331
f 10329 10328 10426
f 10327 10425 10426
f 10328 10327 10426
f 10425 10327 10326
f 10325 10323 10423
f 10422 10323 10322
f 10422 10423 10323
f 10424 10423 10422
f 10422 10321 10421
f 10422 10322 10321
f 10421 10320 10420
f 10421 10321 10320
f 10420 10319 10419
f 10420 10320 10319
f 10419 10319 10418
f 10319 10314 10418
f 10418 10314 10407
f 10417 10418 10407
f 10417 10407 10406
f 10416 10417 10406
f 10416 10406 10405
f 10415 10416 10405
f 10415 10405 10404
f 10414 10415 10404
f 10414 10404 10403
f 10413 10414 10403
f 10413 10403 10401
f 10413 10401 10402
f 10412 10398 10397
f 10411 10412 10397
f 10411 10397 10396
f 10410 10411 10318
f 10411 10396 10318
f 10318 10396 10302
f 10410 10317 10408
f 10410 10318 10317
f 10317 10316 10409
f 10408 10317 10409
f 10314 10312 10407
f 10311 10406 10407
f 10312 10311 10407
f 10310 10405 10406
f 10311 10310 10406
f 10309 10404 10405
f 10310 10309 10405
f 10308 10403 10404
f 10309 10308 10404
f 10307 10401 10403
f 10308 10307 10403
f 10400 10307 10306
f 10400 10401 10307
f 10402 10401 10400
f 10400 10305 10399
f 10400 10306 10305
f 10304 10399 10305
f 10304 10398 10399
f 10397 10398 10304
f 10303 10396 10397
f 10304 10303 10397
f 10396 10303 10302
f 10387 10388 10395
f 10387 10395 10394
f 10386 10387 10394
f 10386 10394 10393
f 10385 10386 10393
f 10385 10393 10392
f 10383 10385 10392
f 10384 10383 10392
f 10374 10375 10391
f 10374 10391 10390
f 10373 10374 10390
f 10300 10390 10389
f 10300 10373 10390
f 10290 10373 10300
f 10300 10389 10299
f 10389 10388 10299
f 10299 10388 10387
f 10387 10386 10298
f 10387 10298 10299
f 10386 10385 10297
f 10386 10297 10298
f 10385 10383 10296
f 10385 10296 10297
f 10288 10296 10371
f 10371 10296 10382
f 10382 10296 10383
f 10382 10383 10384
f 10372 10371 10382
f 10365 10366 10381
f 10365 10381 10380
f 10364 10365 10380
f 10364 10380 10379
f 10363 10364 10379
f 10295 10379 10378
f 10295 10363 10379
f 10278 10363 10295
f 10377 10294 10378
f 10294 10295 10378
f 10376 10293 10377
f 10293 10294 10377
f 10293 10376 10292
f 10376 10375 10292
f 10292 10375 10374
f 10374 10373 10291
f 10374 10291 10292
f 10290 10291 10373
f 10371 10286 10288
f 10276 10372 10362
f 10276 10371 10372
f 10286 10371 10276
f 10358 10370 10285
f 10272 10358 10285
f 10369 10284 10370
f 10284 10285 10370
f 10368 10283 10369
f 10283 10284 10369
f 10367 10282 10368
f 10282 10283 10368
f 10282 10367 10281
f 10367 10366 10281
f 10281 10366 10365
f 10365 10364 10280
f 10365 10280 10281
f 10364 10363 10279
f 10364 10279 10280
f 10278 10279 10363
f 10276 10362 10269
f 10362 10361 10269
f 10269 10361 10356
f 10357 10356 10361
f 10354 10360 10274
f 10266 10354 10274
f 10359 10273 10360
f 10273 10274 10360
f 10358 10272 10273
f 10358 10273 10359
f 10356 10268 10269
f 10265 10357 10353
f 10265 10356 10357
f 10268 10356 10265
f 10352 10355 10267
f 10262 10352 10267
f 10354 10266 10267
f 10354 10267 10355
f 10353 10351 10265
f 10351 10261 10265
f 10263 10260 10347
f 10352 10262 10348
f 10262 10263 10348
f 10348 10263 10347
f 10261 10351 10259
f 10351 10350 10259
f 10259 10350 10345
f 10346 10345 10350
f 10344 10260 10258
f 10344 10347 10260
f 10349 10347 10344
f 10348 10347 10349
f 10345 10342 10257
f 10345 10257 10259
f 10345 10346 10343
f 10342 10345 10343
f 10258 10341 10344
f 10258 10256 10341
f 10342 10338 10255
f 10342 10255 10257
f 10342 10343 10340
f 10338 10342 10340
f 10256 10337 10341
f 10256 10254 10337
f 10252 10255 10335
f 10255 10338 10335
f 10335 10338 10339
f 10339 10338 10340
f 10336 10337 10254
f 10253 10336 10254
f 10336 10253 10251
f 10336 10251 10334
f 10335 10331 10252
f 10331 10249 10252
f 10251 10329 10334
f 10251 10247 10329
f 10333 10326 10324
f 10333 10324 10325
f 10332 10316 10315
f 10330 10332 10248
f 10332 10315 10248
f 10248 10315 10238
f 10248 10249 10331
f 10330 10248 10331
f 10328 10329 10247
f 10246 10328 10247
f 10328 10245 10327
f 10328 10246 10245
f 10244 10327 10245
f 10244 10326 10327
f 10324 10326 10244
f 10323 10244 10243
f 10323 10324 10244
f 10325 10324 10323
f 10323 10242 10322
f 10323 10243 10242
f 10322 10241 10321
f 10322 10242 10241
f 10321 10240 10320
f 10321 10241 10240
f 10320 10240 10319
f 10240 10236 10319
f 10319 10236 10313
f 10319 10313 10314
f 10318 10302 10301
f 10317 10318 10239
f 10318 10301 10239
f 10239 10301 10223
f 10237 10317 10239
f 10237 10316 10317
f 10315 10316 10237
f 10315 10237 10238
f 10236 10235 10313
f 10312 10235 10234
f 10312 10313 10235
f 10314 10313 10312
f 10312 10233 10311
f 10312 10234 10233
f 10311 10232 10310
f 10311 10233 10232
f 10310 10231 10309
f 10310 10232 10231
f 10309 10230 10308
f 10309 10231 10230
f 10308 10229 10307
f 10308 10230 10229
f 10307 10228 10306
f 10307 10229 10228
f 10306 10227 10305
f 10306 10228 10227
f 10305 10226 10304
f 10305 10227 10226
f 10304 10225 10303
f 10304 10226 10225
f 10224 10303 10225
f 10224 10302 10303
f 10301 10302 10224
f 10301 10224 10223
f 10290 10300 10220
f 10213 10290 10220
f 10299 10219 10300
f 10219 10220 10300
f 10298 10218 10299
f 10218 10219 10299
f 10297 10218 10298
f 10297 10210 10218
f 10289 10210 10297
f 10289 10297 10296
f 10287 10289 10296
f 10288 10287 10296
f 10277 10278 10295
f 10217 10295 10294
f 10217 10277 10295
f 10200 10277 10217
f 10293 10216 10294
f 10216 10217 10294
f 10292 10215 10293
f 10215 10216 10293
f 10291 10214 10292
f 10214 10215 10292
f 10290 10213 10214
f 10290 10214 10291
f 10289 10208 10210
f 10289 10287 10207
f 10289 10207 10208
f 10197 10207 10275
f 10275 10207 10286
f 10286 10207 10287
f 10286 10287 10288
f 10276 10275 10286
f 10271 10272 10285
f 10271 10285 10284
f 10270 10271 10284
f 10206 10284 10283
f 10206 10270 10284
f 10191 10270 10206
f 10282 10205 10283
f 10205 10206 10283
f 10281 10204 10282
f 10204 10205 10282
f 10280 10203 10281
f 10203 10204 10281
f 10279 10202 10280
f 10202 10203 10280
f 10202 10279 10201
f 10279 10278 10201
f 10201 10278 10277
f 10200 10201 10277
f 10275 10196 10197
f 10189 10276 10269
f 10189 10275 10276
f 10196 10275 10189
f 10266 10274 10195
f 10187 10266 10195
f 10273 10194 10274
f 10194 10195 10274
f 10194 10273 10193
f 10273 10272 10193
f 10193 10272 10271
f 10271 10270 10192
f 10271 10192 10193
f 10191 10192 10270
f 10189 10269 10186
f 10269 10268 10186
f 10186 10268 10264
f 10265 10264 10268
f 10262 10267 10188
f 10183 10262 10188
f 10266 10187 10188
f 10266 10188 10267
f 10264 10185 10186
f 10182 10265 10261
f 10182 10264 10265
f 10185 10264 10182
f 10260 10263 10184
f 10180 10260 10184
f 10262 10183 10184
f 10262 10184 10263
f 10261 10259 10182
f 10259 10179 10182
f 10180 10258 10260
f 10180 10178 10258
f 10259 10257 10179
f 10257 10177 10179
f 10178 10256 10258
f 10178 10176 10256
f 10257 10255 10177
f 10255 10175 10177
f 10176 10254 10256
f 10176 10174 10254
f 10255 10252 10175
f 10252 10173 10175
f 10172 10254 10174
f 10172 10253 10254
f 10250 10253 10172
f 10253 10250 10251
f 10252 10249 10173
f 10249 10170 10173
f 10172 10171 10250
f 10247 10251 10168
f 10251 10250 10168
f 10168 10250 10171
f 10169 10248 10238
f 10169 10238 10159
f 10169 10170 10249
f 10248 10169 10249
f 10246 10247 10168
f 10166 10246 10168
f 10246 10165 10245
f 10246 10166 10165
f 10245 10164 10244
f 10245 10165 10164
f 10244 10163 10243
f 10244 10164 10163
f 10243 10162 10242
f 10243 10163 10162
f 10242 10161 10241
f 10242 10162 10161
f 10241 10160 10240
f 10241 10161 10160
f 10240 10160 10156
f 10240 10156 10236
f 10239 10223 10222
f 10237 10239 10158
f 10239 10222 10158
f 10158 10222 10143
f 10158 10159 10238
f 10237 10158 10238
f 10235 10236 10156
f 10154 10235 10156
f 10235 10153 10234
f 10235 10154 10153
f 10234 10152 10233
f 10234 10153 10152
f 10233 10151 10232
f 10233 10152 10151
f 10232 10150 10231
f 10232 10151 10150
f 10231 10150 10230
f 10150 10140 10230
f 10230 10140 10221
f 10229 10230 10149
f 10230 10221 10149
f 10149 10221 10137
f 10229 10148 10228
f 10229 10149 10148
f 10228 10147 10227
f 10228 10148 10147
f 10227 10146 10226
f 10227 10147 10146
f 10226 10145 10225
f 10226 10146 10145
f 10225 10144 10224
f 10225 10145 10144
f 10142 10224 10144
f 10142 10223 10224
f 10222 10223 10142
f 10222 10142 10143
f 10140 10138 10221
f 10221 10138 10137
f 10212 10213 10220
f 10212 10220 10219
f 10211 10212 10219
f 10211 10219 10218
f 10209 10211 10218
f 10210 10209 10218
f 10199 10200 10217
f 10199 10217 10216
f 10198 10199 10216
f 10131 10216 10215
f 10131 10198 10216
f 10117 10198 10131
f 10214 10130 10215
f 10130 10131 10215
f 10130 10214 10129
f 10214 10213 10129
f 10129 10213 10212
f 10212 10211 10128
f 10212 10128 10129
f 10211 10209 10127
f 10211 10127 10128
f 10126 10127 10208
f 10127 10209 10208
f 10208 10209 10210
f 10207 10125 10208
f 10125 10126 10208
f 10115 10125 10207
f 10197 10115 10207
f 10190 10191 10206
f 10124 10206 10205
f 10124 10190 10206
f 10107 10190 10124
f 10204 10123 10205
f 10123 10124 10205
f 10203 10122 10204
f 10122 10123 10204
f 10202 10121 10203
f 10121 10122 10203
f 10201 10120 10202
f 10120 10121 10202
f 10120 10201 10119
f 10201 10200 10119
f 10119 10200 10199
f 10199 10198 10118
f 10199 10118 10119
f 10117 10118 10198
f 10115 10197 10196
f 10115 10196 10113
f 10105 10113 10196
f 10189 10105 10196
f 10187 10195 10112
f 10103 10187 10112
f 10194 10111 10195
f 10111 10112 10195
f 10193 10110 10194
f 10110 10111 10194
f 10192 10109 10193
f 10109 10110 10193
f 10109 10192 10108
f 10192 10191 10108
f 10108 10191 10190
f 10107 10108 10190
f 10189 10186 10105
f 10186 10102 10105
f 10183 10188 10104
f 10100 10183 10104
f 10187 10103 10104
f 10187 10104 10188
f 10102 10186 10099
f 10186 10185 10099
f 10099 10185 10181
f 10182 10181 10185
f 10180 10184 10101
f 10097 10180 10101
f 10183 10100 10101
f 10183 10101 10184
f 10181 10098 10099
f 10096 10182 10179
f 10096 10181 10182
f 10098 10181 10096
f 10097 10178 10180
f 10097 10094 10178
f 10179 10177 10096
f 10177 10093 10096
f 10094 10176 10178
f 10094 10091 10176
f 10177 10175 10093
f 10175 10089 10093
f 10091 10174 10176
f 10091 10088 10174
f 10175 10173 10089
f 10173 10086 10089
f 10088 10172 10174
f 10088 10085 10172
f 10173 10170 10086
f 10170 10083 10086
f 10080 10172 10085
f 10080 10171 10172
f 10167 10171 10080
f 10171 10167 10168
f 10082 10169 10159
f 10082 10159 10072
f 10082 10083 10170
f 10169 10082 10170
f 10080 10078 10167
f 10157 10078 10069
f 10166 10078 10157
f 10167 10078 10166
f 10168 10167 10166
f 10165 10166 10077
f 10166 10157 10077
f 10077 10157 10067
f 10165 10076 10164
f 10165 10077 10076
f 10164 10075 10163
f 10164 10076 10075
f 10163 10074 10162
f 10163 10075 10074
f 10162 10073 10161
f 10162 10074 10073
f 10161 10073 10160
f 10073 10065 10160
f 10160 10065 10155
f 10160 10155 10156
f 10071 10158 10143
f 10071 10143 10059
f 10071 10072 10159
f 10158 10071 10159
f 10069 10066 10157
f 10157 10066 10067
f 10065 10064 10155
f 10154 10064 10063
f 10154 10155 10064
f 10156 10155 10154
f 10154 10062 10153
f 10154 10063 10062
f 10153 10061 10152
f 10153 10062 10061
f 10152 10061 10151
f 10061 10057 10151
f 10151 10057 10141
f 10150 10151 10141
f 10150 10141 10139
f 10150 10139 10140
f 10149 10137 10136
f 10148 10149 10136
f 10148 10136 10135
f 10147 10148 10135
f 10147 10135 10134
f 10146 10147 10134
f 10146 10134 10133
f 10145 10146 10133
f 10145 10133 10132
f 10144 10145 10060
f 10145 10132 10060
f 10060 10132 10049
f 10144 10058 10142
f 10144 10060 10058
f 10058 10059 10143
f 10142 10058 10143
f 10057 10056 10141
f 10055 10139 10141
f 10056 10055 10141
f 10138 10055 10054
f 10138 10139 10055
f 10140 10139 10138
f 10053 10138 10054
f 10053 10137 10138
f 10136 10137 10053
f 10052 10135 10136
f 10053 10052 10136
f 10051 10134 10135
f 10052 10051 10135
f 10050 10133 10134
f 10051 10050 10134
f 10048 10132 10133
f 10050 10048 10133
f 10132 10048 10049
f 10116 10117 10131
f 10047 10131 10130
f 10047 10116 10131
f 10035 10116 10047
f 10129 10046 10130
f 10046 10047 10130
f 10128 10045 10129
f 10045 10046 10129
f 10127 10044 10128
f 10044 10045 10128
f 10126 10043 10127
f 10043 10044 10127
f 10125 10043 10126
f 10125 10033 10043
f 10114 10033 10125
f 10115 10114 10125
f 10106 10107 10124
f 10042 10124 10123
f 10042 10106 10124
f 10021 10106 10042
f 10122 10041 10123
f 10041 10042 10123
f 10121 10040 10122
f 10040 10041 10122
f 10120 10039 10121
f 10039 10040 10121
f 10119 10038 10120
f 10038 10039 10120
f 10118 10037 10119
f 10037 10038 10119
f 10037 10118 10036
f 10118 10117 10036
f 10036 10117 10116
f 10035 10036 10116
f 10114 10031 10033
f 10030 10031 10113
f 10031 10114 10113
f 10113 10114 10115
f 10019 10030 10113
f 10105 10019 10113
f 10103 10112 10029
f 10016 10103 10029
f 10111 10028 10112
f 10028 10029 10112
f 10110 10027 10111
f 10027 10028 10111
f 10109 10025 10110
f 10025 10027 10110
f 10108 10023 10109
f 10023 10025 10109
f 10023 10108 10022
f 10108 10107 10022
f 10022 10107 10106
f 10021 10022 10106
f 10105 10102 10019
f 10102 10015 10019
f 10100 10104 10017
f 10013 10100 10017
f 10103 10016 10017
f 10103 10017 10104
f 10102 10099 10015
f 10099 10012 10015
f 10097 10101 10014
f 10011 10097 10014
f 10100 10013 10014
f 10100 10014 10101
f 10012 10099 10010
f 10099 10098 10010
f 10010 10098 10095
f 10096 10095 10098
f 10011 10094 10097
f 10011 10008 10094
f 10095 10092 10006
f 10095 10006 10010
f 10095 10096 10093
f 10092 10095 10093
f 10009 10004 10090
f 10094 10008 10091
f 10008 10009 10091
f 10091 10009 10090
f 10092 10005 10006
f 10003 10093 10089
f 10003 10092 10093
f 10005 10092 10003
f 10001 10087 10090
f 10004 10001 10090
f 10088 10091 10090
f 10088 10090 10087
f 10089 10086 10003
f 10086 10000 10003
f 9997 10084 10087
f 10001 9997 10087
f 10085 10088 10087
f 10085 10087 10084
f 10081 9996 9999
f 10083 10000 10086
f 10083 9999 10000
f 10081 9999 10083
f 9995 10079 10084
f 9997 9995 10084
f 10080 10085 10084
f 10080 10084 10079
f 9988 9996 10072
f 9996 10081 10072
f 10072 10081 10082
f 10082 10081 10083
f 9986 10070 10079
f 9995 9986 10079
f 10070 10068 10079
f 10068 10078 10079
f 10079 10078 10080
f 10078 10068 10069
f 9993 10077 10067
f 9993 10067 9982
f 10077 9992 10076
f 10077 9993 9992
f 10076 9991 10075
f 10076 9992 9991
f 10075 9990 10074
f 10075 9991 9990
f 10074 9989 10073
f 10074 9990 9989
f 10073 9989 9980
f 10073 9980 10065
f 9987 10071 10059
f 9987 10059 9973
f 9987 9988 10072
f 10071 9987 10072
f 9986 9984 10070
f 9983 10068 10070
f 9984 9983 10070
f 10066 9983 9981
f 10066 10068 9983
f 10069 10068 10066
f 9981 9982 10067
f 10066 9981 10067
f 10064 10065 9980
f 9978 10064 9980
f 10064 9977 10063
f 10064 9978 9977
f 10063 9976 10062
f 10063 9977 9976
f 10062 9975 10061
f 10062 9976 9975
f 10061 9975 9970
f 10061 9970 10057
f 9974 10060 10049
f 9974 10049 9962
f 10060 9972 10058
f 10060 9974 9972
f 9972 9973 10059
f 10058 9972 10059
f 10056 10057 9970
f 9969 10056 9970
f 10056 9968 10055
f 10056 9969 9968
f 10055 9967 10054
f 10055 9968 9967
f 10054 9966 10053
f 10054 9967 9966
f 10053 9965 10052
f 10053 9966 9965
f 10052 9964 10051
f 10052 9965 9964
f 10051 9963 10050
f 10051 9964 9963
f 10050 9961 10048
f 10050 9963 9961
f 9961 9962 10049
f 10048 9961 10049
f 10034 10035 10047
f 9937 10047 10046
f 9937 10034 10047
f 9923 10034 9937
f 10045 9936 10046
f 9936 9937 10046
f 10044 9935 10045
f 9935 9936 10045
f 10043 9935 10044
f 10043 9920 9935
f 10032 9920 10043
f 10033 10032 10043
f 9934 9913 10026
f 9934 10026 10024
f 9933 9934 10024
f 9933 10024 10020
f 9932 9933 10020
f 9932 10042 9931
f 9932 10021 10042
f 10020 10021 9932
f 10041 9930 10042
f 9930 9931 10042
f 10040 9929 10041
f 9929 9930 10041
f 10039 9928 10040
f 9928 9929 10040
f 10038 9927 10039
f 9927 9928 10039
f 10037 9926 10038
f 9926 9927 10038
f 10036 9925 10037
f 9925 9926 10037
f 9925 10036 9924
f 10036 10035 9924
f 9924 10035 10034
f 9923 9924 10034
f 10032 9918 9920
f 9917 9918 10031
f 9918 10032 10031
f 10031 10032 10033
f 10030 9917 10031
f 10030 9911 9917
f 10018 9911 10030
f 10019 10018 10030
f 10016 10029 9916
f 9908 10016 9916
f 10028 9915 10029
f 9915 9916 10029
f 10027 9914 10028
f 9914 9915 10028
f 10027 10025 9914
f 10025 10026 9914
f 9914 10026 9913
f 10025 10023 10024
f 10025 10024 10026
f 10023 10022 10020
f 10023 10020 10024
f 10021 10020 10022
f 10018 9910 9911
f 9906 10019 10015
f 9906 10018 10019
f 9910 10018 9906
f 10013 10017 9909
f 9903 10013 9909
f 10016 9908 9909
f 10016 9909 10017
f 10015 10012 9906
f 10012 9901 9906
f 10011 10014 9904
f 9899 10011 9904
f 10013 9903 9904
f 10013 9904 10014
f 10012 10010 9901
f 10010 9898 9901
f 9900 9897 10007
f 10011 9899 10008
f 9899 9900 10008
f 10008 9900 10007
f 10010 10006 9898
f 10006 9896 9898
f 10004 9897 9895
f 10004 10007 9897
f 10009 10007 10004
f 10008 10007 10009
f 9896 10006 9894
f 10006 10005 9894
f 9894 10005 10002
f 10003 10002 10005
f 9895 10001 10004
f 9895 9893 10001
f 10002 9998 9892
f 10002 9892 9894
f 10002 10003 10000
f 9998 10002 10000
f 9893 9997 10001
f 9893 9890 9997
f 9888 9892 9996
f 9892 9998 9996
f 9996 9998 9999
f 9999 9998 10000
f 9891 9887 9994
f 9997 9890 9995
f 9890 9891 9995
f 9995 9891 9994
f 9996 9988 9888
f 9988 9882 9888
f 9880 9985 9994
f 9887 9880 9994
f 9986 9995 9994
f 9986 9994 9985
f 9886 9993 9982
f 9886 9982 9877
f 9993 9885 9992
f 9993 9886 9885
f 9992 9884 9991
f 9992 9885 9884
f 9991 9883 9990
f 9991 9884 9883
f 9990 9883 9989
f 9883 9874 9989
f 9989 9874 9979
f 9989 9979 9980
f 9881 9987 9973
f 9881 9973 9866
f 9881 9882 9988
f 9987 9881 9988
f 9880 9879 9985
f 9971 9879 9864
f 9984 9879 9971
f 9985 9879 9984
f 9986 9985 9984
f 9983 9984 9878
f 9984 9971 9878
f 9878 9971 9862
f 9983 9876 9981
f 9983 9878 9876
f 9876 9877 9982
f 9981 9876 9982
f 9874 9872 9979
f 9978 9872 9871
f 9978 9979 9872
f 9980 9979 9978
f 9978 9870 9977
f 9978 9871 9870
f 9977 9869 9976
f 9977 9870 9869
f 9976 9868 9975
f 9976 9869 9868
f 9975 9868 9860
f 9975 9860 9970
f 9867 9974 9962
f 9867 9962 9851
f 9974 9865 9972
f 9974 9867 9865
f 9865 9866 9973
f 9972 9865 9973
f 9864 9861 9971
f 9971 9861 9862
f 9969 9970 9860
f 9859 9969 9860
f 9969 9858 9968
f 9969 9859 9858
f 9968 9857 9967
f 9968 9858 9857
f 9967 9856 9966
f 9967 9857 9856
f 9966 9855 9965
f 9966 9856 9855
f 9965 9854 9964
f 9965 9855 9854
f 9964 9853 9963
f 9964 9854 9853
f 9963 9852 9961
f 9963 9853 9852
f 9852 9851 9962
f 9961 9852 9962
f 9847 9843 9960
f 9960 9841 9847
f 9836 9959 9960
f 9843 9836 9960
f 9959 9834 9841
f 9960 9959 9841
f 9826 9958 9959
f 9836 9826 9959
f 9957 9959 9958
f 9957 9834 9959
f 9832 9834 9957
f 9957 9824 9832
f 9827 9818 9956
f 9958 9956 9955
f 9958 9827 9956
f 9826 9827 9958
f 9957 9958 9954
f 9958 9955 9954
f 9954 9816 9824
f 9957 9954 9824
f 9809 9953 9956
f 9818 9809 9956
f 9955 9956 9952
f 9956 9953 9952
f 9954 9955 9951
f 9955 9952 9951
f 9951 9807 9816
f 9954 9951 9816
f 9796 9950 9953
f 9809 9796 9953
f 9952 9953 9949
f 9953 9950 9949
f 9951 9952 9948
f 9952 9949 9948
f 9947 9951 9948
f 9947 9807 9951
f 9805 9807 9947
f 9805 9947 9946
f 9803 9805 9946
f 9946 9794 9803
f 9786 9945 9950
f 9796 9786 9950
f 9949 9950 9944
f 9950 9945 9944
f 9948 9949 9943
f 9949 9944 9943
f 9947 9948 9942
f 9948 9943 9942
f 9946 9947 9941
f 9947 9942 9941
f 9941 9781 9794
f 9946 9941 9794
f 9773 9940 9945
f 9786 9773 9945
f 9944 9945 9939
f 9945 9940 9939
f 9939 9943 9944
f 9939 9784 9943
f 9770 9784 9939
f 9783 9942 9943
f 9784 9783 9943
f 9782 9941 9942
f 9783 9782 9942
f 9941 9782 9781
f 9759 9938 9940
f 9773 9759 9940
f 9938 9939 9940
f 9938 9771 9939
f 9756 9771 9938
f 9939 9771 9770
f 9759 9757 9938
f 9938 9757 9756
f 9922 9923 9937
f 9922 9937 9936
f 9921 9922 9936
f 9921 9936 9935
f 9919 9921 9935
f 9920 9919 9935
f 9716 9696 9912
f 9716 9934 9715
f 9716 9913 9934
f 9912 9913 9716
f 9933 9714 9934
f 9714 9715 9934
f 9932 9713 9933
f 9713 9714 9933
f 9931 9712 9932
f 9712 9713 9932
f 9930 9711 9931
f 9711 9712 9931
f 9929 9710 9930
f 9710 9711 9930
f 9928 9709 9929
f 9709 9710 9929
f 9927 9708 9928
f 9708 9709 9928
f 9926 9707 9927
f 9707 9708 9927
f 9925 9706 9926
f 9706 9707 9926
f 9924 9705 9925
f 9705 9706 9925
f 9705 9924 9704
f 9924 9923 9704
f 9704 9923 9922
f 9922 9921 9703
f 9922 9703 9704
f 9921 9919 9702
f 9921 9702 9703
f 9701 9702 9918
f 9702 9919 9918
f 9918 9919 9920
f 9917 9700 9918
f 9700 9701 9918
f 9694 9700 9917
f 9911 9694 9917
f 9699 9692 9907
f 9699 9916 9698
f 9699 9908 9916
f 9907 9908 9699
f 9915 9697 9916
f 9697 9698 9916
f 9915 9914 9697
f 9914 9912 9697
f 9697 9912 9696
f 9913 9912 9914
f 9694 9911 9691
f 9911 9910 9691
f 9691 9910 9905
f 9906 9905 9910
f 9693 9689 9902
f 9693 9902 9692
f 9692 9902 9907
f 9907 9902 9903
f 9907 9903 9909
f 9908 9907 9909
f 9905 9690 9691
f 9688 9906 9901
f 9688 9905 9906
f 9690 9905 9688
f 9899 9689 9685
f 9899 9902 9689
f 9904 9902 9899
f 9903 9902 9904
f 9901 9898 9688
f 9898 9684 9688
f 9897 9900 9686
f 9683 9897 9686
f 9899 9685 9686
f 9899 9686 9900
f 9898 9896 9684
f 9896 9682 9684
f 9683 9895 9897
f 9683 9681 9895
f 9896 9894 9682
f 9894 9680 9682
f 9681 9893 9895
f 9681 9678 9893
f 9894 9892 9680
f 9892 9677 9680
f 9679 9676 9889
f 9893 9678 9890
f 9678 9679 9890
f 9890 9679 9889
f 9892 9888 9677
f 9888 9675 9677
f 9887 9676 9674
f 9887 9889 9676
f 9891 9889 9887
f 9890 9889 9891
f 9888 9882 9675
f 9882 9669 9675
f 9674 9880 9887
f 9674 9667 9880
f 9875 9666 9673
f 9672 9886 9673
f 9886 9877 9673
f 9673 9877 9875
f 9886 9671 9885
f 9886 9672 9671
f 9885 9670 9884
f 9885 9671 9670
f 9884 9670 9883
f 9670 9664 9883
f 9883 9664 9873
f 9883 9873 9874
f 9668 9881 9866
f 9668 9866 9657
f 9668 9669 9882
f 9881 9668 9882
f 9655 9880 9667
f 9655 9879 9880
f 9863 9879 9655
f 9879 9863 9864
f 9665 9878 9862
f 9665 9862 9653
f 9665 9876 9878
f 9665 9875 9876
f 9666 9875 9665
f 9876 9875 9877
f 9664 9663 9873
f 9872 9663 9662
f 9872 9873 9663
f 9874 9873 9872
f 9872 9661 9871
f 9872 9662 9661
f 9871 9660 9870
f 9871 9661 9660
f 9870 9659 9869
f 9870 9660 9659
f 9869 9658 9868
f 9869 9659 9658
f 9868 9658 9651
f 9868 9651 9860
f 9867 9851 9850
f 9865 9867 9656
f 9867 9850 9656
f 9656 9850 9641
f 9656 9657 9866
f 9865 9656 9866
f 9655 9654 9863
f 9861 9654 9652
f 9861 9863 9654
f 9864 9863 9861
f 9652 9653 9862
f 9861 9652 9862
f 9859 9860 9651
f 9649 9859 9651
f 9859 9648 9858
f 9859 9649 9648
f 9858 9647 9857
f 9858 9648 9647
f 9857 9646 9856
f 9857 9647 9646
f 9856 9645 9855
f 9856 9646 9645
f 9855 9644 9854
f 9855 9645 9644
f 9854 9643 9853
f 9854 9644 9643
f 9853 9642 9852
f 9853 9643 9642
f 9640 9852 9642
f 9640 9851 9852
f 9850 9851 9640
f 9850 9640 9641
f 9637 9632 9849
f 9849 9630 9637
f 9633 9621 9848
f 9849 9848 9846
f 9849 9633 9848
f 9632 9633 9849
f 9845 9849 9846
f 9845 9630 9849
f 9628 9630 9845
f 9628 9845 9844
f 9626 9628 9844
f 9844 9619 9626
f 9622 9614 9842
f 9622 9842 9621
f 9621 9842 9848
f 9848 9842 9843
f 9848 9843 9847
f 9846 9848 9840
f 9848 9847 9840
f 9840 9847 9841
f 9845 9846 9839
f 9846 9840 9839
f 9844 9845 9838
f 9845 9839 9838
f 9837 9844 9838
f 9837 9619 9844
f 9617 9619 9837
f 9837 9612 9617
f 9606 9835 9842
f 9614 9606 9842
f 9836 9843 9842
f 9836 9842 9835
f 9833 9840 9841
f 9833 9841 9834
f 9839 9840 9831
f 9840 9833 9831
f 9838 9839 9830
f 9839 9831 9830
f 9837 9838 9829
f 9838 9830 9829
f 9828 9837 9829
f 9828 9612 9837
f 9610 9612 9828
f 9828 9604 9610
f 9595 9825 9835
f 9606 9595 9835
f 9826 9836 9835
f 9826 9835 9825
f 9834 9832 9833
f 9831 9833 9823
f 9833 9832 9823
f 9823 9832 9824
f 9830 9831 9822
f 9831 9823 9822
f 9829 9830 9821
f 9830 9822 9821
f 9828 9829 9820
f 9829 9821 9820
f 9819 9828 9820
f 9819 9604 9828
f 9602 9604 9819
f 9819 9593 9602
f 9596 9584 9817
f 9596 9817 9595
f 9595 9817 9825
f 9825 9817 9818
f 9825 9818 9827
f 9826 9825 9827
f 9815 9823 9824
f 9815 9824 9816
f 9822 9823 9814
f 9823 9815 9814
f 9821 9822 9813
f 9822 9814 9813
f 9820 9821 9812
f 9821 9813 9812
f 9819 9820 9811
f 9820 9812 9811
f 9810 9819 9811
f 9810 9593 9819
f 9591 9593 9810
f 9810 9583 9591
f 9573 9808 9817
f 9584 9573 9817
f 9809 9818 9817
f 9809 9817 9808
f 9806 9815 9816
f 9806 9816 9807
f 9814 9815 9804
f 9815 9806 9804
f 9813 9814 9802
f 9814 9804 9802
f 9812 9813 9801
f 9813 9802 9801
f 9811 9812 9800
f 9812 9801 9800
f 9810 9811 9799
f 9811 9800 9799
f 9798 9810 9799
f 9798 9583 9810
f 9581 9583 9798
f 9581 9798 9797
f 9579 9581 9797
f 9797 9571 9579
f 9563 9795 9808
f 9573 9563 9808
f 9796 9809 9808
f 9796 9808 9795
f 9807 9805 9806
f 9805 9803 9804
f 9805 9804 9806
f 9802 9804 9793
f 9804 9803 9793
f 9793 9803 9794
f 9801 9802 9792
f 9802 9793 9792
f 9800 9801 9791
f 9801 9792 9791
f 9799 9800 9790
f 9800 9791 9790
f 9798 9799 9789
f 9799 9790 9789
f 9797 9798 9788
f 9798 9789 9788
f 9788 9561 9571
f 9797 9788 9571
f 9564 9554 9787
f 9795 9787 9785
f 9795 9564 9787
f 9563 9564 9795
f 9786 9796 9795
f 9786 9795 9785
f 9780 9793 9794
f 9780 9794 9781
f 9792 9793 9779
f 9793 9780 9779
f 9791 9792 9778
f 9792 9779 9778
f 9790 9791 9777
f 9791 9778 9777
f 9789 9790 9776
f 9790 9777 9776
f 9788 9789 9775
f 9789 9776 9775
f 9775 9553 9561
f 9788 9775 9561
f 9546 9774 9787
f 9554 9546 9787
f 9785 9787 9772
f 9787 9774 9772
f 9773 9786 9785
f 9773 9785 9772
f 9784 9770 9769
f 9783 9784 9769
f 9783 9769 9768
f 9782 9783 9768
f 9782 9768 9767
f 9766 9780 9767
f 9780 9781 9767
f 9767 9781 9782
f 9779 9780 9765
f 9780 9766 9765
f 9778 9779 9764
f 9779 9765 9764
f 9777 9778 9763
f 9778 9764 9763
f 9776 9777 9762
f 9777 9763 9762
f 9775 9776 9761
f 9776 9762 9761
f 9761 9545 9553
f 9775 9761 9553
f 9538 9760 9774
f 9546 9538 9774
f 9772 9774 9758
f 9774 9760 9758
f 9759 9773 9772
f 9759 9772 9758
f 9771 9756 9755
f 9754 9769 9755
f 9769 9770 9755
f 9755 9770 9771
f 9768 9769 9753
f 9769 9754 9753
f 9767 9768 9752
f 9768 9753 9752
f 9766 9767 9751
f 9767 9752 9751
f 9765 9766 9750
f 9766 9751 9750
f 9764 9765 9749
f 9765 9750 9749
f 9763 9764 9748
f 9764 9749 9748
f 9762 9763 9747
f 9763 9748 9747
f 9761 9762 9746
f 9762 9747 9746
f 9746 9531 9545
f 9761 9746 9545
f 9538 9537 9760
f 9760 9745 9758
f 9760 9524 9745
f 9537 9524 9760
f 9745 9744 9758
f 9744 9757 9758
f 9758 9757 9759
f 9743 9755 9744
f 9755 9756 9744
f 9744 9756 9757
f 9754 9755 9742
f 9755 9743 9742
f 9753 9754 9741
f 9754 9742 9741
f 9752 9753 9740
f 9753 9741 9740
f 9751 9752 9739
f 9752 9740 9739
f 9739 9750 9751
f 9739 9536 9750
f 9522 9536 9739
f 9535 9749 9750
f 9536 9535 9750
f 9534 9748 9749
f 9535 9534 9749
f 9533 9747 9748
f 9534 9533 9748
f 9532 9746 9747
f 9533 9532 9747
f 9746 9532 9531
f 9510 9738 9745
f 9524 9510 9745
f 9744 9745 9737
f 9745 9738 9737
f 9743 9744 9736
f 9744 9737 9736
f 9742 9743 9735
f 9743 9736 9735
f 9741 9742 9734
f 9742 9735 9734
f 9740 9741 9733
f 9741 9734 9733
f 9739 9740 9732
f 9740 9733 9732
f 9732 9508 9522
f 9739 9732 9522
f 9496 9731 9738
f 9510 9496 9738
f 9737 9738 9730
f 9738 9731 9730
f 9736 9737 9729
f 9737 9730 9729
f 9735 9736 9728
f 9736 9729 9728
f 9734 9735 9727
f 9735 9728 9727
f 9733 9734 9726
f 9734 9727 9726
f 9732 9733 9725
f 9733 9726 9725
f 9725 9491 9508
f 9732 9725 9508
f 9496 9494 9731
f 9493 9730 9731
f 9494 9493 9731
f 9492 9729 9730
f 9493 9492 9730
f 9729 9724 9728
f 9729 9476 9724
f 9492 9476 9729
f 9727 9728 9723
f 9728 9724 9723
f 9726 9727 9722
f 9727 9723 9722
f 9725 9726 9721
f 9726 9722 9721
f 9720 9725 9721
f 9720 9491 9725
f 9489 9491 9720
f 9720 9472 9489
f 9476 9474 9724
f 9724 9719 9723
f 9724 9460 9719
f 9474 9460 9724
f 9722 9723 9718
f 9723 9719 9718
f 9721 9722 9717
f 9722 9718 9717
f 9717 9720 9721
f 9717 9473 9720
f 9455 9473 9717
f 9720 9473 9472
f 9460 9458 9719
f 9457 9718 9719
f 9458 9457 9719
f 9456 9717 9718
f 9457 9456 9718
f 9717 9456 9455
f 9431 9411 9695
f 9431 9716 9430
f 9431 9696 9716
f 9695 9696 9431
f 9715 9429 9716
f 9429 9430 9716
f 9714 9428 9715
f 9428 9429 9715
f 9713 9427 9714
f 9427 9428 9714
f 9712 9426 9713
f 9426 9427 9713
f 9711 9425 9712
f 9425 9426 9712
f 9710 9424 9711
f 9424 9425 9711
f 9709 9423 9710
f 9423 9424 9710
f 9708 9422 9709
f 9422 9423 9709
f 9707 9421 9708
f 9421 9422 9708
f 9706 9420 9707
f 9420 9421 9707
f 9705 9419 9706
f 9419 9420 9706
f 9704 9418 9705
f 9418 9419 9705
f 9703 9417 9704
f 9417 9418 9704
f 9702 9416 9703
f 9416 9417 9703
f 9701 9415 9702
f 9415 9416 9702
f 9700 9414 9701
f 9414 9415 9701
f 9409 9414 9700
f 9694 9409 9700
f 9692 9699 9413
f 9406 9692 9413
f 9698 9412 9699
f 9412 9413 9699
f 9698 9697 9412
f 9697 9695 9412
f 9412 9695 9411
f 9696 9695 9697
f 9694 9691 9409
f 9691 9404 9409
f 9689 9693 9407
f 9403 9689 9407
f 9692 9406 9407
f 9692 9407 9693
f 9404 9691 9402
f 9691 9690 9402
f 9402 9690 9687
f 9688 9687 9690
f 9403 9685 9689
f 9403 9399 9685
f 9687 9401 9402
f 9397 9688 9684
f 9397 9687 9688
f 9401 9687 9397
f 9683 9686 9400
f 9396 9683 9400
f 9685 9399 9400
f 9685 9400 9686
f 9684 9682 9397
f 9682 9395 9397
f 9396 9681 9683
f 9396 9394 9681
f 9682 9680 9395
f 9680 9393 9395
f 9394 9678 9681
f 9394 9391 9678
f 9680 9677 9393
f 9677 9390 9393
f 9676 9679 9392
f 9389 9676 9392
f 9678 9391 9392
f 9678 9392 9679
f 9677 9675 9390
f 9675 9388 9390
f 9389 9674 9676
f 9389 9387 9674
f 9675 9669 9388
f 9669 9382 9388
f 9387 9667 9674
f 9387 9380 9667
f 9386 9673 9666
f 9386 9666 9379
f 9673 9385 9672
f 9673 9386 9385
f 9672 9384 9671
f 9672 9385 9384
f 9671 9383 9670
f 9671 9384 9383
f 9670 9383 9376
f 9670 9376 9664
f 9381 9668 9657
f 9381 9657 9370
f 9381 9382 9669
f 9668 9381 9669
f 9380 9655 9667
f 9380 9368 9655
f 9378 9665 9653
f 9378 9653 9365
f 9378 9379 9666
f 9665 9378 9666
f 9663 9664 9376
f 9375 9663 9376
f 9663 9374 9662
f 9663 9375 9374
f 9662 9373 9661
f 9662 9374 9373
f 9661 9372 9660
f 9661 9373 9372
f 9660 9371 9659
f 9660 9372 9371
f 9659 9371 9658
f 9371 9362 9658
f 9658 9362 9650
f 9658 9650 9651
f 9369 9656 9641
f 9369 9641 9352
f 9369 9370 9657
f 9656 9369 9657
f 9654 9655 9368
f 9367 9654 9368
f 9654 9364 9652
f 9654 9367 9364
f 9364 9365 9653
f 9652 9364 9653
f 9362 9361 9650
f 9649 9361 9360
f 9649 9650 9361
f 9651 9650 9649
f 9649 9359 9648
f 9649 9360 9359
f 9648 9358 9647
f 9648 9359 9358
f 9647 9357 9646
f 9647 9358 9357
f 9646 9356 9645
f 9646 9357 9356
f 9645 9355 9644
f 9645 9356 9355
f 9644 9354 9643
f 9644 9355 9354
f 9643 9353 9642
f 9643 9354 9353
f 9642 9351 9640
f 9642 9353 9351
f 9351 9352 9641
f 9640 9351 9641
f 9347 9338 9639
f 9347 9639 9638
f 9345 9347 9638
f 9345 9638 9636
f 9343 9345 9636
f 9343 9636 9635
f 9341 9343 9635
f 9635 9336 9341
f 9339 9328 9634
f 9639 9634 9631
f 9639 9339 9634
f 9338 9339 9639
f 9639 9631 9638
f 9631 9632 9638
f 9638 9632 9637
f 9636 9638 9629
f 9638 9637 9629
f 9629 9637 9630
f 9635 9636 9627
f 9636 9629 9627
f 9625 9635 9627
f 9625 9336 9635
f 9334 9336 9625
f 9334 9625 9624
f 9332 9334 9624
f 9332 9624 9623
f 9330 9332 9623
f 9623 9327 9330
f 9322 9620 9634
f 9328 9322 9634
f 9634 9620 9631
f 9620 9621 9631
f 9631 9621 9633
f 9632 9631 9633
f 9630 9628 9629
f 9628 9626 9627
f 9628 9627 9629
f 9625 9627 9618
f 9627 9626 9618
f 9618 9626 9619
f 9624 9625 9616
f 9625 9618 9616
f 9623 9624 9615
f 9624 9616 9615
f 9615 9320 9327
f 9623 9615 9327
f 9323 9311 9613
f 9323 9613 9322
f 9322 9613 9620
f 9620 9613 9614
f 9620 9614 9622
f 9621 9620 9622
f 9619 9617 9618
f 9616 9618 9611
f 9618 9617 9611
f 9611 9617 9612
f 9615 9616 9609
f 9616 9611 9609
f 9608 9615 9609
f 9608 9320 9615
f 9318 9320 9608
f 9318 9608 9607
f 9316 9318 9607
f 9607 9310 9316
f 9299 9605 9613
f 9311 9299 9613
f 9606 9614 9613
f 9606 9613 9605
f 9612 9610 9611
f 9609 9611 9603
f 9611 9610 9603
f 9603 9610 9604
f 9608 9609 9601
f 9609 9603 9601
f 9607 9608 9600
f 9608 9601 9600
f 9599 9607 9600
f 9599 9310 9607
f 9308 9310 9599
f 9308 9599 9598
f 9306 9308 9598
f 9306 9598 9597
f 9304 9306 9597
f 9597 9298 9304
f 9289 9594 9605
f 9299 9289 9605
f 9595 9606 9605
f 9595 9605 9594
f 9604 9602 9603
f 9601 9603 9592
f 9603 9602 9592
f 9592 9602 9593
f 9600 9601 9590
f 9601 9592 9590
f 9599 9600 9589
f 9600 9590 9589
f 9598 9599 9588
f 9599 9589 9588
f 9597 9598 9587
f 9598 9588 9587
f 9586 9597 9587
f 9586 9298 9597
f 9296 9298 9586
f 9296 9586 9585
f 9294 9296 9585
f 9585 9287 9294
f 9584 9289 9280
f 9584 9594 9289
f 9596 9594 9584
f 9595 9594 9596
f 9593 9591 9592
f 9590 9592 9582
f 9592 9591 9582
f 9582 9591 9583
f 9589 9590 9580
f 9590 9582 9580
f 9588 9589 9578
f 9589 9580 9578
f 9587 9588 9577
f 9588 9578 9577
f 9586 9587 9576
f 9587 9577 9576
f 9585 9586 9575
f 9586 9576 9575
f 9574 9585 9575
f 9574 9287 9585
f 9285 9287 9574
f 9574 9278 9285
f 9281 9273 9572
f 9584 9280 9573
f 9280 9281 9573
f 9573 9281 9572
f 9583 9581 9582
f 9581 9579 9580
f 9581 9580 9582
f 9578 9580 9570
f 9580 9579 9570
f 9570 9579 9571
f 9577 9578 9569
f 9578 9570 9569
f 9576 9577 9568
f 9577 9569 9568
f 9575 9576 9567
f 9576 9568 9567
f 9574 9575 9566
f 9575 9567 9566
f 9565 9574 9566
f 9565 9278 9574
f 9276 9278 9565
f 9565 9272 9276
f 9269 9562 9572
f 9273 9269 9572
f 9563 9573 9572
f 9563 9572 9562
f 9560 9570 9571
f 9560 9571 9561
f 9569 9570 9559
f 9570 9560 9559
f 9568 9569 9558
f 9569 9559 9558
f 9567 9568 9557
f 9568 9558 9557
f 9566 9567 9556
f 9567 9557 9556
f 9565 9566 9555
f 9566 9556 9555
f 9555 9268 9272
f 9565 9555 9272
f 9554 9269 9265
f 9554 9562 9269
f 9564 9562 9554
f 9563 9562 9564
f 9552 9560 9561
f 9552 9561 9553
f 9559 9560 9551
f 9560 9552 9551
f 9558 9559 9550
f 9559 9551 9550
f 9557 9558 9549
f 9558 9550 9549
f 9556 9557 9548
f 9557 9549 9548
f 9555 9556 9547
f 9556 9548 9547
f 9547 9263 9268
f 9555 9547 9268
f 9265 9546 9554
f 9265 9260 9546
f 9544 9552 9553
f 9544 9553 9545
f 9551 9552 9543
f 9552 9544 9543
f 9550 9551 9542
f 9551 9543 9542
f 9549 9550 9541
f 9550 9542 9541
f 9548 9549 9540
f 9549 9541 9540
f 9547 9548 9539
f 9548 9540 9539
f 9539 9258 9263
f 9547 9539 9263
f 9260 9538 9546
f 9260 9255 9538
f 9530 9544 9545
f 9530 9545 9531
f 9543 9544 9529
f 9544 9530 9529
f 9542 9543 9528
f 9543 9529 9528
f 9541 9542 9527
f 9542 9528 9527
f 9540 9541 9526
f 9541 9527 9526
f 9539 9540 9525
f 9540 9526 9525
f 9525 9253 9258
f 9539 9525 9258
f 9250 9538 9255
f 9250 9537 9538
f 9523 9537 9250
f 9537 9523 9524
f 9536 9522 9521
f 9535 9536 9521
f 9535 9521 9520
f 9534 9535 9520
f 9534 9520 9519
f 9533 9534 9519
f 9533 9519 9518
f 9532 9533 9518
f 9532 9518 9517
f 9516 9530 9517
f 9530 9531 9517
f 9517 9531 9532
f 9529 9530 9515
f 9530 9516 9515
f 9528 9529 9514
f 9529 9515 9514
f 9527 9528 9513
f 9528 9514 9513
f 9526 9527 9512
f 9527 9513 9512
f 9525 9526 9511
f 9526 9512 9511
f 9511 9248 9253
f 9525 9511 9253
f 9246 9509 9523
f 9250 9246 9523
f 9510 9524 9523
f 9510 9523 9509
f 9507 9521 9522
f 9507 9522 9508
f 9520 9521 9506
f 9521 9507 9506
f 9519 9520 9505
f 9520 9506 9505
f 9518 9519 9504
f 9519 9505 9504
f 9517 9518 9503
f 9518 9504 9503
f 9516 9517 9502
f 9517 9503 9502
f 9515 9516 9501
f 9516 9502 9501
f 9514 9515 9500
f 9515 9501 9500
f 9513 9514 9499
f 9514 9500 9499
f 9512 9513 9498
f 9513 9499 9498
f 9511 9512 9497
f 9512 9498 9497
f 9497 9243 9248
f 9511 9497 9248
f 9241 9495 9509
f 9246 9241 9509
f 9496 9510 9509
f 9496 9509 9495
f 9490 9507 9508
f 9490 9508 9491
f 9506 9507 9488
f 9507 9490 9488
f 9505 9506 9487
f 9506 9488 9487
f 9504 9505 9486
f 9505 9487 9486
f 9503 9504 9485
f 9504 9486 9485
f 9502 9503 9484
f 9503 9485 9484
f 9501 9502 9483
f 9502 9484 9483
f 9500 9501 9482
f 9501 9483 9482
f 9499 9500 9481
f 9500 9482 9481
f 9498 9499 9480
f 9499 9481 9480
f 9480 9497 9498
f 9480 9244 9497
f 9237 9244 9480
f 9497 9244 9243
f 9235 9479 9495
f 9241 9235 9495
f 9479 9478 9495
f 9478 9494 9495
f 9495 9494 9496
f 9493 9494 9478
f 9493 9478 9477
f 9492 9493 9477
f 9492 9477 9475
f 9492 9475 9476
f 9491 9489 9490
f 9488 9490 9471
f 9490 9489 9471
f 9471 9489 9472
f 9487 9488 9470
f 9488 9471 9470
f 9486 9487 9469
f 9487 9470 9469
f 9485 9486 9468
f 9486 9469 9468
f 9484 9485 9467
f 9485 9468 9467
f 9483 9484 9466
f 9484 9467 9466
f 9466 9482 9483
f 9466 9239 9482
f 9230 9239 9466
f 9482 9465 9481
f 9482 9229 9465
f 9239 9229 9482
f 9465 9480 9481
f 9465 9238 9480
f 9226 9238 9465
f 9480 9238 9237
f 9223 9464 9479
f 9235 9223 9479
f 9478 9479 9463
f 9479 9464 9463
f 9477 9478 9462
f 9478 9463 9462
f 9475 9477 9461
f 9477 9462 9461
f 9461 9459 9475
f 9459 9474 9475
f 9475 9474 9476
f 9474 9459 9460
f 9473 9455 9454
f 9453 9471 9454
f 9471 9472 9454
f 9454 9472 9473
f 9470 9471 9452
f 9471 9453 9452
f 9469 9470 9451
f 9470 9452 9451
f 9451 9468 9469
f 9451 9233 9468
f 9219 9233 9451
f 9232 9467 9468
f 9233 9232 9468
f 9231 9466 9467
f 9232 9231 9467
f 9466 9231 9230
f 9229 9227 9465
f 9465 9227 9226
f 9223 9221 9464
f 9464 9450 9463
f 9464 9210 9450
f 9221 9210 9464
f 9462 9463 9449
f 9463 9450 9449
f 9461 9462 9448
f 9462 9449 9448
f 9459 9461 9447
f 9461 9448 9447
f 9447 9446 9459
f 9446 9458 9459
f 9459 9458 9460
f 9457 9458 9446
f 9457 9446 9445
f 9456 9457 9445
f 9456 9445 9444
f 9443 9454 9444
f 9454 9455 9444
f 9444 9455 9456
f 9453 9454 9442
f 9454 9443 9442
f 9452 9453 9441
f 9453 9442 9441
f 9441 9451 9452
f 9441 9220 9451
f 9207 9220 9441
f 9451 9220 9219
f 9198 9440 9450
f 9210 9198 9450
f 9449 9450 9439
f 9450 9440 9439
f 9448 9449 9438
f 9449 9439 9438
f 9447 9448 9437
f 9448 9438 9437
f 9446 9447 9436
f 9447 9437 9436
f 9445 9446 9435
f 9446 9436 9435
f 9444 9445 9434
f 9445 9435 9434
f 9443 9444 9433
f 9444 9434 9433
f 9442 9443 9432
f 9443 9433 9432
f 9432 9441 9442
f 9432 9208 9441
f 9187 9208 9432
f 9441 9208 9207
f 9198 9196 9440
f 9195 9439 9440
f 9196 9195 9440
f 9194 9438 9439
f 9195 9194 9439
f 9193 9437 9438
f 9194 9193 9438
f 9192 9436 9437
f 9193 9192 9437
f 9191 9435 9436
f 9192 9191 9436
f 9190 9434 9435
f 9191 9190 9435
f 9189 9433 9434
f 9190 9189 9434
f 9188 9432 9433
f 9189 9188 9433
f 9432 9188 9187
f 9151 9120 9410
f 9151 9431 9149
f 9151 9411 9431
f 9410 9411 9151
f 9430 9147 9431
f 9147 9149 9431
f 9429 9145 9430
f 9145 9147 9430
f 9428 9143 9429
f 9143 9145 9429
f 9427 9141 9428
f 9141 9143 9428
f 9426 9139 9427
f 9139 9141 9427
f 9425 9137 9426
f 9137 9139 9426
f 9424 9135 9425
f 9135 9137 9425
f 9423 9133 9424
f 9133 9135 9424
f 9422 9131 9423
f 9131 9133 9423
f 9421 9130 9422
f 9130 9131 9422
f 9420 9129 9421
f 9129 9130 9421
f 9419 9128 9420
f 9128 9129 9420
f 9418 9127 9419
f 9127 9128 9419
f 9417 9126 9418
f 9126 9127 9418
f 9416 9124 9417
f 9124 9126 9417
f 9415 9123 9416
f 9123 9124 9416
f 9414 9123 9415
f 9414 9118 9123
f 9408 9118 9414
f 9409 9408 9414
f 9122 9115 9405
f 9122 9413 9121
f 9122 9406 9413
f 9405 9406 9122
f 9413 9412 9121
f 9412 9410 9121
f 9121 9410 9120
f 9411 9410 9412
f 9408 9116 9118
f 9114 9409 9404
f 9114 9408 9409
f 9116 9408 9114
f 9403 9115 9112
f 9403 9405 9115
f 9407 9405 9403
f 9406 9405 9407
f 9404 9402 9114
f 9402 9110 9114
f 9113 9108 9398
f 9403 9112 9399
f 9112 9113 9399
f 9399 9113 9398
f 9110 9402 9401
f 9110 9401 9109
f 9107 9109 9401
f 9397 9107 9401
f 9396 9108 9106
f 9396 9398 9108
f 9400 9398 9396
f 9399 9398 9400
f 9397 9395 9107
f 9395 9105 9107
f 9106 9394 9396
f 9106 9104 9394
f 9395 9393 9105
f 9393 9103 9105
f 9104 9391 9394
f 9104 9101 9391
f 9393 9390 9103
f 9390 9100 9103
f 9389 9392 9102
f 9099 9389 9102
f 9391 9101 9102
f 9391 9102 9392
f 9390 9388 9100
f 9388 9098 9100
f 9099 9387 9389
f 9099 9097 9387
f 9388 9382 9098
f 9382 9091 9098
f 9097 9380 9387
f 9097 9088 9380
f 9377 9085 9096
f 9095 9386 9096
f 9386 9379 9096
f 9096 9379 9377
f 9386 9094 9385
f 9386 9095 9094
f 9385 9093 9384
f 9385 9094 9093
f 9384 9092 9383
f 9384 9093 9092
f 9383 9092 9082
f 9383 9082 9376
f 9090 9381 9370
f 9090 9370 9075
f 9090 9091 9382
f 9381 9090 9382
f 9088 9368 9380
f 9088 9366 9368
f 9087 9366 9088
f 9363 9366 9087
f 9363 9087 9084
f 9085 9363 9084
f 9377 9363 9085
f 9365 9363 9377
f 9378 9365 9377
f 9378 9377 9379
f 9375 9376 9082
f 9081 9375 9082
f 9375 9079 9374
f 9375 9081 9079
f 9374 9078 9373
f 9374 9079 9078
f 9373 9077 9372
f 9373 9078 9077
f 9372 9076 9371
f 9372 9077 9076
f 9371 9076 9073
f 9371 9073 9362
f 9074 9369 9352
f 9074 9352 9062
f 9074 9075 9370
f 9369 9074 9370
f 9366 9367 9368
f 9363 9364 9367
f 9366 9363 9367
f 9364 9363 9365
f 9361 9362 9073
f 9072 9361 9073
f 9361 9070 9360
f 9361 9072 9070
f 9360 9069 9359
f 9360 9070 9069
f 9359 9068 9358
f 9359 9069 9068
f 9358 9067 9357
f 9358 9068 9067
f 9357 9066 9356
f 9357 9067 9066
f 9356 9065 9355
f 9356 9066 9065
f 9355 9064 9354
f 9355 9065 9064
f 9354 9063 9353
f 9354 9064 9063
f 9353 9061 9351
f 9353 9063 9061
f 9061 9062 9352
f 9351 9061 9352
f 9059 9054 9350
f 9350 9052 9059
f 9055 9042 9349
f 9350 9349 9348
f 9350 9055 9349
f 9054 9055 9350
f 9346 9350 9348
f 9346 9052 9350
f 9050 9052 9346
f 9050 9346 9344
f 9048 9050 9344
f 9048 9344 9342
f 9046 9048 9342
f 9046 9342 9340
f 9044 9046 9340
f 9340 9041 9044
f 9032 9337 9349
f 9042 9032 9349
f 9349 9337 9348
f 9337 9338 9348
f 9348 9338 9347
f 9347 9345 9346
f 9347 9346 9348
f 9345 9343 9344
f 9345 9344 9346
f 9343 9341 9342
f 9343 9342 9344
f 9340 9342 9335
f 9342 9341 9335
f 9335 9341 9336
f 9333 9340 9335
f 9333 9041 9340
f 9039 9041 9333
f 9039 9333 9331
f 9037 9039 9331
f 9037 9331 9329
f 9035 9037 9329
f 9329 9030 9035
f 9328 9032 9022
f 9328 9337 9032
f 9339 9337 9328
f 9338 9337 9339
f 9336 9334 9335
f 9334 9332 9333
f 9334 9333 9335
f 9332 9330 9331
f 9332 9331 9333
f 9329 9331 9326
f 9331 9330 9326
f 9326 9330 9327
f 9325 9329 9326
f 9325 9030 9329
f 9028 9030 9325
f 9028 9325 9324
f 9026 9028 9324
f 9324 9020 9026
f 9023 9010 9321
f 9328 9022 9322
f 9022 9023 9322
f 9322 9023 9321
f 9319 9326 9327
f 9319 9327 9320
f 9325 9326 9317
f 9326 9319 9317
f 9324 9325 9315
f 9325 9317 9315
f 9314 9324 9315
f 9314 9020 9324
f 9018 9020 9314
f 9018 9314 9313
f 9016 9018 9313
f 9016 9313 9312
f 9014 9016 9312
f 9312 9009 9014
f 9311 9010 9000
f 9311 9321 9010
f 9323 9321 9311
f 9322 9321 9323
f 9320 9318 9319
f 9318 9316 9317
f 9318 9317 9319
f 9315 9317 9309
f 9317 9316 9309
f 9309 9316 9310
f 9314 9315 9307
f 9315 9309 9307
f 9313 9314 9305
f 9314 9307 9305
f 9312 9313 9303
f 9313 9305 9303
f 9302 9312 9303
f 9302 9009 9312
f 9007 9009 9302
f 9007 9302 9301
f 9005 9007 9301
f 9005 9301 9300
f 9003 9005 9300
f 9300 8999 9003
f 9000 9299 9311
f 9000 8993 9299
f 9310 9308 9309
f 9308 9306 9307
f 9308 9307 9309
f 9306 9304 9305
f 9306 9305 9307
f 9303 9305 9297
f 9305 9304 9297
f 9297 9304 9298
f 9302 9303 9295
f 9303 9297 9295
f 9301 9302 9293
f 9302 9295 9293
f 9300 9301 9292
f 9301 9293 9292
f 9291 9300 9292
f 9291 8999 9300
f 8997 8999 9291
f 8997 9291 9290
f 8995 8997 9290
f 9290 8991 8995
f 8994 8990 9288
f 9299 8993 9289
f 8993 8994 9289
f 9289 8994 9288
f 9298 9296 9297
f 9296 9294 9295
f 9296 9295 9297
f 9293 9295 9286
f 9295 9294 9286
f 9286 9294 9287
f 9292 9293 9284
f 9293 9286 9284
f 9291 9292 9283
f 9292 9284 9283
f 9290 9291 9282
f 9291 9283 9282
f 9282 8989 8991
f 9290 9282 8991
f 8988 9279 9288
f 8990 8988 9288
f 9280 9289 9288
f 9280 9288 9279
f 9287 9285 9286
f 9284 9286 9277
f 9286 9285 9277
f 9277 9285 9278
f 9283 9284 9275
f 9284 9277 9275
f 9282 9283 9274
f 9283 9275 9274
f 9274 8987 8989
f 9282 9274 8989
f 9273 8988 8986
f 9273 9279 8988
f 9281 9279 9273
f 9280 9279 9281
f 9278 9276 9277
f 9275 9277 9271
f 9277 9276 9271
f 9271 9276 9272
f 9274 9275 9270
f 9275 9271 9270
f 9270 8985 8987
f 9274 9270 8987
f 8986 9269 9273
f 8986 8983 9269
f 9267 9271 9272
f 9267 9272 9268
f 9270 9271 9266
f 9271 9267 9266
f 9266 8981 8985
f 9270 9266 8985
f 8984 8980 9264
f 9269 8983 9265
f 8983 8984 9265
f 9265 8984 9264
f 9262 9267 9268
f 9262 9268 9263
f 9266 9267 9261
f 9267 9262 9261
f 9261 8979 8981
f 9266 9261 8981
f 8978 9259 9264
f 8980 8978 9264
f 9260 9265 9264
f 9260 9264 9259
f 9257 9262 9263
f 9257 9263 9258
f 9261 9262 9256
f 9262 9257 9256
f 9256 8977 8979
f 9261 9256 8979
f 8976 9254 9259
f 8978 8976 9259
f 9255 9260 9259
f 9255 9259 9254
f 9252 9257 9258
f 9252 9258 9253
f 9256 9257 9251
f 9257 9252 9251
f 9251 8974 8977
f 9256 9251 8977
f 8972 9249 9254
f 8976 8972 9254
f 9250 9255 9254
f 9250 9254 9249
f 9247 9252 9253
f 9247 9253 9248
f 9247 9251 9252
f 9247 8973 9251
f 8970 8973 9247
f 9251 8973 8974
f 8968 9245 9249
f 8972 8968 9249
f 9246 9250 9249
f 9246 9249 9245
f 9242 9247 9248
f 9242 9248 9243
f 9242 8965 8970
f 9247 9242 8970
f 8963 9240 9245
f 8968 8963 9245
f 9241 9246 9245
f 9241 9245 9240
f 9244 9237 9236
f 9236 8961 9244
f 9244 8961 9243
f 9243 8961 8966
f 9243 8966 9242
f 9242 8966 8965
f 8958 9234 9240
f 8963 8958 9240
f 9235 9241 9240
f 9235 9240 9234
f 9239 9230 9228
f 9239 9228 9229
f 9238 9226 9225
f 9224 9236 9225
f 9236 9237 9225
f 9225 9237 9238
f 9224 8956 8961
f 9236 9224 8961
f 8954 9222 9234
f 8958 8954 9234
f 9223 9235 9234
f 9223 9234 9222
f 9233 9219 9218
f 9232 9233 9218
f 9232 9218 9217
f 9231 9232 9217
f 9231 9217 9216
f 9215 9228 9216
f 9228 9230 9216
f 9216 9230 9231
f 9215 9214 9228
f 9214 9227 9228
f 9228 9227 9229
f 9213 9225 9214
f 9225 9226 9214
f 9214 9226 9227
f 9224 9225 9212
f 9225 9213 9212
f 9212 8951 8956
f 9224 9212 8956
f 8949 9211 9222
f 8954 8949 9222
f 9211 9209 9222
f 9209 9221 9222
f 9222 9221 9223
f 9221 9209 9210
f 9220 9207 9206
f 9205 9218 9206
f 9218 9219 9206
f 9206 9219 9220
f 9217 9218 9204
f 9218 9205 9204
f 9216 9217 9203
f 9217 9204 9203
f 9215 9216 9202
f 9216 9203 9202
f 9214 9215 9201
f 9215 9202 9201
f 9213 9214 9200
f 9214 9201 9200
f 9200 9212 9213
f 9200 8952 9212
f 8947 8952 9200
f 9212 8952 8951
f 8944 9199 9211
f 8949 8944 9211
f 9209 9211 9197
f 9211 9199 9197
f 9198 9210 9209
f 9198 9209 9197
f 9208 9187 9186
f 9185 9206 9186
f 9206 9207 9186
f 9186 9207 9208
f 9205 9206 9184
f 9206 9185 9184
f 9204 9205 9183
f 9205 9184 9183
f 9203 9204 9182
f 9204 9183 9182
f 9202 9203 9181
f 9203 9182 9181
f 9201 9202 9180
f 9202 9181 9180
f 9200 9201 9179
f 9201 9180 9179
f 9179 8940 8947
f 9200 9179 8947
f 8944 8942 9199
f 9199 9178 9197
f 9199 8938 9178
f 8942 8938 9199
f 9178 9177 9197
f 9177 9196 9197
f 9197 9196 9198
f 9195 9196 9177
f 9195 9177 9176
f 9194 9195 9176
f 9194 9176 9175
f 9193 9194 9175
f 9193 9175 9174
f 9192 9193 9174
f 9192 9174 9173
f 9191 9192 9173
f 9191 9173 9172
f 9190 9191 9172
f 9190 9172 9171
f 9189 9190 9171
f 9189 9171 9170
f 9188 9189 9170
f 9188 9170 9169
f 9168 9186 9169
f 9186 9187 9169
f 9169 9187 9188
f 9185 9186 9167
f 9186 9168 9167
f 9184 9185 9166
f 9185 9167 9166
f 9183 9184 9165
f 9184 9166 9165
f 9182 9183 9164
f 9183 9165 9164
f 9181 9182 9163
f 9182 9164 9163
f 9180 9181 9162
f 9181 9163 9162
f 9162 9179 9180
f 9162 8941 9179
f 8929 8941 9162
f 9179 8941 8940
f 8938 8936 9178
f 9178 9161 9177
f 9178 8925 9161
f 8936 8925 9178
f 9176 9177 9160
f 9177 9161 9160
f 9175 9176 9159
f 9176 9160 9159
f 9174 9175 9158
f 9175 9159 9158
f 9173 9174 9157
f 9174 9158 9157
f 9172 9173 9156
f 9173 9157 9156
f 9171 9172 9155
f 9172 9156 9155
f 9155 9170 9171
f 9155 8935 9170
f 8916 8935 9155
f 8934 9169 9170
f 8935 8934 9170
f 8933 9168 9169
f 8934 8933 9169
f 9168 9154 9167
f 9168 8913 9154
f 8933 8913 9168
f 9166 9167 9153
f 9167 9154 9153
f 9165 9166 9152
f 9166 9153 9152
f 9152 9164 9165
f 9152 8932 9164
f 8908 8932 9152
f 8931 9163 9164
f 8932 8931 9164
f 8930 9162 9163
f 8931 8930 9163
f 9162 8930 8929
f 8925 8923 9161
f 8922 9160 9161
f 8923 8922 9161
f 8921 9159 9160
f 8922 8921 9160
f 8920 9158 9159
f 8921 8920 9159
f 8919 9157 9158
f 8920 8919 9158
f 8918 9156 9157
f 8919 8918 9157
f 8917 9155 9156
f 8918 8917 9156
f 9155 8917 8916
f 8913 8911 9154
f 8910 9153 9154
f 8911 8910 9154
f 8909 9152 9153
f 8910 8909 9153
f 9152 8909 8908
f 8867 8851 9150
f 8867 9150 9148
f 8866 8867 9148
f 8866 9148 9146
f 8865 8866 9146
f 8865 9146 9144
f 8864 8865 9144
f 8864 9144 9142
f 8862 8864 9142
f 8862 9142 9140
f 8860 8862 9140
f 8860 9140 9138
f 8859 8860 9138
f 8859 9138 9136
f 8858 8859 9136
f 8858 9136 9134
f 8857 8858 9134
f 8857 9134 9132
f 8856 8857 9132
f 9132 8849 8856
f 8855 8840 9125
f 9125 8838 8855
f 8853 8833 9119
f 8853 9151 8852
f 8853 9120 9151
f 9119 9120 8853
f 9151 9149 8852
f 9149 9150 8852
f 8852 9150 8851
f 9149 9147 9148
f 9149 9148 9150
f 9147 9145 9146
f 9147 9146 9148
f 9145 9143 9144
f 9145 9144 9146
f 9143 9141 9142
f 9143 9142 9144
f 9141 9139 9140
f 9141 9140 9142
f 9139 9137 9138
f 9139 9138 9140
f 9137 9135 9136
f 9137 9136 9138
f 9135 9133 9134
f 9135 9134 9136
f 9133 9131 9132
f 9133 9132 9134
f 9130 8847 9131
f 8847 8849 9131
f 9131 8849 9132
f 9129 8845 9130
f 8845 8847 9130
f 9128 8844 9129
f 8844 8845 9129
f 9127 8842 9128
f 8842 8844 9128
f 9126 8841 9127
f 8841 8842 9127
f 9126 9124 8841
f 9124 9125 8841
f 8841 9125 8840
f 9123 8836 9124
f 8836 8838 9124
f 9124 8838 9125
f 9123 8835 8836
f 9123 9117 8835
f 9118 9117 9123
f 9117 8831 8835
f 9115 9122 8834
f 8829 9115 8834
f 9122 9121 8834
f 9121 9119 8834
f 8834 9119 8833
f 9120 9119 9121
f 9118 9116 9117
f 8831 9114 8828
f 8831 9116 9114
f 9117 9116 8831
f 8830 8827 9111
f 9115 8829 9112
f 8829 8830 9112
f 9112 8830 9111
f 9114 9110 8828
f 9110 8826 8828
f 9108 8827 8824
f 9108 9111 8827
f 9113 9111 9108
f 9112 9111 9113
f 8826 9110 9109
f 8826 9109 8825
f 8823 8825 9109
f 9107 8823 9109
f 8824 9106 9108
f 8824 8821 9106
f 9107 9105 8823
f 9105 8820 8823
f 8821 9104 9106
f 8821 8819 9104
f 9105 9103 8820
f 9103 8818 8820
f 8819 9101 9104
f 8819 8816 9101
f 9103 9100 8818
f 9100 8815 8818
f 9099 9102 8817
f 8814 9099 8817
f 9101 8816 8817
f 9101 8817 9102
f 9100 9098 8815
f 9098 8812 8815
f 8814 9097 9099
f 8814 8809 9097
f 9089 8797 8811
f 9091 8812 9098
f 9091 8811 8812
f 9089 8811 9091
f 8809 9088 9097
f 8809 9086 9088
f 8808 9086 8809
f 9083 9086 8808
f 9083 8808 8806
f 8804 9096 8806
f 9096 9085 8806
f 8806 9085 9083
f 9096 8802 9095
f 9096 8804 8802
f 9095 8801 9094
f 9095 8802 8801
f 9094 8800 9093
f 9094 8801 8800
f 9093 8799 9092
f 9093 8800 8799
f 8799 8798 9092
f 8798 9080 9092
f 9092 9080 9082
f 8798 8796 9080
f 8790 8797 9075
f 8797 9089 9075
f 9075 9089 9090
f 9090 9089 9091
f 9086 9087 9088
f 9083 9084 9087
f 9086 9083 9087
f 9084 9083 9085
f 9080 9081 9082
f 9081 8795 9079
f 9081 8796 8795
f 9080 8796 9081
f 9079 8794 9078
f 9079 8795 8794
f 9078 8793 9077
f 9078 8794 8793
f 9077 8792 9076
f 9077 8793 8792
f 8792 8791 9076
f 8791 9071 9076
f 9076 9071 9073
f 8791 8788 9071
f 8789 9074 9062
f 8789 9062 8778
f 8789 8790 9075
f 9074 8789 9075
f 9071 9072 9073
f 9072 8787 9070
f 9072 8788 8787
f 9071 8788 9072
f 9070 8785 9069
f 9070 8787 8785
f 9069 8784 9068
f 9069 8785 8784
f 9068 8783 9067
f 9068 8784 8783
f 9067 8782 9066
f 9067 8783 8782
f 9066 8781 9065
f 9066 8782 8781
f 9065 8780 9064
f 9065 8781 8780
f 9064 8779 9063
f 9064 8780 8779
f 9063 8777 9061
f 9063 8779 8777
f 8777 8778 9062
f 9061 8777 9062
f 8775 8765 9060
f 8775 9060 9058
f 8773 8775 9058
f 8773 9058 9057
f 8771 8773 9057
f 8771 9057 9056
f 8769 8771 9056
f 9056 8763 8769
f 8766 8756 9053
f 8766 9053 8765
f 8765 9053 9060
f 9060 9053 9054
f 9060 9054 9059
f 9058 9060 9051
f 9060 9059 9051
f 9051 9059 9052
f 9057 9058 9049
f 9058 9051 9049
f 9056 9057 9047
f 9057 9049 9047
f 9045 9056 9047
f 9045 8763 9056
f 8761 8763 9045
f 8761 9045 9043
f 8759 8761 9043
f 9043 8755 8759
f 9042 8756 8743
f 9042 9053 8756
f 9055 9053 9042
f 9054 9053 9055
f 9052 9050 9051
f 9050 9048 9049
f 9050 9049 9051
f 9048 9046 9047
f 9048 9047 9049
f 9046 9044 9045
f 9046 9045 9047
f 9043 9045 9040
f 9045 9044 9040
f 9040 9044 9041
f 9038 9043 9040
f 9038 8755 9043
f 8753 8755 9038
f 8753 9038 9036
f 8751 8753 9036
f 8751 9036 9034
f 8749 8751 9034
f 8749 9034 9033
f 8747 8749 9033
f 9033 8741 8747
f 8744 8732 9031
f 9042 8743 9032
f 8743 8744 9032
f 9032 8744 9031
f 9041 9039 9040
f 9039 9037 9038
f 9039 9038 9040
f 9037 9035 9036
f 9037 9036 9038
f 9034 9036 9029
f 9036 9035 9029
f 9029 9035 9030
f 9033 9034 9027
f 9034 9029 9027
f 9025 9033 9027
f 9025 8741 9033
f 8739 8741 9025
f 8739 9025 9024
f 8737 8739 9024
f 9024 8731 8737
f 8720 9021 9031
f 8732 8720 9031
f 9022 9032 9031
f 9022 9031 9021
f 9030 9028 9029
f 9028 9026 9027
f 9028 9027 9029
f 9025 9027 9019
f 9027 9026 9019
f 9019 9026 9020
f 9024 9025 9017
f 9025 9019 9017
f 9015 9024 9017
f 9015 8731 9024
f 8729 8731 9015
f 8729 9015 9013
f 8727 8729 9013
f 8727 9013 9012
f 8725 8727 9012
f 8725 9012 9011
f 8723 8725 9011
f 9011 8719 8723
f 9010 8720 8714
f 9010 9021 8720
f 9023 9021 9010
f 9022 9021 9023
f 9020 9018 9019
f 9018 9016 9017
f 9018 9017 9019
f 9016 9014 9015
f 9016 9015 9017
f 9013 9015 9008
f 9015 9014 9008
f 9008 9014 9009
f 9012 9013 9006
f 9013 9008 9006
f 9011 9012 9004
f 9012 9006 9004
f 9002 9011 9004
f 9002 8719 9011
f 8717 8719 9002
f 8717 9002 9001
f 8715 8717 9001
f 9001 8713 8715
f 8714 9000 9010
f 8714 8710 9000
f 9009 9007 9008
f 9007 9005 9006
f 9007 9006 9008
f 9005 9003 9004
f 9005 9004 9006
f 9002 9004 8998
f 9004 9003 8998
f 8998 9003 8999
f 9001 9002 8996
f 9002 8998 8996
f 8996 8708 8713
f 9001 8996 8713
f 8711 8706 8992
f 9000 8710 8993
f 8710 8711 8993
f 8993 8711 8992
f 8999 8997 8998
f 8997 8995 8996
f 8997 8996 8998
f 8708 8991 8705
f 8708 8995 8991
f 8996 8995 8708
f 8990 8706 8703
f 8990 8992 8706
f 8994 8992 8990
f 8993 8992 8994
f 8991 8989 8705
f 8989 8702 8705
f 8703 8988 8990
f 8703 8700 8988
f 8989 8987 8702
f 8987 8699 8702
f 8700 8986 8988
f 8700 8696 8986
f 8987 8985 8699
f 8985 8694 8699
f 8697 8692 8982
f 8986 8696 8983
f 8696 8697 8983
f 8983 8697 8982
f 8985 8981 8694
f 8981 8691 8694
f 8980 8692 8689
f 8980 8982 8692
f 8984 8982 8980
f 8983 8982 8984
f 8981 8979 8691
f 8979 8688 8691
f 8689 8978 8980
f 8689 8685 8978
f 8979 8977 8688
f 8977 8684 8688
f 8686 8682 8975
f 8978 8685 8976
f 8685 8686 8976
f 8976 8686 8975
f 8977 8974 8684
f 8974 8681 8684
f 8680 8971 8975
f 8682 8680 8975
f 8972 8976 8975
f 8972 8975 8971
f 8973 8970 8969
f 8974 8679 8681
f 8974 8969 8679
f 8973 8969 8974
f 8678 8967 8971
f 8680 8678 8971
f 8968 8972 8971
f 8968 8971 8967
f 8964 8969 8970
f 8964 8970 8965
f 8964 8677 8679
f 8969 8964 8679
f 8676 8962 8967
f 8678 8676 8967
f 8963 8968 8967
f 8963 8967 8962
f 8966 8961 8960
f 8959 8964 8960
f 8964 8965 8960
f 8960 8965 8966
f 8959 8675 8677
f 8964 8959 8677
f 8673 8957 8962
f 8676 8673 8962
f 8958 8963 8962
f 8958 8962 8957
f 8955 8960 8961
f 8955 8961 8956
f 8955 8959 8960
f 8955 8674 8959
f 8672 8674 8955
f 8959 8674 8675
f 8670 8953 8957
f 8673 8670 8957
f 8954 8958 8957
f 8954 8957 8953
f 8950 8955 8956
f 8950 8956 8951
f 8950 8669 8672
f 8955 8950 8672
f 8667 8948 8953
f 8670 8667 8953
f 8949 8954 8953
f 8949 8953 8948
f 8952 8947 8946
f 8945 8950 8946
f 8950 8951 8946
f 8946 8951 8952
f 8945 8665 8669
f 8950 8945 8669
f 8663 8943 8948
f 8667 8663 8948
f 8944 8949 8948
f 8944 8948 8943
f 8939 8946 8947
f 8939 8947 8940
f 8939 8945 8946
f 8939 8666 8945
f 8661 8666 8939
f 8945 8666 8665
f 8663 8662 8943
f 8937 8662 8659
f 8942 8662 8937
f 8943 8662 8942
f 8944 8943 8942
f 8942 8937 8938
f 8941 8929 8928
f 8927 8939 8928
f 8939 8940 8928
f 8928 8940 8941
f 8927 8656 8661
f 8939 8927 8661
f 8654 8926 8937
f 8659 8654 8937
f 8926 8924 8937
f 8924 8936 8937
f 8937 8936 8938
f 8936 8924 8925
f 8935 8916 8915
f 8934 8935 8915
f 8934 8915 8914
f 8933 8934 8914
f 8933 8914 8912
f 8933 8912 8913
f 8932 8908 8907
f 8931 8932 8907
f 8931 8907 8906
f 8930 8931 8906
f 8930 8906 8905
f 8904 8928 8905
f 8928 8929 8905
f 8905 8929 8930
f 8904 8927 8928
f 8904 8657 8927
f 8651 8657 8904
f 8927 8657 8656
f 8649 8903 8926
f 8654 8649 8926
f 8924 8926 8902
f 8926 8903 8902
f 8902 8901 8924
f 8901 8923 8924
f 8924 8923 8925
f 8922 8923 8901
f 8922 8901 8900
f 8921 8922 8900
f 8921 8900 8899
f 8920 8921 8899
f 8920 8899 8898
f 8919 8920 8898
f 8919 8898 8897
f 8918 8919 8897
f 8918 8897 8896
f 8917 8918 8896
f 8917 8896 8895
f 8894 8915 8895
f 8915 8916 8895
f 8895 8916 8917
f 8914 8915 8893
f 8915 8894 8893
f 8912 8914 8892
f 8914 8893 8892
f 8892 8891 8912
f 8891 8911 8912
f 8912 8911 8913
f 8910 8911 8891
f 8910 8891 8890
f 8909 8910 8890
f 8909 8890 8889
f 8888 8907 8889
f 8907 8908 8889
f 8889 8908 8909
f 8906 8907 8887
f 8907 8888 8887
f 8905 8906 8886
f 8906 8887 8886
f 8886 8904 8905
f 8886 8652 8904
f 8645 8652 8886
f 8904 8652 8651
f 8649 8647 8903
f 8903 8885 8902
f 8903 8642 8885
f 8647 8642 8903
f 8901 8902 8884
f 8902 8885 8884
f 8900 8901 8883
f 8901 8884 8883
f 8899 8900 8882
f 8900 8883 8882
f 8898 8899 8881
f 8899 8882 8881
f 8897 8898 8880
f 8898 8881 8880
f 8896 8897 8879
f 8897 8880 8879
f 8895 8896 8878
f 8896 8879 8878
f 8894 8895 8877
f 8895 8878 8877
f 8893 8894 8876
f 8894 8877 8876
f 8892 8893 8875
f 8893 8876 8875
f 8891 8892 8874
f 8892 8875 8874
f 8890 8891 8873
f 8891 8874 8873
f 8889 8890 8872
f 8890 8873 8872
f 8888 8889 8871
f 8889 8872 8871
f 8887 8888 8870
f 8888 8871 8870
f 8870 8886 8887
f 8870 8646 8886
f 8626 8646 8870
f 8886 8646 8645
f 8642 8640 8885
f 8639 8884 8885
f 8640 8639 8885
f 8638 8883 8884
f 8639 8638 8884
f 8637 8882 8883
f 8638 8637 8883
f 8636 8881 8882
f 8637 8636 8882
f 8881 8869 8880
f 8881 8618 8869
f 8636 8618 8881
f 8879 8880 8868
f 8880 8869 8868
f 8868 8878 8879
f 8868 8635 8878
f 8614 8635 8868
f 8634 8877 8878
f 8635 8634 8878
f 8633 8876 8877
f 8634 8633 8877
f 8632 8875 8876
f 8633 8632 8876
f 8631 8874 8875
f 8632 8631 8875
f 8630 8873 8874
f 8631 8630 8874
f 8629 8872 8873
f 8630 8629 8873
f 8628 8871 8872
f 8629 8628 8872
f 8627 8870 8871
f 8628 8627 8871
f 8870 8627 8626
f 8618 8616 8869
f 8615 8868 8869
f 8616 8615 8869
f 8868 8615 8614
f 8580 8567 8863
f 8580 8863 8861
f 8579 8580 8861
f 8861 8565 8579
f 8577 8551 8854
f 8577 8854 8850
f 8575 8577 8850
f 8575 8867 8573
f 8575 8851 8867
f 8850 8851 8575
f 8866 8571 8867
f 8571 8573 8867
f 8865 8569 8866
f 8569 8571 8866
f 8864 8568 8865
f 8568 8569 8865
f 8864 8862 8568
f 8862 8863 8568
f 8568 8863 8567
f 8862 8860 8861
f 8862 8861 8863
f 8859 8563 8860
f 8563 8565 8860
f 8860 8565 8861
f 8858 8561 8859
f 8561 8563 8859
f 8857 8560 8858
f 8560 8561 8858
f 8856 8559 8857
f 8559 8560 8857
f 8856 8558 8559
f 8856 8848 8558
f 8849 8848 8856
f 8558 8848 8846
f 8557 8558 8846
f 8846 8549 8557
f 8556 8547 8843
f 8556 8843 8839
f 8555 8556 8839
f 8555 8855 8554
f 8555 8840 8855
f 8839 8840 8555
f 8855 8553 8554
f 8855 8837 8553
f 8838 8837 8855
f 8837 8545 8553
f 8552 8542 8832
f 8552 8832 8551
f 8551 8832 8854
f 8854 8832 8833
f 8854 8833 8853
f 8853 8852 8850
f 8853 8850 8854
f 8851 8850 8852
f 8849 8847 8848
f 8847 8845 8846
f 8847 8846 8848
f 8844 8548 8845
f 8548 8549 8845
f 8845 8549 8846
f 8844 8842 8548
f 8842 8843 8548
f 8548 8843 8547
f 8842 8841 8839
f 8842 8839 8843
f 8840 8839 8841
f 8838 8836 8837
f 8835 8543 8836
f 8543 8545 8836
f 8836 8545 8837
f 8541 8543 8835
f 8831 8541 8835
f 8829 8542 8539
f 8829 8832 8542
f 8834 8832 8829
f 8833 8832 8834
f 8831 8828 8541
f 8828 8537 8541
f 8827 8830 8540
f 8536 8827 8540
f 8829 8539 8540
f 8829 8540 8830
f 8828 8826 8537
f 8826 8535 8537
f 8536 8824 8827
f 8536 8534 8824
f 8535 8826 8533
f 8826 8825 8533
f 8533 8825 8822
f 8823 8822 8825
f 8534 8821 8824
f 8534 8531 8821
f 8822 8532 8533
f 8530 8823 8820
f 8530 8822 8823
f 8532 8822 8530
f 8531 8819 8821
f 8531 8529 8819
f 8820 8818 8530
f 8818 8528 8530
f 8529 8816 8819
f 8529 8527 8816
f 8818 8815 8528
f 8815 8526 8528
f 8813 8814 8817
f 8527 8523 8816
f 8523 8813 8816
f 8816 8813 8817
f 8810 8519 8525
f 8812 8526 8815
f 8812 8525 8526
f 8810 8525 8812
f 8814 8813 8807
f 8809 8814 8807
f 8807 8813 8805
f 8813 8523 8805
f 8805 8523 8522
f 8803 8805 8522
f 8803 8522 8520
f 8520 8518 8803
f 8512 8519 8797
f 8519 8810 8797
f 8797 8810 8811
f 8811 8810 8812
f 8807 8808 8809
f 8805 8806 8808
f 8807 8805 8808
f 8803 8804 8806
f 8805 8803 8806
f 8804 8517 8802
f 8804 8518 8517
f 8803 8518 8804
f 8802 8516 8801
f 8802 8517 8516
f 8801 8515 8800
f 8801 8516 8515
f 8800 8514 8799
f 8800 8515 8514
f 8799 8513 8798
f 8799 8514 8513
f 8798 8513 8511
f 8798 8511 8796
f 8797 8790 8512
f 8790 8503 8512
f 8795 8796 8511
f 8510 8795 8511
f 8795 8508 8794
f 8795 8510 8508
f 8794 8507 8793
f 8794 8508 8507
f 8793 8506 8792
f 8793 8507 8506
f 8792 8505 8791
f 8792 8506 8505
f 8505 8504 8791
f 8504 8786 8791
f 8791 8786 8788
f 8504 8501 8786
f 8502 8789 8778
f 8502 8778 8491
f 8502 8503 8790
f 8789 8502 8790
f 8786 8787 8788
f 8787 8500 8785
f 8787 8501 8500
f 8786 8501 8787
f 8785 8498 8784
f 8785 8500 8498
f 8784 8496 8783
f 8784 8498 8496
f 8783 8495 8782
f 8783 8496 8495
f 8782 8494 8781
f 8782 8495 8494
f 8781 8493 8780
f 8781 8494 8493
f 8780 8492 8779
f 8780 8493 8492
f 8779 8490 8777
f 8779 8492 8490
f 8490 8491 8778
f 8777 8490 8778
f 8487 8475 8776
f 8487 8776 8774
f 8485 8487 8774
f 8485 8774 8772
f 8483 8485 8772
f 8483 8772 8770
f 8481 8483 8770
f 8481 8770 8768
f 8479 8481 8768
f 8479 8768 8767
f 8477 8479 8767
f 8767 8473 8477
f 8476 8467 8764
f 8476 8764 8475
f 8475 8764 8776
f 8776 8764 8765
f 8776 8765 8775
f 8775 8773 8774
f 8775 8774 8776
f 8773 8771 8772
f 8773 8772 8774
f 8771 8769 8770
f 8771 8770 8772
f 8768 8770 8762
f 8770 8769 8762
f 8762 8769 8763
f 8767 8768 8760
f 8768 8762 8760
f 8758 8767 8760
f 8758 8473 8767
f 8471 8473 8758
f 8471 8758 8757
f 8469 8471 8757
f 8757 8465 8469
f 8756 8467 8454
f 8756 8764 8467
f 8766 8764 8756
f 8765 8764 8766
f 8763 8761 8762
f 8761 8759 8760
f 8761 8760 8762
f 8758 8760 8754
f 8760 8759 8754
f 8754 8759 8755
f 8757 8758 8752
f 8758 8754 8752
f 8750 8757 8752
f 8750 8465 8757
f 8463 8465 8750
f 8463 8750 8748
f 8461 8463 8748
f 8461 8748 8746
f 8459 8461 8746
f 8459 8746 8745
f 8457 8459 8745
f 8745 8452 8457
f 8455 8443 8742
f 8756 8454 8743
f 8454 8455 8743
f 8743 8455 8742
f 8755 8753 8754
f 8753 8751 8752
f 8753 8752 8754
f 8751 8749 8750
f 8751 8750 8752
f 8749 8747 8748
f 8749 8748 8750
f 8746 8748 8740
f 8748 8747 8740
f 8740 8747 8741
f 8745 8746 8738
f 8746 8740 8738
f 8736 8745 8738
f 8736 8452 8745
f 8450 8452 8736
f 8450 8736 8735
f 8448 8450 8735
f 8448 8735 8734
f 8446 8448 8734
f 8446 8734 8733
f 8444 8446 8733
f 8733 8442 8444
f 8732 8443 8437
f 8732 8742 8443
f 8744 8742 8732
f 8743 8742 8744
f 8741 8739 8740
f 8739 8737 8738
f 8739 8738 8740
f 8736 8738 8730
f 8738 8737 8730
f 8730 8737 8731
f 8735 8736 8728
f 8736 8730 8728
f 8734 8735 8726
f 8735 8728 8726
f 8733 8734 8724
f 8734 8726 8724
f 8722 8733 8724
f 8722 8442 8733
f 8440 8442 8722
f 8440 8722 8721
f 8438 8440 8721
f 8721 8436 8438
f 8437 8720 8732
f 8437 8435 8720
f 8731 8729 8730
f 8729 8727 8728
f 8729 8728 8730
f 8727 8725 8726
f 8727 8726 8728
f 8725 8723 8724
f 8725 8724 8726
f 8722 8724 8718
f 8724 8723 8718
f 8718 8723 8719
f 8721 8722 8716
f 8722 8718 8716
f 8716 8434 8436
f 8721 8716 8436
f 8435 8714 8720
f 8435 8430 8714
f 8719 8717 8718
f 8717 8715 8716
f 8717 8716 8718
f 8712 8432 8713
f 8713 8432 8715
f 8715 8432 8434
f 8715 8434 8716
f 8712 8429 8432
f 8431 8428 8709
f 8714 8430 8710
f 8430 8431 8710
f 8710 8431 8709
f 8707 8712 8713
f 8707 8713 8708
f 8707 8427 8429
f 8712 8707 8429
f 8706 8428 8426
f 8706 8709 8428
f 8711 8709 8706
f 8710 8709 8711
f 8704 8707 8708
f 8704 8708 8705
f 8704 8425 8427
f 8707 8704 8427
f 8426 8703 8706
f 8426 8424 8703
f 8701 8704 8705
f 8701 8705 8702
f 8701 8423 8425
f 8704 8701 8425
f 8424 8700 8703
f 8424 8421 8700
f 8698 8701 8702
f 8698 8702 8699
f 8698 8420 8423
f 8701 8698 8423
f 8422 8419 8695
f 8700 8421 8696
f 8421 8422 8696
f 8696 8422 8695
f 8693 8698 8699
f 8693 8699 8694
f 8693 8417 8420
f 8698 8693 8420
f 8692 8419 8416
f 8692 8695 8419
f 8697 8695 8692
f 8696 8695 8697
f 8690 8693 8694
f 8690 8694 8691
f 8690 8415 8417
f 8693 8690 8417
f 8416 8689 8692
f 8416 8414 8689
f 8687 8690 8691
f 8687 8691 8688
f 8687 8413 8415
f 8690 8687 8415
f 8414 8685 8689
f 8414 8411 8685
f 8683 8687 8688
f 8683 8688 8684
f 8683 8410 8413
f 8687 8683 8413
f 8682 8686 8412
f 8408 8682 8412
f 8685 8411 8412
f 8685 8412 8686
f 8681 8406 8684
f 8406 8409 8684
f 8684 8409 8683
f 8683 8409 8410
f 8408 8680 8682
f 8408 8404 8680
f 8681 8679 8406
f 8679 8402 8406
f 8404 8678 8680
f 8404 8401 8678
f 8679 8677 8402
f 8677 8400 8402
f 8401 8676 8678
f 8401 8399 8676
f 8677 8675 8400
f 8675 8398 8400
f 8399 8673 8676
f 8399 8397 8673
f 8674 8672 8671
f 8675 8396 8398
f 8675 8671 8396
f 8674 8671 8675
f 8397 8670 8673
f 8397 8395 8670
f 8668 8671 8672
f 8668 8672 8669
f 8668 8394 8396
f 8671 8668 8396
f 8395 8667 8670
f 8395 8393 8667
f 8664 8668 8669
f 8664 8669 8665
f 8664 8392 8394
f 8668 8664 8394
f 8393 8663 8667
f 8393 8390 8663
f 8666 8661 8660
f 8660 8389 8666
f 8666 8389 8665
f 8665 8389 8391
f 8665 8391 8664
f 8664 8391 8392
f 8387 8663 8390
f 8387 8662 8663
f 8658 8662 8387
f 8662 8658 8659
f 8655 8660 8661
f 8655 8661 8656
f 8655 8386 8389
f 8660 8655 8389
f 8384 8653 8658
f 8387 8384 8658
f 8654 8659 8658
f 8654 8658 8653
f 8657 8651 8650
f 8650 8382 8657
f 8657 8382 8656
f 8656 8382 8385
f 8656 8385 8655
f 8655 8385 8386
f 8380 8648 8653
f 8384 8380 8653
f 8649 8654 8653
f 8649 8653 8648
f 8652 8645 8644
f 8644 8378 8652
f 8652 8378 8651
f 8651 8378 8383
f 8651 8383 8650
f 8650 8383 8382
f 8376 8643 8648
f 8380 8376 8648
f 8643 8641 8648
f 8641 8647 8648
f 8648 8647 8649
f 8647 8641 8642
f 8646 8626 8625
f 8624 8644 8625
f 8644 8645 8625
f 8625 8645 8646
f 8624 8373 8378
f 8644 8624 8378
f 8376 8374 8643
f 8643 8623 8641
f 8643 8371 8623
f 8374 8371 8643
f 8623 8622 8641
f 8622 8640 8641
f 8641 8640 8642
f 8639 8640 8622
f 8639 8622 8621
f 8638 8639 8621
f 8638 8621 8620
f 8637 8638 8620
f 8637 8620 8619
f 8636 8637 8619
f 8636 8619 8617
f 8636 8617 8618
f 8635 8614 8613
f 8634 8635 8613
f 8634 8613 8612
f 8633 8634 8612
f 8633 8612 8611
f 8632 8633 8611
f 8632 8611 8610
f 8631 8632 8610
f 8631 8610 8609
f 8630 8631 8609
f 8630 8609 8608
f 8629 8630 8608
f 8629 8608 8607
f 8628 8629 8607
f 8628 8607 8606
f 8627 8628 8606
f 8627 8606 8605
f 8604 8625 8605
f 8625 8626 8605
f 8605 8626 8627
f 8604 8624 8625
f 8604 8372 8624
f 8368 8372 8604
f 8624 8372 8373
f 8366 8603 8623
f 8371 8366 8623
f 8622 8623 8602
f 8623 8603 8602
f 8621 8622 8601
f 8622 8602 8601
f 8620 8621 8600
f 8621 8601 8600
f 8619 8620 8599
f 8620 8600 8599
f 8617 8619 8598
f 8619 8599 8598
f 8598 8597 8617
f 8597 8616 8617
f 8617 8616 8618
f 8615 8616 8597
f 8615 8597 8596
f 8595 8613 8596
f 8613 8614 8596
f 8596 8614 8615
f 8612 8613 8594
f 8613 8595 8594
f 8611 8612 8593
f 8612 8594 8593
f 8610 8611 8592
f 8611 8593 8592
f 8609 8610 8591
f 8610 8592 8591
f 8608 8609 8590
f 8609 8591 8590
f 8607 8608 8589
f 8608 8590 8589
f 8606 8607 8588
f 8607 8589 8588
f 8605 8606 8587
f 8606 8588 8587
f 8587 8604 8605
f 8587 8369 8604
f 8353 8369 8587
f 8604 8369 8368
f 8366 8364 8603
f 8363 8602 8603
f 8364 8363 8603
f 8362 8601 8602
f 8363 8362 8602
f 8601 8586 8600
f 8601 8348 8586
f 8362 8348 8601
f 8599 8600 8585
f 8600 8586 8585
f 8598 8599 8584
f 8599 8585 8584
f 8597 8598 8583
f 8598 8584 8583
f 8596 8597 8582
f 8597 8583 8582
f 8595 8596 8581
f 8596 8582 8581
f 8581 8594 8595
f 8581 8361 8594
f 8340 8361 8581
f 8360 8593 8594
f 8361 8360 8594
f 8359 8592 8593
f 8360 8359 8593
f 8358 8591 8592
f 8359 8358 8592
f 8357 8590 8591
f 8358 8357 8591
f 8356 8589 8590
f 8357 8356 8590
f 8355 8588 8589
f 8356 8355 8589
f 8354 8587 8588
f 8355 8354 8588
f 8587 8354 8353
f 8348 8346 8586
f 8345 8585 8586
f 8346 8345 8586
f 8344 8584 8585
f 8345 8344 8585
f 8343 8583 8584
f 8344 8343 8584
f 8342 8582 8583
f 8343 8342 8583
f 8341 8581 8582
f 8342 8341 8582
f 8581 8341 8340
f 8298 8279 8578
f 8298 8578 8576
f 8296 8298 8576
f 8296 8576 8574
f 8294 8296 8574
f 8294 8574 8572
f 8292 8294 8572
f 8292 8572 8570
f 8290 8292 8570
f 8290 8570 8566
f 8288 8290 8566
f 8288 8580 8286
f 8288 8567 8580
f 8566 8567 8288
f 8579 8284 8580
f 8284 8286 8580
f 8579 8282 8284
f 8579 8564 8282
f 8565 8564 8579
f 8282 8564 8562
f 8281 8282 8562
f 8562 8277 8281
f 8280 8263 8550
f 8280 8550 8279
f 8279 8550 8578
f 8578 8550 8551
f 8578 8551 8577
f 8577 8575 8576
f 8577 8576 8578
f 8575 8573 8574
f 8575 8574 8576
f 8573 8571 8572
f 8573 8572 8574
f 8571 8569 8570
f 8571 8570 8572
f 8569 8568 8566
f 8569 8566 8570
f 8567 8566 8568
f 8565 8563 8564
f 8563 8561 8562
f 8563 8562 8564
f 8560 8275 8561
f 8275 8277 8561
f 8561 8277 8562
f 8559 8273 8560
f 8273 8275 8560
f 8558 8271 8559
f 8271 8273 8559
f 8557 8270 8558
f 8270 8271 8558
f 8557 8269 8270
f 8557 8546 8269
f 8549 8546 8557
f 8269 8556 8268
f 8269 8547 8556
f 8546 8547 8269
f 8555 8267 8556
f 8267 8268 8556
f 8554 8266 8555
f 8266 8267 8555
f 8553 8265 8554
f 8265 8266 8554
f 8553 8264 8265
f 8553 8544 8264
f 8545 8544 8553
f 8544 8262 8264
f 8542 8263 8260
f 8542 8550 8263
f 8552 8550 8542
f 8551 8550 8552
f 8549 8548 8546
f 8547 8546 8548
f 8545 8543 8544
f 8262 8541 8258
f 8262 8543 8541
f 8544 8543 8262
f 8261 8257 8538
f 8542 8260 8539
f 8260 8261 8539
f 8539 8261 8538
f 8541 8537 8258
f 8537 8256 8258
f 8536 8257 8255
f 8536 8538 8257
f 8540 8538 8536
f 8539 8538 8540
f 8537 8535 8256
f 8535 8254 8256
f 8255 8534 8536
f 8255 8253 8534
f 8535 8533 8254
f 8533 8252 8254
f 8253 8531 8534
f 8253 8250 8531
f 8252 8533 8532
f 8252 8532 8251
f 8249 8251 8532
f 8530 8249 8532
f 8250 8529 8531
f 8250 8248 8529
f 8530 8528 8249
f 8528 8247 8249
f 8248 8527 8529
f 8248 8245 8527
f 8524 8243 8246
f 8526 8247 8528
f 8526 8246 8247
f 8524 8246 8526
f 8245 8523 8527
f 8245 8521 8523
f 8244 8521 8245
f 8244 8242 8521
f 8240 8243 8519
f 8243 8524 8519
f 8519 8524 8525
f 8525 8524 8526
f 8521 8522 8523
f 8522 8241 8520
f 8522 8242 8241
f 8521 8242 8522
f 8520 8241 8239
f 8520 8239 8518
f 8519 8512 8240
f 8512 8231 8240
f 8517 8518 8239
f 8238 8517 8239
f 8517 8236 8516
f 8517 8238 8236
f 8516 8235 8515
f 8516 8236 8235
f 8515 8234 8514
f 8515 8235 8234
f 8514 8233 8513
f 8514 8234 8233
f 8233 8232 8513
f 8232 8509 8513
f 8513 8509 8511
f 8232 8230 8509
f 8512 8503 8231
f 8503 8221 8231
f 8509 8510 8511
f 8510 8229 8508
f 8510 8230 8229
f 8509 8230 8510
f 8508 8227 8507
f 8508 8229 8227
f 8507 8226 8506
f 8507 8227 8226
f 8506 8225 8505
f 8506 8226 8225
f 8505 8224 8504
f 8505 8225 8224
f 8224 8223 8504
f 8223 8499 8504
f 8504 8499 8501
f 8497 8499 8223
f 8497 8223 8222
f 8222 8218 8497
f 8220 8502 8491
f 8220 8491 8211
f 8220 8221 8503
f 8502 8220 8503
f 8499 8500 8501
f 8497 8498 8500
f 8499 8497 8500
f 8498 8217 8496
f 8498 8218 8217
f 8497 8218 8498
f 8496 8215 8495
f 8496 8217 8215
f 8495 8214 8494
f 8495 8215 8214
f 8494 8213 8493
f 8494 8214 8213
f 8493 8212 8492
f 8493 8213 8212
f 8492 8210 8490
f 8492 8212 8210
f 8210 8211 8491
f 8490 8210 8491
f 8207 8195 8489
f 8207 8489 8488
f 8205 8207 8488
f 8205 8488 8486
f 8203 8205 8486
f 8203 8486 8484
f 8201 8203 8484
f 8201 8484 8482
f 8199 8201 8482
f 8199 8482 8480
f 8197 8199 8480
f 8197 8480 8478
f 8196 8197 8478
f 8478 8194 8196
f 8186 8474 8489
f 8195 8186 8489
f 8489 8474 8488
f 8474 8475 8488
f 8488 8475 8487
f 8487 8485 8486
f 8487 8486 8488
f 8485 8483 8484
f 8485 8484 8486
f 8483 8481 8482
f 8483 8482 8484
f 8481 8479 8480
f 8481 8480 8482
f 8479 8477 8478
f 8479 8478 8480
f 8472 8192 8473
f 8473 8192 8477
f 8477 8192 8194
f 8477 8194 8478
f 8192 8472 8470
f 8190 8192 8470
f 8190 8470 8468
f 8188 8190 8468
f 8468 8184 8188
f 8187 8174 8466
f 8187 8466 8186
f 8186 8466 8474
f 8474 8466 8467
f 8474 8467 8476
f 8475 8474 8476
f 8473 8471 8472
f 8471 8469 8470
f 8471 8470 8472
f 8468 8470 8464
f 8470 8469 8464
f 8464 8469 8465
f 8462 8468 8464
f 8462 8184 8468
f 8182 8184 8462
f 8182 8462 8460
f 8180 8182 8460
f 8180 8460 8458
f 8178 8180 8458
f 8178 8458 8456
f 8176 8178 8456
f 8456 8173 8176
f 8165 8453 8466
f 8174 8165 8466
f 8454 8467 8466
f 8454 8466 8453
f 8465 8463 8464
f 8463 8461 8462
f 8463 8462 8464
f 8461 8459 8460
f 8461 8460 8462
f 8459 8457 8458
f 8459 8458 8460
f 8456 8458 8451
f 8458 8457 8451
f 8451 8457 8452
f 8449 8456 8451
f 8449 8173 8456
f 8171 8173 8449
f 8171 8449 8447
f 8169 8171 8447
f 8169 8447 8445
f 8167 8169 8445
f 8445 8164 8167
f 8443 8165 8159
f 8443 8453 8165
f 8455 8453 8443
f 8454 8453 8455
f 8452 8450 8451
f 8450 8448 8449
f 8450 8449 8451
f 8448 8446 8447
f 8448 8447 8449
f 8446 8444 8445
f 8446 8445 8447
f 8441 8162 8442
f 8442 8162 8444
f 8444 8162 8164
f 8444 8164 8445
f 8162 8441 8439
f 8160 8162 8439
f 8439 8158 8160
f 8159 8437 8443
f 8159 8156 8437
f 8442 8440 8441
f 8440 8438 8439
f 8440 8439 8441
f 8158 8436 8155
f 8158 8438 8436
f 8439 8438 8158
f 8156 8435 8437
f 8156 8152 8435
f 8436 8434 8155
f 8434 8433 8155
f 8155 8433 8153
f 8433 8151 8153
f 8152 8430 8435
f 8152 8149 8430
f 8434 8432 8433
f 8151 8429 8148
f 8151 8432 8429
f 8433 8432 8151
f 8428 8431 8150
f 8147 8428 8150
f 8430 8149 8150
f 8430 8150 8431
f 8429 8427 8148
f 8427 8145 8148
f 8147 8426 8428
f 8147 8144 8426
f 8427 8425 8145
f 8425 8143 8145
f 8144 8424 8426
f 8144 8142 8424
f 8425 8423 8143
f 8423 8141 8143
f 8142 8421 8424
f 8142 8140 8421
f 8423 8420 8141
f 8420 8139 8141
f 8418 8419 8422
f 8140 8137 8421
f 8137 8418 8421
f 8421 8418 8422
f 8420 8417 8139
f 8417 8136 8139
f 8419 8135 8416
f 8419 8138 8135
f 8418 8138 8419
f 8137 8138 8418
f 8417 8415 8136
f 8415 8133 8136
f 8135 8414 8416
f 8135 8132 8414
f 8415 8413 8133
f 8413 8131 8133
f 8132 8411 8414
f 8132 8130 8411
f 8413 8410 8131
f 8410 8129 8131
f 8407 8408 8412
f 8130 8128 8411
f 8128 8407 8411
f 8411 8407 8412
f 8409 8406 8405
f 8410 8127 8129
f 8410 8405 8127
f 8409 8405 8410
f 8408 8407 8403
f 8404 8408 8403
f 8128 8124 8403
f 8128 8403 8407
f 8402 8123 8406
f 8123 8126 8406
f 8406 8126 8405
f 8405 8126 8127
f 8404 8122 8401
f 8404 8125 8122
f 8403 8125 8404
f 8124 8125 8403
f 8402 8400 8123
f 8400 8120 8123
f 8122 8399 8401
f 8122 8119 8399
f 8400 8398 8120
f 8398 8117 8120
f 8119 8397 8399
f 8119 8116 8397
f 8398 8396 8117
f 8396 8115 8117
f 8116 8395 8397
f 8116 8114 8395
f 8396 8394 8115
f 8394 8113 8115
f 8114 8393 8395
f 8114 8112 8393
f 8394 8392 8113
f 8392 8111 8113
f 8112 8390 8393
f 8112 8110 8390
f 8391 8389 8388
f 8392 8109 8111
f 8392 8388 8109
f 8391 8388 8392
f 8110 8387 8390
f 8110 8107 8387
f 8386 8105 8389
f 8105 8108 8389
f 8389 8108 8388
f 8388 8108 8109
f 8107 8384 8387
f 8107 8102 8384
f 8385 8382 8381
f 8386 8100 8105
f 8386 8381 8100
f 8385 8381 8386
f 8103 8098 8379
f 8384 8102 8380
f 8102 8103 8380
f 8380 8103 8379
f 8383 8378 8377
f 8377 8096 8383
f 8383 8096 8382
f 8382 8096 8099
f 8382 8099 8381
f 8381 8099 8100
f 8094 8375 8379
f 8098 8094 8379
f 8376 8380 8379
f 8376 8379 8375
f 8373 8092 8378
f 8092 8097 8378
f 8378 8097 8377
f 8377 8097 8096
f 8094 8093 8375
f 8370 8093 8090
f 8374 8093 8370
f 8375 8093 8374
f 8376 8375 8374
f 8374 8370 8371
f 8372 8368 8367
f 8373 8087 8092
f 8373 8367 8087
f 8372 8367 8373
f 8085 8365 8370
f 8090 8085 8370
f 8366 8371 8370
f 8366 8370 8365
f 8369 8353 8352
f 8352 8083 8369
f 8369 8083 8368
f 8368 8083 8088
f 8368 8088 8367
f 8367 8088 8087
f 8081 8351 8365
f 8085 8081 8365
f 8351 8350 8365
f 8350 8364 8365
f 8365 8364 8366
f 8363 8364 8350
f 8363 8350 8349
f 8362 8363 8349
f 8362 8349 8347
f 8362 8347 8348
f 8361 8340 8339
f 8360 8361 8339
f 8360 8339 8338
f 8359 8360 8338
f 8359 8338 8337
f 8358 8359 8337
f 8358 8337 8336
f 8357 8358 8336
f 8357 8336 8335
f 8356 8357 8335
f 8356 8335 8334
f 8355 8356 8334
f 8355 8334 8333
f 8354 8355 8333
f 8354 8333 8332
f 8331 8352 8332
f 8352 8353 8332
f 8332 8353 8354
f 8331 8078 8083
f 8352 8331 8083
f 8076 8330 8351
f 8081 8076 8351
f 8350 8351 8329
f 8351 8330 8329
f 8349 8350 8328
f 8350 8329 8328
f 8347 8349 8327
f 8349 8328 8327
f 8327 8326 8347
f 8326 8346 8347
f 8347 8346 8348
f 8345 8346 8326
f 8345 8326 8325
f 8344 8345 8325
f 8344 8325 8324
f 8343 8344 8324
f 8343 8324 8323
f 8342 8343 8323
f 8342 8323 8322
f 8341 8342 8322
f 8341 8322 8321
f 8320 8339 8321
f 8339 8340 8321
f 8321 8340 8341
f 8338 8339 8319
f 8339 8320 8319
f 8337 8338 8318
f 8338 8319 8318
f 8336 8337 8317
f 8337 8318 8317
f 8335 8336 8316
f 8336 8317 8316
f 8334 8335 8315
f 8335 8316 8315
f 8333 8334 8314
f 8334 8315 8314
f 8332 8333 8313
f 8333 8314 8313
f 8313 8331 8332
f 8313 8079 8331
f 8066 8079 8313
f 8331 8079 8078
f 8076 8074 8330
f 8330 8312 8329
f 8330 8063 8312
f 8074 8063 8330
f 8312 8328 8329
f 8312 8073 8328
f 8060 8073 8312
f 8072 8327 8328
f 8073 8072 8328
f 8327 8311 8326
f 8327 8058 8311
f 8072 8058 8327
f 8325 8326 8310
f 8326 8311 8310
f 8324 8325 8309
f 8325 8310 8309
f 8323 8324 8308
f 8324 8309 8308
f 8322 8323 8307
f 8323 8308 8307
f 8321 8322 8306
f 8322 8307 8306
f 8320 8321 8305
f 8321 8306 8305
f 8319 8320 8304
f 8320 8305 8304
f 8318 8319 8303
f 8319 8304 8303
f 8303 8317 8318
f 8303 8071 8317
f 8047 8071 8303
f 8070 8316 8317
f 8071 8070 8317
f 8069 8315 8316
f 8070 8069 8316
f 8068 8314 8315
f 8069 8068 8315
f 8067 8313 8314
f 8068 8067 8314
f 8313 8067 8066
f 8063 8061 8312
f 8312 8061 8060
f 8058 8056 8311
f 8055 8310 8311
f 8056 8055 8311
f 8054 8309 8310
f 8055 8054 8310
f 8053 8308 8309
f 8054 8053 8309
f 8052 8307 8308
f 8053 8052 8308
f 8051 8306 8307
f 8052 8051 8307
f 8050 8305 8306
f 8051 8050 8306
f 8049 8304 8305
f 8050 8049 8305
f 8048 8303 8304
f 8049 8048 8304
f 8303 8048 8047
f 8002 7994 8302
f 8002 8302 8301
f 8000 8002 8301
f 8000 8301 8300
f 7998 8000 8300
f 8300 7992 7998
f 7996 7983 8299
f 7996 8299 8297
f 7995 7996 8297
f 8302 8297 8295
f 8302 7995 8297
f 7994 7995 8302
f 8301 8302 8293
f 8302 8295 8293
f 8300 8301 8291
f 8301 8293 8291
f 8289 8300 8291
f 8289 7992 8300
f 7990 7992 8289
f 7990 8289 8287
f 7988 7990 8287
f 7988 8287 8285
f 7986 7988 8285
f 7986 8285 8283
f 7985 7986 8283
f 8283 7981 7985
f 7984 7973 8278
f 7984 8278 7983
f 7983 8278 8299
f 8299 8278 8279
f 8299 8279 8298
f 8298 8296 8297
f 8298 8297 8299
f 8296 8294 8295
f 8296 8295 8297
f 8294 8292 8293
f 8294 8293 8295
f 8292 8290 8291
f 8292 8291 8293
f 8290 8288 8289
f 8290 8289 8291
f 8288 8286 8287
f 8288 8287 8289
f 8286 8284 8285
f 8286 8285 8287
f 8284 8282 8283
f 8284 8283 8285
f 8281 7979 8282
f 7979 7981 8282
f 8282 7981 8283
f 8281 7977 7979
f 8281 8276 7977
f 8277 8276 8281
f 7977 8276 8274
f 7975 7977 8274
f 7975 8274 8272
f 7974 7975 8272
f 8272 7972 7974
f 8263 7973 7958
f 8263 8278 7973
f 8280 8278 8263
f 8279 8278 8280
f 8277 8275 8276
f 8275 8273 8274
f 8275 8274 8276
f 8273 8271 8272
f 8273 8272 8274
f 8270 7970 8271
f 7970 7972 8271
f 8271 7972 8272
f 8269 7968 8270
f 7968 7970 8270
f 8268 7966 8269
f 7966 7968 8269
f 8267 7964 8268
f 7964 7966 8268
f 8266 7962 8267
f 7962 7964 8267
f 8265 7961 8266
f 7961 7962 8266
f 8264 7960 8265
f 7960 7961 8265
f 7956 7960 8264
f 8262 7956 8264
f 7959 7955 8259
f 8263 7958 8260
f 7958 7959 8260
f 8260 7959 8259
f 8262 8258 7956
f 8258 7954 7956
f 8257 7955 7953
f 8257 8259 7955
f 8261 8259 8257
f 8260 8259 8261
f 8258 8256 7954
f 8256 7952 7954
f 7953 8255 8257
f 7953 7951 8255
f 8256 8254 7952
f 8254 7950 7952
f 7951 8253 8255
f 7951 7949 8253
f 8254 8252 7950
f 8252 7948 7950
f 7949 8250 8253
f 7949 7945 8250
f 7948 8252 8251
f 7948 8251 7946
f 7944 7946 8251
f 8249 7944 8251
f 7945 8248 8250
f 7945 7943 8248
f 8249 8247 7944
f 8247 7942 7944
f 7943 8245 8248
f 7943 7940 8245
f 7941 8246 8243
f 7941 8243 7937
f 7941 7942 8247
f 8246 7941 8247
f 8244 8245 7940
f 7939 8244 7940
f 8244 7939 7936
f 8244 7936 8242
f 8243 8240 7937
f 8240 7932 7937
f 8241 8242 7936
f 7935 8241 7936
f 7935 7933 8241
f 7933 8237 8241
f 8241 8237 8239
f 7933 7931 8237
f 8240 8231 7932
f 8231 7922 7932
f 8237 8238 8239
f 8238 7930 8236
f 8238 7931 7930
f 8237 7931 8238
f 8236 7928 8235
f 8236 7930 7928
f 8235 7926 8234
f 8235 7928 7926
f 8234 7925 8233
f 8234 7926 7925
f 8233 7924 8232
f 8233 7925 7924
f 7924 7923 8232
f 7923 8228 8232
f 8232 8228 8230
f 7923 7920 8228
f 8219 7912 7921
f 8221 7922 8231
f 8221 7921 7922
f 8219 7921 8221
f 8228 8229 8230
f 8229 7919 8227
f 8229 7920 7919
f 8228 7920 8229
f 8227 7918 8226
f 8227 7919 7918
f 8226 7917 8225
f 8226 7918 7917
f 8225 7916 8224
f 8225 7917 7916
f 8224 7915 8223
f 8224 7916 7915
f 8223 7914 8222
f 8223 7915 7914
f 7914 7913 8222
f 7913 8216 8222
f 8222 8216 8218
f 7913 7910 8216
f 8209 7905 7911
f 7912 8209 7911
f 8219 8209 7912
f 8211 8209 8219
f 8220 8211 8219
f 8220 8219 8221
f 8216 8217 8218
f 8217 7909 8215
f 8217 7910 7909
f 8216 7910 8217
f 8215 7907 8214
f 8215 7909 7907
f 8214 7906 8213
f 8214 7907 7906
f 8213 7904 8212
f 8213 7906 7904
f 7904 8210 8212
f 7904 8209 8210
f 7905 8209 7904
f 8210 8209 8211
f 7903 7893 8208
f 7903 8208 8206
f 7901 7903 8206
f 7901 8206 8204
f 7899 7901 8204
f 7899 8204 8202
f 7897 7899 8202
f 7897 8202 8200
f 7895 7897 8200
f 7895 8200 8198
f 7894 7895 8198
f 8198 7892 7894
f 8195 7893 7882
f 8195 8208 7893
f 8207 8208 8195
f 8207 8205 8206
f 8207 8206 8208
f 8205 8203 8204
f 8205 8204 8206
f 8203 8201 8202
f 8203 8202 8204
f 8201 8199 8200
f 8201 8200 8202
f 8199 8197 8198
f 8199 8198 8200
f 8196 7890 8197
f 7890 7892 8197
f 8197 7892 8198
f 8196 7888 7890
f 8196 8193 7888
f 8194 8193 8196
f 7888 8193 8191
f 7886 7888 8191
f 7886 8191 8189
f 7884 7886 8189
f 8189 7880 7884
f 7883 7869 8185
f 8195 7882 8186
f 7882 7883 8186
f 8186 7883 8185
f 8194 8192 8193
f 8192 8190 8191
f 8192 8191 8193
f 8190 8188 8189
f 8190 8189 8191
f 8183 7878 8184
f 8184 7878 8188
f 8188 7878 7880
f 8188 7880 8189
f 7878 8183 8181
f 7876 7878 8181
f 7876 8181 8179
f 7874 7876 8179
f 7874 8179 8177
f 7872 7874 8177
f 7872 8177 8175
f 7870 7872 8175
f 8175 7868 7870
f 8174 7869 7862
f 8174 8185 7869
f 8187 8185 8174
f 8186 8185 8187
f 8184 8182 8183
f 8182 8180 8181
f 8182 8181 8183
f 8180 8178 8179
f 8180 8179 8181
f 8178 8176 8177
f 8178 8177 8179
f 8175 8177 8172
f 8177 8176 8172
f 8172 8176 8173
f 8170 8175 8172
f 8170 7868 8175
f 7866 7868 8170
f 7866 8170 8168
f 7864 7866 8168
f 7864 8168 8166
f 7863 7864 8166
f 8166 7861 7863
f 7862 8165 8174
f 7862 7858 8165
f 8173 8171 8172
f 8171 8169 8170
f 8171 8170 8172
f 8169 8167 8168
f 8169 8168 8170
f 8166 8168 8163
f 8168 8167 8163
f 8163 8167 8164
f 8161 8166 8163
f 8161 7861 8166
f 7859 7861 8161
f 8161 7857 7859
f 7858 8159 8165
f 7858 7854 8159
f 8164 8162 8163
f 8162 8160 8161
f 8162 8161 8163
f 8157 7855 8158
f 8158 7855 8160
f 8160 7855 7857
f 8160 7857 8161
f 8157 7853 7855
f 7854 8156 8159
f 7854 7852 8156
f 8154 8157 8158
f 8154 8158 8155
f 8154 7851 7853
f 8157 8154 7853
f 7852 8152 8156
f 7852 7850 8152
f 8155 8153 8154
f 7851 8151 7849
f 7851 8153 8151
f 8154 8153 7851
f 7850 8149 8152
f 7850 7848 8149
f 8151 8148 7849
f 8148 7847 7849
f 8146 8147 8150
f 7848 7845 8149
f 7845 8146 8149
f 8149 8146 8150
f 8148 8145 7847
f 8145 7844 7847
f 8147 7843 8144
f 8147 7846 7843
f 8146 7846 8147
f 7845 7846 8146
f 8145 8143 7844
f 8143 7841 7844
f 7843 8142 8144
f 7843 7840 8142
f 8143 8141 7841
f 8141 7838 7841
f 7840 8140 8142
f 7840 7837 8140
f 8141 8139 7838
f 8139 7835 7838
f 7837 8137 8140
f 7837 7834 8137
f 8139 8136 7835
f 8136 7833 7835
f 8134 8135 8138
f 7834 7831 8137
f 7831 8134 8137
f 8137 8134 8138
f 8136 8133 7833
f 8133 7830 7833
f 8135 7829 8132
f 8135 7832 7829
f 8134 7832 8135
f 7831 7832 8134
f 8133 8131 7830
f 8131 7827 7830
f 7829 8130 8132
f 7829 7826 8130
f 8131 8129 7827
f 8129 7824 7827
f 7826 8128 8130
f 7826 7823 8128
f 8129 8127 7824
f 8127 7822 7824
f 7823 8124 8128
f 7823 7820 8124
f 7821 8126 8123
f 7821 8123 7819
f 7821 7822 8127
f 8126 7821 8127
f 8121 8122 8125
f 7820 7818 8124
f 7818 8121 8124
f 8124 8121 8125
f 8123 8120 7819
f 8120 7817 7819
f 8122 8121 8118
f 8119 8122 8118
f 7818 7815 8118
f 7818 8118 8121
f 8120 8117 7817
f 8117 7814 7817
f 8119 7813 8116
f 8119 7816 7813
f 8118 7816 8119
f 7815 7816 8118
f 8117 8115 7814
f 8115 7811 7814
f 7813 8114 8116
f 7813 7810 8114
f 8115 8113 7811
f 8113 7809 7811
f 7810 8112 8114
f 7810 7808 8112
f 8113 8111 7809
f 8111 7807 7809
f 7808 8110 8112
f 7808 7805 8110
f 8111 8109 7807
f 8109 7804 7807
f 7806 7803 8106
f 8110 7805 8107
f 7805 7806 8107
f 8107 7806 8106
f 8108 8105 8104
f 8109 7802 7804
f 8109 8104 7802
f 8108 8104 8109
f 7800 8101 8106
f 7803 7800 8106
f 8102 8107 8106
f 8102 8106 8101
f 8100 7799 8105
f 7799 7801 8105
f 8105 7801 8104
f 8104 7801 7802
f 8098 7800 7798
f 8098 8101 7800
f 8103 8101 8098
f 8102 8101 8103
f 8099 8096 8095
f 8100 7797 7799
f 8100 8095 7797
f 8099 8095 8100
f 7798 8094 8098
f 7798 7795 8094
f 8097 8092 8091
f 8091 7794 8097
f 8097 7794 8096
f 8096 7794 7796
f 8096 7796 8095
f 8095 7796 7797
f 7792 8094 7795
f 7792 8093 8094
f 8089 8093 7792
f 8093 8089 8090
f 8086 8091 8092
f 8086 8092 8087
f 8086 7791 7794
f 8091 8086 7794
f 7789 8084 8089
f 7792 7789 8089
f 8085 8090 8089
f 8085 8089 8084
f 8088 8083 8082
f 8082 7787 8088
f 8088 7787 8087
f 8087 7787 7790
f 8087 7790 8086
f 8086 7790 7791
f 7785 8080 8084
f 7789 7785 8084
f 8081 8085 8084
f 8081 8084 8080
f 8077 8082 8083
f 8077 8083 8078
f 8077 7782 7787
f 8082 8077 7787
f 7780 8075 8080
f 7785 7780 8080
f 8076 8081 8080
f 8076 8080 8075
f 8079 8066 8065
f 8065 7778 8079
f 8079 7778 8078
f 8078 7778 7783
f 8078 7783 8077
f 8077 7783 7782
f 7776 8064 8075
f 7780 7776 8075
f 8064 8062 8075
f 8062 8074 8075
f 8075 8074 8076
f 8074 8062 8063
f 8073 8060 8059
f 8072 8073 8059
f 8072 8059 8057
f 8072 8057 8058
f 8071 8047 8046
f 8070 8071 8046
f 8070 8046 8045
f 8069 8070 8045
f 8069 8045 8044
f 8068 8069 8044
f 8068 8044 8043
f 8067 8068 8043
f 8067 8043 8042
f 8041 8065 8042
f 8065 8066 8042
f 8042 8066 8067
f 8041 7772 7778
f 8065 8041 7778
f 7776 7774 8064
f 8064 8040 8062
f 8064 7769 8040
f 7774 7769 8064
f 8040 8039 8062
f 8039 8061 8062
f 8062 8061 8063
f 8038 8059 8039
f 8059 8060 8039
f 8039 8060 8061
f 8057 8059 8037
f 8059 8038 8037
f 8037 8036 8057
f 8036 8056 8057
f 8057 8056 8058
f 8055 8056 8036
f 8055 8036 8035
f 8054 8055 8035
f 8054 8035 8034
f 8053 8054 8034
f 8053 8034 8033
f 8052 8053 8033
f 8052 8033 8032
f 8051 8052 8032
f 8051 8032 8031
f 8050 8051 8031
f 8050 8031 8030
f 8049 8050 8030
f 8049 8030 8029
f 8048 8049 8029
f 8048 8029 8028
f 8027 8046 8028
f 8046 8047 8028
f 8028 8047 8048
f 8045 8046 8026
f 8046 8027 8026
f 8044 8045 8025
f 8045 8026 8025
f 8043 8044 8024
f 8044 8025 8024
f 8042 8043 8023
f 8043 8024 8023
f 8023 8041 8042
f 8023 7773 8041
f 7765 7773 8023
f 8041 7773 7772
f 7769 7767 8040
f 8040 8022 8039
f 8040 7762 8022
f 7767 7762 8040
f 8022 8038 8039
f 8022 7766 8038
f 7759 7766 8022
f 8038 8021 8037
f 8038 7758 8021
f 7766 7758 8038
f 8036 8037 8020
f 8037 8021 8020
f 8035 8036 8019
f 8036 8020 8019
f 8034 8035 8018
f 8035 8019 8018
f 8033 8034 8017
f 8034 8018 8017
f 8032 8033 8016
f 8033 8017 8016
f 8031 8032 8015
f 8032 8016 8015
f 8030 8031 8014
f 8031 8015 8014
f 8029 8030 8013
f 8030 8014 8013
f 8028 8029 8012
f 8029 8013 8012
f 8027 8028 8011
f 8028 8012 8011
f 8026 8027 8010
f 8027 8011 8010
f 8025 8026 8009
f 8026 8010 8009
f 8024 8025 8008
f 8025 8009 8008
f 8023 8024 8007
f 8024 8008 8007
f 8007 7744 7765
f 8023 8007 7765
f 7762 7760 8022
f 8022 7760 7759
f 7758 7756 8021
f 7755 8020 8021
f 7756 7755 8021
f 8020 8006 8019
f 8020 7737 8006
f 7755 7737 8020
f 8006 8018 8019
f 8006 7754 8018
f 7734 7754 8006
f 7753 8017 8018
f 7754 7753 8018
f 7752 8016 8017
f 7753 7752 8017
f 7751 8015 8016
f 7752 7751 8016
f 7750 8014 8015
f 7751 7750 8015
f 7749 8013 8014
f 7750 7749 8014
f 7748 8012 8013
f 7749 7748 8013
f 7747 8011 8012
f 7748 7747 8012
f 7746 8010 8011
f 7747 7746 8011
f 8010 8005 8009
f 8010 7725 8005
f 7746 7725 8010
f 8008 8009 8004
f 8009 8005 8004
f 8004 8007 8008
f 8004 7745 8007
f 7721 7745 8004
f 8007 7745 7744
f 7737 7735 8006
f 8006 7735 7734
f 7725 7723 8005
f 7722 8004 8005
f 7723 7722 8005
f 8004 7722 7721
f 7688 7679 8003
f 7688 8003 8001
f 7686 7688 8001
f 7686 8001 7999
f 7684 7686 7999
f 7999 7677 7684
f 7681 7668 7997
f 7681 7997 7993
f 7680 7681 7993
f 7680 7993 7679
f 7679 7993 8003
f 8003 7993 7994
f 8003 7994 8002
f 8002 8000 8001
f 8002 8001 8003
f 8000 7998 7999
f 8000 7999 8001
f 7991 7675 7992
f 7992 7675 7998
f 7998 7675 7677
f 7998 7677 7999
f 7675 7991 7989
f 7673 7675 7989
f 7673 7989 7987
f 7671 7673 7987
f 7987 7666 7671
f 7669 7657 7982
f 7669 7982 7668
f 7668 7982 7997
f 7997 7982 7983
f 7997 7983 7996
f 7996 7995 7993
f 7996 7993 7997
f 7994 7993 7995
f 7992 7990 7991
f 7990 7988 7989
f 7990 7989 7991
f 7988 7986 7987
f 7988 7987 7989
f 7985 7664 7986
f 7664 7666 7986
f 7986 7666 7987
f 7985 7662 7664
f 7985 7980 7662
f 7981 7980 7985
f 7662 7980 7978
f 7660 7662 7978
f 7660 7978 7976
f 7658 7660 7976
f 7976 7656 7658
f 7973 7657 7643
f 7973 7982 7657
f 7984 7982 7973
f 7983 7982 7984
f 7981 7979 7980
f 7979 7977 7978
f 7979 7978 7980
f 7977 7975 7976
f 7977 7976 7978
f 7974 7654 7975
f 7654 7656 7975
f 7975 7656 7976
f 7974 7652 7654
f 7974 7971 7652
f 7972 7971 7974
f 7652 7971 7969
f 7650 7652 7969
f 7650 7969 7967
f 7648 7650 7967
f 7648 7967 7965
f 7646 7648 7965
f 7646 7965 7963
f 7645 7646 7963
f 7963 7641 7645
f 7644 7637 7957
f 7973 7643 7958
f 7643 7644 7958
f 7958 7644 7957
f 7972 7970 7971
f 7970 7968 7969
f 7970 7969 7971
f 7968 7966 7967
f 7968 7967 7969
f 7966 7964 7965
f 7966 7965 7967
f 7964 7962 7963
f 7964 7963 7965
f 7961 7639 7962
f 7639 7641 7962
f 7962 7641 7963
f 7960 7638 7961
f 7638 7639 7961
f 7636 7638 7960
f 7956 7636 7960
f 7955 7637 7635
f 7955 7957 7637
f 7959 7957 7955
f 7958 7957 7959
f 7956 7954 7636
f 7954 7634 7636
f 7635 7953 7955
f 7635 7633 7953
f 7954 7952 7634
f 7952 7632 7634
f 7633 7951 7953
f 7633 7630 7951
f 7952 7950 7632
f 7950 7628 7632
f 7630 7949 7951
f 7630 7625 7949
f 7950 7948 7628
f 7948 7947 7628
f 7628 7947 7626
f 7947 7624 7626
f 7625 7945 7949
f 7625 7623 7945
f 7948 7946 7947
f 7624 7944 7622
f 7624 7946 7944
f 7947 7946 7624
f 7623 7943 7945
f 7623 7621 7943
f 7944 7942 7622
f 7942 7619 7622
f 7621 7940 7943
f 7621 7938 7940
f 7620 7938 7621
f 7620 7616 7938
f 7618 7941 7937
f 7618 7937 7614
f 7618 7619 7942
f 7941 7618 7942
f 7938 7939 7940
f 7936 7615 7934
f 7939 7615 7936
f 7616 7615 7939
f 7938 7616 7939
f 7615 7613 7934
f 7937 7932 7614
f 7932 7609 7614
f 7934 7935 7936
f 7935 7612 7933
f 7935 7613 7612
f 7934 7613 7935
f 7612 7611 7933
f 7611 7929 7933
f 7933 7929 7931
f 7927 7929 7611
f 7927 7611 7610
f 7610 7608 7927
f 7932 7922 7609
f 7922 7602 7609
f 7929 7930 7931
f 7927 7928 7930
f 7929 7927 7930
f 7928 7607 7926
f 7928 7608 7607
f 7927 7608 7928
f 7926 7605 7925
f 7926 7607 7605
f 7925 7604 7924
f 7925 7605 7604
f 7924 7603 7923
f 7924 7604 7603
f 7923 7603 7599
f 7923 7599 7920
f 7601 7921 7912
f 7601 7912 7589
f 7601 7602 7922
f 7921 7601 7922
f 7919 7920 7599
f 7598 7919 7599
f 7919 7596 7918
f 7919 7598 7596
f 7918 7595 7917
f 7918 7596 7595
f 7917 7594 7916
f 7917 7595 7594
f 7916 7593 7915
f 7916 7594 7593
f 7915 7592 7914
f 7915 7593 7592
f 7914 7591 7913
f 7914 7592 7591
f 7591 7590 7913
f 7590 7908 7913
f 7913 7908 7910
f 7590 7587 7908
f 7588 7911 7905
f 7588 7905 7582
f 7588 7589 7912
f 7911 7588 7912
f 7908 7909 7910
f 7909 7586 7907
f 7909 7587 7586
f 7908 7587 7909
f 7907 7584 7906
f 7907 7586 7584
f 7906 7581 7904
f 7906 7584 7581
f 7581 7582 7905
f 7904 7581 7905
f 7578 7571 7902
f 7578 7902 7900
f 7576 7578 7900
f 7576 7900 7898
f 7574 7576 7898
f 7574 7898 7896
f 7573 7574 7896
f 7896 7569 7573
f 7893 7903 7572
f 7558 7893 7572
f 7903 7901 7572
f 7901 7902 7572
f 7572 7902 7571
f 7901 7899 7900
f 7901 7900 7902
f 7899 7897 7898
f 7899 7898 7900
f 7897 7895 7896
f 7897 7896 7898
f 7894 7567 7895
f 7567 7569 7895
f 7895 7569 7896
f 7894 7565 7567
f 7894 7891 7565
f 7892 7891 7894
f 7565 7891 7889
f 7563 7565 7889
f 7563 7889 7887
f 7561 7563 7887
f 7561 7887 7885
f 7560 7561 7885
f 7885 7556 7560
f 7559 7546 7881
f 7893 7558 7882
f 7558 7559 7882
f 7882 7559 7881
f 7892 7890 7891
f 7890 7888 7889
f 7890 7889 7891
f 7888 7886 7887
f 7888 7887 7889
f 7886 7884 7885
f 7886 7885 7887
f 7879 7554 7880
f 7880 7554 7884
f 7884 7554 7556
f 7884 7556 7885
f 7554 7879 7877
f 7552 7554 7877
f 7552 7877 7875
f 7550 7552 7875
f 7550 7875 7873
f 7548 7550 7873
f 7548 7873 7871
f 7547 7548 7871
f 7871 7545 7547
f 7869 7546 7539
f 7869 7881 7546
f 7883 7881 7869
f 7882 7881 7883
f 7880 7878 7879
f 7878 7876 7877
f 7878 7877 7879
f 7876 7874 7875
f 7876 7875 7877
f 7874 7872 7873
f 7874 7873 7875
f 7872 7870 7871
f 7872 7871 7873
f 7867 7543 7868
f 7868 7543 7870
f 7870 7543 7545
f 7870 7545 7871
f 7543 7867 7865
f 7541 7543 7865
f 7865 7538 7541
f 7539 7862 7869
f 7539 7533 7862
f 7868 7866 7867
f 7866 7864 7865
f 7866 7865 7867
f 7863 7536 7864
f 7536 7538 7864
f 7864 7538 7865
f 7863 7534 7536
f 7863 7860 7534
f 7861 7860 7863
f 7860 7532 7534
f 7533 7858 7862
f 7533 7529 7858
f 7861 7859 7860
f 7856 7530 7857
f 7857 7530 7859
f 7859 7530 7532
f 7859 7532 7860
f 7856 7528 7530
f 7529 7854 7858
f 7529 7527 7854
f 7857 7855 7856
f 7528 7853 7526
f 7528 7855 7853
f 7856 7855 7528
f 7527 7852 7854
f 7527 7525 7852
f 7853 7851 7526
f 7851 7524 7526
f 7525 7850 7852
f 7525 7523 7850
f 7851 7849 7524
f 7849 7522 7524
f 7523 7848 7850
f 7523 7521 7848
f 7849 7847 7522
f 7847 7520 7522
f 7521 7845 7848
f 7521 7519 7845
f 7847 7844 7520
f 7844 7517 7520
f 7842 7843 7846
f 7519 7516 7845
f 7516 7842 7845
f 7845 7842 7846
f 7844 7841 7517
f 7841 7514 7517
f 7843 7842 7839
f 7840 7843 7839
f 7516 7513 7839
f 7516 7839 7842
f 7841 7838 7514
f 7838 7510 7514
f 7840 7839 7836
f 7837 7840 7836
f 7513 7508 7836
f 7513 7836 7839
f 7838 7835 7510
f 7835 7505 7510
f 7837 7504 7834
f 7837 7509 7504
f 7836 7509 7837
f 7508 7509 7836
f 7835 7833 7505
f 7833 7500 7505
f 7504 7831 7834
f 7504 7499 7831
f 7833 7830 7500
f 7830 7495 7500
f 7828 7829 7832
f 7499 7494 7831
f 7494 7828 7831
f 7831 7828 7832
f 7830 7827 7495
f 7827 7491 7495
f 7829 7828 7825
f 7826 7829 7825
f 7494 7489 7825
f 7494 7825 7828
f 7827 7824 7491
f 7824 7486 7491
f 7826 7484 7823
f 7826 7490 7484
f 7825 7490 7826
f 7489 7490 7825
f 7824 7822 7486
f 7822 7481 7486
f 7484 7820 7823
f 7484 7478 7820
f 7480 7821 7819
f 7480 7819 7476
f 7480 7481 7822
f 7821 7480 7822
f 7478 7818 7820
f 7478 7475 7818
f 7819 7817 7476
f 7817 7473 7476
f 7475 7815 7818
f 7475 7472 7815
f 7817 7814 7473
f 7814 7470 7473
f 7812 7813 7816
f 7472 7468 7815
f 7468 7812 7815
f 7815 7812 7816
f 7814 7811 7470
f 7811 7467 7470
f 7813 7466 7810
f 7813 7469 7466
f 7812 7469 7813
f 7468 7469 7812
f 7811 7809 7467
f 7809 7464 7467
f 7466 7808 7810
f 7466 7463 7808
f 7809 7807 7464
f 7807 7462 7464
f 7463 7805 7808
f 7463 7460 7805
f 7807 7804 7462
f 7804 7459 7462
f 7803 7806 7461
f 7458 7803 7461
f 7805 7460 7461
f 7805 7461 7806
f 7804 7802 7459
f 7802 7456 7459
f 7458 7800 7803
f 7458 7453 7800
f 7455 7801 7799
f 7455 7799 7452
f 7455 7456 7802
f 7801 7455 7802
f 7453 7798 7800
f 7453 7451 7798
f 7799 7797 7452
f 7797 7450 7452
f 7451 7795 7798
f 7451 7449 7795
f 7796 7794 7793
f 7797 7448 7450
f 7797 7793 7448
f 7796 7793 7797
f 7449 7792 7795
f 7449 7445 7792
f 7791 7444 7794
f 7444 7447 7794
f 7794 7447 7793
f 7793 7447 7448
f 7446 7442 7788
f 7792 7445 7789
f 7445 7446 7789
f 7789 7446 7788
f 7790 7787 7786
f 7791 7441 7444
f 7791 7786 7441
f 7790 7786 7791
f 7440 7784 7788
f 7442 7440 7788
f 7785 7789 7788
f 7785 7788 7784
f 7781 7786 7787
f 7781 7787 7782
f 7781 7439 7441
f 7786 7781 7441
f 7437 7779 7784
f 7440 7437 7784
f 7780 7785 7784
f 7780 7784 7779
f 7783 7778 7777
f 7777 7436 7783
f 7783 7436 7782
f 7782 7436 7438
f 7782 7438 7781
f 7781 7438 7439
f 7434 7775 7779
f 7437 7434 7779
f 7776 7780 7779
f 7776 7779 7775
f 7771 7777 7778
f 7771 7778 7772
f 7771 7433 7436
f 7777 7771 7436
f 7431 7770 7775
f 7434 7431 7775
f 7770 7768 7775
f 7768 7774 7775
f 7775 7774 7776
f 7774 7768 7769
f 7773 7765 7764
f 7764 7429 7773
f 7773 7429 7772
f 7772 7429 7432
f 7772 7432 7771
f 7771 7432 7433
f 7431 7430 7770
f 7770 7763 7768
f 7770 7427 7763
f 7430 7427 7770
f 7763 7761 7768
f 7761 7767 7768
f 7768 7767 7769
f 7767 7761 7762
f 7766 7759 7757
f 7766 7757 7758
f 7743 7764 7765
f 7743 7765 7744
f 7743 7425 7429
f 7764 7743 7429
f 7423 7742 7763
f 7427 7423 7763
f 7761 7763 7741
f 7763 7742 7741
f 7741 7740 7761
f 7740 7760 7761
f 7761 7760 7762
f 7739 7757 7740
f 7757 7759 7740
f 7740 7759 7760
f 7739 7738 7757
f 7738 7756 7757
f 7757 7756 7758
f 7755 7756 7738
f 7755 7738 7736
f 7755 7736 7737
f 7754 7734 7733
f 7753 7754 7733
f 7753 7733 7732
f 7752 7753 7732
f 7752 7732 7731
f 7751 7752 7731
f 7751 7731 7730
f 7750 7751 7730
f 7750 7730 7729
f 7749 7750 7729
f 7749 7729 7728
f 7748 7749 7728
f 7748 7728 7727
f 7747 7748 7727
f 7747 7727 7726
f 7746 7747 7726
f 7746 7726 7724
f 7746 7724 7725
f 7745 7721 7720
f 7720 7419 7745
f 7745 7419 7744
f 7744 7419 7424
f 7744 7424 7743
f 7743 7424 7425
f 7423 7421 7742
f 7742 7719 7741
f 7742 7416 7719
f 7421 7416 7742
f 7740 7741 7718
f 7741 7719 7718
f 7739 7740 7717
f 7740 7718 7717
f 7738 7739 7716
f 7739 7717 7716
f 7736 7738 7715
f 7738 7716 7715
f 7715 7714 7736
f 7714 7735 7736
f 7736 7735 7737
f 7713 7733 7714
f 7733 7734 7714
f 7714 7734 7735
f 7732 7733 7712
f 7733 7713 7712
f 7731 7732 7711
f 7732 7712 7711
f 7730 7731 7710
f 7731 7711 7710
f 7729 7730 7709
f 7730 7710 7709
f 7728 7729 7708
f 7729 7709 7708
f 7727 7728 7707
f 7728 7708 7707
f 7726 7727 7706
f 7727 7707 7706
f 7724 7726 7705
f 7726 7706 7705
f 7705 7704 7724
f 7704 7723 7724
f 7724 7723 7725
f 7722 7723 7704
f 7722 7704 7703
f 7703 7407 7722
f 7722 7407 7721
f 7721 7407 7420
f 7721 7420 7720
f 7720 7420 7419
f 7405 7702 7719
f 7416 7405 7719
f 7718 7719 7701
f 7719 7702 7701
f 7701 7717 7718
f 7701 7414 7717
f 7401 7414 7701
f 7413 7716 7717
f 7414 7413 7717
f 7412 7715 7716
f 7413 7412 7716
f 7715 7700 7714
f 7715 7398 7700
f 7412 7398 7715
f 7713 7714 7699
f 7714 7700 7699
f 7712 7713 7698
f 7713 7699 7698
f 7698 7711 7712
f 7698 7411 7711
f 7393 7411 7698
f 7410 7710 7711
f 7411 7410 7711
f 7409 7709 7710
f 7410 7409 7710
f 7709 7697 7708
f 7709 7390 7697
f 7409 7390 7709
f 7707 7708 7696
f 7708 7697 7696
f 7706 7707 7695
f 7707 7696 7695
f 7705 7706 7694
f 7706 7695 7694
f 7704 7705 7693
f 7705 7694 7693
f 7693 7703 7704
f 7693 7408 7703
f 7383 7408 7693
f 7703 7408 7407
f 7405 7403 7702
f 7402 7701 7702
f 7403 7402 7702
f 7701 7402 7401
f 7398 7396 7700
f 7395 7699 7700
f 7396 7395 7700
f 7394 7698 7699
f 7395 7394 7699
f 7698 7394 7393
f 7390 7388 7697
f 7387 7696 7697
f 7388 7387 7697
f 7386 7695 7696
f 7387 7386 7696
f 7385 7694 7695
f 7386 7385 7695
f 7384 7693 7694
f 7385 7384 7694
f 7693 7384 7383
f 7324 7315 7692
f 7324 7692 7691
f 7322 7324 7691
f 7691 7313 7322
f 7317 7305 7690
f 7317 7690 7689
f 7316 7317 7689
f 7692 7689 7687
f 7692 7316 7689
f 7315 7316 7692
f 7691 7692 7685
f 7692 7687 7685
f 7683 7691 7685
f 7683 7313 7691
f 7311 7313 7683
f 7683 7303 7311
f 7306 7293 7682
f 7690 7682 7678
f 7690 7306 7682
f 7305 7306 7690
f 7690 7678 7689
f 7678 7679 7689
f 7689 7679 7688
f 7688 7686 7687
f 7688 7687 7689
f 7686 7684 7685
f 7686 7685 7687
f 7683 7685 7676
f 7685 7684 7676
f 7676 7684 7677
f 7674 7683 7676
f 7674 7303 7683
f 7301 7303 7674
f 7301 7674 7672
f 7299 7301 7672
f 7299 7672 7670
f 7297 7299 7670
f 7670 7291 7297
f 7294 7281 7667
f 7294 7667 7293
f 7293 7667 7682
f 7682 7667 7668
f 7682 7668 7681
f 7681 7680 7678
f 7681 7678 7682
f 7679 7678 7680
f 7677 7675 7676
f 7675 7673 7674
f 7675 7674 7676
f 7673 7671 7672
f 7673 7672 7674
f 7670 7672 7665
f 7672 7671 7665
f 7665 7671 7666
f 7663 7670 7665
f 7663 7291 7670
f 7289 7291 7663
f 7289 7663 7661
f 7287 7289 7661
f 7287 7661 7659
f 7285 7287 7659
f 7659 7279 7285
f 7657 7281 7267
f 7657 7667 7281
f 7669 7667 7657
f 7668 7667 7669
f 7666 7664 7665
f 7664 7662 7663
f 7664 7663 7665
f 7662 7660 7661
f 7662 7661 7663
f 7660 7658 7659
f 7660 7659 7661
f 7655 7277 7656
f 7656 7277 7658
f 7658 7277 7279
f 7658 7279 7659
f 7277 7655 7653
f 7275 7277 7653
f 7275 7653 7651
f 7273 7275 7651
f 7273 7651 7649
f 7271 7273 7649
f 7271 7649 7647
f 7269 7271 7647
f 7647 7265 7269
f 7268 7261 7642
f 7657 7267 7643
f 7267 7268 7643
f 7643 7268 7642
f 7656 7654 7655
f 7654 7652 7653
f 7654 7653 7655
f 7652 7650 7651
f 7652 7651 7653
f 7650 7648 7649
f 7650 7649 7651
f 7648 7646 7647
f 7648 7647 7649
f 7645 7263 7646
f 7263 7265 7646
f 7646 7265 7647
f 7645 7262 7263
f 7645 7640 7262
f 7641 7640 7645
f 7640 7260 7262
f 7637 7261 7257
f 7637 7642 7261
f 7644 7642 7637
f 7643 7642 7644
f 7641 7639 7640
f 7638 7258 7639
f 7258 7260 7639
f 7639 7260 7640
f 7256 7258 7638
f 7636 7256 7638
f 7257 7635 7637
f 7257 7254 7635
f 7636 7634 7256
f 7634 7253 7256
f 7254 7633 7635
f 7254 7249 7633
f 7634 7632 7253
f 7632 7631 7253
f 7253 7631 7251
f 7631 7247 7251
f 7250 7246 7629
f 7633 7249 7630
f 7249 7250 7630
f 7630 7250 7629
f 7627 7631 7632
f 7627 7632 7628
f 7627 7244 7247
f 7631 7627 7247
f 7246 7245 7629
f 7625 7630 7243
f 7630 7629 7243
f 7243 7629 7245
f 7628 7626 7627
f 7244 7624 7242
f 7244 7626 7624
f 7627 7626 7244
f 7243 7623 7625
f 7243 7241 7623
f 7624 7622 7242
f 7622 7240 7242
f 7241 7621 7623
f 7241 7238 7621
f 7617 7236 7239
f 7619 7240 7622
f 7619 7239 7240
f 7617 7239 7619
f 7620 7621 7238
f 7237 7620 7238
f 7620 7237 7235
f 7620 7235 7616
f 7233 7236 7614
f 7236 7617 7614
f 7614 7617 7618
f 7618 7617 7619
f 7615 7616 7235
f 7234 7615 7235
f 7615 7234 7232
f 7615 7232 7613
f 7614 7609 7233
f 7609 7226 7233
f 7612 7613 7232
f 7231 7612 7232
f 7612 7229 7611
f 7612 7231 7229
f 7611 7228 7610
f 7611 7229 7228
f 7228 7227 7610
f 7227 7606 7610
f 7610 7606 7608
f 7227 7223 7606
f 7600 7217 7225
f 7602 7226 7609
f 7602 7225 7226
f 7600 7225 7602
f 7606 7607 7608
f 7607 7222 7605
f 7607 7223 7222
f 7606 7223 7607
f 7605 7220 7604
f 7605 7222 7220
f 7604 7219 7603
f 7604 7220 7219
f 7219 7218 7603
f 7218 7597 7603
f 7603 7597 7599
f 7218 7216 7597
f 7203 7217 7589
f 7217 7600 7589
f 7589 7600 7601
f 7601 7600 7602
f 7597 7598 7599
f 7598 7215 7596
f 7598 7216 7215
f 7597 7216 7598
f 7596 7213 7595
f 7596 7215 7213
f 7595 7211 7594
f 7595 7213 7211
f 7594 7210 7593
f 7594 7211 7210
f 7593 7209 7592
f 7593 7210 7209
f 7592 7208 7591
f 7592 7209 7208
f 7591 7207 7590
f 7591 7208 7207
f 7207 7206 7590
f 7206 7585 7590
f 7590 7585 7587
f 7583 7585 7206
f 7583 7206 7205
f 7580 7583 7205
f 7580 7205 7204
f 7202 7588 7204
f 7588 7582 7204
f 7204 7582 7580
f 7202 7203 7589
f 7588 7202 7589
f 7585 7586 7587
f 7583 7584 7586
f 7585 7583 7586
f 7580 7581 7584
f 7583 7580 7584
f 7581 7580 7582
f 7199 7194 7579
f 7199 7579 7577
f 7197 7199 7577
f 7197 7577 7575
f 7196 7197 7575
f 7575 7192 7196
f 7195 7181 7570
f 7195 7570 7194
f 7194 7570 7579
f 7579 7570 7571
f 7579 7571 7578
f 7578 7576 7577
f 7578 7577 7579
f 7576 7574 7575
f 7576 7575 7577
f 7573 7190 7574
f 7190 7192 7574
f 7574 7192 7575
f 7573 7188 7190
f 7573 7568 7188
f 7569 7568 7573
f 7188 7568 7566
f 7186 7188 7566
f 7186 7566 7564
f 7184 7186 7564
f 7184 7564 7562
f 7183 7184 7562
f 7562 7179 7183
f 7182 7168 7557
f 7182 7557 7181
f 7181 7557 7570
f 7570 7557 7558
f 7570 7558 7572
f 7571 7570 7572
f 7569 7567 7568
f 7567 7565 7566
f 7567 7566 7568
f 7565 7563 7564
f 7565 7564 7566
f 7563 7561 7562
f 7563 7562 7564
f 7560 7177 7561
f 7177 7179 7561
f 7561 7179 7562
f 7560 7175 7177
f 7560 7555 7175
f 7556 7555 7560
f 7175 7555 7553
f 7173 7175 7553
f 7173 7553 7551
f 7171 7173 7551
f 7171 7551 7549
f 7169 7171 7549
f 7549 7167 7169
f 7546 7168 7159
f 7546 7557 7168
f 7559 7557 7546
f 7558 7557 7559
f 7556 7554 7555
f 7554 7552 7553
f 7554 7553 7555
f 7552 7550 7551
f 7552 7551 7553
f 7550 7548 7549
f 7550 7549 7551
f 7547 7165 7548
f 7165 7167 7548
f 7548 7167 7549
f 7547 7163 7165
f 7547 7544 7163
f 7545 7544 7547
f 7163 7544 7542
f 7161 7163 7542
f 7161 7542 7540
f 7160 7161 7540
f 7540 7158 7160
f 7159 7539 7546
f 7159 7155 7539
f 7545 7543 7544
f 7543 7541 7542
f 7543 7542 7544
f 7540 7542 7537
f 7542 7541 7537
f 7537 7541 7538
f 7535 7540 7537
f 7535 7158 7540
f 7156 7158 7535
f 7535 7154 7156
f 7155 7533 7539
f 7155 7151 7533
f 7538 7536 7537
f 7536 7534 7535
f 7536 7535 7537
f 7531 7152 7532
f 7532 7152 7534
f 7534 7152 7154
f 7534 7154 7535
f 7531 7150 7152
f 7151 7529 7533
f 7151 7149 7529
f 7532 7530 7531
f 7150 7528 7148
f 7150 7530 7528
f 7531 7530 7150
f 7149 7527 7529
f 7149 7147 7527
f 7528 7526 7148
f 7526 7146 7148
f 7147 7525 7527
f 7147 7145 7525
f 7526 7524 7146
f 7524 7144 7146
f 7145 7523 7525
f 7145 7143 7523
f 7524 7522 7144
f 7522 7141 7144
f 7143 7521 7523
f 7143 7140 7521
f 7522 7520 7141
f 7520 7136 7141
f 7140 7519 7521
f 7140 7518 7519
f 7138 7518 7140
f 7138 7135 7518
f 7520 7517 7136
f 7517 7132 7136
f 7519 7518 7515
f 7516 7519 7515
f 7135 7131 7515
f 7135 7515 7518
f 7517 7514 7132
f 7514 7127 7132
f 7516 7515 7512
f 7513 7516 7512
f 7512 7515 7511
f 7515 7131 7511
f 7511 7131 7129
f 7129 7126 7511
f 7514 7510 7127
f 7510 7123 7127
f 7513 7512 7507
f 7508 7513 7507
f 7506 7512 7511
f 7506 7507 7512
f 7126 7122 7506
f 7126 7506 7511
f 7510 7505 7123
f 7505 7119 7123
f 7503 7504 7509
f 7503 7507 7502
f 7503 7508 7507
f 7509 7508 7503
f 7501 7507 7506
f 7501 7502 7507
f 7122 7118 7501
f 7122 7501 7506
f 7505 7500 7119
f 7500 7114 7119
f 7504 7503 7498
f 7499 7504 7498
f 7497 7503 7502
f 7497 7498 7503
f 7496 7502 7501
f 7496 7497 7502
f 7118 7112 7496
f 7118 7496 7501
f 7500 7495 7114
f 7495 7108 7114
f 7499 7498 7493
f 7494 7499 7493
f 7492 7498 7497
f 7492 7493 7498
f 7497 7496 7492
f 7496 7113 7492
f 7492 7113 7107
f 7112 7113 7496
f 7495 7491 7108
f 7491 7102 7108
f 7494 7493 7488
f 7489 7494 7488
f 7487 7493 7492
f 7487 7488 7493
f 7107 7098 7487
f 7107 7487 7492
f 7485 7095 7101
f 7486 7102 7491
f 7486 7101 7102
f 7485 7101 7486
f 7483 7484 7490
f 7483 7488 7482
f 7483 7489 7488
f 7490 7489 7483
f 7488 7487 7482
f 7487 7099 7482
f 7482 7099 7093
f 7098 7099 7487
f 7485 7479 7090
f 7485 7090 7095
f 7485 7486 7481
f 7479 7485 7481
f 7484 7483 7477
f 7478 7484 7477
f 7483 7482 7477
f 7482 7094 7477
f 7477 7094 7089
f 7093 7094 7482
f 7086 7090 7476
f 7090 7479 7476
f 7476 7479 7480
f 7480 7479 7481
f 7478 7477 7474
f 7475 7478 7474
f 7089 7085 7474
f 7089 7474 7477
f 7476 7473 7086
f 7473 7083 7086
f 7475 7474 7471
f 7472 7475 7471
f 7085 7081 7471
f 7085 7471 7474
f 7473 7470 7083
f 7470 7079 7083
f 7472 7077 7468
f 7472 7082 7077
f 7471 7082 7472
f 7081 7082 7471
f 7470 7467 7079
f 7467 7075 7079
f 7465 7466 7469
f 7077 7072 7468
f 7072 7465 7468
f 7468 7465 7469
f 7467 7464 7075
f 7464 7070 7075
f 7466 7068 7463
f 7466 7073 7068
f 7465 7073 7466
f 7072 7073 7465
f 7464 7462 7070
f 7462 7066 7070
f 7068 7460 7463
f 7068 7064 7460
f 7462 7459 7066
f 7459 7062 7066
f 7457 7458 7461
f 7064 7058 7460
f 7058 7457 7460
f 7460 7457 7461
f 7454 7057 7061
f 7456 7062 7459
f 7456 7061 7062
f 7454 7061 7456
f 7458 7056 7453
f 7458 7059 7056
f 7457 7059 7458
f 7058 7059 7457
f 7054 7057 7452
f 7057 7454 7452
f 7452 7454 7455
f 7455 7454 7456
f 7056 7451 7453
f 7056 7053 7451
f 7452 7450 7054
f 7450 7052 7054
f 7053 7449 7451
f 7053 7051 7449
f 7450 7448 7052
f 7448 7050 7052
f 7051 7445 7449
f 7051 7048 7445
f 7447 7444 7443
f 7448 7047 7050
f 7448 7443 7047
f 7447 7443 7448
f 7442 7446 7049
f 7045 7442 7049
f 7445 7048 7049
f 7445 7049 7446
f 7441 7044 7444
f 7044 7046 7444
f 7444 7046 7443
f 7443 7046 7047
f 7045 7440 7442
f 7045 7043 7440
f 7441 7439 7044
f 7439 7042 7044
f 7043 7437 7440
f 7043 7041 7437
f 7438 7436 7435
f 7439 7040 7042
f 7439 7435 7040
f 7438 7435 7439
f 7041 7434 7437
f 7041 7038 7434
f 7433 7036 7436
f 7036 7039 7436
f 7436 7039 7435
f 7435 7039 7040
f 7038 7431 7434
f 7038 7035 7431
f 7432 7429 7428
f 7433 7033 7036
f 7433 7428 7033
f 7432 7428 7433
f 7031 7431 7035
f 7031 7430 7431
f 7426 7430 7031
f 7430 7426 7427
f 7425 7030 7429
f 7030 7032 7429
f 7429 7032 7428
f 7428 7032 7033
f 7028 7422 7426
f 7031 7028 7426
f 7423 7427 7426
f 7423 7426 7422
f 7424 7419 7418
f 7425 7027 7030
f 7425 7418 7027
f 7424 7418 7425
f 7025 7417 7422
f 7028 7025 7422
f 7417 7415 7422
f 7415 7421 7422
f 7422 7421 7423
f 7421 7415 7416
f 7420 7407 7406
f 7406 7023 7420
f 7420 7023 7419
f 7419 7023 7026
f 7419 7026 7418
f 7418 7026 7027
f 7025 7024 7417
f 7417 7404 7415
f 7417 7021 7404
f 7024 7021 7417
f 7405 7416 7415
f 7405 7415 7404
f 7414 7401 7400
f 7413 7414 7400
f 7413 7400 7399
f 7412 7413 7399
f 7412 7399 7397
f 7412 7397 7398
f 7411 7393 7392
f 7410 7411 7392
f 7410 7392 7391
f 7409 7410 7391
f 7409 7391 7389
f 7409 7389 7390
f 7408 7383 7382
f 7381 7406 7382
f 7406 7407 7382
f 7382 7407 7408
f 7381 7018 7023
f 7406 7381 7023
f 7016 7380 7404
f 7021 7016 7404
f 7380 7379 7404
f 7379 7403 7404
f 7404 7403 7405
f 7402 7403 7379
f 7402 7379 7378
f 7377 7400 7378
f 7400 7401 7378
f 7378 7401 7402
f 7399 7400 7376
f 7400 7377 7376
f 7397 7399 7375
f 7399 7376 7375
f 7375 7374 7397
f 7374 7396 7397
f 7397 7396 7398
f 7395 7396 7374
f 7395 7374 7373
f 7394 7395 7373
f 7394 7373 7372
f 7371 7392 7372
f 7392 7393 7372
f 7372 7393 7394
f 7391 7392 7370
f 7392 7371 7370
f 7389 7391 7369
f 7391 7370 7369
f 7369 7368 7389
f 7368 7388 7389
f 7389 7388 7390
f 7387 7388 7368
f 7387 7368 7367
f 7386 7387 7367
f 7386 7367 7366
f 7385 7386 7366
f 7385 7366 7365
f 7384 7385 7365
f 7384 7365 7364
f 7364 7013 7384
f 7384 7013 7383
f 7383 7013 7019
f 7383 7019 7382
f 7017 7381 7382
f 7019 7017 7382
f 7381 7017 7018
f 7010 7363 7380
f 7016 7010 7380
f 7379 7380 7362
f 7380 7363 7362
f 7378 7379 7361
f 7379 7362 7361
f 7377 7378 7360
f 7378 7361 7360
f 7376 7377 7359
f 7377 7360 7359
f 7375 7376 7358
f 7376 7359 7358
f 7374 7375 7357
f 7375 7358 7357
f 7373 7374 7356
f 7374 7357 7356
f 7372 7373 7355
f 7373 7356 7355
f 7371 7372 7354
f 7372 7355 7354
f 7370 7371 7353
f 7371 7354 7353
f 7369 7370 7352
f 7370 7353 7352
f 7368 7369 7351
f 7369 7352 7351
f 7367 7368 7350
f 7368 7351 7350
f 7366 7367 7349
f 7367 7350 7349
f 7365 7366 7348
f 7366 7349 7348
f 7348 7364 7365
f 7348 7014 7364
f 6999 7014 7348
f 7364 7014 7013
f 7010 7008 7363
f 7363 7347 7362
f 7363 6995 7347
f 7008 6995 7363
f 7361 7362 7346
f 7362 7347 7346
f 7360 7361 7345
f 7361 7346 7345
f 7359 7360 7344
f 7360 7345 7344
f 7358 7359 7343
f 7359 7344 7343
f 7357 7358 7342
f 7358 7343 7342
f 7356 7357 7341
f 7357 7342 7341
f 7341 7355 7356
f 7341 7007 7355
f 6991 7007 7341
f 7006 7354 7355
f 7007 7006 7355
f 7005 7353 7354
f 7006 7005 7354
f 7004 7352 7353
f 7005 7004 7353
f 7003 7351 7352
f 7004 7003 7352
f 7002 7350 7351
f 7003 7002 7351
f 7001 7349 7350
f 7002 7001 7350
f 7000 7348 7349
f 7001 7000 7349
f 7348 7000 6999
f 6979 7340 7347
f 6995 6979 7347
f 7346 7347 7339
f 7347 7340 7339
f 7345 7346 7338
f 7346 7339 7338
f 7338 7344 7345
f 7338 6993 7344
f 6976 6993 7338
f 7344 7337 7343
f 7344 6975 7337
f 6993 6975 7344
f 7342 7343 7336
f 7343 7337 7336
f 7336 7341 7342
f 7336 6992 7341
f 6971 6992 7336
f 7341 6992 6991
f 6958 7335 7340
f 6979 6958 7340
f 7339 7340 7334
f 7340 7335 7334
f 7334 7338 7339
f 7334 6977 7338
f 6956 6977 7334
f 7338 6977 6976
f 6975 6973 7337
f 6972 7336 7337
f 6973 6972 7337
f 7336 6972 6971
f 6940 7333 7335
f 6958 6940 7335
f 7334 7335 7332
f 7335 7333 7332
f 7332 6937 6956
f 7334 7332 6956
f 6925 7331 7333
f 6940 6925 7333
f 7331 7332 7333
f 7331 6938 7332
f 6923 6938 7331
f 7332 6938 6937
f 6914 7330 7331
f 6925 6914 7331
f 7330 6911 6923
f 7331 7330 6923
f 6914 6912 7330
f 7330 6912 6911
f 6908 6892 7329
f 6908 7329 7328
f 6906 6908 7328
f 7328 6890 6906
f 6896 6880 7327
f 6896 7327 7326
f 6894 6896 7326
f 6894 7326 7325
f 6893 6894 7325
f 7329 7325 7323
f 7329 6893 7325
f 6892 6893 7329
f 7328 7329 7321
f 7329 7323 7321
f 7320 7328 7321
f 7320 6890 7328
f 6888 6890 7320
f 7320 6878 6888
f 6881 6868 7319
f 7327 7319 7318
f 7327 6881 7319
f 6880 6881 7327
f 7326 7327 7314
f 7327 7318 7314
f 7326 7314 7325
f 7314 7315 7325
f 7325 7315 7324
f 7324 7322 7323
f 7324 7323 7325
f 7321 7323 7312
f 7323 7322 7312
f 7312 7322 7313
f 7320 7321 7310
f 7321 7312 7310
f 7309 7320 7310
f 7309 6878 7320
f 6876 6878 7309
f 6876 7309 7308
f 6874 6876 7308
f 7308 6866 6874
f 6869 6856 7307
f 7319 7307 7304
f 7319 6869 7307
f 6868 6869 7319
f 7319 7304 7318
f 7304 7305 7318
f 7318 7305 7317
f 7317 7316 7314
f 7317 7314 7318
f 7315 7314 7316
f 7313 7311 7312
f 7310 7312 7302
f 7312 7311 7302
f 7302 7311 7303
f 7309 7310 7300
f 7310 7302 7300
f 7308 7309 7298
f 7309 7300 7298
f 7296 7308 7298
f 7296 6866 7308
f 6864 6866 7296
f 6864 7296 7295
f 6862 6864 7295
f 7295 6854 6862
f 6842 7292 7307
f 6856 6842 7307
f 7307 7292 7304
f 7292 7293 7304
f 7304 7293 7306
f 7305 7304 7306
f 7303 7301 7302
f 7301 7299 7300
f 7301 7300 7302
f 7299 7297 7298
f 7299 7298 7300
f 7296 7298 7290
f 7298 7297 7290
f 7290 7297 7291
f 7295 7296 7288
f 7296 7290 7288
f 7286 7295 7288
f 7286 6854 7295
f 6852 6854 7286
f 6852 7286 7284
f 6850 6852 7284
f 6850 7284 7283
f 6848 6850 7283
f 6848 7283 7282
f 6846 6848 7282
f 7282 6840 6846
f 6843 6834 7280
f 6843 7280 6842
f 6842 7280 7292
f 7292 7280 7281
f 7292 7281 7294
f 7293 7292 7294
f 7291 7289 7290
f 7289 7287 7288
f 7289 7288 7290
f 7287 7285 7286
f 7287 7286 7288
f 7284 7286 7278
f 7286 7285 7278
f 7278 7285 7279
f 7283 7284 7276
f 7284 7278 7276
f 7282 7283 7274
f 7283 7276 7274
f 7272 7282 7274
f 7272 6840 7282
f 6838 6840 7272
f 6838 7272 7270
f 6836 6838 7270
f 7270 6833 6836
f 6830 7266 7280
f 6834 6830 7280
f 7267 7281 7280
f 7267 7280 7266
f 7279 7277 7278
f 7277 7275 7276
f 7277 7276 7278
f 7275 7273 7274
f 7275 7274 7276
f 7273 7271 7272
f 7273 7272 7274
f 7271 7269 7270
f 7271 7270 7272
f 7264 6831 7265
f 7265 6831 7269
f 7269 6831 6833
f 7269 6833 7270
f 7264 6829 6831
f 7261 6830 6825
f 7261 7266 6830
f 7268 7266 7261
f 7267 7266 7268
f 7265 7263 7264
f 7262 6827 7263
f 6827 6829 7263
f 7263 6829 7264
f 7262 6826 6827
f 7262 7259 6826
f 7260 7259 7262
f 7259 6824 6826
f 6825 7257 7261
f 6825 6822 7257
f 7260 7258 7259
f 7255 6823 7256
f 7256 6823 7258
f 7258 6823 6824
f 7258 6824 7259
f 7255 6820 6823
f 6822 7254 7257
f 6822 6818 7254
f 7252 7255 7256
f 7252 7256 7253
f 7252 6816 6820
f 7255 7252 6820
f 6819 6815 7248
f 7254 6818 7249
f 6818 6819 7249
f 7249 6819 7248
f 7253 7251 7252
f 6816 7247 6814
f 6816 7251 7247
f 7252 7251 6816
f 7246 6815 6813
f 7246 7248 6815
f 7250 7248 7246
f 7249 7248 7250
f 7247 7244 6814
f 7244 6811 6814
f 7245 7246 6813
f 6812 7245 6813
f 7245 6812 6810
f 7245 6810 7243
f 7244 7242 6811
f 7242 6809 6811
f 6810 7241 7243
f 6810 6808 7241
f 7242 7240 6809
f 7240 6807 6809
f 6808 7238 7241
f 6808 6804 7238
f 6806 7239 7236
f 6806 7236 6801
f 6806 6807 7240
f 7239 6806 7240
f 7237 7238 6804
f 6803 7237 6804
f 7237 6803 6800
f 7237 6800 7235
f 7236 7233 6801
f 7233 6796 6801
f 7234 7235 6800
f 6799 7234 6800
f 6799 6797 7234
f 6797 7230 7234
f 7234 7230 7232
f 6797 6794 7230
f 7224 6787 6795
f 7226 6796 7233
f 7226 6795 6796
f 7224 6795 7226
f 7230 7231 7232
f 7231 6793 7229
f 7231 6794 6793
f 7230 6794 7231
f 7229 6791 7228
f 7229 6793 6791
f 7228 6789 7227
f 7228 6791 6789
f 6789 6788 7227
f 6788 7221 7227
f 7227 7221 7223
f 6788 6786 7221
f 6778 6787 7217
f 6787 7224 7217
f 7217 7224 7225
f 7225 7224 7226
f 7221 7222 7223
f 7222 6785 7220
f 7222 6786 6785
f 7221 6786 7222
f 7220 6783 7219
f 7220 6785 6783
f 7219 6781 7218
f 7219 6783 6781
f 6781 6780 7218
f 6780 7214 7218
f 7218 7214 7216
f 7212 7214 6780
f 7212 6780 6779
f 6779 6776 7212
f 7201 6766 6777
f 7203 6778 7217
f 7203 6777 6778
f 7201 6777 7203
f 7214 7215 7216
f 7212 7213 7215
f 7214 7212 7215
f 7213 6775 7211
f 7213 6776 6775
f 7212 6776 7213
f 7211 6773 7210
f 7211 6775 6773
f 7210 6771 7209
f 7210 6773 6771
f 7209 6770 7208
f 7209 6771 6770
f 7208 6769 7207
f 7208 6770 6769
f 7207 6768 7206
f 7207 6769 6768
f 7206 6767 7205
f 7206 6768 6767
f 7205 6765 7204
f 7205 6767 6765
f 6765 7202 7204
f 6765 7201 7202
f 6766 7201 6765
f 7202 7201 7203
f 6764 6761 7200
f 6764 7200 7198
f 6763 6764 7198
f 7198 6759 6763
f 6762 6750 7193
f 6762 7193 6761
f 6761 7193 7200
f 7200 7193 7194
f 7200 7194 7199
f 7199 7197 7198
f 7199 7198 7200
f 7196 6757 7197
f 6757 6759 7197
f 7197 6759 7198
f 7196 6755 6757
f 7196 7191 6755
f 7192 7191 7196
f 6755 7191 7189
f 6754 6755 7189
f 6754 7189 7187
f 6753 6754 7187
f 6753 7187 7185
f 6752 6753 7185
f 7185 6749 6752
f 6751 6739 7180
f 6751 7180 6750
f 6750 7180 7193
f 7193 7180 7181
f 7193 7181 7195
f 7194 7193 7195
f 7192 7190 7191
f 7190 7188 7189
f 7190 7189 7191
f 7188 7186 7187
f 7188 7187 7189
f 7186 7184 7185
f 7186 7185 7187
f 7183 6747 7184
f 6747 6749 7184
f 7184 6749 7185
f 7183 6745 6747
f 7183 7178 6745
f 7179 7178 7183
f 6745 7178 7176
f 6743 6745 7176
f 6743 7176 7174
f 6742 6743 7174
f 6742 7174 7172
f 6741 6742 7172
f 6741 7172 7170
f 6740 6741 7170
f 7170 6738 6740
f 7168 6739 6731
f 7168 7180 6739
f 7182 7180 7168
f 7181 7180 7182
f 7179 7177 7178
f 7177 7175 7176
f 7177 7176 7178
f 7175 7173 7174
f 7175 7174 7176
f 7173 7171 7172
f 7173 7172 7174
f 7171 7169 7170
f 7171 7170 7172
f 7166 6736 7167
f 7167 6736 7169
f 7169 6736 6738
f 7169 6738 7170
f 6736 7166 7164
f 6734 6736 7164
f 6734 7164 7162
f 6732 6734 7162
f 7162 6730 6732
f 6731 7159 7168
f 6731 6725 7159
f 7167 7165 7166
f 7165 7163 7164
f 7165 7164 7166
f 7163 7161 7162
f 7163 7162 7164
f 7160 6728 7161
f 6728 6730 7161
f 7161 6730 7162
f 7160 6726 6728
f 7160 7157 6726
f 7158 7157 7160
f 7157 6724 6726
f 6725 7155 7159
f 6725 6721 7155
f 7158 7156 7157
f 7153 6722 7154
f 7154 6722 7156
f 7156 6722 6724
f 7156 6724 7157
f 7153 6720 6722
f 6721 7151 7155
f 6721 6719 7151
f 7154 7152 7153
f 6720 7150 6718
f 6720 7152 7150
f 7153 7152 6720
f 6719 7149 7151
f 6719 6717 7149
f 7150 7148 6718
f 7148 6716 6718
f 6717 7147 7149
f 6717 6715 7147
f 7148 7146 6716
f 7146 6713 6716
f 6715 7145 7147
f 6715 6712 7145
f 7146 7144 6713
f 7144 6709 6713
f 6712 7143 7145
f 6712 7142 7143
f 6711 7142 6712
f 6711 6708 7142
f 7144 7141 6709
f 7141 6704 6709
f 7143 7142 7139
f 7140 7143 7139
f 7139 7142 7137
f 7142 6708 7137
f 7137 6708 6706
f 6706 6703 7137
f 7141 7136 6704
f 7136 6699 6704
f 7139 7138 7140
f 7134 7139 7137
f 7134 7138 7139
f 7135 7138 7134
f 7134 7137 7133
f 7137 6703 7133
f 7133 6703 6701
f 6701 6698 7133
f 7136 7132 6699
f 7132 6695 6699
f 7135 7134 7130
f 7131 7135 7130
f 7128 7134 7133
f 7128 7130 7134
f 6698 6694 7128
f 6698 7128 7133
f 7132 7127 6695
f 7127 6689 6695
f 7130 7129 7131
f 7125 7130 7128
f 7125 7129 7130
f 7126 7129 7125
f 7125 7128 7124
f 7128 6694 7124
f 7124 6694 6692
f 6692 6688 7124
f 7127 7123 6689
f 7123 6685 6689
f 7126 7125 7121
f 7122 7126 7121
f 7120 7125 7124
f 7120 7121 7125
f 6688 6684 7120
f 6688 7120 7124
f 7123 7119 6685
f 7119 6679 6685
f 7122 7121 7117
f 7118 7122 7117
f 7116 7121 7120
f 7116 7117 7121
f 7116 7120 7115
f 7120 6684 7115
f 7115 6684 6682
f 6682 6678 7115
f 7119 7114 6679
f 7114 6675 6679
f 7118 7117 7111
f 7112 7118 7111
f 7110 7117 7116
f 7110 7111 7117
f 7109 7116 7115
f 7109 7110 7116
f 6678 6673 7109
f 6678 7109 7115
f 7114 7108 6675
f 7108 6669 6675
f 7106 7107 7113
f 7106 7111 7105
f 7106 7112 7111
f 7113 7112 7106
f 7104 7111 7110
f 7104 7105 7111
f 7103 7110 7109
f 7103 7104 7110
f 6673 6664 7103
f 6673 7103 7109
f 7100 6660 6668
f 7102 6669 7108
f 7102 6668 6669
f 7100 6668 7102
f 7107 7106 7097
f 7098 7107 7097
f 7096 7106 7105
f 7096 7097 7106
f 7105 7104 7096
f 7104 6666 7096
f 7096 6666 6658
f 7104 7103 6665
f 7104 6665 6666
f 6664 6665 7103
f 6652 6660 7095
f 6660 7100 7095
f 7095 7100 7101
f 7101 7100 7102
f 7092 7093 7099
f 7092 7097 7091
f 7092 7098 7097
f 7099 7098 7092
f 7097 7096 7091
f 7096 6659 7091
f 7091 6659 6650
f 6658 6659 7096
f 7095 7090 6652
f 7090 6644 6652
f 7088 7089 7094
f 7088 7092 7087
f 7088 7093 7092
f 7094 7093 7088
f 7092 7091 7087
f 7091 6651 7087
f 7087 6651 6642
f 6650 6651 7091
f 7090 7086 6644
f 7086 6637 6644
f 7089 7088 7084
f 7085 7089 7084
f 7088 7087 7084
f 7087 6643 7084
f 7084 6643 6636
f 6642 6643 7087
f 7086 7083 6637
f 7083 6631 6637
f 7085 7084 7080
f 7081 7085 7080
f 6636 6627 7080
f 6636 7080 7084
f 7078 6624 6630
f 7079 6631 7083
f 7079 6630 6631
f 7078 6630 7079
f 7076 7077 7082
f 7082 6623 7076
f 7081 6623 7082
f 6628 6623 7081
f 7080 6628 7081
f 6627 6628 7080
f 7078 7074 6620
f 7078 6620 6624
f 7078 7079 7075
f 7074 7078 7075
f 7077 7076 7071
f 7072 7077 7071
f 6623 6618 7071
f 6623 7071 7076
f 7074 7069 6616
f 7074 6616 6620
f 7074 7075 7070
f 7069 7074 7070
f 7067 7068 7073
f 7073 6615 7067
f 7072 6615 7073
f 6619 6615 7072
f 7071 6619 7072
f 6618 6619 7071
f 7069 7065 6613
f 7069 6613 6616
f 7069 7070 7066
f 7065 7069 7066
f 7068 7067 7063
f 7064 7068 7063
f 6615 6611 7063
f 6615 7063 7067
f 7065 7060 6609
f 7065 6609 6613
f 7065 7066 7062
f 7060 7065 7062
f 7064 6608 7058
f 7064 6612 6608
f 7063 6612 7064
f 6611 6612 7063
f 6606 6609 7057
f 6609 7060 7057
f 7057 7060 7061
f 7061 7060 7062
f 7055 7056 7059
f 6608 6604 7058
f 6604 7055 7058
f 7058 7055 7059
f 7057 7054 6606
f 7054 6603 6606
f 7056 6602 7053
f 7056 6605 6602
f 7055 6605 7056
f 6604 6605 7055
f 7054 7052 6603
f 7052 6600 6603
f 6602 7051 7053
f 6602 6599 7051
f 7052 7050 6600
f 7050 6598 6600
f 6599 7048 7051
f 6599 6595 7048
f 7050 7047 6598
f 7047 6594 6598
f 7045 7049 6596
f 6591 7045 6596
f 7048 6595 6596
f 7048 6596 7049
f 6593 7046 7044
f 6593 7044 6590
f 6593 6594 7047
f 7046 6593 7047
f 6591 7043 7045
f 6591 6589 7043
f 7044 7042 6590
f 7042 6588 6590
f 6589 7041 7043
f 6589 6586 7041
f 7042 7040 6588
f 7040 6585 6588
f 6587 6583 7037
f 7041 6586 7038
f 6586 6587 7038
f 7038 6587 7037
f 6584 7039 7036
f 6584 7036 6582
f 6584 6585 7040
f 7039 6584 7040
f 6580 7034 7037
f 6583 6580 7037
f 7035 7038 7037
f 7035 7037 7034
f 7036 7033 6582
f 7033 6578 6582
f 6580 6579 7034
f 7031 7035 6577
f 7035 7034 6577
f 6577 7034 6579
f 7032 7030 7029
f 7033 6575 6578
f 7033 7029 6575
f 7032 7029 7033
f 6577 7028 7031
f 6577 6573 7028
f 7027 6571 7030
f 6571 6574 7030
f 7030 6574 7029
f 7029 6574 6575
f 6573 7025 7028
f 6573 6569 7025
f 7026 7023 7022
f 7027 6567 6571
f 7027 7022 6567
f 7026 7022 7027
f 6565 7025 6569
f 6565 7024 7025
f 7020 7024 6565
f 7024 7020 7021
f 7018 6563 7023
f 6563 6566 7023
f 7023 6566 7022
f 7022 6566 6567
f 6561 7015 7020
f 6565 6561 7020
f 7016 7021 7020
f 7016 7020 7015
f 7019 7013 7012
f 7017 7019 7012
f 7017 7012 7011
f 7018 6558 6563
f 7018 7011 6558
f 7017 7011 7018
f 6556 7009 7015
f 6561 6556 7015
f 7010 7016 7015
f 7010 7015 7009
f 7014 6999 6998
f 6997 7012 6998
f 7012 7013 6998
f 6998 7013 7014
f 6997 7011 7012
f 6997 6559 7011
f 6554 6559 6997
f 7011 6559 6558
f 6552 6996 7009
f 6556 6552 7009
f 6996 6994 7009
f 6994 7008 7009
f 7009 7008 7010
f 7008 6994 6995
f 7007 6991 6990
f 7006 7007 6990
f 7006 6990 6989
f 7005 7006 6989
f 7005 6989 6988
f 7004 7005 6988
f 7004 6988 6987
f 7003 7004 6987
f 7003 6987 6986
f 7002 7003 6986
f 7002 6986 6985
f 7001 7002 6985
f 7001 6985 6984
f 7000 7001 6984
f 7000 6984 6983
f 6982 6998 6983
f 6998 6999 6983
f 6983 6999 7000
f 6997 6998 6981
f 6998 6982 6981
f 6981 6550 6554
f 6997 6981 6554
f 6548 6980 6996
f 6552 6548 6996
f 6994 6996 6978
f 6996 6980 6978
f 6979 6995 6994
f 6979 6994 6978
f 6993 6976 6974
f 6993 6974 6975
f 6992 6971 6970
f 6969 6990 6970
f 6990 6991 6970
f 6970 6991 6992
f 6989 6990 6968
f 6990 6969 6968
f 6988 6989 6967
f 6989 6968 6967
f 6987 6988 6966
f 6988 6967 6966
f 6986 6987 6965
f 6987 6966 6965
f 6985 6986 6964
f 6986 6965 6964
f 6984 6985 6963
f 6985 6964 6963
f 6983 6984 6962
f 6984 6963 6962
f 6982 6983 6961
f 6983 6962 6961
f 6981 6982 6960
f 6982 6961 6960
f 6960 6545 6550
f 6981 6960 6550
f 6543 6959 6980
f 6548 6543 6980
f 6978 6980 6957
f 6980 6959 6957
f 6958 6979 6978
f 6958 6978 6957
f 6977 6956 6955
f 6954 6974 6955
f 6974 6976 6955
f 6955 6976 6977
f 6954 6953 6974
f 6953 6973 6974
f 6974 6973 6975
f 6972 6973 6953
f 6972 6953 6952
f 6951 6970 6952
f 6970 6971 6952
f 6952 6971 6972
f 6969 6970 6950
f 6970 6951 6950
f 6968 6969 6949
f 6969 6950 6949
f 6967 6968 6948
f 6968 6949 6948
f 6966 6967 6947
f 6967 6948 6947
f 6965 6966 6946
f 6966 6947 6946
f 6964 6965 6945
f 6965 6946 6945
f 6963 6964 6944
f 6964 6945 6944
f 6962 6963 6943
f 6963 6944 6943
f 6961 6962 6942
f 6962 6943 6942
f 6942 6960 6961
f 6942 6546 6960
f 6537 6546 6942
f 6960 6546 6545
f 6535 6941 6959
f 6543 6535 6959
f 6957 6959 6939
f 6959 6941 6939
f 6940 6958 6957
f 6940 6957 6939
f 6936 6955 6956
f 6936 6956 6937
f 6954 6955 6935
f 6955 6936 6935
f 6953 6954 6934
f 6954 6935 6934
f 6952 6953 6933
f 6953 6934 6933
f 6951 6952 6932
f 6952 6933 6932
f 6950 6951 6931
f 6951 6932 6931
f 6931 6949 6950
f 6931 6541 6949
f 6532 6541 6931
f 6949 6930 6948
f 6949 6531 6930
f 6541 6531 6949
f 6930 6947 6948
f 6930 6540 6947
f 6529 6540 6930
f 6539 6946 6947
f 6540 6539 6947
f 6538 6945 6946
f 6539 6538 6946
f 6945 6929 6944
f 6945 6526 6929
f 6538 6526 6945
f 6943 6944 6928
f 6944 6929 6928
f 6942 6943 6927
f 6943 6928 6927
f 6927 6521 6537
f 6942 6927 6537
f 6519 6926 6941
f 6535 6519 6941
f 6939 6941 6924
f 6941 6926 6924
f 6925 6940 6939
f 6925 6939 6924
f 6938 6923 6922
f 6921 6936 6922
f 6936 6937 6922
f 6922 6937 6938
f 6935 6936 6920
f 6936 6921 6920
f 6934 6935 6919
f 6935 6920 6919
f 6933 6934 6918
f 6934 6919 6918
f 6932 6933 6917
f 6933 6918 6917
f 6917 6931 6932
f 6917 6533 6931
f 6517 6533 6917
f 6931 6533 6532
f 6513 6916 6930
f 6531 6513 6930
f 6916 6511 6529
f 6930 6916 6529
f 6526 6524 6929
f 6523 6928 6929
f 6524 6523 6929
f 6522 6927 6928
f 6523 6522 6928
f 6927 6522 6521
f 6502 6915 6926
f 6519 6502 6926
f 6924 6926 6913
f 6926 6915 6913
f 6914 6925 6924
f 6914 6924 6913
f 6910 6922 6923
f 6910 6923 6911
f 6921 6922 6909
f 6922 6910 6909
f 6920 6921 6907
f 6921 6909 6907
f 6919 6920 6905
f 6920 6907 6905
f 6918 6919 6904
f 6919 6905 6904
f 6917 6918 6903
f 6918 6904 6903
f 6902 6917 6903
f 6902 6517 6917
f 6515 6517 6902
f 6515 6902 6901
f 6514 6515 6901
f 6916 6901 6900
f 6916 6514 6901
f 6513 6514 6916
f 6900 6500 6511
f 6916 6900 6511
f 6503 6492 6899
f 6915 6899 6898
f 6915 6503 6899
f 6502 6503 6915
f 6913 6915 6897
f 6915 6898 6897
f 6897 6895 6913
f 6895 6912 6913
f 6913 6912 6914
f 6891 6910 6895
f 6910 6911 6895
f 6895 6911 6912
f 6910 6891 6909
f 6891 6892 6909
f 6909 6892 6908
f 6908 6906 6907
f 6908 6907 6909
f 6905 6907 6889
f 6907 6906 6889
f 6889 6906 6890
f 6904 6905 6887
f 6905 6889 6887
f 6903 6904 6886
f 6904 6887 6886
f 6902 6903 6885
f 6903 6886 6885
f 6901 6902 6884
f 6902 6885 6884
f 6900 6901 6883
f 6901 6884 6883
f 6883 6491 6500
f 6900 6883 6500
f 6483 6882 6899
f 6492 6483 6899
f 6898 6899 6879
f 6899 6882 6879
f 6898 6879 6897
f 6879 6880 6897
f 6897 6880 6896
f 6896 6894 6895
f 6896 6895 6897
f 6894 6893 6891
f 6894 6891 6895
f 6892 6891 6893
f 6890 6888 6889
f 6887 6889 6877
f 6889 6888 6877
f 6877 6888 6878
f 6886 6887 6875
f 6887 6877 6875
f 6885 6886 6873
f 6886 6875 6873
f 6884 6885 6872
f 6885 6873 6872
f 6883 6884 6871
f 6884 6872 6871
f 6870 6883 6871
f 6870 6491 6883
f 6489 6491 6870
f 6870 6481 6489
f 6471 6867 6882
f 6483 6471 6882
f 6882 6867 6879
f 6867 6868 6879
f 6879 6868 6881
f 6880 6879 6881
f 6878 6876 6877
f 6876 6874 6875
f 6876 6875 6877
f 6873 6875 6865
f 6875 6874 6865
f 6865 6874 6866
f 6872 6873 6863
f 6873 6865 6863
f 6871 6872 6861
f 6872 6863 6861
f 6870 6871 6860
f 6871 6861 6860
f 6859 6870 6860
f 6859 6481 6870
f 6479 6481 6859
f 6479 6859 6858
f 6477 6479 6858
f 6477 6858 6857
f 6475 6477 6857
f 6857 6469 6475
f 6472 6465 6855
f 6472 6855 6471
f 6471 6855 6867
f 6867 6855 6856
f 6867 6856 6869
f 6868 6867 6869
f 6866 6864 6865
f 6864 6862 6863
f 6864 6863 6865
f 6861 6863 6853
f 6863 6862 6853
f 6853 6862 6854
f 6860 6861 6851
f 6861 6853 6851
f 6859 6860 6849
f 6860 6851 6849
f 6858 6859 6847
f 6859 6849 6847
f 6857 6858 6845
f 6858 6847 6845
f 6844 6857 6845
f 6844 6469 6857
f 6467 6469 6844
f 6844 6464 6467
f 6460 6841 6855
f 6465 6460 6855
f 6842 6856 6855
f 6842 6855 6841
f 6854 6852 6853
f 6852 6850 6851
f 6852 6851 6853
f 6850 6848 6849
f 6850 6849 6851
f 6848 6846 6847
f 6848 6847 6849
f 6845 6847 6839
f 6847 6846 6839
f 6839 6846 6840
f 6844 6845 6837
f 6845 6839 6837
f 6835 6844 6837
f 6835 6464 6844
f 6462 6464 6835
f 6835 6459 6462
f 6834 6460 6457
f 6834 6841 6460
f 6843 6841 6834
f 6842 6841 6843
f 6840 6838 6839
f 6838 6836 6837
f 6838 6837 6839
f 6835 6837 6832
f 6837 6836 6832
f 6832 6836 6833
f 6832 6456 6459
f 6835 6832 6459
f 6457 6830 6834
f 6457 6453 6830
f 6833 6831 6832
f 6828 6454 6829
f 6829 6454 6831
f 6831 6454 6456
f 6831 6456 6832
f 6828 6452 6454
f 6453 6825 6830
f 6453 6448 6825
f 6829 6827 6828
f 6826 6450 6827
f 6450 6452 6827
f 6827 6452 6828
f 6446 6450 6826
f 6824 6446 6826
f 6449 6443 6821
f 6825 6448 6822
f 6448 6449 6822
f 6822 6449 6821
f 6446 6824 6823
f 6446 6823 6444
f 6442 6444 6823
f 6820 6442 6823
f 6441 6817 6821
f 6443 6441 6821
f 6818 6822 6821
f 6818 6821 6817
f 6820 6816 6442
f 6816 6440 6442
f 6815 6441 6439
f 6815 6817 6441
f 6819 6817 6815
f 6818 6817 6819
f 6816 6814 6440
f 6814 6438 6440
f 6439 6813 6815
f 6439 6437 6813
f 6814 6811 6438
f 6811 6434 6438
f 6812 6813 6437
f 6435 6812 6437
f 6812 6435 6433
f 6812 6433 6810
f 6811 6809 6434
f 6809 6432 6434
f 6433 6808 6810
f 6433 6429 6808
f 6805 6427 6431
f 6807 6432 6809
f 6807 6431 6432
f 6805 6431 6807
f 6429 6804 6808
f 6429 6802 6804
f 6428 6802 6429
f 6428 6426 6802
f 6423 6427 6801
f 6427 6805 6801
f 6801 6805 6806
f 6806 6805 6807
f 6802 6803 6804
f 6800 6425 6798
f 6803 6425 6800
f 6426 6425 6803
f 6802 6426 6803
f 6425 6421 6798
f 6801 6796 6423
f 6796 6415 6423
f 6798 6799 6800
f 6799 6420 6797
f 6799 6421 6420
f 6798 6421 6799
f 6420 6418 6797
f 6418 6792 6797
f 6797 6792 6794
f 6790 6792 6418
f 6790 6418 6416
f 6416 6412 6790
f 6414 6795 6787
f 6414 6787 6405
f 6414 6415 6796
f 6795 6414 6796
f 6792 6793 6794
f 6790 6791 6793
f 6792 6790 6793
f 6791 6411 6789
f 6791 6412 6411
f 6790 6412 6791
f 6789 6409 6788
f 6789 6411 6409
f 6409 6407 6788
f 6407 6784 6788
f 6788 6784 6786
f 6782 6784 6407
f 6782 6407 6406
f 6406 6404 6782
f 6787 6778 6405
f 6778 6395 6405
f 6784 6785 6786
f 6782 6783 6785
f 6784 6782 6785
f 6783 6403 6781
f 6783 6404 6403
f 6782 6404 6783
f 6781 6401 6780
f 6781 6403 6401
f 6780 6399 6779
f 6780 6401 6399
f 6399 6397 6779
f 6397 6774 6779
f 6779 6774 6776
f 6772 6774 6397
f 6772 6397 6396
f 6396 6392 6772
f 6394 6777 6766
f 6394 6766 6383
f 6394 6395 6778
f 6777 6394 6778
f 6774 6775 6776
f 6772 6773 6775
f 6774 6772 6775
f 6773 6391 6771
f 6773 6392 6391
f 6772 6392 6773
f 6771 6389 6770
f 6771 6391 6389
f 6770 6387 6769
f 6770 6389 6387
f 6769 6385 6768
f 6769 6387 6385
f 6768 6384 6767
f 6768 6385 6384
f 6767 6382 6765
f 6767 6384 6382
f 6382 6383 6766
f 6765 6382 6766
f 6380 6373 6760
f 6380 6764 6378
f 6380 6761 6764
f 6760 6761 6380
f 6763 6376 6764
f 6376 6378 6764
f 6763 6375 6376
f 6763 6758 6375
f 6759 6758 6763
f 6375 6758 6756
f 6374 6375 6756
f 6756 6372 6374
f 6750 6373 6360
f 6750 6760 6373
f 6762 6760 6750
f 6761 6760 6762
f 6759 6757 6758
f 6757 6755 6756
f 6757 6756 6758
f 6754 6370 6755
f 6370 6372 6755
f 6755 6372 6756
f 6753 6368 6754
f 6368 6370 6754
f 6752 6366 6753
f 6366 6368 6753
f 6752 6364 6366
f 6752 6748 6364
f 6749 6748 6752
f 6364 6748 6746
f 6363 6364 6746
f 6363 6746 6744
f 6362 6363 6744
f 6744 6358 6362
f 6739 6751 6361
f 6347 6739 6361
f 6750 6360 6361
f 6750 6361 6751
f 6749 6747 6748
f 6747 6745 6746
f 6747 6746 6748
f 6745 6743 6744
f 6745 6744 6746
f 6742 6356 6743
f 6356 6358 6743
f 6743 6358 6744
f 6741 6354 6742
f 6354 6356 6742
f 6740 6352 6741
f 6352 6354 6741
f 6740 6350 6352
f 6740 6737 6350
f 6738 6737 6740
f 6350 6737 6735
f 6349 6350 6735
f 6349 6735 6733
f 6348 6349 6733
f 6733 6346 6348
f 6347 6731 6739
f 6347 6341 6731
f 6738 6736 6737
f 6736 6734 6735
f 6736 6735 6737
f 6734 6732 6733
f 6734 6733 6735
f 6729 6344 6730
f 6730 6344 6732
f 6732 6344 6346
f 6732 6346 6733
f 6344 6729 6727
f 6342 6344 6727
f 6727 6340 6342
f 6341 6725 6731
f 6341 6337 6725
f 6730 6728 6729
f 6728 6726 6727
f 6728 6727 6729
f 6723 6338 6724
f 6724 6338 6726
f 6726 6338 6340
f 6726 6340 6727
f 6723 6336 6338
f 6337 6721 6725
f 6337 6335 6721
f 6724 6722 6723
f 6336 6720 6334
f 6336 6722 6720
f 6723 6722 6336
f 6335 6719 6721
f 6335 6333 6719
f 6720 6718 6334
f 6718 6332 6334
f 6333 6717 6719
f 6333 6331 6717
f 6718 6716 6332
f 6716 6329 6332
f 6331 6715 6717
f 6331 6714 6715
f 6330 6714 6331
f 6330 6328 6714
f 6716 6713 6329
f 6713 6327 6329
f 6715 6714 6710
f 6712 6715 6710
f 6328 6326 6710
f 6328 6710 6714
f 6713 6709 6327
f 6709 6321 6327
f 6710 6711 6712
f 6708 6325 6707
f 6711 6325 6708
f 6326 6325 6711
f 6710 6326 6711
f 6705 6707 6325
f 6705 6325 6323
f 6323 6320 6705
f 6709 6704 6321
f 6704 6317 6321
f 6707 6706 6708
f 6702 6707 6705
f 6702 6706 6707
f 6703 6706 6702
f 6702 6705 6700
f 6705 6320 6700
f 6700 6320 6319
f 6319 6316 6700
f 6704 6699 6317
f 6699 6312 6317
f 6702 6701 6703
f 6697 6702 6700
f 6697 6701 6702
f 6698 6701 6697
f 6697 6700 6696
f 6700 6316 6696
f 6696 6316 6314
f 6314 6311 6696
f 6699 6695 6312
f 6695 6307 6312
f 6698 6697 6693
f 6694 6698 6693
f 6691 6697 6696
f 6691 6693 6697
f 6691 6696 6690
f 6696 6311 6690
f 6690 6311 6309
f 6309 6306 6690
f 6695 6689 6307
f 6689 6303 6307
f 6693 6692 6694
f 6687 6693 6691
f 6687 6692 6693
f 6688 6692 6687
f 6686 6691 6690
f 6686 6687 6691
f 6306 6301 6686
f 6306 6686 6690
f 6689 6685 6303
f 6685 6296 6303
f 6688 6687 6683
f 6684 6688 6683
f 6681 6687 6686
f 6681 6683 6687
f 6681 6686 6680
f 6686 6301 6680
f 6680 6301 6299
f 6299 6294 6680
f 6685 6679 6296
f 6679 6290 6296
f 6683 6682 6684
f 6677 6683 6681
f 6677 6682 6683
f 6678 6682 6677
f 6676 6681 6680
f 6676 6677 6681
f 6294 6287 6676
f 6294 6676 6680
f 6674 6281 6289
f 6675 6290 6679
f 6675 6289 6290
f 6674 6289 6675
f 6678 6677 6672
f 6673 6678 6672
f 6671 6677 6676
f 6671 6672 6677
f 6671 6676 6670
f 6676 6287 6670
f 6670 6287 6285
f 6285 6279 6670
f 6674 6667 6274
f 6674 6274 6281
f 6674 6675 6669
f 6667 6674 6669
f 6673 6672 6663
f 6664 6673 6663
f 6662 6672 6671
f 6662 6663 6672
f 6661 6671 6670
f 6661 6662 6671
f 6279 6272 6661
f 6279 6661 6670
f 6267 6274 6660
f 6274 6667 6660
f 6660 6667 6668
f 6668 6667 6669
f 6657 6658 6666
f 6657 6666 6665
f 6656 6657 6665
f 6656 6663 6655
f 6656 6664 6663
f 6665 6664 6656
f 6654 6663 6662
f 6654 6655 6663
f 6653 6662 6661
f 6653 6654 6662
f 6272 6264 6653
f 6272 6653 6661
f 6660 6652 6267
f 6652 6259 6267
f 6649 6650 6659
f 6649 6657 6648
f 6649 6658 6657
f 6659 6658 6649
f 6647 6657 6656
f 6647 6648 6657
f 6646 6656 6655
f 6646 6647 6656
f 6645 6655 6654
f 6645 6646 6655
f 6654 6653 6645
f 6653 6265 6645
f 6645 6265 6255
f 6264 6265 6653
f 6652 6644 6259
f 6644 6249 6259
f 6641 6642 6651
f 6641 6649 6640
f 6641 6650 6649
f 6651 6650 6641
f 6639 6649 6648
f 6639 6640 6649
f 6638 6648 6647
f 6638 6639 6648
f 6647 6646 6638
f 6646 6257 6638
f 6638 6257 6246
f 6646 6645 6256
f 6646 6256 6257
f 6255 6256 6645
f 6644 6637 6249
f 6637 6238 6249
f 6635 6636 6643
f 6635 6641 6634
f 6635 6642 6641
f 6643 6642 6635
f 6633 6641 6640
f 6633 6634 6641
f 6632 6640 6639
f 6632 6633 6640
f 6639 6638 6632
f 6638 6247 6632
f 6632 6247 6233
f 6246 6247 6638
f 6629 6225 6237
f 6631 6238 6637
f 6631 6237 6238
f 6629 6237 6631
f 6636 6635 6626
f 6627 6636 6626
f 6625 6635 6634
f 6625 6626 6635
f 6634 6633 6625
f 6633 6235 6625
f 6625 6235 6223
f 6633 6632 6234
f 6633 6234 6235
f 6233 6234 6632
f 6215 6225 6624
f 6225 6629 6624
f 6624 6629 6630
f 6630 6629 6631
f 6622 6623 6628
f 6622 6626 6621
f 6622 6627 6626
f 6628 6627 6622
f 6626 6625 6621
f 6625 6224 6621
f 6621 6224 6213
f 6223 6224 6625
f 6624 6620 6215
f 6620 6207 6215
f 6623 6622 6617
f 6618 6623 6617
f 6622 6621 6617
f 6621 6214 6617
f 6617 6214 6205
f 6213 6214 6621
f 6620 6616 6207
f 6616 6201 6207
f 6614 6615 6619
f 6619 6200 6614
f 6618 6200 6619
f 6206 6200 6618
f 6617 6206 6618
f 6205 6206 6617
f 6616 6613 6201
f 6613 6196 6201
f 6615 6614 6610
f 6611 6615 6610
f 6200 6193 6610
f 6200 6610 6614
f 6613 6609 6196
f 6609 6190 6196
f 6607 6608 6612
f 6612 6187 6607
f 6611 6187 6612
f 6194 6187 6611
f 6610 6194 6611
f 6193 6194 6610
f 6609 6606 6190
f 6606 6185 6190
f 6608 6183 6604
f 6608 6188 6183
f 6607 6188 6608
f 6187 6188 6607
f 6606 6603 6185
f 6603 6181 6185
f 6601 6602 6605
f 6183 6178 6604
f 6178 6601 6604
f 6604 6601 6605
f 6603 6600 6181
f 6600 6177 6181
f 6602 6174 6599
f 6602 6179 6174
f 6601 6179 6602
f 6178 6179 6601
f 6597 6172 6176
f 6598 6177 6600
f 6598 6176 6177
f 6597 6176 6598
f 6174 6595 6599
f 6174 6170 6595
f 6597 6592 6169
f 6597 6169 6172
f 6597 6598 6594
f 6592 6597 6594
f 6591 6596 6171
f 6168 6591 6171
f 6595 6170 6171
f 6595 6171 6596
f 6166 6169 6590
f 6169 6592 6590
f 6590 6592 6593
f 6593 6592 6594
f 6168 6589 6591
f 6168 6165 6589
f 6590 6588 6166
f 6588 6164 6166
f 6165 6586 6589
f 6165 6162 6586
f 6588 6585 6164
f 6585 6161 6164
f 6583 6587 6163
f 6160 6583 6163
f 6586 6162 6163
f 6586 6163 6587
f 6584 6582 6581
f 6585 6159 6161
f 6585 6581 6159
f 6584 6581 6585
f 6160 6580 6583
f 6160 6157 6580
f 6578 6156 6582
f 6156 6158 6582
f 6582 6158 6581
f 6581 6158 6159
f 6154 6580 6157
f 6154 6579 6580
f 6576 6579 6154
f 6579 6576 6577
f 6578 6575 6156
f 6575 6153 6156
f 6152 6572 6576
f 6154 6152 6576
f 6573 6577 6576
f 6573 6576 6572
f 6574 6571 6570
f 6575 6151 6153
f 6575 6570 6151
f 6574 6570 6575
f 6149 6568 6572
f 6152 6149 6572
f 6569 6573 6572
f 6569 6572 6568
f 6567 6148 6571
f 6148 6150 6571
f 6571 6150 6570
f 6570 6150 6151
f 6146 6564 6568
f 6149 6146 6568
f 6565 6569 6568
f 6565 6568 6564
f 6566 6563 6562
f 6567 6145 6148
f 6567 6562 6145
f 6566 6562 6567
f 6144 6560 6564
f 6146 6144 6564
f 6561 6565 6564
f 6561 6564 6560
f 6557 6562 6563
f 6557 6563 6558
f 6557 6143 6145
f 6562 6557 6145
f 6141 6555 6560
f 6144 6141 6560
f 6556 6561 6560
f 6556 6560 6555
f 6559 6554 6553
f 6553 6140 6559
f 6559 6140 6558
f 6558 6140 6142
f 6558 6142 6557
f 6557 6142 6143
f 6138 6551 6555
f 6141 6138 6555
f 6552 6556 6555
f 6552 6555 6551
f 6549 6553 6554
f 6549 6554 6550
f 6549 6137 6140
f 6553 6549 6140
f 6136 6547 6551
f 6138 6136 6551
f 6548 6552 6551
f 6548 6551 6547
f 6544 6549 6550
f 6544 6550 6545
f 6544 6134 6137
f 6549 6544 6137
f 6132 6542 6547
f 6136 6132 6547
f 6543 6548 6547
f 6543 6547 6542
f 6546 6537 6536
f 6536 6130 6546
f 6546 6130 6545
f 6545 6130 6133
f 6545 6133 6544
f 6544 6133 6134
f 6128 6534 6542
f 6132 6128 6542
f 6535 6543 6542
f 6535 6542 6534
f 6541 6532 6530
f 6541 6530 6531
f 6540 6529 6528
f 6539 6540 6528
f 6539 6528 6527
f 6538 6539 6527
f 6538 6527 6525
f 6538 6525 6526
f 6520 6536 6537
f 6520 6537 6521
f 6520 6127 6130
f 6536 6520 6130
f 6125 6518 6534
f 6128 6125 6534
f 6519 6535 6534
f 6519 6534 6518
f 6533 6517 6516
f 6512 6530 6516
f 6530 6532 6516
f 6516 6532 6533
f 6513 6531 6530
f 6513 6530 6512
f 6510 6528 6529
f 6510 6529 6511
f 6527 6528 6509
f 6528 6510 6509
f 6525 6527 6508
f 6527 6509 6508
f 6508 6507 6525
f 6507 6524 6525
f 6525 6524 6526
f 6523 6524 6507
f 6523 6507 6506
f 6522 6523 6506
f 6522 6506 6505
f 6504 6520 6505
f 6520 6521 6505
f 6505 6521 6522
f 6504 6124 6127
f 6520 6504 6127
f 6122 6501 6518
f 6125 6122 6518
f 6502 6519 6518
f 6502 6518 6501
f 6517 6515 6516
f 6515 6514 6512
f 6515 6512 6516
f 6513 6512 6514
f 6499 6510 6511
f 6499 6511 6500
f 6509 6510 6498
f 6510 6499 6498
f 6508 6509 6497
f 6509 6498 6497
f 6507 6508 6496
f 6508 6497 6496
f 6506 6507 6495
f 6507 6496 6495
f 6505 6506 6494
f 6506 6495 6494
f 6504 6505 6493
f 6505 6494 6493
f 6493 6119 6124
f 6504 6493 6124
f 6492 6122 6116
f 6492 6501 6122
f 6503 6501 6492
f 6502 6501 6503
f 6490 6499 6500
f 6490 6500 6491
f 6498 6499 6488
f 6499 6490 6488
f 6497 6498 6487
f 6498 6488 6487
f 6496 6497 6486
f 6497 6487 6486
f 6495 6496 6485
f 6496 6486 6485
f 6494 6495 6484
f 6495 6485 6484
f 6484 6493 6494
f 6484 6120 6493
f 6114 6120 6484
f 6493 6120 6119
f 6117 6112 6482
f 6492 6116 6483
f 6116 6117 6483
f 6483 6117 6482
f 6491 6489 6490
f 6488 6490 6480
f 6490 6489 6480
f 6480 6489 6481
f 6487 6488 6478
f 6488 6480 6478
f 6486 6487 6476
f 6487 6478 6476
f 6485 6486 6474
f 6486 6476 6474
f 6484 6485 6473
f 6485 6474 6473
f 6473 6111 6114
f 6484 6473 6114
f 6109 6470 6482
f 6112 6109 6482
f 6471 6483 6482
f 6471 6482 6470
f 6481 6479 6480
f 6479 6477 6478
f 6479 6478 6480
f 6477 6475 6476
f 6477 6476 6478
f 6474 6476 6468
f 6476 6475 6468
f 6468 6475 6469
f 6473 6474 6466
f 6474 6468 6466
f 6466 6108 6111
f 6473 6466 6111
f 6465 6109 6105
f 6465 6470 6109
f 6472 6470 6465
f 6471 6470 6472
f 6469 6467 6468
f 6466 6468 6463
f 6468 6467 6463
f 6463 6467 6464
f 6461 6466 6463
f 6461 6108 6466
f 6106 6108 6461
f 6461 6104 6106
f 6105 6460 6465
f 6105 6103 6460
f 6464 6462 6463
f 6461 6463 6458
f 6463 6462 6458
f 6458 6462 6459
f 6458 6101 6104
f 6461 6458 6104
f 6103 6457 6460
f 6103 6100 6457
f 6455 6458 6459
f 6455 6459 6456
f 6455 6098 6101
f 6458 6455 6101
f 6100 6453 6457
f 6100 6095 6453
f 6456 6454 6455
f 6451 6097 6452
f 6452 6097 6454
f 6454 6097 6098
f 6454 6098 6455
f 6451 6093 6097
f 6096 6091 6447
f 6453 6095 6448
f 6095 6096 6448
f 6448 6096 6447
f 6452 6450 6451
f 6445 6092 6446
f 6446 6092 6450
f 6450 6092 6093
f 6450 6093 6451
f 6445 6090 6092
f 6443 6091 6089
f 6443 6447 6091
f 6449 6447 6443
f 6448 6447 6449
f 6446 6444 6445
f 6090 6442 6088
f 6090 6444 6442
f 6445 6444 6090
f 6089 6441 6443
f 6089 6087 6441
f 6442 6440 6088
f 6440 6086 6088
f 6087 6439 6441
f 6087 6085 6439
f 6440 6438 6086
f 6438 6083 6086
f 6085 6437 6439
f 6085 6436 6437
f 6084 6436 6085
f 6084 6081 6436
f 6438 6434 6083
f 6434 6080 6083
f 6436 6435 6437
f 6077 6433 6081
f 6433 6435 6081
f 6081 6435 6436
f 6430 6076 6079
f 6432 6080 6434
f 6432 6079 6080
f 6430 6079 6432
f 6077 6429 6433
f 6077 6075 6429
f 6071 6076 6427
f 6076 6430 6427
f 6427 6430 6431
f 6431 6430 6432
f 6428 6429 6075
f 6074 6428 6075
f 6074 6072 6428
f 6072 6424 6428
f 6428 6424 6426
f 6072 6069 6424
f 6422 6065 6070
f 6423 6071 6427
f 6423 6070 6071
f 6422 6070 6423
f 6424 6425 6426
f 6421 6068 6419
f 6425 6068 6421
f 6069 6068 6425
f 6424 6069 6425
f 6417 6419 6068
f 6417 6068 6066
f 6066 6064 6417
f 6422 6413 6058
f 6422 6058 6065
f 6422 6423 6415
f 6413 6422 6415
f 6419 6420 6421
f 6417 6418 6420
f 6419 6417 6420
f 6418 6063 6416
f 6418 6064 6063
f 6417 6064 6418
f 6063 6061 6416
f 6061 6410 6416
f 6416 6410 6412
f 6408 6410 6061
f 6408 6061 6059
f 6059 6057 6408
f 6048 6058 6405
f 6058 6413 6405
f 6405 6413 6414
f 6414 6413 6415
f 6410 6411 6412
f 6408 6409 6411
f 6410 6408 6411
f 6409 6056 6407
f 6409 6057 6056
f 6408 6057 6409
f 6407 6054 6406
f 6407 6056 6054
f 6054 6052 6406
f 6052 6402 6406
f 6406 6402 6404
f 6400 6402 6052
f 6400 6052 6050
f 6398 6400 6050
f 6398 6050 6049
f 6049 6045 6398
f 6393 6038 6047
f 6395 6048 6405
f 6395 6047 6048
f 6393 6047 6395
f 6402 6403 6404
f 6400 6401 6403
f 6402 6400 6403
f 6398 6399 6401
f 6400 6398 6401
f 6399 6044 6397
f 6399 6045 6044
f 6398 6045 6399
f 6397 6042 6396
f 6397 6044 6042
f 6042 6041 6396
f 6041 6390 6396
f 6396 6390 6392
f 6388 6390 6041
f 6388 6041 6040
f 6386 6388 6040
f 6386 6040 6039
f 6039 6036 6386
f 6381 6033 6037
f 6038 6381 6037
f 6393 6381 6038
f 6383 6381 6393
f 6394 6383 6393
f 6394 6393 6395
f 6390 6391 6392
f 6388 6389 6391
f 6390 6388 6391
f 6386 6387 6389
f 6388 6386 6389
f 6387 6035 6385
f 6387 6036 6035
f 6386 6036 6387
f 6385 6032 6384
f 6385 6035 6032
f 6032 6382 6384
f 6032 6381 6382
f 6033 6381 6032
f 6382 6381 6383
f 6030 6027 6379
f 6030 6379 6377
f 6029 6030 6377
f 6377 6025 6029
f 6373 6380 6028
f 6015 6373 6028
f 6380 6378 6028
f 6378 6379 6028
f 6028 6379 6027
f 6378 6376 6377
f 6378 6377 6379
f 6375 6023 6376
f 6023 6025 6376
f 6376 6025 6377
f 6374 6021 6375
f 6021 6023 6375
f 6374 6020 6021
f 6374 6371 6020
f 6372 6371 6374
f 6020 6371 6369
f 6019 6020 6369
f 6019 6369 6367
f 6018 6019 6367
f 6018 6367 6365
f 6017 6018 6365
f 6365 6013 6017
f 6016 6004 6359
f 6373 6015 6360
f 6015 6016 6360
f 6360 6016 6359
f 6372 6370 6371
f 6370 6368 6369
f 6370 6369 6371
f 6368 6366 6367
f 6368 6367 6369
f 6366 6364 6365
f 6366 6365 6367
f 6363 6011 6364
f 6011 6013 6364
f 6364 6013 6365
f 6362 6009 6363
f 6009 6011 6363
f 6362 6008 6009
f 6362 6357 6008
f 6358 6357 6362
f 6008 6357 6355
f 6007 6008 6355
f 6007 6355 6353
f 6006 6007 6353
f 6006 6353 6351
f 6005 6006 6351
f 6351 6003 6005
f 6347 6004 5995
f 6347 6359 6004
f 6361 6359 6347
f 6360 6359 6361
f 6358 6356 6357
f 6356 6354 6355
f 6356 6355 6357
f 6354 6352 6353
f 6354 6353 6355
f 6352 6350 6351
f 6352 6351 6353
f 6349 6001 6350
f 6001 6003 6350
f 6350 6003 6351
f 6348 5999 6349
f 5999 6001 6349
f 6348 5997 5999
f 6348 6345 5997
f 6346 6345 6348
f 5997 6345 6343
f 5996 5997 6343
f 6343 5993 5996
f 5995 6341 6347
f 5995 5991 6341
f 6346 6344 6345
f 6344 6342 6343
f 6344 6343 6345
f 6339 5992 6340
f 6340 5992 6342
f 6342 5992 5993
f 6342 5993 6343
f 6339 5989 5992
f 5991 6337 6341
f 5991 5988 6337
f 6340 6338 6339
f 5989 6336 5987
f 5989 6338 6336
f 6339 6338 5989
f 5988 6335 6337
f 5988 5986 6335
f 6336 6334 5987
f 6334 5985 5987
f 5986 6333 6335
f 5986 5984 6333
f 6334 6332 5985
f 6332 5983 5985
f 5984 6331 6333
f 5984 5982 6331
f 6332 6329 5983
f 6329 5979 5983
f 6330 6331 5982
f 5981 6330 5982
f 6330 5981 5978
f 6330 5978 6328
f 6329 6327 5979
f 6327 5974 5979
f 5978 6326 6328
f 5978 6324 6326
f 5977 6324 5978
f 6322 6324 5977
f 6322 5977 5975
f 5975 5973 6322
f 6327 6321 5974
f 6321 5970 5974
f 6324 6325 6326
f 6322 6323 6325
f 6324 6322 6325
f 6320 5972 6318
f 6323 5972 6320
f 5973 5972 6323
f 6322 5973 6323
f 5972 5969 6318
f 6321 6317 5970
f 6317 5964 5970
f 6318 6319 6320
f 6316 5968 6315
f 6319 5968 6316
f 5969 5968 6319
f 6318 5969 6319
f 6313 6315 5968
f 6313 5968 5966
f 5966 5963 6313
f 6317 6312 5964
f 6312 5959 5964
f 6315 6314 6316
f 6310 6315 6313
f 6310 6314 6315
f 6311 6314 6310
f 6310 6313 6308
f 6313 5963 6308
f 6308 5963 5961
f 5961 5958 6308
f 6312 6307 5959
f 6307 5954 5959
f 6310 6309 6311
f 6305 6310 6308
f 6305 6309 6310
f 6306 6309 6305
f 6305 6308 6304
f 6308 5958 6304
f 6304 5958 5956
f 5956 5951 6304
f 6302 5946 5953
f 6303 5954 6307
f 6303 5953 5954
f 6302 5953 6303
f 6306 6305 6300
f 6301 6306 6300
f 6298 6305 6304
f 6298 6300 6305
f 6298 6304 6297
f 6304 5951 6297
f 6297 5951 5949
f 5949 5945 6297
f 6302 6295 5939
f 6302 5939 5946
f 6302 6303 6296
f 6295 6302 6296
f 6300 6299 6301
f 6293 6300 6298
f 6293 6299 6300
f 6294 6299 6293
f 6292 6298 6297
f 6292 6293 6298
f 6292 6297 6291
f 6297 5945 6291
f 6291 5945 5943
f 5943 5937 6291
f 6295 6288 5931
f 6295 5931 5939
f 6295 6296 6290
f 6288 6295 6290
f 6294 6293 6286
f 6287 6294 6286
f 6284 6293 6292
f 6284 6286 6293
f 6283 6292 6291
f 6283 6284 6292
f 6283 6291 6282
f 6291 5937 6282
f 6282 5937 5935
f 5935 5928 6282
f 6280 5921 5930
f 5931 6280 5930
f 6288 6280 5931
f 6281 6280 6288
f 6289 6281 6288
f 6289 6288 6290
f 6286 6285 6287
f 6278 6286 6284
f 6278 6285 6286
f 6279 6285 6278
f 6277 6284 6283
f 6277 6278 6284
f 6276 6283 6282
f 6276 6277 6283
f 6276 6282 6275
f 6282 5928 6275
f 6275 5928 5926
f 5926 5919 6275
f 6280 6273 5912
f 6280 5912 5921
f 6280 6281 6274
f 6273 6280 6274
f 6279 6278 6271
f 6272 6279 6271
f 6270 6278 6277
f 6270 6271 6278
f 6269 6277 6276
f 6269 6270 6277
f 6268 6276 6275
f 6268 6269 6276
f 5919 5910 6268
f 5919 6268 6275
f 6273 6266 5903
f 6273 5903 5912
f 6273 6274 6267
f 6266 6273 6267
f 6272 6271 6263
f 6264 6272 6263
f 6262 6271 6270
f 6262 6263 6271
f 6261 6270 6269
f 6261 6262 6270
f 6260 6269 6268
f 6260 6261 6269
f 5910 5901 6260
f 5910 6260 6268
f 6266 6258 5894
f 6266 5894 5903
f 6266 6267 6259
f 6258 6266 6259
f 6254 6255 6265
f 6254 6263 6253
f 6254 6264 6263
f 6265 6264 6254
f 6252 6263 6262
f 6252 6253 6263
f 6251 6262 6261
f 6251 6252 6262
f 6250 6261 6260
f 6250 6251 6261
f 5901 5892 6250
f 5901 6250 6260
f 6258 6248 5885
f 6258 5885 5894
f 6258 6259 6249
f 6248 6258 6249
f 6245 6246 6257
f 6245 6257 6256
f 6244 6245 6256
f 6244 6254 6243
f 6244 6255 6254
f 6256 6255 6244
f 6242 6254 6253
f 6242 6243 6254
f 6241 6253 6252
f 6241 6242 6253
f 6240 6252 6251
f 6240 6241 6252
f 6239 6251 6250
f 6239 6240 6251
f 5892 5882 6239
f 5892 6239 6250
f 6248 6236 5875
f 6248 5875 5885
f 6248 6249 6238
f 6236 6248 6238
f 6232 6233 6247
f 6232 6245 6231
f 6232 6246 6245
f 6247 6246 6232
f 6230 6245 6244
f 6230 6231 6245
f 6229 6244 6243
f 6229 6230 6244
f 6228 6243 6242
f 6228 6229 6243
f 6227 6242 6241
f 6227 6228 6242
f 6226 6241 6240
f 6226 6227 6241
f 6240 6239 6226
f 6239 5883 6226
f 6226 5883 5871
f 5882 5883 6239
f 5864 5875 6225
f 5875 6236 6225
f 6225 6236 6237
f 6237 6236 6238
f 6222 6223 6235
f 6222 6235 6234
f 6221 6222 6234
f 6221 6232 6220
f 6221 6233 6232
f 6234 6233 6221
f 6219 6232 6231
f 6219 6220 6232
f 6218 6231 6230
f 6218 6219 6231
f 6217 6230 6229
f 6217 6218 6230
f 6216 6229 6228
f 6216 6217 6229
f 6228 6227 6216
f 6227 5873 6216
f 6216 5873 5859
f 6227 6226 5872
f 6227 5872 5873
f 5871 5872 6226
f 6225 6215 5864
f 6215 5853 5864
f 6212 6213 6224
f 6212 6222 6211
f 6212 6223 6222
f 6224 6223 6212
f 6210 6222 6221
f 6210 6211 6222
f 6209 6221 6220
f 6209 6210 6221
f 6208 6220 6219
f 6208 6209 6220
f 6219 6218 6208
f 6218 5862 6208
f 6208 5862 5848
f 6218 6217 5861
f 6218 5861 5862
f 6217 6216 5860
f 6217 5860 5861
f 5859 5860 6216
f 6215 6207 5853
f 6207 5841 5853
f 6204 6205 6214
f 6204 6212 6203
f 6204 6213 6212
f 6214 6213 6204
f 6202 6212 6211
f 6202 6203 6212
f 6211 6210 6202
f 6210 5851 6202
f 6202 5851 5838
f 6210 6209 5850
f 6210 5850 5851
f 6209 6208 5849
f 6209 5849 5850
f 5848 5849 6208
f 6207 6201 5841
f 6201 5829 5841
f 6199 6200 6206
f 6199 6204 6198
f 6199 6205 6204
f 6206 6205 6199
f 6197 6204 6203
f 6197 6198 6204
f 6203 6202 6197
f 6202 5839 6197
f 6197 5839 5825
f 5838 5839 6202
f 6195 5821 5828
f 6196 5829 6201
f 6196 5828 5829
f 6195 5828 6196
f 6200 6199 6192
f 6193 6200 6192
f 6191 6199 6198
f 6191 6192 6199
f 6198 6197 6191
f 6197 5826 6191
f 6191 5826 5818
f 5825 5826 6197
f 6195 6189 5814
f 6195 5814 5821
f 6195 6196 6190
f 6189 6195 6190
f 6186 6187 6194
f 6194 5812 6186
f 6193 5812 6194
f 5820 5812 6193
f 6192 5820 6193
f 6192 6191 5819
f 6192 5819 5820
f 5818 5819 6191
f 6189 6184 5808
f 6189 5808 5814
f 6189 6190 6185
f 6184 6189 6185
f 6182 6183 6188
f 6188 5806 6182
f 6187 5806 6188
f 5813 5806 6187
f 6186 5813 6187
f 5812 5813 6186
f 6184 6180 5803
f 6184 5803 5808
f 6184 6185 6181
f 6180 6184 6181
f 6183 5802 6178
f 6183 5807 5802
f 6182 5807 6183
f 5806 5807 6182
f 6180 6175 5799
f 6180 5799 5803
f 6180 6181 6177
f 6175 6180 6177
f 6173 6174 6179
f 5802 5797 6178
f 5797 6173 6178
f 6178 6173 6179
f 5795 5799 6172
f 5799 6175 6172
f 6172 6175 6176
f 6176 6175 6177
f 6174 5793 6170
f 6174 5798 5793
f 6173 5798 6174
f 5797 5798 6173
f 6172 6169 5795
f 6169 5791 5795
f 6167 6168 6171
f 5793 5788 6170
f 5788 6167 6170
f 6170 6167 6171
f 6169 6166 5791
f 6166 5787 5791
f 6168 5785 6165
f 6168 5789 5785
f 6167 5789 6168
f 5788 5789 6167
f 6166 6164 5787
f 6164 5783 5787
f 5785 6162 6165
f 5785 5780 6162
f 6164 6161 5783
f 6161 5779 5783
f 6160 6163 5781
f 5777 6160 5781
f 6162 5780 5781
f 6162 5781 6163
f 6161 6159 5779
f 6159 5775 5779
f 5777 6157 6160
f 5777 5774 6157
f 6158 6156 6155
f 6159 5773 5775
f 6159 6155 5773
f 6158 6155 6159
f 5774 6154 6157
f 5774 5771 6154
f 6153 5770 6156
f 5770 5772 6156
f 6156 5772 6155
f 6155 5772 5773
f 5771 6152 6154
f 5771 5769 6152
f 6153 6151 5770
f 6151 5768 5770
f 5769 6149 6152
f 5769 5767 6149
f 6150 6148 6147
f 6151 5766 5768
f 6151 6147 5766
f 6150 6147 6151
f 5767 6146 6149
f 5767 5764 6146
f 6145 5763 6148
f 5763 5765 6148
f 6148 5765 6147
f 6147 5765 5766
f 5764 6144 6146
f 5764 5761 6144
f 6145 6143 5763
f 6143 5760 5763
f 5761 6141 6144
f 5761 5759 6141
f 6142 6140 6139
f 6143 5757 5760
f 6143 6139 5757
f 6142 6139 6143
f 5759 6138 6141
f 5759 5754 6138
f 6137 5752 6140
f 5752 5756 6140
f 6140 5756 6139
f 6139 5756 5757
f 5755 5750 6135
f 6138 5754 6136
f 5754 5755 6136
f 6136 5755 6135
f 6137 6134 5752
f 6134 5749 5752
f 5748 6131 6135
f 5750 5748 6135
f 6132 6136 6135
f 6132 6135 6131
f 6133 6130 6129
f 6134 5746 5749
f 6134 6129 5746
f 6133 6129 6134
f 5748 5747 6131
f 6128 6132 5745
f 6132 6131 5745
f 5745 6131 5747
f 6126 6129 6130
f 6126 6130 6127
f 6126 5743 5746
f 6129 6126 5746
f 5745 6125 6128
f 5745 5741 6125
f 6123 6126 6127
f 6123 6127 6124
f 6123 5739 5743
f 6126 6123 5743
f 5742 5738 6121
f 6125 5741 6122
f 5741 5742 6122
f 6122 5742 6121
f 6118 6123 6124
f 6118 6124 6119
f 6118 5737 5739
f 6123 6118 5739
f 5735 6115 6121
f 5738 5735 6121
f 6116 6122 6121
f 6116 6121 6115
f 6120 6114 6113
f 6113 5734 6120
f 6120 5734 6119
f 6119 5734 5736
f 6119 5736 6118
f 6118 5736 5737
f 6112 5735 5732
f 6112 6115 5735
f 6117 6115 6112
f 6116 6115 6117
f 6110 6113 6114
f 6110 6114 6111
f 6110 5731 5734
f 6113 6110 5734
f 5732 6109 6112
f 5732 5729 6109
f 6107 6110 6111
f 6107 6111 6108
f 6107 5728 5731
f 6110 6107 5731
f 5729 6105 6109
f 5729 5725 6105
f 6108 6106 6107
f 5728 6104 5724
f 5728 6106 6104
f 6107 6106 5728
f 5726 5723 6102
f 6105 5725 6103
f 5725 5726 6103
f 6103 5726 6102
f 6104 6101 5724
f 6101 5722 5724
f 5721 6099 6102
f 5723 5721 6102
f 6100 6103 6102
f 6100 6102 6099
f 6101 6098 5722
f 6098 5720 5722
f 5717 6094 6099
f 5721 5717 6099
f 6095 6100 6099
f 6095 6099 6094
f 5720 6098 6097
f 5720 6097 5718
f 5716 5718 6097
f 6093 5716 6097
f 6091 5717 5714
f 6091 6094 5717
f 6096 6094 6091
f 6095 6094 6096
f 5716 6093 6092
f 5716 6092 5715
f 5713 5715 6092
f 6090 5713 6092
f 5714 6089 6091
f 5714 5712 6089
f 6090 6088 5713
f 6088 5711 5713
f 5712 6087 6089
f 5712 5709 6087
f 6088 6086 5711
f 6086 5708 5711
f 5709 6085 6087
f 5709 5705 6085
f 6082 5703 5707
f 6083 5708 6086
f 6083 5707 5708
f 6082 5707 6083
f 6084 6085 5705
f 5704 6084 5705
f 6084 5704 5702
f 6084 5702 6081
f 6082 6078 5701
f 6082 5701 5703
f 6082 6083 6080
f 6078 6082 6080
f 5702 6077 6081
f 5702 5700 6077
f 5697 5701 6076
f 5701 6078 6076
f 6076 6078 6079
f 6079 6078 6080
f 5700 6075 6077
f 5700 6073 6075
f 5699 6073 5700
f 5699 5696 6073
f 6076 6071 5697
f 6071 5691 5697
f 6073 6074 6075
f 6074 5695 6072
f 6074 5696 5695
f 6073 5696 6074
f 5695 5693 6072
f 5693 6067 6072
f 6072 6067 6069
f 5693 5688 6067
f 5690 6070 6065
f 5690 6065 5681
f 5690 5691 6071
f 6070 5690 6071
f 6067 6068 6069
f 6068 5687 6066
f 6068 5688 5687
f 6067 5688 6068
f 5687 5685 6066
f 5685 6062 6066
f 6066 6062 6064
f 6060 6062 5685
f 6060 5685 5683
f 5683 5680 6060
f 6065 6058 5681
f 6058 5671 5681
f 6062 6063 6064
f 6060 6061 6063
f 6062 6060 6063
f 6061 5679 6059
f 6061 5680 5679
f 6060 5680 6061
f 5679 5677 6059
f 5677 6055 6059
f 6059 6055 6057
f 6053 6055 5677
f 6053 5677 5675
f 6051 6053 5675
f 6051 5675 5673
f 5673 5668 6051
f 6046 5662 5670
f 6048 5671 6058
f 6048 5670 5671
f 6046 5670 6048
f 6055 6056 6057
f 6053 6054 6056
f 6055 6053 6056
f 6051 6052 6054
f 6053 6051 6054
f 6052 5667 6050
f 6052 5668 5667
f 6051 5668 6052
f 6050 5665 6049
f 6050 5667 5665
f 5665 5663 6049
f 5663 6043 6049
f 6049 6043 6045
f 5663 5661 6043
f 5650 5662 6038
f 5662 6046 6038
f 6038 6046 6047
f 6047 6046 6048
f 6043 6044 6045
f 6044 5660 6042
f 6044 5661 5660
f 6043 5661 6044
f 6042 5658 6041
f 6042 5660 5658
f 6041 5656 6040
f 6041 5658 5656
f 6040 5654 6039
f 6040 5656 5654
f 5654 5652 6039
f 5652 6034 6039
f 6039 6034 6036
f 6031 6034 5652
f 6031 5652 5651
f 5649 6037 5651
f 6037 6033 5651
f 5651 6033 6031
f 5649 5650 6038
f 6037 5649 6038
f 6034 6035 6036
f 6031 6032 6035
f 6034 6031 6035
f 6032 6031 6033
f 5647 5641 6026
f 5647 6030 5646
f 5647 6027 6030
f 6026 6027 5647
f 6029 5645 6030
f 5645 5646 6030
f 6029 5644 5645
f 6029 6024 5644
f 6025 6024 6029
f 5644 6024 6022
f 5643 5644 6022
f 6022 5639 5643
f 5642 5629 6014
f 5642 6014 5641
f 5641 6014 6026
f 6026 6014 6015
f 6026 6015 6028
f 6027 6026 6028
f 6025 6023 6024
f 6023 6021 6022
f 6023 6022 6024
f 6020 5637 6021
f 5637 5639 6021
f 6021 5639 6022
f 6019 5635 6020
f 5635 5637 6020
f 6018 5633 6019
f 5633 5635 6019
f 6017 5632 6018
f 5632 5633 6018
f 6017 5631 5632
f 6017 6012 5631
f 6013 6012 6017
f 5631 6012 6010
f 5630 5631 6010
f 6010 5628 5630
f 6004 5629 5614
f 6004 6014 5629
f 6016 6014 6004
f 6015 6014 6016
f 6013 6011 6012
f 6011 6009 6010
f 6011 6010 6012
f 6008 5626 6009
f 5626 5628 6009
f 6009 5628 6010
f 6007 5624 6008
f 5624 5626 6008
f 6006 5622 6007
f 5622 5624 6007
f 6005 5620 6006
f 5620 5622 6006
f 6005 5618 5620
f 6005 6002 5618
f 6003 6002 6005
f 5618 6002 6000
f 5617 5618 6000
f 5617 6000 5998
f 5616 5617 5998
f 5998 5612 5616
f 5615 5609 5994
f 6004 5614 5995
f 5614 5615 5995
f 5995 5615 5994
f 6003 6001 6002
f 6001 5999 6000
f 6001 6000 6002
f 5999 5997 5998
f 5999 5998 6000
f 5996 5610 5997
f 5610 5612 5997
f 5997 5612 5998
f 5608 5610 5996
f 5993 5608 5996
f 5605 5990 5994
f 5609 5605 5994
f 5991 5995 5994
f 5991 5994 5990
f 5608 5993 5992
f 5608 5992 5606
f 5603 5606 5992
f 5989 5603 5992
f 5605 5604 5990
f 5988 5991 5602
f 5991 5990 5602
f 5602 5990 5604
f 5989 5987 5603
f 5987 5600 5603
f 5602 5986 5988
f 5602 5599 5986
f 5987 5985 5600
f 5985 5598 5600
f 5599 5984 5986
f 5599 5597 5984
f 5985 5983 5598
f 5983 5595 5598
f 5597 5982 5984
f 5597 5980 5982
f 5596 5980 5597
f 5596 5594 5980
f 5983 5979 5595
f 5979 5591 5595
f 5980 5981 5982
f 5978 5593 5976
f 5981 5593 5978
f 5594 5593 5981
f 5980 5594 5981
f 5593 5590 5976
f 5979 5974 5591
f 5974 5585 5591
f 5976 5977 5978
f 5977 5589 5975
f 5977 5590 5589
f 5976 5590 5977
f 5589 5587 5975
f 5587 5971 5975
f 5975 5971 5973
f 5587 5584 5971
f 5974 5970 5585
f 5970 5579 5585
f 5971 5972 5973
f 5969 5583 5967
f 5972 5583 5969
f 5584 5583 5972
f 5971 5584 5972
f 5965 5967 5583
f 5965 5583 5581
f 5581 5578 5965
f 5970 5964 5579
f 5964 5573 5579
f 5967 5968 5969
f 5965 5966 5968
f 5967 5965 5968
f 5963 5577 5962
f 5966 5577 5963
f 5578 5577 5966
f 5965 5578 5966
f 5960 5962 5577
f 5960 5577 5575
f 5575 5572 5960
f 5964 5959 5573
f 5959 5568 5573
f 5962 5961 5963
f 5957 5962 5960
f 5957 5961 5962
f 5958 5961 5957
f 5957 5960 5955
f 5960 5572 5955
f 5955 5572 5570
f 5570 5565 5955
f 5952 5560 5567
f 5954 5568 5959
f 5954 5567 5568
f 5952 5567 5954
f 5957 5956 5958
f 5950 5957 5955
f 5950 5956 5957
f 5951 5956 5950
f 5950 5955 5948
f 5955 5565 5948
f 5948 5565 5564
f 5947 5948 5564
f 5947 5564 5562
f 5562 5558 5947
f 5551 5560 5946
f 5560 5952 5946
f 5946 5952 5953
f 5953 5952 5954
f 5950 5949 5951
f 5944 5950 5948
f 5944 5949 5950
f 5945 5949 5944
f 5942 5948 5947
f 5942 5944 5948
f 5942 5947 5941
f 5947 5558 5941
f 5941 5558 5557
f 5940 5941 5557
f 5940 5557 5554
f 5554 5548 5940
f 5938 5542 5550
f 5939 5551 5946
f 5939 5550 5551
f 5938 5550 5939
f 5944 5943 5945
f 5936 5944 5942
f 5936 5943 5944
f 5937 5943 5936
f 5934 5942 5941
f 5934 5936 5942
f 5933 5941 5940
f 5933 5934 5941
f 5548 5539 5933
f 5548 5933 5940
f 5932 5532 5541
f 5929 5932 5938
f 5932 5541 5938
f 5938 5541 5542
f 5938 5939 5931
f 5929 5938 5931
f 5936 5935 5937
f 5927 5936 5934
f 5927 5935 5936
f 5928 5935 5927
f 5925 5934 5933
f 5925 5927 5934
f 5925 5933 5924
f 5933 5539 5924
f 5924 5539 5537
f 5537 5529 5924
f 5923 5526 5534
f 5922 5923 5534
f 5922 5534 5531
f 5920 5922 5932
f 5922 5531 5932
f 5932 5531 5532
f 5929 5920 5932
f 5929 5921 5920
f 5930 5921 5929
f 5930 5929 5931
f 5927 5926 5928
f 5918 5927 5925
f 5918 5926 5927
f 5919 5926 5918
f 5917 5925 5924
f 5917 5918 5925
f 5917 5924 5916
f 5924 5529 5916
f 5916 5529 5528
f 5915 5916 5528
f 5915 5528 5525
f 5914 5915 5923
f 5915 5525 5923
f 5923 5525 5526
f 5913 5923 5922
f 5913 5914 5923
f 5911 5922 5920
f 5911 5913 5922
f 5920 5921 5912
f 5911 5920 5912
f 5919 5918 5909
f 5910 5919 5909
f 5908 5918 5917
f 5908 5909 5918
f 5907 5917 5916
f 5907 5908 5917
f 5906 5916 5915
f 5906 5907 5916
f 5905 5915 5914
f 5905 5906 5915
f 5904 5914 5913
f 5904 5905 5914
f 5902 5913 5911
f 5902 5904 5913
f 5911 5912 5903
f 5902 5911 5903
f 5910 5909 5900
f 5901 5910 5900
f 5899 5909 5908
f 5899 5900 5909
f 5898 5908 5907
f 5898 5899 5908
f 5897 5907 5906
f 5897 5898 5907
f 5896 5906 5905
f 5896 5897 5906
f 5895 5905 5904
f 5895 5896 5905
f 5893 5904 5902
f 5893 5895 5904
f 5902 5903 5894
f 5893 5902 5894
f 5901 5900 5891
f 5892 5901 5891
f 5890 5900 5899
f 5890 5891 5900
f 5889 5899 5898
f 5889 5890 5899
f 5888 5898 5897
f 5888 5889 5898
f 5887 5897 5896
f 5887 5888 5897
f 5886 5896 5895
f 5886 5887 5896
f 5884 5895 5893
f 5884 5886 5895
f 5893 5894 5885
f 5884 5893 5885
f 5892 5891 5881
f 5882 5892 5881
f 5880 5891 5890
f 5880 5881 5891
f 5879 5890 5889
f 5879 5880 5890
f 5878 5889 5888
f 5878 5879 5889
f 5877 5888 5887
f 5877 5878 5888
f 5876 5887 5886
f 5876 5877 5887
f 5874 5886 5884
f 5874 5876 5886
f 5884 5885 5875
f 5874 5884 5875
f 5870 5871 5883
f 5870 5881 5869
f 5870 5882 5881
f 5883 5882 5870
f 5868 5881 5880
f 5868 5869 5881
f 5867 5880 5879
f 5867 5868 5880
f 5866 5879 5878
f 5866 5867 5879
f 5878 5877 5866
f 5877 5523 5866
f 5866 5523 5520
f 5876 5865 5877
f 5865 5518 5877
f 5877 5518 5523
f 5863 5876 5874
f 5863 5865 5876
f 5874 5875 5864
f 5863 5874 5864
f 5858 5859 5873
f 5858 5873 5872
f 5857 5858 5872
f 5857 5870 5856
f 5857 5871 5870
f 5872 5871 5857
f 5855 5870 5869
f 5855 5856 5870
f 5854 5869 5868
f 5854 5855 5869
f 5868 5867 5854
f 5867 5522 5854
f 5854 5522 5514
f 5867 5866 5521
f 5867 5521 5522
f 5520 5521 5866
f 5865 5517 5518
f 5863 5852 5865
f 5852 5510 5865
f 5865 5510 5517
f 5863 5864 5853
f 5852 5863 5853
f 5847 5848 5862
f 5847 5862 5861
f 5846 5847 5861
f 5846 5861 5860
f 5845 5846 5860
f 5845 5858 5844
f 5845 5859 5858
f 5860 5859 5845
f 5843 5858 5857
f 5843 5844 5858
f 5842 5857 5856
f 5842 5843 5857
f 5856 5855 5842
f 5855 5516 5842
f 5842 5516 5507
f 5855 5854 5515
f 5855 5515 5516
f 5514 5515 5854
f 5852 5840 5501
f 5852 5501 5510
f 5852 5853 5841
f 5840 5852 5841
f 5837 5838 5851
f 5837 5851 5850
f 5836 5837 5850
f 5836 5850 5849
f 5835 5836 5849
f 5835 5847 5834
f 5835 5848 5847
f 5849 5848 5835
f 5833 5847 5846
f 5833 5834 5847
f 5832 5846 5845
f 5832 5833 5846
f 5831 5845 5844
f 5831 5832 5845
f 5830 5844 5843
f 5830 5831 5844
f 5843 5842 5830
f 5842 5508 5830
f 5830 5508 5493
f 5507 5508 5842
f 5840 5827 5486
f 5840 5486 5501
f 5840 5841 5829
f 5827 5840 5829
f 5824 5825 5839
f 5824 5837 5823
f 5824 5838 5837
f 5839 5838 5824
f 5822 5837 5836
f 5822 5823 5837
f 5836 5835 5822
f 5835 5499 5822
f 5822 5499 5483
f 5835 5834 5498
f 5835 5498 5499
f 5834 5833 5497
f 5834 5497 5498
f 5833 5832 5496
f 5833 5496 5497
f 5832 5831 5495
f 5832 5495 5496
f 5831 5830 5494
f 5831 5494 5495
f 5493 5494 5830
f 5473 5486 5821
f 5486 5827 5821
f 5821 5827 5828
f 5828 5827 5829
f 5817 5818 5826
f 5817 5824 5816
f 5817 5825 5824
f 5826 5825 5817
f 5815 5824 5823
f 5815 5816 5824
f 5823 5822 5815
f 5822 5484 5815
f 5815 5484 5469
f 5483 5484 5822
f 5821 5814 5473
f 5814 5461 5473
f 5811 5812 5820
f 5811 5820 5819
f 5810 5811 5819
f 5810 5817 5809
f 5810 5818 5817
f 5819 5818 5810
f 5817 5816 5809
f 5816 5471 5809
f 5809 5471 5457
f 5816 5815 5470
f 5816 5470 5471
f 5469 5470 5815
f 5814 5808 5461
f 5808 5452 5461
f 5805 5806 5813
f 5805 5811 5804
f 5805 5812 5811
f 5813 5812 5805
f 5811 5810 5804
f 5810 5459 5804
f 5804 5459 5449
f 5810 5809 5458
f 5810 5458 5459
f 5457 5458 5809
f 5808 5803 5452
f 5803 5444 5452
f 5801 5802 5807
f 5801 5805 5800
f 5801 5806 5805
f 5807 5806 5801
f 5805 5804 5800
f 5804 5450 5800
f 5800 5450 5441
f 5449 5450 5804
f 5803 5799 5444
f 5799 5437 5444
f 5802 5801 5796
f 5797 5802 5796
f 5801 5800 5796
f 5800 5442 5796
f 5796 5442 5433
f 5441 5442 5800
f 5794 5430 5436
f 5795 5437 5799
f 5795 5436 5437
f 5794 5436 5795
f 5792 5793 5798
f 5798 5428 5792
f 5797 5428 5798
f 5434 5428 5797
f 5796 5434 5797
f 5433 5434 5796
f 5794 5790 5426
f 5794 5426 5430
f 5794 5795 5791
f 5790 5794 5791
f 5793 5425 5788
f 5793 5429 5425
f 5792 5429 5793
f 5428 5429 5792
f 5790 5786 5423
f 5790 5423 5426
f 5790 5791 5787
f 5786 5790 5787
f 5784 5785 5789
f 5425 5421 5788
f 5421 5784 5788
f 5788 5784 5789
f 5786 5782 5420
f 5786 5420 5423
f 5786 5787 5783
f 5782 5786 5783
f 5785 5419 5780
f 5785 5422 5419
f 5784 5422 5785
f 5421 5422 5784
f 5782 5778 5417
f 5782 5417 5420
f 5782 5783 5779
f 5778 5782 5779
f 5776 5777 5781
f 5419 5414 5780
f 5414 5776 5780
f 5780 5776 5781
f 5778 5416 5417
f 5413 5779 5775
f 5413 5778 5779
f 5416 5778 5413
f 5777 5411 5774
f 5777 5415 5411
f 5776 5415 5777
f 5414 5415 5776
f 5775 5773 5413
f 5773 5409 5413
f 5411 5771 5774
f 5411 5406 5771
f 5408 5772 5770
f 5408 5770 5404
f 5408 5409 5773
f 5772 5408 5773
f 5406 5769 5771
f 5406 5403 5769
f 5770 5768 5404
f 5768 5402 5404
f 5403 5767 5769
f 5403 5401 5767
f 5768 5766 5402
f 5766 5400 5402
f 5401 5764 5767
f 5401 5399 5764
f 5765 5763 5762
f 5766 5398 5400
f 5766 5762 5398
f 5765 5762 5766
f 5399 5761 5764
f 5399 5395 5761
f 5760 5394 5763
f 5394 5397 5763
f 5763 5397 5762
f 5762 5397 5398
f 5396 5393 5758
f 5761 5395 5759
f 5395 5396 5759
f 5759 5396 5758
f 5760 5757 5394
f 5757 5392 5394
f 5391 5753 5758
f 5393 5391 5758
f 5754 5759 5758
f 5754 5758 5753
f 5756 5752 5751
f 5757 5390 5392
f 5757 5751 5390
f 5756 5751 5757
f 5750 5391 5388
f 5750 5753 5391
f 5755 5753 5750
f 5754 5753 5755
f 5749 5387 5752
f 5387 5389 5752
f 5752 5389 5751
f 5751 5389 5390
f 5388 5748 5750
f 5388 5385 5748
f 5749 5746 5387
f 5746 5384 5387
f 5382 5748 5385
f 5382 5747 5748
f 5744 5747 5382
f 5747 5744 5745
f 5746 5743 5384
f 5743 5381 5384
f 5380 5740 5744
f 5382 5380 5744
f 5741 5745 5744
f 5741 5744 5740
f 5743 5739 5381
f 5739 5379 5381
f 5738 5380 5378
f 5738 5740 5380
f 5742 5740 5738
f 5741 5740 5742
f 5739 5737 5379
f 5737 5377 5379
f 5378 5735 5738
f 5378 5376 5735
f 5736 5734 5733
f 5737 5375 5377
f 5737 5733 5375
f 5736 5733 5737
f 5376 5732 5735
f 5376 5374 5732
f 5730 5733 5734
f 5730 5734 5731
f 5730 5373 5375
f 5733 5730 5375
f 5374 5729 5732
f 5374 5372 5729
f 5727 5730 5731
f 5727 5731 5728
f 5727 5370 5373
f 5730 5727 5373
f 5372 5725 5729
f 5372 5367 5725
f 5724 5365 5728
f 5365 5369 5728
f 5728 5369 5727
f 5727 5369 5370
f 5723 5726 5368
f 5363 5723 5368
f 5725 5367 5368
f 5725 5368 5726
f 5724 5722 5365
f 5722 5362 5365
f 5363 5721 5723
f 5363 5359 5721
f 5722 5720 5362
f 5720 5719 5362
f 5362 5719 5360
f 5719 5358 5360
f 5359 5717 5721
f 5359 5357 5717
f 5720 5718 5719
f 5358 5716 5356
f 5358 5718 5716
f 5719 5718 5358
f 5357 5714 5717
f 5357 5354 5714
f 5356 5716 5715
f 5356 5715 5355
f 5353 5355 5715
f 5713 5353 5715
f 5354 5712 5714
f 5354 5350 5712
f 5710 5349 5352
f 5711 5353 5713
f 5711 5352 5353
f 5710 5352 5711
f 5350 5709 5712
f 5350 5348 5709
f 5710 5706 5347
f 5710 5347 5349
f 5710 5711 5708
f 5706 5710 5708
f 5348 5705 5709
f 5348 5346 5705
f 5343 5347 5703
f 5347 5706 5703
f 5703 5706 5707
f 5707 5706 5708
f 5704 5705 5346
f 5344 5704 5346
f 5704 5344 5342
f 5704 5342 5702
f 5703 5701 5343
f 5701 5340 5343
f 5342 5700 5702
f 5342 5698 5700
f 5341 5698 5342
f 5341 5339 5698
f 5701 5697 5340
f 5697 5334 5340
f 5698 5699 5700
f 5696 5338 5694
f 5699 5338 5696
f 5339 5338 5699
f 5698 5339 5699
f 5692 5694 5338
f 5692 5338 5336
f 5336 5331 5692
f 5689 5323 5333
f 5691 5334 5697
f 5691 5333 5334
f 5689 5333 5691
f 5694 5695 5696
f 5692 5693 5695
f 5694 5692 5695
f 5688 5330 5686
f 5693 5330 5688
f 5331 5330 5693
f 5692 5331 5693
f 5684 5686 5330
f 5684 5330 5328
f 5682 5684 5328
f 5682 5328 5325
f 5325 5321 5682
f 5312 5323 5681
f 5323 5689 5681
f 5681 5689 5690
f 5690 5689 5691
f 5686 5687 5688
f 5684 5685 5687
f 5686 5684 5687
f 5682 5683 5685
f 5684 5682 5685
f 5680 5320 5678
f 5683 5320 5680
f 5321 5320 5683
f 5682 5321 5683
f 5676 5678 5320
f 5676 5320 5318
f 5674 5676 5318
f 5674 5318 5316
f 5672 5674 5316
f 5672 5316 5314
f 5314 5309 5672
f 5669 5304 5311
f 5671 5312 5681
f 5671 5311 5312
f 5669 5311 5671
f 5678 5679 5680
f 5676 5677 5679
f 5678 5676 5679
f 5674 5675 5677
f 5676 5674 5677
f 5672 5673 5675
f 5674 5672 5675
f 5668 5308 5666
f 5673 5308 5668
f 5309 5308 5673
f 5672 5309 5673
f 5664 5666 5308
f 5664 5308 5306
f 5306 5302 5664
f 5292 5304 5662
f 5304 5669 5662
f 5662 5669 5670
f 5670 5669 5671
f 5666 5667 5668
f 5664 5665 5667
f 5666 5664 5667
f 5665 5301 5663
f 5665 5302 5301
f 5664 5302 5665
f 5301 5299 5663
f 5299 5659 5663
f 5663 5659 5661
f 5657 5659 5299
f 5657 5299 5297
f 5655 5657 5297
f 5655 5297 5295
f 5653 5655 5295
f 5653 5295 5293
f 5293 5289 5653
f 5648 5286 5291
f 5650 5292 5662
f 5650 5291 5292
f 5648 5291 5650
f 5659 5660 5661
f 5657 5658 5660
f 5659 5657 5660
f 5655 5656 5658
f 5657 5655 5658
f 5653 5654 5656
f 5655 5653 5656
f 5654 5288 5652
f 5654 5289 5288
f 5653 5289 5654
f 5652 5285 5651
f 5652 5288 5285
f 5285 5649 5651
f 5285 5648 5649
f 5286 5648 5285
f 5649 5648 5650
f 5283 5274 5640
f 5283 5647 5282
f 5283 5641 5647
f 5640 5641 5283
f 5646 5281 5647
f 5281 5282 5647
f 5645 5280 5646
f 5280 5281 5646
f 5644 5279 5645
f 5279 5280 5645
f 5643 5278 5644
f 5278 5279 5644
f 5643 5277 5278
f 5643 5638 5277
f 5639 5638 5643
f 5277 5638 5636
f 5276 5277 5636
f 5276 5636 5634
f 5275 5276 5634
f 5634 5273 5275
f 5629 5274 5261
f 5629 5640 5274
f 5642 5640 5629
f 5641 5640 5642
f 5639 5637 5638
f 5637 5635 5636
f 5637 5636 5638
f 5635 5633 5634
f 5635 5634 5636
f 5632 5271 5633
f 5271 5273 5633
f 5633 5273 5634
f 5631 5269 5632
f 5269 5271 5632
f 5630 5268 5631
f 5268 5269 5631
f 5630 5267 5268
f 5630 5627 5267
f 5628 5627 5630
f 5267 5627 5625
f 5266 5267 5625
f 5266 5625 5623
f 5265 5266 5623
f 5265 5623 5621
f 5264 5265 5621
f 5264 5621 5619
f 5263 5264 5619
f 5619 5259 5263
f 5262 5253 5613
f 5629 5261 5614
f 5261 5262 5614
f 5614 5262 5613
f 5628 5626 5627
f 5626 5624 5625
f 5626 5625 5627
f 5624 5622 5623
f 5624 5623 5625
f 5622 5620 5621
f 5622 5621 5623
f 5620 5618 5619
f 5620 5619 5621
f 5617 5257 5618
f 5257 5259 5618
f 5618 5259 5619
f 5616 5255 5617
f 5255 5257 5617
f 5616 5254 5255
f 5616 5611 5254
f 5612 5611 5616
f 5611 5252 5254
f 5609 5253 5250
f 5609 5613 5253
f 5615 5613 5609
f 5614 5613 5615
f 5612 5610 5611
f 5607 5251 5608
f 5608 5251 5610
f 5610 5251 5252
f 5610 5252 5611
f 5607 5249 5251
f 5250 5605 5609
f 5250 5248 5605
f 5608 5606 5607
f 5249 5603 5247
f 5249 5606 5603
f 5607 5606 5249
f 5246 5605 5248
f 5246 5604 5605
f 5601 5604 5246
f 5604 5601 5602
f 5603 5600 5247
f 5600 5244 5247
f 5246 5245 5601
f 5599 5602 5243
f 5602 5601 5243
f 5243 5601 5245
f 5600 5598 5244
f 5598 5242 5244
f 5243 5597 5599
f 5243 5241 5597
f 5598 5595 5242
f 5595 5237 5242
f 5596 5597 5241
f 5240 5596 5241
f 5240 5238 5596
f 5238 5592 5596
f 5596 5592 5594
f 5238 5236 5592
f 5595 5591 5237
f 5591 5232 5237
f 5592 5593 5594
f 5590 5235 5588
f 5593 5235 5590
f 5236 5235 5593
f 5592 5236 5593
f 5586 5588 5235
f 5586 5235 5233
f 5233 5231 5586
f 5591 5585 5232
f 5585 5226 5232
f 5588 5589 5590
f 5586 5587 5589
f 5588 5586 5589
f 5584 5230 5582
f 5587 5230 5584
f 5231 5230 5587
f 5586 5231 5587
f 5580 5582 5230
f 5580 5230 5228
f 5228 5225 5580
f 5585 5579 5226
f 5579 5220 5226
f 5582 5583 5584
f 5580 5581 5583
f 5582 5580 5583
f 5578 5224 5576
f 5581 5224 5578
f 5225 5224 5581
f 5580 5225 5581
f 5574 5576 5224
f 5574 5224 5222
f 5222 5218 5574
f 5579 5573 5220
f 5573 5213 5220
f 5576 5577 5578
f 5574 5575 5577
f 5576 5574 5577
f 5572 5217 5571
f 5575 5217 5572
f 5218 5217 5575
f 5574 5218 5575
f 5569 5571 5217
f 5569 5217 5215
f 5215 5210 5569
f 5566 5206 5212
f 5568 5213 5573
f 5568 5212 5213
f 5566 5212 5568
f 5571 5570 5572
f 5563 5571 5569
f 5563 5570 5571
f 5565 5570 5563
f 5563 5569 5561
f 5569 5210 5561
f 5561 5210 5208
f 5208 5203 5561
f 5559 5194 5205
f 5206 5559 5205
f 5566 5559 5206
f 5560 5559 5566
f 5567 5560 5566
f 5567 5566 5568
f 5563 5564 5565
f 5561 5562 5564
f 5563 5561 5564
f 5558 5202 5556
f 5562 5202 5558
f 5203 5202 5562
f 5561 5203 5562
f 5555 5556 5202
f 5555 5202 5200
f 5553 5555 5200
f 5553 5200 5197
f 5197 5191 5553
f 5552 5184 5193
f 5549 5552 5559
f 5552 5193 5559
f 5559 5193 5194
f 5559 5560 5551
f 5549 5559 5551
f 5556 5557 5558
f 5555 5554 5557
f 5556 5555 5557
f 5547 5555 5553
f 5547 5554 5555
f 5548 5554 5547
f 5547 5553 5546
f 5553 5191 5546
f 5546 5191 5190
f 5545 5546 5190
f 5545 5190 5188
f 5544 5545 5188
f 5544 5188 5186
f 5543 5544 5186
f 5543 5186 5183
f 5540 5543 5552
f 5543 5183 5552
f 5552 5183 5184
f 5549 5540 5552
f 5549 5542 5540
f 5550 5542 5549
f 5550 5549 5551
f 5548 5547 5538
f 5539 5548 5538
f 5536 5547 5546
f 5536 5538 5547
f 5535 5546 5545
f 5535 5536 5546
f 5533 5545 5544
f 5533 5535 5545
f 5530 5544 5543
f 5530 5533 5544
f 5540 5530 5543
f 5540 5532 5530
f 5541 5532 5540
f 5541 5540 5542
f 5538 5537 5539
f 5527 5538 5536
f 5527 5537 5538
f 5529 5537 5527
f 5524 5536 5535
f 5524 5527 5536
f 5533 5524 5535
f 5533 5526 5524
f 5534 5526 5533
f 5530 5531 5534
f 5533 5530 5534
f 5531 5530 5532
f 5527 5528 5529
f 5524 5525 5528
f 5527 5524 5528
f 5525 5524 5526
f 5519 5520 5523
f 5518 5519 5523
f 5513 5514 5522
f 5513 5522 5521
f 5512 5513 5521
f 5512 5519 5511
f 5512 5520 5519
f 5521 5520 5512
f 5519 5509 5511
f 5519 5517 5509
f 5518 5517 5519
f 5510 5509 5517
f 5506 5507 5516
f 5506 5516 5515
f 5505 5506 5515
f 5505 5513 5504
f 5505 5514 5513
f 5515 5514 5505
f 5503 5513 5512
f 5503 5504 5513
f 5502 5512 5511
f 5502 5503 5512
f 5500 5511 5509
f 5500 5502 5511
f 5509 5510 5501
f 5500 5509 5501
f 5492 5493 5508
f 5492 5506 5491
f 5492 5507 5506
f 5508 5507 5492
f 5490 5506 5505
f 5490 5491 5506
f 5489 5505 5504
f 5489 5490 5505
f 5488 5504 5503
f 5488 5489 5504
f 5487 5503 5502
f 5487 5488 5503
f 5485 5502 5500
f 5485 5487 5502
f 5500 5501 5486
f 5485 5500 5486
f 5482 5483 5499
f 5482 5499 5498
f 5481 5482 5498
f 5481 5498 5497
f 5480 5481 5497
f 5480 5497 5496
f 5479 5480 5496
f 5479 5496 5495
f 5478 5479 5495
f 5478 5495 5494
f 5477 5478 5494
f 5477 5492 5476
f 5477 5493 5492
f 5494 5493 5477
f 5475 5492 5491
f 5475 5476 5492
f 5491 5490 5475
f 5490 5181 5475
f 5475 5181 5176
f 5490 5489 5180
f 5490 5180 5181
f 5489 5488 5179
f 5489 5179 5180
f 5487 5474 5488
f 5474 5172 5488
f 5488 5172 5179
f 5472 5487 5485
f 5472 5474 5487
f 5485 5486 5473
f 5472 5485 5473
f 5468 5469 5484
f 5468 5482 5467
f 5468 5483 5482
f 5484 5483 5468
f 5466 5482 5481
f 5466 5467 5482
f 5465 5481 5480
f 5465 5466 5481
f 5464 5480 5479
f 5464 5465 5480
f 5463 5479 5478
f 5463 5464 5479
f 5462 5478 5477
f 5462 5463 5478
f 5477 5476 5462
f 5476 5178 5462
f 5462 5178 5165
f 5476 5475 5177
f 5476 5177 5178
f 5176 5177 5475
f 5474 5171 5172
f 5472 5460 5474
f 5460 5159 5474
f 5474 5159 5171
f 5472 5473 5461
f 5460 5472 5461
f 5456 5457 5471
f 5456 5471 5470
f 5455 5456 5470
f 5455 5468 5454
f 5455 5469 5468
f 5470 5469 5455
f 5453 5468 5467
f 5453 5454 5468
f 5467 5466 5453
f 5466 5170 5453
f 5453 5170 5155
f 5466 5465 5169
f 5466 5169 5170
f 5465 5464 5168
f 5465 5168 5169
f 5464 5463 5167
f 5464 5167 5168
f 5463 5462 5166
f 5463 5166 5167
f 5165 5166 5462
f 5460 5451 5144
f 5460 5144 5159
f 5460 5461 5452
f 5451 5460 5452
f 5448 5449 5459
f 5448 5459 5458
f 5447 5448 5458
f 5447 5456 5446
f 5447 5457 5456
f 5458 5457 5447
f 5445 5456 5455
f 5445 5446 5456
f 5455 5454 5445
f 5454 5157 5445
f 5445 5157 5140
f 5454 5453 5156
f 5454 5156 5157
f 5155 5156 5453
f 5451 5443 5133
f 5451 5133 5144
f 5451 5452 5444
f 5443 5451 5444
f 5440 5441 5450
f 5440 5448 5439
f 5440 5449 5448
f 5450 5449 5440
f 5438 5448 5447
f 5438 5439 5448
f 5447 5446 5438
f 5446 5142 5438
f 5438 5142 5129
f 5446 5445 5141
f 5446 5141 5142
f 5140 5141 5445
f 5443 5435 5123
f 5443 5123 5133
f 5443 5444 5437
f 5435 5443 5437
f 5432 5433 5442
f 5432 5440 5431
f 5432 5441 5440
f 5442 5441 5432
f 5440 5439 5431
f 5439 5131 5431
f 5431 5131 5119
f 5439 5438 5130
f 5439 5130 5131
f 5129 5130 5438
f 5113 5123 5430
f 5123 5435 5430
f 5430 5435 5436
f 5436 5435 5437
f 5427 5428 5434
f 5434 5111 5427
f 5433 5111 5434
f 5121 5111 5433
f 5432 5121 5433
f 5432 5431 5120
f 5432 5120 5121
f 5119 5120 5431
f 5430 5426 5113
f 5426 5107 5113
f 5424 5425 5429
f 5429 5105 5424
f 5428 5105 5429
f 5112 5105 5428
f 5427 5112 5428
f 5111 5112 5427
f 5426 5423 5107
f 5423 5102 5107
f 5425 5101 5421
f 5425 5106 5101
f 5424 5106 5425
f 5105 5106 5424
f 5423 5420 5102
f 5420 5098 5102
f 5418 5419 5422
f 5101 5096 5421
f 5096 5418 5421
f 5421 5418 5422
f 5420 5417 5098
f 5417 5094 5098
f 5419 5093 5414
f 5419 5097 5093
f 5418 5097 5419
f 5096 5097 5418
f 5094 5417 5091
f 5417 5416 5091
f 5091 5416 5412
f 5413 5412 5416
f 5410 5411 5415
f 5093 5090 5414
f 5090 5410 5414
f 5414 5410 5415
f 5412 5407 5089
f 5412 5089 5091
f 5412 5413 5409
f 5407 5412 5409
f 5411 5410 5405
f 5406 5411 5405
f 5090 5087 5405
f 5090 5405 5410
f 5086 5089 5404
f 5089 5407 5404
f 5404 5407 5408
f 5408 5407 5409
f 5406 5085 5403
f 5406 5088 5085
f 5405 5088 5406
f 5087 5088 5405
f 5404 5402 5086
f 5402 5083 5086
f 5085 5401 5403
f 5085 5082 5401
f 5402 5400 5083
f 5400 5081 5083
f 5082 5399 5401
f 5082 5080 5399
f 5400 5398 5081
f 5398 5079 5081
f 5080 5395 5399
f 5080 5076 5395
f 5078 5397 5394
f 5078 5394 5075
f 5078 5079 5398
f 5397 5078 5398
f 5393 5396 5077
f 5074 5393 5077
f 5395 5076 5077
f 5395 5077 5396
f 5394 5392 5075
f 5392 5072 5075
f 5074 5391 5393
f 5074 5071 5391
f 5392 5390 5072
f 5390 5070 5072
f 5071 5388 5391
f 5071 5069 5388
f 5389 5387 5386
f 5390 5068 5070
f 5390 5386 5068
f 5389 5386 5390
f 5069 5385 5388
f 5069 5067 5385
f 5383 5386 5387
f 5383 5387 5384
f 5383 5066 5068
f 5386 5383 5068
f 5067 5382 5385
f 5067 5064 5382
f 5381 5063 5384
f 5063 5065 5384
f 5384 5065 5383
f 5383 5065 5066
f 5064 5380 5382
f 5064 5062 5380
f 5381 5379 5063
f 5379 5061 5063
f 5062 5378 5380
f 5062 5060 5378
f 5379 5377 5061
f 5377 5059 5061
f 5060 5376 5378
f 5060 5058 5376
f 5377 5375 5059
f 5375 5057 5059
f 5058 5374 5376
f 5058 5055 5374
f 5375 5373 5057
f 5373 5054 5057
f 5056 5053 5371
f 5374 5055 5372
f 5055 5056 5372
f 5372 5056 5371
f 5373 5370 5054
f 5370 5052 5054
f 5051 5366 5371
f 5053 5051 5371
f 5367 5372 5371
f 5367 5371 5366
f 5369 5365 5364
f 5370 5050 5052
f 5370 5364 5050
f 5369 5364 5370
f 5363 5051 5049
f 5363 5366 5051
f 5368 5366 5363
f 5367 5366 5368
f 5361 5364 5365
f 5361 5365 5362
f 5361 5048 5050
f 5364 5361 5050
f 5049 5359 5363
f 5049 5047 5359
f 5362 5360 5361
f 5048 5358 5046
f 5048 5360 5358
f 5361 5360 5048
f 5047 5357 5359
f 5047 5045 5357
f 5358 5356 5046
f 5356 5044 5046
f 5045 5354 5357
f 5045 5043 5354
f 5044 5356 5041
f 5356 5355 5041
f 5041 5355 5351
f 5353 5351 5355
f 5043 5350 5354
f 5043 5040 5350
f 5038 5041 5349
f 5041 5351 5349
f 5349 5351 5352
f 5352 5351 5353
f 5040 5348 5350
f 5040 5037 5348
f 5349 5347 5038
f 5347 5034 5038
f 5037 5346 5348
f 5037 5345 5346
f 5035 5345 5037
f 5035 5033 5345
f 5347 5343 5034
f 5343 5032 5034
f 5345 5344 5346
f 5030 5342 5033
f 5342 5344 5033
f 5033 5344 5345
f 5343 5340 5032
f 5340 5024 5032
f 5341 5342 5030
f 5029 5341 5030
f 5029 5027 5341
f 5027 5337 5341
f 5341 5337 5339
f 5335 5337 5027
f 5335 5027 5025
f 5025 5021 5335
f 5332 5012 5023
f 5334 5024 5340
f 5334 5023 5024
f 5332 5023 5334
f 5337 5338 5339
f 5335 5336 5338
f 5337 5335 5338
f 5331 5020 5329
f 5336 5020 5331
f 5021 5020 5336
f 5335 5021 5336
f 5327 5329 5020
f 5327 5020 5018
f 5326 5327 5018
f 5326 5018 5016
f 5324 5326 5016
f 5324 5016 5014
f 5014 5009 5324
f 5322 5002 5011
f 5012 5322 5011
f 5332 5322 5012
f 5323 5322 5332
f 5333 5323 5332
f 5333 5332 5334
f 5329 5330 5331
f 5327 5328 5330
f 5329 5327 5330
f 5326 5325 5328
f 5327 5326 5328
f 5319 5326 5324
f 5319 5325 5326
f 5321 5325 5319
f 5319 5324 5317
f 5324 5009 5317
f 5317 5009 5008
f 5315 5317 5008
f 5315 5008 5006
f 5313 5315 5006
f 5313 5006 5004
f 5004 5001 5313
f 5322 5310 4996
f 5322 4996 5002
f 5322 5323 5312
f 5310 5322 5312
f 5319 5320 5321
f 5317 5318 5320
f 5319 5317 5320
f 5315 5316 5318
f 5317 5315 5318
f 5313 5314 5316
f 5315 5313 5316
f 5309 5000 5307
f 5314 5000 5309
f 5001 5000 5314
f 5313 5001 5314
f 5305 5307 5000
f 5305 5000 4998
f 4998 4993 5305
f 5303 4984 4995
f 4996 5303 4995
f 5310 5303 4996
f 5304 5303 5310
f 5311 5304 5310
f 5311 5310 5312
f 5307 5308 5309
f 5305 5306 5308
f 5307 5305 5308
f 5302 4992 5300
f 5306 4992 5302
f 4993 4992 5306
f 5305 4993 5306
f 5298 5300 4992
f 5298 4992 4990
f 5296 5298 4990
f 5296 4990 4988
f 5294 5296 4988
f 5294 4988 4986
f 4986 4983 5294
f 5303 5290 4978
f 5303 4978 4984
f 5303 5304 5292
f 5290 5303 5292
f 5300 5301 5302
f 5298 5299 5301
f 5300 5298 5301
f 5296 5297 5299
f 5298 5296 5299
f 5294 5295 5297
f 5296 5294 5297
f 5295 4982 5293
f 5295 4983 4982
f 5294 4983 5295
f 4982 4980 5293
f 4980 5287 5293
f 5293 5287 5289
f 5284 5287 4980
f 5284 4980 4977
f 4978 5284 4977
f 5290 5284 4978
f 5286 5284 5290
f 5291 5286 5290
f 5291 5290 5292
f 5287 5288 5289
f 5284 5285 5288
f 5287 5284 5288
f 5285 5284 5286
f 5274 5283 4975
f 4958 5274 4975
f 5282 4973 5283
f 4973 4975 5283
f 5281 4971 5282
f 4971 4973 5282
f 5280 4969 5281
f 4969 4971 5281
f 5279 4967 5280
f 4967 4969 5280
f 5278 4965 5279
f 4965 4967 5279
f 5277 4964 5278
f 4964 4965 5278
f 5276 4963 5277
f 4963 4964 5277
f 5275 4962 5276
f 4962 4963 5276
f 5275 4961 4962
f 5275 5272 4961
f 5273 5272 5275
f 4961 5272 5270
f 4960 4961 5270
f 5270 4957 4960
f 4959 4945 5260
f 5274 4958 5261
f 4958 4959 5261
f 5261 4959 5260
f 5273 5271 5272
f 5271 5269 5270
f 5271 5270 5272
f 5268 4955 5269
f 4955 4957 5269
f 5269 4957 5270
f 5267 4953 5268
f 4953 4955 5268
f 5266 4951 5267
f 4951 4953 5267
f 5265 4950 5266
f 4950 4951 5266
f 5264 4949 5265
f 4949 4950 5265
f 5263 4948 5264
f 4948 4949 5264
f 5263 4947 4948
f 5263 5258 4947
f 5259 5258 5263
f 4947 5258 5256
f 4946 4947 5256
f 5256 4944 4946
f 5253 4945 4942
f 5253 5260 4945
f 5262 5260 5253
f 5261 5260 5262
f 5259 5257 5258
f 5257 5255 5256
f 5257 5256 5258
f 5254 4943 5255
f 4943 4944 5255
f 5255 4944 5256
f 4941 4943 5254
f 5252 4941 5254
f 4942 5250 5253
f 4942 4939 5250
f 4941 5252 5251
f 4941 5251 4940
f 4938 4940 5251
f 5249 4938 5251
f 4939 5248 5250
f 4939 4937 5248
f 5249 5247 4938
f 5247 4936 4938
f 4937 5246 5248
f 4937 4935 5246
f 5247 5244 4936
f 5244 4933 4936
f 5245 5246 4935
f 4934 5245 4935
f 5245 4934 4932
f 5245 4932 5243
f 5244 5242 4933
f 5242 4930 4933
f 4932 5241 5243
f 4932 5239 5241
f 4931 5239 4932
f 4931 4929 5239
f 5242 5237 4930
f 5237 4926 4930
f 5239 5240 5241
f 5240 4928 5238
f 5240 4929 4928
f 5239 4929 5240
f 4928 4927 5238
f 4927 5234 5238
f 5238 5234 5236
f 4927 4925 5234
f 5237 5232 4926
f 5232 4921 4926
f 5234 5235 5236
f 5235 4924 5233
f 5235 4925 4924
f 5234 4925 5235
f 4924 4923 5233
f 4923 5229 5233
f 5233 5229 5231
f 5227 5229 4923
f 5227 4923 4922
f 4922 4920 5227
f 5232 5226 4921
f 5226 4916 4921
f 5229 5230 5231
f 5227 5228 5230
f 5229 5227 5230
f 5225 4919 5223
f 5228 4919 5225
f 4920 4919 5228
f 5227 4920 5228
f 5221 5223 4919
f 5221 4919 4917
f 4917 4914 5221
f 5219 4910 4915
f 5220 4916 5226
f 5220 4915 4916
f 5219 4915 5220
f 5223 5224 5225
f 5221 5222 5224
f 5223 5221 5224
f 5218 4913 5216
f 5222 4913 5218
f 4914 4913 5222
f 5221 4914 5222
f 5214 5216 4913
f 5214 4913 4911
f 4911 4909 5214
f 5219 5211 4905
f 5219 4905 4910
f 5219 5220 5213
f 5211 5219 5213
f 5216 5217 5218
f 5214 5215 5217
f 5216 5214 5217
f 5210 4908 5209
f 5215 4908 5210
f 4909 4908 5215
f 5214 4909 5215
f 5207 5209 4908
f 5207 4908 4906
f 4906 4902 5207
f 5204 4892 4904
f 4905 5204 4904
f 5211 5204 4905
f 5206 5204 5211
f 5212 5206 5211
f 5212 5211 5213
f 5209 5208 5210
f 5201 5209 5207
f 5201 5208 5209
f 5203 5208 5201
f 5201 5207 5199
f 5207 4902 5199
f 5199 4902 4901
f 5198 5199 4901
f 5198 4901 4899
f 5196 5198 4899
f 5196 4899 4897
f 4897 4889 5196
f 5195 4886 4894
f 5192 5195 4894
f 5192 4894 4891
f 4892 5192 4891
f 5204 5192 4892
f 5194 5192 5204
f 5205 5194 5204
f 5205 5204 5206
f 5201 5202 5203
f 5199 5200 5202
f 5201 5199 5202
f 5198 5197 5200
f 5199 5198 5200
f 5189 5198 5196
f 5189 5197 5198
f 5191 5197 5189
f 5189 5196 5187
f 5196 4889 5187
f 5187 4889 4888
f 5185 5187 4888
f 5185 4888 4885
f 5182 5185 5195
f 5185 4885 5195
f 5195 4885 4886
f 5192 5182 5195
f 5192 5184 5182
f 5193 5184 5192
f 5193 5192 5194
f 5189 5190 5191
f 5187 5188 5190
f 5189 5187 5190
f 5185 5186 5188
f 5187 5185 5188
f 5182 5183 5186
f 5185 5182 5186
f 5183 5182 5184
f 5175 5176 5181
f 5175 5181 5180
f 5174 5175 5180
f 5174 5180 5179
f 5173 5174 5179
f 5172 5173 5179
f 5164 5165 5178
f 5164 5178 5177
f 5163 5164 5177
f 5163 5175 5162
f 5163 5176 5175
f 5177 5176 5163
f 5161 5175 5174
f 5161 5162 5175
f 5160 5174 5173
f 5160 5161 5174
f 5173 5158 5160
f 5173 5171 5158
f 5172 5171 5173
f 5159 5158 5171
f 5154 5155 5170
f 5154 5170 5169
f 5153 5154 5169
f 5153 5169 5168
f 5152 5153 5168
f 5152 5168 5167
f 5151 5152 5167
f 5151 5167 5166
f 5150 5151 5166
f 5150 5164 5149
f 5150 5165 5164
f 5166 5165 5150
f 5148 5164 5163
f 5148 5149 5164
f 5147 5163 5162
f 5147 5148 5163
f 5146 5162 5161
f 5146 5147 5162
f 5145 5161 5160
f 5145 5146 5161
f 5143 5160 5158
f 5143 5145 5160
f 5158 5159 5144
f 5143 5158 5144
f 5139 5140 5157
f 5139 5157 5156
f 5138 5139 5156
f 5138 5154 5137
f 5138 5155 5154
f 5156 5155 5138
f 5136 5154 5153
f 5136 5137 5154
f 5135 5153 5152
f 5135 5136 5153
f 5152 5151 5135
f 5151 4883 5135
f 5135 4883 4875
f 5151 5150 4882
f 5151 4882 4883
f 5150 5149 4881
f 5150 4881 4882
f 5149 5148 4880
f 5149 4880 4881
f 5148 5147 4879
f 5148 4879 4880
f 5147 5146 4878
f 5147 4878 4879
f 5145 5134 5146
f 5134 4868 5146
f 5146 4868 4878
f 5132 5145 5143
f 5132 5134 5145
f 5143 5144 5133
f 5132 5143 5133
f 5128 5129 5142
f 5128 5142 5141
f 5127 5128 5141
f 5127 5139 5126
f 5127 5140 5139
f 5141 5140 5127
f 5125 5139 5138
f 5125 5126 5139
f 5124 5138 5137
f 5124 5125 5138
f 5137 5136 5124
f 5136 4877 5124
f 5124 4877 4864
f 5136 5135 4876
f 5136 4876 4877
f 4875 4876 5135
f 5134 4867 4868
f 5132 5122 5134
f 5122 4854 5134
f 5134 4854 4867
f 5132 5133 5123
f 5122 5132 5123
f 5118 5119 5131
f 5118 5131 5130
f 5117 5118 5130
f 5117 5128 5116
f 5117 5129 5128
f 5130 5129 5117
f 5115 5128 5127
f 5115 5116 5128
f 5114 5127 5126
f 5114 5115 5127
f 5126 5125 5114
f 5125 4866 5114
f 5114 4866 4848
f 5125 5124 4865
f 5125 4865 4866
f 4864 4865 5124
f 5122 4853 4854
f 4841 5123 5113
f 4841 5122 5123
f 4853 5122 4841
f 5110 5111 5121
f 5110 5121 5120
f 5109 5110 5120
f 5109 5118 5108
f 5109 5119 5118
f 5120 5119 5109
f 5118 5117 5108
f 5117 4852 5108
f 5108 4852 4837
f 5117 5116 4851
f 5117 4851 4852
f 5116 5115 4850
f 5116 4850 4851
f 5115 5114 4849
f 5115 4849 4850
f 4848 4849 5114
f 5113 5107 4841
f 5107 4829 4841
f 5104 5105 5112
f 5104 5110 5103
f 5104 5111 5110
f 5112 5111 5104
f 5110 5109 5103
f 5109 4839 5103
f 5103 4839 4826
f 5109 5108 4838
f 5109 4838 4839
f 4837 4838 5108
f 5107 5102 4829
f 5102 4819 4829
f 5100 5101 5106
f 5100 5104 5099
f 5100 5105 5104
f 5106 5105 5100
f 5104 5103 5099
f 5103 4827 5099
f 5099 4827 4816
f 4826 4827 5103
f 5102 5098 4819
f 5098 4811 4819
f 5101 5100 5095
f 5096 5101 5095
f 5100 5099 5095
f 5099 4817 5095
f 5095 4817 4809
f 4816 4817 5099
f 5098 5094 4811
f 5094 4806 4811
f 5092 5093 5097
f 5097 4804 5092
f 5096 4804 5097
f 4810 4804 5096
f 5095 4810 5096
f 4809 4810 5095
f 5094 5091 4806
f 5091 4801 4806
f 5093 4800 5090
f 5093 4805 4800
f 5092 4805 5093
f 4804 4805 5092
f 5091 5089 4801
f 5089 4797 4801
f 4800 5087 5090
f 4800 4796 5087
f 5089 5086 4797
f 5086 4794 4797
f 5084 5085 5088
f 4796 4792 5087
f 4792 5084 5087
f 5087 5084 5088
f 5086 5083 4794
f 5083 4791 4794
f 5085 4789 5082
f 5085 4793 4789
f 5084 4793 5085
f 4792 4793 5084
f 5083 5081 4791
f 5081 4787 4791
f 4789 5080 5082
f 4789 4785 5080
f 5081 5079 4787
f 5079 4784 4787
f 4785 5076 5080
f 4785 4781 5076
f 4783 5078 5075
f 4783 5075 4780
f 4783 4784 5079
f 5078 4783 5079
f 5073 5074 5077
f 4781 4778 5076
f 4778 5073 5076
f 5076 5073 5077
f 5075 5072 4780
f 5072 4777 4780
f 5074 4776 5071
f 5074 4779 4776
f 5073 4779 5074
f 4778 4779 5073
f 5072 5070 4777
f 5070 4775 4777
f 4776 5069 5071
f 4776 4774 5069
f 5070 5068 4775
f 5068 4773 4775
f 4774 5067 5069
f 4774 4772 5067
f 5068 5066 4773
f 5066 4771 4773
f 4772 5064 5067
f 4772 4769 5064
f 4770 5065 5063
f 4770 5063 4768
f 4770 4771 5066
f 5065 4770 5066
f 4769 5062 5064
f 4769 4767 5062
f 5063 5061 4768
f 5061 4766 4768
f 4767 5060 5062
f 4767 4765 5060
f 5061 5059 4766
f 5059 4764 4766
f 4765 5058 5060
f 4765 4763 5058
f 5059 5057 4764
f 5057 4762 4764
f 4763 5055 5058
f 4763 4760 5055
f 5057 5054 4762
f 5054 4759 4762
f 5053 5056 4761
f 4758 5053 4761
f 5055 4760 4761
f 5055 4761 5056
f 5054 5052 4759
f 5052 4756 4759
f 4758 5051 5053
f 4758 4755 5051
f 5052 5050 4756
f 5050 4753 4756
f 4755 5049 5051
f 4755 4752 5049
f 5050 5048 4753
f 5048 4750 4753
f 4752 5047 5049
f 4752 4749 5047
f 5048 5046 4750
f 5046 4747 4750
f 4749 5045 5047
f 4749 4746 5045
f 5046 5044 4747
f 5044 4743 4747
f 4746 5043 5045
f 4746 5042 5043
f 4744 5042 4746
f 4744 4742 5042
f 5044 5041 4743
f 5041 4741 4743
f 5043 5042 5039
f 5040 5043 5039
f 4742 4739 5039
f 4742 5039 5042
f 5041 5038 4741
f 5038 4737 4741
f 5040 5039 5036
f 5037 5040 5036
f 4739 4735 5036
f 4739 5036 5039
f 5038 5034 4737
f 5034 4733 4737
f 5036 5035 5037
f 4730 5033 4735
f 5033 5035 4735
f 4735 5035 5036
f 5031 4724 4732
f 5032 4733 5034
f 5032 4732 4733
f 5031 4732 5032
f 4730 5030 5033
f 4730 5028 5030
f 4729 5028 4730
f 5026 5028 4729
f 5026 4729 4726
f 4726 4723 5026
f 5031 5022 4712
f 5031 4712 4724
f 5031 5032 5024
f 5022 5031 5024
f 5028 5029 5030
f 5026 5027 5029
f 5028 5026 5029
f 5027 4722 5025
f 5027 4723 4722
f 5026 4723 5027
f 4722 4720 5025
f 4720 5019 5025
f 5025 5019 5021
f 5017 5019 4720
f 5017 4720 4718
f 5015 5017 4718
f 5015 4718 4716
f 5013 5015 4716
f 5013 4716 4714
f 4714 4709 5013
f 5010 4702 4711
f 4712 5010 4711
f 5022 5010 4712
f 5012 5010 5022
f 5023 5012 5022
f 5023 5022 5024
f 5019 5020 5021
f 5017 5018 5020
f 5019 5017 5020
f 5015 5016 5018
f 5017 5015 5018
f 5013 5014 5016
f 5015 5013 5016
f 5009 4708 5007
f 5014 4708 5009
f 4709 4708 5014
f 5013 4709 5014
f 5005 5007 4708
f 5005 4708 4706
f 5003 5005 4706
f 5003 4706 4704
f 4704 4701 5003
f 4695 4702 5002
f 4702 5010 5002
f 5002 5010 5011
f 5011 5010 5012
f 5007 5008 5009
f 5005 5006 5008
f 5007 5005 5008
f 5003 5004 5006
f 5005 5003 5006
f 5001 4700 4999
f 5004 4700 5001
f 4701 4700 5004
f 5003 4701 5004
f 4997 4999 4700
f 4997 4700 4697
f 4697 4692 4997
f 4994 4683 4694
f 4996 4695 5002
f 4996 4694 4695
f 4994 4694 4996
f 4999 5000 5001
f 4997 4998 5000
f 4999 4997 5000
f 4993 4691 4991
f 4998 4691 4993
f 4692 4691 4998
f 4997 4692 4998
f 4989 4991 4691
f 4989 4691 4689
f 4987 4989 4689
f 4987 4689 4687
f 4985 4987 4687
f 4985 4687 4685
f 4685 4682 4985
f 4677 4683 4984
f 4683 4994 4984
f 4984 4994 4995
f 4995 4994 4996
f 4991 4992 4993
f 4989 4990 4992
f 4991 4989 4992
f 4987 4988 4990
f 4989 4987 4990
f 4985 4986 4988
f 4987 4985 4988
f 4983 4681 4981
f 4986 4681 4983
f 4682 4681 4986
f 4985 4682 4986
f 4979 4981 4681
f 4979 4681 4679
f 4976 4979 4679
f 4976 4679 4676
f 4978 4677 4984
f 4978 4676 4677
f 4976 4676 4978
f 4981 4982 4983
f 4979 4980 4982
f 4981 4979 4982
f 4976 4977 4980
f 4979 4976 4980
f 4977 4976 4978
f 4674 4668 4974
f 4674 4974 4972
f 4673 4674 4972
f 4673 4972 4970
f 4672 4673 4970
f 4672 4970 4968
f 4671 4672 4968
f 4671 4968 4966
f 4670 4671 4966
f 4966 4667 4670
f 4958 4975 4669
f 4655 4958 4669
f 4975 4973 4669
f 4973 4974 4669
f 4669 4974 4668
f 4973 4971 4972
f 4973 4972 4974
f 4971 4969 4970
f 4971 4970 4972
f 4969 4967 4968
f 4969 4968 4970
f 4967 4965 4966
f 4967 4966 4968
f 4964 4665 4965
f 4665 4667 4965
f 4965 4667 4966
f 4963 4663 4964
f 4663 4665 4964
f 4962 4662 4963
f 4662 4663 4963
f 4961 4661 4962
f 4661 4662 4962
f 4960 4660 4961
f 4660 4661 4961
f 4960 4659 4660
f 4960 4956 4659
f 4957 4956 4960
f 4659 4956 4954
f 4658 4659 4954
f 4658 4954 4952
f 4657 4658 4952
f 4952 4653 4657
f 4945 4959 4656
f 4646 4945 4656
f 4958 4655 4656
f 4958 4656 4959
f 4957 4955 4956
f 4955 4953 4954
f 4955 4954 4956
f 4953 4951 4952
f 4953 4952 4954
f 4950 4651 4951
f 4651 4653 4951
f 4951 4653 4952
f 4949 4650 4950
f 4650 4651 4950
f 4948 4649 4949
f 4649 4650 4949
f 4947 4648 4948
f 4648 4649 4948
f 4946 4647 4947
f 4647 4648 4947
f 4645 4647 4946
f 4944 4645 4946
f 4646 4942 4945
f 4646 4643 4942
f 4645 4944 4943
f 4645 4943 4644
f 4641 4644 4943
f 4941 4641 4943
f 4643 4939 4942
f 4643 4638 4939
f 4641 4941 4940
f 4641 4940 4639
f 4637 4639 4940
f 4938 4637 4940
f 4638 4937 4939
f 4638 4636 4937
f 4938 4936 4637
f 4936 4635 4637
f 4636 4935 4937
f 4636 4634 4935
f 4936 4933 4635
f 4933 4632 4635
f 4934 4935 4634
f 4633 4934 4634
f 4934 4633 4631
f 4934 4631 4932
f 4933 4930 4632
f 4930 4629 4632
f 4931 4932 4631
f 4630 4931 4631
f 4931 4630 4628
f 4931 4628 4929
f 4930 4926 4629
f 4926 4625 4629
f 4928 4929 4628
f 4627 4928 4628
f 4928 4626 4927
f 4928 4627 4626
f 4927 4626 4624
f 4927 4624 4925
f 4926 4921 4625
f 4921 4615 4625
f 4924 4925 4624
f 4623 4924 4624
f 4924 4621 4923
f 4924 4623 4621
f 4923 4619 4922
f 4923 4621 4619
f 4619 4617 4922
f 4617 4918 4922
f 4922 4918 4920
f 4617 4614 4918
f 4921 4916 4615
f 4916 4610 4615
f 4918 4919 4920
f 4919 4613 4917
f 4919 4614 4613
f 4918 4614 4919
f 4613 4611 4917
f 4611 4912 4917
f 4917 4912 4914
f 4611 4607 4912
f 4609 4915 4910
f 4609 4910 4602
f 4609 4610 4916
f 4915 4609 4916
f 4912 4913 4914
f 4913 4606 4911
f 4913 4607 4606
f 4912 4607 4913
f 4606 4604 4911
f 4604 4907 4911
f 4911 4907 4909
f 4604 4600 4907
f 4903 4590 4601
f 4905 4602 4910
f 4905 4601 4602
f 4903 4601 4905
f 4907 4908 4909
f 4908 4599 4906
f 4908 4600 4599
f 4907 4600 4908
f 4599 4597 4906
f 4597 4900 4906
f 4906 4900 4902
f 4898 4900 4597
f 4898 4597 4595
f 4896 4898 4595
f 4896 4595 4593
f 4593 4587 4896
f 4895 4586 4592
f 4893 4895 4592
f 4893 4592 4591
f 4890 4893 4591
f 4890 4591 4589
f 4590 4890 4589
f 4903 4890 4590
f 4892 4890 4903
f 4904 4892 4903
f 4904 4903 4905
f 4900 4901 4902
f 4898 4899 4901
f 4900 4898 4901
f 4896 4897 4899
f 4898 4896 4899
f 4889 4585 4887
f 4897 4585 4889
f 4587 4585 4897
f 4896 4587 4897
f 4884 4887 4895
f 4887 4585 4895
f 4895 4585 4586
f 4893 4884 4895
f 4893 4886 4884
f 4894 4886 4893
f 4890 4891 4894
f 4893 4890 4894
f 4891 4890 4892
f 4887 4888 4889
f 4884 4885 4888
f 4887 4884 4888
f 4885 4884 4886
f 4874 4875 4883
f 4874 4883 4882
f 4873 4874 4882
f 4873 4882 4881
f 4872 4873 4881
f 4872 4881 4880
f 4871 4872 4880
f 4871 4880 4879
f 4870 4871 4879
f 4870 4879 4878
f 4869 4870 4878
f 4868 4869 4878
f 4863 4864 4877
f 4863 4877 4876
f 4862 4863 4876
f 4862 4874 4861
f 4862 4875 4874
f 4876 4875 4862
f 4860 4874 4873
f 4860 4861 4874
f 4859 4873 4872
f 4859 4860 4873
f 4858 4872 4871
f 4858 4859 4872
f 4857 4871 4870
f 4857 4858 4871
f 4856 4870 4869
f 4856 4857 4870
f 4869 4855 4856
f 4869 4867 4855
f 4868 4867 4869
f 4854 4855 4867
f 4847 4848 4866
f 4847 4866 4865
f 4846 4847 4865
f 4846 4863 4845
f 4846 4864 4863
f 4865 4864 4846
f 4844 4863 4862
f 4844 4845 4863
f 4843 4862 4861
f 4843 4844 4862
f 4861 4860 4843
f 4860 4583 4843
f 4843 4583 4576
f 4860 4859 4582
f 4860 4582 4583
f 4859 4858 4581
f 4859 4581 4582
f 4858 4857 4580
f 4858 4580 4581
f 4857 4856 4579
f 4857 4579 4580
f 4855 4842 4856
f 4842 4570 4856
f 4856 4570 4579
f 4855 4840 4842
f 4855 4853 4840
f 4854 4853 4855
f 4841 4840 4853
f 4836 4837 4852
f 4836 4852 4851
f 4835 4836 4851
f 4835 4851 4850
f 4834 4835 4850
f 4834 4850 4849
f 4833 4834 4849
f 4833 4847 4832
f 4833 4848 4847
f 4849 4848 4833
f 4831 4847 4846
f 4831 4832 4847
f 4830 4846 4845
f 4830 4831 4846
f 4845 4844 4830
f 4844 4578 4830
f 4830 4578 4565
f 4844 4843 4577
f 4844 4577 4578
f 4576 4577 4843
f 4842 4569 4570
f 4840 4828 4842
f 4828 4557 4842
f 4842 4557 4569
f 4840 4841 4829
f 4828 4840 4829
f 4825 4826 4839
f 4825 4839 4838
f 4824 4825 4838
f 4824 4836 4823
f 4824 4837 4836
f 4838 4837 4824
f 4822 4836 4835
f 4822 4823 4836
f 4821 4835 4834
f 4821 4822 4835
f 4820 4834 4833
f 4820 4821 4834
f 4833 4832 4820
f 4832 4568 4820
f 4820 4568 4552
f 4832 4831 4567
f 4832 4567 4568
f 4831 4830 4566
f 4831 4566 4567
f 4565 4566 4830
f 4828 4818 4546
f 4828 4546 4557
f 4828 4829 4819
f 4818 4828 4819
f 4815 4816 4827
f 4815 4825 4814
f 4815 4826 4825
f 4827 4826 4815
f 4813 4825 4824
f 4813 4814 4825
f 4812 4824 4823
f 4812 4813 4824
f 4823 4822 4812
f 4822 4555 4812
f 4812 4555 4540
f 4822 4821 4554
f 4822 4554 4555
f 4821 4820 4553
f 4821 4553 4554
f 4552 4553 4820
f 4818 4544 4546
f 4533 4819 4811
f 4533 4818 4819
f 4544 4818 4533
f 4808 4809 4817
f 4808 4815 4807
f 4808 4816 4815
f 4817 4816 4808
f 4815 4814 4807
f 4814 4543 4807
f 4807 4543 4530
f 4814 4813 4542
f 4814 4542 4543
f 4813 4812 4541
f 4813 4541 4542
f 4540 4541 4812
f 4811 4806 4533
f 4806 4523 4533
f 4803 4804 4810
f 4803 4808 4802
f 4803 4809 4808
f 4810 4809 4803
f 4808 4807 4802
f 4807 4531 4802
f 4802 4531 4520
f 4530 4531 4807
f 4806 4801 4523
f 4801 4515 4523
f 4799 4800 4805
f 4799 4803 4798
f 4799 4804 4803
f 4805 4804 4799
f 4803 4802 4798
f 4802 4521 4798
f 4798 4521 4512
f 4520 4521 4802
f 4801 4797 4515
f 4797 4509 4515
f 4800 4799 4795
f 4796 4800 4795
f 4799 4798 4795
f 4798 4513 4795
f 4795 4513 4506
f 4512 4513 4798
f 4797 4794 4509
f 4794 4504 4509
f 4796 4501 4792
f 4796 4507 4501
f 4795 4507 4796
f 4506 4507 4795
f 4790 4499 4503
f 4791 4504 4794
f 4791 4503 4504
f 4790 4503 4791
f 4788 4789 4793
f 4501 4497 4792
f 4497 4788 4792
f 4792 4788 4793
f 4790 4786 4495
f 4790 4495 4499
f 4790 4791 4787
f 4786 4790 4787
f 4789 4494 4785
f 4789 4498 4494
f 4788 4498 4789
f 4497 4498 4788
f 4786 4782 4492
f 4786 4492 4495
f 4786 4787 4784
f 4782 4786 4784
f 4494 4781 4785
f 4494 4491 4781
f 4489 4492 4780
f 4492 4782 4780
f 4780 4782 4783
f 4783 4782 4784
f 4491 4778 4781
f 4491 4487 4778
f 4780 4777 4489
f 4777 4486 4489
f 4776 4779 4488
f 4485 4776 4488
f 4778 4487 4488
f 4778 4488 4779
f 4777 4775 4486
f 4775 4483 4486
f 4485 4774 4776
f 4485 4482 4774
f 4775 4773 4483
f 4773 4480 4483
f 4482 4772 4774
f 4482 4479 4772
f 4773 4771 4480
f 4771 4478 4480
f 4479 4769 4772
f 4479 4476 4769
f 4477 4770 4768
f 4477 4768 4475
f 4477 4478 4771
f 4770 4477 4771
f 4476 4767 4769
f 4476 4474 4767
f 4768 4766 4475
f 4766 4473 4475
f 4474 4765 4767
f 4474 4472 4765
f 4766 4764 4473
f 4764 4471 4473
f 4472 4763 4765
f 4472 4470 4763
f 4764 4762 4471
f 4762 4469 4471
f 4470 4760 4763
f 4470 4468 4760
f 4762 4759 4469
f 4759 4467 4469
f 4757 4758 4761
f 4468 4466 4760
f 4466 4757 4760
f 4760 4757 4761
f 4759 4756 4467
f 4756 4465 4467
f 4758 4757 4754
f 4755 4758 4754
f 4466 4464 4754
f 4466 4754 4757
f 4756 4753 4465
f 4753 4463 4465
f 4755 4754 4751
f 4752 4755 4751
f 4464 4462 4751
f 4464 4751 4754
f 4753 4750 4463
f 4750 4461 4463
f 4752 4751 4748
f 4749 4752 4748
f 4462 4460 4748
f 4462 4748 4751
f 4750 4747 4461
f 4747 4459 4461
f 4749 4748 4745
f 4746 4749 4745
f 4460 4458 4745
f 4460 4745 4748
f 4747 4743 4459
f 4743 4456 4459
f 4745 4744 4746
f 4453 4742 4458
f 4742 4744 4458
f 4458 4744 4745
f 4740 4450 4455
f 4741 4456 4743
f 4741 4455 4456
f 4740 4455 4741
f 4453 4739 4742
f 4453 4738 4739
f 4452 4738 4453
f 4452 4449 4738
f 4740 4736 4447
f 4740 4447 4450
f 4740 4741 4737
f 4736 4740 4737
f 4739 4738 4734
f 4735 4739 4734
f 4449 4446 4734
f 4449 4734 4738
f 4736 4731 4441
f 4736 4441 4447
f 4736 4737 4733
f 4731 4736 4733
f 4735 4734 4728
f 4730 4735 4728
f 4728 4734 4727
f 4734 4446 4727
f 4727 4446 4445
f 4725 4727 4445
f 4725 4445 4443
f 4443 4440 4725
f 4430 4441 4724
f 4441 4731 4724
f 4724 4731 4732
f 4732 4731 4733
f 4728 4729 4730
f 4727 4726 4729
f 4728 4727 4729
f 4721 4727 4725
f 4721 4726 4727
f 4723 4726 4721
f 4721 4725 4719
f 4725 4440 4719
f 4719 4440 4439
f 4717 4719 4439
f 4717 4439 4437
f 4715 4717 4437
f 4715 4437 4435
f 4713 4715 4435
f 4713 4435 4432
f 4432 4427 4713
f 4710 4419 4429
f 4712 4430 4724
f 4712 4429 4430
f 4710 4429 4712
f 4721 4722 4723
f 4719 4720 4722
f 4721 4719 4722
f 4717 4718 4720
f 4719 4717 4720
f 4715 4716 4718
f 4717 4715 4718
f 4713 4714 4716
f 4715 4713 4716
f 4709 4426 4707
f 4714 4426 4709
f 4427 4426 4714
f 4713 4427 4714
f 4705 4707 4426
f 4705 4426 4424
f 4703 4705 4424
f 4703 4424 4421
f 4421 4418 4703
f 4410 4419 4702
f 4419 4710 4702
f 4702 4710 4711
f 4711 4710 4712
f 4707 4708 4709
f 4705 4706 4708
f 4707 4705 4708
f 4703 4704 4706
f 4705 4703 4706
f 4701 4417 4699
f 4704 4417 4701
f 4418 4417 4704
f 4703 4418 4704
f 4698 4699 4417
f 4698 4417 4415
f 4696 4698 4415
f 4696 4415 4412
f 4412 4407 4696
f 4693 4400 4409
f 4695 4410 4702
f 4695 4409 4410
f 4693 4409 4695
f 4699 4700 4701
f 4698 4697 4700
f 4699 4698 4700
f 4690 4698 4696
f 4690 4697 4698
f 4692 4697 4690
f 4690 4696 4688
f 4696 4407 4688
f 4688 4407 4406
f 4686 4688 4406
f 4686 4406 4404
f 4684 4686 4404
f 4684 4404 4402
f 4402 4399 4684
f 4394 4400 4683
f 4400 4693 4683
f 4683 4693 4694
f 4694 4693 4695
f 4690 4691 4692
f 4688 4689 4691
f 4690 4688 4691
f 4686 4687 4689
f 4688 4686 4689
f 4684 4685 4687
f 4686 4684 4687
f 4682 4398 4680
f 4685 4398 4682
f 4399 4398 4685
f 4684 4399 4685
f 4678 4680 4398
f 4678 4398 4396
f 4675 4678 4396
f 4675 4396 4393
f 4677 4394 4683
f 4677 4393 4394
f 4675 4393 4677
f 4680 4681 4682
f 4678 4679 4681
f 4680 4678 4681
f 4675 4676 4679
f 4678 4675 4679
f 4676 4675 4677
f 4668 4674 4391
f 4382 4668 4391
f 4673 4390 4674
f 4390 4391 4674
f 4672 4389 4673
f 4389 4390 4673
f 4671 4388 4672
f 4388 4389 4672
f 4670 4387 4671
f 4387 4388 4671
f 4670 4386 4387
f 4670 4666 4386
f 4667 4666 4670
f 4386 4666 4664
f 4385 4386 4664
f 4664 4380 4385
f 4384 4371 4654
f 4384 4669 4383
f 4384 4655 4669
f 4654 4655 4384
f 4668 4382 4383
f 4668 4383 4669
f 4667 4665 4666
f 4665 4663 4664
f 4665 4664 4666
f 4662 4379 4663
f 4379 4380 4663
f 4663 4380 4664
f 4661 4378 4662
f 4378 4379 4662
f 4660 4377 4661
f 4377 4378 4661
f 4659 4375 4660
f 4375 4377 4660
f 4658 4374 4659
f 4374 4375 4659
f 4657 4373 4658
f 4373 4374 4658
f 4657 4372 4373
f 4657 4652 4372
f 4653 4652 4657
f 4652 4369 4372
f 4646 4371 4361
f 4646 4654 4371
f 4656 4654 4646
f 4655 4654 4656
f 4653 4651 4652
f 4650 4367 4651
f 4367 4369 4651
f 4651 4369 4652
f 4649 4365 4650
f 4365 4367 4650
f 4648 4364 4649
f 4364 4365 4649
f 4647 4363 4648
f 4363 4364 4648
f 4359 4363 4647
f 4645 4359 4647
f 4362 4356 4642
f 4646 4361 4643
f 4361 4362 4643
f 4643 4362 4642
f 4359 4645 4644
f 4359 4644 4358
f 4644 4357 4358
f 4644 4640 4357
f 4641 4640 4644
f 4640 4354 4357
f 4356 4355 4642
f 4638 4643 4352
f 4643 4642 4352
f 4352 4642 4355
f 4641 4639 4640
f 4354 4637 4350
f 4354 4639 4637
f 4640 4639 4354
f 4352 4636 4638
f 4352 4349 4636
f 4637 4635 4350
f 4635 4348 4350
f 4349 4634 4636
f 4349 4347 4634
f 4635 4632 4348
f 4632 4345 4348
f 4633 4634 4347
f 4346 4633 4347
f 4633 4346 4344
f 4633 4344 4631
f 4632 4629 4345
f 4629 4342 4345
f 4630 4631 4344
f 4343 4630 4344
f 4630 4343 4341
f 4630 4341 4628
f 4629 4625 4342
f 4625 4333 4342
f 4627 4628 4341
f 4340 4627 4341
f 4627 4338 4626
f 4627 4340 4338
f 4338 4337 4626
f 4337 4622 4626
f 4626 4622 4624
f 4620 4622 4337
f 4620 4337 4336
f 4618 4620 4336
f 4618 4336 4335
f 4616 4618 4335
f 4616 4335 4334
f 4334 4332 4616
f 4625 4615 4333
f 4615 4329 4333
f 4622 4623 4624
f 4620 4621 4623
f 4622 4620 4623
f 4618 4619 4621
f 4620 4618 4621
f 4616 4617 4619
f 4618 4616 4619
f 4614 4331 4612
f 4617 4331 4614
f 4332 4331 4617
f 4616 4332 4617
f 4331 4327 4612
f 4608 4321 4328
f 4610 4329 4615
f 4610 4328 4329
f 4608 4328 4610
f 4612 4613 4614
f 4613 4326 4611
f 4613 4327 4326
f 4612 4327 4613
f 4326 4324 4611
f 4324 4605 4611
f 4611 4605 4607
f 4603 4605 4324
f 4603 4324 4322
f 4322 4320 4603
f 4314 4321 4602
f 4321 4608 4602
f 4602 4608 4609
f 4609 4608 4610
f 4605 4606 4607
f 4603 4604 4606
f 4605 4603 4606
f 4600 4319 4598
f 4604 4319 4600
f 4320 4319 4604
f 4603 4320 4604
f 4596 4598 4319
f 4596 4319 4317
f 4594 4596 4317
f 4594 4317 4316
f 4316 4311 4594
f 4588 4304 4315
f 4313 4601 4315
f 4601 4590 4315
f 4315 4590 4588
f 4313 4314 4602
f 4601 4313 4602
f 4598 4599 4600
f 4596 4597 4599
f 4598 4596 4599
f 4594 4595 4597
f 4596 4594 4597
f 4595 4310 4593
f 4595 4311 4310
f 4594 4311 4595
f 4310 4308 4593
f 4308 4584 4593
f 4593 4584 4587
f 4306 4592 4308
f 4592 4586 4308
f 4308 4586 4584
f 4592 4303 4591
f 4592 4306 4303
f 4303 4589 4591
f 4303 4588 4589
f 4304 4588 4303
f 4589 4588 4590
f 4584 4585 4587
f 4585 4584 4586
f 4575 4576 4583
f 4575 4583 4582
f 4574 4575 4582
f 4574 4582 4581
f 4573 4574 4581
f 4573 4581 4580
f 4572 4573 4580
f 4572 4580 4579
f 4571 4572 4579
f 4570 4571 4579
f 4564 4565 4578
f 4564 4578 4577
f 4563 4564 4577
f 4563 4575 4562
f 4563 4576 4575
f 4577 4576 4563
f 4561 4575 4574
f 4561 4562 4575
f 4560 4574 4573
f 4560 4561 4574
f 4559 4573 4572
f 4559 4560 4573
f 4558 4572 4571
f 4558 4559 4572
f 4571 4556 4558
f 4571 4569 4556
f 4570 4569 4571
f 4557 4556 4569
f 4551 4552 4568
f 4551 4568 4567
f 4550 4551 4567
f 4550 4567 4566
f 4549 4550 4566
f 4549 4564 4548
f 4549 4565 4564
f 4566 4565 4549
f 4547 4564 4563
f 4547 4548 4564
f 4563 4562 4547
f 4562 4301 4547
f 4547 4301 4294
f 4562 4561 4300
f 4562 4300 4301
f 4561 4560 4299
f 4561 4299 4300
f 4560 4559 4298
f 4560 4298 4299
f 4559 4558 4297
f 4559 4297 4298
f 4556 4545 4558
f 4545 4288 4558
f 4558 4288 4297
f 4556 4557 4546
f 4545 4556 4546
f 4539 4540 4555
f 4539 4555 4554
f 4538 4539 4554
f 4538 4554 4553
f 4537 4538 4553
f 4537 4551 4536
f 4537 4552 4551
f 4553 4552 4537
f 4535 4551 4550
f 4535 4536 4551
f 4534 4550 4549
f 4534 4535 4550
f 4549 4548 4534
f 4548 4296 4534
f 4534 4296 4283
f 4548 4547 4295
f 4548 4295 4296
f 4294 4295 4547
f 4545 4287 4288
f 4275 4287 4532
f 4532 4287 4544
f 4544 4287 4545
f 4544 4545 4546
f 4533 4532 4544
f 4529 4530 4543
f 4529 4543 4542
f 4528 4529 4542
f 4528 4542 4541
f 4527 4528 4541
f 4527 4539 4526
f 4527 4540 4539
f 4541 4540 4527
f 4525 4539 4538
f 4525 4526 4539
f 4524 4538 4537
f 4524 4525 4538
f 4537 4536 4524
f 4536 4286 4524
f 4524 4286 4270
f 4536 4535 4285
f 4536 4285 4286
f 4535 4534 4284
f 4535 4284 4285
f 4283 4284 4534
f 4532 4522 4264
f 4532 4264 4275
f 4532 4533 4523
f 4522 4532 4523
f 4519 4520 4531
f 4519 4529 4518
f 4519 4530 4529
f 4531 4530 4519
f 4517 4529 4528
f 4517 4518 4529
f 4516 4528 4527
f 4516 4517 4528
f 4527 4526 4516
f 4526 4273 4516
f 4516 4273 4259
f 4526 4525 4272
f 4526 4272 4273
f 4525 4524 4271
f 4525 4271 4272
f 4270 4271 4524
f 4522 4514 4252
f 4522 4252 4264
f 4522 4523 4515
f 4514 4522 4515
f 4511 4512 4521
f 4511 4519 4510
f 4511 4520 4519
f 4521 4520 4511
f 4519 4518 4510
f 4518 4262 4510
f 4510 4262 4248
f 4518 4517 4261
f 4518 4261 4262
f 4517 4516 4260
f 4517 4260 4261
f 4259 4260 4516
f 4514 4508 4240
f 4514 4240 4252
f 4514 4515 4509
f 4508 4514 4509
f 4505 4506 4513
f 4513 4237 4505
f 4512 4237 4513
f 4250 4237 4512
f 4511 4250 4512
f 4511 4510 4249
f 4511 4249 4250
f 4248 4249 4510
f 4508 4502 4230
f 4508 4230 4240
f 4508 4509 4504
f 4502 4508 4504
f 4500 4501 4507
f 4507 4229 4500
f 4506 4229 4507
f 4238 4229 4506
f 4505 4238 4506
f 4237 4238 4505
f 4224 4230 4499
f 4230 4502 4499
f 4499 4502 4503
f 4503 4502 4504
f 4501 4500 4496
f 4497 4501 4496
f 4229 4222 4496
f 4229 4496 4500
f 4499 4495 4224
f 4495 4220 4224
f 4493 4494 4498
f 4498 4219 4493
f 4497 4219 4498
f 4223 4219 4497
f 4496 4223 4497
f 4222 4223 4496
f 4495 4492 4220
f 4492 4217 4220
f 4494 4493 4490
f 4491 4494 4490
f 4219 4215 4490
f 4219 4490 4493
f 4492 4489 4217
f 4489 4213 4217
f 4491 4212 4487
f 4491 4216 4212
f 4490 4216 4491
f 4215 4216 4490
f 4489 4486 4213
f 4486 4210 4213
f 4484 4485 4488
f 4212 4209 4487
f 4209 4484 4487
f 4487 4484 4488
f 4486 4483 4210
f 4483 4207 4210
f 4485 4484 4481
f 4482 4485 4481
f 4209 4205 4481
f 4209 4481 4484
f 4483 4480 4207
f 4480 4204 4207
f 4482 4203 4479
f 4482 4206 4203
f 4481 4206 4482
f 4205 4206 4481
f 4480 4478 4204
f 4478 4201 4204
f 4203 4476 4479
f 4203 4199 4476
f 4200 4477 4475
f 4200 4475 4197
f 4200 4201 4478
f 4477 4200 4478
f 4199 4474 4476
f 4199 4196 4474
f 4475 4473 4197
f 4473 4194 4197
f 4196 4472 4474
f 4196 4193 4472
f 4473 4471 4194
f 4471 4191 4194
f 4193 4470 4472
f 4193 4190 4470
f 4471 4469 4191
f 4469 4188 4191
f 4190 4468 4470
f 4190 4187 4468
f 4469 4467 4188
f 4467 4185 4188
f 4187 4466 4468
f 4187 4184 4466
f 4467 4465 4185
f 4465 4182 4185
f 4184 4464 4466
f 4184 4181 4464
f 4465 4463 4182
f 4463 4179 4182
f 4181 4462 4464
f 4181 4178 4462
f 4463 4461 4179
f 4461 4176 4179
f 4178 4460 4462
f 4178 4174 4460
f 4461 4459 4176
f 4459 4170 4176
f 4174 4458 4460
f 4174 4457 4458
f 4172 4457 4174
f 4172 4167 4457
f 4454 4164 4169
f 4456 4170 4459
f 4456 4169 4170
f 4454 4169 4456
f 4458 4457 4451
f 4453 4458 4451
f 4167 4163 4451
f 4167 4451 4457
f 4158 4164 4450
f 4164 4454 4450
f 4450 4454 4455
f 4455 4454 4456
f 4451 4452 4453
f 4449 4161 4448
f 4452 4161 4449
f 4163 4161 4452
f 4451 4163 4452
f 4161 4157 4448
f 4450 4447 4158
f 4447 4151 4158
f 4449 4448 4444
f 4446 4449 4444
f 4444 4448 4442
f 4448 4157 4442
f 4442 4157 4155
f 4155 4150 4442
f 4447 4441 4151
f 4441 4137 4151
f 4444 4445 4446
f 4442 4443 4445
f 4444 4442 4445
f 4440 4149 4438
f 4443 4149 4440
f 4150 4149 4443
f 4442 4150 4443
f 4436 4438 4149
f 4436 4149 4147
f 4434 4436 4147
f 4434 4147 4145
f 4433 4434 4145
f 4433 4145 4143
f 4431 4433 4143
f 4431 4143 4140
f 4140 4134 4431
f 4428 4126 4136
f 4430 4137 4441
f 4430 4136 4137
f 4428 4136 4430
f 4438 4439 4440
f 4436 4437 4439
f 4438 4436 4439
f 4434 4435 4437
f 4436 4434 4437
f 4433 4432 4435
f 4434 4433 4435
f 4425 4433 4431
f 4425 4432 4433
f 4427 4432 4425
f 4425 4431 4423
f 4431 4134 4423
f 4423 4134 4133
f 4422 4423 4133
f 4422 4133 4131
f 4420 4422 4131
f 4420 4131 4128
f 4128 4125 4420
f 4117 4126 4419
f 4126 4428 4419
f 4419 4428 4429
f 4429 4428 4430
f 4425 4426 4427
f 4423 4424 4426
f 4425 4423 4426
f 4422 4421 4424
f 4423 4422 4424
f 4416 4422 4420
f 4416 4421 4422
f 4418 4421 4416
f 4416 4420 4414
f 4420 4125 4414
f 4414 4125 4124
f 4413 4414 4124
f 4413 4124 4122
f 4411 4413 4122
f 4411 4122 4119
f 4119 4114 4411
f 4408 4107 4116
f 4410 4117 4419
f 4410 4116 4117
f 4408 4116 4410
f 4416 4417 4418
f 4414 4415 4417
f 4416 4414 4417
f 4413 4412 4415
f 4414 4413 4415
f 4405 4413 4411
f 4405 4412 4413
f 4407 4412 4405
f 4405 4411 4403
f 4411 4114 4403
f 4403 4114 4113
f 4401 4403 4113
f 4401 4113 4110
f 4110 4105 4401
f 4100 4107 4400
f 4107 4408 4400
f 4400 4408 4409
f 4409 4408 4410
f 4405 4406 4407
f 4403 4404 4406
f 4405 4403 4406
f 4401 4402 4404
f 4403 4401 4404
f 4399 4104 4397
f 4402 4104 4399
f 4105 4104 4402
f 4401 4105 4402
f 4395 4397 4104
f 4395 4104 4102
f 4392 4395 4102
f 4392 4102 4099
f 4394 4100 4400
f 4394 4099 4100
f 4392 4099 4394
f 4397 4398 4399
f 4395 4396 4398
f 4397 4395 4398
f 4392 4393 4396
f 4395 4392 4396
f 4393 4392 4394
f 4097 4086 4381
f 4097 4391 4096
f 4097 4382 4391
f 4381 4382 4097
f 4390 4095 4391
f 4095 4096 4391
f 4389 4094 4390
f 4094 4095 4390
f 4388 4093 4389
f 4093 4094 4389
f 4387 4092 4388
f 4092 4093 4388
f 4386 4091 4387
f 4091 4092 4387
f 4385 4090 4386
f 4090 4091 4386
f 4085 4090 4385
f 4380 4085 4385
f 4089 4079 4376
f 4376 4077 4089
f 4088 4071 4370
f 4088 4384 4087
f 4088 4371 4384
f 4370 4371 4088
f 4384 4383 4087
f 4383 4381 4087
f 4087 4381 4086
f 4382 4381 4383
f 4085 4380 4379
f 4085 4379 4083
f 4378 4081 4379
f 4081 4083 4379
f 4377 4080 4378
f 4080 4081 4378
f 4377 4375 4080
f 4375 4376 4080
f 4080 4376 4079
f 4374 4076 4375
f 4076 4077 4375
f 4375 4077 4376
f 4373 4075 4374
f 4075 4076 4374
f 4372 4074 4373
f 4074 4075 4373
f 4372 4073 4074
f 4372 4368 4073
f 4369 4368 4372
f 4073 4368 4366
f 4072 4073 4366
f 4366 4069 4072
f 4065 4360 4370
f 4071 4065 4370
f 4361 4371 4370
f 4361 4370 4360
f 4369 4367 4368
f 4367 4365 4366
f 4367 4366 4368
f 4364 4067 4365
f 4067 4069 4365
f 4365 4069 4366
f 4363 4066 4364
f 4066 4067 4364
f 4063 4066 4363
f 4359 4063 4363
f 4356 4065 4060
f 4356 4360 4065
f 4362 4360 4356
f 4361 4360 4362
f 4063 4359 4358
f 4063 4358 4061
f 4357 4061 4358
f 4357 4059 4061
f 4353 4059 4357
f 4354 4353 4357
f 4057 4356 4060
f 4057 4355 4356
f 4351 4355 4057
f 4355 4351 4352
f 4353 4058 4059
f 4055 4354 4350
f 4055 4353 4354
f 4058 4353 4055
f 4057 4056 4351
f 4349 4352 4054
f 4352 4351 4054
f 4054 4351 4056
f 4350 4348 4055
f 4348 4052 4055
f 4054 4347 4349
f 4054 4051 4347
f 4348 4345 4052
f 4345 4049 4052
f 4346 4347 4051
f 4050 4346 4051
f 4346 4050 4048
f 4346 4048 4344
f 4345 4342 4049
f 4342 4045 4049
f 4343 4344 4048
f 4047 4343 4048
f 4047 4046 4343
f 4046 4339 4343
f 4343 4339 4341
f 4046 4044 4339
f 4342 4333 4045
f 4333 4036 4045
f 4339 4340 4341
f 4340 4042 4338
f 4340 4044 4042
f 4339 4044 4340
f 4338 4041 4337
f 4338 4042 4041
f 4337 4040 4336
f 4337 4041 4040
f 4336 4039 4335
f 4336 4040 4039
f 4335 4038 4334
f 4335 4039 4038
f 4038 4037 4334
f 4037 4330 4334
f 4334 4330 4332
f 4037 4035 4330
f 4333 4329 4036
f 4329 4032 4036
f 4330 4331 4332
f 4327 4034 4325
f 4331 4034 4327
f 4035 4034 4331
f 4330 4035 4331
f 4323 4325 4034
f 4323 4034 4033
f 4033 4029 4323
f 4031 4328 4321
f 4031 4321 4026
f 4031 4032 4329
f 4328 4031 4329
f 4325 4326 4327
f 4323 4324 4326
f 4325 4323 4326
f 4324 4028 4322
f 4324 4029 4028
f 4323 4029 4324
f 4028 4027 4322
f 4027 4318 4322
f 4322 4318 4320
f 4027 4024 4318
f 4312 4014 4025
f 4314 4026 4321
f 4314 4025 4026
f 4312 4025 4314
f 4318 4319 4320
f 4319 4023 4317
f 4319 4024 4023
f 4318 4024 4319
f 4317 4021 4316
f 4317 4023 4021
f 4021 4019 4316
f 4019 4309 4316
f 4316 4309 4311
f 4307 4309 4019
f 4307 4019 4017
f 4305 4307 4017
f 4305 4017 4016
f 4302 4305 4016
f 4302 4016 4015
f 4013 4315 4015
f 4315 4304 4015
f 4015 4304 4302
f 4013 4313 4315
f 4013 4312 4313
f 4014 4312 4013
f 4313 4312 4314
f 4309 4310 4311
f 4307 4308 4310
f 4309 4307 4310
f 4305 4306 4308
f 4307 4305 4308
f 4302 4303 4306
f 4305 4302 4306
f 4303 4302 4304
f 4293 4294 4301
f 4293 4301 4300
f 4292 4293 4300
f 4292 4300 4299
f 4291 4292 4299
f 4291 4299 4298
f 4290 4291 4298
f 4290 4298 4297
f 4289 4290 4297
f 4288 4289 4297
f 4282 4283 4296
f 4282 4296 4295
f 4281 4282 4295
f 4281 4293 4280
f 4281 4294 4293
f 4295 4294 4281
f 4279 4293 4292
f 4279 4280 4293
f 4278 4292 4291
f 4278 4279 4292
f 4277 4291 4290
f 4277 4278 4291
f 4276 4290 4289
f 4276 4277 4290
f 4289 4274 4276
f 4289 4287 4274
f 4288 4287 4289
f 4275 4274 4287
f 4269 4270 4286
f 4269 4286 4285
f 4268 4269 4285
f 4268 4285 4284
f 4267 4268 4284
f 4267 4282 4266
f 4267 4283 4282
f 4284 4283 4267
f 4265 4282 4281
f 4265 4266 4282
f 4281 4280 4265
f 4280 4011 4265
f 4265 4011 4004
f 4280 4279 4010
f 4280 4010 4011
f 4279 4278 4009
f 4279 4009 4010
f 4278 4277 4008
f 4278 4008 4009
f 4277 4276 4007
f 4277 4007 4008
f 4274 4263 4276
f 4263 3999 4276
f 4276 3999 4007
f 4274 4275 4264
f 4263 4274 4264
f 4258 4259 4273
f 4258 4273 4272
f 4257 4258 4272
f 4257 4272 4271
f 4256 4257 4271
f 4256 4269 4255
f 4256 4270 4269
f 4271 4270 4256
f 4254 4269 4268
f 4254 4255 4269
f 4253 4268 4267
f 4253 4254 4268
f 4267 4266 4253
f 4266 4006 4253
f 4253 4006 3995
f 4266 4265 4005
f 4266 4005 4006
f 4004 4005 4265
f 4263 4251 3988
f 4263 3988 3999
f 4263 4264 4252
f 4251 4263 4252
f 4247 4248 4262
f 4247 4262 4261
f 4246 4247 4261
f 4246 4261 4260
f 4245 4246 4260
f 4245 4258 4244
f 4245 4259 4258
f 4260 4259 4245
f 4243 4258 4257
f 4243 4244 4258
f 4242 4257 4256
f 4242 4243 4257
f 4241 4256 4255
f 4241 4242 4256
f 4255 4254 4241
f 4254 3997 4241
f 4241 3997 3983
f 4254 4253 3996
f 4254 3996 3997
f 3995 3996 4253
f 4251 4239 3977
f 4251 3977 3988
f 4251 4252 4240
f 4239 4251 4240
f 4236 4237 4250
f 4236 4250 4249
f 4235 4236 4249
f 4235 4247 4234
f 4235 4248 4247
f 4249 4248 4235
f 4233 4247 4246
f 4233 4234 4247
f 4232 4246 4245
f 4232 4233 4246
f 4231 4245 4244
f 4231 4232 4245
f 4244 4243 4231
f 4243 3986 4231
f 4231 3986 3972
f 4243 4242 3985
f 4243 3985 3986
f 4242 4241 3984
f 4242 3984 3985
f 3983 3984 4241
f 4239 3976 3977
f 3965 4240 4230
f 3965 4239 4240
f 3976 4239 3965
f 4228 4229 4238
f 4228 4236 4227
f 4228 4237 4236
f 4238 4237 4228
f 4226 4236 4235
f 4226 4227 4236
f 4225 4235 4234
f 4225 4226 4235
f 4234 4233 4225
f 4233 3975 4225
f 4225 3975 3960
f 4233 4232 3974
f 4233 3974 3975
f 4232 4231 3973
f 4232 3973 3974
f 3972 3973 4231
f 4230 4224 3965
f 4224 3953 3965
f 4229 4228 4221
f 4222 4229 4221
f 4228 4227 4221
f 4227 3963 4221
f 4221 3963 3950
f 4227 4226 3962
f 4227 3962 3963
f 4226 4225 3961
f 4226 3961 3962
f 3960 3961 4225
f 4224 4220 3953
f 4220 3942 3953
f 4218 4219 4223
f 4223 3940 4218
f 4222 3940 4223
f 3951 3940 4222
f 4221 3951 4222
f 3950 3951 4221
f 4220 4217 3942
f 4217 3935 3942
f 4219 4218 4214
f 4215 4219 4214
f 3940 3932 4214
f 3940 4214 4218
f 4217 4213 3935
f 4213 3928 3935
f 4211 4212 4216
f 4216 3926 4211
f 4215 3926 4216
f 3933 3926 4215
f 4214 3933 4215
f 3932 3933 4214
f 4213 4210 3928
f 4210 3922 3928
f 4212 4211 4208
f 4209 4212 4208
f 3926 3919 4208
f 3926 4208 4211
f 4210 4207 3922
f 4207 3916 3922
f 4209 3914 4205
f 4209 3920 3914
f 4208 3920 4209
f 3919 3920 4208
f 4207 4204 3916
f 4204 3911 3916
f 4202 4203 4206
f 3914 3909 4205
f 3909 4202 4205
f 4205 4202 4206
f 4204 4201 3911
f 4201 3907 3911
f 4203 4202 4198
f 4199 4203 4198
f 3909 3904 4198
f 3909 4198 4202
f 3906 4200 4197
f 3906 4197 3902
f 3906 3907 4201
f 4200 3906 4201
f 4199 4198 4195
f 4196 4199 4195
f 3904 3901 4195
f 3904 4195 4198
f 4197 4194 3902
f 4194 3899 3902
f 4196 4195 4192
f 4193 4196 4192
f 3901 3898 4192
f 3901 4192 4195
f 4194 4191 3899
f 4191 3896 3899
f 4193 4192 4189
f 4190 4193 4189
f 3898 3895 4189
f 3898 4189 4192
f 4191 4188 3896
f 4188 3893 3896
f 4190 4189 4186
f 4187 4190 4186
f 3895 3892 4186
f 3895 4186 4189
f 4188 4185 3893
f 4185 3889 3893
f 4187 4186 4183
f 4184 4187 4183
f 3892 3888 4183
f 3892 4183 4186
f 4185 4182 3889
f 4182 3885 3889
f 4184 4183 4180
f 4181 4184 4180
f 3888 3884 4180
f 3888 4180 4183
f 4182 4179 3885
f 4179 3881 3885
f 4181 4180 4177
f 4178 4181 4177
f 3884 3878 4177
f 3884 4177 4180
f 4175 3873 3880
f 4176 3881 4179
f 4176 3880 3881
f 4175 3880 4176
f 4178 4177 4173
f 4174 4178 4173
f 4173 4177 4171
f 4177 3878 4171
f 4171 3878 3876
f 3876 3872 4171
f 4175 4168 3868
f 4175 3868 3873
f 4175 4176 4170
f 4168 4175 4170
f 4173 4172 4174
f 4166 4173 4171
f 4166 4172 4173
f 4167 4172 4166
f 4166 4171 4165
f 4171 3872 4165
f 4165 3872 3870
f 3870 3867 4165
f 3861 3868 4164
f 3868 4168 4164
f 4164 4168 4169
f 4169 4168 4170
f 4167 4166 4162
f 4163 4167 4162
f 4160 4166 4165
f 4160 4162 4166
f 4160 4165 4159
f 4165 3867 4159
f 4159 3867 3865
f 3865 3860 4159
f 4164 4158 3861
f 4158 3852 3861
f 4162 4161 4163
f 4156 4162 4160
f 4156 4161 4162
f 4157 4161 4156
f 4154 4160 4159
f 4154 4156 4160
f 4154 4159 4153
f 4159 3860 4153
f 4153 3860 3859
f 4152 4153 3859
f 4152 3859 3856
f 3856 3851 4152
f 4158 4151 3852
f 4151 3841 3852
f 4156 4155 4157
f 4148 4156 4154
f 4148 4155 4156
f 4150 4155 4148
f 4146 4154 4153
f 4146 4148 4154
f 4144 4153 4152
f 4144 4146 4153
f 4144 4152 4142
f 4152 3851 4142
f 4142 3851 3850
f 4141 4142 3850
f 4141 3850 3848
f 4139 4141 3848
f 4139 3848 3846
f 4138 4139 3846
f 4138 3846 3843
f 3843 3838 4138
f 4135 3832 3840
f 4137 3841 4151
f 4137 3840 3841
f 4135 3840 4137
f 4148 4149 4150
f 4146 4147 4149
f 4148 4146 4149
f 4144 4145 4147
f 4146 4144 4147
f 4142 4143 4145
f 4144 4142 4145
f 4141 4140 4143
f 4142 4141 4143
f 4132 4141 4139
f 4132 4140 4141
f 4134 4140 4132
f 4130 4139 4138
f 4130 4132 4139
f 4130 4138 4129
f 4138 3838 4129
f 4129 3838 3837
f 4127 4129 3837
f 4127 3837 3834
f 3834 3831 4127
f 3823 3832 4126
f 3832 4135 4126
f 4126 4135 4136
f 4136 4135 4137
f 4132 4133 4134
f 4130 4131 4133
f 4132 4130 4133
f 4129 4128 4131
f 4130 4129 4131
f 4123 4129 4127
f 4123 4128 4129
f 4125 4128 4123
f 4123 4127 4121
f 4127 3831 4121
f 4121 3831 3830
f 4120 4121 3830
f 4120 3830 3828
f 4118 4120 3828
f 4118 3828 3825
f 3825 3820 4118
f 4115 3813 3822
f 4117 3823 4126
f 4117 3822 3823
f 4115 3822 4117
f 4123 4124 4125
f 4121 4122 4124
f 4123 4121 4124
f 4120 4119 4122
f 4121 4120 4122
f 4112 4120 4118
f 4112 4119 4120
f 4114 4119 4112
f 4112 4118 4111
f 4118 3820 4111
f 4111 3820 3819
f 4109 4111 3819
f 4109 3819 3817
f 4108 4109 3817
f 4108 3817 3815
f 4106 4108 3815
f 4106 3815 3812
f 3813 4106 3812
f 4115 4106 3813
f 4107 4106 4115
f 4116 4107 4115
f 4116 4115 4117
f 4112 4113 4114
f 4111 4110 4113
f 4112 4111 4113
f 4103 4111 4109
f 4103 4110 4111
f 4105 4110 4103
f 4101 4109 4108
f 4101 4103 4109
f 4098 4108 4106
f 4098 4101 4108
f 4106 4107 4100
f 4098 4106 4100
f 4103 4104 4105
f 4101 4102 4104
f 4103 4101 4104
f 4098 4099 4102
f 4101 4098 4102
f 4099 4098 4100
f 4086 4097 3810
f 3791 4086 3810
f 4096 3808 4097
f 3808 3810 4097
f 4095 3806 4096
f 3806 3808 4096
f 4094 3804 4095
f 3804 3806 4095
f 4093 3803 4094
f 3803 3804 4094
f 4092 3802 4093
f 3802 3803 4093
f 4091 3801 4092
f 3801 3802 4092
f 4090 3800 4091
f 3800 3801 4091
f 4090 3799 3800
f 4090 4084 3799
f 4085 4084 4090
f 3799 4084 4082
f 3798 3799 4082
f 3798 4082 4078
f 3797 3798 4078
f 3797 4089 3796
f 3797 4079 4089
f 4078 4079 3797
f 3788 3796 4089
f 4077 3788 4089
f 3795 3780 4070
f 3795 4088 3793
f 3795 4071 4088
f 4070 4071 3795
f 4087 3792 4088
f 3792 3793 4088
f 4086 3791 3792
f 4086 3792 4087
f 4085 4083 4084
f 4083 4081 4082
f 4083 4082 4084
f 4081 4080 4078
f 4081 4078 4082
f 4079 4078 4080
f 3788 4077 4076
f 3788 4076 3786
f 4075 3785 4076
f 3785 3786 4076
f 4074 3784 4075
f 3784 3785 4075
f 4073 3783 4074
f 3783 3784 4074
f 4072 3782 4073
f 3782 3783 4073
f 4072 3781 3782
f 4072 4068 3781
f 4069 4068 4072
f 4068 3779 3781
f 3776 4064 4070
f 3780 3776 4070
f 4065 4071 4070
f 4065 4070 4064
f 4069 4067 4068
f 4066 3778 4067
f 3778 3779 4067
f 4067 3779 4068
f 4066 3777 3778
f 4066 4062 3777
f 4063 4062 4066
f 4062 3774 3777
f 3776 3775 4064
f 4060 4065 3773
f 4065 4064 3773
f 3773 4064 3775
f 4063 4061 4062
f 3774 4059 3771
f 3774 4061 4059
f 4062 4061 3774
f 3773 4057 4060
f 3773 3768 4057
f 3771 4059 4058
f 3771 4058 3769
f 3767 3769 4058
f 4055 3767 4058
f 3766 4057 3768
f 3766 4056 4057
f 4053 4056 3766
f 4056 4053 4054
f 4055 4052 3767
f 4052 3764 3767
f 3766 3765 4053
f 4051 4054 3763
f 4054 4053 3763
f 3763 4053 3765
f 4052 4049 3764
f 4049 3761 3764
f 4050 4051 3763
f 3762 4050 3763
f 4050 3762 3760
f 4050 3760 4048
f 4049 4045 3761
f 4045 3758 3761
f 4047 4048 3760
f 3759 4047 3760
f 4047 3759 4046
f 3759 3757 4046
f 4046 3757 4043
f 4046 4043 4044
f 4045 4036 3758
f 4036 3749 3758
f 3757 3756 4043
f 4042 3756 3755
f 4042 4043 3756
f 4044 4043 4042
f 4042 3754 4041
f 4042 3755 3754
f 4041 3753 4040
f 4041 3754 3753
f 4040 3752 4039
f 4040 3753 3752
f 4039 3751 4038
f 4039 3752 3751
f 4038 3750 4037
f 4038 3751 3750
f 4037 3750 3746
f 4037 3746 4035
f 4030 3742 3748
f 4032 3749 4036
f 4032 3748 3749
f 4030 3748 4032
f 4034 4035 3746
f 3744 4034 3746
f 4034 3743 4033
f 4034 3744 3743
f 4033 3743 3741
f 4033 3741 4029
f 3732 3742 4026
f 3742 4030 4026
f 4026 4030 4031
f 4031 4030 4032
f 4028 4029 3741
f 3740 4028 3741
f 4028 3738 4027
f 4028 3740 3738
f 3738 3736 4027
f 3736 4022 4027
f 4027 4022 4024
f 4020 4022 3736
f 4020 3736 3735
f 4018 4020 3735
f 4018 3735 3734
f 3734 3729 4018
f 4012 3724 3733
f 3731 4025 3733
f 4025 4014 3733
f 3733 4014 4012
f 3731 3732 4026
f 4025 3731 4026
f 4022 4023 4024
f 4020 4021 4023
f 4022 4020 4023
f 4018 4019 4021
f 4020 4018 4021
f 4019 3728 4017
f 4019 3729 3728
f 4018 3729 4019
f 4017 3726 4016
f 4017 3728 3726
f 4016 3723 4015
f 4016 3726 3723
f 3723 4013 4015
f 3723 4012 4013
f 3724 4012 3723
f 4013 4012 4014
f 4003 4004 4011
f 4003 4011 4010
f 4002 4003 4010
f 4002 4010 4009
f 4001 4002 4009
f 4001 4009 4008
f 4000 4001 4008
f 4000 4008 4007
f 3998 4000 4007
f 3999 3998 4007
f 3994 3995 4006
f 3994 4006 4005
f 3993 3994 4005
f 3993 4003 3992
f 3993 4004 4003
f 4005 4004 3993
f 3991 4003 4002
f 3991 3992 4003
f 3990 4002 4001
f 3990 3991 4002
f 3989 4001 4000
f 3989 3990 4001
f 3987 4000 3998
f 3987 3989 4000
f 3998 3999 3988
f 3987 3998 3988
f 3982 3983 3997
f 3982 3997 3996
f 3981 3982 3996
f 3981 3994 3980
f 3981 3995 3994
f 3996 3995 3981
f 3979 3994 3993
f 3979 3980 3994
f 3993 3992 3979
f 3992 3721 3979
f 3979 3721 3715
f 3992 3991 3720
f 3992 3720 3721
f 3991 3990 3719
f 3991 3719 3720
f 3990 3989 3718
f 3990 3718 3719
f 3987 3978 3989
f 3978 3711 3989
f 3989 3711 3718
f 3987 3988 3977
f 3978 3987 3977
f 3971 3972 3986
f 3971 3986 3985
f 3970 3971 3985
f 3970 3985 3984
f 3969 3970 3984
f 3969 3982 3968
f 3969 3983 3982
f 3984 3983 3969
f 3967 3982 3981
f 3967 3968 3982
f 3981 3980 3967
f 3980 3717 3967
f 3967 3717 3707
f 3980 3979 3716
f 3980 3716 3717
f 3715 3716 3979
f 3978 3966 3700
f 3978 3700 3711
f 3978 3964 3966
f 3978 3976 3964
f 3977 3976 3978
f 3965 3964 3976
f 3959 3960 3975
f 3959 3975 3974
f 3958 3959 3974
f 3958 3974 3973
f 3957 3958 3973
f 3957 3971 3956
f 3957 3972 3971
f 3973 3972 3957
f 3955 3971 3970
f 3955 3956 3971
f 3954 3970 3969
f 3954 3955 3970
f 3969 3968 3954
f 3968 3709 3954
f 3954 3709 3696
f 3968 3967 3708
f 3968 3708 3709
f 3707 3708 3967
f 3966 3699 3700
f 3964 3952 3966
f 3952 3689 3966
f 3966 3689 3699
f 3964 3965 3953
f 3952 3964 3953
f 3949 3950 3963
f 3949 3963 3962
f 3948 3949 3962
f 3948 3962 3961
f 3947 3948 3961
f 3947 3959 3946
f 3947 3960 3959
f 3961 3960 3947
f 3945 3959 3958
f 3945 3946 3959
f 3944 3958 3957
f 3944 3945 3958
f 3943 3957 3956
f 3943 3944 3957
f 3956 3955 3943
f 3955 3698 3943
f 3943 3698 3683
f 3955 3954 3697
f 3955 3697 3698
f 3696 3697 3954
f 3952 3941 3678
f 3952 3678 3689
f 3952 3953 3942
f 3941 3952 3942
f 3939 3940 3951
f 3939 3949 3938
f 3939 3950 3949
f 3951 3950 3939
f 3937 3949 3948
f 3937 3938 3949
f 3936 3948 3947
f 3936 3937 3948
f 3947 3946 3936
f 3946 3687 3936
f 3936 3687 3675
f 3946 3945 3686
f 3946 3686 3687
f 3945 3944 3685
f 3945 3685 3686
f 3944 3943 3684
f 3944 3684 3685
f 3683 3684 3943
f 3941 3934 3667
f 3941 3667 3678
f 3941 3942 3935
f 3934 3941 3935
f 3940 3939 3931
f 3932 3940 3931
f 3930 3939 3938
f 3930 3931 3939
f 3929 3938 3937
f 3929 3930 3938
f 3937 3936 3929
f 3936 3676 3929
f 3929 3676 3665
f 3675 3676 3936
f 3934 3927 3657
f 3934 3657 3667
f 3934 3935 3928
f 3927 3934 3928
f 3925 3926 3933
f 3925 3931 3924
f 3925 3932 3931
f 3933 3932 3925
f 3923 3931 3930
f 3923 3924 3931
f 3930 3929 3923
f 3929 3666 3923
f 3923 3666 3655
f 3665 3666 3929
f 3927 3921 3650
f 3927 3650 3657
f 3927 3928 3922
f 3921 3927 3922
f 3926 3925 3918
f 3919 3926 3918
f 3917 3925 3924
f 3917 3918 3925
f 3924 3923 3917
f 3923 3656 3917
f 3917 3656 3648
f 3655 3656 3923
f 3921 3915 3643
f 3921 3643 3650
f 3921 3922 3916
f 3915 3921 3916
f 3913 3914 3920
f 3913 3918 3912
f 3913 3919 3918
f 3920 3919 3913
f 3918 3917 3912
f 3917 3649 3912
f 3912 3649 3641
f 3648 3649 3917
f 3915 3910 3637
f 3915 3637 3643
f 3915 3916 3911
f 3910 3915 3911
f 3914 3913 3908
f 3909 3914 3908
f 3913 3912 3908
f 3912 3642 3908
f 3908 3642 3636
f 3641 3642 3912
f 3910 3905 3631
f 3910 3631 3637
f 3910 3911 3907
f 3905 3910 3907
f 3909 3908 3903
f 3904 3909 3903
f 3636 3630 3903
f 3636 3903 3908
f 3625 3631 3902
f 3631 3905 3902
f 3902 3905 3906
f 3906 3905 3907
f 3904 3903 3900
f 3901 3904 3900
f 3630 3624 3900
f 3630 3900 3903
f 3902 3899 3625
f 3899 3619 3625
f 3901 3900 3897
f 3898 3901 3897
f 3624 3618 3897
f 3624 3897 3900
f 3899 3896 3619
f 3896 3614 3619
f 3898 3897 3894
f 3895 3898 3894
f 3618 3613 3894
f 3618 3894 3897
f 3896 3893 3614
f 3893 3608 3614
f 3895 3894 3891
f 3892 3895 3891
f 3891 3894 3890
f 3894 3613 3890
f 3890 3613 3611
f 3611 3607 3890
f 3893 3889 3608
f 3889 3603 3608
f 3892 3891 3887
f 3888 3892 3887
f 3886 3891 3890
f 3886 3887 3891
f 3607 3601 3886
f 3607 3886 3890
f 3889 3885 3603
f 3885 3597 3603
f 3888 3887 3883
f 3884 3888 3883
f 3882 3887 3886
f 3882 3883 3887
f 3601 3594 3882
f 3601 3882 3886
f 3879 3588 3596
f 3881 3597 3885
f 3881 3596 3597
f 3879 3596 3881
f 3884 3883 3877
f 3878 3884 3877
f 3875 3883 3882
f 3875 3877 3883
f 3875 3882 3874
f 3882 3594 3874
f 3874 3594 3592
f 3592 3587 3874
f 3582 3588 3873
f 3588 3879 3873
f 3873 3879 3880
f 3880 3879 3881
f 3877 3876 3878
f 3871 3877 3875
f 3871 3876 3877
f 3872 3876 3871
f 3869 3875 3874
f 3869 3871 3875
f 3587 3581 3869
f 3587 3869 3874
f 3873 3868 3582
f 3868 3572 3582
f 3871 3870 3872
f 3866 3871 3869
f 3866 3870 3871
f 3867 3870 3866
f 3866 3869 3864
f 3869 3581 3864
f 3864 3581 3580
f 3863 3864 3580
f 3863 3580 3578
f 3862 3863 3578
f 3862 3578 3575
f 3575 3571 3862
f 3868 3861 3572
f 3861 3563 3572
f 3866 3865 3867
f 3858 3866 3864
f 3858 3865 3866
f 3860 3865 3858
f 3857 3864 3863
f 3857 3858 3864
f 3855 3863 3862
f 3855 3857 3863
f 3855 3862 3854
f 3862 3571 3854
f 3854 3571 3570
f 3853 3854 3570
f 3853 3570 3567
f 3567 3561 3853
f 3861 3852 3563
f 3852 3554 3563
f 3858 3859 3860
f 3857 3856 3859
f 3858 3857 3859
f 3849 3857 3855
f 3849 3856 3857
f 3851 3856 3849
f 3847 3855 3854
f 3847 3849 3855
f 3845 3854 3853
f 3845 3847 3854
f 3845 3853 3844
f 3853 3561 3844
f 3844 3561 3560
f 3842 3844 3560
f 3842 3560 3557
f 3557 3551 3842
f 3839 3544 3553
f 3841 3554 3852
f 3841 3553 3554
f 3839 3553 3841
f 3849 3850 3851
f 3847 3848 3850
f 3849 3847 3850
f 3845 3846 3848
f 3847 3845 3848
f 3844 3843 3846
f 3845 3844 3846
f 3836 3844 3842
f 3836 3843 3844
f 3838 3843 3836
f 3836 3842 3835
f 3842 3551 3835
f 3835 3551 3550
f 3833 3835 3550
f 3833 3550 3547
f 3547 3542 3833
f 3532 3544 3832
f 3544 3839 3832
f 3832 3839 3840
f 3840 3839 3841
f 3836 3837 3838
f 3835 3834 3837
f 3836 3835 3837
f 3829 3835 3833
f 3829 3834 3835
f 3831 3834 3829
f 3829 3833 3827
f 3833 3542 3827
f 3827 3542 3541
f 3826 3827 3541
f 3826 3541 3539
f 3824 3826 3539
f 3824 3539 3536
f 3536 3529 3824
f 3821 3524 3531
f 3823 3532 3832
f 3823 3531 3532
f 3821 3531 3823
f 3829 3830 3831
f 3827 3828 3830
f 3829 3827 3830
f 3826 3825 3828
f 3827 3826 3828
f 3818 3826 3824
f 3818 3825 3826
f 3820 3825 3818
f 3818 3824 3816
f 3824 3529 3816
f 3816 3529 3528
f 3814 3816 3528
f 3814 3528 3526
f 3811 3814 3526
f 3811 3526 3523
f 3524 3811 3523
f 3821 3811 3524
f 3813 3811 3821
f 3822 3813 3821
f 3822 3821 3823
f 3818 3819 3820
f 3816 3817 3819
f 3818 3816 3819
f 3814 3815 3817
f 3816 3814 3817
f 3811 3812 3815
f 3814 3811 3815
f 3812 3811 3813
f 3521 3515 3809
f 3521 3809 3807
f 3520 3521 3807
f 3520 3807 3805
f 3519 3520 3805
f 3805 3513 3519
f 3518 3504 3794
f 3518 3794 3790
f 3517 3518 3790
f 3517 3810 3516
f 3517 3791 3810
f 3790 3791 3517
f 3810 3808 3516
f 3808 3809 3516
f 3516 3809 3515
f 3808 3806 3807
f 3808 3807 3809
f 3806 3804 3805
f 3806 3805 3807
f 3803 3511 3804
f 3511 3513 3804
f 3804 3513 3805
f 3802 3510 3803
f 3510 3511 3803
f 3801 3509 3802
f 3509 3510 3802
f 3800 3508 3801
f 3508 3509 3801
f 3799 3507 3800
f 3507 3508 3800
f 3798 3506 3799
f 3506 3507 3799
f 3797 3506 3798
f 3797 3503 3506
f 3789 3503 3797
f 3789 3797 3796
f 3787 3789 3796
f 3788 3787 3796
f 3780 3795 3505
f 3494 3780 3505
f 3795 3793 3505
f 3793 3794 3505
f 3505 3794 3504
f 3793 3792 3790
f 3793 3790 3794
f 3791 3790 3792
f 3789 3502 3503
f 3789 3787 3501
f 3789 3501 3502
f 3500 3501 3786
f 3501 3787 3786
f 3786 3787 3788
f 3785 3499 3786
f 3499 3500 3786
f 3784 3498 3785
f 3498 3499 3785
f 3783 3497 3784
f 3497 3498 3784
f 3782 3496 3783
f 3496 3497 3783
f 3781 3495 3782
f 3495 3496 3782
f 3493 3495 3781
f 3779 3493 3781
f 3494 3776 3780
f 3494 3490 3776
f 3493 3779 3778
f 3493 3778 3492
f 3777 3491 3778
f 3491 3492 3778
f 3489 3491 3777
f 3774 3489 3777
f 3487 3776 3490
f 3487 3775 3776
f 3772 3775 3487
f 3775 3772 3773
f 3774 3771 3489
f 3771 3770 3489
f 3489 3770 3488
f 3770 3485 3488
f 3487 3486 3772
f 3768 3773 3483
f 3773 3772 3483
f 3483 3772 3486
f 3771 3769 3770
f 3485 3767 3481
f 3485 3769 3767
f 3770 3769 3485
f 3483 3766 3768
f 3483 3480 3766
f 3767 3764 3481
f 3764 3478 3481
f 3765 3766 3480
f 3479 3765 3480
f 3765 3479 3477
f 3765 3477 3763
f 3764 3761 3478
f 3761 3474 3478
f 3762 3763 3477
f 3475 3762 3477
f 3762 3475 3473
f 3762 3473 3760
f 3761 3758 3474
f 3758 3470 3474
f 3759 3760 3473
f 3471 3759 3473
f 3759 3471 3468
f 3759 3468 3757
f 3747 3461 3469
f 3749 3470 3758
f 3749 3469 3470
f 3747 3469 3749
f 3756 3757 3468
f 3467 3756 3468
f 3756 3466 3755
f 3756 3467 3466
f 3755 3465 3754
f 3755 3466 3465
f 3754 3464 3753
f 3754 3465 3464
f 3753 3463 3752
f 3753 3464 3463
f 3752 3462 3751
f 3752 3463 3462
f 3751 3462 3750
f 3462 3456 3750
f 3750 3456 3745
f 3750 3745 3746
f 3449 3461 3742
f 3461 3747 3742
f 3742 3747 3748
f 3748 3747 3749
f 3456 3454 3745
f 3744 3454 3453
f 3744 3745 3454
f 3746 3745 3744
f 3744 3452 3743
f 3744 3453 3452
f 3452 3451 3743
f 3451 3739 3743
f 3743 3739 3741
f 3737 3739 3451
f 3737 3451 3450
f 3450 3447 3737
f 3730 3437 3448
f 3732 3449 3742
f 3732 3448 3449
f 3730 3448 3732
f 3739 3740 3741
f 3737 3738 3740
f 3739 3737 3740
f 3738 3446 3736
f 3738 3447 3446
f 3737 3447 3738
f 3736 3444 3735
f 3736 3446 3444
f 3735 3442 3734
f 3735 3444 3442
f 3442 3441 3734
f 3441 3727 3734
f 3734 3727 3729
f 3725 3727 3441
f 3725 3441 3440
f 3722 3725 3440
f 3722 3440 3439
f 3436 3733 3439
f 3733 3724 3439
f 3439 3724 3722
f 3436 3731 3733
f 3436 3730 3731
f 3437 3730 3436
f 3731 3730 3732
f 3727 3728 3729
f 3725 3726 3728
f 3727 3725 3728
f 3722 3723 3726
f 3725 3722 3726
f 3723 3722 3724
f 3714 3715 3721
f 3714 3721 3720
f 3713 3714 3720
f 3713 3720 3719
f 3712 3713 3719
f 3712 3719 3718
f 3710 3712 3718
f 3711 3710 3718
f 3706 3707 3717
f 3706 3717 3716
f 3705 3706 3716
f 3705 3714 3704
f 3705 3715 3714
f 3716 3715 3705
f 3703 3714 3713
f 3703 3704 3714
f 3702 3713 3712
f 3702 3703 3713
f 3701 3712 3710
f 3701 3702 3712
f 3710 3711 3700
f 3701 3710 3700
f 3695 3696 3709
f 3695 3709 3708
f 3694 3695 3708
f 3694 3706 3693
f 3694 3707 3706
f 3708 3707 3694
f 3692 3706 3705
f 3692 3693 3706
f 3691 3705 3704
f 3691 3692 3705
f 3704 3703 3691
f 3703 3434 3691
f 3691 3434 3429
f 3703 3702 3433
f 3703 3433 3434
f 3701 3690 3702
f 3690 3426 3702
f 3702 3426 3433
f 3701 3688 3690
f 3701 3699 3688
f 3700 3699 3701
f 3689 3688 3699
f 3682 3683 3698
f 3682 3698 3697
f 3681 3682 3697
f 3681 3695 3680
f 3681 3696 3695
f 3697 3696 3681
f 3679 3695 3694
f 3679 3680 3695
f 3694 3693 3679
f 3693 3432 3679
f 3679 3432 3423
f 3693 3692 3431
f 3693 3431 3432
f 3692 3691 3430
f 3692 3430 3431
f 3429 3430 3691
f 3690 3425 3426
f 3688 3677 3690
f 3677 3416 3690
f 3690 3416 3425
f 3688 3689 3678
f 3677 3688 3678
f 3674 3675 3687
f 3674 3687 3686
f 3673 3674 3686
f 3673 3686 3685
f 3672 3673 3685
f 3672 3685 3684
f 3671 3672 3684
f 3671 3682 3670
f 3671 3683 3682
f 3684 3683 3671
f 3669 3682 3681
f 3669 3670 3682
f 3668 3681 3680
f 3668 3669 3681
f 3680 3679 3668
f 3679 3424 3668
f 3668 3424 3413
f 3423 3424 3679
f 3677 3415 3416
f 3405 3678 3667
f 3405 3677 3678
f 3415 3677 3405
f 3664 3665 3676
f 3664 3674 3663
f 3664 3675 3674
f 3676 3675 3664
f 3662 3674 3673
f 3662 3663 3674
f 3661 3673 3672
f 3661 3662 3673
f 3660 3672 3671
f 3660 3661 3672
f 3659 3671 3670
f 3659 3660 3671
f 3658 3670 3669
f 3658 3659 3670
f 3669 3668 3658
f 3668 3414 3658
f 3658 3414 3399
f 3413 3414 3668
f 3667 3657 3405
f 3657 3393 3405
f 3654 3655 3666
f 3654 3664 3653
f 3654 3665 3664
f 3666 3665 3654
f 3652 3664 3663
f 3652 3653 3664
f 3651 3663 3662
f 3651 3652 3663
f 3662 3661 3651
f 3661 3403 3651
f 3651 3403 3390
f 3661 3660 3402
f 3661 3402 3403
f 3660 3659 3401
f 3660 3401 3402
f 3659 3658 3400
f 3659 3400 3401
f 3399 3400 3658
f 3657 3650 3393
f 3650 3382 3393
f 3647 3648 3656
f 3647 3654 3646
f 3647 3655 3654
f 3656 3655 3647
f 3645 3654 3653
f 3645 3646 3654
f 3644 3653 3652
f 3644 3645 3653
f 3652 3651 3644
f 3651 3391 3644
f 3644 3391 3378
f 3390 3391 3651
f 3650 3643 3382
f 3643 3371 3382
f 3640 3641 3649
f 3640 3647 3639
f 3640 3648 3647
f 3649 3648 3640
f 3638 3647 3646
f 3638 3639 3647
f 3646 3645 3638
f 3645 3380 3638
f 3638 3380 3369
f 3645 3644 3379
f 3645 3379 3380
f 3378 3379 3644
f 3643 3637 3371
f 3637 3362 3371
f 3635 3636 3642
f 3635 3640 3634
f 3635 3641 3640
f 3642 3641 3635
f 3633 3640 3639
f 3633 3634 3640
f 3632 3639 3638
f 3632 3633 3639
f 3369 3360 3632
f 3369 3632 3638
f 3637 3631 3362
f 3631 3354 3362
f 3636 3635 3629
f 3630 3636 3629
f 3628 3635 3634
f 3628 3629 3635
f 3627 3634 3633
f 3627 3628 3634
f 3626 3633 3632
f 3626 3627 3633
f 3360 3352 3626
f 3360 3626 3632
f 3631 3625 3354
f 3625 3346 3354
f 3630 3629 3623
f 3624 3630 3623
f 3622 3629 3628
f 3622 3623 3629
f 3621 3628 3627
f 3621 3622 3628
f 3620 3627 3626
f 3620 3621 3627
f 3352 3343 3620
f 3352 3620 3626
f 3625 3619 3346
f 3619 3337 3346
f 3624 3623 3617
f 3618 3624 3617
f 3616 3623 3622
f 3616 3617 3623
f 3615 3622 3621
f 3615 3616 3622
f 3621 3620 3615
f 3620 3344 3615
f 3615 3344 3335
f 3343 3344 3620
f 3619 3614 3337
f 3614 3329 3337
f 3618 3617 3612
f 3613 3618 3612
f 3610 3617 3616
f 3610 3612 3617
f 3609 3616 3615
f 3609 3610 3616
f 3335 3327 3609
f 3335 3609 3615
f 3614 3608 3329
f 3608 3320 3329
f 3612 3611 3613
f 3606 3612 3610
f 3606 3611 3612
f 3607 3611 3606
f 3605 3610 3609
f 3605 3606 3610
f 3605 3609 3604
f 3609 3327 3604
f 3604 3327 3325
f 3325 3317 3604
f 3602 3312 3319
f 3603 3320 3608
f 3603 3319 3320
f 3602 3319 3603
f 3607 3606 3600
f 3601 3607 3600
f 3599 3606 3605
f 3599 3600 3606
f 3598 3605 3604
f 3598 3599 3605
f 3317 3311 3598
f 3317 3598 3604
f 3602 3595 3304
f 3602 3304 3312
f 3602 3603 3597
f 3595 3602 3597
f 3601 3600 3593
f 3594 3601 3593
f 3591 3600 3599
f 3591 3593 3600
f 3590 3599 3598
f 3590 3591 3599
f 3590 3598 3589
f 3598 3311 3589
f 3589 3311 3309
f 3309 3303 3589
f 3296 3304 3588
f 3304 3595 3588
f 3588 3595 3596
f 3596 3595 3597
f 3593 3592 3594
f 3586 3593 3591
f 3586 3592 3593
f 3587 3592 3586
f 3585 3591 3590
f 3585 3586 3591
f 3584 3590 3589
f 3584 3585 3590
f 3584 3589 3583
f 3589 3303 3583
f 3583 3303 3301
f 3301 3294 3583
f 3588 3582 3296
f 3582 3288 3296
f 3587 3586 3579
f 3581 3587 3579
f 3577 3586 3585
f 3577 3579 3586
f 3576 3585 3584
f 3576 3577 3585
f 3574 3584 3583
f 3574 3576 3584
f 3574 3583 3573
f 3583 3294 3573
f 3573 3294 3292
f 3292 3286 3573
f 3582 3572 3288
f 3572 3277 3288
f 3579 3580 3581
f 3577 3578 3580
f 3579 3577 3580
f 3576 3575 3578
f 3577 3576 3578
f 3569 3576 3574
f 3569 3575 3576
f 3571 3575 3569
f 3568 3574 3573
f 3568 3569 3574
f 3568 3573 3566
f 3573 3286 3566
f 3566 3286 3285
f 3565 3566 3285
f 3565 3285 3283
f 3564 3565 3283
f 3564 3283 3280
f 3280 3274 3564
f 3562 3266 3276
f 3563 3277 3572
f 3563 3276 3277
f 3562 3276 3563
f 3569 3570 3571
f 3568 3567 3570
f 3569 3568 3570
f 3559 3568 3566
f 3559 3567 3568
f 3561 3567 3559
f 3558 3566 3565
f 3558 3559 3566
f 3556 3565 3564
f 3556 3558 3565
f 3556 3564 3555
f 3564 3274 3555
f 3555 3274 3272
f 3272 3264 3555
f 3562 3552 3255
f 3562 3255 3266
f 3562 3563 3554
f 3552 3562 3554
f 3559 3560 3561
f 3558 3557 3560
f 3559 3558 3560
f 3549 3558 3556
f 3549 3557 3558
f 3551 3557 3549
f 3548 3556 3555
f 3548 3549 3556
f 3548 3555 3546
f 3555 3264 3546
f 3546 3264 3263
f 3545 3546 3263
f 3545 3263 3260
f 3260 3252 3545
f 3543 3245 3254
f 3255 3543 3254
f 3552 3543 3255
f 3544 3543 3552
f 3553 3544 3552
f 3553 3552 3554
f 3549 3550 3551
f 3548 3547 3550
f 3549 3548 3550
f 3540 3548 3546
f 3540 3547 3548
f 3542 3547 3540
f 3538 3546 3545
f 3538 3540 3546
f 3538 3545 3537
f 3545 3252 3537
f 3537 3252 3251
f 3535 3537 3251
f 3535 3251 3249
f 3534 3535 3249
f 3534 3249 3247
f 3533 3534 3247
f 3533 3247 3244
f 3530 3533 3543
f 3533 3244 3543
f 3543 3244 3245
f 3543 3544 3532
f 3530 3543 3532
f 3540 3541 3542
f 3538 3539 3541
f 3540 3538 3541
f 3537 3536 3539
f 3538 3537 3539
f 3527 3537 3535
f 3527 3536 3537
f 3529 3536 3527
f 3525 3535 3534
f 3525 3527 3535
f 3522 3534 3533
f 3522 3525 3534
f 3530 3522 3533
f 3530 3524 3522
f 3531 3524 3530
f 3531 3530 3532
f 3527 3528 3529
f 3525 3526 3528
f 3527 3525 3528
f 3522 3523 3526
f 3525 3522 3526
f 3523 3522 3524
f 3242 3237 3514
f 3242 3521 3241
f 3242 3515 3521
f 3514 3515 3242
f 3520 3240 3521
f 3240 3241 3521
f 3519 3240 3520
f 3519 3234 3240
f 3512 3234 3519
f 3513 3512 3519
f 3504 3518 3239
f 3224 3504 3239
f 3517 3238 3518
f 3238 3239 3518
f 3517 3516 3238
f 3516 3514 3238
f 3238 3514 3237
f 3515 3514 3516
f 3512 3232 3234
f 3231 3232 3511
f 3232 3512 3511
f 3511 3512 3513
f 3510 3230 3511
f 3230 3231 3511
f 3509 3229 3510
f 3229 3230 3510
f 3508 3228 3509
f 3228 3229 3509
f 3507 3227 3508
f 3227 3228 3508
f 3506 3226 3507
f 3226 3227 3507
f 3222 3226 3506
f 3503 3222 3506
f 3494 3505 3225
f 3212 3494 3225
f 3504 3224 3225
f 3504 3225 3505
f 3222 3503 3502
f 3222 3502 3220
f 3501 3219 3502
f 3219 3220 3502
f 3500 3218 3501
f 3218 3219 3501
f 3499 3217 3500
f 3217 3218 3500
f 3498 3216 3499
f 3216 3217 3499
f 3497 3215 3498
f 3215 3216 3498
f 3496 3214 3497
f 3214 3215 3497
f 3495 3213 3496
f 3213 3214 3496
f 3211 3213 3495
f 3493 3211 3495
f 3212 3490 3494
f 3212 3208 3490
f 3211 3493 3492
f 3211 3492 3210
f 3491 3209 3492
f 3209 3210 3492
f 3207 3209 3491
f 3489 3207 3491
f 3208 3487 3490
f 3208 3205 3487
f 3207 3489 3204
f 3489 3488 3204
f 3204 3488 3484
f 3485 3484 3488
f 3202 3487 3205
f 3202 3486 3487
f 3482 3486 3202
f 3486 3482 3483
f 3484 3203 3204
f 3200 3485 3481
f 3200 3484 3485
f 3203 3484 3200
f 3202 3201 3482
f 3480 3483 3199
f 3483 3482 3199
f 3199 3482 3201
f 3481 3478 3200
f 3478 3198 3200
f 3197 3480 3199
f 3197 3479 3480
f 3476 3479 3197
f 3479 3476 3477
f 3478 3474 3198
f 3474 3195 3198
f 3197 3196 3476
f 3472 3196 3194
f 3475 3196 3472
f 3476 3196 3475
f 3477 3476 3475
f 3475 3472 3473
f 3474 3470 3195
f 3470 3191 3195
f 3194 3193 3472
f 3471 3193 3192
f 3471 3472 3193
f 3473 3472 3471
f 3471 3192 3189
f 3471 3189 3468
f 3190 3469 3461
f 3190 3461 3186
f 3190 3191 3470
f 3469 3190 3470
f 3467 3468 3189
f 3187 3467 3189
f 3467 3187 3466
f 3187 3185 3466
f 3466 3185 3460
f 3465 3466 3460
f 3465 3460 3459
f 3464 3465 3459
f 3464 3459 3458
f 3463 3464 3458
f 3463 3458 3457
f 3462 3463 3457
f 3462 3457 3455
f 3462 3455 3456
f 3461 3449 3186
f 3449 3169 3186
f 3185 3184 3460
f 3183 3459 3460
f 3184 3183 3460
f 3182 3458 3459
f 3183 3182 3459
f 3181 3457 3458
f 3182 3181 3458
f 3180 3455 3457
f 3181 3180 3457
f 3454 3180 3179
f 3454 3455 3180
f 3456 3455 3454
f 3454 3177 3453
f 3454 3179 3177
f 3453 3176 3452
f 3453 3177 3176
f 3452 3175 3451
f 3452 3176 3175
f 3451 3174 3450
f 3451 3175 3174
f 3174 3173 3450
f 3173 3445 3450
f 3450 3445 3447
f 3443 3445 3173
f 3443 3173 3172
f 3172 3166 3443
f 3438 3163 3171
f 3435 3438 3171
f 3435 3171 3170
f 3168 3448 3170
f 3448 3437 3170
f 3170 3437 3435
f 3168 3169 3449
f 3448 3168 3449
f 3445 3446 3447
f 3443 3444 3446
f 3445 3443 3446
f 3444 3165 3442
f 3444 3166 3165
f 3443 3166 3444
f 3442 3164 3441
f 3442 3165 3164
f 3441 3162 3440
f 3441 3164 3162
f 3162 3439 3440
f 3162 3438 3439
f 3163 3438 3162
f 3435 3436 3439
f 3438 3435 3439
f 3436 3435 3437
f 3428 3429 3434
f 3428 3434 3433
f 3427 3428 3433
f 3426 3427 3433
f 3422 3423 3432
f 3422 3432 3431
f 3421 3422 3431
f 3421 3431 3430
f 3420 3421 3430
f 3420 3428 3419
f 3420 3429 3428
f 3430 3429 3420
f 3418 3428 3427
f 3418 3419 3428
f 3427 3417 3418
f 3427 3425 3417
f 3426 3425 3427
f 3416 3417 3425
f 3412 3413 3424
f 3412 3422 3411
f 3412 3423 3422
f 3424 3423 3412
f 3410 3422 3421
f 3410 3411 3422
f 3409 3421 3420
f 3409 3410 3421
f 3408 3420 3419
f 3408 3409 3420
f 3407 3419 3418
f 3407 3408 3419
f 3406 3418 3417
f 3406 3407 3418
f 3417 3404 3406
f 3417 3415 3404
f 3416 3415 3417
f 3405 3404 3415
f 3398 3399 3414
f 3398 3412 3397
f 3398 3413 3412
f 3414 3413 3398
f 3396 3412 3411
f 3396 3397 3412
f 3395 3411 3410
f 3395 3396 3411
f 3410 3409 3395
f 3409 3161 3395
f 3395 3161 3156
f 3409 3408 3160
f 3409 3160 3161
f 3408 3407 3159
f 3408 3159 3160
f 3406 3394 3407
f 3394 3153 3407
f 3407 3153 3159
f 3392 3406 3404
f 3392 3394 3406
f 3404 3405 3393
f 3392 3404 3393
f 3389 3390 3403
f 3389 3403 3402
f 3388 3389 3402
f 3388 3402 3401
f 3387 3388 3401
f 3387 3401 3400
f 3386 3387 3400
f 3386 3398 3385
f 3386 3399 3398
f 3400 3399 3386
f 3384 3398 3397
f 3384 3385 3398
f 3397 3396 3384
f 3396 3158 3384
f 3384 3158 3150
f 3396 3395 3157
f 3396 3157 3158
f 3156 3157 3395
f 3394 3383 3144
f 3394 3144 3153
f 3381 3394 3392
f 3381 3383 3394
f 3392 3393 3382
f 3381 3392 3382
f 3377 3378 3391
f 3377 3389 3376
f 3377 3390 3389
f 3391 3390 3377
f 3375 3389 3388
f 3375 3376 3389
f 3374 3388 3387
f 3374 3375 3388
f 3373 3387 3386
f 3373 3374 3387
f 3372 3386 3385
f 3372 3373 3386
f 3385 3384 3372
f 3384 3151 3372
f 3372 3151 3140
f 3150 3151 3384
f 3383 3143 3144
f 3381 3370 3383
f 3370 3133 3383
f 3383 3133 3143
f 3381 3382 3371
f 3370 3381 3371
f 3368 3369 3380
f 3368 3380 3379
f 3367 3368 3379
f 3367 3377 3366
f 3367 3378 3377
f 3379 3378 3367
f 3365 3377 3376
f 3365 3366 3377
f 3364 3376 3375
f 3364 3365 3376
f 3363 3375 3374
f 3363 3364 3375
f 3374 3373 3363
f 3373 3142 3363
f 3363 3142 3130
f 3373 3372 3141
f 3373 3141 3142
f 3140 3141 3372
f 3370 3361 3121
f 3370 3121 3133
f 3370 3371 3362
f 3361 3370 3362
f 3369 3368 3359
f 3360 3369 3359
f 3358 3368 3367
f 3358 3359 3368
f 3357 3367 3366
f 3357 3358 3367
f 3356 3366 3365
f 3356 3357 3366
f 3355 3365 3364
f 3355 3356 3365
f 3364 3363 3355
f 3363 3131 3355
f 3355 3131 3119
f 3130 3131 3363
f 3361 3353 3109
f 3361 3109 3121
f 3361 3362 3354
f 3353 3361 3354
f 3360 3359 3351
f 3352 3360 3351
f 3350 3359 3358
f 3350 3351 3359
f 3349 3358 3357
f 3349 3350 3358
f 3348 3357 3356
f 3348 3349 3357
f 3347 3356 3355
f 3347 3348 3356
f 3119 3107 3347
f 3119 3347 3355
f 3353 3345 3098
f 3353 3098 3109
f 3353 3354 3346
f 3345 3353 3346
f 3352 3351 3342
f 3343 3352 3342
f 3341 3351 3350
f 3341 3342 3351
f 3340 3350 3349
f 3340 3341 3350
f 3339 3349 3348
f 3339 3340 3349
f 3338 3348 3347
f 3338 3339 3348
f 3107 3095 3338
f 3107 3338 3347
f 3345 3336 3087
f 3345 3087 3098
f 3345 3346 3337
f 3336 3345 3337
f 3334 3335 3344
f 3334 3342 3333
f 3334 3343 3342
f 3344 3343 3334
f 3332 3342 3341
f 3332 3333 3342
f 3331 3341 3340
f 3331 3332 3341
f 3330 3340 3339
f 3330 3331 3340
f 3339 3338 3330
f 3338 3096 3330
f 3330 3096 3085
f 3095 3096 3338
f 3336 3328 3078
f 3336 3078 3087
f 3336 3337 3329
f 3328 3336 3329
f 3335 3334 3326
f 3327 3335 3326
f 3324 3334 3333
f 3324 3326 3334
f 3323 3333 3332
f 3323 3324 3333
f 3322 3332 3331
f 3322 3323 3332
f 3321 3331 3330
f 3321 3322 3331
f 3085 3076 3321
f 3085 3321 3330
f 3328 3318 3068
f 3328 3068 3078
f 3328 3329 3320
f 3318 3328 3320
f 3326 3325 3327
f 3316 3326 3324
f 3316 3325 3326
f 3317 3325 3316
f 3315 3324 3323
f 3315 3316 3324
f 3314 3323 3322
f 3314 3315 3323
f 3313 3322 3321
f 3313 3314 3322
f 3076 3066 3313
f 3076 3313 3321
f 3057 3068 3312
f 3068 3318 3312
f 3312 3318 3319
f 3319 3318 3320
f 3317 3316 3310
f 3311 3317 3310
f 3308 3316 3315
f 3308 3310 3316
f 3307 3315 3314
f 3307 3308 3315
f 3306 3314 3313
f 3306 3307 3314
f 3306 3313 3305
f 3313 3066 3305
f 3305 3066 3064
f 3064 3055 3305
f 3312 3304 3057
f 3304 3046 3057
f 3310 3309 3311
f 3302 3310 3308
f 3302 3309 3310
f 3303 3309 3302
f 3300 3308 3307
f 3300 3302 3308
f 3299 3307 3306
f 3299 3300 3307
f 3298 3306 3305
f 3298 3299 3306
f 3298 3305 3297
f 3305 3055 3297
f 3297 3055 3053
f 3053 3043 3297
f 3295 3035 3045
f 3296 3046 3304
f 3296 3045 3046
f 3295 3045 3296
f 3302 3301 3303
f 3293 3302 3300
f 3293 3301 3302
f 3294 3301 3293
f 3291 3300 3299
f 3291 3293 3300
f 3290 3299 3298
f 3290 3291 3299
f 3289 3298 3297
f 3289 3290 3298
f 3043 3033 3289
f 3043 3289 3297
f 3295 3287 3024
f 3295 3024 3035
f 3295 3296 3288
f 3287 3295 3288
f 3293 3292 3294
f 3284 3293 3291
f 3284 3292 3293
f 3286 3292 3284
f 3282 3291 3290
f 3282 3284 3291
f 3281 3290 3289
f 3281 3282 3290
f 3281 3289 3279
f 3289 3033 3279
f 3279 3033 3031
f 3031 3021 3279
f 3278 3011 3023
f 3275 3278 3287
f 3278 3023 3287
f 3287 3023 3024
f 3287 3288 3277
f 3275 3287 3277
f 3284 3285 3286
f 3282 3283 3285
f 3284 3282 3285
f 3281 3280 3283
f 3282 3281 3283
f 3273 3281 3279
f 3273 3280 3281
f 3274 3280 3273
f 3273 3279 3271
f 3279 3021 3271
f 3271 3021 3020
f 3270 3271 3020
f 3270 3020 3018
f 3269 3270 3018
f 3269 3018 3015
f 3015 3008 3269
f 3268 3007 3013
f 3267 3268 3013
f 3267 3013 3010
f 3265 3267 3278
f 3267 3010 3278
f 3278 3010 3011
f 3275 3265 3278
f 3275 3266 3265
f 3276 3266 3275
f 3276 3275 3277
f 3273 3272 3274
f 3262 3273 3271
f 3262 3272 3273
f 3264 3272 3262
f 3261 3271 3270
f 3261 3262 3271
f 3259 3270 3269
f 3259 3261 3270
f 3259 3269 3258
f 3269 3008 3258
f 3258 3008 3006
f 3257 3258 3268
f 3258 3006 3268
f 3268 3006 3007
f 3256 3268 3267
f 3256 3257 3268
f 3253 3267 3265
f 3253 3256 3267
f 3265 3266 3255
f 3253 3265 3255
f 3262 3263 3264
f 3261 3260 3263
f 3262 3261 3263
f 3250 3261 3259
f 3250 3260 3261
f 3252 3260 3250
f 3248 3259 3258
f 3248 3250 3259
f 3246 3258 3257
f 3246 3248 3258
f 3243 3257 3256
f 3243 3246 3257
f 3253 3243 3256
f 3253 3245 3243
f 3254 3245 3253
f 3254 3253 3255
f 3250 3251 3252
f 3248 3249 3251
f 3250 3248 3251
f 3246 3247 3249
f 3248 3246 3249
f 3243 3244 3247
f 3246 3243 3247
f 3244 3243 3245
f 3236 3237 3242
f 3236 3242 3241
f 3235 3236 3241
f 3235 3241 3240
f 3233 3235 3240
f 3234 3233 3240
f 3224 3239 3004
f 2993 3224 3004
f 3238 3003 3239
f 3003 3004 3239
f 3003 3238 3002
f 3238 3237 3002
f 3002 3237 3236
f 3236 3235 3001
f 3236 3001 3002
f 3235 3233 3000
f 3235 3000 3001
f 2999 3000 3232
f 3000 3233 3232
f 3232 3233 3234
f 3231 2998 3232
f 2998 2999 3232
f 3230 2997 3231
f 2997 2998 3231
f 3229 2996 3230
f 2996 2997 3230
f 3228 2995 3229
f 2995 2996 3229
f 3227 2995 3228
f 3227 2992 2995
f 3223 2992 3227
f 3223 3227 3226
f 3221 3223 3226
f 3222 3221 3226
f 3212 3225 2994
f 2980 3212 2994
f 3224 2993 2994
f 3224 2994 3225
f 3223 2990 2992
f 3223 3221 2989
f 3223 2989 2990
f 2988 2989 3220
f 2989 3221 3220
f 3220 3221 3222
f 3219 2987 3220
f 2987 2988 3220
f 3218 2986 3219
f 2986 2987 3219
f 3217 2985 3218
f 2985 2986 3218
f 3216 2984 3217
f 2984 2985 3217
f 3215 2983 3216
f 2983 2984 3216
f 3214 2982 3215
f 2982 2983 3215
f 3213 2981 3214
f 2981 2982 3214
f 2978 2981 3213
f 3211 2978 3213
f 2980 3208 3212
f 2980 2976 3208
f 2978 3211 3210
f 2978 3210 2977
f 3209 2977 3210
f 3209 2975 2977
f 3206 2975 3209
f 3207 3206 3209
f 2976 3205 3208
f 2976 2973 3205
f 3206 2974 2975
f 2972 3207 3204
f 2972 3206 3207
f 2974 3206 2972
f 2973 3202 3205
f 2973 2969 3202
f 2972 3204 3203
f 2972 3203 2970
f 2967 2970 3203
f 3200 2967 3203
f 3201 3202 2969
f 2968 3201 2969
f 3201 2968 2965
f 3201 2965 3199
f 3200 3198 2967
f 3198 2963 2967
f 2965 3197 3199
f 2965 2962 3197
f 3198 3195 2963
f 3195 2960 2963
f 3196 3197 2962
f 2961 3196 2962
f 3196 2961 2959
f 3196 2959 3194
f 3195 3191 2960
f 3191 2956 2960
f 3193 3194 2959
f 2957 3193 2959
f 3193 2957 3192
f 2957 2954 3192
f 3192 2954 3188
f 3192 3188 3189
f 2955 3190 3186
f 2955 3186 2950
f 2955 2956 3191
f 3190 2955 3191
f 2954 2953 3188
f 3187 2953 2952
f 3187 3188 2953
f 3189 3188 3187
f 3187 2952 2948
f 3187 2948 3185
f 3178 2942 2951
f 2951 2940 3178
f 3167 2932 2949
f 3169 2950 3186
f 3169 2949 2950
f 3167 2949 3169
f 3184 3185 2948
f 2946 3184 2948
f 3184 2945 3183
f 3184 2946 2945
f 3183 2944 3182
f 3183 2945 2944
f 3182 2943 3181
f 3182 2944 2943
f 3181 2941 3180
f 3181 2943 2941
f 2941 3179 3180
f 2941 3178 3179
f 2942 3178 2941
f 3179 2939 3177
f 3179 2940 2939
f 3178 2940 3179
f 3177 2938 3176
f 3177 2939 2938
f 3176 2937 3175
f 3176 2938 2937
f 3175 2936 3174
f 3175 2937 2936
f 3174 2935 3173
f 3174 2936 2935
f 3173 2934 3172
f 3173 2935 2934
f 3172 2934 2930
f 3172 2930 3166
f 2933 3171 3163
f 2933 3163 2927
f 3171 2931 3170
f 3171 2933 2931
f 2931 3168 3170
f 2931 3167 3168
f 2932 3167 2931
f 3168 3167 3169
f 3165 3166 2930
f 2929 3165 2930
f 3165 2928 3164
f 3165 2929 2928
f 3164 2926 3162
f 3164 2928 2926
f 2926 2927 3163
f 3162 2926 3163
f 3155 3156 3161
f 3155 3161 3160
f 3154 3155 3160
f 3154 3160 3159
f 3152 3154 3159
f 3153 3152 3159
f 3149 3150 3158
f 3149 3158 3157
f 3148 3149 3157
f 3148 3155 3147
f 3148 3156 3155
f 3157 3156 3148
f 3146 3155 3154
f 3146 3147 3155
f 3145 3154 3152
f 3145 3146 3154
f 3152 3153 3144
f 3145 3152 3144
f 3139 3140 3151
f 3139 3149 3138
f 3139 3150 3149
f 3151 3150 3139
f 3137 3149 3148
f 3137 3138 3149
f 3136 3148 3147
f 3136 3137 3148
f 3135 3147 3146
f 3135 3136 3147
f 3134 3146 3145
f 3134 3135 3146
f 3145 3132 3134
f 3145 3143 3132
f 3144 3143 3145
f 3133 3132 3143
f 3129 3130 3142
f 3129 3142 3141
f 3128 3129 3141
f 3128 3139 3127
f 3128 3140 3139
f 3141 3140 3128
f 3126 3139 3138
f 3126 3127 3139
f 3125 3138 3137
f 3125 3126 3138
f 3124 3137 3136
f 3124 3125 3137
f 3123 3136 3135
f 3123 3124 3136
f 3122 3135 3134
f 3122 3123 3135
f 3120 3134 3132
f 3120 3122 3134
f 3132 3133 3121
f 3120 3132 3121
f 3118 3119 3131
f 3118 3129 3117
f 3118 3130 3129
f 3131 3130 3118
f 3116 3129 3128
f 3116 3117 3129
f 3115 3128 3127
f 3115 3116 3128
f 3114 3127 3126
f 3114 3115 3127
f 3113 3126 3125
f 3113 3114 3126
f 3112 3125 3124
f 3112 3113 3125
f 3111 3124 3123
f 3111 3112 3124
f 3110 3123 3122
f 3110 3111 3123
f 3108 3122 3120
f 3108 3110 3122
f 3120 3121 3109
f 3108 3120 3109
f 3119 3118 3106
f 3107 3119 3106
f 3105 3118 3117
f 3105 3106 3118
f 3104 3117 3116
f 3104 3105 3117
f 3103 3116 3115
f 3103 3104 3116
f 3102 3115 3114
f 3102 3103 3115
f 3101 3114 3113
f 3101 3102 3114
f 3113 3112 3101
f 3112 2925 3101
f 3101 2925 2923
f 3111 3100 3112
f 3100 2922 3112
f 3112 2922 2925
f 3099 3111 3110
f 3099 3100 3111
f 3097 3110 3108
f 3097 3099 3110
f 3108 3109 3098
f 3097 3108 3098
f 3107 3106 3094
f 3095 3107 3094
f 3093 3106 3105
f 3093 3094 3106
f 3092 3105 3104
f 3092 3093 3105
f 3091 3104 3103
f 3091 3092 3104
f 3090 3103 3102
f 3090 3091 3103
f 3102 3101 3090
f 3101 2924 3090
f 3090 2924 2919
f 2923 2924 3101
f 3100 3089 2916
f 3100 2916 2922
f 3088 3100 3099
f 3088 3089 3100
f 3086 3099 3097
f 3086 3088 3099
f 3097 3098 3087
f 3086 3097 3087
f 3084 3085 3096
f 3084 3094 3083
f 3084 3095 3094
f 3096 3095 3084
f 3082 3094 3093
f 3082 3083 3094
f 3081 3093 3092
f 3081 3082 3093
f 3080 3092 3091
f 3080 3081 3092
f 3091 3090 3080
f 3090 2920 3080
f 3080 2920 2914
f 2919 2920 3090
f 3089 2915 2916
f 3088 3079 3089
f 3079 2909 3089
f 3089 2909 2915
f 3077 3088 3086
f 3077 3079 3088
f 3086 3087 3078
f 3077 3086 3078
f 3085 3084 3075
f 3076 3085 3075
f 3074 3084 3083
f 3074 3075 3084
f 3073 3083 3082
f 3073 3074 3083
f 3072 3082 3081
f 3072 3073 3082
f 3071 3081 3080
f 3071 3072 3081
f 3071 3080 3070
f 3080 2914 3070
f 3070 2914 2912
f 2912 2907 3070
f 3079 3069 2904
f 3079 2904 2909
f 3067 3079 3077
f 3067 3069 3079
f 3077 3078 3068
f 3067 3077 3068
f 3076 3075 3065
f 3066 3076 3065
f 3063 3075 3074
f 3063 3065 3075
f 3062 3074 3073
f 3062 3063 3074
f 3061 3073 3072
f 3061 3062 3073
f 3060 3072 3071
f 3060 3061 3072
f 3059 3071 3070
f 3059 3060 3071
f 2907 2902 3059
f 2907 3059 3070
f 3069 3058 2899
f 3069 2899 2904
f 3056 3069 3067
f 3056 3058 3069
f 3067 3068 3057
f 3056 3067 3057
f 3065 3064 3066
f 3054 3065 3063
f 3054 3064 3065
f 3055 3064 3054
f 3052 3063 3062
f 3052 3054 3063
f 3051 3062 3061
f 3051 3052 3062
f 3050 3061 3060
f 3050 3051 3061
f 3049 3060 3059
f 3049 3050 3060
f 2902 2896 3049
f 2902 3049 3059
f 3048 2893 2898
f 3047 3048 3058
f 3048 2898 3058
f 3058 2898 2899
f 3044 3058 3056
f 3044 3047 3058
f 3056 3057 3046
f 3044 3056 3046
f 3054 3053 3055
f 3042 3054 3052
f 3042 3053 3054
f 3043 3053 3042
f 3041 3052 3051
f 3041 3042 3052
f 3040 3051 3050
f 3040 3041 3051
f 3039 3050 3049
f 3039 3040 3050
f 3039 3049 3038
f 3049 2896 3038
f 3038 2896 2895
f 3037 3038 2895
f 3037 2895 2892
f 3036 3037 3048
f 3037 2892 3048
f 3048 2892 2893
f 3034 3048 3047
f 3034 3036 3048
f 3044 3034 3047
f 3044 3035 3034
f 3045 3035 3044
f 3045 3044 3046
f 3043 3042 3032
f 3033 3043 3032
f 3030 3042 3041
f 3030 3032 3042
f 3029 3041 3040
f 3029 3030 3041
f 3028 3040 3039
f 3028 3029 3040
f 3027 3039 3038
f 3027 3028 3039
f 3026 3038 3037
f 3026 3027 3038
f 3025 3037 3036
f 3025 3026 3037
f 3022 3036 3034
f 3022 3025 3036
f 3034 3035 3024
f 3022 3034 3024
f 3032 3031 3033
f 3019 3032 3030
f 3019 3031 3032
f 3021 3031 3019
f 3017 3030 3029
f 3017 3019 3030
f 3016 3029 3028
f 3016 3017 3029
f 3014 3028 3027
f 3014 3016 3028
f 3012 3027 3026
f 3012 3014 3027
f 3009 3026 3025
f 3009 3012 3026
f 3022 3009 3025
f 3022 3011 3009
f 3023 3011 3022
f 3023 3022 3024
f 3019 3020 3021
f 3017 3018 3020
f 3019 3017 3020
f 3016 3015 3018
f 3017 3016 3018
f 3005 3016 3014
f 3005 3015 3016
f 3008 3015 3005
f 3012 3005 3014
f 3012 3007 3005
f 3013 3007 3012
f 3009 3010 3013
f 3012 3009 3013
f 3010 3009 3011
f 3005 3006 3008
f 3006 3005 3007
f 2993 3004 2890
f 2881 2993 2890
f 3003 2889 3004
f 2889 2890 3004
f 3002 2888 3003
f 2888 2889 3003
f 3001 2887 3002
f 2887 2888 3002
f 3000 2886 3001
f 2886 2887 3001
f 2999 2885 3000
f 2885 2886 3000
f 2998 2884 2999
f 2884 2885 2999
f 2997 2883 2998
f 2883 2884 2998
f 2996 2882 2997
f 2882 2883 2997
f 2995 2882 2996
f 2995 2875 2882
f 2991 2875 2995
f 2992 2991 2995
f 2979 2980 2994
f 2881 2861 2993
f 2861 2979 2993
f 2993 2979 2994
f 2991 2873 2875
f 2872 2873 2990
f 2873 2991 2990
f 2990 2991 2992
f 2989 2871 2990
f 2871 2872 2990
f 2988 2870 2989
f 2870 2871 2989
f 2987 2869 2988
f 2869 2870 2988
f 2986 2868 2987
f 2868 2869 2987
f 2985 2867 2986
f 2867 2868 2986
f 2984 2866 2985
f 2866 2867 2985
f 2983 2865 2984
f 2865 2866 2984
f 2982 2864 2983
f 2864 2865 2983
f 2981 2863 2982
f 2863 2864 2982
f 2860 2863 2981
f 2978 2860 2981
f 2980 2858 2976
f 2980 2862 2858
f 2979 2862 2980
f 2861 2862 2979
f 2860 2978 2977
f 2860 2977 2859
f 2857 2859 2977
f 2975 2857 2977
f 2858 2973 2976
f 2858 2856 2973
f 2857 2975 2855
f 2975 2974 2855
f 2855 2974 2971
f 2972 2971 2974
f 2856 2969 2973
f 2856 2853 2969
f 2971 2854 2855
f 2852 2854 2966
f 2966 2854 2970
f 2970 2854 2971
f 2970 2971 2972
f 2967 2966 2970
f 2850 2969 2853
f 2850 2968 2969
f 2964 2968 2850
f 2968 2964 2965
f 2966 2851 2852
f 2848 2967 2963
f 2848 2966 2967
f 2851 2966 2848
f 2850 2849 2964
f 2962 2965 2846
f 2965 2964 2846
f 2846 2964 2849
f 2963 2960 2848
f 2960 2844 2848
f 2843 2962 2846
f 2843 2961 2962
f 2958 2961 2843
f 2961 2958 2959
f 2960 2956 2844
f 2956 2840 2844
f 2843 2842 2958
f 2957 2842 2841
f 2957 2958 2842
f 2959 2958 2957
f 2957 2841 2837
f 2957 2837 2954
f 2839 2955 2950
f 2839 2950 2833
f 2839 2840 2956
f 2955 2839 2956
f 2953 2954 2837
f 2835 2953 2837
f 2953 2835 2952
f 2835 2831 2952
f 2952 2831 2947
f 2952 2947 2948
f 2834 2951 2942
f 2834 2942 2823
f 2951 2834 2822
f 2951 2822 2940
f 2832 2949 2932
f 2832 2932 2813
f 2832 2833 2950
f 2949 2832 2950
f 2831 2829 2947
f 2946 2829 2828
f 2946 2947 2829
f 2948 2947 2946
f 2946 2827 2945
f 2946 2828 2827
f 2945 2826 2944
f 2945 2827 2826
f 2944 2825 2943
f 2944 2826 2825
f 2943 2824 2941
f 2943 2825 2824
f 2824 2823 2942
f 2941 2824 2942
f 2939 2940 2822
f 2820 2939 2822
f 2939 2819 2938
f 2939 2820 2819
f 2938 2818 2937
f 2938 2819 2818
f 2937 2817 2936
f 2937 2818 2817
f 2936 2816 2935
f 2936 2817 2816
f 2935 2815 2934
f 2935 2816 2815
f 2934 2815 2810
f 2934 2810 2930
f 2814 2933 2927
f 2814 2927 2806
f 2933 2812 2931
f 2933 2814 2812
f 2812 2813 2932
f 2931 2812 2932
f 2929 2930 2810
f 2808 2929 2810
f 2929 2807 2928
f 2929 2808 2807
f 2928 2805 2926
f 2928 2807 2805
f 2805 2806 2927
f 2926 2805 2927
f 2921 2923 2925
f 2922 2921 2925
f 2918 2919 2924
f 2918 2921 2917
f 2918 2923 2921
f 2924 2923 2918
f 2921 2922 2916
f 2917 2921 2916
f 2913 2914 2920
f 2913 2918 2911
f 2913 2919 2918
f 2920 2919 2913
f 2910 2918 2917
f 2910 2911 2918
f 2917 2908 2910
f 2917 2915 2908
f 2916 2915 2917
f 2909 2908 2915
f 2913 2912 2914
f 2906 2913 2911
f 2906 2912 2913
f 2907 2912 2906
f 2905 2911 2910
f 2905 2906 2911
f 2903 2910 2908
f 2903 2905 2910
f 2908 2909 2904
f 2903 2908 2904
f 2907 2906 2901
f 2902 2907 2901
f 2900 2906 2905
f 2900 2901 2906
f 2897 2905 2903
f 2897 2900 2905
f 2903 2904 2899
f 2897 2903 2899
f 2902 2901 2894
f 2896 2902 2894
f 2891 2901 2900
f 2891 2894 2901
f 2897 2891 2900
f 2897 2893 2891
f 2898 2893 2897
f 2898 2897 2899
f 2894 2895 2896
f 2891 2892 2895
f 2894 2891 2895
f 2892 2891 2893
f 2880 2881 2890
f 2804 2890 2889
f 2804 2880 2890
f 2800 2880 2804
f 2888 2803 2889
f 2803 2804 2889
f 2887 2802 2888
f 2802 2803 2888
f 2886 2802 2887
f 2886 2799 2802
f 2879 2799 2886
f 2879 2886 2885
f 2878 2879 2885
f 2878 2885 2884
f 2877 2878 2884
f 2877 2884 2883
f 2876 2877 2883
f 2876 2883 2882
f 2874 2876 2882
f 2875 2874 2882
f 2881 2781 2861
f 2881 2801 2781
f 2880 2801 2881
f 2800 2801 2880
f 2879 2798 2799
f 2879 2878 2797
f 2879 2797 2798
f 2878 2877 2796
f 2878 2796 2797
f 2877 2876 2795
f 2877 2795 2796
f 2876 2874 2794
f 2876 2794 2795
f 2793 2794 2873
f 2794 2874 2873
f 2873 2874 2875
f 2872 2792 2873
f 2792 2793 2873
f 2871 2791 2872
f 2791 2792 2872
f 2870 2790 2871
f 2790 2791 2871
f 2869 2789 2870
f 2789 2790 2870
f 2868 2788 2869
f 2788 2789 2869
f 2867 2787 2868
f 2787 2788 2868
f 2866 2786 2867
f 2786 2787 2867
f 2865 2785 2866
f 2785 2786 2866
f 2864 2784 2865
f 2784 2785 2865
f 2863 2783 2864
f 2783 2784 2864
f 2780 2783 2863
f 2860 2780 2863
f 2858 2862 2782
f 2777 2858 2782
f 2861 2781 2782
f 2861 2782 2862
f 2780 2860 2859
f 2780 2859 2778
f 2775 2778 2859
f 2857 2775 2859
f 2777 2856 2858
f 2777 2773 2856
f 2857 2855 2775
f 2855 2772 2775
f 2773 2853 2856
f 2773 2770 2853
f 2772 2855 2854
f 2772 2854 2771
f 2769 2771 2854
f 2852 2769 2854
f 2770 2850 2853
f 2770 2767 2850
f 2769 2852 2766
f 2852 2851 2766
f 2766 2851 2847
f 2848 2847 2851
f 2764 2850 2767
f 2764 2849 2850
f 2845 2849 2764
f 2849 2845 2846
f 2847 2765 2766
f 2762 2848 2844
f 2762 2847 2848
f 2765 2847 2762
f 2764 2763 2845
f 2843 2846 2759
f 2846 2845 2759
f 2759 2845 2763
f 2838 2756 2761
f 2840 2762 2844
f 2840 2761 2762
f 2838 2761 2840
f 2842 2843 2759
f 2757 2842 2759
f 2842 2757 2841
f 2757 2755 2841
f 2841 2755 2836
f 2841 2836 2837
f 2752 2756 2833
f 2756 2838 2833
f 2833 2838 2839
f 2839 2838 2840
f 2755 2753 2836
f 2830 2753 2749
f 2835 2753 2830
f 2836 2753 2835
f 2837 2836 2835
f 2835 2830 2831
f 2834 2823 2821
f 2834 2821 2822
f 2751 2832 2813
f 2751 2813 2734
f 2751 2752 2833
f 2832 2751 2833
f 2749 2747 2830
f 2829 2747 2746
f 2829 2830 2747
f 2831 2830 2829
f 2829 2745 2828
f 2829 2746 2745
f 2828 2745 2827
f 2745 2730 2827
f 2827 2730 2811
f 2826 2827 2744
f 2827 2811 2744
f 2744 2811 2727
f 2826 2743 2825
f 2826 2744 2743
f 2825 2742 2824
f 2825 2743 2742
f 2741 2824 2742
f 2741 2823 2824
f 2821 2823 2741
f 2820 2741 2740
f 2820 2821 2741
f 2822 2821 2820
f 2820 2739 2819
f 2820 2740 2739
f 2819 2738 2818
f 2819 2739 2738
f 2818 2737 2817
f 2818 2738 2737
f 2817 2736 2816
f 2817 2737 2736
f 2816 2736 2815
f 2736 2725 2815
f 2815 2725 2809
f 2815 2809 2810
f 2735 2814 2806
f 2735 2806 2721
f 2814 2733 2812
f 2814 2735 2733
f 2733 2734 2813
f 2812 2733 2813
f 2730 2728 2811
f 2811 2728 2727
f 2725 2724 2809
f 2808 2724 2723
f 2808 2809 2724
f 2810 2809 2808
f 2808 2722 2807
f 2808 2723 2722
f 2807 2720 2805
f 2807 2722 2720
f 2720 2721 2806
f 2805 2720 2806
f 2800 2804 2718
f 2714 2800 2718
f 2803 2717 2804
f 2717 2718 2804
f 2802 2716 2803
f 2716 2717 2803
f 2711 2716 2802
f 2799 2711 2802
f 2781 2801 2715
f 2694 2781 2715
f 2800 2714 2715
f 2800 2715 2801
f 2711 2799 2798
f 2711 2798 2709
f 2797 2708 2798
f 2708 2709 2798
f 2796 2707 2797
f 2707 2708 2797
f 2795 2706 2796
f 2706 2707 2796
f 2794 2705 2795
f 2705 2706 2795
f 2793 2704 2794
f 2704 2705 2794
f 2792 2703 2793
f 2703 2704 2793
f 2791 2702 2792
f 2702 2703 2792
f 2790 2701 2791
f 2701 2702 2791
f 2789 2700 2790
f 2700 2701 2790
f 2788 2699 2789
f 2699 2700 2789
f 2787 2698 2788
f 2698 2699 2788
f 2786 2697 2787
f 2697 2698 2787
f 2785 2696 2786
f 2696 2697 2786
f 2784 2695 2785
f 2695 2696 2785
f 2783 2695 2784
f 2783 2691 2695
f 2779 2691 2783
f 2780 2779 2783
f 2776 2777 2782
f 2694 2687 2781
f 2687 2776 2781
f 2781 2776 2782
f 2779 2689 2691
f 2686 2689 2774
f 2774 2689 2778
f 2778 2689 2779
f 2778 2779 2780
f 2775 2774 2778
f 2777 2684 2773
f 2777 2688 2684
f 2776 2688 2777
f 2687 2688 2776
f 2774 2685 2686
f 2682 2775 2772
f 2682 2774 2775
f 2685 2774 2682
f 2684 2770 2773
f 2684 2680 2770
f 2682 2772 2679
f 2772 2771 2679
f 2679 2771 2768
f 2769 2768 2771
f 2680 2767 2770
f 2680 2677 2767
f 2768 2678 2679
f 2676 2769 2766
f 2676 2768 2769
f 2678 2768 2676
f 2677 2764 2767
f 2677 2674 2764
f 2676 2766 2673
f 2766 2765 2673
f 2673 2765 2760
f 2762 2760 2765
f 2672 2764 2674
f 2672 2763 2764
f 2758 2763 2672
f 2763 2758 2759
f 2670 2673 2756
f 2673 2760 2756
f 2756 2760 2761
f 2761 2760 2762
f 2672 2671 2758
f 2754 2671 2669
f 2757 2671 2754
f 2758 2671 2757
f 2759 2758 2757
f 2757 2754 2755
f 2756 2752 2670
f 2752 2666 2670
f 2663 2750 2754
f 2669 2663 2754
f 2750 2748 2754
f 2748 2753 2754
f 2754 2753 2755
f 2753 2748 2749
f 2732 2650 2667
f 2665 2751 2667
f 2751 2734 2667
f 2667 2734 2732
f 2665 2666 2752
f 2751 2665 2752
f 2663 2662 2750
f 2661 2748 2750
f 2662 2661 2750
f 2747 2661 2660
f 2747 2748 2661
f 2749 2748 2747
f 2747 2660 2746
f 2660 2646 2746
f 2746 2646 2731
f 2745 2746 2731
f 2745 2731 2729
f 2745 2729 2730
f 2744 2727 2726
f 2743 2744 2659
f 2744 2726 2659
f 2659 2726 2640
f 2743 2658 2742
f 2743 2659 2658
f 2742 2657 2741
f 2742 2658 2657
f 2741 2656 2740
f 2741 2657 2656
f 2740 2655 2739
f 2740 2656 2655
f 2739 2654 2738
f 2739 2655 2654
f 2738 2653 2737
f 2738 2654 2653
f 2737 2652 2736
f 2737 2653 2652
f 2736 2652 2637
f 2736 2637 2725
f 2719 2633 2651
f 2649 2735 2651
f 2735 2721 2651
f 2651 2721 2719
f 2649 2733 2735
f 2649 2732 2733
f 2650 2732 2649
f 2733 2732 2734
f 2646 2644 2731
f 2643 2729 2731
f 2644 2643 2731
f 2728 2643 2642
f 2728 2729 2643
f 2730 2729 2728
f 2641 2728 2642
f 2641 2727 2728
f 2726 2727 2641
f 2726 2641 2640
f 2724 2725 2637
f 2636 2724 2637
f 2724 2634 2723
f 2724 2636 2634
f 2723 2632 2722
f 2723 2634 2632
f 2632 2720 2722
f 2632 2719 2720
f 2633 2719 2632
f 2720 2719 2721
f 2713 2714 2718
f 2713 2718 2717
f 2712 2713 2717
f 2712 2717 2716
f 2710 2712 2716
f 2711 2710 2716
f 2693 2694 2715
f 2715 2611 2693
f 2714 2611 2715
f 2628 2611 2714
f 2713 2628 2714
f 2713 2712 2627
f 2713 2627 2628
f 2712 2710 2626
f 2712 2626 2627
f 2625 2626 2709
f 2626 2710 2709
f 2709 2710 2711
f 2708 2624 2709
f 2624 2625 2709
f 2707 2623 2708
f 2623 2624 2708
f 2706 2623 2707
f 2706 2605 2623
f 2692 2605 2706
f 2622 2706 2705
f 2622 2692 2706
f 2602 2692 2622
f 2704 2621 2705
f 2621 2622 2705
f 2703 2620 2704
f 2620 2621 2704
f 2702 2619 2703
f 2619 2620 2703
f 2701 2618 2702
f 2618 2619 2702
f 2700 2617 2701
f 2617 2618 2701
f 2699 2616 2700
f 2616 2617 2700
f 2698 2615 2699
f 2615 2616 2699
f 2697 2614 2698
f 2614 2615 2698
f 2696 2613 2697
f 2613 2614 2697
f 2695 2613 2696
f 2695 2592 2613
f 2690 2592 2695
f 2691 2690 2695
f 2694 2588 2687
f 2694 2612 2588
f 2693 2612 2694
f 2611 2612 2693
f 2692 2603 2605
f 2602 2603 2692
f 2690 2590 2592
f 2589 2590 2689
f 2590 2690 2689
f 2689 2690 2691
f 2586 2589 2689
f 2686 2586 2689
f 2683 2684 2688
f 2588 2583 2687
f 2583 2683 2687
f 2687 2683 2688
f 2586 2686 2582
f 2686 2685 2582
f 2582 2685 2681
f 2682 2681 2685
f 2684 2580 2680
f 2684 2584 2580
f 2683 2584 2684
f 2583 2584 2683
f 2681 2581 2582
f 2578 2682 2679
f 2578 2681 2682
f 2581 2681 2578
f 2580 2677 2680
f 2580 2577 2677
f 2578 2679 2576
f 2679 2678 2576
f 2576 2678 2675
f 2676 2675 2678
f 2577 2674 2677
f 2577 2574 2674
f 2675 2575 2576
f 2573 2676 2673
f 2573 2675 2676
f 2575 2675 2573
f 2574 2672 2674
f 2574 2571 2672
f 2673 2670 2573
f 2670 2570 2573
f 2568 2672 2571
f 2568 2671 2672
f 2668 2671 2568
f 2671 2668 2669
f 2664 2566 2569
f 2666 2570 2670
f 2666 2569 2570
f 2664 2569 2666
f 2568 2567 2668
f 2663 2669 2564
f 2669 2668 2564
f 2564 2668 2567
f 2565 2667 2650
f 2565 2650 2554
f 2565 2665 2667
f 2565 2664 2665
f 2566 2664 2565
f 2665 2664 2666
f 2552 2663 2564
f 2552 2662 2663
f 2648 2662 2552
f 2661 2662 2648
f 2661 2648 2647
f 2660 2661 2647
f 2660 2647 2645
f 2660 2645 2646
f 2659 2640 2639
f 2658 2659 2639
f 2658 2639 2638
f 2657 2658 2562
f 2658 2638 2562
f 2562 2638 2544
f 2657 2561 2656
f 2657 2562 2561
f 2656 2560 2655
f 2656 2561 2560
f 2655 2559 2654
f 2655 2560 2559
f 2654 2558 2653
f 2654 2559 2558
f 2653 2557 2652
f 2653 2558 2557
f 2557 2556 2652
f 2556 2635 2652
f 2652 2635 2637
f 2556 2537 2635
f 2555 2651 2633
f 2555 2633 2534
f 2651 2553 2649
f 2651 2555 2553
f 2553 2554 2650
f 2649 2553 2650
f 2552 2550 2648
f 2549 2647 2648
f 2550 2549 2648
f 2548 2645 2647
f 2549 2548 2647
f 2644 2548 2547
f 2644 2645 2548
f 2646 2645 2644
f 2644 2547 2643
f 2547 2529 2643
f 2643 2529 2631
f 2642 2643 2631
f 2642 2631 2630
f 2641 2642 2630
f 2641 2630 2629
f 2629 2524 2641
f 2641 2524 2640
f 2640 2524 2546
f 2640 2546 2639
f 2545 2638 2639
f 2546 2545 2639
f 2638 2545 2544
f 2635 2636 2637
f 2636 2535 2634
f 2636 2537 2535
f 2635 2537 2636
f 2634 2533 2632
f 2634 2535 2533
f 2533 2534 2633
f 2632 2533 2633
f 2529 2527 2631
f 2526 2630 2631
f 2527 2526 2631
f 2525 2629 2630
f 2526 2525 2630
f 2629 2525 2524
f 2610 2611 2628
f 2610 2628 2627
f 2609 2610 2627
f 2609 2627 2626
f 2608 2609 2626
f 2608 2626 2625
f 2607 2608 2625
f 2607 2625 2624
f 2606 2607 2624
f 2606 2624 2623
f 2604 2606 2623
f 2605 2604 2623
f 2601 2602 2622
f 2601 2622 2621
f 2600 2601 2621
f 2600 2621 2620
f 2599 2600 2620
f 2599 2620 2619
f 2598 2599 2619
f 2598 2619 2618
f 2597 2598 2618
f 2597 2618 2617
f 2596 2597 2617
f 2596 2617 2616
f 2595 2596 2616
f 2595 2616 2615
f 2594 2595 2615
f 2594 2615 2614
f 2593 2594 2614
f 2593 2614 2613
f 2591 2593 2613
f 2592 2591 2613
f 2587 2588 2612
f 2612 2499 2587
f 2611 2499 2612
f 2518 2499 2611
f 2610 2518 2611
f 2610 2609 2517
f 2610 2517 2518
f 2609 2608 2516
f 2609 2516 2517
f 2608 2607 2515
f 2608 2515 2516
f 2607 2606 2514
f 2607 2514 2515
f 2606 2604 2513
f 2606 2513 2514
f 2512 2513 2603
f 2513 2604 2603
f 2603 2604 2605
f 2512 2603 2511
f 2603 2602 2511
f 2511 2602 2601
f 2601 2600 2510
f 2601 2510 2511
f 2600 2599 2509
f 2600 2509 2510
f 2599 2598 2508
f 2599 2508 2509
f 2598 2597 2507
f 2598 2507 2508
f 2597 2596 2506
f 2597 2506 2507
f 2596 2595 2505
f 2596 2505 2506
f 2595 2594 2504
f 2595 2504 2505
f 2594 2593 2503
f 2594 2503 2504
f 2593 2591 2502
f 2593 2502 2503
f 2501 2502 2590
f 2502 2591 2590
f 2590 2591 2592
f 2589 2501 2590
f 2589 2496 2501
f 2585 2496 2589
f 2586 2585 2589
f 2588 2493 2583
f 2588 2500 2493
f 2587 2500 2588
f 2499 2500 2587
f 2585 2494 2496
f 2491 2586 2582
f 2491 2585 2586
f 2494 2585 2491
f 2579 2580 2584
f 2493 2487 2583
f 2487 2579 2583
f 2583 2579 2584
f 2491 2582 2581
f 2491 2581 2489
f 2486 2489 2581
f 2578 2486 2581
f 2580 2484 2577
f 2580 2488 2484
f 2579 2488 2580
f 2487 2488 2579
f 2578 2576 2486
f 2576 2483 2486
f 2484 2574 2577
f 2484 2482 2574
f 2483 2576 2481
f 2576 2575 2481
f 2481 2575 2572
f 2573 2572 2575
f 2482 2571 2574
f 2482 2479 2571
f 2572 2480 2481
f 2478 2573 2570
f 2478 2572 2573
f 2480 2572 2478
f 2479 2568 2571
f 2479 2475 2568
f 2477 2569 2566
f 2477 2566 2474
f 2477 2478 2570
f 2569 2477 2570
f 2472 2568 2475
f 2472 2567 2568
f 2563 2567 2472
f 2567 2563 2564
f 2473 2565 2554
f 2473 2554 2470
f 2473 2474 2566
f 2565 2473 2566
f 2468 2551 2563
f 2472 2468 2563
f 2552 2564 2563
f 2552 2563 2551
f 2562 2544 2543
f 2561 2562 2543
f 2561 2543 2542
f 2560 2561 2542
f 2560 2542 2541
f 2559 2560 2541
f 2559 2541 2540
f 2558 2559 2540
f 2558 2540 2539
f 2557 2558 2539
f 2557 2539 2538
f 2556 2557 2538
f 2556 2538 2536
f 2556 2536 2537
f 2471 2555 2534
f 2471 2534 2456
f 2555 2469 2553
f 2555 2471 2469
f 2469 2470 2554
f 2553 2469 2554
f 2468 2467 2551
f 2532 2467 2454
f 2550 2467 2532
f 2551 2467 2550
f 2552 2551 2550
f 2549 2550 2532
f 2549 2532 2531
f 2548 2549 2531
f 2548 2531 2530
f 2547 2548 2530
f 2547 2530 2528
f 2547 2528 2529
f 2546 2524 2523
f 2545 2546 2523
f 2545 2523 2522
f 2522 2446 2545
f 2545 2446 2544
f 2544 2446 2466
f 2544 2466 2543
f 2465 2542 2543
f 2466 2465 2543
f 2464 2541 2542
f 2465 2464 2542
f 2463 2540 2541
f 2464 2463 2541
f 2462 2539 2540
f 2463 2462 2540
f 2461 2538 2539
f 2462 2461 2539
f 2459 2536 2538
f 2461 2459 2538
f 2535 2459 2458
f 2535 2536 2459
f 2537 2536 2535
f 2535 2457 2533
f 2535 2458 2457
f 2457 2456 2534
f 2533 2457 2534
f 2454 2452 2532
f 2451 2531 2532
f 2452 2451 2532
f 2450 2530 2531
f 2451 2450 2531
f 2449 2528 2530
f 2450 2449 2530
f 2521 2449 2435
f 2527 2449 2521
f 2528 2449 2527
f 2529 2528 2527
f 2526 2527 2521
f 2526 2521 2520
f 2525 2526 2520
f 2525 2520 2519
f 2519 2430 2525
f 2525 2430 2524
f 2524 2430 2448
f 2524 2448 2523
f 2447 2522 2523
f 2448 2447 2523
f 2522 2447 2446
f 2435 2433 2521
f 2432 2520 2521
f 2433 2432 2521
f 2431 2519 2520
f 2432 2431 2520
f 2519 2431 2430
f 2498 2499 2518
f 2498 2518 2517
f 2497 2498 2517
f 2422 2517 2516
f 2422 2497 2517
f 2405 2497 2422
f 2515 2421 2516
f 2421 2422 2516
f 2514 2420 2515
f 2420 2421 2515
f 2513 2419 2514
f 2419 2420 2514
f 2512 2418 2513
f 2418 2419 2513
f 2511 2417 2512
f 2417 2418 2512
f 2510 2416 2511
f 2416 2417 2511
f 2509 2415 2510
f 2415 2416 2510
f 2508 2414 2509
f 2414 2415 2509
f 2507 2413 2508
f 2413 2414 2508
f 2506 2412 2507
f 2412 2413 2507
f 2505 2411 2506
f 2411 2412 2506
f 2504 2410 2505
f 2410 2411 2505
f 2503 2409 2504
f 2409 2410 2504
f 2502 2408 2503
f 2408 2409 2503
f 2501 2408 2502
f 2501 2393 2408
f 2495 2393 2501
f 2496 2495 2501
f 2492 2493 2500
f 2500 2389 2492
f 2499 2389 2500
f 2407 2389 2499
f 2498 2407 2499
f 2498 2497 2406
f 2498 2406 2407
f 2405 2406 2497
f 2495 2391 2393
f 2386 2391 2490
f 2490 2391 2494
f 2494 2391 2495
f 2494 2495 2496
f 2491 2490 2494
f 2493 2383 2487
f 2493 2390 2383
f 2492 2390 2493
f 2389 2390 2492
f 2490 2385 2386
f 2381 2385 2485
f 2485 2385 2489
f 2489 2385 2490
f 2489 2490 2491
f 2486 2485 2489
f 2484 2488 2384
f 2379 2484 2384
f 2487 2383 2384
f 2487 2384 2488
f 2485 2380 2381
f 2377 2486 2483
f 2377 2485 2486
f 2380 2485 2377
f 2379 2482 2484
f 2379 2375 2482
f 2483 2481 2377
f 2481 2374 2377
f 2375 2479 2482
f 2375 2373 2479
f 2374 2481 2372
f 2481 2480 2372
f 2372 2480 2476
f 2478 2476 2480
f 2373 2475 2479
f 2373 2371 2475
f 2369 2372 2474
f 2372 2476 2474
f 2474 2476 2477
f 2477 2476 2478
f 2371 2472 2475
f 2371 2366 2472
f 2368 2473 2470
f 2368 2470 2363
f 2368 2369 2474
f 2473 2368 2474
f 2366 2468 2472
f 2366 2361 2468
f 2460 2359 2364
f 2364 2356 2460
f 2471 2456 2455
f 2469 2471 2362
f 2471 2455 2362
f 2362 2455 2353
f 2362 2363 2470
f 2469 2362 2470
f 2351 2468 2361
f 2351 2467 2468
f 2453 2467 2351
f 2467 2453 2454
f 2466 2446 2445
f 2465 2466 2445
f 2465 2445 2444
f 2464 2465 2444
f 2464 2444 2443
f 2463 2464 2443
f 2463 2443 2442
f 2462 2463 2442
f 2462 2442 2441
f 2358 2441 2440
f 2441 2358 2359
f 2359 2462 2441
f 2462 2359 2460
f 2460 2461 2462
f 2461 2355 2459
f 2355 2461 2460
f 2460 2356 2355
f 2343 2358 2440
f 2459 2355 2458
f 2355 2342 2458
f 2458 2342 2439
f 2457 2458 2354
f 2458 2439 2354
f 2354 2439 2339
f 2352 2457 2354
f 2352 2456 2457
f 2455 2456 2352
f 2455 2352 2353
f 2351 2350 2453
f 2438 2350 2337
f 2452 2350 2438
f 2453 2350 2452
f 2454 2453 2452
f 2451 2452 2438
f 2451 2438 2437
f 2450 2451 2437
f 2450 2437 2436
f 2449 2450 2436
f 2449 2436 2434
f 2449 2434 2435
f 2448 2430 2429
f 2447 2448 2429
f 2447 2429 2428
f 2428 2330 2447
f 2447 2330 2446
f 2446 2330 2349
f 2446 2349 2445
f 2348 2444 2445
f 2349 2348 2445
f 2347 2443 2444
f 2348 2347 2444
f 2346 2442 2443
f 2347 2346 2443
f 2345 2441 2442
f 2346 2345 2442
f 2344 2440 2441
f 2345 2344 2441
f 2440 2344 2343
f 2342 2340 2439
f 2439 2340 2339
f 2337 2335 2438
f 2334 2437 2438
f 2335 2334 2438
f 2333 2436 2437
f 2334 2333 2437
f 2332 2434 2436
f 2333 2332 2436
f 2427 2332 2319
f 2433 2332 2427
f 2434 2332 2433
f 2435 2434 2433
f 2432 2433 2427
f 2432 2427 2426
f 2431 2432 2426
f 2431 2426 2425
f 2424 2429 2425
f 2429 2430 2425
f 2425 2430 2431
f 2424 2428 2429
f 2424 2331 2428
f 2315 2331 2424
f 2428 2331 2330
f 2319 2317 2427
f 2316 2426 2427
f 2317 2316 2427
f 2426 2423 2425
f 2426 2312 2423
f 2316 2312 2426
f 2423 2424 2425
f 2423 2314 2424
f 2309 2314 2423
f 2424 2314 2315
f 2312 2310 2423
f 2423 2310 2309
f 2404 2405 2422
f 2404 2422 2421
f 2403 2404 2421
f 2403 2421 2420
f 2402 2403 2420
f 2402 2420 2419
f 2401 2402 2419
f 2401 2419 2418
f 2400 2401 2418
f 2400 2418 2417
f 2399 2400 2417
f 2399 2417 2416
f 2398 2399 2416
f 2398 2416 2415
f 2397 2398 2415
f 2397 2415 2414
f 2396 2397 2414
f 2396 2414 2413
f 2395 2396 2413
f 2395 2413 2412
f 2394 2395 2412
f 2307 2412 2411
f 2307 2394 2412
f 2293 2394 2307
f 2410 2306 2411
f 2306 2307 2411
f 2409 2305 2410
f 2305 2306 2410
f 2408 2305 2409
f 2408 2290 2305
f 2392 2290 2408
f 2393 2392 2408
f 2388 2389 2407
f 2388 2407 2406
f 2387 2388 2406
f 2406 2284 2387
f 2405 2284 2406
f 2304 2284 2405
f 2404 2304 2405
f 2404 2403 2303
f 2404 2303 2304
f 2403 2402 2302
f 2403 2302 2303
f 2402 2401 2301
f 2402 2301 2302
f 2401 2400 2300
f 2401 2300 2301
f 2400 2399 2299
f 2400 2299 2300
f 2399 2398 2298
f 2399 2298 2299
f 2398 2397 2297
f 2398 2297 2298
f 2397 2396 2296
f 2397 2296 2297
f 2396 2395 2295
f 2396 2295 2296
f 2395 2394 2294
f 2395 2294 2295
f 2293 2294 2394
f 2392 2288 2290
f 2287 2288 2391
f 2288 2392 2391
f 2391 2392 2393
f 2282 2287 2391
f 2386 2282 2391
f 2382 2383 2390
f 2390 2278 2382
f 2389 2278 2390
f 2286 2278 2389
f 2388 2286 2389
f 2388 2387 2285
f 2388 2285 2286
f 2284 2285 2387
f 2282 2386 2385
f 2282 2385 2280
f 2276 2280 2385
f 2381 2276 2385
f 2378 2379 2384
f 2384 2273 2378
f 2383 2273 2384
f 2279 2273 2383
f 2382 2279 2383
f 2278 2279 2382
f 2276 2381 2272
f 2381 2380 2272
f 2272 2380 2376
f 2377 2376 2380
f 2379 2270 2375
f 2379 2274 2270
f 2378 2274 2379
f 2273 2274 2378
f 2376 2271 2272
f 2269 2377 2374
f 2269 2376 2377
f 2271 2376 2269
f 2270 2373 2375
f 2270 2266 2373
f 2374 2372 2269
f 2372 2264 2269
f 2267 2261 2370
f 2373 2266 2371
f 2266 2267 2371
f 2371 2267 2370
f 2367 2260 2263
f 2369 2264 2372
f 2369 2263 2264
f 2367 2263 2369
f 2259 2365 2370
f 2261 2259 2370
f 2366 2371 2370
f 2366 2370 2365
f 2258 2260 2363
f 2260 2367 2363
f 2363 2367 2368
f 2368 2367 2369
f 2255 2360 2365
f 2259 2255 2365
f 2361 2366 2365
f 2361 2365 2360
f 2364 2359 2357
f 2364 2357 2356
f 2257 2362 2353
f 2257 2353 2253
f 2257 2258 2363
f 2362 2257 2363
f 2255 2254 2360
f 2351 2361 2251
f 2361 2360 2251
f 2251 2360 2254
f 2359 2358 2357
f 2341 2357 2358
f 2343 2341 2358
f 2357 2341 2356
f 2356 2341 2355
f 2355 2341 2342
f 2354 2339 2338
f 2352 2354 2252
f 2354 2338 2252
f 2252 2338 2247
f 2252 2253 2353
f 2352 2252 2353
f 2245 2351 2251
f 2245 2350 2351
f 2336 2350 2245
f 2350 2336 2337
f 2349 2330 2329
f 2348 2349 2329
f 2348 2329 2328
f 2347 2348 2328
f 2347 2328 2327
f 2346 2347 2327
f 2346 2327 2326
f 2345 2346 2326
f 2345 2326 2325
f 2344 2345 2325
f 2344 2325 2324
f 2323 2341 2324
f 2341 2343 2324
f 2324 2343 2344
f 2340 2342 2341
f 2323 2234 2341
f 2341 2234 2340
f 2340 2234 2249
f 2248 2340 2249
f 2248 2339 2340
f 2338 2339 2248
f 2338 2248 2247
f 2245 2243 2336
f 2322 2243 2232
f 2335 2243 2322
f 2336 2243 2335
f 2337 2336 2335
f 2334 2335 2322
f 2334 2322 2321
f 2333 2334 2321
f 2333 2321 2320
f 2332 2333 2320
f 2332 2320 2318
f 2332 2318 2319
f 2242 2331 2315
f 2242 2315 2226
f 2241 2331 2242
f 2241 2330 2331
f 2329 2330 2241
f 2240 2328 2329
f 2241 2240 2329
f 2239 2327 2328
f 2240 2239 2328
f 2238 2326 2327
f 2239 2238 2327
f 2237 2325 2326
f 2238 2237 2326
f 2236 2324 2325
f 2237 2236 2325
f 2235 2323 2324
f 2236 2235 2324
f 2323 2235 2234
f 2232 2230 2322
f 2229 2321 2322
f 2230 2229 2322
f 2228 2320 2321
f 2229 2228 2321
f 2227 2318 2320
f 2228 2227 2320
f 2313 2227 2219
f 2317 2227 2313
f 2318 2227 2317
f 2319 2318 2317
f 2316 2317 2313
f 2316 2313 2311
f 2316 2311 2312
f 2314 2309 2308
f 2315 2214 2226
f 2315 2308 2214
f 2314 2308 2315
f 2219 2217 2313
f 2216 2311 2313
f 2217 2216 2313
f 2310 2216 2215
f 2310 2311 2216
f 2312 2311 2310
f 2213 2310 2215
f 2213 2309 2310
f 2308 2309 2213
f 2308 2213 2214
f 2292 2293 2307
f 2292 2307 2306
f 2291 2292 2306
f 2291 2306 2305
f 2289 2291 2305
f 2290 2289 2305
f 2283 2284 2304
f 2209 2304 2303
f 2209 2283 2304
f 2193 2283 2209
f 2302 2208 2303
f 2208 2209 2303
f 2301 2207 2302
f 2207 2208 2302
f 2300 2206 2301
f 2206 2207 2301
f 2299 2205 2300
f 2205 2206 2300
f 2298 2204 2299
f 2204 2205 2299
f 2297 2203 2298
f 2203 2204 2298
f 2296 2202 2297
f 2202 2203 2297
f 2295 2201 2296
f 2201 2202 2296
f 2294 2200 2295
f 2200 2201 2295
f 2200 2294 2199
f 2294 2293 2199
f 2199 2293 2292
f 2292 2291 2198
f 2292 2198 2199
f 2291 2289 2197
f 2291 2197 2198
f 2196 2197 2288
f 2197 2289 2288
f 2288 2289 2290
f 2287 2196 2288
f 2287 2183 2196
f 2281 2183 2287
f 2282 2281 2287
f 2277 2278 2286
f 2195 2286 2285
f 2195 2277 2286
f 2178 2277 2195
f 2195 2285 2194
f 2285 2284 2194
f 2194 2284 2283
f 2193 2194 2283
f 2281 2181 2183
f 2176 2181 2275
f 2275 2181 2280
f 2280 2181 2281
f 2280 2281 2282
f 2276 2275 2280
f 2273 2279 2180
f 2173 2273 2180
f 2180 2279 2179
f 2279 2278 2179
f 2179 2278 2277
f 2178 2179 2277
f 2275 2175 2176
f 2171 2276 2272
f 2171 2275 2276
f 2175 2275 2171
f 2270 2274 2174
f 2169 2270 2174
f 2273 2173 2174
f 2273 2174 2274
f 2171 2272 2168
f 2272 2271 2168
f 2168 2271 2268
f 2269 2268 2271
f 2170 2167 2265
f 2270 2169 2266
f 2169 2170 2266
f 2266 2170 2265
f 2268 2262 2165
f 2268 2165 2168
f 2268 2269 2264
f 2262 2268 2264
f 2261 2167 2164
f 2261 2265 2167
f 2267 2265 2261
f 2266 2265 2267
f 2163 2165 2260
f 2165 2262 2260
f 2260 2262 2263
f 2263 2262 2264
f 2164 2259 2261
f 2164 2161 2259
f 2256 2160 2162
f 2258 2163 2260
f 2258 2162 2163
f 2256 2162 2258
f 2161 2255 2259
f 2161 2159 2255
f 2157 2160 2253
f 2160 2256 2253
f 2253 2256 2257
f 2257 2256 2258
f 2156 2255 2159
f 2156 2254 2255
f 2250 2254 2156
f 2254 2250 2251
f 2252 2247 2246
f 2253 2154 2157
f 2253 2246 2154
f 2252 2246 2253
f 2152 2244 2250
f 2156 2152 2250
f 2245 2251 2250
f 2245 2250 2244
f 2249 2234 2233
f 2248 2249 2155
f 2249 2233 2155
f 2155 2233 2144
f 2153 2248 2155
f 2153 2247 2248
f 2246 2247 2153
f 2246 2153 2154
f 2152 2151 2244
f 2231 2151 2142
f 2243 2151 2231
f 2244 2151 2243
f 2245 2244 2243
f 2243 2231 2232
f 2242 2226 2225
f 2241 2242 2150
f 2242 2225 2150
f 2150 2225 2138
f 2241 2149 2240
f 2241 2150 2149
f 2240 2148 2239
f 2240 2149 2148
f 2239 2147 2238
f 2239 2148 2147
f 2238 2147 2237
f 2147 2134 2237
f 2237 2134 2224
f 2236 2237 2224
f 2236 2224 2223
f 2235 2236 2146
f 2236 2223 2146
f 2146 2223 2130
f 2145 2235 2146
f 2145 2234 2235
f 2233 2234 2145
f 2233 2145 2144
f 2142 2140 2231
f 2222 2140 2126
f 2230 2140 2222
f 2231 2140 2230
f 2232 2231 2230
f 2229 2230 2222
f 2229 2222 2221
f 2228 2229 2221
f 2228 2221 2220
f 2227 2228 2220
f 2227 2220 2218
f 2227 2218 2219
f 2214 2119 2226
f 2119 2139 2226
f 2226 2139 2225
f 2225 2139 2138
f 2134 2132 2224
f 2131 2223 2224
f 2132 2131 2224
f 2223 2131 2130
f 2126 2124 2222
f 2123 2221 2222
f 2124 2123 2222
f 2122 2220 2221
f 2123 2122 2221
f 2121 2218 2220
f 2122 2121 2220
f 2212 2121 2115
f 2217 2121 2212
f 2218 2121 2217
f 2219 2218 2217
f 2216 2217 2212
f 2216 2212 2211
f 2215 2216 2211
f 2215 2211 2210
f 2213 2215 2120
f 2215 2210 2120
f 2120 2210 2110
f 2120 2119 2214
f 2213 2120 2214
f 2115 2113 2212
f 2112 2211 2212
f 2113 2112 2212
f 2111 2210 2211
f 2112 2111 2211
f 2210 2111 2110
f 2192 2193 2209
f 2192 2209 2208
f 2191 2192 2208
f 2191 2208 2207
f 2190 2191 2207
f 2190 2207 2206
f 2189 2190 2206
f 2189 2206 2205
f 2188 2189 2205
f 2188 2205 2204
f 2187 2188 2204
f 2187 2204 2203
f 2186 2187 2203
f 2186 2203 2202
f 2185 2186 2202
f 2185 2202 2201
f 2184 2185 2201
f 2106 2201 2200
f 2106 2184 2201
f 2092 2184 2106
f 2199 2105 2200
f 2105 2106 2200
f 2198 2104 2199
f 2104 2105 2199
f 2197 2103 2198
f 2103 2104 2198
f 2196 2103 2197
f 2196 2089 2103
f 2182 2089 2196
f 2183 2182 2196
f 2177 2178 2195
f 2102 2195 2194
f 2102 2177 2195
f 2083 2177 2102
f 2102 2194 2101
f 2194 2193 2101
f 2101 2193 2192
f 2192 2191 2100
f 2192 2100 2101
f 2191 2190 2099
f 2191 2099 2100
f 2190 2189 2098
f 2190 2098 2099
f 2189 2188 2097
f 2189 2097 2098
f 2188 2187 2096
f 2188 2096 2097
f 2187 2186 2095
f 2187 2095 2096
f 2186 2185 2094
f 2186 2094 2095
f 2185 2184 2093
f 2185 2093 2094
f 2092 2093 2184
f 2182 2087 2089
f 2086 2087 2181
f 2087 2182 2181
f 2181 2182 2183
f 2076 2086 2181
f 2176 2076 2181
f 2172 2173 2180
f 2085 2180 2179
f 2085 2172 2180
f 2071 2172 2085
f 2085 2179 2084
f 2179 2178 2084
f 2084 2178 2177
f 2083 2084 2177
f 2076 2176 2175
f 2076 2175 2074
f 2069 2074 2175
f 2171 2069 2175
f 2169 2174 2073
f 2067 2169 2073
f 2073 2174 2072
f 2174 2173 2072
f 2072 2173 2172
f 2071 2072 2172
f 2171 2168 2069
f 2168 2065 2069
f 2166 2167 2170
f 2067 2062 2169
f 2062 2166 2169
f 2169 2166 2170
f 2168 2165 2065
f 2165 2061 2065
f 2167 2060 2164
f 2167 2063 2060
f 2166 2063 2167
f 2062 2063 2166
f 2165 2163 2061
f 2163 2059 2061
f 2060 2161 2164
f 2060 2056 2161
f 2058 2162 2160
f 2058 2160 2055
f 2058 2059 2163
f 2162 2058 2163
f 2057 2054 2158
f 2161 2056 2159
f 2056 2057 2159
f 2159 2057 2158
f 2160 2157 2055
f 2157 2052 2055
f 2054 2053 2158
f 2156 2159 2051
f 2159 2158 2051
f 2051 2158 2053
f 2157 2154 2052
f 2154 2049 2052
f 2051 2152 2156
f 2051 2047 2152
f 2155 2144 2143
f 2153 2155 2048
f 2155 2143 2048
f 2048 2143 2044
f 2048 2049 2154
f 2153 2048 2154
f 2042 2152 2047
f 2042 2151 2152
f 2141 2151 2042
f 2151 2141 2142
f 2150 2138 2137
f 2149 2150 2137
f 2149 2137 2136
f 2148 2149 2136
f 2148 2136 2135
f 2147 2148 2135
f 2147 2135 2133
f 2147 2133 2134
f 2146 2130 2129
f 2145 2146 2129
f 2145 2129 2128
f 2128 2032 2145
f 2145 2032 2144
f 2144 2032 2045
f 2144 2045 2143
f 2143 2045 2044
f 2030 2127 2141
f 2042 2030 2141
f 2127 2125 2141
f 2125 2140 2141
f 2141 2140 2142
f 2140 2125 2126
f 2139 2119 2118
f 2118 2025 2139
f 2139 2025 2138
f 2138 2025 2040
f 2138 2040 2137
f 2039 2136 2137
f 2040 2039 2137
f 2038 2135 2136
f 2039 2038 2136
f 2037 2133 2135
f 2038 2037 2135
f 2132 2037 2036
f 2132 2133 2037
f 2134 2133 2132
f 2132 2035 2131
f 2132 2036 2035
f 2034 2131 2035
f 2034 2130 2131
f 2129 2130 2034
f 2033 2128 2129
f 2034 2033 2129
f 2128 2033 2032
f 2030 2029 2127
f 2028 2125 2127
f 2029 2028 2127
f 2117 2028 2019
f 2124 2028 2117
f 2125 2028 2124
f 2126 2125 2124
f 2123 2124 2027
f 2124 2117 2027
f 2027 2117 2016
f 2123 2027 2122
f 2027 2015 2122
f 2122 2015 2116
f 2121 2122 2116
f 2121 2116 2114
f 2121 2114 2115
f 2120 2110 2109
f 2109 2009 2120
f 2120 2009 2119
f 2119 2009 2026
f 2119 2026 2118
f 2118 2026 2025
f 2019 2017 2117
f 2117 2017 2016
f 2015 2013 2116
f 2012 2114 2116
f 2013 2012 2116
f 2113 2012 2011
f 2113 2114 2012
f 2115 2114 2113
f 2113 2011 2112
f 2011 2003 2112
f 2112 2003 2108
f 2111 2112 2108
f 2111 2108 2107
f 2107 1999 2111
f 2111 1999 2110
f 2110 1999 2010
f 2110 2010 2109
f 2109 2010 2009
f 2003 2001 2108
f 2000 2107 2108
f 2001 2000 2108
f 2107 2000 1999
f 2091 2092 2106
f 2091 2106 2105
f 2090 2091 2105
f 1997 2105 2104
f 1997 2090 2105
f 1990 2090 1997
f 2103 1997 2104
f 2103 1989 1997
f 2088 1989 2103
f 2089 2088 2103
f 2082 2083 2102
f 2082 2102 2101
f 2081 2082 2101
f 2081 2101 2100
f 2080 2081 2100
f 2080 2100 2099
f 2079 2080 2099
f 2079 2099 2098
f 2078 2079 2098
f 2078 2098 2097
f 2077 2078 2097
f 1996 2097 2096
f 1996 2077 2097
f 1978 2077 1996
f 2095 1995 2096
f 1995 1996 2096
f 2094 1994 2095
f 1994 1995 2095
f 2093 1993 2094
f 1993 1994 2094
f 1993 2093 1992
f 2093 2092 1992
f 1992 2092 2091
f 2091 2090 1991
f 2091 1991 1992
f 1990 1991 2090
f 2088 1987 1989
f 1986 1987 2087
f 1987 2088 2087
f 2087 2088 2089
f 2086 1986 2087
f 2086 1972 1986
f 2075 1972 2086
f 2076 2075 2086
f 2070 2071 2085
f 1985 2085 2084
f 1985 2070 2085
f 1967 2070 1985
f 1985 2084 1984
f 2084 2083 1984
f 1984 2083 2082
f 2082 2081 1983
f 2082 1983 1984
f 2081 2080 1982
f 2081 1982 1983
f 2080 2079 1981
f 2080 1981 1982
f 2079 2078 1980
f 2079 1980 1981
f 2078 2077 1979
f 2078 1979 1980
f 1978 1979 2077
f 2075 1970 1972
f 1965 1970 2068
f 2068 1970 2074
f 2074 1970 2075
f 2074 2075 2076
f 2069 2068 2074
f 2066 2067 2073
f 1969 2073 2072
f 1969 2066 2073
f 1962 2066 1969
f 1969 2072 1968
f 2072 2071 1968
f 1968 2071 2070
f 1967 1968 2070
f 2068 2064 1960
f 2068 1960 1965
f 2068 2069 2065
f 2064 2068 2065
f 2067 1957 2062
f 2067 1963 1957
f 2066 1963 2067
f 1962 1963 2066
f 2064 1959 1960
f 1956 2065 2061
f 1956 2064 2065
f 1959 2064 1956
f 2060 2063 1958
f 1954 2060 1958
f 2062 1957 1958
f 2062 1958 2063
f 2061 2059 1956
f 2059 1953 1956
f 1954 2056 2060
f 1954 1949 2056
f 1952 2058 2055
f 1952 2055 1948
f 1952 1953 2059
f 2058 1952 2059
f 2054 2057 1950
f 1947 2054 1950
f 2056 1949 1950
f 2056 1950 2057
f 2055 2052 1948
f 2052 1946 1948
f 1945 2054 1947
f 1945 2053 2054
f 2050 2053 1945
f 2053 2050 2051
f 2052 2049 1946
f 2049 1944 1946
f 1943 2046 2050
f 1945 1943 2050
f 2047 2051 2050
f 2047 2050 2046
f 2048 2044 2043
f 2049 1942 1944
f 2049 2043 1942
f 2048 2043 2049
f 1940 2041 2046
f 1943 1940 2046
f 2042 2047 2046
f 2042 2046 2041
f 2045 2032 2031
f 2031 1934 2045
f 2045 1934 2044
f 2044 1934 1941
f 2044 1941 2043
f 2043 1941 1942
f 1940 1939 2041
f 2030 2042 1932
f 2042 2041 1932
f 1932 2041 1939
f 2040 2025 2024
f 2039 2040 1938
f 2040 2024 1938
f 1938 2024 1929
f 2039 1937 2038
f 2039 1938 1937
f 2038 1936 2037
f 2038 1937 1936
f 2037 1936 2036
f 1936 1926 2036
f 2036 1926 2023
f 2035 2036 2023
f 2035 2023 2022
f 2034 2035 2022
f 2034 2022 2021
f 2033 2034 1935
f 2034 2021 1935
f 1935 2021 1921
f 1933 2033 1935
f 1933 2032 2033
f 2031 2032 1933
f 2031 1933 1934
f 1919 2030 1932
f 1919 2029 2030
f 2020 2029 1919
f 2028 2029 2020
f 2028 2020 2018
f 2028 2018 2019
f 2027 2016 2014
f 2027 2014 2015
f 2026 2009 2008
f 2008 1914 2026
f 2026 1914 2025
f 2025 1914 1930
f 2025 1930 2024
f 2024 1930 1929
f 1926 1924 2023
f 1923 2022 2023
f 1924 1923 2023
f 1922 2021 2022
f 1923 1922 2022
f 2021 1922 1921
f 1919 1917 2020
f 2020 2007 2018
f 2020 1908 2007
f 1917 1908 2020
f 2007 2006 2018
f 2006 2017 2018
f 2018 2017 2019
f 2006 1904 2017
f 2017 1904 2016
f 2016 1904 1916
f 2016 1916 2014
f 2005 1916 1903
f 2013 1916 2005
f 2014 1916 2013
f 2015 2014 2013
f 2012 2013 2005
f 2012 2005 2004
f 2011 2012 2004
f 2011 2004 2002
f 2011 2002 2003
f 2010 1999 1998
f 1998 1895 2010
f 2010 1895 2009
f 2009 1895 1915
f 2009 1915 2008
f 2008 1915 1914
f 1908 1906 2007
f 1905 2006 2007
f 1906 1905 2007
f 2006 1905 1904
f 1903 1901 2005
f 1900 2004 2005
f 1901 1900 2005
f 1899 2002 2004
f 1900 1899 2004
f 2001 1899 1898
f 2001 2002 1899
f 2003 2002 2001
f 2001 1897 2000
f 2001 1898 1897
f 1896 2000 1897
f 1896 1999 2000
f 1998 1999 1896
f 1998 1896 1895
f 1988 1990 1997
f 1989 1988 1997
f 1977 1978 1996
f 1977 1996 1995
f 1976 1977 1995
f 1976 1995 1994
f 1975 1976 1994
f 1975 1994 1993
f 1974 1975 1993
f 1974 1993 1992
f 1973 1974 1992
f 1882 1992 1991
f 1882 1973 1992
f 1868 1973 1882
f 1882 1991 1881
f 1991 1990 1881
f 1881 1990 1988
f 1880 1881 1987
f 1881 1988 1987
f 1987 1988 1989
f 1986 1880 1987
f 1986 1865 1880
f 1971 1865 1986
f 1972 1971 1986
f 1966 1967 1985
f 1879 1985 1984
f 1879 1966 1985
f 1860 1966 1879
f 1983 1878 1984
f 1878 1879 1984
f 1982 1877 1983
f 1877 1878 1983
f 1981 1876 1982
f 1876 1877 1982
f 1980 1875 1981
f 1875 1876 1981
f 1979 1874 1980
f 1874 1875 1980
f 1874 1979 1873
f 1979 1978 1873
f 1873 1978 1977
f 1977 1976 1872
f 1977 1872 1873
f 1976 1975 1871
f 1976 1871 1872
f 1975 1974 1870
f 1975 1870 1871
f 1974 1973 1869
f 1974 1869 1870
f 1868 1869 1973
f 1971 1863 1865
f 1849 1863 1964
f 1964 1863 1970
f 1970 1863 1971
f 1970 1971 1972
f 1965 1964 1970
f 1961 1962 1969
f 1862 1969 1968
f 1862 1961 1969
f 1844 1961 1862
f 1862 1968 1861
f 1968 1967 1861
f 1861 1967 1966
f 1860 1861 1966
f 1964 1847 1849
f 1842 1965 1960
f 1842 1964 1965
f 1847 1964 1842
f 1957 1963 1846
f 1839 1957 1846
f 1846 1963 1845
f 1963 1962 1845
f 1845 1962 1961
f 1844 1845 1961
f 1842 1960 1837
f 1960 1959 1837
f 1837 1959 1955
f 1956 1955 1959
f 1954 1958 1840
f 1836 1954 1840
f 1957 1839 1840
f 1957 1840 1958
f 1955 1951 1834
f 1955 1834 1837
f 1955 1956 1953
f 1951 1955 1953
f 1836 1949 1954
f 1836 1832 1949
f 1831 1834 1948
f 1834 1951 1948
f 1948 1951 1952
f 1952 1951 1953
f 1947 1950 1833
f 1830 1947 1833
f 1949 1832 1833
f 1949 1833 1950
f 1948 1946 1831
f 1946 1829 1831
f 1830 1945 1947
f 1830 1828 1945
f 1946 1944 1829
f 1944 1827 1829
f 1828 1943 1945
f 1828 1826 1943
f 1944 1942 1827
f 1942 1825 1827
f 1826 1940 1943
f 1826 1822 1940
f 1824 1941 1934
f 1824 1934 1820
f 1824 1825 1942
f 1941 1824 1942
f 1818 1940 1822
f 1818 1939 1940
f 1931 1939 1818
f 1939 1931 1932
f 1938 1929 1928
f 1937 1938 1928
f 1937 1928 1927
f 1936 1937 1927
f 1936 1927 1925
f 1936 1925 1926
f 1935 1921 1920
f 1933 1935 1819
f 1935 1920 1819
f 1819 1920 1812
f 1819 1820 1934
f 1933 1819 1934
f 1810 1918 1931
f 1818 1810 1931
f 1919 1932 1931
f 1919 1931 1918
f 1930 1914 1913
f 1913 1807 1930
f 1930 1807 1929
f 1929 1807 1816
f 1929 1816 1928
f 1815 1927 1928
f 1816 1815 1928
f 1814 1925 1927
f 1815 1814 1927
f 1912 1814 1804
f 1924 1814 1912
f 1925 1814 1924
f 1926 1925 1924
f 1923 1924 1912
f 1923 1912 1911
f 1922 1923 1911
f 1922 1911 1910
f 1910 1799 1922
f 1922 1799 1921
f 1921 1799 1813
f 1921 1813 1920
f 1920 1813 1812
f 1797 1909 1918
f 1810 1797 1918
f 1909 1907 1918
f 1907 1917 1918
f 1918 1917 1919
f 1917 1907 1908
f 1916 1904 1902
f 1916 1902 1903
f 1915 1895 1894
f 1894 1792 1915
f 1915 1792 1914
f 1914 1792 1808
f 1914 1808 1913
f 1913 1808 1807
f 1804 1802 1912
f 1801 1911 1912
f 1802 1801 1912
f 1800 1910 1911
f 1801 1800 1911
f 1910 1800 1799
f 1797 1795 1909
f 1794 1907 1909
f 1795 1794 1909
f 1893 1794 1787
f 1906 1794 1893
f 1907 1794 1906
f 1908 1907 1906
f 1905 1906 1893
f 1905 1893 1892
f 1891 1902 1892
f 1902 1904 1892
f 1892 1904 1905
f 1891 1890 1902
f 1890 1901 1902
f 1902 1901 1903
f 1900 1901 1890
f 1900 1890 1889
f 1899 1900 1889
f 1899 1889 1888
f 1898 1899 1888
f 1898 1888 1887
f 1897 1898 1887
f 1897 1887 1886
f 1896 1897 1886
f 1896 1886 1885
f 1885 1778 1896
f 1896 1778 1895
f 1895 1778 1793
f 1895 1793 1894
f 1894 1793 1792
f 1787 1785 1893
f 1784 1892 1893
f 1785 1784 1893
f 1783 1891 1892
f 1784 1783 1892
f 1782 1890 1891
f 1783 1782 1891
f 1781 1889 1890
f 1782 1781 1890
f 1780 1888 1889
f 1781 1780 1889
f 1888 1884 1887
f 1888 1770 1884
f 1780 1770 1888
f 1886 1887 1883
f 1887 1884 1883
f 1883 1885 1886
f 1883 1779 1885
f 1766 1779 1883
f 1885 1779 1778
f 1770 1768 1884
f 1767 1883 1884
f 1768 1767 1884
f 1883 1767 1766
f 1867 1868 1882
f 1867 1882 1881
f 1866 1867 1881
f 1866 1881 1880
f 1864 1866 1880
f 1865 1864 1880
f 1859 1860 1879
f 1859 1879 1878
f 1858 1859 1878
f 1858 1878 1877
f 1857 1858 1877
f 1857 1877 1876
f 1856 1857 1876
f 1856 1876 1875
f 1855 1856 1875
f 1855 1875 1874
f 1854 1855 1874
f 1854 1874 1873
f 1853 1854 1873
f 1853 1873 1872
f 1852 1853 1872
f 1852 1872 1871
f 1851 1852 1871
f 1851 1871 1870
f 1850 1851 1870
f 1761 1870 1869
f 1761 1850 1870
f 1746 1850 1761
f 1761 1869 1760
f 1869 1868 1760
f 1760 1868 1867
f 1867 1866 1759
f 1867 1759 1760
f 1866 1864 1758
f 1866 1758 1759
f 1742 1758 1848
f 1848 1758 1863
f 1863 1758 1864
f 1863 1864 1865
f 1849 1848 1863
f 1843 1844 1862
f 1757 1862 1861
f 1757 1843 1862
f 1737 1843 1757
f 1757 1861 1756
f 1861 1860 1756
f 1756 1860 1859
f 1859 1858 1755
f 1859 1755 1756
f 1858 1857 1754
f 1858 1754 1755
f 1857 1856 1753
f 1857 1753 1754
f 1856 1855 1752
f 1856 1752 1753
f 1855 1854 1751
f 1855 1751 1752
f 1854 1853 1750
f 1854 1750 1751
f 1853 1852 1749
f 1853 1749 1750
f 1852 1851 1748
f 1852 1748 1749
f 1851 1850 1747
f 1851 1747 1748
f 1746 1747 1850
f 1848 1740 1742
f 1732 1740 1841
f 1841 1740 1847
f 1847 1740 1848
f 1847 1848 1849
f 1842 1841 1847
f 1838 1839 1846
f 1739 1846 1845
f 1739 1838 1846
f 1729 1838 1739
f 1739 1845 1738
f 1845 1844 1738
f 1738 1844 1843
f 1737 1738 1843
f 1841 1731 1732
f 1727 1842 1837
f 1727 1841 1842
f 1731 1841 1727
f 1835 1836 1840
f 1840 1724 1835
f 1839 1724 1840
f 1730 1724 1839
f 1838 1730 1839
f 1729 1730 1838
f 1837 1834 1727
f 1834 1722 1727
f 1836 1719 1832
f 1836 1725 1719
f 1835 1725 1836
f 1724 1725 1835
f 1834 1831 1722
f 1831 1718 1722
f 1830 1833 1720
f 1716 1830 1720
f 1832 1719 1720
f 1832 1720 1833
f 1831 1829 1718
f 1829 1715 1718
f 1716 1828 1830
f 1716 1714 1828
f 1829 1827 1715
f 1827 1713 1715
f 1714 1826 1828
f 1714 1710 1826
f 1823 1708 1712
f 1825 1713 1827
f 1825 1712 1713
f 1823 1712 1825
f 1711 1707 1821
f 1826 1710 1822
f 1710 1711 1822
f 1822 1711 1821
f 1706 1708 1820
f 1708 1823 1820
f 1820 1823 1824
f 1824 1823 1825
f 1705 1817 1821
f 1707 1705 1821
f 1818 1822 1821
f 1818 1821 1817
f 1819 1812 1811
f 1820 1704 1706
f 1820 1811 1704
f 1819 1811 1820
f 1702 1809 1817
f 1705 1702 1817
f 1810 1818 1817
f 1810 1817 1809
f 1816 1807 1806
f 1815 1816 1806
f 1815 1806 1805
f 1814 1815 1805
f 1814 1805 1803
f 1814 1803 1804
f 1813 1799 1798
f 1798 1697 1813
f 1813 1697 1812
f 1812 1697 1703
f 1812 1703 1811
f 1811 1703 1704
f 1695 1796 1809
f 1702 1695 1809
f 1797 1810 1809
f 1797 1809 1796
f 1808 1792 1791
f 1791 1692 1808
f 1808 1692 1807
f 1807 1692 1701
f 1807 1701 1806
f 1700 1805 1806
f 1701 1700 1806
f 1699 1803 1805
f 1700 1699 1805
f 1790 1699 1689
f 1802 1699 1790
f 1803 1699 1802
f 1804 1803 1802
f 1801 1802 1790
f 1801 1790 1789
f 1800 1801 1698
f 1801 1789 1698
f 1698 1789 1685
f 1696 1800 1698
f 1696 1799 1800
f 1798 1799 1696
f 1798 1696 1697
f 1695 1694 1796
f 1788 1694 1683
f 1795 1694 1788
f 1796 1694 1795
f 1797 1796 1795
f 1794 1795 1788
f 1794 1788 1786
f 1794 1786 1787
f 1793 1778 1777
f 1777 1679 1793
f 1793 1679 1792
f 1792 1679 1693
f 1792 1693 1791
f 1791 1693 1692
f 1689 1687 1790
f 1686 1789 1790
f 1687 1686 1790
f 1789 1686 1685
f 1683 1681 1788
f 1788 1776 1786
f 1788 1672 1776
f 1681 1672 1788
f 1776 1775 1786
f 1775 1785 1786
f 1786 1785 1787
f 1784 1785 1775
f 1784 1775 1774
f 1783 1784 1774
f 1783 1774 1773
f 1782 1783 1773
f 1782 1773 1772
f 1781 1782 1772
f 1781 1772 1771
f 1780 1781 1771
f 1780 1771 1769
f 1780 1769 1770
f 1779 1766 1765
f 1765 1663 1779
f 1779 1663 1778
f 1778 1663 1680
f 1778 1680 1777
f 1777 1680 1679
f 1672 1670 1776
f 1669 1775 1776
f 1670 1669 1776
f 1668 1774 1775
f 1669 1668 1775
f 1667 1773 1774
f 1668 1667 1774
f 1666 1772 1773
f 1667 1666 1773
f 1665 1771 1772
f 1666 1665 1772
f 1771 1764 1769
f 1771 1654 1764
f 1665 1654 1771
f 1764 1763 1769
f 1763 1768 1769
f 1769 1768 1770
f 1767 1768 1763
f 1767 1763 1762
f 1762 1649 1767
f 1767 1649 1766
f 1766 1649 1664
f 1766 1664 1765
f 1765 1664 1663
f 1654 1652 1764
f 1651 1763 1764
f 1652 1651 1764
f 1650 1762 1763
f 1651 1650 1763
f 1762 1650 1649
f 1745 1746 1761
f 1745 1761 1760
f 1744 1745 1760
f 1744 1760 1759
f 1743 1744 1759
f 1743 1759 1758
f 1741 1743 1758
f 1742 1741 1758
f 1736 1737 1757
f 1736 1757 1756
f 1735 1736 1756
f 1735 1756 1755
f 1734 1735 1755
f 1734 1755 1754
f 1733 1734 1754
f 1639 1754 1753
f 1639 1733 1754
f 1622 1733 1639
f 1752 1638 1753
f 1638 1639 1753
f 1751 1637 1752
f 1637 1638 1752
f 1750 1636 1751
f 1636 1637 1751
f 1749 1635 1750
f 1635 1636 1750
f 1748 1634 1749
f 1634 1635 1749
f 1747 1633 1748
f 1633 1634 1748
f 1633 1747 1632
f 1747 1746 1632
f 1632 1746 1745
f 1745 1744 1631
f 1745 1631 1632
f 1744 1743 1630
f 1744 1630 1631
f 1743 1741 1629
f 1743 1629 1630
f 1628 1629 1740
f 1629 1741 1740
f 1740 1741 1742
f 1612 1628 1740
f 1732 1612 1740
f 1728 1729 1739
f 1627 1739 1738
f 1627 1728 1739
f 1609 1728 1627
f 1627 1738 1626
f 1738 1737 1626
f 1626 1737 1736
f 1736 1735 1625
f 1736 1625 1626
f 1735 1734 1624
f 1735 1624 1625
f 1734 1733 1623
f 1734 1623 1624
f 1622 1623 1733
f 1612 1732 1605
f 1732 1731 1605
f 1605 1731 1726
f 1727 1726 1731
f 1723 1724 1730
f 1730 1601 1723
f 1729 1601 1730
f 1610 1601 1729
f 1728 1610 1729
f 1609 1610 1728
f 1726 1721 1599
f 1726 1599 1605
f 1726 1727 1722
f 1721 1726 1722
f 1719 1725 1603
f 1597 1719 1603
f 1603 1725 1602
f 1725 1724 1602
f 1602 1724 1723
f 1601 1602 1723
f 1721 1717 1595
f 1721 1595 1599
f 1721 1722 1718
f 1717 1721 1718
f 1716 1720 1598
f 1593 1716 1598
f 1719 1597 1598
f 1719 1598 1720
f 1717 1594 1595
f 1591 1718 1715
f 1591 1717 1718
f 1594 1717 1591
f 1593 1714 1716
f 1593 1588 1714
f 1715 1713 1591
f 1713 1587 1591
f 1589 1584 1709
f 1714 1588 1710
f 1588 1589 1710
f 1710 1589 1709
f 1586 1712 1708
f 1586 1708 1582
f 1586 1587 1713
f 1712 1586 1713
f 1707 1584 1581
f 1707 1709 1584
f 1711 1709 1707
f 1710 1709 1711
f 1708 1706 1582
f 1706 1580 1582
f 1581 1705 1707
f 1581 1579 1705
f 1706 1704 1580
f 1704 1578 1580
f 1579 1702 1705
f 1579 1576 1702
f 1577 1703 1697
f 1577 1697 1575
f 1577 1578 1704
f 1703 1577 1704
f 1576 1695 1702
f 1576 1573 1695
f 1701 1692 1691
f 1700 1701 1691
f 1700 1691 1690
f 1699 1700 1690
f 1699 1690 1688
f 1699 1688 1689
f 1698 1685 1684
f 1696 1698 1574
f 1698 1684 1574
f 1574 1684 1569
f 1574 1575 1697
f 1696 1574 1697
f 1567 1695 1573
f 1567 1694 1695
f 1682 1694 1567
f 1694 1682 1683
f 1693 1679 1678
f 1678 1565 1693
f 1693 1565 1692
f 1692 1565 1571
f 1692 1571 1691
f 1691 1677 1690
f 1691 1564 1677
f 1571 1564 1691
f 1688 1690 1676
f 1690 1677 1676
f 1676 1675 1688
f 1675 1687 1688
f 1688 1687 1689
f 1686 1687 1675
f 1686 1675 1674
f 1674 1558 1686
f 1686 1558 1685
f 1685 1558 1570
f 1685 1570 1684
f 1684 1570 1569
f 1556 1673 1682
f 1567 1556 1682
f 1673 1671 1682
f 1671 1681 1682
f 1682 1681 1683
f 1681 1671 1672
f 1680 1663 1662
f 1661 1678 1662
f 1678 1679 1662
f 1662 1679 1680
f 1661 1552 1565
f 1678 1661 1565
f 1564 1562 1677
f 1561 1676 1677
f 1562 1561 1677
f 1560 1675 1676
f 1561 1560 1676
f 1559 1674 1675
f 1560 1559 1675
f 1674 1559 1558
f 1556 1555 1673
f 1673 1660 1671
f 1673 1545 1660
f 1555 1545 1673
f 1660 1659 1671
f 1659 1670 1671
f 1671 1670 1672
f 1669 1670 1659
f 1669 1659 1658
f 1668 1669 1658
f 1668 1658 1657
f 1667 1668 1657
f 1667 1657 1656
f 1666 1667 1656
f 1666 1656 1655
f 1665 1666 1655
f 1665 1655 1653
f 1665 1653 1654
f 1664 1649 1648
f 1648 1538 1664
f 1664 1538 1663
f 1663 1538 1554
f 1663 1554 1662
f 1553 1661 1662
f 1554 1553 1662
f 1661 1553 1552
f 1545 1543 1660
f 1542 1659 1660
f 1543 1542 1660
f 1541 1658 1659
f 1542 1541 1659
f 1540 1657 1658
f 1541 1540 1658
f 1539 1656 1657
f 1540 1539 1657
f 1656 1647 1655
f 1656 1528 1647
f 1539 1528 1656
f 1653 1655 1646
f 1655 1647 1646
f 1646 1645 1653
f 1645 1652 1653
f 1653 1652 1654
f 1651 1652 1645
f 1651 1645 1644
f 1650 1651 1644
f 1650 1644 1643
f 1642 1648 1643
f 1648 1649 1643
f 1643 1649 1650
f 1642 1522 1538
f 1648 1642 1538
f 1528 1526 1647
f 1525 1646 1647
f 1526 1525 1647
f 1646 1641 1645
f 1646 1514 1641
f 1525 1514 1646
f 1644 1645 1640
f 1645 1641 1640
f 1640 1643 1644
f 1640 1524 1643
f 1510 1524 1640
f 1523 1642 1643
f 1524 1523 1643
f 1642 1523 1522
f 1514 1512 1641
f 1511 1640 1641
f 1512 1511 1641
f 1640 1511 1510
f 1621 1622 1639
f 1621 1639 1638
f 1620 1621 1638
f 1620 1638 1637
f 1619 1620 1637
f 1619 1637 1636
f 1618 1619 1636
f 1618 1636 1635
f 1617 1618 1635
f 1617 1635 1634
f 1616 1617 1634
f 1616 1634 1633
f 1615 1616 1633
f 1615 1633 1632
f 1614 1615 1632
f 1502 1632 1631
f 1502 1614 1632
f 1490 1614 1502
f 1630 1501 1631
f 1501 1502 1631
f 1629 1501 1630
f 1629 1488 1501
f 1613 1488 1629
f 1613 1629 1628
f 1611 1613 1628
f 1612 1611 1628
f 1608 1609 1627
f 1608 1627 1626
f 1607 1608 1626
f 1607 1626 1625
f 1606 1607 1625
f 1500 1625 1624
f 1500 1606 1625
f 1482 1606 1500
f 1623 1499 1624
f 1499 1500 1624
f 1499 1623 1498
f 1623 1622 1498
f 1498 1622 1621
f 1621 1620 1497
f 1621 1497 1498
f 1620 1619 1496
f 1620 1496 1497
f 1619 1618 1495
f 1619 1495 1496
f 1618 1617 1494
f 1618 1494 1495
f 1617 1616 1493
f 1617 1493 1494
f 1616 1615 1492
f 1616 1492 1493
f 1615 1614 1491
f 1615 1491 1492
f 1490 1491 1614
f 1613 1486 1488
f 1611 1604 1613
f 1604 1471 1613
f 1613 1471 1486
f 1611 1612 1605
f 1604 1611 1605
f 1600 1601 1610
f 1610 1466 1600
f 1609 1466 1610
f 1485 1466 1609
f 1608 1485 1609
f 1608 1607 1484
f 1608 1484 1485
f 1607 1606 1483
f 1607 1483 1484
f 1482 1483 1606
f 1604 1469 1471
f 1461 1605 1599
f 1461 1604 1605
f 1469 1604 1461
f 1596 1597 1603
f 1468 1603 1602
f 1468 1596 1603
f 1458 1596 1468
f 1468 1602 1467
f 1602 1601 1467
f 1467 1601 1600
f 1466 1467 1600
f 1599 1595 1461
f 1595 1456 1461
f 1592 1593 1598
f 1598 1454 1592
f 1597 1454 1598
f 1459 1454 1597
f 1596 1459 1597
f 1458 1459 1596
f 1456 1595 1452
f 1595 1594 1452
f 1452 1594 1590
f 1591 1590 1594
f 1593 1451 1588
f 1593 1455 1451
f 1592 1455 1593
f 1454 1455 1592
f 1590 1585 1449
f 1590 1449 1452
f 1590 1591 1587
f 1585 1590 1587
f 1583 1584 1589
f 1451 1447 1588
f 1447 1583 1588
f 1588 1583 1589
f 1446 1449 1582
f 1449 1585 1582
f 1582 1585 1586
f 1586 1585 1587
f 1584 1445 1581
f 1584 1448 1445
f 1583 1448 1584
f 1447 1448 1583
f 1582 1580 1446
f 1580 1444 1446
f 1445 1579 1581
f 1445 1443 1579
f 1580 1578 1444
f 1578 1442 1444
f 1443 1576 1579
f 1443 1439 1576
f 1441 1577 1575
f 1441 1575 1437
f 1441 1442 1578
f 1577 1441 1578
f 1440 1436 1572
f 1576 1439 1573
f 1439 1440 1573
f 1573 1440 1572
f 1574 1569 1568
f 1575 1435 1437
f 1575 1568 1435
f 1574 1568 1575
f 1433 1566 1572
f 1436 1433 1572
f 1567 1573 1572
f 1567 1572 1566
f 1571 1565 1563
f 1571 1563 1564
f 1570 1558 1557
f 1557 1431 1570
f 1570 1431 1569
f 1569 1431 1434
f 1569 1434 1568
f 1568 1434 1435
f 1433 1432 1566
f 1556 1567 1430
f 1567 1566 1430
f 1430 1566 1432
f 1551 1563 1565
f 1551 1565 1552
f 1551 1550 1563
f 1550 1562 1563
f 1563 1562 1564
f 1561 1562 1550
f 1561 1550 1549
f 1560 1561 1549
f 1560 1549 1548
f 1559 1560 1548
f 1559 1548 1547
f 1546 1557 1547
f 1557 1558 1547
f 1547 1558 1559
f 1546 1425 1431
f 1557 1546 1431
f 1423 1556 1430
f 1423 1555 1556
f 1544 1555 1423
f 1555 1544 1545
f 1554 1538 1537
f 1553 1554 1537
f 1553 1537 1536
f 1536 1420 1553
f 1553 1420 1552
f 1552 1420 1428
f 1552 1428 1551
f 1427 1550 1551
f 1428 1427 1551
f 1550 1535 1549
f 1550 1418 1535
f 1427 1418 1550
f 1548 1549 1534
f 1549 1535 1534
f 1534 1547 1548
f 1534 1426 1547
f 1414 1426 1534
f 1424 1546 1547
f 1426 1424 1547
f 1546 1424 1425
f 1411 1533 1544
f 1423 1411 1544
f 1533 1532 1544
f 1532 1543 1544
f 1544 1543 1545
f 1542 1543 1532
f 1542 1532 1531
f 1541 1542 1531
f 1541 1531 1530
f 1540 1541 1530
f 1540 1530 1529
f 1539 1540 1529
f 1539 1529 1527
f 1539 1527 1528
f 1521 1537 1538
f 1521 1538 1522
f 1521 1536 1537
f 1521 1421 1536
f 1407 1421 1521
f 1536 1421 1420
f 1418 1416 1535
f 1415 1534 1535
f 1416 1415 1535
f 1534 1415 1414
f 1411 1409 1533
f 1533 1520 1532
f 1533 1400 1520
f 1409 1400 1533
f 1531 1532 1519
f 1532 1520 1519
f 1530 1531 1518
f 1531 1519 1518
f 1529 1530 1517
f 1530 1518 1517
f 1527 1529 1516
f 1529 1517 1516
f 1516 1515 1527
f 1515 1526 1527
f 1527 1526 1528
f 1525 1526 1515
f 1525 1515 1513
f 1525 1513 1514
f 1524 1510 1509
f 1523 1524 1509
f 1523 1509 1508
f 1508 1392 1523
f 1523 1392 1522
f 1522 1392 1408
f 1522 1408 1521
f 1521 1408 1407
f 1400 1398 1520
f 1397 1519 1520
f 1398 1397 1520
f 1396 1518 1519
f 1397 1396 1519
f 1395 1517 1518
f 1396 1395 1518
f 1394 1516 1517
f 1395 1394 1517
f 1516 1507 1515
f 1516 1381 1507
f 1394 1381 1516
f 1513 1515 1506
f 1515 1507 1506
f 1506 1505 1513
f 1505 1512 1513
f 1513 1512 1514
f 1511 1512 1505
f 1511 1505 1504
f 1503 1509 1504
f 1509 1510 1504
f 1504 1510 1511
f 1503 1508 1509
f 1503 1393 1508
f 1374 1393 1503
f 1508 1393 1392
f 1381 1379 1507
f 1378 1506 1507
f 1379 1378 1507
f 1377 1505 1506
f 1378 1377 1506
f 1376 1504 1505
f 1377 1376 1505
f 1375 1503 1504
f 1376 1375 1504
f 1503 1375 1374
f 1489 1490 1502
f 1489 1502 1501
f 1487 1489 1501
f 1488 1487 1501
f 1481 1482 1500
f 1481 1500 1499
f 1480 1481 1499
f 1480 1499 1498
f 1479 1480 1498
f 1479 1498 1497
f 1478 1479 1497
f 1478 1497 1496
f 1477 1478 1496
f 1477 1496 1495
f 1476 1477 1495
f 1476 1495 1494
f 1475 1476 1494
f 1475 1494 1493
f 1474 1475 1493
f 1474 1493 1492
f 1473 1474 1492
f 1473 1492 1491
f 1472 1473 1491
f 1491 1341 1472
f 1490 1341 1491
f 1352 1341 1490
f 1489 1352 1490
f 1489 1487 1351
f 1489 1351 1352
f 1339 1351 1470
f 1470 1351 1486
f 1486 1351 1487
f 1486 1487 1488
f 1471 1470 1486
f 1465 1466 1485
f 1465 1485 1484
f 1464 1465 1484
f 1464 1484 1483
f 1463 1464 1483
f 1463 1481 1462
f 1463 1482 1481
f 1483 1482 1463
f 1481 1480 1462
f 1480 1350 1462
f 1462 1350 1331
f 1480 1479 1349
f 1480 1349 1350
f 1479 1478 1348
f 1479 1348 1349
f 1478 1477 1347
f 1478 1347 1348
f 1477 1476 1346
f 1477 1346 1347
f 1476 1475 1345
f 1476 1345 1346
f 1475 1474 1344
f 1475 1344 1345
f 1474 1473 1343
f 1474 1343 1344
f 1473 1472 1342
f 1473 1342 1343
f 1341 1342 1472
f 1470 1337 1339
f 1322 1337 1460
f 1460 1337 1469
f 1469 1337 1470
f 1469 1470 1471
f 1461 1460 1469
f 1457 1458 1468
f 1336 1468 1467
f 1336 1457 1468
f 1318 1457 1336
f 1336 1467 1335
f 1467 1466 1335
f 1335 1466 1465
f 1465 1464 1334
f 1465 1334 1335
f 1464 1463 1333
f 1464 1333 1334
f 1463 1462 1332
f 1463 1332 1333
f 1331 1332 1462
f 1460 1320 1322
f 1312 1461 1456
f 1312 1460 1461
f 1320 1460 1312
f 1453 1454 1459
f 1459 1309 1453
f 1458 1309 1459
f 1319 1309 1458
f 1457 1319 1458
f 1318 1319 1457
f 1456 1452 1312
f 1452 1307 1312
f 1450 1451 1455
f 1455 1304 1450
f 1454 1304 1455
f 1310 1304 1454
f 1453 1310 1454
f 1309 1310 1453
f 1452 1449 1307
f 1449 1303 1307
f 1451 1301 1447
f 1451 1305 1301
f 1450 1305 1451
f 1304 1305 1450
f 1449 1446 1303
f 1446 1300 1303
f 1445 1448 1302
f 1299 1445 1302
f 1447 1301 1302
f 1447 1302 1448
f 1446 1444 1300
f 1444 1297 1300
f 1299 1443 1445
f 1299 1295 1443
f 1444 1442 1297
f 1442 1294 1297
f 1296 1292 1438
f 1443 1295 1439
f 1295 1296 1439
f 1439 1296 1438
f 1293 1441 1437
f 1293 1437 1290
f 1293 1294 1442
f 1441 1293 1442
f 1436 1292 1288
f 1436 1438 1292
f 1440 1438 1436
f 1439 1438 1440
f 1437 1435 1290
f 1435 1287 1290
f 1288 1433 1436
f 1288 1285 1433
f 1286 1434 1431
f 1286 1431 1284
f 1286 1287 1435
f 1434 1286 1435
f 1283 1433 1285
f 1283 1432 1433
f 1429 1432 1283
f 1432 1429 1430
f 1431 1425 1284
f 1425 1282 1284
f 1281 1422 1429
f 1283 1281 1429
f 1423 1430 1429
f 1423 1429 1422
f 1428 1420 1419
f 1427 1428 1419
f 1427 1419 1417
f 1427 1417 1418
f 1426 1414 1413
f 1424 1426 1413
f 1424 1413 1412
f 1425 1280 1282
f 1425 1412 1280
f 1424 1412 1425
f 1278 1410 1422
f 1281 1278 1422
f 1411 1423 1422
f 1411 1422 1410
f 1421 1407 1406
f 1405 1419 1406
f 1419 1420 1406
f 1406 1420 1421
f 1417 1419 1404
f 1419 1405 1404
f 1404 1403 1417
f 1403 1416 1417
f 1417 1416 1418
f 1415 1416 1403
f 1415 1403 1402
f 1401 1413 1402
f 1413 1414 1402
f 1402 1414 1415
f 1401 1412 1413
f 1401 1279 1412
f 1273 1279 1401
f 1412 1279 1280
f 1278 1276 1410
f 1399 1276 1270
f 1409 1276 1399
f 1410 1276 1409
f 1411 1410 1409
f 1409 1399 1400
f 1408 1392 1391
f 1390 1406 1391
f 1406 1407 1391
f 1391 1407 1408
f 1405 1406 1389
f 1406 1390 1389
f 1389 1404 1405
f 1389 1275 1404
f 1268 1275 1389
f 1404 1388 1403
f 1404 1267 1388
f 1275 1267 1404
f 1402 1403 1387
f 1403 1388 1387
f 1387 1401 1402
f 1387 1274 1401
f 1263 1274 1387
f 1401 1274 1273
f 1260 1386 1399
f 1270 1260 1399
f 1386 1385 1399
f 1385 1398 1399
f 1399 1398 1400
f 1397 1398 1385
f 1397 1385 1384
f 1396 1397 1384
f 1396 1384 1383
f 1395 1396 1383
f 1395 1383 1382
f 1394 1395 1382
f 1394 1382 1380
f 1394 1380 1381
f 1393 1374 1373
f 1372 1391 1373
f 1391 1392 1373
f 1373 1392 1393
f 1390 1391 1371
f 1391 1372 1371
f 1389 1390 1370
f 1390 1371 1370
f 1370 1257 1268
f 1389 1370 1268
f 1267 1265 1388
f 1264 1387 1388
f 1265 1264 1388
f 1387 1264 1263
f 1260 1258 1386
f 1386 1369 1385
f 1386 1250 1369
f 1258 1250 1386
f 1384 1385 1368
f 1385 1369 1368
f 1383 1384 1367
f 1384 1368 1367
f 1382 1383 1366
f 1383 1367 1366
f 1380 1382 1365
f 1382 1366 1365
f 1365 1364 1380
f 1364 1379 1380
f 1380 1379 1381
f 1378 1379 1364
f 1378 1364 1363
f 1377 1378 1363
f 1377 1363 1362
f 1376 1377 1362
f 1376 1362 1361
f 1375 1376 1361
f 1375 1361 1360
f 1359 1373 1360
f 1373 1374 1360
f 1360 1374 1375
f 1372 1373 1358
f 1373 1359 1358
f 1371 1372 1357
f 1372 1358 1357
f 1370 1371 1356
f 1371 1357 1356
f 1356 1237 1257
f 1370 1356 1257
f 1250 1248 1369
f 1247 1368 1369
f 1248 1247 1369
f 1246 1367 1368
f 1247 1246 1368
f 1245 1366 1367
f 1246 1245 1367
f 1244 1365 1366
f 1245 1244 1366
f 1243 1364 1365
f 1244 1243 1365
f 1242 1363 1364
f 1243 1242 1364
f 1241 1362 1363
f 1242 1241 1363
f 1240 1361 1362
f 1241 1240 1362
f 1361 1355 1360
f 1361 1223 1355
f 1240 1223 1361
f 1359 1360 1354
f 1360 1355 1354
f 1358 1359 1353
f 1359 1354 1353
f 1353 1357 1358
f 1353 1239 1357
f 1218 1239 1353
f 1238 1356 1357
f 1239 1238 1357
f 1356 1238 1237
f 1223 1221 1355
f 1220 1354 1355
f 1221 1220 1355
f 1219 1353 1354
f 1220 1219 1354
f 1353 1219 1218
f 1340 1341 1352
f 1340 1352 1351
f 1338 1340 1351
f 1339 1338 1351
f 1330 1331 1350
f 1330 1350 1349
f 1329 1330 1349
f 1329 1349 1348
f 1328 1329 1348
f 1328 1348 1347
f 1327 1328 1347
f 1327 1347 1346
f 1326 1327 1346
f 1326 1346 1345
f 1325 1326 1345
f 1325 1345 1344
f 1324 1325 1344
f 1324 1344 1343
f 1323 1324 1343
f 1202 1343 1342
f 1202 1323 1343
f 1191 1323 1202
f 1202 1342 1201
f 1342 1341 1201
f 1201 1341 1340
f 1340 1338 1200
f 1340 1200 1201
f 1187 1200 1321
f 1321 1200 1337
f 1337 1200 1338
f 1337 1338 1339
f 1322 1321 1337
f 1317 1318 1336
f 1317 1336 1335
f 1316 1317 1335
f 1316 1335 1334
f 1315 1316 1334
f 1315 1334 1333
f 1314 1315 1333
f 1314 1333 1332
f 1313 1314 1332
f 1332 1180 1313
f 1331 1180 1332
f 1199 1180 1331
f 1330 1199 1331
f 1330 1329 1198
f 1330 1198 1199
f 1329 1328 1197
f 1329 1197 1198
f 1328 1327 1196
f 1328 1196 1197
f 1327 1326 1195
f 1327 1195 1196
f 1326 1325 1194
f 1326 1194 1195
f 1325 1324 1193
f 1325 1193 1194
f 1324 1323 1192
f 1324 1192 1193
f 1191 1192 1323
f 1321 1186 1187
f 1170 1186 1311
f 1311 1186 1320
f 1320 1186 1321
f 1320 1321 1322
f 1312 1311 1320
f 1308 1309 1319
f 1319 1166 1308
f 1318 1166 1319
f 1185 1166 1318
f 1317 1185 1318
f 1317 1316 1184
f 1317 1184 1185
f 1316 1315 1183
f 1316 1183 1184
f 1315 1314 1182
f 1315 1182 1183
f 1314 1313 1181
f 1314 1181 1182
f 1180 1181 1313
f 1311 1306 1159
f 1311 1159 1170
f 1311 1312 1307
f 1306 1311 1307
f 1304 1310 1168
f 1156 1304 1168
f 1168 1310 1167
f 1310 1309 1167
f 1167 1309 1308
f 1166 1167 1308
f 1306 1158 1159
f 1154 1307 1303
f 1154 1306 1307
f 1158 1306 1154
f 1301 1305 1157
f 1152 1301 1157
f 1304 1156 1157
f 1304 1157 1305
f 1303 1300 1154
f 1300 1150 1154
f 1298 1299 1302
f 1152 1147 1301
f 1147 1298 1301
f 1301 1298 1302
f 1300 1297 1150
f 1297 1146 1150
f 1299 1145 1295
f 1299 1148 1145
f 1298 1148 1299
f 1147 1148 1298
f 1297 1294 1146
f 1294 1144 1146
f 1291 1292 1296
f 1145 1142 1295
f 1142 1291 1295
f 1295 1291 1296
f 1293 1290 1289
f 1294 1141 1144
f 1294 1289 1141
f 1293 1289 1294
f 1292 1139 1288
f 1292 1143 1139
f 1291 1143 1292
f 1142 1143 1291
f 1287 1138 1290
f 1138 1140 1290
f 1290 1140 1289
f 1289 1140 1141
f 1139 1285 1288
f 1139 1136 1285
f 1137 1286 1284
f 1137 1284 1135
f 1137 1138 1287
f 1286 1137 1287
f 1136 1283 1285
f 1136 1133 1283
f 1284 1282 1135
f 1282 1132 1135
f 1133 1281 1283
f 1133 1130 1281
f 1282 1280 1132
f 1280 1128 1132
f 1131 1127 1277
f 1281 1130 1278
f 1130 1131 1278
f 1278 1131 1277
f 1279 1273 1272
f 1280 1126 1128
f 1280 1272 1126
f 1279 1272 1280
f 1125 1271 1277
f 1127 1125 1277
f 1271 1269 1277
f 1269 1276 1277
f 1277 1276 1278
f 1276 1269 1270
f 1275 1268 1266
f 1275 1266 1267
f 1274 1263 1262
f 1261 1272 1262
f 1272 1273 1262
f 1262 1273 1274
f 1261 1123 1126
f 1272 1261 1126
f 1125 1124 1271
f 1271 1259 1269
f 1271 1122 1259
f 1124 1122 1271
f 1260 1270 1269
f 1260 1269 1259
f 1256 1266 1268
f 1256 1268 1257
f 1256 1255 1266
f 1255 1265 1266
f 1266 1265 1267
f 1264 1265 1255
f 1264 1255 1254
f 1253 1262 1254
f 1262 1263 1254
f 1254 1263 1264
f 1261 1262 1252
f 1262 1253 1252
f 1252 1120 1123
f 1261 1252 1123
f 1118 1251 1259
f 1122 1118 1259
f 1251 1249 1259
f 1249 1258 1259
f 1259 1258 1260
f 1258 1249 1250
f 1236 1256 1257
f 1236 1257 1237
f 1255 1256 1235
f 1256 1236 1235
f 1254 1255 1234
f 1255 1235 1234
f 1253 1254 1233
f 1254 1234 1233
f 1233 1252 1253
f 1233 1119 1252
f 1112 1119 1233
f 1252 1119 1120
f 1118 1116 1251
f 1251 1232 1249
f 1251 1110 1232
f 1116 1110 1251
f 1232 1231 1249
f 1231 1248 1249
f 1249 1248 1250
f 1247 1248 1231
f 1247 1231 1230
f 1246 1247 1230
f 1246 1230 1229
f 1245 1246 1229
f 1245 1229 1228
f 1244 1245 1228
f 1244 1228 1227
f 1243 1244 1227
f 1243 1227 1226
f 1242 1243 1226
f 1242 1226 1225
f 1241 1242 1225
f 1241 1225 1224
f 1240 1241 1224
f 1240 1224 1222
f 1240 1222 1223
f 1239 1218 1217
f 1238 1239 1217
f 1238 1217 1216
f 1215 1236 1216
f 1236 1237 1216
f 1216 1237 1238
f 1215 1235 1236
f 1215 1115 1235
f 1104 1115 1215
f 1114 1234 1235
f 1115 1114 1235
f 1113 1233 1234
f 1114 1113 1234
f 1233 1113 1112
f 1110 1108 1232
f 1232 1214 1231
f 1232 1099 1214
f 1108 1099 1232
f 1230 1231 1213
f 1231 1214 1213
f 1229 1230 1212
f 1230 1213 1212
f 1228 1229 1211
f 1229 1212 1211
f 1211 1227 1228
f 1211 1107 1227
f 1093 1107 1211
f 1227 1210 1226
f 1227 1092 1210
f 1107 1092 1227
f 1225 1226 1209
f 1226 1210 1209
f 1224 1225 1208
f 1225 1209 1208
f 1222 1224 1207
f 1224 1208 1207
f 1207 1206 1222
f 1206 1221 1222
f 1222 1221 1223
f 1220 1221 1206
f 1220 1206 1205
f 1219 1220 1205
f 1219 1205 1204
f 1203 1217 1204
f 1217 1218 1204
f 1204 1218 1219
f 1203 1216 1217
f 1203 1106 1216
f 1082 1106 1203
f 1105 1215 1216
f 1106 1105 1216
f 1215 1105 1104
f 1099 1097 1214
f 1096 1213 1214
f 1097 1096 1214
f 1095 1212 1213
f 1096 1095 1213
f 1094 1211 1212
f 1095 1094 1212
f 1211 1094 1093
f 1092 1090 1210
f 1089 1209 1210
f 1090 1089 1210
f 1088 1208 1209
f 1089 1088 1209
f 1087 1207 1208
f 1088 1087 1208
f 1086 1206 1207
f 1087 1086 1207
f 1085 1205 1206
f 1086 1085 1206
f 1084 1204 1205
f 1085 1084 1205
f 1083 1203 1204
f 1084 1083 1204
f 1203 1083 1082
f 1190 1191 1202
f 1190 1202 1201
f 1189 1190 1201
f 1189 1201 1200
f 1188 1189 1200
f 1187 1188 1200
f 1179 1180 1199
f 1179 1199 1198
f 1178 1179 1198
f 1178 1198 1197
f 1177 1178 1197
f 1177 1197 1196
f 1176 1177 1196
f 1176 1196 1195
f 1175 1176 1195
f 1175 1195 1194
f 1174 1175 1194
f 1174 1194 1193
f 1173 1174 1193
f 1173 1193 1192
f 1172 1173 1192
f 1192 1061 1172
f 1191 1061 1192
f 1070 1061 1191
f 1190 1070 1191
f 1190 1189 1069
f 1190 1069 1070
f 1188 1171 1189
f 1171 1058 1189
f 1189 1058 1069
f 1188 1169 1171
f 1188 1186 1169
f 1187 1186 1188
f 1170 1169 1186
f 1165 1166 1185
f 1165 1185 1184
f 1164 1165 1184
f 1164 1184 1183
f 1163 1164 1183
f 1163 1183 1182
f 1162 1163 1182
f 1162 1182 1181
f 1161 1162 1181
f 1161 1179 1160
f 1161 1180 1179
f 1181 1180 1161
f 1179 1178 1160
f 1178 1068 1160
f 1160 1068 1048
f 1178 1177 1067
f 1178 1067 1068
f 1177 1176 1066
f 1177 1066 1067
f 1176 1175 1065
f 1176 1065 1066
f 1175 1174 1064
f 1175 1064 1065
f 1174 1173 1063
f 1174 1063 1064
f 1173 1172 1062
f 1173 1062 1063
f 1061 1062 1172
f 1171 1057 1058
f 1171 1169 1056
f 1171 1056 1057
f 1037 1170 1159
f 1037 1169 1170
f 1056 1169 1037
f 1155 1156 1168
f 1055 1168 1167
f 1055 1155 1168
f 1034 1155 1055
f 1055 1167 1054
f 1167 1166 1054
f 1054 1166 1165
f 1165 1164 1053
f 1165 1053 1054
f 1164 1163 1052
f 1164 1052 1053
f 1163 1162 1051
f 1163 1051 1052
f 1162 1161 1050
f 1162 1050 1051
f 1161 1160 1049
f 1161 1049 1050
f 1048 1049 1160
f 1037 1159 1026
f 1159 1158 1026
f 1026 1158 1153
f 1154 1153 1158
f 1151 1152 1157
f 1157 1023 1151
f 1156 1023 1157
f 1035 1023 1156
f 1155 1035 1156
f 1034 1035 1155
f 1153 1149 1021
f 1153 1021 1026
f 1153 1154 1150
f 1149 1153 1150
f 1152 1018 1147
f 1152 1024 1018
f 1151 1024 1152
f 1023 1024 1151
f 1149 1020 1021
f 1016 1150 1146
f 1016 1149 1150
f 1020 1149 1016
f 1145 1148 1019
f 1014 1145 1019
f 1147 1018 1019
f 1147 1019 1148
f 1146 1144 1016
f 1144 1012 1016
f 1014 1142 1145
f 1014 1009 1142
f 1144 1141 1012
f 1141 1008 1012
f 1139 1143 1010
f 1005 1139 1010
f 1142 1009 1010
f 1142 1010 1143
f 1007 1140 1138
f 1007 1138 1004
f 1007 1008 1141
f 1140 1007 1141
f 1005 1136 1139
f 1005 1003 1136
f 1137 1135 1134
f 1138 1002 1004
f 1138 1134 1002
f 1137 1134 1138
f 1003 1133 1136
f 1003 999 1133
f 1132 998 1135
f 998 1001 1135
f 1135 1001 1134
f 1134 1001 1002
f 1000 996 1129
f 1133 999 1130
f 999 1000 1130
f 1130 1000 1129
f 1132 1128 998
f 1128 995 998
f 1127 996 993
f 1127 1129 996
f 1131 1129 1127
f 1130 1129 1131
f 1128 1126 995
f 1126 992 995
f 993 1125 1127
f 993 991 1125
f 1126 1123 992
f 1123 990 992
f 989 1125 991
f 989 1124 1125
f 1121 1124 989
f 1124 1121 1122
f 1123 1120 990
f 1120 988 990
f 987 1117 1121
f 989 987 1121
f 1118 1122 1121
f 1118 1121 1117
f 1119 1112 1111
f 1120 985 988
f 1120 1111 985
f 1119 1111 1120
f 987 986 1117
f 1109 986 984
f 1116 986 1109
f 1117 986 1116
f 1118 1117 1116
f 1116 1109 1110
f 1115 1104 1103
f 1114 1115 1103
f 1114 1103 1102
f 1113 1114 1102
f 1113 1102 1101
f 1100 1111 1101
f 1111 1112 1101
f 1101 1112 1113
f 1100 980 985
f 1111 1100 985
f 984 982 1109
f 1098 982 977
f 1108 982 1098
f 1109 982 1108
f 1110 1109 1108
f 1108 1098 1099
f 1107 1093 1091
f 1107 1091 1092
f 1106 1082 1081
f 1105 1106 1081
f 1105 1081 1080
f 1079 1103 1080
f 1103 1104 1080
f 1080 1104 1105
f 1102 1103 1078
f 1103 1079 1078
f 1078 1101 1102
f 1078 981 1101
f 964 981 1078
f 979 1100 1101
f 981 979 1101
f 1100 979 980
f 977 975 1098
f 1097 975 974
f 1097 1098 975
f 1099 1098 1097
f 1097 973 1096
f 1097 974 973
f 1096 972 1095
f 1096 973 972
f 1095 971 1094
f 1095 972 971
f 970 1094 971
f 970 1093 1094
f 1091 1093 970
f 1090 970 969
f 1090 1091 970
f 1092 1091 1090
f 1090 969 1089
f 969 957 1089
f 1089 957 1077
f 1088 1089 1077
f 1088 1077 1076
f 1087 1088 1076
f 1087 1076 1075
f 1086 1087 1075
f 1086 1075 1074
f 1085 1086 1074
f 1085 1074 1073
f 1084 1085 1073
f 1084 1073 1072
f 1083 1084 1072
f 1083 1072 1071
f 1071 948 1083
f 1083 948 1082
f 1082 948 968
f 1082 968 1081
f 967 1080 1081
f 968 967 1081
f 966 1079 1080
f 967 966 1080
f 965 1078 1079
f 966 965 1079
f 1078 965 964
f 957 955 1077
f 954 1076 1077
f 955 954 1077
f 953 1075 1076
f 954 953 1076
f 952 1074 1075
f 953 952 1075
f 951 1073 1074
f 952 951 1074
f 950 1072 1073
f 951 950 1073
f 949 1071 1072
f 950 949 1072
f 1071 949 948
f 1060 1061 1070
f 1060 1070 1069
f 1059 1060 1069
f 1058 1059 1069
f 1047 1048 1068
f 1047 1068 1067
f 1046 1047 1067
f 1046 1067 1066
f 1045 1046 1066
f 1045 1066 1065
f 1044 1045 1065
f 1044 1065 1064
f 1043 1044 1064
f 1043 1064 1063
f 1042 1043 1063
f 1042 1063 1062
f 1041 1042 1062
f 1041 1060 1040
f 1041 1061 1060
f 1062 1061 1041
f 1039 1060 1059
f 1039 1040 1060
f 1059 1038 1039
f 1059 1057 1038
f 1058 1057 1059
f 1038 1057 1056
f 1036 1038 1056
f 1037 1036 1056
f 1033 1034 1055
f 1033 1055 1054
f 1032 1033 1054
f 1032 1054 1053
f 1031 1032 1053
f 1031 1053 1052
f 1030 1031 1052
f 1030 1052 1051
f 1029 1030 1051
f 1029 1051 1050
f 1028 1029 1050
f 1028 1050 1049
f 1027 1028 1049
f 1049 923 1027
f 1048 923 1049
f 940 923 1048
f 1047 940 1048
f 1047 1046 939
f 1047 939 940
f 1046 1045 938
f 1046 938 939
f 1045 1044 937
f 1045 937 938
f 1044 1043 936
f 1044 936 937
f 1043 1042 935
f 1043 935 936
f 1042 1041 934
f 1042 934 935
f 1041 1040 933
f 1041 933 934
f 1040 1039 932
f 1040 932 933
f 1039 1038 931
f 1039 931 932
f 1036 1025 1038
f 1025 913 1038
f 1038 913 931
f 1036 1037 1026
f 1025 1036 1026
f 1022 1023 1035
f 1035 909 1022
f 1034 909 1035
f 930 909 1034
f 1033 930 1034
f 1033 1032 929
f 1033 929 930
f 1032 1031 928
f 1032 928 929
f 1031 1030 927
f 1031 927 928
f 1030 1029 926
f 1030 926 927
f 1029 1028 925
f 1029 925 926
f 1028 1027 924
f 1028 924 925
f 923 924 1027
f 1025 911 913
f 900 1026 1021
f 900 1025 1026
f 911 1025 900
f 1017 1018 1024
f 1024 897 1017
f 1023 897 1024
f 910 897 1023
f 1022 910 1023
f 909 910 1022
f 900 1021 895
f 1021 1020 895
f 895 1020 1015
f 1016 1015 1020
f 1013 1014 1019
f 1019 892 1013
f 1018 892 1019
f 898 892 1018
f 1017 898 1018
f 897 898 1017
f 1015 1011 890
f 1015 890 895
f 1015 1016 1012
f 1011 1015 1012
f 1014 888 1009
f 1014 893 888
f 1013 893 1014
f 892 893 1013
f 1011 1006 886
f 1011 886 890
f 1011 1012 1008
f 1006 1011 1008
f 1005 1010 889
f 885 1005 889
f 1009 888 889
f 1009 889 1010
f 883 886 1004
f 886 1006 1004
f 1004 1006 1007
f 1007 1006 1008
f 885 1003 1005
f 885 882 1003
f 1004 1002 883
f 1002 881 883
f 882 999 1003
f 882 879 999
f 1001 998 997
f 1002 878 881
f 1002 997 878
f 1001 997 1002
f 996 1000 880
f 877 996 880
f 999 879 880
f 999 880 1000
f 994 997 998
f 994 998 995
f 994 876 878
f 997 994 878
f 877 993 996
f 877 874 993
f 992 873 995
f 873 875 995
f 995 875 994
f 994 875 876
f 874 991 993
f 874 871 991
f 992 990 873
f 990 870 873
f 871 989 991
f 871 869 989
f 990 988 870
f 988 868 870
f 869 987 989
f 869 867 987
f 988 985 868
f 985 866 868
f 864 987 867
f 864 986 987
f 983 986 864
f 986 983 984
f 978 862 865
f 980 866 985
f 980 865 866
f 978 865 980
f 864 863 983
f 976 863 860
f 982 863 976
f 983 863 982
f 984 983 982
f 982 976 977
f 981 964 963
f 979 862 978
f 862 963 856
f 979 963 862
f 981 963 979
f 979 978 980
f 860 859 976
f 975 859 858
f 975 976 859
f 977 976 975
f 975 858 974
f 858 854 974
f 974 854 962
f 973 974 962
f 973 962 961
f 972 973 961
f 972 961 960
f 971 972 960
f 971 960 959
f 970 971 959
f 970 959 958
f 969 970 958
f 969 958 956
f 969 956 957
f 968 948 947
f 967 968 947
f 967 947 946
f 966 967 946
f 966 946 945
f 965 966 857
f 966 945 857
f 857 945 840
f 855 965 857
f 855 964 965
f 963 964 855
f 963 855 856
f 854 852 962
f 851 961 962
f 852 851 962
f 850 960 961
f 851 850 961
f 849 959 960
f 850 849 960
f 848 958 959
f 849 848 959
f 847 956 958
f 848 847 958
f 955 847 846
f 955 956 847
f 957 956 955
f 955 845 954
f 955 846 845
f 954 844 953
f 954 845 844
f 953 844 952
f 844 835 952
f 952 835 944
f 951 952 944
f 951 944 943
f 950 951 943
f 950 943 942
f 949 950 942
f 949 942 941
f 941 829 949
f 949 829 948
f 948 829 843
f 948 843 947
f 842 946 947
f 843 842 947
f 841 945 946
f 842 841 946
f 945 841 840
f 835 833 944
f 832 943 944
f 833 832 944
f 831 942 943
f 832 831 943
f 830 941 942
f 831 830 942
f 941 830 829
f 922 923 940
f 922 940 939
f 921 922 939
f 921 939 938
f 920 921 938
f 920 938 937
f 919 920 937
f 919 937 936
f 918 919 936
f 918 936 935
f 917 918 935
f 917 935 934
f 916 917 934
f 916 934 933
f 915 916 933
f 915 933 932
f 914 915 932
f 914 932 931
f 912 914 931
f 913 912 931
f 908 909 930
f 908 930 929
f 907 908 929
f 907 929 928
f 906 907 928
f 906 928 927
f 905 906 927
f 905 927 926
f 904 905 926
f 904 926 925
f 903 904 925
f 903 925 924
f 902 903 924
f 902 922 901
f 902 923 922
f 924 923 902
f 922 921 901
f 921 826 901
f 901 826 809
f 921 920 825
f 921 825 826
f 920 919 824
f 920 824 825
f 919 918 823
f 919 823 824
f 918 917 822
f 918 822 823
f 917 916 821
f 917 821 822
f 916 915 820
f 916 820 821
f 915 914 819
f 915 819 820
f 914 912 818
f 914 818 819
f 800 818 899
f 899 818 911
f 911 818 912
f 911 912 913
f 900 899 911
f 896 897 910
f 910 797 896
f 909 797 910
f 817 797 909
f 908 817 909
f 908 907 816
f 908 816 817
f 907 906 815
f 907 815 816
f 906 905 814
f 906 814 815
f 905 904 813
f 905 813 814
f 904 903 812
f 904 812 813
f 903 902 811
f 903 811 812
f 902 901 810
f 902 810 811
f 809 810 901
f 899 894 786
f 899 786 800
f 899 900 895
f 894 899 895
f 891 892 898
f 898 782 891
f 897 782 898
f 798 782 897
f 896 798 897
f 797 798 896
f 894 784 786
f 779 895 890
f 779 894 895
f 784 894 779
f 887 888 893
f 893 776 887
f 892 776 893
f 783 776 892
f 891 783 892
f 782 783 891
f 890 886 779
f 886 774 779
f 884 885 889
f 889 771 884
f 888 771 889
f 777 771 888
f 887 777 888
f 776 777 887
f 886 883 774
f 883 769 774
f 885 767 882
f 885 772 767
f 884 772 885
f 771 772 884
f 883 881 769
f 881 765 769
f 767 879 882
f 767 763 879
f 881 878 765
f 878 762 765
f 877 880 764
f 761 877 764
f 879 763 764
f 879 764 880
f 878 876 762
f 876 759 762
f 761 874 877
f 761 758 874
f 875 873 872
f 876 757 759
f 876 872 757
f 875 872 876
f 758 871 874
f 758 755 871
f 870 754 873
f 754 756 873
f 873 756 872
f 872 756 757
f 755 869 871
f 755 752 869
f 870 868 754
f 868 751 754
f 752 867 869
f 752 750 867
f 868 866 751
f 866 749 751
f 750 864 867
f 750 748 864
f 865 862 861
f 866 746 749
f 866 861 746
f 865 861 866
f 863 864 748
f 747 863 748
f 863 747 744
f 863 744 860
f 856 742 862
f 742 745 862
f 862 745 861
f 861 745 746
f 859 860 744
f 743 859 744
f 859 743 858
f 743 741 858
f 858 741 853
f 858 853 854
f 857 840 839
f 855 857 839
f 855 839 838
f 856 731 742
f 856 838 731
f 855 838 856
f 741 740 853
f 852 740 739
f 852 853 740
f 854 853 852
f 852 738 851
f 852 739 738
f 851 737 850
f 851 738 737
f 850 736 849
f 850 737 736
f 849 735 848
f 849 736 735
f 848 734 847
f 848 735 734
f 847 734 846
f 734 729 846
f 846 729 837
f 845 846 837
f 845 837 836
f 844 845 836
f 844 836 834
f 844 834 835
f 843 829 828
f 842 843 828
f 842 828 827
f 841 842 733
f 842 827 733
f 733 827 719
f 732 841 733
f 732 840 841
f 839 840 732
f 730 838 839
f 732 730 839
f 838 730 731
f 729 728 837
f 727 836 837
f 728 727 837
f 726 834 836
f 727 726 836
f 833 726 725
f 833 834 726
f 835 834 833
f 833 724 832
f 833 725 724
f 832 723 831
f 832 724 723
f 831 722 830
f 831 723 722
f 721 830 722
f 721 829 830
f 828 829 721
f 720 827 828
f 721 720 828
f 827 720 719
f 808 809 826
f 808 826 825
f 807 808 825
f 807 825 824
f 806 807 824
f 806 824 823
f 805 806 823
f 805 823 822
f 804 805 822
f 804 822 821
f 803 804 821
f 803 821 820
f 802 803 820
f 802 820 819
f 801 802 819
f 801 819 818
f 799 801 818
f 800 799 818
f 796 797 817
f 796 817 816
f 795 796 816
f 795 816 815
f 794 795 815
f 794 815 814
f 793 794 814
f 793 814 813
f 792 793 813
f 792 813 812
f 791 792 812
f 791 812 811
f 790 791 811
f 790 811 810
f 789 790 810
f 789 808 788
f 789 809 808
f 810 809 789
f 787 808 807
f 787 788 808
f 807 806 787
f 806 712 787
f 787 712 697
f 806 805 711
f 806 711 712
f 805 804 710
f 805 710 711
f 804 803 709
f 804 709 710
f 803 802 708
f 803 708 709
f 802 801 707
f 802 707 708
f 799 785 801
f 785 690 801
f 801 690 707
f 799 800 786
f 785 799 786
f 781 782 798
f 781 796 780
f 781 797 796
f 798 797 781
f 796 795 780
f 795 706 780
f 780 706 686
f 795 794 705
f 795 705 706
f 794 793 704
f 794 704 705
f 793 792 703
f 793 703 704
f 792 791 702
f 792 702 703
f 791 790 701
f 791 701 702
f 790 789 700
f 790 700 701
f 789 788 699
f 789 699 700
f 788 787 698
f 788 698 699
f 697 698 787
f 785 689 690
f 675 689 778
f 778 689 784
f 784 689 785
f 784 785 786
f 779 778 784
f 775 776 783
f 783 672 775
f 782 672 783
f 688 672 782
f 781 688 782
f 781 780 687
f 781 687 688
f 686 687 780
f 778 773 669
f 778 669 675
f 778 779 774
f 773 778 774
f 770 771 777
f 777 666 770
f 776 666 777
f 673 666 776
f 775 673 776
f 672 673 775
f 773 768 664
f 773 664 669
f 773 774 769
f 768 773 769
f 766 767 772
f 772 661 766
f 771 661 772
f 667 661 771
f 770 667 771
f 666 667 770
f 768 663 664
f 659 769 765
f 659 768 769
f 663 768 659
f 767 657 763
f 767 662 657
f 766 662 767
f 661 662 766
f 765 762 659
f 762 655 659
f 760 761 764
f 657 652 763
f 652 760 763
f 763 760 764
f 762 759 655
f 759 651 655
f 761 649 758
f 761 653 649
f 760 653 761
f 652 653 760
f 759 757 651
f 757 647 651
f 649 755 758
f 649 645 755
f 756 754 753
f 757 644 647
f 757 753 644
f 756 753 757
f 645 752 755
f 645 642 752
f 751 641 754
f 641 643 754
f 754 643 753
f 753 643 644
f 642 750 752
f 642 639 750
f 751 749 641
f 749 638 641
f 639 748 750
f 639 637 748
f 749 746 638
f 746 634 638
f 747 748 637
f 636 747 637
f 747 636 632
f 747 632 744
f 633 745 742
f 633 742 629
f 633 634 746
f 745 633 746
f 743 744 632
f 631 743 632
f 743 631 628
f 743 628 741
f 742 731 629
f 731 619 629
f 740 741 628
f 627 740 628
f 740 625 739
f 740 627 625
f 739 624 738
f 739 625 624
f 738 623 737
f 738 624 623
f 737 622 736
f 737 623 622
f 736 621 735
f 736 622 621
f 735 620 734
f 735 621 620
f 734 620 617
f 734 617 729
f 733 719 718
f 732 733 718
f 732 718 717
f 730 732 618
f 732 717 618
f 618 717 610
f 618 619 731
f 730 618 731
f 728 729 617
f 616 728 617
f 728 615 727
f 728 616 615
f 727 614 726
f 727 615 614
f 726 614 725
f 614 607 725
f 725 607 716
f 724 725 716
f 724 716 715
f 723 724 715
f 723 715 714
f 722 723 714
f 722 714 713
f 721 722 613
f 722 713 613
f 613 713 600
f 721 612 720
f 721 613 612
f 611 720 612
f 611 719 720
f 718 719 611
f 609 717 718
f 611 609 718
f 717 609 610
f 607 606 716
f 604 715 716
f 606 604 716
f 602 714 715
f 604 602 715
f 599 713 714
f 602 599 714
f 713 599 600
f 696 697 712
f 696 712 711
f 695 696 711
f 695 711 710
f 694 695 710
f 694 710 709
f 693 694 709
f 693 709 708
f 692 693 708
f 692 708 707
f 691 692 707
f 690 691 707
f 685 686 706
f 685 706 705
f 684 685 705
f 684 705 704
f 683 684 704
f 683 704 703
f 682 683 703
f 682 703 702
f 681 682 702
f 681 702 701
f 680 681 701
f 680 701 700
f 679 680 700
f 679 700 699
f 678 679 699
f 678 699 698
f 677 678 698
f 698 583 677
f 697 583 698
f 597 583 697
f 696 597 697
f 696 695 596
f 696 596 597
f 695 694 595
f 695 595 596
f 694 693 594
f 694 594 595
f 693 692 593
f 693 593 594
f 691 676 692
f 676 578 692
f 692 578 593
f 691 674 676
f 691 689 674
f 690 689 691
f 675 674 689
f 671 672 688
f 671 688 687
f 670 671 687
f 687 573 670
f 686 573 687
f 592 573 686
f 685 592 686
f 685 684 591
f 685 591 592
f 684 683 590
f 684 590 591
f 683 682 589
f 683 589 590
f 682 681 588
f 682 588 589
f 681 680 587
f 681 587 588
f 680 679 586
f 680 586 587
f 679 678 585
f 679 585 586
f 678 677 584
f 678 584 585
f 583 584 677
f 676 576 578
f 674 668 676
f 668 562 676
f 676 562 576
f 674 675 669
f 668 674 669
f 665 666 673
f 673 558 665
f 672 558 673
f 575 558 672
f 671 575 672
f 671 670 574
f 671 574 575
f 573 574 670
f 668 560 562
f 554 669 664
f 554 668 669
f 560 668 554
f 660 661 667
f 667 551 660
f 666 551 667
f 559 551 666
f 665 559 666
f 558 559 665
f 554 664 549
f 664 663 549
f 549 663 658
f 659 658 663
f 656 657 662
f 662 546 656
f 661 546 662
f 552 546 661
f 660 552 661
f 551 552 660
f 658 654 544
f 658 544 549
f 658 659 655
f 654 658 655
f 657 543 652
f 657 547 543
f 656 547 657
f 546 547 656
f 654 650 541
f 654 541 544
f 654 655 651
f 650 654 651
f 648 649 653
f 543 539 652
f 539 648 652
f 652 648 653
f 650 646 538
f 650 538 541
f 650 651 647
f 646 650 647
f 649 536 645
f 649 540 536
f 648 540 649
f 539 540 648
f 646 537 538
f 534 647 644
f 534 646 647
f 537 646 534
f 536 642 645
f 536 532 642
f 643 641 640
f 644 530 534
f 644 640 530
f 643 640 644
f 532 639 642
f 532 527 639
f 638 524 641
f 524 529 641
f 641 529 640
f 640 529 530
f 527 637 639
f 527 635 637
f 526 635 527
f 526 523 635
f 638 634 524
f 634 520 524
f 635 636 637
f 632 522 630
f 636 522 632
f 523 522 636
f 635 523 636
f 522 518 630
f 519 633 629
f 519 629 515
f 519 520 634
f 633 519 634
f 630 631 632
f 628 517 626
f 631 517 628
f 518 517 631
f 630 518 631
f 517 514 626
f 629 619 515
f 619 503 515
f 626 627 628
f 627 513 625
f 627 514 513
f 626 514 627
f 625 511 624
f 625 513 511
f 624 509 623
f 624 511 509
f 623 507 622
f 623 509 507
f 622 506 621
f 622 507 506
f 621 505 620
f 621 506 505
f 620 505 501
f 620 501 617
f 608 489 504
f 502 618 504
f 618 610 504
f 504 610 608
f 502 503 619
f 618 502 619
f 616 617 501
f 500 616 501
f 616 498 615
f 616 500 498
f 615 497 614
f 615 498 497
f 497 496 614
f 496 605 614
f 614 605 607
f 603 605 496
f 603 496 495
f 601 603 495
f 601 495 494
f 598 601 494
f 598 494 493
f 492 613 493
f 613 600 493
f 493 600 598
f 613 491 612
f 613 492 491
f 612 490 611
f 612 491 490
f 490 609 611
f 490 608 609
f 489 608 490
f 609 608 610
f 605 606 607
f 603 604 606
f 605 603 606
f 601 602 604
f 603 601 604
f 598 599 602
f 601 598 602
f 599 598 600
f 582 583 597
f 582 597 596
f 581 582 596
f 581 596 595
f 580 581 595
f 580 595 594
f 579 580 594
f 579 594 593
f 577 579 593
f 578 577 593
f 572 573 592
f 572 592 591
f 571 572 591
f 571 591 590
f 570 571 590
f 570 590 589
f 569 570 589
f 569 589 588
f 568 569 588
f 568 588 587
f 567 568 587
f 567 587 586
f 566 567 586
f 566 586 585
f 565 566 585
f 565 585 584
f 564 565 584
f 564 582 563
f 564 583 582
f 584 583 564
f 582 581 563
f 581 483 563
f 563 483 470
f 581 580 482
f 581 482 483
f 580 579 481
f 580 481 482
f 579 577 480
f 579 480 481
f 465 480 561
f 561 480 576
f 576 480 577
f 576 577 578
f 562 561 576
f 557 558 575
f 557 575 574
f 556 557 574
f 556 572 555
f 556 573 572
f 574 573 556
f 572 571 555
f 571 479 555
f 555 479 460
f 571 570 478
f 571 478 479
f 570 569 477
f 570 477 478
f 569 568 476
f 569 476 477
f 568 567 475
f 568 475 476
f 567 566 474
f 567 474 475
f 566 565 473
f 566 473 474
f 565 564 472
f 565 472 473
f 564 563 471
f 564 471 472
f 470 471 563
f 561 464 465
f 446 464 553
f 553 464 560
f 560 464 561
f 560 561 562
f 554 553 560
f 550 551 559
f 559 443 550
f 558 443 559
f 463 443 558
f 557 463 558
f 557 556 462
f 557 462 463
f 556 555 461
f 556 461 462
f 460 461 555
f 553 548 438
f 553 438 446
f 553 554 549
f 548 553 549
f 545 546 552
f 552 434 545
f 551 434 552
f 444 434 551
f 550 444 551
f 443 444 550
f 548 436 438
f 431 549 544
f 431 548 549
f 436 548 431
f 542 543 547
f 547 428 542
f 546 428 547
f 435 428 546
f 545 435 546
f 434 435 545
f 544 541 431
f 541 426 431
f 543 424 539
f 543 429 424
f 542 429 543
f 428 429 542
f 541 538 426
f 538 421 426
f 535 536 540
f 424 419 539
f 419 535 539
f 539 535 540
f 421 538 417
f 538 537 417
f 417 537 533
f 534 533 537
f 536 535 531
f 532 536 531
f 419 416 531
f 419 531 535
f 533 528 414
f 533 414 417
f 533 534 530
f 528 533 530
f 532 531 525
f 527 532 525
f 416 413 525
f 416 525 531
f 410 414 524
f 414 528 524
f 524 528 529
f 529 528 530
f 525 526 527
f 523 412 521
f 526 412 523
f 413 412 526
f 525 413 526
f 412 409 521
f 524 520 410
f 520 406 410
f 521 522 523
f 518 408 516
f 522 408 518
f 409 408 522
f 521 409 522
f 408 404 516
f 405 519 515
f 405 515 399
f 405 406 520
f 519 405 520
f 516 517 518
f 514 403 512
f 517 403 514
f 404 403 517
f 516 404 517
f 510 512 403
f 510 403 401
f 508 510 401
f 508 401 400
f 400 397 508
f 515 503 399
f 503 390 399
f 512 513 514
f 510 511 513
f 512 510 513
f 508 509 511
f 510 508 511
f 509 396 507
f 509 397 396
f 508 397 509
f 507 394 506
f 507 396 394
f 506 392 505
f 506 394 392
f 392 391 505
f 391 499 505
f 505 499 501
f 391 388 499
f 504 489 488
f 502 504 389
f 504 488 389
f 389 488 376
f 389 390 503
f 502 389 503
f 499 500 501
f 500 387 498
f 500 388 387
f 499 388 500
f 498 385 497
f 498 387 385
f 497 383 496
f 497 385 383
f 496 381 495
f 496 383 381
f 495 379 494
f 495 381 379
f 494 378 493
f 494 379 378
f 493 377 492
f 493 378 377
f 492 377 491
f 377 375 491
f 491 375 487
f 490 491 487
f 490 487 486
f 485 488 486
f 488 489 486
f 486 489 490
f 485 372 376
f 488 485 376
f 375 374 487
f 373 486 487
f 374 373 487
f 486 484 485
f 486 371 484
f 373 371 486
f 484 370 372
f 485 484 372
f 371 369 484
f 484 369 370
f 469 470 483
f 469 483 482
f 468 469 482
f 468 482 481
f 467 468 481
f 467 481 480
f 466 467 480
f 465 466 480
f 459 460 479
f 459 479 478
f 458 459 478
f 458 478 477
f 457 458 477
f 457 477 476
f 456 457 476
f 456 476 475
f 455 456 475
f 455 475 474
f 454 455 474
f 454 474 473
f 453 454 473
f 453 473 472
f 452 453 472
f 452 472 471
f 451 452 471
f 451 469 450
f 451 470 469
f 471 470 451
f 449 469 468
f 449 450 469
f 448 468 467
f 448 449 468
f 447 467 466
f 447 448 467
f 466 445 447
f 466 464 445
f 465 464 466
f 446 445 464
f 442 443 463
f 442 463 462
f 441 442 462
f 441 462 461
f 440 441 461
f 440 459 439
f 440 460 459
f 461 460 440
f 459 458 439
f 458 368 439
f 439 368 353
f 458 457 367
f 458 367 368
f 457 456 366
f 457 366 367
f 456 455 365
f 456 365 366
f 455 454 364
f 455 364 365
f 454 453 363
f 454 363 364
f 453 452 362
f 453 362 363
f 452 451 361
f 452 361 362
f 451 450 360
f 451 360 361
f 450 449 359
f 450 359 360
f 449 448 358
f 449 358 359
f 448 447 357
f 448 357 358
f 445 437 447
f 437 340 447
f 447 340 357
f 445 446 438
f 437 445 438
f 433 434 444
f 433 442 432
f 433 443 442
f 444 443 433
f 442 441 432
f 441 356 432
f 432 356 336
f 441 440 355
f 441 355 356
f 440 439 354
f 440 354 355
f 353 354 439
f 437 339 340
f 327 339 430
f 430 339 436
f 436 339 437
f 436 437 438
f 431 430 436
f 427 428 435
f 435 325 427
f 434 325 435
f 338 325 434
f 433 338 434
f 433 432 337
f 433 337 338
f 336 337 432
f 430 425 319
f 430 319 327
f 430 431 426
f 425 430 426
f 423 424 429
f 423 427 422
f 423 428 427
f 429 428 423
f 325 316 422
f 325 422 427
f 425 420 312
f 425 312 319
f 425 426 421
f 420 425 421
f 424 423 418
f 419 424 418
f 423 422 418
f 422 317 418
f 418 317 309
f 316 317 422
f 420 310 312
f 305 421 417
f 305 420 421
f 310 420 305
f 419 418 415
f 416 419 415
f 309 303 415
f 309 415 418
f 417 414 305
f 414 300 305
f 416 415 411
f 413 416 411
f 303 298 411
f 303 411 415
f 414 410 300
f 410 294 300
f 411 412 413
f 409 296 407
f 412 296 409
f 298 296 412
f 411 298 412
f 296 292 407
f 410 406 294
f 406 288 294
f 407 408 409
f 404 290 402
f 408 290 404
f 292 290 408
f 407 292 408
f 290 287 402
f 405 399 398
f 406 278 288
f 406 398 278
f 405 398 406
f 402 403 404
f 403 286 401
f 403 287 286
f 402 287 403
f 401 284 400
f 401 286 284
f 284 282 400
f 282 395 400
f 400 395 397
f 393 395 282
f 393 282 280
f 280 275 393
f 390 263 399
f 263 277 399
f 399 277 398
f 398 277 278
f 395 396 397
f 393 394 396
f 395 393 396
f 394 274 392
f 394 275 274
f 393 275 394
f 392 272 391
f 392 274 272
f 272 270 391
f 270 386 391
f 391 386 388
f 384 386 270
f 384 270 268
f 382 384 268
f 382 268 266
f 380 382 266
f 380 266 264
f 264 261 380
f 262 389 376
f 262 376 254
f 262 263 390
f 389 262 390
f 386 387 388
f 384 385 387
f 386 384 387
f 382 383 385
f 384 382 385
f 380 381 383
f 382 380 383
f 381 260 379
f 381 261 260
f 380 261 381
f 379 258 378
f 379 260 258
f 378 256 377
f 378 258 256
f 377 256 252
f 377 252 375
f 376 372 254
f 372 247 254
f 374 375 252
f 251 374 252
f 374 249 373
f 374 251 249
f 373 249 245
f 373 245 371
f 372 370 247
f 370 244 247
f 369 371 245
f 243 369 245
f 243 244 370
f 369 243 370
f 352 353 368
f 352 368 367
f 351 352 367
f 351 367 366
f 350 351 366
f 350 366 365
f 349 350 365
f 349 365 364
f 348 349 364
f 348 364 363
f 347 348 363
f 347 363 362
f 346 347 362
f 346 362 361
f 345 346 361
f 345 361 360
f 344 345 360
f 344 360 359
f 343 344 359
f 343 359 358
f 342 343 358
f 342 358 357
f 341 342 357
f 340 341 357
f 335 336 356
f 335 356 355
f 334 335 355
f 334 355 354
f 333 334 354
f 333 352 332
f 333 353 352
f 354 353 333
f 331 352 351
f 331 332 352
f 330 351 350
f 330 331 351
f 350 349 330
f 349 241 330
f 330 241 231
f 349 348 240
f 349 240 241
f 348 347 239
f 348 239 240
f 347 346 238
f 347 238 239
f 346 345 237
f 346 237 238
f 345 344 236
f 345 236 237
f 344 343 235
f 344 235 236
f 342 329 343
f 329 223 343
f 343 223 235
f 328 342 341
f 328 329 342
f 341 326 328
f 341 339 326
f 340 339 341
f 327 326 339
f 324 325 338
f 324 338 337
f 323 324 337
f 323 335 322
f 323 336 335
f 337 336 323
f 321 335 334
f 321 322 335
f 320 334 333
f 320 321 334
f 333 332 320
f 332 234 320
f 320 234 218
f 332 331 233
f 332 233 234
f 331 330 232
f 331 232 233
f 231 232 330
f 329 222 223
f 329 328 221
f 329 221 222
f 326 318 328
f 318 206 328
f 328 206 221
f 326 327 319
f 318 326 319
f 325 324 315
f 316 325 315
f 314 324 323
f 314 315 324
f 313 323 322
f 313 314 323
f 322 321 313
f 321 220 313
f 313 220 203
f 321 320 219
f 321 219 220
f 218 219 320
f 318 311 195
f 318 195 206
f 318 319 312
f 311 318 312
f 308 309 317
f 308 315 307
f 308 316 315
f 317 316 308
f 306 315 314
f 306 307 315
f 314 313 306
f 313 204 306
f 306 204 192
f 203 204 313
f 311 194 195
f 185 194 304
f 304 194 310
f 310 194 311
f 310 311 312
f 305 304 310
f 309 308 302
f 303 309 302
f 301 308 307
f 301 302 308
f 307 306 301
f 306 193 301
f 301 193 183
f 192 193 306
f 304 299 177
f 304 177 185
f 304 305 300
f 299 304 300
f 303 302 297
f 298 303 297
f 295 302 301
f 295 297 302
f 183 175 295
f 183 295 301
f 299 293 167
f 299 167 177
f 299 300 294
f 293 299 294
f 297 296 298
f 291 297 295
f 291 296 297
f 292 296 291
f 291 295 289
f 295 175 289
f 289 175 173
f 173 165 289
f 293 166 167
f 154 294 288
f 154 293 294
f 166 293 154
f 291 290 292
f 285 291 289
f 285 290 291
f 287 290 285
f 285 289 283
f 289 165 283
f 283 165 164
f 281 283 164
f 281 164 162
f 279 281 162
f 279 162 159
f 159 151 279
f 276 140 153
f 278 154 288
f 278 153 154
f 276 153 278
f 285 286 287
f 283 284 286
f 285 283 286
f 281 282 284
f 283 281 284
f 279 280 282
f 281 279 282
f 275 150 273
f 280 150 275
f 151 150 280
f 279 151 280
f 271 273 150
f 271 150 148
f 269 271 148
f 269 148 146
f 267 269 146
f 267 146 144
f 265 267 144
f 265 144 142
f 142 138 265
f 131 140 263
f 140 276 263
f 263 276 277
f 277 276 278
f 273 274 275
f 271 272 274
f 273 271 274
f 269 270 272
f 271 269 272
f 267 268 270
f 269 267 270
f 265 266 268
f 267 265 268
f 266 137 264
f 266 138 137
f 265 138 266
f 137 135 264
f 135 259 264
f 264 259 261
f 257 259 135
f 257 135 133
f 255 257 133
f 255 133 132
f 132 129 255
f 262 254 253
f 263 125 131
f 263 253 125
f 262 253 263
f 259 260 261
f 257 258 260
f 259 257 260
f 255 256 258
f 257 255 258
f 252 128 250
f 256 128 252
f 129 128 256
f 255 129 256
f 248 250 128
f 248 128 126
f 126 123 248
f 246 253 254
f 246 254 247
f 246 120 125
f 253 246 125
f 250 251 252
f 248 249 251
f 250 248 251
f 245 122 242
f 249 122 245
f 123 122 249
f 248 123 249
f 119 246 247
f 119 242 122
f 247 242 119
f 244 242 247
f 246 119 120
f 242 243 245
f 243 242 244
f 230 231 241
f 230 241 240
f 229 230 240
f 229 240 239
f 228 229 239
f 228 239 238
f 227 228 238
f 227 238 237
f 226 227 237
f 226 237 236
f 225 226 236
f 225 236 235
f 224 225 235
f 223 224 235
f 217 218 234
f 217 234 233
f 216 217 233
f 216 233 232
f 215 216 232
f 215 230 214
f 215 231 230
f 232 231 215
f 213 230 229
f 213 214 230
f 212 229 228
f 212 213 229
f 211 228 227
f 211 212 228
f 210 227 226
f 210 211 227
f 209 226 225
f 209 210 226
f 208 225 224
f 208 209 225
f 224 207 208
f 224 222 207
f 223 222 224
f 207 222 221
f 205 207 221
f 206 205 221
f 202 203 220
f 202 220 219
f 201 202 219
f 201 217 200
f 201 218 217
f 219 218 201
f 199 217 216
f 199 200 217
f 198 216 215
f 198 199 216
f 197 215 214
f 197 198 215
f 214 213 197
f 213 117 197
f 197 117 108
f 213 212 116
f 213 116 117
f 212 211 115
f 212 115 116
f 211 210 114
f 211 114 115
f 210 209 113
f 210 113 114
f 209 208 112
f 209 112 113
f 208 207 111
f 208 111 112
f 205 196 207
f 196 101 207
f 207 101 111
f 205 206 195
f 196 205 195
f 191 192 204
f 191 202 190
f 191 203 202
f 204 203 191
f 189 202 201
f 189 190 202
f 188 201 200
f 188 189 201
f 187 200 199
f 187 188 200
f 199 198 187
f 198 110 187
f 187 110 98
f 198 197 109
f 198 109 110
f 108 109 197
f 196 186 90
f 196 90 101
f 196 184 186
f 196 194 184
f 195 194 196
f 185 184 194
f 182 183 193
f 182 191 181
f 182 192 191
f 193 192 182
f 180 191 190
f 180 181 191
f 179 190 189
f 179 180 190
f 178 189 188
f 178 179 189
f 188 187 178
f 187 99 178
f 178 99 88
f 98 99 187
f 186 89 90
f 184 176 186
f 176 81 186
f 186 81 89
f 184 185 177
f 176 184 177
f 183 182 174
f 175 183 174
f 172 182 181
f 172 174 182
f 171 181 180
f 171 172 181
f 170 180 179
f 170 171 180
f 169 179 178
f 169 170 179
f 88 79 169
f 88 169 178
f 176 168 71
f 176 71 81
f 176 177 167
f 168 176 167
f 174 173 175
f 163 174 172
f 163 173 174
f 165 173 163
f 161 172 171
f 161 163 172
f 160 171 170
f 160 161 171
f 158 170 169
f 158 160 170
f 158 169 157
f 169 79 157
f 157 79 78
f 156 157 78
f 156 78 75
f 75 69 156
f 168 155 61
f 168 61 71
f 168 152 155
f 168 166 152
f 167 166 168
f 154 152 166
f 163 164 165
f 161 162 164
f 163 161 164
f 160 159 162
f 161 160 162
f 149 160 158
f 149 159 160
f 151 159 149
f 147 158 157
f 147 149 158
f 145 157 156
f 145 147 157
f 145 156 143
f 156 69 143
f 143 69 68
f 141 143 68
f 141 68 65
f 65 59 141
f 155 139 50
f 155 50 61
f 152 139 155
f 152 140 139
f 153 140 152
f 153 152 154
f 149 150 151
f 147 148 150
f 149 147 150
f 145 146 148
f 147 145 148
f 143 144 146
f 145 143 146
f 141 142 144
f 143 141 144
f 138 58 136
f 142 58 138
f 59 58 142
f 141 59 142
f 134 136 58
f 134 58 55
f 55 48 134
f 139 130 40
f 139 40 50
f 139 140 131
f 130 139 131
f 136 137 138
f 134 135 137
f 136 134 137
f 135 47 133
f 135 48 47
f 134 48 135
f 133 45 132
f 133 47 45
f 45 42 132
f 42 127 132
f 132 127 129
f 42 38 127
f 130 124 35
f 130 35 40
f 130 131 125
f 124 130 125
f 127 128 129
f 128 37 126
f 128 38 37
f 127 38 128
f 37 34 126
f 34 121 126
f 126 121 123
f 118 121 124
f 121 34 124
f 124 34 35
f 124 125 120
f 118 124 120
f 121 122 123
f 118 119 122
f 121 118 122
f 119 118 120
f 107 108 117
f 107 117 116
f 106 107 116
f 106 116 115
f 105 106 115
f 105 115 114
f 104 105 114
f 104 114 113
f 103 104 113
f 103 113 112
f 102 103 112
f 102 112 111
f 100 102 111
f 101 100 111
f 97 98 110
f 97 110 109
f 96 97 109
f 96 107 95
f 96 108 107
f 109 108 96
f 94 107 106
f 94 95 107
f 93 106 105
f 93 94 106
f 92 105 104
f 92 93 105
f 104 103 92
f 103 32 92
f 92 32 28
f 103 102 31
f 103 31 32
f 100 91 102
f 91 26 102
f 102 26 31
f 100 101 90
f 91 100 90
f 87 88 99
f 87 97 86
f 87 98 97
f 99 98 87
f 85 97 96
f 85 86 97
f 84 96 95
f 84 85 96
f 83 95 94
f 83 84 95
f 94 93 83
f 93 30 83
f 83 30 23
f 93 92 29
f 93 29 30
f 28 29 92
f 91 82 19
f 91 19 26
f 91 80 82
f 91 89 80
f 90 89 91
f 81 80 89
f 88 87 77
f 79 88 77
f 76 87 86
f 76 77 87
f 74 86 85
f 74 76 86
f 73 85 84
f 73 74 85
f 84 83 73
f 83 24 73
f 73 24 17
f 23 24 83
f 82 72 10
f 82 10 19
f 70 82 80
f 70 72 82
f 80 81 71
f 70 80 71
f 77 78 79
f 76 75 78
f 77 76 78
f 67 76 74
f 67 75 76
f 69 75 67
f 66 74 73
f 66 67 74
f 66 73 64
f 73 17 64
f 64 17 16
f 63 64 16
f 63 16 13
f 13 8 63
f 72 62 3
f 72 3 10
f 60 72 70
f 60 62 72
f 70 71 61
f 60 70 61
f 67 68 69
f 66 65 68
f 67 66 68
f 57 66 64
f 57 65 66
f 59 65 57
f 56 64 63
f 56 57 64
f 56 63 54
f 63 8 54
f 54 8 7
f 53 54 7
f 53 7 5
f 52 53 5
f 52 5 2
f 51 52 62
f 52 2 62
f 62 2 3
f 49 62 60
f 49 51 62
f 60 61 50
f 49 60 50
f 57 58 59
f 56 55 58
f 57 56 58
f 46 56 54
f 46 55 56
f 48 55 46
f 44 54 53
f 44 46 54
f 43 53 52
f 43 44 53
f 41 52 51
f 41 43 52
f 39 51 49
f 39 41 51
f 49 50 40
f 39 49 40
f 46 47 48
f 44 45 47
f 46 44 47
f 43 42 45
f 44 43 45
f 36 43 41
f 36 42 43
f 38 42 36
f 33 41 39
f 33 36 41
f 39 40 35
f 33 39 35
f 36 37 38
f 33 34 37
f 36 33 37
f 34 33 35
f 27 28 32
f 27 32 31
f 25 27 31
f 26 25 31
f 22 23 30
f 22 30 29
f 21 22 29
f 21 27 20
f 21 28 27
f 29 28 21
f 18 27 25
f 18 20 27
f 25 26 19
f 18 25 19
f 15 17 24
f 15 22 14
f 15 23 22
f 24 23 15
f 12 22 21
f 12 14 22
f 11 21 20
f 11 12 21
f 9 20 18
f 9 11 20
f 18 19 10
f 9 18 10
f 15 16 17
f 14 13 16
f 15 14 16
f 6 14 12
f 6 13 14
f 8 13 6
f 4 12 11
f 4 6 12
f 1 11 9
f 1 4 11
f 9 10 3
f 1 9 3
f 6 7 8
f 4 5 7
f 6 4 7
f 1 2 5
f 4 1 5
f 2 1 3

